solid CATIA STL
  facet normal -2.508831e-01 -9.680173e-01 -1.066332e-04
    outer loop
      vertex -1.129387e+02 -7.630325e+00  8.300000e+01
      vertex -1.135609e+02 -7.475365e+00  1.400000e+02
      vertex -1.137025e+02 -7.432381e+00  8.300000e+01
    endloop
  endfacet
  facet normal -3.251624e-01 -9.456581e-01  9.478525e-05
    outer loop
      vertex -1.137025e+02 -7.432381e+00  8.300000e+01
      vertex -1.135609e+02 -7.475365e+00  1.400000e+02
      vertex -1.142371e+02 -7.242849e+00  1.400000e+02
    endloop
  endfacet
  facet normal -3.475120e-01 -9.376755e-01 -1.413707e-04
    outer loop
      vertex -1.137025e+02 -7.432381e+00  8.300000e+01
      vertex -1.142371e+02 -7.242849e+00  1.400000e+02
      vertex -1.144423e+02 -7.158198e+00  8.300000e+01
    endloop
  endfacet
  facet normal -4.104949e-01 -9.118630e-01  1.237279e-04
    outer loop
      vertex -1.144423e+02 -7.158198e+00  8.300000e+01
      vertex -1.142371e+02 -7.242849e+00  1.400000e+02
      vertex -1.148891e+02 -6.949313e+00  1.400000e+02
    endloop
  endfacet
  facet normal -4.405741e-01 -8.977162e-01 -1.639098e-04
    outer loop
      vertex -1.144423e+02 -7.158198e+00  8.300000e+01
      vertex -1.148891e+02 -6.949313e+00  1.400000e+02
      vertex -1.151506e+02 -6.810589e+00  8.300000e+01
    endloop
  endfacet
  facet normal -4.923706e-01 -8.703856e-01  1.401972e-04
    outer loop
      vertex -1.151506e+02 -6.810589e+00  8.300000e+01
      vertex -1.148891e+02 -6.949313e+00  1.400000e+02
      vertex -1.155115e+02 -6.597231e+00  1.400000e+02
    endloop
  endfacet
  facet normal -5.291198e-01 -8.485470e-01 -1.742481e-04
    outer loop
      vertex -1.151506e+02 -6.810589e+00  8.300000e+01
      vertex -1.155115e+02 -6.597231e+00  1.400000e+02
      vertex -1.158201e+02 -6.393119e+00  8.300000e+01
    endloop
  endfacet
  facet normal -5.700957e-01 -8.215783e-01  1.441429e-04
    outer loop
      vertex -1.155115e+02 -6.597231e+00  1.400000e+02
      vertex -1.160990e+02 -6.189568e+00  1.400000e+02
      vertex -1.158201e+02 -6.393119e+00  8.300000e+01
    endloop
  endfacet
  facet normal -6.122372e-01 -7.906742e-01 -1.724379e-04
    outer loop
      vertex -1.164439e+02 -5.910071e+00  8.300000e+01
      vertex -1.158201e+02 -6.393119e+00  8.300000e+01
      vertex -1.160990e+02 -6.189568e+00  1.400000e+02
    endloop
  endfacet
  facet normal -6.430342e-01 -7.658374e-01  1.356981e-04
    outer loop
      vertex -1.160990e+02 -6.189568e+00  1.400000e+02
      vertex -1.166466e+02 -5.729751e+00  1.400000e+02
      vertex -1.164439e+02 -5.910071e+00  8.300000e+01
    endloop
  endfacet
  facet normal -6.890761e-01 -7.246891e-01 -1.582298e-04
    outer loop
      vertex -1.170157e+02 -5.366399e+00  8.300000e+01
      vertex -1.164439e+02 -5.910071e+00  8.300000e+01
      vertex -1.166466e+02 -5.729751e+00  1.400000e+02
    endloop
  endfacet
  facet normal -7.105595e-01 -7.036371e-01  1.150601e-04
    outer loop
      vertex -1.166466e+02 -5.729751e+00  1.400000e+02
      vertex -1.171498e+02 -5.221650e+00  1.400000e+02
      vertex -1.170157e+02 -5.366399e+00  8.300000e+01
    endloop
  endfacet
  facet normal -7.588381e-01 -6.512793e-01 -1.314904e-04
    outer loop
      vertex -1.175295e+02 -4.767681e+00  8.300000e+01
      vertex -1.170157e+02 -5.366399e+00  8.300000e+01
      vertex -1.171498e+02 -5.221650e+00  1.400000e+02
    endloop
  endfacet
  facet normal -7.720852e-01 -6.355190e-01  8.228475e-05
    outer loop
      vertex -1.171498e+02 -5.221650e+00  1.400000e+02
      vertex -1.176042e+02 -4.669549e+00  1.400000e+02
      vertex -1.175295e+02 -4.767681e+00  8.300000e+01
    endloop
  endfacet
  facet normal -8.208265e-01 -5.711775e-01 -9.236229e-05
    outer loop
      vertex -1.179802e+02 -4.120058e+00  8.300000e+01
      vertex -1.175295e+02 -4.767681e+00  8.300000e+01
      vertex -1.176042e+02 -4.669549e+00  1.400000e+02
    endloop
  endfacet
  facet normal -8.271102e-01 -5.620397e-01  3.717318e-05
    outer loop
      vertex -1.176042e+02 -4.669549e+00  1.400000e+02
      vertex -1.180061e+02 -4.078103e+00  1.400000e+02
      vertex -1.179802e+02 -4.120058e+00  8.300000e+01
    endloop
  endfacet
  facet normal -9.189871e-01 -3.942875e-01 -7.619214e-05
    outer loop
      vertex -1.183630e+02 -3.430172e+00  8.300000e+01
      vertex -1.186392e+02 -2.797399e+00  1.400000e+02
      vertex -1.186741e+02 -2.705101e+00  8.300000e+01
    endloop
  endfacet
  facet normal -9.487967e-01 -3.158874e-01  6.899550e-05
    outer loop
      vertex -1.186741e+02 -2.705101e+00  8.300000e+01
      vertex -1.186392e+02 -2.797399e+00  1.400000e+02
      vertex -1.188651e+02 -2.118937e+00  1.400000e+02
    endloop
  endfacet
  facet normal -9.541558e-01 -2.993102e-01 -1.194353e-04
    outer loop
      vertex -1.186741e+02 -2.705101e+00  8.300000e+01
      vertex -1.188651e+02 -2.118937e+00  1.400000e+02
      vertex -1.189103e+02 -1.952283e+00  8.300000e+01
    endloop
  endfacet
  facet normal -9.737625e-01 -2.275667e-01  1.058540e-04
    outer loop
      vertex -1.189103e+02 -1.952283e+00  8.300000e+01
      vertex -1.188651e+02 -2.118937e+00  1.400000e+02
      vertex -1.190279e+02 -1.422623e+00  1.400000e+02
    endloop
  endfacet
  facet normal -9.795381e-01 -2.012583e-01 -1.505251e-04
    outer loop
      vertex -1.189103e+02 -1.952283e+00  8.300000e+01
      vertex -1.190279e+02 -1.422623e+00  1.400000e+02
      vertex -1.190691e+02 -1.179438e+00  8.300000e+01
    endloop
  endfacet
  facet normal -9.905275e-01 -1.373147e-01  1.302291e-04
    outer loop
      vertex -1.190691e+02 -1.179438e+00  8.300000e+01
      vertex -1.190279e+02 -1.422623e+00  1.400000e+02
      vertex -1.191260e+02 -7.143222e-01  1.400000e+02
    endloop
  endfacet
  facet normal -9.948705e-01 -1.011560e-01 -1.691651e-04
    outer loop
      vertex -1.190691e+02 -1.179438e+00  8.300000e+01
      vertex -1.191260e+02 -7.143222e-01  1.400000e+02
      vertex -1.191489e+02 -3.944948e-01  8.300000e+01
    endloop
  endfacet
  facet normal -9.989461e-01 -4.589954e-02  1.425115e-04
    outer loop
      vertex -1.191489e+02 -3.944948e-01  8.300000e+01
      vertex -1.191260e+02 -7.143222e-01  1.400000e+02
      vertex -1.191589e+02 -6.857688e-13  1.400000e+02
    endloop
  endfacet
  facet normal -9.999999e-01  0.000000e+00 -1.753422e-04
    outer loop
      vertex -1.191489e+02 -3.944948e-01  8.300000e+01
      vertex -1.191589e+02 -6.857688e-13  1.400000e+02
      vertex -1.191489e+02  3.944948e-01  8.300000e+01
    endloop
  endfacet
  facet normal -9.989461e-01  4.589954e-02  1.425115e-04
    outer loop
      vertex -1.191589e+02 -6.857688e-13  1.400000e+02
      vertex -1.191260e+02  7.143222e-01  1.400000e+02
      vertex -1.191489e+02  3.944948e-01  8.300000e+01
    endloop
  endfacet
  facet normal -9.948705e-01  1.011560e-01 -1.691652e-04
    outer loop
      vertex -1.190691e+02  1.179438e+00  8.300000e+01
      vertex -1.191489e+02  3.944948e-01  8.300000e+01
      vertex -1.191260e+02  7.143222e-01  1.400000e+02
    endloop
  endfacet
  facet normal -9.905275e-01  1.373147e-01  1.302291e-04
    outer loop
      vertex -1.191260e+02  7.143222e-01  1.400000e+02
      vertex -1.190279e+02  1.422623e+00  1.400000e+02
      vertex -1.190691e+02  1.179438e+00  8.300000e+01
    endloop
  endfacet
  facet normal -9.795381e-01  2.012583e-01 -1.505251e-04
    outer loop
      vertex -1.189103e+02  1.952283e+00  8.300000e+01
      vertex -1.190691e+02  1.179438e+00  8.300000e+01
      vertex -1.190279e+02  1.422623e+00  1.400000e+02
    endloop
  endfacet
  facet normal -9.737625e-01  2.275667e-01  1.058540e-04
    outer loop
      vertex -1.190279e+02  1.422623e+00  1.400000e+02
      vertex -1.188651e+02  2.118937e+00  1.400000e+02
      vertex -1.189103e+02  1.952283e+00  8.300000e+01
    endloop
  endfacet
  facet normal -9.541558e-01  2.993102e-01 -1.194353e-04
    outer loop
      vertex -1.186741e+02  2.705101e+00  8.300000e+01
      vertex -1.189103e+02  1.952283e+00  8.300000e+01
      vertex -1.188651e+02  2.118937e+00  1.400000e+02
    endloop
  endfacet
  facet normal -9.487967e-01  3.158874e-01  6.899550e-05
    outer loop
      vertex -1.188651e+02  2.118937e+00  1.400000e+02
      vertex -1.186392e+02  2.797399e+00  1.400000e+02
      vertex -1.186741e+02  2.705101e+00  8.300000e+01
    endloop
  endfacet
  facet normal -9.189871e-01  3.942875e-01 -7.619214e-05
    outer loop
      vertex -1.183630e+02  3.430172e+00  8.300000e+01
      vertex -1.186741e+02  2.705101e+00  8.300000e+01
      vertex -1.186392e+02  2.797399e+00  1.400000e+02
    endloop
  endfacet
  facet normal -9.158408e-01  4.015415e-01  1.958361e-05
    outer loop
      vertex -1.186392e+02  2.797399e+00  1.400000e+02
      vertex -1.183521e+02  3.452294e+00  1.400000e+02
      vertex -1.183630e+02  3.430172e+00  8.300000e+01
    endloop
  endfacet
  facet normal -8.208265e-01  5.711775e-01 -9.236237e-05
    outer loop
      vertex -1.179802e+02  4.120058e+00  8.300000e+01
      vertex -1.176042e+02  4.669549e+00  1.400000e+02
      vertex -1.175295e+02  4.767681e+00  8.300000e+01
    endloop
  endfacet
  facet normal -7.720852e-01  6.355190e-01  8.228475e-05
    outer loop
      vertex -1.175295e+02  4.767681e+00  8.300000e+01
      vertex -1.176042e+02  4.669549e+00  1.400000e+02
      vertex -1.171498e+02  5.221650e+00  1.400000e+02
    endloop
  endfacet
  facet normal -7.588381e-01  6.512793e-01 -1.314905e-04
    outer loop
      vertex -1.175295e+02  4.767681e+00  8.300000e+01
      vertex -1.171498e+02  5.221650e+00  1.400000e+02
      vertex -1.170157e+02  5.366399e+00  8.300000e+01
    endloop
  endfacet
  facet normal -7.105595e-01  7.036371e-01  1.150601e-04
    outer loop
      vertex -1.170157e+02  5.366399e+00  8.300000e+01
      vertex -1.171498e+02  5.221650e+00  1.400000e+02
      vertex -1.166466e+02  5.729751e+00  1.400000e+02
    endloop
  endfacet
  facet normal -6.890761e-01  7.246890e-01 -1.582296e-04
    outer loop
      vertex -1.170157e+02  5.366399e+00  8.300000e+01
      vertex -1.166466e+02  5.729751e+00  1.400000e+02
      vertex -1.164439e+02  5.910071e+00  8.300000e+01
    endloop
  endfacet
  facet normal -6.430342e-01  7.658374e-01  1.356981e-04
    outer loop
      vertex -1.164439e+02  5.910071e+00  8.300000e+01
      vertex -1.166466e+02  5.729751e+00  1.400000e+02
      vertex -1.160990e+02  6.189568e+00  1.400000e+02
    endloop
  endfacet
  facet normal -6.122372e-01  7.906742e-01 -1.724379e-04
    outer loop
      vertex -1.164439e+02  5.910071e+00  8.300000e+01
      vertex -1.160990e+02  6.189568e+00  1.400000e+02
      vertex -1.158201e+02  6.393119e+00  8.300000e+01
    endloop
  endfacet
  facet normal -5.700957e-01  8.215783e-01  1.441429e-04
    outer loop
      vertex -1.158201e+02  6.393119e+00  8.300000e+01
      vertex -1.160990e+02  6.189568e+00  1.400000e+02
      vertex -1.155115e+02  6.597231e+00  1.400000e+02
    endloop
  endfacet
  facet normal -5.291198e-01  8.485470e-01 -1.742481e-04
    outer loop
      vertex -1.158201e+02  6.393119e+00  8.300000e+01
      vertex -1.155115e+02  6.597231e+00  1.400000e+02
      vertex -1.151506e+02  6.810589e+00  8.300000e+01
    endloop
  endfacet
  facet normal -4.923706e-01  8.703856e-01  1.401972e-04
    outer loop
      vertex -1.155115e+02  6.597231e+00  1.400000e+02
      vertex -1.148891e+02  6.949313e+00  1.400000e+02
      vertex -1.151506e+02  6.810589e+00  8.300000e+01
    endloop
  endfacet
  facet normal -4.405741e-01  8.977162e-01 -1.639098e-04
    outer loop
      vertex -1.144423e+02  7.158198e+00  8.300000e+01
      vertex -1.151506e+02  6.810589e+00  8.300000e+01
      vertex -1.148891e+02  6.949313e+00  1.400000e+02
    endloop
  endfacet
  facet normal -4.104949e-01  9.118630e-01  1.237279e-04
    outer loop
      vertex -1.148891e+02  6.949313e+00  1.400000e+02
      vertex -1.142371e+02  7.242849e+00  1.400000e+02
      vertex -1.144423e+02  7.158198e+00  8.300000e+01
    endloop
  endfacet
  facet normal -3.475120e-01  9.376755e-01 -1.413707e-04
    outer loop
      vertex -1.137025e+02  7.432381e+00  8.300000e+01
      vertex -1.144423e+02  7.158198e+00  8.300000e+01
      vertex -1.142371e+02  7.242849e+00  1.400000e+02
    endloop
  endfacet
  facet normal -3.251624e-01  9.456581e-01  9.478525e-05
    outer loop
      vertex -1.142371e+02  7.242849e+00  1.400000e+02
      vertex -1.135609e+02  7.475365e+00  1.400000e+02
      vertex -1.137025e+02  7.432381e+00  8.300000e+01
    endloop
  endfacet
  facet normal -2.508831e-01  9.680173e-01 -1.066332e-04
    outer loop
      vertex -1.129387e+02  7.630325e+00  8.300000e+01
      vertex -1.137025e+02  7.432381e+00  8.300000e+01
      vertex -1.135609e+02  7.475365e+00  1.400000e+02
    endloop
  endfacet
  facet normal -1.516814e-01 -9.884294e-01  -0.000000e+00
    outer loop
      vertex -1.121589e+02 -7.750000e+00  8.300000e+01
      vertex -1.121589e+02 -7.750000e+00  1.400000e+02
      vertex -1.129387e+02 -7.630325e+00  8.300000e+01
    endloop
  endfacet
  facet normal -1.469889e-01 -9.891382e-01 -6.568926e-05
    outer loop
      vertex -1.129387e+02 -7.630325e+00  8.300000e+01
      vertex -1.121589e+02 -7.750000e+00  1.400000e+02
      vertex -1.128662e+02 -7.644892e+00  1.400000e+02
    endloop
  endfacet
  facet normal -2.370772e-01 -9.714909e-01  5.349466e-05
    outer loop
      vertex -1.129387e+02 -7.630325e+00  8.300000e+01
      vertex -1.128662e+02 -7.644892e+00  1.400000e+02
      vertex -1.135609e+02 -7.475365e+00  1.400000e+02
    endloop
  endfacet
  facet normal -8.743907e-01 -4.852224e-01 -4.089145e-05
    outer loop
      vertex -1.179802e+02 -4.120058e+00  8.300000e+01
      vertex -1.180061e+02 -4.078103e+00  1.400000e+02
      vertex -1.183630e+02 -3.430172e+00  8.300000e+01
    endloop
  endfacet
  facet normal -8.751656e-01 -4.838236e-01 -2.014020e-05
    outer loop
      vertex -1.183630e+02 -3.430172e+00  8.300000e+01
      vertex -1.180061e+02 -4.078103e+00  1.400000e+02
      vertex -1.183521e+02 -3.452294e+00  1.400000e+02
    endloop
  endfacet
  facet normal -9.158408e-01 -4.015415e-01  1.958361e-05
    outer loop
      vertex -1.183630e+02 -3.430172e+00  8.300000e+01
      vertex -1.183521e+02 -3.452294e+00  1.400000e+02
      vertex -1.186392e+02 -2.797399e+00  1.400000e+02
    endloop
  endfacet
  facet normal -8.743907e-01  4.852224e-01 -2.083146e-05
    outer loop
      vertex -1.183630e+02  3.430172e+00  8.300000e+01
      vertex -1.183521e+02  3.452294e+00  1.400000e+02
      vertex -1.179802e+02  4.120058e+00  8.300000e+01
    endloop
  endfacet
  facet normal -8.751656e-01  4.838236e-01 -4.227373e-05
    outer loop
      vertex -1.179802e+02  4.120058e+00  8.300000e+01
      vertex -1.183521e+02  3.452294e+00  1.400000e+02
      vertex -1.180061e+02  4.078103e+00  1.400000e+02
    endloop
  endfacet
  facet normal -8.271102e-01  5.620397e-01  3.717318e-05
    outer loop
      vertex -1.179802e+02  4.120058e+00  8.300000e+01
      vertex -1.180061e+02  4.078103e+00  1.400000e+02
      vertex -1.176042e+02  4.669549e+00  1.400000e+02
    endloop
  endfacet
  facet normal -1.469889e-01  9.891382e-01  0.000000e+00
    outer loop
      vertex -1.121589e+02  7.750000e+00  1.400000e+02
      vertex -1.121589e+02  7.750000e+00  8.300000e+01
      vertex -1.128662e+02  7.644892e+00  1.400000e+02
    endloop
  endfacet
  facet normal -1.516814e-01  9.884294e-01 -5.953506e-05
    outer loop
      vertex -1.128662e+02  7.644892e+00  1.400000e+02
      vertex -1.121589e+02  7.750000e+00  8.300000e+01
      vertex -1.129387e+02  7.630325e+00  8.300000e+01
    endloop
  endfacet
  facet normal -2.370773e-01  9.714909e-01  5.349464e-05
    outer loop
      vertex -1.128662e+02  7.644892e+00  1.400000e+02
      vertex -1.129387e+02  7.630325e+00  8.300000e+01
      vertex -1.135609e+02  7.475365e+00  1.400000e+02
    endloop
  endfacet
  facet normal  -0.000000e+00  -0.000000e+00  1.000000e+00
    outer loop
      vertex -1.075380e+02 -3.530438e+00  1.400000e+02
      vertex -1.075097e+02 -3.607808e+00  1.400000e+02
      vertex -1.064185e+02 -3.614685e+00  1.400000e+02
    endloop
  endfacet
  facet normal  0.000000e+00  0.000000e+00  1.000000e+00
    outer loop
      vertex -1.112798e+02 -3.530438e+00  1.400000e+02
      vertex -1.123992e+02 -3.614685e+00  1.400000e+02
      vertex -1.113069e+02 -3.603874e+00  1.400000e+02
    endloop
  endfacet
  facet normal  0.000000e+00  0.000000e+00  9.999999e-01
    outer loop
      vertex -1.112798e+02 -3.530438e+00  1.400000e+02
      vertex -1.112162e+02 -3.361780e+00  1.400000e+02
      vertex -1.123992e+02 -3.614685e+00  1.400000e+02
    endloop
  endfacet
  facet normal  -0.000000e+00  0.000000e+00  1.000000e+00
    outer loop
      vertex -1.136170e+02  1.594337e+00  1.400000e+02
      vertex -1.139528e+02  1.166671e+00  1.400000e+02
      vertex -1.137647e+02  1.129705e+00  1.400000e+02
    endloop
  endfacet
  facet normal  -0.000000e+00  0.000000e+00  1.000000e+00
    outer loop
      vertex -1.135835e+02 -1.665127e+00  1.400000e+02
      vertex -1.137707e+02 -1.726971e+00  1.400000e+02
      vertex -1.135368e+02 -1.733001e+00  1.400000e+02
    endloop
  endfacet
  facet normal  0.000000e+00  0.000000e+00  1.000000e+00
    outer loop
      vertex -1.056373e+02  1.916099e+00  1.400000e+02
      vertex -1.073122e+02  2.146776e+00  1.400000e+02
      vertex -1.071721e+02  2.019472e+00  1.400000e+02
    endloop
  endfacet
  facet normal  0.000000e+00  0.000000e+00  1.000000e+00
    outer loop
      vertex -1.056373e+02  1.916099e+00  1.400000e+02
      vertex -1.071721e+02  2.019472e+00  1.400000e+02
      vertex -1.070144e+02  1.914722e+00  1.400000e+02
    endloop
  endfacet
  facet normal  -0.000000e+00  0.000000e+00  1.000000e+00
    outer loop
      vertex -1.056373e+02  1.916099e+00  1.400000e+02
      vertex -1.070144e+02  1.914722e+00  1.400000e+02
      vertex -1.057196e+02  1.914355e+00  1.400000e+02
    endloop
  endfacet
  facet normal  -0.000000e+00  0.000000e+00  1.000000e+00
    outer loop
      vertex -1.052979e+02  2.260036e+00  1.400000e+02
      vertex -1.055560e+02  1.904313e+00  1.400000e+02
      vertex -1.054774e+02  1.879221e+00  1.400000e+02
    endloop
  endfacet
  facet normal  0.000000e+00  -0.000000e+00  1.000000e+00
    outer loop
      vertex -1.052008e+02  1.594337e+00  1.400000e+02
      vertex -1.050328e+02  1.048983e+00  1.400000e+02
      vertex -1.048650e+02  1.166671e+00  1.400000e+02
    endloop
  endfacet
  facet normal  0.000000e+00  0.000000e+00  9.999999e-01
    outer loop
      vertex -1.052363e+02 -1.668631e+00  1.400000e+02
      vertex -1.052838e+02 -1.736495e+00  1.400000e+02
      vertex -1.050470e+02 -1.726971e+00  1.400000e+02
    endloop
  endfacet
  facet normal  0.000000e+00  0.000000e+00  1.000000e+00
    outer loop
      vertex -1.066174e+02 -1.773536e+00  1.400000e+02
      vertex -1.062405e+02 -1.765758e+00  1.400000e+02
      vertex -1.064292e+02 -1.755317e+00  1.400000e+02
    endloop
  endfacet
  facet normal  0.000000e+00  0.000000e+00  1.000000e+00
    outer loop
      vertex -1.083599e+02 -4.376018e+00  1.400000e+02
      vertex -1.089221e+02 -4.473583e+00  1.400000e+02
      vertex -1.079592e+02 -4.461662e+00  1.400000e+02
    endloop
  endfacet
  facet normal  0.000000e+00  0.000000e+00  1.000000e+00
    outer loop
      vertex -1.132042e+02 -2.757459e+00  1.400000e+02
      vertex -1.111783e+02 -2.816682e+00  1.400000e+02
      vertex -1.112208e+02 -2.632462e+00  1.400000e+02
    endloop
  endfacet
  facet normal  0.000000e+00  0.000000e+00  1.000000e+00
    outer loop
      vertex -1.132042e+02 -2.757459e+00  1.400000e+02
      vertex -1.112208e+02 -2.632462e+00  1.400000e+02
      vertex -1.112906e+02 -2.456807e+00  1.400000e+02
    endloop
  endfacet
  facet normal  0.000000e+00  0.000000e+00  1.000000e+00
    outer loop
      vertex -1.132042e+02 -2.757459e+00  1.400000e+02
      vertex -1.112906e+02 -2.456807e+00  1.400000e+02
      vertex -1.113862e+02 -2.293745e+00  1.400000e+02
    endloop
  endfacet
  facet normal  0.000000e+00  0.000000e+00  1.000000e+00
    outer loop
      vertex -1.132042e+02 -2.757459e+00  1.400000e+02
      vertex -1.113862e+02 -2.293745e+00  1.400000e+02
      vertex -1.135199e+02 -2.260036e+00  1.400000e+02
    endloop
  endfacet
  facet normal  0.000000e+00  -0.000000e+00  1.000000e+00
    outer loop
      vertex -1.128287e+02 -3.211395e+00  1.400000e+02
      vertex -1.123992e+02 -3.614685e+00  1.400000e+02
      vertex -1.112162e+02 -3.361780e+00  1.400000e+02
    endloop
  endfacet
  facet normal  0.000000e+00  -0.000000e+00  1.000000e+00
    outer loop
      vertex -1.128287e+02 -3.211395e+00  1.400000e+02
      vertex -1.112162e+02 -3.361780e+00  1.400000e+02
      vertex -1.111772e+02 -3.184979e+00  1.400000e+02
    endloop
  endfacet
  facet normal  0.000000e+00  -0.000000e+00  1.000000e+00
    outer loop
      vertex -1.128287e+02 -3.211395e+00  1.400000e+02
      vertex -1.111772e+02 -3.184979e+00  1.400000e+02
      vertex -1.111641e+02 -3.005204e+00  1.400000e+02
    endloop
  endfacet
  facet normal  0.000000e+00  0.000000e+00  1.000000e+00
    outer loop
      vertex -1.128287e+02 -3.211395e+00  1.400000e+02
      vertex -1.111641e+02 -3.005204e+00  1.400000e+02
      vertex -1.111783e+02 -2.816682e+00  1.400000e+02
    endloop
  endfacet
  facet normal  0.000000e+00  0.000000e+00  1.000000e+00
    outer loop
      vertex -1.128287e+02 -3.211395e+00  1.400000e+02
      vertex -1.111783e+02 -2.816682e+00  1.400000e+02
      vertex -1.132042e+02 -2.757459e+00  1.400000e+02
    endloop
  endfacet
  facet normal  0.000000e+00  -0.000000e+00  1.000000e+00
    outer loop
      vertex -1.119226e+02 -3.960970e+00  1.400000e+02
      vertex -1.114063e+02 -4.244787e+00  1.400000e+02
      vertex -1.112527e+02 -4.001135e+00  1.400000e+02
    endloop
  endfacet
  facet normal  0.000000e+00  0.000000e+00  1.000000e+00
    outer loop
      vertex -1.119226e+02 -3.960970e+00  1.400000e+02
      vertex -1.112527e+02 -4.001135e+00  1.400000e+02
      vertex -1.112898e+02 -3.927390e+00  1.400000e+02
    endloop
  endfacet
  facet normal  0.000000e+00  0.000000e+00  1.000000e+00
    outer loop
      vertex -1.119226e+02 -3.960970e+00  1.400000e+02
      vertex -1.112898e+02 -3.927390e+00  1.400000e+02
      vertex -1.113141e+02 -3.848989e+00  1.400000e+02
    endloop
  endfacet
  facet normal  0.000000e+00  0.000000e+00  1.000000e+00
    outer loop
      vertex -1.119226e+02 -3.960970e+00  1.400000e+02
      vertex -1.113141e+02 -3.848989e+00  1.400000e+02
      vertex -1.113252e+02 -3.767503e+00  1.400000e+02
    endloop
  endfacet
  facet normal  0.000000e+00  -0.000000e+00  1.000000e+00
    outer loop
      vertex -1.119226e+02 -3.960970e+00  1.400000e+02
      vertex -1.113252e+02 -3.767503e+00  1.400000e+02
      vertex -1.113227e+02 -3.684744e+00  1.400000e+02
    endloop
  endfacet
  facet normal  0.000000e+00  -0.000000e+00  1.000000e+00
    outer loop
      vertex -1.119226e+02 -3.960970e+00  1.400000e+02
      vertex -1.113227e+02 -3.684744e+00  1.400000e+02
      vertex -1.113069e+02 -3.603874e+00  1.400000e+02
    endloop
  endfacet
  facet normal  0.000000e+00  0.000000e+00  1.000000e+00
    outer loop
      vertex -1.119226e+02 -3.960970e+00  1.400000e+02
      vertex -1.113069e+02 -3.603874e+00  1.400000e+02
      vertex -1.123992e+02 -3.614685e+00  1.400000e+02
    endloop
  endfacet
  facet normal  0.000000e+00  -0.000000e+00  1.000000e+00
    outer loop
      vertex -1.114063e+02 -4.244787e+00  1.400000e+02
      vertex -1.108586e+02 -4.461662e+00  1.400000e+02
      vertex -1.105386e+02 -4.355859e+00  1.400000e+02
    endloop
  endfacet
  facet normal  0.000000e+00  0.000000e+00  1.000000e+00
    outer loop
      vertex -1.114063e+02 -4.244787e+00  1.400000e+02
      vertex -1.105386e+02 -4.355859e+00  1.400000e+02
      vertex -1.110032e+02 -4.208098e+00  1.400000e+02
    endloop
  endfacet
  facet normal  0.000000e+00  0.000000e+00  1.000000e+00
    outer loop
      vertex -1.114063e+02 -4.244787e+00  1.400000e+02
      vertex -1.110032e+02 -4.208098e+00  1.400000e+02
      vertex -1.110775e+02 -4.172565e+00  1.400000e+02
    endloop
  endfacet
  facet normal  0.000000e+00  0.000000e+00  1.000000e+00
    outer loop
      vertex -1.114063e+02 -4.244787e+00  1.400000e+02
      vertex -1.110775e+02 -4.172565e+00  1.400000e+02
      vertex -1.111454e+02 -4.125042e+00  1.400000e+02
    endloop
  endfacet
  facet normal  0.000000e+00  0.000000e+00  1.000000e+00
    outer loop
      vertex -1.114063e+02 -4.244787e+00  1.400000e+02
      vertex -1.111454e+02 -4.125042e+00  1.400000e+02
      vertex -1.112042e+02 -4.067467e+00  1.400000e+02
    endloop
  endfacet
  facet normal  0.000000e+00  0.000000e+00  9.999999e-01
    outer loop
      vertex -1.114063e+02 -4.244787e+00  1.400000e+02
      vertex -1.112042e+02 -4.067467e+00  1.400000e+02
      vertex -1.112527e+02 -4.001135e+00  1.400000e+02
    endloop
  endfacet
  facet normal  0.000000e+00  0.000000e+00  1.000000e+00
    outer loop
      vertex -1.137707e+02  1.726971e+00  1.400000e+02
      vertex -1.139528e+02  1.166671e+00  1.400000e+02
      vertex -1.136170e+02  1.594337e+00  1.400000e+02
    endloop
  endfacet
  facet normal  0.000000e+00  -0.000000e+00  1.000000e+00
    outer loop
      vertex -1.137707e+02  1.726971e+00  1.400000e+02
      vertex -1.136170e+02  1.594337e+00  1.400000e+02
      vertex -1.135814e+02  1.668631e+00  1.400000e+02
    endloop
  endfacet
  facet normal  0.000000e+00  -0.000000e+00  1.000000e+00
    outer loop
      vertex -1.137707e+02  1.726971e+00  1.400000e+02
      vertex -1.135814e+02  1.668631e+00  1.400000e+02
      vertex -1.135339e+02  1.736495e+00  1.400000e+02
    endloop
  endfacet
  facet normal  0.000000e+00  -0.000000e+00  1.000000e+00
    outer loop
      vertex -1.137707e+02  1.726971e+00  1.400000e+02
      vertex -1.135339e+02  1.736495e+00  1.400000e+02
      vertex -1.134763e+02  1.795324e+00  1.400000e+02
    endloop
  endfacet
  facet normal  0.000000e+00  -0.000000e+00  1.000000e+00
    outer loop
      vertex -1.137707e+02  1.726971e+00  1.400000e+02
      vertex -1.134763e+02  1.795324e+00  1.400000e+02
      vertex -1.134100e+02  1.843792e+00  1.400000e+02
    endloop
  endfacet
  facet normal  0.000000e+00  -0.000000e+00  1.000000e+00
    outer loop
      vertex -1.137707e+02  1.726971e+00  1.400000e+02
      vertex -1.134100e+02  1.843792e+00  1.400000e+02
      vertex -1.133363e+02  1.880895e+00  1.400000e+02
    endloop
  endfacet
  facet normal  0.000000e+00  0.000000e+00  1.000000e+00
    outer loop
      vertex -1.135199e+02  2.260036e+00  1.400000e+02
      vertex -1.137707e+02  1.726971e+00  1.400000e+02
      vertex -1.133363e+02  1.880895e+00  1.400000e+02
    endloop
  endfacet
  facet normal  0.000000e+00  -0.000000e+00  9.999999e-01
    outer loop
      vertex -1.135199e+02  2.260036e+00  1.400000e+02
      vertex -1.133363e+02  1.880895e+00  1.400000e+02
      vertex -1.132579e+02  1.905225e+00  1.400000e+02
    endloop
  endfacet
  facet normal  0.000000e+00  -0.000000e+00  1.000000e+00
    outer loop
      vertex -1.135199e+02  2.260036e+00  1.400000e+02
      vertex -1.132579e+02  1.905225e+00  1.400000e+02
      vertex -1.131764e+02  1.916290e+00  1.400000e+02
    endloop
  endfacet
  facet normal  0.000000e+00  0.000000e+00  1.000000e+00
    outer loop
      vertex -1.135199e+02 -2.260036e+00  1.400000e+02
      vertex -1.131804e+02 -1.916099e+00  1.400000e+02
      vertex -1.132617e+02 -1.904313e+00  1.400000e+02
    endloop
  endfacet
  facet normal  0.000000e+00  0.000000e+00  1.000000e+00
    outer loop
      vertex -1.135199e+02 -2.260036e+00  1.400000e+02
      vertex -1.132617e+02 -1.904313e+00  1.400000e+02
      vertex -1.133404e+02 -1.879221e+00  1.400000e+02
    endloop
  endfacet
  facet normal  0.000000e+00  0.000000e+00  1.000000e+00
    outer loop
      vertex -1.135199e+02 -2.260036e+00  1.400000e+02
      vertex -1.133404e+02 -1.879221e+00  1.400000e+02
      vertex -1.134134e+02 -1.841746e+00  1.400000e+02
    endloop
  endfacet
  facet normal  0.000000e+00  0.000000e+00  1.000000e+00
    outer loop
      vertex -1.135199e+02 -2.260036e+00  1.400000e+02
      vertex -1.134134e+02 -1.841746e+00  1.400000e+02
      vertex -1.134793e+02 -1.792635e+00  1.400000e+02
    endloop
  endfacet
  facet normal  0.000000e+00  0.000000e+00  1.000000e+00
    outer loop
      vertex -1.135199e+02 -2.260036e+00  1.400000e+02
      vertex -1.134793e+02 -1.792635e+00  1.400000e+02
      vertex -1.135368e+02 -1.733001e+00  1.400000e+02
    endloop
  endfacet
  facet normal  0.000000e+00  0.000000e+00  1.000000e+00
    outer loop
      vertex -1.135199e+02 -2.260036e+00  1.400000e+02
      vertex -1.135368e+02 -1.733001e+00  1.400000e+02
      vertex -1.137707e+02 -1.726971e+00  1.400000e+02
    endloop
  endfacet
  facet normal  0.000000e+00  -0.000000e+00  1.000000e+00
    outer loop
      vertex -1.119226e+02  3.960970e+00  1.400000e+02
      vertex -1.112881e+02  3.931491e+00  1.400000e+02
      vertex -1.112506e+02  4.004528e+00  1.400000e+02
    endloop
  endfacet
  facet normal  0.000000e+00  -0.000000e+00  1.000000e+00
    outer loop
      vertex -1.119226e+02  3.960970e+00  1.400000e+02
      vertex -1.112506e+02  4.004528e+00  1.400000e+02
      vertex -1.112015e+02  4.070486e+00  1.400000e+02
    endloop
  endfacet
  facet normal  0.000000e+00  -0.000000e+00  1.000000e+00
    outer loop
      vertex -1.119226e+02  3.960970e+00  1.400000e+02
      vertex -1.112015e+02  4.070486e+00  1.400000e+02
      vertex -1.111419e+02  4.127919e+00  1.400000e+02
    endloop
  endfacet
  facet normal  0.000000e+00  -0.000000e+00  1.000000e+00
    outer loop
      vertex -1.119226e+02  3.960970e+00  1.400000e+02
      vertex -1.111419e+02  4.127919e+00  1.400000e+02
      vertex -1.110740e+02  4.174639e+00  1.400000e+02
    endloop
  endfacet
  facet normal  0.000000e+00  -0.000000e+00  1.000000e+00
    outer loop
      vertex -1.119226e+02  3.960970e+00  1.400000e+02
      vertex -1.110740e+02  4.174639e+00  1.400000e+02
      vertex -1.110032e+02  4.208098e+00  1.400000e+02
    endloop
  endfacet
  facet normal  0.000000e+00  0.000000e+00  1.000000e+00
    outer loop
      vertex -1.119226e+02  3.960970e+00  1.400000e+02
      vertex -1.110032e+02  4.208098e+00  1.400000e+02
      vertex -1.114063e+02  4.244787e+00  1.400000e+02
    endloop
  endfacet
  facet normal  0.000000e+00  0.000000e+00  1.000000e+00
    outer loop
      vertex -1.123992e+02  3.614685e+00  1.400000e+02
      vertex -1.113080e+02  3.607808e+00  1.400000e+02
      vertex -1.113232e+02  3.689245e+00  1.400000e+02
    endloop
  endfacet
  facet normal  0.000000e+00  0.000000e+00  1.000000e+00
    outer loop
      vertex -1.123992e+02  3.614685e+00  1.400000e+02
      vertex -1.113232e+02  3.689245e+00  1.400000e+02
      vertex -1.113250e+02  3.771541e+00  1.400000e+02
    endloop
  endfacet
  facet normal  0.000000e+00  -0.000000e+00  1.000000e+00
    outer loop
      vertex -1.123992e+02  3.614685e+00  1.400000e+02
      vertex -1.113250e+02  3.771541e+00  1.400000e+02
      vertex -1.113132e+02  3.852844e+00  1.400000e+02
    endloop
  endfacet
  facet normal  0.000000e+00  -0.000000e+00  1.000000e+00
    outer loop
      vertex -1.123992e+02  3.614685e+00  1.400000e+02
      vertex -1.113132e+02  3.852844e+00  1.400000e+02
      vertex -1.112881e+02  3.931491e+00  1.400000e+02
    endloop
  endfacet
  facet normal  0.000000e+00  0.000000e+00  1.000000e+00
    outer loop
      vertex -1.123992e+02  3.614685e+00  1.400000e+02
      vertex -1.112881e+02  3.931491e+00  1.400000e+02
      vertex -1.119226e+02  3.960970e+00  1.400000e+02
    endloop
  endfacet
  facet normal  0.000000e+00  0.000000e+00  1.000000e+00
    outer loop
      vertex -1.128287e+02  3.211395e+00  1.400000e+02
      vertex -1.111772e+02  3.184979e+00  1.400000e+02
      vertex -1.112162e+02  3.361780e+00  1.400000e+02
    endloop
  endfacet
  facet normal  0.000000e+00  0.000000e+00  1.000000e+00
    outer loop
      vertex -1.128287e+02  3.211395e+00  1.400000e+02
      vertex -1.112162e+02  3.361780e+00  1.400000e+02
      vertex -1.112798e+02  3.530438e+00  1.400000e+02
    endloop
  endfacet
  facet normal  0.000000e+00  0.000000e+00  1.000000e+00
    outer loop
      vertex -1.128287e+02  3.211395e+00  1.400000e+02
      vertex -1.112798e+02  3.530438e+00  1.400000e+02
      vertex -1.113080e+02  3.607808e+00  1.400000e+02
    endloop
  endfacet
  facet normal  0.000000e+00  0.000000e+00  1.000000e+00
    outer loop
      vertex -1.128287e+02  3.211395e+00  1.400000e+02
      vertex -1.113080e+02  3.607808e+00  1.400000e+02
      vertex -1.123992e+02  3.614685e+00  1.400000e+02
    endloop
  endfacet
  facet normal  0.000000e+00  -0.000000e+00  1.000000e+00
    outer loop
      vertex -1.132042e+02  2.757459e+00  1.400000e+02
      vertex -1.111856e+02  2.773795e+00  1.400000e+02
      vertex -1.111641e+02  3.005204e+00  1.400000e+02
    endloop
  endfacet
  facet normal  0.000000e+00  0.000000e+00  1.000000e+00
    outer loop
      vertex -1.132042e+02  2.757459e+00  1.400000e+02
      vertex -1.111641e+02  3.005204e+00  1.400000e+02
      vertex -1.111772e+02  3.184979e+00  1.400000e+02
    endloop
  endfacet
  facet normal  0.000000e+00  0.000000e+00  1.000000e+00
    outer loop
      vertex -1.132042e+02  2.757459e+00  1.400000e+02
      vertex -1.111772e+02  3.184979e+00  1.400000e+02
      vertex -1.128287e+02  3.211395e+00  1.400000e+02
    endloop
  endfacet
  facet normal  0.000000e+00  -0.000000e+00  1.000000e+00
    outer loop
      vertex -1.131764e+02  1.916290e+00  1.400000e+02
      vertex -1.130936e+02  1.913872e+00  1.400000e+02
      vertex -1.116811e+02  1.992807e+00  1.400000e+02
    endloop
  endfacet
  facet normal  0.000000e+00  -0.000000e+00  1.000000e+00
    outer loop
      vertex -1.131764e+02  1.916290e+00  1.400000e+02
      vertex -1.116811e+02  1.992807e+00  1.400000e+02
      vertex -1.115366e+02  2.115056e+00  1.400000e+02
    endloop
  endfacet
  facet normal  0.000000e+00  -0.000000e+00  1.000000e+00
    outer loop
      vertex -1.131764e+02  1.916290e+00  1.400000e+02
      vertex -1.115366e+02  2.115056e+00  1.400000e+02
      vertex -1.114121e+02  2.257708e+00  1.400000e+02
    endloop
  endfacet
  facet normal  0.000000e+00  0.000000e+00  1.000000e+00
    outer loop
      vertex -1.131764e+02  1.916290e+00  1.400000e+02
      vertex -1.114121e+02  2.257708e+00  1.400000e+02
      vertex -1.135199e+02  2.260036e+00  1.400000e+02
    endloop
  endfacet
  facet normal  0.000000e+00  0.000000e+00  1.000000e+00
    outer loop
      vertex -1.068952e+02  3.960970e+00  1.400000e+02
      vertex -1.074114e+02  4.244787e+00  1.400000e+02
      vertex -1.082792e+02  4.355859e+00  1.400000e+02
    endloop
  endfacet
  facet normal  0.000000e+00  0.000000e+00  1.000000e+00
    outer loop
      vertex -1.068952e+02  3.960970e+00  1.400000e+02
      vertex -1.082792e+02  4.355859e+00  1.400000e+02
      vertex -1.078145e+02  4.208098e+00  1.400000e+02
    endloop
  endfacet
  facet normal  0.000000e+00  0.000000e+00  1.000000e+00
    outer loop
      vertex -1.068952e+02  3.960970e+00  1.400000e+02
      vertex -1.078145e+02  4.208098e+00  1.400000e+02
      vertex -1.077402e+02  4.172565e+00  1.400000e+02
    endloop
  endfacet
  facet normal  0.000000e+00  0.000000e+00  1.000000e+00
    outer loop
      vertex -1.068952e+02  3.960970e+00  1.400000e+02
      vertex -1.077402e+02  4.172565e+00  1.400000e+02
      vertex -1.076724e+02  4.125042e+00  1.400000e+02
    endloop
  endfacet
  facet normal  0.000000e+00  0.000000e+00  1.000000e+00
    outer loop
      vertex -1.068952e+02  3.960970e+00  1.400000e+02
      vertex -1.076724e+02  4.125042e+00  1.400000e+02
      vertex -1.076135e+02  4.067467e+00  1.400000e+02
    endloop
  endfacet
  facet normal  0.000000e+00  0.000000e+00  1.000000e+00
    outer loop
      vertex -1.068952e+02  3.960970e+00  1.400000e+02
      vertex -1.076135e+02  4.067467e+00  1.400000e+02
      vertex -1.075651e+02  4.001135e+00  1.400000e+02
    endloop
  endfacet
  facet normal  0.000000e+00  0.000000e+00  1.000000e+00
    outer loop
      vertex -1.068952e+02  3.960970e+00  1.400000e+02
      vertex -1.075651e+02  4.001135e+00  1.400000e+02
      vertex -1.075280e+02  3.927390e+00  1.400000e+02
    endloop
  endfacet
  facet normal  -0.000000e+00  0.000000e+00  1.000000e+00
    outer loop
      vertex -1.068952e+02  3.960970e+00  1.400000e+02
      vertex -1.075280e+02  3.927390e+00  1.400000e+02
      vertex -1.064185e+02  3.614685e+00  1.400000e+02
    endloop
  endfacet
  facet normal  0.000000e+00  0.000000e+00  1.000000e+00
    outer loop
      vertex -1.064185e+02  3.614685e+00  1.400000e+02
      vertex -1.075280e+02  3.927390e+00  1.400000e+02
      vertex -1.075036e+02  3.848989e+00  1.400000e+02
    endloop
  endfacet
  facet normal  0.000000e+00  0.000000e+00  1.000000e+00
    outer loop
      vertex -1.064185e+02  3.614685e+00  1.400000e+02
      vertex -1.075036e+02  3.848989e+00  1.400000e+02
      vertex -1.074926e+02  3.767503e+00  1.400000e+02
    endloop
  endfacet
  facet normal  0.000000e+00  0.000000e+00  9.999999e-01
    outer loop
      vertex -1.064185e+02  3.614685e+00  1.400000e+02
      vertex -1.074926e+02  3.767503e+00  1.400000e+02
      vertex -1.074950e+02  3.684744e+00  1.400000e+02
    endloop
  endfacet
  facet normal  0.000000e+00  0.000000e+00  1.000000e+00
    outer loop
      vertex -1.064185e+02  3.614685e+00  1.400000e+02
      vertex -1.074950e+02  3.684744e+00  1.400000e+02
      vertex -1.075108e+02  3.603874e+00  1.400000e+02
    endloop
  endfacet
  facet normal  -0.000000e+00  0.000000e+00  1.000000e+00
    outer loop
      vertex -1.064185e+02  3.614685e+00  1.400000e+02
      vertex -1.075108e+02  3.603874e+00  1.400000e+02
      vertex -1.075380e+02  3.530438e+00  1.400000e+02
    endloop
  endfacet
  facet normal  -0.000000e+00  0.000000e+00  1.000000e+00
    outer loop
      vertex -1.064185e+02  3.614685e+00  1.400000e+02
      vertex -1.075380e+02  3.530438e+00  1.400000e+02
      vertex -1.059891e+02  3.211395e+00  1.400000e+02
    endloop
  endfacet
  facet normal  0.000000e+00  0.000000e+00  1.000000e+00
    outer loop
      vertex -1.050470e+02  1.726971e+00  1.400000e+02
      vertex -1.052979e+02  2.260036e+00  1.400000e+02
      vertex -1.054774e+02  1.879221e+00  1.400000e+02
    endloop
  endfacet
  facet normal  0.000000e+00  0.000000e+00  1.000000e+00
    outer loop
      vertex -1.050470e+02  1.726971e+00  1.400000e+02
      vertex -1.054774e+02  1.879221e+00  1.400000e+02
      vertex -1.054043e+02  1.841746e+00  1.400000e+02
    endloop
  endfacet
  facet normal  0.000000e+00  0.000000e+00  1.000000e+00
    outer loop
      vertex -1.050470e+02  1.726971e+00  1.400000e+02
      vertex -1.054043e+02  1.841746e+00  1.400000e+02
      vertex -1.053384e+02  1.792635e+00  1.400000e+02
    endloop
  endfacet
  facet normal  0.000000e+00  0.000000e+00  1.000000e+00
    outer loop
      vertex -1.050470e+02  1.726971e+00  1.400000e+02
      vertex -1.053384e+02  1.792635e+00  1.400000e+02
      vertex -1.052809e+02  1.733001e+00  1.400000e+02
    endloop
  endfacet
  facet normal  0.000000e+00  0.000000e+00  1.000000e+00
    outer loop
      vertex -1.050470e+02  1.726971e+00  1.400000e+02
      vertex -1.052809e+02  1.733001e+00  1.400000e+02
      vertex -1.052342e+02  1.665127e+00  1.400000e+02
    endloop
  endfacet
  facet normal  -0.000000e+00  0.000000e+00  1.000000e+00
    outer loop
      vertex -1.050470e+02  1.726971e+00  1.400000e+02
      vertex -1.052342e+02  1.665127e+00  1.400000e+02
      vertex -1.052008e+02  1.594337e+00  1.400000e+02
    endloop
  endfacet
  facet normal  -0.000000e+00  0.000000e+00  1.000000e+00
    outer loop
      vertex -1.050470e+02  1.726971e+00  1.400000e+02
      vertex -1.052008e+02  1.594337e+00  1.400000e+02
      vertex -1.048650e+02  1.166671e+00  1.400000e+02
    endloop
  endfacet
  facet normal  0.000000e+00  0.000000e+00  9.999999e-01
    outer loop
      vertex -1.052979e+02 -2.260036e+00  1.400000e+02
      vertex -1.050470e+02 -1.726971e+00  1.400000e+02
      vertex -1.052838e+02 -1.736495e+00  1.400000e+02
    endloop
  endfacet
  facet normal  0.000000e+00  0.000000e+00  1.000000e+00
    outer loop
      vertex -1.052979e+02 -2.260036e+00  1.400000e+02
      vertex -1.052838e+02 -1.736495e+00  1.400000e+02
      vertex -1.053414e+02 -1.795324e+00  1.400000e+02
    endloop
  endfacet
  facet normal  0.000000e+00  0.000000e+00  1.000000e+00
    outer loop
      vertex -1.052979e+02 -2.260036e+00  1.400000e+02
      vertex -1.053414e+02 -1.795324e+00  1.400000e+02
      vertex -1.054077e+02 -1.843792e+00  1.400000e+02
    endloop
  endfacet
  facet normal  0.000000e+00  0.000000e+00  1.000000e+00
    outer loop
      vertex -1.052979e+02 -2.260036e+00  1.400000e+02
      vertex -1.054077e+02 -1.843792e+00  1.400000e+02
      vertex -1.054815e+02 -1.880895e+00  1.400000e+02
    endloop
  endfacet
  facet normal  0.000000e+00  0.000000e+00  9.999999e-01
    outer loop
      vertex -1.052979e+02 -2.260036e+00  1.400000e+02
      vertex -1.054815e+02 -1.880895e+00  1.400000e+02
      vertex -1.055599e+02 -1.905225e+00  1.400000e+02
    endloop
  endfacet
  facet normal  0.000000e+00  0.000000e+00  1.000000e+00
    outer loop
      vertex -1.052979e+02 -2.260036e+00  1.400000e+02
      vertex -1.055599e+02 -1.905225e+00  1.400000e+02
      vertex -1.056414e+02 -1.916290e+00  1.400000e+02
    endloop
  endfacet
  facet normal  0.000000e+00  0.000000e+00  1.000000e+00
    outer loop
      vertex -1.052979e+02 -2.260036e+00  1.400000e+02
      vertex -1.056414e+02 -1.916290e+00  1.400000e+02
      vertex -1.071366e+02 -1.992807e+00  1.400000e+02
    endloop
  endfacet
  facet normal  0.000000e+00  0.000000e+00  1.000000e+00
    outer loop
      vertex -1.052979e+02 -2.260036e+00  1.400000e+02
      vertex -1.071366e+02 -1.992807e+00  1.400000e+02
      vertex -1.072811e+02 -2.115056e+00  1.400000e+02
    endloop
  endfacet
  facet normal  0.000000e+00  0.000000e+00  1.000000e+00
    outer loop
      vertex -1.052979e+02 -2.260036e+00  1.400000e+02
      vertex -1.072811e+02 -2.115056e+00  1.400000e+02
      vertex -1.074056e+02 -2.257708e+00  1.400000e+02
    endloop
  endfacet
  facet normal  0.000000e+00  0.000000e+00  1.000000e+00
    outer loop
      vertex -1.071366e+02 -1.992807e+00  1.400000e+02
      vertex -1.056414e+02 -1.916290e+00  1.400000e+02
      vertex -1.057241e+02 -1.913872e+00  1.400000e+02
    endloop
  endfacet
  facet normal  0.000000e+00  0.000000e+00  9.999999e-01
    outer loop
      vertex -1.071366e+02 -1.992807e+00  1.400000e+02
      vertex -1.057241e+02 -1.913872e+00  1.400000e+02
      vertex -1.058050e+02 -1.898070e+00  1.400000e+02
    endloop
  endfacet
  facet normal  0.000000e+00  0.000000e+00  1.000000e+00
    outer loop
      vertex -1.071366e+02 -1.992807e+00  1.400000e+02
      vertex -1.058050e+02 -1.898070e+00  1.400000e+02
      vertex -1.069753e+02 -1.893709e+00  1.400000e+02
    endloop
  endfacet
  facet normal  0.000000e+00  0.000000e+00  1.000000e+00
    outer loop
      vertex -1.068952e+02 -3.960970e+00  1.400000e+02
      vertex -1.064185e+02 -3.614685e+00  1.400000e+02
      vertex -1.075097e+02 -3.607808e+00  1.400000e+02
    endloop
  endfacet
  facet normal  0.000000e+00  0.000000e+00  1.000000e+00
    outer loop
      vertex -1.068952e+02 -3.960970e+00  1.400000e+02
      vertex -1.075097e+02 -3.607808e+00  1.400000e+02
      vertex -1.074945e+02 -3.689245e+00  1.400000e+02
    endloop
  endfacet
  facet normal  0.000000e+00  0.000000e+00  1.000000e+00
    outer loop
      vertex -1.068952e+02 -3.960970e+00  1.400000e+02
      vertex -1.074945e+02 -3.689245e+00  1.400000e+02
      vertex -1.074928e+02 -3.771541e+00  1.400000e+02
    endloop
  endfacet
  facet normal  0.000000e+00  0.000000e+00  1.000000e+00
    outer loop
      vertex -1.068952e+02 -3.960970e+00  1.400000e+02
      vertex -1.074928e+02 -3.771541e+00  1.400000e+02
      vertex -1.075046e+02 -3.852844e+00  1.400000e+02
    endloop
  endfacet
  facet normal  0.000000e+00  0.000000e+00  9.999999e-01
    outer loop
      vertex -1.068952e+02 -3.960970e+00  1.400000e+02
      vertex -1.075046e+02 -3.852844e+00  1.400000e+02
      vertex -1.075296e+02 -3.931491e+00  1.400000e+02
    endloop
  endfacet
  facet normal  0.000000e+00  0.000000e+00  1.000000e+00
    outer loop
      vertex -1.068952e+02 -3.960970e+00  1.400000e+02
      vertex -1.075296e+02 -3.931491e+00  1.400000e+02
      vertex -1.075671e+02 -4.004528e+00  1.400000e+02
    endloop
  endfacet
  facet normal  -0.000000e+00  0.000000e+00  1.000000e+00
    outer loop
      vertex -1.068952e+02 -3.960970e+00  1.400000e+02
      vertex -1.075671e+02 -4.004528e+00  1.400000e+02
      vertex -1.074114e+02 -4.244787e+00  1.400000e+02
    endloop
  endfacet
  facet normal  0.000000e+00  0.000000e+00  1.000000e+00
    outer loop
      vertex -1.074114e+02 -4.244787e+00  1.400000e+02
      vertex -1.075671e+02 -4.004528e+00  1.400000e+02
      vertex -1.076162e+02 -4.070486e+00  1.400000e+02
    endloop
  endfacet
  facet normal  0.000000e+00  0.000000e+00  1.000000e+00
    outer loop
      vertex -1.074114e+02 -4.244787e+00  1.400000e+02
      vertex -1.076162e+02 -4.070486e+00  1.400000e+02
      vertex -1.076759e+02 -4.127919e+00  1.400000e+02
    endloop
  endfacet
  facet normal  0.000000e+00  0.000000e+00  9.999999e-01
    outer loop
      vertex -1.074114e+02 -4.244787e+00  1.400000e+02
      vertex -1.076759e+02 -4.127919e+00  1.400000e+02
      vertex -1.077437e+02 -4.174639e+00  1.400000e+02
    endloop
  endfacet
  facet normal  0.000000e+00  0.000000e+00  1.000000e+00
    outer loop
      vertex -1.074114e+02 -4.244787e+00  1.400000e+02
      vertex -1.077437e+02 -4.174639e+00  1.400000e+02
      vertex -1.078145e+02 -4.208098e+00  1.400000e+02
    endloop
  endfacet
  facet normal  0.000000e+00  0.000000e+00  1.000000e+00
    outer loop
      vertex -1.074114e+02 -4.244787e+00  1.400000e+02
      vertex -1.078145e+02 -4.208098e+00  1.400000e+02
      vertex -1.083599e+02 -4.376018e+00  1.400000e+02
    endloop
  endfacet
  facet normal  -0.000000e+00  0.000000e+00  1.000000e+00
    outer loop
      vertex -1.074114e+02 -4.244787e+00  1.400000e+02
      vertex -1.083599e+02 -4.376018e+00  1.400000e+02
      vertex -1.079592e+02 -4.461662e+00  1.400000e+02
    endloop
  endfacet
  facet normal  0.000000e+00  -0.000000e+00  1.000000e+00
    outer loop
      vertex -1.102879e+02 -4.608174e+00  1.400000e+02
      vertex -1.097034e+02 -4.682012e+00  1.400000e+02
      vertex -1.094920e+02 -4.499228e+00  1.400000e+02
    endloop
  endfacet
  facet normal  0.000000e+00  0.000000e+00  9.999999e-01
    outer loop
      vertex -1.094920e+02 -4.499228e+00  1.400000e+02
      vertex -1.097034e+02 -4.682012e+00  1.400000e+02
      vertex -1.091143e+02 -4.682012e+00  1.400000e+02
    endloop
  endfacet
  facet normal  0.000000e+00  -0.000000e+00  1.000000e+00
    outer loop
      vertex -1.094920e+02 -4.499228e+00  1.400000e+02
      vertex -1.091143e+02 -4.682012e+00  1.400000e+02
      vertex -1.089221e+02 -4.473583e+00  1.400000e+02
    endloop
  endfacet
  facet normal  0.000000e+00  0.000000e+00  1.000000e+00
    outer loop
      vertex -1.089221e+02 -4.473583e+00  1.400000e+02
      vertex -1.091143e+02 -4.682012e+00  1.400000e+02
      vertex -1.085298e+02 -4.608174e+00  1.400000e+02
    endloop
  endfacet
  facet normal  0.000000e+00  -0.000000e+00  1.000000e+00
    outer loop
      vertex -1.089221e+02 -4.473583e+00  1.400000e+02
      vertex -1.085298e+02 -4.608174e+00  1.400000e+02
      vertex -1.079592e+02 -4.461662e+00  1.400000e+02
    endloop
  endfacet
  facet normal  0.000000e+00  0.000000e+00  1.000000e+00
    outer loop
      vertex -1.093257e+02  4.499228e+00  1.400000e+02
      vertex -1.097034e+02  4.682012e+00  1.400000e+02
      vertex -1.098957e+02  4.473583e+00  1.400000e+02
    endloop
  endfacet
  facet normal  0.000000e+00  -0.000000e+00  1.000000e+00
    outer loop
      vertex -1.098957e+02  4.473583e+00  1.400000e+02
      vertex -1.097034e+02  4.682012e+00  1.400000e+02
      vertex -1.102879e+02  4.608174e+00  1.400000e+02
    endloop
  endfacet
  facet normal  0.000000e+00  0.000000e+00  1.000000e+00
    outer loop
      vertex -1.098957e+02  4.473583e+00  1.400000e+02
      vertex -1.102879e+02  4.608174e+00  1.400000e+02
      vertex -1.108586e+02  4.461662e+00  1.400000e+02
    endloop
  endfacet
  facet normal  -0.000000e+00  0.000000e+00  1.000000e+00
    outer loop
      vertex -1.123444e+02 -1.757010e+00  1.400000e+02
      vertex -1.125337e+02 -1.760792e+00  1.400000e+02
      vertex -1.121568e+02 -1.781929e+00  1.400000e+02
    endloop
  endfacet
  facet normal  0.000000e+00  0.000000e+00  1.000000e+00
    outer loop
      vertex -1.121568e+02 -1.781929e+00  1.400000e+02
      vertex -1.125337e+02 -1.760792e+00  1.400000e+02
      vertex -1.127203e+02 -1.793203e+00  1.400000e+02
    endloop
  endfacet
  facet normal  -0.000000e+00  0.000000e+00  1.000000e+00
    outer loop
      vertex -1.121568e+02 -1.781929e+00  1.400000e+02
      vertex -1.127203e+02 -1.793203e+00  1.400000e+02
      vertex -1.119750e+02 -1.834925e+00  1.400000e+02
    endloop
  endfacet
  facet normal  0.000000e+00  0.000000e+00  1.000000e+00
    outer loop
      vertex -1.119750e+02 -1.834925e+00  1.400000e+02
      vertex -1.127203e+02 -1.793203e+00  1.400000e+02
      vertex -1.129393e+02 -1.870907e+00  1.400000e+02
    endloop
  endfacet
  facet normal  -0.000000e+00  0.000000e+00  1.000000e+00
    outer loop
      vertex -1.119750e+02 -1.834925e+00  1.400000e+02
      vertex -1.129393e+02 -1.870907e+00  1.400000e+02
      vertex -1.118034e+02 -1.914722e+00  1.400000e+02
    endloop
  endfacet
  facet normal  0.000000e+00  0.000000e+00  9.999999e-01
    outer loop
      vertex -1.118034e+02 -1.914722e+00  1.400000e+02
      vertex -1.129393e+02 -1.870907e+00  1.400000e+02
      vertex -1.130167e+02 -1.899123e+00  1.400000e+02
    endloop
  endfacet
  facet normal  0.000000e+00  0.000000e+00  1.000000e+00
    outer loop
      vertex -1.118034e+02 -1.914722e+00  1.400000e+02
      vertex -1.130167e+02 -1.899123e+00  1.400000e+02
      vertex -1.130981e+02 -1.914355e+00  1.400000e+02
    endloop
  endfacet
  facet normal  0.000000e+00  0.000000e+00  1.000000e+00
    outer loop
      vertex -1.113862e+02 -2.293745e+00  1.400000e+02
      vertex -1.115055e+02 -2.146776e+00  1.400000e+02
      vertex -1.135199e+02 -2.260036e+00  1.400000e+02
    endloop
  endfacet
  facet normal  0.000000e+00  0.000000e+00  9.999999e-01
    outer loop
      vertex -1.135199e+02 -2.260036e+00  1.400000e+02
      vertex -1.115055e+02 -2.146776e+00  1.400000e+02
      vertex -1.116456e+02 -2.019472e+00  1.400000e+02
    endloop
  endfacet
  facet normal  0.000000e+00  0.000000e+00  1.000000e+00
    outer loop
      vertex -1.135199e+02 -2.260036e+00  1.400000e+02
      vertex -1.116456e+02 -2.019472e+00  1.400000e+02
      vertex -1.131804e+02 -1.916099e+00  1.400000e+02
    endloop
  endfacet
  facet normal  -0.000000e+00  0.000000e+00  1.000000e+00
    outer loop
      vertex -1.131804e+02 -1.916099e+00  1.400000e+02
      vertex -1.116456e+02 -2.019472e+00  1.400000e+02
      vertex -1.118034e+02 -1.914722e+00  1.400000e+02
    endloop
  endfacet
  facet normal  0.000000e+00  0.000000e+00  1.000000e+00
    outer loop
      vertex -1.131804e+02 -1.916099e+00  1.400000e+02
      vertex -1.118034e+02 -1.914722e+00  1.400000e+02
      vertex -1.130981e+02 -1.914355e+00  1.400000e+02
    endloop
  endfacet
  facet normal  0.000000e+00  0.000000e+00  1.000000e+00
    outer loop
      vertex -1.102879e+02 -4.608174e+00  1.400000e+02
      vertex -1.094920e+02 -4.499228e+00  1.400000e+02
      vertex -1.108586e+02 -4.461662e+00  1.400000e+02
    endloop
  endfacet
  facet normal  -0.000000e+00  0.000000e+00  1.000000e+00
    outer loop
      vertex -1.108586e+02 -4.461662e+00  1.400000e+02
      vertex -1.094920e+02 -4.499228e+00  1.400000e+02
      vertex -1.100607e+02 -4.452531e+00  1.400000e+02
    endloop
  endfacet
  facet normal  0.000000e+00  0.000000e+00  1.000000e+00
    outer loop
      vertex -1.108586e+02 -4.461662e+00  1.400000e+02
      vertex -1.100607e+02 -4.452531e+00  1.400000e+02
      vertex -1.105386e+02 -4.355859e+00  1.400000e+02
    endloop
  endfacet
  facet normal  0.000000e+00  0.000000e+00  1.000000e+00
    outer loop
      vertex -1.137647e+02  1.129705e+00  1.400000e+02
      vertex -1.139528e+02  1.166671e+00  1.400000e+02
      vertex -1.138614e+02  6.518327e-01  1.400000e+02
    endloop
  endfacet
  facet normal  0.000000e+00  0.000000e+00  9.999999e-01
    outer loop
      vertex -1.138614e+02  6.518327e-01  1.400000e+02
      vertex -1.139528e+02  1.166671e+00  1.400000e+02
      vertex -1.140631e+02  5.879720e-01  1.400000e+02
    endloop
  endfacet
  facet normal  -0.000000e+00  0.000000e+00  1.000000e+00
    outer loop
      vertex -1.138614e+02  6.518327e-01  1.400000e+02
      vertex -1.140631e+02  5.879720e-01  1.400000e+02
      vertex -1.139081e+02  8.317830e-02  1.400000e+02
    endloop
  endfacet
  facet normal  0.000000e+00  0.000000e+00  9.999999e-01
    outer loop
      vertex -1.139081e+02  8.317830e-02  1.400000e+02
      vertex -1.140631e+02  5.879720e-01  1.400000e+02
      vertex -1.141001e+02  4.794547e-16  1.400000e+02
    endloop
  endfacet
  facet normal  -0.000000e+00  0.000000e+00  1.000000e+00
    outer loop
      vertex -1.139081e+02  8.317830e-02  1.400000e+02
      vertex -1.141001e+02  4.794547e-16  1.400000e+02
      vertex -1.138824e+02 -4.867951e-01  1.400000e+02
    endloop
  endfacet
  facet normal  0.000000e+00  0.000000e+00  1.000000e+00
    outer loop
      vertex -1.138824e+02 -4.867951e-01  1.400000e+02
      vertex -1.141001e+02  4.794547e-16  1.400000e+02
      vertex -1.140631e+02 -5.879720e-01  1.400000e+02
    endloop
  endfacet
  facet normal  -0.000000e+00  0.000000e+00  1.000000e+00
    outer loop
      vertex -1.138824e+02 -4.867951e-01  1.400000e+02
      vertex -1.140631e+02 -5.879720e-01  1.400000e+02
      vertex -1.137849e+02 -1.048983e+00  1.400000e+02
    endloop
  endfacet
  facet normal  0.000000e+00  0.000000e+00  9.999999e-01
    outer loop
      vertex -1.137849e+02 -1.048983e+00  1.400000e+02
      vertex -1.140631e+02 -5.879720e-01  1.400000e+02
      vertex -1.139528e+02 -1.166671e+00  1.400000e+02
    endloop
  endfacet
  facet normal  -0.000000e+00  0.000000e+00  9.999999e-01
    outer loop
      vertex -1.137849e+02 -1.048983e+00  1.400000e+02
      vertex -1.139528e+02 -1.166671e+00  1.400000e+02
      vertex -1.136170e+02 -1.594337e+00  1.400000e+02
    endloop
  endfacet
  facet normal  0.000000e+00  0.000000e+00  1.000000e+00
    outer loop
      vertex -1.136170e+02 -1.594337e+00  1.400000e+02
      vertex -1.139528e+02 -1.166671e+00  1.400000e+02
      vertex -1.137707e+02 -1.726971e+00  1.400000e+02
    endloop
  endfacet
  facet normal  0.000000e+00  0.000000e+00  1.000000e+00
    outer loop
      vertex -1.136170e+02 -1.594337e+00  1.400000e+02
      vertex -1.137707e+02 -1.726971e+00  1.400000e+02
      vertex -1.135835e+02 -1.665127e+00  1.400000e+02
    endloop
  endfacet
  facet normal  -0.000000e+00  0.000000e+00  1.000000e+00
    outer loop
      vertex -1.098957e+02  4.473583e+00  1.400000e+02
      vertex -1.108586e+02  4.461662e+00  1.400000e+02
      vertex -1.104578e+02  4.376018e+00  1.400000e+02
    endloop
  endfacet
  facet normal  0.000000e+00  0.000000e+00  1.000000e+00
    outer loop
      vertex -1.104578e+02  4.376018e+00  1.400000e+02
      vertex -1.108586e+02  4.461662e+00  1.400000e+02
      vertex -1.114063e+02  4.244787e+00  1.400000e+02
    endloop
  endfacet
  facet normal  -0.000000e+00  0.000000e+00  1.000000e+00
    outer loop
      vertex -1.104578e+02  4.376018e+00  1.400000e+02
      vertex -1.114063e+02  4.244787e+00  1.400000e+02
      vertex -1.110032e+02  4.208098e+00  1.400000e+02
    endloop
  endfacet
  facet normal  -0.000000e+00  0.000000e+00  1.000000e+00
    outer loop
      vertex -1.111856e+02  2.773795e+00  1.400000e+02
      vertex -1.132042e+02  2.757459e+00  1.400000e+02
      vertex -1.112346e+02  2.590887e+00  1.400000e+02
    endloop
  endfacet
  facet normal  0.000000e+00  0.000000e+00  1.000000e+00
    outer loop
      vertex -1.112346e+02  2.590887e+00  1.400000e+02
      vertex -1.132042e+02  2.757459e+00  1.400000e+02
      vertex -1.135199e+02  2.260036e+00  1.400000e+02
    endloop
  endfacet
  facet normal  0.000000e+00  0.000000e+00  1.000000e+00
    outer loop
      vertex -1.112346e+02  2.590887e+00  1.400000e+02
      vertex -1.135199e+02  2.260036e+00  1.400000e+02
      vertex -1.113107e+02  2.417531e+00  1.400000e+02
    endloop
  endfacet
  facet normal  0.000000e+00  0.000000e+00  1.000000e+00
    outer loop
      vertex -1.113107e+02  2.417531e+00  1.400000e+02
      vertex -1.135199e+02  2.260036e+00  1.400000e+02
      vertex -1.114121e+02  2.257708e+00  1.400000e+02
    endloop
  endfacet
  facet normal  -0.000000e+00  0.000000e+00  1.000000e+00
    outer loop
      vertex -1.116811e+02  1.992807e+00  1.400000e+02
      vertex -1.130936e+02  1.913872e+00  1.400000e+02
      vertex -1.118425e+02  1.893709e+00  1.400000e+02
    endloop
  endfacet
  facet normal  0.000000e+00  0.000000e+00  1.000000e+00
    outer loop
      vertex -1.118425e+02  1.893709e+00  1.400000e+02
      vertex -1.130936e+02  1.913872e+00  1.400000e+02
      vertex -1.130127e+02  1.898070e+00  1.400000e+02
    endloop
  endfacet
  facet normal  0.000000e+00  0.000000e+00  9.999999e-01
    outer loop
      vertex -1.118425e+02  1.893709e+00  1.400000e+02
      vertex -1.130127e+02  1.898070e+00  1.400000e+02
      vertex -1.120169e+02  1.820042e+00  1.400000e+02
    endloop
  endfacet
  facet normal  0.000000e+00  0.000000e+00  1.000000e+00
    outer loop
      vertex -1.120169e+02  1.820042e+00  1.400000e+02
      vertex -1.130127e+02  1.898070e+00  1.400000e+02
      vertex -1.129393e+02  1.870907e+00  1.400000e+02
    endloop
  endfacet
  facet normal  0.000000e+00  0.000000e+00  1.000000e+00
    outer loop
      vertex -1.120169e+02  1.820042e+00  1.400000e+02
      vertex -1.129393e+02  1.870907e+00  1.400000e+02
      vertex -1.127622e+02  1.804613e+00  1.400000e+02
    endloop
  endfacet
  facet normal  -0.000000e+00  0.000000e+00  1.000000e+00
    outer loop
      vertex -1.120169e+02  1.820042e+00  1.400000e+02
      vertex -1.127622e+02  1.804613e+00  1.400000e+02
      vertex -1.122004e+02  1.773536e+00  1.400000e+02
    endloop
  endfacet
  facet normal  0.000000e+00  0.000000e+00  1.000000e+00
    outer loop
      vertex -1.122004e+02  1.773536e+00  1.400000e+02
      vertex -1.127622e+02  1.804613e+00  1.400000e+02
      vertex -1.125772e+02  1.765758e+00  1.400000e+02
    endloop
  endfacet
  facet normal  -0.000000e+00  0.000000e+00  1.000000e+00
    outer loop
      vertex -1.122004e+02  1.773536e+00  1.400000e+02
      vertex -1.125772e+02  1.765758e+00  1.400000e+02
      vertex -1.123885e+02  1.755317e+00  1.400000e+02
    endloop
  endfacet
  facet normal  0.000000e+00  0.000000e+00  1.000000e+00
    outer loop
      vertex -1.079592e+02  4.461662e+00  1.400000e+02
      vertex -1.085298e+02  4.608174e+00  1.400000e+02
      vertex -1.093257e+02  4.499228e+00  1.400000e+02
    endloop
  endfacet
  facet normal  0.000000e+00  0.000000e+00  1.000000e+00
    outer loop
      vertex -1.093257e+02  4.499228e+00  1.400000e+02
      vertex -1.085298e+02  4.608174e+00  1.400000e+02
      vertex -1.091143e+02  4.682012e+00  1.400000e+02
    endloop
  endfacet
  facet normal  0.000000e+00  0.000000e+00  9.999999e-01
    outer loop
      vertex -1.093257e+02  4.499228e+00  1.400000e+02
      vertex -1.091143e+02  4.682012e+00  1.400000e+02
      vertex -1.097034e+02  4.682012e+00  1.400000e+02
    endloop
  endfacet
  facet normal  0.000000e+00  0.000000e+00  1.000000e+00
    outer loop
      vertex -1.082792e+02  4.355859e+00  1.400000e+02
      vertex -1.074114e+02  4.244787e+00  1.400000e+02
      vertex -1.087570e+02  4.452531e+00  1.400000e+02
    endloop
  endfacet
  facet normal  -0.000000e+00  0.000000e+00  1.000000e+00
    outer loop
      vertex -1.087570e+02  4.452531e+00  1.400000e+02
      vertex -1.074114e+02  4.244787e+00  1.400000e+02
      vertex -1.079592e+02  4.461662e+00  1.400000e+02
    endloop
  endfacet
  facet normal  0.000000e+00  0.000000e+00  9.999999e-01
    outer loop
      vertex -1.087570e+02  4.452531e+00  1.400000e+02
      vertex -1.079592e+02  4.461662e+00  1.400000e+02
      vertex -1.093257e+02  4.499228e+00  1.400000e+02
    endloop
  endfacet
  facet normal  -0.000000e+00  0.000000e+00  1.000000e+00
    outer loop
      vertex -1.075380e+02  3.530438e+00  1.400000e+02
      vertex -1.076016e+02  3.361780e+00  1.400000e+02
      vertex -1.059891e+02  3.211395e+00  1.400000e+02
    endloop
  endfacet
  facet normal  0.000000e+00  0.000000e+00  1.000000e+00
    outer loop
      vertex -1.059891e+02  3.211395e+00  1.400000e+02
      vertex -1.076016e+02  3.361780e+00  1.400000e+02
      vertex -1.076405e+02  3.184979e+00  1.400000e+02
    endloop
  endfacet
  facet normal  -0.000000e+00  0.000000e+00  1.000000e+00
    outer loop
      vertex -1.059891e+02  3.211395e+00  1.400000e+02
      vertex -1.076405e+02  3.184979e+00  1.400000e+02
      vertex -1.056135e+02  2.757459e+00  1.400000e+02
    endloop
  endfacet
  facet normal  0.000000e+00  0.000000e+00  1.000000e+00
    outer loop
      vertex -1.056135e+02  2.757459e+00  1.400000e+02
      vertex -1.076405e+02  3.184979e+00  1.400000e+02
      vertex -1.076537e+02  3.005204e+00  1.400000e+02
    endloop
  endfacet
  facet normal  0.000000e+00  0.000000e+00  1.000000e+00
    outer loop
      vertex -1.056135e+02  2.757459e+00  1.400000e+02
      vertex -1.076537e+02  3.005204e+00  1.400000e+02
      vertex -1.076394e+02  2.816682e+00  1.400000e+02
    endloop
  endfacet
  facet normal  0.000000e+00  0.000000e+00  1.000000e+00
    outer loop
      vertex -1.056135e+02  2.757459e+00  1.400000e+02
      vertex -1.076394e+02  2.816682e+00  1.400000e+02
      vertex -1.052979e+02  2.260036e+00  1.400000e+02
    endloop
  endfacet
  facet normal  0.000000e+00  0.000000e+00  9.999999e-01
    outer loop
      vertex -1.052979e+02  2.260036e+00  1.400000e+02
      vertex -1.076394e+02  2.816682e+00  1.400000e+02
      vertex -1.075969e+02  2.632462e+00  1.400000e+02
    endloop
  endfacet
  facet normal  0.000000e+00  0.000000e+00  9.999999e-01
    outer loop
      vertex -1.052979e+02  2.260036e+00  1.400000e+02
      vertex -1.075969e+02  2.632462e+00  1.400000e+02
      vertex -1.074315e+02  2.293745e+00  1.400000e+02
    endloop
  endfacet
  facet normal  0.000000e+00  0.000000e+00  1.000000e+00
    outer loop
      vertex -1.074315e+02  2.293745e+00  1.400000e+02
      vertex -1.075969e+02  2.632462e+00  1.400000e+02
      vertex -1.075271e+02  2.456807e+00  1.400000e+02
    endloop
  endfacet
  facet normal  0.000000e+00  -0.000000e+00  1.000000e+00
    outer loop
      vertex -1.074315e+02  2.293745e+00  1.400000e+02
      vertex -1.073122e+02  2.146776e+00  1.400000e+02
      vertex -1.052979e+02  2.260036e+00  1.400000e+02
    endloop
  endfacet
  facet normal  0.000000e+00  0.000000e+00  9.999999e-01
    outer loop
      vertex -1.052979e+02  2.260036e+00  1.400000e+02
      vertex -1.073122e+02  2.146776e+00  1.400000e+02
      vertex -1.056373e+02  1.916099e+00  1.400000e+02
    endloop
  endfacet
  facet normal  -0.000000e+00  0.000000e+00  1.000000e+00
    outer loop
      vertex -1.052979e+02  2.260036e+00  1.400000e+02
      vertex -1.056373e+02  1.916099e+00  1.400000e+02
      vertex -1.055560e+02  1.904313e+00  1.400000e+02
    endloop
  endfacet
  facet normal  0.000000e+00  0.000000e+00  1.000000e+00
    outer loop
      vertex -1.064733e+02  1.757010e+00  1.400000e+02
      vertex -1.062840e+02  1.760792e+00  1.400000e+02
      vertex -1.066610e+02  1.781929e+00  1.400000e+02
    endloop
  endfacet
  facet normal  -0.000000e+00  0.000000e+00  1.000000e+00
    outer loop
      vertex -1.066610e+02  1.781929e+00  1.400000e+02
      vertex -1.062840e+02  1.760792e+00  1.400000e+02
      vertex -1.060975e+02  1.793203e+00  1.400000e+02
    endloop
  endfacet
  facet normal  0.000000e+00  0.000000e+00  1.000000e+00
    outer loop
      vertex -1.066610e+02  1.781929e+00  1.400000e+02
      vertex -1.060975e+02  1.793203e+00  1.400000e+02
      vertex -1.068427e+02  1.834925e+00  1.400000e+02
    endloop
  endfacet
  facet normal  -0.000000e+00  0.000000e+00  1.000000e+00
    outer loop
      vertex -1.068427e+02  1.834925e+00  1.400000e+02
      vertex -1.060975e+02  1.793203e+00  1.400000e+02
      vertex -1.058784e+02  1.870907e+00  1.400000e+02
    endloop
  endfacet
  facet normal  0.000000e+00  0.000000e+00  1.000000e+00
    outer loop
      vertex -1.068427e+02  1.834925e+00  1.400000e+02
      vertex -1.058784e+02  1.870907e+00  1.400000e+02
      vertex -1.070144e+02  1.914722e+00  1.400000e+02
    endloop
  endfacet
  facet normal  0.000000e+00  0.000000e+00  1.000000e+00
    outer loop
      vertex -1.070144e+02  1.914722e+00  1.400000e+02
      vertex -1.058784e+02  1.870907e+00  1.400000e+02
      vertex -1.058011e+02  1.899123e+00  1.400000e+02
    endloop
  endfacet
  facet normal  0.000000e+00  -0.000000e+00  1.000000e+00
    outer loop
      vertex -1.070144e+02  1.914722e+00  1.400000e+02
      vertex -1.058011e+02  1.899123e+00  1.400000e+02
      vertex -1.057196e+02  1.914355e+00  1.400000e+02
    endloop
  endfacet
  facet normal  -0.000000e+00  0.000000e+00  9.999999e-01
    outer loop
      vertex -1.048650e+02  1.166671e+00  1.400000e+02
      vertex -1.050328e+02  1.048983e+00  1.400000e+02
      vertex -1.047546e+02  5.879720e-01  1.400000e+02
    endloop
  endfacet
  facet normal  0.000000e+00  0.000000e+00  1.000000e+00
    outer loop
      vertex -1.047546e+02  5.879720e-01  1.400000e+02
      vertex -1.050328e+02  1.048983e+00  1.400000e+02
      vertex -1.049353e+02  4.867951e-01  1.400000e+02
    endloop
  endfacet
  facet normal  -0.000000e+00  0.000000e+00  1.000000e+00
    outer loop
      vertex -1.047546e+02  5.879720e-01  1.400000e+02
      vertex -1.049353e+02  4.867951e-01  1.400000e+02
      vertex -1.047176e+02 -1.244090e-15  1.400000e+02
    endloop
  endfacet
  facet normal  0.000000e+00  0.000000e+00  1.000000e+00
    outer loop
      vertex -1.047176e+02 -1.244090e-15  1.400000e+02
      vertex -1.049353e+02  4.867951e-01  1.400000e+02
      vertex -1.049096e+02 -8.317830e-02  1.400000e+02
    endloop
  endfacet
  facet normal  -0.000000e+00  0.000000e+00  9.999999e-01
    outer loop
      vertex -1.047176e+02 -1.244090e-15  1.400000e+02
      vertex -1.049096e+02 -8.317830e-02  1.400000e+02
      vertex -1.047546e+02 -5.879720e-01  1.400000e+02
    endloop
  endfacet
  facet normal  0.000000e+00  0.000000e+00  1.000000e+00
    outer loop
      vertex -1.047546e+02 -5.879720e-01  1.400000e+02
      vertex -1.049096e+02 -8.317830e-02  1.400000e+02
      vertex -1.049563e+02 -6.518327e-01  1.400000e+02
    endloop
  endfacet
  facet normal  -0.000000e+00  0.000000e+00  9.999999e-01
    outer loop
      vertex -1.047546e+02 -5.879720e-01  1.400000e+02
      vertex -1.049563e+02 -6.518327e-01  1.400000e+02
      vertex -1.048650e+02 -1.166671e+00  1.400000e+02
    endloop
  endfacet
  facet normal  0.000000e+00  0.000000e+00  1.000000e+00
    outer loop
      vertex -1.048650e+02 -1.166671e+00  1.400000e+02
      vertex -1.049563e+02 -6.518327e-01  1.400000e+02
      vertex -1.050530e+02 -1.129705e+00  1.400000e+02
    endloop
  endfacet
  facet normal  0.000000e+00  0.000000e+00  1.000000e+00
    outer loop
      vertex -1.048650e+02 -1.166671e+00  1.400000e+02
      vertex -1.050530e+02 -1.129705e+00  1.400000e+02
      vertex -1.050470e+02 -1.726971e+00  1.400000e+02
    endloop
  endfacet
  facet normal  0.000000e+00  0.000000e+00  1.000000e+00
    outer loop
      vertex -1.050470e+02 -1.726971e+00  1.400000e+02
      vertex -1.050530e+02 -1.129705e+00  1.400000e+02
      vertex -1.052008e+02 -1.594337e+00  1.400000e+02
    endloop
  endfacet
  facet normal  0.000000e+00  0.000000e+00  1.000000e+00
    outer loop
      vertex -1.050470e+02 -1.726971e+00  1.400000e+02
      vertex -1.052008e+02 -1.594337e+00  1.400000e+02
      vertex -1.052363e+02 -1.668631e+00  1.400000e+02
    endloop
  endfacet
  facet normal  -0.000000e+00  0.000000e+00  1.000000e+00
    outer loop
      vertex -1.062405e+02 -1.765758e+00  1.400000e+02
      vertex -1.066174e+02 -1.773536e+00  1.400000e+02
      vertex -1.060555e+02 -1.804613e+00  1.400000e+02
    endloop
  endfacet
  facet normal  0.000000e+00  0.000000e+00  1.000000e+00
    outer loop
      vertex -1.060555e+02 -1.804613e+00  1.400000e+02
      vertex -1.066174e+02 -1.773536e+00  1.400000e+02
      vertex -1.068009e+02 -1.820042e+00  1.400000e+02
    endloop
  endfacet
  facet normal  -0.000000e+00  0.000000e+00  1.000000e+00
    outer loop
      vertex -1.060555e+02 -1.804613e+00  1.400000e+02
      vertex -1.068009e+02 -1.820042e+00  1.400000e+02
      vertex -1.058784e+02 -1.870907e+00  1.400000e+02
    endloop
  endfacet
  facet normal  0.000000e+00  0.000000e+00  1.000000e+00
    outer loop
      vertex -1.058784e+02 -1.870907e+00  1.400000e+02
      vertex -1.068009e+02 -1.820042e+00  1.400000e+02
      vertex -1.069753e+02 -1.893709e+00  1.400000e+02
    endloop
  endfacet
  facet normal  -0.000000e+00  0.000000e+00  1.000000e+00
    outer loop
      vertex -1.058784e+02 -1.870907e+00  1.400000e+02
      vertex -1.069753e+02 -1.893709e+00  1.400000e+02
      vertex -1.058050e+02 -1.898070e+00  1.400000e+02
    endloop
  endfacet
  facet normal  0.000000e+00  0.000000e+00  1.000000e+00
    outer loop
      vertex -1.052979e+02 -2.260036e+00  1.400000e+02
      vertex -1.074056e+02 -2.257708e+00  1.400000e+02
      vertex -1.056135e+02 -2.757459e+00  1.400000e+02
    endloop
  endfacet
  facet normal  0.000000e+00  0.000000e+00  1.000000e+00
    outer loop
      vertex -1.056135e+02 -2.757459e+00  1.400000e+02
      vertex -1.074056e+02 -2.257708e+00  1.400000e+02
      vertex -1.075071e+02 -2.417531e+00  1.400000e+02
    endloop
  endfacet
  facet normal  0.000000e+00  0.000000e+00  1.000000e+00
    outer loop
      vertex -1.056135e+02 -2.757459e+00  1.400000e+02
      vertex -1.075071e+02 -2.417531e+00  1.400000e+02
      vertex -1.076321e+02 -2.773795e+00  1.400000e+02
    endloop
  endfacet
  facet normal  0.000000e+00  0.000000e+00  1.000000e+00
    outer loop
      vertex -1.076321e+02 -2.773795e+00  1.400000e+02
      vertex -1.075071e+02 -2.417531e+00  1.400000e+02
      vertex -1.075832e+02 -2.590887e+00  1.400000e+02
    endloop
  endfacet
  facet normal  -0.000000e+00  0.000000e+00  1.000000e+00
    outer loop
      vertex -1.056135e+02 -2.757459e+00  1.400000e+02
      vertex -1.076321e+02 -2.773795e+00  1.400000e+02
      vertex -1.059891e+02 -3.211395e+00  1.400000e+02
    endloop
  endfacet
  facet normal  0.000000e+00  0.000000e+00  1.000000e+00
    outer loop
      vertex -1.059891e+02 -3.211395e+00  1.400000e+02
      vertex -1.076321e+02 -2.773795e+00  1.400000e+02
      vertex -1.076537e+02 -3.005204e+00  1.400000e+02
    endloop
  endfacet
  facet normal  0.000000e+00  0.000000e+00  1.000000e+00
    outer loop
      vertex -1.059891e+02 -3.211395e+00  1.400000e+02
      vertex -1.076537e+02 -3.005204e+00  1.400000e+02
      vertex -1.076405e+02 -3.184979e+00  1.400000e+02
    endloop
  endfacet
  facet normal  0.000000e+00  0.000000e+00  1.000000e+00
    outer loop
      vertex -1.059891e+02 -3.211395e+00  1.400000e+02
      vertex -1.076405e+02 -3.184979e+00  1.400000e+02
      vertex -1.064185e+02 -3.614685e+00  1.400000e+02
    endloop
  endfacet
  facet normal  0.000000e+00  0.000000e+00  1.000000e+00
    outer loop
      vertex -1.064185e+02 -3.614685e+00  1.400000e+02
      vertex -1.076405e+02 -3.184979e+00  1.400000e+02
      vertex -1.076016e+02 -3.361780e+00  1.400000e+02
    endloop
  endfacet
  facet normal  0.000000e+00  0.000000e+00  1.000000e+00
    outer loop
      vertex -1.064185e+02 -3.614685e+00  1.400000e+02
      vertex -1.076016e+02 -3.361780e+00  1.400000e+02
      vertex -1.075380e+02 -3.530438e+00  1.400000e+02
    endloop
  endfacet
  facet normal  0.000000e+00  0.000000e+00  1.000000e+00
    outer loop
      vertex -1.114063e+02  4.244787e+00  2.312740e+02
      vertex -1.108586e+02  4.461662e+00  2.312740e+02
      vertex -1.180061e+02  4.078103e+00  2.312740e+02
    endloop
  endfacet
  facet normal  -0.000000e+00  0.000000e+00  1.000000e+00
    outer loop
      vertex -1.114063e+02  4.244787e+00  2.312740e+02
      vertex -1.180061e+02  4.078103e+00  2.312740e+02
      vertex -1.119226e+02  3.960970e+00  2.312740e+02
    endloop
  endfacet
  facet normal  0.000000e+00  0.000000e+00  1.000000e+00
    outer loop
      vertex -1.102879e+02 -4.608174e+00  2.312740e+02
      vertex -1.108586e+02 -4.461662e+00  2.312740e+02
      vertex -1.176042e+02 -4.669549e+00  2.312740e+02
    endloop
  endfacet
  facet normal  -0.000000e+00  0.000000e+00  1.000000e+00
    outer loop
      vertex -1.102879e+02 -4.608174e+00  2.312740e+02
      vertex -1.176042e+02 -4.669549e+00  2.312740e+02
      vertex -1.097034e+02 -4.682012e+00  2.312740e+02
    endloop
  endfacet
  facet normal  -0.000000e+00  -0.000000e+00  1.000000e+00
    outer loop
      vertex -1.171498e+02 -5.221650e+00  2.312740e+02
      vertex -1.166466e+02 -5.729751e+00  2.312740e+02
      vertex -1.160990e+02 -6.189568e+00  2.312740e+02
    endloop
  endfacet
  facet normal  -0.000000e+00  -0.000000e+00  9.999999e-01
    outer loop
      vertex -1.171498e+02 -5.221650e+00  2.312740e+02
      vertex -1.160990e+02 -6.189568e+00  2.312740e+02
      vertex -1.155115e+02 -6.597231e+00  2.312740e+02
    endloop
  endfacet
  facet normal  -0.000000e+00  -0.000000e+00  1.000000e+00
    outer loop
      vertex -1.171498e+02 -5.221650e+00  2.312740e+02
      vertex -1.155115e+02 -6.597231e+00  2.312740e+02
      vertex -1.148891e+02 -6.949313e+00  2.312740e+02
    endloop
  endfacet
  facet normal  -0.000000e+00  -0.000000e+00  1.000000e+00
    outer loop
      vertex -1.171498e+02 -5.221650e+00  2.312740e+02
      vertex -1.148891e+02 -6.949313e+00  2.312740e+02
      vertex -1.142371e+02 -7.242849e+00  2.312740e+02
    endloop
  endfacet
  facet normal  -0.000000e+00  -0.000000e+00  1.000000e+00
    outer loop
      vertex -1.171498e+02 -5.221650e+00  2.312740e+02
      vertex -1.142371e+02 -7.242849e+00  2.312740e+02
      vertex -1.135609e+02 -7.475365e+00  2.312740e+02
    endloop
  endfacet
  facet normal  -0.000000e+00  -0.000000e+00  1.000000e+00
    outer loop
      vertex -1.171498e+02 -5.221650e+00  2.312740e+02
      vertex -1.135609e+02 -7.475365e+00  2.312740e+02
      vertex -1.128662e+02 -7.644892e+00  2.312740e+02
    endloop
  endfacet
  facet normal  -0.000000e+00  -0.000000e+00  1.000000e+00
    outer loop
      vertex -1.171498e+02 -5.221650e+00  2.312740e+02
      vertex -1.128662e+02 -7.644892e+00  2.312740e+02
      vertex -1.121589e+02 -7.750000e+00  2.312740e+02
    endloop
  endfacet
  facet normal  0.000000e+00  -0.000000e+00  1.000000e+00
    outer loop
      vertex -1.171498e+02 -5.221650e+00  2.312740e+02
      vertex -1.121589e+02 -7.750000e+00  2.312740e+02
      vertex -1.097034e+02 -4.682012e+00  2.312740e+02
    endloop
  endfacet
  facet normal  0.000000e+00  0.000000e+00  1.000000e+00
    outer loop
      vertex -1.171498e+02 -5.221650e+00  2.312740e+02
      vertex -1.097034e+02 -4.682012e+00  2.312740e+02
      vertex -1.176042e+02 -4.669549e+00  2.312740e+02
    endloop
  endfacet
  facet normal  -0.000000e+00  0.000000e+00  9.999999e-01
    outer loop
      vertex -1.091143e+02 -4.682012e+00  2.312740e+02
      vertex -1.097034e+02 -4.682012e+00  2.312740e+02
      vertex -1.121589e+02 -7.750000e+00  2.312740e+02
    endloop
  endfacet
  facet normal  0.000000e+00  0.000000e+00  1.000000e+00
    outer loop
      vertex -1.091143e+02 -4.682012e+00  2.312740e+02
      vertex -1.121589e+02 -7.750000e+00  2.312740e+02
      vertex -1.036589e+02 -7.750000e+00  2.312740e+02
    endloop
  endfacet
  facet normal  0.000000e+00  -0.000000e+00  1.000000e+00
    outer loop
      vertex -1.091143e+02 -4.682012e+00  2.312740e+02
      vertex -1.036589e+02 -7.750000e+00  2.312740e+02
      vertex -1.032687e+02 -7.711571e+00  2.312740e+02
    endloop
  endfacet
  facet normal  0.000000e+00  -0.000000e+00  1.000000e+00
    outer loop
      vertex -1.091143e+02 -4.682012e+00  2.312740e+02
      vertex -1.032687e+02 -7.711571e+00  2.312740e+02
      vertex -1.028935e+02 -7.597759e+00  2.312740e+02
    endloop
  endfacet
  facet normal  0.000000e+00  -0.000000e+00  1.000000e+00
    outer loop
      vertex -1.091143e+02 -4.682012e+00  2.312740e+02
      vertex -1.028935e+02 -7.597759e+00  2.312740e+02
      vertex -1.025477e+02 -7.412939e+00  2.312740e+02
    endloop
  endfacet
  facet normal  0.000000e+00  -0.000000e+00  1.000000e+00
    outer loop
      vertex -1.091143e+02 -4.682012e+00  2.312740e+02
      vertex -1.025477e+02 -7.412939e+00  2.312740e+02
      vertex -1.022447e+02 -7.164214e+00  2.312740e+02
    endloop
  endfacet
  facet normal  0.000000e+00  -0.000000e+00  1.000000e+00
    outer loop
      vertex -1.091143e+02 -4.682012e+00  2.312740e+02
      vertex -1.022447e+02 -7.164214e+00  2.312740e+02
      vertex -1.019959e+02 -6.861140e+00  2.312740e+02
    endloop
  endfacet
  facet normal  0.000000e+00  -0.000000e+00  1.000000e+00
    outer loop
      vertex -1.091143e+02 -4.682012e+00  2.312740e+02
      vertex -1.019959e+02 -6.861140e+00  2.312740e+02
      vertex -1.018111e+02 -6.515367e+00  2.312740e+02
    endloop
  endfacet
  facet normal  0.000000e+00  -0.000000e+00  9.999999e-01
    outer loop
      vertex -1.091143e+02 -4.682012e+00  2.312740e+02
      vertex -1.018111e+02 -6.515367e+00  2.312740e+02
      vertex -1.016973e+02 -6.140181e+00  2.312740e+02
    endloop
  endfacet
  facet normal  0.000000e+00  -0.000000e+00  9.999999e-01
    outer loop
      vertex -1.091143e+02 -4.682012e+00  2.312740e+02
      vertex -1.016973e+02 -6.140181e+00  2.312740e+02
      vertex -1.016589e+02 -5.750000e+00  2.312740e+02
    endloop
  endfacet
  facet normal  0.000000e+00  0.000000e+00  1.000000e+00
    outer loop
      vertex -1.171498e+02  5.221650e+00  2.312740e+02
      vertex -1.176042e+02  4.669549e+00  2.312740e+02
      vertex -1.097034e+02  4.682012e+00  2.312740e+02
    endloop
  endfacet
  facet normal  0.000000e+00  0.000000e+00  1.000000e+00
    outer loop
      vertex -1.171498e+02  5.221650e+00  2.312740e+02
      vertex -1.097034e+02  4.682012e+00  2.312740e+02
      vertex -1.121589e+02  7.750000e+00  2.312740e+02
    endloop
  endfacet
  facet normal  0.000000e+00  0.000000e+00  1.000000e+00
    outer loop
      vertex -1.171498e+02  5.221650e+00  2.312740e+02
      vertex -1.121589e+02  7.750000e+00  2.312740e+02
      vertex -1.128662e+02  7.644892e+00  2.312740e+02
    endloop
  endfacet
  facet normal  0.000000e+00  0.000000e+00  1.000000e+00
    outer loop
      vertex -1.171498e+02  5.221650e+00  2.312740e+02
      vertex -1.128662e+02  7.644892e+00  2.312740e+02
      vertex -1.135609e+02  7.475365e+00  2.312740e+02
    endloop
  endfacet
  facet normal  0.000000e+00  0.000000e+00  1.000000e+00
    outer loop
      vertex -1.171498e+02  5.221650e+00  2.312740e+02
      vertex -1.135609e+02  7.475365e+00  2.312740e+02
      vertex -1.142371e+02  7.242849e+00  2.312740e+02
    endloop
  endfacet
  facet normal  0.000000e+00  0.000000e+00  1.000000e+00
    outer loop
      vertex -1.171498e+02  5.221650e+00  2.312740e+02
      vertex -1.142371e+02  7.242849e+00  2.312740e+02
      vertex -1.148891e+02  6.949313e+00  2.312740e+02
    endloop
  endfacet
  facet normal  0.000000e+00  0.000000e+00  1.000000e+00
    outer loop
      vertex -1.171498e+02  5.221650e+00  2.312740e+02
      vertex -1.148891e+02  6.949313e+00  2.312740e+02
      vertex -1.155115e+02  6.597231e+00  2.312740e+02
    endloop
  endfacet
  facet normal  0.000000e+00  0.000000e+00  1.000000e+00
    outer loop
      vertex -1.171498e+02  5.221650e+00  2.312740e+02
      vertex -1.155115e+02  6.597231e+00  2.312740e+02
      vertex -1.160990e+02  6.189568e+00  2.312740e+02
    endloop
  endfacet
  facet normal  0.000000e+00  0.000000e+00  1.000000e+00
    outer loop
      vertex -1.171498e+02  5.221650e+00  2.312740e+02
      vertex -1.160990e+02  6.189568e+00  2.312740e+02
      vertex -1.166466e+02  5.729751e+00  2.312740e+02
    endloop
  endfacet
  facet normal  0.000000e+00  0.000000e+00  9.999999e-01
    outer loop
      vertex -1.091143e+02  4.682012e+00  2.312740e+02
      vertex -1.016589e+02  5.750000e+00  2.312740e+02
      vertex -1.016973e+02  6.140181e+00  2.312740e+02
    endloop
  endfacet
  facet normal  0.000000e+00  0.000000e+00  9.999999e-01
    outer loop
      vertex -1.091143e+02  4.682012e+00  2.312740e+02
      vertex -1.016973e+02  6.140181e+00  2.312740e+02
      vertex -1.018111e+02  6.515367e+00  2.312740e+02
    endloop
  endfacet
  facet normal  0.000000e+00  0.000000e+00  1.000000e+00
    outer loop
      vertex -1.091143e+02  4.682012e+00  2.312740e+02
      vertex -1.018111e+02  6.515367e+00  2.312740e+02
      vertex -1.019959e+02  6.861140e+00  2.312740e+02
    endloop
  endfacet
  facet normal  0.000000e+00  0.000000e+00  1.000000e+00
    outer loop
      vertex -1.091143e+02  4.682012e+00  2.312740e+02
      vertex -1.019959e+02  6.861140e+00  2.312740e+02
      vertex -1.022447e+02  7.164214e+00  2.312740e+02
    endloop
  endfacet
  facet normal  0.000000e+00  0.000000e+00  1.000000e+00
    outer loop
      vertex -1.091143e+02  4.682012e+00  2.312740e+02
      vertex -1.022447e+02  7.164214e+00  2.312740e+02
      vertex -1.025477e+02  7.412939e+00  2.312740e+02
    endloop
  endfacet
  facet normal  0.000000e+00  0.000000e+00  1.000000e+00
    outer loop
      vertex -1.091143e+02  4.682012e+00  2.312740e+02
      vertex -1.025477e+02  7.412939e+00  2.312740e+02
      vertex -1.028935e+02  7.597759e+00  2.312740e+02
    endloop
  endfacet
  facet normal  0.000000e+00  0.000000e+00  9.999999e-01
    outer loop
      vertex -1.091143e+02  4.682012e+00  2.312740e+02
      vertex -1.028935e+02  7.597759e+00  2.312740e+02
      vertex -1.032687e+02  7.711571e+00  2.312740e+02
    endloop
  endfacet
  facet normal  0.000000e+00  0.000000e+00  1.000000e+00
    outer loop
      vertex -1.091143e+02  4.682012e+00  2.312740e+02
      vertex -1.032687e+02  7.711571e+00  2.312740e+02
      vertex -1.036589e+02  7.750000e+00  2.312740e+02
    endloop
  endfacet
  facet normal  0.000000e+00  0.000000e+00  1.000000e+00
    outer loop
      vertex -1.091143e+02  4.682012e+00  2.312740e+02
      vertex -1.036589e+02  7.750000e+00  2.312740e+02
      vertex -1.121589e+02  7.750000e+00  2.312740e+02
    endloop
  endfacet
  facet normal  0.000000e+00  0.000000e+00  1.000000e+00
    outer loop
      vertex -1.091143e+02  4.682012e+00  2.312740e+02
      vertex -1.121589e+02  7.750000e+00  2.312740e+02
      vertex -1.097034e+02  4.682012e+00  2.312740e+02
    endloop
  endfacet
  facet normal  0.000000e+00  0.000000e+00  1.000000e+00
    outer loop
      vertex -1.016589e+02  2.602560e-15  2.312740e+02
      vertex -1.064185e+02  3.614685e+00  2.312740e+02
      vertex -1.059891e+02  3.211395e+00  2.312740e+02
    endloop
  endfacet
  facet normal  0.000000e+00  0.000000e+00  1.000000e+00
    outer loop
      vertex -1.016589e+02  2.602560e-15  2.312740e+02
      vertex -1.059891e+02  3.211395e+00  2.312740e+02
      vertex -1.056135e+02  2.757459e+00  2.312740e+02
    endloop
  endfacet
  facet normal  0.000000e+00  0.000000e+00  1.000000e+00
    outer loop
      vertex -1.016589e+02  2.602560e-15  2.312740e+02
      vertex -1.056135e+02  2.757459e+00  2.312740e+02
      vertex -1.052979e+02  2.260036e+00  2.312740e+02
    endloop
  endfacet
  facet normal  0.000000e+00  0.000000e+00  9.999999e-01
    outer loop
      vertex -1.016589e+02  2.602560e-15  2.312740e+02
      vertex -1.052979e+02  2.260036e+00  2.312740e+02
      vertex -1.050470e+02  1.726971e+00  2.312740e+02
    endloop
  endfacet
  facet normal  0.000000e+00  0.000000e+00  9.999999e-01
    outer loop
      vertex -1.016589e+02  2.602560e-15  2.312740e+02
      vertex -1.050470e+02  1.726971e+00  2.312740e+02
      vertex -1.048650e+02  1.166671e+00  2.312740e+02
    endloop
  endfacet
  facet normal  0.000000e+00  0.000000e+00  9.999999e-01
    outer loop
      vertex -1.016589e+02  2.602560e-15  2.312740e+02
      vertex -1.048650e+02  1.166671e+00  2.312740e+02
      vertex -1.047546e+02  5.879720e-01  2.312740e+02
    endloop
  endfacet
  facet normal  0.000000e+00  0.000000e+00  1.000000e+00
    outer loop
      vertex -1.016589e+02  2.602560e-15  2.312740e+02
      vertex -1.047546e+02  5.879720e-01  2.312740e+02
      vertex -1.047176e+02  1.033728e-16  2.312740e+02
    endloop
  endfacet
  facet normal  -0.000000e+00  0.000000e+00  1.000000e+00
    outer loop
      vertex -1.016589e+02  2.602560e-15  2.312740e+02
      vertex -1.047176e+02  1.033728e-16  2.312740e+02
      vertex -1.047546e+02 -5.879720e-01  2.312740e+02
    endloop
  endfacet
  facet normal  -0.000000e+00  0.000000e+00  1.000000e+00
    outer loop
      vertex -1.016589e+02  2.602560e-15  2.312740e+02
      vertex -1.047546e+02 -5.879720e-01  2.312740e+02
      vertex -1.016589e+02 -5.750000e+00  2.312740e+02
    endloop
  endfacet
  facet normal  -0.000000e+00  0.000000e+00  1.000000e+00
    outer loop
      vertex -1.016589e+02  5.750000e+00  2.312740e+02
      vertex -1.091143e+02  4.682012e+00  2.312740e+02
      vertex -1.085298e+02  4.608174e+00  2.312740e+02
    endloop
  endfacet
  facet normal  -0.000000e+00  0.000000e+00  1.000000e+00
    outer loop
      vertex -1.016589e+02  5.750000e+00  2.312740e+02
      vertex -1.085298e+02  4.608174e+00  2.312740e+02
      vertex -1.079592e+02  4.461662e+00  2.312740e+02
    endloop
  endfacet
  facet normal  -0.000000e+00  0.000000e+00  1.000000e+00
    outer loop
      vertex -1.016589e+02  5.750000e+00  2.312740e+02
      vertex -1.079592e+02  4.461662e+00  2.312740e+02
      vertex -1.074114e+02  4.244787e+00  2.312740e+02
    endloop
  endfacet
  facet normal  -0.000000e+00  0.000000e+00  1.000000e+00
    outer loop
      vertex -1.016589e+02  5.750000e+00  2.312740e+02
      vertex -1.074114e+02  4.244787e+00  2.312740e+02
      vertex -1.068952e+02  3.960970e+00  2.312740e+02
    endloop
  endfacet
  facet normal  -0.000000e+00  0.000000e+00  9.999999e-01
    outer loop
      vertex -1.016589e+02  5.750000e+00  2.312740e+02
      vertex -1.068952e+02  3.960970e+00  2.312740e+02
      vertex -1.064185e+02  3.614685e+00  2.312740e+02
    endloop
  endfacet
  facet normal  -0.000000e+00  0.000000e+00  9.999999e-01
    outer loop
      vertex -1.016589e+02  5.750000e+00  2.312740e+02
      vertex -1.064185e+02  3.614685e+00  2.312740e+02
      vertex -1.016589e+02  2.602560e-15  2.312740e+02
    endloop
  endfacet
  facet normal  0.000000e+00  0.000000e+00  1.000000e+00
    outer loop
      vertex -1.016589e+02 -5.750000e+00  2.312740e+02
      vertex -1.047546e+02 -5.879720e-01  2.312740e+02
      vertex -1.048650e+02 -1.166671e+00  2.312740e+02
    endloop
  endfacet
  facet normal  0.000000e+00  0.000000e+00  1.000000e+00
    outer loop
      vertex -1.016589e+02 -5.750000e+00  2.312740e+02
      vertex -1.048650e+02 -1.166671e+00  2.312740e+02
      vertex -1.050470e+02 -1.726971e+00  2.312740e+02
    endloop
  endfacet
  facet normal  0.000000e+00  0.000000e+00  1.000000e+00
    outer loop
      vertex -1.016589e+02 -5.750000e+00  2.312740e+02
      vertex -1.050470e+02 -1.726971e+00  2.312740e+02
      vertex -1.052979e+02 -2.260036e+00  2.312740e+02
    endloop
  endfacet
  facet normal  0.000000e+00  0.000000e+00  1.000000e+00
    outer loop
      vertex -1.016589e+02 -5.750000e+00  2.312740e+02
      vertex -1.052979e+02 -2.260036e+00  2.312740e+02
      vertex -1.056135e+02 -2.757459e+00  2.312740e+02
    endloop
  endfacet
  facet normal  0.000000e+00  0.000000e+00  1.000000e+00
    outer loop
      vertex -1.016589e+02 -5.750000e+00  2.312740e+02
      vertex -1.056135e+02 -2.757459e+00  2.312740e+02
      vertex -1.059891e+02 -3.211395e+00  2.312740e+02
    endloop
  endfacet
  facet normal  0.000000e+00  0.000000e+00  1.000000e+00
    outer loop
      vertex -1.016589e+02 -5.750000e+00  2.312740e+02
      vertex -1.059891e+02 -3.211395e+00  2.312740e+02
      vertex -1.064185e+02 -3.614685e+00  2.312740e+02
    endloop
  endfacet
  facet normal  0.000000e+00  0.000000e+00  9.999999e-01
    outer loop
      vertex -1.016589e+02 -5.750000e+00  2.312740e+02
      vertex -1.064185e+02 -3.614685e+00  2.312740e+02
      vertex -1.068952e+02 -3.960970e+00  2.312740e+02
    endloop
  endfacet
  facet normal  0.000000e+00  0.000000e+00  1.000000e+00
    outer loop
      vertex -1.016589e+02 -5.750000e+00  2.312740e+02
      vertex -1.068952e+02 -3.960970e+00  2.312740e+02
      vertex -1.074114e+02 -4.244787e+00  2.312740e+02
    endloop
  endfacet
  facet normal  0.000000e+00  0.000000e+00  1.000000e+00
    outer loop
      vertex -1.016589e+02 -5.750000e+00  2.312740e+02
      vertex -1.074114e+02 -4.244787e+00  2.312740e+02
      vertex -1.079592e+02 -4.461662e+00  2.312740e+02
    endloop
  endfacet
  facet normal  0.000000e+00  0.000000e+00  9.999999e-01
    outer loop
      vertex -1.016589e+02 -5.750000e+00  2.312740e+02
      vertex -1.079592e+02 -4.461662e+00  2.312740e+02
      vertex -1.085298e+02 -4.608174e+00  2.312740e+02
    endloop
  endfacet
  facet normal  0.000000e+00  0.000000e+00  1.000000e+00
    outer loop
      vertex -1.016589e+02 -5.750000e+00  2.312740e+02
      vertex -1.085298e+02 -4.608174e+00  2.312740e+02
      vertex -1.091143e+02 -4.682012e+00  2.312740e+02
    endloop
  endfacet
  facet normal  -0.000000e+00  0.000000e+00  1.000000e+00
    outer loop
      vertex -1.097034e+02  4.682012e+00  2.312740e+02
      vertex -1.176042e+02  4.669549e+00  2.312740e+02
      vertex -1.102879e+02  4.608174e+00  2.312740e+02
    endloop
  endfacet
  facet normal  0.000000e+00  0.000000e+00  1.000000e+00
    outer loop
      vertex -1.102879e+02  4.608174e+00  2.312740e+02
      vertex -1.176042e+02  4.669549e+00  2.312740e+02
      vertex -1.180061e+02  4.078103e+00  2.312740e+02
    endloop
  endfacet
  facet normal  0.000000e+00  0.000000e+00  1.000000e+00
    outer loop
      vertex -1.102879e+02  4.608174e+00  2.312740e+02
      vertex -1.180061e+02  4.078103e+00  2.312740e+02
      vertex -1.108586e+02  4.461662e+00  2.312740e+02
    endloop
  endfacet
  facet normal  0.000000e+00  0.000000e+00  9.999999e-01
    outer loop
      vertex -1.119226e+02  3.960970e+00  2.312740e+02
      vertex -1.180061e+02  4.078103e+00  2.312740e+02
      vertex -1.123992e+02  3.614685e+00  2.312740e+02
    endloop
  endfacet
  facet normal  0.000000e+00  0.000000e+00  1.000000e+00
    outer loop
      vertex -1.123992e+02  3.614685e+00  2.312740e+02
      vertex -1.180061e+02  4.078103e+00  2.312740e+02
      vertex -1.183521e+02  3.452294e+00  2.312740e+02
    endloop
  endfacet
  facet normal  -0.000000e+00  0.000000e+00  1.000000e+00
    outer loop
      vertex -1.123992e+02  3.614685e+00  2.312740e+02
      vertex -1.183521e+02  3.452294e+00  2.312740e+02
      vertex -1.128287e+02  3.211395e+00  2.312740e+02
    endloop
  endfacet
  facet normal  0.000000e+00  0.000000e+00  1.000000e+00
    outer loop
      vertex -1.128287e+02  3.211395e+00  2.312740e+02
      vertex -1.183521e+02  3.452294e+00  2.312740e+02
      vertex -1.186392e+02  2.797399e+00  2.312740e+02
    endloop
  endfacet
  facet normal  -0.000000e+00  0.000000e+00  1.000000e+00
    outer loop
      vertex -1.128287e+02  3.211395e+00  2.312740e+02
      vertex -1.186392e+02  2.797399e+00  2.312740e+02
      vertex -1.132042e+02  2.757459e+00  2.312740e+02
    endloop
  endfacet
  facet normal  0.000000e+00  0.000000e+00  1.000000e+00
    outer loop
      vertex -1.132042e+02  2.757459e+00  2.312740e+02
      vertex -1.186392e+02  2.797399e+00  2.312740e+02
      vertex -1.135199e+02  2.260036e+00  2.312740e+02
    endloop
  endfacet
  facet normal  0.000000e+00  0.000000e+00  1.000000e+00
    outer loop
      vertex -1.135199e+02  2.260036e+00  2.312740e+02
      vertex -1.186392e+02  2.797399e+00  2.312740e+02
      vertex -1.188651e+02  2.118937e+00  2.312740e+02
    endloop
  endfacet
  facet normal  -0.000000e+00  0.000000e+00  9.999999e-01
    outer loop
      vertex -1.135199e+02  2.260036e+00  2.312740e+02
      vertex -1.188651e+02  2.118937e+00  2.312740e+02
      vertex -1.137707e+02  1.726971e+00  2.312740e+02
    endloop
  endfacet
  facet normal  0.000000e+00  0.000000e+00  1.000000e+00
    outer loop
      vertex -1.137707e+02  1.726971e+00  2.312740e+02
      vertex -1.188651e+02  2.118937e+00  2.312740e+02
      vertex -1.190279e+02  1.422623e+00  2.312740e+02
    endloop
  endfacet
  facet normal  -0.000000e+00  0.000000e+00  1.000000e+00
    outer loop
      vertex -1.137707e+02  1.726971e+00  2.312740e+02
      vertex -1.190279e+02  1.422623e+00  2.312740e+02
      vertex -1.139528e+02  1.166671e+00  2.312740e+02
    endloop
  endfacet
  facet normal  0.000000e+00  0.000000e+00  9.999999e-01
    outer loop
      vertex -1.139528e+02  1.166671e+00  2.312740e+02
      vertex -1.190279e+02  1.422623e+00  2.312740e+02
      vertex -1.140631e+02  5.879720e-01  2.312740e+02
    endloop
  endfacet
  facet normal  0.000000e+00  0.000000e+00  1.000000e+00
    outer loop
      vertex -1.140631e+02  5.879720e-01  2.312740e+02
      vertex -1.190279e+02  1.422623e+00  2.312740e+02
      vertex -1.191260e+02  7.143222e-01  2.312740e+02
    endloop
  endfacet
  facet normal  0.000000e+00  0.000000e+00  9.999999e-01
    outer loop
      vertex -1.140631e+02  5.879720e-01  2.312740e+02
      vertex -1.191260e+02  7.143222e-01  2.312740e+02
      vertex -1.141001e+02  4.174795e-16  2.312740e+02
    endloop
  endfacet
  facet normal  0.000000e+00  0.000000e+00  1.000000e+00
    outer loop
      vertex -1.141001e+02  4.174795e-16  2.312740e+02
      vertex -1.191260e+02  7.143222e-01  2.312740e+02
      vertex -1.191589e+02 -6.858308e-13  2.312740e+02
    endloop
  endfacet
  facet normal  -0.000000e+00  0.000000e+00  1.000000e+00
    outer loop
      vertex -1.141001e+02  4.174795e-16  2.312740e+02
      vertex -1.191589e+02 -6.858308e-13  2.312740e+02
      vertex -1.140631e+02 -5.879720e-01  2.312740e+02
    endloop
  endfacet
  facet normal  0.000000e+00  0.000000e+00  1.000000e+00
    outer loop
      vertex -1.140631e+02 -5.879720e-01  2.312740e+02
      vertex -1.191589e+02 -6.858308e-13  2.312740e+02
      vertex -1.191260e+02 -7.143222e-01  2.312740e+02
    endloop
  endfacet
  facet normal  -0.000000e+00  0.000000e+00  1.000000e+00
    outer loop
      vertex -1.140631e+02 -5.879720e-01  2.312740e+02
      vertex -1.191260e+02 -7.143222e-01  2.312740e+02
      vertex -1.139528e+02 -1.166671e+00  2.312740e+02
    endloop
  endfacet
  facet normal  0.000000e+00  0.000000e+00  9.999999e-01
    outer loop
      vertex -1.139528e+02 -1.166671e+00  2.312740e+02
      vertex -1.191260e+02 -7.143222e-01  2.312740e+02
      vertex -1.190279e+02 -1.422623e+00  2.312740e+02
    endloop
  endfacet
  facet normal  -0.000000e+00  0.000000e+00  1.000000e+00
    outer loop
      vertex -1.139528e+02 -1.166671e+00  2.312740e+02
      vertex -1.190279e+02 -1.422623e+00  2.312740e+02
      vertex -1.137707e+02 -1.726971e+00  2.312740e+02
    endloop
  endfacet
  facet normal  0.000000e+00  0.000000e+00  1.000000e+00
    outer loop
      vertex -1.137707e+02 -1.726971e+00  2.312740e+02
      vertex -1.190279e+02 -1.422623e+00  2.312740e+02
      vertex -1.188651e+02 -2.118937e+00  2.312740e+02
    endloop
  endfacet
  facet normal  -0.000000e+00  0.000000e+00  9.999999e-01
    outer loop
      vertex -1.137707e+02 -1.726971e+00  2.312740e+02
      vertex -1.188651e+02 -2.118937e+00  2.312740e+02
      vertex -1.135199e+02 -2.260036e+00  2.312740e+02
    endloop
  endfacet
  facet normal  0.000000e+00  0.000000e+00  1.000000e+00
    outer loop
      vertex -1.135199e+02 -2.260036e+00  2.312740e+02
      vertex -1.188651e+02 -2.118937e+00  2.312740e+02
      vertex -1.132042e+02 -2.757459e+00  2.312740e+02
    endloop
  endfacet
  facet normal  0.000000e+00  0.000000e+00  1.000000e+00
    outer loop
      vertex -1.132042e+02 -2.757459e+00  2.312740e+02
      vertex -1.188651e+02 -2.118937e+00  2.312740e+02
      vertex -1.186392e+02 -2.797399e+00  2.312740e+02
    endloop
  endfacet
  facet normal  -0.000000e+00  0.000000e+00  1.000000e+00
    outer loop
      vertex -1.132042e+02 -2.757459e+00  2.312740e+02
      vertex -1.186392e+02 -2.797399e+00  2.312740e+02
      vertex -1.128287e+02 -3.211395e+00  2.312740e+02
    endloop
  endfacet
  facet normal  0.000000e+00  0.000000e+00  1.000000e+00
    outer loop
      vertex -1.128287e+02 -3.211395e+00  2.312740e+02
      vertex -1.186392e+02 -2.797399e+00  2.312740e+02
      vertex -1.183521e+02 -3.452294e+00  2.312740e+02
    endloop
  endfacet
  facet normal  -0.000000e+00  0.000000e+00  1.000000e+00
    outer loop
      vertex -1.128287e+02 -3.211395e+00  2.312740e+02
      vertex -1.183521e+02 -3.452294e+00  2.312740e+02
      vertex -1.123992e+02 -3.614685e+00  2.312740e+02
    endloop
  endfacet
  facet normal  0.000000e+00  0.000000e+00  9.999999e-01
    outer loop
      vertex -1.123992e+02 -3.614685e+00  2.312740e+02
      vertex -1.183521e+02 -3.452294e+00  2.312740e+02
      vertex -1.119226e+02 -3.960970e+00  2.312740e+02
    endloop
  endfacet
  facet normal  0.000000e+00  0.000000e+00  1.000000e+00
    outer loop
      vertex -1.119226e+02 -3.960970e+00  2.312740e+02
      vertex -1.183521e+02 -3.452294e+00  2.312740e+02
      vertex -1.180061e+02 -4.078103e+00  2.312740e+02
    endloop
  endfacet
  facet normal  -0.000000e+00  0.000000e+00  1.000000e+00
    outer loop
      vertex -1.119226e+02 -3.960970e+00  2.312740e+02
      vertex -1.180061e+02 -4.078103e+00  2.312740e+02
      vertex -1.114063e+02 -4.244787e+00  2.312740e+02
    endloop
  endfacet
  facet normal  0.000000e+00  0.000000e+00  9.999999e-01
    outer loop
      vertex -1.114063e+02 -4.244787e+00  2.312740e+02
      vertex -1.180061e+02 -4.078103e+00  2.312740e+02
      vertex -1.176042e+02 -4.669549e+00  2.312740e+02
    endloop
  endfacet
  facet normal  0.000000e+00  0.000000e+00  1.000000e+00
    outer loop
      vertex -1.114063e+02 -4.244787e+00  2.312740e+02
      vertex -1.176042e+02 -4.669549e+00  2.312740e+02
      vertex -1.108586e+02 -4.461662e+00  2.312740e+02
    endloop
  endfacet
  facet normal  0.000000e+00  1.000000e+00  0.000000e+00
    outer loop
      vertex -1.036589e+02  7.750000e+00  8.300000e+01
      vertex -1.121589e+02  7.750000e+00  8.300000e+01
      vertex -1.036589e+02  7.750000e+00  2.312740e+02
    endloop
  endfacet
  facet normal  0.000000e+00  1.000000e+00  0.000000e+00
    outer loop
      vertex -1.036589e+02  7.750000e+00  2.312740e+02
      vertex -1.121589e+02  7.750000e+00  8.300000e+01
      vertex -1.121589e+02  7.750000e+00  1.400000e+02
    endloop
  endfacet
  facet normal  0.000000e+00  1.000000e+00  0.000000e+00
    outer loop
      vertex -1.036589e+02  7.750000e+00  2.312740e+02
      vertex -1.121589e+02  7.750000e+00  1.400000e+02
      vertex -1.121589e+02  7.750000e+00  2.312740e+02
    endloop
  endfacet
  facet normal -9.989461e-01  4.589955e-02  0.000000e+00
    outer loop
      vertex -1.191589e+02 -6.857688e-13  1.400000e+02
      vertex -1.191260e+02  7.143222e-01  2.312740e+02
      vertex -1.191260e+02  7.143222e-01  1.400000e+02
    endloop
  endfacet
  facet normal -9.905275e-01  1.373148e-01  0.000000e+00
    outer loop
      vertex -1.191260e+02  7.143222e-01  1.400000e+02
      vertex -1.191260e+02  7.143222e-01  2.312740e+02
      vertex -1.190279e+02  1.422623e+00  2.312740e+02
    endloop
  endfacet
  facet normal -9.905275e-01  1.373148e-01  0.000000e+00
    outer loop
      vertex -1.191260e+02  7.143222e-01  1.400000e+02
      vertex -1.190279e+02  1.422623e+00  2.312740e+02
      vertex -1.190279e+02  1.422623e+00  1.400000e+02
    endloop
  endfacet
  facet normal -9.737625e-01  2.275667e-01  0.000000e+00
    outer loop
      vertex -1.190279e+02  1.422623e+00  1.400000e+02
      vertex -1.190279e+02  1.422623e+00  2.312740e+02
      vertex -1.188651e+02  2.118937e+00  2.312740e+02
    endloop
  endfacet
  facet normal -9.737625e-01  2.275667e-01  0.000000e+00
    outer loop
      vertex -1.190279e+02  1.422623e+00  1.400000e+02
      vertex -1.188651e+02  2.118937e+00  2.312740e+02
      vertex -1.188651e+02  2.118937e+00  1.400000e+02
    endloop
  endfacet
  facet normal -9.487967e-01  3.158874e-01  0.000000e+00
    outer loop
      vertex -1.188651e+02  2.118937e+00  1.400000e+02
      vertex -1.188651e+02  2.118937e+00  2.312740e+02
      vertex -1.186392e+02  2.797399e+00  2.312740e+02
    endloop
  endfacet
  facet normal -9.487967e-01  3.158874e-01  0.000000e+00
    outer loop
      vertex -1.188651e+02  2.118937e+00  1.400000e+02
      vertex -1.186392e+02  2.797399e+00  2.312740e+02
      vertex -1.186392e+02  2.797399e+00  1.400000e+02
    endloop
  endfacet
  facet normal -9.158408e-01  4.015415e-01  0.000000e+00
    outer loop
      vertex -1.186392e+02  2.797399e+00  1.400000e+02
      vertex -1.186392e+02  2.797399e+00  2.312740e+02
      vertex -1.183521e+02  3.452294e+00  2.312740e+02
    endloop
  endfacet
  facet normal -9.158408e-01  4.015415e-01  0.000000e+00
    outer loop
      vertex -1.186392e+02  2.797399e+00  1.400000e+02
      vertex -1.183521e+02  3.452294e+00  2.312740e+02
      vertex -1.183521e+02  3.452294e+00  1.400000e+02
    endloop
  endfacet
  facet normal -8.751655e-01  4.838236e-01  0.000000e+00
    outer loop
      vertex -1.183521e+02  3.452294e+00  1.400000e+02
      vertex -1.183521e+02  3.452294e+00  2.312740e+02
      vertex -1.180061e+02  4.078103e+00  2.312740e+02
    endloop
  endfacet
  facet normal -8.751655e-01  4.838236e-01  0.000000e+00
    outer loop
      vertex -1.183521e+02  3.452294e+00  1.400000e+02
      vertex -1.180061e+02  4.078103e+00  2.312740e+02
      vertex -1.180061e+02  4.078103e+00  1.400000e+02
    endloop
  endfacet
  facet normal -8.271102e-01  5.620397e-01  0.000000e+00
    outer loop
      vertex -1.180061e+02  4.078103e+00  1.400000e+02
      vertex -1.180061e+02  4.078103e+00  2.312740e+02
      vertex -1.176042e+02  4.669549e+00  2.312740e+02
    endloop
  endfacet
  facet normal -8.271102e-01  5.620397e-01  0.000000e+00
    outer loop
      vertex -1.180061e+02  4.078103e+00  1.400000e+02
      vertex -1.176042e+02  4.669549e+00  2.312740e+02
      vertex -1.176042e+02  4.669549e+00  1.400000e+02
    endloop
  endfacet
  facet normal -7.720852e-01  6.355190e-01  0.000000e+00
    outer loop
      vertex -1.176042e+02  4.669549e+00  1.400000e+02
      vertex -1.176042e+02  4.669549e+00  2.312740e+02
      vertex -1.171498e+02  5.221650e+00  2.312740e+02
    endloop
  endfacet
  facet normal -7.720852e-01  6.355190e-01  0.000000e+00
    outer loop
      vertex -1.176042e+02  4.669549e+00  1.400000e+02
      vertex -1.171498e+02  5.221650e+00  2.312740e+02
      vertex -1.171498e+02  5.221650e+00  1.400000e+02
    endloop
  endfacet
  facet normal -7.105595e-01  7.036370e-01  0.000000e+00
    outer loop
      vertex -1.171498e+02  5.221650e+00  1.400000e+02
      vertex -1.171498e+02  5.221650e+00  2.312740e+02
      vertex -1.166466e+02  5.729751e+00  2.312740e+02
    endloop
  endfacet
  facet normal -7.105595e-01  7.036370e-01  0.000000e+00
    outer loop
      vertex -1.171498e+02  5.221650e+00  1.400000e+02
      vertex -1.166466e+02  5.729751e+00  2.312740e+02
      vertex -1.166466e+02  5.729751e+00  1.400000e+02
    endloop
  endfacet
  facet normal -6.430342e-01  7.658375e-01  0.000000e+00
    outer loop
      vertex -1.166466e+02  5.729751e+00  1.400000e+02
      vertex -1.166466e+02  5.729751e+00  2.312740e+02
      vertex -1.160990e+02  6.189568e+00  2.312740e+02
    endloop
  endfacet
  facet normal -6.430342e-01  7.658375e-01  0.000000e+00
    outer loop
      vertex -1.166466e+02  5.729751e+00  1.400000e+02
      vertex -1.160990e+02  6.189568e+00  2.312740e+02
      vertex -1.160990e+02  6.189568e+00  1.400000e+02
    endloop
  endfacet
  facet normal -5.700957e-01  8.215783e-01  0.000000e+00
    outer loop
      vertex -1.160990e+02  6.189568e+00  1.400000e+02
      vertex -1.160990e+02  6.189568e+00  2.312740e+02
      vertex -1.155115e+02  6.597231e+00  2.312740e+02
    endloop
  endfacet
  facet normal -5.700957e-01  8.215783e-01  0.000000e+00
    outer loop
      vertex -1.160990e+02  6.189568e+00  1.400000e+02
      vertex -1.155115e+02  6.597231e+00  2.312740e+02
      vertex -1.155115e+02  6.597231e+00  1.400000e+02
    endloop
  endfacet
  facet normal -4.923706e-01  8.703856e-01  0.000000e+00
    outer loop
      vertex -1.155115e+02  6.597231e+00  1.400000e+02
      vertex -1.155115e+02  6.597231e+00  2.312740e+02
      vertex -1.148891e+02  6.949313e+00  2.312740e+02
    endloop
  endfacet
  facet normal -4.923706e-01  8.703856e-01  0.000000e+00
    outer loop
      vertex -1.155115e+02  6.597231e+00  1.400000e+02
      vertex -1.148891e+02  6.949313e+00  2.312740e+02
      vertex -1.148891e+02  6.949313e+00  1.400000e+02
    endloop
  endfacet
  facet normal -4.104949e-01  9.118629e-01  0.000000e+00
    outer loop
      vertex -1.148891e+02  6.949313e+00  1.400000e+02
      vertex -1.148891e+02  6.949313e+00  2.312740e+02
      vertex -1.142371e+02  7.242849e+00  2.312740e+02
    endloop
  endfacet
  facet normal -4.104949e-01  9.118629e-01  0.000000e+00
    outer loop
      vertex -1.148891e+02  6.949313e+00  1.400000e+02
      vertex -1.142371e+02  7.242849e+00  2.312740e+02
      vertex -1.142371e+02  7.242849e+00  1.400000e+02
    endloop
  endfacet
  facet normal -3.251624e-01  9.456582e-01  0.000000e+00
    outer loop
      vertex -1.142371e+02  7.242849e+00  1.400000e+02
      vertex -1.142371e+02  7.242849e+00  2.312740e+02
      vertex -1.135609e+02  7.475365e+00  2.312740e+02
    endloop
  endfacet
  facet normal -3.251624e-01  9.456582e-01  0.000000e+00
    outer loop
      vertex -1.142371e+02  7.242849e+00  1.400000e+02
      vertex -1.135609e+02  7.475365e+00  2.312740e+02
      vertex -1.135609e+02  7.475365e+00  1.400000e+02
    endloop
  endfacet
  facet normal -2.370772e-01  9.714908e-01  0.000000e+00
    outer loop
      vertex -1.135609e+02  7.475365e+00  1.400000e+02
      vertex -1.135609e+02  7.475365e+00  2.312740e+02
      vertex -1.128662e+02  7.644892e+00  2.312740e+02
    endloop
  endfacet
  facet normal -2.370772e-01  9.714908e-01  0.000000e+00
    outer loop
      vertex -1.135609e+02  7.475365e+00  1.400000e+02
      vertex -1.128662e+02  7.644892e+00  2.312740e+02
      vertex -1.128662e+02  7.644892e+00  1.400000e+02
    endloop
  endfacet
  facet normal -1.469889e-01  9.891382e-01  0.000000e+00
    outer loop
      vertex -1.128662e+02  7.644892e+00  1.400000e+02
      vertex -1.128662e+02  7.644892e+00  2.312740e+02
      vertex -1.121589e+02  7.750000e+00  2.312740e+02
    endloop
  endfacet
  facet normal -1.469889e-01  9.891382e-01  0.000000e+00
    outer loop
      vertex -1.128662e+02  7.644892e+00  1.400000e+02
      vertex -1.121589e+02  7.750000e+00  2.312740e+02
      vertex -1.121589e+02  7.750000e+00  1.400000e+02
    endloop
  endfacet
  facet normal -9.989461e-01  4.589955e-02  3.115931e-20
    outer loop
      vertex -1.191260e+02  7.143222e-01  2.312740e+02
      vertex -1.191589e+02 -6.857688e-13  1.400000e+02
      vertex -1.191589e+02 -6.858308e-13  2.312740e+02
    endloop
  endfacet
  facet normal -9.989461e-01 -4.589955e-02 -3.115931e-20
    outer loop
      vertex -1.191589e+02 -6.858308e-13  2.312740e+02
      vertex -1.191589e+02 -6.857688e-13  1.400000e+02
      vertex -1.191260e+02 -7.143222e-01  1.400000e+02
    endloop
  endfacet
  facet normal -9.989461e-01 -4.589955e-02  0.000000e+00
    outer loop
      vertex -1.191589e+02 -6.858308e-13  2.312740e+02
      vertex -1.191260e+02 -7.143222e-01  1.400000e+02
      vertex -1.191260e+02 -7.143222e-01  2.312740e+02
    endloop
  endfacet
  facet normal -9.905275e-01 -1.373148e-01  -0.000000e+00
    outer loop
      vertex -1.191260e+02 -7.143222e-01  2.312740e+02
      vertex -1.191260e+02 -7.143222e-01  1.400000e+02
      vertex -1.190279e+02 -1.422623e+00  1.400000e+02
    endloop
  endfacet
  facet normal -9.905275e-01 -1.373148e-01  0.000000e+00
    outer loop
      vertex -1.191260e+02 -7.143222e-01  2.312740e+02
      vertex -1.190279e+02 -1.422623e+00  1.400000e+02
      vertex -1.190279e+02 -1.422623e+00  2.312740e+02
    endloop
  endfacet
  facet normal -9.737625e-01 -2.275667e-01  -0.000000e+00
    outer loop
      vertex -1.190279e+02 -1.422623e+00  2.312740e+02
      vertex -1.190279e+02 -1.422623e+00  1.400000e+02
      vertex -1.188651e+02 -2.118937e+00  1.400000e+02
    endloop
  endfacet
  facet normal -9.737625e-01 -2.275667e-01  0.000000e+00
    outer loop
      vertex -1.190279e+02 -1.422623e+00  2.312740e+02
      vertex -1.188651e+02 -2.118937e+00  1.400000e+02
      vertex -1.188651e+02 -2.118937e+00  2.312740e+02
    endloop
  endfacet
  facet normal -9.487967e-01 -3.158874e-01  -0.000000e+00
    outer loop
      vertex -1.188651e+02 -2.118937e+00  2.312740e+02
      vertex -1.188651e+02 -2.118937e+00  1.400000e+02
      vertex -1.186392e+02 -2.797399e+00  1.400000e+02
    endloop
  endfacet
  facet normal -9.487967e-01 -3.158874e-01  0.000000e+00
    outer loop
      vertex -1.188651e+02 -2.118937e+00  2.312740e+02
      vertex -1.186392e+02 -2.797399e+00  1.400000e+02
      vertex -1.186392e+02 -2.797399e+00  2.312740e+02
    endloop
  endfacet
  facet normal -9.158408e-01 -4.015415e-01  -0.000000e+00
    outer loop
      vertex -1.186392e+02 -2.797399e+00  2.312740e+02
      vertex -1.186392e+02 -2.797399e+00  1.400000e+02
      vertex -1.183521e+02 -3.452294e+00  1.400000e+02
    endloop
  endfacet
  facet normal -9.158408e-01 -4.015415e-01  0.000000e+00
    outer loop
      vertex -1.186392e+02 -2.797399e+00  2.312740e+02
      vertex -1.183521e+02 -3.452294e+00  1.400000e+02
      vertex -1.183521e+02 -3.452294e+00  2.312740e+02
    endloop
  endfacet
  facet normal -8.751655e-01 -4.838236e-01  -0.000000e+00
    outer loop
      vertex -1.183521e+02 -3.452294e+00  2.312740e+02
      vertex -1.183521e+02 -3.452294e+00  1.400000e+02
      vertex -1.180061e+02 -4.078103e+00  1.400000e+02
    endloop
  endfacet
  facet normal -8.751655e-01 -4.838236e-01  0.000000e+00
    outer loop
      vertex -1.183521e+02 -3.452294e+00  2.312740e+02
      vertex -1.180061e+02 -4.078103e+00  1.400000e+02
      vertex -1.180061e+02 -4.078103e+00  2.312740e+02
    endloop
  endfacet
  facet normal -8.271102e-01 -5.620397e-01  -0.000000e+00
    outer loop
      vertex -1.180061e+02 -4.078103e+00  2.312740e+02
      vertex -1.180061e+02 -4.078103e+00  1.400000e+02
      vertex -1.176042e+02 -4.669549e+00  1.400000e+02
    endloop
  endfacet
  facet normal -8.271102e-01 -5.620397e-01  0.000000e+00
    outer loop
      vertex -1.180061e+02 -4.078103e+00  2.312740e+02
      vertex -1.176042e+02 -4.669549e+00  1.400000e+02
      vertex -1.176042e+02 -4.669549e+00  2.312740e+02
    endloop
  endfacet
  facet normal -7.720852e-01 -6.355190e-01  -0.000000e+00
    outer loop
      vertex -1.176042e+02 -4.669549e+00  2.312740e+02
      vertex -1.176042e+02 -4.669549e+00  1.400000e+02
      vertex -1.171498e+02 -5.221650e+00  1.400000e+02
    endloop
  endfacet
  facet normal -7.720852e-01 -6.355190e-01  0.000000e+00
    outer loop
      vertex -1.176042e+02 -4.669549e+00  2.312740e+02
      vertex -1.171498e+02 -5.221650e+00  1.400000e+02
      vertex -1.171498e+02 -5.221650e+00  2.312740e+02
    endloop
  endfacet
  facet normal -7.105595e-01 -7.036370e-01  -0.000000e+00
    outer loop
      vertex -1.171498e+02 -5.221650e+00  2.312740e+02
      vertex -1.171498e+02 -5.221650e+00  1.400000e+02
      vertex -1.166466e+02 -5.729751e+00  1.400000e+02
    endloop
  endfacet
  facet normal -7.105595e-01 -7.036370e-01  0.000000e+00
    outer loop
      vertex -1.171498e+02 -5.221650e+00  2.312740e+02
      vertex -1.166466e+02 -5.729751e+00  1.400000e+02
      vertex -1.166466e+02 -5.729751e+00  2.312740e+02
    endloop
  endfacet
  facet normal -6.430342e-01 -7.658375e-01  -0.000000e+00
    outer loop
      vertex -1.166466e+02 -5.729751e+00  2.312740e+02
      vertex -1.166466e+02 -5.729751e+00  1.400000e+02
      vertex -1.160990e+02 -6.189568e+00  1.400000e+02
    endloop
  endfacet
  facet normal -6.430342e-01 -7.658375e-01  0.000000e+00
    outer loop
      vertex -1.166466e+02 -5.729751e+00  2.312740e+02
      vertex -1.160990e+02 -6.189568e+00  1.400000e+02
      vertex -1.160990e+02 -6.189568e+00  2.312740e+02
    endloop
  endfacet
  facet normal -5.700957e-01 -8.215783e-01  -0.000000e+00
    outer loop
      vertex -1.160990e+02 -6.189568e+00  2.312740e+02
      vertex -1.160990e+02 -6.189568e+00  1.400000e+02
      vertex -1.155115e+02 -6.597231e+00  1.400000e+02
    endloop
  endfacet
  facet normal -5.700957e-01 -8.215783e-01  0.000000e+00
    outer loop
      vertex -1.160990e+02 -6.189568e+00  2.312740e+02
      vertex -1.155115e+02 -6.597231e+00  1.400000e+02
      vertex -1.155115e+02 -6.597231e+00  2.312740e+02
    endloop
  endfacet
  facet normal -4.923706e-01 -8.703856e-01  -0.000000e+00
    outer loop
      vertex -1.155115e+02 -6.597231e+00  2.312740e+02
      vertex -1.155115e+02 -6.597231e+00  1.400000e+02
      vertex -1.148891e+02 -6.949313e+00  1.400000e+02
    endloop
  endfacet
  facet normal -4.923706e-01 -8.703856e-01  0.000000e+00
    outer loop
      vertex -1.155115e+02 -6.597231e+00  2.312740e+02
      vertex -1.148891e+02 -6.949313e+00  1.400000e+02
      vertex -1.148891e+02 -6.949313e+00  2.312740e+02
    endloop
  endfacet
  facet normal -4.104949e-01 -9.118629e-01  -0.000000e+00
    outer loop
      vertex -1.148891e+02 -6.949313e+00  2.312740e+02
      vertex -1.148891e+02 -6.949313e+00  1.400000e+02
      vertex -1.142371e+02 -7.242849e+00  1.400000e+02
    endloop
  endfacet
  facet normal -4.104949e-01 -9.118629e-01  0.000000e+00
    outer loop
      vertex -1.148891e+02 -6.949313e+00  2.312740e+02
      vertex -1.142371e+02 -7.242849e+00  1.400000e+02
      vertex -1.142371e+02 -7.242849e+00  2.312740e+02
    endloop
  endfacet
  facet normal -3.251624e-01 -9.456582e-01  -0.000000e+00
    outer loop
      vertex -1.142371e+02 -7.242849e+00  2.312740e+02
      vertex -1.142371e+02 -7.242849e+00  1.400000e+02
      vertex -1.135609e+02 -7.475365e+00  1.400000e+02
    endloop
  endfacet
  facet normal -3.251624e-01 -9.456582e-01  0.000000e+00
    outer loop
      vertex -1.142371e+02 -7.242849e+00  2.312740e+02
      vertex -1.135609e+02 -7.475365e+00  1.400000e+02
      vertex -1.135609e+02 -7.475365e+00  2.312740e+02
    endloop
  endfacet
  facet normal -2.370772e-01 -9.714908e-01  -0.000000e+00
    outer loop
      vertex -1.135609e+02 -7.475365e+00  2.312740e+02
      vertex -1.135609e+02 -7.475365e+00  1.400000e+02
      vertex -1.128662e+02 -7.644892e+00  1.400000e+02
    endloop
  endfacet
  facet normal -2.370772e-01 -9.714908e-01  0.000000e+00
    outer loop
      vertex -1.135609e+02 -7.475365e+00  2.312740e+02
      vertex -1.128662e+02 -7.644892e+00  1.400000e+02
      vertex -1.128662e+02 -7.644892e+00  2.312740e+02
    endloop
  endfacet
  facet normal -1.469889e-01 -9.891382e-01  -0.000000e+00
    outer loop
      vertex -1.128662e+02 -7.644892e+00  2.312740e+02
      vertex -1.128662e+02 -7.644892e+00  1.400000e+02
      vertex -1.121589e+02 -7.750000e+00  1.400000e+02
    endloop
  endfacet
  facet normal -1.469889e-01 -9.891382e-01  0.000000e+00
    outer loop
      vertex -1.128662e+02 -7.644892e+00  2.312740e+02
      vertex -1.121589e+02 -7.750000e+00  1.400000e+02
      vertex -1.121589e+02 -7.750000e+00  2.312740e+02
    endloop
  endfacet
  facet normal  9.801622e-02  9.951848e-01  0.000000e+00
    outer loop
      vertex -1.036589e+02  7.750000e+00  8.300000e+01
      vertex -1.036589e+02  7.750000e+00  2.312740e+02
      vertex -1.032687e+02  7.711571e+00  8.300000e+01
    endloop
  endfacet
  facet normal  9.801622e-02  9.951848e-01  -0.000000e+00
    outer loop
      vertex -1.032687e+02  7.711571e+00  8.300000e+01
      vertex -1.036589e+02  7.750000e+00  2.312740e+02
      vertex -1.032687e+02  7.711571e+00  2.312740e+02
    endloop
  endfacet
  facet normal  2.902869e-01  9.569396e-01  0.000000e+00
    outer loop
      vertex -1.032687e+02  7.711571e+00  8.300000e+01
      vertex -1.032687e+02  7.711571e+00  2.312740e+02
      vertex -1.028935e+02  7.597759e+00  8.300000e+01
    endloop
  endfacet
  facet normal  2.902869e-01  9.569396e-01  -0.000000e+00
    outer loop
      vertex -1.028935e+02  7.597759e+00  8.300000e+01
      vertex -1.032687e+02  7.711571e+00  2.312740e+02
      vertex -1.028935e+02  7.597759e+00  2.312740e+02
    endloop
  endfacet
  facet normal  4.713912e-01  8.819242e-01  0.000000e+00
    outer loop
      vertex -1.028935e+02  7.597759e+00  8.300000e+01
      vertex -1.028935e+02  7.597759e+00  2.312740e+02
      vertex -1.025477e+02  7.412939e+00  8.300000e+01
    endloop
  endfacet
  facet normal  4.713912e-01  8.819242e-01  -0.000000e+00
    outer loop
      vertex -1.025477e+02  7.412939e+00  8.300000e+01
      vertex -1.028935e+02  7.597759e+00  2.312740e+02
      vertex -1.025477e+02  7.412939e+00  2.312740e+02
    endloop
  endfacet
  facet normal  6.343967e-01  7.730076e-01  0.000000e+00
    outer loop
      vertex -1.025477e+02  7.412939e+00  8.300000e+01
      vertex -1.025477e+02  7.412939e+00  2.312740e+02
      vertex -1.022447e+02  7.164214e+00  8.300000e+01
    endloop
  endfacet
  facet normal  6.343967e-01  7.730076e-01  -0.000000e+00
    outer loop
      vertex -1.022447e+02  7.164214e+00  8.300000e+01
      vertex -1.025477e+02  7.412939e+00  2.312740e+02
      vertex -1.022447e+02  7.164214e+00  2.312740e+02
    endloop
  endfacet
  facet normal  7.730105e-01  6.343932e-01  0.000000e+00
    outer loop
      vertex -1.022447e+02  7.164214e+00  8.300000e+01
      vertex -1.022447e+02  7.164214e+00  2.312740e+02
      vertex -1.019959e+02  6.861140e+00  8.300000e+01
    endloop
  endfacet
  facet normal  7.730105e-01  6.343932e-01  -0.000000e+00
    outer loop
      vertex -1.019959e+02  6.861140e+00  8.300000e+01
      vertex -1.022447e+02  7.164214e+00  2.312740e+02
      vertex -1.019959e+02  6.861140e+00  2.312740e+02
    endloop
  endfacet
  facet normal  8.819187e-01  4.714016e-01  0.000000e+00
    outer loop
      vertex -1.019959e+02  6.861140e+00  8.300000e+01
      vertex -1.019959e+02  6.861140e+00  2.312740e+02
      vertex -1.018111e+02  6.515367e+00  8.300000e+01
    endloop
  endfacet
  facet normal  8.819187e-01  4.714016e-01  -0.000000e+00
    outer loop
      vertex -1.018111e+02  6.515367e+00  8.300000e+01
      vertex -1.019959e+02  6.861140e+00  2.312740e+02
      vertex -1.018111e+02  6.515367e+00  2.312740e+02
    endloop
  endfacet
  facet normal  9.569431e-01  2.902756e-01  0.000000e+00
    outer loop
      vertex -1.018111e+02  6.515367e+00  8.300000e+01
      vertex -1.018111e+02  6.515367e+00  2.312740e+02
      vertex -1.016973e+02  6.140181e+00  8.300000e+01
    endloop
  endfacet
  facet normal  9.569431e-01  2.902756e-01  -0.000000e+00
    outer loop
      vertex -1.016973e+02  6.140181e+00  8.300000e+01
      vertex -1.018111e+02  6.515367e+00  2.312740e+02
      vertex -1.016973e+02  6.140181e+00  2.312740e+02
    endloop
  endfacet
  facet normal  9.951848e-01  9.801669e-02  0.000000e+00
    outer loop
      vertex -1.016973e+02  6.140181e+00  8.300000e+01
      vertex -1.016973e+02  6.140181e+00  2.312740e+02
      vertex -1.016589e+02  5.750000e+00  8.300000e+01
    endloop
  endfacet
  facet normal  9.951848e-01  9.801669e-02  -0.000000e+00
    outer loop
      vertex -1.016589e+02  5.750000e+00  8.300000e+01
      vertex -1.016973e+02  6.140181e+00  2.312740e+02
      vertex -1.016589e+02  5.750000e+00  2.312740e+02
    endloop
  endfacet
  facet normal  0.000000e+00 -1.000000e+00  0.000000e+00
    outer loop
      vertex -1.121589e+02 -7.750000e+00  2.312740e+02
      vertex -1.121589e+02 -7.750000e+00  1.400000e+02
      vertex -1.036589e+02 -7.750000e+00  2.312740e+02
    endloop
  endfacet
  facet normal  0.000000e+00 -1.000000e+00  0.000000e+00
    outer loop
      vertex -1.036589e+02 -7.750000e+00  2.312740e+02
      vertex -1.121589e+02 -7.750000e+00  1.400000e+02
      vertex -1.121589e+02 -7.750000e+00  8.300000e+01
    endloop
  endfacet
  facet normal  0.000000e+00 -1.000000e+00  0.000000e+00
    outer loop
      vertex -1.036589e+02 -7.750000e+00  2.312740e+02
      vertex -1.121589e+02 -7.750000e+00  8.300000e+01
      vertex -1.036589e+02 -7.750000e+00  8.300000e+01
    endloop
  endfacet
  facet normal  9.951848e-01 -9.801669e-02  0.000000e+00
    outer loop
      vertex -1.016589e+02 -5.750000e+00  8.300000e+01
      vertex -1.016589e+02 -5.750000e+00  2.312740e+02
      vertex -1.016973e+02 -6.140181e+00  8.300000e+01
    endloop
  endfacet
  facet normal  9.951848e-01 -9.801669e-02  0.000000e+00
    outer loop
      vertex -1.016973e+02 -6.140181e+00  8.300000e+01
      vertex -1.016589e+02 -5.750000e+00  2.312740e+02
      vertex -1.016973e+02 -6.140181e+00  2.312740e+02
    endloop
  endfacet
  facet normal  9.569431e-01 -2.902756e-01  0.000000e+00
    outer loop
      vertex -1.016973e+02 -6.140181e+00  8.300000e+01
      vertex -1.016973e+02 -6.140181e+00  2.312740e+02
      vertex -1.018111e+02 -6.515367e+00  8.300000e+01
    endloop
  endfacet
  facet normal  9.569431e-01 -2.902756e-01  0.000000e+00
    outer loop
      vertex -1.018111e+02 -6.515367e+00  8.300000e+01
      vertex -1.016973e+02 -6.140181e+00  2.312740e+02
      vertex -1.018111e+02 -6.515367e+00  2.312740e+02
    endloop
  endfacet
  facet normal  8.819187e-01 -4.714016e-01  0.000000e+00
    outer loop
      vertex -1.018111e+02 -6.515367e+00  8.300000e+01
      vertex -1.018111e+02 -6.515367e+00  2.312740e+02
      vertex -1.019959e+02 -6.861140e+00  8.300000e+01
    endloop
  endfacet
  facet normal  8.819187e-01 -4.714016e-01  0.000000e+00
    outer loop
      vertex -1.019959e+02 -6.861140e+00  8.300000e+01
      vertex -1.018111e+02 -6.515367e+00  2.312740e+02
      vertex -1.019959e+02 -6.861140e+00  2.312740e+02
    endloop
  endfacet
  facet normal  7.730105e-01 -6.343932e-01  0.000000e+00
    outer loop
      vertex -1.019959e+02 -6.861140e+00  8.300000e+01
      vertex -1.019959e+02 -6.861140e+00  2.312740e+02
      vertex -1.022447e+02 -7.164214e+00  8.300000e+01
    endloop
  endfacet
  facet normal  7.730105e-01 -6.343932e-01  0.000000e+00
    outer loop
      vertex -1.022447e+02 -7.164214e+00  8.300000e+01
      vertex -1.019959e+02 -6.861140e+00  2.312740e+02
      vertex -1.022447e+02 -7.164214e+00  2.312740e+02
    endloop
  endfacet
  facet normal  6.343967e-01 -7.730076e-01  0.000000e+00
    outer loop
      vertex -1.022447e+02 -7.164214e+00  8.300000e+01
      vertex -1.022447e+02 -7.164214e+00  2.312740e+02
      vertex -1.025477e+02 -7.412939e+00  8.300000e+01
    endloop
  endfacet
  facet normal  6.343967e-01 -7.730076e-01  0.000000e+00
    outer loop
      vertex -1.025477e+02 -7.412939e+00  8.300000e+01
      vertex -1.022447e+02 -7.164214e+00  2.312740e+02
      vertex -1.025477e+02 -7.412939e+00  2.312740e+02
    endloop
  endfacet
  facet normal  4.713912e-01 -8.819242e-01  0.000000e+00
    outer loop
      vertex -1.025477e+02 -7.412939e+00  8.300000e+01
      vertex -1.025477e+02 -7.412939e+00  2.312740e+02
      vertex -1.028935e+02 -7.597759e+00  8.300000e+01
    endloop
  endfacet
  facet normal  4.713912e-01 -8.819242e-01  0.000000e+00
    outer loop
      vertex -1.028935e+02 -7.597759e+00  8.300000e+01
      vertex -1.025477e+02 -7.412939e+00  2.312740e+02
      vertex -1.028935e+02 -7.597759e+00  2.312740e+02
    endloop
  endfacet
  facet normal  2.902869e-01 -9.569396e-01  0.000000e+00
    outer loop
      vertex -1.028935e+02 -7.597759e+00  8.300000e+01
      vertex -1.028935e+02 -7.597759e+00  2.312740e+02
      vertex -1.032687e+02 -7.711571e+00  8.300000e+01
    endloop
  endfacet
  facet normal  2.902869e-01 -9.569396e-01  0.000000e+00
    outer loop
      vertex -1.032687e+02 -7.711571e+00  8.300000e+01
      vertex -1.028935e+02 -7.597759e+00  2.312740e+02
      vertex -1.032687e+02 -7.711571e+00  2.312740e+02
    endloop
  endfacet
  facet normal  9.801622e-02 -9.951848e-01  0.000000e+00
    outer loop
      vertex -1.032687e+02 -7.711571e+00  8.300000e+01
      vertex -1.032687e+02 -7.711571e+00  2.312740e+02
      vertex -1.036589e+02 -7.750000e+00  8.300000e+01
    endloop
  endfacet
  facet normal  9.801622e-02 -9.951848e-01  0.000000e+00
    outer loop
      vertex -1.036589e+02 -7.750000e+00  8.300000e+01
      vertex -1.032687e+02 -7.711571e+00  2.312740e+02
      vertex -1.036589e+02 -7.750000e+00  2.312740e+02
    endloop
  endfacet
  facet normal  9.999999e-01  0.000000e+00  0.000000e+00
    outer loop
      vertex -1.016589e+02 -5.750000e+00  2.312740e+02
      vertex -1.016589e+02 -5.750000e+00  8.300000e+01
      vertex -1.016589e+02  2.602560e-15  2.312740e+02
    endloop
  endfacet
  facet normal  9.999999e-01  0.000000e+00  0.000000e+00
    outer loop
      vertex -1.016589e+02  2.602560e-15  2.312740e+02
      vertex -1.016589e+02 -5.750000e+00  8.300000e+01
      vertex -1.016589e+02  3.870305e-17  8.300000e+01
    endloop
  endfacet
  facet normal  9.999999e-01  0.000000e+00  0.000000e+00
    outer loop
      vertex -1.016589e+02  2.602560e-15  2.312740e+02
      vertex -1.016589e+02  3.870305e-17  8.300000e+01
      vertex -1.016589e+02  5.750000e+00  2.312740e+02
    endloop
  endfacet
  facet normal  9.999999e-01  0.000000e+00  0.000000e+00
    outer loop
      vertex -1.016589e+02  5.750000e+00  2.312740e+02
      vertex -1.016589e+02  3.870305e-17  8.300000e+01
      vertex -1.016589e+02  5.750000e+00  8.300000e+01
    endloop
  endfacet
  facet normal  1.253328e-01 -9.921147e-01  0.000000e+00
    outer loop
      vertex -1.097034e+02  4.682012e+00  1.400000e+02
      vertex -1.102879e+02  4.608174e+00  2.312740e+02
      vertex -1.102879e+02  4.608174e+00  1.400000e+02
    endloop
  endfacet
  facet normal  2.486874e-01 -9.685838e-01  0.000000e+00
    outer loop
      vertex -1.102879e+02  4.608174e+00  1.400000e+02
      vertex -1.102879e+02  4.608174e+00  2.312740e+02
      vertex -1.108586e+02  4.461662e+00  2.312740e+02
    endloop
  endfacet
  facet normal  2.486874e-01 -9.685838e-01  0.000000e+00
    outer loop
      vertex -1.102879e+02  4.608174e+00  1.400000e+02
      vertex -1.108586e+02  4.461662e+00  2.312740e+02
      vertex -1.108586e+02  4.461662e+00  1.400000e+02
    endloop
  endfacet
  facet normal  3.681268e-01 -9.297756e-01  0.000000e+00
    outer loop
      vertex -1.108586e+02  4.461662e+00  1.400000e+02
      vertex -1.108586e+02  4.461662e+00  2.312740e+02
      vertex -1.114063e+02  4.244787e+00  2.312740e+02
    endloop
  endfacet
  facet normal  3.681268e-01 -9.297756e-01  0.000000e+00
    outer loop
      vertex -1.108586e+02  4.461662e+00  1.400000e+02
      vertex -1.114063e+02  4.244787e+00  2.312740e+02
      vertex -1.114063e+02  4.244787e+00  1.400000e+02
    endloop
  endfacet
  facet normal  4.817510e-01 -8.763081e-01  0.000000e+00
    outer loop
      vertex -1.114063e+02  4.244787e+00  1.400000e+02
      vertex -1.114063e+02  4.244787e+00  2.312740e+02
      vertex -1.119226e+02  3.960970e+00  2.312740e+02
    endloop
  endfacet
  facet normal  4.817510e-01 -8.763081e-01  0.000000e+00
    outer loop
      vertex -1.114063e+02  4.244787e+00  1.400000e+02
      vertex -1.119226e+02  3.960970e+00  2.312740e+02
      vertex -1.119226e+02  3.960970e+00  1.400000e+02
    endloop
  endfacet
  facet normal  5.877885e-01 -8.090147e-01  0.000000e+00
    outer loop
      vertex -1.119226e+02  3.960970e+00  1.400000e+02
      vertex -1.119226e+02  3.960970e+00  2.312740e+02
      vertex -1.123992e+02  3.614685e+00  2.312740e+02
    endloop
  endfacet
  facet normal  5.877885e-01 -8.090147e-01  0.000000e+00
    outer loop
      vertex -1.119226e+02  3.960970e+00  1.400000e+02
      vertex -1.123992e+02  3.614685e+00  2.312740e+02
      vertex -1.123992e+02  3.614685e+00  1.400000e+02
    endloop
  endfacet
  facet normal  6.845487e-01 -7.289671e-01  0.000000e+00
    outer loop
      vertex -1.123992e+02  3.614685e+00  1.400000e+02
      vertex -1.123992e+02  3.614685e+00  2.312740e+02
      vertex -1.128287e+02  3.211395e+00  2.312740e+02
    endloop
  endfacet
  facet normal  6.845487e-01 -7.289671e-01  0.000000e+00
    outer loop
      vertex -1.123992e+02  3.614685e+00  1.400000e+02
      vertex -1.128287e+02  3.211395e+00  2.312740e+02
      vertex -1.128287e+02  3.211395e+00  1.400000e+02
    endloop
  endfacet
  facet normal  7.705085e-01 -6.374297e-01  0.000000e+00
    outer loop
      vertex -1.128287e+02  3.211395e+00  1.400000e+02
      vertex -1.128287e+02  3.211395e+00  2.312740e+02
      vertex -1.132042e+02  2.757459e+00  2.312740e+02
    endloop
  endfacet
  facet normal  7.705085e-01 -6.374297e-01  0.000000e+00
    outer loop
      vertex -1.128287e+02  3.211395e+00  1.400000e+02
      vertex -1.132042e+02  2.757459e+00  2.312740e+02
      vertex -1.132042e+02  2.757459e+00  1.400000e+02
    endloop
  endfacet
  facet normal  8.443280e-01 -5.358265e-01  0.000000e+00
    outer loop
      vertex -1.132042e+02  2.757459e+00  1.400000e+02
      vertex -1.132042e+02  2.757459e+00  2.312740e+02
      vertex -1.135199e+02  2.260036e+00  2.312740e+02
    endloop
  endfacet
  facet normal  8.443280e-01 -5.358265e-01  0.000000e+00
    outer loop
      vertex -1.132042e+02  2.757459e+00  1.400000e+02
      vertex -1.135199e+02  2.260036e+00  2.312740e+02
      vertex -1.135199e+02  2.260036e+00  1.400000e+02
    endloop
  endfacet
  facet normal  9.048284e-01 -4.257765e-01  0.000000e+00
    outer loop
      vertex -1.135199e+02  2.260036e+00  1.400000e+02
      vertex -1.135199e+02  2.260036e+00  2.312740e+02
      vertex -1.137707e+02  1.726971e+00  2.312740e+02
    endloop
  endfacet
  facet normal  9.048284e-01 -4.257765e-01  0.000000e+00
    outer loop
      vertex -1.135199e+02  2.260036e+00  1.400000e+02
      vertex -1.137707e+02  1.726971e+00  2.312740e+02
      vertex -1.137707e+02  1.726971e+00  1.400000e+02
    endloop
  endfacet
  facet normal  9.510564e-01 -3.090171e-01  0.000000e+00
    outer loop
      vertex -1.137707e+02  1.726971e+00  1.400000e+02
      vertex -1.137707e+02  1.726971e+00  2.312740e+02
      vertex -1.139528e+02  1.166671e+00  2.312740e+02
    endloop
  endfacet
  facet normal  9.510564e-01 -3.090171e-01  0.000000e+00
    outer loop
      vertex -1.137707e+02  1.726971e+00  1.400000e+02
      vertex -1.139528e+02  1.166671e+00  2.312740e+02
      vertex -1.139528e+02  1.166671e+00  1.400000e+02
    endloop
  endfacet
  facet normal  9.822882e-01 -1.873762e-01  0.000000e+00
    outer loop
      vertex -1.139528e+02  1.166671e+00  1.400000e+02
      vertex -1.139528e+02  1.166671e+00  2.312740e+02
      vertex -1.140631e+02  5.879720e-01  2.312740e+02
    endloop
  endfacet
  facet normal  9.822882e-01 -1.873762e-01  0.000000e+00
    outer loop
      vertex -1.139528e+02  1.166671e+00  1.400000e+02
      vertex -1.140631e+02  5.879720e-01  2.312740e+02
      vertex -1.140631e+02  5.879720e-01  1.400000e+02
    endloop
  endfacet
  facet normal  9.980264e-01 -6.279537e-02  0.000000e+00
    outer loop
      vertex -1.140631e+02  5.879720e-01  1.400000e+02
      vertex -1.140631e+02  5.879720e-01  2.312740e+02
      vertex -1.141001e+02  4.174795e-16  2.312740e+02
    endloop
  endfacet
  facet normal  9.980264e-01 -6.279537e-02 -4.263813e-20
    outer loop
      vertex -1.140631e+02  5.879720e-01  1.400000e+02
      vertex -1.141001e+02  4.174795e-16  2.312740e+02
      vertex -1.141001e+02  4.794547e-16  1.400000e+02
    endloop
  endfacet
  facet normal  1.253328e-01 -9.921147e-01  0.000000e+00
    outer loop
      vertex -1.102879e+02  4.608174e+00  2.312740e+02
      vertex -1.097034e+02  4.682012e+00  1.400000e+02
      vertex -1.097034e+02  4.682012e+00  2.312740e+02
    endloop
  endfacet
  facet normal  0.000000e+00 -9.999999e-01  0.000000e+00
    outer loop
      vertex -1.097034e+02  4.682012e+00  2.312740e+02
      vertex -1.097034e+02  4.682012e+00  1.400000e+02
      vertex -1.091143e+02  4.682012e+00  1.400000e+02
    endloop
  endfacet
  facet normal  0.000000e+00 -9.999999e-01  0.000000e+00
    outer loop
      vertex -1.097034e+02  4.682012e+00  2.312740e+02
      vertex -1.091143e+02  4.682012e+00  1.400000e+02
      vertex -1.091143e+02  4.682012e+00  2.312740e+02
    endloop
  endfacet
  facet normal -1.253328e-01 -9.921147e-01  -0.000000e+00
    outer loop
      vertex -1.091143e+02  4.682012e+00  2.312740e+02
      vertex -1.091143e+02  4.682012e+00  1.400000e+02
      vertex -1.085298e+02  4.608174e+00  1.400000e+02
    endloop
  endfacet
  facet normal -1.253328e-01 -9.921147e-01  0.000000e+00
    outer loop
      vertex -1.091143e+02  4.682012e+00  2.312740e+02
      vertex -1.085298e+02  4.608174e+00  1.400000e+02
      vertex -1.085298e+02  4.608174e+00  2.312740e+02
    endloop
  endfacet
  facet normal -2.486905e-01 -9.685830e-01  -0.000000e+00
    outer loop
      vertex -1.085298e+02  4.608174e+00  2.312740e+02
      vertex -1.085298e+02  4.608174e+00  1.400000e+02
      vertex -1.079592e+02  4.461662e+00  1.400000e+02
    endloop
  endfacet
  facet normal -2.486905e-01 -9.685830e-01  0.000000e+00
    outer loop
      vertex -1.085298e+02  4.608174e+00  2.312740e+02
      vertex -1.079592e+02  4.461662e+00  1.400000e+02
      vertex -1.079592e+02  4.461662e+00  2.312740e+02
    endloop
  endfacet
  facet normal -3.681268e-01 -9.297756e-01  -0.000000e+00
    outer loop
      vertex -1.079592e+02  4.461662e+00  2.312740e+02
      vertex -1.079592e+02  4.461662e+00  1.400000e+02
      vertex -1.074114e+02  4.244787e+00  1.400000e+02
    endloop
  endfacet
  facet normal -3.681268e-01 -9.297756e-01  0.000000e+00
    outer loop
      vertex -1.079592e+02  4.461662e+00  2.312740e+02
      vertex -1.074114e+02  4.244787e+00  1.400000e+02
      vertex -1.074114e+02  4.244787e+00  2.312740e+02
    endloop
  endfacet
  facet normal -4.817510e-01 -8.763081e-01  -0.000000e+00
    outer loop
      vertex -1.074114e+02  4.244787e+00  2.312740e+02
      vertex -1.074114e+02  4.244787e+00  1.400000e+02
      vertex -1.068952e+02  3.960970e+00  1.400000e+02
    endloop
  endfacet
  facet normal -4.817510e-01 -8.763081e-01  0.000000e+00
    outer loop
      vertex -1.074114e+02  4.244787e+00  2.312740e+02
      vertex -1.068952e+02  3.960970e+00  1.400000e+02
      vertex -1.068952e+02  3.960970e+00  2.312740e+02
    endloop
  endfacet
  facet normal -5.877885e-01 -8.090147e-01  -0.000000e+00
    outer loop
      vertex -1.068952e+02  3.960970e+00  2.312740e+02
      vertex -1.068952e+02  3.960970e+00  1.400000e+02
      vertex -1.064185e+02  3.614685e+00  1.400000e+02
    endloop
  endfacet
  facet normal -5.877885e-01 -8.090147e-01  0.000000e+00
    outer loop
      vertex -1.068952e+02  3.960970e+00  2.312740e+02
      vertex -1.064185e+02  3.614685e+00  1.400000e+02
      vertex -1.064185e+02  3.614685e+00  2.312740e+02
    endloop
  endfacet
  facet normal -6.845422e-01 -7.289732e-01  -0.000000e+00
    outer loop
      vertex -1.064185e+02  3.614685e+00  2.312740e+02
      vertex -1.064185e+02  3.614685e+00  1.400000e+02
      vertex -1.059891e+02  3.211395e+00  1.400000e+02
    endloop
  endfacet
  facet normal -6.845422e-01 -7.289732e-01  0.000000e+00
    outer loop
      vertex -1.064185e+02  3.614685e+00  2.312740e+02
      vertex -1.059891e+02  3.211395e+00  1.400000e+02
      vertex -1.059891e+02  3.211395e+00  2.312740e+02
    endloop
  endfacet
  facet normal -7.705149e-01 -6.374220e-01  -0.000000e+00
    outer loop
      vertex -1.059891e+02  3.211395e+00  2.312740e+02
      vertex -1.059891e+02  3.211395e+00  1.400000e+02
      vertex -1.056135e+02  2.757459e+00  1.400000e+02
    endloop
  endfacet
  facet normal -7.705149e-01 -6.374220e-01  0.000000e+00
    outer loop
      vertex -1.059891e+02  3.211395e+00  2.312740e+02
      vertex -1.056135e+02  2.757459e+00  1.400000e+02
      vertex -1.056135e+02  2.757459e+00  2.312740e+02
    endloop
  endfacet
  facet normal -8.443280e-01 -5.358265e-01  -0.000000e+00
    outer loop
      vertex -1.056135e+02  2.757459e+00  2.312740e+02
      vertex -1.056135e+02  2.757459e+00  1.400000e+02
      vertex -1.052979e+02  2.260036e+00  1.400000e+02
    endloop
  endfacet
  facet normal -8.443280e-01 -5.358265e-01  0.000000e+00
    outer loop
      vertex -1.056135e+02  2.757459e+00  2.312740e+02
      vertex -1.052979e+02  2.260036e+00  1.400000e+02
      vertex -1.052979e+02  2.260036e+00  2.312740e+02
    endloop
  endfacet
  facet normal -9.048284e-01 -4.257765e-01  -0.000000e+00
    outer loop
      vertex -1.052979e+02  2.260036e+00  2.312740e+02
      vertex -1.052979e+02  2.260036e+00  1.400000e+02
      vertex -1.050470e+02  1.726971e+00  1.400000e+02
    endloop
  endfacet
  facet normal -9.048284e-01 -4.257765e-01  0.000000e+00
    outer loop
      vertex -1.052979e+02  2.260036e+00  2.312740e+02
      vertex -1.050470e+02  1.726971e+00  1.400000e+02
      vertex -1.050470e+02  1.726971e+00  2.312740e+02
    endloop
  endfacet
  facet normal -9.510564e-01 -3.090171e-01  -0.000000e+00
    outer loop
      vertex -1.050470e+02  1.726971e+00  2.312740e+02
      vertex -1.050470e+02  1.726971e+00  1.400000e+02
      vertex -1.048650e+02  1.166671e+00  1.400000e+02
    endloop
  endfacet
  facet normal -9.510564e-01 -3.090171e-01  0.000000e+00
    outer loop
      vertex -1.050470e+02  1.726971e+00  2.312740e+02
      vertex -1.048650e+02  1.166671e+00  1.400000e+02
      vertex -1.048650e+02  1.166671e+00  2.312740e+02
    endloop
  endfacet
  facet normal -9.822859e-01 -1.873887e-01  -0.000000e+00
    outer loop
      vertex -1.048650e+02  1.166671e+00  2.312740e+02
      vertex -1.048650e+02  1.166671e+00  1.400000e+02
      vertex -1.047546e+02  5.879720e-01  1.400000e+02
    endloop
  endfacet
  facet normal -9.822859e-01 -1.873887e-01  0.000000e+00
    outer loop
      vertex -1.048650e+02  1.166671e+00  2.312740e+02
      vertex -1.047546e+02  5.879720e-01  1.400000e+02
      vertex -1.047546e+02  5.879720e-01  2.312740e+02
    endloop
  endfacet
  facet normal -9.980272e-01 -6.278247e-02  -0.000000e+00
    outer loop
      vertex -1.047546e+02  5.879720e-01  2.312740e+02
      vertex -1.047546e+02  5.879720e-01  1.400000e+02
      vertex -1.047176e+02 -1.244090e-15  1.400000e+02
    endloop
  endfacet
  facet normal -9.980272e-01 -6.278247e-02  9.268470e-19
    outer loop
      vertex -1.047546e+02  5.879720e-01  2.312740e+02
      vertex -1.047176e+02 -1.244090e-15  1.400000e+02
      vertex -1.047176e+02  1.033728e-16  2.312740e+02
    endloop
  endfacet
  facet normal -1.253328e-01  9.921147e-01  0.000000e+00
    outer loop
      vertex -1.091143e+02 -4.682012e+00  1.400000e+02
      vertex -1.085298e+02 -4.608174e+00  2.312740e+02
      vertex -1.085298e+02 -4.608174e+00  1.400000e+02
    endloop
  endfacet
  facet normal -2.486905e-01  9.685830e-01  0.000000e+00
    outer loop
      vertex -1.085298e+02 -4.608174e+00  1.400000e+02
      vertex -1.085298e+02 -4.608174e+00  2.312740e+02
      vertex -1.079592e+02 -4.461662e+00  2.312740e+02
    endloop
  endfacet
  facet normal -2.486905e-01  9.685830e-01  0.000000e+00
    outer loop
      vertex -1.085298e+02 -4.608174e+00  1.400000e+02
      vertex -1.079592e+02 -4.461662e+00  2.312740e+02
      vertex -1.079592e+02 -4.461662e+00  1.400000e+02
    endloop
  endfacet
  facet normal -3.681268e-01  9.297756e-01  0.000000e+00
    outer loop
      vertex -1.079592e+02 -4.461662e+00  1.400000e+02
      vertex -1.079592e+02 -4.461662e+00  2.312740e+02
      vertex -1.074114e+02 -4.244787e+00  2.312740e+02
    endloop
  endfacet
  facet normal -3.681268e-01  9.297756e-01  0.000000e+00
    outer loop
      vertex -1.079592e+02 -4.461662e+00  1.400000e+02
      vertex -1.074114e+02 -4.244787e+00  2.312740e+02
      vertex -1.074114e+02 -4.244787e+00  1.400000e+02
    endloop
  endfacet
  facet normal -4.817510e-01  8.763081e-01  0.000000e+00
    outer loop
      vertex -1.074114e+02 -4.244787e+00  1.400000e+02
      vertex -1.074114e+02 -4.244787e+00  2.312740e+02
      vertex -1.068952e+02 -3.960970e+00  2.312740e+02
    endloop
  endfacet
  facet normal -4.817510e-01  8.763081e-01  0.000000e+00
    outer loop
      vertex -1.074114e+02 -4.244787e+00  1.400000e+02
      vertex -1.068952e+02 -3.960970e+00  2.312740e+02
      vertex -1.068952e+02 -3.960970e+00  1.400000e+02
    endloop
  endfacet
  facet normal -5.877885e-01  8.090147e-01  0.000000e+00
    outer loop
      vertex -1.068952e+02 -3.960970e+00  1.400000e+02
      vertex -1.068952e+02 -3.960970e+00  2.312740e+02
      vertex -1.064185e+02 -3.614685e+00  2.312740e+02
    endloop
  endfacet
  facet normal -5.877885e-01  8.090147e-01  0.000000e+00
    outer loop
      vertex -1.068952e+02 -3.960970e+00  1.400000e+02
      vertex -1.064185e+02 -3.614685e+00  2.312740e+02
      vertex -1.064185e+02 -3.614685e+00  1.400000e+02
    endloop
  endfacet
  facet normal -6.845422e-01  7.289732e-01  0.000000e+00
    outer loop
      vertex -1.064185e+02 -3.614685e+00  1.400000e+02
      vertex -1.064185e+02 -3.614685e+00  2.312740e+02
      vertex -1.059891e+02 -3.211395e+00  2.312740e+02
    endloop
  endfacet
  facet normal -6.845422e-01  7.289732e-01  0.000000e+00
    outer loop
      vertex -1.064185e+02 -3.614685e+00  1.400000e+02
      vertex -1.059891e+02 -3.211395e+00  2.312740e+02
      vertex -1.059891e+02 -3.211395e+00  1.400000e+02
    endloop
  endfacet
  facet normal -7.705149e-01  6.374220e-01  0.000000e+00
    outer loop
      vertex -1.059891e+02 -3.211395e+00  1.400000e+02
      vertex -1.059891e+02 -3.211395e+00  2.312740e+02
      vertex -1.056135e+02 -2.757459e+00  2.312740e+02
    endloop
  endfacet
  facet normal -7.705149e-01  6.374220e-01  0.000000e+00
    outer loop
      vertex -1.059891e+02 -3.211395e+00  1.400000e+02
      vertex -1.056135e+02 -2.757459e+00  2.312740e+02
      vertex -1.056135e+02 -2.757459e+00  1.400000e+02
    endloop
  endfacet
  facet normal -8.443280e-01  5.358265e-01  0.000000e+00
    outer loop
      vertex -1.056135e+02 -2.757459e+00  1.400000e+02
      vertex -1.056135e+02 -2.757459e+00  2.312740e+02
      vertex -1.052979e+02 -2.260036e+00  2.312740e+02
    endloop
  endfacet
  facet normal -8.443280e-01  5.358265e-01  0.000000e+00
    outer loop
      vertex -1.056135e+02 -2.757459e+00  1.400000e+02
      vertex -1.052979e+02 -2.260036e+00  2.312740e+02
      vertex -1.052979e+02 -2.260036e+00  1.400000e+02
    endloop
  endfacet
  facet normal -9.048284e-01  4.257765e-01  0.000000e+00
    outer loop
      vertex -1.052979e+02 -2.260036e+00  1.400000e+02
      vertex -1.052979e+02 -2.260036e+00  2.312740e+02
      vertex -1.050470e+02 -1.726971e+00  2.312740e+02
    endloop
  endfacet
  facet normal -9.048284e-01  4.257765e-01  0.000000e+00
    outer loop
      vertex -1.052979e+02 -2.260036e+00  1.400000e+02
      vertex -1.050470e+02 -1.726971e+00  2.312740e+02
      vertex -1.050470e+02 -1.726971e+00  1.400000e+02
    endloop
  endfacet
  facet normal -9.510564e-01  3.090171e-01  0.000000e+00
    outer loop
      vertex -1.050470e+02 -1.726971e+00  1.400000e+02
      vertex -1.050470e+02 -1.726971e+00  2.312740e+02
      vertex -1.048650e+02 -1.166671e+00  2.312740e+02
    endloop
  endfacet
  facet normal -9.510564e-01  3.090171e-01  0.000000e+00
    outer loop
      vertex -1.050470e+02 -1.726971e+00  1.400000e+02
      vertex -1.048650e+02 -1.166671e+00  2.312740e+02
      vertex -1.048650e+02 -1.166671e+00  1.400000e+02
    endloop
  endfacet
  facet normal -9.822859e-01  1.873887e-01  0.000000e+00
    outer loop
      vertex -1.048650e+02 -1.166671e+00  1.400000e+02
      vertex -1.048650e+02 -1.166671e+00  2.312740e+02
      vertex -1.047546e+02 -5.879720e-01  2.312740e+02
    endloop
  endfacet
  facet normal -9.822859e-01  1.873887e-01  0.000000e+00
    outer loop
      vertex -1.048650e+02 -1.166671e+00  1.400000e+02
      vertex -1.047546e+02 -5.879720e-01  2.312740e+02
      vertex -1.047546e+02 -5.879720e-01  1.400000e+02
    endloop
  endfacet
  facet normal -9.980272e-01  6.278247e-02  0.000000e+00
    outer loop
      vertex -1.047546e+02 -5.879720e-01  1.400000e+02
      vertex -1.047546e+02 -5.879720e-01  2.312740e+02
      vertex -1.047176e+02  1.033728e-16  2.312740e+02
    endloop
  endfacet
  facet normal -9.980272e-01  6.278247e-02 -9.268470e-19
    outer loop
      vertex -1.047546e+02 -5.879720e-01  1.400000e+02
      vertex -1.047176e+02  1.033728e-16  2.312740e+02
      vertex -1.047176e+02 -1.244090e-15  1.400000e+02
    endloop
  endfacet
  facet normal -1.253328e-01  9.921147e-01  0.000000e+00
    outer loop
      vertex -1.085298e+02 -4.608174e+00  2.312740e+02
      vertex -1.091143e+02 -4.682012e+00  1.400000e+02
      vertex -1.091143e+02 -4.682012e+00  2.312740e+02
    endloop
  endfacet
  facet normal  0.000000e+00  9.999999e-01  0.000000e+00
    outer loop
      vertex -1.091143e+02 -4.682012e+00  2.312740e+02
      vertex -1.091143e+02 -4.682012e+00  1.400000e+02
      vertex -1.097034e+02 -4.682012e+00  1.400000e+02
    endloop
  endfacet
  facet normal  0.000000e+00  9.999999e-01  0.000000e+00
    outer loop
      vertex -1.091143e+02 -4.682012e+00  2.312740e+02
      vertex -1.097034e+02 -4.682012e+00  1.400000e+02
      vertex -1.097034e+02 -4.682012e+00  2.312740e+02
    endloop
  endfacet
  facet normal  1.253328e-01  9.921147e-01  0.000000e+00
    outer loop
      vertex -1.097034e+02 -4.682012e+00  2.312740e+02
      vertex -1.097034e+02 -4.682012e+00  1.400000e+02
      vertex -1.102879e+02 -4.608174e+00  1.400000e+02
    endloop
  endfacet
  facet normal  1.253328e-01  9.921147e-01  -0.000000e+00
    outer loop
      vertex -1.097034e+02 -4.682012e+00  2.312740e+02
      vertex -1.102879e+02 -4.608174e+00  1.400000e+02
      vertex -1.102879e+02 -4.608174e+00  2.312740e+02
    endloop
  endfacet
  facet normal  2.486874e-01  9.685838e-01  0.000000e+00
    outer loop
      vertex -1.102879e+02 -4.608174e+00  2.312740e+02
      vertex -1.102879e+02 -4.608174e+00  1.400000e+02
      vertex -1.108586e+02 -4.461662e+00  1.400000e+02
    endloop
  endfacet
  facet normal  2.486874e-01  9.685838e-01  -0.000000e+00
    outer loop
      vertex -1.102879e+02 -4.608174e+00  2.312740e+02
      vertex -1.108586e+02 -4.461662e+00  1.400000e+02
      vertex -1.108586e+02 -4.461662e+00  2.312740e+02
    endloop
  endfacet
  facet normal  3.681268e-01  9.297756e-01  0.000000e+00
    outer loop
      vertex -1.108586e+02 -4.461662e+00  2.312740e+02
      vertex -1.108586e+02 -4.461662e+00  1.400000e+02
      vertex -1.114063e+02 -4.244787e+00  1.400000e+02
    endloop
  endfacet
  facet normal  3.681268e-01  9.297756e-01  -0.000000e+00
    outer loop
      vertex -1.108586e+02 -4.461662e+00  2.312740e+02
      vertex -1.114063e+02 -4.244787e+00  1.400000e+02
      vertex -1.114063e+02 -4.244787e+00  2.312740e+02
    endloop
  endfacet
  facet normal  4.817510e-01  8.763081e-01  0.000000e+00
    outer loop
      vertex -1.114063e+02 -4.244787e+00  2.312740e+02
      vertex -1.114063e+02 -4.244787e+00  1.400000e+02
      vertex -1.119226e+02 -3.960970e+00  1.400000e+02
    endloop
  endfacet
  facet normal  4.817510e-01  8.763081e-01  -0.000000e+00
    outer loop
      vertex -1.114063e+02 -4.244787e+00  2.312740e+02
      vertex -1.119226e+02 -3.960970e+00  1.400000e+02
      vertex -1.119226e+02 -3.960970e+00  2.312740e+02
    endloop
  endfacet
  facet normal  5.877885e-01  8.090147e-01  0.000000e+00
    outer loop
      vertex -1.119226e+02 -3.960970e+00  2.312740e+02
      vertex -1.119226e+02 -3.960970e+00  1.400000e+02
      vertex -1.123992e+02 -3.614685e+00  1.400000e+02
    endloop
  endfacet
  facet normal  5.877885e-01  8.090147e-01  -0.000000e+00
    outer loop
      vertex -1.119226e+02 -3.960970e+00  2.312740e+02
      vertex -1.123992e+02 -3.614685e+00  1.400000e+02
      vertex -1.123992e+02 -3.614685e+00  2.312740e+02
    endloop
  endfacet
  facet normal  6.845487e-01  7.289671e-01  0.000000e+00
    outer loop
      vertex -1.123992e+02 -3.614685e+00  2.312740e+02
      vertex -1.123992e+02 -3.614685e+00  1.400000e+02
      vertex -1.128287e+02 -3.211395e+00  1.400000e+02
    endloop
  endfacet
  facet normal  6.845487e-01  7.289671e-01  -0.000000e+00
    outer loop
      vertex -1.123992e+02 -3.614685e+00  2.312740e+02
      vertex -1.128287e+02 -3.211395e+00  1.400000e+02
      vertex -1.128287e+02 -3.211395e+00  2.312740e+02
    endloop
  endfacet
  facet normal  7.705085e-01  6.374297e-01  0.000000e+00
    outer loop
      vertex -1.128287e+02 -3.211395e+00  2.312740e+02
      vertex -1.128287e+02 -3.211395e+00  1.400000e+02
      vertex -1.132042e+02 -2.757459e+00  1.400000e+02
    endloop
  endfacet
  facet normal  7.705085e-01  6.374297e-01  -0.000000e+00
    outer loop
      vertex -1.128287e+02 -3.211395e+00  2.312740e+02
      vertex -1.132042e+02 -2.757459e+00  1.400000e+02
      vertex -1.132042e+02 -2.757459e+00  2.312740e+02
    endloop
  endfacet
  facet normal  8.443280e-01  5.358265e-01  0.000000e+00
    outer loop
      vertex -1.132042e+02 -2.757459e+00  2.312740e+02
      vertex -1.132042e+02 -2.757459e+00  1.400000e+02
      vertex -1.135199e+02 -2.260036e+00  1.400000e+02
    endloop
  endfacet
  facet normal  8.443280e-01  5.358265e-01  -0.000000e+00
    outer loop
      vertex -1.132042e+02 -2.757459e+00  2.312740e+02
      vertex -1.135199e+02 -2.260036e+00  1.400000e+02
      vertex -1.135199e+02 -2.260036e+00  2.312740e+02
    endloop
  endfacet
  facet normal  9.048284e-01  4.257765e-01  0.000000e+00
    outer loop
      vertex -1.135199e+02 -2.260036e+00  2.312740e+02
      vertex -1.135199e+02 -2.260036e+00  1.400000e+02
      vertex -1.137707e+02 -1.726971e+00  1.400000e+02
    endloop
  endfacet
  facet normal  9.048284e-01  4.257765e-01  -0.000000e+00
    outer loop
      vertex -1.135199e+02 -2.260036e+00  2.312740e+02
      vertex -1.137707e+02 -1.726971e+00  1.400000e+02
      vertex -1.137707e+02 -1.726971e+00  2.312740e+02
    endloop
  endfacet
  facet normal  9.510564e-01  3.090171e-01  0.000000e+00
    outer loop
      vertex -1.137707e+02 -1.726971e+00  2.312740e+02
      vertex -1.137707e+02 -1.726971e+00  1.400000e+02
      vertex -1.139528e+02 -1.166671e+00  1.400000e+02
    endloop
  endfacet
  facet normal  9.510564e-01  3.090171e-01  -0.000000e+00
    outer loop
      vertex -1.137707e+02 -1.726971e+00  2.312740e+02
      vertex -1.139528e+02 -1.166671e+00  1.400000e+02
      vertex -1.139528e+02 -1.166671e+00  2.312740e+02
    endloop
  endfacet
  facet normal  9.822882e-01  1.873762e-01  0.000000e+00
    outer loop
      vertex -1.139528e+02 -1.166671e+00  2.312740e+02
      vertex -1.139528e+02 -1.166671e+00  1.400000e+02
      vertex -1.140631e+02 -5.879720e-01  1.400000e+02
    endloop
  endfacet
  facet normal  9.822882e-01  1.873762e-01  -0.000000e+00
    outer loop
      vertex -1.139528e+02 -1.166671e+00  2.312740e+02
      vertex -1.140631e+02 -5.879720e-01  1.400000e+02
      vertex -1.140631e+02 -5.879720e-01  2.312740e+02
    endloop
  endfacet
  facet normal  9.980264e-01  6.279537e-02  0.000000e+00
    outer loop
      vertex -1.140631e+02 -5.879720e-01  2.312740e+02
      vertex -1.140631e+02 -5.879720e-01  1.400000e+02
      vertex -1.141001e+02  4.794547e-16  1.400000e+02
    endloop
  endfacet
  facet normal  9.980264e-01  6.279537e-02  4.263813e-20
    outer loop
      vertex -1.140631e+02 -5.879720e-01  2.312740e+02
      vertex -1.141001e+02  4.794547e-16  1.400000e+02
      vertex -1.141001e+02  4.174795e-16  2.312740e+02
    endloop
  endfacet
  facet normal  0.000000e+00  0.000000e+00 -1.000000e+00
    outer loop
      vertex -1.175295e+02 -4.767681e+00  8.300000e+01
      vertex -1.179802e+02 -4.120058e+00  8.300000e+01
      vertex -1.111447e+02 -4.125625e+00  8.300000e+01
    endloop
  endfacet
  facet normal  0.000000e+00  -0.000000e+00 -1.000000e+00
    outer loop
      vertex -1.175295e+02 -4.767681e+00  8.300000e+01
      vertex -1.111447e+02 -4.125625e+00  8.300000e+01
      vertex -1.110773e+02 -4.172707e+00  8.300000e+01
    endloop
  endfacet
  facet normal  0.000000e+00  -0.000000e+00 -1.000000e+00
    outer loop
      vertex -1.175295e+02 -4.767681e+00  8.300000e+01
      vertex -1.110773e+02 -4.172707e+00  8.300000e+01
      vertex -1.110032e+02 -4.208098e+00  8.300000e+01
    endloop
  endfacet
  facet normal  0.000000e+00  -0.000000e+00 -1.000000e+00
    outer loop
      vertex -1.175295e+02 -4.767681e+00  8.300000e+01
      vertex -1.110032e+02 -4.208098e+00  8.300000e+01
      vertex -1.104848e+02 -4.369476e+00  8.300000e+01
    endloop
  endfacet
  facet normal  0.000000e+00  -0.000000e+00 -1.000000e+00
    outer loop
      vertex -1.175295e+02 -4.767681e+00  8.300000e+01
      vertex -1.104848e+02 -4.369476e+00  8.300000e+01
      vertex -1.099507e+02 -4.467250e+00  8.300000e+01
    endloop
  endfacet
  facet normal  0.000000e+00  -0.000000e+00 -1.000000e+00
    outer loop
      vertex -1.175295e+02 -4.767681e+00  8.300000e+01
      vertex -1.099507e+02 -4.467250e+00  8.300000e+01
      vertex -1.094089e+02 -4.499999e+00  8.300000e+01
    endloop
  endfacet
  facet normal  0.000000e+00  -0.000000e+00 -1.000000e+00
    outer loop
      vertex -1.175295e+02 -4.767681e+00  8.300000e+01
      vertex -1.094089e+02 -4.499999e+00  8.300000e+01
      vertex -1.036589e+02 -7.750000e+00  8.300000e+01
    endloop
  endfacet
  facet normal  0.000000e+00  0.000000e+00 -1.000000e+00
    outer loop
      vertex -1.175295e+02 -4.767681e+00  8.300000e+01
      vertex -1.036589e+02 -7.750000e+00  8.300000e+01
      vertex -1.121589e+02 -7.750000e+00  8.300000e+01
    endloop
  endfacet
  facet normal  0.000000e+00  0.000000e+00 -1.000000e+00
    outer loop
      vertex -1.175295e+02 -4.767681e+00  8.300000e+01
      vertex -1.121589e+02 -7.750000e+00  8.300000e+01
      vertex -1.129387e+02 -7.630325e+00  8.300000e+01
    endloop
  endfacet
  facet normal  0.000000e+00  0.000000e+00 -1.000000e+00
    outer loop
      vertex -1.175295e+02 -4.767681e+00  8.300000e+01
      vertex -1.129387e+02 -7.630325e+00  8.300000e+01
      vertex -1.137025e+02 -7.432381e+00  8.300000e+01
    endloop
  endfacet
  facet normal  0.000000e+00  0.000000e+00 -1.000000e+00
    outer loop
      vertex -1.175295e+02 -4.767681e+00  8.300000e+01
      vertex -1.137025e+02 -7.432381e+00  8.300000e+01
      vertex -1.144423e+02 -7.158198e+00  8.300000e+01
    endloop
  endfacet
  facet normal  0.000000e+00  0.000000e+00 -1.000000e+00
    outer loop
      vertex -1.175295e+02 -4.767681e+00  8.300000e+01
      vertex -1.144423e+02 -7.158198e+00  8.300000e+01
      vertex -1.151506e+02 -6.810589e+00  8.300000e+01
    endloop
  endfacet
  facet normal  0.000000e+00  0.000000e+00 -1.000000e+00
    outer loop
      vertex -1.175295e+02 -4.767681e+00  8.300000e+01
      vertex -1.151506e+02 -6.810589e+00  8.300000e+01
      vertex -1.158201e+02 -6.393119e+00  8.300000e+01
    endloop
  endfacet
  facet normal  0.000000e+00  0.000000e+00 -1.000000e+00
    outer loop
      vertex -1.175295e+02 -4.767681e+00  8.300000e+01
      vertex -1.158201e+02 -6.393119e+00  8.300000e+01
      vertex -1.164439e+02 -5.910071e+00  8.300000e+01
    endloop
  endfacet
  facet normal  0.000000e+00  0.000000e+00 -1.000000e+00
    outer loop
      vertex -1.175295e+02 -4.767681e+00  8.300000e+01
      vertex -1.164439e+02 -5.910071e+00  8.300000e+01
      vertex -1.170157e+02 -5.366399e+00  8.300000e+01
    endloop
  endfacet
  facet normal  -0.000000e+00  0.000000e+00 -1.000000e+00
    outer loop
      vertex -1.094089e+02 -4.499999e+00  8.300000e+01
      vertex -1.016589e+02 -5.750000e+00  8.300000e+01
      vertex -1.016973e+02 -6.140181e+00  8.300000e+01
    endloop
  endfacet
  facet normal  -0.000000e+00  0.000000e+00 -1.000000e+00
    outer loop
      vertex -1.094089e+02 -4.499999e+00  8.300000e+01
      vertex -1.016973e+02 -6.140181e+00  8.300000e+01
      vertex -1.018111e+02 -6.515367e+00  8.300000e+01
    endloop
  endfacet
  facet normal  -0.000000e+00  0.000000e+00 -1.000000e+00
    outer loop
      vertex -1.094089e+02 -4.499999e+00  8.300000e+01
      vertex -1.018111e+02 -6.515367e+00  8.300000e+01
      vertex -1.019959e+02 -6.861140e+00  8.300000e+01
    endloop
  endfacet
  facet normal  -0.000000e+00  0.000000e+00 -9.999999e-01
    outer loop
      vertex -1.094089e+02 -4.499999e+00  8.300000e+01
      vertex -1.019959e+02 -6.861140e+00  8.300000e+01
      vertex -1.022447e+02 -7.164214e+00  8.300000e+01
    endloop
  endfacet
  facet normal  -0.000000e+00  0.000000e+00 -1.000000e+00
    outer loop
      vertex -1.094089e+02 -4.499999e+00  8.300000e+01
      vertex -1.022447e+02 -7.164214e+00  8.300000e+01
      vertex -1.025477e+02 -7.412939e+00  8.300000e+01
    endloop
  endfacet
  facet normal  -0.000000e+00  0.000000e+00 -1.000000e+00
    outer loop
      vertex -1.094089e+02 -4.499999e+00  8.300000e+01
      vertex -1.025477e+02 -7.412939e+00  8.300000e+01
      vertex -1.028935e+02 -7.597759e+00  8.300000e+01
    endloop
  endfacet
  facet normal  -0.000000e+00  0.000000e+00 -9.999999e-01
    outer loop
      vertex -1.094089e+02 -4.499999e+00  8.300000e+01
      vertex -1.028935e+02 -7.597759e+00  8.300000e+01
      vertex -1.032687e+02 -7.711571e+00  8.300000e+01
    endloop
  endfacet
  facet normal  -0.000000e+00  0.000000e+00 -1.000000e+00
    outer loop
      vertex -1.094089e+02 -4.499999e+00  8.300000e+01
      vertex -1.032687e+02 -7.711571e+00  8.300000e+01
      vertex -1.036589e+02 -7.750000e+00  8.300000e+01
    endloop
  endfacet
  facet normal  -0.000000e+00  0.000000e+00 -1.000000e+00
    outer loop
      vertex -1.117411e+02 -1.951995e+00  8.300000e+01
      vertex -1.115753e+02 -2.078507e+00  8.300000e+01
      vertex -1.186741e+02 -2.705101e+00  8.300000e+01
    endloop
  endfacet
  facet normal  0.000000e+00  0.000000e+00 -1.000000e+00
    outer loop
      vertex -1.117411e+02 -1.951995e+00  8.300000e+01
      vertex -1.186741e+02 -2.705101e+00  8.300000e+01
      vertex -1.189103e+02 -1.952283e+00  8.300000e+01
    endloop
  endfacet
  facet normal  0.000000e+00  0.000000e+00 -1.000000e+00
    outer loop
      vertex -1.117411e+02 -1.951995e+00  8.300000e+01
      vertex -1.189103e+02 -1.952283e+00  8.300000e+01
      vertex -1.131793e+02 -1.916167e+00  8.300000e+01
    endloop
  endfacet
  facet normal  0.000000e+00  0.000000e+00 -1.000000e+00
    outer loop
      vertex -1.117411e+02 -1.951995e+00  8.300000e+01
      vertex -1.131793e+02 -1.916167e+00  8.300000e+01
      vertex -1.130972e+02 -1.914307e+00  8.300000e+01
    endloop
  endfacet
  facet normal  0.000000e+00  0.000000e+00 -1.000000e+00
    outer loop
      vertex -1.117411e+02 -1.951995e+00  8.300000e+01
      vertex -1.130972e+02 -1.914307e+00  8.300000e+01
      vertex -1.130165e+02 -1.899106e+00  8.300000e+01
    endloop
  endfacet
  facet normal  0.000000e+00  0.000000e+00 -1.000000e+00
    outer loop
      vertex -1.117411e+02 -1.951995e+00  8.300000e+01
      vertex -1.130165e+02 -1.899106e+00  8.300000e+01
      vertex -1.129393e+02 -1.870907e+00  8.300000e+01
    endloop
  endfacet
  facet normal  0.000000e+00  0.000000e+00 -1.000000e+00
    outer loop
      vertex -1.117411e+02 -1.951995e+00  8.300000e+01
      vertex -1.129393e+02 -1.870907e+00  8.300000e+01
      vertex -1.119256e+02 -1.854715e+00  8.300000e+01
    endloop
  endfacet
  facet normal  0.000000e+00  0.000000e+00 -1.000000e+00
    outer loop
      vertex -1.094089e+02  4.499999e+00  8.300000e+01
      vertex -1.099507e+02  4.467250e+00  8.300000e+01
      vertex -1.175295e+02  4.767681e+00  8.300000e+01
    endloop
  endfacet
  facet normal  0.000000e+00  0.000000e+00 -1.000000e+00
    outer loop
      vertex -1.094089e+02  4.499999e+00  8.300000e+01
      vertex -1.175295e+02  4.767681e+00  8.300000e+01
      vertex -1.170157e+02  5.366399e+00  8.300000e+01
    endloop
  endfacet
  facet normal  0.000000e+00  0.000000e+00 -1.000000e+00
    outer loop
      vertex -1.094089e+02  4.499999e+00  8.300000e+01
      vertex -1.170157e+02  5.366399e+00  8.300000e+01
      vertex -1.164439e+02  5.910071e+00  8.300000e+01
    endloop
  endfacet
  facet normal  0.000000e+00  0.000000e+00 -1.000000e+00
    outer loop
      vertex -1.094089e+02  4.499999e+00  8.300000e+01
      vertex -1.164439e+02  5.910071e+00  8.300000e+01
      vertex -1.158201e+02  6.393119e+00  8.300000e+01
    endloop
  endfacet
  facet normal  0.000000e+00  0.000000e+00 -1.000000e+00
    outer loop
      vertex -1.094089e+02  4.499999e+00  8.300000e+01
      vertex -1.158201e+02  6.393119e+00  8.300000e+01
      vertex -1.151506e+02  6.810589e+00  8.300000e+01
    endloop
  endfacet
  facet normal  0.000000e+00  0.000000e+00 -1.000000e+00
    outer loop
      vertex -1.094089e+02  4.499999e+00  8.300000e+01
      vertex -1.151506e+02  6.810589e+00  8.300000e+01
      vertex -1.144423e+02  7.158198e+00  8.300000e+01
    endloop
  endfacet
  facet normal  0.000000e+00  0.000000e+00 -1.000000e+00
    outer loop
      vertex -1.094089e+02  4.499999e+00  8.300000e+01
      vertex -1.144423e+02  7.158198e+00  8.300000e+01
      vertex -1.137025e+02  7.432381e+00  8.300000e+01
    endloop
  endfacet
  facet normal  0.000000e+00  0.000000e+00 -1.000000e+00
    outer loop
      vertex -1.094089e+02  4.499999e+00  8.300000e+01
      vertex -1.137025e+02  7.432381e+00  8.300000e+01
      vertex -1.129387e+02  7.630325e+00  8.300000e+01
    endloop
  endfacet
  facet normal  0.000000e+00  0.000000e+00 -1.000000e+00
    outer loop
      vertex -1.094089e+02  4.499999e+00  8.300000e+01
      vertex -1.129387e+02  7.630325e+00  8.300000e+01
      vertex -1.121589e+02  7.750000e+00  8.300000e+01
    endloop
  endfacet
  facet normal  0.000000e+00  0.000000e+00 -1.000000e+00
    outer loop
      vertex -1.094089e+02  4.499999e+00  8.300000e+01
      vertex -1.121589e+02  7.750000e+00  8.300000e+01
      vertex -1.036589e+02  7.750000e+00  8.300000e+01
    endloop
  endfacet
  facet normal  0.000000e+00  -0.000000e+00 -1.000000e+00
    outer loop
      vertex -1.094089e+02  4.499999e+00  8.300000e+01
      vertex -1.036589e+02  7.750000e+00  8.300000e+01
      vertex -1.032687e+02  7.711571e+00  8.300000e+01
    endloop
  endfacet
  facet normal  0.000000e+00  -0.000000e+00 -1.000000e+00
    outer loop
      vertex -1.094089e+02  4.499999e+00  8.300000e+01
      vertex -1.032687e+02  7.711571e+00  8.300000e+01
      vertex -1.028935e+02  7.597759e+00  8.300000e+01
    endloop
  endfacet
  facet normal  0.000000e+00  -0.000000e+00 -1.000000e+00
    outer loop
      vertex -1.094089e+02  4.499999e+00  8.300000e+01
      vertex -1.028935e+02  7.597759e+00  8.300000e+01
      vertex -1.025477e+02  7.412939e+00  8.300000e+01
    endloop
  endfacet
  facet normal  0.000000e+00  -0.000000e+00 -1.000000e+00
    outer loop
      vertex -1.094089e+02  4.499999e+00  8.300000e+01
      vertex -1.025477e+02  7.412939e+00  8.300000e+01
      vertex -1.022447e+02  7.164214e+00  8.300000e+01
    endloop
  endfacet
  facet normal  0.000000e+00  -0.000000e+00 -9.999999e-01
    outer loop
      vertex -1.094089e+02  4.499999e+00  8.300000e+01
      vertex -1.022447e+02  7.164214e+00  8.300000e+01
      vertex -1.019959e+02  6.861140e+00  8.300000e+01
    endloop
  endfacet
  facet normal  0.000000e+00  -0.000000e+00 -1.000000e+00
    outer loop
      vertex -1.094089e+02  4.499999e+00  8.300000e+01
      vertex -1.019959e+02  6.861140e+00  8.300000e+01
      vertex -1.018111e+02  6.515367e+00  8.300000e+01
    endloop
  endfacet
  facet normal  0.000000e+00  -0.000000e+00 -1.000000e+00
    outer loop
      vertex -1.094089e+02  4.499999e+00  8.300000e+01
      vertex -1.018111e+02  6.515367e+00  8.300000e+01
      vertex -1.016973e+02  6.140181e+00  8.300000e+01
    endloop
  endfacet
  facet normal  0.000000e+00  -0.000000e+00 -1.000000e+00
    outer loop
      vertex -1.094089e+02  4.499999e+00  8.300000e+01
      vertex -1.016973e+02  6.140181e+00  8.300000e+01
      vertex -1.016589e+02  5.750000e+00  8.300000e+01
    endloop
  endfacet
  facet normal  0.000000e+00  0.000000e+00 -1.000000e+00
    outer loop
      vertex -1.094089e+02  4.499999e+00  8.300000e+01
      vertex -1.016589e+02  5.750000e+00  8.300000e+01
      vertex -1.088670e+02  4.467250e+00  8.300000e+01
    endloop
  endfacet
  facet normal  0.000000e+00  -0.000000e+00 -1.000000e+00
    outer loop
      vertex -1.179802e+02  4.120058e+00  8.300000e+01
      vertex -1.175295e+02  4.767681e+00  8.300000e+01
      vertex -1.099507e+02  4.467250e+00  8.300000e+01
    endloop
  endfacet
  facet normal  0.000000e+00  0.000000e+00 -1.000000e+00
    outer loop
      vertex -1.179802e+02  4.120058e+00  8.300000e+01
      vertex -1.099507e+02  4.467250e+00  8.300000e+01
      vertex -1.104848e+02  4.369476e+00  8.300000e+01
    endloop
  endfacet
  facet normal  0.000000e+00  0.000000e+00 -1.000000e+00
    outer loop
      vertex -1.179802e+02  4.120058e+00  8.300000e+01
      vertex -1.104848e+02  4.369476e+00  8.300000e+01
      vertex -1.110032e+02  4.208098e+00  8.300000e+01
    endloop
  endfacet
  facet normal  0.000000e+00  0.000000e+00 -9.999999e-01
    outer loop
      vertex -1.179802e+02  4.120058e+00  8.300000e+01
      vertex -1.110032e+02  4.208098e+00  8.300000e+01
      vertex -1.110773e+02  4.172707e+00  8.300000e+01
    endloop
  endfacet
  facet normal  0.000000e+00  0.000000e+00 -1.000000e+00
    outer loop
      vertex -1.179802e+02  4.120058e+00  8.300000e+01
      vertex -1.110773e+02  4.172707e+00  8.300000e+01
      vertex -1.111447e+02  4.125625e+00  8.300000e+01
    endloop
  endfacet
  facet normal  0.000000e+00  0.000000e+00 -1.000000e+00
    outer loop
      vertex -1.179802e+02  4.120058e+00  8.300000e+01
      vertex -1.111447e+02  4.125625e+00  8.300000e+01
      vertex -1.112035e+02  4.068309e+00  8.300000e+01
    endloop
  endfacet
  facet normal  -0.000000e+00  0.000000e+00 -1.000000e+00
    outer loop
      vertex -1.179802e+02  4.120058e+00  8.300000e+01
      vertex -1.112035e+02  4.068309e+00  8.300000e+01
      vertex -1.183630e+02  3.430172e+00  8.300000e+01
    endloop
  endfacet
  facet normal  0.000000e+00  0.000000e+00 -1.000000e+00
    outer loop
      vertex -1.183630e+02  3.430172e+00  8.300000e+01
      vertex -1.112035e+02  4.068309e+00  8.300000e+01
      vertex -1.112520e+02  4.002347e+00  8.300000e+01
    endloop
  endfacet
  facet normal  0.000000e+00  0.000000e+00 -1.000000e+00
    outer loop
      vertex -1.183630e+02  3.430172e+00  8.300000e+01
      vertex -1.112520e+02  4.002347e+00  8.300000e+01
      vertex -1.112890e+02  3.929458e+00  8.300000e+01
    endloop
  endfacet
  facet normal  0.000000e+00  0.000000e+00 -1.000000e+00
    outer loop
      vertex -1.183630e+02  3.430172e+00  8.300000e+01
      vertex -1.112890e+02  3.929458e+00  8.300000e+01
      vertex -1.113135e+02  3.851491e+00  8.300000e+01
    endloop
  endfacet
  facet normal  0.000000e+00  0.000000e+00 -1.000000e+00
    outer loop
      vertex -1.183630e+02  3.430172e+00  8.300000e+01
      vertex -1.113135e+02  3.851491e+00  8.300000e+01
      vertex -1.113250e+02  3.770428e+00  8.300000e+01
    endloop
  endfacet
  facet normal  0.000000e+00  -0.000000e+00 -1.000000e+00
    outer loop
      vertex -1.183630e+02  3.430172e+00  8.300000e+01
      vertex -1.113250e+02  3.770428e+00  8.300000e+01
      vertex -1.113232e+02  3.688381e+00  8.300000e+01
    endloop
  endfacet
  facet normal  0.000000e+00  -0.000000e+00 -1.000000e+00
    outer loop
      vertex -1.183630e+02  3.430172e+00  8.300000e+01
      vertex -1.113232e+02  3.688381e+00  8.300000e+01
      vertex -1.113080e+02  3.607593e+00  8.300000e+01
    endloop
  endfacet
  facet normal  0.000000e+00  -0.000000e+00 -1.000000e+00
    outer loop
      vertex -1.183630e+02  3.430172e+00  8.300000e+01
      vertex -1.113080e+02  3.607593e+00  8.300000e+01
      vertex -1.112798e+02  3.530438e+00  8.300000e+01
    endloop
  endfacet
  facet normal  0.000000e+00  -0.000000e+00 -1.000000e+00
    outer loop
      vertex -1.183630e+02  3.430172e+00  8.300000e+01
      vertex -1.112798e+02  3.530438e+00  8.300000e+01
      vertex -1.112297e+02  3.404608e+00  8.300000e+01
    endloop
  endfacet
  facet normal  0.000000e+00  -0.000000e+00 -1.000000e+00
    outer loop
      vertex -1.186741e+02  2.705101e+00  8.300000e+01
      vertex -1.183630e+02  3.430172e+00  8.300000e+01
      vertex -1.112297e+02  3.404608e+00  8.300000e+01
    endloop
  endfacet
  facet normal  0.000000e+00  -0.000000e+00 -1.000000e+00
    outer loop
      vertex -1.186741e+02  2.705101e+00  8.300000e+01
      vertex -1.112297e+02  3.404608e+00  8.300000e+01
      vertex -1.111935e+02  3.274093e+00  8.300000e+01
    endloop
  endfacet
  facet normal  0.000000e+00  -0.000000e+00 -1.000000e+00
    outer loop
      vertex -1.186741e+02  2.705101e+00  8.300000e+01
      vertex -1.111935e+02  3.274093e+00  8.300000e+01
      vertex -1.111715e+02  3.140442e+00  8.300000e+01
    endloop
  endfacet
  facet normal  0.000000e+00  -0.000000e+00 -1.000000e+00
    outer loop
      vertex -1.186741e+02  2.705101e+00  8.300000e+01
      vertex -1.111715e+02  3.140442e+00  8.300000e+01
      vertex -1.111641e+02  3.005204e+00  8.300000e+01
    endloop
  endfacet
  facet normal  0.000000e+00  0.000000e+00 -1.000000e+00
    outer loop
      vertex -1.186741e+02  2.705101e+00  8.300000e+01
      vertex -1.111641e+02  3.005204e+00  8.300000e+01
      vertex -1.111814e+02  2.797302e+00  8.300000e+01
    endloop
  endfacet
  facet normal  0.000000e+00  0.000000e+00 -1.000000e+00
    outer loop
      vertex -1.186741e+02  2.705101e+00  8.300000e+01
      vertex -1.111814e+02  2.797302e+00  8.300000e+01
      vertex -1.112331e+02  2.595186e+00  8.300000e+01
    endloop
  endfacet
  facet normal  -0.000000e+00  0.000000e+00 -1.000000e+00
    outer loop
      vertex -1.186741e+02  2.705101e+00  8.300000e+01
      vertex -1.112331e+02  2.595186e+00  8.300000e+01
      vertex -1.189103e+02  1.952283e+00  8.300000e+01
    endloop
  endfacet
  facet normal  0.000000e+00  0.000000e+00 -1.000000e+00
    outer loop
      vertex -1.189103e+02  1.952283e+00  8.300000e+01
      vertex -1.112331e+02  2.595186e+00  8.300000e+01
      vertex -1.113177e+02  2.404576e+00  8.300000e+01
    endloop
  endfacet
  facet normal  0.000000e+00  0.000000e+00 -9.999999e-01
    outer loop
      vertex -1.189103e+02  1.952283e+00  8.300000e+01
      vertex -1.113177e+02  2.404576e+00  8.300000e+01
      vertex -1.114328e+02  2.230759e+00  8.300000e+01
    endloop
  endfacet
  facet normal  0.000000e+00  0.000000e+00 -1.000000e+00
    outer loop
      vertex -1.189103e+02  1.952283e+00  8.300000e+01
      vertex -1.114328e+02  2.230759e+00  8.300000e+01
      vertex -1.115753e+02  2.078507e+00  8.300000e+01
    endloop
  endfacet
  facet normal  0.000000e+00  0.000000e+00 -1.000000e+00
    outer loop
      vertex -1.189103e+02  1.952283e+00  8.300000e+01
      vertex -1.115753e+02  2.078507e+00  8.300000e+01
      vertex -1.117411e+02  1.951995e+00  8.300000e+01
    endloop
  endfacet
  facet normal  -0.000000e+00  0.000000e+00 -1.000000e+00
    outer loop
      vertex -1.189103e+02  1.952283e+00  8.300000e+01
      vertex -1.117411e+02  1.951995e+00  8.300000e+01
      vertex -1.131793e+02  1.916167e+00  8.300000e+01
    endloop
  endfacet
  facet normal  -0.000000e+00  0.000000e+00 -1.000000e+00
    outer loop
      vertex -1.189103e+02  1.952283e+00  8.300000e+01
      vertex -1.131793e+02  1.916167e+00  8.300000e+01
      vertex -1.132604e+02  1.904665e+00  8.300000e+01
    endloop
  endfacet
  facet normal  -0.000000e+00  0.000000e+00 -1.000000e+00
    outer loop
      vertex -1.189103e+02  1.952283e+00  8.300000e+01
      vertex -1.132604e+02  1.904665e+00  8.300000e+01
      vertex -1.190691e+02  1.179438e+00  8.300000e+01
    endloop
  endfacet
  facet normal  0.000000e+00  0.000000e+00 -1.000000e+00
    outer loop
      vertex -1.190691e+02  1.179438e+00  8.300000e+01
      vertex -1.132604e+02  1.904665e+00  8.300000e+01
      vertex -1.133383e+02  1.880101e+00  8.300000e+01
    endloop
  endfacet
  facet normal  0.000000e+00  0.000000e+00 -1.000000e+00
    outer loop
      vertex -1.190691e+02  1.179438e+00  8.300000e+01
      vertex -1.133383e+02  1.880101e+00  8.300000e+01
      vertex -1.134112e+02  1.843096e+00  8.300000e+01
    endloop
  endfacet
  facet normal  0.000000e+00  0.000000e+00 -1.000000e+00
    outer loop
      vertex -1.190691e+02  1.179438e+00  8.300000e+01
      vertex -1.134112e+02  1.843096e+00  8.300000e+01
      vertex -1.134772e+02  1.794594e+00  8.300000e+01
    endloop
  endfacet
  facet normal  0.000000e+00  0.000000e+00 -1.000000e+00
    outer loop
      vertex -1.190691e+02  1.179438e+00  8.300000e+01
      vertex -1.134772e+02  1.794594e+00  8.300000e+01
      vertex -1.135345e+02  1.735856e+00  8.300000e+01
    endloop
  endfacet
  facet normal  0.000000e+00  0.000000e+00 -1.000000e+00
    outer loop
      vertex -1.190691e+02  1.179438e+00  8.300000e+01
      vertex -1.135345e+02  1.735856e+00  8.300000e+01
      vertex -1.135816e+02  1.668468e+00  8.300000e+01
    endloop
  endfacet
  facet normal  0.000000e+00  0.000000e+00 -1.000000e+00
    outer loop
      vertex -1.190691e+02  1.179438e+00  8.300000e+01
      vertex -1.135816e+02  1.668468e+00  8.300000e+01
      vertex -1.136170e+02  1.594337e+00  8.300000e+01
    endloop
  endfacet
  facet normal  0.000000e+00  0.000000e+00 -1.000000e+00
    outer loop
      vertex -1.190691e+02  1.179438e+00  8.300000e+01
      vertex -1.136170e+02  1.594337e+00  8.300000e+01
      vertex -1.137783e+02  1.075914e+00  8.300000e+01
    endloop
  endfacet
  facet normal  -0.000000e+00  0.000000e+00 -1.000000e+00
    outer loop
      vertex -1.190691e+02  1.179438e+00  8.300000e+01
      vertex -1.137783e+02  1.075914e+00  8.300000e+01
      vertex -1.138761e+02  5.418638e-01  8.300000e+01
    endloop
  endfacet
  facet normal  -0.000000e+00  0.000000e+00 -1.000000e+00
    outer loop
      vertex -1.190691e+02  1.179438e+00  8.300000e+01
      vertex -1.138761e+02  5.418638e-01  8.300000e+01
      vertex -1.191489e+02  3.944948e-01  8.300000e+01
    endloop
  endfacet
  facet normal  0.000000e+00  0.000000e+00 -9.999999e-01
    outer loop
      vertex -1.189103e+02 -1.952283e+00  8.300000e+01
      vertex -1.190691e+02 -1.179438e+00  8.300000e+01
      vertex -1.137783e+02 -1.075914e+00  8.300000e+01
    endloop
  endfacet
  facet normal  0.000000e+00  -0.000000e+00 -1.000000e+00
    outer loop
      vertex -1.189103e+02 -1.952283e+00  8.300000e+01
      vertex -1.137783e+02 -1.075914e+00  8.300000e+01
      vertex -1.136170e+02 -1.594337e+00  8.300000e+01
    endloop
  endfacet
  facet normal  0.000000e+00  -0.000000e+00 -1.000000e+00
    outer loop
      vertex -1.189103e+02 -1.952283e+00  8.300000e+01
      vertex -1.136170e+02 -1.594337e+00  8.300000e+01
      vertex -1.135816e+02 -1.668468e+00  8.300000e+01
    endloop
  endfacet
  facet normal  0.000000e+00  -0.000000e+00 -1.000000e+00
    outer loop
      vertex -1.189103e+02 -1.952283e+00  8.300000e+01
      vertex -1.135816e+02 -1.668468e+00  8.300000e+01
      vertex -1.135345e+02 -1.735856e+00  8.300000e+01
    endloop
  endfacet
  facet normal  0.000000e+00  -0.000000e+00 -1.000000e+00
    outer loop
      vertex -1.189103e+02 -1.952283e+00  8.300000e+01
      vertex -1.135345e+02 -1.735856e+00  8.300000e+01
      vertex -1.134772e+02 -1.794594e+00  8.300000e+01
    endloop
  endfacet
  facet normal  0.000000e+00  -0.000000e+00 -1.000000e+00
    outer loop
      vertex -1.189103e+02 -1.952283e+00  8.300000e+01
      vertex -1.134772e+02 -1.794594e+00  8.300000e+01
      vertex -1.134112e+02 -1.843096e+00  8.300000e+01
    endloop
  endfacet
  facet normal  0.000000e+00  -0.000000e+00 -1.000000e+00
    outer loop
      vertex -1.189103e+02 -1.952283e+00  8.300000e+01
      vertex -1.134112e+02 -1.843096e+00  8.300000e+01
      vertex -1.133383e+02 -1.880101e+00  8.300000e+01
    endloop
  endfacet
  facet normal  0.000000e+00  -0.000000e+00 -1.000000e+00
    outer loop
      vertex -1.189103e+02 -1.952283e+00  8.300000e+01
      vertex -1.133383e+02 -1.880101e+00  8.300000e+01
      vertex -1.132604e+02 -1.904665e+00  8.300000e+01
    endloop
  endfacet
  facet normal  0.000000e+00  -0.000000e+00 -1.000000e+00
    outer loop
      vertex -1.189103e+02 -1.952283e+00  8.300000e+01
      vertex -1.132604e+02 -1.904665e+00  8.300000e+01
      vertex -1.131793e+02 -1.916167e+00  8.300000e+01
    endloop
  endfacet
  facet normal  0.000000e+00  -0.000000e+00 -1.000000e+00
    outer loop
      vertex -1.186741e+02 -2.705101e+00  8.300000e+01
      vertex -1.115753e+02 -2.078507e+00  8.300000e+01
      vertex -1.114328e+02 -2.230759e+00  8.300000e+01
    endloop
  endfacet
  facet normal  0.000000e+00  -0.000000e+00 -1.000000e+00
    outer loop
      vertex -1.186741e+02 -2.705101e+00  8.300000e+01
      vertex -1.114328e+02 -2.230759e+00  8.300000e+01
      vertex -1.113177e+02 -2.404576e+00  8.300000e+01
    endloop
  endfacet
  facet normal  0.000000e+00  -0.000000e+00 -9.999999e-01
    outer loop
      vertex -1.186741e+02 -2.705101e+00  8.300000e+01
      vertex -1.113177e+02 -2.404576e+00  8.300000e+01
      vertex -1.112331e+02 -2.595186e+00  8.300000e+01
    endloop
  endfacet
  facet normal  0.000000e+00  -0.000000e+00 -1.000000e+00
    outer loop
      vertex -1.186741e+02 -2.705101e+00  8.300000e+01
      vertex -1.112331e+02 -2.595186e+00  8.300000e+01
      vertex -1.111814e+02 -2.797302e+00  8.300000e+01
    endloop
  endfacet
  facet normal  0.000000e+00  0.000000e+00 -1.000000e+00
    outer loop
      vertex -1.183630e+02 -3.430172e+00  8.300000e+01
      vertex -1.186741e+02 -2.705101e+00  8.300000e+01
      vertex -1.111814e+02 -2.797302e+00  8.300000e+01
    endloop
  endfacet
  facet normal  0.000000e+00  -0.000000e+00 -1.000000e+00
    outer loop
      vertex -1.183630e+02 -3.430172e+00  8.300000e+01
      vertex -1.111814e+02 -2.797302e+00  8.300000e+01
      vertex -1.111641e+02 -3.005204e+00  8.300000e+01
    endloop
  endfacet
  facet normal  0.000000e+00  0.000000e+00 -1.000000e+00
    outer loop
      vertex -1.183630e+02 -3.430172e+00  8.300000e+01
      vertex -1.111641e+02 -3.005204e+00  8.300000e+01
      vertex -1.111715e+02 -3.140442e+00  8.300000e+01
    endloop
  endfacet
  facet normal  0.000000e+00  0.000000e+00 -1.000000e+00
    outer loop
      vertex -1.183630e+02 -3.430172e+00  8.300000e+01
      vertex -1.111715e+02 -3.140442e+00  8.300000e+01
      vertex -1.111935e+02 -3.274093e+00  8.300000e+01
    endloop
  endfacet
  facet normal  0.000000e+00  0.000000e+00 -1.000000e+00
    outer loop
      vertex -1.183630e+02 -3.430172e+00  8.300000e+01
      vertex -1.111935e+02 -3.274093e+00  8.300000e+01
      vertex -1.112297e+02 -3.404608e+00  8.300000e+01
    endloop
  endfacet
  facet normal  0.000000e+00  0.000000e+00 -1.000000e+00
    outer loop
      vertex -1.183630e+02 -3.430172e+00  8.300000e+01
      vertex -1.112297e+02 -3.404608e+00  8.300000e+01
      vertex -1.112798e+02 -3.530438e+00  8.300000e+01
    endloop
  endfacet
  facet normal  -0.000000e+00  0.000000e+00 -1.000000e+00
    outer loop
      vertex -1.183630e+02 -3.430172e+00  8.300000e+01
      vertex -1.112798e+02 -3.530438e+00  8.300000e+01
      vertex -1.179802e+02 -4.120058e+00  8.300000e+01
    endloop
  endfacet
  facet normal  0.000000e+00  0.000000e+00 -1.000000e+00
    outer loop
      vertex -1.179802e+02 -4.120058e+00  8.300000e+01
      vertex -1.112798e+02 -3.530438e+00  8.300000e+01
      vertex -1.113080e+02 -3.607593e+00  8.300000e+01
    endloop
  endfacet
  facet normal  0.000000e+00  0.000000e+00 -1.000000e+00
    outer loop
      vertex -1.179802e+02 -4.120058e+00  8.300000e+01
      vertex -1.113080e+02 -3.607593e+00  8.300000e+01
      vertex -1.113232e+02 -3.688381e+00  8.300000e+01
    endloop
  endfacet
  facet normal  0.000000e+00  0.000000e+00 -1.000000e+00
    outer loop
      vertex -1.179802e+02 -4.120058e+00  8.300000e+01
      vertex -1.113232e+02 -3.688381e+00  8.300000e+01
      vertex -1.113250e+02 -3.770428e+00  8.300000e+01
    endloop
  endfacet
  facet normal  0.000000e+00  -0.000000e+00 -1.000000e+00
    outer loop
      vertex -1.179802e+02 -4.120058e+00  8.300000e+01
      vertex -1.113250e+02 -3.770428e+00  8.300000e+01
      vertex -1.113135e+02 -3.851491e+00  8.300000e+01
    endloop
  endfacet
  facet normal  0.000000e+00  -0.000000e+00 -1.000000e+00
    outer loop
      vertex -1.179802e+02 -4.120058e+00  8.300000e+01
      vertex -1.113135e+02 -3.851491e+00  8.300000e+01
      vertex -1.112890e+02 -3.929458e+00  8.300000e+01
    endloop
  endfacet
  facet normal  0.000000e+00  -0.000000e+00 -1.000000e+00
    outer loop
      vertex -1.179802e+02 -4.120058e+00  8.300000e+01
      vertex -1.112890e+02 -3.929458e+00  8.300000e+01
      vertex -1.112520e+02 -4.002347e+00  8.300000e+01
    endloop
  endfacet
  facet normal  0.000000e+00  -0.000000e+00 -1.000000e+00
    outer loop
      vertex -1.179802e+02 -4.120058e+00  8.300000e+01
      vertex -1.112520e+02 -4.002347e+00  8.300000e+01
      vertex -1.112035e+02 -4.068309e+00  8.300000e+01
    endloop
  endfacet
  facet normal  0.000000e+00  -0.000000e+00 -1.000000e+00
    outer loop
      vertex -1.179802e+02 -4.120058e+00  8.300000e+01
      vertex -1.112035e+02 -4.068309e+00  8.300000e+01
      vertex -1.111447e+02 -4.125625e+00  8.300000e+01
    endloop
  endfacet
  facet normal  0.000000e+00  0.000000e+00 -1.000000e+00
    outer loop
      vertex -1.016589e+02  3.870305e-17  8.300000e+01
      vertex -1.016589e+02 -5.750000e+00  8.300000e+01
      vertex -1.049416e+02 -5.418638e-01  8.300000e+01
    endloop
  endfacet
  facet normal  0.000000e+00  0.000000e+00 -1.000000e+00
    outer loop
      vertex -1.016589e+02  3.870305e-17  8.300000e+01
      vertex -1.049416e+02 -5.418638e-01  8.300000e+01
      vertex -1.049089e+02  7.726871e-15  8.300000e+01
    endloop
  endfacet
  facet normal  0.000000e+00  0.000000e+00 -1.000000e+00
    outer loop
      vertex -1.016589e+02  3.870305e-17  8.300000e+01
      vertex -1.049089e+02  7.726871e-15  8.300000e+01
      vertex -1.049416e+02  5.418638e-01  8.300000e+01
    endloop
  endfacet
  facet normal  0.000000e+00  0.000000e+00 -1.000000e+00
    outer loop
      vertex -1.016589e+02  3.870305e-17  8.300000e+01
      vertex -1.049416e+02  5.418638e-01  8.300000e+01
      vertex -1.050394e+02  1.075914e+00  8.300000e+01
    endloop
  endfacet
  facet normal  0.000000e+00  0.000000e+00 -1.000000e+00
    outer loop
      vertex -1.016589e+02  3.870305e-17  8.300000e+01
      vertex -1.050394e+02  1.075914e+00  8.300000e+01
      vertex -1.052008e+02  1.594337e+00  8.300000e+01
    endloop
  endfacet
  facet normal  0.000000e+00  0.000000e+00 -1.000000e+00
    outer loop
      vertex -1.016589e+02  3.870305e-17  8.300000e+01
      vertex -1.052008e+02  1.594337e+00  8.300000e+01
      vertex -1.052362e+02  1.668468e+00  8.300000e+01
    endloop
  endfacet
  facet normal  0.000000e+00  0.000000e+00 -1.000000e+00
    outer loop
      vertex -1.016589e+02  3.870305e-17  8.300000e+01
      vertex -1.052362e+02  1.668468e+00  8.300000e+01
      vertex -1.052832e+02  1.735856e+00  8.300000e+01
    endloop
  endfacet
  facet normal  0.000000e+00  0.000000e+00 -9.999999e-01
    outer loop
      vertex -1.016589e+02  3.870305e-17  8.300000e+01
      vertex -1.052832e+02  1.735856e+00  8.300000e+01
      vertex -1.053406e+02  1.794594e+00  8.300000e+01
    endloop
  endfacet
  facet normal  0.000000e+00  0.000000e+00 -9.999999e-01
    outer loop
      vertex -1.016589e+02  3.870305e-17  8.300000e+01
      vertex -1.053406e+02  1.794594e+00  8.300000e+01
      vertex -1.054065e+02  1.843096e+00  8.300000e+01
    endloop
  endfacet
  facet normal  0.000000e+00  0.000000e+00 -1.000000e+00
    outer loop
      vertex -1.016589e+02  3.870305e-17  8.300000e+01
      vertex -1.054065e+02  1.843096e+00  8.300000e+01
      vertex -1.075881e+02  3.404608e+00  8.300000e+01
    endloop
  endfacet
  facet normal  0.000000e+00  0.000000e+00 -9.999999e-01
    outer loop
      vertex -1.016589e+02  3.870305e-17  8.300000e+01
      vertex -1.075881e+02  3.404608e+00  8.300000e+01
      vertex -1.075380e+02  3.530438e+00  8.300000e+01
    endloop
  endfacet
  facet normal  0.000000e+00  0.000000e+00 -1.000000e+00
    outer loop
      vertex -1.016589e+02  3.870305e-17  8.300000e+01
      vertex -1.075380e+02  3.530438e+00  8.300000e+01
      vertex -1.075098e+02  3.607593e+00  8.300000e+01
    endloop
  endfacet
  facet normal  0.000000e+00  0.000000e+00 -1.000000e+00
    outer loop
      vertex -1.016589e+02  3.870305e-17  8.300000e+01
      vertex -1.075098e+02  3.607593e+00  8.300000e+01
      vertex -1.074946e+02  3.688381e+00  8.300000e+01
    endloop
  endfacet
  facet normal  0.000000e+00  0.000000e+00 -1.000000e+00
    outer loop
      vertex -1.016589e+02  3.870305e-17  8.300000e+01
      vertex -1.074946e+02  3.688381e+00  8.300000e+01
      vertex -1.074927e+02  3.770428e+00  8.300000e+01
    endloop
  endfacet
  facet normal  0.000000e+00  0.000000e+00 -1.000000e+00
    outer loop
      vertex -1.016589e+02  3.870305e-17  8.300000e+01
      vertex -1.074927e+02  3.770428e+00  8.300000e+01
      vertex -1.075042e+02  3.851491e+00  8.300000e+01
    endloop
  endfacet
  facet normal  0.000000e+00  0.000000e+00 -1.000000e+00
    outer loop
      vertex -1.016589e+02  3.870305e-17  8.300000e+01
      vertex -1.075042e+02  3.851491e+00  8.300000e+01
      vertex -1.075288e+02  3.929458e+00  8.300000e+01
    endloop
  endfacet
  facet normal  0.000000e+00  0.000000e+00 -1.000000e+00
    outer loop
      vertex -1.016589e+02  3.870305e-17  8.300000e+01
      vertex -1.075288e+02  3.929458e+00  8.300000e+01
      vertex -1.075658e+02  4.002347e+00  8.300000e+01
    endloop
  endfacet
  facet normal  0.000000e+00  0.000000e+00 -9.999999e-01
    outer loop
      vertex -1.016589e+02  3.870305e-17  8.300000e+01
      vertex -1.075658e+02  4.002347e+00  8.300000e+01
      vertex -1.076143e+02  4.068309e+00  8.300000e+01
    endloop
  endfacet
  facet normal  0.000000e+00  0.000000e+00 -1.000000e+00
    outer loop
      vertex -1.016589e+02  3.870305e-17  8.300000e+01
      vertex -1.076143e+02  4.068309e+00  8.300000e+01
      vertex -1.076730e+02  4.125625e+00  8.300000e+01
    endloop
  endfacet
  facet normal  0.000000e+00  0.000000e+00 -1.000000e+00
    outer loop
      vertex -1.056384e+02  1.916167e+00  8.300000e+01
      vertex -1.057205e+02  1.914307e+00  8.300000e+01
      vertex -1.070766e+02  1.951995e+00  8.300000e+01
    endloop
  endfacet
  facet normal  0.000000e+00  0.000000e+00 -1.000000e+00
    outer loop
      vertex -1.056384e+02  1.916167e+00  8.300000e+01
      vertex -1.070766e+02  1.951995e+00  8.300000e+01
      vertex -1.072424e+02  2.078507e+00  8.300000e+01
    endloop
  endfacet
  facet normal  0.000000e+00  0.000000e+00 -1.000000e+00
    outer loop
      vertex -1.056384e+02  1.916167e+00  8.300000e+01
      vertex -1.072424e+02  2.078507e+00  8.300000e+01
      vertex -1.073849e+02  2.230759e+00  8.300000e+01
    endloop
  endfacet
  facet normal  0.000000e+00  0.000000e+00 -1.000000e+00
    outer loop
      vertex -1.056384e+02  1.916167e+00  8.300000e+01
      vertex -1.073849e+02  2.230759e+00  8.300000e+01
      vertex -1.075001e+02  2.404576e+00  8.300000e+01
    endloop
  endfacet
  facet normal  0.000000e+00  0.000000e+00 -1.000000e+00
    outer loop
      vertex -1.056384e+02  1.916167e+00  8.300000e+01
      vertex -1.075001e+02  2.404576e+00  8.300000e+01
      vertex -1.075847e+02  2.595186e+00  8.300000e+01
    endloop
  endfacet
  facet normal  0.000000e+00  0.000000e+00 -1.000000e+00
    outer loop
      vertex -1.055574e+02  1.904665e+00  8.300000e+01
      vertex -1.056384e+02  1.916167e+00  8.300000e+01
      vertex -1.075847e+02  2.595186e+00  8.300000e+01
    endloop
  endfacet
  facet normal  0.000000e+00  0.000000e+00 -9.999999e-01
    outer loop
      vertex -1.055574e+02  1.904665e+00  8.300000e+01
      vertex -1.075847e+02  2.595186e+00  8.300000e+01
      vertex -1.076363e+02  2.797302e+00  8.300000e+01
    endloop
  endfacet
  facet normal  0.000000e+00  0.000000e+00 -1.000000e+00
    outer loop
      vertex -1.055574e+02  1.904665e+00  8.300000e+01
      vertex -1.076363e+02  2.797302e+00  8.300000e+01
      vertex -1.076537e+02  3.005204e+00  8.300000e+01
    endloop
  endfacet
  facet normal  0.000000e+00  0.000000e+00 -1.000000e+00
    outer loop
      vertex -1.054794e+02  1.880101e+00  8.300000e+01
      vertex -1.055574e+02  1.904665e+00  8.300000e+01
      vertex -1.076537e+02  3.005204e+00  8.300000e+01
    endloop
  endfacet
  facet normal  0.000000e+00  0.000000e+00 -1.000000e+00
    outer loop
      vertex -1.054794e+02  1.880101e+00  8.300000e+01
      vertex -1.076537e+02  3.005204e+00  8.300000e+01
      vertex -1.076463e+02  3.140442e+00  8.300000e+01
    endloop
  endfacet
  facet normal  0.000000e+00  0.000000e+00 -1.000000e+00
    outer loop
      vertex -1.054794e+02  1.880101e+00  8.300000e+01
      vertex -1.076463e+02  3.140442e+00  8.300000e+01
      vertex -1.076243e+02  3.274093e+00  8.300000e+01
    endloop
  endfacet
  facet normal  0.000000e+00  0.000000e+00 -1.000000e+00
    outer loop
      vertex -1.054794e+02  1.880101e+00  8.300000e+01
      vertex -1.076243e+02  3.274093e+00  8.300000e+01
      vertex -1.075881e+02  3.404608e+00  8.300000e+01
    endloop
  endfacet
  facet normal  0.000000e+00  0.000000e+00 -1.000000e+00
    outer loop
      vertex -1.054794e+02  1.880101e+00  8.300000e+01
      vertex -1.075881e+02  3.404608e+00  8.300000e+01
      vertex -1.054065e+02  1.843096e+00  8.300000e+01
    endloop
  endfacet
  facet normal  0.000000e+00  0.000000e+00 -1.000000e+00
    outer loop
      vertex -1.016589e+02  5.750000e+00  8.300000e+01
      vertex -1.016589e+02  3.870305e-17  8.300000e+01
      vertex -1.076730e+02  4.125625e+00  8.300000e+01
    endloop
  endfacet
  facet normal  0.000000e+00  0.000000e+00 -1.000000e+00
    outer loop
      vertex -1.016589e+02  5.750000e+00  8.300000e+01
      vertex -1.076730e+02  4.125625e+00  8.300000e+01
      vertex -1.077404e+02  4.172707e+00  8.300000e+01
    endloop
  endfacet
  facet normal  0.000000e+00  0.000000e+00 -1.000000e+00
    outer loop
      vertex -1.016589e+02  5.750000e+00  8.300000e+01
      vertex -1.077404e+02  4.172707e+00  8.300000e+01
      vertex -1.078145e+02  4.208098e+00  8.300000e+01
    endloop
  endfacet
  facet normal  0.000000e+00  0.000000e+00 -1.000000e+00
    outer loop
      vertex -1.016589e+02  5.750000e+00  8.300000e+01
      vertex -1.078145e+02  4.208098e+00  8.300000e+01
      vertex -1.083330e+02  4.369476e+00  8.300000e+01
    endloop
  endfacet
  facet normal  0.000000e+00  0.000000e+00 -1.000000e+00
    outer loop
      vertex -1.016589e+02  5.750000e+00  8.300000e+01
      vertex -1.083330e+02  4.369476e+00  8.300000e+01
      vertex -1.088670e+02  4.467250e+00  8.300000e+01
    endloop
  endfacet
  facet normal  0.000000e+00  0.000000e+00 -9.999999e-01
    outer loop
      vertex -1.016589e+02 -5.750000e+00  8.300000e+01
      vertex -1.094089e+02 -4.499999e+00  8.300000e+01
      vertex -1.088670e+02 -4.467250e+00  8.300000e+01
    endloop
  endfacet
  facet normal  0.000000e+00  0.000000e+00 -1.000000e+00
    outer loop
      vertex -1.016589e+02 -5.750000e+00  8.300000e+01
      vertex -1.088670e+02 -4.467250e+00  8.300000e+01
      vertex -1.083330e+02 -4.369476e+00  8.300000e+01
    endloop
  endfacet
  facet normal  0.000000e+00  0.000000e+00 -9.999999e-01
    outer loop
      vertex -1.016589e+02 -5.750000e+00  8.300000e+01
      vertex -1.083330e+02 -4.369476e+00  8.300000e+01
      vertex -1.078145e+02 -4.208098e+00  8.300000e+01
    endloop
  endfacet
  facet normal  0.000000e+00  0.000000e+00 -1.000000e+00
    outer loop
      vertex -1.016589e+02 -5.750000e+00  8.300000e+01
      vertex -1.078145e+02 -4.208098e+00  8.300000e+01
      vertex -1.077404e+02 -4.172707e+00  8.300000e+01
    endloop
  endfacet
  facet normal  0.000000e+00  0.000000e+00 -1.000000e+00
    outer loop
      vertex -1.016589e+02 -5.750000e+00  8.300000e+01
      vertex -1.077404e+02 -4.172707e+00  8.300000e+01
      vertex -1.076730e+02 -4.125625e+00  8.300000e+01
    endloop
  endfacet
  facet normal  0.000000e+00  0.000000e+00 -1.000000e+00
    outer loop
      vertex -1.016589e+02 -5.750000e+00  8.300000e+01
      vertex -1.076730e+02 -4.125625e+00  8.300000e+01
      vertex -1.076143e+02 -4.068309e+00  8.300000e+01
    endloop
  endfacet
  facet normal  0.000000e+00  0.000000e+00 -1.000000e+00
    outer loop
      vertex -1.016589e+02 -5.750000e+00  8.300000e+01
      vertex -1.076143e+02 -4.068309e+00  8.300000e+01
      vertex -1.075658e+02 -4.002347e+00  8.300000e+01
    endloop
  endfacet
  facet normal  0.000000e+00  0.000000e+00 -9.999999e-01
    outer loop
      vertex -1.016589e+02 -5.750000e+00  8.300000e+01
      vertex -1.075658e+02 -4.002347e+00  8.300000e+01
      vertex -1.075288e+02 -3.929458e+00  8.300000e+01
    endloop
  endfacet
  facet normal  0.000000e+00  0.000000e+00 -1.000000e+00
    outer loop
      vertex -1.016589e+02 -5.750000e+00  8.300000e+01
      vertex -1.075288e+02 -3.929458e+00  8.300000e+01
      vertex -1.075042e+02 -3.851491e+00  8.300000e+01
    endloop
  endfacet
  facet normal  0.000000e+00  0.000000e+00 -1.000000e+00
    outer loop
      vertex -1.016589e+02 -5.750000e+00  8.300000e+01
      vertex -1.075042e+02 -3.851491e+00  8.300000e+01
      vertex -1.074927e+02 -3.770428e+00  8.300000e+01
    endloop
  endfacet
  facet normal  0.000000e+00  0.000000e+00 -1.000000e+00
    outer loop
      vertex -1.016589e+02 -5.750000e+00  8.300000e+01
      vertex -1.074927e+02 -3.770428e+00  8.300000e+01
      vertex -1.074946e+02 -3.688381e+00  8.300000e+01
    endloop
  endfacet
  facet normal  0.000000e+00  0.000000e+00 -1.000000e+00
    outer loop
      vertex -1.016589e+02 -5.750000e+00  8.300000e+01
      vertex -1.074946e+02 -3.688381e+00  8.300000e+01
      vertex -1.075098e+02 -3.607593e+00  8.300000e+01
    endloop
  endfacet
  facet normal  0.000000e+00  0.000000e+00 -1.000000e+00
    outer loop
      vertex -1.016589e+02 -5.750000e+00  8.300000e+01
      vertex -1.075098e+02 -3.607593e+00  8.300000e+01
      vertex -1.075380e+02 -3.530438e+00  8.300000e+01
    endloop
  endfacet
  facet normal  0.000000e+00  0.000000e+00 -1.000000e+00
    outer loop
      vertex -1.016589e+02 -5.750000e+00  8.300000e+01
      vertex -1.075380e+02 -3.530438e+00  8.300000e+01
      vertex -1.075881e+02 -3.404608e+00  8.300000e+01
    endloop
  endfacet
  facet normal  0.000000e+00  0.000000e+00 -1.000000e+00
    outer loop
      vertex -1.016589e+02 -5.750000e+00  8.300000e+01
      vertex -1.075881e+02 -3.404608e+00  8.300000e+01
      vertex -1.076243e+02 -3.274093e+00  8.300000e+01
    endloop
  endfacet
  facet normal  0.000000e+00  0.000000e+00 -1.000000e+00
    outer loop
      vertex -1.016589e+02 -5.750000e+00  8.300000e+01
      vertex -1.076243e+02 -3.274093e+00  8.300000e+01
      vertex -1.076463e+02 -3.140442e+00  8.300000e+01
    endloop
  endfacet
  facet normal  0.000000e+00  0.000000e+00 -9.999999e-01
    outer loop
      vertex -1.016589e+02 -5.750000e+00  8.300000e+01
      vertex -1.076463e+02 -3.140442e+00  8.300000e+01
      vertex -1.076537e+02 -3.005204e+00  8.300000e+01
    endloop
  endfacet
  facet normal  0.000000e+00  0.000000e+00 -1.000000e+00
    outer loop
      vertex -1.016589e+02 -5.750000e+00  8.300000e+01
      vertex -1.076537e+02 -3.005204e+00  8.300000e+01
      vertex -1.076363e+02 -2.797302e+00  8.300000e+01
    endloop
  endfacet
  facet normal  0.000000e+00  0.000000e+00 -1.000000e+00
    outer loop
      vertex -1.016589e+02 -5.750000e+00  8.300000e+01
      vertex -1.076363e+02 -2.797302e+00  8.300000e+01
      vertex -1.075847e+02 -2.595186e+00  8.300000e+01
    endloop
  endfacet
  facet normal  0.000000e+00  0.000000e+00 -1.000000e+00
    outer loop
      vertex -1.016589e+02 -5.750000e+00  8.300000e+01
      vertex -1.075847e+02 -2.595186e+00  8.300000e+01
      vertex -1.075001e+02 -2.404576e+00  8.300000e+01
    endloop
  endfacet
  facet normal  0.000000e+00  0.000000e+00 -1.000000e+00
    outer loop
      vertex -1.016589e+02 -5.750000e+00  8.300000e+01
      vertex -1.075001e+02 -2.404576e+00  8.300000e+01
      vertex -1.073849e+02 -2.230759e+00  8.300000e+01
    endloop
  endfacet
  facet normal  0.000000e+00  0.000000e+00 -1.000000e+00
    outer loop
      vertex -1.016589e+02 -5.750000e+00  8.300000e+01
      vertex -1.073849e+02 -2.230759e+00  8.300000e+01
      vertex -1.072424e+02 -2.078507e+00  8.300000e+01
    endloop
  endfacet
  facet normal  0.000000e+00  0.000000e+00 -1.000000e+00
    outer loop
      vertex -1.016589e+02 -5.750000e+00  8.300000e+01
      vertex -1.072424e+02 -2.078507e+00  8.300000e+01
      vertex -1.070766e+02 -1.951995e+00  8.300000e+01
    endloop
  endfacet
  facet normal  0.000000e+00  0.000000e+00 -1.000000e+00
    outer loop
      vertex -1.016589e+02 -5.750000e+00  8.300000e+01
      vertex -1.070766e+02 -1.951995e+00  8.300000e+01
      vertex -1.056384e+02 -1.916167e+00  8.300000e+01
    endloop
  endfacet
  facet normal  0.000000e+00  0.000000e+00 -9.999999e-01
    outer loop
      vertex -1.016589e+02 -5.750000e+00  8.300000e+01
      vertex -1.056384e+02 -1.916167e+00  8.300000e+01
      vertex -1.055574e+02 -1.904665e+00  8.300000e+01
    endloop
  endfacet
  facet normal  0.000000e+00  0.000000e+00 -9.999999e-01
    outer loop
      vertex -1.016589e+02 -5.750000e+00  8.300000e+01
      vertex -1.055574e+02 -1.904665e+00  8.300000e+01
      vertex -1.054794e+02 -1.880101e+00  8.300000e+01
    endloop
  endfacet
  facet normal  0.000000e+00  0.000000e+00 -1.000000e+00
    outer loop
      vertex -1.016589e+02 -5.750000e+00  8.300000e+01
      vertex -1.054794e+02 -1.880101e+00  8.300000e+01
      vertex -1.054065e+02 -1.843096e+00  8.300000e+01
    endloop
  endfacet
  facet normal  0.000000e+00  0.000000e+00 -1.000000e+00
    outer loop
      vertex -1.016589e+02 -5.750000e+00  8.300000e+01
      vertex -1.054065e+02 -1.843096e+00  8.300000e+01
      vertex -1.053406e+02 -1.794594e+00  8.300000e+01
    endloop
  endfacet
  facet normal  0.000000e+00  0.000000e+00 -1.000000e+00
    outer loop
      vertex -1.016589e+02 -5.750000e+00  8.300000e+01
      vertex -1.053406e+02 -1.794594e+00  8.300000e+01
      vertex -1.052832e+02 -1.735856e+00  8.300000e+01
    endloop
  endfacet
  facet normal  0.000000e+00  0.000000e+00 -1.000000e+00
    outer loop
      vertex -1.016589e+02 -5.750000e+00  8.300000e+01
      vertex -1.052832e+02 -1.735856e+00  8.300000e+01
      vertex -1.052362e+02 -1.668468e+00  8.300000e+01
    endloop
  endfacet
  facet normal  0.000000e+00  0.000000e+00 -9.999999e-01
    outer loop
      vertex -1.016589e+02 -5.750000e+00  8.300000e+01
      vertex -1.052362e+02 -1.668468e+00  8.300000e+01
      vertex -1.052008e+02 -1.594337e+00  8.300000e+01
    endloop
  endfacet
  facet normal  0.000000e+00  0.000000e+00 -9.999999e-01
    outer loop
      vertex -1.016589e+02 -5.750000e+00  8.300000e+01
      vertex -1.052008e+02 -1.594337e+00  8.300000e+01
      vertex -1.050394e+02 -1.075914e+00  8.300000e+01
    endloop
  endfacet
  facet normal  0.000000e+00  0.000000e+00 -1.000000e+00
    outer loop
      vertex -1.016589e+02 -5.750000e+00  8.300000e+01
      vertex -1.050394e+02 -1.075914e+00  8.300000e+01
      vertex -1.049416e+02 -5.418638e-01  8.300000e+01
    endloop
  endfacet
  facet normal  0.000000e+00  -0.000000e+00 -1.000000e+00
    outer loop
      vertex -1.070766e+02 -1.951995e+00  8.300000e+01
      vertex -1.068922e+02 -1.854715e+00  8.300000e+01
      vertex -1.058784e+02 -1.870907e+00  8.300000e+01
    endloop
  endfacet
  facet normal  0.000000e+00  -0.000000e+00 -1.000000e+00
    outer loop
      vertex -1.070766e+02 -1.951995e+00  8.300000e+01
      vertex -1.058784e+02 -1.870907e+00  8.300000e+01
      vertex -1.058013e+02 -1.899106e+00  8.300000e+01
    endloop
  endfacet
  facet normal  0.000000e+00  -0.000000e+00 -1.000000e+00
    outer loop
      vertex -1.070766e+02 -1.951995e+00  8.300000e+01
      vertex -1.058013e+02 -1.899106e+00  8.300000e+01
      vertex -1.057205e+02 -1.914307e+00  8.300000e+01
    endloop
  endfacet
  facet normal  0.000000e+00  -0.000000e+00 -1.000000e+00
    outer loop
      vertex -1.070766e+02 -1.951995e+00  8.300000e+01
      vertex -1.057205e+02 -1.914307e+00  8.300000e+01
      vertex -1.056384e+02 -1.916167e+00  8.300000e+01
    endloop
  endfacet
  facet normal  0.000000e+00  0.000000e+00 -9.999999e-01
    outer loop
      vertex -1.123297e+02 -1.757919e+00  8.300000e+01
      vertex -1.121236e+02 -1.789396e+00  8.300000e+01
      vertex -1.125382e+02 -1.761236e+00  8.300000e+01
    endloop
  endfacet
  facet normal  0.000000e+00  -0.000000e+00 -1.000000e+00
    outer loop
      vertex -1.125382e+02 -1.761236e+00  8.300000e+01
      vertex -1.121236e+02 -1.789396e+00  8.300000e+01
      vertex -1.127434e+02 -1.799284e+00  8.300000e+01
    endloop
  endfacet
  facet normal  0.000000e+00  0.000000e+00 -9.999999e-01
    outer loop
      vertex -1.121236e+02 -1.789396e+00  8.300000e+01
      vertex -1.119256e+02 -1.854715e+00  8.300000e+01
      vertex -1.127434e+02 -1.799284e+00  8.300000e+01
    endloop
  endfacet
  facet normal  0.000000e+00  -0.000000e+00 -1.000000e+00
    outer loop
      vertex -1.127434e+02 -1.799284e+00  8.300000e+01
      vertex -1.119256e+02 -1.854715e+00  8.300000e+01
      vertex -1.129393e+02 -1.870907e+00  8.300000e+01
    endloop
  endfacet
  facet normal  0.000000e+00  0.000000e+00 -1.000000e+00
    outer loop
      vertex -1.138761e+02 -5.418638e-01  8.300000e+01
      vertex -1.191489e+02 -3.944948e-01  8.300000e+01
      vertex -1.139089e+02  3.008550e-15  8.300000e+01
    endloop
  endfacet
  facet normal  -0.000000e+00  0.000000e+00 -1.000000e+00
    outer loop
      vertex -1.139089e+02  3.008550e-15  8.300000e+01
      vertex -1.191489e+02 -3.944948e-01  8.300000e+01
      vertex -1.191489e+02  3.944948e-01  8.300000e+01
    endloop
  endfacet
  facet normal  0.000000e+00  0.000000e+00 -1.000000e+00
    outer loop
      vertex -1.139089e+02  3.008550e-15  8.300000e+01
      vertex -1.191489e+02  3.944948e-01  8.300000e+01
      vertex -1.138761e+02  5.418638e-01  8.300000e+01
    endloop
  endfacet
  facet normal  0.000000e+00  0.000000e+00 -1.000000e+00
    outer loop
      vertex -1.190691e+02 -1.179438e+00  8.300000e+01
      vertex -1.191489e+02 -3.944948e-01  8.300000e+01
      vertex -1.137783e+02 -1.075914e+00  8.300000e+01
    endloop
  endfacet
  facet normal  0.000000e+00  0.000000e+00 -1.000000e+00
    outer loop
      vertex -1.137783e+02 -1.075914e+00  8.300000e+01
      vertex -1.191489e+02 -3.944948e-01  8.300000e+01
      vertex -1.138761e+02 -5.418638e-01  8.300000e+01
    endloop
  endfacet
  facet normal  0.000000e+00  0.000000e+00 -1.000000e+00
    outer loop
      vertex -1.131793e+02  1.916167e+00  8.300000e+01
      vertex -1.117411e+02  1.951995e+00  8.300000e+01
      vertex -1.130972e+02  1.914307e+00  8.300000e+01
    endloop
  endfacet
  facet normal  0.000000e+00  0.000000e+00 -9.999999e-01
    outer loop
      vertex -1.130972e+02  1.914307e+00  8.300000e+01
      vertex -1.117411e+02  1.951995e+00  8.300000e+01
      vertex -1.119256e+02  1.854715e+00  8.300000e+01
    endloop
  endfacet
  facet normal  0.000000e+00  0.000000e+00 -1.000000e+00
    outer loop
      vertex -1.130972e+02  1.914307e+00  8.300000e+01
      vertex -1.119256e+02  1.854715e+00  8.300000e+01
      vertex -1.130165e+02  1.899106e+00  8.300000e+01
    endloop
  endfacet
  facet normal  0.000000e+00  0.000000e+00 -1.000000e+00
    outer loop
      vertex -1.130165e+02  1.899106e+00  8.300000e+01
      vertex -1.119256e+02  1.854715e+00  8.300000e+01
      vertex -1.129393e+02  1.870907e+00  8.300000e+01
    endloop
  endfacet
  facet normal  0.000000e+00  0.000000e+00 -1.000000e+00
    outer loop
      vertex -1.129393e+02  1.870907e+00  8.300000e+01
      vertex -1.119256e+02  1.854715e+00  8.300000e+01
      vertex -1.121236e+02  1.789396e+00  8.300000e+01
    endloop
  endfacet
  facet normal  0.000000e+00  0.000000e+00 -1.000000e+00
    outer loop
      vertex -1.129393e+02  1.870907e+00  8.300000e+01
      vertex -1.121236e+02  1.789396e+00  8.300000e+01
      vertex -1.127434e+02  1.799284e+00  8.300000e+01
    endloop
  endfacet
  facet normal  0.000000e+00  0.000000e+00 -1.000000e+00
    outer loop
      vertex -1.127434e+02  1.799284e+00  8.300000e+01
      vertex -1.121236e+02  1.789396e+00  8.300000e+01
      vertex -1.123297e+02  1.757919e+00  8.300000e+01
    endloop
  endfacet
  facet normal  0.000000e+00  0.000000e+00 -1.000000e+00
    outer loop
      vertex -1.127434e+02  1.799284e+00  8.300000e+01
      vertex -1.123297e+02  1.757919e+00  8.300000e+01
      vertex -1.125382e+02  1.761236e+00  8.300000e+01
    endloop
  endfacet
  facet normal  0.000000e+00  0.000000e+00 -1.000000e+00
    outer loop
      vertex -1.058784e+02  1.870907e+00  8.300000e+01
      vertex -1.068922e+02  1.854715e+00  8.300000e+01
      vertex -1.058013e+02  1.899106e+00  8.300000e+01
    endloop
  endfacet
  facet normal  -0.000000e+00  0.000000e+00 -1.000000e+00
    outer loop
      vertex -1.058013e+02  1.899106e+00  8.300000e+01
      vertex -1.068922e+02  1.854715e+00  8.300000e+01
      vertex -1.070766e+02  1.951995e+00  8.300000e+01
    endloop
  endfacet
  facet normal  0.000000e+00  0.000000e+00 -1.000000e+00
    outer loop
      vertex -1.058013e+02  1.899106e+00  8.300000e+01
      vertex -1.070766e+02  1.951995e+00  8.300000e+01
      vertex -1.057205e+02  1.914307e+00  8.300000e+01
    endloop
  endfacet
  facet normal  0.000000e+00  0.000000e+00 -1.000000e+00
    outer loop
      vertex -1.058784e+02  1.870907e+00  8.300000e+01
      vertex -1.060744e+02  1.799284e+00  8.300000e+01
      vertex -1.068922e+02  1.854715e+00  8.300000e+01
    endloop
  endfacet
  facet normal  0.000000e+00  0.000000e+00 -1.000000e+00
    outer loop
      vertex -1.068922e+02  1.854715e+00  8.300000e+01
      vertex -1.060744e+02  1.799284e+00  8.300000e+01
      vertex -1.066941e+02  1.789396e+00  8.300000e+01
    endloop
  endfacet
  facet normal  0.000000e+00  0.000000e+00 -1.000000e+00
    outer loop
      vertex -1.060744e+02  1.799284e+00  8.300000e+01
      vertex -1.062795e+02  1.761236e+00  8.300000e+01
      vertex -1.066941e+02  1.789396e+00  8.300000e+01
    endloop
  endfacet
  facet normal  0.000000e+00  0.000000e+00 -9.999999e-01
    outer loop
      vertex -1.066941e+02  1.789396e+00  8.300000e+01
      vertex -1.062795e+02  1.761236e+00  8.300000e+01
      vertex -1.064880e+02  1.757919e+00  8.300000e+01
    endloop
  endfacet
  facet normal  0.000000e+00  0.000000e+00 -1.000000e+00
    outer loop
      vertex -1.062795e+02 -1.761236e+00  8.300000e+01
      vertex -1.060744e+02 -1.799284e+00  8.300000e+01
      vertex -1.064880e+02 -1.757919e+00  8.300000e+01
    endloop
  endfacet
  facet normal  0.000000e+00  -0.000000e+00 -1.000000e+00
    outer loop
      vertex -1.064880e+02 -1.757919e+00  8.300000e+01
      vertex -1.060744e+02 -1.799284e+00  8.300000e+01
      vertex -1.066941e+02 -1.789396e+00  8.300000e+01
    endloop
  endfacet
  facet normal  0.000000e+00  0.000000e+00 -1.000000e+00
    outer loop
      vertex -1.060744e+02 -1.799284e+00  8.300000e+01
      vertex -1.058784e+02 -1.870907e+00  8.300000e+01
      vertex -1.066941e+02 -1.789396e+00  8.300000e+01
    endloop
  endfacet
  facet normal  0.000000e+00  -0.000000e+00 -1.000000e+00
    outer loop
      vertex -1.066941e+02 -1.789396e+00  8.300000e+01
      vertex -1.058784e+02 -1.870907e+00  8.300000e+01
      vertex -1.068922e+02 -1.854715e+00  8.300000e+01
    endloop
  endfacet
  facet normal  9.981781e-01 -6.033494e-02  7.455075e-05
    outer loop
      vertex -1.138761e+02  5.418638e-01  8.300000e+01
      vertex -1.139081e+02  8.317830e-02  1.400000e+02
      vertex -1.139089e+02  3.008550e-15  8.300000e+01
    endloop
  endfacet
  facet normal  9.989889e-01  4.495664e-02 -7.910889e-05
    outer loop
      vertex -1.139089e+02  3.008550e-15  8.300000e+01
      vertex -1.139081e+02  8.317830e-02  1.400000e+02
      vertex -1.138824e+02 -4.867951e-01  1.400000e+02
    endloop
  endfacet
  facet normal  9.548098e-01 -2.972174e-01  0.000000e+00
    outer loop
      vertex -1.136170e+02  1.594337e+00  8.300000e+01
      vertex -1.136170e+02  1.594337e+00  1.400000e+02
      vertex -1.137783e+02  1.075914e+00  8.300000e+01
    endloop
  endfacet
  facet normal  9.529725e-01 -3.030566e-01  5.831062e-05
    outer loop
      vertex -1.137783e+02  1.075914e+00  8.300000e+01
      vertex -1.136170e+02  1.594337e+00  1.400000e+02
      vertex -1.137647e+02  1.129705e+00  1.400000e+02
    endloop
  endfacet
  facet normal  9.836518e-01 -1.800810e-01 -6.507165e-05
    outer loop
      vertex -1.137783e+02  1.075914e+00  8.300000e+01
      vertex -1.137647e+02  1.129705e+00  1.400000e+02
      vertex -1.138761e+02  5.418638e-01  8.300000e+01
    endloop
  endfacet
  facet normal  9.801453e-01 -1.982803e-01  1.294695e-04
    outer loop
      vertex -1.138761e+02  5.418638e-01  8.300000e+01
      vertex -1.137647e+02  1.129705e+00  1.400000e+02
      vertex -1.138614e+02  6.518327e-01  1.400000e+02
    endloop
  endfacet
  facet normal  9.966449e-01 -8.184732e-02 -9.942218e-05
    outer loop
      vertex -1.138761e+02  5.418638e-01  8.300000e+01
      vertex -1.138614e+02  6.518327e-01  1.400000e+02
      vertex -1.139081e+02  8.317830e-02  1.400000e+02
    endloop
  endfacet
  facet normal  9.557229e-01  2.942683e-01  -0.000000e+00
    outer loop
      vertex -1.136170e+02 -1.594337e+00  1.400000e+02
      vertex -1.136170e+02 -1.594337e+00  8.300000e+01
      vertex -1.137849e+02 -1.048983e+00  1.400000e+02
    endloop
  endfacet
  facet normal  9.548098e-01  2.972174e-01 -3.090519e-05
    outer loop
      vertex -1.137849e+02 -1.048983e+00  1.400000e+02
      vertex -1.136170e+02 -1.594337e+00  8.300000e+01
      vertex -1.137783e+02 -1.075914e+00  8.300000e+01
    endloop
  endfacet
  facet normal  9.852730e-01  1.709890e-01  3.222993e-05
    outer loop
      vertex -1.137849e+02 -1.048983e+00  1.400000e+02
      vertex -1.137783e+02 -1.075914e+00  8.300000e+01
      vertex -1.138824e+02 -4.867951e-01  1.400000e+02
    endloop
  endfacet
  facet normal  9.836518e-01  1.800810e-01 -6.470094e-05
    outer loop
      vertex -1.138824e+02 -4.867951e-01  1.400000e+02
      vertex -1.137783e+02 -1.075914e+00  8.300000e+01
      vertex -1.138761e+02 -5.418638e-01  8.300000e+01
    endloop
  endfacet
  facet normal  9.981781e-01  6.033494e-02  5.260165e-05
    outer loop
      vertex -1.138824e+02 -4.867951e-01  1.400000e+02
      vertex -1.138761e+02 -5.418638e-01  8.300000e+01
      vertex -1.139089e+02  3.008550e-15  8.300000e+01
    endloop
  endfacet
  facet normal -3.432702e-01 -9.392366e-01  -0.000000e+00
    outer loop
      vertex -1.129393e+02  1.870907e+00  8.300000e+01
      vertex -1.129393e+02  1.870907e+00  1.400000e+02
      vertex -1.130165e+02  1.899106e+00  8.300000e+01
    endloop
  endfacet
  facet normal -3.468968e-01 -9.379033e-01  5.568618e-06
    outer loop
      vertex -1.130165e+02  1.899106e+00  8.300000e+01
      vertex -1.129393e+02  1.870907e+00  1.400000e+02
      vertex -1.130127e+02  1.898070e+00  1.400000e+02
    endloop
  endfacet
  facet normal -1.849105e-01 -9.827554e-01 -5.805431e-06
    outer loop
      vertex -1.130165e+02  1.899106e+00  8.300000e+01
      vertex -1.130127e+02  1.898070e+00  1.400000e+02
      vertex -1.130972e+02  1.914307e+00  8.300000e+01
    endloop
  endfacet
  facet normal -1.917644e-01 -9.814410e-01  4.729917e-06
    outer loop
      vertex -1.130972e+02  1.914307e+00  8.300000e+01
      vertex -1.130127e+02  1.898070e+00  1.400000e+02
      vertex -1.130936e+02  1.913872e+00  1.400000e+02
    endloop
  endfacet
  facet normal -2.266452e-02 -9.997431e-01 -6.183429e-06
    outer loop
      vertex -1.130972e+02  1.914307e+00  8.300000e+01
      vertex -1.130936e+02  1.913872e+00  1.400000e+02
      vertex -1.131793e+02  1.916167e+00  8.300000e+01
    endloop
  endfacet
  facet normal -2.921220e-02 -9.995732e-01  3.665386e-06
    outer loop
      vertex -1.131793e+02  1.916167e+00  8.300000e+01
      vertex -1.130936e+02  1.913872e+00  1.400000e+02
      vertex -1.131764e+02  1.916290e+00  1.400000e+02
    endloop
  endfacet
  facet normal  1.404812e-01 -9.900833e-01 -5.054387e-06
    outer loop
      vertex -1.131793e+02  1.916167e+00  8.300000e+01
      vertex -1.131764e+02  1.916290e+00  1.400000e+02
      vertex -1.132604e+02  1.904665e+00  8.300000e+01
    endloop
  endfacet
  facet normal  1.345592e-01 -9.909056e-01  3.838880e-06
    outer loop
      vertex -1.132604e+02  1.904665e+00  8.300000e+01
      vertex -1.131764e+02  1.916290e+00  1.400000e+02
      vertex -1.132579e+02  1.905225e+00  1.400000e+02
    endloop
  endfacet
  facet normal  3.004742e-01 -9.537900e-01 -3.810263e-06
    outer loop
      vertex -1.132604e+02  1.904665e+00  8.300000e+01
      vertex -1.132579e+02  1.905225e+00  1.400000e+02
      vertex -1.133383e+02  1.880101e+00  8.300000e+01
    endloop
  endfacet
  facet normal  2.963694e-01 -9.550734e-01  2.550666e-06
    outer loop
      vertex -1.133383e+02  1.880101e+00  8.300000e+01
      vertex -1.132579e+02  1.905225e+00  1.400000e+02
      vertex -1.133363e+02  1.880895e+00  1.400000e+02
    endloop
  endfacet
  facet normal  4.527121e-01 -8.916568e-01 -4.003541e-06
    outer loop
      vertex -1.133383e+02  1.880101e+00  8.300000e+01
      vertex -1.133363e+02  1.880895e+00  1.400000e+02
      vertex -1.134112e+02  1.843096e+00  8.300000e+01
    endloop
  endfacet
  facet normal  4.494418e-01 -8.933096e-01  1.392699e-06
    outer loop
      vertex -1.134112e+02  1.843096e+00  8.300000e+01
      vertex -1.133363e+02  1.880895e+00  1.400000e+02
      vertex -1.134100e+02  1.843792e+00  1.400000e+02
    endloop
  endfacet
  facet normal  5.923918e-01 -8.056501e-01 -2.699796e-06
    outer loop
      vertex -1.134112e+02  1.843096e+00  8.300000e+01
      vertex -1.134100e+02  1.843792e+00  1.400000e+02
      vertex -1.134772e+02  1.794594e+00  8.300000e+01
    endloop
  endfacet
  facet normal  5.899809e-01 -8.074172e-01  1.666439e-06
    outer loop
      vertex -1.134772e+02  1.794594e+00  8.300000e+01
      vertex -1.134100e+02  1.843792e+00  1.400000e+02
      vertex -1.134763e+02  1.795324e+00  1.400000e+02
    endloop
  endfacet
  facet normal  7.156928e-01 -6.984151e-01 -1.582125e-06
    outer loop
      vertex -1.134772e+02  1.794594e+00  8.300000e+01
      vertex -1.134763e+02  1.795324e+00  1.400000e+02
      vertex -1.135345e+02  1.735856e+00  8.300000e+01
    endloop
  endfacet
  facet normal  7.147043e-01 -6.994267e-01  4.817759e-07
    outer loop
      vertex -1.135345e+02  1.735856e+00  8.300000e+01
      vertex -1.134763e+02  1.795324e+00  1.400000e+02
      vertex -1.135339e+02  1.736495e+00  1.400000e+02
    endloop
  endfacet
  facet normal  8.197473e-01 -5.727255e-01 -2.022464e-06
    outer loop
      vertex -1.135345e+02  1.735856e+00  8.300000e+01
      vertex -1.135339e+02  1.736495e+00  1.400000e+02
      vertex -1.135816e+02  1.668468e+00  8.300000e+01
    endloop
  endfacet
  facet normal  8.191276e-01 -5.736114e-01 -4.468322e-07
    outer loop
      vertex -1.135816e+02  1.668468e+00  8.300000e+01
      vertex -1.135339e+02  1.736495e+00  1.400000e+02
      vertex -1.135814e+02  1.668631e+00  1.400000e+02
    endloop
  endfacet
  facet normal  9.024251e-01 -4.308468e-01 -1.065927e-06
    outer loop
      vertex -1.135816e+02  1.668468e+00  8.300000e+01
      vertex -1.135814e+02  1.668631e+00  1.400000e+02
      vertex -1.136170e+02  1.594337e+00  8.300000e+01
    endloop
  endfacet
  facet normal  9.021069e-01 -4.315124e-01  0.000000e+00
    outer loop
      vertex -1.136170e+02  1.594337e+00  8.300000e+01
      vertex -1.135814e+02  1.668631e+00  1.400000e+02
      vertex -1.136170e+02  1.594337e+00  1.400000e+02
    endloop
  endfacet
  facet normal  6.066624e-01 -7.949595e-01 -6.905663e-05
    outer loop
      vertex -1.115753e+02  2.078507e+00  8.300000e+01
      vertex -1.116811e+02  1.992807e+00  1.400000e+02
      vertex -1.117411e+02  1.951995e+00  8.300000e+01
    endloop
  endfacet
  facet normal  5.234317e-01 -8.520676e-01  5.939545e-05
    outer loop
      vertex -1.117411e+02  1.951995e+00  8.300000e+01
      vertex -1.116811e+02  1.992807e+00  1.400000e+02
      vertex -1.118425e+02  1.893709e+00  1.400000e+02
    endloop
  endfacet
  facet normal  4.664747e-01 -8.845346e-01 -7.507657e-05
    outer loop
      vertex -1.117411e+02  1.951995e+00  8.300000e+01
      vertex -1.118425e+02  1.893709e+00  1.400000e+02
      vertex -1.119256e+02  1.854715e+00  8.300000e+01
    endloop
  endfacet
  facet normal  3.891137e-01 -9.211898e-01  6.280342e-05
    outer loop
      vertex -1.119256e+02  1.854715e+00  8.300000e+01
      vertex -1.118425e+02  1.893709e+00  1.400000e+02
      vertex -1.120169e+02  1.820042e+00  1.400000e+02
    endloop
  endfacet
  facet normal  3.132466e-01 -9.496717e-01 -7.602361e-05
    outer loop
      vertex -1.119256e+02  1.854715e+00  8.300000e+01
      vertex -1.120169e+02  1.820042e+00  1.400000e+02
      vertex -1.121236e+02  1.789396e+00  8.300000e+01
    endloop
  endfacet
  facet normal  2.456696e-01 -9.693536e-01  6.110845e-05
    outer loop
      vertex -1.120169e+02  1.820042e+00  1.400000e+02
      vertex -1.122004e+02  1.773536e+00  1.400000e+02
      vertex -1.121236e+02  1.789396e+00  8.300000e+01
    endloop
  endfacet
  facet normal  1.509593e-01 -9.885399e-01 -7.177226e-05
    outer loop
      vertex -1.123297e+02  1.757919e+00  8.300000e+01
      vertex -1.121236e+02  1.789396e+00  8.300000e+01
      vertex -1.122004e+02  1.773536e+00  1.400000e+02
    endloop
  endfacet
  facet normal  9.639261e-02 -9.953434e-01  5.393334e-05
    outer loop
      vertex -1.122004e+02  1.773536e+00  1.400000e+02
      vertex -1.123885e+02  1.755317e+00  1.400000e+02
      vertex -1.123297e+02  1.757919e+00  8.300000e+01
    endloop
  endfacet
  facet normal -1.590369e-02 -9.998736e-01 -6.204031e-05
    outer loop
      vertex -1.125382e+02  1.761236e+00  8.300000e+01
      vertex -1.123297e+02  1.757919e+00  8.300000e+01
      vertex -1.123885e+02  1.755317e+00  1.400000e+02
    endloop
  endfacet
  facet normal  9.965392e-01 -8.312388e-02  0.000000e+00
    outer loop
      vertex -1.111641e+02  3.005204e+00  8.300000e+01
      vertex -1.111641e+02  3.005204e+00  1.400000e+02
      vertex -1.111814e+02  2.797302e+00  8.300000e+01
    endloop
  endfacet
  facet normal  9.957027e-01 -9.260690e-02  3.484285e-05
    outer loop
      vertex -1.111814e+02  2.797302e+00  8.300000e+01
      vertex -1.111641e+02  3.005204e+00  1.400000e+02
      vertex -1.111856e+02  2.773795e+00  1.400000e+02
    endloop
  endfacet
  facet normal  9.688550e-01 -2.476287e-01 -3.105761e-05
    outer loop
      vertex -1.111814e+02  2.797302e+00  8.300000e+01
      vertex -1.111856e+02  2.773795e+00  1.400000e+02
      vertex -1.112331e+02  2.595186e+00  8.300000e+01
    endloop
  endfacet
  facet normal  9.659646e-01 -2.586744e-01  5.961647e-06
    outer loop
      vertex -1.112331e+02  2.595186e+00  8.300000e+01
      vertex -1.111856e+02  2.773795e+00  1.400000e+02
      vertex -1.112346e+02  2.590887e+00  1.400000e+02
    endloop
  endfacet
  facet normal  9.140130e-01 -4.056848e-01 -6.495713e-06
    outer loop
      vertex -1.112331e+02  2.595186e+00  8.300000e+01
      vertex -1.112346e+02  2.590887e+00  1.400000e+02
      vertex -1.113177e+02  2.404576e+00  8.300000e+01
    endloop
  endfacet
  facet normal  9.156525e-01 -4.019709e-01 -2.102522e-05
    outer loop
      vertex -1.113177e+02  2.404576e+00  8.300000e+01
      vertex -1.112346e+02  2.590887e+00  1.400000e+02
      vertex -1.113107e+02  2.417531e+00  1.400000e+02
    endloop
  endfacet
  facet normal  8.336070e-01 -5.523580e-01  2.322559e-05
    outer loop
      vertex -1.113177e+02  2.404576e+00  8.300000e+01
      vertex -1.113107e+02  2.417531e+00  1.400000e+02
      vertex -1.114328e+02  2.230759e+00  8.300000e+01
    endloop
  endfacet
  facet normal  8.442411e-01 -5.359634e-01 -5.328712e-05
    outer loop
      vertex -1.114328e+02  2.230759e+00  8.300000e+01
      vertex -1.113107e+02  2.417531e+00  1.400000e+02
      vertex -1.114121e+02  2.257708e+00  1.400000e+02
    endloop
  endfacet
  facet normal  7.301332e-01 -6.833048e-01  5.782572e-05
    outer loop
      vertex -1.114328e+02  2.230759e+00  8.300000e+01
      vertex -1.114121e+02  2.257708e+00  1.400000e+02
      vertex -1.115753e+02  2.078507e+00  8.300000e+01
    endloop
  endfacet
  facet normal  7.535225e-01 -6.574222e-01 -9.051031e-05
    outer loop
      vertex -1.115753e+02  2.078507e+00  8.300000e+01
      vertex -1.114121e+02  2.257708e+00  1.400000e+02
      vertex -1.115366e+02  2.115056e+00  1.400000e+02
    endloop
  endfacet
  facet normal  6.457607e-01 -7.635399e-01  5.076341e-05
    outer loop
      vertex -1.115753e+02  2.078507e+00  8.300000e+01
      vertex -1.115366e+02  2.115056e+00  1.400000e+02
      vertex -1.116811e+02  1.992807e+00  1.400000e+02
    endloop
  endfacet
  facet normal -3.506524e-01 -9.365056e-01  0.000000e+00
    outer loop
      vertex -1.129393e+02  1.870907e+00  1.400000e+02
      vertex -1.129393e+02  1.870907e+00  8.300000e+01
      vertex -1.127622e+02  1.804613e+00  1.400000e+02
    endloop
  endfacet
  facet normal -3.433206e-01 -9.392183e-01 -2.592905e-05
    outer loop
      vertex -1.127622e+02  1.804613e+00  1.400000e+02
      vertex -1.129393e+02  1.870907e+00  8.300000e+01
      vertex -1.127434e+02  1.799284e+00  8.300000e+01
    endloop
  endfacet
  facet normal -2.055293e-01 -9.786510e-01  2.340441e-05
    outer loop
      vertex -1.127622e+02  1.804613e+00  1.400000e+02
      vertex -1.127434e+02  1.799284e+00  8.300000e+01
      vertex -1.125772e+02  1.765758e+00  1.400000e+02
    endloop
  endfacet
  facet normal -1.823859e-01 -9.832270e-01 -4.674002e-05
    outer loop
      vertex -1.125772e+02  1.765758e+00  1.400000e+02
      vertex -1.127434e+02  1.799284e+00  8.300000e+01
      vertex -1.125382e+02  1.761236e+00  8.300000e+01
    endloop
  endfacet
  facet normal -5.523370e-02 -9.984734e-01  4.143769e-05
    outer loop
      vertex -1.125772e+02  1.765758e+00  1.400000e+02
      vertex -1.125382e+02  1.761236e+00  8.300000e+01
      vertex -1.123885e+02  1.755317e+00  1.400000e+02
    endloop
  endfacet
  facet normal  9.290416e-01  3.699753e-01  0.000000e+00
    outer loop
      vertex -1.112798e+02  3.530438e+00  8.300000e+01
      vertex -1.112798e+02  3.530438e+00  1.400000e+02
      vertex -1.112297e+02  3.404608e+00  8.300000e+01
    endloop
  endfacet
  facet normal  9.356720e-01  3.528709e-01  4.358770e-05
    outer loop
      vertex -1.112297e+02  3.404608e+00  8.300000e+01
      vertex -1.112798e+02  3.530438e+00  1.400000e+02
      vertex -1.112162e+02  3.361780e+00  1.400000e+02
    endloop
  endfacet
  facet normal  9.636036e-01  2.673352e-01 -2.729447e-05
    outer loop
      vertex -1.112297e+02  3.404608e+00  8.300000e+01
      vertex -1.112162e+02  3.361780e+00  1.400000e+02
      vertex -1.111935e+02  3.274093e+00  8.300000e+01
    endloop
  endfacet
  facet normal  9.765843e-01  2.151352e-01  5.818086e-05
    outer loop
      vertex -1.111935e+02  3.274093e+00  8.300000e+01
      vertex -1.112162e+02  3.361780e+00  1.400000e+02
      vertex -1.111772e+02  3.184979e+00  1.400000e+02
    endloop
  endfacet
  facet normal  9.867446e-01  1.622809e-01 -2.734550e-05
    outer loop
      vertex -1.111935e+02  3.274093e+00  8.300000e+01
      vertex -1.111772e+02  3.184979e+00  1.400000e+02
      vertex -1.111715e+02  3.140442e+00  8.300000e+01
    endloop
  endfacet
  facet normal  9.973373e-01  7.292686e-02  -0.000000e+00
    outer loop
      vertex -1.111641e+02  3.005204e+00  1.400000e+02
      vertex -1.111641e+02  3.005204e+00  8.300000e+01
      vertex -1.111772e+02  3.184979e+00  1.400000e+02
    endloop
  endfacet
  facet normal  9.985061e-01  5.464022e-02  5.794473e-05
    outer loop
      vertex -1.111772e+02  3.184979e+00  1.400000e+02
      vertex -1.111641e+02  3.005204e+00  8.300000e+01
      vertex -1.111715e+02  3.140442e+00  8.300000e+01
    endloop
  endfacet
  facet normal  4.308482e-01 -9.024244e-01  0.000000e+00
    outer loop
      vertex -1.110032e+02  4.208098e+00  8.300000e+01
      vertex -1.110032e+02  4.208098e+00  1.400000e+02
      vertex -1.110773e+02  4.172707e+00  8.300000e+01
    endloop
  endfacet
  facet normal  4.273476e-01 -9.040873e-01  5.584896e-06
    outer loop
      vertex -1.110773e+02  4.172707e+00  8.300000e+01
      vertex -1.110032e+02  4.208098e+00  1.400000e+02
      vertex -1.110740e+02  4.174639e+00  1.400000e+02
    endloop
  endfacet
  facet normal  5.727162e-01 -8.197537e-01 -5.795441e-06
    outer loop
      vertex -1.110773e+02  4.172707e+00  8.300000e+01
      vertex -1.110740e+02  4.174639e+00  1.400000e+02
      vertex -1.111447e+02  4.125625e+00  8.300000e+01
    endloop
  endfacet
  facet normal  5.669649e-01 -8.237419e-01  4.770916e-06
    outer loop
      vertex -1.111447e+02  4.125625e+00  8.300000e+01
      vertex -1.110740e+02  4.174639e+00  1.400000e+02
      vertex -1.111419e+02  4.127919e+00  1.400000e+02
    endloop
  endfacet
  facet normal  6.983849e-01 -7.157224e-01 -6.155331e-06
    outer loop
      vertex -1.111447e+02  4.125625e+00  8.300000e+01
      vertex -1.111419e+02  4.127919e+00  1.400000e+02
      vertex -1.112035e+02  4.068309e+00  8.300000e+01
    endloop
  endfacet
  facet normal  6.937096e-01 -7.202549e-01  3.636591e-06
    outer loop
      vertex -1.112035e+02  4.068309e+00  8.300000e+01
      vertex -1.111419e+02  4.127919e+00  1.400000e+02
      vertex -1.112015e+02  4.070486e+00  1.400000e+02
    endloop
  endfacet
  facet normal  8.056586e-01 -5.923803e-01 -5.096675e-06
    outer loop
      vertex -1.112035e+02  4.068309e+00  8.300000e+01
      vertex -1.112015e+02  4.070486e+00  1.400000e+02
      vertex -1.112520e+02  4.002347e+00  8.300000e+01
    endloop
  endfacet
  facet normal  8.020854e-01 -5.972093e-01  3.839251e-06
    outer loop
      vertex -1.112520e+02  4.002347e+00  8.300000e+01
      vertex -1.112015e+02  4.070486e+00  1.400000e+02
      vertex -1.112506e+02  4.004528e+00  1.400000e+02
    endloop
  endfacet
  facet normal  8.916811e-01 -4.526641e-01 -3.811860e-06
    outer loop
      vertex -1.112520e+02  4.002347e+00  8.300000e+01
      vertex -1.112506e+02  4.004528e+00  1.400000e+02
      vertex -1.112890e+02  3.929458e+00  8.300000e+01
    endloop
  endfacet
  facet normal  8.897135e-01 -4.565192e-01  2.589352e-06
    outer loop
      vertex -1.112890e+02  3.929458e+00  8.300000e+01
      vertex -1.112506e+02  4.004528e+00  1.400000e+02
      vertex -1.112881e+02  3.931491e+00  1.400000e+02
    endloop
  endfacet
  facet normal  9.537738e-01 -3.005252e-01 -3.961131e-06
    outer loop
      vertex -1.112890e+02  3.929458e+00  8.300000e+01
      vertex -1.112881e+02  3.931491e+00  1.400000e+02
      vertex -1.113135e+02  3.851491e+00  8.300000e+01
    endloop
  endfacet
  facet normal  9.526843e-01 -3.039616e-01  1.348223e-06
    outer loop
      vertex -1.113135e+02  3.851491e+00  8.300000e+01
      vertex -1.112881e+02  3.931491e+00  1.400000e+02
      vertex -1.113132e+02  3.852844e+00  1.400000e+02
    endloop
  endfacet
  facet normal  9.900779e-01 -1.405199e-01 -2.760990e-06
    outer loop
      vertex -1.113135e+02  3.851491e+00  8.300000e+01
      vertex -1.113132e+02  3.852844e+00  1.400000e+02
      vertex -1.113250e+02  3.770428e+00  8.300000e+01
    endloop
  endfacet
  facet normal  9.896530e-01 -1.434814e-01  1.609330e-06
    outer loop
      vertex -1.113250e+02  3.770428e+00  8.300000e+01
      vertex -1.113132e+02  3.852844e+00  1.400000e+02
      vertex -1.113250e+02  3.771541e+00  1.400000e+02
    endloop
  endfacet
  facet normal  9.997427e-01  2.268320e-02 -1.647226e-06
    outer loop
      vertex -1.113250e+02  3.770428e+00  8.300000e+01
      vertex -1.113250e+02  3.771541e+00  1.400000e+02
      vertex -1.113232e+02  3.688381e+00  8.300000e+01
    endloop
  endfacet
  facet normal  9.997747e-01  2.122503e-02  4.811757e-07
    outer loop
      vertex -1.113232e+02  3.688381e+00  8.300000e+01
      vertex -1.113250e+02  3.771541e+00  1.400000e+02
      vertex -1.113232e+02  3.689245e+00  1.400000e+02
    endloop
  endfacet
  facet normal  9.827451e-01  1.849655e-01 -2.014544e-06
    outer loop
      vertex -1.113232e+02  3.688381e+00  8.300000e+01
      vertex -1.113232e+02  3.689245e+00  1.400000e+02
      vertex -1.113080e+02  3.607593e+00  8.300000e+01
    endloop
  endfacet
  facet normal  9.829620e-01  1.838088e-01 -2.995498e-07
    outer loop
      vertex -1.113080e+02  3.607593e+00  8.300000e+01
      vertex -1.113232e+02  3.689245e+00  1.400000e+02
      vertex -1.113080e+02  3.607808e+00  1.400000e+02
    endloop
  endfacet
  facet normal  9.392369e-01  3.432695e-01 -9.193990e-07
    outer loop
      vertex -1.113080e+02  3.607593e+00  8.300000e+01
      vertex -1.113080e+02  3.607808e+00  1.400000e+02
      vertex -1.112798e+02  3.530438e+00  8.300000e+01
    endloop
  endfacet
  facet normal  9.394552e-01  3.426718e-01  -0.000000e+00
    outer loop
      vertex -1.112798e+02  3.530438e+00  8.300000e+01
      vertex -1.113080e+02  3.607808e+00  1.400000e+02
      vertex -1.112798e+02  3.530438e+00  1.400000e+02
    endloop
  endfacet
  facet normal -6.032721e-02 -9.981786e-01  7.455309e-05
    outer loop
      vertex -1.088670e+02  4.467250e+00  8.300000e+01
      vertex -1.093257e+02  4.499228e+00  1.400000e+02
      vertex -1.094089e+02  4.499999e+00  8.300000e+01
    endloop
  endfacet
  facet normal  4.494803e-02 -9.989893e-01 -7.909191e-05
    outer loop
      vertex -1.094089e+02  4.499999e+00  8.300000e+01
      vertex -1.093257e+02  4.499228e+00  1.400000e+02
      vertex -1.098957e+02  4.473583e+00  1.400000e+02
    endloop
  endfacet
  facet normal -2.972179e-01 -9.548097e-01  -0.000000e+00
    outer loop
      vertex -1.078145e+02  4.208098e+00  8.300000e+01
      vertex -1.078145e+02  4.208098e+00  1.400000e+02
      vertex -1.083330e+02  4.369476e+00  8.300000e+01
    endloop
  endfacet
  facet normal -3.030630e-01 -9.529705e-01  5.836931e-05
    outer loop
      vertex -1.083330e+02  4.369476e+00  8.300000e+01
      vertex -1.078145e+02  4.208098e+00  1.400000e+02
      vertex -1.082792e+02  4.355859e+00  1.400000e+02
    endloop
  endfacet
  facet normal -1.800871e-01 -9.836507e-01 -6.502076e-05
    outer loop
      vertex -1.083330e+02  4.369476e+00  8.300000e+01
      vertex -1.082792e+02  4.355859e+00  1.400000e+02
      vertex -1.088670e+02  4.467250e+00  8.300000e+01
    endloop
  endfacet
  facet normal -1.982793e-01 -9.801456e-01  1.294472e-04
    outer loop
      vertex -1.088670e+02  4.467250e+00  8.300000e+01
      vertex -1.082792e+02  4.355859e+00  1.400000e+02
      vertex -1.087570e+02  4.452531e+00  1.400000e+02
    endloop
  endfacet
  facet normal -8.184391e-02 -9.966453e-01 -9.945216e-05
    outer loop
      vertex -1.088670e+02  4.467250e+00  8.300000e+01
      vertex -1.087570e+02  4.452531e+00  1.400000e+02
      vertex -1.093257e+02  4.499228e+00  1.400000e+02
    endloop
  endfacet
  facet normal  2.942748e-01 -9.557208e-01  0.000000e+00
    outer loop
      vertex -1.110032e+02  4.208098e+00  1.400000e+02
      vertex -1.110032e+02  4.208098e+00  8.300000e+01
      vertex -1.104578e+02  4.376018e+00  1.400000e+02
    endloop
  endfacet
  facet normal  2.972179e-01 -9.548097e-01 -3.084282e-05
    outer loop
      vertex -1.104578e+02  4.376018e+00  1.400000e+02
      vertex -1.110032e+02  4.208098e+00  8.300000e+01
      vertex -1.104848e+02  4.369476e+00  8.300000e+01
    endloop
  endfacet
  facet normal  1.709899e-01 -9.852728e-01  3.229472e-05
    outer loop
      vertex -1.104578e+02  4.376018e+00  1.400000e+02
      vertex -1.104848e+02  4.369476e+00  8.300000e+01
      vertex -1.098957e+02  4.473583e+00  1.400000e+02
    endloop
  endfacet
  facet normal  1.800871e-01 -9.836507e-01 -6.469129e-05
    outer loop
      vertex -1.098957e+02  4.473583e+00  1.400000e+02
      vertex -1.104848e+02  4.369476e+00  8.300000e+01
      vertex -1.099507e+02  4.467250e+00  8.300000e+01
    endloop
  endfacet
  facet normal  6.032721e-02 -9.981786e-01  5.262559e-05
    outer loop
      vertex -1.098957e+02  4.473583e+00  1.400000e+02
      vertex -1.099507e+02  4.467250e+00  8.300000e+01
      vertex -1.094089e+02  4.499999e+00  8.300000e+01
    endloop
  endfacet
  facet normal -9.392369e-01  3.432695e-01  0.000000e+00
    outer loop
      vertex -1.075380e+02  3.530438e+00  8.300000e+01
      vertex -1.075380e+02  3.530438e+00  1.400000e+02
      vertex -1.075098e+02  3.607593e+00  8.300000e+01
    endloop
  endfacet
  facet normal -9.379070e-01  3.468869e-01  5.554441e-06
    outer loop
      vertex -1.075098e+02  3.607593e+00  8.300000e+01
      vertex -1.075380e+02  3.530438e+00  1.400000e+02
      vertex -1.075108e+02  3.603874e+00  1.400000e+02
    endloop
  endfacet
  facet normal -9.827619e-01  1.848759e-01 -5.830135e-06
    outer loop
      vertex -1.075098e+02  3.607593e+00  8.300000e+01
      vertex -1.075108e+02  3.603874e+00  1.400000e+02
      vertex -1.074946e+02  3.688381e+00  8.300000e+01
    endloop
  endfacet
  facet normal -9.814426e-01  1.917562e-01  4.746227e-06
    outer loop
      vertex -1.074946e+02  3.688381e+00  8.300000e+01
      vertex -1.075108e+02  3.603874e+00  1.400000e+02
      vertex -1.074950e+02  3.684744e+00  1.400000e+02
    endloop
  endfacet
  facet normal -9.997427e-01  2.268320e-02 -6.180244e-06
    outer loop
      vertex -1.074946e+02  3.688381e+00  8.300000e+01
      vertex -1.074950e+02  3.684744e+00  1.400000e+02
      vertex -1.074927e+02  3.770428e+00  8.300000e+01
    endloop
  endfacet
  facet normal -9.995733e-01  2.921119e-02  3.639624e-06
    outer loop
      vertex -1.074927e+02  3.770428e+00  8.300000e+01
      vertex -1.074950e+02  3.684744e+00  1.400000e+02
      vertex -1.074926e+02  3.767503e+00  1.400000e+02
    endloop
  endfacet
  facet normal -9.900779e-01 -1.405199e-01 -5.090356e-06
    outer loop
      vertex -1.074927e+02  3.770428e+00  8.300000e+01
      vertex -1.074926e+02  3.767503e+00  1.400000e+02
      vertex -1.075042e+02  3.851491e+00  8.300000e+01
    endloop
  endfacet
  facet normal -9.909098e-01 -1.345277e-01  3.908690e-06
    outer loop
      vertex -1.075042e+02  3.851491e+00  8.300000e+01
      vertex -1.074926e+02  3.767503e+00  1.400000e+02
      vertex -1.075036e+02  3.848989e+00  1.400000e+02
    endloop
  endfacet
  facet normal -9.538006e-01 -3.004403e-01 -3.742845e-06
    outer loop
      vertex -1.075042e+02  3.851491e+00  8.300000e+01
      vertex -1.075036e+02  3.848989e+00  1.400000e+02
      vertex -1.075288e+02  3.929458e+00  8.300000e+01
    endloop
  endfacet
  facet normal -9.550684e-01 -2.963856e-01  2.540301e-06
    outer loop
      vertex -1.075288e+02  3.929458e+00  8.300000e+01
      vertex -1.075036e+02  3.848989e+00  1.400000e+02
      vertex -1.075280e+02  3.927390e+00  1.400000e+02
    endloop
  endfacet
  facet normal -8.916811e-01 -4.526641e-01 -4.012737e-06
    outer loop
      vertex -1.075288e+02  3.929458e+00  8.300000e+01
      vertex -1.075280e+02  3.927390e+00  1.400000e+02
      vertex -1.075658e+02  4.002347e+00  8.300000e+01
    endloop
  endfacet
  facet normal -8.933143e-01 -4.494326e-01  1.319739e-06
    outer loop
      vertex -1.075658e+02  4.002347e+00  8.300000e+01
      vertex -1.075280e+02  3.927390e+00  1.400000e+02
      vertex -1.075651e+02  4.001135e+00  1.400000e+02
    endloop
  endfacet
  facet normal -8.056141e-01 -5.924407e-01 -2.790774e-06
    outer loop
      vertex -1.075658e+02  4.002347e+00  8.300000e+01
      vertex -1.075651e+02  4.001135e+00  1.400000e+02
      vertex -1.076143e+02  4.068309e+00  8.300000e+01
    endloop
  endfacet
  facet normal -8.074148e-01 -5.899841e-01  1.658701e-06
    outer loop
      vertex -1.076143e+02  4.068309e+00  8.300000e+01
      vertex -1.075651e+02  4.001135e+00  1.400000e+02
      vertex -1.076135e+02  4.067467e+00  1.400000e+02
    endloop
  endfacet
  facet normal -6.983849e-01 -7.157224e-01 -1.599887e-06
    outer loop
      vertex -1.076143e+02  4.068309e+00  8.300000e+01
      vertex -1.076135e+02  4.067467e+00  1.400000e+02
      vertex -1.076730e+02  4.125625e+00  8.300000e+01
    endloop
  endfacet
  facet normal -6.994423e-01 -7.146890e-01  5.579886e-07
    outer loop
      vertex -1.076730e+02  4.125625e+00  8.300000e+01
      vertex -1.076135e+02  4.067467e+00  1.400000e+02
      vertex -1.076724e+02  4.125042e+00  1.400000e+02
    endloop
  endfacet
  facet normal -5.727598e-01 -8.197232e-01 -1.940080e-06
    outer loop
      vertex -1.076730e+02  4.125625e+00  8.300000e+01
      vertex -1.076724e+02  4.125042e+00  1.400000e+02
      vertex -1.077404e+02  4.172707e+00  8.300000e+01
    endloop
  endfacet
  facet normal -5.736091e-01 -8.191292e-01 -4.297208e-07
    outer loop
      vertex -1.077404e+02  4.172707e+00  8.300000e+01
      vertex -1.076724e+02  4.125042e+00  1.400000e+02
      vertex -1.077402e+02  4.172565e+00  1.400000e+02
    endloop
  endfacet
  facet normal -4.308121e-01 -9.024417e-01 -1.038792e-06
    outer loop
      vertex -1.077404e+02  4.172707e+00  8.300000e+01
      vertex -1.077402e+02  4.172565e+00  1.400000e+02
      vertex -1.078145e+02  4.208098e+00  8.300000e+01
    endloop
  endfacet
  facet normal -4.314608e-01 -9.021317e-01  0.000000e+00
    outer loop
      vertex -1.078145e+02  4.208098e+00  8.300000e+01
      vertex -1.077402e+02  4.172565e+00  1.400000e+02
      vertex -1.078145e+02  4.208098e+00  1.400000e+02
    endloop
  endfacet
  facet normal -9.985061e-01  5.464022e-02  0.000000e+00
    outer loop
      vertex -1.076537e+02  3.005204e+00  8.300000e+01
      vertex -1.076537e+02  3.005204e+00  1.400000e+02
      vertex -1.076463e+02  3.140442e+00  8.300000e+01
    endloop
  endfacet
  facet normal -9.973373e-01  7.292686e-02  4.353869e-05
    outer loop
      vertex -1.076463e+02  3.140442e+00  8.300000e+01
      vertex -1.076537e+02  3.005204e+00  1.400000e+02
      vertex -1.076405e+02  3.184979e+00  1.400000e+02
    endloop
  endfacet
  facet normal -9.867446e-01  1.622809e-01 -2.734550e-05
    outer loop
      vertex -1.076463e+02  3.140442e+00  8.300000e+01
      vertex -1.076405e+02  3.184979e+00  1.400000e+02
      vertex -1.076243e+02  3.274093e+00  8.300000e+01
    endloop
  endfacet
  facet normal -9.765843e-01  2.151352e-01  5.818086e-05
    outer loop
      vertex -1.076243e+02  3.274093e+00  8.300000e+01
      vertex -1.076405e+02  3.184979e+00  1.400000e+02
      vertex -1.076016e+02  3.361780e+00  1.400000e+02
    endloop
  endfacet
  facet normal -9.635890e-01  2.673875e-01 -2.738072e-05
    outer loop
      vertex -1.076243e+02  3.274093e+00  8.300000e+01
      vertex -1.076016e+02  3.361780e+00  1.400000e+02
      vertex -1.075881e+02  3.404608e+00  8.300000e+01
    endloop
  endfacet
  facet normal -9.356580e-01  3.529080e-01  0.000000e+00
    outer loop
      vertex -1.075380e+02  3.530438e+00  1.400000e+02
      vertex -1.075380e+02  3.530438e+00  8.300000e+01
      vertex -1.076016e+02  3.361780e+00  1.400000e+02
    endloop
  endfacet
  facet normal -9.290416e-01  3.699753e-01  5.788494e-05
    outer loop
      vertex -1.076016e+02  3.361780e+00  1.400000e+02
      vertex -1.075380e+02  3.530438e+00  8.300000e+01
      vertex -1.075881e+02  3.404608e+00  8.300000e+01
    endloop
  endfacet
  facet normal -4.664747e-01 -8.845346e-01 -6.911244e-05
    outer loop
      vertex -1.068922e+02  1.854715e+00  8.300000e+01
      vertex -1.070144e+02  1.914722e+00  1.400000e+02
      vertex -1.070766e+02  1.951995e+00  8.300000e+01
    endloop
  endfacet
  facet normal -5.532793e-01 -8.329958e-01  5.936358e-05
    outer loop
      vertex -1.070766e+02  1.951995e+00  8.300000e+01
      vertex -1.070144e+02  1.914722e+00  1.400000e+02
      vertex -1.071721e+02  2.019472e+00  1.400000e+02
    endloop
  endfacet
  facet normal -6.066448e-01 -7.949730e-01 -7.503418e-05
    outer loop
      vertex -1.070766e+02  1.951995e+00  8.300000e+01
      vertex -1.071721e+02  2.019472e+00  1.400000e+02
      vertex -1.072424e+02  2.078507e+00  8.300000e+01
    endloop
  endfacet
  facet normal -6.724040e-01 -7.401844e-01  6.282848e-05
    outer loop
      vertex -1.072424e+02  2.078507e+00  8.300000e+01
      vertex -1.071721e+02  2.019472e+00  1.400000e+02
      vertex -1.073122e+02  2.146776e+00  1.400000e+02
    endloop
  endfacet
  facet normal -7.301514e-01 -6.832854e-01 -7.605903e-05
    outer loop
      vertex -1.072424e+02  2.078507e+00  8.300000e+01
      vertex -1.073122e+02  2.146776e+00  1.400000e+02
      vertex -1.073849e+02  2.230759e+00  8.300000e+01
    endloop
  endfacet
  facet normal -7.764028e-01 -6.302370e-01  6.105557e-05
    outer loop
      vertex -1.073122e+02  2.146776e+00  1.400000e+02
      vertex -1.074315e+02  2.293745e+00  1.400000e+02
      vertex -1.073849e+02  2.230759e+00  8.300000e+01
    endloop
  endfacet
  facet normal -8.336070e-01 -5.523580e-01 -7.181585e-05
    outer loop
      vertex -1.075001e+02  2.404576e+00  8.300000e+01
      vertex -1.073849e+02  2.230759e+00  8.300000e+01
      vertex -1.074315e+02  2.293745e+00  1.400000e+02
    endloop
  endfacet
  facet normal -8.627136e-01 -5.056928e-01  5.391306e-05
    outer loop
      vertex -1.074315e+02  2.293745e+00  1.400000e+02
      vertex -1.075271e+02  2.456807e+00  1.400000e+02
      vertex -1.075001e+02  2.404576e+00  8.300000e+01
    endloop
  endfacet
  facet normal -9.139994e-01 -4.057154e-01 -6.204096e-05
    outer loop
      vertex -1.075847e+02  2.595186e+00  8.300000e+01
      vertex -1.075001e+02  2.404576e+00  8.300000e+01
      vertex -1.075271e+02  2.456807e+00  1.400000e+02
    endloop
  endfacet
  facet normal  3.433088e-01 -9.392226e-01  0.000000e+00
    outer loop
      vertex -1.058784e+02  1.870907e+00  8.300000e+01
      vertex -1.058784e+02  1.870907e+00  1.400000e+02
      vertex -1.060744e+02  1.799284e+00  8.300000e+01
    endloop
  endfacet
  facet normal  3.343428e-01 -9.424515e-01  3.487937e-05
    outer loop
      vertex -1.060744e+02  1.799284e+00  8.300000e+01
      vertex -1.058784e+02  1.870907e+00  1.400000e+02
      vertex -1.060975e+02  1.793203e+00  1.400000e+02
    endloop
  endfacet
  facet normal  1.823859e-01 -9.832270e-01 -3.101713e-05
    outer loop
      vertex -1.060744e+02  1.799284e+00  8.300000e+01
      vertex -1.060975e+02  1.793203e+00  1.400000e+02
      vertex -1.062795e+02  1.761236e+00  8.300000e+01
    endloop
  endfacet
  facet normal  1.711685e-01 -9.852417e-01  5.935583e-06
    outer loop
      vertex -1.062795e+02  1.761236e+00  8.300000e+01
      vertex -1.060975e+02  1.793203e+00  1.400000e+02
      vertex -1.062840e+02  1.760792e+00  1.400000e+02
    endloop
  endfacet
  facet normal  1.590369e-02 -9.998736e-01 -6.522912e-06
    outer loop
      vertex -1.062795e+02  1.761236e+00  8.300000e+01
      vertex -1.062840e+02  1.760792e+00  1.400000e+02
      vertex -1.064880e+02  1.757919e+00  8.300000e+01
    endloop
  endfacet
  facet normal  1.997725e-02 -9.998004e-01 -2.110471e-05
    outer loop
      vertex -1.064880e+02  1.757919e+00  8.300000e+01
      vertex -1.062840e+02  1.760792e+00  1.400000e+02
      vertex -1.064733e+02  1.757010e+00  1.400000e+02
    endloop
  endfacet
  facet normal -1.509648e-01 -9.885391e-01  2.316555e-05
    outer loop
      vertex -1.064880e+02  1.757919e+00  8.300000e+01
      vertex -1.064733e+02  1.757010e+00  1.400000e+02
      vertex -1.066941e+02  1.789396e+00  8.300000e+01
    endloop
  endfacet
  facet normal -1.316298e-01 -9.912989e-01 -5.330615e-05
    outer loop
      vertex -1.066941e+02  1.789396e+00  8.300000e+01
      vertex -1.064733e+02  1.757010e+00  1.400000e+02
      vertex -1.066610e+02  1.781929e+00  1.400000e+02
    endloop
  endfacet
  facet normal -3.132467e-01 -9.496717e-01  5.777057e-05
    outer loop
      vertex -1.066941e+02  1.789396e+00  8.300000e+01
      vertex -1.066610e+02  1.781929e+00  1.400000e+02
      vertex -1.068922e+02  1.854715e+00  8.300000e+01
    endloop
  endfacet
  facet normal -2.799457e-01 -9.600158e-01 -9.049913e-05
    outer loop
      vertex -1.068922e+02  1.854715e+00  8.300000e+01
      vertex -1.066610e+02  1.781929e+00  1.400000e+02
      vertex -1.068427e+02  1.834925e+00  1.400000e+02
    endloop
  endfacet
  facet normal -4.215158e-01 -9.068211e-01  5.075925e-05
    outer loop
      vertex -1.068922e+02  1.854715e+00  8.300000e+01
      vertex -1.068427e+02  1.834925e+00  1.400000e+02
      vertex -1.070144e+02  1.914722e+00  1.400000e+02
    endloop
  endfacet
  facet normal -9.971577e-01 -7.534189e-02  0.000000e+00
    outer loop
      vertex -1.076537e+02  3.005204e+00  1.400000e+02
      vertex -1.076537e+02  3.005204e+00  8.300000e+01
      vertex -1.076394e+02  2.816682e+00  1.400000e+02
    endloop
  endfacet
  facet normal -9.965392e-01 -8.312388e-02 -2.589273e-05
    outer loop
      vertex -1.076394e+02  2.816682e+00  1.400000e+02
      vertex -1.076537e+02  3.005204e+00  8.300000e+01
      vertex -1.076363e+02  2.797302e+00  8.300000e+01
    endloop
  endfacet
  facet normal -9.744282e-01 -2.246993e-01  2.344411e-05
    outer loop
      vertex -1.076394e+02  2.816682e+00  1.400000e+02
      vertex -1.076363e+02  2.797302e+00  8.300000e+01
      vertex -1.075969e+02  2.632462e+00  1.400000e+02
    endloop
  endfacet
  facet normal -9.688550e-01 -2.476287e-01 -4.671708e-05
    outer loop
      vertex -1.075969e+02  2.632462e+00  1.400000e+02
      vertex -1.076363e+02  2.797302e+00  8.300000e+01
      vertex -1.075847e+02  2.595186e+00  8.300000e+01
    endloop
  endfacet
  facet normal -9.292592e-01 -3.694283e-01  4.146212e-05
    outer loop
      vertex -1.075969e+02  2.632462e+00  1.400000e+02
      vertex -1.075847e+02  2.595186e+00  8.300000e+01
      vertex -1.075271e+02  2.456807e+00  1.400000e+02
    endloop
  endfacet
  facet normal -9.024251e-01 -4.308468e-01  -0.000000e+00
    outer loop
      vertex -1.052008e+02  1.594337e+00  8.300000e+01
      vertex -1.052008e+02  1.594337e+00  1.400000e+02
      vertex -1.052362e+02  1.668468e+00  8.300000e+01
    endloop
  endfacet
  facet normal -9.040809e-01 -4.273613e-01  5.561186e-06
    outer loop
      vertex -1.052362e+02  1.668468e+00  8.300000e+01
      vertex -1.052008e+02  1.594337e+00  1.400000e+02
      vertex -1.052342e+02  1.665127e+00  1.400000e+02
    endloop
  endfacet
  facet normal -8.197473e-01 -5.727255e-01 -5.816770e-06
    outer loop
      vertex -1.052362e+02  1.668468e+00  8.300000e+01
      vertex -1.052342e+02  1.665127e+00  1.400000e+02
      vertex -1.052832e+02  1.735856e+00  8.300000e+01
    endloop
  endfacet
  facet normal -8.237504e-01 -5.669527e-01  4.788543e-06
    outer loop
      vertex -1.052832e+02  1.735856e+00  8.300000e+01
      vertex -1.052342e+02  1.665127e+00  1.400000e+02
      vertex -1.052809e+02  1.733001e+00  1.400000e+02
    endloop
  endfacet
  facet normal -7.157393e-01 -6.983675e-01 -6.145761e-06
    outer loop
      vertex -1.052832e+02  1.735856e+00  8.300000e+01
      vertex -1.052809e+02  1.733001e+00  1.400000e+02
      vertex -1.053406e+02  1.794594e+00  8.300000e+01
    endloop
  endfacet
  facet normal -7.202707e-01 -6.936931e-01  3.644126e-06
    outer loop
      vertex -1.053406e+02  1.794594e+00  8.300000e+01
      vertex -1.052809e+02  1.733001e+00  1.400000e+02
      vertex -1.053384e+02  1.792635e+00  1.400000e+02
    endloop
  endfacet
  facet normal -5.923918e-01 -8.056501e-01 -5.080380e-06
    outer loop
      vertex -1.053406e+02  1.794594e+00  8.300000e+01
      vertex -1.053384e+02  1.792635e+00  1.400000e+02
      vertex -1.054065e+02  1.843096e+00  8.300000e+01
    endloop
  endfacet
  facet normal -5.972232e-01 -8.020750e-01  3.860012e-06
    outer loop
      vertex -1.054065e+02  1.843096e+00  8.300000e+01
      vertex -1.053384e+02  1.792635e+00  1.400000e+02
      vertex -1.054043e+02  1.841746e+00  1.400000e+02
    endloop
  endfacet
  facet normal -4.526744e-01 -8.916759e-01 -3.796194e-06
    outer loop
      vertex -1.054065e+02  1.843096e+00  8.300000e+01
      vertex -1.054043e+02  1.841746e+00  1.400000e+02
      vertex -1.054794e+02  1.880101e+00  8.300000e+01
    endloop
  endfacet
  facet normal -4.565123e-01 -8.897170e-01  2.576808e-06
    outer loop
      vertex -1.054794e+02  1.880101e+00  8.300000e+01
      vertex -1.054043e+02  1.841746e+00  1.400000e+02
      vertex -1.054774e+02  1.879221e+00  1.400000e+02
    endloop
  endfacet
  facet normal -3.005009e-01 -9.537815e-01 -3.987884e-06
    outer loop
      vertex -1.054794e+02  1.880101e+00  8.300000e+01
      vertex -1.054774e+02  1.879221e+00  1.400000e+02
      vertex -1.055574e+02  1.904665e+00  8.300000e+01
    endloop
  endfacet
  facet normal -3.039395e-01 -9.526914e-01  1.324980e-06
    outer loop
      vertex -1.055574e+02  1.904665e+00  8.300000e+01
      vertex -1.054774e+02  1.879221e+00  1.400000e+02
      vertex -1.055560e+02  1.904313e+00  1.400000e+02
    endloop
  endfacet
  facet normal -1.404812e-01 -9.900833e-01 -2.778173e-06
    outer loop
      vertex -1.055574e+02  1.904665e+00  8.300000e+01
      vertex -1.055560e+02  1.904313e+00  1.400000e+02
      vertex -1.056384e+02  1.916167e+00  8.300000e+01
    endloop
  endfacet
  facet normal -1.434742e-01 -9.896540e-01  1.638495e-06
    outer loop
      vertex -1.056384e+02  1.916167e+00  8.300000e+01
      vertex -1.055560e+02  1.904313e+00  1.400000e+02
      vertex -1.056373e+02  1.916099e+00  1.400000e+02
    endloop
  endfacet
  facet normal  2.266452e-02 -9.997431e-01 -1.620060e-06
    outer loop
      vertex -1.056384e+02  1.916167e+00  8.300000e+01
      vertex -1.056373e+02  1.916099e+00  1.400000e+02
      vertex -1.057205e+02  1.914307e+00  8.300000e+01
    endloop
  endfacet
  facet normal  2.118684e-02 -9.997755e-01  5.368282e-07
    outer loop
      vertex -1.057205e+02  1.914307e+00  8.300000e+01
      vertex -1.056373e+02  1.916099e+00  1.400000e+02
      vertex -1.057196e+02  1.914355e+00  1.400000e+02
    endloop
  endfacet
  facet normal  1.849105e-01 -9.827554e-01 -1.954077e-06
    outer loop
      vertex -1.057205e+02  1.914307e+00  8.300000e+01
      vertex -1.057196e+02  1.914355e+00  1.400000e+02
      vertex -1.058013e+02  1.899106e+00  8.300000e+01
    endloop
  endfacet
  facet normal  1.838618e-01 -9.829521e-01 -3.992132e-07
    outer loop
      vertex -1.058013e+02  1.899106e+00  8.300000e+01
      vertex -1.057196e+02  1.914355e+00  1.400000e+02
      vertex -1.058011e+02  1.899123e+00  1.400000e+02
    endloop
  endfacet
  facet normal  3.432702e-01 -9.392366e-01 -1.009531e-06
    outer loop
      vertex -1.058013e+02  1.899106e+00  8.300000e+01
      vertex -1.058011e+02  1.899123e+00  1.400000e+02
      vertex -1.058784e+02  1.870907e+00  8.300000e+01
    endloop
  endfacet
  facet normal  3.426139e-01 -9.394763e-01  0.000000e+00
    outer loop
      vertex -1.058784e+02  1.870907e+00  8.300000e+01
      vertex -1.058011e+02  1.899123e+00  1.400000e+02
      vertex -1.058784e+02  1.870907e+00  1.400000e+02
    endloop
  endfacet
  facet normal -9.981791e-01  6.032094e-02  7.453032e-05
    outer loop
      vertex -1.049416e+02 -5.418638e-01  8.300000e+01
      vertex -1.049096e+02 -8.317830e-02  1.400000e+02
      vertex -1.049089e+02  7.726871e-15  8.300000e+01
    endloop
  endfacet
  facet normal -9.989895e-01 -4.494330e-02 -7.908943e-05
    outer loop
      vertex -1.049089e+02  7.726871e-15  8.300000e+01
      vertex -1.049096e+02 -8.317830e-02  1.400000e+02
      vertex -1.049353e+02  4.867951e-01  1.400000e+02
    endloop
  endfacet
  facet normal -9.548098e-01  2.972174e-01  0.000000e+00
    outer loop
      vertex -1.052008e+02 -1.594337e+00  8.300000e+01
      vertex -1.052008e+02 -1.594337e+00  1.400000e+02
      vertex -1.050394e+02 -1.075914e+00  8.300000e+01
    endloop
  endfacet
  facet normal -9.529725e-01  3.030566e-01  5.831062e-05
    outer loop
      vertex -1.050394e+02 -1.075914e+00  8.300000e+01
      vertex -1.052008e+02 -1.594337e+00  1.400000e+02
      vertex -1.050530e+02 -1.129705e+00  1.400000e+02
    endloop
  endfacet
  facet normal -9.836493e-01  1.800946e-01 -6.505822e-05
    outer loop
      vertex -1.050394e+02 -1.075914e+00  8.300000e+01
      vertex -1.050530e+02 -1.129705e+00  1.400000e+02
      vertex -1.049416e+02 -5.418638e-01  8.300000e+01
    endloop
  endfacet
  facet normal -9.801453e-01  1.982803e-01  1.293383e-04
    outer loop
      vertex -1.049416e+02 -5.418638e-01  8.300000e+01
      vertex -1.050530e+02 -1.129705e+00  1.400000e+02
      vertex -1.049563e+02 -6.518327e-01  1.400000e+02
    endloop
  endfacet
  facet normal -9.966449e-01  8.184732e-02 -9.955559e-05
    outer loop
      vertex -1.049416e+02 -5.418638e-01  8.300000e+01
      vertex -1.049563e+02 -6.518327e-01  1.400000e+02
      vertex -1.049096e+02 -8.317830e-02  1.400000e+02
    endloop
  endfacet
  facet normal -9.557191e-01 -2.942805e-01  0.000000e+00
    outer loop
      vertex -1.052008e+02  1.594337e+00  1.400000e+02
      vertex -1.052008e+02  1.594337e+00  8.300000e+01
      vertex -1.050328e+02  1.048983e+00  1.400000e+02
    endloop
  endfacet
  facet normal -9.548098e-01 -2.972174e-01 -3.077741e-05
    outer loop
      vertex -1.050328e+02  1.048983e+00  1.400000e+02
      vertex -1.052008e+02  1.594337e+00  8.300000e+01
      vertex -1.050394e+02  1.075914e+00  8.300000e+01
    endloop
  endfacet
  facet normal -9.852730e-01 -1.709890e-01  3.236181e-05
    outer loop
      vertex -1.050328e+02  1.048983e+00  1.400000e+02
      vertex -1.050394e+02  1.075914e+00  8.300000e+01
      vertex -1.049353e+02  4.867951e-01  1.400000e+02
    endloop
  endfacet
  facet normal -9.836493e-01 -1.800946e-01 -6.471436e-05
    outer loop
      vertex -1.049353e+02  4.867951e-01  1.400000e+02
      vertex -1.050394e+02  1.075914e+00  8.300000e+01
      vertex -1.049416e+02  5.418638e-01  8.300000e+01
    endloop
  endfacet
  facet normal -9.981791e-01 -6.032094e-02  5.261527e-05
    outer loop
      vertex -1.049353e+02  4.867951e-01  1.400000e+02
      vertex -1.049416e+02  5.418638e-01  8.300000e+01
      vertex -1.049089e+02  7.726871e-15  8.300000e+01
    endloop
  endfacet
  facet normal  3.432702e-01  9.392366e-01  0.000000e+00
    outer loop
      vertex -1.058784e+02 -1.870907e+00  8.300000e+01
      vertex -1.058784e+02 -1.870907e+00  1.400000e+02
      vertex -1.058013e+02 -1.899106e+00  8.300000e+01
    endloop
  endfacet
  facet normal  3.469285e-01  9.378915e-01  5.617334e-06
    outer loop
      vertex -1.058013e+02 -1.899106e+00  8.300000e+01
      vertex -1.058784e+02 -1.870907e+00  1.400000e+02
      vertex -1.058050e+02 -1.898070e+00  1.400000e+02
    endloop
  endfacet
  facet normal  1.849105e-01  9.827554e-01 -5.780682e-06
    outer loop
      vertex -1.058013e+02 -1.899106e+00  8.300000e+01
      vertex -1.058050e+02 -1.898070e+00  1.400000e+02
      vertex -1.057205e+02 -1.914307e+00  8.300000e+01
    endloop
  endfacet
  facet normal  1.917644e-01  9.814410e-01  4.755585e-06
    outer loop
      vertex -1.057205e+02 -1.914307e+00  8.300000e+01
      vertex -1.058050e+02 -1.898070e+00  1.400000e+02
      vertex -1.057241e+02 -1.913872e+00  1.400000e+02
    endloop
  endfacet
  facet normal  2.266452e-02  9.997431e-01 -6.180396e-06
    outer loop
      vertex -1.057205e+02 -1.914307e+00  8.300000e+01
      vertex -1.057241e+02 -1.913872e+00  1.400000e+02
      vertex -1.056384e+02 -1.916167e+00  8.300000e+01
    endloop
  endfacet
  facet normal  2.921220e-02  9.995732e-01  3.669296e-06
    outer loop
      vertex -1.056384e+02 -1.916167e+00  8.300000e+01
      vertex -1.057241e+02 -1.913872e+00  1.400000e+02
      vertex -1.056414e+02 -1.916290e+00  1.400000e+02
    endloop
  endfacet
  facet normal -1.404812e-01  9.900833e-01 -5.073190e-06
    outer loop
      vertex -1.056384e+02 -1.916167e+00  8.300000e+01
      vertex -1.056414e+02 -1.916290e+00  1.400000e+02
      vertex -1.055574e+02 -1.904665e+00  8.300000e+01
    endloop
  endfacet
  facet normal -1.345468e-01  9.909073e-01  3.839440e-06
    outer loop
      vertex -1.055574e+02 -1.904665e+00  8.300000e+01
      vertex -1.056414e+02 -1.916290e+00  1.400000e+02
      vertex -1.055599e+02 -1.905225e+00  1.400000e+02
    endloop
  endfacet
  facet normal -3.005009e-01  9.537815e-01 -3.811520e-06
    outer loop
      vertex -1.055574e+02 -1.904665e+00  8.300000e+01
      vertex -1.055599e+02 -1.905225e+00  1.400000e+02
      vertex -1.054794e+02 -1.880101e+00  8.300000e+01
    endloop
  endfacet
  facet normal -2.963957e-01  9.550652e-01  2.549597e-06
    outer loop
      vertex -1.054794e+02 -1.880101e+00  8.300000e+01
      vertex -1.055599e+02 -1.905225e+00  1.400000e+02
      vertex -1.054815e+02 -1.880895e+00  1.400000e+02
    endloop
  endfacet
  facet normal -4.526744e-01  8.916759e-01 -4.001908e-06
    outer loop
      vertex -1.054794e+02 -1.880101e+00  8.300000e+01
      vertex -1.054815e+02 -1.880895e+00  1.400000e+02
      vertex -1.054065e+02 -1.843096e+00  8.300000e+01
    endloop
  endfacet
  facet normal -4.494418e-01  8.933096e-01  1.332541e-06
    outer loop
      vertex -1.054065e+02 -1.843096e+00  8.300000e+01
      vertex -1.054815e+02 -1.880895e+00  1.400000e+02
      vertex -1.054077e+02 -1.843792e+00  1.400000e+02
    endloop
  endfacet
  facet normal -5.923918e-01  8.056501e-01 -2.779087e-06
    outer loop
      vertex -1.054065e+02 -1.843096e+00  8.300000e+01
      vertex -1.054077e+02 -1.843792e+00  1.400000e+02
      vertex -1.053406e+02 -1.794594e+00  8.300000e+01
    endloop
  endfacet
  facet normal -5.899809e-01  8.074172e-01  1.587471e-06
    outer loop
      vertex -1.053406e+02 -1.794594e+00  8.300000e+01
      vertex -1.054077e+02 -1.843792e+00  1.400000e+02
      vertex -1.053414e+02 -1.795324e+00  1.400000e+02
    endloop
  endfacet
  facet normal -7.157393e-01  6.983675e-01 -1.679221e-06
    outer loop
      vertex -1.053406e+02 -1.794594e+00  8.300000e+01
      vertex -1.053414e+02 -1.795324e+00  1.400000e+02
      vertex -1.052832e+02 -1.735856e+00  8.300000e+01
    endloop
  endfacet
  facet normal -7.146580e-01  6.994741e-01  5.784405e-07
    outer loop
      vertex -1.052832e+02 -1.735856e+00  8.300000e+01
      vertex -1.053414e+02 -1.795324e+00  1.400000e+02
      vertex -1.052838e+02 -1.736495e+00  1.400000e+02
    endloop
  endfacet
  facet normal -8.197473e-01  5.727255e-01 -1.912741e-06
    outer loop
      vertex -1.052832e+02 -1.735856e+00  8.300000e+01
      vertex -1.052838e+02 -1.736495e+00  1.400000e+02
      vertex -1.052362e+02 -1.668468e+00  8.300000e+01
    endloop
  endfacet
  facet normal -8.191276e-01  5.736114e-01 -3.371927e-07
    outer loop
      vertex -1.052362e+02 -1.668468e+00  8.300000e+01
      vertex -1.052838e+02 -1.736495e+00  1.400000e+02
      vertex -1.052363e+02 -1.668631e+00  1.400000e+02
    endloop
  endfacet
  facet normal -9.024251e-01  4.308468e-01 -9.451386e-07
    outer loop
      vertex -1.052362e+02 -1.668468e+00  8.300000e+01
      vertex -1.052363e+02 -1.668631e+00  1.400000e+02
      vertex -1.052008e+02 -1.594337e+00  8.300000e+01
    endloop
  endfacet
  facet normal -9.021431e-01  4.314371e-01  0.000000e+00
    outer loop
      vertex -1.052008e+02 -1.594337e+00  8.300000e+01
      vertex -1.052363e+02 -1.668631e+00  1.400000e+02
      vertex -1.052008e+02 -1.594337e+00  1.400000e+02
    endloop
  endfacet
  facet normal -6.066448e-01  7.949730e-01 -6.910962e-05
    outer loop
      vertex -1.072424e+02 -2.078507e+00  8.300000e+01
      vertex -1.071366e+02 -1.992807e+00  1.400000e+02
      vertex -1.070766e+02 -1.951995e+00  8.300000e+01
    endloop
  endfacet
  facet normal -5.234137e-01  8.520787e-01  5.935221e-05
    outer loop
      vertex -1.070766e+02 -1.951995e+00  8.300000e+01
      vertex -1.071366e+02 -1.992807e+00  1.400000e+02
      vertex -1.069753e+02 -1.893709e+00  1.400000e+02
    endloop
  endfacet
  facet normal -4.664747e-01  8.845346e-01 -7.507657e-05
    outer loop
      vertex -1.070766e+02 -1.951995e+00  8.300000e+01
      vertex -1.069753e+02 -1.893709e+00  1.400000e+02
      vertex -1.068922e+02 -1.854715e+00  8.300000e+01
    endloop
  endfacet
  facet normal -3.891137e-01  9.211898e-01  6.280342e-05
    outer loop
      vertex -1.068922e+02 -1.854715e+00  8.300000e+01
      vertex -1.069753e+02 -1.893709e+00  1.400000e+02
      vertex -1.068009e+02 -1.820042e+00  1.400000e+02
    endloop
  endfacet
  facet normal -3.132466e-01  9.496717e-01 -7.602361e-05
    outer loop
      vertex -1.068922e+02 -1.854715e+00  8.300000e+01
      vertex -1.068009e+02 -1.820042e+00  1.400000e+02
      vertex -1.066941e+02 -1.789396e+00  8.300000e+01
    endloop
  endfacet
  facet normal -2.456793e-01  9.693512e-01  6.108917e-05
    outer loop
      vertex -1.068009e+02 -1.820042e+00  1.400000e+02
      vertex -1.066174e+02 -1.773536e+00  1.400000e+02
      vertex -1.066941e+02 -1.789396e+00  8.300000e+01
    endloop
  endfacet
  facet normal -1.509648e-01  9.885391e-01 -7.178490e-05
    outer loop
      vertex -1.064880e+02 -1.757919e+00  8.300000e+01
      vertex -1.066941e+02 -1.789396e+00  8.300000e+01
      vertex -1.066174e+02 -1.773536e+00  1.400000e+02
    endloop
  endfacet
  facet normal -9.638873e-02  9.953438e-01  5.394223e-05
    outer loop
      vertex -1.066174e+02 -1.773536e+00  1.400000e+02
      vertex -1.064292e+02 -1.755317e+00  1.400000e+02
      vertex -1.064880e+02 -1.757919e+00  8.300000e+01
    endloop
  endfacet
  facet normal  1.590369e-02  9.998736e-01 -6.204244e-05
    outer loop
      vertex -1.062795e+02 -1.761236e+00  8.300000e+01
      vertex -1.064880e+02 -1.757919e+00  8.300000e+01
      vertex -1.064292e+02 -1.755317e+00  1.400000e+02
    endloop
  endfacet
  facet normal -9.965392e-01  8.312388e-02  0.000000e+00
    outer loop
      vertex -1.076537e+02 -3.005204e+00  8.300000e+01
      vertex -1.076537e+02 -3.005204e+00  1.400000e+02
      vertex -1.076363e+02 -2.797302e+00  8.300000e+01
    endloop
  endfacet
  facet normal -9.957027e-01  9.260690e-02  3.484285e-05
    outer loop
      vertex -1.076363e+02 -2.797302e+00  8.300000e+01
      vertex -1.076537e+02 -3.005204e+00  1.400000e+02
      vertex -1.076321e+02 -2.773795e+00  1.400000e+02
    endloop
  endfacet
  facet normal -9.688550e-01  2.476287e-01 -3.105761e-05
    outer loop
      vertex -1.076363e+02 -2.797302e+00  8.300000e+01
      vertex -1.076321e+02 -2.773795e+00  1.400000e+02
      vertex -1.075847e+02 -2.595186e+00  8.300000e+01
    endloop
  endfacet
  facet normal -9.659646e-01  2.586744e-01  5.961647e-06
    outer loop
      vertex -1.075847e+02 -2.595186e+00  8.300000e+01
      vertex -1.076321e+02 -2.773795e+00  1.400000e+02
      vertex -1.075832e+02 -2.590887e+00  1.400000e+02
    endloop
  endfacet
  facet normal -9.139994e-01  4.057154e-01 -6.498376e-06
    outer loop
      vertex -1.075847e+02 -2.595186e+00  8.300000e+01
      vertex -1.075832e+02 -2.590887e+00  1.400000e+02
      vertex -1.075001e+02 -2.404576e+00  8.300000e+01
    endloop
  endfacet
  facet normal -9.156525e-01  4.019709e-01 -2.114778e-05
    outer loop
      vertex -1.075001e+02 -2.404576e+00  8.300000e+01
      vertex -1.075832e+02 -2.590887e+00  1.400000e+02
      vertex -1.075071e+02 -2.417531e+00  1.400000e+02
    endloop
  endfacet
  facet normal -8.336070e-01  5.523580e-01  2.311401e-05
    outer loop
      vertex -1.075001e+02 -2.404576e+00  8.300000e+01
      vertex -1.075071e+02 -2.417531e+00  1.400000e+02
      vertex -1.073849e+02 -2.230759e+00  8.300000e+01
    endloop
  endfacet
  facet normal -8.442230e-01  5.359922e-01 -5.326692e-05
    outer loop
      vertex -1.073849e+02 -2.230759e+00  8.300000e+01
      vertex -1.075071e+02 -2.417531e+00  1.400000e+02
      vertex -1.074056e+02 -2.257708e+00  1.400000e+02
    endloop
  endfacet
  facet normal -7.301514e-01  6.832854e-01  5.780988e-05
    outer loop
      vertex -1.073849e+02 -2.230759e+00  8.300000e+01
      vertex -1.074056e+02 -2.257708e+00  1.400000e+02
      vertex -1.072424e+02 -2.078507e+00  8.300000e+01
    endloop
  endfacet
  facet normal -7.535425e-01  6.573994e-01 -9.053851e-05
    outer loop
      vertex -1.072424e+02 -2.078507e+00  8.300000e+01
      vertex -1.074056e+02 -2.257708e+00  1.400000e+02
      vertex -1.072811e+02 -2.115056e+00  1.400000e+02
    endloop
  endfacet
  facet normal -6.457607e-01  7.635399e-01  5.076341e-05
    outer loop
      vertex -1.072424e+02 -2.078507e+00  8.300000e+01
      vertex -1.072811e+02 -2.115056e+00  1.400000e+02
      vertex -1.071366e+02 -1.992807e+00  1.400000e+02
    endloop
  endfacet
  facet normal  3.506524e-01  9.365056e-01  -0.000000e+00
    outer loop
      vertex -1.058784e+02 -1.870907e+00  1.400000e+02
      vertex -1.058784e+02 -1.870907e+00  8.300000e+01
      vertex -1.060555e+02 -1.804613e+00  1.400000e+02
    endloop
  endfacet
  facet normal  3.433088e-01  9.392226e-01 -2.597070e-05
    outer loop
      vertex -1.060555e+02 -1.804613e+00  1.400000e+02
      vertex -1.058784e+02 -1.870907e+00  8.300000e+01
      vertex -1.060744e+02 -1.799284e+00  8.300000e+01
    endloop
  endfacet
  facet normal  2.055212e-01  9.786527e-01  2.337975e-05
    outer loop
      vertex -1.060555e+02 -1.804613e+00  1.400000e+02
      vertex -1.060744e+02 -1.799284e+00  8.300000e+01
      vertex -1.062405e+02 -1.765758e+00  1.400000e+02
    endloop
  endfacet
  facet normal  1.823859e-01  9.832270e-01 -4.674002e-05
    outer loop
      vertex -1.062405e+02 -1.765758e+00  1.400000e+02
      vertex -1.060744e+02 -1.799284e+00  8.300000e+01
      vertex -1.062795e+02 -1.761236e+00  8.300000e+01
    endloop
  endfacet
  facet normal  5.523593e-02  9.984733e-01  4.143616e-05
    outer loop
      vertex -1.062405e+02 -1.765758e+00  1.400000e+02
      vertex -1.062795e+02 -1.761236e+00  8.300000e+01
      vertex -1.064292e+02 -1.755317e+00  1.400000e+02
    endloop
  endfacet
  facet normal -9.290416e-01 -3.699753e-01  -0.000000e+00
    outer loop
      vertex -1.075380e+02 -3.530438e+00  8.300000e+01
      vertex -1.075380e+02 -3.530438e+00  1.400000e+02
      vertex -1.075881e+02 -3.404608e+00  8.300000e+01
    endloop
  endfacet
  facet normal -9.356580e-01 -3.529080e-01  4.349361e-05
    outer loop
      vertex -1.075881e+02 -3.404608e+00  8.300000e+01
      vertex -1.075380e+02 -3.530438e+00  1.400000e+02
      vertex -1.076016e+02 -3.361780e+00  1.400000e+02
    endloop
  endfacet
  facet normal -9.635890e-01 -2.673875e-01 -2.738072e-05
    outer loop
      vertex -1.075881e+02 -3.404608e+00  8.300000e+01
      vertex -1.076016e+02 -3.361780e+00  1.400000e+02
      vertex -1.076243e+02 -3.274093e+00  8.300000e+01
    endloop
  endfacet
  facet normal -9.765843e-01 -2.151352e-01  5.818086e-05
    outer loop
      vertex -1.076243e+02 -3.274093e+00  8.300000e+01
      vertex -1.076016e+02 -3.361780e+00  1.400000e+02
      vertex -1.076405e+02 -3.184979e+00  1.400000e+02
    endloop
  endfacet
  facet normal -9.867446e-01 -1.622809e-01 -2.734550e-05
    outer loop
      vertex -1.076243e+02 -3.274093e+00  8.300000e+01
      vertex -1.076405e+02 -3.184979e+00  1.400000e+02
      vertex -1.076463e+02 -3.140442e+00  8.300000e+01
    endloop
  endfacet
  facet normal -9.973373e-01 -7.292686e-02  0.000000e+00
    outer loop
      vertex -1.076537e+02 -3.005204e+00  1.400000e+02
      vertex -1.076537e+02 -3.005204e+00  8.300000e+01
      vertex -1.076405e+02 -3.184979e+00  1.400000e+02
    endloop
  endfacet
  facet normal -9.985061e-01 -5.464022e-02  5.794473e-05
    outer loop
      vertex -1.076405e+02 -3.184979e+00  1.400000e+02
      vertex -1.076537e+02 -3.005204e+00  8.300000e+01
      vertex -1.076463e+02 -3.140442e+00  8.300000e+01
    endloop
  endfacet
  facet normal -4.308121e-01  9.024417e-01  0.000000e+00
    outer loop
      vertex -1.078145e+02 -4.208098e+00  8.300000e+01
      vertex -1.078145e+02 -4.208098e+00  1.400000e+02
      vertex -1.077404e+02 -4.172707e+00  8.300000e+01
    endloop
  endfacet
  facet normal -4.273100e-01  9.041052e-01  5.587708e-06
    outer loop
      vertex -1.077404e+02 -4.172707e+00  8.300000e+01
      vertex -1.078145e+02 -4.208098e+00  1.400000e+02
      vertex -1.077437e+02 -4.174639e+00  1.400000e+02
    endloop
  endfacet
  facet normal -5.727598e-01  8.197232e-01 -5.799028e-06
    outer loop
      vertex -1.077404e+02 -4.172707e+00  8.300000e+01
      vertex -1.077437e+02 -4.174639e+00  1.400000e+02
      vertex -1.076730e+02 -4.125625e+00  8.300000e+01
    endloop
  endfacet
  facet normal -5.670081e-01  8.237122e-01  4.767553e-06
    outer loop
      vertex -1.076730e+02 -4.125625e+00  8.300000e+01
      vertex -1.077437e+02 -4.174639e+00  1.400000e+02
      vertex -1.076759e+02 -4.127919e+00  1.400000e+02
    endloop
  endfacet
  facet normal -6.983849e-01  7.157224e-01 -6.155331e-06
    outer loop
      vertex -1.076730e+02 -4.125625e+00  8.300000e+01
      vertex -1.076759e+02 -4.127919e+00  1.400000e+02
      vertex -1.076143e+02 -4.068309e+00  8.300000e+01
    endloop
  endfacet
  facet normal -6.936635e-01  7.202992e-01  3.732715e-06
    outer loop
      vertex -1.076143e+02 -4.068309e+00  8.300000e+01
      vertex -1.076759e+02 -4.127919e+00  1.400000e+02
      vertex -1.076162e+02 -4.070486e+00  1.400000e+02
    endloop
  endfacet
  facet normal -8.056141e-01  5.924407e-01 -4.985005e-06
    outer loop
      vertex -1.076143e+02 -4.068309e+00  8.300000e+01
      vertex -1.076162e+02 -4.070486e+00  1.400000e+02
      vertex -1.075658e+02 -4.002347e+00  8.300000e+01
    endloop
  endfacet
  facet normal -8.020854e-01  5.972093e-01  3.839251e-06
    outer loop
      vertex -1.075658e+02 -4.002347e+00  8.300000e+01
      vertex -1.076162e+02 -4.070486e+00  1.400000e+02
      vertex -1.075671e+02 -4.004528e+00  1.400000e+02
    endloop
  endfacet
  facet normal -8.916811e-01  4.526641e-01 -3.811860e-06
    outer loop
      vertex -1.075658e+02 -4.002347e+00  8.300000e+01
      vertex -1.075671e+02 -4.004528e+00  1.400000e+02
      vertex -1.075288e+02 -3.929458e+00  8.300000e+01
    endloop
  endfacet
  facet normal -8.897513e-01  4.564457e-01  2.467054e-06
    outer loop
      vertex -1.075288e+02 -3.929458e+00  8.300000e+01
      vertex -1.075671e+02 -4.004528e+00  1.400000e+02
      vertex -1.075296e+02 -3.931491e+00  1.400000e+02
    endloop
  endfacet
  facet normal -9.538006e-01  3.004403e-01 -4.092237e-06
    outer loop
      vertex -1.075288e+02 -3.929458e+00  8.300000e+01
      vertex -1.075296e+02 -3.931491e+00  1.400000e+02
      vertex -1.075042e+02 -3.851491e+00  8.300000e+01
    endloop
  endfacet
  facet normal -9.526843e-01  3.039616e-01  1.348223e-06
    outer loop
      vertex -1.075042e+02 -3.851491e+00  8.300000e+01
      vertex -1.075296e+02 -3.931491e+00  1.400000e+02
      vertex -1.075046e+02 -3.852844e+00  1.400000e+02
    endloop
  endfacet
  facet normal -9.900779e-01  1.405199e-01 -2.760990e-06
    outer loop
      vertex -1.075042e+02 -3.851491e+00  8.300000e+01
      vertex -1.075046e+02 -3.852844e+00  1.400000e+02
      vertex -1.074927e+02 -3.770428e+00  8.300000e+01
    endloop
  endfacet
  facet normal -9.896530e-01  1.434814e-01  1.609330e-06
    outer loop
      vertex -1.074927e+02 -3.770428e+00  8.300000e+01
      vertex -1.075046e+02 -3.852844e+00  1.400000e+02
      vertex -1.074928e+02 -3.771541e+00  1.400000e+02
    endloop
  endfacet
  facet normal -9.997427e-01 -2.268320e-02 -1.647226e-06
    outer loop
      vertex -1.074927e+02 -3.770428e+00  8.300000e+01
      vertex -1.074928e+02 -3.771541e+00  1.400000e+02
      vertex -1.074946e+02 -3.688381e+00  8.300000e+01
    endloop
  endfacet
  facet normal -9.997767e-01 -2.113238e-02  6.164008e-07
    outer loop
      vertex -1.074946e+02 -3.688381e+00  8.300000e+01
      vertex -1.074928e+02 -3.771541e+00  1.400000e+02
      vertex -1.074945e+02 -3.689245e+00  1.400000e+02
    endloop
  endfacet
  facet normal -9.827619e-01 -1.848758e-01 -1.881630e-06
    outer loop
      vertex -1.074946e+02 -3.688381e+00  8.300000e+01
      vertex -1.074945e+02 -3.689245e+00  1.400000e+02
      vertex -1.075098e+02 -3.607593e+00  8.300000e+01
    endloop
  endfacet
  facet normal -9.829453e-01 -1.838977e-01 -4.314588e-07
    outer loop
      vertex -1.075098e+02 -3.607593e+00  8.300000e+01
      vertex -1.074945e+02 -3.689245e+00  1.400000e+02
      vertex -1.075097e+02 -3.607808e+00  1.400000e+02
    endloop
  endfacet
  facet normal -9.392369e-01 -3.432695e-01 -1.045115e-06
    outer loop
      vertex -1.075098e+02 -3.607593e+00  8.300000e+01
      vertex -1.075097e+02 -3.607808e+00  1.400000e+02
      vertex -1.075380e+02 -3.530438e+00  8.300000e+01
    endloop
  endfacet
  facet normal -9.394850e-01 -3.425900e-01  0.000000e+00
    outer loop
      vertex -1.075380e+02 -3.530438e+00  8.300000e+01
      vertex -1.075097e+02 -3.607808e+00  1.400000e+02
      vertex -1.075380e+02 -3.530438e+00  1.400000e+02
    endloop
  endfacet
  facet normal  6.032721e-02  9.981786e-01  7.454502e-05
    outer loop
      vertex -1.099507e+02 -4.467250e+00  8.300000e+01
      vertex -1.094920e+02 -4.499228e+00  1.400000e+02
      vertex -1.094089e+02 -4.499999e+00  8.300000e+01
    endloop
  endfacet
  facet normal -4.494863e-02  9.989892e-01 -7.908676e-05
    outer loop
      vertex -1.094089e+02 -4.499999e+00  8.300000e+01
      vertex -1.094920e+02 -4.499228e+00  1.400000e+02
      vertex -1.089221e+02 -4.473583e+00  1.400000e+02
    endloop
  endfacet
  facet normal  2.972179e-01  9.548097e-01  0.000000e+00
    outer loop
      vertex -1.110032e+02 -4.208098e+00  8.300000e+01
      vertex -1.110032e+02 -4.208098e+00  1.400000e+02
      vertex -1.104848e+02 -4.369476e+00  8.300000e+01
    endloop
  endfacet
  facet normal  3.030630e-01  9.529705e-01  5.836931e-05
    outer loop
      vertex -1.104848e+02 -4.369476e+00  8.300000e+01
      vertex -1.110032e+02 -4.208098e+00  1.400000e+02
      vertex -1.105386e+02 -4.355859e+00  1.400000e+02
    endloop
  endfacet
  facet normal  1.800871e-01  9.836507e-01 -6.502076e-05
    outer loop
      vertex -1.104848e+02 -4.369476e+00  8.300000e+01
      vertex -1.105386e+02 -4.355859e+00  1.400000e+02
      vertex -1.099507e+02 -4.467250e+00  8.300000e+01
    endloop
  endfacet
  facet normal  1.982793e-01  9.801456e-01  1.294472e-04
    outer loop
      vertex -1.099507e+02 -4.467250e+00  8.300000e+01
      vertex -1.105386e+02 -4.355859e+00  1.400000e+02
      vertex -1.100607e+02 -4.452531e+00  1.400000e+02
    endloop
  endfacet
  facet normal  8.184282e-02  9.966453e-01 -9.945426e-05
    outer loop
      vertex -1.099507e+02 -4.467250e+00  8.300000e+01
      vertex -1.100607e+02 -4.452531e+00  1.400000e+02
      vertex -1.094920e+02 -4.499228e+00  1.400000e+02
    endloop
  endfacet
  facet normal -2.942748e-01  9.557208e-01  0.000000e+00
    outer loop
      vertex -1.078145e+02 -4.208098e+00  1.400000e+02
      vertex -1.078145e+02 -4.208098e+00  8.300000e+01
      vertex -1.083599e+02 -4.376018e+00  1.400000e+02
    endloop
  endfacet
  facet normal -2.972179e-01  9.548097e-01 -3.084282e-05
    outer loop
      vertex -1.083599e+02 -4.376018e+00  1.400000e+02
      vertex -1.078145e+02 -4.208098e+00  8.300000e+01
      vertex -1.083330e+02 -4.369476e+00  8.300000e+01
    endloop
  endfacet
  facet normal -1.709899e-01  9.852728e-01  3.229472e-05
    outer loop
      vertex -1.083599e+02 -4.376018e+00  1.400000e+02
      vertex -1.083330e+02 -4.369476e+00  8.300000e+01
      vertex -1.089221e+02 -4.473583e+00  1.400000e+02
    endloop
  endfacet
  facet normal -1.800871e-01  9.836507e-01 -6.469129e-05
    outer loop
      vertex -1.089221e+02 -4.473583e+00  1.400000e+02
      vertex -1.083330e+02 -4.369476e+00  8.300000e+01
      vertex -1.088670e+02 -4.467250e+00  8.300000e+01
    endloop
  endfacet
  facet normal -6.032721e-02  9.981786e-01  5.262559e-05
    outer loop
      vertex -1.089221e+02 -4.473583e+00  1.400000e+02
      vertex -1.088670e+02 -4.467250e+00  8.300000e+01
      vertex -1.094089e+02 -4.499999e+00  8.300000e+01
    endloop
  endfacet
  facet normal  9.392369e-01 -3.432695e-01  0.000000e+00
    outer loop
      vertex -1.112798e+02 -3.530438e+00  8.300000e+01
      vertex -1.112798e+02 -3.530438e+00  1.400000e+02
      vertex -1.113080e+02 -3.607593e+00  8.300000e+01
    endloop
  endfacet
  facet normal  9.378753e-01 -3.469726e-01  5.686141e-06
    outer loop
      vertex -1.113080e+02 -3.607593e+00  8.300000e+01
      vertex -1.112798e+02 -3.530438e+00  1.400000e+02
      vertex -1.113069e+02 -3.603874e+00  1.400000e+02
    endloop
  endfacet
  facet normal  9.827450e-01 -1.849655e-01 -5.692441e-06
    outer loop
      vertex -1.113080e+02 -3.607593e+00  8.300000e+01
      vertex -1.113069e+02 -3.603874e+00  1.400000e+02
      vertex -1.113232e+02 -3.688381e+00  8.300000e+01
    endloop
  endfacet
  facet normal  9.814426e-01 -1.917562e-01  4.746227e-06
    outer loop
      vertex -1.113232e+02 -3.688381e+00  8.300000e+01
      vertex -1.113069e+02 -3.603874e+00  1.400000e+02
      vertex -1.113227e+02 -3.684744e+00  1.400000e+02
    endloop
  endfacet
  facet normal  9.997427e-01 -2.268320e-02 -6.180244e-06
    outer loop
      vertex -1.113232e+02 -3.688381e+00  8.300000e+01
      vertex -1.113227e+02 -3.684744e+00  1.400000e+02
      vertex -1.113250e+02 -3.770428e+00  8.300000e+01
    endloop
  endfacet
  facet normal  9.995733e-01 -2.921119e-02  3.639624e-06
    outer loop
      vertex -1.113250e+02 -3.770428e+00  8.300000e+01
      vertex -1.113227e+02 -3.684744e+00  1.400000e+02
      vertex -1.113252e+02 -3.767503e+00  1.400000e+02
    endloop
  endfacet
  facet normal  9.900779e-01  1.405199e-01 -5.090356e-06
    outer loop
      vertex -1.113250e+02 -3.770428e+00  8.300000e+01
      vertex -1.113252e+02 -3.767503e+00  1.400000e+02
      vertex -1.113135e+02 -3.851491e+00  8.300000e+01
    endloop
  endfacet
  facet normal  9.909098e-01  1.345277e-01  3.908690e-06
    outer loop
      vertex -1.113135e+02 -3.851491e+00  8.300000e+01
      vertex -1.113252e+02 -3.767503e+00  1.400000e+02
      vertex -1.113141e+02 -3.848989e+00  1.400000e+02
    endloop
  endfacet
  facet normal  9.537738e-01  3.005252e-01 -3.746837e-06
    outer loop
      vertex -1.113135e+02 -3.851491e+00  8.300000e+01
      vertex -1.113141e+02 -3.848989e+00  1.400000e+02
      vertex -1.112890e+02 -3.929458e+00  8.300000e+01
    endloop
  endfacet
  facet normal  9.550421e-01  2.964703e-01  2.536859e-06
    outer loop
      vertex -1.112890e+02 -3.929458e+00  8.300000e+01
      vertex -1.113141e+02 -3.848989e+00  1.400000e+02
      vertex -1.112898e+02 -3.927390e+00  1.400000e+02
    endloop
  endfacet
  facet normal  8.916811e-01  4.526641e-01 -4.012737e-06
    outer loop
      vertex -1.112890e+02 -3.929458e+00  8.300000e+01
      vertex -1.112898e+02 -3.927390e+00  1.400000e+02
      vertex -1.112520e+02 -4.002347e+00  8.300000e+01
    endloop
  endfacet
  facet normal  8.933143e-01  4.494326e-01  1.319739e-06
    outer loop
      vertex -1.112520e+02 -4.002347e+00  8.300000e+01
      vertex -1.112898e+02 -3.927390e+00  1.400000e+02
      vertex -1.112527e+02 -4.001135e+00  1.400000e+02
    endloop
  endfacet
  facet normal  8.056586e-01  5.923803e-01 -2.788946e-06
    outer loop
      vertex -1.112520e+02 -4.002347e+00  8.300000e+01
      vertex -1.112527e+02 -4.001135e+00  1.400000e+02
      vertex -1.112035e+02 -4.068309e+00  8.300000e+01
    endloop
  endfacet
  facet normal  8.074591e-01  5.899236e-01  1.660164e-06
    outer loop
      vertex -1.112035e+02 -4.068309e+00  8.300000e+01
      vertex -1.112527e+02 -4.001135e+00  1.400000e+02
      vertex -1.112042e+02 -4.067467e+00  1.400000e+02
    endloop
  endfacet
  facet normal  6.983849e-01  7.157224e-01 -1.599887e-06
    outer loop
      vertex -1.112035e+02 -4.068309e+00  8.300000e+01
      vertex -1.112042e+02 -4.067467e+00  1.400000e+02
      vertex -1.111447e+02 -4.125625e+00  8.300000e+01
    endloop
  endfacet
  facet normal  6.994423e-01  7.146890e-01  5.579886e-07
    outer loop
      vertex -1.111447e+02 -4.125625e+00  8.300000e+01
      vertex -1.112042e+02 -4.067467e+00  1.400000e+02
      vertex -1.111454e+02 -4.125042e+00  1.400000e+02
    endloop
  endfacet
  facet normal  5.727162e-01  8.197537e-01 -1.940881e-06
    outer loop
      vertex -1.111447e+02 -4.125625e+00  8.300000e+01
      vertex -1.111454e+02 -4.125042e+00  1.400000e+02
      vertex -1.110773e+02 -4.172707e+00  8.300000e+01
    endloop
  endfacet
  facet normal  5.736091e-01  8.191292e-01 -3.529438e-07
    outer loop
      vertex -1.110773e+02 -4.172707e+00  8.300000e+01
      vertex -1.111454e+02 -4.125042e+00  1.400000e+02
      vertex -1.110775e+02 -4.172565e+00  1.400000e+02
    endloop
  endfacet
  facet normal  4.308482e-01  9.024244e-01 -9.809787e-07
    outer loop
      vertex -1.110773e+02 -4.172707e+00  8.300000e+01
      vertex -1.110775e+02 -4.172565e+00  1.400000e+02
      vertex -1.110032e+02 -4.208098e+00  8.300000e+01
    endloop
  endfacet
  facet normal  4.314608e-01  9.021317e-01  -0.000000e+00
    outer loop
      vertex -1.110032e+02 -4.208098e+00  8.300000e+01
      vertex -1.110775e+02 -4.172565e+00  1.400000e+02
      vertex -1.110032e+02 -4.208098e+00  1.400000e+02
    endloop
  endfacet
  facet normal  9.985061e-01 -5.464022e-02  0.000000e+00
    outer loop
      vertex -1.111641e+02 -3.005204e+00  8.300000e+01
      vertex -1.111641e+02 -3.005204e+00  1.400000e+02
      vertex -1.111715e+02 -3.140442e+00  8.300000e+01
    endloop
  endfacet
  facet normal  9.973373e-01 -7.292686e-02  4.353869e-05
    outer loop
      vertex -1.111715e+02 -3.140442e+00  8.300000e+01
      vertex -1.111641e+02 -3.005204e+00  1.400000e+02
      vertex -1.111772e+02 -3.184979e+00  1.400000e+02
    endloop
  endfacet
  facet normal  9.867446e-01 -1.622809e-01 -2.734550e-05
    outer loop
      vertex -1.111715e+02 -3.140442e+00  8.300000e+01
      vertex -1.111772e+02 -3.184979e+00  1.400000e+02
      vertex -1.111935e+02 -3.274093e+00  8.300000e+01
    endloop
  endfacet
  facet normal  9.765843e-01 -2.151352e-01  5.818086e-05
    outer loop
      vertex -1.111935e+02 -3.274093e+00  8.300000e+01
      vertex -1.111772e+02 -3.184979e+00  1.400000e+02
      vertex -1.112162e+02 -3.361780e+00  1.400000e+02
    endloop
  endfacet
  facet normal  9.636036e-01 -2.673352e-01 -2.729447e-05
    outer loop
      vertex -1.111935e+02 -3.274093e+00  8.300000e+01
      vertex -1.112162e+02 -3.361780e+00  1.400000e+02
      vertex -1.112297e+02 -3.404608e+00  8.300000e+01
    endloop
  endfacet
  facet normal  9.356720e-01 -3.528709e-01  0.000000e+00
    outer loop
      vertex -1.112798e+02 -3.530438e+00  1.400000e+02
      vertex -1.112798e+02 -3.530438e+00  8.300000e+01
      vertex -1.112162e+02 -3.361780e+00  1.400000e+02
    endloop
  endfacet
  facet normal  9.290416e-01 -3.699753e-01  5.800931e-05
    outer loop
      vertex -1.112162e+02 -3.361780e+00  1.400000e+02
      vertex -1.112798e+02 -3.530438e+00  8.300000e+01
      vertex -1.112297e+02 -3.404608e+00  8.300000e+01
    endloop
  endfacet
  facet normal  4.664747e-01  8.845346e-01 -6.904997e-05
    outer loop
      vertex -1.119256e+02 -1.854715e+00  8.300000e+01
      vertex -1.118034e+02 -1.914722e+00  1.400000e+02
      vertex -1.117411e+02 -1.951995e+00  8.300000e+01
    endloop
  endfacet
  facet normal  5.532607e-01  8.330081e-01  5.940926e-05
    outer loop
      vertex -1.117411e+02 -1.951995e+00  8.300000e+01
      vertex -1.118034e+02 -1.914722e+00  1.400000e+02
      vertex -1.116456e+02 -2.019472e+00  1.400000e+02
    endloop
  endfacet
  facet normal  6.066624e-01  7.949595e-01 -7.507969e-05
    outer loop
      vertex -1.117411e+02 -1.951995e+00  8.300000e+01
      vertex -1.116456e+02 -2.019472e+00  1.400000e+02
      vertex -1.115753e+02 -2.078507e+00  8.300000e+01
    endloop
  endfacet
  facet normal  6.724240e-01  7.401661e-01  6.278202e-05
    outer loop
      vertex -1.115753e+02 -2.078507e+00  8.300000e+01
      vertex -1.116456e+02 -2.019472e+00  1.400000e+02
      vertex -1.115055e+02 -2.146776e+00  1.400000e+02
    endloop
  endfacet
  facet normal  7.301332e-01  6.833048e-01 -7.601329e-05
    outer loop
      vertex -1.115753e+02 -2.078507e+00  8.300000e+01
      vertex -1.115055e+02 -2.146776e+00  1.400000e+02
      vertex -1.114328e+02 -2.230759e+00  8.300000e+01
    endloop
  endfacet
  facet normal  7.764028e-01  6.302370e-01  6.115949e-05
    outer loop
      vertex -1.115055e+02 -2.146776e+00  1.400000e+02
      vertex -1.113862e+02 -2.293745e+00  1.400000e+02
      vertex -1.114328e+02 -2.230759e+00  8.300000e+01
    endloop
  endfacet
  facet normal  8.336070e-01  5.523580e-01 -7.170426e-05
    outer loop
      vertex -1.113177e+02 -2.404576e+00  8.300000e+01
      vertex -1.114328e+02 -2.230759e+00  8.300000e+01
      vertex -1.113862e+02 -2.293745e+00  1.400000e+02
    endloop
  endfacet
  facet normal  8.626961e-01  5.057228e-01  5.394896e-05
    outer loop
      vertex -1.113862e+02 -2.293745e+00  1.400000e+02
      vertex -1.112906e+02 -2.456807e+00  1.400000e+02
      vertex -1.113177e+02 -2.404576e+00  8.300000e+01
    endloop
  endfacet
  facet normal  9.140130e-01  4.056848e-01 -6.207541e-05
    outer loop
      vertex -1.112331e+02 -2.595186e+00  8.300000e+01
      vertex -1.113177e+02 -2.404576e+00  8.300000e+01
      vertex -1.112906e+02 -2.456807e+00  1.400000e+02
    endloop
  endfacet
  facet normal -3.433206e-01  9.392183e-01  0.000000e+00
    outer loop
      vertex -1.129393e+02 -1.870907e+00  8.300000e+01
      vertex -1.129393e+02 -1.870907e+00  1.400000e+02
      vertex -1.127434e+02 -1.799284e+00  8.300000e+01
    endloop
  endfacet
  facet normal -3.343428e-01  9.424515e-01  3.492413e-05
    outer loop
      vertex -1.127434e+02 -1.799284e+00  8.300000e+01
      vertex -1.129393e+02 -1.870907e+00  1.400000e+02
      vertex -1.127203e+02 -1.793203e+00  1.400000e+02
    endloop
  endfacet
  facet normal -1.823859e-01  9.832270e-01 -3.099271e-05
    outer loop
      vertex -1.127434e+02 -1.799284e+00  8.300000e+01
      vertex -1.127203e+02 -1.793203e+00  1.400000e+02
      vertex -1.125382e+02 -1.761236e+00  8.300000e+01
    endloop
  endfacet
  facet normal -1.711753e-01  9.852406e-01  5.936133e-06
    outer loop
      vertex -1.125382e+02 -1.761236e+00  8.300000e+01
      vertex -1.127203e+02 -1.793203e+00  1.400000e+02
      vertex -1.125337e+02 -1.760792e+00  1.400000e+02
    endloop
  endfacet
  facet normal -1.590369e-02  9.998736e-01 -6.522912e-06
    outer loop
      vertex -1.125382e+02 -1.761236e+00  8.300000e+01
      vertex -1.125337e+02 -1.760792e+00  1.400000e+02
      vertex -1.123297e+02 -1.757919e+00  8.300000e+01
    endloop
  endfacet
  facet normal -1.997725e-02  9.998004e-01 -2.110471e-05
    outer loop
      vertex -1.123297e+02 -1.757919e+00  8.300000e+01
      vertex -1.125337e+02 -1.760792e+00  1.400000e+02
      vertex -1.123444e+02 -1.757010e+00  1.400000e+02
    endloop
  endfacet
  facet normal  1.509593e-01  9.885399e-01  2.316413e-05
    outer loop
      vertex -1.123297e+02 -1.757919e+00  8.300000e+01
      vertex -1.123444e+02 -1.757010e+00  1.400000e+02
      vertex -1.121236e+02 -1.789396e+00  8.300000e+01
    endloop
  endfacet
  facet normal  1.316298e-01  9.912989e-01 -5.328854e-05
    outer loop
      vertex -1.121236e+02 -1.789396e+00  8.300000e+01
      vertex -1.123444e+02 -1.757010e+00  1.400000e+02
      vertex -1.121568e+02 -1.781929e+00  1.400000e+02
    endloop
  endfacet
  facet normal  3.132467e-01  9.496717e-01  5.781250e-05
    outer loop
      vertex -1.121236e+02 -1.789396e+00  8.300000e+01
      vertex -1.121568e+02 -1.781929e+00  1.400000e+02
      vertex -1.119256e+02 -1.854715e+00  8.300000e+01
    endloop
  endfacet
  facet normal  2.799457e-01  9.600158e-01 -9.046165e-05
    outer loop
      vertex -1.119256e+02 -1.854715e+00  8.300000e+01
      vertex -1.121568e+02 -1.781929e+00  1.400000e+02
      vertex -1.119750e+02 -1.834925e+00  1.400000e+02
    endloop
  endfacet
  facet normal  4.215158e-01  9.068211e-01  5.081565e-05
    outer loop
      vertex -1.119256e+02 -1.854715e+00  8.300000e+01
      vertex -1.119750e+02 -1.834925e+00  1.400000e+02
      vertex -1.118034e+02 -1.914722e+00  1.400000e+02
    endloop
  endfacet
  facet normal  9.971609e-01  7.530177e-02  -0.000000e+00
    outer loop
      vertex -1.111641e+02 -3.005204e+00  1.400000e+02
      vertex -1.111641e+02 -3.005204e+00  8.300000e+01
      vertex -1.111783e+02 -2.816682e+00  1.400000e+02
    endloop
  endfacet
  facet normal  9.965392e-01  8.312388e-02 -2.602611e-05
    outer loop
      vertex -1.111783e+02 -2.816682e+00  1.400000e+02
      vertex -1.111641e+02 -3.005204e+00  8.300000e+01
      vertex -1.111814e+02 -2.797302e+00  8.300000e+01
    endloop
  endfacet
  facet normal  9.744193e-01  2.247376e-01  2.332719e-05
    outer loop
      vertex -1.111783e+02 -2.816682e+00  1.400000e+02
      vertex -1.111814e+02 -2.797302e+00  8.300000e+01
      vertex -1.112208e+02 -2.632462e+00  1.400000e+02
    endloop
  endfacet
  facet normal  9.688550e-01  2.476287e-01 -4.671708e-05
    outer loop
      vertex -1.112208e+02 -2.632462e+00  1.400000e+02
      vertex -1.111814e+02 -2.797302e+00  8.300000e+01
      vertex -1.112331e+02 -2.595186e+00  8.300000e+01
    endloop
  endfacet
  facet normal  9.292731e-01  3.693935e-01  4.143635e-05
    outer loop
      vertex -1.112208e+02 -2.632462e+00  1.400000e+02
      vertex -1.112331e+02 -2.595186e+00  8.300000e+01
      vertex -1.112906e+02 -2.456807e+00  1.400000e+02
    endloop
  endfacet
  facet normal  9.024251e-01  4.308468e-01  0.000000e+00
    outer loop
      vertex -1.136170e+02 -1.594337e+00  8.300000e+01
      vertex -1.136170e+02 -1.594337e+00  1.400000e+02
      vertex -1.135816e+02 -1.668468e+00  8.300000e+01
    endloop
  endfacet
  facet normal  9.040809e-01  4.273613e-01  5.561186e-06
    outer loop
      vertex -1.135816e+02 -1.668468e+00  8.300000e+01
      vertex -1.136170e+02 -1.594337e+00  1.400000e+02
      vertex -1.135835e+02 -1.665127e+00  1.400000e+02
    endloop
  endfacet
  facet normal  8.197473e-01  5.727255e-01 -5.816770e-06
    outer loop
      vertex -1.135816e+02 -1.668468e+00  8.300000e+01
      vertex -1.135835e+02 -1.665127e+00  1.400000e+02
      vertex -1.135345e+02 -1.735856e+00  8.300000e+01
    endloop
  endfacet
  facet normal  8.237072e-01  5.670155e-01  4.673400e-06
    outer loop
      vertex -1.135345e+02 -1.735856e+00  8.300000e+01
      vertex -1.135835e+02 -1.665127e+00  1.400000e+02
      vertex -1.135368e+02 -1.733001e+00  1.400000e+02
    endloop
  endfacet
  facet normal  7.156928e-01  6.984151e-01 -6.245815e-06
    outer loop
      vertex -1.135345e+02 -1.735856e+00  8.300000e+01
      vertex -1.135368e+02 -1.733001e+00  1.400000e+02
      vertex -1.134772e+02 -1.794594e+00  8.300000e+01
    endloop
  endfacet
  facet normal  7.202707e-01  6.936931e-01  3.644126e-06
    outer loop
      vertex -1.134772e+02 -1.794594e+00  8.300000e+01
      vertex -1.135368e+02 -1.733001e+00  1.400000e+02
      vertex -1.134793e+02 -1.792635e+00  1.400000e+02
    endloop
  endfacet
  facet normal  5.923918e-01  8.056501e-01 -5.080380e-06
    outer loop
      vertex -1.134772e+02 -1.794594e+00  8.300000e+01
      vertex -1.134793e+02 -1.792635e+00  1.400000e+02
      vertex -1.134112e+02 -1.843096e+00  8.300000e+01
    endloop
  endfacet
  facet normal  5.972232e-01  8.020750e-01  3.860012e-06
    outer loop
      vertex -1.134112e+02 -1.843096e+00  8.300000e+01
      vertex -1.134793e+02 -1.792635e+00  1.400000e+02
      vertex -1.134134e+02 -1.841746e+00  1.400000e+02
    endloop
  endfacet
  facet normal  4.527121e-01  8.916568e-01 -3.794299e-06
    outer loop
      vertex -1.134112e+02 -1.843096e+00  8.300000e+01
      vertex -1.134134e+02 -1.841746e+00  1.400000e+02
      vertex -1.133383e+02 -1.880101e+00  8.300000e+01
    endloop
  endfacet
  facet normal  4.565123e-01  8.897170e-01  2.515704e-06
    outer loop
      vertex -1.133383e+02 -1.880101e+00  8.300000e+01
      vertex -1.134134e+02 -1.841746e+00  1.400000e+02
      vertex -1.133404e+02 -1.879221e+00  1.400000e+02
    endloop
  endfacet
  facet normal  3.004742e-01  9.537900e-01 -4.029188e-06
    outer loop
      vertex -1.133383e+02 -1.880101e+00  8.300000e+01
      vertex -1.133404e+02 -1.879221e+00  1.400000e+02
      vertex -1.132604e+02 -1.904665e+00  8.300000e+01
    endloop
  endfacet
  facet normal  3.039663e-01  9.526829e-01  1.366353e-06
    outer loop
      vertex -1.132604e+02 -1.904665e+00  8.300000e+01
      vertex -1.133404e+02 -1.879221e+00  1.400000e+02
      vertex -1.132617e+02 -1.904313e+00  1.400000e+02
    endloop
  endfacet
  facet normal  1.404812e-01  9.900833e-01 -2.759369e-06
    outer loop
      vertex -1.132604e+02 -1.904665e+00  8.300000e+01
      vertex -1.132617e+02 -1.904313e+00  1.400000e+02
      vertex -1.131793e+02 -1.916167e+00  8.300000e+01
    endloop
  endfacet
  facet normal  1.434610e-01  9.896559e-01  1.638235e-06
    outer loop
      vertex -1.131793e+02 -1.916167e+00  8.300000e+01
      vertex -1.132617e+02 -1.904313e+00  1.400000e+02
      vertex -1.131804e+02 -1.916099e+00  1.400000e+02
    endloop
  endfacet
  facet normal -2.266452e-02  9.997431e-01 -1.620060e-06
    outer loop
      vertex -1.131793e+02 -1.916167e+00  8.300000e+01
      vertex -1.131804e+02 -1.916099e+00  1.400000e+02
      vertex -1.130972e+02 -1.914307e+00  8.300000e+01
    endloop
  endfacet
  facet normal -2.118684e-02  9.997755e-01  5.368282e-07
    outer loop
      vertex -1.130972e+02 -1.914307e+00  8.300000e+01
      vertex -1.131804e+02 -1.916099e+00  1.400000e+02
      vertex -1.130981e+02 -1.914355e+00  1.400000e+02
    endloop
  endfacet
  facet normal -1.849105e-01  9.827554e-01 -1.954077e-06
    outer loop
      vertex -1.130972e+02 -1.914307e+00  8.300000e+01
      vertex -1.130981e+02 -1.914355e+00  1.400000e+02
      vertex -1.130165e+02 -1.899106e+00  8.300000e+01
    endloop
  endfacet
  facet normal -1.838618e-01  9.829521e-01 -3.992132e-07
    outer loop
      vertex -1.130165e+02 -1.899106e+00  8.300000e+01
      vertex -1.130981e+02 -1.914355e+00  1.400000e+02
      vertex -1.130167e+02 -1.899123e+00  1.400000e+02
    endloop
  endfacet
  facet normal -3.432702e-01  9.392366e-01 -1.009531e-06
    outer loop
      vertex -1.130165e+02 -1.899106e+00  8.300000e+01
      vertex -1.130167e+02 -1.899123e+00  1.400000e+02
      vertex -1.129393e+02 -1.870907e+00  8.300000e+01
    endloop
  endfacet
  facet normal -3.426139e-01  9.394763e-01  0.000000e+00
    outer loop
      vertex -1.129393e+02 -1.870907e+00  8.300000e+01
      vertex -1.130167e+02 -1.899123e+00  1.400000e+02
      vertex -1.129393e+02 -1.870907e+00  1.400000e+02
    endloop
  endfacet
endsolid CATIA STL
