71.499321	-354.860382	-373.91153	165.631821	-159.670914	4.677784	266.216553	0	0.000007	-0.000026	-0.000039	-0.000024	-0.169412	-0.185214	-0.000008	-0.000002	-44	-44	1.18	21.054359
68.791023	-351.405792	-369.400055	165.631821	-157.530075	4.872691	265.896362	0	-0.159452	-0.167113	-0.179846	-0.169996	-0.169412	-0.185214	-0.000008	-0.000002	-44	-44	1.18	21.033616
69.33268	-350.638123	-368.317291	164.93074	-157.886887	5.067596	265.194458	0	0.000007	-0.000026	-0.000039	-0.000024	-0.169412	-0.185214	-0.000008	-0.000002	-44	-44	1.18	20.997452
69.33268	-353.516907	-372.648315	165.239212	-160.027725	4.872691	264.394226	0	0.000007	-0.000026	-0.000039	-0.000024	-0.169412	-0.185214	-0.000008	-0.000002	-44	-44	1.18	20.973007
73.304871	-344.496643	-366.512695	190.695694	-140.938583	5.4574	275.437317	0	0.000007	-0.000026	-0.000039	-0.000024	0.000016	-0.185214	0.000002	-0.000002	-44	-40	1.18	21.391425
74.568741	-345.264343	-367.77594	191.572052	-140.760178	5.262503	276.077484	0.163035	0.000007	-0.000026	-0.000039	-0.000024	0.000016	-0.185214	-0.000008	-0.000002	-44	-40	1.18	21.424482
74.388191	-346.991608	-367.95636	190.169876	-140.046555	5.262503	276.557648	0	-0.159452	-0.000026	-0.000039	-0.169996	-0.169412	-0.185214	-0.000008	-0.000002	-44	-40	1.18	21.443467
73.846527	-347.278748	-368.497772	190.695694	-140.403366	5.262503	276.877747	0	0.000007	-0.000026	-0.000039	-0.000024	-0.169412	-0.185214	-0.000008	-0.000002	-44	-40	1.18	21.456113
76.915939	-345.456268	-362.362152	219.615524	-125.417496	5.847221	290.161469	0	0.000007	-0.000026	-0.000039	-0.169996	0.000016	-0.185214	0.000002	-0.000002	-44	-36	1.18	21.95196
78.721474	-346.223938	-364.527649	219.209198	-125.774292	5.457409	290.869202	0.163035	0.000007	-0.000026	-0.000039	-0.000024	-0.169412	-0.185214	-0.000008	-0.000002	-44	-36	1.18	21.994291
79.082588	-346.991608	-364.347198	220.260559	-123.098251	5.847221	291.281769	0.163035	0.000007	-0.000026	-0.000039	-0.000024	0.000016	-0.185214	0.000002	-0.175406	-44	-36	1.18	21.995167
80.165909	-347.951233	-365.971344	220.961472	-124.882278	5.652315	291.761902	0	0.000007	-0.000026	-0.000039	-0.169996	0.000016	-0.185214	-0.000008	-0.000002	-44	-36	1.18	22.02116
80.707573	-341.425934	-346.66217	248.535385	-107.22036	5.652315	304.725555	0	0.000007	-0.000026	-0.000039	-0.169996	-0.169412	-0.185214	-0.192133	-0.000002	-44	-32	1.18	22.514524
81.06868	-344.880524	-350.632294	247.308487	-109.004395	5.652315	304.956421	0	0.000007	-0.000026	-0.000039	-0.169996	-0.169412	-0.185214	-0.000008	-0.000002	-44	-32	1.18	22.523212
79.985359	-341.809784	-346.66217	247.83429	-107.577164	5.847213	305.525757	0	0.000007	-0.000026	-0.000039	-0.169996	-0.169412	-0.185214	-0.192133	-0.000002	-44	-32	1.18	22.537297
79.263138	-342.001709	-346.48172	248.710663	-107.933968	6.042128	306.165924	0	0.000007	-0.000026	-0.000039	-0.000024	-0.169412	-0.185214	-0.000008	-0.000002	-44	-32	1.18	22.554033
76.013168	-337.587555	-320.134674	273.599243	-94.018517	6.042128	316.568878	0.163035	0.000007	-0.000026	-0.000039	-0.000024	-0.169412	-0.185214	-0.000008	-0.000002	-44	-28	1.18	22.94159
74.388191	-342.001709	-325.909393	274.650879	-97.408188	6.237033	316.888947	0.163035	0.000007	-0.000026	-0.000039	-0.000024	-0.169412	-0.185214	0.000002	-0.000002	-44	-28	1.18	22.946213
75.832619	-339.890594	-321.578369	274.300323	-94.018517	6.042128	317.529114	0	0.000007	-0.000026	-0.000039	-0.000024	0.000016	-0.185214	-0.000008	-0.175406	-44	-28	1.18	22.977033
77.81871	-338.739075	-322.119751	275.106689	-92.769699	6.042128	317.602905	0.163035	0.000007	-0.000026	-0.000039	-0.000024	-0.169412	-0.185214	-0.000008	-0.000002	-44	-28	1.18	22.979755
66.08271	-332.981476	-284.223297	296.20929	-77.070206	6.237033	327.131836	0.163035	0.000007	-0.000026	-0.000039	-0.000024	-0.169412	-0.185214	-0.000008	-0.000002	-44	-24	1.18	23.321439
66.443817	-334.32489	-287.291077	295.683472	-79.38945	6.626846	327.611969	0	0.000007	-0.000026	-0.000039	-0.000024	-0.169412	-0.185214	-0.000008	-0.175406	-44	-24	1.18	23.32472
65.179947	-338.1633	-289.817535	297.962006	-82.243904	6.626846	327.932068	0.163035	0.000007	-0.000026	-0.000039	-0.000024	-0.169412	-0.185214	-0.000008	-0.000002	-44	-24	1.18	23.336348
66.624374	-337.587555	-290.719818	296.559845	-81.530296	6.821752	328.252136	0	0.000007	-0.000026	-0.000039	-0.169996	0.000016	-0.185214	-0.000008	-0.000002	-44	-24	1.18	23.340893
52.721729	-333.17337	-252.642929	316.985992	-68.328445	6.43194	338.174927	0.163035	0.000007	-0.000026	-0.000039	-0.000024	0.000016	-0.185214	-0.000008	-0.000002	-44	-20	1.18	23.712365
54.34671	-330.102661	-250.116501	318.913452	-68.328445	6.626846	338.65506	0.163035	0.000007	-0.000026	-0.000039	-0.169996	0.000016	-0.185214	-0.192133	-0.175406	-44	-20	1.18	23.722556
51.818958	-331.638	-249.033752	316.81073	-68.506851	6.626846	338.733734	0	0.000007	-0.000026	-0.000039	-0.000024	0.000016	-0.185214	-0.000008	-0.000002	-44	-20	1.18	23.725366
51.457851	-335.668335	-254.988892	317.417175	-71.896515	6.821752	338.495026	0.163035	0.000007	-0.000026	-0.000039	-0.000024	0.000016	-0.185214	-0.192135	-0.000002	-44	-20	1.18	23.709873
30.333055	-293.253998	-183.527039	296.9104	-47.812069	5.457409	309.046753	0.163035	0.000007	-0.000026	-0.000039	-0.000024	0.000016	-0.185214	-0.000008	-0.000002	-44	-16	1.18	22.683876
30.333055	-292.486328	-184.248886	296.659607	-49.417702	5.652315	308.158051	0	-0.159452	-0.000026	-0.000039	-0.000024	0.000016	-0.185214	-0.000008	-0.000002	-44	-16	1.18	22.643356
26.721979	-295.748962	-186.414398	295.082581	-54.412991	6.237033	307.766388	0.163035	0.000007	-0.000026	-0.000039	-0.000024	-0.169412	-0.185214	-0.000008	-0.000002	-44	-16	1.18	22.606785
27.083086	-294.213593	-185.331635	294.381653	-52.985764	6.237033	306.717316	0	0.000007	-0.000026	-0.000039	-0.000024	-0.169412	0.000035	-0.000008	-0.000002	-44	-16	1.18	22.567424
4.513859	-269.647797	-131.554794	280.960663	-41.211151	5.457409	287.920837	0.163035	0.000007	-0.000026	-0.000039	-0.000024	-0.169412	0.000035	-0.000008	-0.175406	-44	-12	1.18	21.880393
5.055521	-269.263947	-133.178909	280.363495	-41.924763	5.457409	287.120605	0.163035	0.000007	-0.000026	-0.000039	-0.000024	0.000016	-0.185214	-0.192135	-0.000002	-44	-12	1.18	21.849377
3.61109	-268.496277	-131.193863	280.7854	-42.816784	5.457409	286.480408	0.163035	0.000007	-0.000026	-0.000039	-0.000024	0.000016	0.000035	-0.000008	-0.000002	-44	-12	1.18	21.824532
3.249982	-268.688202	-132.637543	279.662567	-45.314423	5.652315	286.000305	0	0.000007	-0.000026	-0.000039	-0.000024	0.000016	-0.185214	-0.000008	-0.000002	-44	-12	1.18	21.798305
-18.197786	-248.152756	-85.71814	266.345337	-31.220568	5.067596	270.315887	0.163035	0.000007	-0.000026	-0.000039	-0.000024	-0.169412	-0.185214	-0.000008	-0.000002	-44	-8	1.18	21.203145
-17.296906	-247.576996	-86.981346	266.588379	-32.469391	5.067596	269.515686	0.163035	0.000007	-0.000026	-0.000039	-0.000024	0.000016	-0.185214	-0.192135	-0.000002	-44	-8	1.18	21.171138
-18.197786	-246.425461	-85.71814	266.237823	-30.863764	4.872691	268.235291	0.163035	0.000007	-0.000026	-0.000039	-0.000024	0.000016	-0.185214	-0.000008	-0.000002	-44	-8	1.18	21.127643
-16.756378	-245.465866	-86.079056	264.593048	-31.042166	4.872691	267.435089	0.163035	0.000007	-0.000026	-0.000039	-0.000024	0.000016	-0.185214	-0.000008	-0.000002	-44	-8	1.18	21.095522
-45.404377	-250.455795	-52.694096	270.901215	-28.366117	5.067596	273.676819	0.163035	0.000007	-0.000026	-0.000039	-0.000024	-0.169412	-0.185214	-0.000008	-0.175406	-44	-4	1.18	21.337054
-48.287193	-254.678024	-57.205578	271.846527	-31.577377	5.262503	274.317017	0	0.000007	-0.000026	-0.000039	-0.000024	0.000016	-0.185214	-0.000008	-0.000002	-44	-4	1.18	21.354732
-50.989834	-254.486099	-54.137772	272.30304	-32.469391	5.457409	274.957184	0	0.000007	-0.000026	-0.000039	-0.000024	0.000016	-0.185214	-0.192135	-0.000002	-44	-4	1.18	21.372396
-45.944904	-253.334595	-56.664196	272.127808	-32.469391	5.067596	275.597351	0.163035	0.000007	-0.000026	-0.000039	-0.000024	-0.169412	-0.185214	-0.000008	-0.000002	-44	-4	1.18	21.413197
-82.160301	-269.072052	-23.82062	287.547821	-30.150152	5.847221	290.96167	0.163035	-0.159452	-0.167113	-0.000039	-0.169996	0.000016	-0.185214	-0.192135	-0.175406	-44	0	1.18	21.98283
-79.818016	-268.304382	-24.181538	290.000977	-28.901329	5.847221	291.441803	0.163035	-0.159452	-0.000026	-0.000039	-0.000024	0.000016	-0.185214	-0.000008	-0.000002	-44	0	1.18	22.001332
-85.223297	-271.567017	-23.64016	290.425323	-31.220568	5.652315	292.08197	0.163035	0.000007	-0.000026	-0.000039	-0.000024	-0.169412	-0.185214	-0.384268	-0.175406	-44	0	1.18	22.033474
-84.142235	-272.142761	-24.181538	290.526642	-29.436541	5.652315	292.882233	0.163035	0.000007	-0.167113	-0.000039	-0.000024	-0.169412	-0.185214	-0.192135	-0.000002	-44	0	1.18	22.064233
-121.799034	-285.577179	5.238783	300.164185	-30.328554	6.042128	305.685791	0.163035	0.000007	-0.000026	-0.000039	-0.000024	0.000016	-0.185214	-0.000008	-0.175406	-44	4	1.18	22.535985
-119.096405	-283.082214	7.587214	300.514618	-27.117294	6.042128	306.00589	0	0.000007	-0.000026	-0.000039	-0.000024	0.000016	-0.185214	-0.000008	-0.175406	-44	4	1.18	22.548019
-118.375687	-283.274139	9.574347	302.967804	-24.619648	6.042128	306.325989	0.163035	0.000007	-0.000026	-0.000039	-0.000024	0.000016	-0.185214	-0.192135	-0.000002	-44	4	1.18	22.560047
-123.240448	-288.839813	4.154892	301.390747	-33.53981	6.042128	306.806122	0	0.000007	-0.000026	-0.000039	-0.000024	0.000016	-0.185214	-0.192135	-0.000002	-44	4	1.18	22.578076
-169.725876	-301.506561	36.490974	309.100739	-34.610233	6.237033	316.888947	0	0.000007	-0.000026	-0.000039	-0.000024	0.000016	-0.185214	-0.192135	-0.000002	-44	8	1.18	22.946213
-167.563766	-302.658081	35.045788	309.626434	-33.361412	6.43194	317.209045	0.163035	0.000007	-0.000026	-0.000039	-0.169996	0.000016	-0.185214	-0.000008	-0.000002	-44	8	1.18	22.950835
-169.725876	-301.890381	39.020054	309.705231	-29.614941	6.042128	317.529114	0	0.000007	-0.000026	-0.000039	-0.000024	-0.169412	-0.185214	-0.384268	-0.000002	-44	8	1.18	22.977033
-165.221466	-302.082306	35.407082	310.1521	-31.934185	6.626846	318.169312	0.163035	0.000007	-0.000026	-0.179846	-0.000024	-0.169412	-0.185214	-0.192135	-0.000002	-44	8	1.18	22.97908
-217.472534	-321.658173	59.072037	316.285065	-42.638378	6.43194	328.41217	0	0.000007	-0.000026	-0.000039	-0.000024	0.000016	-0.185214	-0.192135	-0.000002	-44	12	1.18	23.360847
-214.769913	-318.971283	61.420464	316.635529	-40.49754	6.43194	328.732269	0	0.000007	-0.000026	-0.000039	-0.000024	-0.169412	-0.185214	-0.000008	-0.000002	-44	12	1.18	23.372457
-216.571655	-319.930908	61.601112	317.06665	-39.783928	5.847221	329.212433	0.163035	0.000007	-0.000026	-0.000039	-0.000024	0.000016	-0.185214	-0.192135	-0.000002	-44	12	1.18	23.411036
-217.112198	-319.738953	62.504356	316.81073	-42.281574	6.43194	329.692566	0.163035	0.000007	-0.000026	-0.000039	-0.000024	-0.169453	-0.185214	-0.384268	-0.000002	-44	12	1.18	23.40725
-264.858856	-334.32489	84.182175	318.819366	-51.380138	6.821752	338.815125	0.163035	0.000007	-0.000026	-0.000039	-0.000024	0.000016	-0.185214	-0.000008	-0.000002	-44	16	1.18	23.721312
-269.903778	-336.24411	85.266068	318.738251	-53.342571	6.626846	339.135193	0.163035	0.000007	-0.000026	-0.000039	-0.000024	0.000016	-0.185214	-0.000008	-0.000002	-44	16	1.18	23.739703
-266.120087	-332.597626	85.808014	317.161224	-52.450558	6.626846	339.135193	0.163035	0.000007	-0.000026	-0.000039	-0.000024	0.000016	-0.185214	-0.000008	-0.000002	-44	16	1.18	23.739703
-265.759735	-330.678406	86.530609	316.285065	-50.844929	7.016659	338.815125	0.163035	0.000007	-0.000026	-0.000039	-0.000024	0.000016	-0.185214	-0.192135	-0.000002	-44	16	1.18	23.714347
-282.876465	-316.284393	94.298492	283.167145	-60.657101	6.042128	311.607483	0	0.000007	-0.000026	-0.000039	-0.000024	0.000016	-0.185214	-0.000008	-0.000002	-44	20	1.18	22.757579
-280.354004	-314.557098	93.033951	282.115784	-60.121902	6.042128	310.487152	0	0.000007	-0.000026	-0.000039	-0.000024	0.000016	-0.185214	-0.384268	-0.000002	-44	20	1.18	22.715821
-279.993652	-312.446014	94.479141	280.013062	-57.089046	6.237033	309.68692	0.163035	0.000007	-0.000026	-0.000039	-0.000024	0.000016	-0.185214	-0.192135	-0.000002	-44	20	1.18	22.678665
-282.335937	-314.173279	93.033951	279.837799	-60.657101	6.042128	308.886719	0.163035	0.000007	-0.000026	-0.000039	-0.000024	-0.169453	-0.185214	-0.192135	-0.000002	-44	20	1.18	22.656035
-299.272491	-309.375275	98.272758	250.925323	-72.253319	5.457409	290.481537	0.163035	0.000007	-0.000026	-0.000039	-0.000024	0.000016	-0.185214	-0.000008	-0.000002	-44	24	1.18	21.979349
-295.849152	-307.072235	96.285622	249.348267	-73.858948	5.847221	290.001404	0	-0.159452	-0.000026	-0.000039	-0.169996	0.000016	-0.185214	-0.192135	-0.000002	-44	24	1.18	21.94578
-297.290558	-308.41568	97.550163	250.049179	-73.323738	5.652315	289.041138	0.163035	0.000007	-0.000026	-0.000039	-0.000024	-0.169453	-0.185214	-0.192135	-0.000002	-44	24	1.18	21.916205
-297.831085	-308.607605	96.646919	249.348267	-73.145332	5.457409	288.561005	0	0.000007	-0.000026	-0.000039	-0.000024	0.000016	-0.185214	-0.192135	-0.175406	-44	24	1.18	21.905173
-301.794952	-300.738861	97.911469	219.384415	-85.63356	5.067596	268.555389	0.163035	0.000007	-0.000026	-0.000039	-0.000024	0.000016	-0.185214	-0.000008	-0.000002	-44	28	1.18	21.132664
-302.515656	-301.890381	95.924324	219.384415	-86.525574	5.262503	267.915222	0.163035	0.000007	-0.000026	-0.000039	-0.000024	0.000016	-0.185214	-0.000008	-0.175406	-44	28	1.18	21.099149
-306.119171	-303.425751	96.285622	216.580795	-89.20163	4.872691	266.794891	0.163035	-0.159452	-0.167113	-0.000039	-0.000024	0.000016	-0.185214	-0.192135	-0.000002	-44	28	1.18	21.069788
-302.515656	-300.355042	97.008217	216.931244	-87.774406	5.262503	265.834625	0	-0.000004	-0.000026	-0.000039	-0.169996	0.000016	-0.185214	-0.192135	-0.000002	-44	28	1.18	21.015415
-332.965424	-327.415771	100.440544	204.31488	-117.389343	5.262503	269.835754	0.163035	0.000007	-0.000026	-0.000039	-0.000024	0.000016	-0.185214	-0.192135	-0.000002	-44	32	1.18	21.176148
-334.226654	-328.951141	100.621193	206.067154	-117.567749	5.067596	270.475922	0.163035	-0.000004	-0.000026	-0.000039	-0.000024	0.000016	0.000035	-0.192135	-0.000002	-44	32	1.18	21.209541
-332.965424	-327.607697	100.801842	206.067154	-115.783714	5.067596	270.956055	0.163035	0.000007	-0.000026	-0.000039	-0.000024	0.000016	0.000035	-0.192135	-0.000002	-44	32	1.18	21.228716
-334.767181	-328.951141	102.066406	206.820694	-115.605316	5.262503	271.596222	0.163035	0.000007	-0.000026	-0.000039	-0.000024	0.000016	-0.185214	-0.192135	-0.000002	-44	32	1.18	21.246484
-379.631012	-373.180756	110.376213	201.861694	-157.351669	5.262503	287.440674	0	0.000007	-0.000026	-0.000039	-0.169996	-0.169453	-0.185214	-0.192135	-0.175406	-44	36	1.18	21.869341
-379.811188	-372.413269	109.111664	200.810333	-157.708481	5.457409	287.920837	0.163035	0.000007	-0.000026	-0.000039	-0.000024	0.000016	-0.185214	-0.192135	-0.000002	-44	36	1.18	21.880393
-381.072418	-373.284698	109.111664	201.686478	-159.135712	5.262503	287.920837	0	0.000007	-0.000026	-0.000039	-0.169996	0.000016	-0.185214	-0.192135	-0.000002	-44	36	1.18	21.88794
-380.892242	-373.476624	111.098793	202.036926	-154.318817	5.652315	288.561005	0.163035	0.000007	-0.000026	-0.000039	-0.169996	-0.169412	-0.185214	-0.192135	-0.000002	-44	36	1.18	21.897631
-422.873291	-411.362213	112.002045	188.369202	-203.736526	5.847221	300.404327	0	-0.159452	-0.000026	-0.000039	-0.000024	-0.169453	-0.185214	-0.192135	-0.000002	-44	40	1.18	22.343888
-425.215576	-413.395996	113.627884	188.018753	-204.271729	5.652315	300.88446	0	0.000007	-0.000026	-0.000039	-0.000024	0.000016	-0.185214	-0.192135	-0.000002	-44	40	1.18	22.369476
-426.657013	-415.391418	112.543983	189.245346	-203.914932	5.847221	301.524628	0.163035	-0.159452	-0.000026	-0.000039	-0.000024	0.000016	-0.185214	-0.192135	-0.000002	-44	40	1.18	22.386338
-428.098389	-416.65863	112.002045	189.595795	-208.375	5.847221	301.844757	0.163035	0.000007	-0.000026	-0.000039	-0.000024	0.000016	-0.185214	-0.192135	-0.000002	-44	40	1.18	22.398454
-465.394867	-454.915955	110.737511	174.175812	-253.332611	6.042128	313.367981	0.163035	0.000007	-0.000026	-0.000039	-0.000024	0.000016	-0.185214	-0.192135	-0.175406	-44	44	1.18	22.823043
-466.656097	-456.642761	110.918152	172.949203	-257.9711	5.847221	313.848114	0	-0.000004	-0.000026	-0.000039	-0.000024	0.000016	-0.185214	-0.192135	-0.350722	-44	44	1.18	22.848094
-472.241547	-461.567993	114.711777	175.752853	-255.116638	5.652315	314.168182	0.163035	0.000007	-0.000026	-0.000039	-0.000024	0.000016	-0.185214	-0.192135	-0.000002	-44	44	1.18	22.867187
-472.782074	-462.590637	111.279449	173.825348	-259.576721	5.847221	314.80835	0.163035	-0.000004	-0.000026	-0.000039	-0.000024	0.000016	-0.185214	-0.192135	-0.175406	-44	44	1.18	22.883682
129.27655	-440.072906	-456.442322	203.438751	-151.285965	6.626846	328.732269	0	0.000007	-0.000026	-0.000039	-0.000024	0.000016	-0.185214	-0.192135	-0.000002	-40	-44	1.18	23.365388
128.915436	-438.415405	-453.555725	204.139648	-148.074707	6.821752	329.052368	0	-0.000004	-0.000026	-0.000039	-0.000024	0.000016	-0.185214	-0.192135	-0.000002	-40	-44	1.18	23.369929
130.359879	-439.950348	-455.720673	203.613968	-150.929153	6.821752	329.532501	0	0.000007	-0.000026	-0.000039	-0.000024	-0.169412	-0.185214	-0.192135	-0.175361	-40	-44	1.18	23.387334
130.720978	-438.799133	-452.292847	203.088287	-148.253113	6.626846	329.692566	0	-0.159452	-0.000026	-0.000039	-0.000024	-0.169453	-0.185214	-0.192135	-0.175406	-40	-44	1.18	23.400193
134.693161	-423.833557	-442.009369	232.175995	-122.20623	6.626846	338.65506	0	-0.000004	-0.000026	-0.000039	-0.000024	-0.169453	-0.185214	-0.192135	-0.175361	-40	-40	1.18	23.722556
135.41539	-420.88089	-439.483612	234.453949	-121.492622	6.626846	338.815125	0.163035	0.000007	-0.000026	-0.000039	-0.000024	0.000016	-0.185214	-0.192135	-0.175361	-40	-40	1.18	23.728274
137.220917	-415.96701	-435.153717	235.330093	-115.248497	6.821752	338.174927	0	0.000007	-0.000026	-0.000039	-0.000024	0.000016	-0.185214	-0.192135	-0.175361	-40	-40	1.18	23.698429
134.873718	-413.856476	-434.071259	235.154861	-118.459763	6.43194	337.214661	0	-0.000004	-0.000026	-0.000039	-0.000024	0.000016	-0.185214	-0.192135	-0.175361	-40	-40	1.18	23.678021
126.387688	-354.569702	-370.927032	236.206238	-80.638268	5.847221	312.087616	0	0.000007	-0.000026	-0.000039	-0.000024	0.000016	-0.185214	-0.192135	-0.000002	-40	-36	1.18	22.782702
124.582153	-349.964874	-365.514679	236.381454	-79.211044	6.237033	311.12735	0	-0.159452	-0.000026	-0.000039	-0.000024	0.000016	-0.185214	-0.192135	-0.000002	-40	-36	1.18	22.732427
126.568245	-351.597717	-367.860016	235.680557	-78.140625	6.237033	310.167053	0.163035	0.000007	-0.000026	-0.000039	-0.000024	0.000016	-0.185214	-0.192135	-0.000002	-40	-36	1.18	22.6966
125.12381	-350.254272	-367.138367	235.154861	-81.530296	6.237033	309.206818	0.163035	0.000007	-0.000026	-0.000039	-0.000024	0.000016	-0.185214	-0.192135	-0.000002	-40	-36	1.18	22.660717
111.582275	-301.038879	-304.71582	235.855789	-52.272152	5.457409	287.600739	0	0.000007	-0.000026	-0.000039	-0.000024	0.000016	-0.185214	-0.192135	-0.175361	-40	-32	1.18	21.867992
113.568367	-298.627747	-302.911713	234.278732	-49.774506	5.457409	286.640472	0.163035	0.000007	-0.000026	-0.000039	-0.000024	0.000016	-0.185214	-0.192135	-0.000002	-40	-32	1.18	21.830746
113.387817	-297.77713	-302.731323	234.1035	-49.952911	5.457409	286.160339	0.163035	-0.000004	-0.000026	-0.000039	-0.000024	0.000016	-0.185214	-0.192135	-0.175361	-40	-32	1.18	21.8121
112.846146	-296.81781	-300.205566	233.577835	-48.525681	5.457409	285.360107	0.163035	-0.000004	-0.000026	-0.000039	-0.000024	0.000016	-0.185214	-0.192135	-0.175361	-40	-32	1.18	21.780986
99.485168	-261.514343	-248.607712	235.680557	-30.863764	5.067596	269.995789	0.163035	0.000007	-0.000026	-0.000039	-0.000024	-0.169453	-0.185214	-0.192135	-0.000002	-40	-28	1.18	21.190348
100.568489	-260.554993	-247.409607	234.979645	-29.258131	5.067596	269.515686	0.163035	-0.000004	-0.000026	-0.000039	-0.000024	0.000016	-0.185214	-0.192135	-0.175361	-40	-28	1.18	21.171138
102.193481	-255.445724	-242.473694	234.453949	-25.690071	5.262503	268.875488	0.163035	0.000007	-0.000026	-0.000039	-0.000024	0.000016	-0.185214	-0.384268	-0.000002	-40	-28	1.18	21.137683
99.665726	-259.979401	-246.803604	234.1035	-29.614941	5.262503	268.555389	0.163035	-0.000004	-0.000026	-0.000039	-0.000024	-0.169453	-0.185214	-0.384268	-0.175361	-40	-28	1.18	21.124846
90.999146	-244.054459	-210.235016	247.245529	-16.056292	5.262503	270.796021	0.163035	-0.000004	-0.000026	-0.000039	-0.000024	0.000048	-0.185214	-0.192135	-0.175361	-40	-24	1.18	21.214542
92.443565	-242.327652	-208.069504	247.596008	-11.953016	5.067596	271.276154	0.163035	-0.000004	-0.000026	-0.000039	-0.000024	-0.169453	-0.185214	-0.192135	-0.175361	-40	-24	1.18	21.241491
91.721352	-245.973129	-210.901627	248.822586	-14.272262	5.262503	271.756287	0	-0.000004	-0.000026	-0.000039	-0.000024	0.000016	-0.185214	-0.192135	-0.175361	-40	-24	1.18	21.252867
90.999146	-244.82193	-208.736664	248.647369	-13.737051	5.262503	272.23642	0.163035	-0.000004	-0.000026	-0.000039	-0.000024	0.000016	-0.185214	-0.192135	-0.175361	-40	-24	1.18	21.272004
83.776985	-242.327652	-179.690353	269.674622	1.430583	5.262503	285.84024	0.163035	0.000007	-0.000026	-0.000039	-0.000024	0.000016	-0.185214	-0.192135	-0.000002	-40	-20	1.18	21.807234
83.776985	-241.243622	-179.509933	272.478241	1.251761	5.457409	286.640472	0.163035	0.000007	-0.000026	-0.000039	-0.000024	0.000016	-0.185214	-0.192135	-0.000002	-40	-20	1.18	21.830746
84.679756	-240.600861	-177.344986	272.653503	3.03996	5.457409	287.28064	0	-0.000004	-0.000026	-0.000039	-0.000024	0.000016	-0.185214	-0.192135	-0.175361	-40	-20	1.18	21.855583
81.971451	-245.657791	-182.035706	273.003937	-1.605629	5.457409	287.600739	0.163035	-0.159452	-0.000026	-0.179846	-0.169996	0.000016	-0.185214	-0.192135	-0.000002	-40	-20	1.18	21.867992
68.429916	-247.8918	-146.494537	292.804626	11.80214	5.652315	301.204529	0.163035	-0.000004	-0.000026	-0.000039	-0.000024	0.000048	-0.185214	-0.192135	-0.175361	-40	-16	1.18	22.381599
69.513229	-250.002335	-149.561539	293.15509	8.58338	5.652315	302.004791	0.163035	-0.000004	-0.000026	-0.000039	-0.000024	0.000016	-0.185214	-0.192135	-0.175361	-40	-16	1.18	22.411879
67.527138	-247.124329	-143.788361	294.556885	11.62332	5.652315	302.32486	0.163035	-0.000004	-0.000026	-0.000039	-0.000024	0.000016	-0.185214	-0.192135	-0.175361	-40	-16	1.18	22.423979
69.33268	-247.960831	-147.216202	295.257812	10.908039	5.652315	302.965057	0.163035	0.000007	-0.000026	-0.000039	-0.000024	0.000016	-0.185214	-0.192135	-0.175361	-40	-16	1.18	22.44816
49.291206	-251.537262	-106.984306	310.677795	21.458418	6.042128	314.008148	0.163035	-0.000004	-0.000026	-0.000039	-0.000024	0.000048	-0.185214	-0.192135	-0.175361	-40	-12	1.18	22.846801
48.736763	-251.41539	-107.345131	308.750305	21.279598	6.237033	314.328247	0.163035	0.000007	-0.000026	-0.000039	-0.000024	-0.169453	-0.185214	-0.192135	-0.000002	-40	-12	1.18	22.851444
49.47176	-251.729126	-106.984306	310.327332	22.35252	6.237033	314.80835	0.163035	-0.000004	-0.000026	-0.000039	-0.000024	0.000048	-0.185214	-0.192135	-0.000002	-40	-12	1.18	22.869242
48.027328	-252.496597	-106.262657	311.203461	21.458418	6.042128	315.128448	0.163035	-0.000004	-0.000026	-0.000039	-0.000024	0.000048	-0.185214	-0.192135	-0.175361	-40	-12	1.18	22.888319
24.735886	-255.950195	-66.572021	322.943695	31.114697	6.43194	324.731171	0.163035	-0.000004	-0.000026	-0.000039	-0.000024	0.000016	0.000035	-0.192135	-0.350722	-40	-8	1.18	23.226929
21.485918	-256.909546	-64.948318	323.644623	29.862955	6.43194	325.211304	0.163035	-0.000004	-0.000026	-0.000039	-0.000024	0.000048	-0.185214	-0.192135	-0.175361	-40	-8	1.18	23.24444
20.041487	-260.171265	-67.654495	324.170288	25.571278	6.626846	325.371338	0	-0.000004	-0.000026	-0.000039	-0.000024	0.000016	-0.185214	-0.192135	-0.175361	-40	-8	1.18	23.243169
22.02758	-257.485138	-65.128731	323.294159	30.757055	6.821752	325.851471	0.163035	-0.000004	-0.000026	-0.000039	-0.000024	-0.169453	-0.185214	-0.192135	-0.175361	-40	-8	1.18	23.253566
-6.846692	-263.506348	-26.159739	335.384827	35.406376	6.626846	335.774231	0	0.000007	-0.000026	-0.000039	-0.000024	0.000016	-0.185214	-0.192135	-0.000002	-40	-4	1.18	23.619419
-11.351095	-265.543518	-25.257679	335.910492	34.691097	6.626846	336.09436	0	-0.000004	-0.000026	-0.000039	-0.000024	0.000048	-0.185214	-0.384268	-0.175361	-40	-4	1.18	23.630902
-10.08986	-265.543518	-23.994795	336.961853	34.333454	6.43194	336.574493	0	0.000007	-0.000026	-0.000039	-0.000024	0.000048	0.000035	-0.192135	-0.000002	-40	-4	1.18	23.655098
-7.387221	-263.049286	-24.53603	334.859161	35.406376	7.016659	337.214661	0.163035	-0.000004	-0.000026	-0.000039	-0.000024	0.000016	-0.185214	-0.192135	-0.175361	-40	-4	1.18	23.657084
-45.044022	-246.809296	15.35513	313.656647	36.479294	6.042128	313.528015	0.163035	-0.000004	-0.000026	-0.000039	-0.000024	0.000016	-0.185214	-0.192135	-0.000002	-40	0	1.18	22.828985
-43.242264	-245.973129	13.548646	312.605286	33.439354	6.042128	312.087616	0.163035	-0.000004	-0.000026	-0.000039	-0.000024	0.000016	-0.185214	-0.192135	-0.175361	-40	0	1.18	22.775451
-42.881912	-246.164993	13.006701	311.553925	34.154636	6.042128	311.12735	0.163035	-0.000004	-0.000026	-0.000039	-0.000024	0.000048	-0.185214	-0.192135	-0.175361	-40	0	1.18	22.739693
-46.305256	-246.740601	13.187348	309.451202	33.796997	6.042128	310.007019	0	-0.000004	-0.000026	-0.000039	-0.000024	0.000016	-0.185214	-0.192135	-0.175361	-40	0	1.18	22.697902
-78.91713	-233.693649	42.271759	290.176208	30.041777	5.847221	290.801636	0.163035	-0.000004	-0.000026	-0.000039	-0.000024	0.000016	-0.185214	-0.192135	-0.175361	-40	4	1.18	21.97666
-76.034317	-230.688019	42.813702	288.073486	32.187618	5.652315	289.681305	0.163035	-0.000004	-0.000026	-0.000039	-0.000024	0.000016	-0.185214	-0.192135	-0.175361	-40	4	1.18	21.940945
-76.034317	-230.623779	42.09111	288.248718	30.935879	5.457409	289.041138	0.163035	-0.000004	-0.000026	-0.000039	-0.000024	0.000048	-0.185214	-0.384268	-0.175361	-40	4	1.18	21.923741
-76.394669	-228.576889	44.258888	287.022125	32.902893	5.652315	288.240936	0.163035	-0.159452	-0.000026	-0.000039	-0.000024	0.000016	-0.185214	-0.192135	-0.000002	-40	4	1.18	21.885241
-103.421074	-216.233765	66.478653	268.62326	30.578238	5.067596	271.756287	0.163035	-0.000004	-0.000026	-0.000039	-0.000024	0.000016	-0.185214	-0.192135	-0.175361	-40	8	1.18	21.260638
-104.32196	-218.536179	63.949574	267.571899	28.432398	5.067596	271.116089	0.163035	-0.000004	-0.000026	-0.000039	-0.000024	0.000016	-0.185214	-0.192135	-0.175361	-40	8	1.18	21.235104
-102.340019	-216.809372	63.588276	266.520538	29.326496	5.262503	270.315887	0.163035	-0.000004	-0.000026	-0.000039	-0.000024	0.000048	-0.185214	-0.192135	-0.175361	-40	8	1.18	21.195353
-103.961617	-214.890701	65.214119	265.469177	27.895939	5.262503	269.355591	0.163035	-0.000004	-0.000026	-0.000039	-0.000024	-0.169453	-0.185214	-0.192135	-0.175361	-40	8	1.18	21.156923
-138.735611	-222.181641	86.349991	264.242584	24.677177	5.262503	271.756287	0	-0.000004	-0.000026	-0.000039	-0.000024	0.000048	-0.185214	-0.192135	-0.175361	-40	12	1.18	21.252867
-138.735611	-222.949112	86.169342	265.469177	23.783077	5.457409	272.556519	0.163035	-0.159452	-0.000026	-0.000039	-0.000024	0.000048	-0.185214	-0.384268	-0.175361	-40	12	1.18	21.276992
-139.636475	-224.100311	87.253235	267.396698	24.677177	5.067596	273.196686	0.163035	-0.000004	-0.000026	-0.000039	-0.000024	0.000016	-0.185214	-0.192135	-0.175361	-40	12	1.18	21.317976
-138.55542	-222.949112	87.253235	266.345337	25.392458	5.067596	273.836853	0.163035	-0.000004	-0.000026	-0.000039	-0.000024	0.000016	-0.185214	-0.192135	-0.175361	-40	12	1.18	21.343409
-190.446121	-242.327652	108.750404	273.529633	12.875059	5.457409	288.881104	0.163035	-0.000004	-0.000026	-0.000039	-0.000024	0.000016	-0.185214	-0.192135	-0.175361	-40	16	1.18	21.917554
-189.00473	-241.75206	108.569748	274.23053	13.05388	5.457409	289.361237	0.163035	-0.000004	-0.000026	-0.000039	-0.000024	0.000016	-0.185214	-0.192135	-0.175361	-40	16	1.18	21.936111
-191.887543	-243.862595	109.111702	275.457123	11.80214	5.457409	290.001404	0.163035	-0.000004	-0.000026	-0.000039	-0.169996	0.000016	-0.185214	-0.384268	-0.175361	-40	16	1.18	21.960828
-194.410019	-245.781265	110.014938	276.508484	13.05388	5.652315	290.641602	0	-0.159452	-0.000026	-0.000039	-0.000024	0.000048	-0.185214	-0.192135	-0.175361	-40	16	1.18	21.978005
-241.255798	-271.107666	128.441086	279.312134	-1.962435	5.847221	303.44516	0.163035	-0.000004	-0.000026	-0.000039	-0.000024	0.000048	-0.185214	-0.192135	-0.175361	-40	20	1.18	22.458924
-238.372971	-268.997131	129.524979	279.136902	-0.356806	6.042128	303.925323	0.163035	-0.000004	-0.000026	-0.000039	-0.000024	0.000048	-0.185214	-0.192135	-0.175361	-40	20	1.18	22.469686
-241.79631	-270.532043	130.608871	279.312134	-2.676048	6.042128	304.405457	0.163035	-0.000004	-0.000026	-0.000039	-0.000024	0.000048	-0.185214	-0.192135	-0.175361	-40	20	1.18	22.487787
-240.53508	-270.148315	129.705627	279.487366	-2.676048	6.042128	304.88559	0.163035	-0.000004	-0.000026	-0.000039	-0.000024	-0.169453	-0.185214	-0.192135	-0.175361	-40	20	1.18	22.505874
-288.281738	-301.038879	145.78334	275.457123	-23.906036	6.43194	314.648315	0.163035	-0.000004	-0.000026	-0.000039	-0.000024	0.000048	0.000035	-0.192135	-0.175361	-40	24	1.18	22.856085
-286.014252	-299.695801	144.699448	276.158051	-23.370827	6.237033	315.128448	0.163035	-0.000004	-0.000026	-0.000039	-0.169996	0.000016	-0.185214	-0.192135	-0.175361	-40	24	1.18	22.881101
-285.473572	-298.736481	144.699448	274.756226	-24.262842	6.042128	315.608612	0.163035	-0.000004	-0.000026	-0.000039	-0.000024	0.000016	-0.185214	-0.192135	-0.175361	-40	24	1.18	22.90609
-282.516113	-297.009674	145.963989	276.333252	-21.051584	6.237033	315.92868	0.163035	-0.000004	-0.000026	-0.000039	-0.000024	0.000048	-0.185214	-0.192135	-0.175361	-40	24	1.18	22.91072
-336.568939	-339.220337	155.899658	268.448059	-56.375427	6.626846	326.331604	0.163035	-0.000004	-0.000026	-0.000039	-0.000024	0.000048	-0.185214	-0.192135	-0.175361	-40	28	1.18	23.278155
-337.377869	-340.179687	155.719009	269.324158	-58.694664	6.821752	326.811737	0.163035	-0.000004	-0.000026	-0.179846	-0.000024	-0.169453	-0.185214	-0.192135	-0.175361	-40	28	1.18	23.288536
-337.469818	-340.563416	156.802902	270.726013	-55.12661	6.626846	326.971802	0	-0.159452	-0.000026	-0.000039	-0.000024	0.000048	-0.185214	-0.192135	-0.175361	-40	28	1.18	23.30145
-338.639404	-340.75528	157.344849	269.148956	-56.910637	6.43194	327.451935	0.163035	-0.000004	-0.000026	-0.000039	-0.000024	0.000048	-0.185214	-0.192135	-0.175361	-40	28	1.18	23.325987
-383.054352	-381.43103	165.835327	257.934418	-103.473885	6.43194	336.894562	0.163035	-0.159452	-0.167113	-0.000039	-0.000024	0.000048	-0.185214	-0.192135	-0.175361	-40	32	1.18	23.666561
-382.513855	-380.087952	166.015976	258.284851	-98.478592	6.821752	337.214661	0	-0.000004	-0.000026	-0.000039	-0.000024	0.000048	-0.185214	-0.192135	-0.175361	-40	32	1.18	23.664065
-386.657898	-383.925293	165.835327	258.985779	-99.370621	7.016659	337.374695	0.163035	-0.000004	-0.000026	-0.000039	-0.000024	0.000048	-0.185214	-0.192135	-0.175361	-40	32	1.18	23.662816
-387.479919	-384.117157	166.557922	259.161011	-99.370621	6.626846	337.854828	0.163035	-0.000004	-0.000026	-0.000039	-0.000024	0.000048	-0.185214	-0.192135	-0.175361	-40	32	1.18	23.693951
-388.200775	-384.117157	156.983551	221.136703	-134.872864	6.237033	315.448547	0.163035	-0.000004	-0.000026	-0.000039	-0.000024	0.000048	-0.185214	-0.192135	-0.175361	-40	36	1.18	22.892953
-385.216492	-380.47168	157.1642	222.012817	-130.947998	6.43194	314.488281	0	-0.159452	-0.000026	-0.000039	-0.000024	0.000048	-0.185214	-0.192135	-0.175361	-40	36	1.18	22.850151
-387.738953	-382.774078	155.719009	219.91008	-132.910431	6.43194	313.207947	0.163035	-0.000004	-0.000026	-0.000039	-0.000024	0.000048	0.000035	-0.192135	-0.175361	-40	36	1.18	22.802617
-384.956757	-380.855408	157.525497	220.611023	-130.591187	6.237033	312.567719	0.163035	-0.159452	-0.000026	-0.000039	-0.000024	0.000048	-0.185214	-0.384268	-0.175361	-40	36	1.18	22.786061
-395.12616	-387.187012	142.531677	182.411484	-170.910324	5.847221	293.5224	0	-0.000004	-0.000026	-0.000039	-0.000024	0.000048	-0.185214	-0.192135	-0.175361	-40	40	1.18	22.081328
-388.639832	-380.855408	143.976852	183.462845	-165.379822	5.652315	292.722168	0.163035	-0.000004	-0.000026	-0.000039	-0.000024	-0.169453	-0.185214	-0.192135	-0.175361	-40	40	1.18	22.058084
-388.27948	-380.47168	142.712326	182.5867	-164.844604	5.652315	291.761902	0.163035	-0.000004	-0.000026	-0.000039	-0.000024	0.000048	-0.185214	-0.192135	-0.175361	-40	40	1.18	22.02116
-389.360535	-381.239166	143.073624	181.710571	-166.09343	5.652315	291.281769	0.163035	-0.159452	-0.000026	-0.000039	-0.169996	0.000048	-0.185214	-0.192135	-0.350722	-40	40	1.18	22.002675
-391.985504	-384.884613	126.092659	147.891724	-196.065186	5.262503	271.756287	0.163035	-0.000004	-0.000026	-0.000039	-0.000024	0.000048	-0.185214	-0.192135	-0.175361	-40	44	1.18	21.252867
-389.000183	-382.006622	128.621735	148.06694	-193.210739	5.262503	271.276154	0.163035	-0.000004	-0.000026	-0.000039	-0.000024	0.000048	-0.185214	-0.384268	-0.175361	-40	44	1.18	21.233713
-390.543701	-383.349701	127.176552	147.54126	-193.924347	5.262503	270.635986	0.163035	-0.000004	-0.000026	-0.000039	-0.000024	0.000016	-0.185214	-0.192135	-0.175361	-40	44	1.18	21.208148
-383.695221	-378.744873	128.441086	148.242172	-195.173172	5.262503	270.155853	0.163035	-0.000004	-0.000026	-0.000039	-0.000024	0.000048	-0.185214	-0.192135	-0.175361	-40	44	1.18	21.188954
142.276428	-353.418488	-352.705414	168.393311	-90.628853	5.067596	277.357849	0.163035	-0.000004	-0.000026	-0.000039	-0.000024	0.000048	-0.185214	-0.192135	-0.175361	-36	-44	1.18	21.482758
141.878128	-352.459167	-351.803375	168.218079	-90.272049	5.262503	278.158081	0.163035	-0.000004	-0.000026	-0.000039	-0.000024	0.000048	-0.185214	-0.192135	-0.175361	-36	-44	1.18	21.506624
142.818085	-352.459167	-351.803375	169.094208	-89.023224	5.457409	278.798279	0.163035	-0.000004	-0.000026	-0.000039	-0.000024	0.000048	-0.185214	-0.192135	-0.175361	-36	-44	1.18	21.524164
142.780655	-353.03476	-353.246643	169.79512	-90.450462	5.457409	279.438446	0.163035	-0.000004	-0.000026	-0.000039	-0.000024	0.000048	-0.185214	-0.192135	-0.175361	-36	-44	1.18	21.549354
154.152573	-342.290222	-348.195129	199.233292	-59.765087	5.457409	293.5224	0.163035	-0.000004	-0.000026	-0.000039	-0.000024	0.000048	-0.185214	-0.192135	-0.175361	-36	-40	1.18	22.096284
154.333084	-343.441406	-350.179657	200.284653	-61.37072	5.847221	294.162567	0.163035	-0.000004	-0.000026	-0.000039	-0.000024	0.000048	-0.185214	-0.192135	-0.175361	-36	-40	1.18	22.105883
153.430542	-344.400757	-351.081726	200.985565	-61.013916	5.847221	294.482666	0.163035	-0.159452	-0.000026	-0.000039	-0.000024	0.000048	0.000035	-0.192135	-0.175361	-36	-40	1.18	22.118151
155.637405	-345.168213	-350.901306	200.635117	-60.121902	5.457409	294.802765	0.163035	-0.000004	-0.000026	-0.000039	-0.000024	0.000048	-0.185214	-0.192135	-0.175361	-36	-40	1.18	22.145335
160.470306	-327.516479	-340.256989	229.898056	-33.004601	5.847221	306.486053	0	-0.159452	-0.000026	-0.000039	-0.000024	0.000048	-0.185214	-0.192135	-0.175361	-36	-36	1.18	22.573377
160.28978	-327.708344	-339.896179	230.248505	-33.718212	6.237033	306.966187	0	-0.000004	-0.000026	-0.000039	-0.000024	0.000048	-0.185214	-0.192135	-0.175361	-36	-36	1.18	22.576768
160.831314	-324.830322	-336.107544	231.475113	-31.220568	6.237033	307.286255	0.163035	-0.000004	-0.000026	-0.000039	-0.000024	0.000048	-0.185214	-0.192135	-0.175361	-36	-36	1.18	22.588779
162.679001	-327.516479	-340.798248	232.000778	-31.755777	5.847221	307.926422	0.163035	-0.000004	-0.000026	-0.000039	-0.000024	0.000048	-0.185214	-0.384268	-0.175361	-36	-36	1.18	22.627387
164.845642	-306.027405	-305.25708	259.336212	-1.784034	6.237033	319.129578	0.163035	-0.000004	-0.000026	-0.000039	-0.000024	0.000048	-0.185214	-0.192135	-0.175361	-36	-32	1.18	23.028816
164.6651	-307.754211	-307.602448	259.336212	-4.281677	6.43194	319.769745	0.163035	-0.000004	-0.000026	-0.000039	-0.000024	0.000048	-0.185214	-0.192135	-0.175361	-36	-32	1.18	23.045195
165.704987	-307.946075	-308.143677	259.686676	-4.638486	6.43194	320.089874	0.163035	-0.000004	-0.000026	-0.000039	-0.000024	0.000048	-0.185214	-0.192135	-0.175361	-36	-32	1.18	23.056964
166.290085	-308.329803	-308.324097	261.614166	-2.497646	6.43194	320.570007	0.163035	-0.000004	-0.000026	-0.000039	-0.169996	0.000048	-0.185214	-0.192135	-0.175361	-36	-32	1.18	23.074605
162.498444	-284.346466	-264.483948	286.846893	22.888979	6.237033	329.692566	0.163035	-0.000004	-0.000026	-0.000039	-0.000024	0.000048	-0.185214	-0.192135	-0.175361	-36	-28	1.18	23.414306
165.026199	-287.800079	-269.715912	286.145966	22.173697	6.237033	330.172668	0.163035	-0.000004	-0.000026	-0.000039	-0.000024	0.000048	-0.185214	-0.384268	-0.175361	-36	-28	1.18	23.431676
165.704987	-286.073273	-266.829346	286.846893	22.35252	6.626846	330.492767	0.163035	-0.000004	-0.000026	-0.000039	-0.000024	0.000048	-0.185214	-0.192135	-0.175361	-36	-28	1.18	23.429154
165.885498	-285.689545	-266.829346	285.970764	24.677177	6.626846	330.812866	0.163035	-0.159452	-0.000026	-0.000039	-0.000024	-0.169453	0.000035	-0.192135	-0.175361	-36	-28	1.18	23.440731
153.79155	-262.857391	-221.185089	309.626434	47.387314	6.626846	337.854828	0.163035	-0.000004	-0.000026	-0.000039	-0.000024	-0.169453	-0.185214	-0.384268	-0.175361	-36	-24	1.18	23.693951
155.055099	-263.24115	-223.350021	308.399841	45.777931	6.626846	336.574493	0.163035	-0.000004	-0.000026	-0.000039	-0.000024	0.000048	-0.185214	-0.192135	-0.350722	-36	-24	1.18	23.648114
156.179077	-260.171265	-220.283035	305.596222	47.208496	6.821752	335.454163	0.163035	-0.000004	-0.000026	-0.000039	-0.000024	0.000048	-0.185214	-0.192135	-0.175361	-36	-24	1.18	23.600934
153.611053	-262.857391	-222.989197	303.843933	42.916813	6.626846	334.013763	0	-0.159452	-0.000026	-0.000039	-0.000024	0.000048	-0.185214	-0.192135	-0.175361	-36	-24	1.18	23.556168
127.979118	-220.26297	-157.13884	293.330292	59.547073	6.042128	309.846985	0.163035	-0.000004	-0.000026	-0.000039	-0.000024	0.000048	-0.185214	-0.192135	-0.175361	-36	-20	1.18	22.691926
128.734894	-218.536179	-154.973907	293.330292	60.619991	6.042128	309.046753	0.163035	-0.159452	-0.000026	-0.000039	-0.000024	0.000048	-0.185214	-0.384268	-0.175361	-36	-20	1.18	22.662021
129.242661	-217.384964	-155.154312	291.402802	60.619991	6.042128	308.086487	0.163035	-0.000004	-0.000026	-0.000039	-0.000024	0.000048	-0.185214	-0.192135	-0.175361	-36	-20	1.18	22.626083
127.076591	-218.152435	-156.056381	291.052338	58.295326	6.042128	307.446289	0.163035	-0.000004	-0.000026	-0.000039	-0.000024	0.000048	-0.185214	-0.192135	-0.175361	-36	-20	1.18	22.602091
101.083656	-192.250443	-103.55648	277.209412	65.626953	5.652315	285.680206	0	-0.000004	-0.000026	-0.000039	-0.000024	0.000048	-0.185214	-0.192135	-0.175361	-36	-16	1.18	21.785857
100.903152	-190.139908	-101.932777	275.457123	66.163406	5.652315	285.040009	0.163035	-0.000004	-0.000026	-0.000039	-0.000024	0.000048	-0.185214	-0.192135	-0.175361	-36	-16	1.18	21.760939
101.986191	-191.291107	-103.195656	276.683716	65.984589	5.652315	284.559875	0.163035	-0.159452	-0.000026	-0.000039	-0.000024	0.000048	-0.185214	-0.192135	-0.175361	-36	-16	1.18	21.742233
102.888718	-191.482971	-104.638954	276.508484	65.626953	5.652315	283.759674	0.163035	-0.159452	-0.000026	-0.000039	-0.000024	0.000048	-0.185214	-0.192135	-0.175361	-36	-16	1.18	21.71102
77.638153	-174.023117	-58.814304	265.819641	70.633911	5.262503	268.715424	0.163035	-0.000004	-0.000026	-0.000039	-0.000024	0.000048	-0.185214	-0.192135	-0.350722	-36	-12	1.18	21.131265
76.354256	-174.023117	-58.092659	265.118713	70.812729	5.262503	268.235291	0.163035	-0.000004	-0.000026	-0.000039	-0.000024	0.000048	0.000035	-0.192135	-0.175361	-36	-12	1.18	21.112001
78.360374	-173.639374	-59.355545	264.76828	70.812729	5.067596	267.275055	0.163035	-0.000004	-0.000026	-0.000039	-0.000024	0.000048	0.000035	-0.192135	-0.175361	-36	-12	1.18	21.081258
77.096497	-172.680038	-58.453484	263.191223	69.918633	4.872691	266.794891	0.163035	-0.000004	-0.000026	-0.000039	-0.000024	0.000048	-0.185214	-0.192135	-0.175361	-36	-12	1.18	21.069788
53.610443	-175.36618	-21.829851	272.30304	77.071426	5.262503	273.836853	0.163035	-0.000004	-0.167113	-0.000039	-0.000024	0.000048	-0.185214	-0.384268	-0.175361	-36	-8	1.18	21.335668
54.707817	-174.214981	-20.02573	274.931458	79.21727	5.262503	274.156982	0.163035	-0.000004	-0.000026	-0.000039	-0.000024	0.000048	0.000035	-0.384268	-0.175361	-36	-8	1.18	21.34838
55.430038	-175.558044	-21.469027	272.478241	78.680801	5.067596	274.79715	0	-0.159452	-0.000026	-0.000039	-0.000024	0.000048	-0.185214	-0.384268	-0.175361	-36	-8	1.18	21.381504
58.318893	-174.406845	-22.731911	273.354401	79.396095	5.457409	275.277283	0.163035	-0.159452	-0.000026	-0.000039	-0.000024	0.000048	-0.185214	-0.192135	-0.175361	-36	-8	1.18	21.385085
31.588646	-182.848969	13.909943	288.42395	87.08535	5.652315	288.40097	0.163035	-0.000004	-0.000026	-0.000039	-0.000024	0.000048	-0.185214	-0.192135	-0.175361	-36	-4	1.18	21.891437
30.505606	-183.232697	13.187348	288.42395	86.548882	5.652315	289.041138	0.163035	-0.000004	-0.000026	-0.000039	-0.000024	0.000048	-0.185214	-0.192135	-0.350722	-36	-4	1.18	21.916205
32.852188	-181.889633	13.006701	288.42395	87.979446	5.652315	289.521271	0.163035	-0.000004	-0.000026	-0.000039	-0.000024	0.000048	-0.185214	-0.192135	-0.350722	-36	-4	1.18	21.934763
31.588646	-183.040833	13.909943	290.000977	88.515907	5.262503	290.161469	0.163035	-0.000004	-0.000026	-0.000039	-0.000024	-0.169453	-0.185214	-0.384268	-0.175361	-36	-4	1.18	21.974521
-0.360352	-190.715515	50.039642	303.668701	94.416962	5.652315	303.285126	0.163035	-0.000004	-0.000026	-0.000039	-0.000024	-0.169453	-0.185214	-0.192135	-0.175361	-36	0	1.18	22.46024
-0.540529	-192.634171	49.317051	302.967804	92.092308	5.847221	303.605225	0.163035	-0.159452	-0.000026	-0.000039	-0.000024	0.000048	-0.185214	-0.192135	-0.175361	-36	0	1.18	22.464963
0.180512	-192.442307	49.678345	303.318268	94.059326	6.042128	304.245422	0.163035	-0.000004	-0.000026	-0.000039	-0.000024	0.000048	-0.185214	-0.192135	-0.175361	-36	0	1.18	22.481756
-3.063795	-194.936584	49.136402	304.194366	92.092308	6.042128	304.725555	0.163035	-0.000004	-0.167145	-0.179846	-0.000024	-0.169453	-0.185214	-0.192135	-0.350722	-36	0	1.18	22.499847
-37.476631	-199.92511	83.640259	312.780548	97.099266	6.042128	315.768646	0.163035	-0.000004	-0.000026	-0.000013	-0.000024	-0.169453	-0.185214	-0.192135	-0.175361	-36	4	1.18	22.91201
-40.189774	-202.419373	84.182205	316.109833	97.456902	6.042128	316.088745	0.163035	-0.000004	-0.000026	-0.000039	-0.000024	0.000048	-0.185214	-0.192135	-0.175361	-36	4	1.18	22.923847
-36.9361	-201.076324	82.737022	315.058472	96.383987	6.237033	316.568878	0.163035	-0.000004	-0.000026	-0.000039	-0.000024	0.000048	-0.185214	-0.192135	-0.175361	-36	4	1.18	22.934389
-38.737858	-200.692581	86.530632	315.759369	98.529823	6.43194	317.048981	0.163035	-0.000004	-0.000026	-0.000039	-0.000024	0.000048	-0.185214	-0.192135	-0.350722	-36	4	1.18	22.944924
-85.245575	-213.547653	116.337646	322.067566	95.132248	6.43194	326.011505	0.163035	-0.000004	-0.000026	-0.000039	-0.000024	0.000048	-0.185214	-0.192135	-0.175361	-36	8	1.18	23.273596
-88.12915	-216.425644	115.253754	322.768463	93.701683	6.43194	326.331604	0.163035	-0.000004	-0.000026	-0.000039	-0.000024	0.000048	-0.185214	-0.192135	-0.175361	-36	8	1.18	23.285249
-82.340477	-214.698837	115.615051	323.294159	96.383987	6.821752	326.971802	0.163035	-0.000004	-0.000026	-0.179846	-0.000024	0.000048	-0.185214	-0.384268	-0.175361	-36	8	1.18	23.29436
-84.142235	-213.163925	116.879585	323.819824	96.562805	6.43194	327.29187	0.163035	-0.000004	-0.000026	-0.000039	-0.000024	0.000048	-0.185214	-0.192135	-0.175361	-36	8	1.18	23.320171
-133.725632	-230.431915	145.78334	328.901428	87.979446	6.43194	337.214661	0.163035	-0.000004	-0.000026	-0.000039	-0.000024	0.000048	-0.185214	-0.192135	-0.175361	-36	12	1.18	23.678021
-130.481613	-229.280716	142.712326	327.324371	88.515907	6.43194	337.694794	0.163035	-0.000004	-0.000026	-0.000039	-0.000024	0.000048	-0.185214	-0.192135	-0.175361	-36	12	1.18	23.695199
-130.661835	-228.513245	145.963989	329.427094	91.91349	6.43194	338.014862	0.163035	-0.000004	-0.000026	-0.000039	-0.000024	0.000048	-0.185214	-0.192135	-0.175361	-36	12	1.18	23.706643
-132.283844	-230.048187	145.602692	329.777557	89.946472	6.821752	338.334991	0.163035	-0.000004	-0.000026	-0.000039	-0.000024	0.000048	-0.185214	-0.192135	-0.175361	-36	12	1.18	23.704153
-160.038208	-211.053391	151.744736	295.608246	72.064468	5.847221	311.12735	0.163035	-0.000004	-0.000026	-0.000039	-0.000024	0.000048	-0.185214	-0.192135	-0.175361	-36	16	1.18	22.746954
-159.095505	-207.599777	151.383453	293.15509	70.991547	6.237033	310.327118	0.163035	-0.159452	-0.000026	-0.000039	-0.000024	0.000048	-0.185214	-0.192135	-0.350722	-36	16	1.18	22.702575
-158.01445	-209.326584	150.841507	294.381653	71.170372	6.042128	309.366852	0.163035	-0.000004	-0.000026	-0.000013	-0.000024	0.000048	-0.185214	-0.192135	-0.175361	-36	16	1.18	22.673988
-161.43779	-212.012726	149.396317	292.629395	67.593971	6.237033	308.406555	0.163035	-0.000004	-0.000026	-0.000013	-0.000024	0.000048	-0.185214	-0.384268	-0.175361	-36	16	1.18	22.63077
-187.972809	-213.163925	156.260956	265.819641	46.493214	5.847221	289.681305	0.163035	-0.000004	-0.000026	-0.000039	-0.000024	0.000048	-0.185214	-0.192135	-0.175361	-36	20	1.18	21.933415
-184.548569	-210.861526	154.815765	265.118713	49.890793	5.652315	288.788147	0.163035	-0.159452	-0.000026	-0.000013	-0.000024	0.000048	-0.185214	-0.192135	-0.175361	-36	20	1.18	21.90642
-185.810135	-210.669662	154.635117	263.541687	47.923775	5.457409	288.080872	0.163035	-0.000004	-0.000026	-0.000039	-0.000024	0.000048	-0.185214	-0.192135	-0.175361	-36	20	1.18	21.88659
-189.23439	-213.739532	153.009293	263.191223	46.314396	5.652315	287.440674	0.163035	-0.000004	-0.000026	-0.179846	-0.000024	0.000048	-0.185214	-0.192135	-0.175361	-36	20	1.18	21.854231
-209.419373	-221.606033	157.344849	237.432816	24.140717	5.457409	272.076385	0.163035	-0.000004	-0.000026	-0.000039	-0.000024	-0.169453	-0.185214	-0.192135	-0.175361	-36	24	1.18	21.257859
-211.706894	-223.33284	154.454468	236.031006	21.279598	5.067596	271.596222	0.163035	-0.000004	-0.000026	-0.179846	-0.000024	0.000048	-0.185214	-0.384268	-0.175361	-36	24	1.18	21.254257
-207.256699	-219.879242	155.177063	236.206238	24.319538	5.067596	270.858948	0.163035	-0.000004	-0.000026	-0.000039	-0.000024	0.000048	-0.185214	-0.192135	-0.175361	-36	24	1.18	21.22484
-207.562851	-220.071106	154.093185	234.804398	22.531338	5.067596	270.218628	0.163035	-0.000004	-0.000026	-0.000013	-0.000024	0.000048	-0.185214	-0.192135	-0.175361	-36	24	1.18	21.199258
-242.336853	-246.548721	161.499771	222.012817	-6.244115	5.262503	271.596222	0.163035	-0.000004	-0.000026	-0.000013	-0.000024	0.000048	-0.185214	-0.384268	-0.175361	-36	28	1.18	21.246484
-245.283798	-248.275528	161.138474	221.662369	-9.633776	5.457409	272.23642	0.163035	-0.000004	-0.167145	-0.000039	-0.000024	0.000048	-0.185214	-0.192135	-0.175361	-36	28	1.18	21.264238
-244.318787	-248.083664	161.680405	221.837585	-9.633776	5.262503	272.876617	0.163035	-0.000004	-0.000026	-0.000013	-0.000024	0.000048	-0.185214	-0.192135	-0.350722	-36	28	1.18	21.297493
-244.679138	-248.851135	162.764297	223.414642	-7.849745	5.262503	273.260193	0.163035	-0.000004	-0.000026	-0.000013	-0.000024	-0.169453	-0.185214	-0.192135	-0.175361	-36	28	1.18	21.312751
-295.926514	-292.980469	174.50647	217.456909	-48.70409	5.652315	288.721039	0.163035	-0.000004	-0.000026	-0.000039	-0.000024	0.000048	-0.185214	-0.192135	-0.175361	-36	32	1.18	21.903824
-294.124268	-292.788605	175.409698	219.209198	-48.525681	5.652315	289.521271	0.163035	-0.000004	-0.000026	-0.000039	-0.000024	0.000048	-0.185214	-0.384268	-0.175361	-36	32	1.18	21.934763
-298.269409	-295.666595	175.048401	219.033966	-48.882492	5.652315	290.161469	0.163035	-0.159452	-0.000026	-0.000013	-0.000024	-0.169453	-0.185214	-0.384268	-0.175361	-36	32	1.18	21.959483
-294.768097	-292.596741	176.312943	219.209198	-46.741653	5.847221	290.549042	0.163035	-0.000004	-0.000026	-0.000013	-0.000024	0.000048	-0.185214	-0.192135	-0.175361	-36	32	1.18	21.966917
-345.217407	-339.795959	185.887314	209.046021	-93.126503	6.237033	304.085358	0.163035	-0.000004	-0.000026	-0.000013	-0.000024	-0.169453	-0.185214	-0.192135	-0.175361	-36	36	1.18	22.468371
-342.243866	-337.301666	185.887314	208.52034	-94.196922	6.042128	304.565491	0.163035	-0.000004	-0.000026	-0.000039	-0.000024	0.000048	-0.185214	-0.192135	-0.175361	-36	36	1.18	22.493817
-347.650574	-342.865814	187.332504	209.571701	-96.872978	5.847221	304.636261	0.163035	-0.000004	-0.000026	-0.000039	-0.000024	0.000048	-0.185214	-0.192135	-0.175361	-36	36	1.18	22.503824
-347.109894	-342.098358	186.067963	209.746918	-96.159355	6.042128	305.205658	0.163035	-0.159452	-0.000026	-0.000013	-0.000024	-0.16941	-0.185214	-0.192135	-0.175361	-36	36	1.18	22.517923
-387.840332	-384.309021	190.764832	193.801254	-143.257812	6.237033	315.041595	0.163035	-0.000004	-0.000026	-0.000039	-0.000024	0.000048	-0.185214	-0.192135	-0.175361	-36	40	1.18	22.877884
-390.183258	-386.803284	189.500275	192.574646	-146.46907	6.237033	315.608612	0.163035	-0.000004	-0.000026	-0.000039	-0.000024	0.000048	-0.185214	-0.192135	-0.175361	-36	40	1.18	22.898878
-392.70636	-388.53009	190.042236	192.749893	-145.398666	6.237033	315.84201	0.163035	-0.159452	-0.000026	-0.000013	-0.000024	0.000048	-0.185214	-0.192135	-0.350722	-36	40	1.18	22.907514
-391.342468	-387.187012	189.138977	193.100342	-148.253113	6.237033	316.322266	0.163035	-0.159452	-0.000026	-0.000013	-0.000024	0.000048	-0.185214	-0.384268	-0.175361	-36	40	1.18	22.925274
-441.186401	-441.869019	188.235733	171.372162	-211.051041	6.43194	326.567505	0.163035	-0.000004	-0.000026	-0.000039	-0.000024	0.000048	-0.185214	-0.192135	-0.175361	-36	44	1.18	23.293833
-436.320404	-436.688599	190.042236	171.547394	-206.769379	6.237033	327.29187	0.163035	-0.159452	-0.000026	-0.179846	-0.000024	0.000048	-0.185214	-0.192135	-0.175361	-36	44	1.18	23.327253
-442.267761	-442.636475	188.416397	171.897842	-209.980652	6.43194	327.68811	0.163035	-0.000004	-0.000026	-0.000039	-0.000024	0.000048	-0.185214	-0.192135	-0.175361	-36	44	1.18	23.334566
-439.384186	-440.142212	189.680939	172.423523	-208.731812	6.237033	328.168335	0.163035	-0.000004	-0.000026	-0.000039	-0.000024	0.000048	-0.185214	-0.192135	-0.175361	-36	44	1.18	23.359073
205.235916	-400.921204	-394.741425	191.922592	-70.112473	6.43194	330.812866	0.163035	-0.000004	-0.000026	-0.000013	-0.000024	-0.16941	-0.185214	-0.192135	-0.175361	-32	-44	1.18	23.447775
203.069824	-401.960754	-396.906372	191.172836	-73.858948	6.237033	329.448975	0.163035	-0.000004	-0.000026	-0.000039	-0.170038	0.000048	-0.185214	-0.192135	-0.175361	-32	-44	1.18	23.405488
200.001221	-397.355957	-390.772369	191.396774	-70.647682	6.626846	328.32843	0.163035	-0.000004	-0.000026	-0.000013	-0.169996	0.000048	-0.185214	-0.192135	-0.175361	-32	-44	1.18	23.350738
201.264771	-397.93158	-392.035248	188.369202	-72.966934	6.43194	326.971802	0.163035	-0.000004	-0.000026	-0.179846	-0.000024	-0.169453	-0.185214	-0.192135	-0.175361	-32	-44	1.18	23.308537
191.517426	-335.57489	-335.927124	199.459274	-27.652506	5.652315	303.44516	0	-0.000004	-0.000026	-0.179846	-0.000024	-0.16941	-0.185214	-0.192135	-0.175361	-32	-40	1.18	22.466278
192.239441	-336.150482	-335.746704	199.284012	-28.366117	5.847221	302.555176	0.163035	-0.159452	-0.000026	-0.000013	-0.000024	-0.16941	-0.185214	-0.384268	-0.175361	-32	-40	1.18	22.425317
192.058929	-334.423676	-334.303406	197.130569	-28.187717	5.847221	301.914856	0.163035	-0.000004	-0.000026	-0.000013	-0.000024	-0.169453	-0.185214	-0.384268	-0.175361	-32	-40	1.18	22.401106
190.614883	-334.61554	-333.942596	197.65625	-28.366117	5.847221	300.954376	0.163035	-0.000004	-0.000026	-0.000039	-0.000024	0.000048	-0.185214	-0.192135	-0.175361	-32	-40	1.18	22.36474
178.52095	-281.468475	-284.509705	206.067154	6.0799	5.652315	283.825592	0.163035	-0.000004	-0.000026	-0.000013	-0.000024	0.000048	-0.185214	-0.192135	-0.175361	-32	-36	1.18	21.713593
177.979431	-280.509125	-283.968445	206.242371	6.437541	5.262503	282.639343	0.163035	-0.000004	-0.000026	-0.000013	-0.000024	-0.16941	-0.185214	-0.192135	-0.175361	-32	-36	1.18	21.682487
179.242981	-279.933533	-281.803528	204.490112	8.58338	5.262503	281.679077	0.163035	-0.159452	-0.000026	-0.179846	-0.000024	0.000048	-0.185214	-0.384268	-0.350722	-32	-36	1.18	21.644922
178.881958	-275.328735	-278.014862	204.31488	8.7622	5.262503	280.398712	0.163035	-0.000004	-0.000026	-0.000039	-0.000024	0.000048	-0.185214	-0.192135	-0.175361	-32	-36	1.18	21.594734
164.080429	-226.40271	-221.906738	208.695557	34.333454	4.872691	263.495178	0.163035	-0.000004	-0.000026	-0.179846	-0.000024	0.000048	-0.185214	-0.384268	-0.175361	-32	-32	1.18	20.936648
165.343979	-227.362045	-224.071671	208.92395	33.439354	5.067596	263.174988	0.163035	-0.159452	-0.000026	-0.179846	-0.000024	0.000048	-0.185214	-0.192135	-0.175361	-32	-32	1.18	20.915787
163.177902	-227.362045	-223.710846	208.92395	32.187618	5.262503	263.273926	0.163035	-0.000004	-0.000026	-0.179846	-0.000024	-0.16941	-0.185214	-0.384268	-0.175361	-32	-32	1.18	20.911898
165.343979	-228.513245	-224.071671	206.645432	32.902893	5.067596	263.495178	0.163035	-0.000004	-0.000026	-0.179846	-0.000024	-0.16941	-0.185214	-0.192135	-0.175361	-32	-32	1.18	20.928757
173.827774	-212.20459	-194.303711	240.297592	62.944649	5.652315	284.946167	0.163035	-0.000004	-0.000026	-0.000013	-0.000024	-0.16941	-0.185214	-0.192135	-0.175361	-32	-28	1.18	21.757284
174.910828	-213.355789	-195.927429	242.163971	63.659931	5.457409	285.746582	0.163035	-0.000004	-0.000026	-0.000039	-0.000024	0.000048	-0.185214	-0.192135	-0.175361	-32	-28	1.18	21.796018
173.827774	-213.547653	-195.3862	243.452499	62.944649	5.652315	286.546997	0.163035	-0.000004	-0.000026	-0.000013	-0.000024	0.000048	-0.185214	-0.192135	-0.175361	-32	-28	1.18	21.819548
174.730301	-214.698837	-197.551132	244.44191	63.302296	5.457409	287.347382	0.163035	-0.000004	-0.000026	-0.000039	-0.170038	0.000048	-0.185214	-0.384268	-0.175361	-32	-28	1.18	21.858171
173.827774	-196.087784	-161.649155	271.42688	88.158264	6.042128	302.395111	0.163035	-0.159452	-0.000026	-0.000013	-0.000024	0.000048	-0.185214	-0.384268	-0.350722	-32	-24	1.18	22.411899
172.744736	-197.430847	-162.370804	272.653503	87.800629	6.042128	302.875366	0.163035	-0.000004	-0.000026	-0.179846	-0.000024	0.000048	-0.185214	-0.192135	-0.175361	-32	-24	1.18	22.430051
174.369293	-195.320312	-160.025436	271.671265	90.304108	6.042128	303.675781	0.163035	-0.159452	-0.000026	-0.000013	-0.000024	-0.16941	-0.185214	-0.192135	-0.175361	-32	-24	1.18	22.460273
173.647278	-195.512177	-159.303787	272.547607	90.661743	5.847221	303.995941	0.163035	-0.000004	-0.000026	-0.000013	-0.000024	0.000048	-0.185214	-0.192135	-0.175361	-32	-24	1.18	22.479698
165.704987	-180.54657	-121.236862	295.433014	112.835419	6.43194	316.16217	0.163035	-0.000004	-0.000026	-0.000013	-0.000024	0.000048	-0.185214	-0.384268	-0.175361	-32	-20	1.18	22.912147
167.871063	-179.39537	-119.793564	298.236664	114.265984	6.237033	316.728912	0.163035	-0.000004	-0.000026	-0.179846	-0.000024	-0.16941	-0.185214	-0.192135	-0.175361	-32	-20	1.18	22.940301
166.968536	-178.819763	-119.071915	297.535767	114.802444	6.43194	317.282745	0.163035	-0.159452	-0.000026	-0.000039	-0.000024	0.000048	-0.185214	-0.192135	-0.175361	-32	-20	1.18	22.953557
168.593079	-182.273376	-123.943047	296.9104	113.014244	6.43194	318.009277	0.163035	-0.159452	-0.000026	-0.000013	-0.000024	-0.16941	-0.185214	-0.192135	-0.175361	-32	-20	1.18	22.980365
155.235611	-174.598709	-79.020447	317.241913	133.936188	6.821752	330.172668	0.163035	-0.159452	-0.000026	-0.000013	-0.000024	-0.338822	-0.185214	-0.192135	-0.175361	-32	-16	1.18	23.410519
156.138138	-173.063782	-76.675095	317.943024	135.009094	6.821752	330.729675	0.163035	-0.000004	-0.000026	-0.179846	-0.000024	-0.16941	-0.185214	-0.192135	-0.175361	-32	-16	1.18	23.430674
156.318649	-175.749908	-80.463745	317.767731	133.220901	6.626846	331.292999	0.163035	-0.159452	-0.000026	-0.179846	-0.170038	-0.16941	-0.185214	-0.192135	-0.175361	-32	-16	1.18	23.458082
154.333084	-177.668564	-81.365807	321.016205	132.684448	6.626846	331.690155	0.163035	-0.000004	-0.000026	-0.000013	-0.000024	0.000048	-0.185214	-0.192135	-0.175361	-32	-16	1.18	23.472425
135.921417	-166.394775	-33.556629	328.284027	147.705307	6.43194	332.810699	0.163035	-0.159452	-0.000026	-0.000013	-0.000024	-0.16941	-0.185214	-0.192135	-0.175361	-32	-12	1.18	23.519871
130.50621	-169.22644	-33.376217	325.747345	143.056	6.43194	331.369995	0.163035	-0.000004	-0.000026	-0.000039	-0.000024	0.000048	-0.185214	-0.192135	-0.175361	-32	-12	1.18	23.467903
131.047729	-169.034576	-35.901985	324.170288	141.983078	6.43194	330.492767	0.163035	-0.000004	-0.000026	-0.000013	-0.000024	-0.16941	-0.185214	-0.384268	-0.175361	-32	-12	1.18	23.436203
131.047729	-166.732178	-32.474159	323.995056	144.665375	6.626846	328.96875	0.163035	-0.000004	-0.000026	-0.000013	-0.000024	0.000048	-0.185214	-0.192135	-0.175361	-32	-12	1.18	23.373965
99.098076	-149.464172	9.213082	302.519073	141.088974	5.847221	305.916931	0.163035	-0.000004	-0.000026	-0.179846	-0.000024	-0.16941	-0.185214	-0.384268	-0.175361	-32	-8	1.18	22.552
97.65403	-150.657333	7.767895	301.116913	139.300781	6.042128	305.116516	0.163035	-0.000004	-0.000026	-0.000013	-0.000024	-0.16941	-0.185214	-0.192135	-0.175361	-32	-8	1.18	22.514568
96.932007	-148.696701	9.935677	300.514618	138.764328	5.847221	304.156036	0.326071	-0.000004	-0.000026	-0.179846	-0.000024	-0.16941	-0.185214	-0.192135	-0.175361	-32	-8	1.18	22.485732
97.834541	-148.121109	8.851785	300.68985	140.910156	6.042128	303.515717	0.163035	-0.159452	-0.000026	-0.000013	-0.000024	0.000048	-0.185214	-0.384268	-0.175361	-32	-8	1.18	22.454232
62.455261	-137.7603	45.884727	286.394073	135.009094	5.652315	287.827637	0.163035	-0.000004	-0.000026	-0.000013	-0.000024	-0.16941	-0.185214	-0.192135	-0.175361	-32	-4	1.18	21.869231
65.88488	-134.882294	46.065376	286.043549	138.764328	5.847221	287.347382	0.163035	-0.000004	-0.000026	-0.179846	-0.000024	-0.16941	-0.185214	-0.192135	-0.175361	-32	-4	1.18	21.843052
64.801849	-136.033493	45.52343	284.744171	136.082016	5.847221	286.707062	0.163035	-0.159452	-0.000026	-0.000013	-0.000024	0.000048	-0.185214	-0.192135	-0.175361	-32	-4	1.18	21.818195
63.177284	-138.335892	43.355648	284.290833	133.399719	5.457409	286.066742	0.163035	-0.000004	-0.000026	-0.000013	-0.000024	-0.16941	-0.185214	-0.384268	-0.175361	-32	-4	1.18	21.808463
33.93523	-128.934418	69.369026	267.640015	127.856293	5.262503	269.258118	0.163035	-0.000004	-0.000026	-0.000013	-0.000024	-0.16941	-0.185214	-0.192135	-0.175361	-32	0	1.18	21.153018
35.018269	-124.940018	71.356163	265.186188	129.823334	5.262503	268.617798	0.163035	-0.159452	-0.000026	-0.000013	-0.000024	-0.16941	-0.185214	-0.192135	-0.175361	-32	0	1.18	21.127349
34.837761	-125.288963	71.717468	266.69577	130.359787	5.262503	268.137543	0.163035	-0.000004	-0.000026	-0.000013	-0.000024	0.000048	-0.185214	-0.384268	-0.175361	-32	0	1.18	21.108077
32.491177	-126.283463	71.898109	265.887268	128.929214	5.067596	267.497223	0.163035	-0.159452	-0.000026	-0.000013	-0.000024	-0.16941	-0.185214	-0.384268	-0.175361	-32	0	1.18	21.090187
2.527097	-130.853088	102.427704	274.756226	133.399719	5.457409	277.422302	0.163035	-0.000004	-0.000026	-0.179846	-0.000024	-0.16941	-0.185214	-0.384268	-0.175361	-32	4	1.18	21.46992
3.610137	-130.505707	102.066406	274.475586	132.684448	5.262503	278.062622	0.163035	-0.000004	-0.000026	-0.000013	-0.000024	-0.16941	-0.185214	-0.192135	-0.175361	-32	4	1.18	21.502862
1.083044	-133.922958	101.163162	275.982819	131.253876	5.262503	278.702972	0.163035	-0.000004	-0.000026	-0.000013	-0.000024	0.000048	-0.185214	-0.384268	-0.175361	-32	4	1.18	21.528084
3.971148	-129.701889	104.956787	277.104675	136.797302	5.457409	279.503387	0.163035	-0.159452	-0.000026	-0.179846	-0.000024	-0.16941	-0.185214	-0.192135	-0.175361	-32	4	1.18	21.551908
-32.980846	-143.556274	135.486374	292.103699	139.300781	6.042128	297.272491	0.163035	-0.000004	-0.000026	-0.000013	-0.000024	0.000048	-0.185214	-0.192135	-0.175361	-32	8	1.18	22.217354
-36.04464	-146.010574	134.763779	291.578003	136.260834	5.847221	297.752747	0.163035	-0.000004	-0.000026	-0.000013	-0.000024	0.000048	-0.185214	-0.384268	-0.175361	-32	8	1.18	22.243091
-32.800629	-144.283768	135.30574	291.652252	139.300781	6.042128	298.553162	0.163035	-0.000004	-0.000026	-0.000013	-0.000024	-0.16941	-0.185214	-0.192135	-0.175361	-32	8	1.18	22.26615
-32.079735	-144.707794	135.30574	292.703857	139.837234	5.847221	299.033386	0.163035	-0.000004	-0.000026	-0.000013	-0.000024	-0.16941	-0.185214	-0.192135	-0.350722	-32	8	1.18	22.29183
-74.792633	-157.950302	164.209488	300.065277	135.903198	5.847221	311.839935	0.163035	-0.000004	-0.000026	-0.000013	-0.000024	-0.16941	-0.185214	-0.192135	-0.175361	-32	12	1.18	22.773487
-79.658661	-161.788696	164.570786	301.993286	135.903198	6.237033	312.640381	0.163035	-0.000004	-0.000026	-0.000013	-0.000024	-0.16941	-0.185214	-0.192135	-0.175361	-32	12	1.18	22.788763
-74.251961	-159.441238	164.570786	301.565979	136.797302	6.042128	313.120636	0.163035	-0.159452	-0.000026	-0.000013	-0.000024	-0.16941	-0.185214	-0.384268	-0.175361	-32	12	1.18	22.813857
-76.054192	-160.061401	165.293381	302.869629	136.439651	6.237033	313.760956	0.163035	-0.000004	-0.000026	-0.000013	-0.000024	-0.16941	-0.185214	-0.192135	-0.175361	-32	12	1.18	22.830396
-121.470459	-167.499634	190.945465	305.596222	126.068108	6.237033	326.7276	0.163035	-0.159452	-0.000026	-0.000013	-0.000024	0.000048	-0.185214	-0.384268	-0.175361	-32	16	1.18	23.306745
-123.272682	-169.993912	191.306763	306.998016	126.425743	6.237033	327.36792	0.163035	-0.000004	-0.000026	-0.000013	-0.000024	-0.16941	-0.185214	-0.384268	-0.175361	-32	16	1.18	23.330016
-122.73201	-168.505905	192.751953	308.127777	128.392761	6.43194	328.00827	0.163035	-0.000004	-0.000026	-0.000013	-0.000024	-0.16941	-0.185214	-0.384268	-0.175361	-32	16	1.18	23.346191
-124.534248	-170.761368	191.66806	308.478333	126.068108	6.43194	328.168335	0.163035	-0.000004	-0.000026	-0.000013	-0.000024	-0.16941	-0.185214	-0.192135	-0.175361	-32	16	1.18	23.352
-176.258301	-200.884445	214.068481	307.60199	104.07325	6.626846	339.85434	0.163035	-0.000004	-0.000026	-0.000013	-0.000024	-0.16941	-0.185214	-0.192135	-0.175361	-32	20	1.18	23.76536
-173.915405	-197.48584	214.791077	306.024506	106.397903	6.821752	339.053894	0.163035	-0.159452	-0.000026	-0.000013	-0.000024	-0.16941	-0.185214	-0.192135	-0.350722	-32	20	1.18	23.729841
-172.113174	-194.798965	214.610428	304.369629	105.682625	6.626846	337.93335	0.163035	-0.000004	-0.000026	-0.000013	-0.000024	0.000048	-0.185214	-0.192135	-0.175361	-32	20	1.18	23.696761
-171.57251	-194.798965	214.249115	304.622345	106.576721	6.43194	336.492615	0.163035	-0.000004	-0.167145	-0.000013	-0.000024	-0.16941	-0.185214	-0.384268	-0.175361	-32	20	1.18	23.652164
-198.966431	-210.920258	206.481232	265.186188	66.699875	6.042128	310.719391	0.163035	-0.000004	-0.000026	-0.000013	-0.000024	-0.16941	-0.185214	-0.192135	-0.175361	-32	24	1.18	22.724484
-200.047775	-212.263687	207.745789	266.062561	65.984589	5.652315	309.758911	0.163035	-0.159452	-0.000026	-0.179846	-0.170038	-0.16941	-0.185214	-0.384268	-0.175361	-32	24	1.18	22.703192
-196.983963	-209.710327	203.04892	263.433472	63.838749	6.43194	308.958466	0.163035	-0.159452	-0.000026	-0.000013	-0.000024	-0.16941	-0.185214	-0.192135	-0.175361	-32	24	1.18	22.644134
-197.344437	-209.518463	205.036057	263.433472	64.554031	6.042128	308.318146	0.163035	-0.000004	-0.000026	-0.000013	-0.000024	-0.16941	-0.185214	-0.192135	-0.175361	-32	24	1.18	22.634758
-224.377884	-231.391251	201.061783	234.688919	26.644197	5.652315	291.989777	0.163035	-0.000004	-0.000026	-0.179846	-0.000024	-0.16941	-0.185214	-0.384268	-0.175361	-32	28	1.18	22.029928
-225.459229	-231.839523	200.158539	232.41037	24.319538	5.457409	291.189392	0.163035	-0.159452	-0.000026	-0.000013	-0.000024	-0.16941	-0.185214	-0.192135	-0.175361	-32	28	1.18	22.006624
-222.755875	-228.960724	199.25531	231.709274	25.750097	5.652315	290.709106	0.163035	-0.159452	-0.000026	-0.000013	-0.000024	-0.338822	-0.185214	-0.384268	-0.350722	-32	28	1.18	21.980608
-224.738342	-230.815643	199.797241	232.235107	26.107737	5.847221	290.228882	0.163035	-0.000004	-0.000026	-0.000013	-0.000024	-0.16941	-0.185214	-0.192135	-0.175361	-32	28	1.18	21.954562
-243.121124	-247.699921	190.945465	201.212006	-13.737051	5.262503	273.260193	0.163035	-0.159452	-0.000026	-0.179846	-0.000024	-0.16941	-0.185214	-0.192135	-0.175361	-32	32	1.18	21.312751
-241.499115	-246.356857	191.66806	200.335632	-12.131421	5.067596	272.459747	0.163035	-0.000004	-0.000026	-0.000013	-0.000024	-0.16941	-0.185214	-0.192135	-0.350722	-32	32	1.18	21.28866
-240.41777	-244.890121	190.945465	200.335632	-11.061003	5.067596	271.979523	0.163035	-0.159452	-0.000026	-0.000013	-0.000024	-0.16941	-0.185214	-0.192135	-0.175361	-32	32	1.18	21.269534
-244.743118	-248.7285	189.319626	199.108734	-15.164278	5.262503	271.499268	0.163035	-0.000004	-0.000026	-0.000013	-0.000024	-0.16941	-0.185214	-0.192135	-0.175361	-32	32	1.18	21.242616
-277.183319	-282.12262	188.416397	178.426651	-59.229877	5.262503	271.339203	0.163035	-0.000004	-0.000026	-0.000013	-0.000024	-0.16941	-0.185214	-0.192135	-0.175361	-32	36	1.18	21.236229
-272.857941	-278.66806	190.764832	180.354645	-55.12661	5.262503	272.139587	0.163035	-0.159452	-0.000026	-0.000013	-0.000024	-0.16941	-0.185214	-0.384268	-0.175361	-32	36	1.18	21.268146
-280.247101	-285.689545	190.945465	180.7052	-56.910637	5.457409	272.940033	0.163035	-0.159452	-0.167145	-0.179846	-0.000024	-0.16941	-0.185214	-0.384268	-0.175361	-32	36	1.18	21.292261
-279.886658	-284.346466	190.764832	180.7052	-57.267441	4.872691	273.740417	0.163035	-0.159452	-0.000026	-0.000013	-0.000024	-0.338822	-0.185214	-0.192135	-0.175361	-32	36	1.18	21.347319
-332.151367	-339.890564	201.603729	169.663071	-111.145233	5.652315	292.149872	0.163035	-0.159452	-0.000026	-0.000013	-0.000024	-0.16941	-0.185214	-0.192135	-0.175361	-32	40	1.18	22.036086
-331.610718	-339.604065	201.965027	169.487808	-110.074814	5.652315	292.790192	0.163035	-0.000004	-0.000026	-0.000013	-0.000024	-0.338822	-0.185214	-0.192135	-0.175361	-32	40	1.18	22.060697
-330.349152	-339.698639	204.674759	169.663071	-110.25322	5.652315	293.590576	0.163035	-0.159452	-0.167145	-0.179846	-0.170038	-0.16941	-0.185214	-0.192135	-0.175361	-32	40	1.18	22.091423
-336.116302	-343.920898	203.410202	170.714706	-112.215652	5.457409	294.391022	0.163035	-0.159452	-0.000026	-0.000013	-0.000024	-0.16941	-0.185214	-0.384268	-0.175361	-32	40	1.18	22.129573
-383.334778	-398.042389	204.494095	149.857376	-177.154434	6.042128	308.158081	0.163035	-0.159452	-0.000026	-0.179846	-0.000024	-0.16941	-0.185214	-0.192135	-0.175361	-32	44	1.18	22.628764
-381.352325	-397.274689	206.481232	151.785355	-173.229553	6.042128	308.798401	0.163035	-0.159452	-0.000026	-0.000013	-0.000024	-0.16941	-0.185214	-0.192135	-0.175361	-32	44	1.18	22.652732
-380.991852	-395.931274	204.855392	151.785355	-175.548813	6.237033	309.278656	0.163035	-0.159452	-0.000026	-0.000013	-0.000024	-0.16941	-0.185214	-0.192135	-0.175361	-32	44	1.18	22.663404
-382.974335	-399.193909	207.384491	153.362808	-171.445526	6.042128	309.758911	0.163035	-0.159452	-0.000026	-0.000013	-0.000024	-0.16941	-0.185214	-0.192135	-0.175361	-32	44	1.18	22.688637
230.506836	-385.183746	-372.009521	174.570694	-46.206444	6.43194	328.488495	0.163035	-0.159452	-0.000026	-0.179846	-0.000024	-0.16941	-0.185214	-0.384268	-0.350722	-28	-44	1.18	23.363616
231.228836	-384.224121	-371.287872	174.921219	-47.276867	6.43194	329.128815	0.163035	-0.000004	-0.000026	-0.000013	-0.000024	-0.16941	-0.185214	-0.384268	-0.175361	-28	-44	1.18	23.386831
232.492386	-387.102936	-374.354858	175.622314	-48.525681	6.626846	329.448975	0.163035	-0.000004	-0.000026	-0.000013	-0.000024	-0.16941	-0.185214	-0.384268	-0.350722	-28	-44	1.18	23.39137
233.755936	-386.719086	-374.896118	176.498672	-46.384846	6.43194	330.089294	0.163035	-0.000004	-0.000026	-0.000013	-0.000024	-0.16941	-0.185214	-0.192135	-0.350722	-28	-44	1.18	23.421609
242.781281	-352.365387	-343.865234	204.54216	-1.605629	6.821752	335.37204	0.163035	-0.159452	-0.000026	-0.000013	-0.000024	-0.16941	-0.185214	-0.384268	-0.175361	-28	-40	1.18	23.597985
241.878738	-352.941162	-344.586884	203.84108	-2.854452	6.821752	333.931305	0.163035	-0.000004	-0.000026	-0.000013	-0.000024	-0.16941	-0.185214	-0.192135	-0.175361	-28	-40	1.18	23.546188
240.434677	-346.607788	-338.452881	204.54216	0.000022	6.821752	332.49054	0.163035	-0.000004	-0.000026	-0.000013	-0.000024	-0.16941	-0.185214	-0.384268	-0.350722	-28	-40	1.18	23.494276
240.254181	-348.143158	-340.798248	204.54216	-0.356806	6.626846	331.049835	0.163035	-0.159452	-0.000026	-0.179846	-0.170038	-0.16941	-0.185214	-0.192135	-0.175361	-28	-40	1.18	23.449295
223.28656	-275.405426	-275.308685	213.130478	40.949795	5.847221	307.677826	0.163035	-0.159452	-0.000026	-0.000013	-0.000024	-0.16941	-0.185214	-0.192135	-0.175361	-28	-36	1.18	22.618074
221.481491	-271.567017	-272.061249	214.532654	42.201534	6.042128	306.877411	0.163035	-0.159452	-0.000026	-0.000013	-0.000024	-0.16941	-0.185214	-0.192135	-0.175361	-28	-36	1.18	22.580751
221.481491	-273.793793	-272.782928	211.202499	40.234516	6.042128	306.076996	0.163035	-0.000004	-0.000026	-0.000013	-0.000024	-0.16941	-0.185214	-0.192135	-0.175361	-28	-36	1.18	22.550692
221.662003	-275.981171	-274.947876	209.975586	38.088676	6.042128	305.436676	0.163035	-0.000004	-0.000026	-0.000013	-0.000024	-0.16941	-0.185214	-0.192135	-0.350722	-28	-36	1.18	22.526616
208.665543	-221.09201	-214.690262	220.842453	71.528015	5.457409	289.748627	0.163035	-0.000004	-0.000026	-0.000013	-0.000024	-0.16941	-0.185214	-0.192135	-0.175361	-28	-32	1.18	21.951072
208.846039	-220.900085	-214.870682	218.038086	70.455086	5.652315	288.948212	0.163035	-0.000004	-0.000026	-0.000013	-0.000024	-0.16941	-0.185214	-0.384268	-0.175361	-28	-32	1.18	21.912611
208.30452	-219.556641	-213.968628	217.337021	71.34919	5.847221	288.628052	0.163035	-0.000004	-0.000026	-0.000013	-0.000024	-0.16941	-0.185214	-0.192135	-0.175361	-28	-32	1.18	21.892682
206.318954	-220.708176	-214.509857	219.264984	69.918633	5.457409	287.827637	0.163035	-0.000004	-0.000026	-0.000013	-0.000024	-0.16941	-0.185214	-0.192135	-0.350722	-28	-32	1.18	21.876783
190.434372	-167.546295	-150.824432	223.296234	93.880508	5.457409	271.179108	0.163035	-0.000004	-0.000026	-0.000013	-0.000024	-0.16941	-0.185214	-0.192135	-0.175361	-28	-28	1.18	21.222059
189.351349	-166.394775	-150.463593	222.419876	94.059326	5.457409	270.538788	0.163035	-0.000004	-0.000026	-0.000013	-0.000024	-0.16941	-0.185214	-0.192135	-0.175361	-28	-28	1.18	21.196474
189.892853	-166.778625	-150.463593	220.316635	94.416962	5.262503	269.898468	0.163035	-0.159452	-0.000026	-0.000013	-0.000024	-0.16941	-0.185214	-0.192135	-0.175361	-28	-28	1.18	21.178657
190.434372	-166.970535	-151.906906	220.491898	93.344048	5.262503	269.418182	0.163035	-0.000004	-0.000026	-0.000013	-0.000024	-0.16941	-0.185214	-0.192135	-0.175361	-28	-28	1.18	21.15943
171.481201	-128.970337	-99.76783	225.574753	111.404861	4.872691	257.732239	0.163035	-0.159452	-0.000026	-0.000013	-0.000024	-0.16941	-0.185214	-0.192135	-0.175361	-28	-24	1.18	20.702065
171.300674	-130.505707	-101.752357	224.523163	110.331947	4.677784	257.251953	0.163035	-0.000004	-0.000026	-0.179846	-0.170038	-0.16941	-0.185214	-0.192135	-0.175361	-28	-24	1.18	20.69038
172.022705	-128.394592	-99.948242	223.64679	110.689583	4.872691	256.771698	0.163035	-0.159452	-0.000026	-0.000013	-0.000024	-0.16941	-0.185214	-0.192135	-0.175361	-28	-24	1.18	20.662707
171.300674	-130.121857	-101.211128	224.347885	109.616669	5.067596	256.451538	0.163035	-0.159452	-0.167145	-0.000013	-0.000024	-0.16941	-0.185214	-0.192135	-0.175361	-28	-24	1.18	20.641572
170.939682	-112.84906	-64.407082	249.587006	138.585495	5.262503	272.940033	0.163035	-0.000004	-0.000026	-0.000013	-0.000024	-0.16941	-0.185214	-0.192135	-0.175361	-28	-20	1.18	21.300017
171.842209	-112.081375	-64.407082	248.710663	138.943146	5.457409	273.900513	0.163035	-0.000004	0.000026	-0.179846	-0.000024	-0.16941	-0.185214	-0.384268	-0.175361	-28	-20	1.18	21.330455
173.286255	-113.61673	-65.66996	250.288101	138.943146	5.457409	274.380737	0.163035	-0.000004	-0.000026	-0.000013	-0.000024	-0.16941	-0.185214	-0.384268	-0.175361	-28	-20	1.18	21.349526
172.383728	-114.960175	-66.391609	251.339722	137.870209	5.652315	275.181152	0.163035	-0.000004	-0.000026	-0.000013	-0.000024	-0.16941	-0.185214	-0.192135	-0.175361	-28	-20	1.18	21.373548
164.621948	-108.051056	-30.670038	273.073425	158.970978	5.457409	290.068787	0.163035	-0.159452	-0.000026	-0.000013	-0.170038	-0.16941	-0.185214	-0.384268	-0.175361	-28	-16	1.18	21.963428
164.982956	-107.475281	-30.309212	275.176697	162.01091	5.652315	290.709106	0.163035	-0.159452	-0.000026	-0.000013	-0.000024	-0.16941	-0.185214	-0.384268	-0.175361	-28	-16	1.18	21.980608
165.704987	-108.242973	-31.211273	275.001404	160.580368	5.847221	291.349457	0.163035	-0.159452	-0.000026	-0.179846	-0.000024	-0.16941	-0.185214	-0.192135	-0.175361	-28	-16	1.18	21.997774
168.051575	-106.899529	-30.128801	276.578857	163.441483	5.847221	291.989777	0.163035	-0.000004	0.000026	-0.179846	-0.170038	-0.16941	-0.185214	-0.384268	-0.175361	-28	-16	1.18	22.022429
154.333084	-103.061127	8.12919	295.858765	182.396393	6.042128	306.486023	0.163035	-0.159452	-0.000026	-0.000013	-0.000024	-0.16941	-0.185214	-0.192135	-0.175361	-28	-12	1.18	22.566058
153.79155	-104.596481	7.225949	295.683472	181.502289	6.042128	307.357666	0.163035	-0.159452	0.000026	-0.000013	-0.170038	-0.16941	-0.185214	-0.192135	-0.175361	-28	-12	1.18	22.598768
153.972061	-106.323761	7.0453	297.611481	181.323471	6.43194	308.086456	0.163035	-0.000004	-0.000026	-0.000013	-0.000024	-0.16941	-0.185214	-0.384268	-0.175361	-28	-12	1.18	22.611476
157.401688	-103.444962	6.684003	297.436188	182.932861	6.237033	308.478241	0.163035	-0.159452	0.000026	-0.179846	-0.000024	-0.338822	-0.185214	-0.192135	-0.175361	-28	-12	1.18	22.633454
135.921417	-106.515678	45.884727	312.860138	197.059631	6.821752	322.2453	0.163035	-0.159452	-0.000026	-0.179846	-0.000024	-0.16941	-0.185214	-0.192135	-0.175361	-28	-8	1.18	23.121769
136.282425	-107.859138	43.897591	313.911743	197.238449	6.237033	322.56546	0.163035	-0.000004	-0.000026	-0.000013	-0.000024	-0.16941	-0.185214	-0.192135	-0.175361	-28	-8	1.18	23.154911
136.643433	-106.515678	46.065376	315.138641	199.384293	6.626846	322.88562	0.163035	-0.000004	0.000026	-0.000013	-0.000024	-0.16941	-0.185214	-0.384268	-0.175361	-28	-8	1.18	23.152362
138.26799	-106.707611	44.800838	316.190277	200.278381	6.237033	323.365875	0.163035	-0.159452	0.000026	-0.179846	-0.000024	-0.338822	-0.185214	-0.192135	-0.175361	-28	-8	1.18	23.184187
111.01152	-108.242973	83.278969	326.180786	209.040558	6.626846	334.41153	0.163035	-0.000004	-0.000026	-0.179846	-0.000024	-0.16941	-0.185214	-0.192135	-0.175361	-28	-4	1.18	23.570474
109.386955	-109.586411	84.362854	327.933502	208.325287	6.237033	334.731689	0.163035	-0.159452	-0.000026	-0.179846	-0.000024	-0.16941	-0.185214	-0.192135	-0.175361	-28	-4	1.18	23.595987
108.484421	-110.16217	84.543503	329.686218	209.219391	6.43194	335.211945	0.163035	-0.000004	-0.000026	-0.000013	-0.000024	-0.16941	-0.185214	-0.192135	-0.175361	-28	-4	1.18	23.606233
111.553032	-109.778328	82.737022	328.108765	208.682922	6.626846	335.6922	0.163035	-0.159452	0.000026	-0.000013	0.000002	-0.16941	-0.185214	-0.192135	-0.175361	-28	-4	1.18	23.616475
76.173759	-102.677277	116.337646	317.417175	204.570068	6.237033	324.006195	0.163035	-0.159452	-0.000026	-0.179846	-0.000024	-0.16941	-0.185214	-0.192135	-0.175361	-28	0	1.18	23.207581
74.729706	-103.828796	115.253754	316.716095	202.424225	6.626846	323.130676	0.163035	-0.000004	-0.000026	-0.000013	-0.000024	-0.16941	-0.185214	-0.192135	-0.175406	-28	0	1.18	23.16133
75.451729	-103.444962	114.892456	314.963379	201.708954	6.43194	322.2453	0.163035	-0.159452	-0.000026	-0.000013	-0.000024	-0.16941	-0.185214	-0.384268	-0.175361	-28	0	1.18	23.136051
77.076286	-100.75808	115.795692	314.788086	204.927704	6.43194	321.370178	0.163035	-0.000004	0.000026	-0.000013	0.000002	-0.16941	-0.185214	-0.192135	-0.175361	-28	0	1.18	23.103974
36.101307	-95.000473	138.015457	292.17804	187.939804	6.042128	299.673706	0.163035	-0.159452	0.000026	-0.000013	-0.000024	-0.16941	-0.185214	-0.192135	-0.175361	-28	4	1.18	22.308758
37.545361	-93.848953	136.750931	291.476959	187.582169	6.042128	298.803833	0.163035	-0.159452	-0.000026	-0.000013	-0.000024	-0.16941	-0.185214	-0.192135	-0.175361	-28	4	1.18	22.275689
38.98941	-92.121674	136.389633	290.250061	187.403351	5.847221	298.163666	0.163035	-0.000004	-0.000026	-0.000013	-0.000024	-0.16941	-0.185214	-0.192135	-0.175406	-28	4	1.18	22.258742
37.906376	-93.081268	135.667038	290.250061	187.403351	5.652315	297.363464	0.163035	-0.159452	0.000026	-0.000013	0.000002	-0.16941	-0.185214	-0.384268	-0.175361	-28	4	1.18	22.235685
6.137228	-87.323669	152.828629	271.495972	173.991852	5.457409	282.384857	0.163035	-0.159452	-0.000026	-0.000013	-0.000024	-0.16941	-0.185214	-0.192135	-0.175361	-28	8	1.18	21.664916
2.888109	-89.050949	152.828629	271.846527	172.382462	5.652315	281.679047	0.163035	-0.159452	0.000026	-0.000013	0.000002	-0.16941	-0.185214	-0.192135	-0.175406	-28	8	1.18	21.629654
4.151656	-89.434792	151.022156	270.970154	171.309555	5.457409	281.424347	0.163035	-0.159452	-0.000026	-0.179846	-0.000024	-0.16941	-0.185214	-0.384268	-0.175361	-28	8	1.18	21.627311
3.249123	-88.859032	151.744736	270.619598	171.130737	5.457409	280.718781	0.163035	-0.159452	-0.000026	-0.000013	-0.000024	-0.16941	-0.185214	-0.192135	-0.175406	-28	8	1.18	21.599646
-26.853258	-86.747902	164.390137	253.968811	156.467499	5.067596	267.915192	0.163035	-0.000004	0.000026	-0.000013	0.000002	-0.16941	-0.185214	-0.192135	-0.175361	-28	12	1.18	21.106975
-26.132368	-85.788307	162.944962	251.690262	156.467499	5.067596	267.337158	0.163035	-0.159452	-0.000026	-0.179846	-0.000024	-0.16941	-0.185214	-0.384268	-0.175361	-28	12	1.18	21.083754
-26.853258	-86.172142	163.306244	252.566635	155.394577	5.067596	267.177063	0.163035	-0.159452	0.000026	-0.179846	0.000002	-0.16941	-0.185214	-0.192135	-0.175361	-28	12	1.18	21.077318
-27.213707	-86.747902	162.944962	252.216095	154.321655	5.262503	266.536713	0.163035	-0.000004	0.000026	-0.179846	0.000002	-0.16941	-0.185214	-0.192135	-0.175361	-28	12	1.18	21.043708
-61.095673	-92.889351	184.622772	252.391373	146.274765	5.457409	275.597351	0.163035	-0.159452	0.000026	-0.000013	0.000002	-0.16941	-0.185214	-0.192135	-0.175406	-28	16	1.18	21.397765
-64.700134	-96.343918	184.442123	253.267715	144.307739	5.457409	276.301758	0.163035	-0.159452	0.000026	-0.179846	-0.170038	-0.16941	-0.185214	-0.192135	-0.175361	-28	16	1.18	21.425644
-61.095673	-94.232788	185.526016	253.618256	145.738297	5.457409	277.03775	0.163035	-0.000004	0.000026	-0.179846	0.000002	-0.16941	-0.185214	-0.384268	-0.175361	-28	16	1.18	21.454736
-62.17701	-95.000473	185.345367	254.319351	146.990036	5.457409	277.742462	0.163035	-0.159452	0.000026	-0.000013	-0.000024	-0.16941	-0.185214	-0.384268	-0.175361	-28	16	1.18	21.482554
-104.349236	-119.374344	209.73291	259.402222	131.075058	5.847221	294.962799	0.163035	-0.159452	0.000026	-0.179846	0.000002	-0.16941	-0.185214	-0.192135	-0.175406	-28	20	1.18	22.13654
-104.889908	-118.798576	211.358749	258.701141	129.465683	5.847221	295.511597	0.163035	-0.159452	0.000026	-0.000013	-0.000024	-0.16941	-0.185214	-0.192135	-0.175361	-28	20	1.18	22.157539
-103.267899	-118.798576	210.094208	259.577515	131.075058	5.847221	296.083099	0.163035	-0.000004	-0.000026	-0.000013	-0.000024	-0.16941	-0.185214	-0.192135	-0.175361	-28	20	1.18	22.179387
-103.808571	-118.990494	211.539398	260.804413	131.611511	5.847221	296.952332	0.326071	-0.000004	0.000026	-0.000013	0.000002	-0.16941	-0.185214	-0.384268	-0.175361	-28	20	1.18	22.212575
-153.910629	-162.940216	231.410736	258.701141	100.675667	6.43194	312.24762	0.163035	-0.000004	0.000026	-0.000013	-0.170038	-0.16941	-0.185214	-0.384268	-0.175406	-28	24	1.18	22.766898
-152.108398	-160.829102	234.481766	259.226959	103.715599	6.237033	312.727753	0.163035	-0.000004	-0.000026	-0.000013	0.000002	-0.16941	-0.185214	-0.384268	-0.175406	-28	24	1.18	22.792012
-151.928162	-161.596771	234.481766	259.752747	103.357964	6.237033	313.280701	0.163035	-0.000004	0.000026	-0.000013	-0.000024	-0.16941	-0.185214	-0.192135	-0.175361	-28	24	1.18	22.812562
-153.910629	-163.132141	235.565643	259.92804	103.000328	6.237033	313.848083	0.163035	-0.159452	-0.000026	-0.179846	0.000002	-0.16941	-0.185214	-0.192135	-0.175406	-28	24	1.18	22.83363
-204.373123	-214.566727	250.559464	249.762283	61.692913	6.626846	325.44693	0.163035	-0.000004	-0.000026	-0.179846	-0.000024	-0.338822	-0.185214	-0.384268	-0.175361	-28	28	1.18	23.245924
-201.489548	-212.263687	250.559464	250.813904	65.805771	6.626846	325.85144	0.163035	-0.159452	-0.000026	-0.000013	-0.000024	-0.16941	-0.185214	-0.384268	-0.175361	-28	28	1.18	23.260668
-202.570892	-212.839462	250.920776	250.574875	64.911667	6.237033	326.171539	0.163035	-0.159452	-0.000026	-0.000013	-0.000024	-0.16941	-0.185214	-0.192135	-0.175406	-28	28	1.18	23.286517
-204.012695	-213.799057	250.920776	251.164444	65.805771	6.43194	326.887665	0.163035	-0.159452	0.000026	-0.000013	0.000002	-0.16941	-0.185214	-0.192135	-0.175406	-28	28	1.18	23.305478
-260.422546	-270.223572	264.650055	238.019073	19.849039	6.626846	338.815094	0.163035	-0.000004	0.000026	-0.000013	0.000002	-0.16941	-0.185214	-0.384268	-0.175406	-28	32	1.18	23.728272
-257.719177	-268.112457	265.733948	237.958511	20.921959	6.626846	339.455261	0.163035	-0.000004	-0.000026	-0.000013	-0.000024	-0.16941	-0.185214	-0.192135	-0.175406	-28	32	1.18	23.751126
-262.224762	-272.910461	265.914581	238.369598	16.63028	6.626846	339.615295	0.163035	-0.000004	0.000026	-0.179846	0.000002	-0.16941	-0.185214	-0.192135	-0.175406	-28	32	1.18	23.756835
-259.70166	-270.031647	265.37265	237.493256	17.166739	6.821752	339.77536	0.163035	-0.000004	-0.167145	-0.179846	0.000002	-0.16941	-0.185214	-0.384268	-0.175406	-28	32	1.18	23.755592
-280.967987	-293.253998	242.972244	195.428024	-36.57267	6.43194	313.120636	0.163035	-0.159452	0.000026	-0.000013	0.000002	-0.16941	-0.185214	-0.192135	-0.175361	-28	36	1.18	22.799371
-276.101929	-289.799408	243.875488	195.428024	-36.037457	6.237033	312.087585	0.163035	-0.000004	0.000026	-0.000013	0.000002	-0.16941	0.000035	-0.192135	-0.175406	-28	36	1.18	22.768197
-275.561279	-288.264069	243.333527	193.675308	-34.610233	6.237033	311.039551	0.163035	-0.159452	0.000026	-0.000013	0.000002	-0.16941	-0.185214	-0.192135	-0.175361	-28	36	1.18	22.729154
-275.020599	-286.344849	240.443146	191.873749	-36.037457	5.847221	309.846954	0.163035	-0.000004	0.000026	-0.179846	0.000002	-0.16941	-0.185214	-0.192135	-0.175406	-28	36	1.18	22.699202
-295.566071	-311.870239	224.184784	155.816605	-88.488022	5.847221	290.801605	0.163035	-0.159452	-0.000026	-0.000013	0.000002	-0.16941	-0.185214	-0.192135	-0.175406	-28	40	1.18	21.976659
-294.304504	-310.3349	224.184784	153.674225	-88.309616	5.457409	290.068787	0.163035	-0.000004	0.000026	-0.179846	-0.000024	-0.16941	-0.185214	-0.384268	-0.175361	-28	40	1.18	21.963428
-292.141815	-308.607605	223.642838	154.414429	-86.882393	5.457409	289.201141	0.163035	-0.000004	0.000026	-0.000013	0.000002	-0.16941	-0.185214	-0.192135	-0.175361	-28	40	1.18	21.929925
-291.961609	-309.18335	222.739594	155.115524	-88.13121	5.262503	288.628052	0.163035	-0.000004	0.000026	-0.179846	0.000002	-0.16941	-0.185214	-0.192135	-0.175361	-28	40	1.18	21.915305
-310.88504	-330.294586	205.758652	121.257179	-137.192108	5.262503	274.700897	0.163035	-0.000004	0.000026	-0.000013	-0.000024	-0.16941	-0.185214	-0.192135	-0.175361	-28	44	1.18	21.369961
-311.605927	-330.486511	204.313461	121.638603	-134.337662	5.262503	274.220673	0.163035	-0.000004	0.000026	-0.179846	0.000002	-0.16941	-0.185214	-0.384268	-0.175361	-28	44	1.18	21.350908
-308.361908	-328.183472	204.132797	120.731514	-134.694458	5.262503	273.740417	0.163035	-0.159452	0.000026	-0.000013	-0.000024	-0.16941	-0.185214	-0.192135	-0.175406	-28	44	1.18	21.331838
-310.524597	-328.759216	202.687622	120.38105	-133.624039	5.262503	272.876587	0.163035	-0.159452	-0.000026	-0.000013	-0.000024	-0.16941	-0.185214	-0.384268	-0.175406	-28	44	1.18	21.297492
215.885818	-295.365112	-287.215881	131.420364	-22.835619	5.067596	275.117218	0.163035	-0.159452	-0.000026	-0.179846	-0.000024	-0.16941	-0.185214	-0.192135	-0.175406	-24	-44	1.18	21.394187
216.427307	-297.092377	-288.47876	130.894684	-23.192425	5.262503	275.917419	0.163035	-0.000004	-0.000026	-0.000013	-0.000024	-0.16941	-0.185214	-0.192135	-0.175406	-24	-44	1.18	21.41815
217.329849	-300.163116	-291.983032	131.979645	-23.906036	5.457409	276.717651	0.163035	-0.159452	0.000026	-0.179846	0.000002	-0.16941	-0.185214	-0.192135	-0.175406	-24	-44	1.18	21.442088
218.77388	-299.587341	-291.906586	130.894684	-24.262842	5.262503	277.422302	0.163035	-0.159452	0.000026	-0.179846	-0.000024	-0.16941	-0.185214	-0.192135	-0.175361	-24	-44	1.18	21.477611
235.380508	-271.567017	-270.327942	165.456558	20.743137	5.652315	294.802734	0.163035	-0.000004	0.000026	-0.179846	0.000002	-0.16941	-0.185214	-0.192135	-0.175406	-24	-40	1.18	22.137874
238.2686	-273.486206	-273.143738	165.063995	19.491398	5.652315	295.282867	0.163035	-0.000004	0.000026	-0.000013	-0.000024	-0.16941	-0.185214	-0.384268	-0.175406	-24	-40	1.18	22.156246
238.990631	-271.950836	-274.117584	168.568527	21.458418	5.847221	295.991821	0.163035	-0.000004	0.000026	-0.000013	-0.000024	-0.16941	-0.185214	-0.192135	-0.175361	-24	-40	1.18	22.175899
239.171127	-276.556915	-276.751984	167.692398	19.849039	5.847221	296.723267	0.163035	-0.159452	0.000026	-0.000013	-0.000024	-0.16941	-0.185214	-0.192135	-0.175406	-24	-40	1.18	22.203834
251.806595	-232.031448	-244.458221	200.810333	67.951607	6.042128	311.679871	0.163035	-0.159452	0.000026	-0.000013	-0.000024	-0.16941	-0.185214	-0.384268	-0.175406	-24	-36	1.18	22.760275
251.806595	-232.799149	-245.72113	202.562622	68.30925	6.042128	312.24762	0.163035	-0.000004	-0.000026	-0.179846	-0.000024	-0.16941	-0.185214	-0.384268	-0.175406	-24	-36	1.18	22.781404
251.265076	-232.799149	-244.819077	202.562622	69.024529	5.847221	312.567719	0.163035	-0.000004	-0.000026	-0.179846	-0.000024	-0.16941	-0.185214	-0.192135	-0.175406	-24	-36	1.18	22.800553
253.250656	-233.950653	-247.229141	202.088364	67.772789	6.042128	313.440796	0.163035	-0.159452	-0.167145	-0.179846	-0.170038	-0.16941	-0.185214	-0.192135	-0.175361	-24	-36	1.18	22.825747
260.470917	-195.75856	-213.12236	234.163101	110.689583	6.042128	325.211273	0.163035	-0.000004	0.000026	-0.000013	0.000002	-0.16941	-0.185214	-0.192135	-0.175406	-24	-32	1.18	23.258647
261.012421	-193.071686	-209.638733	233.052139	112.656601	6.237033	325.607025	0.163035	-0.159452	0.000026	-0.000013	-0.000024	-0.16941	-0.185214	-0.192135	-0.175406	-24	-32	1.18	23.265964
259.748871	-194.798965	-209.999557	233.227386	112.477783	6.237033	326.171539	0.163035	-0.159452	0.000026	-0.000013	0.000002	-0.16941	-0.185214	-0.192135	-0.175406	-24	-32	1.18	23.286517
261.192932	-195.1828	-211.984085	233.928284	111.047218	6.237033	326.651672	0.163035	-0.159452	-0.000026	-0.000013	-0.000024	-0.16941	-0.185214	-0.384268	-0.175406	-24	-32	1.18	23.303984
264.622559	-157.566452	-155.555847	263.716888	153.964005	6.626846	338.733734	0.326071	-0.000004	0.000026	-0.000013	-0.000024	-0.16941	-0.185214	-0.192135	-0.175361	-24	-28	1.18	23.725366
263.359009	-156.606842	-152.62854	267.046204	156.467499	6.626846	339.455261	0.163035	-0.159452	-0.167145	-0.179846	0.000002	-0.16941	-0.185214	-0.192135	-0.175406	-24	-28	1.18	23.751126
264.442047	-156.414917	-154.473099	264.134552	156.825134	6.626846	339.77536	0.163035	-0.159452	0.000026	-0.179846	0.000002	-0.16941	-0.185214	-0.192135	-0.175361	-24	-28	1.18	23.762543
265.525085	-157.374527	-155.695557	265.644409	155.752213	6.626846	339.77536	0.163035	-0.159452	0.000026	-0.000013	0.000002	-0.16941	-0.185214	-0.384268	-0.175406	-24	-28	1.18	23.762543
235.380508	-111.69754	-80.123901	262.732391	173.097763	6.43194	313.848083	0.163035	-0.000004	0.000026	-0.000013	0.000002	-0.16941	-0.185214	-0.192135	-0.175361	-24	-24	1.18	22.826395
235.199997	-113.808655	-82.830788	261.680756	170.95192	6.237033	312.727753	0.163035	-0.000004	0.000026	-0.179846	0.000002	-0.16941	-0.185214	-0.384268	-0.175406	-24	-24	1.18	22.792012
233.033936	-112.081375	-81.026199	260.979675	170.773102	6.042128	311.767487	0.163035	-0.000004	0.000026	-0.000013	0.000002	-0.16941	-0.185214	-0.384268	-0.175406	-24	-24	1.18	22.763537
232.492386	-113.040977	-82.108955	260.387604	170.236633	6.237033	310.967285	0.163035	-0.000004	0.000026	-0.000013	0.000002	-0.16941	-0.185214	-0.192135	-0.175406	-24	-24	1.18	22.726459
207.221481	-79.454941	-30.858528	259.752747	184.005768	5.652315	292.882202	0.163035	-0.000004	0.000026	-0.179846	0.000002	-0.16941	-0.185214	-0.384268	-0.175406	-24	-20	1.18	22.064232
205.77742	-81.18222	-31.580366	259.402222	182.217575	5.847221	292.242004	0.163035	-0.159452	-0.167145	-0.179846	0.000002	-0.16941	-0.185214	-0.192135	-0.175406	-24	-20	1.18	22.032133
207.221481	-79.454941	-31.030861	256.707825	181.859924	5.847221	291.829712	0.163035	-0.000004	0.000026	-0.000013	-0.000024	-0.16941	-0.185214	-0.384268	-0.175406	-24	-20	1.18	22.016268
205.235916	-77.151901	-28.332098	255.546249	183.111679	5.847221	291.189392	0.163035	-0.000004	0.000026	-0.179846	0.000002	-0.16941	-0.185214	-0.192135	-0.175406	-24	-20	1.18	21.991607
181.950577	-57.576046	7.225949	252.327133	188.118622	5.262503	277.197784	0.163035	-0.000004	0.000026	-0.179846	-0.000024	-0.16941	-0.185214	-0.192135	-0.175361	-24	-16	1.18	21.46875
181.409058	-58.343723	7.225949	254.319351	188.118622	5.262503	276.877716	0.163035	-0.000004	-0.167145	-0.000013	0.000002	-0.16941	-0.185214	-0.192135	-0.175406	-24	-16	1.18	21.456112
181.048035	-58.151806	6.503355	252.50238	187.403351	5.262503	276.557617	0.163035	-0.000004	0.000026	-0.179846	-0.000024	-0.16941	-0.185214	-0.192135	-0.175406	-24	-16	1.18	21.443465
180.145508	-57.384121	7.587245	251.801453	187.403351	5.457409	275.917419	0.163035	-0.000004	0.000026	-0.000013	0.000002	-0.16941	-0.185214	-0.192135	-0.175406	-24	-16	1.18	21.410437
156.679657	-49.5154	38.11684	252.216095	192.052673	4.872691	268.555359	0.163035	-0.000004	0.000026	-0.179846	0.000002	-0.16941	-0.185214	-0.192135	-0.175406	-24	-12	1.18	21.140478
158.665237	-46.444675	39.742676	250.989166	193.304413	5.067596	269.195526	0.163035	-0.000004	0.000026	-0.000013	0.000002	-0.16941	-0.185214	-0.192135	-0.175361	-24	-12	1.18	21.158319
158.665237	-47.596199	39.923325	252.852829	194.198502	5.067596	270.155823	0.163035	-0.159452	0.000026	-0.000013	0.000002	-0.16941	-0.185214	-0.192135	-0.175406	-24	-12	1.18	21.196747
159.026245	-49.131557	38.478138	253.203262	193.304413	5.067596	270.858948	0.163035	-0.159452	0.000026	-0.000013	0.000002	-0.16941	-0.185214	-0.384268	-0.350812	-24	-12	1.18	21.22484
146.029785	-51.24268	70.633568	273.529633	212.080505	5.847221	289.201141	0.163035	-0.000004	0.000026	-0.179846	0.000002	-0.16941	-0.185214	-0.384268	-0.175406	-24	-8	1.18	21.914855
147.29332	-51.818443	70.091621	274.475586	213.33226	5.847221	290.001404	0.163035	-0.000004	0.000026	-0.179846	0.000002	-0.16941	-0.185214	-0.192135	-0.175406	-24	-8	1.18	21.94578
146.932312	-52.586121	69.188377	274.756226	212.616959	5.652315	290.481537	0.163035	-0.159452	0.000026	-0.179846	0.000002	-0.16941	-0.185214	-0.192135	-0.175406	-24	-8	1.18	21.971832
148.737381	-50.269077	72.259407	277.209412	216.55101	5.652315	291.281738	0.163035	-0.000004	0.000026	-0.000013	0.000002	-0.16941	-0.185214	-0.192135	-0.350812	-24	-8	1.18	22.002674
129.603683	-52.969959	104.414841	293.755493	230.856613	6.042128	307.446289	0.163035	-0.000004	0.000026	-0.000013	0.000002	-0.16941	-0.185214	-0.192135	-0.175406	-24	-4	1.18	22.602091
128.520645	-52.202278	106.04068	293.229706	231.750702	6.042128	308.24649	0.163035	-0.159452	0.000026	-0.179846	0.000002	-0.16941	-0.185214	-0.384268	-0.175406	-24	-4	1.18	22.632075
129.062164	-53.545719	106.221321	295.783508	231.393066	6.237033	308.886688	0.163035	-0.159452	-0.167145	-0.000013	0.000002	-0.16941	-0.185214	-0.192135	-0.175406	-24	-4	1.18	22.648742
129.78418	-52.969959	105.679382	295.332916	232.644806	6.042128	309.68692	0.163035	-0.159452	0.000026	-0.179846	0.000002	-0.16941	-0.185214	-0.384268	-0.175406	-24	-4	1.18	22.685947
107.401375	-54.697239	139.09935	306.647583	243.016342	6.626846	321.60498	0.163035	-0.159452	0.000026	-0.000013	0.000002	-0.16941	-0.185214	-0.384161	-0.175361	-24	0	1.18	23.105438
106.13784	-55.273003	139.821945	306.998016	242.301071	6.237033	322.010345	0.163035	-0.159452	0.000026	-0.179846	0.000002	-0.16941	-0.185214	-0.192135	-0.175406	-24	0	1.18	23.134585
103.610741	-57.000286	141.809082	308.828888	242.837524	6.821752	322.810608	0.163035	-0.159452	0.000026	-0.000013	0.000002	-0.16941	-0.185214	-0.192135	-0.175406	-24	0	1.18	23.142479
106.679352	-55.273003	140.725189	308.224609	244.268112	6.43194	323.29071	0.163035	-0.000004	0.000026	-0.000013	-0.170038	-0.16941	-0.185214	-0.192135	-0.175406	-24	0	1.18	23.174312
77.437302	-57.192204	176.312943	318.819366	250.526794	6.821752	335.614166	0.163035	-0.000004	0.000026	-0.000013	0.000002	-0.16941	-0.185214	-0.384268	-0.175406	-24	4	1.18	23.606679
77.617805	-55.848763	176.132294	318.468811	252.672638	6.821752	335.934296	0.163035	-0.000004	0.000026	-0.000013	0.000002	-0.16941	-0.185214	-0.192135	-0.175406	-24	4	1.18	23.618168
75.812744	-60.071007	175.409698	319.520447	248.917419	7.016659	336.414429	0.163035	-0.000004	0.000026	-0.000013	0.000002	-0.16941	-0.185214	-0.192135	-0.175406	-24	4	1.18	23.6284
74.549194	-57.959881	178.119431	319.69574	251.599731	6.821752	336.894531	0.163035	-0.159452	0.000026	-0.179846	0.000002	-0.16941	-0.185214	-0.384268	-0.175406	-24	4	1.18	23.652598
39.891945	-51.24268	193.655197	298.411896	234.075348	6.237033	320.569977	0.163035	-0.000004	0.000026	-0.000013	0.000002	-0.16941	-0.185214	-0.576243	-0.175406	-24	8	1.18	23.081761
38.267387	-54.121479	192.751953	298.838379	231.929535	6.626846	319.449646	0.163035	-0.159452	0.000026	-0.000013	0.000002	-0.16941	-0.185214	-0.384268	-0.350812	-24	8	1.18	23.026249
39.169918	-51.24268	193.474548	297.611481	232.108353	6.237033	318.169281	0.163035	-0.000004	0.000026	-0.000013	0.000002	-0.16941	-0.185214	-0.384268	-0.175406	-24	8	1.18	22.99345
40.974983	-51.818443	192.571304	297.786743	232.28717	6.43194	317.209015	0.163035	-0.000004	0.000026	-0.179846	0.000002	-0.16941	-0.185214	-0.192135	-0.175406	-24	8	1.18	22.950834
9.386345	-41.070915	202.326324	271.602142	208.682922	5.847221	297.043365	0.163035	-0.159452	0.000026	-0.179846	0.000002	-0.16941	-0.185214	-0.192135	-0.175406	-24	12	1.18	22.216048
6.317734	-42.798191	199.435944	269.324188	204.927704	5.457409	296.243134	0.163035	-0.000004	0.000026	-0.179846	0.000002	-0.16941	-0.185214	-0.192135	-0.175406	-24	12	1.18	22.200387
6.859253	-42.798191	199.977905	269.918549	206.537079	5.652315	295.602966	0.163035	-0.000004	0.000026	-0.000013	0.000002	-0.16941	-0.185214	-0.384268	-0.175406	-24	12	1.18	22.168486
8.122799	-41.262833	200.158539	270.093811	207.431198	5.262503	294.962799	0.163035	-0.000004	0.000026	-0.179846	0.000002	-0.16941	-0.185214	-0.192135	-0.175406	-24	12	1.18	22.158913
-23.609241	-44.333557	206.842529	248.296921	179.356461	5.457409	280.718781	0.163035	-0.000004	0.000026	-0.000013	0.000002	-0.16941	-0.185214	-0.384161	-0.175406	-24	16	1.18	21.599646
-23.429016	-44.704945	206.842529	247.596008	179.892914	5.262503	280.398682	0.163035	-0.159452	0.000026	-0.179846	0.000002	-0.16941	-0.185214	-0.384268	-0.175406	-24	16	1.18	21.594733
-25.051027	-45.472412	204.855392	246.369415	178.104706	5.457409	279.758514	0.163035	-0.159452	-0.167145	-0.000013	0.000002	-0.16941	-0.185214	-0.192135	-0.175406	-24	16	1.18	21.561937
-22.167458	-42.030514	205.578003	245.668503	178.99881	5.262503	279.118347	0.163035	-0.000004	0.000026	-0.179846	0.000002	-0.16941	-0.185214	-0.384161	-0.175406	-24	16	1.18	21.544429
-55.508751	-60.262924	207.203827	222.363281	144.486557	4.872691	264.234161	0.163035	-0.000004	0.000026	-0.000013	0.000002	-0.16941	-0.185214	-0.384268	-0.175406	-24	20	1.18	20.966538
-54.247189	-59.495247	205.758652	222.363281	144.486557	5.067596	264.234161	0.163035	-0.000004	0.000026	-0.179846	0.000002	-0.16941	-0.185214	-0.384268	-0.175406	-24	20	1.18	20.958658
-54.968075	-59.111404	206.481232	222.419876	145.023026	5.067596	264.714264	0.163035	-0.000004	0.000026	-0.000013	0.000002	-0.16941	-0.185214	-0.384268	-0.175406	-24	20	1.18	20.978062
-55.869194	-60.838688	207.023193	222.888977	144.844193	4.872691	265.514526	0.163035	-0.159452	-0.167145	-0.359599	0.000002	-0.16941	-0.185214	-0.384161	-0.175406	-24	20	1.18	21.018226
-90.832504	-95.000473	230.507477	222.71376	123.922256	5.457409	283.919678	0.163035	-0.000004	0.000026	-0.000013	0.000002	-0.16941	-0.185214	-0.192135	-0.175406	-24	24	1.18	21.72487
-92.995178	-97.879272	232.133331	223.940323	124.101074	5.457409	284.71991	0.163035	-0.000004	0.000026	-0.179798	0.000002	-0.16941	-0.185214	-0.384161	-0.175406	-24	24	1.18	21.756063
-97.835625	-102.485359	232.855911	225.692596	121.239975	5.457409	285.360077	0.163035	-0.159452	0.000026	-0.179846	0.000002	-0.16941	-0.185214	-0.384268	-0.175406	-24	24	1.18	21.780985
-96.960091	-102.456825	232.494629	224.991699	121.239975	5.457409	286.160309	0.163035	-0.000004	0.000026	-0.359599	0.000002	-0.16941	-0.185214	-0.384268	-0.175406	-24	24	1.18	21.812099
-138.952103	-146.202438	252.727249	219.734863	91.734673	5.847221	302.804962	0.163035	-0.000004	0.000026	-0.179846	0.000002	-0.16941	-0.185214	-0.384268	-0.175406	-24	28	1.18	22.434754
-141.655441	-148.354279	253.630493	220.260559	91.198204	6.042128	303.44516	0.163035	-0.159452	0.000026	-0.359599	0.000002	-0.16941	-0.185214	-0.576243	-0.175406	-24	28	1.18	22.451569
-144.321045	-150.081558	255.256348	221.837585	91.555847	5.847221	304.245392	0.163035	-0.159452	0.000026	-0.179846	-0.170038	-0.16941	-0.185214	-0.384268	-0.175406	-24	28	1.18	22.4891
-146.122818	-151.616913	255.256348	221.662369	89.588821	6.042128	305.045593	0.163035	-0.000004	0.000026	-0.359599	-0.170038	-0.16941	-0.185214	-0.384161	-0.175406	-24	28	1.18	22.511898
-196.443314	-205.297379	270.430817	208.52034	43.632092	6.042128	318.009247	0.163035	-0.159452	0.000026	-0.179798	0.000002	-0.16941	-0.185214	-0.192135	-0.175406	-24	32	1.18	22.994735
-197.833359	-205.930328	270.069519	208.695557	45.241474	6.042128	318.48938	0.163035	-0.159452	0.000026	-0.179846	0.000002	-0.16941	-0.185214	-0.192135	-0.175406	-24	32	1.18	23.012424
-194.28064	-202.283844	270.972748	208.748672	46.672031	6.43194	319.129547	0.163035	-0.000004	0.000026	-0.179846	0.000002	-0.16941	-0.185214	-0.192135	-0.175406	-24	32	1.18	23.021641
-196.443314	-205.872971	272.056641	209.046021	45.420296	6.626846	319.60968	0.163035	-0.000004	0.000026	-0.359599	0.000002	-0.16941	-0.185214	-0.384161	-0.175406	-24	32	1.18	23.032139
-253.507767	-267.920532	281.269714	189.420578	-14.985873	6.43194	330.97287	0.163035	-0.159452	0.000026	-0.179846	0.000002	-0.16941	-0.185214	-0.576243	-0.175406	-24	36	1.18	23.453558
-254.768997	-269.839722	281.631012	191.221497	-14.807469	6.626846	331.292999	0.163035	-0.159452	0.000026	-0.179846	0.000002	-0.16941	-0.185214	-0.384268	-0.175406	-24	36	1.18	23.458082
-250.690475	-265.351654	280.547119	190.296707	-12.666633	6.626846	331.453033	0.163035	-0.159452	0.000026	-0.359599	0.000002	-0.16941	-0.185214	-0.192135	-0.175406	-24	36	1.18	23.463862
-249.609146	-264.392303	282.353607	189.420578	-12.666633	6.626846	332.4133	0.163035	-0.159452	0.000026	-0.359599	0.000002	-0.16941	-0.185214	-0.576243	-0.175406	-24	36	1.18	23.498519
-298.990295	-315.045135	276.934174	155.60173	-79.38945	6.43194	329.212402	0.163035	-0.159452	0.000026	-0.000013	0.000002	-0.16941	-0.185214	-0.192135	-0.175406	-24	40	1.18	23.389859
-299.452667	-315.132904	276.392212	155.776947	-78.319031	6.237033	328.41217	0.163035	-0.000004	0.000026	-0.000013	0.000002	-0.16941	-0.185214	-0.192135	-0.175406	-24	40	1.18	23.367917
-294.768097	-311.783417	273.863129	156.477859	-77.783821	6.43194	327.451904	0.163035	-0.159452	-0.167145	-0.359599	0.000002	-0.16941	-0.185214	-0.576243	-0.175406	-24	40	1.18	23.325986
-295.205597	-312.167145	273.682465	155.952164	-78.497429	6.237033	326.491608	0.163035	-0.000004	0.000026	-0.179798	0.000002	-0.16941	-0.185214	-0.384161	-0.175406	-24	40	1.18	23.298162
-317.2901	-333.848083	247.3078	115.649918	-131.661606	5.847221	302.965027	0.163035	-0.159452	0.000026	-0.179846	0.000002	-0.16941	-0.185214	-0.192135	-0.175406	-24	44	1.18	22.4408
-312.065002	-330.102661	246.765839	115.474693	-131.304794	6.042128	302.164795	0.163035	-0.000004	0.000026	-0.000013	0.000002	-0.16941	-0.185214	-0.384268	-0.175406	-24	44	1.18	22.403188
-313.227936	-331.353821	245.320679	112.671051	-136.4785	5.847221	301.684662	0.163035	-0.159452	0.000026	-0.359599	0.000002	-0.16941	-0.185214	-0.384161	-0.175406	-24	44	1.18	22.392396
-313.506378	-330.778198	245.86261	114.072876	-131.661606	6.042128	300.724396	0.163035	-0.000004	0.000026	-0.179798	0.000002	-0.16941	-0.185214	-0.384161	-0.175406	-24	44	1.18	22.348635
239.53215	-263.698273	-271.771606	110.568321	-12.488228	5.457409	280.078583	0.163035	-0.159452	0.000026	-0.000013	0.000002	-0.16941	-0.185214	-0.384161	-0.175406	-20	-44	1.18	21.574514
238.81012	-266.886597	-273.034821	112.846275	-11.774615	5.067596	279.438416	0.163035	-0.159452	0.000026	-0.179798	0.000002	-0.16941	-0.185214	-0.384161	-0.175406	-20	-44	1.18	21.564677
238.629608	-264.967926	-272.673889	112.320602	-11.774615	5.262503	278.958282	0.163035	-0.159452	0.000026	-0.359599	0.000002	-0.16941	-0.185214	-0.192135	-0.175406	-20	-44	1.18	21.538132
238.088089	-261.898071	-270.147461	112.145378	-10.704197	5.262503	278.478149	0.326071	-0.000004	0.000026	-0.179798	0.000002	-0.16941	-0.185214	-0.192135	-0.175406	-20	-44	1.18	21.519232
231.048325	-209.13472	-219.979828	131.770828	31.293516	5.067596	265.994659	0.163035	-0.000004	0.000026	-0.179798	0.000002	-0.16941	0.000035	-0.384161	-0.175406	-20	-40	1.18	21.029723
231.950867	-205.738419	-217.092468	131.770828	33.439354	5.067596	266.634827	0.163035	-0.159452	0.000026	-0.179846	0.000002	-0.16941	-0.185214	-0.192135	-0.175406	-20	-40	1.18	21.055505
232.672897	-207.791641	-219.799362	132.471725	32.366436	5.067596	267.11496	0.163035	-0.000004	0.000026	-0.179846	0.000002	-0.16941	-0.185214	-0.192135	-0.175406	-20	-40	1.18	21.074821
233.755936	-207.216049	-219.438431	132.646957	33.618176	5.067596	268.075226	0.163035	-0.159452	0.000026	-0.179798	0.000002	-0.16941	-0.185214	-0.384161	-0.175406	-20	-40	1.18	21.1134
251.084564	-175.174316	-193.813202	166.641037	78.323166	5.652315	286.640442	0.326071	-0.000004	0.000026	-0.359599	0.000002	-0.16941	-0.185214	-0.384161	-0.175406	-20	-36	1.18	21.823177
251.265076	-173.639374	-194.535049	168.568527	78.501984	5.652315	287.440643	0.163035	-0.159452	0.000026	-0.359599	0.000002	-0.16941	-0.185214	-0.384161	-0.175406	-20	-36	1.18	21.854229
252.528625	-174.406845	-194.535049	168.568527	79.396095	5.652315	288.080841	0.163035	-0.159452	0.000026	-0.359599	0.000002	-0.16941	-0.185214	-0.384161	-0.175406	-20	-36	1.18	21.879041
251.626083	-174.598709	-194.174133	169.795135	79.753731	5.652315	288.881073	0.163035	-0.159452	0.000026	-0.359599	0.000002	-0.16941	-0.185214	-0.576243	-0.175406	-20	-36	1.18	21.910015
264.80307	-134.882294	-163.135147	201.861694	125.88929	6.042128	305.365692	0.163035	-0.000004	0.000026	-0.000013	0.000002	-0.16941	-0.185214	-0.576243	-0.175406	-20	-32	1.18	22.523945
264.80307	-135.074158	-163.135147	203.613983	126.604561	6.042128	306.005859	0.163035	-0.159452	0.000026	-0.000013	-0.170038	-0.16941	-0.185214	-0.384268	-0.175406	-20	-32	1.18	22.548018
263.608582	-132.424911	-160.428253	202.913071	128.213928	6.042128	306.486023	0.163035	-0.159452	0.000026	-0.359599	0.000002	-0.16941	-0.370427	-0.384161	-0.175406	-20	-32	1.18	22.566058
264.80307	-136.033493	-164.398361	204.31488	126.962196	6.042128	307.286224	0.163035	-0.159452	0.000026	-0.359599	0.000002	-0.16941	-0.185214	-0.192135	-0.175406	-20	-32	1.18	22.596089
271.120789	-96.343918	-118.381256	234.1035	171.130737	6.43194	320.089844	0.163035	-0.159452	0.000026	-0.000013	0.000002	-0.16941	-0.185214	-0.384161	-0.175406	-20	-28	1.18	23.056963
271.481812	-98.619492	-119.824921	233.402618	170.236633	6.43194	320.569977	0.163035	-0.000004	0.000026	-0.179798	0.000002	-0.16941	-0.185214	-0.192135	-0.175406	-20	-28	1.18	23.074604
272.275177	-97.111595	-118.92263	233.753052	170.95192	6.43194	320.890045	0.163035	-0.000004	0.000026	-0.000013	0.000002	-0.16941	-0.185214	-0.384161	-0.175406	-20	-28	1.18	23.086356
272.203827	-98.455032	-120.727219	234.278732	170.773102	6.43194	321.370178	0.163035	-0.159452	0.000026	-0.000013	0.000002	-0.16941	-0.185214	-0.384161	-0.175406	-20	-28	1.18	23.103974
270.03775	-61.589207	-59.010174	262.315094	212.795776	6.43194	334.013733	0.163035	-0.000004	0.000026	-0.000013	0.000002	-0.16941	-0.185214	-0.384161	-0.175406	-20	-24	1.18	23.563178
271.3013	-63.124142	-59.73201	263.191223	212.080505	6.626846	334.333832	0.163035	-0.000004	0.000026	-0.179798	0.000002	-0.16941	-0.185214	-0.192135	-0.175406	-20	-24	1.18	23.56768
274.441833	-64.293243	-64.604408	261.964661	209.934662	6.626846	334.813965	0.163035	-0.159452	-0.167106	-0.179846	0.000002	-0.16941	-0.185214	-0.384161	-0.175406	-20	-24	1.18	23.58494
272.203827	-65.060928	-61.356144	264.76828	212.438141	6.821752	335.454132	0.163035	-0.000004	0.000026	-0.179846	0.000002	-0.16941	-0.185214	-0.384161	-0.175406	-20	-24	1.18	23.600933
251.987106	-41.646675	-2.887348	271.952576	231.035431	6.43194	325.051239	0.163035	-0.159452	0.000026	-0.000013	0.000002	-0.16941	-0.185214	-0.576243	-0.175406	-20	-20	1.18	23.238604
248.376953	-41.251343	-2.165511	270.025085	230.856613	6.042128	323.130676	0.163035	-0.000004	0.000026	-0.359599	0.000002	-0.16941	-0.185214	-0.192135	-0.175406	-20	-20	1.18	23.182714
249.164276	-40.30323	-2.887348	269.148956	229.783707	6.042128	321.850311	0.163035	-0.000004	-0.167106	-0.179846	0.000002	-0.16941	-0.185214	-0.576243	-0.175406	-20	-20	1.18	23.135862
248.015961	-37.414009	-0.721837	267.922363	230.856613	6.237033	321.05011	0.163035	-0.159452	0.000026	-0.179798	0.000002	-0.16941	-0.185214	-0.576243	-0.175406	-20	-20	1.18	23.099383
215.705307	-17.080893	38.478138	260.913269	233.181259	5.847221	299.924164	0.326071	-0.000004	-0.167106	-0.000013	0.000002	-0.16941	-0.185214	-0.384161	-0.175406	-20	-16	1.18	22.325669
214.622253	-18.232414	37.936192	259.861908	231.214249	5.847221	299.123932	0.326071	-0.000004	-0.167106	-0.000013	0.000002	-0.16941	-0.185214	-0.384161	-0.175406	-20	-16	1.18	22.295272
213.719727	-15.545531	38.658787	258.460083	231.393066	5.847221	298.32373	0.326071	-0.000004	0.000026	-0.179846	0.000002	-0.16941	-0.185214	-0.384161	-0.175406	-20	-16	1.18	22.264835
212.817184	-16.121292	39.742676	258.985779	231.750702	5.847221	297.683533	0.163035	-0.159452	-0.167106	-0.000013	0.000002	-0.16941	-0.185214	-0.384161	-0.175406	-20	-16	1.18	22.240454
185.970444	-7.676806	64.310875	253.378494	230.141342	5.262503	283.119476	0.163035	-0.159452	-0.334219	-0.359599	0.000002	-0.16941	-0.185214	-0.384161	-0.175406	-20	-12	1.18	21.701244
184.164902	-9.787927	63.768925	253.728958	229.604889	5.847221	282.799347	0.163035	-0.159452	0.000026	-0.359599	0.000002	-0.16941	-0.185214	-0.384161	-0.175406	-20	-12	1.18	21.66588
185.560699	-7.290936	63.768925	250.925323	229.426041	5.457409	281.839081	0.163035	-0.159452	0.000026	-0.359599	0.000002	-0.16941	-0.185214	-0.384161	-0.175406	-20	-12	1.18	21.643556
182.901016	-9.212168	63.768925	252.50238	229.068405	5.652315	281.358978	0.163035	-0.159452	-0.167106	-0.179798	0.000002	-0.16941	-0.185214	-0.576243	-0.175406	-20	-12	1.18	21.61711
153.109634	-6.717206	86.530632	243.916245	222.452072	5.067596	266.314728	0.163035	-0.000004	-0.167106	-0.359599	0.000002	-0.16941	-0.185214	-0.384161	-0.175406	-20	-8	1.18	21.042617
153.470749	-5.564135	84.9048	241.11261	221.736801	4.872691	265.514526	0.163035	-0.000004	0.000026	-0.359599	0.000002	-0.16941	-0.185214	-0.384268	-0.175406	-20	-8	1.18	21.018226
153.972061	-5.372268	85.266098	240.762161	221.915619	5.262503	265.034393	0.163035	-0.159452	0.000026	-0.359599	0.000002	-0.16941	-0.185214	-0.384268	-0.175406	-20	-8	1.18	20.98312
153.470749	-6.139735	84.362854	239.535538	220.127411	4.872691	264.55423	0.163035	-0.000004	-0.167106	-0.359599	-0.169996	-0.16941	-0.185214	-0.384161	-0.175406	-20	-8	1.18	20.979471
140.614578	-6.523468	117.421524	259.511444	239.261154	5.067596	282.15918	0.163035	-0.159452	0.000026	-0.179798	0.000002	-0.16941	-0.185214	-0.192135	-0.175406	-20	-4	1.18	21.671335
139.748657	-7.290936	116.337646	258.460083	237.830597	5.262503	282.959412	0.163035	-0.159452	0.000026	-0.359599	0.000002	-0.16941	-0.185214	-0.384161	-0.175406	-20	-4	1.18	21.694993
141.1931	-5.756001	117.60218	259.511444	240.512878	5.262503	283.759644	0.163035	-0.000004	-0.334219	-0.359599	0.000002	-0.16941	-0.185214	-0.384161	-0.175406	-20	-4	1.18	21.726229
141.554199	-7.292966	117.421524	261.263733	240.334061	5.457409	284.399811	0.163035	-0.159452	-0.167106	-0.179798	0.000002	-0.16941	-0.185214	-0.576243	-0.175406	-20	-4	1.18	21.743591
122.924942	-9.017735	151.022156	277.03418	255.176132	6.042128	301.524628	0.163035	-0.159452	0.000026	-0.179798	0.000002	-0.16941	-0.185214	-0.384161	-0.175406	-20	0	1.18	22.378959
123.105446	-5.180401	153.551224	277.559845	259.110168	6.042128	302.164795	0.163035	-0.159415	0.000026	-0.359599	0.000002	-0.16941	-0.185214	-0.384161	-0.175406	-20	0	1.18	22.403188
122.415497	-7.868726	152.286697	278.085541	256.606689	5.847221	302.804962	0.163035	-0.000004	-0.167106	-0.179798	0.000002	-0.16941	-0.185214	-0.384161	-0.175406	-20	0	1.18	22.434754
123.105446	-8.442135	152.828629	279.136902	257.32196	6.042128	303.605194	0.163035	-0.159452	-0.167106	-0.000013	-0.169996	-0.16941	-0.185214	-0.384161	-0.175406	-20	0	1.18	22.457609
100.749031	-2.686882	187.15184	288.949615	267.872345	6.237033	317.209015	0.163035	-0.159452	-0.167106	-0.179798	0.000002	-0.16941	-0.185214	-0.384161	-0.175406	-20	4	1.18	22.95803
103.818443	-2.110533	186.790543	288.949615	269.302887	6.237033	317.689178	0.326071	-0.000004	-0.167106	-0.179798	-0.169996	-0.16941	-0.185214	-0.576243	-0.175406	-20	4	1.18	22.975748
101.986191	-5.372268	184.622772	289.124847	267.514709	6.237033	318.009247	0.163035	-0.000004	0.000026	-0.359599	0.000002	-0.16941	-0.185214	-0.384268	-0.175406	-20	4	1.18	22.987551
100.722641	-5.372268	187.15184	290.701904	269.302887	6.237033	318.649414	0.163035	-0.318831	0.000026	-0.359599	0.000002	-0.16941	-0.185214	-0.384161	-0.175406	-20	4	1.18	23.011139
74.91021	4.810085	220.571838	294.907349	274.846313	6.237033	329.692535	0.163035	-0.159415	0.000026	-0.359599	-0.169996	-0.16941	-0.185214	-0.576243	-0.175406	-20	8	1.18	23.414305
74.749283	2.308853	220.391159	295.608246	273.058105	6.43194	330.012604	0.163035	-0.159452	-0.167106	-0.359599	0.000002	-0.16941	-0.185214	-0.384161	-0.175406	-20	8	1.18	23.418834
73.105148	-0.383734	219.668564	296.834869	273.058105	6.43194	330.332703	0.163035	-0.318831	0.000026	-0.179798	0.000002	-0.16941	-0.185214	-0.576243	-0.175406	-20	8	1.18	23.430415
74.729706	0.192425	220.391159	297.010071	274.488678	6.43194	330.492737	0.163035	-0.159415	0.000026	-0.359599	0.000002	-0.16941	-0.185214	-0.384161	-0.175406	-20	8	1.18	23.436202
42.419037	10.774563	247.127151	292.804626	265.190033	6.626846	337.054596	0.163035	-0.159452	0.000026	-0.179798	0.000002	-0.16941	-0.185214	-0.384161	-0.175406	-20	12	1.18	23.665312
43.682583	10.966966	247.3078	292.804626	265.905304	6.821752	335.774231	0.163035	-0.159452	0.000026	-0.179798	0.000002	-0.16941	-0.185214	-0.576243	-0.175406	-20	12	1.18	23.612424
44.404606	11.15623	245.501312	291.052338	265.01123	6.626846	334.493866	0.163035	-0.318831	0.000026	-0.179798	0.000002	-0.16941	-0.185214	-0.384161	-0.175406	-20	12	1.18	23.573434
43.682583	10.58216	245.140015	291.402802	263.938293	6.821752	333.373535	0.163035	-0.159415	0.000026	-0.179798	0.000002	-0.16941	-0.185214	-0.384161	-0.175406	-20	12	1.18	23.526105
11.19141	10.58216	244.959366	257.408722	227.280182	6.042128	307.446289	0.163035	-0.159452	-0.167106	-0.359599	-0.169996	-0.16941	-0.185214	-0.576243	-0.175406	-20	16	1.18	22.602091
9.930462	7.886281	241.707703	256.006927	223.167358	6.042128	306.646057	0.163035	-0.159452	-0.334219	-0.179798	-0.169996	-0.16941	-0.185214	-0.384268	-0.175406	-20	16	1.18	22.572067
9.566852	7.888525	242.610931	256.532593	224.240265	5.847221	305.845825	0.163035	-0.159452	0.000026	-0.179798	0.000002	-0.16941	-0.185214	-0.576401	-0.175406	-20	16	1.18	22.549328
8.844825	5.19489	239.539917	255.130768	221.379135	6.237033	304.725525	0.163035	-0.318831	-0.167106	-0.359599	-0.169996	-0.16941	-0.185214	-0.576243	-0.175406	-20	16	1.18	22.492503
-26.846237	-19.954138	242.430298	228.846695	183.779221	5.652315	288.560974	0.326071	-0.159415	-0.167106	-0.179798	-0.169996	-0.16941	-0.185214	-0.384161	-0.175406	-20	20	1.18	21.89763
-25.585005	-18.994804	240.443146	227.620102	183.82695	5.652315	287.920807	0.326071	-0.000004	-0.334219	-0.179798	-0.169996	-0.16941	-0.185214	-0.384161	-0.175406	-20	20	1.18	21.872841
-23.242718	-17.076138	239.720551	227.444885	184.673096	5.652315	287.280609	0.163035	-0.000004	-0.167106	-0.179798	-0.169996	-0.16941	-0.185214	-0.384161	-0.175406	-20	20	1.18	21.848023
-27.033482	-21.489071	239.901215	227.444885	180.965836	5.652315	286.800476	0.163035	-0.318831	0.000026	-0.179798	0.000002	-0.16941	-0.185214	-0.384161	-0.175406	-20	20	1.18	21.829391
-59.458107	-52.763344	237.191483	202.387375	143.056	5.457409	272.876587	0.163035	-0.000004	-0.167106	-0.179798	0.000002	-0.16941	-0.185214	-0.576401	-0.175406	-20	24	1.18	21.289736
-57.491203	-50.652809	235.926941	200.635117	143.056	5.262503	271.916321	0.163035	-0.318831	0.000026	-0.359599	0.000002	-0.16941	-0.185214	-0.384161	-0.175406	-20	24	1.18	21.259248
-59.277931	-53.147079	236.107605	200.635117	140.373703	5.262503	271.116089	0.163035	-0.159452	-0.167106	-0.179798	-0.169996	-0.16941	-0.185214	-0.384268	-0.175406	-20	24	1.18	21.227324
-59.097759	-53.147079	235.204361	199.583755	139.479599	5.262503	270.315857	0.163035	-0.000004	-0.334219	-0.359599	-0.169996	-0.16941	-0.185214	-0.384268	-0.175406	-20	24	1.18	21.195352
-98.736496	-94.398422	246.223907	185.740799	104.967346	5.652315	275.437286	0.163035	-0.159452	-0.167106	-0.359599	-0.169996	-0.16941	-0.185214	-0.576401	-0.175406	-20	28	1.18	21.383701
-98.55632	-94.398422	246.585205	185.39035	104.07325	5.457409	276.237549	0.163035	-0.159452	-0.167106	-0.359599	0.000002	-0.16941	-0.185214	-0.384268	-0.175406	-20	28	1.18	21.423105
-98.015793	-94.206551	246.765839	186.091248	104.609703	5.262503	276.877716	0.163035	-0.000004	-0.167106	-0.179798	-0.169996	-0.16941	-0.185214	-0.576401	-0.175406	-20	28	1.18	21.456112
-96.394211	-92.479752	247.127151	186.967392	106.219086	5.262503	277.837952	0.163035	-0.000004	-0.167106	-0.359599	0.000002	-0.16941	-0.185214	-0.384268	-0.175406	-20	28	1.18	21.494005
-148.104752	-147.737366	267.540405	175.227173	62.944649	5.652315	295.442902	0.163035	-0.318831	0.000026	-0.179798	0.000002	-0.16941	-0.185214	-0.384268	-0.175406	-20	32	1.18	22.162366
-148.645279	-148.888565	269.16629	177.329895	64.375206	5.652315	295.923035	0.163035	-0.000004	-0.167106	-0.179798	0.000002	-0.16941	-0.185214	-0.576401	-0.175406	-20	32	1.18	22.180719
-148.825455	-149.080429	268.263	176.979431	64.196388	5.652315	296.883331	0.163035	-0.000004	-0.167106	-0.359599	0.000002	-0.16941	-0.185214	-0.384268	-0.175406	-20	32	1.18	22.217378
-149.945724	-150.423508	269.346924	178.381256	64.554031	6.042128	297.683533	0.326071	-0.318831	0.000026	-0.359599	0.000002	-0.16941	-0.185214	-0.384161	-0.175406	-20	32	1.18	22.233027
-210.140274	-210.861526	282.534271	158.230133	7.51046	6.237033	312.24762	0.163035	-0.159415	-0.334219	-0.359599	-0.169996	-0.16941	-0.185214	-0.576401	-0.175406	-20	36	1.18	22.774152
-205.04039	-204.721771	283.076202	157.178772	8.404559	6.042128	312.727753	0.163035	-0.159415	0.000026	-0.179798	0.000002	-0.16941	-0.185214	-0.384268	-0.175406	-20	36	1.18	22.799258
-208.103394	-207.216049	283.256866	158.580582	9.474979	6.237033	313.36795	0.163035	-0.159415	-0.167106	-0.179798	-0.169996	-0.16941	-0.185214	-0.576243	-0.175406	-20	36	1.18	22.815803
-209.544785	-209.13472	285.063324	158.931046	8.581112	6.237033	313.848083	0.163035	-0.159452	-0.167106	-0.359599	-0.169996	-0.16941	-0.185214	-0.384268	-0.175406	-20	36	1.18	22.83363
-271.345184	-269.380859	292.831207	134.924911	-55.661819	6.43194	326.011475	0.163035	-0.159452	-0.334219	-0.359599	-0.169996	-0.16941	-0.185214	-0.576401	-0.175406	-20	40	1.18	23.273595
-270.334808	-268.421509	293.011871	136.151505	-54.5914	6.43194	326.651672	0.163035	-0.318831	0.000026	-0.359599	0.000002	-0.16941	-0.185214	-0.384161	-0.175406	-20	40	1.18	23.296895
-269.794159	-268.421509	293.915131	134.74968	-56.553833	6.237033	327.131805	0.163035	-0.318831	0.000026	-0.359599	0.000002	-0.16941	-0.185214	-0.576401	-0.175406	-20	40	1.18	23.321438
-267.921844	-265.927246	294.457062	135.100143	-53.699383	6.43194	327.611938	0.163035	-0.318831	-0.167106	-0.359599	0.000002	-0.169452	0.000008	-0.384268	-0.175406	-20	40	1.18	23.3318
-328.100677	-327.900208	293.915131	103.734467	-134.872864	6.626846	338.014832	0.163035	-0.318831	-0.167106	-0.359599	0.000002	-0.16941	-0.185214	-0.576401	-0.175406	-20	44	1.18	23.699675
-328.100677	-325.789673	293.553802	103.38401	-131.304794	6.626846	338.014832	0.163035	-0.318831	-0.167106	-0.359599	-0.170038	-0.169452	-0.185214	-0.384268	-0.175406	-20	44	1.18	23.699675
-325.758392	-321.952332	295.360321	102.683105	-130.234375	6.43194	337.854797	0.326071	-0.000004	-0.167106	-0.359599	-0.169996	-0.16941	-0.185214	-0.384268	-0.175406	-20	44	1.18	23.700921
-328.821381	-325.405945	293.553802	103.559242	-129.699173	6.626846	336.734497	0.163035	-0.159452	-0.167106	-0.359599	-0.169996	-0.16941	-0.185214	-0.576243	-0.175406	-20	44	1.18	23.653848
274.189392	-242.903259	-278.268127	95.323563	-2.854452	5.847221	302.804962	0.163035	-0.159415	-0.167106	-0.179798	0.000002	-0.169452	-0.185214	-0.384268	-0.175406	-16	-44	1.18	22.434754
273.719574	-241.368317	-277.546326	97.426285	-1.070418	5.847221	302.004761	0.163035	-0.318831	-0.167106	-0.359599	0.000002	-0.169452	-0.185214	-0.576401	-0.175406	-16	-44	1.18	22.404507
274.441833	-243.478851	-279.711823	96.024475	-2.854452	5.652315	301.364563	0.163035	-0.159415	-0.167106	-0.179798	0.000002	-0.169452	-0.185214	-0.384268	-0.175406	-16	-44	1.18	22.387657
274.261261	-245.397522	-280.614136	94.09697	-4.816888	5.847221	300.88443	0.163035	-0.318831	-0.167106	-0.179798	-0.169996	-0.16941	-0.185214	-0.384268	-0.175406	-16	-44	1.18	22.36209
262.886353	-180.738434	-220.160278	120.205818	47.387314	5.457409	285.520142	0.163035	-0.159415	-0.167106	-0.179798	-0.169996	-0.169452	-0.185214	-0.384268	-0.175406	-16	-40	1.18	21.787212
262.705811	-181.505905	-219.799362	120.205818	46.838657	5.847221	284.879944	0.326071	-0.159415	-0.167106	-0.179798	-0.169996	-0.16941	-0.185214	-0.384268	-0.175406	-16	-40	1.18	21.74711
263.066925	-181.122162	-220.521179	118.45356	45.766018	5.457409	284.239777	0.163035	-0.318831	-0.167106	-0.179798	-0.169996	-0.16941	-0.185214	-0.384161	-0.175406	-16	-40	1.18	21.737353
261.441925	-180.162842	-217.814301	118.103088	46.48111	5.457409	283.759644	0.326071	-0.000004	-0.167106	-0.179798	-0.169996	-0.16941	-0.185214	-0.384268	-0.175406	-16	-40	1.18	21.718626
247.719833	-126.823898	-164.578812	138.604675	86.883942	4.872691	269.035492	0.163035	-0.000004	-0.334219	-0.359599	-0.169996	-0.16941	-0.185214	-0.576401	-0.175406	-16	-36	1.18	21.159716
248.557465	-124.905228	-164.037445	137.903778	87.264168	5.067596	268.235291	0.163035	-0.318831	-0.167106	-0.359599	-0.169996	-0.169452	-0.185214	-0.384161	-0.175406	-16	-36	1.18	21.119823
246.752411	-123.754028	-162.232849	136.852402	87.800629	5.067596	267.435059	0.163035	-0.159415	-0.167106	-0.179798	0.000002	-0.169452	-0.185214	-0.576401	-0.175406	-16	-36	1.18	21.087689
247.539291	-123.754028	-163.676514	137.378082	87.420258	4.872691	266.634827	0.163035	-0.000004	-0.167106	-0.179798	-0.169996	-0.16941	-0.185214	-0.576401	-0.175406	-16	-36	1.18	21.063349
254.580887	-82.694557	-120.907684	167.166718	133.365082	5.262503	279.278381	0.488959	-0.000004	-0.167106	-0.359599	-0.169996	-0.16941	-0.185214	-0.576401	-0.175406	-16	-32	1.18	21.550723
256.02533	-84.037628	-123.253647	166.641037	131.756104	5.262503	280.078583	0.163035	-0.159415	-0.167106	-0.179798	-0.169996	-0.16941	-0.185214	-0.384268	-0.175406	-16	-32	1.18	21.582167
258.30481	-86.531883	-126.501915	166.641037	131.219788	5.457409	281.038879	0.326071	-0.318831	0.000026	-0.179798	-0.169996	-0.169452	-0.185214	-0.384161	-0.175406	-16	-32	1.18	21.612202
257.763306	-85.380692	-124.516861	167.692398	133.186295	5.457409	281.679047	0.163035	-0.318831	0.000026	-0.179798	-0.169996	-0.169452	-0.185214	-0.576243	-0.175406	-16	-32	1.18	21.637289
268.052155	-49.693474	-83.191711	200.459885	178.819992	5.847221	299.123932	0.163035	-0.318831	-0.167106	-0.179798	-0.169996	-0.169452	-0.185214	-0.576401	-0.175406	-16	-28	1.18	22.295272
268.413208	-50.077209	-82.830788	201.336014	178.641159	5.457409	299.604095	0.163035	-0.159415	-0.167106	-0.179798	0.000002	-0.169452	-0.185214	-0.576401	-0.175406	-16	-28	1.18	22.328317
269.20575	-50.460941	-84.454926	200.635117	178.058472	5.847221	300.404297	0.163035	-0.159415	-0.167106	-0.179798	-0.169996	-0.16941	-0.185214	-0.384268	-0.175406	-16	-28	1.18	22.343887
270.469604	-50.652809	-84.9963	202.562622	179.356461	6.042128	300.88443	0.325962	-0.159452	-0.167106	-0.179798	-0.169996	-0.16941	-0.185214	-0.384268	-0.175406	-16	-28	1.18	22.354703
272.816833	-15.349337	-39.340115	229.722824	218.997604	6.042128	314.648285	0.325962	-0.318831	-0.167106	-0.359599	-0.169996	-0.169452	-0.185214	-0.576401	-0.175406	-16	-24	1.18	22.870534
274.550415	-14.390003	-40.783787	228.671463	219.176392	6.042128	315.288483	0.163035	-0.318831	-0.167106	-0.179798	-0.169996	-0.16941	-0.185214	-0.576243	-0.175406	-16	-24	1.18	22.894244
273.106354	-14.198136	-37.174599	231.124664	221.557983	6.042128	315.608582	0.163035	-0.159415	-0.167106	-0.359599	0.000002	-0.169452	-0.185214	-0.576401	-0.175406	-16	-24	1.18	22.906089
275.091919	-14.965604	-38.437817	229.722824	219.948593	6.237033	316.248749	0.163035	-0.318831	-0.167106	-0.359599	0.000002	-0.169452	-0.185214	-0.576401	-0.175406	-16	-24	1.18	22.922556
271.120789	7.8863	11.019567	253.728958	255.646194	6.626846	328.732239	0.163035	-0.318831	-0.167106	-0.359599	-0.169996	-0.16941	-0.185214	-0.576243	-0.175406	-16	-20	1.18	23.365388
272.275177	10.197355	11.558471	254.955551	257.791473	6.237033	329.052368	0.163035	-0.318831	-0.167106	-0.359599	-0.169996	-0.16941	-0.185214	-0.384161	-0.175406	-16	-20	1.18	23.391123
271.552948	12.12138	13.725685	255.656464	261.009399	6.626846	329.532471	0.163035	-0.159415	-0.167106	-0.359599	-0.169996	-0.16941	-0.185214	-0.384161	-0.175406	-16	-20	1.18	23.394395
272.745361	7.8863	10.838919	256.707825	257.500763	6.626846	330.012604	0.163035	-0.318831	-0.167106	-0.179798	-0.169996	-0.16941	-0.185214	-0.576401	-0.175406	-16	-20	1.18	23.41178
259.207367	25.967087	59.072067	274.405762	284.965057	7.016659	336.09433	0.163035	-0.318831	-0.167106	-0.359599	-0.169996	-0.16941	-0.185214	-0.576401	-0.175406	-16	-16	1.18	23.616917
257.830841	27.705982	59.778976	271.076447	282.46225	6.042128	334.813965	0.325962	-0.318831	-0.334219	-0.179798	-0.169996	-0.169452	-0.185214	-0.576401	-0.175406	-16	-16	1.18	23.60594
258.011414	27.898384	59.433365	271.602142	281.925903	6.43194	333.693665	0.325962	-0.159415	-0.167106	-0.359599	-0.169996	-0.169452	-0.185214	-0.384268	-0.175406	-16	-16	1.18	23.551664
257.469757	25.012348	56.708755	270.375549	278.601532	6.626846	332.573334	0.325962	-0.159452	-0.167106	-0.359599	-0.169996	-0.169452	-0.185214	-0.384268	-0.175406	-16	-16	1.18	23.50429
218.470139	34.632473	87.772148	258.460083	270.305634	6.43194	307.766357	0.325962	-0.159415	-0.167106	-0.179798	-0.169996	-0.169452	-0.185214	-0.384268	-0.175406	-16	-12	1.18	22.599475
218.77388	37.508015	90.324257	257.934418	271.73584	5.652315	306.806091	0.163035	-0.318831	-0.334219	-0.359599	-0.169996	-0.16941	-0.185214	-0.384268	-0.175406	-16	-12	1.18	22.592701
215.942368	35.584526	89.421013	257.23349	270.375824	6.042128	306.165924	0.325962	-0.159415	-0.167106	-0.179798	-0.169996	-0.169452	-0.185214	-0.576401	-0.175406	-16	-12	1.18	22.554033
216.12294	35.392178	88.337128	256.883057	269.302887	5.652315	305.205658	0.326071	-0.159415	-0.167106	-0.359599	-0.169996	-0.169452	-0.185214	-0.576401	-0.175406	-16	-12	1.18	22.532588
182.35936	36.748901	111.821426	248.997818	262.865356	5.455858	289.041107	0.325962	-0.159415	-0.167106	-0.179798	-0.169996	-0.169452	-0.185214	-0.576401	-0.175406	-16	-8	1.18	21.923799
183.262131	37.133705	110.376236	247.420776	260.898346	5.455858	288.560974	0.325962	-0.159415	-0.167106	-0.359599	0.000002	-0.169452	-0.185214	-0.384268	-0.175406	-16	-8	1.18	21.905231
182.178818	35.594486	110.708496	247.771225	260.830627	5.262503	288.080841	0.488959	-0.318831	-0.167106	-0.359599	-0.169996	-0.16941	-0.185214	-0.576401	-0.175406	-16	-8	1.18	21.894134
182.492096	36.930969	110.014938	246.544647	260.11554	5.262503	287.280609	0.163035	-0.318831	-0.167106	-0.359599	-0.169996	-0.16941	-0.185214	-0.384268	-0.175406	-16	-8	1.18	21.863137
152.347504	34.045734	128.802383	237.608063	251.534409	5.457409	274.156952	0.163035	-0.318831	-0.167106	-0.359599	-0.169996	-0.16941	-0.185214	-0.384268	-0.175406	-16	-4	1.18	21.340641
151.845764	35.786888	129.705627	237.082367	251.778549	5.067596	273.516754	0.325962	-0.318831	-0.167106	-0.359599	-0.169996	-0.169452	-0.185214	-0.384268	-0.175406	-16	-4	1.18	21.330696
151.805984	35.584526	129.886276	236.206238	250.88443	5.067596	272.876587	0.163035	-0.159415	-0.167106	-0.179798	-0.169996	-0.169452	-0.185214	-0.384268	-0.175406	-16	-4	1.18	21.305247
150.542435	34.815132	129.524979	236.731934	250.461761	5.067596	272.076355	0.163035	-0.318831	-0.167106	-0.179798	-0.169996	-0.16941	-0.185214	-0.576401	-0.175406	-16	-4	1.18	21.273392
129.276535	36.171696	152.788559	238.484177	252.249512	5.457409	272.876587	0.488959	-0.159415	-0.167106	-0.359599	-0.169996	-0.16941	-0.185214	-0.384268	-0.175406	-16	0	1.18	21.289736
130.540421	36.364094	152.106033	237.783295	252.249512	5.067596	273.676788	0.325962	-0.318831	-0.167106	-0.179798	-0.169996	-0.169452	-0.185214	-0.384268	-0.175406	-16	0	1.18	21.337053
130.325714	35.776875	152.467331	237.783295	251.534409	5.262503	274.47702	0.163035	-0.159415	-0.167106	-0.179798	-0.169996	-0.16941	-0.185214	-0.576401	-0.350722	-16	0	1.18	21.361081
129.062164	36.161575	154.093185	239.360321	254.216003	5.262503	275.437286	0.326071	-0.318831	-0.167106	-0.179798	-0.169996	-0.16941	-0.185214	-0.384268	-0.175406	-16	0	1.18	21.399144
115.193344	45.791817	187.283386	252.327133	268.696686	5.847221	293.202271	0.325962	-0.159415	-0.167106	-0.179798	-0.169996	-0.169452	-0.185214	-0.576401	-0.350722	-16	4	1.18	22.069038
115.012779	44.817268	187.513138	253.378494	269.839355	5.847221	294.002502	0.163035	-0.159415	-0.167106	-0.179798	-0.169996	-0.169452	-0.185214	-0.576401	-0.175406	-16	4	1.18	22.099746
115.554443	44.060196	187.644592	253.728958	268.517883	5.847221	294.802734	0.325962	-0.318831	-0.167106	-0.179798	-0.169996	-0.169452	-0.185214	-0.384268	-0.350722	-16	4	1.18	22.130411
115.554443	46.946232	189.138977	253.028046	271.091095	5.84556	295.282867	0.325962	-0.318831	-0.167106	-0.179798	-0.169996	-0.169452	-0.185214	-0.384268	-0.175406	-16	4	1.18	22.148854
93.863396	54.434708	220.752472	262.139862	277.456573	5.847221	310.967285	0.163035	-0.318831	-0.167106	-0.359599	-0.169996	-0.169452	-0.185214	-0.384268	-0.350722	-16	8	1.18	22.74099
94.224403	57.127594	221.836365	260.562805	278.350433	5.84556	311.127319	0.163035	-0.159415	-0.167106	-0.359599	-0.169996	-0.169452	-0.185214	-0.384268	-0.175406	-16	8	1.18	22.747016
95.332413	56.935246	221.958801	263.366455	280.138184	5.847221	311.927521	0.326071	-0.318831	-0.167106	-0.179798	-0.169996	-0.16941	-0.185214	-0.576401	-0.350722	-16	8	1.18	22.776746
93.682892	57.896984	222.739594	262.665527	280.495728	6.237033	312.24762	0.326071	-0.159415	-0.334219	-0.179798	-0.169996	-0.169452	-0.185214	-0.576401	-0.175406	-16	8	1.18	22.774152
66.065392	59.62812	252.365967	263.541687	277.456573	6.042128	323.29071	0.163035	-0.318831	-0.334219	-0.179798	-0.169996	-0.169452	-0.185214	-0.576401	-0.175406	-16	12	1.18	23.188564
66.624367	59.259991	252.727249	265.819641	278.350433	7.014666	323.930908	0.325962	-0.318831	-0.334219	-0.359599	-0.169996	-0.169452	-0.185214	-0.384268	-0.175406	-16	12	1.18	23.176414
65.360481	60.029602	254.714386	265.819641	280.495728	6.626846	324.411041	0.325962	-0.318831	-0.167106	-0.179798	-0.169996	-0.169452	-0.185214	-0.384268	-0.175406	-16	12	1.18	23.208129
66.263252	59.452396	253.630493	265.644409	279.065521	6.819815	324.891174	0.325962	-0.159415	-0.167106	-0.179798	-0.169996	-0.169452	-0.185214	-0.384268	-0.175406	-16	12	1.18	23.218613
34.666336	52.141102	281.811676	263.016022	269.05423	6.624963	337.694763	0.325962	-0.318831	-0.167106	-0.179798	-0.339992	-0.169452	-0.185214	-0.576401	-0.350812	-16	16	1.18	23.688293
34.296246	51.934177	281.99231	262.665527	268.517883	6.626846	338.334961	0.163035	-0.159415	-0.167106	-0.179798	-0.169996	-0.169452	-0.185214	-0.576401	-0.350722	-16	16	1.18	23.711119
32.860798	51.563892	284.340729	263.89212	269.411774	6.821752	338.65506	0.325962	-0.318831	-0.167106	-0.359599	-0.169996	-0.169452	-0.185214	-0.384268	-0.175406	-16	16	1.18	23.715593
34.485779	51.948696	283.618134	263.366455	269.302887	6.624963	339.295227	0.325962	-0.159415	-0.167106	-0.359599	-0.169996	-0.169452	-0.185214	-0.576401	-0.175406	-16	16	1.18	23.745482
-3.604465	18.273136	276.934174	230.423721	222.394318	6.237033	315.608582	0.326071	-0.318831	-0.167106	-0.179798	-0.169996	-0.169452	-0.185214	-0.576401	-0.350722	-16	20	1.18	22.898877
-4.685804	16.926693	276.572845	230.423721	221.857986	6.237033	314.648285	0.326071	-0.159415	-0.167106	-0.179798	-0.169996	-0.169452	-0.185214	-0.384268	-0.350722	-16	20	1.18	22.86331
-4.324225	18.850182	275.488983	228.145767	222.573105	6.235262	313.527985	0.163035	-0.159415	-0.334219	-0.179798	-0.169996	-0.169452	-0.185214	-0.384268	-0.175406	-16	20	1.18	22.821813
-3.963873	18.080786	274.40506	228.320999	221.142914	6.040411	312.727753	0.163035	-0.318831	-0.167106	-0.359599	-0.169996	-0.169452	-0.185214	-0.576401	-0.175406	-16	20	1.18	22.799322
-45.224197	-20.146004	268.263	197.305801	171.980164	5.652315	294.802734	0.488959	-0.318831	-0.167106	-0.179798	-0.169996	-0.169452	-0.185214	-0.576401	-0.350722	-16	24	1.18	22.137874
-43.962967	-19.570406	267.7211	197.481018	173.052811	5.650709	294.162537	0.488959	-0.318831	-0.334219	-0.179798	-0.169996	-0.169452	-0.185214	-0.384268	-0.175406	-16	24	1.18	22.113415
-44.143139	-18.994804	267.179138	198.532394	173.767899	5.84556	293.522369	0.326071	-0.318831	-0.167106	-0.179798	-0.169996	-0.169452	-0.185214	-0.576401	-0.175406	-16	24	1.18	22.081391
-43.794243	-18.035471	266.998505	197.305801	172.874023	5.652315	293.042236	0.163035	-0.318831	-0.167106	-0.359599	-0.169996	-0.16941	-0.185214	-0.576401	-0.350722	-16	24	1.18	22.070378
-88.286285	-60.054287	261.579041	168.568527	124.101089	5.262503	279.118347	0.325962	-0.159415	-0.167106	-0.179798	-0.169996	-0.169452	-0.185214	-0.384268	-0.350722	-16	28	1.18	21.544429
-88.12915	-58.13562	261.037079	168.393311	124.962715	5.262503	278.478149	0.326071	-0.318831	-0.167106	-0.179798	-0.169996	-0.16941	-0.185214	-0.384268	-0.350722	-16	28	1.18	21.519232
-85.944	-59.286819	258.982025	169.094208	123.711304	5.457409	278.158051	0.325962	-0.318831	-0.167106	-0.359599	-0.169996	-0.169452	-0.185214	-0.576401	-0.350722	-16	28	1.18	21.498942
-85.786247	-55.449482	260.675812	168.218079	127.286766	5.262503	277.197784	0.163035	-0.159415	-0.334219	-0.179798	-0.169996	-0.169452	-0.185214	-0.576401	-0.350722	-16	28	1.18	21.46875
-123.961151	-97.084557	251.938599	139.48082	74.012238	5.261007	266.794861	0.488959	-0.318831	-0.167106	-0.359599	-0.169996	-0.169452	-0.185214	-0.384268	-0.175406	-16	32	1.18	21.054161
-124.354019	-96.919678	252.185318	139.656036	71.866966	4.872691	267.435059	0.326071	-0.318831	-0.167106	-0.359599	-0.169996	-0.169452	-0.185214	-0.384268	-0.350722	-16	32	1.18	21.09552
-125.435356	-97.495438	254.353088	139.656036	73.29715	5.067596	268.395325	0.326071	-0.318831	-0.167106	-0.359599	-0.169996	-0.16941	-0.185214	-0.384268	-0.350722	-16	32	1.18	21.126244
-124.501678	-97.276421	253.811157	139.305588	72.243286	5.067596	269.035492	0.325962	-0.159415	-0.167106	-0.359599	-0.169996	-0.169452	-0.185214	-0.384268	-0.350722	-16	32	1.18	21.151908
-179.095032	-147.161774	274.043793	123.184685	23.240545	5.261007	287.760773	0.325962	-0.159415	-0.167106	-0.359599	-0.169996	-0.169452	-0.185214	-0.576401	-0.175406	-16	36	1.18	21.881799
-179.455399	-151.382843	274.152527	125.287415	24.313187	5.650709	288.721039	0.488959	-0.159415	-0.167106	-0.179798	-0.169996	-0.169452	-0.185214	-0.384268	-0.175406	-16	36	1.18	21.903886
-183.419266	-152.150299	273.791321	123.885605	21.994879	5.455858	289.201141	0.488959	-0.318831	-0.167106	-0.359599	-0.169996	-0.169452	-0.185214	-0.576401	-0.350722	-16	36	1.18	21.929984
-183.23909	-151.958435	275.777924	124.236046	21.458418	5.457409	290.161438	0.488959	-0.318831	-0.167106	-0.359599	-0.169996	-0.169452	-0.185214	-0.384268	-0.350722	-16	36	1.18	21.967003
-235.850494	-201.460052	287.517029	99.704239	-38.881844	6.040411	306.646057	0.325962	-0.318831	-0.167106	-0.359599	-0.169996	-0.169452	-0.185214	-0.384268	-0.350722	-16	40	1.18	22.572131
-238.372971	-202.091934	289.579559	99.353783	-38.713505	5.84556	307.12619	0.325962	-0.318831	-0.167106	-0.359599	-0.169996	-0.169452	-0.185214	-0.384268	-0.175406	-16	40	1.18	22.597459
-242.517029	-206.448578	290.04541	98.828102	-44.767628	5.84556	307.766357	0.488959	-0.318831	-0.167106	-0.179798	-0.169996	-0.169452	-0.185214	-0.384268	-0.350722	-16	40	1.18	22.621454
-239.994568	-203.762436	290.406616	100.580376	-39.248718	6.040411	308.406555	0.488959	-0.318831	-0.167106	-0.359599	-0.169996	-0.169452	-0.185214	-0.576401	-0.175406	-16	40	1.18	22.638132
-301.975159	-264.200439	293.838043	68.86425	-118.4291	6.235262	320.569977	0.488959	-0.318831	-0.167106	-0.359599	-0.169996	-0.169452	-0.185214	-0.576401	-0.175406	-16	44	1.18	23.081826
-299.993195	-261.779083	294.637726	68.689026	-115.218681	6.237033	321.05011	0.488959	-0.318831	-0.167106	-0.359599	-0.169996	-0.169452	-0.185214	-0.576401	-0.350722	-16	44	1.18	23.099383
-299.092316	-262.665527	295.540955	70.266068	-116.140526	6.235262	321.690277	0.325962	-0.318831	-0.334219	-0.359599	-0.169996	-0.169452	-0.185214	-0.576401	-0.175406	-16	44	1.18	23.122922
-299.813019	-262.738678	295.540955	69.565163	-116.645531	6.237033	322.17041	0.326071	-0.318831	-0.167106	-0.179798	-0.169996	-0.169452	-0.185214	-0.576401	-0.350722	-16	44	1.18	23.140447
321.121094	-226.849609	-306.419769	77.450386	3.576422	6.43194	340.095428	0.326071	-0.318831	-0.167106	-0.179798	-0.169996	-0.169452	-0.185214	-0.384268	-0.350722	-12	-44	1.18	23.780903
322.830231	-227.553909	-311.030243	75.69812	1.430583	6.624963	340.095428	0.488959	-0.159415	-0.167106	-0.359599	-0.169996	-0.169452	-0.185214	-0.384268	-0.350722	-12	-44	1.18	23.774023
321.92746	-227.553909	-309.947784	74.821976	1.251764	6.624963	339.455261	0.488959	-0.318831	-0.167106	-0.359599	-0.169996	-0.169452	-0.185214	-0.576401	-0.350722	-12	-44	1.18	23.751192
319.399719	-227.362045	-307.602448	75.522888	1.430583	6.626846	338.334961	0.488959	-0.318831	-0.167106	-0.179798	-0.169996	-0.169452	-0.185214	-0.576401	-0.350722	-12	-44	1.18	23.711119
299.71933	-155.603897	-239.587128	101.806961	57.758873	6.235262	311.607452	0.325962	-0.159415	-0.167106	-0.179798	-0.169996	-0.169452	-0.185214	-0.576401	-0.175406	-12	-40	1.18	22.750384
298.816589	-152.342178	-237.241745	101.456512	59.010616	6.042128	310.647186	0.488959	-0.159415	-0.167106	-0.179798	-0.169996	-0.169452	-0.185214	-0.576401	-0.350722	-12	-40	1.18	22.721791
297.733246	-154.644562	-237.782974	102.157425	58.474152	5.84556	309.846954	0.488959	-0.318831	-0.167106	-0.179798	-0.169996	-0.169452	-0.185214	-0.576401	-0.350722	-12	-40	1.18	22.699265
295.747162	-151.190979	-233.633514	102.507874	61.156456	6.040411	309.046722	0.488959	-0.318831	-0.167106	-0.359599	-0.169996	-0.169452	-0.185214	-0.384268	-0.350722	-12	-40	1.18	22.662084
280.400085	-97.660156	-174.504074	127.390137	105.324982	5.84556	292.08197	0.325962	-0.318831	-0.167106	-0.359599	-0.169996	-0.169452	-0.185214	-0.576401	-0.350722	-12	-36	1.18	22.026041
280.400085	-94.014687	-175.767288	126.163551	106.549034	5.84556	291.601837	0.488959	-0.159415	-0.167106	-0.179798	-0.169996	-0.169452	-0.185214	-0.576401	-0.350722	-12	-36	1.18	22.00756
280.580627	-95.933357	-174.68454	125.462631	105.118843	5.84556	290.96167	0.488959	-0.159415	-0.167106	-0.359599	-0.169996	-0.169452	-0.185214	-0.384268	-0.175406	-12	-36	1.18	21.982895
278.775116	-97.495438	-175.406372	125.462631	103.867432	5.650709	290.321472	0.325962	-0.159415	-0.167106	-0.359599	-0.169996	-0.169452	-0.185214	-0.384268	-0.175406	-12	-36	1.18	21.96572
264.872437	-49.693474	-120.907684	144.387177	141.23111	5.066155	277.03775	0.488959	-0.318831	-0.167106	-0.359599	-0.169996	-0.169452	-0.185214	-0.576401	-0.350722	-12	-32	1.18	21.470184
263.720001	-50.091156	-120.546761	142.284454	140.873566	5.457409	276.237549	0.488959	-0.318831	-0.167106	-0.179798	-0.169996	-0.169452	-0.185214	-0.384268	-0.350722	-12	-32	1.18	21.423105
262.817505	-49.707321	-119.64447	143.686264	141.23111	5.455858	275.917419	0.325962	-0.159415	-0.167106	-0.359599	-0.169996	-0.169452	-0.185214	-0.384268	-0.350722	-12	-32	1.18	21.410497
262.164154	-49.309742	-118.92263	144.036728	141.052338	5.261007	275.277252	0.488959	-0.318831	-0.167106	-0.359599	-0.169996	-0.169452	-0.185214	-0.576401	-0.175406	-12	-32	1.18	21.392864
251.511475	-13.238804	-72.544609	159.982407	171.801392	5.066155	269.67569	0.325962	-0.318831	-0.167106	-0.359599	-0.169996	-0.169452	-0.185214	-0.576401	-0.350722	-12	-28	1.18	21.1776
254.333694	-12.66673	-73.266449	161.384216	172.695267	5.066155	270.79599	0.488959	-0.318831	-0.167106	-0.359599	-0.169996	-0.169452	-0.185214	-0.576401	-0.350722	-12	-28	1.18	21.222383
253.678101	-13.62633	-72.725075	160.858536	173.052811	4.871305	271.436157	0.488959	-0.159415	-0.167106	-0.359599	-0.169996	-0.169452	-0.185214	-0.576401	-0.350722	-12	-28	1.18	21.255701
255.777725	-14.20209	-74.890579	159.807175	171.801392	5.261007	272.556488	0.488959	-0.318831	-0.167106	-0.359599	-0.169996	-0.169452	-0.185214	-0.384268	-0.350722	-12	-28	1.18	21.284811
264.150238	18.657833	-32.293743	190.647156	216.137222	5.455858	291.601837	0.488959	-0.318831	-0.334219	-0.179798	-0.169996	-0.169452	-0.185214	-0.576401	-0.350722	-12	-24	1.18	22.02256
265.053009	19.04253	-30.678068	191.5233	216.908646	5.650709	292.402069	0.325962	-0.318831	-0.167106	-0.359599	-0.169996	-0.169452	-0.185214	-0.576401	-0.350722	-12	-24	1.18	22.045845
265.775208	18.850182	-31.760824	191.873749	218.461304	5.84556	293.042236	0.488959	-0.318831	-0.167106	-0.359599	-0.169996	-0.169452	-0.185214	-0.576401	-0.350722	-12	-24	1.18	22.062956
266.136322	19.04253	-31.760824	193.100342	218.282532	5.650709	293.362335	0.325962	-0.159415	-0.167106	-0.359599	-0.169996	-0.169452	-0.185214	-0.576401	-0.350722	-12	-24	1.18	22.082727
268.052155	44.432571	10.655464	214.828522	254.216003	6.040411	308.406555	0.488959	-0.318831	-0.167106	-0.179798	-0.169996	-0.169452	-0.185214	-0.576401	-0.350722	-12	-20	1.18	22.638132
266.678009	44.62492	11.019547	214.65329	254.997314	6.040411	308.886688	0.325962	-0.318831	-0.167106	-0.179798	-0.169996	-0.169452	-0.185214	-0.384268	-0.350722	-12	-20	1.18	22.656098
267.400208	43.278477	11.016667	217.456909	256.070221	6.235262	309.526855	0.488959	-0.159415	-0.167106	-0.179798	-0.169996	-0.169452	-0.185214	-0.576401	-0.350722	-12	-20	1.18	22.672749
267.58078	43.663174	11.197268	216.405579	255.533768	5.650709	309.846954	0.325962	-0.318831	-0.167106	-0.359599	-0.169996	-0.169452	-0.185214	-0.576401	-0.350722	-12	-20	1.18	22.706538
262.164154	63.282753	56.528156	237.958511	284.071198	6.624963	321.210144	0.488959	-0.318905	-0.167106	-0.359599	-0.169996	-0.169452	-0.185214	-0.576401	-0.350722	-12	-16	1.18	23.09102
261.983612	66.552681	58.514767	237.783295	285.501373	6.430112	322.010345	0.325962	-0.318831	-0.167106	-0.179798	-0.169996	-0.169452	-0.185214	-0.384268	-0.350722	-12	-16	1.18	23.127511
260.17804	65.975639	59.613995	239.360321	287.363739	6.430112	322.650543	0.325962	-0.318831	-0.167106	-0.359599	-0.169996	-0.169452	-0.185214	-0.576401	-0.350722	-12	-16	1.18	23.150957
262.886353	65.013893	58.695366	240.586914	287.646667	6.430112	322.810608	0.488959	-0.318831	-0.167106	-0.179798	-0.169996	-0.169452	-0.185214	-0.384268	-0.350722	-12	-16	1.18	23.156816
250.969803	82.517632	106.374069	259.861908	312.496216	6.624963	334.973999	0.325962	-0.318831	-0.167106	-0.359599	-0.169996	-0.169452	-0.185214	-0.384268	-0.350722	-12	-12	1.18	23.590756
251.692017	81.748238	105.651665	260.212372	311.781097	6.624963	335.454132	0.325962	-0.318831	-0.167106	-0.359599	-0.169996	-0.169452	-0.185214	-0.384268	-0.350722	-12	-12	1.18	23.607998
252.77536	81.748238	105.651665	259.686676	310.17215	6.430112	336.09433	0.488959	-0.318831	-0.167106	-0.359599	-0.169996	-0.169452	-0.185214	-0.576401	-0.350722	-12	-12	1.18	23.637955
252.709122	81.171188	106.374069	261.263733	311.244781	6.624963	336.414429	0.488959	-0.159415	-0.167106	-0.359599	-0.169996	-0.169452	-0.185214	-0.576401	-0.350722	-12	-12	1.18	23.642445
218.289566	85.402863	136.89566	256.006927	306.67627	6.235262	321.210144	0.325962	-0.159415	-0.167106	-0.179798	-0.169996	-0.169452	-0.185214	-0.384268	-0.350722	-12	-8	1.18	23.105318
217.928467	85.595215	135.270248	254.780319	305.960999	6.430112	320.249878	0.325962	-0.318831	-0.167106	-0.359599	-0.169996	-0.169452	-0.185214	-0.576401	-0.350722	-12	-8	1.18	23.062912
216.12294	83.287025	134.367249	253.728958	304.351624	6.430112	318.809479	0.488959	-0.318831	-0.167106	-0.359599	-0.169996	-0.169452	-0.185214	-0.576401	-0.350722	-12	-8	1.18	23.009923
217.386795	83.864075	133.825439	253.203262	301.669312	6.235262	317.849213	0.488959	-0.318831	-0.167106	-0.179798	-0.169996	-0.169452	-0.185214	-0.384268	-0.350722	-12	-8	1.18	22.981715
180.734375	82.132935	151.885559	238.484177	288.257812	5.650709	297.683533	0.325962	-0.159415	-0.167106	-0.359599	-0.169996	-0.169452	-0.185214	-0.576401	-0.350722	-12	-4	1.18	22.247942
179.289948	80.978836	151.34375	238.484177	286.395264	5.455858	296.883331	0.488959	-0.159452	-0.167106	-0.179798	-0.169996	-0.169452	-0.185214	-0.576401	-0.350722	-12	-4	1.18	22.22487
178.567734	80.594139	151.163162	238.484177	286.574005	5.650709	296.563202	0.325962	-0.159415	-0.167106	-0.359599	-0.169996	-0.169452	-0.185214	-0.384268	-0.350722	-12	-4	1.18	22.205226
177.123306	78.47831	150.480209	237.958511	285.14386	5.650709	295.923035	0.488959	-0.318831	-0.167106	-0.359599	-0.169996	-0.169452	-0.185214	-0.576401	-0.350722	-12	-4	1.18	22.18078
145.345825	77.131866	167.056046	226.743958	271.914612	5.455858	281.198914	0.325962	-0.318905	-0.167106	-0.359599	-0.169996	-0.169452	-0.185214	-0.576401	-0.350722	-12	0	1.18	21.618536
144.623611	77.90126	166.514252	225.692596	271.448761	5.457409	280.558716	0.488959	-0.159415	-0.167106	-0.359599	-0.169996	-0.169452	-0.185214	-0.384268	-0.350722	-12	0	1.18	21.593365
145.165268	77.90126	165.293381	225.166931	270.841949	5.261007	279.918549	0.325962	-0.159452	-0.167106	-0.179798	-0.169996	-0.169452	-0.185214	-0.384268	-0.350722	-12	0	1.18	21.575941
144.443054	77.324211	165.430634	224.991699	270.375824	5.261007	279.438416	0.488959	-0.159452	-0.167106	-0.179798	-0.169996	-0.169452	-0.185214	-0.384268	-0.350722	-12	0	1.18	21.557074
114.290565	77.324211	178.433929	212.7258	255.35495	5.261007	265.354462	0.325962	-0.159452	-0.167106	-0.359599	-0.169996	-0.169452	-0.185214	-0.384268	-0.350722	-12	4	1.18	20.996103
115.343666	78.670662	178.253326	212.200104	256.182526	4.871305	265.994659	0.488959	-0.318831	-0.167106	-0.179798	-0.169996	-0.169452	-0.185214	-0.384268	-0.350722	-12	4	1.18	21.037632
115.704681	78.285965	178.975723	213.25148	256.249054	5.066155	266.634827	0.325962	-0.318831	-0.167106	-0.359599	-0.169996	-0.169452	-0.185214	-0.384268	-0.350722	-12	4	1.18	21.055563
116.096115	78.093613	179.698135	213.952377	256.361298	5.261007	267.435059	0.325962	-0.159452	-0.167106	-0.359599	-0.169996	-0.169452	-0.185214	-0.384268	-0.350722	-12	4	1.18	21.079914
96.029465	90.98098	214.373566	222.888977	270.484406	5.261007	285.84021	0.488959	-0.318831	-0.167106	-0.359599	-0.169996	-0.169452	-0.185214	-0.384268	-0.350722	-12	8	1.18	21.807291
97.318504	91.173332	213.651138	223.239426	270.912262	5.455858	286.640442	0.488959	-0.159452	-0.167106	-0.359599	-0.169996	-0.169452	-0.185214	-0.384268	-0.350722	-12	8	1.18	21.830804
96.776848	91.558029	216.055618	224.816483	271.73584	5.261007	287.280609	0.488959	-0.318905	-0.167106	-0.359599	-0.169996	-0.169452	-0.185214	-0.576401	-0.350722	-12	8	1.18	21.863195
98.221275	92.71212	215.457153	224.290787	272.70047	5.455858	288.240906	0.488959	-0.318831	-0.167106	-0.359599	-0.169996	-0.169452	-0.185214	-0.384268	-0.350722	-12	8	1.18	21.892845
71.86042	90.019234	249.048981	228.145767	277.17099	6.040411	304.725525	0.325962	-0.318831	-0.167106	-0.359599	-0.169996	-0.169452	-0.185214	-0.576401	-0.350722	-12	12	1.18	22.49991
73.846512	89.24984	248.326569	229.372375	277.456573	6.040411	305.525726	0.325962	-0.318905	-0.167106	-0.359599	-0.169996	-0.169452	-0.185214	-0.576401	-0.350722	-12	12	1.18	22.53003
73.285645	88.865143	248.326569	228.846695	276.813354	5.84556	306.165924	0.325962	-0.318831	-0.167106	-0.359599	-0.169996	-0.169452	-0.185214	-0.384268	-0.526083	-12	12	1.18	22.561418
73.124298	90.019234	249.229568	228.671463	278.243896	5.84556	306.486023	0.488959	-0.159415	-0.167106	-0.359599	-0.169996	-0.169452	-0.185214	-0.576401	-0.350722	-12	12	1.18	22.573438
39.721844	80.401794	277.583954	225.692596	271.269928	6.237033	319.129547	0.488959	-0.318905	-0.334219	-0.359599	-0.169996	-0.169452	-0.185214	-0.576401	-0.350722	-12	16	1.18	23.028815
39.721844	79.824753	277.583954	225.342148	271.020721	6.235262	319.769745	0.488959	-0.318831	-0.167106	-0.179798	-0.169996	-0.169452	-0.185214	-0.576401	-0.350722	-12	16	1.18	23.052427
38.457966	79.055359	277.222748	225.692596	270.375824	6.235262	320.089844	0.488959	-0.159452	-0.167106	-0.359599	-0.169996	-0.169452	-0.185214	-0.384268	-0.350722	-12	16	1.18	23.064191
37.545353	78.47831	279.209351	226.218262	269.590546	6.042085	320.730011	0.488959	-0.318831	-0.167106	-0.359599	-0.169996	-0.169452	-0.185214	-0.384268	-0.350722	-12	16	1.18	23.094791
-1.80176	52.318874	301.062103	217.807388	251.063278	6.819815	333.213501	0.488959	-0.318831	-0.167106	-0.179798	-0.169996	-0.169452	-0.185214	-0.576401	-0.526083	-12	20	1.18	23.520409
-2.522464	53.280613	304.4935	219.91011	254.103195	6.819815	333.693665	0.488959	-0.318905	-0.167106	-0.359599	-0.169996	-0.169452	-0.185214	-0.576401	-0.350722	-12	20	1.18	23.537703
-3.243169	51.934177	304.132324	219.033966	250.88446	6.624963	334.493866	0.325962	-0.159452	-0.167106	-0.359599	-0.169996	-0.169452	-0.185214	-0.576401	-0.350722	-12	20	1.18	23.573502
-3.243169	52.318874	304.4935	219.209198	252.315002	6.819815	334.653931	0.325962	-0.318905	-0.167106	-0.359599	-0.169996	-0.169452	-0.185214	-0.384268	-0.350722	-12	20	1.18	23.572251
-53.151947	13.464415	305.115326	194.326935	207.25238	6.235262	326.011475	0.325962	-0.318905	-0.334219	-0.179798	-0.169996	-0.169452	-0.185214	-0.576401	-0.350722	-12	24	1.18	23.280756
-53.87265	11.925625	303.771118	193.801254	205.410828	6.431898	324.73114	0.325962	-0.318905	-0.167106	-0.359599	-0.169996	-0.169452	-0.185214	-0.576401	-0.350722	-12	24	1.18	23.22693
-55.674412	11.925625	304.674133	193.275574	205.464172	6.430112	323.450775	0.488959	-0.318905	-0.167106	-0.179798	-0.169996	-0.169452	-0.185214	-0.384268	-0.350722	-12	24	1.18	23.180232
-53.332123	12.310322	302.687531	193.275574	204.748886	6.430112	322.17041	0.325962	-0.318831	-0.167106	-0.359599	-0.169996	-0.169452	-0.185214	-0.576401	-0.350722	-12	24	1.18	23.133375
-99.457207	-24.565779	288.23941	155.251266	148.739594	5.457366	300.88443	0.325962	-0.318905	-0.167106	-0.359599	-0.169996	-0.169452	-0.185214	-0.384268	-0.350722	-12	28	1.18	22.376859
-100.538261	-25.909222	289.323029	155.07605	145.559479	6.040411	300.244263	0.325962	-0.159415	-0.167106	-0.179798	-0.169996	-0.169452	-0.185214	-0.384268	-0.350722	-12	28	1.18	22.330486
-99.817551	-25.141539	288.23941	155.426483	147.48819	5.847179	299.604095	0.488959	-0.159452	-0.167106	-0.359599	-0.169996	-0.169452	-0.185214	-0.576401	-0.350722	-12	28	1.18	22.313518
-98.376152	-23.7981	287.697601	154.550369	147.526489	5.652272	298.803833	0.488959	-0.318905	-0.167106	-0.359599	-0.169996	-0.338822	-0.185214	-0.576401	-0.350722	-12	28	1.18	22.290514
-140.717529	-63.525574	275.597351	122.30854	89.052368	4.872647	284.239777	0.488959	-0.318905	-0.167106	-0.359599	-0.169996	-0.338822	-0.185214	-0.384268	-0.350722	-12	32	1.18	21.760138
-140.717529	-64.485168	276.319763	123.00946	88.694733	4.871305	283.27951	0.488959	-0.159452	-0.167106	-0.359599	-0.169996	-0.169452	-0.185214	-0.576401	-0.350722	-12	32	1.18	21.72276
-140.897705	-61.414455	275.958557	119.504929	87.979446	5.066155	282.959412	0.488959	-0.318905	-0.167106	-0.179798	-0.169996	-0.169452	-0.185214	-0.576401	-0.350722	-12	32	1.18	21.702661
-141.258057	-63.141731	275.669586	121.607635	88.158264	4.872647	282.319214	0.488959	-0.159415	-0.167106	-0.179798	-0.169996	-0.338822	-0.185214	-0.384268	-0.350722	-12	32	1.18	21.685212
-174.950989	-96.535843	259.88504	87.788788	29.684137	5.066155	266.634827	0.325962	-0.318905	-0.167106	-0.179798	-0.169996	-0.169452	-0.185214	-0.576401	-0.350722	-12	36	1.18	21.055563
-173.869919	-95.192398	260.426849	87.263107	30.578238	4.871305	265.994659	0.488959	-0.159452	-0.167106	-0.359599	-0.169996	-0.169452	-0.185214	-0.384268	-0.350722	-12	36	1.18	21.037632
-171.527649	-95.960083	257.537231	88.139244	29.147676	4.871305	265.514526	0.488959	-0.159415	-0.167106	-0.359599	-0.169996	0.000005	-0.185214	-0.384268	-0.350722	-12	36	1.18	21.018282
-171.888	-96.919678	258.07901	89.190613	30.041777	4.871305	264.714264	0.488959	-0.318905	-0.167106	-0.359599	-0.169996	-0.169452	-0.185214	-0.576401	-0.350722	-12	36	1.18	20.98599
-226.661545	-143.748199	273.249512	62.030388	-32.639343	5.26246	281.038879	0.488959	-0.159452	-0.167106	-0.359599	-0.169996	-0.169452	-0.185214	-0.384268	-0.350722	-12	40	1.18	21.619844
-226.121002	-144.899719	272.237274	63.081749	-32.996059	5.26246	281.839081	0.488959	-0.318831	-0.167106	-0.359599	-0.169996	-0.169452	-0.185214	-0.576401	-0.350722	-12	40	1.18	21.651188
-227.021866	-144.707794	274.874908	62.906528	-31.747562	5.067554	282.479279	0.488959	-0.159452	-0.167106	-0.359599	-0.169996	-0.338822	-0.185214	-0.384268	-0.350722	-12	40	1.18	21.68385
-227.021866	-143.17244	274.946991	61.855164	-32.290993	5.261007	283.27951	0.325962	-0.318831	-0.167106	-0.359599	-0.169996	-0.169452	-0.185214	-0.384268	-0.350722	-12	40	1.18	21.707551
-281.615234	-198.253525	284.807983	32.59222	-105.944099	5.26246	300.564331	0.325962	-0.159452	-0.167106	-0.359599	-0.169996	-0.338822	-0.185214	-0.384268	-0.350722	-12	44	1.18	22.372118
-281.975586	-194.031281	287.411743	31.015175	-104.544304	5.650709	301.204529	0.488959	-0.318831	-0.167106	-0.359599	-0.169996	-0.169452	-0.185214	-0.384268	-0.350722	-12	44	1.18	22.38166
-283.056641	-199.021194	286.508484	32.066536	-107.933968	5.84556	302.004761	0.325962	-0.318831	-0.167106	-0.359599	-0.169996	-0.169452	-0.185214	-0.576401	-0.350722	-12	44	1.18	22.40457
-280.714355	-192.112076	286.97522	32.59222	-101.128464	5.652272	302.484894	0.488959	-0.318831	-0.167106	-0.359599	-0.169996	-0.338822	-0.185214	-0.576401	-0.350722	-12	44	1.18	22.430027
312.719238	-166.394775	-298.762238	35.580158	1.609402	6.042085	320.890045	0.488959	-0.318905	-0.167106	-0.359599	-0.169996	-0.169452	-0.185214	-0.384268	-0.350722	-8	-44	1.18	23.100663
313.080322	-166.394775	-297.860168	36.096764	2.324682	6.236991	321.690277	0.488959	-0.318905	-0.167106	-0.179798	-0.169996	-0.169452	-0.185214	-0.384268	-0.350722	-8	-44	1.18	23.122858
311.734741	-161.021011	-296.056061	37.498585	5.185801	5.847179	322.17041	0.488959	-0.318905	-0.167106	-0.359599	-0.169996	-0.338822	0.000008	-0.384268	-0.350722	-8	-44	1.18	23.154721
315.066406	-164.859421	-301.107605	34.344494	1.788224	6.040411	322.490509	0.488959	-0.159452	-0.167106	-0.179798	-0.169996	-0.169452	-0.185214	-0.576401	-0.350722	-8	-44	1.18	23.159363
328.969055	-118.030899	-260.514923	76.048569	67.772789	6.624963	335.294098	0.488959	-0.159452	-0.167106	-0.179798	-0.169996	0.000005	-0.185214	-0.384268	-0.350722	-8	-40	1.18	23.602252
329.604889	-119.566261	-261.236542	76.399025	66.699875	6.624963	335.614166	0.325962	-0.318831	-0.167106	-0.359599	-0.169996	-0.169452	-0.185214	-0.576401	-0.350722	-8	-40	1.18	23.613742
330.594055	-116.687447	-261.236542	74.121063	67.593971	6.624963	335.934296	0.325962	-0.318905	-0.334219	-0.359599	-0.169996	-0.169452	-0.185214	-0.384268	-0.350722	-8	-40	1.18	23.625228
328.969055	-120.333931	-260.514923	76.399025	67.057518	6.624963	336.09433	0.488959	-0.318905	-0.167106	-0.179798	-0.169996	-0.169452	-0.185214	-0.384268	-0.350722	-8	-40	1.18	23.630968
316.14975	-65.252853	-199.71608	105.661964	118.915298	6.430112	320.890045	0.488959	-0.318905	-0.167106	-0.359599	-0.169996	-0.169452	-0.185214	-0.384268	-0.350722	-8	-36	1.18	23.086423
315.427521	-65.636696	-198.092361	106.740501	119.272942	6.430112	320.089844	0.488959	-0.159452	-0.167106	-0.179798	-0.169996	-0.169452	-0.185214	-0.576401	-0.350722	-8	-36	1.18	23.057031
315.344879	-63.141731	-196.829483	107.239014	121.418793	5.847179	319.289581	0.488959	-0.318905	-0.167106	-0.179798	-0.169996	-0.338822	-0.185214	-0.576401	-0.350722	-8	-36	1.18	23.049042
312.456787	-62.37405	-194.844955	106.187645	120.524681	6.042085	318.169281	0.488959	-0.159452	-0.167106	-0.359599	-0.169996	-0.338822	-0.185214	-0.384268	-0.350722	-8	-36	1.18	23.000634
293.580536	-19.000093	-136.932693	126.689232	156.467499	5.650709	298.483765	0.488959	-0.159452	-0.167106	-0.359599	-0.169996	-0.169452	-0.185214	-0.384268	-0.350722	-8	-32	1.18	22.278403
292.136078	-16.888973	-133.865707	126.514	158.255707	5.650709	297.683533	0.488959	-0.318905	-0.167106	-0.179798	-0.169996	-0.169452	-0.185214	-0.384268	-0.350722	-8	-32	1.18	22.247942
291.413879	-17.080893	-133.504868	126.864456	158.076874	5.84556	297.2034	0.488959	-0.318905	-0.167106	-0.179798	-0.169996	-0.169452	-0.185214	-0.384268	-0.350722	-8	-32	1.18	22.222216
289.53244	-17.464733	-131.339935	126.689232	157.540421	5.457366	296.403168	0.488959	-0.318831	-0.334219	-0.179798	-0.169996	-0.338822	-0.185214	-0.384268	-0.350722	-8	-32	1.18	22.206496
270.469604	18.273136	-76.855507	145.263321	188.65509	5.26246	282.15918	0.488959	-0.159452	-0.167106	-0.359599	-0.169996	-0.338822	-0.185214	-0.576401	-0.350722	-8	-28	1.18	21.663714
270.398743	18.850182	-78.479218	141.233078	185.972794	5.067554	281.519012	0.488959	-0.318905	-0.167106	-0.359599	-0.169996	-0.338822	-0.185214	-0.576401	-0.350722	-8	-28	1.18	21.646288
269.747406	17.311392	-79.762985	140.532181	184.899872	5.067554	281.038879	0.488959	-0.318905	-0.167106	-0.359599	-0.169996	-0.338822	-0.185214	-0.576401	-0.350722	-8	-28	1.18	21.627482
268.7742	16.926693	-77.577156	141.408325	185.257523	5.652272	280.558716	0.488959	-0.318905	-0.167106	-0.359599	-0.169996	-0.338822	-0.185214	-0.384268	-0.350722	-8	-28	1.18	21.585715
247.29393	44.817268	-34.458691	149.468765	203.497147	4.872647	264.55423	0.325962	-0.318905	-0.167106	-0.359599	-0.169996	-0.338822	-0.185214	-0.576401	-0.350722	-8	-24	1.18	20.979473
246.752411	43.663174	-34.639099	149.468765	202.78186	4.871305	264.074097	0.325962	-0.318905	-0.167106	-0.359599	-0.169996	-0.338822	-0.185214	-0.576401	-0.350722	-8	-24	1.18	20.960123
245.733749	44.047874	-34.097866	149.468765	202.960693	5.067554	263.593964	0.488959	-0.318905	-0.167106	-0.359599	-0.169996	-0.169452	-0.185214	-0.384268	-0.350722	-8	-24	1.18	20.932757
245.192093	44.62492	-32.66312	148.981003	202.960693	4.871305	262.953796	0.325962	-0.318905	-0.167106	-0.359599	-0.169996	-0.169452	-0.185214	-0.576401	-0.350722	-8	-24	1.18	20.914778
236.102509	65.206238	4.69685	161.734665	224.419083	4.677742	264.394196	0.488959	-0.159452	-0.167106	-0.359599	-0.169996	-0.338822	-0.185214	-0.576401	-0.350722	-8	-20	1.18	20.980882
237.727066	66.167984	5.419445	164.713531	227.280182	4.677742	265.354462	0.325962	-0.159415	-0.334219	-0.179798	-0.169996	-0.169412	-0.185214	-0.384268	-0.350722	-8	-20	1.18	21.019633
238.150482	65.39859	5.419445	164.187851	226.564911	5.066155	265.994659	0.488959	-0.159452	-0.167106	-0.359599	-0.169996	-0.169452	-0.185214	-0.576401	-0.350722	-8	-20	1.18	21.029781
239.53215	66.745033	4.335553	164.713531	227.280182	4.872647	266.794861	0.488959	-0.318905	-0.167106	-0.359599	-0.169996	-0.338822	-0.185214	-0.384268	-0.350722	-8	-20	1.18	21.069788
240.136566	88.095749	48.233135	190.99762	261.971283	5.650709	285.520142	0.488959	-0.318905	-0.167106	-0.359599	-0.169996	-0.169452	-0.185214	-0.576401	-0.350722	-8	-16	1.18	21.779692
243.025436	88.288101	45.342762	188.894897	260.719543	5.650709	286.480408	0.488959	-0.318905	-0.167106	-0.359599	-0.169996	-0.169452	-0.185214	-0.384268	-0.350722	-8	-16	1.18	21.817025
241.878738	89.24984	48.233135	190.296707	262.150085	5.26246	286.960541	0.488959	-0.159452	-0.167106	-0.359599	-0.169996	-0.338822	-0.185214	-0.384268	-0.350722	-8	-16	1.18	21.85073
242.844894	88.865143	46.053288	189.293518	262.686554	5.26246	287.760773	0.488959	-0.159452	-0.167106	-0.179798	-0.169996	-0.338822	-0.185214	-0.384268	-0.350722	-8	-16	1.18	21.881744
235.921997	107.138283	92.130722	209.746918	287.363739	6.236991	302.164795	0.488959	-0.159452	-0.167106	-0.359599	-0.169996	-0.338822	-0.185214	-0.576401	-0.350722	-8	-12	1.18	22.395815
238.2686	107.715324	91.769424	211.499207	287.721375	5.84556	302.644928	0.488959	-0.159415	-0.167106	-0.359599	-0.169996	-0.338822	-0.185214	-0.384268	-0.350722	-8	-12	1.18	22.428772
236.283035	107.907669	94.117859	210.973526	288.436646	5.847179	303.285095	0.488959	-0.159452	-0.167106	-0.359599	-0.169996	-0.338822	-0.185214	-0.576401	-0.350722	-8	-12	1.18	22.452886
237.428268	109.831161	95.382393	213.777161	290.940094	6.040411	303.605194	0.488959	-0.159452	-0.167106	-0.359599	-0.169996	-0.338822	-0.185214	-0.576401	-0.350722	-8	-12	1.18	22.457674
226.595047	120.217995	135.486359	229.197159	309.89502	6.235262	317.209015	0.488959	-0.159452	-0.167106	-0.359599	-0.169996	-0.338822	-0.185214	-0.384268	-0.350722	-8	-8	1.18	22.958096
224.911102	120.795044	136.028305	229.547607	312.674957	6.042085	317.689178	0.488959	-0.318905	-0.167106	-0.179798	-0.169996	-0.338822	-0.185214	-0.576401	-0.350722	-8	-8	1.18	22.982937
225.994141	120.987396	136.208954	228.846695	310.610321	5.847179	318.169281	0.326084	-0.318905	-0.167106	-0.179798	-0.169996	-0.338822	-0.185214	-0.576401	-0.350722	-8	-8	1.18	23.007814
226.896683	120.02565	135.125061	229.372375	310.431488	5.847179	318.809479	0.488959	-0.318905	-0.167106	-0.179798	-0.169996	-0.338822	-0.185214	-0.384268	-0.350722	-8	-8	1.18	23.031383
209.261871	129.835434	173.9189	242.51442	328.134674	6.236991	331.933167	0.488959	-0.318905	-0.167106	-0.359599	-0.169996	-0.338822	-0.185214	-0.384268	-0.350722	-8	-4	1.18	23.495263
210.470596	128.296646	173.738281	243.916245	327.777008	6.82171	332.4133	0.325962	-0.318905	-0.167106	-0.359599	-0.169996	-0.338822	-0.185214	-0.384268	-0.350722	-8	-4	1.18	23.491491
211.247971	129.258392	173.37709	242.864883	329.744049	6.626803	333.053467	0.325962	-0.318905	-0.334219	-0.359599	-0.169996	-0.169452	-0.185214	-0.576401	-0.526083	-8	-4	1.18	23.521597
211.970184	130.79718	174.506439	243.916245	329.922882	6.431898	333.373535	0.488959	-0.318905	-0.334219	-0.359599	-0.169996	-0.338822	-0.185214	-0.576401	-0.350722	-8	-4	1.18	23.540144
182.492081	131.566574	201.603714	244.266693	329.922882	6.431898	332.573334	0.326084	-0.318905	-0.167106	-0.359599	-0.169996	-0.338822	-0.185214	-0.576401	-0.350722	-8	0	1.18	23.511319
180.506516	129.643082	202.092667	244.091476	327.777008	6.626803	331.292999	0.488959	-0.159452	-0.167106	-0.359599	-0.169996	-0.338822	-0.185214	-0.384268	-0.350722	-8	0	1.18	23.458084
181.950562	131.374222	199.977875	241.287827	327.061737	6.431898	330.012604	0.489119	-0.318905	-0.167106	-0.179798	-0.169996	-0.338822	-0.185214	-0.576401	-0.350722	-8	0	1.18	23.418836
181.228546	133.490067	198.893982	237.608063	324.915924	6.236991	328.572205	0.488959	-0.318905	-0.167106	-0.179798	-0.169996	-0.338822	-0.185214	-0.576401	-0.350722	-8	0	1.18	23.373721
139.712051	125.60376	211.720032	223.239426	304.351624	5.652272	307.12619	0.489119	-0.318905	-0.167106	-0.359599	-0.169996	-0.338822	-0.185214	-0.384268	-0.350722	-8	4	1.18	22.604706
139.387558	126.757851	211.900681	222.012833	303.278687	5.847179	306.325989	0.489119	-0.318905	-0.167106	-0.359599	-0.169996	-0.338822	-0.185214	-0.576401	-0.350722	-8	4	1.18	22.567369
137.906967	126.565506	212.261978	222.363281	303.278687	5.652272	305.685791	0.489119	-0.318905	-0.167106	-0.359599	-0.169996	-0.338822	-0.185214	-0.576401	-0.350722	-8	4	1.18	22.55064
137.726471	125.60376	211.122726	221.0177	300.23877	5.457366	305.205658	0.325962	-0.318905	-0.167106	-0.359599	-0.169996	-0.338822	-0.185214	-0.384268	-0.350722	-8	4	1.18	22.539919
101.110146	118.486862	219.430389	203.438751	280.032104	5.652272	286.480408	0.488959	-0.318905	-0.167106	-0.359599	-0.169996	-0.169452	-0.185214	-0.384268	-0.350722	-8	8	1.18	21.816963
101.651802	119.063904	218.584671	202.562622	278.065063	5.455858	285.520142	0.488959	-0.318905	-0.167106	-0.359599	-0.169996	-0.338822	-0.185214	-0.576401	-0.350722	-8	8	1.18	21.787272
99.84626	118.102165	217.862076	200.985565	276.813354	5.650709	284.71991	0.488959	-0.159452	-0.334219	-0.359599	-0.169996	-0.169452	-0.185214	-0.384268	-0.350722	-8	8	1.18	21.748533
100.387924	118.679207	217.985565	201.913086	276.634521	5.067554	284.079712	0.488959	-0.318905	-0.167106	-0.359599	-0.169996	-0.338822	-0.185214	-0.576401	-0.350722	-8	8	1.18	21.746309
64.999374	103.676003	224.848404	182.633194	254.639648	4.872647	270.475891	0.488959	-0.318905	-0.167106	-0.179798	-0.169996	-0.338822	-0.185214	-0.384268	-0.350722	-8	12	1.18	21.217327
65.541039	103.868355	224.365433	182.411484	253.74556	4.871305	269.995789	0.488959	-0.318905	-0.167106	-0.179798	-0.169996	-0.338822	-0.185214	-0.384268	-0.350722	-8	12	1.18	21.198196
65.704369	103.483658	223.945404	182.107361	252.315002	4.677742	269.515656	0.488959	-0.159452	-0.167106	-0.359599	-0.169996	-0.338822	-0.185214	-0.384268	-0.350722	-8	12	1.18	21.186737
64.982346	102.521904	222.739594	181.231003	251.420914	4.482835	269.035492	0.488959	-0.159452	-0.167106	-0.179798	-0.169996	-0.338822	-0.185214	-0.384268	-0.350722	-8	12	1.18	21.175323
33.2132	90.98098	242.249619	173.124451	241.049347	5.067554	274.637085	0.489119	-0.318905	-0.334219	-0.359599	-0.169996	-0.338822	-0.185214	-0.576401	-0.350722	-8	16	1.18	21.375161
33.032692	90.788635	241.527023	171.591064	238.903519	5.067554	275.437286	0.488959	-0.318905	-0.167106	-0.179798	-0.169996	-0.338822	-0.185214	-0.576401	-0.350722	-8	16	1.18	21.406863
34.11573	91.558029	242.186127	173.124451	241.049347	5.067554	276.237549	0.488959	-0.318905	-0.334219	-0.359599	-0.169996	-0.338822	-0.185214	-0.576401	-0.350722	-8	16	1.18	21.43852
34.305229	91.750374	243.450317	174.044861	241.5858	5.26246	276.877716	0.488959	-0.318905	-0.167106	-0.359599	-0.169996	-0.338822	-0.185214	-0.384268	-0.350722	-8	16	1.18	21.456115
-6.666514	73.092545	271.334045	168.393311	229.604889	5.457366	293.202271	0.489119	-0.159452	-0.167106	-0.359599	-0.169996	-0.338822	-0.185214	-0.576401	-0.350722	-8	20	1.18	22.084004
-8.2881	74.43898	272.888306	167.559799	230.498978	5.457366	293.842468	0.488959	-0.318905	-0.167106	-0.359599	-0.169996	-0.338822	-0.185214	-0.576401	-0.350722	-8	20	1.18	22.108557
-5.04493	74.823677	271.514679	167.692398	230.856613	5.847179	294.6427	0.489119	-0.318905	-0.167106	-0.359599	-0.169996	-0.338822	-0.185214	-0.576401	-0.350722	-8	20	1.18	22.124284
-6.306162	74.43898	272.779205	168.436172	232.108353	5.457366	294.962799	0.488959	-0.159452	-0.167106	-0.359599	-0.169996	-0.338822	-0.185214	-0.384268	-0.350722	-8	20	1.18	22.15146
-56.03476	46.740757	296.185883	155.641327	205.285355	5.847179	309.366821	0.488959	-0.318905	-0.167106	-0.359599	-0.169996	-0.338822	-0.185214	-0.576401	-0.350722	-8	24	1.18	22.681272
-54.953705	49.43364	297.811279	156.517685	208.504105	5.847179	310.006989	0.488959	-0.318905	-0.167106	-0.359599	-0.169996	-0.338822	-0.185214	-0.576401	-0.350722	-8	24	1.18	22.705178
-56.214939	46.548409	297.166748	156.477859	205.64299	5.847179	310.647186	0.489119	-0.318905	-0.167106	-0.179798	-0.169996	-0.338822	-0.185214	-0.576401	-0.350722	-8	24	1.18	22.729061
-55.674412	47.317802	297.889343	157.394043	207.967651	5.652272	311.127319	0.489119	-0.318905	-0.167106	-0.359599	-0.169996	-0.338822	-0.185214	-0.384268	-0.350722	-8	24	1.18	22.754215
-107.565132	13.849113	315.954193	137.763611	166.660233	5.847179	325.051239	0.488959	-0.318905	-0.167106	-0.359599	-0.169996	-0.338822	-0.185214	-0.384268	-0.350722	-8	28	1.18	23.259919
-111.168648	13.849113	318.66394	136.852402	166.302597	5.847179	325.85144	0.488959	-0.318905	-0.167106	-0.359599	-0.169996	-0.169412	-0.185214	-0.576401	-0.350722	-8	28	1.18	23.289056
-109.727242	16.157299	319.205902	138.078995	169.878998	6.040411	326.331573	0.488959	-0.159452	-0.167106	-0.359599	-0.169996	-0.338822	-0.185214	-0.576401	-0.350722	-8	28	1.18	23.299493
-110.98848	11.733276	319.025208	140.04213	167.911972	6.430112	326.811737	0.488959	-0.318905	-0.167106	-0.359599	-0.169996	-0.169412	-0.185214	-0.576401	-0.350722	-8	28	1.18	23.302783
-167.563766	-29.171862	332.935181	110.393105	110.689583	6.236991	338.014832	0.489119	-0.159452	-0.167106	-0.179798	-0.169996	-0.338822	-0.185214	-0.576401	-0.350722	-8	32	1.18	23.71361
-166.482712	-29.747623	333.477112	112.495827	112.298965	6.431898	338.174927	0.489119	-0.159452	-0.334219	-0.359599	-0.169996	-0.338822	-0.185214	-0.576401	-0.350722	-8	32	1.18	23.712367
-169.005173	-30.515303	333.209106	111.82338	110.510765	6.431898	338.975128	0.488959	-0.318905	-0.167106	-0.359599	-0.169996	-0.338822	-0.185214	-0.576401	-0.350722	-8	32	1.18	23.740948
-168.104294	-28.97994	336.367493	110.421211	112.120148	6.236991	339.295227	0.488959	-0.159452	-0.167106	-0.359599	-0.169996	-0.338822	-0.185214	-0.576401	-0.350722	-8	32	1.18	23.759324
-204.860229	-69.091255	314.147705	72.03669	41.486256	5.847179	317.529114	0.489119	-0.159452	-0.167106	-0.359599	-0.169996	-0.338822	-0.185214	-0.576401	-0.350722	-8	36	1.18	22.984223
-202.517944	-66.212456	309.550354	69.057068	39.698055	6.042085	316.408783	0.488959	-0.318905	-0.167106	-0.359599	-0.169996	-0.338822	-0.185214	-0.576401	-0.350722	-8	36	1.18	22.935676
-201.977402	-64.485168	310.896057	68.18071	41.307434	5.652272	315.608582	0.489119	-0.318905	-0.167106	-0.359599	-0.169996	-0.338822	-0.185214	-0.576401	-0.350722	-8	36	1.18	22.920507
-205.04039	-69.28318	312.341248	69.389931	37.731037	5.652272	314.488251	0.489119	-0.159452	-0.167106	-0.359599	0.000006	-0.338822	-0.185214	-0.576401	-0.350722	-8	36	1.18	22.879047
-236.210861	-102.101524	291.747314	29.79619	-30.863768	5.26246	296.243134	0.488959	-0.159452	-0.334219	-0.359599	-0.169996	-0.338822	-0.185214	-0.576401	-0.350722	-8	40	1.18	22.207827
-233.147873	-99.414642	289.398865	29.270374	-28.544523	5.26246	295.602966	0.489119	-0.318905	-0.334219	-0.359599	-0.169996	-0.338822	-0.185214	-0.576401	-0.350722	-8	40	1.18	22.183385
-234.409103	-100.75808	290.482758	30.497278	-28.544523	5.457366	294.6427	0.488959	-0.159452	-0.167106	-0.179798	-0.169996	-0.338822	-0.185214	-0.576401	-0.350722	-8	40	1.18	22.13921
-229.724518	-98.071198	288.134338	28.043472	-31.04217	5.457366	293.842468	0.489119	-0.318905	-0.167106	-0.359599	-0.169996	-0.338822	-0.185214	-0.576401	-0.350722	-8	40	1.18	22.108557
-254.048309	-133.960266	268.443665	-2.797233	-92.948097	4.872647	277.197784	0.489119	-0.318905	-0.167106	-0.359599	-0.169996	-0.338822	-0.185214	-0.576401	-0.350722	-8	44	1.18	21.484134
-255.4897	-133.768341	268.082336	-4.021021	-92.948097	5.067554	276.557617	0.325962	-0.318905	-0.167106	-0.359599	-0.169996	-0.338822	-0.185214	-0.576401	-0.350722	-8	44	1.18	21.451168
-252.066345	-128.970337	267.359741	-6.993082	-94.732124	5.067554	275.917419	0.326084	-0.318905	-0.334219	-0.359599	-0.169996	-0.338822	-0.185214	-0.576401	-0.350722	-8	44	1.18	21.425862
-253.1474	-132.808746	266.998474	-5.244811	-96.159348	4.872647	275.437286	0.326084	-0.159452	-0.334219	-0.359599	-0.169996	-0.169412	-0.185214	-0.576401	-0.350722	-8	44	1.18	21.414577
268.664093	-95.192398	-253.659256	-3.49654	1.430583	5.26246	274.316986	0.488959	-0.318905	-0.167106	-0.179798	-0.169996	-0.338822	-0.370427	-0.576401	-0.350722	-4	-44	1.18	21.354733
270.03775	-93.848953	-253.478836	-3.496542	2.503502	5.067554	275.277252	0.489119	-0.159452	-0.167106	-0.179798	-0.169996	-0.338822	-0.185214	-0.384268	-0.350722	-4	-44	1.18	21.400526
271.3013	-95.192398	-255.643784	-3.846194	2.145863	4.872647	275.757385	0.488959	-0.159452	-0.167106	-0.179798	-0.169996	-0.338822	-0.185214	-0.384268	-0.350722	-4	-44	1.18	21.427241
272.745361	-95.384323	-256.726257	-2.972059	2.324682	5.067554	276.717651	0.488959	-0.159452	-0.167106	-0.359599	-0.169996	-0.338822	-0.185214	-0.576401	-0.350722	-4	-44	1.18	21.45749
289.893463	-60.454849	-228.221161	31.716085	57.580051	5.847179	292.08197	0.489119	-0.318905	-0.167106	-0.359599	-0.169996	-0.338822	-0.185214	-0.576401	-0.350722	-4	-40	1.18	22.025979
291.879028	-59.879089	-229.844864	32.425266	59.010616	5.847179	292.562103	0.489119	-0.318905	-0.167106	-0.359599	-0.169996	-0.338822	-0.185214	-0.576401	-0.350722	-4	-40	1.18	22.044444
292.05954	-58.727566	-228.942795	30.497278	57.758873	5.652272	293.042236	0.489119	-0.318905	-0.167106	-0.359599	-0.169996	-0.338822	-0.185214	-0.384268	-0.350722	-4	-40	1.18	22.070379
291.879028	-58.151806	-229.484039	31.548908	58.652973	5.652272	293.842468	0.489119	-0.318905	-0.167106	-0.359599	-0.169996	-0.338822	-0.185214	-0.576401	-0.350722	-4	-40	1.18	22.101085
307.222076	-21.111216	-195.3862	66.077454	114.087166	5.847179	308.406555	0.489119	-0.318905	-0.167106	-0.359599	-0.169996	-0.338822	-0.185214	-0.384268	-0.350722	-4	-36	1.18	22.645364
308.485626	-22.070816	-196.649078	65.009254	112.835419	5.847179	308.726654	0.489119	-0.159452	-0.167106	-0.359599	-0.169996	-0.338822	-0.185214	-0.576401	-0.350722	-4	-36	1.18	22.65734
307.402588	-19.767775	-193.942886	66.603264	115.517715	5.847179	309.68692	0.488959	-0.318905	-0.167106	-0.359599	-0.169996	-0.338822	-0.185214	-0.576401	-0.350722	-4	-36	1.18	22.693229
310.651703	-21.878897	-195.747025	69.057068	116.590645	6.042085	310.006989	0.489119	-0.318905	-0.167106	-0.179798	-0.169996	-0.338822	-0.185214	-0.576401	-0.350722	-4	-36	1.18	22.697902
320.399048	17.888437	-151.546082	100.430717	170.415466	6.236991	323.930908	0.489119	-0.318905	-0.167106	-0.359599	-0.169996	-0.338822	-0.185214	-0.576401	-0.350722	-4	-32	1.18	23.204833
320.30249	23.081856	-145.772888	104.111427	176.316513	5.847179	324.73114	0.488959	-0.318905	-0.334219	-0.359599	-0.169996	-0.338822	-0.185214	-0.576401	-0.350722	-4	-32	1.18	23.248254
321.746918	21.350716	-147.937836	104.637245	177.031799	6.236991	325.446899	0.489119	-0.159452	-0.167106	-0.359599	-0.169996	-0.338822	-0.185214	-0.576401	-0.350722	-4	-32	1.18	23.260132
320.30249	21.350716	-147.937836	102.358711	175.422409	6.236991	325.85144	0.488959	-0.159452	-0.167106	-0.359599	-0.169996	-0.338822	-0.185214	-0.576401	-0.350722	-4	-32	1.18	23.274866
325.994751	60.58987	-99.226593	135.835617	227.816666	6.042085	336.254364	0.489119	-0.318905	-0.167106	-0.359599	-0.169996	-0.338822	-0.185214	-0.576401	-0.350722	-4	-28	1.18	23.657596
327.799835	59.43578	-102.11319	131.979645	224.419083	6.431898	336.894531	0.489119	-0.318905	-0.167106	-0.359599	-0.169996	-0.338822	-0.185214	-0.576401	-0.350722	-4	-28	1.18	23.666562
327.885742	60.397522	-101.030716	134.082901	227.101364	6.431898	337.292969	0.489119	-0.159452	-0.334219	-0.359599	-0.169996	-0.338822	-0.185214	-0.576401	-0.350722	-4	-28	1.18	23.680826
329.7854	59.051083	-103.015244	134.082901	225.134354	6.431898	337.694763	0.326084	-0.318905	-0.334219	-0.359599	-0.169996	-0.338822	-0.185214	-0.576401	-0.350722	-4	-28	1.18	23.6952
302.427673	86.364609	-47.98959	149.857361	250.88446	6.042085	320.324249	0.488959	-0.159452	-0.167106	-0.359599	-0.169996	-0.338822	-0.185214	-0.576401	-0.350722	-4	-24	1.18	23.079897
302.969299	86.556953	-48.35041	149.156265	250.169159	6.042085	319.36377	0.488959	-0.318905	-0.167106	-0.179798	-0.169996	-0.338822	-0.185214	-0.576401	-0.350722	-4	-24	1.18	23.044603
302.348389	85.402863	-50.15453	147.053024	247.129227	5.847179	318.649414	0.489119	-0.318905	-0.167106	-0.179798	-0.169996	-0.169412	-0.185214	-0.576401	-0.350722	-4	-24	1.18	23.025492
301.524872	86.364609	-47.448353	149.156265	247.665695	5.652272	317.602875	0.488959	-0.318905	-0.167106	-0.359599	-0.169996	-0.338822	-0.185214	-0.576401	-0.350722	-4	-24	1.18	22.994126
270.289062	102.906601	-1.984532	158.270401	258.931366	5.652272	297.912781	0.488959	-0.318905	-0.167106	-0.359599	-0.169996	-0.338822	-0.185214	-0.576401	-0.350722	-4	-20	1.18	22.256612
269.386292	102.329559	-1.80412	157.218781	258.216064	5.457366	296.883331	0.488959	-0.318905	-0.167106	-0.359599	-0.169996	-0.338822	-0.185214	-0.576401	-0.350722	-4	-20	1.18	22.224813
269.135193	102.714256	-2.164944	156.828308	257.32196	5.652272	296.151886	0.489119	-0.318905	-0.167106	-0.359599	-0.169996	-0.338822	-0.185214	-0.384268	-0.350722	-4	-20	1.18	22.189462
267.510651	101.944862	-3.247416	154.550369	255.533768	5.652272	295.351471	0.489119	-0.318905	-0.167106	-0.359599	-0.169996	-0.338822	-0.185214	-0.384268	-0.350722	-4	-20	1.18	22.158871
239.893158	113.678131	37.574879	161.734665	258.5737	5.067554	279.343262	0.489119	-0.159452	-0.167106	-0.359599	-0.169996	-0.338822	-0.185214	-0.576401	-0.350722	-4	-16	1.18	21.560938
239.414368	113.101097	37.755524	161.951111	258.037231	4.872647	278.702942	0.488959	-0.318905	-0.167106	-0.179798	-0.169996	-0.338822	-0.185214	-0.576401	-0.350722	-4	-16	1.18	21.543424
239.53215	113.870491	36.490986	160.89949	258.5737	5.067554	278.478149	0.489119	-0.159452	-0.167106	-0.179798	-0.169996	-0.338822	-0.185214	-0.384268	-0.350722	-4	-16	1.18	21.526908
238.81012	114.062843	37.936172	161.909912	258.931366	5.26246	277.742432	0.489119	-0.159452	-0.167106	-0.359599	-0.169996	-0.338822	-0.185214	-0.384268	-0.350722	-4	-16	1.18	21.490241
211.067413	120.02565	75.511063	164.054367	256.964325	4.872647	265.416107	0.489119	-0.159452	-0.167106	-0.179798	-0.169996	-0.169412	-0.185214	-0.384268	-0.350722	-4	-12	1.18	21.014259
211.914642	121.179741	73.523926	162.126389	255.712585	4.677742	265.034393	0.489119	-0.318905	-0.167106	-0.359599	-0.169996	-0.338822	-0.185214	-0.384268	-0.350722	-4	-12	1.18	21.006724
212.095154	119.833298	74.969116	163.879105	255.176132	4.872647	264.714264	0.489119	-0.318905	-0.167106	-0.359599	-0.169996	-0.338822	-0.185214	-0.576401	-0.350722	-4	-12	1.18	20.985936
211.012115	120.410347	74.065872	162.476929	255.891403	5.067554	264.295532	0.489119	-0.318905	-0.167106	-0.359599	-0.169996	-0.169412	-0.185214	-0.576401	-0.350722	-4	-12	1.18	20.961141
203.972366	135.413544	115.43438	179.127747	278.065063	5.067554	280.398682	0.489119	-0.318905	-0.167106	-0.179798	-0.169996	-0.338822	-0.185214	-0.576401	-0.350722	-4	-8	1.18	21.602382
204.748032	136.37529	115.073082	178.952484	278.780334	5.067554	280.944061	0.489119	-0.159452	-0.167106	-0.359599	-0.169996	-0.338822	-0.185214	-0.576401	-0.350722	-4	-8	1.18	21.623767
204.513885	135.798248	115.253723	179.257385	278.959167	5.067554	281.584412	0.489119	-0.159452	-0.167106	-0.179798	-0.169996	-0.338822	-0.185214	-0.576401	-0.350722	-4	-8	1.18	21.648848
205.957932	137.144684	116.156975	179.958298	279.853271	5.067554	282.479279	0.489119	-0.159452	-0.167106	-0.359599	0.000006	-0.338822	-0.185214	-0.576401	-0.350722	-4	-8	1.18	21.68385
194.456467	148.300919	154.996399	193.500031	297.73526	5.457366	298.232941	0.488959	-0.318905	-0.167106	-0.179798	-0.169996	-0.169412	-0.185214	-0.576401	-0.350722	-4	-4	1.18	22.276216
194.766525	149.839706	155.357697	192.974228	299.165833	5.26246	298.87326	0.489119	-0.318905	-0.167106	-0.359599	-0.169996	-0.338822	-0.185214	-0.384268	-0.350722	-4	-4	1.18	22.307968
195.849564	148.300919	154.635101	193.675308	298.808197	5.457366	299.76413	0.489119	-0.318905	-0.167106	-0.359599	-0.169996	-0.338822	-0.185214	-0.576401	-0.350722	-4	-4	1.18	22.334391
195.127533	149.839706	156.080292	193.275574	299.702301	5.652272	300.314026	0.489119	-0.318905	-0.167106	-0.359599	-0.169996	-0.338822	-0.185214	-0.576401	-0.350722	-4	-4	1.18	22.347856
175.813339	159.457153	194.016479	204.54216	314.36554	5.847179	314.80835	0.489119	-0.318905	-0.334219	-0.359599	-0.169996	-0.338822	-0.185214	-0.576401	-0.350722	-4	0	1.18	22.883685
176.174362	158.110718	194.739059	206.470154	317.226654	6.042085	315.768616	0.489119	-0.318905	-0.167106	-0.359599	-0.169996	-0.338822	-0.185214	-0.576401	-0.350722	-4	0	1.18	22.91201
177.79892	159.457153	193.474533	204.840561	315.080811	6.042085	316.002045	0.489119	-0.318905	-0.167106	-0.359599	-0.169996	-0.338822	-0.185214	-0.576401	-0.350722	-4	0	1.18	22.920643
178.340439	159.649506	194.558426	206.470154	316.869019	6.042085	316.888916	0.489119	-0.159452	-0.167106	-0.359599	-0.169996	-0.338822	-0.185214	-0.576401	-0.350722	-4	0	1.18	22.95341
151.845764	167.151108	229.784882	213.30574	328.134674	6.236991	328.808624	0.489119	-0.318905	-0.167106	-0.179798	-0.169996	-0.338822	-0.185214	-0.576401	-0.350722	-4	4	1.18	23.382292
152.889023	168.112839	229.242935	212.429382	328.671143	6.431898	329.288849	0.489119	-0.318905	-0.167106	-0.359599	-0.169996	-0.338822	-0.185214	-0.576401	-0.350722	-4	4	1.18	23.392631
152.347504	167.343445	229.242935	212.25412	326.704102	6.236991	329.692535	0.489119	-0.159452	-0.334219	-0.359599	-0.169996	-0.338822	-0.185214	-0.576401	-0.350722	-4	4	1.18	23.414306
151.986481	166.574051	229.423569	212.60466	328.849945	6.236991	330.089294	0.489119	-0.318905	-0.167106	-0.359599	-0.169996	-0.338822	-0.185214	-0.576401	-0.350722	-4	4	1.18	23.428662
117.870743	168.112839	260.314453	212.429382	332.247528	6.82171	338.014832	0.489119	-0.318905	-0.334219	-0.359599	-0.169996	-0.338822	-0.185214	-0.384268	-0.350722	-4	8	1.18	23.692705
118.592773	167.728149	258.507996	211.377762	331.174591	6.431898	336.894531	0.489119	-0.318905	-0.167106	-0.179798	-0.169996	-0.338822	-0.185214	-0.384268	-0.350722	-4	8	1.18	23.666562
118.623856	168.497543	257.7854	210.150864	329.744049	6.626803	335.532074	0.489119	-0.159452	-0.167106	-0.359599	-0.169996	-0.338822	-0.185214	-0.576401	-0.350722	-4	8	1.18	23.61073
117.148727	167.535797	257.424103	209.274506	328.49231	6.236991	334.173798	0.489119	-0.318905	-0.167106	-0.179798	-0.169996	-0.338822	-0.185214	-0.576401	-0.350722	-4	8	1.18	23.575943
73.64666	147.531525	259.411224	184.035355	296.841187	5.652272	310.71933	0.489119	-0.318905	-0.167106	-0.359599	-0.169996	-0.338822	-0.185214	-0.576401	-0.350722	-4	12	1.18	22.739015
70.939056	147.146835	259.411224	183.462845	295.947083	5.847179	309.68692	0.489119	-0.159452	-0.167106	-0.359599	-0.169996	-0.338822	-0.185214	-0.576401	-0.350722	-4	12	1.18	22.693229
72.38311	144.453949	257.062805	182.983719	293.980042	6.042085	308.958466	0.489119	-0.318905	-0.167106	-0.359599	-0.169996	-0.338822	-0.185214	-0.576401	-0.350722	-4	12	1.18	22.65872
71.11956	144.261597	257.966034	183.684814	295.231781	5.847179	307.997955	0.489119	-0.318905	-0.167106	-0.359599	-0.169996	-0.338822	-0.185214	-0.576401	-0.350722	-4	12	1.18	22.630068
28.700533	121.179741	257.7854	158.40535	257.858429	5.26246	289.268341	0.489119	-0.318905	-0.167106	-0.359599	-0.169996	-0.338822	-0.185214	-0.576401	-0.350722	-4	16	1.18	21.940053
30.686104	119.640953	255.798248	158.796219	256.249054	5.26246	288.721039	0.489119	-0.318905	-0.167106	-0.359599	-0.169996	-0.338822	-0.185214	-0.576401	-0.350722	-4	16	1.18	21.918902
28.700533	119.833298	256.159546	156.86824	255.533768	5.067554	288.080841	0.489119	-0.159452	-0.167106	-0.359599	-0.169996	-0.338822	-0.185214	-0.384268	-0.350722	-4	16	1.18	21.901678
30.333046	119.674393	254.533722	157.569321	255.176132	5.26246	287.187286	0.489119	-0.159452	-0.167106	-0.359599	-0.169996	-0.338822	-0.185214	-0.576401	-0.350722	-4	16	1.18	21.859522
-8.648453	93.481514	253.630493	133.557083	218.339188	5.067554	273.836823	0.489119	-0.318905	-0.167106	-0.179798	-0.169996	-0.338822	-0.185214	-0.576401	-0.350722	-4	20	1.18	21.343409
-8.648453	95.597351	254.172409	133.206543	220.127411	5.457366	273.260132	0.489119	-0.318905	-0.167106	-0.359599	-0.169996	-0.338822	-0.185214	-0.384268	-0.350722	-4	20	1.18	21.304999
-9.008803	95.212654	253.088531	132.680725	218.339188	5.457366	272.939972	0.489119	-0.318905	-0.167106	-0.359599	-0.169996	-0.338822	-0.185214	-0.576401	-0.350722	-4	20	1.18	21.29226
-9.729508	94.827957	254.353088	133.732361	219.769775	4.872647	272.299652	0.489119	-0.318905	-0.167106	-0.359599	-0.169996	-0.338822	-0.185214	-0.576401	-0.350722	-4	20	1.18	21.290047
-49.007896	70.399658	257.604736	109.895401	181.502289	4.677742	267.497192	0.489119	-0.159452	-0.167106	-0.179798	-0.169996	-0.338822	-0.185214	-0.576401	-0.350722	-4	24	1.18	21.105845
-49.007896	70.592003	258.507996	110.421211	183.469315	4.677742	268.137512	0.489119	-0.159452	-0.167106	-0.179798	-0.169996	-0.338822	-0.185214	-0.576401	-0.350722	-4	24	1.18	21.13154
-47.926842	71.746101	259.411224	110.947021	184.721054	5.067554	269.098022	0.489119	-0.159452	-0.167106	-0.359599	-0.169996	-0.338822	-0.185214	-0.384268	-0.350722	-4	24	1.18	21.154414
-50.269131	70.784355	260.856415	111.472847	183.82695	5.067554	269.898407	0.489119	-0.318905	-0.167106	-0.359599	-0.169996	-0.338822	-0.185214	-0.384268	-0.350722	-4	24	1.18	21.186454
-97.655441	47.894848	281.811646	89.914413	150.566437	5.26246	286.800476	0.489119	-0.159452	-0.334219	-0.359599	-0.169996	-0.338822	-0.185214	-0.576401	-0.350722	-4	28	1.18	21.844521
-95.853683	48.279545	281.811646	90.615501	150.208801	5.652272	287.600708	0.489119	-0.318905	-0.167106	-0.179798	-0.169996	-0.338822	-0.185214	-0.576401	-0.350722	-4	28	1.18	21.860437
-95.493332	47.317802	282.172943	91.141312	151.460541	5.652272	288.467926	0.489119	-0.318905	-0.167106	-0.179798	-0.169996	-0.338822	-0.185214	-0.576401	-0.350722	-4	28	1.18	21.89403
-95.132973	49.43364	282.895538	90.790771	152.891098	5.26246	288.948181	0.489119	-0.318905	-0.167106	-0.359599	-0.169996	-0.338822	-0.185214	-0.576401	-0.350722	-4	28	1.18	21.927683
-149.546158	18.273136	302.224945	63.097828	103.894424	5.652272	305.116455	0.489119	-0.318905	-0.167106	-0.179798	-0.169996	-0.338822	-0.185214	-0.576401	-0.350722	-4	32	1.18	22.529234
-149.365982	17.893478	302.224945	63.448376	103.536781	5.847179	305.756805	0.489119	-0.159452	-0.167106	-0.359599	-0.169996	-0.338822	-0.185214	-0.576401	-0.350722	-4	32	1.18	22.545985
-148.825455	18.08588	303.489441	64.14946	104.967346	6.042085	306.397125	0.489119	-0.318905	-0.167106	-0.359599	-0.169996	-0.338822	-0.185214	-0.576401	-0.350722	-4	32	1.18	22.56272
-149.00563	18.080786	303.489441	66.427986	107.828468	6.236991	306.966156	0.489119	-0.159452	-0.334219	-0.359599	-0.169996	-0.338822	-0.185214	-0.576401	-0.350722	-4	32	1.18	22.576768
-203.779175	-16.313213	318.483307	29.095102	43.989738	6.042085	320.324249	0.489119	-0.159452	-0.167106	-0.179798	-0.169996	-0.169412	-0.185214	-0.576401	-0.350722	-4	36	1.18	23.079897
-203.598999	-16.888973	318.302643	31.023094	46.493214	6.042085	320.890045	0.489119	-0.318905	-0.167106	-0.359599	-0.169996	-0.338822	-0.185214	-0.384268	-0.350722	-4	36	1.18	23.100663
-206.481796	-20.151615	320.289764	31.724182	44.347374	6.042085	321.530212	0.489119	-0.159452	-0.167106	-0.359599	-0.169996	-0.169412	-0.185214	-0.576401	-0.350722	-4	36	1.18	23.124135
-207.382675	-18.227337	320.651093	30.322006	43.453274	6.236991	321.765015	0.489119	-0.159452	-0.167106	-0.179798	-0.169996	-0.338822	-0.185214	-0.384268	-0.350722	-4	36	1.18	23.125597
-262.516571	-65.618408	328.780243	-9.615486	-35.502251	6.431898	332.650604	0.489119	-0.318905	-0.167106	-0.359599	-0.169996	-0.338822	-0.185214	-0.576401	-0.350722	-4	40	1.18	23.514104
-261.615692	-60.246155	329.864166	-13.112027	-31.755781	6.236991	333.130859	0.489119	-0.318905	-0.167106	-0.179798	-0.169996	-0.338822	-0.185214	-0.576401	-0.350722	-4	40	1.18	23.538424
-265.579559	-65.444778	329.864166	-10.839275	-34.610229	6.042085	333.771179	0.489119	-0.318905	-0.167106	-0.359599	-0.169996	-0.338822	-0.185214	-0.384268	-0.350722	-4	40	1.18	23.568476
-263.597626	-61.781075	330.225433	-12.412719	-33.539814	6.042085	334.411499	0.489119	-0.318905	-0.334219	-0.359599	-0.169996	-0.338822	-0.185214	-0.576401	-0.350722	-4	40	1.18	23.591489
-300.17337	-104.020721	317.580048	-55.070515	-112.572449	6.042085	326.971771	0.489119	-0.318905	-0.167106	-0.359599	-0.169996	-0.338822	-0.185214	-0.576401	-0.350722	-4	44	1.18	23.322706
-298.551788	-104.980324	317.760712	-52.098461	-110.431625	6.236991	326.011475	0.489119	-0.318905	-0.334219	-0.359599	-0.169996	-0.338822	-0.185214	-0.576401	-0.350722	-4	44	1.18	23.280692
-297.650909	-103.799896	315.412262	-55.070515	-113.286079	5.847179	325.12674	0.489119	-0.318905	-0.334219	-0.359599	-0.169996	-0.338822	-0.185214	-0.576401	-0.350722	-4	44	1.18	23.26267
-296.209503	-101.717674	315.77356	-52.448109	-107.398766	6.042085	324.411041	0.489119	-0.318905	-0.167106	-0.359599	-0.169996	-0.338822	-0.185214	-0.576401	-0.350722	-4	44	1.18	23.229473
291.879028	-54.873882	-274.045807	-45.979515	-0.178405	5.457366	294.711151	0.489119	-0.159452	-0.167106	-0.359599	-0.169996	-0.338822	-0.185214	-0.384268	-0.350722	0	-44	1.18	22.14183
291.157013	-55.84877	-273.504578	-44.406071	0.894123	5.457366	293.910736	0.489119	-0.318905	-0.167106	-0.179798	-0.169996	-0.338822	-0.185214	-0.576401	-0.350722	0	-44	1.18	22.111174
290.615479	-55.06575	-273.504578	-46.678822	-0.356809	5.652272	293.430481	0.489119	-0.159452	-0.167106	-0.359599	-0.169996	-0.338822	-0.185214	-0.576401	-0.350722	0	-44	1.18	22.085281
289.712952	-56.616447	-270.617981	-43.531933	0.894123	5.26246	292.722168	0.489119	-0.318905	-0.167106	-0.179798	-0.169996	-0.338822	-0.185214	-0.576401	-0.350722	0	-44	1.18	22.073057
278.341034	-17.268003	-219.380981	-5.069984	54.540112	4.872647	278.542847	0.489119	-0.159452	-0.167106	-0.359599	-0.169996	-0.338822	-0.185214	-0.384268	-0.350722	0	-40	1.18	21.537126
275.994446	-16.692404	-217.937683	-6.4686	54.182476	4.872647	278.382782	0.489119	-0.318905	-0.167106	-0.359599	-0.169996	-0.338822	-0.185214	-0.576401	-0.350722	0	-40	1.18	21.530827
276.53598	-14.006269	-218.298508	-5.944119	55.970669	5.067554	277.742432	0.489119	-0.318905	-0.167106	-0.359599	-0.169996	-0.338822	-0.185214	-0.576401	-0.350722	0	-40	1.18	21.497925
276.53598	-11.512002	-217.216034	-6.4686	55.970669	5.26246	277.262177	0.489119	-0.318905	-0.167106	-0.359599	-0.169996	-0.338822	-0.185214	-0.576401	-0.350722	0	-40	1.18	21.471294
264.081024	18.657833	-166.520264	25.063852	98.708649	4.872647	264.935852	0.489119	-0.159452	-0.167106	-0.179798	-0.169996	-0.338822	-0.185214	-0.576401	-0.350722	0	-36	1.18	20.994882
265.233582	18.08588	-166.700684	25.940212	99.24511	5.067554	265.416107	0.652158	-0.159452	-0.167106	-0.179798	-0.169996	-0.338822	-0.185214	-0.384268	-0.350722	0	-36	1.18	21.006397
266.247101	17.311392	-167.061508	26.466026	99.78157	4.872647	266.056458	0.489119	-0.318905	-0.167106	-0.179798	-0.169996	-0.338822	-0.185214	-0.384268	-0.350722	0	-36	1.18	21.040067
266.316895	17.123867	-167.241913	26.81657	100.675667	5.067554	266.696777	0.489119	-0.159452	-0.167106	-0.179798	-0.169996	-0.338822	-0.185214	-0.576401	-0.350722	0	-36	1.18	21.057999
283.214691	53.857662	-129.535812	58.365494	153.964005	5.067554	285.520142	0.489119	-0.318905	-0.167106	-0.359599	-0.169996	-0.338822	-0.185214	-0.576401	-0.350722	0	-32	1.18	21.80237
284.191711	52.71833	-132.241989	56.788044	152.354645	5.652272	286.000305	0.489119	-0.159452	-0.167106	-0.179798	-0.169996	-0.338822	-0.185214	-0.384268	-0.350722	0	-32	1.18	21.798306
284.478241	53.088264	-132.241989	55.911686	153.069916	5.457366	286.960541	0.489119	-0.318905	-0.167106	-0.359599	-0.169996	-0.169412	-0.185214	-0.576401	-0.350722	0	-32	1.18	21.843169
284.839294	53.487942	-130.979111	57.664402	154.142838	5.457366	287.827606	0.652158	-0.318905	-0.167106	-0.359599	-0.169996	-0.338822	-0.185214	-0.576401	-0.350722	0	-32	1.18	21.876783
296.752686	86.172256	-91.288467	86.058434	201.708954	5.847179	303.995911	0.489119	-0.318905	-0.167106	-0.359599	-0.169996	-0.338822	-0.185214	-0.384268	-0.350722	0	-28	1.18	22.479699
297.835754	88.480446	-89.303932	89.038055	205.64299	5.457366	304.405426	0.489119	-0.159452	-0.167106	-0.359599	-0.169996	-0.338822	-0.185214	-0.576401	-0.350722	0	-28	1.18	22.509812
298.55777	87.5187	-90.205994	89.739136	205.64299	5.847179	305.27655	0.489119	-0.159452	-0.167106	-0.179798	-0.169996	-0.169412	-0.185214	-0.576401	-0.350722	0	-28	1.18	22.527926
299.460297	87.543182	-91.288467	88.862778	205.464172	5.847179	305.916901	0.489119	-0.159452	-0.167106	-0.359599	0.000006	-0.338822	-0.185214	-0.384268	-0.350722	0	-28	1.18	22.552001
303.250946	119.289597	-46.907116	117.957893	251.063278	6.042085	318.883545	0.489119	-0.318905	-0.167106	-0.359599	-0.169996	-0.169412	-0.185214	-0.576401	-0.350722	0	-24	1.18	23.026936
305.056	117.36557	-49.43288	115.679367	248.202148	6.236991	319.523865	0.489119	-0.318905	-0.167106	-0.359599	-0.169996	-0.338822	-0.185214	-0.576401	-0.350722	0	-24	1.18	23.043322
304.514496	116.403557	-47.98959	118.483719	249.990341	6.042085	320.164185	0.489119	-0.318905	-0.167106	-0.359599	-0.169996	-0.338822	-0.185214	-0.576401	-0.350722	0	-24	1.18	23.074019
302.889954	117.525116	-46.365879	118.308441	251.242096	6.042085	320.484344	0.489119	-0.318905	-0.167106	-0.359599	-0.169996	-0.338822	-0.185214	-0.576401	-0.350722	0	-24	1.18	23.085775
304.695007	148.300919	-3.60824	143.021759	290.761292	6.042085	332.810669	0.489119	-0.159452	-0.167106	-0.359599	-0.169996	-0.338822	-0.185214	-0.576401	-0.350722	0	-20	1.18	23.533913
305.858185	146.033539	-1.623708	146.702469	288.794281	6.236991	333.290924	0.489119	-0.159452	-0.167106	-0.179798	-0.169996	-0.338822	-0.185214	-0.576401	-0.350722	0	-20	1.18	23.544186
306.139038	145.071518	-3.247416	146.176666	289.151917	6.236991	333.611084	0.489119	-0.318905	-0.167106	-0.179798	-0.169996	-0.338822	-0.185214	-0.576401	-0.350722	0	-20	1.18	23.555707
306.500061	146.225952	-3.427828	145.826111	290.046021	6.431898	334.571564	0.489119	-0.159452	-0.167106	-0.359599	-0.169996	-0.338822	-0.185214	-0.576401	-0.350722	0	-20	1.18	23.583234
284.117249	164.265869	44.07822	162.476929	306.855072	5.847179	328.488464	0.489119	-0.318905	-0.167106	-0.359599	-0.169996	-0.338822	-0.185214	-0.576401	-0.350722	0	-16	1.18	23.384817
282.131683	163.542175	44.258869	160.89949	305.603363	6.042085	327.367889	0.489119	-0.318905	-0.167106	-0.359599	-0.169996	-0.338822	-0.185214	-0.576401	-0.350722	0	-16	1.18	23.337095
282.492706	162.772568	42.271736	159.322037	303.457489	6.042085	326.567474	0.489119	-0.318905	-0.167106	-0.359599	-0.169996	-0.338822	-0.185214	-0.576401	-0.350722	0	-16	1.18	23.308011
281.951172	161.957672	42.994331	160.023132	302.742218	6.236991	325.767059	0.489119	-0.318905	-0.167106	-0.359599	-0.169996	-0.338822	-0.185214	-0.576401	-0.350722	0	-16	1.18	23.271793
243.864288	164.504181	82.014404	158.095139	293.622406	5.652272	302.07489	0.489119	-0.318905	-0.167106	-0.359599	-0.169996	-0.169412	-0.185214	-0.384268	-0.350722	0	-12	1.18	22.414531
244.586319	163.926971	80.569214	158.620956	292.370697	5.652272	301.43457	0.489119	-0.159452	-0.167106	-0.179798	-0.169996	-0.338822	-0.185214	-0.384268	-0.350722	0	-12	1.18	22.390308
242.78125	163.734573	83.459595	160.198395	292.191864	5.457366	300.79425	0.489119	-0.159452	-0.167106	-0.179798	-0.169996	-0.169412	-0.185214	-0.384268	-0.350722	0	-12	1.18	22.373444
241.337219	164.842911	84.362839	158.971497	293.085968	5.652272	299.993866	0.489119	-0.318905	-0.167106	-0.359599	-0.169996	-0.338822	-0.185214	-0.576401	-0.350722	0	-12	1.18	22.335712
210.109589	163.157364	117.060219	157.043503	283.250854	5.067554	284.946136	0.489119	-0.318905	-0.167106	-0.359599	-0.169996	-0.338822	-0.185214	-0.576401	-0.350722	0	-8	1.18	21.780047
209.568054	163.304123	118.324753	157.394043	283.250854	5.26246	284.465881	0.489119	-0.318905	-0.167106	-0.359599	-0.169996	-0.338822	-0.185214	-0.576401	-0.350722	0	-8	1.18	21.753762
209.748566	161.810547	115.615028	155.991882	280.210937	5.26246	283.985626	0.489119	-0.318905	-0.167106	-0.359599	-0.169996	-0.338822	-0.185214	-0.576401	-0.350722	0	-8	1.18	21.735045
207.221481	162.919434	118.144112	155.641327	282.714386	5.457366	283.345306	0.489119	-0.318905	-0.167106	-0.359599	-0.169996	-0.338822	-0.185214	-0.576401	-0.350722	0	-8	1.18	21.702454
177.979416	158.924515	138.738037	149.156265	268.945251	5.067554	268.777832	0.489119	-0.318905	-0.167106	-0.359599	-0.169996	-0.338822	-0.185214	-0.384268	-0.350722	0	-4	1.18	21.141583
175.993851	158.732101	138.738037	148.279907	268.051178	5.067554	267.657257	0.489119	-0.318905	-0.334219	-0.359599	-0.169996	-0.338822	-0.185214	-0.384268	-0.350722	0	-4	1.18	21.096618
174.730301	157.770096	138.918686	149.331543	268.766449	4.677742	267.016937	0.489119	-0.318905	-0.167106	-0.359599	0.000006	-0.338822	-0.185214	-0.384268	-0.350722	0	-4	1.18	21.086553
175.27182	157.000473	138.015442	149.156265	267.693542	4.872647	266.056458	0.652158	-0.318905	-0.167106	-0.359599	-0.169996	-0.338822	-0.185214	-0.384268	-0.350722	0	-4	1.18	21.040067
157.221176	166.766403	171.074112	155.641327	279.674469	5.457366	278.702942	0.489119	-0.318905	-0.167106	-0.359599	-0.169996	-0.169412	-0.185214	-0.576401	-0.350722	0	0	1.18	21.520411
159.206741	167.775024	171.43541	156.517685	279.13797	5.067554	279.343262	0.489119	-0.159452	-0.167106	-0.359599	-0.169996	-0.338822	-0.185214	-0.384268	-0.350722	0	0	1.18	21.560938
158.845718	169.266937	171.796707	155.466064	281.105011	5.067554	280.143677	0.489119	-0.318905	-0.167106	-0.359599	-0.169996	-0.169412	-0.185214	-0.576401	-0.350722	0	0	1.18	21.592376
158.845718	168.305191	171.616058	156.167145	280.926208	4.872647	280.783997	0.489119	-0.318905	-0.167106	-0.359599	-0.169996	-0.338822	-0.185214	-0.576401	-0.350722	0	0	1.18	21.625132
137.545959	179.319168	208.468353	166.858719	298.271729	5.652272	298.393036	0.652158	-0.318905	-0.167106	-0.359599	-0.169996	-0.169412	-0.185214	-0.576401	-0.350722	0	4	1.18	22.274891
138.990021	179.319168	207.926407	167.033997	297.73526	5.652272	299.123993	0.489119	-0.318905	-0.167106	-0.359599	-0.169996	-0.338822	-0.185214	-0.384268	-0.350722	0	4	1.18	22.302683
138.448502	179.076736	208.649002	167.384537	297.556458	5.652272	299.673706	0.489119	-0.318905	-0.167106	-0.179798	-0.169996	-0.338822	-0.185214	-0.576401	-0.350722	0	4	1.18	22.323561
139.351028	180.807861	209.371597	168.260895	299.881134	5.847179	300.634186	0.489119	-0.159452	-0.167106	-0.179798	-0.169996	-0.338822	-0.185214	-0.576401	-0.350722	0	4	1.18	22.352606
107.76239	184.847198	244.23674	170.539429	311.325592	5.652272	314.8815	0.489119	-0.318905	-0.167106	-0.359599	-0.169996	-0.338822	-0.185214	-0.576401	-0.350722	0	8	1.18	22.893609
109.747955	185.860855	243.152863	170.714706	313.1138	5.847179	315.448547	0.489119	-0.159452	-0.167106	-0.359599	-0.169996	-0.338822	-0.185214	-0.576401	-0.350722	0	8	1.18	22.907381
109.567459	185.091248	242.610916	170.364151	311.504395	6.236991	316.16214	0.489119	-0.318905	-0.334219	-0.359599	0.000006	-0.338822	-0.185214	-0.384268	-0.350722	0	8	1.18	22.919355
110.28949	186.053268	244.23674	171.941605	313.650238	6.042085	316.248779	0.489119	-0.318905	-0.167106	-0.179798	-0.169996	-0.338822	-0.185214	-0.576401	-0.350722	0	8	1.18	22.929764
70.578049	179.461426	273.863098	168.436172	311.325592	6.431898	327.527985	0.489119	-0.159452	-0.167106	-0.359599	-0.169996	-0.338822	-0.185214	-0.576401	-0.350722	0	12	1.18	23.328752
71.480576	180.665985	274.043762	168.260895	312.398529	6.042085	327.932068	0.489119	-0.318905	-0.167106	-0.359599	-0.169996	-0.338822	-0.185214	-0.576401	-0.350722	0	12	1.18	23.357574
73.466148	181.820404	274.224396	168.786713	312.577332	6.431898	328.41217	0.489119	-0.318905	-0.167106	-0.359599	-0.169996	-0.338822	-0.185214	-0.576401	-0.350722	0	12	1.18	23.36085
72.563622	181.050797	274.766357	169.838348	313.471436	6.236991	328.732269	0.489119	-0.159452	-0.334219	-0.359599	-0.169996	-0.338822	-0.185214	-0.576241	-0.350722	0	12	1.18	23.379524
30.325092	170.661057	299.695831	156.517685	301.132843	6.236991	338.174927	0.489119	-0.318905	-0.167106	-0.179798	-0.169996	-0.338822	-0.185214	-0.576401	-0.350722	0	16	1.18	23.719331
28.700533	169.699036	302.04425	157.569321	303.278687	6.431898	338.413544	0.489119	-0.318905	-0.334219	-0.359599	-0.169996	-0.338822	-0.185214	-0.576401	-0.350722	0	16	1.18	23.720893
29.603065	170.27626	299.876495	156.342422	300.417572	6.236991	337.854828	0.489119	-0.318905	-0.167106	-0.359599	-0.169996	-0.338822	-0.185214	-0.576401	-0.350722	0	16	1.18	23.707891
27.256481	167.390213	300.599091	157.043503	301.132843	6.236991	336.734528	0.489119	-0.318905	-0.167106	-0.359599	-0.169996	-0.338822	-0.185214	-0.576401	-0.350722	0	16	1.18	23.667812
-13.152854	137.529388	285.966583	121.989151	247.844513	5.847179	307.19754	0.489119	-0.318905	-0.167106	-0.359599	-0.169996	-0.338822	-0.185214	-0.576401	-0.350722	0	20	1.18	22.600074
-13.513207	137.721741	285.243988	122.164429	247.665695	5.847179	306.237061	0.489119	-0.159452	-0.167106	-0.359599	-0.169996	-0.338822	-0.185214	-0.576401	-0.350722	0	20	1.18	22.564029
-13.693381	136.02861	283.437469	120.586983	244.268112	5.652272	305.116455	0.489119	-0.159452	-0.167106	-0.359599	-0.169996	-0.338822	-0.185214	-0.576241	-0.350722	0	20	1.18	22.529234
-12.972677	135.221207	282.714874	120.762245	244.089279	5.652272	304.316071	0.489119	-0.318905	-0.167106	-0.359599	-0.169996	-0.338822	-0.185214	-0.384268	-0.350722	0	20	1.18	22.499107
-54.413177	106.398621	275.488953	88.687515	195.450256	5.26246	285.106232	0.489119	-0.318905	-0.167106	-0.359599	-0.169996	-0.338822	-0.185214	-0.768323	-0.350722	0	24	1.18	21.778694
-50.989834	108.707443	274.40506	87.81115	196.523163	5.26246	284.399841	0.652158	-0.318905	-0.167106	-0.359599	-0.169996	-0.338822	-0.185214	-0.384268	-0.350722	0	24	1.18	21.751189
-52.251068	106.783432	273.321167	87.110062	194.019684	5.067554	283.759674	0.489119	-0.318905	-0.167106	-0.359599	-0.169996	-0.338822	-0.185214	-0.576401	-0.350722	0	24	1.18	21.733833
-51.170006	105.436615	272.959869	88.687515	192.946777	5.457366	283.119476	0.489119	-0.318905	-0.167106	-0.359599	-0.169996	-0.338822	-0.185214	-0.768323	-0.350722	0	24	1.18	21.693634
-85.583641	80.231888	263.746796	55.911686	144.665375	4.872647	267.595123	0.489119	-0.318905	-0.167106	-0.359599	-0.169996	-0.169412	-0.185214	-0.384268	-0.350722	0	28	1.18	21.101951
-83.962059	79.847084	260.495117	55.035324	142.519547	5.067554	267.016937	0.489119	-0.318905	-0.167106	-0.359599	-0.169996	-0.338822	-0.185214	-0.576401	-0.350722	0	28	1.18	21.07088
-85.944	78.307861	261.940308	56.262234	142.698364	4.872647	266.314758	0.489119	-0.318905	-0.334219	-0.179798	-0.169996	-0.338822	-0.185214	-0.576401	-0.350722	0	28	1.18	21.050468
-85.043114	79.269875	261.398376	55.035324	142.340729	4.872647	265.736267	0.489119	-0.318905	-0.167106	-0.359599	-0.169996	-0.338822	-0.185214	-0.768323	-0.350722	0	28	1.18	21.027166
-130.62767	54.449951	270.250122	23.83695	96.026344	5.067554	273.036652	0.489119	-0.318905	-0.167106	-0.359599	-0.169996	-0.338822	-0.185214	-0.576401	-0.350722	0	32	1.18	21.311614
-131.528549	53.872746	271.153381	23.66168	96.383987	5.067554	273.836884	0.489119	-0.318905	-0.167106	-0.359599	-0.169996	-0.338822	-0.185214	-0.576401	-0.350722	0	32	1.18	21.343412
-129.726791	56.358166	271.514679	21.558416	96.383987	4.872647	274.156982	0.489119	-0.159452	-0.167106	-0.359599	0.000042	-0.338822	-0.185214	-0.576401	-0.350722	0	32	1.18	21.363851
-133.330307	54.834759	272.959869	23.311136	96.741631	5.067554	274.957184	0.489119	-0.159452	-0.167106	-0.359599	-0.169996	-0.338822	-0.185214	-0.576401	-0.350722	0	32	1.18	21.387848
-184.007904	25.397175	288.134338	-13.112027	38.982777	5.457366	290.068756	0.489119	-0.318905	-0.167106	-0.179798	-0.169996	-0.338822	-0.185214	-0.768323	-0.350722	0	36	1.18	21.963428
-183.599426	29.621681	288.67627	-15.559608	41.307434	5.26246	290.641602	0.489119	-0.318905	-0.167106	-0.359599	-0.169996	-0.338822	-0.185214	-0.576401	-0.350722	0	36	1.18	21.993032
-184.007904	26.166786	289.037598	-13.811337	39.698055	5.457366	291.189331	0.489119	-0.318905	-0.167106	-0.359599	-0.169996	-0.338822	-0.185214	-0.384268	-0.350722	0	36	1.18	22.006623
-185.941727	28.668016	290.844055	-13.986161	42.559174	5.457366	291.761902	0.489119	-0.318905	-0.167106	-0.359599	-0.169996	-0.338822	-0.185214	-0.576401	-0.350722	0	36	1.18	22.028661
-234.76944	-8.442135	299.695831	-57.692924	-31.22057	5.847179	304.88559	0.489119	-0.318905	-0.167106	-0.359599	-0.169996	-0.338822	-0.185214	-0.576401	-0.350722	0	40	1.18	22.513214
-239.516647	-9.593336	301.50235	-56.818787	-30.328556	5.847179	305.27655	0.489119	-0.318905	-0.334219	-0.359599	-0.169996	-0.338822	-0.185214	-0.576401	-0.350722	0	40	1.18	22.527926
-238.012634	-7.674668	302.766846	-56.119484	-26.582087	5.847179	305.756805	0.489119	-0.318905	-0.167106	-0.359599	-0.169996	-0.338822	-0.185214	-0.768323	-0.350722	0	40	1.18	22.545985
-239.454025	-11.512002	302.405579	-54.546032	-30.150148	5.847179	305.845856	0.489119	-0.318905	-0.167106	-0.179798	-0.169996	-0.338822	-0.185214	-0.576401	-0.526083	0	40	1.18	22.549332
-287.456024	-52.187744	307.283081	-101.574509	-109.004395	5.847179	315.84198	0.489119	-0.318905	-0.167106	-0.359599	0.000006	-0.338822	-0.185214	-0.768323	-0.350722	0	44	1.18	22.921931
-286.299805	-48.926014	308.728271	-101.924156	-104.544304	5.847179	316.4823	0.489119	-0.318905	-0.167106	-0.359599	-0.169996	-0.338822	-0.185214	-0.768323	-0.350722	0	44	1.18	22.945593
-285.834015	-47.391079	308.18631	-105.24588	-108.469193	5.847179	316.962555	0.652158	-0.318905	-0.334219	-0.359599	-0.169996	-0.338822	-0.185214	-0.768323	-0.350722	0	44	1.18	22.963323
-287.275818	-49.50161	308.18631	-104.196922	-109.1828	6.236991	317.282715	0.652158	-0.159452	-0.167106	-0.359599	-0.169996	-0.338822	-0.185214	-0.576401	-0.350722	0	44	1.18	22.960752
327.980347	-14.006269	-308.324097	-102.448647	-2.497646	6.236991	331.690094	0.489119	-0.318905	-0.334219	-0.359599	-0.169996	-0.338822	-0.185214	-0.576401	-0.350722	4	-44	1.18	23.486494
329.063385	-14.390003	-307.963257	-101.399681	-1.962439	6.236991	332.093231	0.489119	-0.318905	-0.167106	-0.359599	-0.169996	-0.169412	-0.185214	-0.576401	-0.350722	4	-44	1.18	23.501036
327.980347	-13.430671	-309.767365	-104.196922	-2.676051	6.236991	332.970764	0.489119	-0.318905	-0.167106	-0.359599	-0.169996	-0.338822	-0.185214	-0.576401	-0.350722	4	-44	1.18	23.532659
330.326935	-15.541203	-312.834381	-105.420708	-5.530503	6.626803	333.213531	0.489119	-0.159452	-0.167106	-0.359599	-0.169996	-0.338822	-0.185214	-0.768323	-0.350722	4	-44	1.18	23.527363
326.536285	26.743992	-260.514923	-57.168446	60.441174	6.236991	328.968689	0.489119	-0.318905	-0.167106	-0.359599	-0.169996	-0.338822	-0.185214	-0.768323	-0.350722	4	-40	1.18	23.388092
326.897278	26.743992	-261.236542	-56.993614	60.262356	6.431898	327.367889	0.489119	-0.318905	-0.167106	-0.359599	-0.169996	-0.338822	-0.185214	-0.576401	-0.350722	4	-40	1.18	23.322936
322.565155	25.012369	-255.824188	-52.273285	62.765831	6.431898	326.087219	0.489119	-0.318905	-0.167106	-0.359599	-0.169996	-0.338822	-0.185214	-0.576401	-0.350722	4	-40	1.18	23.276355
323.828674	27.898407	-258.349945	-57.168446	59.368256	6.431898	324.966644	0.652158	-0.159452	-0.167106	-0.359599	-0.169996	-0.338822	-0.185214	-0.768323	-0.350722	4	-40	1.18	23.235521
301.265381	60.782185	-189.793411	-12.237894	111.047218	5.652272	301.844757	0.489119	-0.318905	-0.167106	-0.359599	-0.169996	-0.338822	-0.185214	-0.768323	-0.350722	4	-36	1.18	22.405828
300.182343	60.974533	-190.154236	-15.734432	108.543747	5.652272	301.044495	0.489119	-0.318905	-0.167106	-0.359599	-0.169996	-0.169412	-0.185214	-0.768323	-0.350722	4	-36	1.18	22.375539
299.640808	60.991634	-189.071777	-13.46168	109.795486	5.457366	300.314026	0.652158	-0.318905	-0.167106	-0.359599	-0.169996	-0.169412	-0.185214	-0.768323	-0.350722	4	-36	1.18	22.355247
297.474731	60.397488	-186.185181	-12.587546	110.15313	5.847179	299.444061	0.489119	-0.318905	-0.167106	-0.179798	-0.169996	-0.338822	-0.185214	-0.576401	-0.350722	4	-36	1.18	22.307439
279.604584	85.595184	-128.092514	20.326319	147.347672	5.26246	281.999176	0.489119	-0.159452	-0.167106	-0.359599	-0.169996	-0.338822	-0.185214	-0.768323	-0.350722	4	-32	1.18	21.657454
278.702057	85.041946	-127.731697	20.85733	147.168854	5.652272	281.198944	0.652158	-0.159452	-0.167106	-0.359599	-0.169996	-0.338822	-0.185214	-0.576401	-0.350722	4	-32	1.18	21.610836
278.521545	85.42675	-127.19046	21.558416	147.168854	5.26246	280.143677	0.489119	-0.159452	-0.167106	-0.359599	-0.169996	-0.338822	-0.185214	-0.576401	-0.350722	4	-32	1.18	21.584726
276.897003	83.864037	-128.272934	20.151093	144.307739	5.26246	278.958313	0.489119	-0.159452	-0.167106	-0.359599	-0.169996	-0.338822	-0.185214	-0.384268	-0.350722	4	-32	1.18	21.538136
256.680267	104.830063	-74.149323	46.259945	174.17067	4.482835	262.953827	0.489119	-0.318905	-0.334219	-0.359599	-0.169996	-0.338822	-0.185214	-0.576401	-0.350722	4	-28	1.18	20.930514
257.04126	104.474602	-74.510147	46.797554	174.17067	4.677742	263.43396	0.489119	-0.318905	-0.167106	-0.359599	-0.169996	-0.338822	-0.185214	-0.576401	-0.350722	4	-28	1.18	20.94206
257.763306	104.474602	-75.412209	47.486538	174.885956	4.872647	263.593994	0.489119	-0.159452	-0.167106	-0.359599	-0.169996	-0.338822	-0.185214	-0.768323	-0.350722	4	-28	1.18	20.940648
257.04126	103.897392	-74.329735	47.498638	174.885956	4.872647	264.394226	0.489119	-0.159452	-0.167106	-0.359599	-0.169996	-0.338822	-0.185214	-0.576401	-0.350722	4	-28	1.18	20.973008
267.149658	131.566544	-39.329815	75.016312	216.372192	5.26246	280.558746	0.489119	-0.318905	-0.167106	-0.359599	-0.169996	-0.338822	-0.185214	-0.768323	-0.350722	4	-24	1.18	21.601016
268.052155	131.758896	-39.510223	75.347664	216.908646	5.26246	281.198944	0.489119	-0.318905	-0.167106	-0.359599	-0.169996	-0.338822	-0.185214	-0.768323	-0.350722	4	-24	1.18	21.626118
267.510651	131.218552	-38.788578	75.542122	217.445099	5.457366	282.224731	0.489119	-0.318905	-0.167106	-0.359599	-0.169996	-0.338822	-0.185214	-0.576401	-0.350722	4	-24	1.18	21.658652
268.954712	133.142578	-39.329815	74.665764	218.518005	5.26246	282.704987	0.652158	-0.318905	-0.167106	-0.179798	-0.169996	-0.338822	-0.185214	-0.768323	-0.350722	4	-24	1.18	21.685054
272.203796	156.615677	0.180638	102.709251	254.103195	5.652272	296.883362	0.489119	-0.318905	-0.167106	-0.179798	-0.169996	-0.169412	-0.185214	-0.576401	-0.350722	4	-20	1.18	22.217381
272.745361	158.34729	0.361286	100.781258	254.282013	6.042085	297.20343	0.652158	-0.318905	-0.167106	-0.359599	-0.169996	-0.338822	-0.185214	-0.576401	-0.350722	4	-20	1.18	22.214721
272.925842	159.116913	0.361286	102.157425	256.249054	5.652272	297.752686	0.489119	-0.318905	-0.167106	-0.359599	-0.169996	-0.338822	-0.185214	-0.768323	-0.350722	4	-20	1.18	22.250515
272.925842	159.649475	0.541935	101.482353	255.712585	5.652272	298.003662	0.652158	-0.159452	-0.167106	-0.179798	-0.169996	-0.169412	-0.185214	-0.768323	-0.350722	4	-20	1.18	22.260072
268.052155	180.665985	46.246006	124.442955	284.681427	6.042085	309.278625	0.652158	-0.159452	-0.167106	-0.359599	-0.169996	-0.338822	-0.185214	-0.576401	-0.350722	4	-16	1.18	22.670691
267.510651	182.154282	47.329895	124.060822	286.290802	5.847179	309.526886	0.652158	-0.159452	-0.167106	-0.179798	-0.169996	-0.338822	-0.185214	-0.768323	-0.350722	4	-16	1.18	22.687252
269.496216	182.590012	46.787949	124.936966	285.5755	6.042085	310.007019	0.489119	-0.159452	-0.167106	-0.359599	-0.169996	-0.169412	-0.185214	-0.768323	-0.350722	4	-16	1.18	22.697903
268.593689	182.590012	47.149246	124.411285	287.184875	6.042085	310.167053	0.652158	-0.318905	-0.167106	-0.359599	-0.169996	-0.169412	-0.185214	-0.576241	-0.350722	4	-16	1.18	22.703877
257.582794	203.369492	94.117859	140.74324	310.252655	6.042085	319.609741	0.489119	-0.318905	-0.167106	-0.359599	-0.169996	-0.338822	-0.185214	-0.768323	-0.350722	4	-12	1.18	23.053646
259.568359	201.445465	91.950073	141.408325	307.391541	6.042085	320.249908	0.652158	-0.318905	-0.167106	-0.359599	-0.169996	-0.338822	-0.185214	-0.768323	-0.350722	4	-12	1.18	23.077167
258.485321	202.022675	93.214615	141.269043	309.537384	6.042085	320.890076	0.652158	-0.318905	-0.167106	-0.359599	-0.169996	-0.338822	-0.185214	-0.768323	-0.350722	4	-12	1.18	23.100664
259.387848	201.830261	92.672668	141.619598	310.431488	6.431898	321.370209	0.489119	-0.159452	-0.167106	-0.359599	-0.169996	-0.338822	-0.185214	-0.576401	-0.350722	4	-12	1.18	23.103977
242.600769	217.7388	139.099335	153.362793	328.134674	6.236991	331.132965	0.652158	-0.159452	-0.167106	-0.359599	-0.169996	-0.338822	-0.185214	-0.576401	-0.350722	4	-8	1.18	23.466383
243.503281	218.954086	138.37674	151.434814	326.346466	6.236991	331.453064	0.489119	-0.318905	-0.167106	-0.359599	0.000042	-0.338822	-0.185214	-0.576401	-0.350722	4	-8	1.18	23.47794
243.503281	217.546448	137.654144	152.097183	327.598206	6.431898	331.773132	0.489119	-0.318905	-0.167106	-0.359599	-0.169996	-0.338822	-0.185214	-0.768323	-0.350722	4	-8	1.18	23.482458
246.391373	218.954086	137.112198	152.135895	326.346466	6.626803	332.170349	0.489119	-0.318905	-0.167106	-0.359599	-0.169996	-0.338822	-0.185214	-0.768323	-0.350722	4	-8	1.18	23.489758
216.968826	224.148956	171.43541	153.187531	330.638153	6.236991	331.209869	0.489119	-0.318905	-0.167106	-0.359599	-0.169996	-0.338822	-0.185214	-0.768323	-0.350722	4	-4	1.18	23.46916
212.095154	221.840134	170.532181	150.383179	328.313507	6.042085	328.892334	0.652158	-0.318905	-0.167106	-0.359599	-0.169996	-0.338822	-0.185214	-0.576401	-0.350722	4	-4	1.18	23.392388
211.914642	221.070511	171.074112	150.733719	325.631195	6.236991	327.451935	0.489119	-0.318905	-0.167106	-0.359599	-0.169996	-0.169412	-0.185214	-0.384268	-0.350722	4	-4	1.18	23.333069
211.553635	219.531281	169.809586	149.994446	325.27356	6.236991	325.927155	0.489119	-0.318905	-0.334219	-0.359599	-0.169996	-0.338822	-0.185214	-0.768323	-0.350722	4	-4	1.18	23.277623
168.77359	210.295975	185.345352	139.866867	305.066895	5.847179	304.316071	0.489119	-0.318905	-0.167106	-0.359599	-0.169996	-0.169412	-0.185214	-0.768323	-0.350722	4	0	1.18	22.491765
168.954102	208.69841	184.984055	140.74324	304.172791	5.652272	303.44516	0.489119	-0.318905	-0.167106	-0.359599	-0.169996	-0.338822	-0.185214	-0.576401	-0.350722	4	0	1.18	22.466279
168.051559	207.351974	184.261444	140.0065	302.384583	5.652272	302.804993	0.489119	-0.318905	-0.167106	-0.359599	-0.169996	-0.338822	-0.185214	-0.768323	-0.350722	4	0	1.18	22.442118
168.232071	207.025146	184.080811	140.392685	302.742218	5.847179	302.164825	0.489119	-0.318905	-0.167106	-0.359599	0.000042	-0.338822	-0.185214	-0.768323	-0.350722	4	0	1.18	22.410563
129.964691	190.809982	192.571289	130.894684	278.780334	5.457366	281.358978	0.652158	-0.318905	-0.167106	-0.359599	-0.169996	-0.338822	-0.185214	-0.768323	-0.350722	4	4	1.18	21.624751
129.78418	191.632935	192.390625	130.894684	279.674469	5.067554	280.398712	0.652158	-0.318905	-0.167106	-0.359599	-0.169996	-0.338822	-0.185214	-0.768323	-0.350722	4	4	1.18	21.602383
129.423172	190.670914	191.848694	130.577469	278.243896	5.067554	280.078613	0.489119	-0.318905	-0.167106	-0.359599	-0.169996	-0.338822	-0.185214	-0.576401	-0.350722	4	4	1.18	21.589822
129.242661	191.055725	191.487396	129.350555	277.707428	5.26246	279.438446	0.489119	-0.318905	-0.167151	-0.179798	-0.169996	-0.338822	-0.185214	-0.576401	-0.350722	4	4	1.18	21.557019
92.599846	175.614426	200.881119	120.030594	258.752502	5.067554	264.714325	0.489119	-0.318905	-0.167106	-0.359599	-0.169996	-0.169412	-0.185214	-0.768323	-0.350722	4	8	1.18	20.978066
92.960854	175.422073	200.70047	120.236435	259.289001	5.067554	264.234161	0.652158	-0.318905	-0.167106	-0.359599	-0.169996	-0.338822	-0.185214	-0.384268	-0.350722	4	8	1.18	20.95866
90.975281	174.652679	201.423065	120.381065	259.289001	4.677742	263.43396	0.652158	-0.318905	-0.167106	-0.359599	-0.169996	-0.338822	-0.185214	-0.768323	-0.350722	4	8	1.18	20.94206
90.975281	175.086319	201.423065	119.85537	259.289001	4.872647	263.113861	0.489119	-0.318905	-0.334219	-0.359599	-0.169996	-0.338822	-0.185214	-0.768323	-0.350722	4	8	1.18	20.921209
62.274746	177.345551	229.784882	118.658989	262.865356	4.872647	278.318115	0.652158	-0.159452	-0.167106	-0.359599	-0.169996	-0.338822	-0.185214	-0.576401	-0.350722	4	12	1.18	21.528281
62.274746	177.779953	230.868759	119.885887	263.401855	4.677742	278.638245	0.489119	-0.318905	-0.334219	-0.359599	-0.169996	-0.338822	-0.185214	-0.768323	-0.350722	4	12	1.18	21.548546
62.996773	177.01033	231.410721	121.813873	264.653595	5.26246	279.278412	0.652158	-0.318905	-0.167106	-0.359599	-0.169996	-0.338822	-0.185214	-0.576401	-0.350722	4	12	1.18	21.550727
63.17728	178.884354	232.31395	120.55629	265.190033	5.26246	279.59848	0.489119	-0.159452	-0.167106	-0.359599	-0.169996	-0.338822	-0.185214	-0.768323	-0.350722	4	12	1.18	21.56331
27.617495	172.969894	257.243439	112.320602	258.752502	5.457366	292.562134	0.489119	-0.318905	-0.167106	-0.359599	-0.169996	-0.169412	-0.185214	-0.768323	-0.350722	4	16	1.18	22.059425
25.451416	172.344498	259.230591	111.82338	259.467804	5.26246	293.042267	0.489119	-0.318905	-0.167151	-0.359599	-0.169996	-0.338822	-0.185214	-0.576401	-0.350722	4	16	1.18	22.085344
24.729391	171.623077	259.772522	112.145378	259.110168	5.457366	293.5224	0.652158	-0.159452	-0.167106	-0.179798	-0.169996	-0.338822	-0.185214	-0.768323	-0.350722	4	16	1.18	22.096285
26.714962	175.037369	260.314453	111.970161	261.256012	5.457366	294.162567	0.489119	-0.318905	-0.167106	-0.179798	-0.169996	-0.169412	-0.185214	-0.768323	-0.350722	4	16	1.18	22.120824
-12.071798	166.958725	282.534241	94.79789	244.804565	6.042085	306.486053	0.652158	-0.318905	-0.167106	-0.179798	-0.169996	-0.338822	-0.185214	-0.768323	-0.350722	4	20	1.18	22.56606
-13.333031	166.189331	283.076172	95.498795	243.910461	5.652272	306.966187	0.652158	-0.159452	-0.167106	-0.359599	0.000042	-0.169412	-0.185214	-0.768323	-0.350722	4	20	1.18	22.598706
-14.237635	165.08139	285.605255	96.574738	245.877472	5.847179	307.766388	0.489119	-0.318905	-0.167106	-0.359599	-0.169996	-0.338822	-0.185214	-0.384268	-0.350722	4	20	1.18	22.621395
-13.152854	166.574036	284.340698	95.148338	244.804565	5.847179	308.086487	0.489119	-0.318905	-0.167106	-0.179798	-0.169996	-0.338822	-0.185214	-0.768323	-0.350722	4	20	1.18	22.633383
-58.737404	154.263702	305.657227	68.513802	216.55101	6.042085	319.129578	0.652158	-0.318905	-0.167151	-0.359599	-0.169996	-0.338822	-0.185214	-0.576401	-0.350722	4	24	1.18	23.035989
-57.115822	153.109619	304.212036	67.6549	216.55101	6.042085	319.449677	0.489119	-0.318905	-0.167151	-0.359599	-0.169996	-0.338822	-0.185214	-0.576401	-0.350722	4	24	1.18	23.047761
-59.83411	152.767624	305.837891	68.163345	216.372192	5.847179	319.769775	0.489119	-0.318905	-0.167106	-0.359599	-0.169996	-0.169412	-0.185214	-0.576241	-0.350722	4	24	1.18	23.066691
-59.097759	153.686646	306.379822	68.18071	216.908646	5.847179	320.249908	0.652158	-0.159452	-0.167151	-0.359599	-0.169996	-0.338822	-0.185214	-0.576401	-0.350722	4	24	1.18	23.084324
-107.232811	135.221161	320.651093	26.634499	173.276581	6.626803	329.372467	0.652158	-0.318905	-0.167106	-0.359599	-0.169996	-0.338822	-0.185214	-0.768323	-0.350722	4	28	1.18	23.388599
-106.123718	135.990555	320.470398	25.057455	171.309555	6.431898	329.692566	0.652158	-0.318905	-0.167106	-0.359599	-0.169996	-0.338822	-0.185214	-0.768323	-0.350722	4	28	1.18	23.407252
-108.285828	135.605865	322.999512	28.56929	174.52832	6.431898	330.012634	0.489119	-0.318905	-0.167106	-0.359599	-0.169996	-0.338822	-0.185214	-0.768323	-0.350722	4	28	1.18	23.418837
-107.773476	135.643799	322.818848	27.167114	173.634216	5.847179	330.492767	0.489119	-0.318905	-0.167106	-0.359599	-0.169996	-0.338822	-0.185214	-0.576401	-0.350722	4	28	1.18	23.45734
-157.834259	108.099998	329.502838	-19.056145	114.444801	6.626803	334.173798	0.489119	-0.318905	-0.167106	-0.359599	-0.169996	-0.338822	-0.185214	-0.576241	-0.350722	4	32	1.18	23.561927
-158.416214	107.360641	327.877014	-20.804417	111.94133	6.626803	332.733398	0.652158	-0.318905	-0.167106	-0.359599	-0.169996	-0.338822	-0.370427	-0.768323	-0.350722	4	32	1.18	23.510063
-158.59642	107.360641	327.154419	-20.629591	112.656601	6.431898	331.613098	0.652158	-0.159452	-0.167106	-0.359599	-0.169996	-0.338822	-0.185214	-0.768323	-0.350722	4	32	1.18	23.476682
-156.794205	108.130257	326.431824	-19.405802	114.265984	6.236991	330.172668	0.652158	-0.318905	-0.167106	-0.359599	-0.169996	-0.338822	-0.185214	-0.768323	-0.350722	4	32	1.18	23.431677
-190.135498	70.034554	301.141022	-63.287392	40.592155	5.652272	303.925323	0.652158	-0.159452	-0.167106	-0.359599	-0.169996	-0.169412	-0.185214	-0.768323	-0.350722	4	36	1.18	22.484384
-188.333252	66.571312	297.166748	-63.287392	36.300476	5.652272	303.125092	0.489119	-0.318905	-0.167106	-0.359599	-0.169996	-0.338822	-0.185214	-0.768323	-0.350722	4	36	1.18	22.454202
-187.022781	70.014931	297.528076	-64.336349	38.982777	5.26246	302.32486	0.652158	-0.318905	-0.167106	-0.359599	-0.169996	-0.169412	-0.185214	-0.768323	-0.350722	4	36	1.18	22.438708
-189.234375	68.668488	297.889343	-59.616016	42.201534	5.457366	301.364624	0.489119	-0.318905	-0.334219	-0.359599	-0.169996	-0.338822	-0.185214	-0.768323	-0.350722	4	36	1.18	22.395038
-216.391479	29.814032	278.740601	-94.406601	-26.582087	5.26246	283.759674	0.652158	-0.318905	-0.167106	-0.359599	-0.169996	-0.169412	-0.185214	-0.768323	-0.350722	4	40	1.18	21.726233
-215.546951	31.352823	278.921265	-97.72831	-26.93889	5.26246	283.119476	0.652158	-0.318905	-0.167106	-0.359599	-0.169996	-0.338822	-0.185214	-0.768323	-0.350722	4	40	1.18	21.701247
-216.267853	33.083961	278.1987	-97.72831	-27.2957	5.457366	282.479279	0.652158	-0.159452	-0.167106	-0.359599	-0.169996	-0.338822	-0.185214	-0.768323	-0.350722	4	40	1.18	21.66861
-215.186523	32.699261	277.656738	-96.504524	-26.582087	5.067554	281.839111	0.652158	-0.318905	-0.167151	-0.359599	-0.169996	-0.338822	-0.185214	-0.576401	-0.350722	4	40	1.18	21.658816
-238.012634	-1.1512	257.243439	-128.847534	-88.844818	5.067554	267.275055	0.652158	-0.159452	-0.167106	-0.359599	-0.169996	-0.338822	-0.185214	-0.768323	-0.350722	4	44	1.18	21.081259
-235.191284	-3.069867	256.701508	-128.323044	-91.164055	4.677742	266.474792	0.652158	-0.318905	-0.167106	-0.359599	-0.169996	-0.169412	-0.185214	-0.768323	-0.350722	4	44	1.18	21.064753
-236.813293	-0.959333	257.243439	-129.372009	-87.952805	4.872647	265.994659	0.652158	-0.159452	-0.167106	-0.359599	-0.169996	-0.338822	-0.185214	-0.768323	-0.350722	4	44	1.18	21.037578
-235.912186	-0.767466	256.882141	-129.721664	-88.488014	4.872647	265.354492	0.652158	-0.318905	-0.167106	-0.359599	-0.169996	-0.338822	-0.185214	-0.768323	-0.350722	4	44	1.18	21.011774
272.56485	22.889475	-260.695312	-134.441986	-9.81218	4.872647	277.357849	0.489119	-0.159452	-0.167106	-0.359599	-0.169996	-0.338822	-0.185214	-0.768323	-0.350722	8	-44	1.18	21.490447
271.842804	23.081823	-258.710785	-133.218201	-9.455374	5.067554	278.47818	0.652158	-0.318905	-0.167151	-0.359599	-0.169996	-0.338822	-0.185214	-0.768323	-0.350722	8	-44	1.18	21.526909
272.925842	22.504776	-260.154083	-131.819595	-8.563356	5.067554	278.798279	0.652158	-0.159452	-0.167106	-0.359599	-0.169996	-0.169412	-0.185214	-0.768323	-0.350722	8	-44	1.18	21.539507
273.647858	22.895943	-259.612854	-130.24614	-6.957727	5.067554	279.59848	0.652158	-0.318905	-0.167151	-0.359599	-0.169996	-0.338822	-0.185214	-0.768323	-0.350722	8	-44	1.18	21.570967
290.434998	60.012794	-232.190231	-101.050018	47.029678	5.652272	294.162567	0.652158	-0.318905	-0.167106	-0.359599	-0.169996	-0.169412	-0.185214	-0.768323	-0.350722	8	-40	1.18	22.113355
291.518005	58.474007	-232.551056	-97.72831	47.208496	5.652272	294.962799	0.652158	-0.318905	-0.167106	-0.359599	-0.169996	-0.338822	-0.185214	-0.768323	-0.350722	8	-40	1.18	22.144002
292.420563	60.205143	-234.535583	-100.875198	46.850853	5.652272	295.442932	0.652158	-0.318905	-0.167106	-0.359599	-0.169996	-0.338822	-0.185214	-0.768323	-0.175361	8	-40	1.18	22.162369
291.698517	61.18404	-231.107742	-98.777275	49.354336	5.652272	295.923065	0.652158	-0.318905	-0.167106	-0.359599	-0.169996	-0.169412	-0.185214	-0.768323	-0.350722	8	-40	1.18	22.180721
305.597534	95.789665	-193.040833	-59.266369	105.146164	5.847179	307.606354	0.652158	-0.159452	-0.167106	-0.359599	-0.170038	-0.338822	-0.185214	-0.768323	-0.350722	8	-36	1.18	22.615398
304.333984	94.469673	-191.777939	-59.790848	105.682625	5.847179	308.086487	0.489119	-0.318905	-0.334219	-0.359599	-0.169996	-0.338822	-0.185214	-0.768323	-0.350722	8	-36	1.18	22.633383
305.958557	96.751411	-192.860428	-61.014637	104.609703	5.847179	308.246552	0.652158	-0.318905	-0.167106	-0.359599	-0.170038	-0.338822	-0.185214	-0.768323	-0.350722	8	-36	1.18	22.639376
305.958557	95.982018	-196.468658	-65.21048	101.927406	6.042085	309.046753	0.489119	-0.159452	-0.167151	-0.179798	-0.169996	-0.338822	-0.185214	-0.768323	-0.350722	8	-36	1.18	22.662022
312.095764	131.374207	-143.607941	-22.552687	160.043884	6.236991	318.809479	0.652158	-0.318905	-0.167106	-0.359599	-0.169996	-0.338822	-0.185214	-0.768323	-0.350722	8	-32	1.18	23.017034
314.442352	130.604813	-147.216187	-24.825439	157.898056	6.236991	319.289612	0.652158	-0.159452	-0.167106	-0.359599	-0.169996	-0.338822	-0.185214	-0.576401	-0.350722	8	-32	1.18	23.034705
313.900848	130.79715	-145.412064	-23.251995	158.613342	6.042085	319.609741	0.652158	-0.318905	-0.167151	-0.179798	-0.169996	-0.338822	-0.185214	-0.768323	-0.350722	8	-32	1.18	23.053646
314.081329	130.604813	-144.69043	-22.90234	158.613342	6.236991	320.089874	0.652158	-0.159452	-0.167151	-0.359599	-0.169996	-0.338822	-0.185214	-0.768323	-0.350722	8	-32	1.18	23.064129
319.31604	163.688797	-93.994644	16.997004	210.292313	6.431898	330.492767	0.652158	-0.318905	-0.167151	-0.359599	-0.169996	-0.338822	-0.185214	-0.768323	-0.350722	8	-28	1.18	23.436206
320.218536	161.957657	-95.437943	16.296093	208.504105	6.431898	330.9729	0.652158	-0.318905	-0.167151	-0.359599	-0.169996	-0.338822	-0.185214	-0.768323	-0.350722	8	-28	1.18	23.453561
320.579559	163.304092	-94.716293	16.296093	209.577026	6.236991	331.453064	0.652158	-0.318905	-0.167106	-0.359599	-0.169996	-0.338822	-0.185214	-0.768323	-0.350722	8	-28	1.18	23.47794
319.31604	163.688797	-93.272995	16.997004	212.259323	6.236991	331.773132	0.652158	-0.318905	-0.167106	-0.359599	-0.169996	-0.169412	-0.185214	-0.768323	-0.350722	8	-28	1.18	23.48949
310.29068	185.860855	-42.577229	51.341537	246.771591	6.236991	331.132965	0.652158	-0.318905	-0.167151	-0.359599	-0.169996	-0.338822	-0.185214	-0.768323	-0.350722	8	-24	1.18	23.466383
310.832214	184.270126	-42.035992	53.269035	246.413925	6.236991	329.8526	0.652158	-0.318905	-0.167106	-0.359599	-0.169996	-0.338822	-0.185214	-0.768323	-0.350722	8	-24	1.18	23.420099
309.388153	183.116013	-42.577229	53.107338	246.413925	6.236991	328.41217	0.652158	-0.318905	-0.167151	-0.359599	-0.170038	-0.338822	-0.185214	-0.768323	-0.350722	8	-24	1.18	23.367918
307.763611	182.782425	-41.675167	53.444263	244.625748	6.236991	326.971802	0.652158	-0.318905	-0.167106	-0.359599	-0.169996	-0.338822	-0.185214	-0.768323	-0.350722	8	-24	1.18	23.315624
274.189392	186.193604	6.322687	74.997215	250.705612	6.042085	302.32486	0.489119	-0.318905	-0.167151	-0.359599	-0.170038	-0.169412	-0.185214	-0.768323	-0.350722	8	-20	1.18	22.409244
271.481812	186.578308	8.851766	74.296303	252.315002	5.652272	301.524658	0.652158	-0.318905	-0.167106	-0.359599	-0.169996	-0.338822	-0.185214	-0.768323	-0.350722	8	-20	1.18	22.393718
271.481812	187.400085	9.935657	75.522896	252.315002	5.652272	300.724426	0.652158	-0.159452	-0.167151	-0.359599	-0.169996	-0.338822	-0.185214	-0.768323	-0.350722	8	-20	1.18	22.363414
270.398743	185.808914	9.032414	74.646751	251.778549	5.652272	299.76416	0.652158	-0.318905	-0.167106	-0.359599	-0.169996	-0.169412	-0.185214	-0.768323	-0.350722	8	-20	1.18	22.326995
242.420258	189.655869	46.246006	85.861298	254.818497	5.067554	282.319244	0.652158	-0.318905	-0.167151	-0.359599	-0.170038	-0.338822	-0.185214	-0.768323	-0.350811	8	-16	1.18	21.677594
241.337219	187.592484	47.510544	88.664932	256.070221	5.067554	281.519043	0.489119	-0.318905	-0.167151	-0.359599	-0.169996	-0.338822	-0.185214	-0.768323	-0.350722	8	-16	1.18	21.646289
239.893158	187.540054	46.426651	86.562202	252.851456	5.067554	280.398712	0.489119	-0.318905	-0.334219	-0.359599	-0.169996	-0.338822	-0.185214	-0.768323	-0.350722	8	-16	1.18	21.602383
239.712646	187.400085	46.426651	86.211754	252.851456	4.872647	279.59848	0.489119	-0.318905	-0.167151	-0.359599	-0.169996	-0.338822	-0.185214	-0.768323	-0.350722	8	-16	1.18	21.578624
208.124008	186.001251	78.401436	89.716293	248.917419	4.872647	262.793793	0.652158	-0.318905	-0.167151	-0.359599	-0.170038	-0.338822	-0.185214	-0.768323	-0.350811	8	-12	1.18	20.908239
209.748566	185.808914	76.233658	89.739136	248.917419	4.677742	263.113861	0.489119	-0.318905	-0.334296	-0.359599	-0.170038	-0.338822	-0.185214	-0.768323	-0.350722	8	-12	1.18	20.929103
210.290085	186.385941	78.401436	91.819016	249.990341	4.872647	263.914093	0.489119	-0.318905	-0.167106	-0.359599	-0.169996	-0.338822	-0.185214	-0.768323	-0.350722	8	-12	1.18	20.953599
211.192612	188.117081	78.762733	91.819016	251.599731	4.677742	264.234161	0.652158	-0.318905	-0.167106	-0.359599	-0.169996	-0.169412	-0.185214	-0.768323	-0.350722	8	-12	1.18	20.974416
202.889313	206.582581	114.711784	99.35379	272.521667	5.067554	280.238678	0.489119	-0.318905	-0.167106	-0.359599	-0.169996	-0.338822	-0.185214	-0.768323	-0.350722	8	-8	1.18	21.596104
203.791855	207.544327	114.16983	98.302429	272.70047	5.652272	280.878876	0.489119	-0.318905	-0.334219	-0.359599	-0.169996	-0.338822	-0.185214	-0.768323	-0.350722	8	-8	1.18	21.598281
203.791855	207.929016	116.337624	100.605995	273.594574	5.067554	281.358978	0.652158	-0.318905	-0.334296	-0.359599	-0.170038	-0.338822	-0.185214	-0.768323	-0.350811	8	-8	1.18	21.640021
205.235916	207.736664	115.073082	99.879471	273.236938	5.26246	282.15921	0.489119	-0.318905	-0.167151	-0.359599	-0.170038	-0.338822	-0.185214	-0.768323	-0.350811	8	-8	1.18	21.663715
190.614868	222.224915	149.396301	105.661972	291.655396	5.26246	295.763031	0.489119	-0.318905	-0.167151	-0.359599	-0.170038	-0.338822	-0.185214	-0.768323	-0.350722	8	-4	1.18	22.189499
191.156387	222.739883	149.396301	105.661972	290.761292	5.457366	296.243164	0.489119	-0.318905	-0.167106	-0.359599	-0.169996	-0.338822	-0.185214	-0.768323	-0.350722	8	-4	1.18	22.200389
191.51741	223.186951	148.85434	104.96106	292.370697	5.457366	296.883362	0.652158	-0.318905	-0.167151	-0.359599	-0.169996	-0.169412	-0.185214	-0.768323	-0.350722	8	-4	1.18	22.224814
191.697922	222.994553	149.576935	104.260147	291.118927	5.457366	297.20343	0.489119	-0.159452	-0.167151	-0.359599	-0.169996	-0.338822	-0.185214	-0.768323	-0.175361	8	-4	1.18	22.237015
170.03714	234.088455	179.925888	108.11515	302.384583	5.847179	307.766388	0.652158	-0.318905	-0.334219	-0.359599	-0.169996	-0.338822	-0.185214	-0.768323	-0.350722	8	0	1.18	22.621395
171.300674	232.934357	179.925888	108.991295	302.563416	6.042085	308.246552	0.652158	-0.318905	-0.334296	-0.359599	-0.170038	-0.338822	-0.185214	-0.768323	-0.350722	8	0	1.18	22.632078
172.022705	235.434891	180.648483	109.6922	303.993988	5.847179	308.726685	0.489119	-0.318905	-0.167106	-0.359599	-0.169996	-0.338822	-0.185214	-0.768323	-0.350722	8	0	1.18	22.657341
170.759171	234.473145	181.732376	109.51696	305.245728	5.847179	309.206818	0.489119	-0.318905	-0.167151	-0.359599	-0.170038	-0.338822	-0.185214	-0.768323	-0.350811	8	0	1.18	22.675293
145.849258	241.013	212.803909	115.299469	312.934967	6.042085	320.089874	0.652158	-0.318905	-0.167151	-0.359599	-0.170038	-0.338822	-0.185214	-0.768323	-0.350811	8	4	1.18	23.071289
146.210266	243.321198	214.791046	115.474693	314.544342	6.042085	320.409943	0.489119	-0.318905	-0.334219	-0.359599	-0.169996	-0.338822	-0.185214	-0.768323	-0.350722	8	4	1.18	23.083043
146.02977	241.78241	214.068451	116.000374	315.617249	6.236991	321.05011	0.489119	-0.318905	-0.334296	-0.359599	-0.170038	-0.338822	-0.185214	-0.768323	-0.350811	8	4	1.18	23.099384
147.473816	243.128845	214.97168	116.175613	317.226654	6.236991	321.530243	0.652158	-0.318905	-0.167106	-0.359599	-0.169996	-0.338822	-0.185214	-0.768323	-0.350811	8	4	1.18	23.116992
116.787712	246.975815	245.501297	117.226974	318.120758	6.431898	330.9729	0.489119	-0.318905	-0.167151	-0.359599	-0.169996	-0.169412	-0.185214	-0.768323	-0.350722	8	8	1.18	23.453561
115.885178	246.206421	245.320648	117.402199	316.869019	6.042085	331.132965	0.652158	-0.318905	-0.167106	-0.359599	-0.169996	-0.338822	-0.185214	-0.768323	-0.350722	8	8	1.18	23.473421
115.885178	245.821732	247.30777	118.979233	319.372467	6.042085	331.453064	0.489119	-0.318905	-0.334296	-0.359599	-0.170038	-0.338822	-0.185214	-0.768323	-0.350811	8	8	1.18	23.484975
116.968224	246.014069	245.501297	118.278336	319.193665	6.042085	331.773132	0.652158	-0.318905	-0.167151	-0.359599	-0.170038	-0.338822	-0.185214	-0.768323	-0.350811	8	8	1.18	23.496522
75.632225	236.973679	267.901703	113.196747	307.749207	6.236991	331.453064	0.652158	-0.318905	-0.167151	-0.359599	-0.170038	-0.338822	-0.185214	-0.768323	-0.350811	8	12	1.18	23.47794
74.549187	238.194321	267.359741	110.568321	304.888092	6.431898	330.172668	0.489119	-0.159452	-0.167151	-0.359599	-0.170038	-0.338822	-0.185214	-0.768323	-0.350722	8	12	1.18	23.424628
75.451721	235.050201	265.914581	112.495827	304.351624	6.431898	329.052368	0.652158	-0.318905	-0.167106	-0.359599	-0.170038	-0.338822	-0.185214	-0.768323	-0.350722	8	12	1.18	23.384062
75.812737	232.74202	264.288727	111.61969	303.993988	6.431898	327.451935	0.489119	-0.318905	-0.334296	-0.359599	-0.170038	-0.338822	-0.185214	-0.768323	-0.350811	8	12	1.18	23.325989
30.686104	207.159622	263.0242	89.365837	262.865356	5.652272	304.88559	0.652158	-0.318905	-0.167151	-0.359599	-0.170038	-0.338822	-0.185214	-0.768323	-0.350811	8	16	1.18	22.520548
31.588636	207.159622	262.482239	89.190613	263.04422	5.457366	303.925323	0.652158	-0.318905	-0.167106	-0.359599	-0.169996	-0.338822	-0.185214	-0.768323	-0.350722	8	16	1.18	22.491729
30.5056	205.23613	261.037048	88.489708	259.825439	5.457366	302.965057	0.652158	-0.318905	-0.167106	-0.359599	-0.170038	-0.169412	-0.185214	-0.768323	-0.350722	8	16	1.18	22.455519
29.42256	204.466736	261.57901	89.015388	260.361908	5.652272	302.32486	0.652158	-0.159452	-0.167151	-0.359599	-0.170038	-0.338822	-0.185214	-0.768323	-0.350811	8	16	1.18	22.42398
-6.666514	179.461395	253.991776	61.855164	219.233307	5.067554	281.519043	0.489119	-0.318905	-0.167151	-0.359599	0.000042	-0.338822	-0.185214	-0.768323	-0.350811	8	20	1.18	21.646289
-8.470491	177.537903	254.172409	62.731304	216.729828	5.067554	280.878876	0.489119	-0.318905	-0.167151	-0.359599	-0.170038	-0.169412	-0.370328	-0.768323	-0.350811	8	20	1.18	21.621212
-7.927748	177.730255	253.449814	62.030399	216.908646	5.067554	280.238678	0.652158	-0.318905	-0.167151	-0.359599	-0.170038	-0.338822	-0.185214	-0.768323	-0.175361	8	20	1.18	21.596104
-8.650715	175.422073	253.449814	62.55608	216.729828	4.872647	279.59848	0.652158	-0.318905	-0.167151	-0.359599	-0.170038	-0.338822	-0.185214	-0.768323	-0.350811	8	20	1.18	21.578624
-43.062084	154.263702	248.572311	28.386772	174.707138	4.872647	264.714325	0.489119	-0.318905	-0.167151	-0.359599	-0.170038	-0.338822	-0.185214	-0.768323	-0.350811	8	24	1.18	20.985939
-41.811787	153.686646	247.488434	29.963818	174.707138	4.872647	264.074127	0.652158	-0.318905	-0.167106	-0.359599	-0.169996	-0.338822	-0.185214	-0.768323	-0.350722	8	24	1.18	20.96007
-42.532681	153.301956	247.127121	28.912455	173.634216	4.872647	263.43396	0.489119	-0.318905	-0.167151	-0.359599	-0.169996	-0.338822	-0.185214	-0.768323	-0.350722	8	24	1.18	20.934171
-40.730446	153.686646	246.043243	28.211542	173.991852	4.677742	262.953827	0.652158	-0.318905	-0.167151	-0.359599	-0.169996	-0.338822	-0.185214	-0.768323	-0.350722	8	24	1.18	20.922621
-85.583641	142.722778	265.733917	-11.014104	141.446609	5.26246	276.877747	0.652158	-0.159452	-0.167151	-0.359599	-0.170038	-0.338822	-0.370427	-0.768323	-0.350811	8	28	1.18	21.456116
-84.502586	144.069214	266.275879	-10.314795	143.771271	5.067554	277.197815	0.489119	-0.318905	-0.167151	-0.359599	-0.170038	-0.338822	-0.185214	-0.768323	-0.350811	8	28	1.18	21.476445
-85.425804	144.069214	267.179108	-11.363757	142.340729	5.067554	277.837982	0.489119	-0.318905	-0.334219	-0.359599	-0.169996	-0.338822	-0.370427	-0.768323	-0.350722	8	28	1.18	21.501692
-88.466461	143.492172	267.721069	-13.286856	140.731339	5.067554	278.47818	0.489119	-0.159452	-0.167151	-0.359599	-0.170038	-0.338822	-0.185214	-0.768323	-0.350811	8	28	1.18	21.526909
-132.644287	128.296616	282.172943	-57.518093	96.562805	5.457366	291.281769	0.652158	-0.318905	-0.334296	-0.359599	-0.170038	-0.338822	-0.370328	-0.768323	-0.350811	8	32	1.18	22.010183
-132.429428	129.06601	284.521362	-56.294308	99.78157	5.457366	291.601868	0.652158	-0.318905	-0.334219	-0.359599	-0.170038	-0.338822	-0.185214	-0.768323	-0.350811	8	32	1.18	22.022504
-131.923401	127.334877	283.076172	-57.867748	97.456902	5.457366	292.4021	0.489119	-0.318905	-0.167151	-0.359599	-0.170038	-0.338822	-0.185214	-0.768323	-0.350811	8	32	1.18	22.053277
-133.690659	128.104263	284.521362	-58.392231	97.099266	5.457366	292.882233	0.652158	-0.318905	-0.167151	-0.359599	-0.170038	-0.338822	-0.185214	-0.768323	-0.350811	8	32	1.18	22.071719
-188.644379	103.868317	297.70871	-107.168968	38.267494	5.652272	305.365723	0.652158	-0.318905	-0.167151	-0.359599	-0.170038	-0.338822	-0.185214	-0.768323	-0.350811	8	36	1.18	22.538609
-183.467239	104.637711	296.805481	-106.469666	37.909859	5.652272	305.685791	0.489119	-0.318905	-0.167106	-0.359599	-0.169996	-0.338822	-0.185214	-0.768323	-0.350811	8	36	1.18	22.55064
-183.647446	106.9459	298.431305	-109.616554	40.949799	5.847179	306.486053	0.652158	-0.159452	-0.167151	-0.359599	-0.170038	-0.338822	-0.370328	-0.768323	-0.350811	8	36	1.18	22.573379
-183.827682	106.368851	298.611938	-108.917244	41.307434	5.847179	306.806122	0.652158	-0.318905	-0.167106	-0.359599	-0.169996	-0.338822	-0.185214	-0.768323	-0.350722	8	36	1.18	22.585392
-239.336441	77.131836	306.921783	-161.540176	-29.436537	5.847179	318.169312	0.652158	-0.318905	-0.334296	-0.359599	-0.170038	-0.169412	-0.185214	-0.768323	-0.350722	8	40	1.18	23.007815
-237.894638	79.055321	306.74115	-161.889832	-28.366121	6.236991	318.649445	0.489119	-0.318905	-0.167151	-0.359599	-0.170038	-0.169412	-0.370328	-0.768323	-0.350811	8	40	1.18	23.011141
-238.255096	76.362442	308.547638	-162.589142	-30.328556	6.042085	318.809479	0.652158	-0.159452	-0.167151	-0.359599	-0.170038	-0.169412	-0.185214	-0.768323	-0.350811	8	40	1.18	23.02421
-239.336441	75.785393	309.270233	-164.861893	-32.469395	5.847179	319.129578	0.652158	-0.318905	-0.334296	-0.359599	-0.170038	-0.169412	-0.370328	-0.768323	-0.350811	8	40	1.18	23.043158
-295.205627	39.431473	309.812164	-220.107224	-113.107666	6.042085	327.772003	0.652158	-0.318905	-0.167151	-0.359599	-0.169996	-0.338822	-0.370328	-0.768323	-0.350722	8	44	1.18	23.351765
-295.025391	40.200867	310.896057	-216.960342	-109.361206	6.042085	328.572235	0.489119	-0.318905	-0.334296	-0.359599	-0.169996	-0.338822	-0.185214	-0.768323	-0.350722	8	44	1.18	23.380789
-291.781403	41.162609	311.618652	-220.282059	-111.858841	6.042085	328.892334	0.652158	-0.318905	-0.167151	-0.359599	-0.169996	-0.338822	-0.185214	-0.768323	-0.350722	8	44	1.18	23.392388
-292.322052	38.854424	310.534729	-220.456863	-114.534882	6.236991	329.212433	0.652158	-0.318905	-0.167106	-0.359599	-0.170038	-0.169412	-0.185214	-0.768323	-0.350811	8	44	1.18	23.396923
310.832214	63.475071	-305.617889	-211.191055	-19.089149	5.652272	325.051239	0.652158	-0.318905	-0.167151	-0.359599	-0.170038	-0.338822	-0.370328	-0.768323	-0.350811	12	-44	1.18	23.267019
311.373749	62.705677	-305.437469	-210.666595	-19.267553	5.847179	324.251038	0.489119	-0.159452	-0.334296	-0.359599	-0.170038	-0.169412	-0.185214	-0.768323	-0.350811	12	-44	1.18	23.230746
311.012726	64.052116	-303.994202	-209.96727	-19.089149	5.847179	323.450806	0.489119	-0.318905	-0.167151	-0.359599	-0.170038	-0.338822	-0.185214	-0.768323	-0.350811	12	-44	1.18	23.201536
308.846649	64.052116	-302.370483	-210.142105	-18.375536	6.236991	322.49054	0.489119	-0.318905	-0.334296	-0.359599	-0.170038	-0.338822	-0.185214	-0.768323	-0.350811	12	-44	1.18	23.152169
288.629913	91.365646	-237.782974	-151.225388	37.373394	5.457366	297.683563	0.652158	-0.318905	-0.167151	-0.179798	-0.169996	-0.338822	-0.185214	-0.768323	-0.350811	12	-40	1.18	22.255306
290.073944	91.942696	-238.324234	-150.526077	38.088676	5.457366	296.723297	0.489119	-0.318905	-0.334296	-0.359599	-0.169996	-0.338822	-0.185214	-0.768323	-0.350722	12	-40	1.18	22.21871
287.366364	90.788605	-236.339691	-151.225388	36.479298	5.457366	296.083099	0.652158	-0.318905	-0.167151	-0.359599	-0.170038	-0.338822	-0.185214	-0.768323	-0.350811	12	-40	1.18	22.194278
287.005341	91.365646	-234.535583	-147.029541	39.519238	5.457366	295.122864	0.652158	-0.318905	-0.167106	-0.359599	-0.170038	-0.338822	-0.185214	-0.768323	-0.350722	12	-40	1.18	22.157583
271.662292	115.216896	-177.525391	-102.098984	83.330124	5.067554	278.47818	0.489119	-0.318905	-0.334296	-0.359599	-0.169996	-0.338822	-0.370328	-0.768323	-0.350722	12	-36	1.18	21.526909
271.120789	113.293411	-178.788284	-103.497604	81.00547	5.067554	277.998047	0.489119	-0.318905	-0.167151	-0.359599	-0.170038	-0.338822	-0.185214	-0.768323	-0.350811	12	-36	1.18	21.507999
269.676727	113.678108	-176.262512	-101.224861	82.793671	4.872647	277.357849	0.652158	-0.318905	-0.167151	-0.359599	-0.170038	-0.338822	-0.370328	-0.768323	-0.350811	12	-36	1.18	21.490447
269.135193	113.293411	-176.803757	-102.623474	81.899567	4.872647	276.877747	0.489119	-0.318905	-0.334296	-0.359599	-0.170038	-0.338822	-0.370328	-0.768323	-0.350811	12	-36	1.18	21.471506
252.348114	131.374207	-117.267799	-54.371208	121.239975	4.677742	261.833496	0.652158	-0.318905	-0.167151	-0.359599	-0.170038	-0.338822	-0.370328	-0.768323	-0.350811	12	-32	1.18	20.877194
254.875214	129.258362	-121.597687	-56.119484	117.305931	4.872647	261.673462	0.652158	-0.318905	-0.334296	-0.359599	-0.170038	-0.338822	-0.185214	-0.768323	-0.350811	12	-32	1.18	20.862781
252.709122	131.181839	-117.809036	-54.371208	121.239975	4.872647	261.99353	0.652158	-0.318905	-0.167151	-0.359599	-0.169996	-0.338822	-0.185214	-0.768323	-0.350722	12	-32	1.18	20.875778
252.889633	130.989502	-117.628624	-54.196384	121.06115	5.067554	262.153595	0.652158	-0.318905	-0.167151	-0.359599	0.000042	-0.169412	-0.370328	-0.768323	-0.350811	12	-32	1.18	20.874363
261.373444	161.188263	-77.396744	-21.328897	165.408493	5.067554	277.037781	0.489119	-0.318905	-0.334296	-0.359599	-0.169996	-0.338822	-0.185214	-0.768323	-0.350722	12	-28	1.18	21.47013
262.456451	160.803558	-78.840042	-22.727514	163.799118	5.26246	277.517914	0.489119	-0.318905	-0.167151	-0.359599	-0.169996	-0.169412	-0.185214	-0.768323	-0.350722	12	-28	1.18	21.481386
264.261536	162.150009	-78.298805	-19.755455	167.196701	5.26246	278.158081	0.489119	-0.318905	-0.167151	-0.359599	-0.170038	-0.338822	-0.185214	-0.768323	-0.350811	12	-28	1.18	21.506626
264.261536	162.342346	-79.200859	-22.377859	165.050858	5.067554	278.958313	0.489119	-0.318905	-0.167151	-0.359599	-0.170038	-0.338822	-0.185214	-0.768323	-0.350811	12	-28	1.18	21.545802
269.676727	190.040573	-35.541161	14.193367	208.146469	5.457366	293.5224	0.489119	-0.318905	-0.167151	-0.359599	-0.170038	-0.169412	-0.370328	-0.768323	-0.350811	12	-24	1.18	22.096285
271.120789	191.002319	-36.623631	13.317231	207.431198	5.457366	294.002533	0.652158	-0.318905	-0.167151	-0.359599	-0.170038	-0.338822	-0.370328	-0.768323	-0.350811	12	-24	1.18	22.114692
269.135193	189.848236	-36.623631	12.441095	207.25238	5.26246	294.802765	0.652158	-0.318905	-0.334296	-0.359599	-0.170038	-0.169412	-0.185214	-0.768323	-0.350811	12	-24	1.18	22.152794
270.940277	193.502853	-34.999928	12.616323	208.682922	5.26246	295.282898	0.489119	-0.318905	-0.167151	-0.359599	-0.170038	-0.338822	-0.370328	-0.768323	-0.350811	12	-24	1.18	22.171154
268.593689	215.045914	9.39371	44.507675	246.05629	5.652272	306.646088	0.652158	-0.318905	-0.334296	-0.359599	-0.169996	-0.338822	-0.185214	-0.768323	-0.350722	12	-20	1.18	22.586699
270.218262	214.27652	9.39371	45.559036	245.877472	6.042085	307.286255	0.652158	-0.318905	-0.167151	-0.359599	-0.170038	-0.338822	-0.370328	-0.768323	-0.350811	12	-20	1.18	22.596091
271.120789	214.853577	8.671117	45.208584	244.44693	5.847179	307.606354	0.489119	-0.318905	-0.167151	-0.359599	-0.170038	-0.338822	-0.370328	-0.768323	-0.526217	12	-20	1.18	22.615398
270.579254	216.39238	10.477602	46.435173	246.771591	6.042085	307.926422	0.489119	-0.318905	-0.167151	-0.359599	-0.170038	-0.338822	-0.185214	-0.768323	-0.350811	12	-20	1.18	22.620088
265.525085	236.011948	50.039623	63.432209	272.521667	6.236991	318.009277	0.489119	-0.318905	-0.167151	-0.359599	-0.170038	-0.338822	-0.370427	-0.768323	-0.350811	12	-16	1.18	22.987553
265.164062	236.204285	50.762218	63.256985	273.415771	6.042085	318.48941	0.489119	-0.318905	-0.167151	-0.359599	-0.169996	-0.338822	-0.370328	-0.768323	-0.350722	12	-16	1.18	23.012426
265.705597	237.743073	52.749348	64.658806	275.740417	5.847179	318.969543	0.652158	-0.318905	-0.167151	-0.359599	-0.170038	-0.169412	-0.185214	-0.768323	-0.350811	12	-16	1.18	23.037272
264.80304	238.512482	54.013893	65.534935	277.528625	5.847179	319.289612	0.652158	-0.318905	-0.334296	-0.359599	-0.170038	-0.338822	-0.370328	-0.768323	-0.350811	12	-16	1.18	23.049043
254.875214	258.709106	93.033966	75.69812	298.808197	6.042085	329.532501	0.652158	-0.318905	-0.167151	-0.359599	-0.170038	-0.338822	-0.370328	-0.768323	-0.350811	12	-12	1.18	23.415568
253.972656	256.400909	93.93721	77.62561	300.775208	6.626803	330.172668	0.652158	-0.159452	-0.167151	-0.359599	-0.170038	-0.169412	-0.370328	-0.768323	-0.350811	12	-12	1.18	23.417575
255.236206	256.977966	93.575912	77.800842	300.059937	6.236991	330.492767	0.489119	-0.318905	-0.334296	-0.359599	-0.170038	-0.169412	-0.185214	-0.768323	-0.350811	12	-12	1.18	23.443252
254.694687	257.939697	94.298508	77.800842	302.20578	6.236991	330.812866	0.652158	-0.159452	-0.167151	-0.359599	-0.170038	-0.169412	-0.185214	-0.768323	-0.350811	12	-12	1.18	23.45482
232.131363	268.134186	127.899124	79.377892	313.829071	6.236991	332.573364	0.652158	-0.318905	-0.167151	-0.359599	-0.170038	-0.169412	-0.370328	-0.768323	-0.350811	12	-8	1.18	23.518344
233.214417	266.595398	126.995888	80.604485	310.967957	6.236991	331.132965	0.489119	-0.318905	-0.334296	-0.359599	-0.170038	-0.338822	-0.185214	-0.768323	-0.350722	12	-8	1.18	23.466383
231.409363	265.441315	126.092636	79.027435	310.073853	6.431898	329.8526	0.652158	-0.318905	-0.334296	-0.359599	-0.170038	-0.338822	-0.370328	-0.768323	-0.350811	12	-8	1.18	23.413046
230.326324	263.902527	126.092636	79.553116	309.89502	6.042085	328.41217	0.652158	-0.318905	-0.167151	-0.359599	-0.170038	-0.338822	-0.185214	-0.768323	-0.350811	12	-8	1.18	23.374986
188.990311	250.053391	143.976837	69.565163	289.33075	5.457366	303.765289	0.652158	-0.318905	-0.167151	-0.359599	-0.170038	-0.338822	-0.185214	-0.768323	-0.350811	12	-4	1.18	22.485699
188.448792	249.861069	143.796188	69.565163	289.151917	5.457366	303.125092	0.489119	-0.318905	-0.167151	-0.359599	-0.170038	-0.169412	-0.185214	-0.768323	-0.350811	12	-4	1.18	22.461558
187.907288	246.975815	142.531647	70.090851	288.794281	5.652272	302.32486	0.652158	-0.318905	-0.167151	-0.359599	-0.170038	-0.338822	-0.370328	-0.768323	-0.350811	12	-4	1.18	22.42398
188.268295	247.745209	141.989716	69.740387	287.721375	5.457366	301.684692	0.652158	-0.318905	-0.167151	-0.359599	-0.169996	-0.338822	-0.370328	-0.768323	-0.350811	12	-4	1.18	22.407146
152.347504	234.665497	158.609375	67.637665	272.342834	5.26246	284.239807	0.652158	-0.318905	-0.334296	-0.359599	-0.170038	-0.338822	-0.370328	-0.768323	-0.350811	12	0	1.18	21.744953
152.528	235.434891	157.344818	66.235855	271.448761	5.26246	283.439575	0.652158	-0.318905	-0.167151	-0.359599	-0.170038	-0.338822	-0.185214	-0.768323	-0.350811	12	0	1.18	21.713743
151.083954	233.703751	156.441589	65.359711	271.091125	5.26246	282.799377	0.652158	-0.318905	-0.167151	-0.359599	-0.169996	-0.169412	-0.185214	-0.768323	-0.350811	12	0	1.18	21.688743
150.903442	233.703751	157.525482	66.93676	270.912262	5.067554	282.15921	0.652158	-0.318905	-0.167151	-0.359599	-0.170038	-0.338822	-0.370328	-0.768323	-0.350811	12	0	1.18	21.671337
117.509743	215.430618	166.196594	64.83403	249.990341	4.677742	263.43396	0.652158	-0.318905	-0.334296	-0.359599	-0.170038	-0.338822	-0.370328	-0.768323	-0.350811	12	4	1.18	20.94206
117.148727	217.161743	166.015961	63.432209	249.275055	4.482835	263.113861	0.652158	-0.318905	-0.167151	-0.359599	-0.170038	-0.338822	-0.185214	-0.768323	-0.350811	12	4	1.18	20.936992
116.787712	216.00766	166.738556	65.184486	250.526794	4.482835	262.953827	0.652158	-0.318905	-0.167151	-0.359599	-0.170038	-0.338822	-0.370328	-0.768323	-0.350811	12	4	1.18	20.930514
116.607201	216.39238	165.835297	62.731304	250.347977	4.677742	263.273926	0.652158	-0.318905	-0.167151	-0.359599	-0.170038	-0.169412	-0.370328	-0.768323	-0.350811	12	4	1.18	20.935583
95.487946	226.779205	196.364914	67.637665	258.752502	5.067554	279.278412	0.652158	-0.318905	-0.167151	-0.359599	-0.170038	-0.338822	-0.185214	-0.768323	-0.350811	12	8	1.18	21.558389
96.209969	225.817459	197.087509	68.689026	259.646637	4.872647	279.918579	0.652158	-0.318905	-0.167151	-0.359599	-0.170038	-0.338822	-0.370328	-0.768323	-0.350811	12	8	1.18	21.591191
93.321869	226.971558	199.074631	68.338577	260.719543	4.872647	280.398712	0.652158	-0.318905	-0.167151	-0.359599	-0.170038	-0.338822	-0.185214	-0.768323	-0.350811	12	8	1.18	21.610028
95.487946	226.971558	198.893982	69.389946	261.79245	5.067554	281.198944	0.652158	-0.318905	-0.167151	-0.359599	-0.170038	-0.338822	-0.370328	-0.768323	-0.350811	12	8	1.18	21.633753
66.426399	232.74202	227.255783	68.689026	263.401855	5.652272	295.923065	0.652158	-0.318905	-0.167151	-0.359599	-0.170038	-0.338822	-0.370328	-0.768323	-0.350811	12	12	1.18	22.180721
66.426399	233.896103	228.700974	69.565163	263.938293	5.457366	296.403198	0.652158	-0.318905	-0.167151	-0.359599	-0.170038	-0.338822	-0.185214	-0.768323	-0.350811	12	12	1.18	22.206497
66.606895	232.934357	227.617096	69.915627	261.79245	5.847179	296.723297	0.652158	-0.318905	-0.167151	-0.359599	-0.170038	-0.169412	-0.370328	-0.768323	-0.350811	12	12	1.18	22.203837
65.88488	234.473145	229.062286	69.565163	263.223022	5.457366	297.20343	0.652158	-0.318905	-0.167151	-0.359599	-0.170038	-0.169412	-0.370328	-0.768323	-0.350811	12	12	1.18	22.237015
31.408133	232.74202	254.714371	61.329483	254.997314	6.042085	308.086487	0.652158	-0.318905	-0.167151	-0.359599	-0.170038	-0.338822	-0.370328	-0.768323	-0.350811	12	16	1.18	22.626084
31.408133	233.126709	255.075684	61.154259	254.818497	6.042085	308.406586	0.489119	-0.318905	-0.334296	-0.359599	-0.170038	-0.338822	-0.185214	-0.768323	-0.350811	12	16	1.18	22.63807
32.310665	232.934357	253.811127	61.679939	254.460831	6.042085	308.886719	0.652158	-0.318905	-0.334296	-0.359599	-0.170038	-0.338822	-0.370328	-0.768323	-0.350811	12	16	1.18	22.656037
31.047119	231.395569	254.895004	62.731304	255.35495	5.652272	309.046753	0.489119	-0.318905	-0.167151	-0.359599	-0.170038	-0.338822	-0.370328	-0.768323	-0.350811	12	16	1.18	22.676594
-8.110045	228.125641	278.921265	37.673813	236.578842	6.236991	320.249908	0.652158	-0.318905	-0.167151	-0.359599	-0.170038	-0.338822	-0.370328	-0.768323	-0.350811	12	20	1.18	23.070008
-9.909685	228.895035	281.630981	38.54995	238.724701	6.042085	320.730042	0.652158	-0.318905	-0.167151	-0.359599	-0.170038	-0.338822	-0.370328	-0.768323	-0.350811	12	20	1.18	23.094792
-9.011162	229.664429	280.185791	37.849041	236.221207	6.042085	321.05011	0.489119	-0.318905	-0.167151	-0.359599	-0.170038	-0.338822	-0.370328	-0.768323	-0.350811	12	20	1.18	23.106534
-9.18898	229.856781	281.630981	38.725178	237.294113	6.236991	321.530243	0.652158	-0.318905	-0.167151	-0.359599	-0.170038	-0.338822	-0.370328	-0.768323	-0.350811	12	20	1.18	23.116992
-57.671429	220.816376	300.599091	-5.769291	204.748886	6.431898	331.613098	0.652158	-0.318905	-0.167151	-0.359599	-0.170038	-0.338822	-0.370328	-0.768323	-0.350811	12	24	1.18	23.476682
-55.31406	220.816376	299.876495	-4.895156	205.106537	6.82171	331.933197	0.489119	-0.318905	-0.167151	-0.359599	-0.170038	-0.338822	-0.370328	-0.768323	-0.350811	12	24	1.18	23.474165
-56.590088	218.508194	300.418427	-4.545503	203.854797	6.626803	332.093231	0.652158	-0.318905	-0.334296	-0.359599	-0.170038	-0.338822	-0.370328	-0.768323	-0.350811	12	24	1.18	23.486975
-54.427414	220.816376	301.321686	-3.321713	206.89473	6.626803	332.4133	0.652158	-0.318905	-0.167151	-0.359599	-0.170038	-0.338822	-0.370328	-0.768323	-0.350811	12	24	1.18	23.498521
-107.232811	198.888626	307.825043	-62.588078	155.752213	6.236991	328.41217	0.652158	-0.318905	-0.167151	-0.359599	-0.170038	-0.338822	-0.370328	-0.768323	-0.350811	12	28	1.18	23.367918
-102.186569	198.888626	304.753998	-58.567055	156.646317	6.236991	326.971802	0.652158	-0.318905	-0.167151	-0.359599	-0.170038	-0.169412	-0.370328	-0.768323	-0.350811	12	28	1.18	23.315624
-100.564552	197.157486	303.670135	-53.846729	158.255707	6.236991	325.531372	0.652158	-0.318905	-0.167151	-0.359599	-0.170038	-0.338822	-0.370328	-0.768323	-0.350811	12	28	1.18	23.263209
-101.285454	196.580429	302.04425	-56.818787	155.036942	5.847179	324.411072	0.652158	-0.318905	-0.167151	-0.359599	-0.170038	-0.338822	-0.370328	-0.768323	-0.350811	12	28	1.18	23.236584
-139.636475	160.226517	287.050446	-102.973122	93.16523	5.652272	302.804993	0.652158	-0.318905	-0.167151	-0.359599	-0.170038	-0.338822	-0.370328	-0.768323	-0.350811	12	32	1.18	22.442118
-140.574112	160.995911	285.243988	-103.497604	91.91349	5.457366	302.004791	0.652158	-0.318905	-0.167151	-0.359599	-0.170038	-0.338822	-0.185214	-0.768536	-0.350811	12	32	1.18	22.41925
-139.312546	158.880081	285.424622	-101.924156	91.734673	5.457366	301.364624	0.652158	-0.318905	-0.334296	-0.359599	-0.170038	-0.169412	-0.185214	-0.768536	-0.350811	12	32	1.18	22.395038
-138.952103	160.226517	285.605255	-100.875198	94.95343	5.652272	300.244293	0.652158	-0.318905	-0.167151	-0.359599	-0.170038	-0.338822	-0.370328	-0.768323	-0.350811	12	32	1.18	22.345212
-167.968048	125.21904	264.650024	-139.861633	32.008797	5.067554	279.918579	0.652158	-0.318905	-0.167151	-0.359599	-0.170038	-0.338822	-0.370328	-0.768536	-0.350811	12	36	1.18	21.583539
-170.671387	124.834343	265.37262	-141.609894	31.293518	5.067554	279.438446	0.652158	-0.318905	-0.167151	-0.359599	-0.170038	-0.338822	-0.370328	-0.768323	-0.350811	12	36	1.18	21.564679
-169.409821	124.257286	264.108093	-140.910599	30.041777	5.26246	278.47818	0.652158	-0.318905	-0.167151	-0.359599	-0.170038	-0.338822	-0.370328	-0.768323	-0.350811	12	36	1.18	21.519236
-170.310944	123.103195	264.469391	-140.036453	30.399418	5.26246	277.998047	0.652158	-0.318905	-0.334296	-0.359599	-0.170038	-0.338822	-0.370328	-0.768323	-0.350811	12	36	1.18	21.500319
-198.065323	93.289131	247.669083	-176.400482	-28.722925	4.872647	263.273926	0.652158	-0.318905	-0.167151	-0.359599	-0.170038	-0.338822	-0.370328	-0.768323	-0.350811	12	40	1.18	20.927691
-198.605988	90.596252	247.30777	-173.778076	-29.971746	4.677742	262.953827	0.652158	-0.318905	-0.167151	-0.359599	-0.170038	-0.169412	-0.185214	-0.768536	-0.350811	12	40	1.18	20.922621
-196.983963	89.634506	247.488434	-170.806015	-28.901325	4.872647	262.953827	0.489119	-0.318905	-0.167151	-0.359599	-0.170038	-0.338822	-0.370328	-0.768323	-0.350811	12	40	1.18	20.914725
-197.164185	90.788605	246.404526	-171.15567	-28.366121	4.872647	263.113861	0.652158	-0.318905	-0.334296	-0.359599	-0.170038	-0.338822	-0.370328	-0.768323	-0.350811	12	40	1.18	20.921209
-251.231155	67.322044	255.617599	-227.799622	-96.694565	5.067554	281.198944	0.652158	-0.318905	-0.167151	-0.359599	-0.170038	-0.338822	-0.370328	-0.768536	-0.350811	12	44	1.18	21.633753
-253.393845	66.745003	256.520844	-228.498917	-96.159348	5.067554	282.15921	0.489119	-0.318905	-0.167151	-0.359599	-0.170038	-0.338822	-0.370328	-0.768536	-0.350811	12	44	1.18	21.671337
-252.132278	68.283791	257.7854	-231.121323	-96.337761	5.26246	282.639343	0.489119	-0.318905	-0.167151	-0.359599	-0.170038	-0.169412	-0.370328	-0.768323	-0.350811	12	44	1.18	21.682489
-251.77182	68.091438	257.062805	-229.023407	-95.267334	5.067554	282.959442	0.652158	-0.318905	-0.167151	-0.359599	-0.170038	-0.169412	-0.370328	-0.768323	-0.350811	12	44	1.18	21.702608
275.633453	86.94162	-287.652008	-244.583008	-31.22057	5.457366	299.924194	0.652158	-0.318905	-0.334296	-0.359599	-0.170038	-0.169412	-0.370328	-0.576241	-0.350811	16	-44	1.18	22.340464
277.077484	87.711021	-286.749725	-240.911636	-28.009312	5.457366	300.564362	0.652158	-0.318905	-0.167151	-0.359599	-0.170038	-0.169412	-0.370328	-0.768323	-0.350811	16	-44	1.18	22.364734
278.341034	87.903366	-290.824127	-245.457138	-30.863768	5.457366	301.044495	0.652158	-0.318905	-0.334296	-0.359599	-0.170038	-0.169412	-0.370328	-0.768536	-0.350811	16	-44	1.18	22.382921
278.882568	86.749275	-288.012939	-240.387161	-28.187714	5.457366	301.524658	0.652158	-0.318905	-0.167151	-0.359599	-0.170038	-0.338822	-0.370328	-0.768323	-0.350811	16	-44	1.18	22.401093
292.601044	121.949104	-254.200485	-206.470749	26.107738	5.847179	312.567719	0.652158	-0.318905	-0.167151	-0.359599	-0.170038	-0.338822	-0.370328	-0.768323	-0.350811	16	-40	1.18	22.800556
294.767151	124.641983	-253.839661	-204.547623	29.147676	6.042085	313.207947	0.652158	-0.318905	-0.167151	-0.359599	-0.170038	-0.338822	-0.370328	-0.768536	-0.350811	16	-40	1.18	22.817101
294.406128	125.796074	-255.349808	-207.694534	28.611217	5.847179	313.848114	0.652158	-0.318905	-0.167151	-0.359599	-0.170038	-0.169412	-0.370328	-0.768323	-0.350811	16	-40	1.18	22.848096
294.586639	126.373131	-256.613068	-209.442795	27.180656	5.847179	314.008148	0.652158	-0.318905	-0.167151	-0.359599	-0.170038	-0.169412	-0.370328	-0.576241	-0.350811	16	-40	1.18	22.854031
303.250946	159.264771	-216.009689	-172.903931	77.96553	6.431898	322.970673	0.652158	-0.318905	-0.334296	-0.359599	-0.170038	-0.338822	-0.370328	-0.768323	-0.350811	16	-36	1.18	23.162608
304.153473	158.687729	-212.580978	-167.134644	82.972488	6.236991	323.450806	0.652158	-0.318905	-0.167151	-0.359599	-0.170038	-0.169412	-0.370328	-0.768323	-0.350811	16	-36	1.18	23.187292
305.417023	158.495377	-215.468338	-169.75705	79.396095	6.236991	323.61084	0.652158	-0.318905	-0.167151	-0.359599	-0.170038	-0.169412	-0.370328	-0.768323	-0.350811	16	-36	1.18	23.19314
306.31955	161.188263	-215.77272	-171.505325	80.469009	6.431898	324.090973	0.652158	-0.318905	-0.334296	-0.359599	-0.170038	-0.338822	-0.185214	-0.768536	-0.350811	16	-36	1.18	23.203561
309.749176	192.541107	-165.437805	-127.099258	131.075058	6.626803	332.893433	0.652158	-0.318905	-0.167151	-0.359599	-0.170038	-0.338822	-0.370328	-0.768536	-0.350811	16	-32	1.18	23.515831
312.81778	194.07991	-166.022491	-126.574783	131.969147	6.626803	333.373596	0.652158	-0.318905	-0.334296	-0.359599	-0.170038	-0.338822	-0.370328	-0.768536	-0.350811	16	-32	1.18	23.533128
309.749176	192.733459	-163.453262	-125.525818	133.936188	6.626803	333.853729	0.652158	-0.318905	-0.167151	-0.359599	-0.170038	-0.338822	-0.185214	-0.768536	-0.350811	16	-32	1.18	23.550412
311.373749	192.925812	-166.924789	-128.847534	131.075058	6.626803	334.173798	0.652158	-0.318905	-0.167151	-0.359599	-0.170038	-0.338822	-0.370328	-0.768323	-0.350811	16	-32	1.18	23.561927
293.684082	210.237198	-102.834831	-72.02874	170.773102	6.042085	321.05011	0.652158	-0.318905	-0.167151	-0.359599	-0.170038	-0.338822	-0.370328	-0.768323	-0.350811	16	-28	1.18	23.106534
292.962067	208.121368	-101.93277	-71.32943	170.236633	6.626803	319.92981	0.652158	-0.318905	-0.167151	-0.359599	-0.170038	-0.169412	-0.370328	-0.768323	-0.350811	16	-28	1.18	23.043916
291.518005	209.467804	-103.583603	-73.60218	169.521347	6.236991	318.969543	0.652158	-0.318905	-0.167151	-0.359599	0.000042	-0.169412	-0.370328	-0.768536	-0.350811	16	-28	1.18	23.022927
291.518005	208.506058	-101.752357	-71.504257	169.342529	6.236991	318.329376	0.652158	-0.318905	-0.167151	-0.359599	-0.170038	-0.169412	-0.370328	-0.768536	-0.350811	16	-28	1.18	22.999351
259.748871	210.237198	-45.102993	-21.678553	190.800934	5.652272	294.322601	0.652158	-0.159452	-0.334296	-0.359599	-0.170038	-0.338822	-0.370328	-0.768536	-0.350811	16	-24	1.18	22.119487
259.387848	208.890747	-46.005054	-22.727514	189.012741	5.847179	293.5224	0.652158	-0.318905	-0.167151	-0.359599	-0.170038	-0.338822	-0.185214	-0.768536	-0.350811	16	-24	1.18	22.08133
260.290405	210.044861	-47.087528	-23.951305	187.939804	5.652272	292.722168	0.652158	-0.318905	-0.334296	-0.179798	-0.170038	-0.338822	-0.370328	-0.768536	-0.350811	16	-24	1.18	22.058085
256.680267	208.506058	-44.020523	-22.028206	189.012741	5.652272	291.921936	0.652158	-0.318905	-0.167151	-0.359599	-0.170038	-0.338822	-0.370328	-0.768536	-0.350811	16	-24	1.18	22.027319
232.853424	211.583649	0.361286	7.534733	202.603043	5.067554	275.597351	0.652158	-0.318905	-0.167151	-0.359599	-0.170038	-0.169452	-0.370328	-0.768323	-0.350811	16	-20	1.18	21.413198
231.950867	210.044861	1.264529	9.111778	204.212433	5.067554	275.117218	0.652158	-0.318905	-0.167151	-0.359599	-0.170038	-0.338822	-0.370328	-0.768323	-0.350811	16	-20	1.18	21.394188
230.506805	209.083115	1.264241	8.235642	200.993683	5.26246	274.477051	0.652158	-0.318905	-0.334296	-0.359599	-0.170038	-0.338904	-0.370328	-0.768323	-0.350811	16	-20	1.18	21.361085
230.326324	211.006592	0.541935	7.184279	201.708954	5.067554	273.836884	0.652158	-0.318905	-0.334296	-0.359599	-0.170038	-0.338822	-0.370328	-0.768536	-0.350811	16	-20	1.18	21.343412
209.207047	213.507126	37.032932	23.129955	212.795776	4.482835	263.914093	0.652158	-0.318905	-0.167151	-0.359599	-0.170038	-0.169412	-0.370328	-0.576403	-0.350811	16	-16	1.18	20.969358
209.387558	213.507126	37.213581	23.830864	212.616959	5.067554	264.234161	0.652158	-0.318905	-0.167151	-0.359599	-0.170038	-0.338822	-0.370328	-0.768323	-0.350811	16	-16	1.18	20.95866
210.290085	214.853577	37.39423	23.48041	213.153427	4.677742	264.714325	0.652158	-0.318905	-0.167151	-0.359599	0.000042	-0.169412	-0.370328	-0.768323	-0.350811	16	-16	1.18	20.993808
211.192612	214.853577	37.574879	24.00609	213.689896	5.067554	265.354492	0.652158	-0.318905	-0.167151	-0.359599	-0.170038	-0.338822	-0.370328	-0.768323	-0.350811	16	-16	1.18	21.003911
203.430832	234.088455	69.730309	30.664724	238.545883	4.872647	278.318115	0.652158	-0.318905	-0.167151	-0.359599	-0.170038	-0.338822	-0.370328	-0.768323	-0.350811	16	-12	1.18	21.528281
203.069824	234.665497	69.007713	29.438135	238.903519	5.067554	279.118347	0.652158	-0.318905	-0.167151	-0.359599	-0.170038	-0.338822	-0.370328	-0.768536	-0.350811	16	-12	1.18	21.552096
204.874893	235.627243	70.091606	29.788588	238.545883	5.067554	279.758545	0.652158	-0.318905	-0.167151	-0.359599	-0.170038	-0.338822	-0.370328	-0.768536	-0.350811	16	-12	1.18	21.577255
205.77742	236.781342	69.369011	30.31427	238.724701	5.26246	280.558746	0.652158	-0.318905	-0.167151	-0.359599	-0.170038	-0.338822	-0.370328	-0.768323	-0.350811	16	-12	1.18	21.601016
195.127533	255.439178	99.537308	30.839951	259.467804	5.26246	294.642731	0.652158	-0.318905	-0.167151	-0.359599	-0.170038	-0.338822	-0.370328	-0.768323	-0.350811	16	-8	1.18	22.146671
194.225006	255.246811	100.801849	31.015181	262.328918	5.652272	295.442932	0.652158	-0.318905	-0.334296	-0.359599	-0.170038	-0.338822	-0.370328	-0.768323	-0.350811	16	-8	1.18	22.162369
194.586014	256.016205	100.982498	31.716087	263.223022	5.652272	295.923065	0.652158	-0.318905	-0.334296	-0.359599	-0.170038	-0.338904	-0.370328	-0.768536	-0.350811	16	-8	1.18	22.180721
196.75209	256.785614	101.524445	32.416996	262.865356	5.652272	296.403198	0.652158	-0.159452	-0.167151	-0.359599	-0.170038	-0.338822	-0.370328	-0.768536	-0.350811	16	-8	1.18	22.199058
180.506516	271.788818	128.441071	29.613361	277.707428	5.847179	308.406586	0.652158	-0.318905	-0.167151	-0.359599	-0.170038	-0.338904	-0.370328	-0.768323	-0.350811	16	-4	1.18	22.645365
179.603973	270.827057	129.344315	29.087681	278.601532	5.652272	309.046753	0.652158	-0.318905	-0.167151	-0.359599	-0.170038	-0.169412	-0.370328	-0.768536	-0.350811	16	-4	1.18	22.676594
180.506516	270.634705	129.886261	31.540863	278.422699	5.652272	309.046753	0.652158	-0.318905	-0.167151	-0.359599	-0.170038	-0.338822	-0.370328	-0.768323	-0.350811	16	-4	1.18	22.676594
181.228546	271.596466	129.886261	31.190407	277.707428	5.457366	309.526886	0.652158	-0.318905	-0.334296	-0.359599	-0.170038	-0.338822	-0.370328	-0.768323	-0.350811	16	-4	1.18	22.701808
151.444962	268.134186	152.286667	32.066544	274.309845	5.652272	303.765289	0.652158	-0.318905	-0.167151	-0.359599	-0.170038	-0.338904	-0.370328	-0.768536	-0.350811	16	0	1.18	22.478351
150.722946	268.903564	153.009262	31.365633	275.561615	5.652272	304.565491	0.652158	-0.318905	-0.167151	-0.359599	-0.170038	-0.338822	-0.370328	-0.768536	-0.350811	16	0	1.18	22.5085
151.444962	270.057678	152.647964	30.839951	275.561615	5.652272	305.205658	0.652158	-0.318905	-0.167151	-0.359599	-0.170038	-0.169412	-0.370328	-0.768536	-0.350811	16	0	1.18	22.532589
151.26445	269.480652	153.330399	31.891314	275.203979	5.847179	306.00592	0.652158	-0.159452	-0.167151	-0.359599	-0.170038	-0.338822	-0.370328	-0.768323	-0.350811	16	0	1.18	22.555346
128.52063	283.906799	187.693771	34.519722	288.615448	6.042085	321.690308	0.652158	-0.318905	-0.167151	-0.359599	-0.170038	-0.169412	-0.370328	-0.768536	-0.350811	16	4	1.18	23.130002
131.769745	283.906799	186.380417	34.694954	288.436646	6.431898	322.49054	0.652158	-0.318905	-0.167151	-0.359599	-0.170038	-0.338904	-0.370328	-0.768536	-0.350811	16	4	1.18	23.145035
131.047729	283.906799	185.70665	33.994041	287.363739	6.236991	322.810608	0.652158	-0.318905	-0.167151	-0.359599	-0.170038	-0.169412	-0.370328	-0.768536	-0.350811	16	4	1.18	23.163882
130.145203	284.676178	189.500259	35.395859	292.013031	6.236991	323.290741	0.652158	-0.318905	-0.167151	-0.359599	-0.170038	-0.338822	-0.370328	-0.768323	-0.350811	16	4	1.18	23.181441
100.361618	289.484894	216.597549	33.643589	288.615448	6.431898	332.893433	0.652158	-0.318905	-0.334296	-0.359599	-0.170038	-0.338822	-0.555491	-0.768536	-0.350811	16	8	1.18	23.522854
99.27858	289.10022	219.849213	36.271996	292.013031	6.431898	333.213531	0.652158	-0.318905	-0.167151	-0.359599	-0.170038	-0.338822	-0.370328	-0.768323	-0.350811	16	8	1.18	23.534383
98.917564	289.869598	218.404022	35.045406	289.688385	6.042085	333.53363	0.652158	-0.318905	-0.334296	-0.359599	-0.170038	-0.338822	-0.370328	-0.768536	-0.350811	16	8	1.18	23.559932
99.820107	290.639008	219.849213	35.921543	291.834229	6.236991	333.853729	0.652158	-0.318905	-0.334296	-0.359599	-0.170038	-0.169452	-0.370328	-0.768536	-0.350811	16	8	1.18	23.564435
63.17728	272.173492	231.591354	33.818813	267.872345	6.042085	321.210175	0.489119	-0.318905	-0.334296	-0.359599	-0.170038	-0.338904	-0.370328	-0.768536	-0.350811	16	12	1.18	23.112404
62.635757	271.404114	230.868759	33.818813	265.905304	6.236991	319.92981	0.652158	-0.318905	-0.167151	-0.359599	-0.170038	-0.169452	-0.370328	-0.768536	-0.350811	16	12	1.18	23.058246
61.372208	271.404114	231.772003	34.519722	264.653595	6.042085	319.129578	0.652158	-0.318905	-0.334296	-0.359599	0.000042	-0.338904	-0.370328	-0.768536	-0.350811	16	12	1.18	23.035989
62.996773	270.634705	228.881653	32.592224	263.580658	6.042085	318.48941	0.652158	-0.318905	-0.167151	-0.359599	0.000042	-0.338904	-0.370328	-0.768536	-0.350811	16	12	1.18	23.012426
24.548883	244.282928	233.036545	27.160179	229.426071	5.457366	298.003662	0.652158	-0.318905	-0.167151	-0.359599	-0.170038	-0.169452	-0.370328	-0.768323	-0.350811	16	16	1.18	22.267492
23.826859	244.282928	233.036545	26.459272	229.604889	5.457366	297.20343	0.652158	-0.318905	-0.334296	-0.359599	-0.170038	-0.338904	-0.370328	-0.768323	-0.350811	16	16	1.18	22.237015
24.368378	243.128845	231.410721	26.634499	227.101364	5.652272	296.563232	0.652158	-0.318905	-0.167151	-0.359599	-0.170038	-0.338822	-0.370328	-0.768536	-0.350811	16	16	1.18	22.205166
23.826859	243.705887	231.591354	27.160179	228.353119	5.457366	295.763031	0.652158	-0.318905	-0.167151	-0.359599	-0.170038	-0.338822	-0.370328	-0.768536	-0.350811	16	16	1.18	22.182054
-12.79585	215.045914	229.784882	2.453144	189.191559	5.067554	275.91745	0.652158	-0.318905	-0.334296	-0.359599	-0.170038	-0.338904	-0.370328	-0.768536	-0.350811	16	20	1.18	21.425863
-12.435403	216.200012	228.52034	0.175191	189.191559	5.067554	275.117218	0.652158	-0.318905	-0.167151	-0.359599	-0.170038	-0.169412	-0.370328	-0.768536	-0.350811	16	20	1.18	21.394188
-13.336519	215.815308	228.52034	-0.524481	188.118622	4.872647	274.477051	0.652158	-0.318905	-0.334296	-0.359599	-0.170038	-0.338822	-0.370328	-0.768536	-0.350811	16	20	1.18	21.376543
-12.79585	214.853577	228.700974	1.752236	188.476273	5.067554	273.836884	0.652158	-0.318905	-0.334296	-0.359599	-0.170038	-0.338904	-0.370328	-0.768536	-0.350811	16	20	1.18	21.343412
-48.119598	195.426346	230.507477	-33.042309	151.818176	4.677742	265.034424	0.652158	-0.318905	-0.167151	-0.359599	-0.170038	-0.338822	-0.370328	-0.768323	-0.350811	16	24	1.18	21.006726
-49.381161	196.003387	230.326813	-36.189194	151.102905	4.872647	265.834625	0.652158	-0.318905	-0.167151	-0.359599	-0.170038	-0.338904	-0.370328	-0.768323	-0.350811	16	24	1.18	21.03113
-47.939373	197.349838	230.507477	-34.266102	152.175827	4.872647	266.634857	0.652158	-0.318905	-0.167151	-0.359599	-0.170038	-0.169412	-0.370328	-0.768536	-0.350811	16	24	1.18	21.063351
-49.381161	197.157486	230.507477	-36.189194	150.924072	4.677742	267.11499	0.652158	-0.318905	-0.167151	-0.359599	-0.170038	-0.169412	-0.370328	-0.768536	-0.350811	16	24	1.18	21.090493
-97.14032	191.194672	252.365936	-85.665253	118.915298	5.26246	283.279541	0.652158	-0.318905	-0.167151	-0.359599	0.000042	-0.169412	-0.370328	-0.768536	-0.350811	16	28	1.18	21.707497
-95.878746	193.887558	253.630493	-85.665253	120.703499	5.067554	283.919708	0.652158	-0.318905	-0.167151	-0.359599	-0.170038	-0.338904	-0.370328	-0.768323	-0.350811	16	28	1.18	21.740072
-96.239197	192.733459	253.991776	-84.965942	121.06115	5.26246	284.559875	0.652158	-0.318905	-0.334296	-0.359599	-0.170038	-0.338822	-0.370328	-0.768536	-0.350811	16	28	1.18	21.757423
-95.878746	193.118164	254.172409	-84.266632	122.134064	5.457366	285.040009	0.652158	-0.318905	-0.334296	-0.359599	-0.170038	-0.338904	-0.370328	-0.768536	-0.350811	16	28	1.18	21.76853
-145.620361	181.000183	268.263	-137.239227	79.396095	5.652272	297.043396	0.652158	-0.318905	-0.167151	-0.359599	-0.170038	-0.338822	-0.370328	-0.768536	-0.350811	16	32	1.18	22.223484
-149.765488	181.961929	268.985596	-142.658859	77.42907	5.457366	297.683563	0.652158	-0.318905	-0.167151	-0.359599	-0.170038	-0.338904	-0.370328	-0.768323	-0.350811	16	32	1.18	22.255306
-148.684158	182.154282	270.61145	-140.735764	78.680809	5.652272	298.163696	0.652158	-0.318905	-0.167151	-0.359599	-0.170038	-0.338822	-0.370328	-0.768536	-0.350811	16	32	1.18	22.266164
-149.945709	183.308365	271.153381	-142.134384	79.574913	5.457366	298.643829	0.652158	-0.318905	-0.334296	-0.359599	-0.170038	-0.338904	-0.370328	-0.768323	-0.350811	16	32	1.18	22.291842
-203.111572	163.11174	281.450348	-203.149002	20.56432	5.847179	310.647217	0.652158	-0.318905	-0.334296	-0.359599	-0.170038	-0.338822	-0.370328	-0.768323	-0.350811	16	36	1.18	22.729062
-205.274246	163.881134	281.992279	-204.897278	20.027859	5.652272	310.807251	0.652158	-0.318905	-0.334296	-0.539397	-0.170038	-0.338822	-0.370328	-0.768536	-0.350811	16	36	1.18	22.742291
-202.570908	162.919403	283.076172	-200.701431	23.425438	6.042085	311.287384	0.652158	-0.318905	-0.167151	-0.359599	-0.170038	-0.338822	-0.370328	-0.768323	-0.350811	16	36	1.18	22.745657
-204.192902	164.265839	280.005157	-201.750412	21.637239	5.457366	311.927551	0.652158	-0.318905	-0.167151	-0.359599	-0.170038	-0.338904	-0.370328	-0.768323	-0.350811	16	36	1.18	22.791248
-257.178528	141.18399	288.67627	-258.394348	-39.605522	6.042085	322.170441	0.652158	-0.318905	-0.167151	-0.359599	-0.170038	-0.338822	-0.370328	-0.768536	-0.350811	16	40	1.18	23.147587
-256.998291	138.683456	288.495636	-260.142609	-43.173592	6.236991	322.49054	0.652158	-0.318905	-0.167151	-0.359599	-0.170038	-0.338822	-0.370328	-0.768536	-0.350811	16	40	1.18	23.152169
-259.341217	139.260483	289.218231	-262.065704	-43.351994	5.847179	322.650574	0.652158	-0.318905	-0.334296	-0.359599	-0.170038	-0.169452	-0.370328	-0.768536	-0.350811	16	40	1.18	23.172288
-261.323639	140.799286	289.579529	-264.862946	-44.244011	6.042085	322.810608	0.652158	-0.318905	-0.334296	-0.359599	-0.170038	-0.338904	-0.370328	-0.768536	-0.350811	16	40	1.18	23.171012
-311.605927	111.177574	288.134338	-320.807617	-117.032539	6.431898	331.613098	0.652158	-0.318905	-0.167151	-0.359599	-0.170038	-0.338822	-0.370328	-0.768323	-0.350811	16	44	1.18	23.476682
-309.803711	112.13932	287.411743	-317.485901	-114.178093	6.431898	332.4133	0.652158	-0.318905	-0.167151	-0.359599	-0.170038	-0.338904	-0.370328	-0.768536	-0.350811	16	44	1.18	23.50555
-314.669739	108.869392	288.856934	-321.856567	-121.135818	6.236991	332.573364	0.652158	-0.318905	-0.167151	-0.359599	-0.170038	-0.338904	-0.370328	-0.768323	-0.350811	16	44	1.18	23.518344
-317.012634	111.754608	288.495636	-323.604828	-119.351791	6.431898	332.893433	0.652158	-0.318905	-0.167151	-0.359599	0.000042	-0.169412	-0.370328	-0.768536	-0.350811	16	44	1.18	23.522854
275.27243	117.332733	-315.442749	-299.828339	-45.849636	5.652272	314.008148	0.652158	-0.318905	-0.167151	-0.359599	-0.170038	-0.338822	-0.370328	-0.768536	-0.350811	20	-44	1.18	22.861257
273.106354	117.71743	-318.149658	-305.597656	-49.952911	5.652272	313.047882	0.652158	-0.318905	-0.334296	-0.359599	-0.170038	-0.338822	-0.370328	-0.768536	-0.350811	20	-44	1.18	22.825632
272.023315	114.062805	-310.209442	-294.583557	-45.314426	6.236991	312.087616	0.652158	-0.318905	-0.167151	-0.359599	-0.170038	-0.169452	-0.370328	-0.768536	-0.350811	20	-44	1.18	22.768199
272.745361	115.601593	-315.984131	-300.527679	-49.417706	5.847179	310.967316	0.652158	-0.318905	-0.167151	-0.359599	-0.170038	-0.338904	-0.370328	-0.768536	-0.350811	20	-44	1.18	22.740994
257.221802	135.798218	-249.214218	-234.617874	6.437541	5.26246	288.881104	0.652158	-0.318905	-0.167151	-0.359599	-0.170038	-0.338904	-0.370328	-0.768536	-0.350811	20	-40	1.18	21.92509
257.582794	136.567612	-249.7556	-233.743729	7.510462	5.26246	288.240936	0.652158	-0.318905	-0.167151	-0.359599	-0.170038	-0.169452	-0.370328	-0.768323	-0.350811	20	-40	1.18	21.900332
255.958237	135.605865	-248.427307	-233.918579	6.795182	5.067554	287.440674	0.652158	-0.318905	-0.167151	-0.359599	-0.170038	-0.169412	-0.370328	-0.768536	-0.350811	20	-40	1.18	21.876894
256.138763	135.221161	-248.853287	-233.568893	6.079902	5.457366	286.960541	0.652158	-0.318905	-0.167151	-0.359599	-0.170038	-0.169452	-0.370328	-0.768536	-0.350811	20	-40	1.18	21.843169
242.420258	151.763168	-195.437347	-182.519424	47.566132	4.677742	271.276154	0.652158	-0.318905	-0.167151	-0.359599	-0.170038	-0.169452	-0.370328	-0.768536	-0.350811	20	-36	1.18	21.257039
241.156708	153.301956	-195.256882	-183.218735	47.923779	4.677742	270.635986	0.652158	-0.318905	-0.167151	-0.359599	-0.170038	-0.169452	-0.370328	-0.768323	-0.175405	20	-36	1.18	21.231502
242.059219	152.532562	-196.881027	-183.743225	47.744957	4.872647	270.155853	0.652158	-0.318905	-0.167151	-0.359599	-0.170038	-0.338904	-0.370328	-0.768536	-0.350811	20	-36	1.18	21.204541
241.337219	150.801422	-192.369553	-178.673233	49.354336	4.872647	269.67572	0.652158	-0.318905	-0.167151	-0.359599	-0.170038	-0.338904	-0.370328	-0.768536	-0.350811	20	-36	1.18	21.185343
236.644028	171.959793	-149.420242	-137.239227	87.979446	4.872647	268.395355	0.652158	-0.318905	-0.334296	-0.359599	-0.170038	-0.338904	-0.370328	-0.768536	-0.350811	20	-32	1.18	21.134064
237.727066	172.921539	-149.059326	-136.889572	88.158264	4.872647	268.875488	0.652158	-0.318905	-0.167151	-0.359599	-0.170038	-0.338904	-0.370328	-0.768536	-0.350811	20	-32	1.18	21.153308
239.893158	173.498581	-150.463593	-137.588867	89.052368	4.872647	269.515686	0.652158	-0.318905	-0.167151	-0.359599	-0.170038	-0.338822	-0.370328	-0.768536	-0.350811	20	-32	1.18	21.17894
239.712646	174.075623	-154.292633	-141.959564	86.191246	4.872647	269.995789	0.652158	-0.318905	-0.167151	-0.359599	-0.170038	-0.169452	-0.370328	-0.768536	-0.350811	20	-32	1.18	21.198143
246.210892	201.196808	-113.479149	-102.098984	128.392761	5.26246	283.279541	0.652158	-0.318905	-0.167151	-0.359599	-0.170038	-0.338822	-0.370328	-0.768536	-0.350811	20	-28	1.18	21.707497
246.571899	202.350891	-114.050232	-102.623474	128.750397	5.457366	283.919708	0.652158	-0.318905	-0.167151	-0.359599	-0.170038	-0.169452	-0.370328	-0.768536	-0.350811	20	-28	1.18	21.724872
246.571899	202.927948	-113.328392	-101.224861	129.286865	5.26246	284.399841	0.652158	-0.318905	-0.334296	-0.359599	-0.170038	-0.338904	-0.370328	-0.768536	-0.350811	20	-28	1.18	21.751189
247.29393	203.505005	-116.185318	-104.896217	128.392761	5.26246	285.040009	0.652158	-0.318905	-0.167151	-0.359599	-0.170038	-0.338822	-0.370328	-0.768536	-0.350811	20	-28	1.18	21.776116
250.362534	232.164963	-73.247269	-66.434273	169.163712	5.652272	298.803864	0.652158	-0.318905	-0.334296	-0.359599	-0.170038	-0.338904	-0.370328	-0.768536	-0.350811	20	-24	1.18	22.290516
249.098984	230.818527	-70.901909	-64.336349	169.878998	5.457366	299.284027	0.652158	-0.318905	-0.167151	-0.359599	-0.170038	-0.338822	-0.370328	-0.768536	-0.350811	20	-24	1.18	22.316167
249.279495	231.972626	-73.807823	-68.007721	168.09079	5.652272	300.084229	0.652158	-0.318905	-0.167151	-0.359599	-0.170038	-0.338904	-0.370328	-0.768536	-0.350811	20	-24	1.18	22.33914
252.348114	230.241486	-70.721497	-63.287392	170.236633	5.847179	300.564362	0.652158	-0.318905	-0.167151	-0.359599	-0.170038	-0.338822	-0.370328	-0.768536	-0.350811	20	-24	1.18	22.349959
248.015961	255.439178	-26.881386	-39.860569	202.424225	5.652272	311.607483	0.652158	-0.318905	-0.167151	-0.359599	-0.170038	-0.338822	-0.370328	-0.768536	-0.350811	20	-20	1.18	22.772091
248.737991	256.593262	-25.083832	-38.287125	202.78186	5.652272	312.087616	0.652158	-0.318905	-0.334296	-0.359599	-0.170038	-0.338904	-0.370328	-0.768536	-0.350811	20	-20	1.18	22.789952
248.196442	258.516754	-25.986128	-40.734699	204.927704	5.652272	312.407684	0.652158	-0.318905	-0.167151	-0.359599	-0.170038	-0.338904	-0.370328	-0.768536	-0.350811	20	-20	1.18	22.801851
250.182022	257.362671	-26.347048	-37.762638	205.106537	6.042085	312.887848	0.652158	-0.318905	-0.167151	-0.359599	-0.170038	-0.338904	-0.370328	-0.768536	-0.350811	20	-20	1.18	22.805209
239.351639	278.136322	21.310966	-17.482702	233.89653	6.042085	322.49054	0.652158	-0.318905	-0.334296	-0.359599	-0.170038	-0.169452	-0.370328	-0.768536	-0.350811	20	-16	1.18	23.159303
240.254166	280.059814	19.685558	-19.056145	235.684753	6.236991	322.970673	0.652158	-0.318905	-0.167151	-0.359599	-0.170038	-0.338904	-0.370328	-0.768536	-0.350811	20	-16	1.18	23.169737
238.990616	278.328674	19.510027	-19.056145	232.465988	6.042085	323.450806	0.652158	-0.318905	-0.167151	-0.359599	-0.170038	-0.338904	-0.370328	-0.768536	-0.350811	20	-16	1.18	23.194415
239.53215	278.136322	21.497162	-17.482702	236.221207	6.042085	323.61084	0.652158	-0.318905	-0.167151	-0.359599	-0.170038	-0.338904	-0.370328	-0.768536	-0.350811	20	-16	1.18	23.200261
226.355164	297.563538	57.626858	-13.811337	258.037231	6.042085	333.693695	0.652158	-0.318905	-0.167151	-0.359599	-0.170038	-0.169412	-0.370328	-0.768536	-0.350811	20	-12	1.18	23.565689
227.618713	297.371216	56.347591	-14.335817	257.679596	6.431898	334.333862	0.652158	-0.318905	-0.167151	-0.359599	-0.170038	-0.338904	-0.370328	-0.768536	-0.350811	20	-12	1.18	23.574691
228.160233	298.910004	54.541576	-17.133049	257.32196	6.042085	334.653931	0.652158	-0.318905	-0.334296	-0.359599	-0.170038	-0.338904	-0.370328	-0.768536	-0.350811	20	-12	1.18	23.600196
227.799225	298.717651	56.889389	-16.258913	258.931366	6.042085	335.454163	0.652158	-0.318905	-0.167151	-0.359599	-0.170038	-0.338904	-0.370328	-0.768536	-0.350811	20	-12	1.18	23.628914
190.25386	284.86853	82.556351	-12.412719	251.957367	6.042085	313.207947	0.652158	-0.318905	-0.167151	-0.359599	-0.170038	-0.338822	-0.370328	-0.768536	-0.350811	20	-8	1.18	22.817101
190.434372	284.86853	79.283936	-14.160989	248.917419	6.042085	312.087616	0.652158	-0.318905	-0.167151	-0.359599	-0.170038	-0.338904	-0.370328	-0.768536	-0.350811	20	-8	1.18	22.775453
190.79538	283.522095	81.631744	-11.014104	251.778549	6.042085	311.12735	0.652158	-0.318905	-0.167151	-0.359599	-0.170038	-0.169452	-0.370328	-0.768536	-0.350811	20	-8	1.18	22.739694
188.629318	282.560364	80.90934	-13.636508	249.275055	5.652272	310.327118	0.652158	-0.318905	-0.334296	-0.359599	-0.170038	-0.169412	-0.370328	-0.768536	-0.350811	20	-8	1.18	22.724393
155.235596	268.711243	101.317276	-8.741352	238.188232	5.26246	290.481537	0.652158	-0.318905	-0.334296	-0.359599	-0.170038	-0.169452	-0.370328	-0.768536	-0.350811	20	-4	1.18	21.986864
151.986481	267.749481	100.414268	-11.014104	238.367065	5.457366	289.84137	0.652158	-0.318905	-0.167151	-0.359599	-0.170038	-0.338904	-0.370328	-0.768536	-0.350811	20	-4	1.18	21.954653
151.986481	266.78775	101.85907	-9.265833	239.976425	5.457366	289.201172	0.652158	-0.318905	-0.167151	-0.359599	-0.170038	-0.169452	-0.370328	-0.768536	-0.350811	20	-4	1.18	21.929927
152.528	266.78775	100.982498	-9.091005	237.115295	5.26246	288.721039	0.652158	-0.318905	-0.167151	-0.359599	-0.170038	-0.338904	-0.370328	-0.768536	-0.526083	20	-4	1.18	21.918902
120.036835	252.361603	117.963455	-6.293772	226.207275	4.872647	272.396484	0.652158	-0.318905	-0.167151	-0.359599	-0.170038	-0.338904	-0.370328	-0.768536	-0.350811	20	0	1.18	21.293901
118.773285	251.976883	117.782814	-6.993082	225.134354	5.067554	271.756287	0.652158	-0.318905	-0.167151	-0.359599	-0.170038	-0.338904	-0.370328	-0.768536	-0.350811	20	0	1.18	21.260639
118.231773	251.207489	119.016182	-6.643428	224.776718	5.067554	271.116089	0.652158	-0.318905	-0.167151	-0.359599	-0.170038	-0.338904	-0.370328	-0.768536	-0.526083	20	0	1.18	21.235105
117.148727	251.015137	117.932579	-7.342734	223.882629	4.872647	270.635986	0.652158	-0.318905	-0.167151	-0.359599	-0.170038	-0.338904	-0.370328	-0.768536	-0.350811	20	0	1.18	21.223721
93.682884	253.130997	141.230133	-6.818254	224.419083	5.067554	273.996918	0.652158	-0.318905	-0.334296	-0.359599	-0.170038	-0.338904	-0.370328	-0.768536	-0.350811	20	4	1.18	21.349765
94.765915	254.092712	142.855545	-6.293772	226.028458	5.457366	274.79715	0.652158	-0.318905	-0.334296	-0.359599	-0.170038	-0.169452	-0.370328	-0.768536	-0.526083	20	4	1.18	21.36605
93.682884	254.092712	142.133118	-7.69239	225.313187	5.26246	275.597351	0.652158	-0.318905	-0.167151	-0.359599	-0.170038	-0.338904	-0.370328	-0.768536	-0.350811	20	4	1.18	21.405484
93.141357	255.631531	142.133118	-8.391696	226.743729	5.26246	276.237549	0.652158	-0.318905	-0.167151	-0.359599	-0.170038	-0.338904	-0.370328	-0.768536	-0.350811	20	4	1.18	21.430815
71.300072	268.51889	174.506439	-10.664448	233.89653	5.652272	294.162567	0.652158	-0.318905	-0.167151	-0.359599	0.000042	-0.338904	-0.370328	-0.768536	-0.350811	20	8	1.18	22.113355
70.217033	268.711243	175.770966	-10.314795	233.360077	5.457366	294.802765	0.652158	-0.318905	-0.167151	-0.359599	-0.170038	-0.338822	-0.370328	-0.768536	-0.350811	20	8	1.18	22.145337
70.217033	271.01944	176.447342	-10.664448	234.611816	5.847179	295.763031	0.652158	-0.318905	-0.167151	-0.359599	-0.170038	-0.338904	-0.370328	-0.768536	-0.350811	20	8	1.18	22.167156
70.397537	271.211792	178.1194	-9.615486	236.578842	5.652272	296.243164	0.652158	-0.318905	-0.334296	-0.359599	-0.170038	-0.338822	-0.370328	-0.768536	-0.350811	20	8	1.18	22.192947
41.697002	280.444489	208.774948	-11.713409	235.684753	6.042085	311.767517	0.652158	-0.318905	-0.167151	-0.359599	-0.170038	-0.338904	-0.370328	-0.960671	-0.526083	20	12	1.18	22.763539
39.891937	280.829224	210.636139	-11.713409	236.400024	5.847179	312.087616	0.652158	-0.318905	-0.334296	-0.359599	-0.170038	-0.338904	-0.370328	-0.768536	-0.350811	20	12	1.18	22.782704
40.43346	281.021576	208.649002	-12.762375	235.505936	5.847179	312.727783	0.652158	-0.318905	-0.334296	-0.359599	-0.170038	-0.338822	-0.370328	-0.768536	-0.526217	20	12	1.18	22.806504
37.906364	282.368011	209.136154	-15.734432	234.969452	5.847179	313.207947	0.652158	-0.318905	-0.334296	-0.359599	-0.170038	-0.338904	-0.370328	-0.768536	-0.350811	20	12	1.18	22.824339
3.790635	283.522095	237.851746	-19.230974	224.240265	6.042085	324.411072	0.652158	-0.318905	-0.167151	-0.359599	-0.170038	-0.169452	-0.370328	-0.768536	-0.526083	20	16	1.18	23.229474
4.873674	283.522095	238.997955	-17.133049	225.492004	6.042085	325.051239	0.652158	-0.318905	-0.334296	-0.359599	-0.170038	-0.338904	-0.370328	-0.768536	-0.350811	20	16	1.18	23.252817
3.790635	284.483826	237.129318	-20.279936	224.5979	6.236991	325.371338	0.652158	-0.318905	-0.167151	-0.359599	-0.170038	-0.338904	-0.370328	-0.768536	-0.350811	20	16	1.18	23.257379
5.234687	286.214966	238.817291	-18.007183	225.84964	6.236991	325.851471	0.652158	-0.318905	-0.334296	-0.359599	-0.170038	-0.338822	-0.370328	-0.768536	-0.350811	20	16	1.18	23.274867
-35.143528	281.983276	262.774689	-49.1264	205.464172	6.626803	337.374695	0.652158	-0.318905	-0.167151	-0.359599	-0.170038	-0.338904	-0.370328	-0.768536	-0.350811	20	20	1.18	23.676775
-37.846878	285.637939	262.301605	-52.098461	204.033615	6.431898	337.854828	0.652158	-0.318905	-0.167151	-0.359599	-0.170038	-0.169452	-0.370328	-0.768536	-0.350811	20	20	1.18	23.700924
-38.74799	284.86853	261.398376	-54.196384	201.887772	6.042085	338.334991	0.652158	-0.318905	-0.167151	-0.359599	-0.170038	-0.169452	-0.370328	-0.768536	-0.350811	20	20	1.18	23.73201
-35.864422	284.86853	262.301605	-49.825706	204.927704	6.236991	338.975159	0.652158	-0.318905	-0.167151	-0.359599	-0.170038	-0.338904	-0.370328	-0.768536	-0.350811	20	20	1.18	23.747905
-77.135536	249.861069	256.092438	-86.189735	155.752213	6.042085	314.968414	0.652158	-0.318905	-0.167151	-0.359599	-0.170038	-0.338904	-0.370328	-0.960671	-0.526083	20	24	1.18	22.882394
-80.199333	250.630463	254.172409	-88.112831	153.069916	5.652272	313.848114	0.652158	-0.318905	-0.167151	-0.359599	-0.170038	-0.338822	-0.370328	-0.768536	-0.350811	20	24	1.18	22.855324
-76.234421	248.322281	254.533722	-84.616287	154.500488	5.847179	312.887848	0.652158	-0.318905	-0.334296	-0.359599	-0.170038	-0.338904	-0.370328	-0.768536	-0.350811	20	24	1.18	22.812451
-75.513527	248.706955	253.811127	-84.616287	155.215759	5.652272	312.087616	0.652158	-0.318905	-0.167151	-0.359599	-0.170038	-0.169452	-0.370328	-0.768536	-0.350811	20	24	1.18	22.789952
-112.098839	216.200012	243.152863	-122.204094	106.219086	5.26246	292.882233	0.652158	-0.318905	-0.167151	-0.359599	-0.170038	-0.338904	-0.370328	-0.768536	-0.350811	20	28	1.18	22.079202
-113.180176	217.546448	243.152863	-122.378922	107.11319	5.457366	292.08197	0.652158	-0.318905	-0.167151	-0.359599	-0.170038	-0.338822	-0.370328	-0.768536	-0.350811	20	28	1.18	22.040971
-114.081299	215.622955	243.514175	-121.504799	105.86145	5.457366	291.601868	0.652158	-0.318905	-0.167151	-0.359599	-0.170038	-0.338904	-0.370328	-0.768536	-0.350811	20	28	1.18	22.022504
-115.162636	215.045914	242.79158	-122.903404	104.252068	5.457366	290.96167	0.652158	-0.318905	-0.334296	-0.359599	-0.170038	-0.338822	-0.370328	-0.768536	-0.350811	20	28	1.18	21.997854
-153.189743	186.578308	235.023697	-164.512238	56.864777	5.067554	276.237549	0.652158	-0.318905	-0.167151	-0.359599	-0.170038	-0.338822	-0.370328	-0.768536	-0.350811	20	32	1.18	21.43852
-151.387497	185.231857	234.662384	-162.239502	57.043594	5.26246	275.757416	0.652158	-0.318905	-0.167151	-0.359599	-0.170038	-0.338904	-0.370328	-0.768536	-0.350811	20	32	1.18	21.41182
-149.044586	185.42421	232.31395	-159.617081	58.474152	5.067554	275.117218	0.652158	-0.318905	-0.334296	-0.359599	-0.170038	-0.338904	-0.370328	-0.768536	-0.526083	20	32	1.18	21.394188
-149.585266	185.808914	232.494598	-160.840866	57.222416	4.872647	274.477051	0.652158	-0.318905	-0.334296	-0.359599	-0.170038	-0.338822	-0.370328	-0.768536	-0.350811	20	32	1.18	21.376543
-193.148773	158.495377	228.821671	-208.743484	3.397601	4.872647	269.835754	0.652158	-0.318905	-0.334296	-0.359599	-0.170038	-0.338904	-0.370328	-0.768536	-0.350811	20	36	1.18	21.191744
-191.397049	160.995911	229.96553	-206.470749	7.868101	4.872647	270.475922	0.652158	-0.318905	-0.167151	-0.359599	-0.170038	-0.338822	-0.370328	-0.768536	-0.350811	20	36	1.18	21.217329
-192.968597	160.226517	232.614288	-205.771423	8.404561	5.067554	271.596252	0.652158	-0.318905	-0.334296	-0.359599	-0.170038	-0.338904	-0.370328	-0.768536	-0.350811	20	36	1.18	21.254259
-194.280624	160.803558	232.794907	-209.442795	6.437541	5.26246	272.076385	0.652158	-0.318905	-0.334296	-0.359599	-0.170038	-0.338904	-0.370328	-0.768536	-0.526083	20	36	1.18	21.26563
-247.266266	145.608002	242.727951	-269.758118	-49.774509	5.26246	290.001434	0.652158	-0.318905	-0.167151	-0.359599	-0.170038	-0.338904	-0.370328	-0.768536	-0.526083	20	40	1.18	21.968351
-250.330048	145.415649	244.598053	-269.583282	-49.239296	5.847179	290.801636	0.652158	-0.318905	-0.167151	-0.359599	-0.170038	-0.338904	-0.370328	-0.768536	-0.350811	20	40	1.18	21.976662
-251.8862	146.954453	245.256393	-272.555328	-51.201733	5.652272	291.441803	0.652158	-0.318905	-0.167151	-0.359599	-0.170038	-0.338904	-0.370328	-0.768536	-0.350811	20	40	1.18	22.00884
-251.231155	146.569748	244.417419	-270.632263	-49.952911	5.457366	292.242065	0.652158	-0.318905	-0.167151	-0.359599	-0.170038	-0.338904	-0.370328	-0.768536	-0.350811	20	40	1.18	22.047126
-305.938995	125.411377	248.868408	-331.821716	-117.032539	5.847179	307.286255	0.652158	-0.318905	-0.334296	-0.359599	-0.170038	-0.169452	-0.370328	-0.768536	-0.350811	20	44	1.18	22.6034
-310.164154	124.449646	248.75296	-334.269287	-119.70858	5.847179	307.606354	0.652158	-0.318905	-0.334296	-0.359599	-0.170038	-0.338904	-0.370328	-0.768536	-0.350811	20	44	1.18	22.615398
-307.821259	125.988434	248.933624	-333.395142	-117.746147	5.847179	308.406586	0.652158	-0.318905	-0.167151	-0.359599	-0.170038	-0.338904	-0.370328	-0.768536	-0.350811	20	44	1.18	22.645365
-310.803772	126.565468	249.410217	-336.716858	-118.994972	6.236991	309.046753	0.652158	-0.318905	-0.334296	-0.359599	-0.170038	-0.338904	-0.370328	-0.768536	-0.350811	20	44	1.18	22.654732
263.900513	140.799286	-351.895538	-358.570221	-75.821388	6.236991	326.331604	0.652158	-0.318905	-0.167151	-0.359599	-0.170038	-0.169452	-0.370328	-0.768536	-0.350811	24	-44	1.18	23.292343
264.983551	142.722778	-350.632324	-358.395416	-71.896515	6.236991	326.651703	0.652158	-0.318905	-0.167151	-0.359599	-0.170038	-0.169452	-0.370328	-0.768536	-0.526083	24	-44	1.18	23.303986
265.705597	142.338074	-350.090912	-355.77301	-71.539703	6.431898	327.29187	0.652158	-0.318905	-0.167151	-0.359599	-0.170038	-0.169452	-0.370328	-0.768536	-0.526083	24	-44	1.18	23.320173
265.525085	143.876862	-350.812744	-357.521271	-70.469292	6.042085	327.772003	0.652158	-0.318905	-0.167151	-0.359599	-0.170038	-0.338904	-0.370328	-0.768536	-0.350811	24	-44	1.18	23.351765
282.312195	180.807831	-323.743896	-327.625854	-19.802761	6.431898	338.815125	0.652158	-0.318905	-0.167151	-0.359599	-0.170038	-0.338904	-0.370328	-0.768536	-0.350811	24	-40	1.18	23.735236
280.326599	179.461395	-320.315155	-326.227234	-19.445955	6.626803	337.854828	0.652158	-0.318905	-0.167151	-0.359599	-0.170038	-0.169452	-0.370328	-0.768536	-0.350811	24	-40	1.18	23.693954
277.79953	180.038437	-321.75882	-328.5	-21.586796	6.626803	336.574493	0.652158	-0.318905	-0.167151	-0.359599	-0.170038	-0.338904	-0.370328	-0.768536	-0.526083	24	-40	1.18	23.648116
277.79953	179.653748	-314.720917	-320.108276	-16.234697	6.042085	335.614197	0.652158	-0.318905	-0.167151	-0.359599	-0.170038	-0.338904	-0.370328	-0.768536	-0.526083	24	-40	1.18	23.634653
256.319244	192.541107	-253.003845	-257.695038	26.823019	6.236991	309.526886	0.652158	-0.318905	-0.167151	-0.359599	-0.170038	-0.338904	-0.370328	-0.768536	-0.526083	24	-36	1.18	22.672685
257.221802	190.61763	-251.19928	-254.023666	28.25358	6.042085	308.56662	0.652158	-0.318905	-0.167151	-0.359599	-0.170038	-0.338904	-0.370328	-0.768536	-0.526083	24	-36	1.18	22.64406
255.958237	189.848236	-250.657883	-254.198517	26.823019	5.847179	307.766388	0.652158	-0.318905	-0.167151	-0.359599	-0.170038	-0.169452	-0.370328	-0.768536	-0.350811	24	-36	1.18	22.621395
255.416718	191.579376	-252.823395	-256.995728	26.28656	6.236991	306.966187	0.652158	-0.318905	-0.334296	-0.359599	-0.170038	-0.338904	-0.370328	-0.768536	-0.526083	24	-36	1.18	22.576769
238.088089	202.158554	-192.910919	-194.932144	65.984589	5.457366	290.481537	0.652158	-0.318905	-0.167151	-0.359599	-0.170038	-0.338904	-0.370328	-0.768536	-0.526083	24	-32	1.18	21.97935
237.727066	201.004471	-191.467239	-193.009048	66.699875	5.457366	289.84137	0.652158	-0.318905	-0.167151	-0.359599	-0.170038	-0.338904	-0.370328	-0.768536	-0.350811	24	-32	1.18	21.954653
236.644028	199.65802	-191.106339	-192.309738	65.984589	5.067554	289.201172	0.652158	-0.318905	-0.167151	-0.359599	-0.170038	-0.338904	-0.370328	-0.768536	-0.526083	24	-32	1.18	21.944985
237.54657	201.38916	-193.091385	-194.757324	66.521049	5.26246	288.40097	0.652158	-0.318905	-0.334296	-0.359599	-0.170038	-0.338822	-0.370328	-0.768536	-0.350811	24	-32	1.18	21.906524
221.662003	209.852509	-140.577744	-143.707825	96.741631	5.067554	275.277283	0.652158	-0.318905	-0.167151	-0.359599	0.000042	-0.338904	-0.370328	-0.768536	-0.350811	24	-28	1.18	21.400527
220.578979	208.121368	-136.968552	-140.910599	98.887466	5.067554	274.79715	0.652158	-0.318905	-0.334296	-0.359599	-0.170038	-0.338904	-0.370328	-0.768536	-0.350811	24	-28	1.18	21.381506
221.120468	209.083115	-140.036377	-143.88266	96.383987	4.872647	273.996918	0.815193	-0.318905	-0.167151	-0.359599	-0.170038	-0.338904	-0.370328	-0.768536	-0.526083	24	-28	1.18	21.3575
221.120468	208.890747	-139.134064	-141.784729	98.351006	5.26246	273.676819	0.652158	-0.318905	-0.167151	-0.359599	-0.170038	-0.338904	-0.370328	-0.768536	-0.526083	24	-28	1.18	21.329313
210.651108	220.624023	-92.03421	-103.672432	124.101089	4.677742	271.756287	0.652158	-0.318905	-0.167151	-0.359599	-0.170038	-0.169452	-0.370328	-0.768536	-0.350811	24	-24	1.18	21.276172
211.553635	222.162811	-89.327316	-102.448647	127.498657	4.872647	272.556519	0.652158	-0.318905	-0.334296	-0.359599	-0.170038	-0.338904	-0.370328	-0.768536	-0.350811	24	-24	1.18	21.300269
212.817184	223.70163	-90.770996	-103.497604	127.498657	5.067554	273.35672	0.652158	-0.318905	-0.334296	-0.359599	-0.170038	-0.338904	-0.370328	-0.768536	-0.526083	24	-24	1.18	21.324338
213.539215	223.124557	-91.673286	-102.973122	125.88929	5.067554	274.156982	0.652158	-0.318905	-0.167151	-0.359599	-0.170038	-0.338904	-0.370328	-0.768536	-0.526083	24	-24	1.18	21.356118
216.246796	251.207489	-53.055016	-84.091805	158.255707	5.457366	291.921936	0.652158	-0.318905	-0.167151	-0.359599	-0.170038	-0.338904	-0.370328	-0.768536	-0.350811	24	-20	1.18	22.034817
216.066284	251.592209	-51.972256	-84.266632	158.79216	5.26246	292.562134	0.652158	-0.318905	-0.167151	-0.359599	-0.170038	-0.338904	-0.370328	-0.768536	-0.350811	24	-20	1.18	22.066912
217.690857	253.515671	-52.874554	-84.616287	159.865067	5.652272	293.5224	0.652158	-0.318905	-0.334296	-0.359599	-0.170038	-0.338904	-0.370328	-0.768536	-0.526083	24	-20	1.18	22.088808
217.329819	253.708023	-52.152718	-84.965942	160.938004	5.26246	294.002533	0.652158	-0.318905	-0.334296	-0.359599	-0.170038	-0.338904	-0.370328	-0.768536	-0.526083	24	-20	1.18	22.12216
211.373138	279.482758	-15.158575	-69.406334	190.443283	6.042085	308.886719	0.815193	-0.318905	-0.334296	-0.359599	-0.170038	-0.338904	-0.370328	-0.768536	-0.526083	24	-16	1.18	22.656037
212.997681	278.905701	-14.617198	-67.658066	189.549194	6.042085	309.206818	0.652158	-0.318905	-0.167151	-0.359599	-0.170038	-0.338822	-0.370328	-0.768536	-0.526083	24	-16	1.18	22.668007
211.914642	277.559296	-14.256279	-67.308411	190.443283	5.847179	309.846985	0.652158	-0.318905	-0.167151	-0.359599	-0.170038	-0.169452	-0.370328	-0.768536	-0.526083	24	-16	1.18	22.699205
212.997681	278.713348	-15.339034	-68.357376	190.443283	5.847179	310.647217	0.652158	-0.318905	-0.334296	-0.359599	-0.170038	-0.169412	-0.370328	-0.768536	-0.350722	24	-16	1.18	22.729062
199.27919	298.910004	22.755777	-62.588078	218.339188	6.042085	322.810608	0.652158	-0.318905	-0.334296	-0.359599	-0.170038	-0.338904	-0.370328	-0.768536	-0.526083	24	-12	1.18	23.171012
200.54274	300.641144	18.963154	-65.385315	214.94162	5.847179	323.290741	0.652158	-0.318905	-0.167151	-0.359599	-0.170038	-0.169452	-0.370328	-0.768536	-0.350811	24	-12	1.18	23.195688
200.181717	301.795227	18.421349	-67.133583	214.226349	6.236991	323.770874	0.652158	-0.478357	-0.167151	-0.359599	-0.170038	-0.169452	-0.370328	-0.768536	-0.350811	24	-12	1.18	23.198987
201.625763	299.871765	18.963154	-65.03566	214.762802	6.236991	324.411072	0.652158	-0.318905	-0.334296	-0.359599	-0.170038	-0.169452	-0.370328	-0.768536	-0.526083	24	-12	1.18	23.222362
183.936142	318.914276	54.360981	-63.287392	235.863571	6.431898	336.894562	0.652158	-0.318905	-0.167151	-0.359599	-0.170038	-0.338904	-0.370328	-0.768536	-0.526083	24	-8	1.18	23.666564
185.380188	319.876007	53.110649	-63.811871	235.505936	6.431898	337.214661	0.652158	-0.318905	-0.334296	-0.359599	-0.170038	-0.169452	-0.370328	-0.768536	-0.350811	24	-8	1.18	23.678023
182.311569	320.068359	54.902779	-64.686005	237.294113	6.236991	337.534729	0.652158	-0.318905	-0.334296	-0.359599	-0.170038	-0.338904	-0.370328	-0.768536	-0.350811	24	-8	1.18	23.696446
186.282715	319.876007	56.528187	-61.189468	237.651779	7.016615	338.495026	0.815193	-0.318905	-0.334296	-0.359599	-0.170038	-0.169452	-0.370328	-0.768536	-0.526083	24	-8	1.18	23.702908
145.849258	301.795227	82.173553	-52.972591	227.280182	6.042085	315.768646	0.652158	-0.318905	-0.334296	-0.359599	-0.170038	-0.338904	-0.370328	-0.768536	-0.526083	24	-4	1.18	22.912012
146.932297	301.410522	78.742126	-54.021553	226.207275	5.652272	314.80835	0.652158	-0.318905	-0.334296	-0.359599	-0.170038	-0.338904	-0.370328	-0.768536	-0.350811	24	-4	1.18	22.890901
145.488251	299.871765	79.645134	-54.371208	225.313187	5.847179	313.848114	0.652158	-0.318905	-0.334296	-0.359599	-0.170038	-0.338904	-0.370328	-0.768536	-0.526083	24	-4	1.18	22.848096
144.585724	299.871765	81.270546	-52.098461	226.207275	6.042085	312.887848	0.652158	-0.318905	-0.167151	-0.359599	-0.170038	-0.338904	-0.370328	-0.768536	-0.526083	24	-4	1.18	22.805209
107.220863	283.329742	105.137413	-47.2033	213.153427	5.26246	294.642731	0.652158	-0.318905	-0.167151	-0.359599	-0.170038	-0.338904	-0.370328	-0.768536	-0.350811	24	0	1.18	22.146671
109.02594	282.752716	107.096512	-43.70676	215.656906	5.457366	294.162567	0.652158	-0.318905	-0.167151	-0.359599	-0.170038	-0.338904	-0.370328	-0.768536	-0.526083	24	0	1.18	22.120824
107.220863	282.752716	105.109901	-47.378124	213.153427	5.457366	293.362366	0.652158	-0.318905	-0.334296	-0.359599	-0.170038	-0.338904	-0.370328	-0.768536	-0.526083	24	0	1.18	22.090147
108.484413	279.482758	104.748688	-44.930553	211.365234	5.652272	292.722168	0.652158	-0.318905	-0.167151	-0.359599	-0.170038	-0.338904	-0.370328	-0.768536	-0.526083	24	0	1.18	22.058085
74.007668	267.557129	125.911995	-44.930553	200.81485	5.067554	279.118347	0.652158	-0.318905	-0.334296	-0.359599	0.000042	-0.169452	-0.370328	-0.768536	-0.526083	24	4	1.18	21.552096
73.285645	266.403046	124.253616	-45.455032	197.953735	4.677742	278.318115	0.652158	-0.318905	-0.334296	-0.359599	-0.170038	-0.338904	-0.370328	-0.768536	-0.526083	24	4	1.18	21.535953
72.38311	266.595398	125.156624	-45.455032	198.847824	4.872647	277.837982	0.652158	-0.318905	-0.334296	-0.359599	-0.170038	-0.169452	-0.370328	-0.768536	-0.526083	24	4	1.18	21.509372
74.007668	264.671936	124.253616	-43.881584	198.132553	4.872647	277.357849	0.652158	-0.318905	-0.334296	-0.359599	-0.170038	-0.169452	-0.370328	-0.768536	-0.350811	24	4	1.18	21.490447
42.419029	253.130997	141.410721	-45.455032	185.07869	4.872647	266.474792	0.815193	-0.318905	-0.334296	-0.359599	-0.170038	-0.338904	-0.370328	-0.768536	-0.526083	24	8	1.18	21.05691
41.516487	253.708023	140.146515	-47.2033	183.469315	4.677742	267.11499	0.652158	-0.318905	-0.334296	-0.359599	-0.170038	-0.338904	-0.370328	-0.768536	-0.350811	24	8	1.18	21.090493
41.877499	255.439178	141.771927	-47.028477	185.793976	4.872647	268.075256	0.652158	-0.318905	-0.167151	-0.359599	-0.170038	-0.338904	-0.370328	-0.768536	-0.350811	24	8	1.18	21.121224
41.516499	255.439178	140.507721	-48.601917	184.721054	4.677742	268.715424	0.815193	-0.318905	-0.167151	-0.359599	-0.170038	-0.338904	-0.370328	-0.768536	-0.350811	24	8	1.18	21.154704
9.025324	264.479553	170.487503	-55.245346	184.899872	5.457366	283.919708	0.652158	-0.318905	-0.334296	-0.359599	-0.170038	-0.338904	-0.370328	-0.768536	-0.350811	24	12	1.18	21.724872
7.761778	266.403046	170.668106	-56.294308	184.363403	5.26246	284.399841	0.815193	-0.318905	-0.334296	-0.359599	-0.170038	-0.338904	-0.370328	-0.768536	-0.526083	24	12	1.18	21.751189
9.205823	265.825989	171.571121	-55.42017	185.257523	5.457366	285.200043	0.652158	-0.318905	-0.167151	-0.359599	-0.170038	-0.169452	-0.370328	-0.768536	-0.526083	24	12	1.18	21.774759
9.38633	266.595398	171.390518	-56.119484	185.615158	5.26246	285.680206	0.815193	-0.318905	-0.167151	-0.359599	-0.170038	-0.338904	-0.370328	-0.768536	-0.350811	24	12	1.18	21.801017
-30.449759	273.904633	199.383682	-66.084618	177.925888	5.652272	299.604126	0.652158	-0.318905	-0.334296	-0.359599	-0.170038	-0.338904	-0.370328	-0.768536	-0.526083	24	16	1.18	22.32092
-30.097277	274.48172	199.564301	-67.133583	176.495346	5.652272	300.244293	0.815193	-0.318905	-0.167151	-0.359599	-0.170038	-0.169452	-0.370328	-0.768536	-0.526083	24	16	1.18	22.345212
-28.475269	274.289368	199.074631	-66.783936	177.389435	5.652272	300.88446	0.652158	-0.318905	-0.167151	-0.359599	-0.170038	-0.338904	-0.370328	-0.768536	-0.350811	24	16	1.18	22.369477
-27.754375	274.674042	197.577682	-68.532196	176.316513	5.847179	301.204529	0.652158	-0.318905	-0.334296	-0.359599	-0.170038	-0.338904	-0.370328	-0.768536	-0.526083	24	16	1.18	22.374219
-70.268677	273.712311	220.514023	-88.462479	157.361603	6.042085	311.287384	0.652158	-0.318905	-0.334296	-0.359599	-0.170038	-0.338904	-0.370328	-0.960671	-0.350811	24	20	1.18	22.745657
-72.629959	274.674042	222.500656	-91.084892	157.898056	5.652272	311.607483	0.652158	-0.318905	-0.334296	-0.359599	-0.170038	-0.338904	-0.370328	-0.768536	-0.526083	24	20	1.18	22.772091
-69.566162	273.327606	221.055817	-91.259712	157.18277	5.847179	312.087616	0.652158	-0.318905	-0.501332	-0.359599	-0.170038	-0.338904	-0.370328	-0.768536	-0.526083	24	20	1.18	22.782704
-72.070442	274.866394	221.958817	-89.511444	158.255707	6.042085	312.567719	0.652158	-0.318905	-0.334296	-0.359599	-0.170038	-0.338904	-0.370328	-0.768536	-0.526083	24	20	1.18	22.79331
-120.898155	270.634705	240.921936	-131.994415	129.465683	6.236991	322.970673	0.652158	-0.318905	-0.334296	-0.359599	-0.170038	-0.169452	-0.370328	-0.768536	-0.350811	24	24	1.18	23.169737
-120.749557	271.404114	239.838348	-132.868546	128.750397	6.236991	323.290741	0.652158	-0.318905	-0.167151	-0.359599	-0.170038	-0.338904	-0.370328	-0.768536	-0.526083	24	24	1.18	23.181441
-122.73201	271.211792	242.005569	-133.043381	129.823334	5.847179	323.61084	0.652158	-0.318905	-0.334296	-0.359599	-0.170038	-0.338904	-0.370328	-0.768536	-0.526083	24	24	1.18	23.20738
-123.961151	271.596466	241.46376	-134.966476	126.783379	5.847179	324.090973	0.652158	-0.318905	-0.334296	-0.359599	-0.170038	-0.338904	-0.555491	-0.960671	-0.526217	24	24	1.18	23.224906
-176.032043	263.517822	254.647644	-186.715286	91.734673	6.236991	334.493896	0.652158	-0.318905	-0.167151	-0.359599	-0.170038	-0.338904	-0.370328	-0.768536	-0.350811	24	28	1.18	23.587446
-176.572571	263.133118	257.898468	-186.190796	93.522865	6.431898	334.653931	0.652158	-0.318905	-0.334296	-0.359599	-0.170038	-0.338904	-0.370328	-0.768536	-0.350811	24	28	1.18	23.586194
-173.014282	262.940765	255.731232	-185.14183	92.807587	6.236991	335.134064	0.652158	-0.318905	-0.334296	-0.359599	-0.170038	-0.169452	-0.370328	-0.768536	-0.526083	24	28	1.18	23.610435
-178.194153	262.363708	257.898468	-188.113892	92.271126	6.626803	335.454163	0.652158	-0.318905	-0.334296	-0.359599	-0.170038	-0.169452	-0.370328	-0.768536	-0.526083	24	28	1.18	23.607933
-219.634674	229.472092	248.326584	-229.722702	40.949799	6.236991	317.849243	0.652158	-0.318905	-0.167151	-0.359599	-0.170038	-0.169452	-0.370328	-0.768536	-0.526083	24	32	1.18	22.981652
-217.168991	226.650162	247.062393	-225.352036	40.592155	6.042085	316.728912	0.652158	-0.318905	-0.334296	-0.359599	-0.170038	-0.338904	-0.370328	-0.768536	-0.526083	24	32	1.18	22.947502
-216.808517	226.779205	248.507202	-230.072372	38.446316	6.042085	315.92868	0.652158	-0.318905	-0.334296	-0.359599	-0.170038	-0.338904	-0.370328	-0.768536	-0.526083	24	32	1.18	22.91793
-216.087616	226.26535	245.617599	-227.275131	39.340416	6.042085	314.80835	0.652158	-0.318905	-0.334296	-0.359599	-0.170038	-0.338904	-0.370328	-0.768536	-0.526083	24	32	1.18	22.876465
-240.535095	189.655869	230.447098	-258.918823	-11.239408	5.652272	294.802765	0.652158	-0.318905	-0.334296	-0.359599	-0.170038	-0.169452	-0.370328	-0.768536	-0.526083	24	36	1.18	22.137876
-242.580444	189.901276	228.460464	-259.618134	-11.774615	5.652272	294.162567	0.652158	-0.318905	-0.167151	-0.359599	-0.170038	-0.338904	-0.370328	-0.768536	-0.526083	24	36	1.18	22.113355
-237.714432	189.708878	229.002289	-255.422302	-10.168986	5.457366	293.5224	0.652158	-0.318905	-0.167151	-0.359599	-0.170038	-0.169452	-0.370328	-0.768536	-0.526083	24	36	1.18	22.096285
-238.795761	188.694138	229.182877	-254.722977	-9.81218	5.652272	292.722168	0.652158	-0.318905	-0.167151	-0.359599	-0.170038	-0.338904	-0.370328	-0.768536	-0.526083	24	36	1.18	22.058085
-258.913025	152.917267	210.761566	-280.947021	-60.300304	4.872647	273.516785	0.652158	-0.318905	-0.334296	-0.359599	-0.170038	-0.338904	-0.370328	-0.768536	-0.350811	24	40	1.18	21.33844
-257.538971	153.152405	208.955551	-281.121857	-60.657108	4.677742	272.716553	0.652158	-0.318905	-0.167151	-0.359599	-0.170038	-0.338904	-0.370328	-0.768536	-0.526083	24	40	1.18	21.314387
-259.813934	152.147873	209.136154	-282.520477	-61.727528	5.067554	272.396484	0.652158	-0.318905	-0.334296	-0.359599	-0.170038	-0.338904	-0.370328	-0.768536	-0.350811	24	40	1.18	21.286142
-259.273407	153.301956	207.691345	-281.296692	-60.478706	4.677742	271.596252	0.652158	-0.318905	-0.167151	-0.359599	-0.170038	-0.169452	-0.370328	-0.768536	-0.526083	24	40	1.18	21.269797
-287.456024	124.869232	196.313477	-315.213135	-113.286079	5.067554	267.915222	0.652158	-0.318905	-0.334296	-0.359599	-0.170038	-0.338904	-0.370328	-0.768536	-0.526083	24	44	1.18	21.106978
-287.921387	126.180771	197.758286	-314.338989	-112.750854	4.872647	268.555389	0.652158	-0.318905	-0.334296	-0.359599	-0.170038	-0.338904	-0.370328	-0.768536	-0.350811	24	44	1.18	21.14048
-290.083527	126.565468	198.300079	-316.961395	-113.464462	4.872647	269.195587	0.652158	-0.318905	-0.167151	-0.359599	-0.170038	-0.338904	-0.370328	-0.768536	-0.350811	24	44	1.18	21.166128
-288.17691	126.985664	197.577682	-316.78656	-114.356499	4.872647	269.835754	0.815193	-0.318905	-0.334296	-0.359599	-0.170038	-0.338904	-0.370328	-0.768536	-0.526083	24	44	1.18	21.191744
216.607819	144.30188	-335.293274	-350.877869	-88.666428	5.652272	292.08197	0.652158	-0.318905	-0.334296	-0.359599	-0.170038	-0.338904	-0.370328	-0.768536	-0.526083	28	-44	1.18	22.033476
215.885788	142.955063	-336.556488	-351.577148	-90.272041	5.652272	292.722168	0.652158	-0.318905	-0.334296	-0.359599	-0.170038	-0.338904	-0.370328	-0.768536	-0.526083	28	-44	1.18	22.058085
218.232376	145.263901	-340.34613	-354.898865	-90.62886	5.26246	293.042267	0.652158	-0.318905	-0.167151	-0.359599	-0.170038	-0.338904	-0.370328	-0.768536	-0.526083	28	-44	1.18	22.085344
216.427307	144.109482	-340.707031	-356.12265	-92.591293	5.26246	293.5224	0.652158	-0.318905	-0.334296	-0.359599	-0.170038	-0.338904	-0.370328	-0.768536	-0.526083	28	-44	1.18	22.10376
228.701752	178.884354	-313.457703	-330.597931	-47.812073	5.457366	304.725555	0.815193	-0.318905	-0.334296	-0.359599	-0.170038	-0.338904	-0.370328	-0.768536	-0.526083	28	-40	1.18	22.521861
229.604263	178.741943	-314.901367	-331.122375	-46.206448	5.652272	305.205658	0.652158	-0.318905	-0.334296	-0.359599	-0.170038	-0.338904	-0.370328	-0.768536	-0.526083	28	-40	1.18	22.532589
229.784775	178.692001	-314.720917	-331.646881	-46.38485	5.652272	305.525757	0.652158	-0.318905	-0.167151	-0.359599	-0.170038	-0.169452	-0.370328	-0.768536	-0.526083	28	-40	1.18	22.544625
230.506805	177.922607	-315.62323	-331.821716	-47.633671	5.652272	306.00592	0.652158	-0.318905	-0.334296	-0.359599	-0.170038	-0.338904	-0.370328	-0.768536	-0.526083	28	-40	1.18	22.562667
240.976196	209.852509	-291.08075	-303.150085	-3.746469	6.042085	317.048981	0.652158	-0.318905	-0.167151	-0.359599	-0.170038	-0.338904	-0.370328	-0.768536	-0.526083	28	-36	1.18	22.959319
240.976196	210.814255	-293.246246	-305.597656	-4.103275	6.236991	317.529144	0.652158	-0.318905	-0.167151	-0.359599	-0.170038	-0.338904	-0.370328	-0.768536	-0.350811	28	-36	1.18	22.969846
241.337219	211.450363	-292.524445	-304.0242	-4.460082	6.042085	318.009277	0.652158	-0.318905	-0.334296	-0.359599	-0.170038	-0.338904	-0.555491	-0.768536	-0.526083	28	-36	1.18	22.994738
240.976196	212.16069	-290.358917	-302.27594	-2.497646	6.236991	318.48941	0.652158	-0.318905	-0.167151	-0.359599	-0.170038	-0.338904	-0.370328	-0.768536	-0.526083	28	-36	1.18	23.005247
246.571899	240.05127	-259.319946	-267.485352	38.088676	6.042085	328.732269	0.652158	-0.318905	-0.334296	-0.359599	-0.170038	-0.338904	-0.370328	-0.768536	-0.526083	28	-32	1.18	23.386588
247.654922	241.013	-258.778564	-267.660187	39.340416	6.236991	329.212433	0.652158	-0.318905	-0.334296	-0.359599	-0.170038	-0.338904	-0.370328	-0.768536	-0.526083	28	-32	1.18	23.396923
247.835434	241.205353	-264.553253	-272.904999	36.479298	6.431898	329.372467	0.652158	-0.318905	-0.334296	-0.359599	-0.170038	-0.338904	-0.370328	-0.768536	-0.350811	28	-32	1.18	23.39566
247.835434	241.013	-259.680847	-267.135712	40.055698	6.042085	329.692566	0.652158	-0.318905	-0.167151	-0.359599	-0.170038	-0.338904	-0.370328	-0.768536	-0.350811	28	-32	1.18	23.421361
247.113403	268.134186	-214.024643	-226.051346	80.469009	6.431898	337.694794	0.652158	-0.318905	-0.334296	-0.359599	-0.170038	-0.338904	-0.370328	-0.768536	-0.526083	28	-28	1.18	23.695201
248.376953	266.595398	-215.468338	-227.100311	77.250252	6.431898	337.214661	0.652158	-0.318905	-0.334219	-0.359599	-0.170038	-0.338904	-0.370328	-0.768536	-0.526083	28	-28	1.18	23.678023
248.196442	268.51889	-212.400513	-223.77861	80.647827	6.431898	336.09436	0.652158	-0.318905	-0.167151	-0.359599	-0.170038	-0.338904	-0.370328	-0.768536	-0.526083	28	-28	1.18	23.637892
245.127838	266.477478	-210.415466	-223.25412	79.21727	6.431898	335.134064	0.652158	-0.318905	-0.334296	-0.359599	-0.170038	-0.338904	-0.370328	-0.768536	-0.350811	28	-28	1.18	23.603439
219.134918	263.014252	-141.119125	-163.812927	104.252068	6.042085	309.526886	0.652158	-0.318905	-0.334296	-0.359599	-0.170038	-0.169452	-0.370328	-0.768536	-0.526083	28	-24	1.18	22.67997
218.232376	261.401978	-144.728302	-165.910858	102.285049	5.652272	308.56662	0.652158	-0.318905	-0.167151	-0.359599	-0.170038	-0.338904	-0.370328	-0.768536	-0.350811	28	-24	1.18	22.658644
215.52478	260.128204	-142.56279	-165.386383	101.569763	5.652272	307.926422	0.652158	-0.318905	-0.167151	-0.359599	-0.170038	-0.338904	-0.370328	-0.768536	-0.526083	28	-24	1.18	22.634687
217.149338	260.128204	-140.758194	-162.763962	104.609703	5.847179	307.126221	0.652158	-0.318905	-0.167151	-0.359599	-0.170038	-0.338904	-0.370328	-0.768536	-0.526083	28	-24	1.18	22.597399
189.892838	255.318115	-90.410072	-127.448906	116.590645	5.26246	285.84024	0.652158	-0.318905	-0.167151	-0.359599	-0.170038	-0.338904	-0.370328	-0.768536	-0.526083	28	-20	1.18	21.807237
189.351334	254.933334	-90.410072	-127.448906	116.94828	5.067554	285.040009	0.652158	-0.318905	-0.167151	-0.359599	-0.170038	-0.169452	-0.370328	-0.768536	-0.526083	28	-20	1.18	21.783699
189.712341	253.394104	-87.161804	-124.127197	119.094116	5.26246	284.239807	0.652158	-0.318905	-0.334296	-0.359599	-0.170038	-0.338904	-0.370328	-0.768536	-0.526083	28	-20	1.18	21.744953
189.170822	252.938629	-85.537674	-122.728584	119.272942	5.457366	283.599609	0.652158	-0.318905	-0.167151	-0.359599	-0.170038	-0.338904	-0.370328	-0.768536	-0.350811	28	-20	1.18	21.712382
166.24649	249.546066	-47.280315	-102.448647	130.717422	5.067554	269.995789	0.652158	-0.318905	-0.167151	-0.359599	-0.170038	-0.338904	-0.370328	-0.768536	-0.526083	28	-16	1.18	21.190349
166.788025	248.968842	-45.295265	-100.00106	131.432693	5.26246	269.355621	0.652158	-0.318905	-0.334219	-0.359599	-0.170038	-0.338904	-0.370328	-0.768536	-0.526083	28	-16	1.18	21.156927
165.524475	249.283997	-47.641235	-102.448647	130.002151	4.872647	268.715424	0.652158	-0.318905	-0.167151	-0.359599	-0.170038	-0.169452	-0.370328	-0.768536	-0.526083	28	-16	1.18	21.146894
164.441437	249.161255	-48.182613	-103.322784	129.823334	5.067554	268.235291	0.652158	-0.318905	-0.501332	-0.359599	-0.170038	-0.338904	-0.370328	-0.768536	-0.526083	28	-16	1.18	21.119825
148.917877	255.702927	-16.782709	-95.280739	143.592453	5.067554	269.355621	0.815193	-0.318905	-0.334296	-0.359599	-0.170038	-0.169452	-0.370328	-0.768536	-0.526083	28	-12	1.18	21.164731
147.473816	258.13205	-16.963167	-96.504524	144.665375	5.067554	270.155853	0.652158	-0.318905	-0.501332	-0.359599	-0.170038	-0.169452	-0.370328	-0.768536	-0.526083	28	-12	1.18	21.196749
149.459396	258.588959	-17.324085	-96.154877	145.023026	5.067554	270.956055	0.652158	-0.318905	-0.501332	-0.359599	-0.170038	-0.169452	-0.370328	-0.768536	-0.526083	28	-12	1.18	21.228718
148.917877	258.709106	-15.699953	-96.504524	145.738297	5.067554	271.756287	0.652158	-0.318905	-0.334296	-0.359599	-0.170038	-0.169452	-0.370328	-0.768536	-0.526083	28	-12	1.18	21.260639
134.657837	274.096985	11.377905	-95.980034	160.938004	5.457366	284.239807	0.652158	-0.318905	-0.334296	-0.359599	-0.170038	-0.338904	-0.370328	-0.768536	-0.350811	28	-8	1.18	21.737355
134.657837	276.789886	9.571894	-99.126938	160.222717	5.26246	284.71991	0.652158	-0.318905	-0.167151	-0.359599	-0.170038	-0.169452	-0.370328	-0.768536	-0.350811	28	-8	1.18	21.763656
134.477341	276.21283	13.545119	-95.455566	162.905014	5.457366	285.360107	0.652158	-0.318905	-0.334296	-0.359599	-0.170038	-0.338904	-0.370328	-0.768536	-0.350811	28	-8	1.18	21.780988
135.740906	276.674805	13.545119	-94.756248	163.799118	5.457366	285.84024	0.815193	-0.318905	-0.167151	-0.359599	0.000042	-0.338904	-0.370328	-0.768536	-0.526083	28	-8	1.18	21.799661
115.343666	289.950592	46.053322	-92.833153	175.958878	5.847179	297.843597	0.815193	-0.318905	-0.501332	-0.359599	-0.339992	-0.338904	-0.370328	-0.768536	-0.526083	28	-4	1.18	22.246555
114.982651	291.985443	44.608513	-94.756248	175.958878	5.652272	298.32373	0.652158	-0.318905	-0.334296	-0.359599	-0.170038	-0.169452	-0.370328	-0.768536	-0.526083	28	-4	1.18	22.272254
112.816566	292.5625	45.872723	-95.105911	175.780045	5.847179	298.803864	0.652158	-0.318905	-0.334296	-0.359599	-0.170038	-0.338904	-0.555491	-0.768536	-0.526083	28	-4	1.18	22.283105
115.704681	293.029022	46.233925	-93.357643	177.031799	5.847179	299.123993	0.652158	-0.318905	-0.334296	-0.359599	-0.170038	-0.338904	-0.370328	-0.768536	-0.526083	28	-4	1.18	22.295277
85.560074	305.257507	79.825737	-97.203835	184.005768	5.652272	310.167053	0.652158	-0.318905	-0.334296	-0.359599	-0.170038	-0.169452	-0.370328	-0.768536	-0.350811	28	0	1.18	22.718423
87.545654	304.380768	79.103333	-96.154877	184.005768	5.652272	310.647217	0.652158	-0.478246	-0.167151	-0.359599	-0.170038	-0.169452	-0.370328	-0.768536	-0.526083	28	0	1.18	22.736327
88.267685	304.765564	78.922729	-96.154877	183.290497	5.847179	311.12735	0.652158	-0.318905	-0.334296	-0.359599	-0.170038	-0.169452	-0.370328	-0.768536	-0.526083	28	0	1.18	22.746957
88.087181	305.44986	81.270546	-95.805214	185.972794	5.847179	311.607483	0.815193	-0.318905	-0.501332	-0.359599	-0.170038	-0.169452	-0.370328	-0.768536	-0.526083	28	0	1.18	22.764837
52.527386	314.490265	113.778755	-103.322784	187.224533	6.236991	320.089874	0.652158	-0.318905	-0.334296	-0.359599	-0.170038	-0.338904	-0.555491	-0.768536	-0.350811	28	4	1.18	23.064129
52.166374	313.720856	116.307167	-101.574509	187.403351	5.847179	320.730042	0.652158	-0.318905	-0.334296	-0.359599	-0.170038	-0.338904	-0.370328	-0.768536	-0.526083	28	4	1.18	23.101943
51.444347	315.451996	114.139946	-103.672432	186.151611	5.847179	321.370209	0.652158	-0.318905	-0.334296	-0.359599	-0.170038	-0.338904	-0.370328	-0.768536	-0.350811	28	4	1.18	23.125415
51.08334	314.578094	112.153343	-105.071045	184.542221	6.236991	321.690308	0.652158	-0.318905	-0.167151	-0.359599	-0.170038	-0.338904	-0.370328	-0.768536	-0.526083	28	4	1.18	23.122859
12.454947	321.119781	148.273575	-112.588615	184.721054	6.626803	330.172668	0.652158	-0.318905	-0.334219	-0.359599	-0.339992	-0.338904	-0.370328	-0.768536	-0.526083	28	8	1.18	23.417575
15.162544	321.7995	145.203354	-111.189987	183.469315	6.042085	330.492767	0.652158	-0.318905	-0.501332	-0.359599	-0.170038	-0.338904	-0.370328	-0.768536	-0.526083	28	8	1.18	23.450297
14.440519	322.081787	147.551163	-112.064125	185.257523	6.236991	331.132965	0.652158	-0.318905	-0.167151	-0.359599	-0.170038	-0.338904	-0.370328	-0.768536	-0.526083	28	8	1.18	23.466383
14.621025	321.889404	147.731766	-111.36483	185.972794	6.431898	331.773132	0.815193	-0.318905	-0.334296	-0.359599	-0.170038	-0.338904	-0.370328	-0.768536	-0.526083	28	8	1.18	23.482458
-24.50395	309.104462	167.959091	-113.462753	169.521347	6.042085	322.970673	0.652158	-0.318905	-0.501332	-0.359599	-0.170038	-0.338904	-0.370328	-0.768536	-0.526083	28	12	1.18	23.176866
-29.008348	309.296814	167.056091	-116.95929	167.017883	6.042085	321.690308	0.652158	-0.318905	-0.334296	-0.359599	-0.170038	-0.338904	-0.370328	-0.768536	-0.526083	28	12	1.18	23.130002
-28.475269	307.843994	165.611282	-118.183075	165.944946	6.042085	320.249908	0.652158	-0.478246	-0.334296	-0.359599	-0.170038	-0.169452	-0.370328	-0.768536	-0.526083	28	12	1.18	23.077167
-29.917055	304.957977	166.694885	-116.784462	165.408493	6.236991	318.809479	0.652158	-0.318905	-0.167151	-0.359599	-0.169996	-0.338904	-0.370328	-0.768536	-0.526083	28	12	1.18	23.017034
-63.06163	277.559296	170.848709	-115.385849	136.797302	5.457366	296.243164	0.815193	-0.318905	-0.501332	-0.359599	-0.170038	-0.169452	-0.370328	-0.768536	-0.526083	28	16	1.18	22.200389
-62.881458	278.021606	171.932312	-114.511711	137.154938	5.457366	295.442932	0.652158	-0.478246	-0.334296	-0.359599	-0.170038	-0.338904	-0.370328	-0.768536	-0.526083	28	16	1.18	22.169821
-62.897903	277.751648	169.042694	-116.95929	135.903198	5.652272	294.642731	0.652158	-0.318905	-0.334296	-0.359599	-0.170038	-0.338904	-0.370328	-0.768536	-0.526083	28	16	1.18	22.131749
-62.160759	275.712799	169.765106	-113.462753	135.72438	5.652272	294.002533	0.652158	-0.478246	-0.334296	-0.359599	-0.170038	-0.338904	-0.370328	-0.768536	-0.526083	28	16	1.18	22.107221
-99.302994	252.816895	173.196533	-123.602722	104.967346	5.067554	277.357849	0.652158	-0.318905	-0.334296	-0.359599	-0.170038	-0.169452	-0.370328	-0.768536	-0.526083	28	20	1.18	21.482759
-97.295097	251.976883	173.01593	-122.029274	106.219086	5.26246	276.877747	0.815193	-0.318905	-0.334219	-0.359599	-0.170038	-0.169452	-0.370328	-0.768536	-0.526083	28	20	1.18	21.456116
-96.058968	251.854889	171.209915	-121.854446	104.609703	5.067554	276.237549	0.815193	-0.318905	-0.501332	-0.359599	-0.170038	-0.169452	-0.370328	-0.768536	-0.526083	28	20	1.18	21.43852
-96.75457	251.015137	173.196533	-120.980309	105.503807	5.067554	275.597351	0.652158	-0.318905	-0.334296	-0.359599	-0.170038	-0.169452	-0.370328	-0.768536	-0.526083	28	20	1.18	21.413198
-131.70874	230.626175	175.183136	-144.407135	75.104416	5.067554	265.194458	0.652158	-0.318905	-0.334296	-0.359599	-0.170038	-0.338904	-0.370328	-0.768536	-0.526083	28	24	1.18	20.997453
-132.429428	231.395569	176.989151	-144.581955	76.534973	4.677742	265.994659	0.652158	-0.318905	-0.334296	-0.359599	-0.170038	-0.338904	-0.370328	-0.768536	-0.526083	28	24	1.18	21.045428
-133.330322	231.587921	176.266739	-146.155411	74.210304	4.677742	266.634857	0.815193	-0.318905	-0.167151	-0.359599	-0.170038	-0.338904	-0.370328	-0.768536	-0.526083	28	24	1.18	21.071192
-131.382721	232.03743	176.447342	-145.63092	75.283234	4.872647	267.11499	0.652158	-0.318905	-0.501332	-0.359599	-0.170038	-0.338904	-0.370328	-0.768536	-0.526083	28	24	1.18	21.08266
-182.385895	229.343796	194.326859	-190.386642	45.956757	5.067554	282.799377	0.652158	-0.478246	-0.334296	-0.359599	-0.170038	-0.169452	-0.370328	-0.768536	-0.526083	28	28	1.18	21.696356
-181.617508	230.113388	195.410461	-190.211807	48.281414	5.067554	283.599609	0.652158	-0.318905	-0.167151	-0.359599	-0.170038	-0.338904	-0.370328	-0.960671	-0.526083	28	28	1.18	21.727591
-184.72879	232.614624	195.049255	-191.960083	47.387314	5.457366	284.079742	0.652158	-0.478246	-0.334296	-0.359599	-0.170038	-0.338904	-0.370328	-0.768536	-0.526083	28	28	1.18	21.731114
-185.941742	231.460205	193.785065	-195.456635	44.347374	5.067554	284.71991	0.652158	-0.478246	-0.334296	-0.359599	-0.170038	-0.338904	-0.370328	-0.768536	-0.526083	28	28	1.18	21.771243
-236.813293	225.495743	207.149551	-246.506119	8.759892	5.652272	298.803864	0.815193	-0.318905	-0.334296	-0.359599	-0.339992	-0.169452	-0.370328	-0.768536	-0.526083	28	32	1.18	22.290516
-236.452866	225.110931	208.774948	-245.282333	8.759892	5.457366	299.444061	0.652158	-0.318905	-0.334219	-0.179798	-0.169996	-0.169452	-0.370328	-0.768536	-0.526083	28	32	1.18	22.322243
-238.012634	225.625092	208.594345	-246.506119	8.402344	5.652272	299.76416	0.652158	-0.318905	-0.334219	-0.359599	-0.339992	-0.338904	-0.370328	-0.768536	-0.526083	28	32	1.18	22.326995
-238.61554	226.84256	208.052551	-248.079544	8.404561	6.042085	300.404327	0.815193	-0.478246	-0.167151	-0.359599	-0.170038	-0.338904	-0.370328	-0.768536	-0.526083	28	32	1.18	22.336496
-289.182648	211.968338	217.624405	-301.751465	-39.605522	5.652272	310.487183	0.815193	-0.478246	-0.334296	-0.359599	-0.170038	-0.338904	-0.370328	-0.768536	-0.526083	28	36	1.18	22.730361
-291.601166	212.604782	217.985611	-301.751465	-39.783932	6.042085	311.12735	0.815193	-0.318905	-0.334219	-0.359599	-0.170038	-0.338904	-0.370328	-0.768536	-0.526083	28	36	1.18	22.739694
-289.723145	214.468872	215.81839	-301.052155	-37.643085	5.847179	311.447418	0.815193	-0.318905	-0.334296	-0.359599	-0.170038	-0.338904	-0.370328	-0.768536	-0.526083	28	36	1.18	22.758878
-289.362823	212.737732	217.263199	-300.702484	-37.821487	6.042085	311.767517	0.652158	-0.318905	-0.334296	-0.359599	-0.170038	-0.338904	-0.370328	-0.768536	-0.526083	28	36	1.18	22.763539
-339.631958	194.326538	219.611008	-354.898865	-93.661705	6.042085	320.089874	0.815193	-0.478246	-0.334296	-0.359599	-0.170038	-0.169452	-0.370328	-0.768536	-0.526083	28	40	1.18	23.071289
-342.784546	193.556931	219.972214	-356.647156	-95.267334	6.236991	320.249908	0.652158	-0.318905	-0.501332	-0.359599	-0.339992	-0.338904	-0.370328	-0.768536	-0.526083	28	40	1.18	23.070008
-343.956177	194.849304	219.791626	-358.745056	-96.694565	6.042085	320.249908	0.652158	-0.318905	-0.501332	-0.359599	-0.170038	-0.169452	-0.370328	-0.768536	-0.526083	28	40	1.18	23.077167
-341.073364	194.656952	219.43042	-356.647156	-96.516167	5.847179	320.409943	0.652158	-0.318905	-0.501332	-0.359599	-0.170038	-0.338904	-0.370328	-0.768536	-0.526083	28	40	1.18	23.090198
-391.805267	173.162262	219.069214	-414.689697	-158.957321	6.042085	332.733398	0.652158	-0.478246	-0.334296	-0.359599	-0.339992	-0.338904	-0.370328	-0.768536	-0.526083	28	44	1.18	23.53113
-393.144257	173.162262	218.346817	-416.263153	-159.135696	6.042085	333.053497	0.652158	-0.478246	-0.167151	-0.359599	-0.170038	-0.338904	-0.370328	-0.768536	-0.526083	28	44	1.18	23.542656
-390.801941	174.845032	218.346817	-410.493866	-155.210831	6.236991	333.53363	0.815193	-0.318905	-0.334296	-0.359599	-0.170038	-0.169452	-0.370328	-0.768536	-0.526083	28	44	1.18	23.55292
-391.522644	175.037369	218.346817	-412.766632	-155.746048	6.042085	333.693695	0.652158	-0.318905	-0.167151	-0.359599	-0.170038	-0.169452	-0.370328	-0.768536	-0.526083	28	44	1.18	23.565689
203.430832	168.352203	-386.983704	-402.451813	-127.558319	5.652272	312.24765	0.652158	-0.318905	-0.501332	-0.359599	-0.339992	-0.169452	-0.370328	-0.768536	-0.526083	32	-44	1.18	22.795902
201.986786	168.737015	-384.739105	-399.654602	-125.060692	5.652272	311.12735	0.652158	-0.478246	-0.167151	-0.359599	-0.170038	-0.338904	-0.370328	-0.768536	-0.526083	32	-44	1.18	22.754216
203.069824	167.197784	-380.227631	-396.332886	-124.703873	5.652272	310.327118	0.652158	-0.318905	-0.501332	-0.359599	-0.339992	-0.338904	-0.370328	-0.768536	-0.526083	32	-44	1.18	22.724393
201.986786	165.850967	-382.934509	-398.605621	-125.952705	5.652272	309.366852	0.652158	-0.318905	-0.334296	-0.359599	-0.170038	-0.338904	-0.370328	-0.960671	-0.526083	32	-44	1.18	22.688553
194.766525	179.896347	-320.495605	-331.472046	-72.074913	5.652272	290.641602	0.652158	-0.478246	-0.501332	-0.359599	-0.339992	-0.338904	-0.370328	-0.768536	-0.526083	32	-40	1.18	21.978006
194.586014	179.461395	-323.478699	-334.094452	-76.178192	5.26246	289.84137	0.977952	-0.318905	-0.501332	-0.359599	-0.170038	-0.338904	-0.370328	-0.768536	-0.526083	32	-40	1.18	21.962175
194.044495	179.076691	-322.480682	-332.870667	-74.037354	5.26246	289.361237	0.652158	-0.478246	-0.334296	-0.359599	-0.170038	-0.338904	-0.370328	-0.768536	-0.526083	32	-40	1.18	21.943641
192.058929	176.240692	-318.330109	-330.073425	-75.286171	5.26246	288.561005	0.815193	-0.478246	-0.501332	-0.359599	-0.339992	-0.338904	-0.370328	-0.768536	-0.526083	32	-40	1.18	21.912714
182.131058	186.770645	-273.684998	-279.373596	-34.075027	5.26246	269.355621	0.652158	-0.318905	-0.501332	-0.359599	-0.170038	-0.338904	-0.370328	-0.768536	-0.526083	32	-36	1.18	21.156927
181.770065	186.053238	-275.128265	-280.422546	-35.680653	5.067554	268.715424	0.652158	-0.318905	-0.501332	-0.359599	-0.170038	-0.338904	-0.370328	-0.768536	-0.526083	32	-36	1.18	21.139082
181.228546	186.053238	-276.463562	-281.296692	-36.215862	5.067554	268.235291	0.652158	-0.318905	-0.501332	-0.359599	-0.339992	-0.338904	-0.370328	-0.768536	-0.526083	32	-36	1.18	21.119825
179.062454	185.42421	-272.422089	-277.800171	-35.859055	5.067554	267.435089	0.815193	-0.318905	-0.334296	-0.359599	-0.170038	-0.338904	-0.370328	-0.768536	-0.526083	32	-36	1.18	21.087691
180.5065	204.331467	-246.86824	-247.555069	-3.924874	5.26246	271.276154	0.815193	-0.478246	-0.167151	-0.359599	-0.170038	-0.169452	-0.370328	-0.768536	-0.526083	32	-32	1.18	21.233716
182.131073	207.025101	-247.229172	-248.254395	-2.497646	5.067554	271.916351	0.815193	-0.478246	-0.334296	-0.359599	-0.339992	-0.169452	-0.370328	-0.768536	-0.526083	32	-32	1.18	21.267019
181.770065	206.005524	-247.886063	-249.303345	-3.389663	5.067554	272.716553	0.652158	-0.318905	-0.501332	-0.359599	-0.170038	-0.169452	-0.370328	-0.576403	-0.526083	32	-32	1.18	21.298881
181.950562	206.96727	-246.507324	-248.254395	-2.497646	5.067554	273.35672	0.652158	-0.478246	-0.334296	-0.359599	-0.170038	-0.338904	-0.370328	-0.768536	-0.526083	32	-32	1.18	21.324338
187.185257	235.627243	-218.897064	-225.701691	28.611217	5.457366	289.041138	0.815193	-0.318905	-0.334219	-0.359599	-0.170038	-0.169452	-0.370328	-0.768536	-0.526083	32	-28	1.18	21.923742
187.546249	237.166031	-218.175217	-224.82756	29.505318	5.26246	289.681305	0.815193	-0.318905	-0.501332	-0.359599	-0.170038	-0.338904	-0.370328	-0.768536	-0.526083	32	-28	1.18	21.955998
188.268295	237.809509	-223.047638	-228.848587	27.180656	5.457366	290.321503	0.815193	-0.478246	-0.334296	-0.359599	-0.339992	-0.169452	-0.370328	-0.768536	-0.526083	32	-28	1.18	21.973178
187.907288	238.771515	-225.213135	-230.596832	25.743383	5.26246	290.801636	0.815193	-0.318905	-0.501332	-0.359599	-0.339992	-0.169452	-0.370328	-0.768536	-0.526083	32	-28	1.18	21.999198
188.809799	264.094849	-181.494461	-201.575577	59.547073	5.847179	302.004791	0.815193	-0.318905	-0.501332	-0.359599	-0.170038	-0.338904	-0.370328	-0.768536	-0.526083	32	-24	1.18	22.40451
187.365768	262.437012	-182.624741	-202.624542	57.222416	5.652272	302.484924	0.815193	-0.478246	-0.334296	-0.359599	-0.170038	-0.338904	-0.370328	-0.768536	-0.526083	32	-24	1.18	22.430028
187.726761	264.094849	-182.083359	-202.624542	58.474152	5.652272	302.804993	0.652158	-0.318905	-0.501332	-0.359599	-0.170038	-0.338904	-0.370328	-0.768536	-0.526083	32	-24	1.18	22.442118
188.990311	263.591431	-184.06842	-203.323837	57.043594	5.847179	303.285126	0.652158	-0.478246	-0.334296	-0.359599	0.000042	-0.338904	-0.370328	-0.768536	-0.526083	32	-24	1.18	22.452887
178.159927	282.752716	-140.036377	-185.491486	83.308472	6.042085	309.206818	0.652158	-0.318905	-0.501332	-0.359599	-0.170038	-0.169452	-0.370328	-0.768536	-0.526083	32	-20	1.18	22.668007
179.423462	282.446869	-139.49498	-184.092865	84.023567	6.042085	309.68692	0.815193	-0.478246	-0.501332	-0.359599	-0.339992	-0.169452	-0.555491	-0.768536	-0.526083	32	-20	1.18	22.685949
179.784485	283.024109	-141.840958	-186.365616	83.151306	6.042085	310.167053	0.652158	-0.318905	-0.334296	-0.359599	-0.170038	-0.338904	-0.370328	-0.768536	-0.526083	32	-20	1.18	22.703877
180.326004	283.714447	-143.284637	-187.764236	82.078384	5.847179	310.327118	0.815193	-0.478246	-0.334296	-0.359599	-0.170038	-0.169452	-0.370328	-0.768536	-0.526083	32	-20	1.18	22.717124
170.398132	306.689606	-103.403137	-177.799103	109.080215	6.431898	323.130707	0.652158	-0.318905	-0.167151	-0.359599	-0.170038	-0.338904	-0.370328	-0.768536	-0.526083	32	-16	1.18	23.168463
168.77359	305.15036	-105.027267	-178.673233	106.934364	6.236991	323.61084	0.652158	-0.478246	-0.167151	-0.359599	-0.339992	-0.338904	-0.370328	-0.768536	-0.526083	32	-16	1.18	23.19314
167.51004	306.112366	-102.681297	-178.498413	107.442909	6.236991	323.770874	0.652158	-0.318905	-0.501332	-0.359599	-0.339992	-0.338904	-0.555491	-0.768536	-0.526083	32	-16	1.18	23.198987
169.315109	307.459198	-105.207733	-179.022888	106.549042	5.847179	324.411072	0.652158	-0.318905	-0.334219	-0.359599	-0.339992	-0.169452	-0.370328	-0.768536	-0.526083	32	-16	1.18	23.236584
151.444962	322.761261	-68.574509	-176.400482	124.995178	6.042085	332.893433	0.815193	-0.478246	-0.334296	-0.359599	-0.170038	-0.338904	-0.370328	-0.768536	-0.526083	32	-12	1.18	23.536893
152.708511	324.107697	-67.311295	-174.827042	126.571686	6.431898	333.373596	0.815193	-0.318905	-0.501332	-0.359599	-0.339992	-0.338904	-0.370328	-0.768536	-0.526083	32	-12	1.18	23.540146
153.250031	323.043823	-71.281395	-177.449448	124.426399	6.431898	333.693695	0.815193	-0.318905	-0.501332	-0.359599	-0.339992	-0.338904	-0.370328	-0.768536	-0.526083	32	-12	1.18	23.551667
153.79155	322.85141	-68.935425	-176.050827	125.499039	6.236991	334.013763	0.815193	-0.478246	-0.501332	-0.359599	-0.339992	-0.338904	-0.370328	-0.768536	-0.526083	32	-12	1.18	23.57019
119.856323	314.770508	-28.512558	-162.589142	132.292435	6.431898	320.570007	0.815193	-0.318905	-0.334219	-0.539397	-0.339992	-0.338904	-0.370328	-0.768536	-0.526083	32	-8	1.18	23.074607
120.397835	313.720856	-29.595314	-161.015701	129.823334	6.236991	319.609741	0.815193	-0.478246	-0.167151	-0.359599	-0.170038	-0.338904	-0.370328	-0.768536	-0.526083	32	-8	1.18	23.04648
121.661385	314.578094	-28.151638	-160.316391	132.828751	6.042085	318.649445	0.652158	-0.318905	-0.334219	-0.359599	-0.339992	-0.169452	-0.370328	-0.768536	-0.526083	32	-8	1.18	23.018318
122.202904	311.220337	-28.873476	-158.393295	128.571579	6.042085	317.849243	0.652158	-0.318905	-0.501332	-0.359599	-0.170038	-0.338904	-0.370328	-0.768536	-0.526083	32	-8	1.18	22.988839
84.838058	290.720184	6.501675	-141.085419	123.564613	5.26246	294.482666	0.815193	-0.478246	-0.334296	-0.359599	-0.339992	-0.338904	-0.370328	-0.768536	-0.526083	32	-4	1.18	22.140545
85.018562	290.639008	8.849489	-140.036453	126.246925	5.652272	294.002533	0.652158	-0.318905	-0.334219	-0.359599	0.000042	-0.338904	-0.370328	-0.768536	-0.526083	32	-4	1.18	22.107221
85.018562	287.946106	10.474899	-137.938538	125.531647	5.457366	293.042267	0.815193	-0.318905	-0.501332	-0.359599	-0.170038	-0.169452	-0.370328	-0.768536	-0.526083	32	-4	1.18	22.077863
85.37957	288.988556	9.03009	-138.987503	124.637543	5.457366	292.4021	0.815193	-0.318905	-0.334296	-0.359599	0.000042	-0.338904	-0.370328	-0.768536	-0.526083	32	-4	1.18	22.053277
50.361313	272.634369	41.177094	-128.847534	118.378845	5.26246	275.91745	0.652158	-0.478246	-0.501332	-0.359599	-0.339992	-0.338904	-0.370328	-0.768536	-0.526083	32	0	1.18	21.418153
49.81979	272.558197	40.815891	-127.973389	119.241959	5.067554	275.117218	0.652158	-0.318905	-0.501332	-0.359599	-0.339992	-0.338904	-0.555491	-0.768536	-0.526083	32	0	1.18	21.394188
50.180809	272.249542	39.371082	-128.672699	118.705635	4.677742	274.477051	0.652158	-0.478246	-0.334219	-0.359599	-0.339992	-0.338904	-0.370328	-0.768536	-0.526083	32	0	1.18	21.384269
50.180809	271.287537	41.899498	-126.749603	120.135826	5.067554	273.996918	0.815193	-0.478246	-0.501332	-0.359599	-0.339992	-0.338904	-0.370328	-0.768536	-0.526083	32	0	1.18	21.349765
16.787098	261.59433	67.003059	-125.176155	111.404861	4.872647	264.394226	0.652158	-0.318905	-0.501332	-0.359599	-0.170038	-0.338904	-0.370328	-0.768536	-0.526083	32	4	1.18	20.973008
16.426083	262.556061	67.725456	-124.826508	112.656601	4.677742	265.034424	0.652158	-0.318905	-0.501332	-0.359599	-0.170038	-0.338822	-0.370328	-0.768536	-0.526083	32	4	1.18	21.006726
17.689636	261.282593	67.725456	-124.127197	112.477783	4.677742	265.834625	0.815193	-0.478246	-0.167151	-0.359599	0.000042	-0.338904	-0.370328	-0.768536	-0.526083	32	4	1.18	21.038983
17.328617	263.517822	66.641853	-125.176155	112.120148	4.677742	266.634857	0.815193	-0.318905	-0.501332	-0.359599	-0.170038	-0.169452	-0.370328	-0.768536	-0.526083	32	4	1.18	21.071192
-17.477081	275.13559	93.912628	-140.036453	109.974304	5.26246	280.238678	0.815193	-0.478246	-0.334296	-0.359599	-0.170038	-0.338904	-0.370328	-0.768536	-0.526083	32	8	1.18	21.588455
-18.55814	276.21283	95.357437	-139.511978	111.197159	5.457366	280.878876	0.652158	-0.318905	-0.501332	-0.359599	-0.339992	-0.169452	-0.370328	-0.768536	-0.526083	32	8	1.18	21.605928
-19.103661	278.021606	95.176834	-141.609894	110.868401	5.26246	281.519043	0.815193	-0.478246	-0.334296	-0.359599	-0.339992	-0.338904	-0.370328	-0.768536	-0.526083	32	8	1.18	21.638658
-18.918489	277.829224	95.357437	-140.910599	111.583679	5.26246	281.999176	0.815193	-0.478246	-0.167151	-0.359599	-0.170038	-0.338904	-0.370328	-0.768536	-0.526083	32	8	1.18	21.657454
-61.275898	289.373383	121.544594	-158.04364	104.582527	5.652272	295.282898	0.652158	-0.478246	-0.501332	-0.359599	-0.339992	-0.169452	-0.370328	-0.768536	-0.526083	32	12	1.18	22.156249
-57.836529	287.753754	120.641586	-156.120544	103.894424	5.457366	296.243164	0.652158	-0.318905	-0.167151	-0.359599	-0.170038	-0.169452	-0.370328	-0.768536	-0.526083	32	12	1.18	22.200389
-58.196884	288.138458	122.447601	-156.4702	106.040268	5.652272	296.563232	0.652158	-0.318905	-0.501332	-0.359599	-0.170038	-0.338822	-0.370328	-0.768536	-0.526083	32	12	1.18	22.205166
-59.83411	289.565765	122.808807	-156.994675	106.906586	5.652272	297.043396	0.815193	-0.318905	-0.501332	-0.359599	-0.339992	-0.169452	-0.370328	-0.768536	-0.526083	32	12	1.18	22.223484
-107.024605	296.107452	147.37056	-171.330505	94.238144	5.652272	309.526886	0.652158	-0.478246	-0.334296	-0.359599	-0.170038	-0.338904	-0.370328	-0.768536	-0.526083	32	16	1.18	22.69453
-104.141785	295.447723	148.634781	-166.435349	95.847527	5.847179	310.327118	0.815193	-0.478246	-0.334296	-0.359599	-0.170038	-0.169452	-0.370328	-0.768536	-0.526083	32	16	1.18	22.717124
-107.384956	297.75589	147.731766	-169.75705	95.822624	6.042085	310.647217	0.652158	-0.318905	-0.501332	-0.359599	-0.170038	-0.169452	-0.370328	-0.768536	-0.526083	32	16	1.18	22.721793
-104.529465	296.299866	145.564545	-171.85498	93.856117	5.847179	310.807251	0.815193	-0.637662	-0.501332	-0.359599	-0.169996	-0.338904	-0.555491	-0.768536	-0.526083	32	16	1.18	22.735028
-154.951447	296.492279	167.959091	-193.883194	74.548569	6.236991	320.089874	0.652158	-0.318905	-0.334219	-0.359599	-0.339992	-0.338904	-0.370328	-0.768536	-0.526083	32	20	1.18	23.064129
-153.690216	296.492279	170.126312	-191.435608	76.693855	6.042085	320.249908	0.977952	-0.318905	-0.501332	-0.359599	-0.170038	-0.338904	-0.370328	-0.768536	-0.526083	32	20	1.18	23.077167
-155.852325	298.140594	169.223312	-194.058014	76.157532	6.236991	320.890076	0.652158	-0.318905	-0.501332	-0.359599	-0.170038	-0.169452	-0.370328	-0.768536	-0.526083	32	20	1.18	23.093512
-156.753204	298.525299	166.875473	-195.631454	73.316216	6.042085	321.210175	0.977952	-0.478246	-0.501332	-0.359599	-0.170038	-0.508232	-0.370328	-0.768536	-0.526083	32	20	1.18	23.112404
-207.256683	293.991058	184.935608	-229.722702	47.196213	6.236991	330.9729	0.652158	-0.478246	-0.501332	-0.359599	-0.339992	-0.338904	-0.370328	-0.768536	-0.526083	32	24	1.18	23.460602
-207.562851	295.255371	184.755005	-231.121323	49.16272	6.236991	331.613098	0.652158	-0.478246	-0.501332	-0.359599	-0.170038	-0.169452	-0.370328	-0.768536	-0.526083	32	24	1.18	23.483716
-210.806046	295.530243	184.755005	-235.317169	45.777935	6.431898	331.773132	0.815193	-0.478246	-0.334296	-0.359599	-0.170038	-0.338904	-0.370328	-0.768536	-0.526083	32	24	1.18	23.482458
-208.643906	295.640076	185.116196	-229.198242	47.208496	6.431898	332.4133	0.977952	-0.318905	-0.501332	-0.359599	-0.170038	-0.169452	-0.370328	-0.768536	-0.526083	32	24	1.18	23.50555
-252.967255	271.788818	190.895432	-262.24054	11.623322	6.236991	323.930939	0.977952	-0.478246	-0.501332	-0.359599	-0.170038	-0.338822	-0.370328	-0.768536	-0.526083	32	28	1.18	23.204834
-251.77182	271.095154	189.450623	-262.065704	12.15659	6.042085	322.49054	0.652158	-0.318905	-0.501332	-0.359599	-0.169996	-0.169452	-0.370328	-0.768536	-0.526083	32	28	1.18	23.159303
-248.823181	269.480652	187.46402	-260.317444	10.726401	6.042085	321.370209	0.652158	-0.318905	-0.334219	-0.359599	-0.339992	-0.338904	-0.370328	-0.768536	-0.526083	32	28	1.18	23.118271
-248.462845	269.288269	188.547623	-258.569183	13.408005	6.236991	320.089874	0.652158	-0.318905	-0.334219	-0.359599	-0.170038	-0.338904	-0.370328	-0.768536	-0.526083	32	28	1.18	23.064129
-272.786591	232.03743	174.641327	-276.40152	-29.436537	5.457366	297.363495	0.815193	-0.637662	-0.334219	-0.359599	-0.170038	-0.338904	-0.370328	-0.768536	-0.526083	32	32	1.18	22.243115
-271.165039	230.049133	176.627945	-276.75119	-29.614944	5.457366	296.563232	0.815193	-0.318905	-0.501332	-0.359599	-0.339992	-0.338822	-0.370328	-0.768536	-0.526083	32	32	1.18	22.212604
-273.507324	232.03743	176.808548	-276.576385	-26.760489	5.26246	295.763031	0.652158	-0.478246	-0.334296	-0.359599	-0.170038	-0.338904	-0.370328	-0.768536	-0.526083	32	32	1.18	22.189499
-266.120087	229.536209	177.169754	-270.807068	-24.262842	5.457366	294.962799	0.815193	-0.318905	-0.501332	-0.359599	-0.339992	-0.338904	-0.370328	-0.768536	-0.526083	32	32	1.18	22.15146
-293.867218	198.366989	167.959091	-293.010101	-63.154755	5.067554	278.638245	0.815193	-0.478246	-0.334296	-0.359599	0.000042	-0.169452	-0.370328	-0.768536	-0.526083	32	36	1.18	21.53321
-289.542999	197.78978	167.236694	-293.359772	-64.046776	4.872647	277.998047	0.815193	-0.478246	-0.167151	-0.359599	-0.169996	-0.169452	-0.370328	-0.768536	-0.526083	32	36	1.18	21.515678
-289.182648	197.349838	166.875473	-293.010101	-65.117187	5.067554	277.517914	0.815193	-0.478246	-0.167151	-0.359599	-0.170038	-0.169452	-0.370328	-0.768536	-0.526083	32	36	1.18	21.489073
-290.443878	196.965134	166.153076	-291.436646	-64.760384	5.067554	276.717682	0.815193	-0.318905	-0.334219	-0.359599	-0.339992	-0.338904	-0.370328	-0.768536	-0.526083	32	36	1.18	21.457491
-304.677765	168.352203	154.594604	-306.646606	-100.084221	4.677742	263.43396	0.652158	-0.478246	-0.334296	-0.359599	-0.339992	-0.338904	-0.370328	-0.768536	-0.526083	32	40	1.18	20.94206
-304.03656	167.967407	155.678207	-308.569702	-101.511459	4.872647	263.914093	0.652158	-0.478246	-0.501332	-0.359599	-0.339992	-0.338904	-0.370328	-0.768536	-0.526083	32	40	1.18	20.953599
-304.937683	169.506607	155.317001	-309.269012	-100.262627	4.872647	264.714325	0.652158	-0.478246	-0.501332	-0.359599	-0.339992	-0.338904	-0.370328	-0.768536	-0.526083	32	40	1.18	20.985939
-306.299377	169.121811	155.858826	-311.716583	-103.295486	4.677742	265.034424	0.652158	-0.478246	-0.334296	-0.359599	-0.339992	-0.338904	-0.370328	-0.768536	-0.526083	32	40	1.18	21.006726
-355.039734	157.000458	158.387238	-365.388489	-154.854034	5.26246	281.198944	0.652158	-0.478246	-0.334219	-0.359599	-0.339992	-0.169452	-0.370328	-0.768536	-0.526083	32	44	1.18	21.626118
-354.226196	156.808044	157.123016	-366.087799	-155.924454	5.457366	281.679077	0.815193	-0.478246	-0.334296	-0.359599	-0.170038	-0.508232	-0.370328	-0.768536	-0.526083	32	44	1.18	21.637292
-356.388306	156.423248	159.109634	-367.311584	-156.638062	5.067554	282.319244	0.652158	-0.478246	-0.334296	-0.359599	-0.339992	-0.338904	-0.370328	-0.768536	-0.526083	32	44	1.18	21.677594
-356.388306	158.347275	159.109634	-368.18573	-155.746048	5.457366	283.119476	0.652158	-0.478246	-0.334296	-0.359599	-0.170038	-0.338904	-0.370328	-0.768536	-0.526083	32	44	1.18	21.693634
168.77359	167.967407	-390.152863	-400.528717	-150.929169	5.652272	302.32486	0.815193	-0.478246	-0.501332	-0.359599	-0.339992	-0.169452	-0.370328	-0.768536	-0.526083	36	-44	1.18	22.42398
170.037125	169.459259	-394.380585	-403.675598	-151.28595	5.652272	302.644958	0.652158	-0.318905	-0.501332	-0.359599	-0.170038	-0.338904	-0.370328	-0.768536	-0.526083	36	-44	1.18	22.436074
168.593079	168.737015	-396.288483	-406.123199	-154.497223	5.847179	303.285126	0.815193	-0.478246	-0.501332	-0.359599	-0.339992	-0.169452	-0.370328	-0.768536	-0.526083	36	-44	1.18	22.452887
168.412567	170.27623	-399.717224	-410.144196	-156.994873	5.652272	303.765289	0.652158	-0.478246	-0.501332	-0.359599	-0.339992	-0.338904	-0.370328	-0.768536	-0.526083	36	-44	1.18	22.478351
177.618408	200.235077	-378.143524	-383.745331	-119.173386	5.652272	313.367981	0.815193	-0.478246	-0.334296	-0.359599	-0.170038	-0.508232	-0.370328	-0.768536	-0.526083	36	-40	1.18	22.837514
179.603973	200.868225	-381.21051	-387.067047	-119.886986	5.652272	313.688049	0.815193	-0.318905	-0.334219	-0.359599	-0.339992	-0.169452	-0.370328	-0.768536	-0.526083	36	-40	1.18	22.849388
180.687012	200.427414	-381.39093	-388.115997	-119.70858	5.652272	314.008148	0.652158	-0.318905	-0.501332	-0.359599	-0.339992	-0.338822	-0.370328	-0.768536	-0.526083	36	-40	1.18	22.861257
180.145493	201.637833	-382.653839	-387.591522	-120.243805	5.847179	314.488281	0.815193	-0.478246	-0.334296	-0.359599	-0.170038	-0.508232	-0.370328	-0.768536	-0.526083	36	-40	1.18	22.871828
186.643738	230.113388	-363.444916	-363.815063	-82.600708	6.042085	324.251038	0.815193	-0.478246	-0.501332	-0.359599	-0.339992	-0.169452	-0.370328	-0.768536	-0.526083	36	-36	1.18	23.223635
186.102203	230.049133	-363.710571	-362.940918	-84.384735	6.236991	324.891205	0.977952	-0.318905	-0.501332	-0.359599	-0.339992	-0.169452	-0.370328	-0.768536	-0.526083	36	-36	1.18	23.239877
187.726761	231.460205	-365.875488	-364.514343	-80.638275	6.236991	325.371338	0.815193	-0.478246	-0.167151	-0.359599	-0.170038	-0.338822	-0.370328	-0.768536	-0.526083	36	-36	1.18	23.257379
187.185257	230.498199	-366.777557	-366.262634	-84.741539	6.236991	325.691437	0.815193	-0.318905	-0.501332	-0.359599	-0.170038	-0.338822	-0.370328	-0.768536	-0.526083	36	-36	1.18	23.269039
189.712326	260.055542	-345.308533	-341.612	-52.093754	6.236991	334.813995	0.977952	-0.318905	-0.334219	-0.359599	-0.339992	-0.169452	-0.370328	-0.768536	-0.526083	36	-32	1.18	23.598944
190.434372	259.166199	-343.143585	-339.339264	-49.417706	6.431898	335.134064	0.652158	-0.318905	-0.501332	-0.359599	-0.339992	-0.338904	-0.370328	-0.768536	-0.526083	36	-32	1.18	23.603439
190.073349	260.440247	-348.01474	-343.709961	-53.164169	6.236991	335.454163	0.977952	-0.318905	-0.334219	-0.359599	-0.170038	-0.508232	-0.370328	-0.768536	-0.526083	36	-32	1.18	23.621922
189.712341	260.128204	-348.105865	-343.360291	-52.093754	6.236991	335.614197	0.815193	-0.478246	-0.501332	-0.359599	-0.339992	-0.338904	-0.370328	-0.768536	-0.526083	36	-32	1.18	23.627663
174.910812	262.244598	-279.45816	-283.219788	-13.380244	6.236991	317.849243	0.652158	-0.478246	-0.334296	-0.359599	-0.170038	-0.508232	-0.370328	-0.768536	-0.526083	36	-28	1.18	22.981652
173.647263	263.399017	-282.885986	-286.541504	-16.234697	6.042085	316.568878	0.815193	-0.478246	-0.334219	-0.359599	-0.170038	-0.338822	-0.370328	-0.768536	-0.526083	36	-28	1.18	22.941591
174.369293	263.206635	-278.448608	-282.520477	-12.488231	5.847179	315.608612	0.815193	-0.478246	-0.501332	-0.359599	-0.339992	-0.338904	-0.370328	-0.768536	-0.526083	36	-28	1.18	22.913302
171.661682	259.935791	-278.916901	-282.695312	-16.234697	6.042085	314.648315	0.815193	-0.478246	-0.501332	-0.359599	-0.170038	-0.338822	-0.370328	-0.768536	-0.526083	36	-28	1.18	22.870536
152.528	259.743378	-223.047638	-241.436127	7.866024	5.652272	294.642731	0.652158	-0.478246	-0.334296	-0.359599	-0.339992	-0.169452	-0.370328	-0.960671	-0.526083	36	-24	1.18	22.131749
152.347488	258.011749	-219.438431	-238.464066	7.868101	5.457366	293.682434	0.652158	-0.478246	-0.334296	-0.359599	-0.339992	-0.338904	-0.370328	-0.768536	-0.526083	36	-24	1.18	22.102422
153.069519	258.204163	-217.757278	-236.540955	11.262722	5.652272	293.202301	0.652158	-0.318905	-0.501332	-0.359599	-0.339992	-0.338904	-0.370328	-0.768536	-0.526083	36	-24	1.18	22.076524
152.347488	256.280151	-216.674805	-235.317169	10.550402	5.26246	292.242065	0.977952	-0.478246	-0.501332	-0.359599	-0.170038	-0.508232	-0.370328	-0.768536	-0.526083	36	-24	1.18	22.054617
131.047729	252.047287	-167.827087	-205.771423	27.173571	5.067554	272.716553	0.815193	-0.478246	-0.501332	-0.359599	-0.339992	-0.338904	-0.370328	-0.768536	-0.526083	36	-20	1.18	21.298881
129.423157	251.854889	-165.842026	-204.547623	28.074757	4.677742	271.916351	0.815193	-0.478246	-0.334296	-0.359599	-0.339992	-0.338822	-0.370328	-0.768536	-0.526083	36	-20	1.18	21.282547
129.964691	249.930847	-163.994492	-201.575577	28.432398	5.067554	271.436188	0.977952	-0.478246	-0.334219	-0.359599	-0.170038	-0.338822	-0.370328	-0.768536	-0.526083	36	-20	1.18	21.247876
129.78418	249.738464	-164.217911	-202.274872	27.709892	4.677742	270.796021	0.815193	-0.478246	-0.501332	-0.359599	-0.339992	-0.169452	-0.370328	-0.768536	-0.526083	36	-20	1.18	21.237889
113.899605	256.280151	-125.419159	-187.239746	44.526192	5.067554	268.235291	0.815193	-0.478246	-0.501332	-0.359599	-0.170038	-0.508232	-0.370328	-0.768536	-0.526083	36	-16	1.18	21.119825
113.538589	255.318115	-127.01004	-188.638382	42.559174	4.872647	268.875488	0.815193	-0.478246	-0.334219	-0.359599	-0.170038	-0.508232	-0.370328	-0.768536	-0.526083	36	-16	1.18	21.153308
114.441116	256.208557	-126.649216	-187.939072	43.453274	4.872647	269.67572	0.814956	-0.318905	-0.501332	-0.359599	-0.170038	-0.508232	-0.370328	-0.768536	-0.526083	36	-16	1.18	21.185343
114.62162	258.011749	-130.257462	-191.610428	41.665077	4.677742	270.315887	0.977952	-0.478246	-0.501332	-0.359599	-0.170038	-0.508232	-0.370328	-0.768536	-0.526083	36	-16	1.18	21.218722
101.264145	278.21402	-97.989365	-195.981094	56.685951	5.26246	286.160339	0.815193	-0.478246	-0.501332	-0.359599	-0.170038	-0.508232	-0.370328	-0.768536	-0.526083	36	-12	1.18	21.819673
102.527695	280.330475	-98.891663	-196.15593	58.458946	5.457366	286.960541	0.815193	-0.478246	-0.501332	-0.359599	-0.339992	-0.169452	-0.370328	-0.768536	-0.526083	36	-12	1.18	21.843169
102.88871	280.522858	-101.418091	-197.20488	56.134888	5.26246	287.600739	0.815193	-0.478246	-0.334219	-0.359599	-0.339992	-0.169452	-0.370328	-0.768536	-0.526083	36	-12	1.18	21.875545
102.347191	279.945648	-102.834831	-198.603516	54.7047	5.26246	288.080872	0.815193	-0.478246	-0.501332	-0.359599	-0.339992	-0.169452	-0.370328	-0.768536	-0.526083	36	-12	1.18	21.894137
82.130455	295.063019	-68.917381	-198.778351	65.788666	5.26246	299.604126	0.977952	-0.318905	-0.501332	-0.359599	-0.170038	-0.508232	-0.370328	-0.768536	-0.526083	36	-8	1.18	22.335716
82.130455	295.447723	-65.489548	-197.379715	69.364136	5.652272	299.924194	0.977952	-0.318905	-0.501332	-0.359599	-0.170038	-0.508232	-0.370328	-0.768536	-0.526083	36	-8	1.18	22.333069
81.769447	296.107452	-69.837723	-201.400757	67.951607	5.652272	300.404327	0.815193	-0.478246	-0.501332	-0.359599	-0.339992	-0.338904	-0.370328	-0.768536	-0.526083	36	-8	1.18	22.35128
82.49147	296.299866	-68.015312	-198.778351	68.291496	5.457366	301.044495	0.815193	-0.478357	-0.501332	-0.359599	-0.339992	-0.169452	-0.370328	-0.768536	-0.526083	36	-8	1.18	22.382921
56.679035	308.613647	-30.678068	-199.302826	76.892609	5.847179	312.24765	0.977952	-0.478246	-0.501332	-0.359599	0.000042	-0.338822	-0.370328	-0.768536	-0.526083	36	-4	1.18	22.788656
54.69347	310.345245	-35.00909	-204.197983	73.297157	5.652272	312.407684	0.652158	-0.478246	-0.501332	-0.359599	-0.339992	-0.338904	-0.370328	-0.768536	-0.526083	36	-4	1.18	22.801851
54.151955	310.922455	-31.580366	-203.848328	75.462051	5.847179	313.047882	0.652158	-0.478246	-0.501332	-0.359599	-0.339992	-0.338904	-0.370328	-0.768536	-0.526083	36	-4	1.18	22.818396
56.859543	310.345245	-33.204498	-202.974197	75.104416	5.847179	313.528015	0.815193	-0.478246	-0.334296	-0.359599	-0.170038	-0.508232	-0.370328	-0.768536	-0.526083	36	-4	1.11	23.545274
23.104832	322.466583	5.77927	-207.170044	79.21727	5.847179	324.411072	0.652158	-0.478246	-0.501332	-0.359599	-0.339992	-0.338904	-0.370328	-0.768536	-0.526083	36	0	1.18	23.236584
21.841278	323.813416	5.600124	-211.71553	78.124046	6.236991	324.731171	0.652158	-0.318905	-0.334219	-0.359599	-0.339992	-0.169452	-0.370328	-0.768536	-0.526083	36	0	1.18	23.23404
23.826859	323.043823	5.237466	-209.617615	77.051399	6.236991	324.891205	0.815193	-0.478246	-0.501332	-0.359599	-0.339992	-0.169452	-0.370328	-0.768536	-0.526083	36	0	1.18	23.239877
24.729383	322.376556	6.684016	-207.344849	79.911774	6.042085	325.371338	0.814956	-0.318905	-0.501332	-0.359599	-0.339992	-0.338822	-0.370328	-0.768536	-0.526083	36	0	1.18	23.26448
-16.215849	330.647552	43.175014	-215.037247	78.124046	6.626803	333.373596	0.977952	-0.318905	-0.501332	-0.359599	-0.339992	-0.338822	-0.370328	-0.768536	-0.526083	36	4	1.18	23.533128
-18.55814	330.647552	41.910473	-215.561722	76.515076	6.431898	333.853729	0.977952	-0.318905	-0.334219	-0.359599	-0.170038	-0.508232	-0.370328	-0.768536	-0.526083	36	4	1.18	23.557425
-21.981485	332.279144	42.271767	-218.883438	74.906113	6.431898	334.173798	0.977952	-0.318905	-0.334219	-0.359599	-0.339992	-0.338822	-0.370328	-0.768536	-0.526083	36	4	1.18	23.568936
-20.179722	332.471527	43.355659	-216.435852	77.408951	6.431898	334.813995	0.977952	-0.318905	-0.334219	-0.359599	-0.339992	-0.338822	-0.370328	-0.768536	-0.526083	36	4	1.18	23.591945
-60.899521	316.11731	72.240486	-211.016235	67.951607	6.042085	318.48941	0.652158	-0.478246	-0.334219	-0.359599	-0.339992	-0.338904	-0.370328	-0.768536	-0.526083	36	8	1.18	23.012426
-59.113216	314.770508	68.086662	-212.589676	65.788666	6.236991	317.529144	0.815193	-0.478246	-0.334219	-0.359599	-0.339992	-0.169452	-0.370328	-0.768536	-0.526083	36	8	1.18	22.969846
-60.735222	313.231293	69.531471	-212.414841	63.481113	6.236991	316.568878	0.815193	-0.478246	-0.501332	-0.359599	-0.169996	-0.169452	-0.370328	-0.768536	-0.526083	36	8	1.18	22.93439
-60.539169	312.076874	68.267265	-210.31691	64.196388	5.847179	315.608612	0.977952	-0.478246	-0.334219	-0.359599	-0.170038	-0.508232	-0.370328	-0.768536	-0.526083	36	8	1.18	22.913302
-94.617195	287.449341	84.521362	-200.002136	50.414135	5.26246	292.882233	0.815193	-0.478246	-0.501332	-0.359599	-0.339992	-0.338904	-0.370328	-0.768536	-0.526083	36	12	1.18	22.079202
-93.331223	287.256958	84.882568	-199.127991	51.486778	5.457366	292.242065	0.977952	-0.478246	-0.334219	-0.359599	-0.170038	-0.508232	-0.370328	-0.768536	-0.526083	36	12	1.18	22.047126
-92.970863	284.563324	84.340767	-198.25386	49.711975	5.457366	291.441803	0.815193	-0.478246	-0.501332	-0.359599	-0.339992	-0.338904	-0.370328	-0.768536	-0.526083	36	12	1.18	22.016344
-95.698532	284.755707	87.41098	-197.72937	51.665554	5.26246	290.641602	0.814956	-0.478246	-0.501332	-0.359599	-0.339992	-0.508232	-0.370328	-0.768536	-0.526083	36	12	1.18	21.993032
-126.663795	263.976257	97.705246	-191.435608	35.218384	4.872647	274.156982	0.815193	-0.478246	-0.501332	-0.359599	-0.339992	-0.338904	-0.370328	-0.768536	-0.526083	36	16	1.18	21.363851
-125.762917	263.206635	98.247055	-189.337677	36.112251	5.067554	273.35672	0.977952	-0.318905	-0.501332	-0.359599	-0.339992	-0.338822	-0.555491	-0.768536	-0.526083	36	16	1.18	21.324338
-123.961151	262.629425	98.608253	-187.764236	36.648571	5.26246	273.036652	0.815193	-0.478246	-0.501332	-0.359599	-0.339992	-0.338904	-0.370328	-0.768536	-0.526083	36	16	1.18	21.303863
-125.255135	261.859833	99.511261	-188.113892	37.363667	5.067554	272.396484	0.815193	-0.478246	-0.501332	-0.359599	-0.339992	-0.338904	-0.370328	-0.768536	-0.526083	36	16	1.18	21.286142
-160.897247	247.429611	108.027824	-198.953156	16.447157	4.872647	265.514557	0.977952	-0.478246	-0.501332	-0.359599	-0.170038	-0.338822	-0.555491	-0.960671	-0.526083	36	20	1.18	21.018229
-162.921783	248.968842	107.638313	-199.827301	16.804705	4.872647	266.154724	0.815193	-0.478246	-0.501332	-0.359599	-0.339992	-0.338904	-0.370328	-0.768536	-0.526083	36	20	1.18	21.044025
-163.239532	249.738464	109.624924	-199.477646	17.519796	4.677742	266.794891	0.977952	-0.478246	-0.501332	-0.359599	-0.170038	-0.508232	-0.370328	-0.768536	-0.526083	36	20	1.18	21.077627
-162.879196	250.822784	109.473015	-200.002136	17.519796	4.677742	267.595123	0.977952	-0.318905	-0.334219	-0.359599	0.000042	-0.338822	-0.370328	-0.768536	-0.526083	36	20	1.18	21.109777
-211.706924	253.778915	124.795418	-232.345108	-3.746469	5.067554	281.198944	0.977952	-0.478246	-0.501332	-0.359599	-0.339992	-0.508232	-0.370328	-0.768536	-0.526083	36	24	1.18	21.633753
-211.706924	253.394104	123.350609	-233.918579	-6.244115	5.067554	281.839111	0.977952	-0.318905	-0.501332	-0.359599	-0.339992	-0.508232	-0.370328	-0.768536	-0.526083	36	24	1.18	21.658816
-211.041397	253.778915	123.531212	-232.345108	-5.352098	5.26246	282.319244	0.815193	-0.478246	-0.501332	-0.359599	-0.339992	-0.338904	-0.370328	-0.768536	-0.526083	36	24	1.18	21.669974
-211.221603	254.477448	124.976021	-233.219254	-4.460082	5.26246	282.959442	0.815193	-0.478246	-0.334219	-0.359599	-0.339992	-0.169452	-0.370328	-0.768536	-0.526083	36	24	1.18	21.694996
-262.585236	250.70047	139.243515	-271.856049	-34.431828	5.652272	296.243164	0.815193	-0.478246	-0.501332	-0.359599	-0.339992	-0.169452	-0.555491	-0.768536	-0.526083	36	28	1.18	22.192947
-264.747894	252.2397	137.076309	-273.254639	-35.323849	5.652272	296.723297	0.815193	-0.478246	-0.501332	-0.359599	-0.339992	-0.338904	-0.370328	-0.768536	-0.526083	36	28	1.18	22.211274
-266.910583	253.009293	137.979294	-274.303619	-36.215862	5.652272	297.363495	0.815193	-0.478246	-0.501332	-0.359599	-0.339992	-0.338904	-0.370328	-0.768536	-0.526083	36	28	1.18	22.235687
-264.138153	253.009293	137.798706	-274.303619	-35.323849	5.457366	297.523529	0.814956	-0.318905	-0.501332	-0.359599	-0.339992	-0.508232	-0.370328	-0.768536	-0.526083	36	28	1.18	22.249211
-319.632385	247.237244	146.828766	-321.681732	-74.394157	6.042085	310.167053	0.977952	-0.478246	-0.501332	-0.359599	-0.339992	-0.338822	-0.370328	-0.768536	-0.526083	36	32	1.18	22.703877
-319.452209	246.275208	147.912354	-321.157257	-74.394157	5.652272	310.647217	0.977952	-0.478246	-0.501332	-0.359599	-0.170038	-0.508232	-0.555491	-0.960671	-0.526083	36	32	1.18	22.736327
-318.551331	247.429611	147.770493	-319.933472	-72.431725	5.847179	311.287384	0.977952	-0.318905	-0.501332	-0.359599	-0.339992	-0.508232	-0.370328	-0.768536	-0.526083	36	32	1.18	22.752918
-320.71344	248.968842	147.009369	-320.807617	-73.14534	5.652272	311.447418	0.815193	-0.478246	-0.501332	-0.359599	-0.169996	-0.508232	-0.370328	-0.768536	-0.526083	36	32	1.18	22.766134
-373.505035	235.115875	154.635132	-371.332611	-118.102959	6.042085	320.570007	0.977952	-0.318905	-0.334219	-0.359599	-0.339992	-0.508232	-0.370328	-0.768536	-0.526083	36	36	1.18	23.088919
-369.000641	234.538666	153.149796	-368.5354	-118.459755	6.042085	321.210175	0.815193	-0.478246	-0.501332	-0.359599	-0.339992	-0.338822	-0.370328	-0.768536	-0.526083	36	36	1.18	23.112404
-371.523102	235.308258	154.414017	-368.5354	-117.746147	5.847179	321.210175	0.815193	-0.478246	-0.501332	-0.359599	-0.339992	-0.338904	-0.370328	-0.768536	-0.526083	36	36	1.18	23.11955
-370.261871	235.242554	156.039429	-368.360535	-116.675728	5.847179	321.530243	0.977952	-0.478246	-0.501332	-0.359599	-0.339992	-0.508232	-0.370328	-0.768536	-0.526083	36	36	1.18	23.131279
-418.008575	219.531281	157.484222	-420.28421	-167.877472	6.042085	331.453064	0.977952	-0.478246	-0.501332	-0.359599	-0.339992	-0.508232	-0.370328	-0.768536	-0.526083	36	40	1.18	23.484975
-419.630096	219.662323	155.317001	-420.98349	-170.910309	6.236991	331.773132	0.815193	-0.478246	-0.501332	-0.359599	-0.339992	-0.338904	-0.370328	-0.768536	-0.526083	36	40	1.18	23.48949
-420.891357	219.723663	156.761826	-420.98349	-168.412674	6.431898	332.093231	0.977952	-0.478246	-0.334219	-0.359599	-0.170038	-0.508232	-0.370328	-0.768536	-0.526083	36	40	1.18	23.494007
-416.026611	221.647705	156.622269	-417.486969	-166.628647	6.626803	332.4133	0.977952	-0.318905	-0.501332	-0.359599	-0.339992	-0.338822	-0.370328	-0.768536	-0.526083	36	40	1.18	23.498521
-443.233185	188.93927	147.912354	-444.235535	-211.943069	6.236991	324.251038	0.977952	-0.478246	-0.501332	-0.359599	-0.170038	-0.508232	-0.555491	-0.768536	-0.526083	36	44	1.18	23.216521
-442.692627	189.516464	147.589844	-443.361359	-209.266998	6.042085	322.970673	0.977952	-0.478246	-0.501332	-0.359599	-0.339992	-0.508232	-0.370328	-0.960671	-0.526083	36	44	1.18	23.176866
-440.105072	188.501816	146.648163	-441.263458	-208.374985	5.847179	321.850342	0.652158	-0.478246	-0.501332	-0.539397	-0.339992	-0.338904	-0.370328	-0.768536	-0.526083	36	44	1.18	23.143003
-439.449493	187.207642	145.241409	-444.060669	-212.478271	6.042085	320.409943	0.814956	-0.637662	-0.501332	-0.359599	-0.170038	-0.508232	-0.370328	-0.960671	-0.526083	36	44	1.18	23.083043
130.50621	165.419952	-402.679565	-408.395935	-184.290558	5.26246	290.161469	0.815193	-0.478246	-0.501332	-0.359599	-0.339992	-0.338904	-0.555491	-0.768536	-0.526083	40	-44	1.18	21.974524
128.701141	164.50415	-402.499146	-408.57077	-184.468979	5.26246	289.201172	0.977952	-0.318905	-0.334219	-0.359599	-0.339992	-0.508232	-0.370328	-0.768536	-0.526083	40	-44	1.18	21.937458
131.228226	164.842896	-397.628021	-403.850433	-179.473679	5.457366	288.561005	0.815193	-0.478246	-0.501332	-0.359599	-0.339992	-0.338904	-0.370328	-0.768536	-0.526083	40	-44	1.18	21.905175
129.964691	163.304108	-396.725952	-401.927338	-178.938461	5.26246	288.080872	0.815193	-0.478246	-0.501332	-0.359599	-0.339992	-0.338904	-0.370328	-0.768536	-0.526083	40	-44	1.18	21.894137
125.993546	174.845047	-354.241486	-354.549225	-140.760178	4.872647	272.556519	0.815193	-0.478246	-0.501332	-0.359599	-0.339992	-0.169452	-0.370328	-0.768536	-0.526083	40	-40	1.18	21.300269
125.813026	174.124283	-354.148712	-353.849884	-140.403351	4.872647	271.756287	0.977952	-0.318905	-0.501332	-0.359599	-0.339992	-0.508232	-0.370328	-0.768536	-0.526083	40	-40	1.18	21.268407
126.715561	175.663498	-352.164185	-353.150604	-139.332932	4.872647	271.276154	0.977952	-0.478246	-0.501332	-0.359599	-0.170038	-0.338822	-0.370328	-0.768536	-0.526083	40	-40	1.18	21.249267
125.271515	174.124283	-350.451843	-350.528198	-138.440918	5.067554	270.635986	0.652158	-0.478246	-0.501332	-0.359599	-0.339992	-0.338904	-0.370328	-0.768536	-0.526083	40	-40	1.18	21.215937
125.271515	190.286087	-322.57663	-317.485901	-104.901115	4.872647	266.794891	0.977952	-0.478246	-0.501332	-0.359599	-0.169996	-0.508232	-0.370328	-0.768536	-0.526083	40	-36	1.18	21.069789
123.827461	189.324081	-327.808594	-323.954468	-112.037247	4.872647	267.435089	0.815193	-0.478246	-0.501332	-0.359599	-0.339992	-0.338904	-0.370328	-0.768536	-0.526083	40	-36	1.18	21.095523
125.632538	192.733475	-328.530243	-323.604828	-109.361206	4.872647	268.555389	0.815193	-0.478246	-0.501332	-0.359599	-0.339992	-0.338822	-0.370328	-0.768536	-0.526083	40	-36	1.18	21.14048
124.729996	192.210098	-329.251862	-324.653809	-109.539589	4.872647	269.515686	0.977952	-0.318905	-0.334219	-0.359599	-0.339992	-0.508232	-0.370328	-0.768536	-0.526083	40	-36	1.18	21.17894
130.686707	220.300858	-320.952942	-315.0383	-88.666428	5.457366	285.680206	0.977952	-0.478246	-0.334219	-0.359599	-0.339992	-0.338822	-0.370328	-0.768536	-0.526083	40	-32	1.18	21.793439
130.506195	221.647705	-322.937469	-316.43692	-88.131218	5.067554	286.160339	0.977952	-0.318905	-0.501332	-0.359599	-0.339992	-0.338822	-0.370328	-0.768536	-0.526083	40	-32	1.18	21.827241
130.325699	219.85466	-325.643616	-319.408966	-92.412888	5.457366	286.800507	0.815193	-0.478246	-0.501332	-0.359599	-0.339992	-0.338904	-0.370328	-0.768536	-0.526083	40	-32	1.18	21.836959
130.867218	221.393448	-324.019928	-317.660706	-89.380028	5.067554	287.28064	0.815193	-0.478246	-0.334219	-0.359599	-0.339992	-0.338904	-0.370328	-0.960671	-0.526083	40	-32	1.18	21.870694
131.047729	250.892883	-306.880798	-306.996246	-67.614838	5.457366	301.204529	0.977952	-0.478246	-0.501332	-0.359599	-0.339992	-0.338904	-0.555491	-0.768536	-0.526083	40	-28	1.18	22.388979
130.867218	251.085281	-305.798309	-306.821442	-66.901222	5.457366	301.684692	0.977952	-0.478246	-0.501332	-0.359599	-0.339992	-0.338822	-0.555491	-0.960671	-0.526083	40	-28	1.18	22.407146
131.769745	251.085281	-305.437469	-306.296936	-66.187607	5.847179	302.164825	0.977952	-0.478246	-0.501332	-0.359599	-0.339992	-0.508232	-0.370328	-0.768536	-0.526083	40	-28	1.18	22.410563
131.950256	250.315659	-304.174591	-304.898315	-65.473999	5.652272	302.32486	0.977952	-0.478246	-0.501332	-0.539397	-0.339992	-0.508232	-0.370328	-0.768536	-0.526083	40	-28	1.18	22.42398
127.979118	273.788788	-274.767456	-293.534576	-43.530392	5.847179	312.567719	0.815193	-0.478246	-0.501332	-0.359599	-0.339992	-0.169452	-0.370328	-0.768536	-0.526083	40	-24	1.18	22.800556
126.174057	273.981171	-273.937134	-293.534576	-44.957623	5.652272	312.887848	0.815193	-0.478246	-0.334219	-0.359599	-0.339992	-0.338822	-0.370328	-0.768536	-0.526083	40	-24	1.18	22.81969
127.798607	273.788788	-279.45816	-296.856293	-47.633671	5.457366	313.367981	0.977952	-0.478246	-0.501332	-0.359599	-0.169996	-0.508232	-0.370328	-0.768536	-0.526083	40	-24	1.18	22.844745
126.715576	275.251099	-279.27774	-298.080109	-48.347282	5.652272	313.528015	0.815193	-0.478246	-0.501332	-0.359599	-0.339992	-0.338904	-0.370328	-0.768536	-0.526083	40	-24	1.18	22.843451
117.329224	296.299866	-241.932465	-288.289764	-26.403687	6.042085	323.930939	0.977952	-0.478246	-0.501332	-0.359599	-0.339992	-0.508232	-0.370328	-0.960671	-0.526083	40	-20	1.18	23.211951
116.787712	298.41629	-244.638641	-289.688385	-26.760489	6.040416	324.411072	0.977952	-0.478246	-0.501332	-0.359599	-0.170038	-0.508232	-0.370328	-0.768536	-0.526083	40	-20	1.18	23.229535
116.426682	297.646698	-245.179901	-290.387695	-30.150148	6.042085	324.891205	0.977952	-0.478246	-0.501332	-0.359599	-0.339992	-0.338822	-0.370328	-0.768536	-0.526083	40	-20	1.18	23.246983
117.690231	298.801086	-246.146393	-290.737335	-28.187714	5.847179	325.371338	0.815193	-0.478246	-0.501332	-0.359599	-0.339992	-0.169452	-0.370328	-0.768536	-0.526083	40	-20	1.18	23.271579
104.513268	316.11731	-212.525314	-287.590454	-14.450666	6.431898	335.134064	0.815193	-0.478246	-0.334219	-0.359599	-0.339992	-0.169452	-0.370328	-0.768536	-0.526083	40	-16	1.18	23.603439
105.054779	318.041351	-209.819153	-285.492523	-10.347391	6.430117	335.454163	0.977952	-0.478246	-0.501332	-0.359599	-0.339992	-0.338822	-0.370328	-0.768536	-0.526083	40	-16	1.18	23.614993
103.791237	317.848938	-211.082031	-287.415649	-11.774615	6.236991	335.614197	0.977952	-0.478246	-0.501332	-0.359599	-0.170038	-0.508232	-0.370328	-0.768536	-0.526083	40	-16	1.18	23.627663
103.791237	319.106628	-209.152252	-287.065979	-9.633779	6.431898	335.774261	0.815193	-0.478246	-0.501332	-0.359599	-0.339992	-0.338904	-0.370328	-0.768536	-0.526083	40	-16	1.18	23.626414
75.27121	306.497192	-157.721359	-265.387421	2.145269	6.040416	315.288513	0.977952	-0.478246	-0.501332	-0.359599	-0.339992	-0.338822	-0.370328	-0.768536	-0.526083	40	-12	1.18	22.894308
76.715271	304.103424	-156.417191	-262.59021	1.072627	6.236991	314.488281	0.815193	-0.478246	-0.501332	-0.359599	-0.339992	-0.338822	-0.370328	-0.768536	-0.526083	40	-12	1.18	22.85738
74.910194	303.418732	-159.303787	-265.037781	-1.070422	6.042085	313.688049	0.977952	-0.478246	-0.334219	-0.359599	-0.339992	-0.508232	-0.370328	-0.768536	-0.526083	40	-12	1.18	22.834926
75.812729	304.188354	-163.272858	-265.911926	-3.211262	6.236991	312.727783	0.814956	-0.478246	-0.501332	-0.359599	-0.339992	-0.508232	-0.370328	-0.768536	-0.526083	40	-12	1.18	22.792014
46.390167	288.218964	-111.343346	-242.659912	6.614608	5.457366	293.202301	0.815193	-0.478246	-0.501332	-0.359599	-0.339992	-0.508232	-0.370328	-0.960671	-0.526083	40	-8	1.18	22.084005
48.556244	287.641754	-111.855438	-242.135437	6.972156	5.26246	292.4021	0.977952	-0.478246	-0.501332	-0.359599	-0.339992	-0.508232	-0.370328	-0.768536	-0.526083	40	-8	1.18	22.060765
46.20966	286.679749	-113.118317	-243.883698	4.470522	5.261012	291.761902	0.977952	-0.478246	-0.334219	-0.359599	-0.339992	-0.508232	-0.370328	-0.768536	-0.526083	40	-8	1.18	22.036214
47.11219	284.94812	-110.953377	-240.561996	5.72074	5.457366	290.801636	0.814956	-0.478246	-0.501332	-0.359599	-0.339992	-0.338822	-0.370328	-0.768536	-0.526083	40	-8	1.18	21.991688
17.870134	268.593903	-68.376144	-221.331009	8.223572	4.676458	271.916351	0.977952	-0.478246	-0.501332	-0.359599	-0.339992	-0.338822	-0.370328	-0.768536	-0.526083	40	-4	1.18	21.282598
19.13368	268.209106	-60.257603	-215.736557	14.480647	4.872647	271.276154	0.977952	-0.478246	-0.501332	-0.359599	-0.339992	-0.338822	-0.370328	-0.768536	-0.526083	40	-4	1.18	21.249267
16.787098	267.054687	-63.865841	-218.358948	10.190082	4.872647	270.635986	0.977952	-0.478246	-0.501332	-0.359599	-0.339992	-0.338822	-0.370328	-0.768536	-0.526083	40	-4	1.18	21.223721
17.689636	265.633667	-63.50502	-216.086212	11.262722	4.482835	269.995789	0.815193	-0.478246	-0.501332	-0.359599	-0.339992	-0.169452	-0.370328	-0.768536	-0.526083	40	-4	1.18	21.21372
-12.071798	266.669891	-30.489628	-213.638657	10.726401	4.872647	269.355621	0.977952	-0.478246	-0.501332	-0.359599	-0.339992	-0.508232	-0.370328	-0.768536	-0.526083	40	0	1.18	21.172535
-10.270039	267.054687	-29.587564	-213.463806	11.977818	4.677742	269.995789	0.977952	-0.478246	-0.501332	-0.359599	-0.339992	-0.508232	-0.370328	-0.768536	-0.526083	40	0	1.18	21.205934
-8.650715	266.595428	-31.211273	-213.813461	10.190082	4.677742	270.635986	0.815193	-0.478246	-0.501332	-0.359599	-0.339992	-0.169452	-0.370328	-0.768536	-0.526083	40	0	1.18	21.231502
-10.810566	267.439484	-31.391684	-215.037247	8.581118	5.067554	271.276154	0.977952	-0.637662	-0.501332	-0.359599	-0.339992	-0.508232	-0.555491	-0.768536	-0.526083	40	0	1.18	21.241492
-47.386314	284.178497	-2.345356	-229.547882	8.223572	5.26246	286.800507	0.977952	-0.478246	-0.501332	-0.359599	-0.339992	-0.508232	-0.555491	-0.768536	-0.526083	40	4	1.18	21.844522
-46.305256	285.332916	-2.165511	-229.547882	10.547627	5.067554	287.760803	0.815193	-0.637662	-0.334219	-0.539397	-0.339992	-0.508232	-0.370328	-0.960671	-0.526083	40	4	1.18	21.889291
-46.305256	284.483856	-1.082755	-229.373047	9.296212	5.457366	288.40097	0.815193	-0.478246	-0.501332	-0.539397	-0.339992	-0.338904	-0.370328	-0.768536	-0.526083	40	4	1.18	21.898982
-47.386314	286.294922	-4.149476	-232.170303	6.972156	5.457366	289.041138	0.977952	-0.478246	-0.501332	-0.359599	-0.339992	-0.508232	-0.370328	-0.768536	-0.526083	40	4	1.18	21.923742
-89.006996	297.948273	25.464794	-244.583008	4.469326	5.652272	300.564362	0.652158	-0.478246	-0.501332	-0.359599	-0.339992	-0.338904	-0.370328	-0.768536	-0.526083	40	8	1.18	22.357347
-91.169113	296.299866	24.026272	-244.233353	0.536309	5.457366	301.044495	0.977952	-0.478246	-0.501332	-0.359599	-0.339992	-0.338822	-0.370328	-0.768536	-0.526083	40	8	1.18	22.382921
-92.814957	298.52533	24.568216	-247.030579	1.787723	5.652272	301.364624	0.977952	-0.478246	-0.501332	-0.359599	-0.339992	-0.508232	-0.370328	-0.768536	-0.526083	40	8	1.18	22.387661
-88.466469	297.261871	25.29081	-243.883698	2.860365	5.26246	302.004791	0.977952	-0.478246	-0.501332	-0.359599	-0.169996	-0.338822	-0.370328	-0.768536	-0.526083	40	8	1.18	22.426616
-137.114014	305.919983	50.5816	-256.820892	-6.42252	6.040416	313.047882	0.977952	-0.478246	-0.501332	-0.359599	-0.339992	-0.508232	-0.555491	-0.768536	-0.526083	40	12	1.18	22.811218
-135.852768	304.573181	50.5816	-255.946762	-9.276973	5.847179	313.367981	0.977952	-0.478246	-0.501332	-0.359599	-0.339992	-0.338822	-0.555491	-0.768536	-0.526083	40	12	1.18	22.830281
-139.81665	307.651611	48.220539	-261.890869	-9.276973	5.847179	314.008148	0.977952	-0.478246	-0.501332	-0.359599	-0.339992	-0.508232	-0.370328	-0.768536	-0.526083	40	12	1.18	22.854031
-140.177002	306.689606	50.762245	-259.268494	-9.098568	5.847179	314.328247	0.977952	-0.478246	-0.501332	-0.359599	-0.339992	-0.508232	-0.370328	-0.768536	-0.526083	40	12	1.18	22.865898
-188.464188	311.220337	70.253876	-277.10083	-23.192425	5.847179	325.051239	0.815193	-0.478246	-0.334219	-0.359599	-0.339992	-0.169452	-0.370328	-0.768536	-0.526083	40	16	1.18	23.259919
-188.464188	311.692047	70.97628	-275.877045	-21.7652	5.847179	325.531372	0.815193	-0.478246	-0.501332	-0.359599	-0.339992	-0.508232	-0.370328	-0.768536	-0.526083	40	16	1.18	23.277406
-191.527191	312.269287	72.620712	-279.723236	-24.619652	5.847179	325.691437	0.977952	-0.478246	-0.501332	-0.359599	-0.339992	-0.338822	-0.370328	-0.768536	-0.526083	40	16	1.18	23.283233
-189.725433	312.846466	70.272285	-279.023956	-24.441248	6.042085	326.331604	0.977952	-0.478246	-0.501332	-0.359599	-0.339992	-0.508232	-0.370328	-0.768536	-0.526083	40	16	1.18	23.299433
-240.895432	312.182068	86.869186	-303.150085	-44.957623	6.430117	333.373596	0.815193	-0.478246	-0.501332	-0.359599	-0.339992	-0.508232	-0.370328	-0.768536	-0.526083	40	20	1.18	23.54021
-241.075623	311.307281	87.591583	-300.352844	-43.887203	6.235266	333.693695	0.977952	-0.478246	-0.501332	-0.359599	-0.339992	-0.508232	-0.370328	-0.768536	-0.526083	40	20	1.18	23.558741
-240.778214	311.605042	89.578194	-300.003174	-42.99519	6.431898	333.853729	0.815193	-0.478246	-0.501332	-0.359599	-0.339992	-0.169452	-0.370328	-0.768536	-0.526083	40	20	1.18	23.557425
-242.760681	311.797394	88.855797	-302.101105	-42.99519	6.236991	334.173798	0.815193	-0.478246	-0.501332	-0.359599	-0.339992	-0.338904	-0.370328	-0.768536	-0.526083	40	20	1.18	23.575943
-277.471191	286.487335	98.634102	-304.898315	-62.797951	6.040416	320.089874	0.977952	-0.478246	-0.501332	-0.359599	-0.339992	-0.508232	-0.370328	-0.768536	-0.526083	40	24	1.18	23.071351
-276.390137	285.63797	96.802246	-306.821442	-66.544411	6.042085	318.969543	0.652158	-0.478246	-0.501332	-0.359599	-0.339992	-0.338904	-0.370328	-0.768536	-0.526083	40	24	1.18	23.0301
-271.345215	282.831696	97.885849	-302.97525	-65.117187	5.845565	317.849243	0.977952	-0.478246	-0.501332	-0.359599	-0.339992	-0.508232	-0.370328	-0.768536	-0.526083	40	24	1.18	22.996083
-275.128906	284.755707	96.646965	-306.471802	-64.760384	5.847179	316.888947	0.977952	-0.478246	-0.501332	-0.359599	-0.339992	-0.508232	-0.370328	-0.768536	-0.526083	40	24	1.18	22.960607
-290.624054	250.438126	98.788857	-300.527679	-83.671135	5.261012	294.162567	0.977952	-0.478246	-0.501332	-0.359599	-0.339992	-0.508232	-0.370328	-0.768536	-0.526083	40	28	1.18	22.128345
-290.984375	248.199249	98.427658	-298.954224	-84.384735	5.650713	293.202301	0.977952	-0.478246	-0.501332	-0.359599	-0.339992	-0.508232	-0.555491	-0.768536	-0.526083	40	28	1.18	22.076584
-291.885284	248.968842	97.885849	-300.003174	-84.563148	5.455863	292.242065	0.815193	-0.478246	-0.501332	-0.359599	-0.339992	-0.338904	-0.370328	-0.768536	-0.526083	40	28	1.18	22.047183
-289.723145	247.429611	97.911507	-300.178009	-85.633568	5.652272	291.601868	0.977952	-0.478246	-0.501332	-0.359599	-0.169996	-0.508232	-0.370328	-0.768536	-0.526083	40	28	1.18	22.015002
-308.281281	217.992035	96.105019	-304.373871	-108.290787	5.067554	274.477051	0.977952	-0.478246	-0.501332	-0.359599	-0.339992	-0.508232	-0.370328	-0.768536	-0.526083	40	32	1.18	21.368815
-309.722717	218.315872	96.079834	-305.597656	-107.041946	5.261012	273.836884	0.977952	-0.478246	-0.501332	-0.359599	-0.339992	-0.508232	-0.370328	-0.768536	-0.526083	40	32	1.18	21.335729
-309.443268	218.315872	94.45443	-305.947296	-109.1828	5.067554	273.35672	0.815193	-0.478246	-0.501332	-0.359599	-0.339992	-0.338904	-0.370328	-0.768536	-0.526083	40	32	1.18	21.324338
-307.380432	217.992035	94.298538	-302.450745	-106.685143	4.871309	272.556519	0.977952	-0.637662	-0.501332	-0.359599	-0.339992	-0.508232	-0.370328	-0.960671	-0.526083	40	32	1.18	21.300323
-330.623138	196.195755	93.370819	-318.884491	-134.516052	5.457366	266.154724	0.977952	-0.478246	-0.501332	-0.359599	-0.339992	-0.508232	-0.370328	-0.768536	-0.526083	40	36	1.18	21.020464
-330.98349	197.404984	94.298538	-320.457947	-134.159256	4.481607	266.794891	0.977952	-0.478246	-0.501332	-0.359599	-0.339992	-0.508232	-0.555491	-0.768536	-0.526083	40	36	1.18	21.085512
-331.163666	197.21257	94.659828	-320.632751	-134.159256	4.481607	267.595123	0.977952	-0.478246	-0.501332	-0.359599	-0.339992	-0.508232	-0.370328	-0.768536	-0.526083	40	36	1.18	21.11765
-329.628265	197.157501	95.53804	-321.332092	-135.764877	4.872647	268.235291	0.977952	-0.478246	-0.334219	-0.359599	-0.339992	-0.338904	-0.370328	-0.768536	-0.526083	40	36	1.18	21.127644
-375.126648	189.708878	99.537346	-369.58432	-175.905594	5.067554	281.999176	0.977952	-0.478246	-0.501332	-0.359599	-0.339992	-0.508232	-0.370328	-0.768536	-0.526083	40	40	1.18	21.665078
-379.991364	189.324081	99.717995	-370.458466	-176.440826	5.26246	282.479279	0.977952	-0.478246	-0.501332	-0.359599	-0.339992	-0.338822	-0.370328	-0.768536	-0.526083	40	40	1.18	21.676232
-379.270691	189.708878	97.911507	-371.507446	-179.295273	4.871309	283.119476	0.977952	-0.478246	-0.501332	-0.359599	-0.339992	-0.508232	-0.370328	-0.768536	-0.526083	40	40	1.18	21.716516
-379.450867	189.655899	96.079834	-372.381592	-181.971313	5.06616	283.599609	0.977952	-0.478246	-0.501332	-0.359599	-0.339992	-0.508232	-0.370328	-0.768536	-0.526083	40	40	1.18	21.727646
-425.575928	176.768524	96.802246	-421.857635	-227.10733	5.457366	296.243164	0.977952	-0.478246	-0.501332	-0.359599	-0.339992	-0.508232	-0.370328	-0.768536	-0.526083	40	44	1.18	22.200389
-426.476807	176.433105	98.272804	-423.08139	-227.285736	5.457366	297.043396	0.977952	-0.478246	-0.501332	-0.359599	-0.339992	-0.508232	-0.370328	-0.768536	-0.526083	40	44	1.18	22.230916
-428.458771	177.010315	98.995399	-425.703827	-228.712967	5.650713	297.683563	0.977952	-0.478246	-0.501332	-0.359599	-0.339992	-0.508232	-0.370328	-0.768536	-0.526083	40	44	1.18	22.247942
-427.017365	176.960876	98.969452	-425.703827	-230.496994	5.067554	298.003662	0.977952	-0.478246	-0.501332	-0.359599	-0.339992	-0.508232	-0.370328	-0.768536	-0.526083	40	44	1.18	22.282322
106.49884	179.076721	-455.720673	-457.522369	-240.844406	6.042085	314.488281	0.815193	-0.478246	-0.501332	-0.539397	-0.339992	-0.338904	-0.370328	-0.768536	-0.526083	44	-44	1.18	22.864605
106.859856	180.423157	-457.52478	-458.746155	-239.41716	6.042085	314.968414	0.815193	-0.478246	-0.501332	-0.359599	-0.339992	-0.508232	-0.555491	-0.768536	-0.526083	44	-44	1.18	22.882394
107.040352	180.473557	-454.638214	-456.123779	-238.881958	6.042085	315.448547	0.814956	-0.478246	-0.501332	-0.359599	-0.339992	-0.508232	-0.370328	-0.768536	-0.526083	44	-44	1.18	22.900169
107.942879	181.627975	-456.622711	-456.823059	-234.600281	5.847179	315.448547	0.977952	-0.478246	-0.501332	-0.359599	-0.339992	-0.338822	-0.370328	-0.768536	-0.526083	44	-44	1.18	22.907381
112.275055	208.890778	-445.256775	-444.585144	-212.121475	6.042085	324.731171	0.977952	-0.478246	-0.501332	-0.359599	-0.339992	-0.338822	-0.370328	-0.768536	-0.526083	44	-40	1.18	23.241149
111.37252	207.544342	-446.519653	-445.634125	-214.61911	6.042085	325.051239	0.977952	-0.478246	-0.501332	-0.359599	-0.169996	-0.508232	-0.370328	-0.768536	-0.526083	44	-40	1.18	23.252817
112.99707	210.237228	-451.029968	-448.781006	-213.013489	6.042085	325.371338	0.815193	-0.478246	-0.334219	-0.359599	-0.339992	-0.169452	-0.370328	-0.768536	-0.526083	44	-40	1.18	23.26448
112.455551	208.17952	-446.339233	-446.508301	-213.191895	6.430117	325.851471	0.977952	-0.478246	-0.501332	-0.359599	-0.339992	-0.338822	-0.370328	-0.768536	-0.526083	44	-40	1.18	23.267835
115.343651	239.666595	-443.091827	-437.941742	-190.713074	6.236991	337.534729	0.815193	-0.478246	-0.501332	-0.359599	-0.339992	-0.338904	-0.370328	-0.768536	-0.526083	44	-36	1.18	23.696446
114.62162	238.194305	-441.648529	-437.417236	-191.783493	6.430117	338.174927	0.977952	-0.478246	-0.501332	-0.359599	-0.339992	-0.508232	-0.370328	-0.768536	-0.526083	44	-36	1.18	23.71243
117.329224	239.348709	-444.174286	-439.515198	-190.891479	6.430117	338.65506	0.977952	-0.478246	-0.501332	-0.359599	-0.169996	-0.508232	-0.370328	-0.768536	-0.526083	44	-36	1.18	23.729583
116.426682	239.348709	-443.452637	-440.039673	-193.745926	6.624968	339.295258	0.977952	-0.478246	-0.501332	-0.359599	-0.339992	-0.508232	-0.370328	-0.768536	-0.526083	44	-36	1.18	23.745483
103.430222	238.771515	-382.834229	-377.451569	-152.177963	5.652272	313.848114	0.977952	-0.478246	-0.501332	-0.359599	-0.339992	-0.338822	-0.370328	-0.768536	-0.526083	44	-32	1.18	22.855324
103.971741	239.541122	-379.225983	-373.780182	-147.53949	6.040416	313.047882	0.977952	-0.478246	-0.501332	-0.359599	-0.339992	-0.338822	-0.370328	-0.768536	-0.526083	44	-32	1.18	22.811218
105.235291	237.166061	-378.865173	-372.731232	-147.361084	5.847179	312.24765	0.815193	-0.478246	-0.501332	-0.359599	-0.339992	-0.338822	-0.370328	-0.768536	-0.526083	44	-32	1.18	22.788656
102.888702	237.424698	-377.782684	-372.731232	-149.145111	6.040416	311.447418	0.977952	-0.478246	-0.501332	-0.359599	-0.339992	-0.338822	-0.370328	-0.768536	-0.526083	44	-32	1.18	22.751681
91.336288	239.925934	-330.87558	-329.89859	-118.994972	5.455863	294.002533	0.977952	-0.478246	-0.501332	-0.359599	-0.339992	-0.338822	-0.555491	-0.768536	-0.526083	44	-28	1.18	22.114749
90.433754	238.963928	-325.102386	-326.576874	-118.281372	5.650713	293.362366	0.977952	-0.478246	-0.501332	-0.359599	-0.339992	-0.508232	-0.370328	-0.768536	-0.526083	44	-28	1.18	22.082727
92.058311	238.579117	-324.561157	-325.527924	-116.675728	5.455863	292.722168	0.977952	-0.478246	-0.334219	-0.359599	-0.339992	-0.508232	-0.370328	-0.768536	-0.526083	44	-28	1.18	22.06563
90.614258	238.897202	-324.741577	-325.702759	-115.783714	5.26246	292.242065	0.977952	-0.478246	-0.334219	-0.359599	-0.339992	-0.338822	-0.370328	-0.768536	-0.526083	44	-28	1.18	22.054617
75.993233	239.089554	-280.901459	-295.982178	-96.694565	5.261012	278.798279	0.977952	-0.478246	-0.501332	-0.359599	-0.339992	-0.338822	-0.370328	-0.768536	-0.526083	44	-24	1.18	21.531894
78.159309	240.310745	-280.540649	-295.457672	-94.37532	5.261012	278.158081	0.977952	-0.478246	-0.501332	-0.359599	-0.339992	-0.338822	-0.370328	-0.960671	-0.526083	44	-24	1.18	21.506683
76.895767	239.089554	-276.751984	-293.359772	-94.553734	4.872647	277.357849	0.815193	-0.478246	-0.501332	-0.359599	-0.339992	-0.338904	-0.370328	-0.768536	-0.526083	44	-24	1.18	21.490447
76.354248	236.973694	-275.128265	-291.261841	-95.980957	5.06616	277.197815	0.815193	-0.478246	-0.501332	-0.359599	-0.339992	-0.338822	-0.370328	-0.768536	-0.526083	44	-24	1.18	21.476501
62.816257	239.925934	-231.829407	-267.660187	-74.929375	4.481607	267.275055	0.977952	-0.478246	-0.501332	-0.359599	-0.339992	-0.508232	-0.370328	-0.768536	-0.526083	44	-20	1.18	21.104801
61.733219	241.205383	-235.618042	-270.807068	-77.42701	4.481607	268.075256	0.815193	-0.478246	-0.501332	-0.359599	-0.339992	-0.338822	-0.370328	-0.768536	-0.526083	44	-20	1.18	21.136909
63.177273	240.628342	-234.535583	-270.282562	-77.42701	4.871309	269.035522	0.815193	-0.478246	-0.501332	-0.359599	-0.339992	-0.338822	-0.370328	-0.768536	-0.526083	44	-20	1.18	21.159772
63.538288	241.78241	-234.174759	-270.807068	-76.534996	4.872647	269.515686	0.815193	-0.478246	-0.501332	-0.359599	-0.339992	-0.338822	-0.370328	-0.768536	-0.526083	44	-20	1.18	21.17894
52.166374	268.593903	-219.200562	-282.170807	-68.685257	5.26246	288.080872	0.977952	-0.478246	-0.501332	-0.359599	-0.339992	-0.338822	-0.370328	-0.768536	-0.526083	44	-16	1.18	21.894137
50.902828	267.631897	-220.824265	-282.695312	-73.502144	5.067554	288.721039	0.977952	-0.478246	-0.501332	-0.359599	-0.339992	-0.338822	-0.555491	-0.768536	-0.526083	44	-16	1.18	21.926436
52.166374	268.209106	-220.102615	-282.695312	-72.61013	5.455863	289.361237	0.977952	-0.478246	-0.501332	-0.359599	-0.169996	-0.508232	-0.370328	-0.768536	-0.526083	44	-16	1.18	21.93617
53.068905	267.557159	-221.004684	-282.520477	-73.14534	5.652272	290.001434	0.977952	-0.478246	-0.334219	-0.359599	-0.339992	-0.508232	-0.370328	-0.768536	-0.526083	44	-16	1.18	21.953308
35.74028	291.68219	-193.582062	-294.059052	-62.797951	5.650713	306.486053	0.977952	-0.478246	-0.501332	-0.359599	-0.339992	-0.338822	-0.370328	-0.768536	-0.526083	44	-12	1.18	22.580753
35.920788	293.798645	-198.092361	-297.905243	-66.366013	5.652272	307.286255	0.977952	-0.637662	-0.501332	-0.359599	-0.339992	-0.508232	-0.370328	-0.768536	-0.526083	44	-12	1.18	22.610706
34.837749	295.33786	-200.437729	-300.003174	-65.830803	5.650713	307.766388	0.977952	-0.478246	-0.501332	-0.359599	-0.339992	-0.338822	-0.370328	-0.768536	-0.526083	44	-12	1.18	22.628753
33.935215	293.606232	-197.551132	-298.604553	-66.901222	5.455863	308.246552	0.977952	-0.478246	-0.501332	-0.359599	-0.339992	-0.508232	-0.370328	-0.768536	-0.526083	44	-12	1.18	22.654018
10.469369	310.345245	-168.865631	-309.094177	-63.333153	6.236991	320.570007	0.977952	-0.478246	-0.501332	-0.359599	-0.339992	-0.508232	-0.370328	-0.768536	-0.526083	44	-8	1.18	23.081764
11.371902	310.066254	-166.520264	-307.520752	-61.727528	6.236991	320.730042	0.977952	-0.478246	-0.501332	-0.359599	-0.339992	-0.338822	-0.370328	-0.768536	-0.526083	44	-8	1.18	23.087639
9.38633	309.873901	-167.646622	-310.143158	-64.581978	6.042085	321.370209	0.815193	-0.478246	-0.501332	-0.359599	-0.339992	-0.508232	-0.370328	-0.768536	-0.526083	44	-8	1.18	23.118271
10.469369	312.654083	-169.58728	-310.492798	-63.154755	6.040416	322.170441	0.977952	-0.478246	-0.334219	-0.359599	-0.339992	-0.508232	-0.370328	-0.768536	-0.526083	44	-8	1.18	23.147648
-21.981485	325.454132	-131.339935	-318.360016	-63.154755	6.236991	334.173798	0.815193	-0.478246	-0.501332	-0.359599	-0.339992	-0.508232	-0.370328	-0.768536	-0.526083	44	-4	1.18	23.575943
-23.603067	325.929871	-131.881165	-319.583832	-64.40358	6.040416	334.813995	0.977952	-0.478246	-0.501332	-0.359599	-0.339992	-0.508232	-0.555491	-0.768536	-0.526083	44	-4	1.18	23.606003
-21.807009	326.031189	-133.685287	-319.758636	-65.295593	6.236991	335.454163	0.977952	-0.637662	-0.501332	-0.359599	-0.339992	-0.338822	-0.370328	-0.768536	-0.526083	44	-4	1.18	23.621922
-19.464108	327.570007	-131.70076	-318.185181	-60.300304	6.236991	335.934326	0.815193	-0.478246	-0.501332	-0.359599	-0.339992	-0.508232	-0.370328	-0.768536	-0.526083	44	-4	1.18	23.639142
-55.674412	314.10556	-87.860634	-302.101105	-59.765095	5.847179	320.730042	0.977952	-0.637662	-0.334219	-0.359599	-0.339992	-0.508232	-0.370328	-0.768536	-0.526083	44	0	1.18	23.101943
-54.773537	311.692047	-88.401871	-300.178009	-61.727528	5.847179	319.609741	0.977952	-0.478246	-0.334219	-0.359599	-0.339992	-0.338822	-0.370328	-0.768536	-0.526083	44	0	1.18	23.06081
-51.89072	311.499664	-88.943108	-299.129028	-59.051479	5.650713	318.48941	0.977952	-0.478246	-0.501332	-0.359599	-0.339992	-0.508232	-0.370328	-0.768536	-0.526083	44	0	1.18	23.026833
-53.526295	311.027985	-84.61322	-297.031128	-56.732235	5.652272	317.36911	0.815193	-0.478246	-0.501332	-0.359599	-0.339992	-0.508232	-0.370328	-0.768536	-0.526083	44	0	1.18	22.985509
-81.79995	288.218964	-44.020527	-275.70224	-55.840221	5.847179	297.043396	0.977952	-0.478246	-0.501332	-0.359599	-0.339992	-0.508232	-0.370328	-0.768536	-0.526083	44	4	1.18	22.216051
-81.259422	288.411377	-47.267944	-275.177734	-56.553833	5.847179	295.923065	0.977952	-0.637662	-0.501332	-0.359599	-0.169996	-0.338822	-0.370328	-0.768536	-0.526083	44	4	1.18	22.173274
-80.538712	287.449341	-48.530823	-275.70224	-57.44585	5.457366	294.962799	0.977952	-0.478246	-0.501332	-0.359599	-0.339992	-0.338822	-0.370328	-0.768536	-0.526083	44	4	1.18	22.15146
-83.241356	286.984375	-46.546291	-275.70224	-57.98106	5.457366	294.322601	0.977952	-0.478246	-0.334219	-0.359599	-0.339992	-0.338822	-0.370328	-0.960671	-0.526083	44	4	1.18	22.126954
-116.604424	272.75058	-16.41749	-264.513306	-57.624249	5.067554	280.718811	0.815193	-0.478246	-0.501332	-0.359599	-0.339992	-0.508232	-0.370328	-0.768536	-0.526083	44	8	1.18	21.614937
-115.312698	271.01944	-18.221611	-264.862946	-61.37072	5.067554	280.238678	0.977952	-0.478246	-0.501332	-0.359599	-0.339992	-0.508232	-0.370328	-0.768536	-0.526083	44	8	1.18	21.596104
-114.592003	271.479919	-17.139139	-262.765015	-57.44585	4.871309	279.758545	0.977952	-0.478246	-0.501332	-0.359599	-0.339992	-0.508232	-0.370328	-0.768536	-0.526083	44	8	1.18	21.584962
-115.13253	271.981171	-18.226383	-264.33844	-58.51627	5.06616	279.278412	0.815193	-0.478246	-0.501332	-0.359599	-0.339992	-0.508232	-0.370328	-0.768536	-0.526083	44	8	1.18	21.558444
-139.996826	253.778915	2.348451	-249.652985	-61.90593	4.676458	264.074127	0.977952	-0.478246	-0.501332	-0.359599	-0.339992	-0.338822	-0.370328	-0.960671	-0.526083	44	12	1.18	20.968001
-142.699463	253.708054	2.709748	-251.750916	-63.333153	4.677742	264.394226	0.977952	-0.478246	-0.501332	-0.359599	-0.169996	-0.338822	-0.370328	-0.768536	-0.526083	44	12	1.18	20.980883
-139.456299	253.586517	5.600124	-249.47818	-61.013916	5.06616	265.034424	0.977952	-0.478246	-0.334219	-0.359599	-0.339992	-0.338822	-0.370328	-0.768536	-0.526083	44	12	1.18	20.99105
-141.798584	255.125732	2.348451	-252.625046	-63.511562	4.871309	265.674591	0.977952	-0.637662	-0.501332	-0.359599	-0.339992	-0.508232	-0.370328	-0.768536	-0.526083	44	12	1.18	21.024735
-193.328949	267.172455	21.135895	-278.674286	-78.675835	4.872647	283.919708	0.977952	-0.478246	-0.501332	-0.359599	-0.339992	-0.508232	-0.370328	-0.768536	-0.526083	44	16	1.18	21.747669
-193.509125	267.631897	21.497192	-277.974976	-78.675835	5.06616	284.559875	0.977952	-0.478246	-0.501332	-0.359599	-0.339992	-0.508232	-0.370328	-0.768536	-0.526083	44	16	1.18	21.765067
-195.491074	267.941864	20.232653	-280.422546	-81.530289	5.067554	285.200043	0.977952	-0.478246	-0.501332	-0.359599	-0.339992	-0.508232	-0.370328	-0.768536	-0.526083	44	16	1.18	21.789924
-195.310883	268.978699	22.400434	-278.674286	-78.319031	4.871309	286.000305	0.977952	-0.478246	-0.501332	-0.359599	-0.339992	-0.508232	-0.370328	-0.768536	-0.526083	44	16	1.18	21.828647
-246.12056	276.21286	35.226479	-308.045227	-101.511459	5.847179	302.804993	0.977952	-0.478246	-0.501332	-0.359599	-0.339992	-0.508232	-0.370328	-0.768536	-0.526083	44	20	1.18	22.434758
-247.742126	276.290009	35.407127	-309.269012	-104.009102	5.455863	303.605255	0.977952	-0.478246	-0.501332	-0.359599	-0.339992	-0.508232	-0.370328	-0.768536	-0.526083	44	20	1.18	22.479723
-250.444778	278.136353	36.481464	-310.667633	-101.15464	5.26246	304.245422	0.815193	-0.637662	-0.501332	-0.359599	-0.339992	-0.508232	-0.370328	-0.768536	-0.526083	44	20	1.18	22.511126
-247.021439	278.21402	37.39426	-311.891418	-101.868263	5.652272	304.725555	0.977952	-0.478246	-0.501332	-0.359599	-0.339992	-0.508232	-0.370328	-0.768536	-0.526083	44	20	1.18	22.514525
-298.731964	278.021606	50.400951	-337.765839	-124.525467	6.235266	316.408813	0.977952	-0.478246	-0.501332	-0.359599	-0.339992	-0.338822	-0.370328	-0.960671	-0.526083	44	24	1.18	22.928539
-301.434601	278.136353	49.665348	-341.26236	-128.628738	5.847179	316.888947	0.815193	-0.478246	-0.501332	-0.359599	-0.339992	-0.338822	-0.370328	-0.768536	-0.526083	44	24	1.18	22.960607
-303.957062	278.598846	49.317059	-341.612	-128.093552	6.040416	317.689178	0.977952	-0.478246	-0.501332	-0.359599	-0.339992	-0.508232	-0.370328	-0.960671	-0.526083	44	24	1.18	22.982999
-304.49762	280.330475	51.665493	-343.709961	-127.023125	6.235266	318.169312	0.977952	-0.478246	-0.501332	-0.359599	-0.339992	-0.508232	-0.370328	-0.768536	-0.526083	44	24	1.18	22.993516
-360.892731	278.021606	58.349483	-376.927094	-159.314102	6.235266	330.9729	0.977952	-0.478246	-0.501332	-0.359599	-0.339992	-0.338822	-0.555491	-0.768536	-0.526083	44	28	1.18	23.460665
-359.63147	276.597565	61.962456	-377.801208	-160.741348	6.236991	331.292999	0.977952	-0.637662	-0.334219	-0.359599	-0.339992	-0.338822	-0.370328	-0.768536	-0.526083	44	28	1.18	23.472162
-358.550415	277.366943	63.226994	-374.654327	-156.28125	5.847179	331.773132	0.977952	-0.478246	-0.501332	-0.359599	-0.339992	-0.508232	-0.370328	-0.768536	-0.526083	44	28	1.18	23.503551
-358.910797	277.059601	61.420509	-376.927094	-159.849335	5.845565	332.093231	0.977952	-0.478246	-0.501332	-0.359599	-0.339992	-0.338822	-0.370328	-0.768536	-0.526083	44	28	1.18	23.515148
-401.432343	257.626953	65.756073	-398.081146	-189.285858	6.040416	328.252136	0.977952	-0.478246	-0.501332	-0.359599	-0.339992	-0.338822	-0.370328	-0.768536	-0.526083	44	32	1.18	23.369244
-395.846893	256.785645	67.003059	-395.80838	-187.680206	5.845565	326.971802	0.815193	-0.637662	-0.501332	-0.359599	-0.339992	-0.508232	-0.370328	-0.768536	-0.526083	44	32	1.18	23.329847
-395.12616	253.778915	64.491531	-393.885315	-189.642654	6.040416	326.011505	0.977952	-0.478246	-0.501332	-0.359599	-0.339992	-0.338822	-0.370328	-0.768536	-0.526083	44	32	1.18	23.287849
-396.927948	255.318115	63.949589	-392.311859	-185.539398	5.845565	324.411072	0.977952	-0.478246	-0.501332	-0.359599	-0.339992	-0.508232	-0.370328	-0.768536	-0.526083	44	32	1.18	23.236643
-398.909882	220.816406	63.76894	-388.290833	-201.774078	5.652272	302.004791	0.977952	-0.478246	-0.501332	-0.359599	-0.339992	-0.508232	-0.370328	-0.768536	-0.526083	44	36	1.18	22.41188
-396.567596	220.047012	63.571632	-386.542572	-201.238876	5.652272	301.364624	0.977952	-0.478246	-0.501332	-0.359599	-0.339992	-0.508232	-0.370328	-0.768536	-0.526083	44	36	1.18	22.387661
-395.306366	218.954041	64.852829	-382.69635	-199.454819	5.650713	300.564362	0.977952	-0.478246	-0.501332	-0.359599	-0.339992	-0.508232	-0.370328	-0.768536	-0.526083	44	36	1.18	22.357406
-394.225311	217.799652	63.407642	-382.34671	-200.703659	5.650713	299.604126	0.977952	-0.478246	-0.501332	-0.359599	-0.339992	-0.338822	-0.370328	-0.768536	-0.526083	44	36	1.18	22.320979
-405.936737	187.977264	58.168835	-386.192902	-224.43129	4.871309	284.71991	0.977952	-0.637662	-0.334219	-0.359599	-0.339992	-0.508232	-0.370328	-0.768536	-0.526083	44	40	1.18	21.778881
-403.954803	188.362061	60.155968	-386.542572	-221.933655	5.06616	284.239807	0.977952	-0.478246	-0.501332	-0.359599	-0.339992	-0.508232	-0.370328	-0.768536	-0.526083	44	40	1.18	21.752601
-401.97287	187.155365	60.682014	-385.843262	-222.468857	5.261012	283.759674	0.977952	-0.478246	-0.501332	-0.359599	-0.339992	-0.508232	-0.370328	-0.768536	-0.526083	44	40	1.18	21.726289
-401.432343	187.54007	57.431194	-384.969116	-223.896088	5.06616	283.119476	0.977952	-0.637662	-0.501332	-0.359599	-0.339992	-0.508232	-0.370328	-0.768536	-0.526083	44	40	1.18	21.708911
-397.648651	157.725998	55.097813	-379.899139	-237.276321	4.871309	267.915222	0.977952	-0.478246	-0.501332	-0.359599	-0.339992	-0.508232	-0.555491	-0.768536	-0.526083	44	44	1.18	21.114856
-399.630585	157.725998	52.930031	-380.248779	-238.168335	5.06616	267.11499	0.977952	-0.478246	-0.501332	-0.359599	-0.339992	-0.508232	-0.370328	-0.768536	-0.526083	44	44	1.18	21.07488
-399.81076	157.91835	53.819176	-380.59848	-236.562714	5.06616	266.314758	0.977952	-0.478246	-0.501332	-0.359599	-0.339992	-0.508232	-0.370328	-0.960671	-0.526083	44	44	1.18	21.042676
-396.567596	157.577652	53.652626	-376.752228	-234.243469	4.871309	265.834625	0.977952	-0.478246	-0.501332	-0.359599	-0.339992	-0.508232	-0.370328	-0.768536	-0.526083	44	44	1.18	21.031184
