73.466133	-367.616608	-386.442474	174.000595	-162.882172	5.455867	277.998047	0.162962	-0.159415	-0.000006	-0.000048	-0.000034	-0.000003	0.000045	0.000024	0.000004	-44.000000	-44.000000	1.120000	22.060881
73.646637	-371.262085	-389.870300	173.299683	-166.450241	5.455867	278.958313	0.162962	-0.000016	-0.000006	-0.000048	-0.000034	0.000031	0.000045	0.000024	0.175678	-44.000000	-44.000000	1.120000	22.099711
75.090691	-371.645813	-390.591949	174.526276	-165.558228	5.455867	279.598480	0.162962	-0.000016	-0.000006	-0.000048	-0.000034	-0.169411	0.000045	0.000024	0.000004	-44.000000	-44.000000	1.120000	22.125559
73.466133	-370.302734	-389.689911	175.402405	-166.807037	5.455867	280.558777	0.162962	-0.000016	-0.000006	-0.000048	-0.000034	-0.169411	0.000045	0.000045	0.000002	-44.000000	-44.000000	1.120000	22.164277
79.061836	-374.715668	-397.628021	204.665359	-153.426804	5.845570	296.563263	0.162962	-0.159415	-0.000006	-0.000048	-0.000034	-0.000003	0.185606	0.000045	0.175631	-44.000000	-40.000000	1.120000	22.784616
82.130447	-374.523804	-397.628021	206.119598	-150.037140	5.455867	297.454407	-0.000039	0.159843	-0.000006	-0.000048	0.170341	0.000031	0.185606	0.192535	0.000002	-44.000000	-40.000000	1.120000	22.834753
80.866905	-375.483154	-398.169250	207.819443	-151.285950	5.650718	298.003662	0.325958	-0.000016	-0.000006	-0.000048	-0.000034	-0.000003	0.185606	0.000045	0.175631	-44.000000	-40.000000	1.120000	22.848606
80.686394	-377.593689	-399.071320	204.314896	-151.821167	5.845570	298.803894	0.325958	-0.159415	-0.000006	0.180129	-0.000034	-0.000003	0.000045	0.000024	0.175678	-44.000000	-40.000000	1.110000	22.975048
83.935516	-377.977417	-394.561005	237.142700	-135.586472	6.430122	315.375275	0.162962	-0.000016	-0.000006	-0.000048	-0.000034	0.000031	0.185606	0.000024	0.175678	-44.000000	-36.000000	1.110000	23.593600
87.184624	-379.426147	-398.349670	239.710800	-135.586472	6.235271	315.928680	0.162962	-0.000016	-0.000006	-0.000048	-0.000034	0.000031	0.185606	0.000024	0.175678	-44.000000	-36.000000	1.110000	23.622154
85.921089	-378.744873	-397.086792	239.535568	-137.548904	6.235271	316.568878	0.162962	-0.000016	-0.000006	-0.000048	-0.000034	-0.169411	0.185606	0.000045	0.175631	-44.000000	-36.000000	1.110000	23.646557
86.101585	-377.977417	-394.380585	240.061234	-134.159241	6.235271	317.049011	0.162962	-0.000016	-0.000006	-0.000048	-0.000034	-0.169411	0.185606	0.000024	0.000004	-44.000000	-36.000000	1.110000	23.664843
87.726151	-375.099426	-380.488861	270.025116	-118.994972	6.819824	332.733398	-0.000039	-0.159415	0.167550	-0.179753	-0.000034	-0.000003	0.000045	0.192535	0.000004	-44.000000	-32.000000	1.110000	24.232863
87.365135	-376.250610	-382.292999	271.145447	-120.778999	6.819824	333.533630	-0.000039	-0.000016	0.167550	-0.179753	-0.000034	0.000031	0.000045	0.192608	0.000002	-44.000000	-32.000000	1.110000	24.262595
88.628685	-375.675018	-382.834229	271.251709	-120.600594	7.014675	334.173798	0.162962	-0.000016	-0.000006	-0.000048	-0.000034	-0.000003	0.185606	0.000045	0.000002	-44.000000	-32.000000	1.110000	24.279125
89.170204	-377.209961	-383.555878	271.952606	-119.530190	6.624973	334.653931	-0.000039	0.159843	-0.000006	-0.000048	-0.000034	-0.000003	0.185606	0.000024	0.000004	-44.000000	-32.000000	1.110000	24.311380
79.964363	-368.192200	-348.195129	296.309204	-103.652298	6.624973	342.976288	0.162962	-0.000016	-0.000006	-0.000048	-0.000034	-0.169411	0.185606	0.000024	0.000004	-44.000000	-28.000000	1.110000	24.617847
81.769440	-368.000336	-349.818848	296.384583	-103.117088	6.819824	341.936554	0.162962	-0.000016	-0.000006	-0.000048	-0.000034	-0.169411	0.185606	0.000024	0.000002	-44.000000	-28.000000	1.110000	24.572626
81.047409	-366.273529	-346.390991	293.330322	-102.403465	6.819824	340.575623	0.162962	-0.000016	-0.000006	-0.000048	-0.000034	-0.000003	0.185606	0.000024	0.000004	-44.000000	-28.000000	1.110000	24.522679
80.325378	-362.628082	-343.504425	292.804626	-101.154648	6.624973	339.615326	0.162962	-0.000016	-0.000006	-0.000048	-0.000034	-0.000003	0.185606	0.000024	0.000004	-44.000000	-28.000000	1.110000	24.494543
64.440804	-324.062866	-277.654022	287.445709	-78.497437	6.430122	318.735443	0.162962	-0.000016	-0.000006	-0.000048	-0.000034	0.000031	0.185606	0.000024	0.000002	-44.000000	-24.000000	1.110000	23.721558
64.440804	-323.871002	-279.097321	287.270447	-80.638268	6.235271	317.935394	0.162962	-0.000016	-0.000006	-0.000048	-0.000034	0.000031	0.185606	0.000024	0.000002	-44.000000	-24.000000	1.110000	23.698562
64.079788	-323.679138	-278.736511	284.393738	-79.924667	6.430122	317.209076	0.162962	-0.000016	-0.000006	-0.000048	-0.000034	0.000031	0.185606	0.000045	0.000002	-44.000000	-24.000000	1.110000	23.663518
64.621315	-323.679138	-279.999420	288.248718	-79.924667	6.430122	316.248779	0.162962	-0.000016	-0.000006	-0.000048	-0.000034	-0.000003	0.185606	0.000024	0.000004	-44.000000	-24.000000	1.110000	23.626930
47.112183	-289.718719	-219.561386	280.434845	-61.013908	5.650718	298.254456	0.162962	-0.000016	-0.000006	-0.000048	-0.000034	-0.169411	0.185606	0.000024	0.000002	-44.000000	-20.000000	1.110000	22.961139
46.390156	-289.526855	-218.839737	279.487366	-59.943493	5.650718	297.523529	0.162962	-0.000016	-0.000006	-0.000048	-0.000034	-0.000003	0.185606	0.000024	0.000004	-44.000000	-20.000000	1.110000	22.932443
46.029144	-288.759399	-218.298508	275.982819	-60.835510	5.650718	296.563263	0.162962	-0.000016	-0.000006	-0.000048	-0.000034	-0.000003	0.185606	0.000024	0.175678	-44.000000	-20.000000	1.110000	22.894688
46.209652	-286.840729	-217.035629	277.910309	-59.943493	5.845570	295.923065	0.162962	-0.000016	-0.000006	-0.000048	-0.000034	0.000031	0.185606	0.000045	0.175631	-44.000000	-20.000000	1.110000	22.861805
25.090389	-265.735382	-165.437805	269.499420	-48.882488	5.455867	279.278412	0.162962	-0.000016	-0.167106	-0.000048	-0.000034	-0.169411	0.185606	0.000024	0.000004	-44.000000	-16.000000	1.110000	22.212023
26.714947	-263.624878	-165.076981	267.922394	-46.384850	5.066165	278.638245	0.162962	-0.159415	-0.000006	-0.000048	-0.000034	0.000031	0.185606	0.000024	0.175678	-44.000000	-16.000000	1.110000	22.201862
22.743805	-267.270325	-167.602737	268.097595	-50.488121	5.261016	278.318146	0.162962	-0.159415	-0.000006	-0.000048	-0.000034	0.000031	0.000045	0.000045	0.175631	-44.000000	-16.000000	1.110000	22.180956
25.631908	-263.241150	-165.437805	266.763641	-49.417698	5.261016	277.677948	0.162962	-0.000016	-0.167106	-0.000048	-0.000034	-0.169411	0.185606	0.000024	0.000002	-44.000000	-16.000000	1.110000	22.154939
3.971126	-254.031525	-124.484283	265.819641	-41.032745	5.066165	270.475922	0.162962	-0.000016	-0.000006	-0.000048	-0.000034	-0.000003	0.185606	0.000024	0.175678	-44.000000	-12.000000	1.110000	21.868145
3.429606	-254.223404	-123.221390	266.345337	-39.605522	5.066165	271.436218	0.162962	-0.000016	-0.000006	-0.000048	-0.000034	-0.169411	0.185606	0.000024	0.000004	-44.000000	-12.000000	1.110000	21.907671
4.151634	-254.223404	-123.943047	266.588348	-40.675945	5.261016	272.396484	0.162962	-0.000016	-0.167106	-0.000048	-0.000034	-0.000003	0.185606	0.000024	0.000004	-44.000000	-12.000000	1.110000	21.939124
5.054165	-254.607132	-124.845100	266.871033	-38.178299	5.261016	273.036652	0.162962	-0.000016	-0.000006	-0.000048	-0.000034	0.000031	0.185606	0.000045	0.175631	-44.000000	-12.000000	1.110000	21.965396
-21.080603	-269.956451	-96.520409	287.372589	-38.178299	5.845570	291.441803	0.162962	-0.000016	-0.000006	-0.000048	-0.000034	-0.000003	0.185606	0.000024	0.175678	-44.000000	-8.000000	1.110000	22.684527
-20.540075	-269.764587	-95.979179	288.949646	-36.751072	6.040420	292.242065	0.162962	-0.159415	-0.000006	-0.000048	-0.000034	-0.000003	0.000045	0.000045	0.000002	-44.000000	-8.000000	1.110000	22.708559
-18.377960	-269.380859	-94.535881	288.248718	-34.967041	5.845570	292.722168	0.162962	-0.000016	-0.167106	-0.000048	-0.000034	-0.169411	0.185606	-0.192080	0.000004	-44.000000	-8.000000	1.110000	22.735319
-20.359898	-270.148315	-93.994644	290.176239	-35.680653	5.650718	293.682434	-0.000039	-0.000016	0.167550	-0.179753	0.170341	0.000031	0.000045	0.192535	0.000004	-44.000000	-8.000000	1.110000	22.781046
-52.611420	-282.811523	-59.175129	306.998047	-34.075020	6.235271	309.846985	0.162962	-0.000016	-0.000006	-0.000048	-0.000034	0.000031	0.185606	0.000024	0.175678	-44.000000	-4.000000	1.110000	23.389061
-53.151947	-283.387115	-58.814304	309.100769	-34.253426	6.235271	310.647217	0.162962	-0.000016	-0.000006	-0.179753	0.170341	-0.000003	0.185606	0.192535	0.000004	-44.000000	-4.000000	1.110000	23.419864
-50.449303	-282.044067	-58.633896	308.653595	-30.150148	6.040420	311.447418	0.162962	-0.000016	-0.000006	-0.000048	-0.000034	0.000031	0.185606	0.000024	0.175631	-44.000000	-4.000000	1.110000	23.458110
-46.485432	-282.235931	-62.602955	306.725616	-29.436537	6.040420	312.015106	0.162962	-0.159415	-0.000006	-0.000048	-0.000034	0.000031	0.185606	0.000024	0.175678	-44.000000	-4.000000	1.110000	23.479901
-95.493324	-303.916870	-27.603033	323.201141	-34.788631	6.235271	327.291870	0.162962	-0.000016	-0.000006	-0.000048	0.170341	0.000031	0.185606	0.192535	0.000002	-44.000000	0.000000	1.110000	24.051619
-91.889816	-301.806335	-25.798914	325.046448	-30.863762	6.430122	327.932068	0.162962	-0.000016	-0.000006	-0.000048	-0.000034	-0.000003	0.185606	0.192535	0.000004	-44.000000	0.000000	1.110000	24.068294
-96.754562	-306.794891	-28.144270	326.448242	-36.215862	6.235271	329.052368	0.162962	-0.000016	-0.000006	-0.000048	0.170341	-0.169411	0.185606	0.192535	0.000004	-44.000000	0.000000	1.110000	24.117472
-93.871742	-307.754211	-29.948391	327.850098	-35.323841	6.819824	329.692566	-0.000039	0.159843	-0.000006	-0.000048	0.170341	-0.169411	0.185606	0.000024	0.000004	-44.000000	0.000000	1.110000	24.119550
-138.915756	-321.568604	7.225942	338.800354	-33.004604	6.430122	344.176666	0.162962	-0.159415	0.167550	-0.000048	-0.000034	0.169818	0.000045	0.192535	0.000004	-44.000000	4.000000	1.110000	24.668854
-139.456299	-323.487274	7.225942	340.466431	-35.680653	6.624973	345.056885	-0.000039	-0.000016	-0.000006	-0.000048	0.170341	-0.169411	0.185606	0.000024	0.000004	-44.000000	4.000000	1.110000	24.693870
-137.654526	-322.911652	7.767887	340.115967	-31.398972	6.819824	345.697052	-0.000039	0.159843	-0.167106	-0.000048	0.170341	-0.169411	0.185606	0.000024	0.000004	-44.000000	4.000000	1.110000	24.710111
-139.816666	-324.638458	8.309832	343.357391	-31.577374	6.624973	346.177185	0.162962	-0.159415	-0.000006	-0.000048	-0.000034	0.000031	0.000045	0.192535	0.175631	-44.000000	4.000000	1.110000	24.734708
-173.689758	-313.702057	35.587757	321.541901	-36.037457	6.235271	327.291870	0.325958	-0.159415	-0.000006	-0.000048	-0.000034	0.000031	0.000045	0.000045	0.175631	-44.000000	8.000000	1.110000	24.051619
-172.608704	-311.591553	34.865162	319.964844	-34.967041	6.430122	326.651703	-0.000039	-0.000016	-0.000006	-0.000048	0.170341	-0.000003	0.000045	0.000045	0.000002	-44.000000	8.000000	1.110000	24.020321
-174.230270	-311.399689	34.503860	316.540802	-37.999889	6.235271	326.011505	-0.000039	-0.000016	-0.000006	-0.179753	0.170341	0.000031	0.000045	0.192535	0.000002	-44.000000	8.000000	1.110000	24.003613
-172.969055	-309.864746	35.768406	317.161224	-34.967041	6.430122	325.051239	0.162962	-0.000016	-0.000006	-0.000048	-0.000034	-0.169411	0.185606	0.000024	0.175678	-44.000000	8.000000	1.110000	23.960219
-202.878296	-295.282867	59.975300	294.281311	-36.394264	6.235271	306.254822	-0.000039	0.159843	-0.167106	-0.000048	0.170341	-0.169411	0.185606	0.000024	0.000002	-44.000000	12.000000	1.110000	23.250286
-195.491074	-293.364197	57.807518	294.456573	-35.323841	6.040420	305.365723	0.162962	-0.000016	-0.000006	-0.000048	-0.000034	-0.169411	0.185606	0.000024	0.175678	-44.000000	12.000000	1.110000	23.223370
-202.878296	-295.474731	57.807518	293.155090	-38.356701	6.040420	304.565491	0.162962	-0.000016	-0.000006	-0.000048	-0.000034	-0.169411	0.185606	0.000024	0.175678	-44.000000	12.000000	1.110000	23.192306
-196.752304	-290.678070	58.168816	291.578033	-35.680653	6.235271	304.085358	0.162962	-0.000016	-0.000006	-0.179753	-0.000034	0.000031	0.000045	0.000045	0.000002	-44.000000	12.000000	1.110000	23.166071
-221.076080	-279.357941	72.078751	268.973755	-42.103168	5.650718	286.640472	0.162962	-0.000016	-0.000006	-0.000048	-0.000034	-0.000003	0.185606	0.000024	0.000004	-44.000000	16.000000	1.110000	22.500841
-221.256256	-278.590454	72.078751	268.341064	-41.567959	5.455867	285.840240	0.162962	-0.000016	-0.000006	-0.000048	-0.000034	-0.169411	0.185606	0.000024	0.175631	-44.000000	16.000000	1.110000	22.476589
-221.256256	-277.631134	72.259399	268.272827	-42.995182	5.650718	285.040039	0.162962	-0.000016	0.000026	-0.000048	-0.000034	-0.000003	0.185606	0.000045	0.000004	-44.000000	16.000000	1.110000	22.436670
-219.995026	-276.479919	71.898102	267.114166	-41.746361	5.455867	284.653778	0.162962	-0.000016	-0.000006	-0.000048	-0.000034	0.000031	0.185606	0.192535	0.175631	-44.000000	16.000000	1.120000	22.328629
-241.616150	-269.764587	80.207932	242.514435	-53.520977	5.261016	269.355621	0.162962	-0.000016	-0.000006	-0.000048	-0.000034	0.000031	0.185606	0.192535	0.175631	-44.000000	20.000000	1.120000	21.716296
-241.796341	-269.188995	79.846642	241.287857	-53.164169	5.066165	268.555389	0.162962	-0.000016	-0.000006	-0.000048	0.170341	-0.000003	0.185606	0.192535	0.000004	-44.000000	20.000000	1.120000	21.691392
-242.877396	-270.723907	78.943398	242.163971	-51.915344	5.261016	268.235291	0.162962	-0.000016	-0.000006	-0.000048	-0.000034	0.000031	0.185606	0.000024	0.175631	-44.000000	20.000000	1.120000	21.670185
-237.472092	-267.270325	80.027290	242.576126	-50.131313	5.455867	267.435089	0.162962	-0.000016	-0.167106	0.180129	-0.000034	-0.169411	0.185606	0.000024	0.175631	-44.000000	20.000000	1.120000	21.629148
-290.804230	-301.038879	94.479164	244.504120	-71.896515	5.650718	283.853760	0.162962	-0.000016	-0.000006	-0.000048	-0.000034	0.000031	0.185606	0.000024	0.000002	-44.000000	24.000000	1.120000	22.288812
-292.786163	-303.341278	95.201759	246.895111	-72.253319	6.040420	284.879974	0.162962	-0.000016	-0.000006	-0.000048	-0.000034	-0.169411	0.185606	0.000024	0.000004	-44.000000	24.000000	1.120000	22.314296
-291.524933	-302.765686	96.466301	247.070343	-72.074913	6.040420	285.520172	0.162962	-0.000016	-0.000006	-0.000048	-0.000034	0.000031	0.000045	0.000024	0.175678	-44.000000	24.000000	1.120000	22.339897
-290.624054	-302.573822	96.646950	248.121704	-72.610130	5.845570	286.160339	0.162962	-0.000016	-0.000006	-0.000048	-0.000034	-0.000003	0.185606	0.000024	0.175678	-44.000000	24.000000	1.120000	22.373244
-341.433685	-342.098358	110.376228	248.647369	-99.370613	6.430122	302.965057	0.162962	-0.000016	-0.000006	-0.000048	-0.000034	-0.000003	0.185606	0.000024	0.175678	-44.000000	28.000000	1.120000	23.011447
-345.037231	-345.168213	108.389091	249.061172	-99.013809	6.235271	303.694702	0.162962	-0.000016	-0.000006	-0.000048	-0.000034	0.000031	0.185606	0.000024	0.000002	-44.000000	28.000000	1.120000	23.047290
-345.217407	-345.360077	109.111687	249.236450	-103.295479	5.845570	304.245422	0.162962	-0.000016	-0.000006	-0.000048	-0.000034	0.000031	0.185606	0.000024	0.000004	-44.000000	28.000000	1.120000	23.083693
-345.397583	-345.360077	110.376228	250.049210	-99.013809	6.235271	305.045624	0.162962	-0.000016	-0.000006	-0.000048	0.170341	0.000031	0.185606	0.000045	0.175631	-44.000000	28.000000	1.120000	23.099566
-397.468475	-392.367432	119.769958	243.741028	-140.224960	6.430122	320.570007	-0.000039	-0.000016	-0.000006	-0.000048	0.170341	-0.000003	0.185606	0.000045	0.000002	-44.000000	32.000000	1.120000	23.684681
-396.567596	-391.983704	119.950600	244.504120	-141.295380	6.235271	321.135559	0.162962	-0.000016	-0.000006	-0.000048	-0.000034	0.000031	0.185606	0.000024	0.175678	-44.000000	32.000000	1.120000	23.713329
-398.729706	-394.286102	121.034492	245.318054	-142.187393	6.430122	322.010406	0.162962	-0.000016	-0.000006	-0.000048	-0.000034	-0.000003	0.185606	0.000024	0.000004	-44.000000	32.000000	1.120000	23.738918
-397.108124	-393.134888	121.215149	247.070343	-139.332947	6.430122	322.650574	0.162962	-0.000016	-0.000006	-0.000048	-0.000034	-0.169411	0.185606	0.000024	0.000004	-44.000000	32.000000	1.120000	23.762984
-450.800598	-442.375977	127.899139	237.082397	-188.037033	6.819824	337.534729	0.162962	-0.000016	-0.000006	-0.000048	-0.000034	-0.000003	0.185606	0.000024	0.175678	-44.000000	36.000000	1.120000	24.301488
-451.521271	-443.212067	128.802368	237.257614	-186.609802	6.624973	338.334991	0.162962	-0.000016	-0.000006	-0.000048	-0.000034	0.000031	0.185606	0.000024	0.175678	-44.000000	36.000000	1.120000	24.338022
-449.179016	-441.293427	127.718491	237.432846	-186.609802	6.819824	338.975159	0.162962	-0.000016	-0.000006	-0.000048	-0.000034	0.000031	0.185606	0.192608	0.175631	-44.000000	36.000000	1.120000	24.354353
-454.043732	-445.514496	127.718491	236.907150	-189.464264	7.014675	339.615326	0.162962	-0.000016	-0.000006	-0.000048	0.170341	0.000031	0.185606	0.000045	0.000004	-44.000000	36.000000	1.120000	24.370673
-475.124390	-463.549957	126.815247	212.200119	-226.215332	7.014675	336.094360	0.162962	-0.000016	-0.000006	-0.000048	-0.000034	-0.000003	0.185606	0.000024	0.175678	-44.000000	40.000000	1.120000	24.241334
-470.800171	-460.032623	125.912003	211.674438	-229.248169	6.819824	334.493896	0.162962	-0.159415	-0.000006	-0.000048	-0.000034	0.000031	0.185606	0.192535	0.175678	-44.000000	40.000000	1.120000	24.189507
-473.142426	-461.823151	123.202278	209.746933	-227.820953	6.624973	333.533630	0.162962	-0.000016	-0.000006	-0.000048	-0.000034	0.000031	0.185606	0.000024	0.000004	-44.000000	40.000000	1.120000	24.161239
-466.656097	-455.491547	126.995895	209.625031	-224.609695	6.624973	332.893433	0.162962	-0.000016	-0.000006	-0.000048	-0.000034	-0.169411	0.185606	0.000024	0.175678	-44.000000	40.000000	1.120000	24.137569
-465.755219	-454.724091	111.098824	174.000595	-253.154205	6.430122	313.207947	0.162962	-0.000016	-0.000006	-0.000048	-0.000034	0.000031	0.000045	0.000045	0.175631	-44.000000	44.000000	1.120000	23.405503
-464.854340	-455.491547	112.363373	173.825363	-254.403046	6.235271	312.247650	0.162962	-0.000016	-0.000006	-0.000048	-0.000034	-0.000003	0.000045	0.000024	0.175678	-44.000000	44.000000	1.120000	23.376285
-463.052551	-453.507355	111.460121	172.817963	-253.332611	6.040420	311.695099	0.162962	-0.000016	-0.000006	-0.000048	-0.000034	0.000031	0.185606	0.000024	0.175678	-44.000000	44.000000	1.120000	23.362619
-461.250793	-450.503021	110.376228	171.897873	-249.586151	6.235271	310.967316	0.162962	-0.000016	-0.000006	-0.000048	-0.000034	-0.000003	0.185606	0.000024	0.175678	-44.000000	44.000000	1.120000	23.327331
112.636040	-379.128632	-393.117706	177.375031	-132.375214	5.455867	286.413879	0.162962	-0.000016	-0.000006	-0.000048	-0.000034	0.000031	0.185606	0.000024	0.175631	-40.000000	-44.000000	1.120000	22.398900
111.914024	-378.936737	-393.478546	177.505127	-132.553619	5.650718	285.680206	0.162962	-0.000016	-0.000006	-0.000048	-0.000034	-0.000003	0.185606	0.000024	0.000004	-40.000000	-44.000000	1.120000	22.361857
113.358070	-380.471680	-394.019775	175.752869	-131.304794	5.261016	285.040039	0.162962	-0.000016	-0.000006	-0.000048	-0.000034	0.000031	0.185606	0.000045	0.175678	-40.000000	-44.000000	1.120000	22.351854
112.094528	-378.553009	-392.756897	175.402405	-131.304794	5.261016	284.559875	0.162962	-0.000016	-0.000006	-0.000048	-0.000034	-0.000003	0.185606	0.000045	0.175678	-40.000000	-44.000000	1.120000	22.332666
107.762367	-326.557129	-342.782776	186.441727	-96.337753	5.261016	269.035553	0.162962	-0.000016	-0.000006	-0.000048	-0.000034	-0.000003	0.185606	0.000024	0.175678	-40.000000	-40.000000	1.120000	21.703132
108.123383	-329.243286	-345.128113	183.988541	-97.229782	5.066165	268.395355	0.162962	-0.000016	-0.000006	-0.000048	-0.000034	-0.169411	0.185606	0.000024	0.000004	-40.000000	-40.000000	1.120000	21.684803
106.679337	-328.667664	-345.488953	185.390350	-95.980949	5.066165	267.915222	0.162962	-0.000016	-0.000006	-0.000048	-0.000034	-0.169411	0.185606	0.000045	0.000004	-40.000000	-40.000000	1.120000	21.665025
107.762367	-328.475800	-345.669342	185.086975	-97.586578	5.066165	267.372955	0.162962	-0.000016	-0.000006	-0.000048	-0.000034	0.000031	0.185606	0.000024	0.000004	-40.000000	-40.000000	1.120000	21.642666
115.704651	-320.033661	-335.566284	215.529434	-72.253319	5.845570	283.759674	0.162962	-0.000016	-0.000006	-0.000048	-0.000034	-0.000003	0.185606	0.000024	0.175678	-40.000000	-36.000000	1.120000	22.277234
114.621620	-320.609253	-336.468353	215.759552	-73.502144	5.650718	284.399841	0.162962	-0.000016	-0.000006	-0.000048	-0.000034	-0.169411	0.000045	0.000024	0.000004	-40.000000	-36.000000	1.120000	22.310676
116.246170	-320.609253	-336.468353	217.106476	-72.966927	5.650718	285.200073	0.162962	-0.000016	-0.000006	-0.000048	-0.000034	-0.000003	0.185606	0.000024	0.175678	-40.000000	-36.000000	1.120000	22.342678
116.246170	-320.801117	-337.370422	216.756027	-73.858948	5.455867	286.000305	0.162962	-0.000016	-0.000006	-0.000048	-0.000034	0.000031	0.185606	0.000045	0.000004	-40.000000	-36.000000	1.120000	22.382408
120.578323	-314.277649	-317.344666	248.296921	-49.952911	5.845570	302.484924	0.162962	-0.000016	-0.000006	-0.000048	-0.000034	-0.169411	0.185606	0.000024	0.000004	-40.000000	-32.000000	1.120000	23.015497
121.119858	-314.469513	-318.787964	248.710632	-51.558544	6.040420	303.445190	0.162962	-0.000016	-0.000006	-0.000048	-0.000034	0.000031	0.185606	0.000024	0.000004	-40.000000	-32.000000	1.120000	23.045172
119.856308	-317.347534	-321.133331	247.596008	-53.877781	6.235271	303.925323	0.162962	-0.000016	-0.000006	-0.000048	-0.000034	-0.169411	0.000045	0.000024	0.000004	-40.000000	-32.000000	1.120000	23.056223
121.300354	-317.155670	-322.035400	250.925339	-53.342571	6.235271	304.565491	0.162962	-0.000016	-0.000006	-0.000048	-0.000034	-0.000003	0.185606	0.000024	0.000004	-40.000000	-32.000000	1.120000	23.081000
120.217323	-311.207825	-295.154022	279.837830	-33.004604	6.235271	320.249908	0.162962	-0.000016	-0.000006	-0.000048	-0.000034	0.000031	0.000045	0.000024	0.175678	-40.000000	-28.000000	1.120000	23.679959
118.592758	-311.783417	-294.432373	280.084290	-35.145443	6.430122	320.730042	0.162962	-0.000016	-0.000006	-0.000048	-0.000034	0.000031	0.185606	0.000045	0.175678	-40.000000	-28.000000	1.120000	23.690713
119.495293	-312.167145	-293.349884	278.085541	-32.647797	6.430122	321.370209	0.162962	0.159843	-0.000006	-0.000048	-0.000034	-0.169411	0.185606	0.000024	0.000004	-40.000000	-28.000000	1.120000	23.714827
123.285934	-311.015961	-294.612762	281.414886	-29.793346	6.430122	322.170441	0.162962	-0.000016	-0.000006	-0.000048	-0.000034	0.000031	0.185606	0.000024	0.000004	-40.000000	-28.000000	1.120000	23.744937
111.553009	-306.411133	-262.499420	307.251404	-19.445955	6.624973	337.054626	0.162962	-0.000016	-0.000006	-0.000048	-0.000034	-0.169411	0.185606	0.000024	0.000004	-40.000000	-24.000000	1.120000	24.291006
112.455544	-308.905426	-266.107697	308.750305	-21.408390	7.014675	337.534729	0.162962	-0.000016	-0.000006	-0.000048	-0.000034	0.000031	0.185606	0.000024	0.175678	-40.000000	-24.000000	1.120000	24.294328
112.997070	-306.411133	-262.319031	309.880493	-15.877891	6.819824	338.256378	0.162962	-0.000016	-0.000006	-0.000048	-0.000034	-0.169411	0.185606	0.000045	0.000004	-40.000000	-24.000000	1.120000	24.327988
114.260605	-306.986755	-263.040680	309.626434	-15.521085	7.014675	338.655060	0.162962	-0.000016	-0.000006	-0.000048	-0.000034	-0.169411	0.185606	0.000045	0.000004	-40.000000	-24.000000	1.120000	24.335467
97.834511	-288.567535	-213.788208	319.614410	-0.892017	6.624973	338.334991	0.325958	-0.000016	-0.000006	-0.000048	-0.000034	0.000031	0.185606	0.000045	0.175678	-40.000000	-20.000000	1.120000	24.338022
98.015022	-288.183807	-212.705734	322.067566	0.536312	6.819824	337.534729	0.162962	-0.000016	-0.000006	-0.000048	0.170341	-0.169411	0.185606	0.000045	0.000004	-40.000000	-20.000000	1.120000	24.301488
98.556534	-285.497650	-211.803680	317.942993	0.715086	6.819824	336.734528	0.162962	-0.000016	-0.000006	-0.000048	-0.000034	0.000031	0.185606	0.000024	0.000004	-40.000000	-20.000000	1.120000	24.272070
99.459076	-286.457001	-212.886154	318.644073	2.681597	6.235271	335.614227	0.162962	-0.000016	-0.000006	-0.000048	-0.000034	0.000031	0.185606	0.192535	0.175678	-40.000000	-20.000000	1.120000	24.252355
72.022079	-258.444458	-152.808960	306.024506	11.441502	6.430122	316.088745	0.162962	-0.159415	-0.000006	-0.179753	-0.000034	0.000031	0.000045	0.000045	0.000004	-40.000000	-16.000000	1.120000	23.515141
73.646637	-256.909546	-150.644012	306.121918	14.480653	6.235271	314.808380	0.162962	-0.000016	-0.167106	-0.000048	-0.000034	-0.169411	0.185606	0.000024	0.000004	-40.000000	-16.000000	1.120000	23.473888
72.202591	-257.101410	-151.906906	306.375061	11.441502	6.235271	314.415222	0.162962	-0.000016	-0.000006	-0.000048	-0.000034	-0.169411	0.185606	0.000024	0.000004	-40.000000	-16.000000	1.120000	23.458929
71.661072	-257.101410	-152.628540	304.720093	11.620275	6.235271	313.528015	0.162962	-0.159415	-0.000006	-0.000048	-0.000034	0.000031	0.185606	0.000045	0.000004	-40.000000	-16.000000	1.120000	23.425137
46.390156	-238.682190	-102.654419	293.505554	17.341028	5.845570	295.442932	0.162962	-0.000016	-0.000006	-0.000048	-0.000034	-0.169411	0.185606	0.000024	0.175678	-40.000000	-12.000000	1.120000	22.740671
44.585091	-236.379791	-99.407005	291.402832	18.413673	6.040420	294.802765	0.162962	-0.000016	-0.167106	-0.000048	-0.000034	-0.169411	0.185606	-0.192080	0.175678	-40.000000	-12.000000	1.120000	22.707864
44.224079	-236.955383	-99.767830	292.528595	20.201408	5.845570	294.094238	0.325958	-0.000016	-0.000006	0.180129	-0.169994	0.000031	0.185606	0.000024	0.175678	-40.000000	-12.000000	1.120000	22.687656
45.668133	-235.036713	-100.309059	290.074768	19.486313	5.455867	293.934235	0.162962	-0.000016	-0.000006	-0.179753	-0.000034	-0.169411	0.000045	0.192608	0.175678	-40.000000	-12.000000	1.120000	22.696694
18.411648	-218.152435	-53.943180	276.754150	24.849520	5.650718	277.453430	0.162962	-0.000016	-0.167106	-0.000048	-0.000034	-0.169411	0.371169	-0.192080	0.000004	-40.000000	-8.000000	1.120000	22.030932
18.592154	-217.768707	-54.484421	276.754150	23.598106	5.261016	277.133423	0.162962	-0.000016	-0.000006	-0.000048	-0.000034	0.000031	0.185606	0.000045	0.000004	-40.000000	-8.000000	1.120000	22.033757
18.231140	-218.728043	-56.288540	274.756226	23.240559	5.261016	276.237549	0.162962	-0.000016	-0.000006	-0.000048	-0.000034	0.000031	0.000045	0.000024	0.175678	-40.000000	-8.000000	1.120000	21.997424
16.967596	-217.576843	-54.664833	274.650879	22.346689	5.066165	275.597351	0.162962	-0.000016	-0.000006	-0.000048	-0.000034	0.000031	0.185606	0.000024	0.000004	-40.000000	-8.000000	1.120000	21.979341
-7.747571	-214.123260	-19.845318	273.073425	26.816029	5.066165	273.613251	0.162962	-0.000016	-0.000006	-0.000048	-0.000034	0.000031	0.185606	0.000045	0.000002	-40.000000	-4.000000	1.120000	21.898593
-7.387219	-214.698868	-19.484495	274.300323	27.888670	5.455867	274.477051	0.162962	-0.000016	-0.000006	-0.000048	-0.000034	0.000031	0.000045	0.000024	0.000004	-40.000000	-4.000000	1.120000	21.917914
-7.567396	-214.315125	-18.582436	275.527222	29.855179	5.261016	275.117218	0.162962	-0.000016	-0.000006	-0.179753	-0.000034	0.000031	0.000045	0.192608	0.000004	-40.000000	-4.000000	1.120000	21.951904
-5.225105	-214.506989	-19.484495	275.351929	28.603765	5.455867	275.917480	0.162962	-0.000016	-0.000006	-0.000048	-0.000034	-0.169411	0.185606	0.000045	0.000004	-40.000000	-4.000000	1.120000	21.976514
-43.062084	-231.007507	13.729287	293.155090	30.033953	5.650718	293.362366	0.162962	-0.000016	-0.000006	-0.179753	-0.000034	-0.169411	0.000045	0.000045	0.000004	-40.000000	0.000000	1.120000	22.666512
-42.341385	-230.240051	14.451881	295.257843	30.212727	6.040420	294.002533	0.162962	-0.000016	-0.000006	-0.000048	-0.000034	-0.169411	0.185606	0.000024	0.175678	-40.000000	0.000000	1.120000	22.676377
-37.476631	-230.623779	12.645395	293.930756	34.860844	5.650718	294.894287	0.162962	-0.000016	-0.000006	-0.000048	-0.000034	0.000031	0.000045	0.000045	0.175678	-40.000000	0.000000	1.120000	22.726776
-39.818913	-230.240051	14.271233	295.082581	34.682068	5.650718	295.282898	0.162962	-0.000016	-0.000006	-0.000048	-0.000034	0.000031	0.000045	0.000024	0.000004	-40.000000	0.000000	1.120000	22.742038
-82.160301	-246.740601	48.413799	310.581604	36.112255	6.040420	311.375092	0.162962	-0.000016	-0.000006	-0.000048	-0.000034	0.000031	0.185606	0.000024	0.175678	-40.000000	4.000000	1.120000	23.350386
-79.818008	-245.973129	46.968609	310.756836	35.397160	6.430122	312.175110	0.162962	-0.000016	-0.000006	-0.000048	-0.000034	0.000031	0.185606	0.000045	0.175678	-40.000000	4.000000	1.120000	23.366070
-81.439598	-247.699921	46.787960	310.853027	35.218388	6.040420	312.567749	0.162962	-0.159415	-0.000006	-0.000048	-0.000034	-0.169411	0.185606	0.000024	0.175678	-40.000000	4.000000	1.120000	23.395945
-80.358543	-247.316193	47.510559	312.079651	37.184898	6.235271	313.367981	0.162962	-0.000016	-0.000006	-0.000048	-0.000034	-0.169411	0.000045	0.000024	0.000004	-40.000000	4.000000	1.120000	23.419037
-131.168198	-268.805237	76.414314	325.654938	30.749048	6.624973	328.732300	0.162962	-0.000016	-0.000006	-0.000048	-0.000034	-0.169411	0.185606	0.000045	0.000004	-40.000000	8.000000	1.120000	23.983154
-132.969971	-270.532043	76.594963	325.304413	29.140087	6.624973	329.295959	0.162962	-0.000016	-0.000006	-0.000048	-0.000034	0.000031	0.185606	0.000024	0.175678	-40.000000	8.000000	1.120000	24.004129
-129.546616	-268.421509	77.136909	326.881836	33.251881	6.235271	329.775970	0.162962	-0.000016	-0.000006	-0.000048	-0.000034	-0.169411	0.000045	0.000024	0.175678	-40.000000	8.000000	1.120000	24.036457
-130.807831	-269.380859	77.678856	327.407654	31.642916	6.624973	330.576019	0.162962	-0.000016	-0.000006	-0.000048	-0.000034	0.000031	0.185606	0.000045	0.175678	-40.000000	8.000000	1.120000	24.051695
-179.275208	-282.811523	110.737526	336.697083	29.855179	6.819824	344.736786	0.162962	-0.000016	-0.000006	-0.000048	-0.000034	0.000031	0.000045	0.000045	0.000004	-40.000000	12.000000	1.120000	24.564673
-183.419250	-289.910614	106.221321	335.995972	25.743387	7.599228	345.616760	0.162962	-0.000016	-0.167106	-0.000048	-0.000034	-0.169411	0.185606	0.000024	0.000004	-40.000000	12.000000	1.120000	24.568327
-182.518372	-289.334991	108.389091	337.487579	27.709898	6.819824	346.177185	0.162962	-0.000016	-0.167106	-0.000048	-0.000034	-0.169411	0.185606	0.000045	0.000004	-40.000000	12.000000	1.120000	24.616972
-182.698563	-288.567535	110.014938	339.150879	27.709898	6.819824	346.896820	0.162962	-0.000016	-0.000006	-0.000048	-0.000034	-0.169411	0.185606	0.000045	0.000004	-40.000000	12.000000	1.120000	24.643059
-215.670776	-274.369385	123.202278	310.055756	14.123105	6.235271	326.171570	0.162962	-0.000016	-0.000006	-0.000048	-0.000034	-0.169411	0.185606	0.000045	0.175678	-40.000000	16.000000	1.120000	23.902193
-214.589722	-274.944977	121.576447	309.451233	12.335370	6.235271	325.211304	0.162962	-0.000016	-0.000006	-0.000048	-0.000034	-0.169411	0.000045	0.000045	0.000004	-40.000000	16.000000	1.120000	23.866296
-212.427612	-271.875122	121.757088	307.426666	14.123105	6.430122	324.731171	0.162962	-0.000016	-0.167106	-0.000048	0.170364	-0.169411	0.185606	0.000045	0.000004	-40.000000	16.000000	1.120000	23.841031
-211.346558	-272.066986	120.853851	308.224640	13.944331	6.430122	323.450806	0.162962	-0.000016	-0.000006	-0.000048	-0.000034	0.000031	0.185606	0.000045	0.175678	-40.000000	16.000000	1.120000	23.793032
-238.012634	-267.654053	130.970169	281.135925	0.715086	6.235271	304.974762	0.162962	-0.000016	-0.000006	-0.000048	-0.000034	0.000031	0.185606	0.000045	0.175678	-40.000000	20.000000	1.120000	23.096827
-234.048752	-265.159790	131.512100	279.909027	1.787729	6.040420	304.245422	0.162962	-0.000016	-0.000006	-0.000048	-0.000034	0.000031	0.185606	0.000045	0.175678	-40.000000	20.000000	1.120000	23.076156
-238.553146	-268.805237	130.066925	279.662598	0.536312	5.845570	303.445190	0.162962	-0.000016	-0.000006	-0.000048	-0.000034	0.000031	0.000045	0.000045	0.175678	-40.000000	20.000000	1.120000	23.052719
-239.454041	-269.380859	126.995895	278.156311	-4.816888	5.845570	302.644958	0.325958	-0.000016	-0.000006	-0.000048	-0.000034	0.000031	0.185606	0.000045	0.000004	-40.000000	20.000000	1.120000	23.021705
-259.453583	-270.723907	134.763779	250.925339	-20.516373	5.650718	286.000305	0.162962	-0.000016	-0.000006	-0.000048	-0.000034	0.000031	0.185606	0.000045	0.000004	-40.000000	24.000000	1.120000	22.374634
-258.732880	-270.148315	132.054062	250.574875	-21.586796	5.650718	285.360107	0.162962	-0.000016	-0.167106	-0.000048	-0.000034	-0.169411	0.185606	0.000045	0.000004	-40.000000	24.000000	1.120000	22.349072
-258.913055	-270.148315	131.150803	249.523514	-21.943602	5.066165	284.559875	0.162962	0.159826	-0.000006	-0.000048	-0.000034	0.000031	0.185606	0.000045	0.175678	-40.000000	24.000000	1.120000	22.340455
-256.931122	-268.613373	131.512100	250.112823	-21.765196	5.455867	284.173767	0.162962	-0.000016	-0.000006	-0.000048	0.170341	-0.169411	0.185606	0.192608	0.000004	-40.000000	24.000000	1.120000	22.309427
-274.948730	-275.328735	128.802368	222.069321	-43.351994	5.261016	268.715424	0.162962	-0.159415	-0.000006	-0.000048	-0.000034	0.000031	0.185606	0.000045	0.175678	-40.000000	28.000000	1.120000	21.689958
-275.669434	-276.096191	130.247559	221.311920	-47.633671	5.261016	267.915222	0.162962	-0.000016	-0.000006	-0.000048	0.170364	-0.169411	0.185606	0.000045	0.175678	-40.000000	28.000000	1.120000	21.656993
-275.669434	-274.944977	129.344330	220.085358	-47.098461	5.066165	267.435089	0.162962	-0.000016	-0.000006	-0.000048	-0.000034	0.000031	0.000045	0.000045	0.000004	-40.000000	28.000000	1.120000	21.645229
-273.867676	-273.793793	128.441071	220.141357	-44.422413	5.261016	267.212921	0.162962	-0.000016	-0.000006	-0.000048	-0.000034	-0.169411	0.185606	0.000045	0.175678	-40.000000	28.000000	1.120000	21.628020
-321.614349	-317.347534	140.183243	217.862793	-82.957504	5.455867	283.693756	0.162962	-0.000016	-0.000006	-0.000048	-0.000034	-0.169411	0.185606	0.000045	0.000004	-40.000000	32.000000	1.120000	22.290208
-321.253998	-317.731262	140.002579	218.388611	-84.384743	5.261016	284.493805	0.325958	-0.159415	-0.000006	-0.000048	-0.000034	0.000031	0.000045	0.000045	0.175678	-40.000000	32.000000	1.120000	22.330024
-322.335052	-319.074341	141.628433	219.440262	-85.276756	5.455867	285.133820	0.162962	-0.159415	-0.000006	-0.000048	-0.000034	-0.169411	0.185606	0.000045	0.000004	-40.000000	32.000000	1.120000	22.347817
-322.875580	-319.458069	141.086472	219.615524	-83.314323	6.040420	285.840240	0.162962	-0.000016	-0.000006	-0.000048	0.170364	0.000031	0.185606	0.000045	0.000004	-40.000000	32.000000	1.120000	22.352686
-373.144714	-368.000336	151.202789	212.429382	-130.055969	6.235271	302.574646	0.162962	-0.000016	-0.167106	-0.000048	0.170341	-0.169411	0.185606	0.000045	0.000004	-40.000000	36.000000	1.120000	23.003858
-371.703308	-366.657288	151.202789	212.604645	-130.234375	6.040420	303.214691	0.325958	-0.159415	-0.000006	-0.000048	-0.000034	0.000031	0.185606	0.000045	0.175678	-40.000000	36.000000	1.120000	23.036240
-372.964539	-368.000336	151.744736	212.725800	-131.304794	5.650718	303.605255	0.325958	-0.000016	-0.000006	-0.000048	-0.000034	0.000031	0.185606	0.000045	0.175678	-40.000000	36.000000	1.120000	23.066462
-374.405914	-369.151550	150.841507	213.481003	-130.947983	6.235271	304.814758	0.162962	-0.000016	-0.000006	-0.179753	0.170341	0.000031	0.000045	0.192608	0.000004	-40.000000	36.000000	1.120000	23.090640
-427.918213	-419.996216	158.970688	201.861710	-180.187286	6.624973	319.769775	0.162962	-0.000016	-0.167106	-0.000048	0.170364	-0.169411	0.185606	0.000045	0.000004	-40.000000	40.000000	1.120000	23.647138
-427.017334	-419.036896	159.873917	203.139984	-177.154434	6.430122	320.570007	0.162962	-0.000016	-0.000006	-0.000048	0.170341	-0.169411	0.185606	0.000045	0.000004	-40.000000	40.000000	1.120000	23.684681
-428.638947	-420.955566	158.609390	202.562637	-183.220139	6.235271	321.210175	0.162962	0.000004	-0.000006	-0.000048	0.170364	0.000031	0.000045	0.000045	0.175678	-40.000000	40.000000	1.120000	23.716138
-431.882141	-424.025421	158.067429	201.511261	-185.360992	6.040420	321.690308	0.162962	-0.000016	-0.000006	-0.000048	-0.000034	-0.169411	0.185606	0.000045	0.000004	-40.000000	40.000000	1.120000	23.741536
-482.691742	-476.405029	159.873917	184.163757	-246.553299	6.624973	336.336304	0.162962	-0.000016	-0.000006	-0.000048	-0.000034	0.000031	0.185606	0.000045	0.175678	-40.000000	44.000000	1.120000	24.264588
-486.295288	-478.131836	158.428726	186.091263	-241.914825	6.819824	337.374695	0.162962	-0.000016	-0.000006	-0.000048	-0.000034	-0.169411	0.185606	0.000045	0.000004	-40.000000	44.000000	1.120000	24.295608
-486.835815	-477.364380	159.331985	184.035355	-242.985245	6.624973	337.936371	0.325958	-0.000016	-0.000006	-0.000048	-0.000034	0.000031	0.185606	0.000045	0.000004	-40.000000	44.000000	1.120000	24.323394
-484.853851	-475.445709	160.054565	185.788071	-241.736420	6.430122	338.416412	0.162962	-0.000016	-0.000006	-0.000048	-0.000034	-0.169411	0.000045	0.000045	0.000004	-40.000000	44.000000	1.120000	24.348155
168.051544	-422.682373	-422.344452	198.407639	-106.863548	6.430122	328.252136	0.162962	-0.000016	-0.167106	-0.000048	-0.000034	0.000031	0.185606	0.000045	0.175678	-36.000000	-44.000000	1.120000	23.972530
165.704971	-423.066101	-424.870239	198.057098	-108.647591	6.624973	327.611969	0.162962	0.159843	-0.167106	-0.000048	0.170364	-0.169411	0.185606	-0.192080	0.000004	-36.000000	-44.000000	1.120000	23.941409
166.427002	-421.531158	-422.705261	198.933456	-105.793129	6.235271	326.735840	0.162962	0.159843	-0.167106	-0.000048	0.170341	-0.338821	0.371169	0.000045	0.000004	-36.000000	-44.000000	1.120000	23.923262
166.065979	-419.036896	-419.638275	196.780136	-106.149940	6.235271	325.851471	0.162962	-0.000016	-0.000006	-0.000048	0.170341	-0.169411	0.185606	0.000045	0.000004	-36.000000	-44.000000	1.120000	23.890233
160.109253	-360.901306	-366.236328	208.398132	-67.614838	6.040420	306.966187	0.162962	-0.000016	-0.000006	-0.000048	-0.000034	0.000031	0.185606	0.000045	0.000004	-36.000000	-40.000000	1.120000	23.181188
160.470276	-357.831421	-365.153870	209.625031	-64.760376	6.235271	306.414856	0.162962	-0.000016	-0.000006	-0.000048	-0.000034	0.000031	0.185606	0.000045	0.000004	-36.000000	-40.000000	1.120000	23.152430
160.289780	-356.872101	-362.628082	208.345123	-64.225174	5.845570	305.525757	0.162962	0.159843	-0.000006	-0.000048	0.170341	-0.169411	0.185606	0.000045	0.000004	-36.000000	-40.000000	1.120000	23.133162
159.387222	-356.872101	-363.710571	207.697052	-64.760376	6.040420	304.725555	0.325958	-0.000016	-0.167106	-0.000048	-0.000034	0.000031	0.185606	-0.192080	0.175678	-36.000000	-40.000000	1.120000	23.094725
151.264450	-305.259949	-316.623047	215.704666	-31.220570	5.455867	287.693939	0.325958	-0.000016	-0.000006	-0.000048	0.170364	-0.169411	0.185606	0.000045	0.000004	-36.000000	-36.000000	1.120000	22.449867
151.805954	-304.300598	-315.720978	215.058456	-29.436537	5.650718	287.213898	0.162962	-0.000016	-0.000006	-0.000048	-0.000034	-0.169411	0.185606	0.000045	0.000004	-36.000000	-36.000000	1.120000	22.423010
150.000900	-301.806335	-313.014771	214.357361	-31.042170	5.650718	286.413879	0.162962	-0.000016	-0.000006	-0.179753	-0.000034	0.000031	0.000045	0.000045	0.000004	-36.000000	-36.000000	1.120000	22.391132
149.820389	-300.271423	-311.751892	214.006836	-29.614939	5.455867	285.680206	0.162962	-0.000016	-0.000006	-0.179753	-0.000034	-0.169411	0.000045	0.000045	0.000004	-36.000000	-36.000000	1.120000	22.369636
138.990005	-256.909546	-256.906647	219.440262	-4.816888	5.066165	270.315887	0.162962	-0.000016	-0.000006	-0.000048	-0.000034	-0.169411	0.000045	0.000045	0.000004	-36.000000	-32.000000	1.120000	21.763736
139.351013	-259.211945	-258.891174	218.388611	-5.173694	5.066165	269.773071	0.162962	-0.000016	-0.000006	-0.000048	-0.000034	0.000031	0.185606	0.000045	0.000004	-36.000000	-32.000000	1.120000	21.741456
139.675476	-255.374603	-255.282959	217.336990	-2.676048	4.871314	268.973022	0.325958	-0.000016	-0.000006	-0.000048	-0.000034	0.000031	0.000045	0.000045	0.175678	-36.000000	-32.000000	1.120000	21.716588
138.267975	-254.990860	-254.922134	218.388611	-3.924871	5.261016	268.395355	0.162962	-0.000016	-0.000006	-0.000048	-0.000034	-0.169411	0.185606	0.000045	0.000004	-36.000000	-32.000000	1.120000	21.676779
137.365433	-240.025253	-222.628387	244.153580	19.307539	5.650718	281.358978	0.325958	0.000004	-0.000006	-0.000048	0.170364	0.000031	0.000045	0.000045	0.175678	-36.000000	-28.000000	1.120000	22.188649
140.073029	-244.438187	-229.123215	244.679398	16.447163	5.652281	281.933655	0.162962	0.159826	-0.167106	0.180129	0.170364	-0.169411	0.185606	0.000045	0.175678	-36.000000	-28.000000	1.120000	22.211699
139.531525	-241.752060	-224.973755	245.493286	18.413673	5.650718	282.733704	0.325958	-0.000016	-0.000006	-0.000048	-0.000034	0.000031	0.185606	-0.192080	0.175678	-36.000000	-28.000000	1.120000	22.243899
141.697601	-243.670731	-227.319107	245.555740	19.665087	5.845570	283.439575	0.325958	0.000004	-0.000006	-0.000048	0.000032	0.000031	0.000045	0.000045	0.175678	-36.000000	-28.000000	1.120000	22.264401
140.614548	-232.542450	-197.911957	274.125061	40.581596	5.650718	300.174561	0.162962	-0.000016	-0.167106	-0.000048	-0.000034	-0.169411	0.185606	0.000045	0.000004	-36.000000	-24.000000	1.120000	22.933282
137.365433	-233.885513	-198.272781	273.774506	37.899990	5.845570	300.974579	0.162962	0.159826	-0.000006	-0.000048	0.170364	0.000031	0.185606	0.000045	0.000004	-36.000000	-24.000000	1.120000	22.956831
138.628983	-234.652985	-199.355255	274.650879	38.615086	6.040420	301.614594	0.162962	0.159826	-0.000006	-0.000048	0.170364	-0.169411	0.185606	0.000045	0.175678	-36.000000	-24.000000	1.120000	22.974139
138.990005	-235.228592	-199.355255	277.104645	39.687729	6.040420	302.254639	0.162962	0.159826	-0.000006	-0.000048	0.170364	0.000031	0.185606	0.000045	0.000004	-36.000000	-24.000000	1.120000	22.999000
133.755310	-225.251511	-162.009979	301.565979	61.140556	6.235271	317.615387	0.162962	-0.000016	-0.000006	-0.000048	-0.000034	-0.169411	0.000045	0.000045	0.000004	-36.000000	-20.000000	1.120000	23.580414
132.672272	-226.402710	-161.468735	301.993256	62.213200	6.624973	318.095398	0.162962	-0.000016	-0.000006	-0.000048	-0.000034	0.000031	0.185606	0.000045	0.000004	-36.000000	-20.000000	1.120000	23.583833
132.672272	-227.553909	-162.912033	301.993256	60.604240	6.430122	319.215454	0.162962	0.159826	-0.000006	-0.000048	0.170364	-0.169411	0.000045	0.000045	0.000004	-36.000000	-20.000000	1.120000	23.633562
134.657837	-228.513245	-165.437805	302.343811	60.425461	6.819824	319.535492	0.162962	-0.000016	-0.167106	-0.000048	-0.000034	-0.169411	0.185606	0.000045	0.175678	-36.000000	-20.000000	1.120000	23.630930
118.412262	-227.170181	-122.499741	325.922577	76.157539	6.430122	334.416199	-0.000039	-0.000016	0.167543	-0.179753	-0.000034	-0.169411	0.000045	0.192608	0.000004	-36.000000	-16.000000	1.120000	24.201021
119.464058	-228.129517	-124.484283	326.448242	76.693863	6.430122	335.056244	0.162962	-0.159415	-0.000006	-0.000048	-0.000034	0.000031	0.000021	0.000045	0.175678	-36.000000	-16.000000	1.120000	24.224623
121.119858	-225.827118	-122.138924	326.623474	78.302826	6.430122	335.536255	0.162962	-0.000016	0.000026	-0.000048	-0.000034	-0.169411	0.185606	-0.192080	0.175678	-36.000000	-16.000000	1.120000	24.242309
120.036812	-226.786438	-123.040977	327.407654	79.017921	6.430122	336.496307	0.162962	-0.000016	-0.000006	-0.179753	0.170341	-0.169411	0.185606	0.000045	0.000004	-36.000000	-16.000000	1.120000	24.277642
95.126915	-226.594574	-77.577156	338.449799	86.705177	6.431905	341.616547	0.162962	0.159826	-0.000006	-0.000048	0.170364	-0.169411	0.185606	0.000045	0.000004	-36.000000	-12.000000	1.120000	24.465159
96.931984	-223.908447	-77.937973	337.748688	88.492920	6.819824	340.816528	0.162962	0.319648	-0.167106	-0.000048	0.170364	-0.169411	0.185606	0.000045	0.000004	-36.000000	-12.000000	1.120000	24.421767
97.654007	-223.140976	-77.216331	336.346527	88.492920	6.624973	339.696472	0.162962	-0.000016	0.167543	-0.000048	-0.000034	-0.169411	0.000045	0.000045	0.175678	-36.000000	-12.000000	1.120000	24.387918
98.711235	-221.797913	-77.035919	334.333496	89.386780	6.819824	338.576385	0.162962	-0.000016	0.167543	-0.000048	-0.000034	0.000031	0.185606	0.000045	0.175678	-36.000000	-12.000000	1.120000	24.339729
63.899288	-202.611252	-24.536032	315.839752	91.174522	6.235271	318.255402	0.162962	0.159826	-0.000006	-0.000048	-0.000034	-0.169411	0.185606	0.000045	0.000004	-36.000000	-8.000000	1.120000	23.604636
62.094227	-204.913635	-26.159740	316.716095	89.208008	6.040420	317.455383	0.162962	-0.000016	-0.000006	-0.000048	-0.000034	0.000031	0.000045	0.000045	0.000004	-36.000000	-8.000000	1.120000	23.581734
61.913719	-201.651917	-22.190674	315.839752	92.604713	6.040420	316.495331	0.162962	-0.000016	-0.000006	-0.000048	-0.000034	-0.169411	0.185606	0.000045	0.175678	-36.000000	-8.000000	1.120000	23.545356
61.913719	-202.611252	-24.536032	315.233704	88.850464	6.430122	316.015289	0.325958	-0.000016	-0.000006	-0.000048	0.170364	-0.169411	0.000045	0.192608	0.175678	-36.000000	-8.000000	1.120000	23.512351
30.505585	-188.413101	14.993826	297.436188	89.208008	5.455867	298.094452	0.325958	-0.000016	-0.000006	-0.000048	-0.000034	0.000031	0.185606	0.000045	0.175678	-36.000000	-4.000000	1.120000	22.859766
30.325077	-188.796844	14.090584	296.209290	88.850464	5.455867	297.134399	0.325958	0.159826	-0.167106	-0.000048	0.170364	0.000031	0.185606	-0.192080	0.000004	-36.000000	-4.000000	1.120000	22.822237
31.227608	-187.837509	14.271233	296.559814	88.135368	5.845570	296.814392	0.162962	0.159826	-0.167106	-0.000048	0.170364	-0.169411	0.185606	0.000045	0.000004	-36.000000	-4.000000	1.120000	22.794455
29.242037	-188.221237	14.271233	296.659637	88.850464	5.650718	295.854340	0.325958	-0.159415	0.167543	-0.000048	-0.000034	0.000031	0.000045	0.000045	0.175678	-36.000000	-4.000000	1.120000	22.764462
2.166061	-176.325516	44.258884	279.136902	84.917442	5.455867	279.693542	-0.000039	0.159826	-0.000006	-0.179753	0.340695	-0.169411	0.000045	0.000045	0.000004	-36.000000	0.000000	1.120000	22.129395
-3.964910	-176.709244	47.329906	278.611237	83.308479	5.845570	278.893524	0.325958	-0.000016	0.000026	-0.000048	-0.000034	-0.169411	0.185606	-0.192080	0.175678	-36.000000	0.000000	1.120000	22.081341
0.180500	-175.941772	44.800827	278.611237	84.917442	5.650718	278.253479	0.325958	-0.159415	0.167543	-0.000048	-0.169994	0.000031	0.185606	-0.192080	0.175678	-36.000000	0.000000	1.120000	22.063332
-1.081057	-176.133652	44.981476	277.805756	83.844803	5.457375	277.773437	0.325958	0.000004	-0.000006	-0.179753	0.170364	0.000031	0.000045	0.000045	0.175678	-36.000000	0.000000	1.120000	22.051728
-34.062187	-171.528839	72.259399	270.550781	80.805649	5.261016	270.893127	0.325958	-0.000016	0.167543	-0.000048	-0.000034	-0.169411	0.185606	0.000045	0.175678	-36.000000	4.000000	1.120000	21.779418
-33.512753	-174.023117	69.549675	271.320709	79.554237	5.261016	271.693176	0.162962	0.159826	-0.000006	-0.000048	0.170364	-0.169411	0.000045	0.192608	0.000004	-36.000000	4.000000	1.120000	21.812192
-33.152401	-173.639374	72.440048	272.021790	82.593384	5.261016	272.333191	0.325958	0.159826	-0.167106	-0.000048	0.170364	0.000031	0.185606	-0.192080	0.175678	-36.000000	4.000000	1.120000	21.838374
-32.972225	-173.447510	72.620697	272.722870	83.308479	5.457375	273.133209	0.325958	0.159826	-0.167106	-0.000048	0.170364	-0.169411	0.185606	0.000045	0.175678	-36.000000	4.000000	1.120000	21.863041
-73.331673	-188.413101	103.511589	286.846924	86.168854	5.845570	290.894104	0.162962	-0.000016	0.167543	-0.000048	0.170364	0.000031	0.185633	0.000045	0.175678	-36.000000	8.000000	1.120000	22.561366
-71.368393	-190.139908	100.801857	288.599182	83.308479	6.040420	291.694153	0.162962	0.159826	-0.000006	-0.000048	0.170364	-0.169411	0.185633	0.000045	0.175678	-36.000000	8.000000	1.120000	22.585304
-74.412727	-191.291107	102.608353	288.774414	83.844803	5.650718	292.334167	0.162962	0.000004	-0.000006	-0.000048	0.170364	0.000031	0.185606	0.000045	0.000004	-36.000000	8.000000	1.120000	22.625974
-74.773079	-191.866714	103.511589	290.877136	83.844803	6.040420	292.974213	0.325958	-0.000016	0.167543	-0.000048	-0.000034	0.000031	0.185606	0.000045	0.175678	-36.000000	8.000000	1.120000	22.635852
-118.916222	-209.134705	131.692764	302.266907	83.487251	5.845570	308.814941	0.325958	-0.000016	0.167543	-0.000048	0.170364	0.000031	0.000021	0.000045	0.000004	-36.000000	12.000000	1.120000	23.259766
-116.033394	-207.024170	132.415359	302.091675	83.487251	6.040420	309.614990	0.325958	-0.000016	-0.167106	-0.000048	-0.000034	0.000031	0.185606	-0.192080	0.000004	-36.000000	12.000000	1.120000	23.282987
-118.555862	-207.599777	134.221832	302.694336	84.381126	5.845570	310.255035	0.162962	-0.000016	-0.000006	-0.000048	-0.000034	-0.169411	0.185606	0.000045	0.000004	-36.000000	12.000000	1.120000	23.314980
-119.997284	-210.285919	132.415359	302.694336	83.844803	6.237000	310.735046	0.162962	0.159826	-0.167106	-0.000048	0.170364	-0.169411	0.185606	-0.192080	0.000004	-36.000000	12.000000	1.120000	23.318373
-172.428528	-225.059647	159.331985	309.880493	68.649048	6.819824	326.095795	0.162962	-0.000016	-0.000006	-0.000048	0.170364	-0.169411	0.185606	0.000045	0.000004	-36.000000	16.000000	1.120000	23.877514
-170.626770	-223.332840	158.609390	309.801666	70.615555	7.014675	326.575836	0.325958	-0.159415	0.167543	-0.000048	-0.000034	-0.169411	0.185606	0.000045	0.175678	-36.000000	16.000000	1.120000	23.888175
-169.906052	-223.524704	159.151321	310.853027	72.045746	6.624973	327.215851	0.325958	-0.000016	-0.000006	-0.000048	-0.000034	0.000031	0.000045	0.000045	0.175678	-36.000000	16.000000	1.120000	23.926632
-169.906052	-223.908447	160.415863	311.983765	72.939613	6.624973	328.015900	0.162962	-0.000016	-0.167106	-0.000048	-0.000034	-0.169411	0.185606	0.000045	0.000004	-36.000000	16.000000	1.120000	23.956468
-221.076080	-251.729126	182.816269	313.035370	57.028763	6.821718	342.256592	0.162962	0.159826	-0.167106	-0.000048	0.170364	-0.169411	0.185606	0.000045	0.175678	-36.000000	20.000000	1.120000	24.474290
-219.814850	-250.386063	185.296783	314.963379	60.604240	7.016624	343.216614	0.162962	0.159826	-0.000006	-0.179753	0.170364	-0.169411	0.000045	0.000045	0.000004	-36.000000	20.000000	1.120000	24.502186
-223.238190	-254.223404	184.803421	315.934631	57.922634	7.014675	343.536652	0.162962	-0.159415	0.167543	-0.179753	-0.000034	-0.169411	0.000045	0.000045	0.000004	-36.000000	20.000000	1.120000	24.513916
-224.139069	-255.374603	184.803421	316.635529	57.743858	6.819824	344.016663	0.162962	-0.000016	0.167543	-0.000048	-0.000034	-0.169411	0.185633	0.000045	0.000004	-36.000000	20.000000	1.120000	24.538484
-257.111298	-272.834442	184.803421	286.321228	23.240559	6.624973	328.655945	0.162962	-0.000016	-0.000006	-0.000048	-0.000034	-0.169411	0.185633	0.000045	0.000004	-36.000000	24.000000	1.120000	23.980311
-256.210419	-270.723907	186.560989	284.816620	24.491974	6.431905	327.695892	0.162962	0.000004	-0.000006	-0.179753	0.170364	-0.169411	0.000045	0.000045	0.000004	-36.000000	24.000000	1.120000	23.951736
-255.489716	-270.723907	184.935577	284.816620	25.207067	6.626812	326.895844	0.325958	0.159826	-0.000006	-0.000048	0.170364	-0.169411	0.185606	0.000045	0.000004	-36.000000	24.000000	1.120000	23.914619
-253.507767	-268.997131	184.080826	284.115540	25.743387	6.431905	325.935791	0.325958	0.159826	-0.000006	-0.000048	0.170364	0.000031	0.185606	0.000045	0.000004	-36.000000	24.000000	1.120000	23.886034
-275.669434	-279.549805	181.913040	251.451019	-6.244112	6.040420	306.894867	0.325958	0.159826	0.167543	-0.000048	0.170364	0.000031	0.185633	0.000045	0.175678	-36.000000	28.000000	1.120000	23.178441
-277.110840	-281.084717	182.635635	250.049210	-10.168986	6.235271	306.254822	0.162962	-0.000016	0.167543	-0.000048	-0.000034	0.000031	0.185606	0.000045	0.175678	-36.000000	28.000000	1.120000	23.146257
-273.687500	-277.055511	181.913040	249.523514	-7.492935	6.042093	305.614807	0.162962	0.159826	-0.000006	-0.000048	0.170364	0.000031	0.185633	0.000045	0.000004	-36.000000	28.000000	1.120000	23.129014
-276.390137	-279.357941	181.009796	249.173065	-8.206551	6.042093	304.494751	0.325958	0.159826	-0.000006	-0.000048	0.170364	0.000031	0.185633	0.000045	0.175678	-36.000000	28.000000	1.120000	23.085736
-292.065460	-289.143127	175.229050	217.281693	-44.422413	5.845570	287.853943	0.162962	-0.000016	0.167543	-0.179753	-0.000034	-0.169411	0.000045	0.000045	0.000004	-36.000000	32.000000	1.120000	22.440730
-294.587921	-291.637390	174.506454	217.687546	-46.741653	5.650718	286.893890	0.325958	0.159826	-0.000006	-0.000048	0.170364	0.000031	0.185606	0.000045	0.175678	-36.000000	32.000000	1.120000	22.410264
-293.326691	-290.294342	173.061264	216.110092	-48.525684	5.650718	286.253876	0.162962	-0.000016	-0.167106	0.180090	0.170364	-0.169411	0.185606	0.000045	0.000004	-36.000000	32.000000	1.120000	22.384750
-287.741211	-285.689545	172.835312	215.584274	-45.671230	5.457375	285.773865	0.162962	0.159826	-0.167106	-0.000048	0.340695	-0.169411	0.185606	0.000045	0.000004	-36.000000	32.000000	1.120000	22.373314
-303.416565	-298.544617	164.527649	187.540787	-79.389450	5.262468	270.413116	0.162962	0.159826	-0.000006	0.180129	0.170364	0.000031	0.185606	0.000045	0.175678	-36.000000	36.000000	1.120000	21.759671
-302.695831	-297.393402	161.680405	185.390350	-83.492722	5.261016	269.773071	0.325958	-0.000016	0.167543	-0.000048	0.170364	0.000031	0.185633	0.000045	0.000004	-36.000000	36.000000	1.120000	21.733452
-301.614777	-297.009674	164.751434	185.963333	-82.957504	5.066165	268.973022	0.325958	-0.000016	-0.000006	-0.000048	0.170364	-0.169411	0.185606	0.000045	0.000004	-36.000000	36.000000	1.120000	21.708576
-303.416565	-297.968994	162.764297	184.736450	-82.243904	4.872656	268.653015	0.162962	0.159826	-0.000006	-0.000048	0.170364	-0.169411	0.185606	0.000045	0.000004	-36.000000	36.000000	1.120000	21.703372
-346.838989	-343.249542	170.126282	172.116867	-129.520752	5.262468	281.613617	0.325958	0.159826	-0.000006	-0.000048	0.170364	-0.169411	0.185606	0.000045	0.000004	-36.000000	40.000000	1.120000	22.214504
-347.920044	-344.017029	168.320282	172.423538	-131.126389	5.262468	282.253662	0.162962	0.159826	0.000026	-0.000048	0.340695	-0.169411	0.185606	0.000045	0.000004	-36.000000	40.000000	1.120000	22.240214
-349.001099	-344.784485	169.945694	172.642685	-131.840012	5.262468	282.733704	0.325958	0.000004	-0.000006	-0.000048	0.170364	0.000031	0.185606	0.000045	0.175678	-36.000000	40.000000	1.120000	22.259477
-351.883911	-347.470612	168.364395	172.423538	-135.051254	5.455867	283.853760	0.162962	-0.000016	0.167543	-0.000048	0.170341	-0.169411	0.185606	0.000045	0.000004	-36.000000	40.000000	1.120000	22.296616
-405.216064	-404.263184	173.241913	158.054916	-190.534683	5.650718	300.174561	0.162962	-0.000016	0.167543	-0.000048	-0.000034	-0.169411	0.185606	0.000045	0.000004	-36.000000	44.000000	1.120000	22.933282
-405.576385	-406.757446	174.145157	158.620941	-194.102737	5.845570	300.814575	0.325958	-0.000016	0.167543	-0.000048	-0.000034	-0.169411	0.185606	0.000045	0.000004	-36.000000	44.000000	1.120000	22.950607
-407.558319	-407.141174	173.061264	159.456726	-192.497116	5.845570	301.614594	0.325958	0.159826	0.167543	-0.000048	0.170364	-0.169411	0.185633	0.000045	0.175678	-36.000000	44.000000	1.120000	22.981709
-405.936737	-404.455048	171.977371	158.931046	-192.140305	5.847187	302.254639	0.162962	0.000004	0.167543	-0.000048	0.170364	0.000031	0.000021	0.000045	0.000004	-36.000000	44.000000	1.120000	23.006499
200.309784	-394.094238	-389.509491	186.266479	-73.145332	6.430122	323.535675	0.162962	0.159826	0.167543	-0.000048	0.170364	-0.169411	0.185633	0.000045	0.000004	-32.000000	-44.000000	1.120000	23.796217
199.407486	-393.710480	-386.983704	186.441727	-72.966927	6.237000	324.335724	0.162962	0.159826	0.167543	-0.000048	0.170364	-0.169411	0.185633	0.000045	0.000004	-32.000000	-44.000000	1.120000	23.833452
200.309784	-393.326752	-386.262054	186.792160	-71.004494	6.237000	324.975739	0.162962	0.159826	0.000026	-0.000048	0.170364	-0.169411	0.185633	0.000045	0.000004	-32.000000	-44.000000	1.120000	23.857416
201.933929	-396.204773	-389.870300	187.493088	-71.718109	6.624973	325.615784	0.325958	0.159826	0.167543	-0.000048	0.170364	-0.169411	0.185633	0.000045	0.000004	-32.000000	-44.000000	1.120000	23.866848
215.468353	-375.099426	-373.994049	222.713760	-29.793346	6.819824	340.016479	0.162962	0.159826	0.167543	-0.000048	0.170364	-0.169411	0.185633	0.000045	0.175678	-32.000000	-40.000000	1.120000	24.392499
216.066284	-378.169281	-376.158997	223.471512	-29.793346	6.821718	340.496490	0.162962	0.159826	-0.000006	-0.000048	0.170364	-0.169411	0.185606	0.000045	0.000004	-32.000000	-40.000000	1.120000	24.409994
216.246796	-377.209961	-376.158997	224.873688	-30.685360	7.404377	341.456543	0.000022	0.159826	-0.000006	0.180090	0.170364	-0.169411	0.185606	0.000045	0.000004	-32.000000	-40.000000	1.120000	24.423794
216.009750	-379.320496	-377.963104	223.239426	-32.469395	6.819824	341.776581	0.325958	0.159826	0.167543	-0.000048	0.170364	0.000031	0.185633	0.000045	0.000004	-32.000000	-40.000000	1.120000	24.456841
209.748550	-332.313141	-335.025055	241.287827	6.972163	6.624973	331.216064	0.163058	0.000004	0.167543	0.180090	0.170364	0.000031	0.000045	-0.192080	0.175678	-32.000000	-36.000000	1.120000	24.075443
209.026520	-327.708344	-329.793121	242.050308	9.474993	6.626812	330.415985	0.325958	0.000004	-0.000006	0.180090	0.170364	0.000031	0.000045	0.000045	0.000004	-32.000000	-36.000000	1.120000	24.045685
209.332748	-325.789673	-327.447754	240.236465	10.368860	6.431905	329.615967	0.325958	0.159826	0.000026	-0.000048	0.170364	-0.169411	0.185606	-0.192080	0.175678	-32.000000	-36.000000	1.120000	24.023205
207.708618	-326.940857	-329.612701	240.937378	7.866030	6.431905	328.975952	0.325958	0.000004	0.167543	-0.000048	0.170364	0.000031	0.000021	0.000045	0.175678	-32.000000	-36.000000	1.120000	23.999406
194.896011	-267.654053	-262.319031	246.194199	42.548103	6.042093	309.614990	0.325958	0.159826	0.000026	-0.000048	0.170364	0.000031	0.185633	0.000045	0.175678	-32.000000	-32.000000	1.120000	23.282922
193.271881	-268.613373	-263.221069	244.792389	38.793858	6.431905	309.134979	0.325958	0.159826	-0.000006	-0.000048	0.340695	-0.169411	0.185633	0.000045	0.000004	-32.000000	-32.000000	1.120000	23.249542
193.141953	-269.188995	-263.401489	244.854675	39.866501	6.235271	308.014923	0.000022	0.159826	-0.000006	0.180090	0.170364	-0.169411	0.185606	-0.192080	0.000004	-32.000000	-32.000000	1.120000	23.214053
191.336899	-266.886597	-260.334503	243.916245	40.760372	6.235271	307.374908	0.163058	0.000004	-0.000006	0.180090	0.170364	0.000031	0.000045	0.000045	0.175678	-32.000000	-32.000000	1.120000	23.189424
176.669632	-217.768707	-200.076904	245.843750	62.391972	5.652281	290.094055	0.162962	0.159826	0.000026	-0.000048	0.170364	-0.169411	0.000021	0.000045	0.000004	-32.000000	-28.000000	1.120000	22.537341
176.174347	-217.576843	-199.535675	246.194199	61.676876	5.845570	289.454010	0.325958	-0.000016	0.167543	-0.000048	0.170364	-0.169411	0.185606	0.000045	0.175678	-32.000000	-28.000000	1.120000	22.504302
176.174347	-215.274460	-196.829483	244.504120	63.285843	5.455867	288.653992	0.163058	0.000004	0.167543	0.180090	0.170364	0.000031	0.185606	0.000045	0.000004	-32.000000	-28.000000	1.120000	22.488017
175.993835	-215.274460	-197.370712	244.617142	62.749516	5.457375	288.013947	0.000022	0.159826	0.167543	0.180090	0.170364	-0.169411	0.185606	0.000045	0.000004	-32.000000	-28.000000	1.120000	22.462531
156.318619	-173.447510	-142.525482	245.493286	80.090553	5.066165	272.493195	0.162962	0.159826	0.167543	-0.000048	0.170364	-0.169411	0.185633	0.000045	0.000004	-32.000000	-24.000000	1.120000	21.852878
156.097275	-174.023117	-142.886292	243.916245	79.733009	5.067563	271.693176	0.162962	0.159826	0.167543	-0.000048	0.170364	-0.169411	0.185633	0.000045	0.000004	-32.000000	-24.000000	1.120000	21.820109
157.221146	-172.488174	-141.262589	243.390549	81.163193	5.066165	271.053131	0.162962	0.159826	0.167543	-0.000048	0.170364	-0.169411	0.185606	0.192507	0.000004	-32.000000	-24.000000	1.120000	21.793961
155.596603	-172.296310	-141.082184	242.400864	80.090553	5.262468	270.733124	0.325958	0.159826	-0.000006	0.180090	0.170364	-0.169411	0.000045	0.000045	0.000004	-32.000000	-24.000000	1.120000	21.772798
146.390762	-157.566452	-105.721420	262.139862	98.146690	5.650718	278.733490	0.325958	0.159826	0.167543	-0.000048	0.170364	0.000031	0.000045	0.192507	0.175678	-32.000000	-20.000000	1.120000	22.082749
147.976608	-155.987625	-104.638954	261.088501	100.113197	5.261016	279.373535	0.162962	0.159826	0.167543	-0.000048	0.170364	-0.169411	0.185633	0.000045	0.175678	-32.000000	-20.000000	1.120000	22.124345
148.917847	-155.412033	-103.556480	262.315094	102.258484	5.067563	280.333557	0.162962	0.159826	-0.000006	-0.000048	0.170364	-0.169411	0.185606	0.000045	0.175678	-32.000000	-20.000000	1.120000	22.170846
148.737350	-156.179489	-104.278130	263.191223	101.007065	5.457375	280.973602	0.325958	0.159826	0.167543	0.180090	0.170364	-0.169411	0.185606	0.000045	0.000004	-32.000000	-20.000000	1.120000	22.180921
138.990005	-156.223007	-69.819435	287.197357	120.493385	5.845570	297.614410	0.325958	0.159826	0.167543	-0.000048	0.170364	-0.169411	0.185606	0.192507	0.175678	-32.000000	-16.000000	1.120000	22.825770
141.878098	-154.644562	-69.115891	287.723022	122.459892	5.457375	298.094452	0.325958	0.159826	0.167543	0.180090	0.170364	0.000031	0.185606	0.000045	0.175678	-32.000000	-16.000000	1.120000	22.859707
141.517090	-153.301514	-68.195724	287.723022	122.996208	5.652281	299.054474	0.163058	0.159826	-0.167106	0.180090	0.170364	-0.169411	0.185606	0.000045	0.000004	-32.000000	-16.000000	1.120000	22.889572
139.712021	-157.138824	-69.278198	289.825775	121.744812	5.847187	299.694519	0.325958	0.159826	-0.000006	0.180090	0.170364	-0.169411	0.000021	0.000045	0.000004	-32.000000	-16.000000	1.120000	22.906928
126.535049	-157.906296	-31.752510	308.925537	136.940552	6.235271	315.215271	0.163058	0.159826	0.167543	0.180090	0.170364	0.000031	0.185606	0.192507	0.000004	-32.000000	-12.000000	1.120000	23.489360
128.881638	-157.138824	-31.932924	308.399872	139.979706	6.235271	315.695282	0.163058	0.159826	0.167543	0.180090	0.170364	-0.169411	0.185633	0.192507	0.000004	-32.000000	-12.000000	1.120000	23.507598
127.404266	-155.795761	-28.865919	311.729156	141.946213	6.235271	316.495331	0.325958	0.159826	0.167543	-0.000048	0.170364	-0.169411	0.185633	0.000045	0.000004	-32.000000	-12.000000	1.120000	23.537966
126.174034	-160.400558	-31.760824	310.853027	137.476868	6.237000	316.975342	0.325958	0.159826	0.000026	0.180090	0.170364	-0.169411	0.185633	0.000045	0.000004	-32.000000	-12.000000	1.120000	23.556101
105.776802	-161.551773	10.838911	328.550995	153.387726	6.626812	331.696045	0.000022	0.159826	0.167543	0.180090	0.170364	0.000031	0.185606	0.192507	0.175678	-32.000000	-8.000000	1.120000	24.093169
108.636505	-161.551773	8.671129	328.901428	153.924042	7.016624	332.496124	0.325958	0.159826	0.167543	-0.000048	0.170364	-0.169411	0.185633	0.000045	0.000004	-32.000000	-8.000000	1.120000	24.108367
106.470985	-163.854172	9.574371	330.303253	152.315094	6.821718	332.976135	0.325958	0.159826	0.167543	-0.000048	0.170364	-0.169411	0.000021	0.000045	0.000004	-32.000000	-8.000000	1.120000	24.133350
107.373283	-163.662308	9.755019	331.354614	154.817917	7.016624	333.616180	0.325958	0.159826	0.167543	-0.000048	0.170364	-0.169411	0.000021	0.000045	0.000004	-32.000000	-8.000000	1.120000	24.149813
74.910187	-168.842712	52.554947	342.218719	160.538681	6.821718	345.456726	0.162962	0.000004	0.167543	-0.179753	0.170364	-0.169411	0.000021	0.000045	0.000004	-32.000000	-4.000000	1.120000	24.590758
76.334297	-166.156570	52.930012	341.693024	163.756592	6.821718	344.016663	0.162962	0.159826	0.000026	-0.000048	0.170364	-0.169411	0.185633	0.000045	0.000004	-32.000000	-4.000000	1.120000	24.538415
75.271202	-168.075241	50.929539	340.291199	159.287247	7.016624	343.056641	0.162962	0.000004	-0.167106	-0.000048	0.170364	-0.169411	0.000021	-0.192080	0.175678	-32.000000	-4.000000	1.120000	24.496356
74.729675	-167.307770	51.484825	339.765533	158.929703	7.016624	341.776581	0.325958	0.000004	0.000026	-0.000048	0.170364	-0.169411	0.185633	0.192507	0.000004	-32.000000	-4.000000	1.120000	24.449655
40.603367	-149.080429	86.891930	318.212585	156.963196	6.042093	320.495544	0.325958	0.000004	0.167543	-0.000048	0.170364	-0.169411	0.000021	0.000045	0.000004	-32.000000	0.000000	1.120000	23.696498
35.550510	-152.725906	85.988686	317.686890	153.030182	6.237000	319.535492	0.162962	0.000004	0.167543	-0.000048	0.170364	0.000031	0.000021	0.000045	0.000004	-32.000000	0.000000	1.130000	23.548049
39.169899	-151.041153	86.349983	317.511688	155.175461	6.430122	319.055450	0.163058	0.159826	0.167543	0.180090	0.170364	-0.169411	0.185633	0.192507	0.000004	-32.000000	0.000000	1.130000	23.522737
39.169899	-148.888565	85.424355	314.883270	153.566498	6.237000	318.095398	0.162962	0.159826	0.167543	-0.000048	0.170364	-0.169411	0.185633	0.000045	0.000004	-32.000000	0.000000	1.130000	23.493867
0.180500	-142.556961	111.460121	297.710999	143.733948	5.845570	300.014526	0.162962	0.159826	0.000026	-0.000048	0.170364	-0.169411	0.185633	0.000045	0.000004	-32.000000	4.000000	1.130000	22.817822
2.166061	-139.142105	111.279480	295.958710	143.733948	5.847187	299.214508	0.163058	0.000004	0.167543	0.180090	0.170364	0.000031	0.000045	0.192507	0.000004	-32.000000	4.000000	1.130000	22.786711
3.067846	-141.213898	109.444313	295.958710	142.840073	5.652281	298.734467	0.325958	0.159826	0.167543	-0.000048	0.170364	-0.169411	0.185633	0.000045	0.000004	-32.000000	4.000000	1.130000	22.775635
3.610114	-141.405762	109.263710	295.958710	142.877182	6.042093	297.774414	0.163058	0.159826	0.167543	0.180090	0.170364	-0.169411	0.185606	0.000045	0.000004	-32.000000	4.000000	1.130000	22.723125
-32.251522	-136.609100	127.685028	275.982819	129.968384	5.652281	281.293610	0.325958	0.159826	0.167543	0.180090	0.170364	-0.169411	0.000021	0.000045	0.175678	-32.000000	8.000000	1.130000	22.087570
-30.097277	-135.649765	126.453949	274.580994	130.325928	5.457375	280.813599	0.325958	0.159826	0.167543	-0.000048	0.170364	0.000031	0.000021	0.000045	0.175678	-32.000000	8.000000	1.130000	22.076145
-32.800625	-136.417221	127.323822	275.281921	130.325928	5.262468	279.853577	0.162962	0.159826	0.000026	-0.000048	0.170364	-0.169411	0.185633	0.000045	0.000004	-32.000000	8.000000	1.130000	22.045452
-29.548880	-133.347351	127.865616	274.756226	131.398575	5.457375	279.533539	0.163058	0.159826	0.000026	0.180090	0.170364	-0.169411	0.000021	0.000045	0.000004	-32.000000	8.000000	1.130000	22.024772
-62.160751	-133.922958	141.230103	258.284851	117.096687	5.262468	268.012970	0.163058	0.000004	0.167543	0.180090	0.170364	0.000031	0.000045	0.192507	0.175678	-32.000000	12.000000	1.130000	21.564905
-63.438564	-135.457886	141.447769	259.861908	117.454239	5.457375	268.813019	0.325958	0.159826	0.000026	0.180129	0.000032	0.000031	0.185633	-0.192080	0.175678	-32.000000	12.000000	1.130000	21.589724
-61.996792	-133.155487	142.494324	259.511475	118.705650	5.262468	269.613068	0.325958	0.159826	0.167543	-0.000048	0.340695	-0.169411	0.185633	0.000045	0.000004	-32.000000	12.000000	1.130000	21.630468
-61.800404	-134.882294	142.133118	260.738068	119.599525	5.067563	270.253082	0.325958	0.159826	0.167543	0.180090	0.170364	-0.169411	0.185633	0.000045	0.000004	-32.000000	12.000000	1.130000	21.664600
-105.042671	-145.818695	168.320282	271.251709	112.448570	5.652281	288.333984	0.163058	0.000004	0.167543	0.180090	0.170364	0.000031	0.000021	0.192507	0.175678	-32.000000	16.000000	1.130000	22.367870
-105.763367	-145.051239	170.126282	271.251709	113.521225	5.847187	288.813965	0.325958	0.159826	0.167543	-0.000048	0.170364	0.000031	0.185633	0.000045	0.000004	-32.000000	16.000000	1.130000	22.379145
-105.042671	-145.626831	169.223282	272.303070	113.521225	5.652281	289.454010	0.162962	0.000004	0.000026	0.180090	0.170364	0.000031	0.000021	0.000045	0.000004	-32.000000	16.000000	1.130000	22.412138
-108.314148	-148.696701	168.725693	272.828735	111.733475	5.652281	290.254059	0.325958	0.159826	0.167543	-0.000048	0.170364	-0.169411	0.185633	0.000045	0.000004	-32.000000	16.000000	1.130000	22.443706
-155.352402	-177.092972	193.604446	276.158051	93.498573	6.237000	306.414856	0.325958	0.000004	0.167543	-0.000048	0.170364	-0.169411	0.185633	0.000045	0.175678	-32.000000	20.000000	1.130000	23.049691
-154.410919	-175.366180	195.822968	277.384644	97.252815	6.237000	306.894867	0.325958	0.159826	0.167543	-0.000048	0.170364	0.000031	0.000021	0.192507	0.000004	-32.000000	20.000000	1.130000	23.068113
-151.708267	-172.728134	194.558426	277.559875	97.456909	6.431905	307.534882	0.163058	0.000004	0.167543	0.180090	0.170364	-0.169411	0.185633	0.192507	0.000004	-32.000000	20.000000	1.130000	23.085181
-152.248810	-173.831238	196.855255	280.013062	99.576881	6.237000	308.334930	0.000022	0.159826	0.167543	0.180090	0.170364	0.000031	0.185633	0.000045	0.000004	-32.000000	20.000000	1.130000	23.123291
-205.220596	-217.445541	216.597549	276.858948	70.973099	6.626812	323.215637	0.163058	0.159826	0.167543	-0.000048	0.170364	-0.169411	0.000021	-0.000003	0.000004	-32.000000	24.000000	1.130000	23.671380
-208.103394	-220.838577	215.637772	277.910309	69.542915	6.431905	323.695679	0.162962	0.159826	0.167543	0.180090	0.170364	-0.169411	0.185633	0.000045	0.175678	-32.000000	24.000000	1.130000	23.696599
-204.680054	-217.637451	216.778183	277.384644	68.291496	6.431905	324.335724	0.163058	0.159826	0.000026	0.180090	0.170364	-0.169411	0.000021	0.192507	0.000004	-32.000000	24.000000	1.130000	23.720489
-208.283569	-221.222305	216.540787	278.085541	68.291496	6.626812	325.135742	0.325958	0.159826	0.167543	-0.000048	0.170364	0.000031	0.185633	0.000045	0.000004	-32.000000	24.000000	1.130000	23.743055
-260.894989	-268.037781	233.517303	272.478271	30.749048	6.821718	339.295227	0.162962	0.159826	0.000026	0.180090	0.170364	-0.169411	0.000021	0.192507	0.000004	-32.000000	28.000000	1.130000	24.257961
-263.237274	-269.572723	234.420303	272.653503	31.285370	6.821718	340.176483	0.325958	0.159826	0.167543	-0.000048	0.170364	-0.169411	0.185633	0.000045	0.000004	-32.000000	28.000000	1.130000	24.290089
-262.044556	-269.764587	235.865112	273.529633	30.391500	6.626812	340.735626	0.163058	0.159826	0.167543	-0.000048	0.170364	0.000031	0.000021	0.000045	0.000004	-32.000000	28.000000	1.130000	24.317546
-263.666565	-270.340179	234.239685	272.828735	30.212727	6.626812	341.136536	0.325958	0.159826	0.167543	-0.000048	0.170364	0.000031	0.000021	0.000045	0.000004	-32.000000	28.000000	1.130000	24.332132
-297.007874	-301.806335	233.156082	244.441910	-14.985873	6.626812	331.933167	0.325958	0.159826	0.000026	-0.000048	0.170364	-0.169411	0.185633	-0.192080	0.000004	-32.000000	32.000000	1.130000	23.995072
-299.813049	-303.533142	232.433670	243.390549	-17.305115	6.431905	330.896027	0.163058	0.000004	0.167543	-0.000039	0.170364	-0.169411	0.000021	0.000045	0.000004	-32.000000	32.000000	1.130000	23.963989
-298.371613	-302.658081	233.336685	243.040100	-16.056292	6.626812	330.095978	0.163058	0.000004	0.167543	0.180090	0.170364	0.000031	0.000021	0.192507	0.175678	-32.000000	32.000000	1.130000	23.927219
-297.007874	-300.655151	230.627686	240.586929	-18.553938	6.626812	329.532471	0.325958	0.000004	0.167543	-0.000048	0.170364	-0.169411	0.000021	0.000045	0.175678	-32.000000	32.000000	1.130000	23.906369
-317.553314	-322.719788	219.430389	205.015808	-64.938789	6.237000	310.095001	0.163058	0.159826	0.167543	-0.000048	0.170364	-0.169411	0.185633	0.000045	0.000004	-32.000000	36.000000	1.130000	23.190554
-316.569397	-322.144196	216.540787	204.840576	-66.901222	6.237000	309.294983	0.163058	0.000004	0.167543	0.180090	0.170364	-0.169411	0.000021	0.000045	0.000004	-32.000000	36.000000	1.130000	23.160005
-316.929749	-322.911652	216.540787	204.139664	-67.258026	6.042093	308.494934	0.000022	0.159826	0.000026	0.180090	0.170364	0.000031	0.185633	0.192507	0.175678	-32.000000	36.000000	1.130000	23.136871
-314.587463	-319.649933	215.095978	201.861710	-67.971634	6.042093	307.694916	0.162962	0.159826	0.167543	0.180090	0.170364	-0.169411	0.185633	0.000045	0.175678	-32.000000	36.000000	1.130000	23.106251
-327.019623	-334.708740	200.647873	168.393326	-109.182785	5.652281	290.414062	0.163058	0.159826	0.167543	0.180090	0.170364	-0.169411	0.185633	0.192507	0.000004	-32.000000	40.000000	1.130000	22.450014
-328.546936	-336.726074	201.189697	168.042862	-109.717995	5.847187	289.614044	0.325958	0.159826	0.167543	-0.000048	0.170364	-0.169411	0.185633	0.000045	0.000004	-32.000000	40.000000	1.130000	22.410761
-325.037689	-332.981476	200.467285	167.867645	-107.577164	5.652281	288.973999	0.163058	0.159826	0.167543	-0.000048	0.170364	-0.169411	0.185633	0.192507	0.000004	-32.000000	40.000000	1.130000	22.393177
-325.578217	-333.464355	199.925476	166.641037	-107.398758	5.847187	288.333984	0.325958	0.159826	0.167543	0.180090	0.170364	-0.169411	0.185633	0.000045	0.175678	-32.000000	40.000000	1.130000	22.360157
-334.226685	-347.854340	181.865356	134.048782	-153.605209	5.262468	272.813202	0.325958	0.159826	0.167543	0.180090	0.170364	-0.169411	0.185633	0.000045	0.000004	-32.000000	44.000000	1.130000	21.760999
-334.226685	-347.278748	181.684753	133.873550	-151.821167	5.262468	272.333191	0.163058	0.159826	0.167543	0.180090	0.170364	0.000031	0.000021	0.000045	0.000004	-32.000000	44.000000	1.130000	21.741470
-331.524017	-343.345184	179.517548	132.121292	-151.999573	5.262468	271.533142	0.163058	0.159826	0.167543	0.180090	0.170364	-0.169411	0.185633	0.192507	0.000004	-32.000000	44.000000	1.130000	21.708881
-335.034943	-347.278748	179.698151	133.523102	-151.821167	5.262468	271.116089	0.325958	0.000004	0.000026	-0.000048	0.170364	-0.169411	0.185633	0.000045	0.000004	-32.000000	44.000000	1.130000	21.691873
202.528305	-332.505005	-321.674561	154.375137	-40.675945	5.262468	285.453827	0.325958	0.000004	0.000026	0.180090	0.170364	0.000031	0.185633	0.000045	0.175678	-28.000000	-44.000000	1.130000	22.269124
202.347794	-335.668335	-323.659088	152.622864	-41.746361	5.457375	286.253876	0.163058	0.000004	0.167543	0.180090	0.170364	0.000031	0.000021	0.192507	0.000004	-28.000000	-44.000000	1.130000	22.293160
203.430817	-334.132996	-323.117859	153.323776	-41.567959	5.847187	287.053925	0.163058	0.159826	0.000026	0.180090	0.170364	0.000031	0.185633	0.192507	0.175678	-28.000000	-44.000000	1.130000	22.309438
205.235901	-337.301666	-325.643616	152.973312	-42.459972	5.652281	287.600739	0.325958	0.159826	0.000026	-0.000048	0.170364	-0.169411	0.185633	0.192507	0.175678	-28.000000	-44.000000	1.130000	22.338841
220.037430	-317.923126	-312.374908	189.946259	-1.427225	6.237000	303.854706	0.000022	0.159826	0.000026	0.180090	0.170364	-0.169411	0.000021	0.000045	0.000004	-28.000000	-40.000000	1.130000	22.951187
220.037430	-315.045135	-307.241608	188.193985	1.251408	5.847187	304.494751	0.162962	0.159826	0.167543	0.180090	0.170364	-0.169411	0.185633	0.000045	0.000004	-28.000000	-40.000000	1.130000	22.990862
218.593369	-316.196320	-308.504486	188.719666	-0.000006	6.042093	305.045593	0.163058	0.000004	0.167543	0.180090	0.170364	-0.169411	0.185633	0.192507	0.000004	-28.000000	-40.000000	1.130000	23.004559
221.120468	-318.306854	-310.570343	188.369217	-1.427225	6.042093	305.614807	0.163058	0.159826	0.167543	0.180090	0.170364	-0.169411	0.000021	0.000045	0.000004	-28.000000	-40.000000	1.130000	23.026446
232.672882	-289.031769	-287.396301	221.837616	42.022717	6.237000	320.495544	0.163058	0.159826	0.167543	0.180090	0.170364	-0.169411	0.185633	-0.000003	0.000004	-28.000000	-36.000000	1.130000	23.584101
232.131363	-286.265137	-284.690094	222.888977	43.620747	5.847187	321.050110	0.325958	0.159826	0.167543	-0.000048	0.170364	-0.169411	0.000021	0.000045	0.000004	-28.000000	-36.000000	1.130000	23.619510
232.853394	-286.152954	-284.509705	223.239426	44.168556	6.042093	321.615570	0.163058	0.159826	0.167543	0.180090	0.170364	-0.169411	0.000021	0.192507	0.000004	-28.000000	-36.000000	1.130000	23.633390
235.741486	-290.869934	-289.922058	222.538528	42.011784	6.237000	322.330475	0.163058	0.159826	0.167543	0.180090	0.170364	-0.169411	0.185633	0.192507	0.175678	-28.000000	-36.000000	1.130000	23.652853
243.322769	-258.252594	-249.936035	256.532593	83.844803	6.821718	336.976318	0.163058	0.159826	0.167543	0.180090	0.170364	0.000031	0.185633	0.000045	0.000004	-28.000000	-32.000000	1.130000	24.173217
240.434647	-256.213409	-246.623184	258.284851	85.654793	7.016624	337.456360	0.163058	0.159826	0.000026	0.180090	0.170364	0.000031	0.185633	0.192507	0.000004	-28.000000	-32.000000	1.130000	24.183653
242.781250	-257.868866	-249.575104	256.707825	83.308479	7.016624	338.256378	0.163058	0.159826	0.167543	-0.000048	0.170364	-0.169411	0.185633	0.192507	0.175678	-28.000000	-32.000000	1.130000	24.212911
242.537247	-259.595673	-249.575104	257.408752	83.129707	7.016624	338.576385	0.000022	0.000004	0.167543	0.180090	0.170364	0.000031	0.000021	0.000045	0.000004	-28.000000	-32.000000	1.130000	24.224604
236.401642	-213.031357	-190.204025	274.931458	117.096687	6.626812	335.856293	0.163058	0.000004	0.167543	0.180090	0.170364	0.000031	0.000021	0.192507	0.175678	-28.000000	-28.000000	1.130000	24.139326
234.477936	-208.425278	-185.512085	275.982819	117.633003	6.821718	334.896240	0.163058	0.159826	0.167543	0.180090	0.170364	-0.169411	0.185633	0.192507	0.000004	-28.000000	-28.000000	1.130000	24.096947
235.860260	-212.071762	-189.793411	272.828735	114.981262	6.821718	334.013733	0.163058	0.159826	0.000026	0.180090	0.170364	-0.169411	0.185633	0.192507	0.000004	-28.000000	-28.000000	1.130000	24.064516
231.168335	-207.081833	-183.659409	272.828735	117.305931	6.821718	333.053467	0.163058	0.159826	0.167543	0.180090	0.170364	-0.169411	0.185633	0.192507	0.000004	-28.000000	-28.000000	1.130000	24.029177
210.776413	-158.717972	-121.417274	273.704865	136.797302	6.237000	313.527985	0.163058	0.159826	0.167543	0.180090	0.170364	-0.169411	0.000021	0.192507	0.175678	-28.000000	-24.000000	1.130000	23.321189
209.568039	-158.334122	-121.629524	273.354431	136.082016	5.847187	312.815155	0.163058	0.159826	0.000026	0.180090	0.170364	-0.169411	0.185633	0.192507	0.175678	-28.000000	-24.000000	1.130000	23.308928
209.748550	-156.606842	-119.973969	272.127838	136.260849	6.237000	312.247620	0.163058	0.159826	0.167543	0.180090	0.170364	0.000031	0.000021	0.192507	0.000004	-28.000000	-24.000000	1.130000	23.272553
209.874130	-155.263397	-118.530678	271.426910	137.154938	6.237000	311.127319	0.163058	0.159826	0.000026	0.180090	0.000032	-0.169411	0.185633	0.192507	0.000004	-28.000000	-24.000000	1.130000	23.229914
182.805237	-124.556175	-72.345207	268.623260	146.095947	5.652281	293.522369	0.163058	0.159826	0.167543	0.180090	0.170364	-0.169411	0.185633	0.192507	0.000004	-28.000000	-20.000000	1.130000	22.572208
183.033600	-123.212730	-71.461861	268.448059	146.095947	5.652281	292.974213	0.000022	0.159826	0.000026	0.180090	0.170364	-0.169411	0.185633	0.192507	0.000004	-28.000000	-20.000000	1.130000	22.550707
182.985703	-122.636978	-70.379105	266.520538	146.453583	5.457375	291.854126	0.326097	0.000004	0.167543	0.180090	0.170364	0.000031	0.000021	-0.000003	0.175678	-28.000000	-20.000000	1.130000	22.514371
181.950562	-122.986565	-71.461861	267.221466	145.700455	5.652281	291.441772	0.163058	0.159826	0.000026	0.180090	0.170364	-0.169411	0.000021	0.000045	0.000004	-28.000000	-20.000000	1.130000	22.490489
157.943192	-100.374237	-27.790724	260.562836	153.208954	5.262468	275.597351	0.163058	0.000004	0.167543	0.180090	0.170364	-0.169411	0.185633	0.192507	0.000004	-28.000000	-16.000000	1.130000	21.873930
156.097275	-100.182320	-26.888426	258.985779	152.851410	5.262468	274.893311	0.163058	0.159826	0.000026	0.180090	0.170364	-0.169411	0.185633	0.192507	0.000004	-28.000000	-16.000000	1.130000	21.845428
157.401657	-98.427620	-25.986128	258.810547	153.745270	5.262468	274.316986	0.163058	0.000004	0.167543	0.180090	0.170364	-0.169411	0.185633	0.192507	0.000004	-28.000000	-16.000000	1.130000	21.822068
156.277740	-99.962555	-27.429804	259.336212	151.957535	5.457375	273.613251	0.163058	0.159826	0.000026	0.180090	0.170364	-0.169411	0.000021	0.000045	0.000004	-28.000000	-16.000000	1.130000	21.785596
138.087463	-93.273201	6.140456	265.118744	160.538681	5.262468	274.477020	0.163058	0.000004	0.167543	0.180090	0.170364	0.000031	0.000021	0.192507	0.000004	-28.000000	-12.000000	1.130000	21.828557
137.365433	-94.232788	5.959855	266.345337	160.938004	5.262468	275.213348	0.163058	0.159826	0.167543	0.180090	0.170364	-0.169411	0.185633	0.192507	0.000004	-28.000000	-12.000000	1.130000	21.858388
138.448486	-93.848953	6.140456	266.170105	161.790085	5.262468	275.853363	0.000022	0.159826	0.000026	0.180090	0.170364	-0.169411	0.185633	0.192507	0.175678	-28.000000	-12.000000	1.130000	21.884285
138.990005	-92.863487	7.224063	267.571899	163.620300	5.457375	276.717651	0.163058	0.159826	0.000026	0.180090	0.170364	0.000031	0.185633	0.192507	0.000004	-28.000000	-12.000000	1.130000	21.911337
123.827454	-93.848953	43.344292	287.022156	181.144653	5.457375	293.614227	0.163058	0.159826	0.167543	0.180090	0.170364	-0.169411	0.185633	0.192507	0.000004	-28.000000	-8.000000	1.130000	22.583448
125.271515	-95.960083	41.177078	287.372589	179.535278	5.652281	294.322601	0.163058	0.159826	0.167543	0.180090	0.170364	-0.169411	0.000021	0.192507	0.000004	-28.000000	-8.000000	1.130000	22.603560
125.271515	-95.192398	42.802486	287.898285	181.276413	5.847187	294.962799	0.163058	0.000004	0.000026	0.180090	0.170364	-0.169411	0.185633	0.192507	0.000004	-28.000000	-8.000000	1.130000	22.620986
123.646935	-96.152000	44.066696	287.723022	180.787018	5.847187	295.374298	0.163058	0.159826	0.000026	0.180090	0.170364	0.000031	0.185633	-0.000003	0.000004	-28.000000	-8.000000	1.130000	22.637079
104.125015	-98.427620	79.464516	303.668701	194.556152	6.431905	311.215088	0.163058	0.000004	0.167543	0.180090	0.170364	-0.169411	0.000021	0.192507	0.000004	-28.000000	-4.000000	1.130000	23.225831
103.971741	-100.374237	78.019714	305.596222	194.505646	6.237000	311.927521	0.163058	0.000004	0.167543	0.180090	0.170364	-0.169411	0.185633	0.192507	0.000004	-28.000000	-4.000000	1.130000	23.260378
104.125015	-99.414635	78.742111	305.245758	195.578293	6.237000	312.335144	0.163058	0.159826	0.000026	0.180090	0.170364	-0.169411	0.185633	0.192507	0.175678	-28.000000	-4.000000	1.130000	23.275881
107.040344	-98.838882	77.839104	306.647583	196.880814	6.042093	313.135162	0.163058	0.159826	0.167543	0.180090	0.170364	-0.169411	0.185633	-0.000003	0.000004	-28.000000	-4.000000	1.130000	23.313678
76.153839	-104.212639	116.487747	319.964844	204.748886	6.626812	328.252106	0.163058	0.159826	0.167543	0.180090	0.170364	-0.169411	0.185633	0.192507	0.000004	-28.000000	0.000000	1.130000	23.858926
76.153839	-106.486015	117.029564	322.418030	205.642990	6.626812	328.732269	0.163058	0.159826	0.000026	0.180090	0.170364	-0.169411	0.185633	0.192507	0.000004	-28.000000	0.000000	1.130000	23.876729
77.798286	-104.020721	117.029564	322.067566	207.610016	6.626812	329.295959	0.162962	0.000004	0.167543	0.180090	0.170364	-0.169411	0.185633	0.192507	0.000004	-28.000000	0.000000	1.130000	23.897612
77.256775	-104.788391	117.029564	322.593262	207.788834	6.626812	329.852570	0.163058	0.000004	0.000026	0.180090	0.170364	-0.169411	0.185633	0.192507	0.175678	-28.000000	0.000000	1.130000	23.918215
44.573471	-109.778320	156.039398	335.384827	215.120453	6.626812	344.256592	0.000022	0.000004	0.000026	0.180090	0.170364	-0.169411	0.185633	0.192507	0.000004	-28.000000	4.000000	1.130000	24.445344
44.032093	-111.474556	156.761810	337.487549	215.779678	6.821718	344.736755	0.163058	0.159826	0.000026	0.180090	0.170364	-0.169411	0.185633	0.192507	0.000004	-28.000000	4.000000	1.130000	24.455668
40.603367	-111.313690	156.761810	336.085754	214.226349	6.237000	345.536987	0.163058	0.159826	0.167543	0.180090	0.170364	-0.169411	0.000021	0.192507	0.000004	-28.000000	4.000000	1.130000	24.505733
46.029152	-107.667206	157.664810	336.260986	218.696838	6.626812	346.017120	0.163058	0.159826	0.000026	0.180090	0.170364	-0.169411	0.185633	0.192507	0.000004	-28.000000	4.000000	1.130000	24.508995
4.873667	-103.636887	177.350342	316.285065	202.066589	6.237000	326.651672	0.163058	0.000004	0.000026	0.180090	0.170364	-0.169411	0.185633	0.192507	0.000004	-28.000000	8.000000	1.130000	23.813979
3.248306	-104.212639	175.363724	312.955750	199.205475	6.042093	325.775787	0.163058	0.159826	0.167543	0.180090	0.170364	-0.169411	0.000021	0.192507	0.000004	-28.000000	8.000000	1.130000	23.788660
3.068594	-103.828804	175.905518	312.605316	197.953735	6.431905	324.975739	0.163058	0.000004	0.167543	0.180090	0.170364	0.000031	0.000021	0.192507	0.000004	-28.000000	8.000000	1.130000	23.744355
4.693152	-103.061119	174.641327	311.729156	198.847839	6.237000	324.335724	0.163058	0.000004	0.000026	0.180090	0.170364	-0.169411	0.000021	0.192507	0.000004	-28.000000	8.000000	1.130000	23.727760
-31.178614	-100.374237	185.116180	287.723022	176.495346	5.652281	305.525726	0.163058	0.159826	0.167543	0.180090	0.170364	-0.169411	0.000021	0.192507	0.000004	-28.000000	12.000000	1.130000	23.038000
-30.990288	-97.495438	187.102798	286.671661	177.925888	5.652281	304.654755	0.163058	0.159826	0.167543	0.180090	0.170364	-0.169411	0.185633	0.192507	0.000004	-28.000000	12.000000	1.130000	23.004519
-30.637945	-100.374237	184.213181	288.248718	176.137695	6.042093	303.925293	0.163058	0.159826	0.167543	0.180090	0.170364	-0.169411	0.185633	0.192507	0.000004	-28.000000	12.000000	1.130000	22.961422
-31.710993	-99.414635	185.116180	287.547821	176.495346	5.847187	302.894653	0.162962	0.159826	0.167543	0.180090	0.170364	-0.169411	0.000021	0.192507	0.000004	-28.000000	12.000000	1.130000	22.929189
-62.717678	-97.111603	190.534225	263.541687	151.997009	5.457375	286.320343	0.163058	0.159826	0.000026	0.180090	0.170364	-0.169411	0.185633	-0.000003	0.000004	-28.000000	16.000000	1.130000	22.295798
-62.357227	-95.960083	190.353622	261.438965	150.208801	5.847187	285.840210	0.163058	0.000004	0.167543	0.180090	0.170364	-0.169411	0.185633	-0.000003	0.000004	-28.000000	16.000000	1.130000	22.261241
-62.177010	-95.384315	191.798431	261.614197	150.745255	5.847187	285.133820	0.163058	0.159826	0.167543	0.180090	0.170364	-0.169411	0.185633	0.192507	0.000004	-28.000000	16.000000	1.130000	22.233142
-65.421021	-96.535835	191.437225	261.263733	148.957062	5.262468	284.399811	0.163058	0.000004	0.000026	0.180090	0.170364	-0.169411	0.185633	0.192507	0.000004	-28.000000	16.000000	1.130000	22.227199
-92.995171	-105.364159	191.437225	236.731934	119.809395	5.262468	269.035522	0.163058	0.159826	0.167543	0.180090	0.170364	-0.169411	0.185633	0.192507	0.000004	-28.000000	20.000000	1.130000	21.606826
-92.094055	-104.596474	191.798431	236.556702	120.167046	5.067563	268.395325	0.163058	0.159826	0.000026	0.180090	0.170364	-0.169411	0.185633	0.192507	0.000004	-28.000000	20.000000	1.130000	21.588581
-93.175392	-105.364159	191.798431	235.680557	118.915298	5.067563	267.915192	0.163058	0.000004	0.167543	0.180090	0.170364	-0.169411	0.185633	0.192507	0.000004	-28.000000	20.000000	1.130000	21.568890
-88.850044	-101.141922	190.714813	233.928284	120.345863	5.457375	267.275024	0.163058	0.000004	0.167543	0.180090	0.170364	-0.169411	0.185633	0.192507	0.000004	-28.000000	20.000000	1.130000	21.526590
-133.184952	-140.485550	211.483948	234.103500	96.180183	5.457375	281.999146	0.163058	0.000004	0.167543	0.180090	0.170364	-0.169411	0.185633	-0.000003	0.000004	-28.000000	24.000000	1.130000	22.123618
-134.266296	-141.445145	211.664551	234.453979	93.522873	5.262468	282.479279	0.163058	0.159826	0.000026	0.180090	0.170364	-0.169411	0.000021	0.192507	0.175678	-28.000000	24.000000	1.130000	22.150603
-134.626740	-142.020905	212.025757	235.154892	94.416969	5.652281	283.439545	0.163058	0.000004	0.167543	0.180090	0.170364	-0.169411	0.185633	0.192507	0.175678	-28.000000	24.000000	1.130000	22.173382
-133.725616	-141.253235	214.373566	236.206253	97.278084	5.457375	284.239777	0.163058	0.000004	0.000026	0.180090	0.170364	0.000031	0.185633	0.192507	0.000004	-28.000000	24.000000	1.130000	22.213064
-184.139969	-192.495911	232.072495	230.423752	61.514091	5.847187	300.564331	0.163058	0.159826	0.167543	0.180090	0.170364	0.000031	0.185633	0.192507	0.000004	-28.000000	28.000000	1.130000	22.839073
-184.368332	-192.303986	230.808273	232.000778	60.619999	5.847187	301.044464	0.163058	0.159826	0.167543	0.180090	0.170364	-0.169411	0.185633	0.192507	0.000004	-28.000000	28.000000	1.130000	22.857669
-188.824554	-197.869675	232.072495	232.876938	59.010616	6.237000	301.844727	-0.000035	0.159826	0.167543	0.180090	0.170364	0.000031	0.185633	0.192507	0.000004	-28.000000	28.000000	1.130000	22.873555
-185.990356	-194.990875	234.420303	233.052170	61.498104	5.652281	302.254639	0.163058	0.159826	0.167543	0.180090	0.170364	-0.169411	0.000021	0.192507	0.000004	-28.000000	28.000000	1.130000	22.912004
-239.994568	-249.304291	247.965378	223.064209	18.418480	6.237000	317.369080	0.163058	0.159826	0.000026	0.180090	0.170364	-0.169411	0.185633	0.192507	0.175678	-28.000000	32.000000	1.130000	23.466492
-240.778229	-251.031570	248.507187	223.414642	16.093821	6.237000	318.169281	0.163058	0.000004	0.167543	0.180090	0.170364	-0.169411	0.185633	0.192507	0.175678	-28.000000	32.000000	1.130000	23.496649
-240.778229	-251.031570	249.229599	223.940338	17.341028	6.042093	318.649414	0.163058	0.159826	0.167543	0.180090	0.170364	-0.169411	0.185633	0.192507	0.000004	-28.000000	32.000000	1.130000	23.522060
-242.877396	-253.526535	248.145966	224.466034	13.590342	6.431905	319.215454	0.163058	0.000004	0.000026	0.180090	0.170364	0.000031	0.000021	0.192507	0.000004	-28.000000	32.000000	1.130000	23.528689
-296.750031	-308.607635	260.426849	206.417618	-38.356701	6.626812	333.533600	0.162962	0.159826	0.000026	0.180090	0.170364	-0.169411	0.000021	0.192507	0.000004	-28.000000	36.000000	1.130000	24.054025
-295.668976	-308.991455	262.232880	208.345123	-37.821487	6.626812	334.173798	0.162962	0.000004	0.167543	0.180090	0.170364	-0.169411	0.185633	0.192507	0.000004	-28.000000	36.000000	1.130000	24.077566
-297.831116	-309.951050	260.788055	209.221252	-36.929474	6.821718	334.973999	0.162962	0.159826	0.167543	0.180090	0.170364	-0.169411	0.000021	0.192507	0.000004	-28.000000	36.000000	1.130000	24.099803
-297.290558	-309.951050	261.510468	209.571716	-37.107876	6.626812	335.454132	0.162962	0.159826	0.167543	0.180090	0.170364	-0.169411	0.000021	0.192507	0.000004	-28.000000	36.000000	1.130000	24.124578
-350.894592	-369.535278	264.941895	183.462860	-104.722702	7.016624	343.456390	0.163058	0.000004	0.000026	0.180090	0.170364	-0.169411	0.185633	0.192507	0.000004	-28.000000	40.000000	1.130000	24.402225
-350.442505	-368.870544	265.122498	182.411484	-104.365898	6.821718	342.336060	0.162962	0.159826	0.167543	0.180090	0.170364	0.000031	0.000021	0.192507	0.000004	-28.000000	40.000000	1.130000	24.368642
-345.757935	-365.032135	262.052246	183.112396	-105.971535	6.821718	341.215759	-0.000035	0.000004	0.000026	0.180090	0.170364	-0.169411	0.000021	0.192507	0.000004	-28.000000	40.000000	1.130000	24.327924
-342.694946	-361.961426	261.510468	181.184906	-103.830688	6.626812	340.255493	0.162962	0.000004	0.167543	0.180090	0.170364	-0.169411	0.000021	0.192507	0.000004	-28.000000	40.000000	1.130000	24.300067
-357.382629	-379.618073	238.935318	143.160599	-152.177979	6.431905	319.449677	0.163058	0.159826	0.000026	-0.000039	0.170364	-0.169411	0.000021	0.192507	0.000004	-28.000000	44.000000	1.130000	23.537496
-355.219971	-377.506958	236.045700	141.583557	-155.746033	6.431905	318.489380	0.163058	0.159826	0.000026	0.180090	0.000032	-0.169411	0.185633	0.192507	0.000004	-28.000000	44.000000	1.130000	23.501364
-358.824432	-381.345367	237.851715	140.356949	-156.994873	6.237000	317.689178	0.163058	0.159826	0.000026	0.180090	0.170364	-0.169411	0.185633	0.192507	0.000004	-28.000000	44.000000	1.130000	23.478560
-360.352203	-381.345367	236.768112	141.934006	-153.248383	6.237000	316.888916	0.162962	0.159826	0.000026	0.180090	0.170364	-0.169411	0.185633	0.192507	0.000004	-28.000000	44.000000	1.130000	23.448377
228.822357	-314.749054	-305.156555	138.604691	-24.262842	5.652281	292.081970	0.162962	0.159826	0.000026	0.180090	0.170364	-0.169411	0.000021	0.192507	0.000004	-24.000000	-44.000000	1.130000	22.515666
227.920044	-312.359009	-304.434723	138.779907	-24.262842	5.457375	291.281738	0.162962	0.159826	0.167543	0.180090	0.170364	-0.169411	0.185633	0.192507	0.000004	-24.000000	-44.000000	1.130000	22.491862
227.979721	-310.718719	-302.190063	138.955154	-23.192425	5.457375	290.641571	0.163058	0.159826	0.000026	0.180090	0.170364	-0.169411	0.185633	0.192507	0.000004	-24.000000	-44.000000	1.130000	22.466660
227.198196	-310.334900	-301.727814	139.480835	-22.657213	5.652281	290.001404	0.162962	0.000004	0.167543	0.180090	0.170364	-0.169411	0.000021	0.192507	0.000004	-24.000000	-44.000000	1.130000	22.433742
219.618927	-249.688126	-250.657867	155.601730	19.670219	5.262468	273.996918	0.163058	0.159826	0.000026	0.180090	0.170364	-0.169411	0.000021	-0.000003	0.000004	-24.000000	-40.000000	1.130000	21.809085
217.871368	-248.920456	-249.214188	157.003540	20.743139	5.262468	273.676819	0.163058	0.000004	0.000026	0.180090	0.170364	-0.169411	0.000021	0.192507	0.000004	-24.000000	-40.000000	1.130000	21.796092
217.994812	-250.839661	-250.838318	155.776962	18.776119	5.262468	272.973236	0.162962	0.000004	0.167543	0.180090	0.170364	-0.169411	0.000021	0.192507	0.000004	-24.000000	-40.000000	1.130000	21.767507
218.051849	-248.152756	-248.311905	153.323776	19.133760	5.067563	272.236420	0.163058	0.159826	0.167543	0.180090	0.170364	-0.169411	0.185633	0.192507	0.000004	-24.000000	-40.000000	1.130000	21.745465
222.145355	-205.297379	-215.829239	178.556503	58.295334	5.457375	275.917450	0.162962	0.000004	0.000026	0.180090	0.170364	-0.169411	0.000021	-0.000003	0.000004	-24.000000	-36.000000	1.130000	21.878995
221.603958	-208.041443	-217.092438	178.906937	57.401234	5.262468	276.717651	0.162962	0.159826	0.167543	0.180090	0.170364	-0.169411	0.185633	0.192507	0.000004	-24.000000	-36.000000	1.130000	21.919207
223.228119	-209.710327	-219.979797	180.659225	57.937691	5.457375	277.517883	0.162962	0.159826	0.000026	0.180090	0.170364	-0.169411	0.000021	0.192507	0.000004	-24.000000	-36.000000	1.130000	21.943633
224.730591	-208.617203	-219.618866	180.483994	58.116516	5.457375	278.158051	0.163058	0.159826	0.167543	0.180090	0.170364	-0.169411	0.185633	0.192507	0.000004	-24.000000	-36.000000	1.130000	21.969435
235.860260	-173.687744	-187.677612	212.375351	101.927406	5.652281	294.802734	0.162962	0.159826	0.000026	0.180090	0.170364	-0.169411	0.185633	-0.000003	0.000004	-24.000000	-32.000000	1.130000	22.622350
236.824539	-173.495804	-188.038513	211.674438	101.569771	6.042093	295.442902	0.163058	0.000004	0.000026	0.180090	0.170364	-0.169411	0.000021	0.192507	0.000004	-24.000000	-32.000000	1.130000	22.632142
236.582108	-175.749908	-190.023575	212.550568	100.854492	5.652281	296.243134	0.162962	0.159826	0.000026	0.180090	0.170364	0.000031	0.000021	0.192507	0.000004	-24.000000	-32.000000	1.130000	22.678626
236.943008	-175.990768	-189.301743	213.426712	102.106224	5.847187	296.883331	0.162962	0.159826	0.167543	0.180090	0.170364	-0.169411	0.185633	0.192507	0.000004	-24.000000	-32.000000	1.130000	22.695995
243.683777	-142.404755	-140.938660	243.040100	142.340729	6.431905	312.407654	0.163058	0.000004	0.000026	0.180090	0.170364	-0.169411	0.185633	0.192507	0.000004	-24.000000	-28.000000	1.130000	23.271226
244.522308	-145.243103	-142.021423	244.967606	141.088974	6.431905	313.047852	0.162962	0.000004	0.000026	0.180090	0.170364	-0.169411	0.185633	-0.000003	0.000004	-24.000000	-28.000000	1.130000	23.295559
244.225311	-142.940704	-139.314529	246.544647	144.128922	6.237000	313.527985	0.162962	0.000004	0.167543	0.180090	0.170364	-0.169411	0.000021	0.192507	0.000004	-24.000000	-28.000000	1.130000	23.321189
246.868271	-147.394684	-143.826004	245.493286	140.910156	6.237000	314.328217	0.162962	0.000004	0.167543	0.180090	0.170364	-0.169411	0.185633	0.192507	0.000004	-24.000000	-28.000000	1.130000	23.351535
245.965988	-117.614296	-82.108955	273.704865	179.177643	6.431905	329.052368	0.162962	0.159826	0.000026	0.180090	0.170364	-0.169411	0.185633	-0.000003	0.000004	-24.000000	-24.000000	1.130000	23.895808
248.737961	-119.374329	-86.439972	274.756226	179.892914	6.626812	329.532471	0.162962	0.000004	0.000026	0.180090	0.170364	-0.169411	0.185633	0.192507	0.000004	-24.000000	-24.000000	1.130000	23.906369
246.932892	-118.414726	-81.748032	276.683746	181.323471	6.821718	330.332703	0.163058	0.159826	0.000026	0.180090	0.170364	-0.169411	0.185633	-0.000003	0.000004	-24.000000	-24.000000	1.130000	23.928765
249.820999	-119.566246	-85.176758	275.807587	180.787018	6.431905	330.972900	0.163058	0.000004	0.000026	0.180090	0.170364	-0.169411	0.000021	0.192507	-0.175361	-24.000000	-24.000000	1.130000	23.966828
244.883209	-93.247223	-34.467712	302.967804	215.835724	7.016624	345.056854	0.162962	0.000004	0.167543	0.180090	0.170364	-0.169411	0.185633	0.192507	0.000004	-24.000000	-20.000000	1.130000	24.460198
242.898178	-94.616638	-34.828632	304.544861	217.087463	7.016624	345.697021	0.163058	0.159826	0.167543	0.180090	0.170364	-0.169411	0.185633	0.192507	0.175678	-24.000000	-20.000000	1.130000	24.483348
243.259094	-97.276421	-36.452766	304.369629	215.299271	6.821718	346.497223	0.162962	0.000004	0.167543	0.180090	0.170364	-0.169411	0.185633	0.192507	0.175678	-24.000000	-20.000000	1.130000	24.519290
243.980927	-96.727753	-36.452766	305.771423	215.656906	6.821718	346.657288	0.162962	0.000004	0.000026	0.180090	0.170364	-0.169411	0.185633	0.192507	0.000004	-24.000000	-20.000000	1.130000	24.525067
213.844238	-69.858940	8.127069	297.710999	221.557983	6.431905	326.971771	0.163058	0.159826	0.000026	0.180090	0.170364	-0.169411	0.185633	0.192507	0.000004	-24.000000	-16.000000	1.130000	23.818631
212.456146	-69.091255	9.571877	298.411896	221.379166	6.431905	326.171539	0.163058	0.000004	0.000026	0.180090	0.170364	-0.169411	0.185633	0.192507	0.000004	-24.000000	-16.000000	1.130000	23.788881
211.498260	-70.415085	8.307670	297.535767	220.306229	6.431905	325.691406	0.325962	0.000004	0.167543	0.180090	0.170364	-0.169411	0.000021	0.192507	0.000004	-24.000000	-16.000000	1.130000	23.771013
211.914642	-68.323578	9.030075	296.133942	221.021500	6.042093	324.571106	0.163058	0.000004	0.000026	0.180090	0.170364	-0.169411	0.000021	0.192507	0.000004	-24.000000	-16.000000	1.130000	23.743803
179.917892	-55.065750	44.247295	285.795563	219.412125	6.042093	305.845856	0.162962	0.159826	0.000026	0.180090	0.170364	-0.169411	0.185633	0.192507	0.000004	-24.000000	-12.000000	1.130000	23.035324
178.293762	-55.833218	43.163689	284.043274	216.551010	6.042093	305.205658	0.162962	0.159826	0.000026	0.180090	0.170364	0.000031	0.185633	0.192507	0.000004	-24.000000	-12.000000	1.130000	23.010716
177.618408	-57.751884	41.538280	284.043274	216.014542	6.042093	304.405426	0.163058	0.000004	0.167543	0.180090	0.170364	-0.169411	0.000021	0.192507	0.000004	-24.000000	-12.000000	1.130000	22.979920
177.030548	-55.464920	44.427898	285.445099	218.518005	6.237000	303.605225	0.162962	0.159826	0.000026	0.180090	0.170364	-0.169411	0.000021	0.192507	0.000004	-24.000000	-12.000000	1.130000	22.941566
145.269730	-50.091164	70.615067	272.303070	211.186417	5.457375	286.800476	0.162962	0.159826	0.000026	0.180090	0.170364	-0.169411	0.185633	0.192507	0.000004	-24.000000	-8.000000	1.130000	22.314847
146.532928	-49.309750	69.170250	270.375549	210.292313	5.457375	286.000275	0.162962	0.159826	0.167543	0.180090	0.170364	-0.169411	0.000021	0.192507	0.000004	-24.000000	-8.000000	1.130000	22.283090
145.488235	-51.434605	68.628448	271.777374	209.219391	5.457375	285.360107	0.163058	0.000004	0.000026	0.180090	0.170364	0.000031	0.185633	-0.000003	0.175678	-24.000000	-8.000000	1.130000	22.257652
144.186966	-49.885342	70.253860	270.726013	209.934662	5.262468	284.719910	0.325962	0.000004	0.000026	0.180090	0.170364	-0.169411	0.185633	0.192507	0.000004	-24.000000	-8.000000	1.130000	22.239940
113.899605	-45.676998	91.925995	257.934418	200.814850	5.457375	269.515656	0.163058	0.159826	0.167543	0.180090	0.170364	-0.169411	0.185633	0.192507	0.175678	-24.000000	-4.000000	1.130000	21.618506
114.952568	-43.745609	91.564796	256.182129	201.351318	5.457375	268.875458	0.325962	0.000004	0.167543	0.180090	0.170364	0.000031	0.185633	0.192507	0.000004	-24.000000	-4.000000	1.130000	21.592284
113.147972	-44.896812	91.203590	256.357391	200.278381	5.262468	268.235291	0.162962	0.159826	0.167543	0.180090	0.170364	0.000031	0.000021	0.192507	0.175678	-24.000000	-4.000000	1.130000	21.574026
113.328430	-44.129345	90.842392	254.780319	200.457199	4.872656	267.595093	0.162962	0.159826	0.167543	0.180090	0.170364	-0.169411	0.185633	0.192507	0.000004	-24.000000	-4.000000	1.130000	21.563754
93.863380	-46.060837	122.628197	268.272827	212.974609	5.262468	281.519012	0.162962	0.000004	0.167543	0.180090	0.170364	-0.169411	0.185633	-0.000003	0.000004	-24.000000	0.000000	1.130000	22.112205
95.282516	-44.513077	123.531197	268.798492	213.868713	5.262468	282.319214	0.162962	0.159826	0.000026	0.180090	0.170364	-0.169411	0.185633	0.192507	0.000004	-24.000000	0.000000	1.130000	22.144207
94.380219	-46.431744	123.892395	271.076477	213.511078	5.262468	282.959412	0.162962	0.159826	0.167543	0.180090	0.170364	-0.169411	0.185633	0.192507	0.000004	-24.000000	0.000000	1.130000	22.169777
95.307434	-46.828518	122.628197	270.901215	214.583984	5.652281	283.759644	0.163058	0.159826	0.167543	0.180090	0.170364	-0.169411	0.185633	0.192507	0.000004	-24.000000	0.000000	1.130000	22.186154
68.953476	-49.515400	158.026016	285.620300	224.776718	6.042093	300.084229	0.163058	0.000004	0.000026	0.180090	0.170364	-0.169411	0.000021	0.192507	0.000004	-24.000000	4.000000	1.130000	22.812904
67.852707	-49.501610	157.845413	285.269867	224.419083	5.847187	300.564331	0.162962	0.000004	0.000026	0.180090	0.170364	-0.169411	0.185633	-0.000003	0.000004	-24.000000	4.000000	1.130000	22.839073
69.133987	-49.117882	158.929016	284.919403	224.776718	5.847187	301.524628	0.162962	0.159826	0.000026	0.180090	0.170364	-0.169411	0.185633	0.192507	0.000004	-24.000000	4.000000	1.130000	22.876252
69.837761	-49.707321	158.567810	286.145996	225.670822	6.042093	302.164795	0.162962	0.000004	0.000026	0.180090	0.170364	-0.169411	0.185633	0.192507	0.000004	-24.000000	4.000000	1.130000	22.893471
42.768879	-50.077209	191.798431	296.659637	232.644806	6.237000	317.369080	0.162962	0.159826	0.000026	0.180090	0.170364	-0.169411	0.000021	0.192507	0.000004	-24.000000	8.000000	1.130000	23.466492
43.321556	-48.939640	193.423843	297.535767	234.075348	6.042093	317.849213	0.162962	0.159826	0.000026	0.180090	0.170364	-0.169411	0.185633	0.192507	0.000004	-24.000000	8.000000	1.130000	23.491935
41.325203	-50.652809	192.520828	297.710999	232.644806	6.431905	318.329346	0.162962	0.000004	0.167543	0.180090	0.170364	-0.169411	0.185633	0.192507	0.000004	-24.000000	8.000000	1.130000	23.495337
39.701069	-50.844677	193.785049	298.411896	231.035431	6.237000	318.969513	0.162962	0.159826	0.167543	0.180090	0.170364	-0.169411	0.185633	0.192507	0.000004	-24.000000	8.000000	1.130000	23.526769
9.747342	-49.323479	225.932037	305.070557	233.538895	6.626812	333.693665	0.163058	0.159826	0.000026	0.180090	0.170364	-0.169411	0.000021	0.192507	0.000004	-24.000000	12.000000	1.130000	24.059913
7.759787	-50.844677	226.112656	305.420990	232.465988	6.626812	334.333832	0.162962	0.000004	0.000026	0.180090	0.170364	-0.169411	0.185633	0.192507	0.000004	-24.000000	12.000000	1.130000	24.083448
9.566836	-50.474998	226.473862	306.121918	235.148270	6.821718	334.813965	0.162962	0.159826	0.167543	0.180090	0.170364	-0.169411	0.000021	0.192507	0.000004	-24.000000	12.000000	1.130000	24.093926
9.744839	-50.460941	227.015656	306.822784	234.075348	6.821718	335.454132	0.162962	0.000004	0.000026	0.180090	0.170364	-0.169411	0.000021	0.192507	0.000004	-24.000000	12.000000	1.130000	24.117427
-32.440178	-58.135620	256.092438	306.121918	221.379166	6.821718	346.497223	0.162962	0.159826	0.167543	0.180090	0.170364	-0.169411	0.185633	0.192507	0.000004	-24.000000	16.000000	1.130000	24.519290
-28.835714	-56.232605	254.828232	305.596222	221.557983	7.016624	345.376923	0.162962	0.159826	0.167543	0.180090	0.170364	-0.169411	0.185633	0.192507	0.000004	-24.000000	16.000000	1.130000	24.471775
-30.269585	-58.151802	252.299805	303.493500	219.590958	6.821718	344.256592	0.163058	0.159826	0.167543	0.180090	0.170364	-0.169411	0.000021	0.192507	0.000004	-24.000000	16.000000	1.130000	24.438287
-30.818171	-58.535648	253.022217	303.843964	218.875656	7.016624	342.976257	0.163058	0.000004	0.000026	0.180090	0.170364	-0.169411	0.185633	0.192507	0.000004	-24.000000	16.000000	1.130000	24.384807
-67.944145	-77.514153	250.854996	269.674622	173.991852	6.626812	321.210144	0.162962	0.159826	0.167543	0.180090	0.170364	-0.169411	0.185633	0.192507	0.000004	-24.000000	20.000000	1.130000	23.596285
-67.223259	-76.554817	249.951981	269.674622	174.707138	6.626812	319.929779	0.162962	0.159826	0.167543	0.180090	0.170364	0.169775	0.000021	0.192507	0.000004	-24.000000	20.000000	1.130000	23.548217
-65.601257	-74.828018	250.132599	268.623260	174.528320	6.626812	319.769745	0.162962	0.159826	0.000026	0.180090	0.170364	0.000031	0.185633	0.192507	0.000004	-24.000000	20.000000	1.130000	23.542203
-65.060585	-73.293083	249.410187	267.571899	174.707138	6.431905	318.809479	0.162962	0.159826	0.167543	0.180090	0.170364	-0.169411	0.000021	0.192507	0.000004	-24.000000	20.000000	1.130000	23.513414
-97.861206	-102.264961	244.172760	235.680557	129.644501	5.652281	300.404297	0.325962	0.159826	0.167543	0.180090	0.170364	-0.169411	0.185633	-0.000003	0.175636	-24.000000	24.000000	1.130000	22.840424
-97.835625	-102.485359	243.992142	235.855789	130.538605	5.652281	299.924164	0.162962	0.159826	0.000026	0.180090	0.170364	0.000031	0.185633	0.192507	0.000004	-24.000000	24.000000	1.130000	22.821814
-96.033859	-100.566154	243.269760	235.680557	131.432693	5.457375	298.803833	0.162962	0.000004	0.167543	0.180090	0.170364	-0.169411	0.000021	0.192507	0.000004	-24.000000	24.000000	1.130000	22.785901
-101.826103	-107.253487	242.547333	235.680557	127.677475	5.652281	298.163666	0.325962	0.000004	0.167543	0.180090	0.170364	-0.169411	0.185633	0.192507	0.000004	-24.000000	24.000000	1.130000	22.753445
-132.283829	-136.071381	235.684494	205.366257	83.866592	5.457375	281.519012	0.162962	0.159826	0.000026	0.180090	0.170364	-0.169411	0.185633	0.192507	0.000004	-24.000000	28.000000	1.130000	22.104404
-132.103607	-136.609100	234.600891	205.191025	83.866592	5.457375	281.198914	0.162962	0.159826	0.167543	0.180090	0.170364	-0.169411	0.185633	0.192507	0.000004	-24.000000	28.000000	1.130000	22.091585
-129.580490	-133.960266	235.865112	203.964447	84.403053	5.457375	280.558746	0.162962	0.159826	0.000026	0.180090	0.170364	-0.169411	0.185633	0.192507	0.000004	-24.000000	28.000000	1.130000	22.065926
-129.906952	-133.922958	235.503906	203.263535	84.045410	5.262468	279.758514	0.162962	0.000004	0.000026	0.180090	0.170364	-0.169411	0.185633	0.192507	0.000004	-24.000000	28.000000	1.130000	22.041635
-160.218430	-166.586685	226.473862	175.577621	37.731037	5.067563	266.634827	0.162962	0.000004	0.000026	0.180090	0.170364	0.000031	0.185633	0.192507	0.000004	-24.000000	32.000000	1.130000	21.516294
-162.381104	-168.122055	225.570847	174.876724	37.373398	5.067563	267.435059	0.162962	0.159826	0.000026	0.180090	0.170364	0.000031	0.185633	-0.000003	0.000004	-24.000000	32.000000	1.130000	21.549182
-161.660217	-167.930130	227.376846	175.752869	38.446316	5.067563	267.915192	0.162962	0.000004	0.000026	0.180090	0.170364	0.000031	0.185633	-0.000003	0.000004	-24.000000	32.000000	1.130000	21.568890
-163.642685	-169.849319	228.279846	176.628998	38.625137	5.457375	268.715393	0.163058	0.000004	0.000026	0.180090	0.170364	-0.169411	0.185633	0.192507	0.000004	-24.000000	32.000000	1.130000	21.585722
-214.465622	-226.594574	244.353348	164.713547	-11.953016	5.652281	286.640442	0.162962	0.159826	0.167543	0.180090	0.170364	0.000031	0.185633	0.192507	0.000004	-24.000000	36.000000	1.130000	22.300766
-213.204056	-224.738510	243.269760	163.837402	-9.990582	5.847187	287.280609	0.162962	0.159826	0.167543	0.180090	0.170364	-0.169411	0.185633	0.192507	0.351265	-24.000000	36.000000	1.130000	22.318428
-215.546982	-227.553909	243.450348	164.888779	-13.198423	5.652281	287.920807	0.162962	0.159826	0.167543	0.180090	0.170364	0.169775	0.000021	0.192507	0.000004	-24.000000	36.000000	1.130000	22.351517
-215.366730	-226.657715	244.895157	166.115356	-8.741758	5.652281	288.721039	0.325962	0.000004	0.167543	0.180090	0.000032	0.169775	0.000021	-0.000003	0.000004	-24.000000	36.000000	1.130000	22.383178
-271.055725	-287.032593	255.731232	146.314697	-71.342827	6.042093	304.725525	0.162962	0.000004	0.167543	0.180090	0.170364	-0.169411	0.000021	0.192507	0.000004	-24.000000	40.000000	1.130000	22.992243
-269.794159	-285.385254	257.176056	146.665131	-68.685249	6.042093	305.365692	0.162962	0.159826	0.000026	0.180090	0.170364	-0.169411	0.185633	0.192507	0.000004	-24.000000	40.000000	1.130000	23.016870
-273.218384	-289.031769	256.995453	148.242187	-69.577271	5.847187	305.845856	0.162962	0.159826	0.167543	0.180090	0.170364	0.000031	0.000021	0.192507	0.000004	-24.000000	40.000000	1.130000	23.042810
-271.956848	-287.224457	257.356628	147.190811	-68.863655	6.042093	306.486023	0.162962	0.159826	0.000026	0.180090	0.170364	0.000031	0.185633	-0.000003	0.000004	-24.000000	40.000000	1.130000	23.059904
-332.331604	-350.830048	263.135895	123.184700	-138.084122	6.431905	321.690277	0.325962	0.000004	0.000026	0.180090	0.000032	0.000031	0.185633	-0.000003	0.000004	-24.000000	44.000000	1.130000	23.621588
-332.692078	-349.678528	264.761292	123.184700	-136.835297	6.042093	322.490509	0.162962	0.159826	0.000026	-0.000039	0.340695	0.000031	0.000021	0.192507	0.000004	-24.000000	44.000000	1.130000	23.666130
-335.668060	-353.418488	263.858276	122.659012	-139.475235	6.626812	322.970642	0.162962	0.159826	0.000026	0.360219	0.170364	-0.169411	0.185633	-0.000003	0.000004	-24.000000	44.000000	1.130000	23.662219
-330.889832	-348.621826	264.580688	122.834236	-139.118515	6.237000	323.610809	0.162962	0.159826	0.000026	0.180090	0.170364	-0.169411	0.185633	-0.000003	0.000004	-24.000000	44.000000	1.130000	23.700708
293.684082	-330.202606	-338.361053	137.378098	-16.587210	6.821718	343.936523	0.325962	0.000004	0.167543	0.180090	0.000032	0.000031	0.000021	0.192507	0.175678	-20.000000	-44.000000	1.130000	24.426694
293.323090	-326.072357	-334.390961	138.079010	-13.380244	6.821718	344.256592	0.325962	0.000004	0.000026	0.360219	0.000032	-0.169411	0.185633	-0.000003	0.175678	-20.000000	-44.000000	1.130000	24.438287
294.406128	-332.405701	-340.526550	136.326736	-18.018728	6.626812	345.216888	0.162962	0.000004	0.167543	0.180090	0.170364	-0.169411	0.185633	0.192507	0.000004	-20.000000	-44.000000	1.130000	24.480084
294.947632	-328.375397	-337.278290	140.181732	-13.737051	6.821718	345.536987	0.325962	0.000004	0.167543	0.180090	0.000032	-0.169411	0.185633	0.192507	0.000004	-20.000000	-44.000000	1.130000	24.484609
288.268890	-261.203339	-275.380798	161.559464	37.373398	6.431905	330.332703	0.162962	0.000004	0.000026	0.180090	0.170364	-0.169411	0.185633	-0.000003	0.175678	-20.000000	-40.000000	1.130000	23.943177
287.907898	-257.677002	-272.673889	165.414459	41.486256	6.042093	329.372437	0.162962	0.000004	0.000026	0.180090	0.170364	0.000031	0.000021	0.192507	0.000004	-20.000000	-40.000000	1.130000	23.922084
286.824829	-261.514343	-274.478485	162.610825	38.267498	6.237000	328.572205	0.162962	0.000004	0.167543	0.180090	0.170364	0.000031	0.185633	0.192507	0.000004	-20.000000	-40.000000	1.130000	23.885242
285.200287	-256.405334	-270.327911	162.085144	39.698059	6.237000	327.611938	0.162962	0.159826	0.000026	0.180090	0.170364	-0.169411	0.000021	0.192507	0.000004	-20.000000	-40.000000	1.130000	23.849637
270.218231	-185.151367	-206.084457	181.710587	86.727707	5.847187	308.566589	0.162962	0.000004	0.167543	0.180090	0.170364	0.000031	0.185633	-0.000003	0.175678	-20.000000	-36.000000	1.130000	23.147063
268.774200	-186.302567	-206.986740	180.834442	84.760689	5.847187	308.086487	0.162962	0.000004	0.000026	0.180090	0.170364	0.000031	0.185633	-0.000003	0.175678	-20.000000	-36.000000	1.130000	23.128701
269.315704	-187.697906	-208.430420	179.082184	83.330132	5.652281	307.286224	0.162962	0.159826	0.167543	0.180090	0.170364	-0.169411	0.185633	0.192507	0.000004	-20.000000	-36.000000	1.130000	23.105527
267.691132	-183.283737	-203.558014	177.855576	84.760689	6.237000	306.806091	0.325962	0.159826	0.167543	0.180090	0.170364	-0.169411	0.000021	0.192507	0.000004	-20.000000	-36.000000	1.130000	23.064707
250.723541	-125.672699	-150.322556	191.523300	120.167046	5.652281	289.361206	0.162962	0.159826	0.000026	0.180090	0.170364	0.000031	0.185633	0.192507	0.000004	-20.000000	-32.000000	1.130000	22.408474
250.723541	-124.905228	-150.503006	193.275589	120.882332	5.652281	288.881073	0.162962	0.159826	0.000026	0.180090	0.170364	0.000031	0.000021	0.192507	0.000004	-20.000000	-32.000000	1.130000	22.389504
249.098984	-126.440163	-151.946671	192.224213	118.557663	5.652281	287.920807	0.162962	0.000004	0.000026	0.180090	0.170364	-0.169411	0.185633	-0.000003	0.175636	-20.000000	-32.000000	1.130000	22.351517
248.376953	-125.480835	-149.961624	191.348083	119.272942	5.652281	287.280609	0.162962	0.159826	0.167543	0.180090	0.170364	-0.169411	0.000021	0.192507	0.175636	-20.000000	-32.000000	1.130000	22.326155
230.266022	-81.543358	-98.711205	199.934204	144.307739	4.872656	271.756287	0.162962	0.159826	0.000026	0.180090	0.170364	-0.169411	0.000021	0.192507	0.175636	-20.000000	-28.000000	1.130000	21.733854
229.062744	-80.967758	-96.906609	197.656265	143.592453	4.872656	270.956024	0.162962	0.159826	0.000026	0.180090	0.170364	-0.169411	0.185633	0.192507	0.000004	-20.000000	-28.000000	1.130000	21.701245
229.062744	-80.200287	-96.726151	196.780121	143.592453	5.262468	270.475891	0.325962	0.159826	0.167543	0.180090	0.170364	0.000031	0.000021	-0.000003	0.000004	-20.000000	-28.000000	1.130000	21.665739
229.062744	-79.432823	-96.004318	198.181946	143.771286	5.457375	269.995789	0.162962	0.159826	0.000026	0.180090	0.170364	-0.169411	0.185633	0.192507	0.000004	-20.000000	-28.000000	1.130000	21.638151
227.799225	-50.652809	-47.087532	219.910110	176.316528	5.457375	278.798248	0.162962	0.159826	0.167543	0.180090	0.170364	-0.169411	0.185633	0.192507	0.000004	-20.000000	-24.000000	1.130000	21.995208
227.979721	-49.693474	-46.919403	221.487152	177.568253	5.847187	279.598480	0.162962	0.000004	0.167543	0.180090	0.170364	0.000031	0.185633	0.192507	0.000004	-20.000000	-24.000000	1.130000	22.011714
228.461441	-50.269077	-46.017105	222.888977	178.641174	5.847187	280.558746	0.162962	0.159826	0.000026	0.180090	0.170364	-0.169411	0.185633	0.192507	0.000004	-20.000000	-24.000000	1.130000	22.050286
229.062744	-51.995876	-47.460777	221.487152	176.852982	5.847187	281.198914	0.162962	0.000004	0.000026	0.180090	0.170364	0.000031	0.185633	0.192507	0.000004	-20.000000	-24.000000	1.130000	22.075964
230.446472	-34.536007	2.347832	249.173065	212.616959	5.847187	297.523499	0.162962	0.000004	0.000026	0.180090	0.170364	-0.169411	0.185633	-0.000003	0.000004	-20.000000	-20.000000	1.130000	22.720943
229.965302	-35.495342	1.986630	248.997833	212.616959	6.042093	298.483765	0.162962	0.000004	0.000026	-0.000039	0.170364	-0.169411	0.000021	-0.000003	0.000004	-20.000000	-20.000000	1.130000	22.750734
230.807404	-36.454674	0.180619	249.873962	212.795776	6.237000	299.123962	0.162962	0.000004	0.000026	0.180090	0.170364	-0.169411	0.000021	-0.000003	0.000004	-20.000000	-20.000000	1.130000	22.768048
231.890152	-36.646542	0.722422	251.275787	213.332260	6.042093	299.764130	0.162962	0.000004	0.000026	0.180090	0.170364	0.000031	0.000021	0.192507	0.000004	-20.000000	-20.000000	1.130000	22.800483
227.438202	-18.227337	40.454674	272.828735	242.837524	6.626812	314.968414	0.162962	0.000004	0.000026	0.180090	0.170364	-0.169411	0.185633	0.192507	0.175636	-20.000000	-16.000000	1.130000	23.361022
224.852234	-18.994804	42.080086	274.931458	243.552826	6.237000	315.768616	0.162962	0.159826	0.167543	0.180090	0.170364	-0.169411	0.185633	0.192507	0.000004	-20.000000	-16.000000	1.130000	23.406058
227.257690	-18.802938	40.996475	274.405792	243.373993	6.431905	316.248749	0.325962	0.159826	0.000026	0.180090	0.170364	0.000031	0.000021	0.192507	0.175678	-20.000000	-16.000000	1.130000	23.416840
227.618713	-19.570406	41.357677	276.333282	244.089279	6.626812	316.888916	0.162962	-0.000012	0.000026	0.180090	0.170364	-0.169411	0.185633	0.192507	0.175636	-20.000000	-16.000000	1.130000	23.433661
216.190186	-9.593336	77.658508	295.608276	269.124084	6.626812	331.613068	0.162962	0.000004	0.000026	0.180090	0.170364	-0.169411	0.185633	-0.000003	0.000004	-20.000000	-12.000000	1.130000	23.983264
217.272964	-10.552670	75.852493	296.834869	269.839355	6.626812	332.093201	0.162962	0.159826	0.167543	0.180090	0.170364	-0.169411	0.185633	0.192507	0.175678	-20.000000	-12.000000	1.130000	24.000973
214.622223	-11.128269	76.936104	297.535767	270.196991	6.626812	332.893402	0.162962	-0.000012	0.000026	0.180090	0.170364	-0.169411	0.185633	-0.000003	0.000004	-20.000000	-12.000000	1.130000	24.030460
217.149307	-11.703869	76.394302	298.061432	270.554626	6.626812	333.373566	0.162962	0.000004	0.000026	0.180090	0.170364	0.000031	0.000021	0.192507	0.000004	-20.000000	-12.000000	1.130000	24.048136
201.084244	-7.674669	113.417534	317.686890	291.297760	7.016624	347.777618	0.162962	0.000004	0.167543	0.180090	0.170364	0.169775	0.000021	0.192507	0.000004	-20.000000	-8.000000	1.130000	24.558436
200.723236	-9.401469	112.333923	316.635529	290.224823	6.626812	348.417786	0.162962	0.159826	0.000026	0.180090	0.170364	0.000031	0.185633	-0.000003	0.000004	-20.000000	-8.000000	1.130000	24.595524
200.542725	-9.785203	111.792122	316.635529	290.403656	7.406436	348.577820	0.162962	0.000004	0.000026	0.180090	0.170364	0.000031	0.185633	0.192507	0.000004	-20.000000	-8.000000	1.130000	24.573220
201.392532	-9.017735	111.430916	316.109833	290.046021	7.406436	347.937653	0.162962	0.000004	0.167543	0.180090	0.170364	-0.169411	0.185633	0.192507	0.175636	-20.000000	-8.000000	1.130000	24.550155
163.719406	-7.674669	133.464264	297.535767	274.667480	6.626812	325.211273	0.162962	0.159826	0.167543	0.180090	0.170364	0.000031	0.000021	-0.000003	0.000004	-20.000000	-4.000000	1.130000	23.745870
162.052429	-10.744536	131.658249	297.010071	273.594574	6.431905	324.411041	0.162962	0.000004	0.000026	0.180090	0.170364	-0.169411	0.185633	0.192507	0.000004	-20.000000	-4.000000	1.130000	23.723299
160.289780	-7.482802	134.367264	295.958710	273.952209	6.626812	323.770844	0.162962	0.159826	0.000026	0.180090	0.000032	0.000031	0.000021	0.192507	0.000004	-20.000000	-4.000000	1.130000	23.692127
159.706451	-9.209602	133.283661	296.484406	271.627563	6.626812	322.970642	0.162962	0.000004	0.000026	0.180090	0.170364	-0.169411	0.185633	-0.000003	0.175636	-20.000000	-4.000000	1.130000	23.662219
125.960587	-5.947868	152.607986	278.085541	258.573700	6.237000	304.085358	0.162962	0.000004	0.000026	0.180090	0.170364	-0.169411	0.185633	0.192507	0.000004	-20.000000	0.000000	1.130000	22.960079
124.910500	-6.715335	152.607986	278.961670	258.216064	6.431905	303.605225	0.325962	0.000004	0.000026	0.180090	0.000032	0.000031	0.000021	0.192507	0.000004	-20.000000	0.000000	1.130000	22.934046
124.729996	-6.715335	152.788574	278.436005	258.037231	6.042093	302.644928	0.162962	-0.000012	0.000026	-0.000039	0.170364	-0.169411	0.000021	0.192507	0.000004	-20.000000	0.000000	1.130000	22.912023
125.090996	-5.372268	153.149780	277.559875	258.216064	6.042093	301.844727	0.162962	0.000004	0.167543	0.180090	0.170364	0.000031	0.000021	-0.000003	0.000004	-20.000000	0.000000	1.130000	22.881095
91.697296	-0.959334	167.417282	258.985779	241.228165	5.262468	285.200043	0.325962	-0.000012	0.167543	0.180090	0.170364	-0.169411	0.185633	-0.000003	0.175636	-20.000000	4.000000	1.130000	22.259037
91.492874	-0.767467	167.778473	259.511475	240.870529	5.457375	284.559845	0.325962	0.000004	0.000026	0.180090	0.170364	0.000031	0.185633	-0.000003	0.175678	-20.000000	4.000000	1.130000	22.225811
90.253250	-1.343067	167.417282	258.810547	240.334061	5.457375	283.759644	0.325962	0.159826	0.167543	0.180090	0.170364	-0.169411	0.185633	-0.000003	0.175636	-20.000000	4.000000	1.130000	22.193927
89.688278	-0.575600	166.694870	256.707825	238.188232	5.652281	283.119476	0.162962	0.000004	0.167543	0.180090	0.170364	0.000031	0.185633	0.192507	0.000004	-20.000000	4.000000	1.130000	22.160604
60.830685	4.039280	177.892136	239.710800	221.021500	5.457375	268.235291	0.162962	0.159826	0.167543	0.180090	0.170364	0.000031	0.000021	0.192507	0.000004	-20.000000	8.000000	1.130000	21.566030
60.289162	3.462234	178.072739	240.236465	220.842682	5.457375	267.595093	0.162962	0.000004	0.000026	0.180090	0.170364	-0.169411	0.000021	-0.000003	0.000004	-20.000000	8.000000	1.130000	21.539744
61.372208	6.347466	177.711533	238.133728	221.736801	5.262468	266.954926	0.325962	0.000004	0.000026	0.180090	0.170364	0.000031	0.185633	-0.000003	0.000004	-20.000000	8.000000	1.130000	21.521442
61.372208	4.039280	176.989136	239.360352	220.842682	5.457375	266.634827	0.162962	0.159826	0.000026	0.180090	0.170364	0.000031	0.185633	0.192507	0.000004	-20.000000	8.000000	1.130000	21.500256
37.364838	13.272022	208.413727	247.245560	224.240265	5.457375	283.759644	0.162962	-0.000012	0.000026	0.180090	0.170364	-0.169411	0.000021	0.192507	0.175636	-20.000000	12.000000	1.130000	22.193927
36.272343	12.310279	208.774933	247.771225	223.167358	5.652281	284.559845	0.325962	0.000004	0.000026	0.180090	0.170364	0.000031	0.185633	-0.000003	0.000004	-20.000000	12.000000	1.130000	22.218049
36.633263	10.963837	209.136139	248.822586	223.882629	5.652281	285.200043	0.162962	0.159826	0.000026	0.180090	0.170364	0.000031	0.000021	-0.000003	0.000004	-20.000000	12.000000	1.130000	22.243534
39.350414	14.618464	210.400345	249.348282	227.101364	5.652281	285.840210	0.162962	0.000004	0.000026	0.180090	0.170364	0.000031	0.000021	0.192507	0.000004	-20.000000	12.000000	1.130000	22.268988
6.859239	6.155118	237.671127	252.677597	216.372192	6.042093	301.844727	0.162962	0.159826	0.000026	0.180090	0.170364	-0.169411	0.185633	0.192507	0.000004	-20.000000	16.000000	1.130000	22.881095
7.759787	7.309210	239.657730	253.203293	218.518005	6.431905	302.804962	0.325962	0.000004	0.167543	0.180090	0.170364	0.000031	0.185633	0.192507	0.000004	-20.000000	16.000000	1.130000	22.903145
9.205823	8.463303	239.838318	253.378510	221.021500	6.237000	303.605225	0.162962	0.159826	0.167543	0.180090	0.170364	0.000031	0.185633	0.192507	0.000004	-20.000000	16.000000	1.130000	22.941566
8.122784	8.078605	242.547333	255.481247	222.452072	6.237000	303.925293	0.162962	0.000004	0.167543	0.180090	0.170364	0.000031	0.000021	0.192507	0.000004	-20.000000	16.000000	1.130000	22.953909
-32.079735	-24.750807	267.470306	253.028046	200.993683	6.626812	319.289581	0.162962	0.000004	0.000026	0.180090	0.170364	0.000031	0.185633	-0.000003	0.000004	-20.000000	20.000000	1.130000	23.524146
-26.853260	-18.802938	267.109100	251.275787	203.497147	6.431905	319.769745	0.162962	0.000004	0.000026	0.180090	0.170364	0.169775	0.185633	0.192507	0.000004	-20.000000	20.000000	1.130000	23.549527
-29.736830	-22.832138	266.206085	252.327148	201.887772	6.431905	320.409912	0.162962	0.000004	0.000026	0.180090	0.170364	0.000031	0.000021	-0.000003	0.175636	-20.000000	20.000000	1.130000	23.573571
-29.556608	-23.407738	267.289703	255.656464	203.318329	6.626812	321.050110	0.162962	0.159847	0.000026	0.180090	0.170364	-0.169411	0.185633	-0.000003	0.000004	-20.000000	20.000000	1.130000	23.590283
-75.693741	-68.496414	293.115662	247.771225	174.349503	6.821718	335.614197	0.325962	-0.000012	0.000026	0.180090	0.170364	-0.169411	0.185633	-0.000003	0.175636	-20.000000	24.000000	1.130000	24.123300
-73.531067	-66.002144	290.767853	247.596008	174.349503	6.626812	336.254364	0.162962	-0.000012	0.000026	0.180090	0.170364	-0.169411	0.185633	-0.000003	0.175636	-20.000000	24.000000	1.130000	24.153915
-75.133430	-67.920815	293.115662	248.296921	174.170670	6.821718	336.734497	0.325962	-0.000012	0.000026	0.180090	0.170364	-0.169411	0.185633	-0.000003	0.000004	-20.000000	24.000000	1.130000	24.164363
-76.594864	-68.304550	293.476868	248.121704	174.170670	6.431905	337.214630	0.325962	-0.000012	0.000026	0.180090	0.170364	-0.169411	0.185633	0.192507	0.175636	-20.000000	24.000000	1.130000	24.196201
-122.880096	-118.381760	305.577148	229.722824	130.002151	7.016624	342.176025	0.162962	-0.000012	0.000026	0.180090	0.170364	-0.169411	0.000021	-0.000003	0.000004	-20.000000	28.000000	1.130000	24.355748
-123.452896	-119.916695	304.674133	230.073273	129.465683	7.211531	340.895660	0.325962	0.000004	0.000026	0.180090	0.170364	0.000031	0.185633	-0.000003	0.175636	-20.000000	28.000000	1.130000	24.302086
-123.060280	-119.724831	304.674133	229.722824	128.929214	7.211531	339.775360	0.162962	0.000004	0.000026	0.180090	0.170364	0.000031	0.185633	-0.000003	0.000004	-20.000000	28.000000	1.130000	24.261257
-122.159393	-117.806160	302.506927	228.321014	128.213943	7.211531	338.494995	0.162962	-0.000012	0.000026	0.180090	0.170364	0.000031	0.185633	0.192507	0.000004	-20.000000	28.000000	1.130000	24.214509
-155.172180	-154.836426	283.905029	186.967407	68.845718	6.431905	313.848083	0.325962	-0.000012	0.000026	0.180090	0.170364	-0.169411	0.000021	0.192507	0.175636	-20.000000	32.000000	1.130000	23.325939
-159.677765	-160.400558	282.279602	186.967407	64.911674	6.431905	312.887817	0.325962	0.159826	0.167543	0.180090	0.170364	0.000031	0.000021	0.192507	0.175636	-20.000000	32.000000	1.130000	23.289479
-157.293732	-156.371368	283.363220	186.266479	67.772789	6.237000	312.247620	0.162962	0.159847	0.167543	0.180090	0.170364	-0.169411	0.000021	-0.000003	0.175636	-20.000000	32.000000	1.130000	23.272553
-154.090851	-154.068954	283.437531	187.493088	68.845718	6.237000	312.247620	0.162962	0.159847	0.000026	0.180090	0.170364	-0.169411	0.185633	0.192507	0.175636	-20.000000	32.000000	1.130000	23.272553
-193.148773	-192.442307	266.928497	149.643997	9.835121	5.847187	293.842468	0.325962	0.000004	0.167543	0.180090	0.170364	0.000031	0.185633	0.192507	0.000004	-20.000000	36.000000	1.130000	22.577115
-190.856384	-191.291107	265.122498	148.417419	7.152822	5.652281	292.722168	0.162962	0.000004	0.000026	0.180090	0.170364	0.000031	0.185633	-0.000003	0.000004	-20.000000	36.000000	1.130000	22.540814
-191.707367	-191.866714	264.580688	148.417419	8.404563	5.847187	292.081970	0.325962	-0.000012	0.000026	0.180090	0.170364	0.000031	0.185633	0.192507	0.000004	-20.000000	36.000000	1.130000	22.508003
-191.937714	-191.674850	264.761292	148.592636	8.404563	5.847187	291.281738	0.325962	0.159826	0.167543	0.180090	0.170364	0.000031	0.185633	-0.000003	0.000004	-20.000000	36.000000	1.130000	22.476518
-218.373428	-217.960571	241.644333	111.444466	-47.990475	5.067563	271.116089	0.162962	0.159847	0.167543	0.180090	0.170364	-0.169411	0.000021	-0.000003	0.175636	-20.000000	40.000000	1.130000	21.699824
-219.454483	-218.152435	243.089142	111.094017	-47.621342	5.262468	270.315857	0.325962	-0.000012	0.000026	0.180090	0.170364	-0.169411	0.185633	0.192507	0.000004	-20.000000	40.000000	1.130000	21.659202
-218.250320	-216.041901	241.463745	110.743576	-46.907909	5.067563	269.515656	0.325962	0.000004	0.167543	0.180090	0.170364	0.000031	0.185633	0.192507	0.175636	-20.000000	40.000000	1.130000	21.634457
-216.988754	-217.001236	240.560730	111.269241	-46.729553	5.457375	268.875458	0.325962	-0.000012	0.000026	0.180090	0.170364	0.000031	0.185633	0.192507	0.175636	-20.000000	40.000000	1.130000	21.592284
-266.730377	-265.159790	243.811554	86.036530	-108.619461	5.262468	278.158051	0.325962	0.159826	0.000026	0.180090	0.170364	0.000031	0.000021	0.192507	0.000004	-20.000000	44.000000	1.130000	21.977284
-267.811707	-265.735382	244.172760	86.036530	-108.441109	5.262468	278.638214	0.162962	0.159847	0.000026	0.180090	0.170364	-0.169411	0.185633	0.192507	0.175636	-20.000000	44.000000	1.130000	21.996610
-266.730377	-264.008606	244.533966	86.036530	-105.765747	5.067563	279.438416	0.162962	0.000004	0.167543	0.180090	0.170364	0.000031	0.185633	0.192507	0.000004	-20.000000	44.000000	1.130000	22.036609
-270.444305	-268.805237	245.978775	86.211754	-109.689606	5.457375	280.078583	0.162962	0.000004	0.000026	0.180090	0.170364	0.000031	0.185633	-0.000003	0.000004	-20.000000	44.000000	1.130000	22.046661
275.091919	-243.862595	-278.448578	97.075844	-3.032070	5.847187	303.125061	0.162962	-0.000012	0.167543	0.180090	0.170364	-0.169411	0.185633	0.192507	0.175636	-16.000000	-44.000000	1.130000	22.938080
275.091919	-243.478851	-278.809509	96.374931	-3.745500	6.042093	303.925293	0.325962	-0.000012	0.000026	0.180090	0.170364	-0.169411	0.000021	0.192507	0.175636	-16.000000	-44.000000	1.130000	22.961422
274.911407	-244.630051	-278.809509	98.127205	-2.675357	5.847187	304.565460	0.162962	0.000004	0.000026	0.180090	0.170364	0.000031	0.000021	-0.000003	0.000004	-16.000000	-44.000000	1.130000	22.993584
277.799530	-246.740601	-281.516388	98.477661	-3.567143	5.652281	305.045593	0.162962	0.000004	0.000026	0.180090	0.000032	0.000031	0.185633	-0.000003	0.175636	-16.000000	-44.000000	1.130000	23.019550
294.947632	-204.146179	-245.721130	137.202866	54.897758	6.431905	320.089844	0.162962	-0.000012	0.000026	0.180090	0.170364	-0.169411	0.000021	-0.000003	0.175636	-16.000000	-40.000000	1.130000	23.561553
295.489136	-203.186844	-245.179901	134.924911	54.182476	6.237000	320.890045	0.162962	-0.000012	0.000026	0.180090	0.170364	-0.169411	0.185633	-0.000003	0.175636	-16.000000	-40.000000	1.130000	23.598899
296.211182	-205.105515	-247.048691	135.625824	53.824833	6.042093	321.210144	0.162962	-0.000012	0.000026	0.180090	0.170364	-0.169411	0.185633	0.192507	0.175636	-16.000000	-40.000000	1.130000	23.618204
299.640808	-209.326584	-252.462463	134.574463	49.711975	6.237000	322.170410	0.325962	-0.000012	0.167543	0.180090	0.170364	0.000031	0.185633	0.192507	0.000004	-16.000000	-40.000000	1.130000	23.646864
311.734741	-159.441238	-209.097488	171.897858	107.649651	7.016624	336.414429	0.162962	0.159847	0.000026	0.180090	0.170364	-0.169411	0.185633	0.192507	0.175636	-16.000000	-36.000000	1.130000	24.145495
310.832214	-159.824966	-207.112976	174.175827	109.795486	7.016624	337.214630	0.162962	-0.000012	0.000026	0.180090	0.170364	0.000031	0.185633	0.192507	0.175636	-16.000000	-36.000000	1.130000	24.174806
311.373718	-158.290024	-207.112976	174.351044	110.868401	6.821718	337.854828	0.325962	-0.000012	0.000026	0.180090	0.170364	0.000031	0.185633	0.192507	0.175636	-16.000000	-36.000000	1.130000	24.205357
312.456787	-155.220169	-206.445358	174.175827	111.941330	6.821718	338.334961	0.325962	0.159847	0.000026	0.180090	0.170364	0.000031	0.185633	-0.000003	0.175636	-16.000000	-36.000000	1.130000	24.222905
314.081329	-105.910416	-154.112183	204.665344	159.686249	6.821718	342.015991	0.162962	0.000004	0.000026	0.180090	0.170364	0.000031	0.185633	-0.000003	0.175636	-16.000000	-32.000000	1.130000	24.357015
313.359283	-106.102280	-155.014496	204.490128	160.043900	6.821718	340.895660	0.162962	0.000004	0.167543	0.180090	0.170364	0.000031	0.000021	0.192507	0.175636	-16.000000	-32.000000	1.130000	24.316277
311.193237	-103.991760	-152.488052	204.490128	160.043900	6.821718	339.775360	0.162962	0.159826	0.000026	0.180090	0.170364	0.000031	0.000021	-0.000003	0.175636	-16.000000	-32.000000	1.130000	24.275471
309.207642	-104.567360	-151.906906	202.913071	158.255707	7.211531	338.975128	0.162962	0.159847	0.000026	0.180090	0.170364	-0.169411	0.000021	-0.000003	0.175636	-16.000000	-32.000000	1.130000	24.232050
287.907898	-53.147079	-89.146866	212.725800	189.012741	6.431905	318.329346	0.325962	-0.000012	0.000026	0.180090	0.170364	0.000031	0.000021	-0.000003	0.000004	-16.000000	-28.000000	1.130000	23.495337
285.741791	-52.955212	-89.868698	213.601929	189.906830	6.237000	317.849213	0.162962	0.159847	0.000026	0.180090	0.170364	-0.169411	0.185633	0.192507	0.175636	-16.000000	-28.000000	1.130000	23.484592
283.214691	-53.338943	-86.981354	212.725800	189.191559	6.626812	317.048981	0.325962	0.159847	0.000026	0.180090	0.170364	-0.169411	0.185633	0.192507	0.175636	-16.000000	-28.000000	1.130000	23.439705
284.117249	-54.106415	-88.605484	211.323990	187.582169	6.237000	316.248749	0.162962	0.159826	0.000026	0.180090	0.170364	0.000031	0.000021	-0.000003	0.175636	-16.000000	-28.000000	1.130000	23.424205
259.929382	-11.320135	-34.999924	217.632156	208.861755	6.042093	298.163666	0.162962	-0.000012	0.000026	0.180090	0.170364	0.000031	0.185633	-0.000003	0.175636	-16.000000	-24.000000	1.130000	22.738279
258.846344	-11.895736	-34.648174	217.807388	208.861755	6.042093	297.363464	0.162962	0.159826	0.000026	0.180090	0.170364	0.000031	0.000021	-0.000003	0.175636	-16.000000	-24.000000	1.130000	22.707115
258.124298	-10.744536	-35.730927	215.003754	207.610016	5.847187	296.883331	0.325962	0.000004	0.000026	0.180090	0.170364	0.000031	0.185633	0.192507	0.000004	-16.000000	-24.000000	1.130000	22.695995
258.304810	-11.703869	-35.180340	215.354218	206.537079	5.847187	296.083099	0.162962	-0.000012	0.000026	0.180090	0.170364	-0.169411	0.000021	0.192507	0.175636	-16.000000	-24.000000	1.130000	22.664771
230.326294	8.848001	10.836086	217.982635	219.054489	5.457375	279.918549	0.162962	0.159826	0.000026	0.180090	0.170364	0.000031	0.185633	0.192507	0.000004	-16.000000	-20.000000	1.130000	22.040236
231.589844	9.809745	10.474884	216.405579	217.802734	5.262468	279.118347	0.325962	0.000004	0.000026	0.180090	0.170364	0.000031	0.000021	-0.000003	0.175636	-16.000000	-20.000000	1.130000	22.015918
230.145813	8.270954	11.377890	216.405579	216.372192	5.262468	278.478149	0.325962	0.159826	0.167543	0.180090	0.000032	0.000031	0.185633	-0.000003	0.175636	-16.000000	-20.000000	1.130000	21.990169
229.784775	9.425046	12.100294	217.456940	217.266281	5.262468	277.998016	0.162962	0.159826	0.167543	0.180090	0.170364	0.000031	0.185633	-0.000003	0.175636	-16.000000	-20.000000	1.130000	21.970839
207.221481	22.504765	49.484730	218.508301	226.386093	5.262468	268.555359	0.325962	-0.000012	0.000026	0.180090	0.170364	0.000031	0.185633	-0.000003	0.175636	-16.000000	-16.000000	1.130000	21.587151
209.387543	23.851208	49.484730	217.982635	225.849640	5.262468	268.715393	0.325962	0.159826	0.167543	0.180090	0.170364	0.000031	0.185633	0.192507	0.175636	-16.000000	-16.000000	1.130000	21.593711
208.485016	21.543022	48.942924	219.033966	224.955536	5.067563	269.675690	0.325962	0.159847	0.000026	0.180090	0.170364	0.000031	0.185633	-0.000003	0.175636	-16.000000	-16.000000	1.130000	21.641002
209.207047	21.927719	48.581722	220.085358	226.207275	5.457375	270.635956	0.162962	-0.000012	0.000026	0.180090	0.170364	0.000031	0.000021	0.192507	0.175636	-16.000000	-16.000000	1.130000	21.664317
203.791855	33.276299	83.979546	243.565796	253.566742	5.457375	288.560974	0.325962	0.000004	0.167543	0.180090	0.170364	0.000031	0.000021	-0.000003	0.175636	-16.000000	-12.000000	1.130000	22.384556
204.513870	35.007435	86.146759	244.091476	255.533768	5.652281	289.361206	0.325962	-0.000012	0.167543	0.180090	0.170364	0.000031	0.185633	-0.000003	0.175636	-16.000000	-12.000000	1.130000	22.408474
204.152847	32.314552	84.701958	244.967606	253.745560	5.652281	289.841339	0.162962	0.159826	0.000026	0.180090	0.170364	0.000031	0.185633	-0.000003	0.175636	-16.000000	-12.000000	1.130000	22.427427
206.860458	35.584484	85.785561	244.617142	256.606689	5.652281	290.481537	0.162962	0.159847	0.000026	0.180090	0.170364	0.000031	0.185633	-0.000003	0.175636	-16.000000	-12.000000	1.130000	22.452674
195.308029	39.239109	118.113159	262.665558	276.634521	6.237000	306.325989	0.162962	0.000004	0.000026	0.180090	0.170364	0.000031	0.185633	0.192507	0.175636	-16.000000	-8.000000	1.130000	23.046279
195.308029	41.547295	120.280380	263.716919	278.243896	6.237000	306.966156	0.162962	0.159847	0.000026	0.180090	0.170364	0.000031	0.000021	-0.000003	0.175636	-16.000000	-8.000000	1.130000	23.070847
195.669052	39.816154	119.196770	263.716919	278.422699	5.847187	307.446289	0.325962	0.000004	0.000026	0.180090	0.170364	0.000031	0.000021	0.192507	0.175636	-16.000000	-8.000000	1.130000	23.104192
194.225006	38.854412	119.377373	266.170105	279.495636	6.042093	308.086487	0.325962	-0.000012	0.000026	0.180090	0.170364	0.000031	0.000021	-0.000003	0.175636	-16.000000	-8.000000	1.130000	23.121243
178.701431	38.662064	152.788574	280.188263	295.589447	6.431905	323.130676	0.162962	-0.000012	0.000026	0.180090	0.170364	0.000031	0.000021	0.192507	0.175636	-16.000000	-4.000000	1.130000	23.675489
181.409027	42.124344	154.594589	281.239624	297.914093	6.431905	323.930908	0.162962	0.000004	0.000026	0.180090	0.170364	0.000031	0.000021	-0.000003	0.175636	-16.000000	-4.000000	1.130000	23.705382
180.506500	40.393204	153.330383	279.487366	297.556458	6.626812	324.571106	0.325962	0.159847	0.167543	0.180090	0.170364	0.000031	0.185633	0.192507	0.175636	-16.000000	-4.000000	1.130000	23.722000
180.867508	39.239109	154.233398	282.991913	297.019989	6.626812	325.051239	0.325962	-0.000012	0.167543	0.180090	0.170364	0.000031	0.185633	-0.000003	0.175636	-16.000000	-4.000000	1.130000	23.739905
160.831284	43.663132	189.089401	294.206451	311.683258	6.821718	339.615295	0.325962	0.000004	0.167543	0.180090	0.170364	0.000022	0.000021	0.192507	0.175636	-16.000000	0.000000	1.130000	24.269635
162.636353	45.394272	189.089401	294.732147	313.829071	6.821718	340.095459	0.325962	-0.000012	0.167543	0.180090	0.170364	0.000031	0.185633	-0.000003	0.175636	-16.000000	0.000000	1.130000	24.287137
162.816864	44.240177	189.500290	294.907349	314.365540	7.016624	340.735626	0.325962	-0.000012	0.000026	0.180090	0.170364	0.000031	0.000021	-0.000003	0.175636	-16.000000	0.000000	1.130000	24.303355
162.275345	44.047829	191.256622	296.834869	315.438446	6.821718	341.055725	0.325962	-0.000012	0.167543	0.180090	0.170364	0.000031	0.185633	0.192507	0.175636	-16.000000	0.000000	1.130000	24.322101
132.311264	47.894806	214.192963	291.928497	308.106842	7.016624	337.374664	0.325962	0.159826	0.000026	0.180090	0.170364	0.000022	0.185633	-0.000003	0.175636	-16.000000	4.000000	1.130000	24.180663
131.228226	48.856548	214.554184	290.176239	306.139801	6.626812	336.094330	0.162962	-0.000012	0.167543	0.180090	0.170364	0.000022	0.185633	-0.000003	0.175636	-16.000000	4.000000	1.130000	24.148051
131.047714	49.433594	214.068497	289.475311	306.139801	6.821718	335.134033	0.325962	-0.000012	0.000026	0.180090	0.170364	0.000031	0.000021	0.192507	0.175636	-16.000000	4.000000	1.130000	24.105679
131.047714	50.395340	214.554184	289.300079	306.497437	6.821718	334.333832	0.162962	-0.000012	0.000026	0.180090	0.000032	0.000031	0.185633	-0.000003	0.175636	-16.000000	4.000000	1.130000	24.076284
95.668442	56.742851	224.667847	266.871033	280.747375	6.431905	314.648285	0.325962	-0.000012	0.000026	0.180090	0.170364	0.000031	0.185633	0.192507	0.175636	-16.000000	8.000000	1.130000	23.356277
94.224396	59.051033	225.209641	264.768280	281.820282	6.237000	313.688049	0.325962	0.159826	0.000026	0.180090	0.170364	0.000022	0.185633	-0.000003	0.175636	-16.000000	8.000000	1.130000	23.327262
93.863380	59.243385	224.667847	264.417816	282.177917	6.237000	312.727783	0.162962	-0.000012	0.000026	0.180090	0.170364	0.000022	0.000021	0.192507	0.175636	-16.000000	8.000000	1.130000	23.290804
93.502365	56.358154	222.920258	264.067383	279.853271	6.042093	312.407654	0.325962	0.159847	0.000026	0.180090	0.170364	0.000031	0.185633	0.192507	0.175636	-16.000000	8.000000	1.130000	23.286046
58.123085	54.819366	230.988861	240.236465	251.957367	5.652281	294.482666	0.162962	0.000004	0.167543	0.180090	0.170364	0.000031	0.000021	0.192507	0.175636	-16.000000	12.000000	1.130000	22.609826
60.469677	55.588760	228.881668	239.710800	252.136185	5.262468	293.522369	0.325962	-0.000012	0.000026	0.180090	0.170364	0.000031	0.185633	0.192507	0.175636	-16.000000	12.000000	1.130000	22.587485
58.845116	54.434669	229.002258	239.710800	251.778549	5.457375	293.202271	0.325962	0.159826	0.000026	0.180090	0.170364	0.000022	0.185633	0.192507	0.175636	-16.000000	12.000000	1.130000	22.567300
61.733219	56.935200	228.159073	238.308990	251.599731	5.262468	292.242035	0.325962	-0.000012	0.167543	0.180090	0.170364	0.000031	0.000021	-0.000003	0.175636	-16.000000	12.000000	1.130000	22.537267
30.325087	44.432526	230.868790	215.354218	221.200348	5.262468	276.557617	0.325962	-0.000012	0.167543	0.180090	0.170364	0.000031	0.000021	0.192507	0.175636	-16.000000	16.000000	1.130000	21.912745
29.422550	43.278435	230.085861	214.653290	218.339188	5.262468	275.757385	0.325962	-0.000012	0.000026	0.180090	0.170364	0.000031	0.000021	0.192507	0.175636	-16.000000	16.000000	1.130000	21.880403
29.242046	43.470783	230.085861	214.828537	219.412125	5.457375	275.277252	0.325962	-0.000012	0.000026	0.180090	0.170364	0.000031	0.185633	0.192507	0.175636	-16.000000	16.000000	1.130000	21.853085
28.881035	42.893738	229.544067	214.302856	218.696838	5.262468	274.637085	0.325962	-0.000012	0.167543	0.180090	0.170364	0.000031	0.000021	0.192507	0.175636	-16.000000	16.000000	1.130000	21.835045
-1.081057	17.696045	239.296524	199.934204	193.304413	5.067563	273.836853	0.325962	-0.000012	0.000026	0.180090	0.170364	0.000031	0.000021	-0.000003	0.175636	-16.000000	20.000000	1.130000	21.810499
-3.783698	15.387859	242.005539	201.686493	193.483231	5.262468	274.316986	0.325962	0.159847	0.000026	0.180090	0.170364	0.000031	0.000021	-0.000003	0.175636	-16.000000	20.000000	1.130000	21.822068
-2.342289	16.349604	241.644333	201.336029	193.662048	5.457375	275.437286	0.325962	-0.000012	0.000026	0.180090	0.170364	0.000031	0.000021	0.192507	0.175636	-16.000000	20.000000	1.130000	21.859565
-1.981937	17.118999	243.450348	202.913071	195.450256	5.457375	276.237549	0.162962	0.159847	0.000026	0.180090	0.170364	0.000022	0.000021	0.192507	0.175636	-16.000000	20.000000	1.130000	21.891938
-45.236027	-18.994804	268.082397	197.130585	173.276581	5.652281	293.042236	0.325962	-0.000012	0.000026	0.180090	0.170364	0.000031	0.185633	0.192507	0.175636	-16.000000	24.000000	1.130000	22.553376
-44.863850	-18.611071	268.734528	197.656265	173.455399	5.847187	293.682404	0.325962	-0.000012	0.167543	0.180090	0.170364	0.000031	0.185633	-0.000003	0.175636	-16.000000	24.000000	1.130000	22.570840
-45.055801	-19.570406	269.166290	198.532394	173.813034	6.042093	294.482666	0.325962	-0.000012	0.000026	0.180090	0.170364	0.000031	0.185633	-0.000003	0.175636	-16.000000	24.000000	1.130000	22.594564
-43.602619	-18.035471	269.095734	198.707626	173.634216	6.042093	295.122833	0.325962	-0.000012	0.000026	0.180090	0.170364	0.000031	0.000021	0.192507	0.175636	-16.000000	24.000000	1.130000	22.619623
-100.384331	-65.234680	290.587250	185.390350	137.870224	6.237000	310.487152	0.325962	-0.000012	0.167543	0.180090	0.170364	0.000022	0.000021	0.192507	0.175636	-16.000000	28.000000	1.130000	23.205513
-97.475266	-68.496414	290.226044	189.070129	136.260849	6.431905	311.447418	0.325962	-0.000012	0.000026	0.180090	0.170364	0.000031	0.000021	0.192507	0.175636	-16.000000	28.000000	1.130000	23.234682
-94.952805	-63.507877	289.760223	187.493088	138.943146	6.237000	311.927521	0.325962	-0.000012	0.000026	0.180090	0.170364	0.000031	0.185633	0.192507	0.175636	-16.000000	28.000000	1.130000	23.260378
-100.925003	-68.112679	291.670868	188.369217	137.691406	6.237000	312.407654	0.325962	-0.000012	0.000026	0.180090	0.170364	0.000022	0.000021	-0.000003	0.175636	-16.000000	28.000000	1.130000	23.278637
-157.154633	-121.259758	309.189148	170.145584	86.906532	6.431905	327.611938	0.325962	-0.000012	0.000026	0.180090	0.170364	0.169809	0.000021	-0.000003	0.175636	-16.000000	32.000000	1.130000	23.842404
-160.176559	-121.835365	310.814575	170.145584	88.337090	6.431905	328.092072	0.325962	-0.000012	0.000026	0.180090	0.170364	0.000022	0.185633	-0.000003	0.175636	-16.000000	32.000000	1.130000	23.860218
-158.735138	-122.794693	311.175781	172.248322	87.800629	6.431905	328.572205	0.325962	0.159847	0.000026	0.180090	0.170364	0.000022	0.185633	-0.000003	0.175636	-16.000000	32.000000	1.130000	23.878019
-156.794189	-122.027229	311.618683	172.248322	89.052368	6.626812	329.372437	0.325962	-0.000012	0.167543	0.180090	0.170364	0.000031	0.185633	-0.000003	0.175636	-16.000000	32.000000	1.130000	23.900444
-217.112198	-177.668579	326.251190	146.314697	27.180660	6.626812	343.136292	0.325962	0.159847	0.000026	0.180090	0.170364	0.000031	0.185633	-0.000003	0.175636	-16.000000	36.000000	1.130000	24.404754
-220.175186	-177.092972	329.597107	146.840378	31.114700	7.016624	343.936523	0.325962	0.159847	0.000026	0.180090	0.170364	0.000022	0.000021	-0.000003	0.175636	-16.000000	36.000000	1.130000	24.419631
-214.285400	-177.476715	324.901459	147.366058	27.717119	7.016624	344.576691	0.325962	-0.000012	0.000026	0.180090	0.000032	0.000022	0.000021	-0.000003	0.175636	-16.000000	36.000000	1.130000	24.442820
-218.070099	-179.395370	327.515747	147.716507	25.213640	6.821718	344.896790	0.325962	-0.000012	0.000026	0.180090	0.170364	0.000031	0.185633	0.192507	0.175636	-16.000000	36.000000	1.130000	24.461459
-259.341217	-221.797913	311.717590	110.217880	-42.805698	6.626812	331.453033	0.325962	0.159847	0.000026	0.180090	0.170364	0.000022	0.185633	-0.000003	0.175636	-16.000000	40.000000	1.130000	23.977358
-259.881866	-219.879242	309.992828	108.115150	-43.875843	6.626812	330.332703	0.162962	0.159847	0.000026	0.180090	0.170364	0.000031	0.185633	0.192507	0.175636	-16.000000	40.000000	1.130000	23.935973
-258.259857	-221.414169	310.272766	108.816071	-44.767628	6.626812	329.532471	0.325962	-0.000012	0.000026	0.180090	0.170364	0.000022	0.000021	0.192507	0.175636	-16.000000	40.000000	1.130000	23.906369
-253.934525	-215.658173	309.189148	107.939926	-40.487057	6.626812	329.052368	0.162962	-0.000012	0.000026	-0.000039	0.170364	0.000022	0.185633	0.192507	0.175636	-16.000000	40.000000	1.130000	23.888590
-283.597168	-247.891800	284.085602	66.761536	-110.581383	5.847187	309.526855	0.325962	-0.000012	0.000026	0.180090	0.170364	0.000022	0.000021	-0.000003	0.175636	-16.000000	44.000000	1.130000	23.183747
-285.293365	-250.002335	284.160095	67.462440	-110.224670	6.237000	309.046722	0.325962	-0.000012	0.000026	0.180090	0.170364	0.000031	0.185633	-0.000003	0.175636	-16.000000	44.000000	1.130000	23.150516
-287.816467	-254.798996	282.172974	68.513802	-111.829895	6.237000	308.086487	0.325962	-0.000012	0.000026	0.180090	0.170364	0.000031	0.185633	-0.000003	0.175636	-16.000000	44.000000	1.130000	23.113781
-285.113129	-249.810455	280.366486	66.411079	-112.900032	6.042093	307.286224	0.325962	-0.000012	0.000026	0.180090	0.170364	0.000031	0.000021	0.192507	0.175636	-16.000000	44.000000	1.130000	23.090593
268.232697	-186.302567	-254.627960	64.834030	3.755244	5.652281	283.439545	0.325962	0.159847	0.000026	0.360219	0.170364	0.000022	0.185633	0.192507	0.175636	-12.000000	-44.000000	1.130000	22.173382
267.510651	-185.918839	-256.184998	62.205624	0.536482	5.652281	282.799377	0.325962	-0.000012	0.000026	0.180090	0.170364	0.000031	0.000021	0.192507	0.175636	-12.000000	-44.000000	1.130000	22.147818
267.691132	-186.110703	-255.169357	65.009270	3.397603	5.457375	281.999146	0.325962	-0.000012	0.000026	0.180090	0.170364	0.000022	0.000021	-0.000003	0.175636	-12.000000	-44.000000	1.130000	22.123618
266.247101	-182.848969	-252.642929	64.834030	3.755244	5.652281	281.679047	0.162962	-0.000012	0.167543	0.180090	0.170364	0.000022	0.185633	0.192507	0.175636	-12.000000	-44.000000	1.130000	22.103008
255.777725	-131.812424	-201.392517	90.767662	52.215454	5.457375	266.794891	0.325962	-0.000012	0.000026	0.360219	0.170364	0.000022	0.185633	-0.000003	0.175636	-12.000000	-40.000000	1.130000	21.506843
256.319244	-130.469360	-201.520187	88.664932	50.427254	5.067563	266.314728	0.325962	-0.000012	0.167543	0.180090	0.000032	0.000031	0.000021	-0.000003	0.175636	-12.000000	-40.000000	1.130000	21.503124
256.319244	-130.277496	-203.143906	87.438339	50.248436	5.457375	266.794891	0.325962	-0.000012	0.167543	0.180090	0.170364	0.000031	0.185633	-0.000003	0.175636	-12.000000	-40.000000	1.130000	21.506843
256.860748	-129.318161	-202.114334	90.241982	52.751915	5.262468	267.275024	0.325962	-0.000012	0.000026	0.180090	0.170364	0.000022	0.185633	0.192507	0.175636	-12.000000	-40.000000	1.130000	21.534600
274.189392	-94.590286	-171.210983	122.483795	101.390945	5.652281	285.360107	0.162962	0.159847	0.000026	0.180090	0.170364	0.000031	0.185633	-0.000003	0.175636	-12.000000	-36.000000	1.130000	22.249901
276.716492	-97.084557	-175.540878	121.432426	99.245110	5.847187	286.000275	0.325962	0.159847	0.000026	0.180090	0.170364	0.000022	0.185633	0.192507	0.175636	-12.000000	-36.000000	1.130000	22.267603
275.813934	-94.398422	-172.519028	123.359917	102.285049	5.847187	286.800476	0.325962	0.159847	0.167543	0.180090	0.170364	0.000022	0.000021	-0.000003	0.175636	-12.000000	-36.000000	1.130000	22.299382
277.438507	-94.398422	-175.225906	123.009460	103.000328	5.847187	287.440674	0.325962	-0.000012	0.000026	0.180090	0.170364	0.000022	0.000021	0.192507	0.175636	-12.000000	-36.000000	1.130000	22.324774
287.907898	-54.682014	-132.241989	156.653091	153.964020	6.042093	303.285095	0.325962	0.159847	0.000026	0.180090	0.170364	0.000022	0.185633	0.192507	0.175636	-12.000000	-32.000000	1.130000	22.936735
288.990936	-51.804012	-130.618286	157.354004	155.394577	5.847187	303.925293	0.325962	0.159847	0.000026	0.180090	0.170364	0.000022	0.185633	0.192507	0.175636	-12.000000	-32.000000	1.130000	22.968932
292.601044	-55.257618	-134.767761	158.405365	154.679306	5.847187	304.725525	0.162962	-0.000012	0.000026	0.180090	0.170364	0.000022	0.185633	0.192507	0.175636	-12.000000	-32.000000	1.130000	22.999743
291.337494	-57.943752	-134.767761	159.281494	154.321655	5.847187	305.525726	0.325962	-0.000012	0.000026	0.180090	0.170364	0.000031	0.000021	0.192507	0.175636	-12.000000	-32.000000	1.130000	23.030512
300.001831	-17.843603	-91.468872	188.193985	201.708954	6.626812	320.409912	0.325962	-0.000012	0.000026	0.180090	0.170364	0.000031	0.185633	0.192507	0.175636	-12.000000	-28.000000	1.130000	23.566254
300.362823	-18.227337	-90.386406	189.595810	202.603043	6.431905	321.210144	0.325962	0.159847	0.000026	0.180090	0.170364	0.000022	0.000021	0.192507	0.175636	-12.000000	-28.000000	1.130000	23.603593
301.265381	-14.390003	-87.499817	191.523300	205.285355	6.431905	321.690277	0.325962	-0.000012	0.000026	0.180090	0.170364	0.000031	0.000021	-0.000003	0.175636	-12.000000	-28.000000	1.130000	23.621588
299.821320	-13.622538	-86.417336	192.574661	206.715912	6.237000	322.010376	0.325962	-0.000012	0.000026	0.180090	0.170364	0.000031	0.000021	0.192507	0.175636	-12.000000	-28.000000	1.130000	23.640874
305.597534	21.927719	-40.953522	219.033966	249.453873	6.626812	336.734497	0.325962	-0.000012	0.000026	0.180090	0.170364	0.000031	0.185633	-0.000003	0.175636	-12.000000	-24.000000	1.130000	24.171500
306.139038	20.965975	-39.690636	219.384415	249.096237	7.016624	337.534729	0.162962	-0.000012	0.000026	0.180090	0.170364	0.000022	0.185633	-0.000003	0.175636	-12.000000	-24.000000	1.130000	24.186521
305.417023	21.350672	-38.427750	221.136703	251.599731	7.016624	338.014862	0.162962	-0.000012	0.167543	0.180090	0.170364	0.000031	0.185633	-0.000003	0.175636	-12.000000	-24.000000	1.130000	24.204082
306.680542	20.581276	-39.329815	221.487152	250.169159	6.821718	338.494995	0.325962	0.159847	0.000026	0.180090	0.170364	0.000022	0.185633	0.192507	0.175636	-12.000000	-24.000000	1.130000	24.228751
294.947632	50.202991	12.284119	239.185104	282.893219	6.821718	341.375793	0.325962	-0.000012	0.000026	0.180090	0.170364	0.000031	0.185633	0.192507	0.175636	-12.000000	-20.000000	1.130000	24.333744
295.669647	48.664200	10.836086	238.484207	280.389740	6.626812	340.255493	0.325962	-0.000012	0.000026	0.180090	0.170364	0.000031	0.185633	-0.000003	0.175636	-12.000000	-20.000000	1.130000	24.300067
293.684082	47.510109	10.294282	237.432846	278.780334	7.016624	339.455261	0.325962	-0.000012	0.000026	0.180090	0.170364	0.000022	0.000021	0.192507	0.175636	-12.000000	-20.000000	1.130000	24.256689
292.240051	48.087154	12.826064	236.031006	277.886261	6.821718	338.334961	0.325962	-0.000012	0.000026	0.180090	0.170364	0.000031	0.185633	-0.000003	0.175636	-12.000000	-20.000000	1.130000	24.222905
257.943787	63.475060	56.889378	235.505341	281.105011	6.431905	318.009247	0.325962	-0.000012	0.000026	0.180090	0.170364	0.000022	0.185633	-0.000003	0.175636	-12.000000	-16.000000	1.130000	23.483277
258.304810	64.436798	57.069973	235.505341	281.283844	6.237000	317.048981	0.325962	-0.000012	0.000026	0.180090	0.170364	0.000031	0.185633	-0.000003	0.175636	-12.000000	-16.000000	1.130000	23.454418
259.026855	63.667404	57.069973	235.505341	279.495636	6.237000	316.248749	0.325962	-0.000012	0.000026	0.180090	0.170364	0.000022	0.000021	-0.000003	0.175636	-12.000000	-16.000000	1.130000	23.424205
257.221771	64.244453	58.168835	235.330124	279.138000	6.237000	315.608582	0.162962	-0.000012	0.000026	0.180090	0.170364	0.000031	0.185633	0.192507	0.175636	-12.000000	-16.000000	1.130000	23.400007
223.828079	74.438942	95.201775	231.475113	275.919250	6.237000	297.683533	0.325962	-0.000012	0.000026	0.180090	0.170364	0.000031	0.185633	-0.000003	0.175636	-12.000000	-12.000000	1.130000	22.711992
223.286530	73.669540	94.117889	230.423752	275.025146	6.042093	296.883331	0.325962	-0.000012	0.167543	0.180090	0.170364	0.000031	0.000021	0.192507	0.175636	-12.000000	-12.000000	1.130000	22.688395
223.467041	75.400688	93.732010	228.496246	275.203979	6.237000	296.243134	0.325962	-0.000012	0.000026	0.180090	0.170364	0.000022	0.000021	-0.000003	0.175636	-12.000000	-12.000000	1.130000	22.655798
222.564529	73.861893	93.370811	229.372375	274.488678	5.847187	295.602966	0.325962	0.159847	0.000026	0.180090	0.170364	0.000022	0.185633	-0.000003	0.175636	-12.000000	-12.000000	1.130000	22.646017
190.614868	74.054237	117.571358	222.888977	265.368866	5.652281	279.438416	0.325962	-0.000012	0.000026	0.180090	0.170364	0.000022	0.185633	0.192507	0.175636	-12.000000	-8.000000	1.130000	22.013115
190.795380	75.785378	117.240898	221.136703	265.368866	5.652281	278.478149	0.325962	-0.000012	0.000026	0.180090	0.170364	0.000031	0.000021	0.192507	0.175636	-12.000000	-8.000000	1.130000	21.974477
188.448792	73.861893	117.421539	221.837616	265.368866	5.457375	278.158051	0.325962	-0.000012	0.000026	0.180090	0.170364	0.000031	0.185633	0.192507	0.175636	-12.000000	-8.000000	1.130000	21.969435
188.809799	73.669540	116.668350	221.136703	263.580658	5.652281	277.517883	0.325962	0.159847	0.000026	0.180090	0.170364	0.000031	0.185633	-0.000003	0.175636	-12.000000	-8.000000	1.130000	21.935771
162.997375	72.900146	136.570282	216.756027	258.931366	5.457375	269.995789	0.325962	-0.000012	0.000026	0.180090	0.170364	0.000022	0.000021	-0.000003	0.175636	-12.000000	-4.000000	1.130000	21.638151
162.816864	73.477196	138.557419	219.033966	261.434814	5.457375	270.795990	0.325962	-0.000012	0.000026	0.180090	0.170364	0.000022	0.185633	-0.000003	0.175636	-12.000000	-4.000000	1.130000	21.670853
163.538895	73.477196	138.521103	219.559662	262.507721	5.457375	271.596222	0.325962	-0.000012	0.000026	0.180090	0.170364	0.000022	0.185633	-0.000003	0.175636	-12.000000	-4.000000	1.130000	21.703507
165.163452	74.246590	138.340500	218.508301	261.613647	5.457375	272.396454	0.325962	-0.000012	0.000026	0.180090	0.170364	0.000022	0.000021	-0.000003	0.175636	-12.000000	-4.000000	1.130000	21.736112
150.361908	79.055313	172.293503	235.330124	281.283844	5.847187	289.841339	0.325962	0.159847	0.000026	0.180090	0.170364	0.000022	0.185633	0.192507	0.175636	-12.000000	0.000000	1.130000	22.419735
149.639893	79.440010	171.932297	234.804428	280.389740	5.847187	290.481537	0.325962	-0.000012	0.000026	0.180090	0.170364	0.000022	0.185633	-0.000003	0.175636	-12.000000	0.000000	1.130000	22.444990
151.625458	80.594101	172.654709	234.979675	281.105011	6.237000	291.281738	0.325962	0.159847	0.000026	0.180090	0.170364	0.000022	0.185633	-0.000003	0.175636	-12.000000	0.000000	1.130000	22.461166
152.708511	82.132889	173.738312	236.031006	283.429687	5.652281	291.921906	0.325962	-0.000012	0.000026	0.180090	0.170364	0.000022	0.000021	0.192507	0.175636	-12.000000	0.000000	1.130000	22.509374
135.379868	91.365631	206.481247	246.369415	295.589447	6.042093	307.606323	0.325962	-0.000012	0.000026	0.180090	0.170364	0.000031	0.185633	0.192507	0.175636	-12.000000	4.000000	1.130000	23.102857
134.296844	90.788589	206.661896	246.194199	296.304718	6.237000	308.086487	0.325962	-0.000012	0.000026	0.180090	0.170364	0.000031	0.185633	-0.000003	0.175636	-12.000000	4.000000	1.130000	23.113781
135.018860	92.135025	208.829681	247.946472	298.271729	6.237000	308.726654	0.325962	-0.000012	0.000026	0.180090	0.170364	0.000031	0.185633	-0.000003	0.175636	-12.000000	4.000000	1.130000	23.138278
134.296844	91.173286	208.829681	248.296921	298.092926	6.237000	309.526855	0.325962	-0.000012	0.000026	0.180090	0.170364	0.000031	0.185633	0.192507	0.175636	-12.000000	4.000000	1.130000	23.168863
109.386940	103.868309	243.269760	252.852829	306.139801	6.431905	324.251007	0.325962	0.159847	0.167543	0.180090	0.170364	0.000022	0.000021	-0.000003	0.175636	-12.000000	8.000000	1.130000	23.717328
110.469978	104.445351	243.694839	253.728958	307.033905	6.431905	325.051239	0.325962	0.159847	0.000026	0.180090	0.170364	0.000022	0.185633	-0.000003	0.175636	-12.000000	8.000000	1.130000	23.747168
110.469978	103.483612	243.992142	254.780319	307.212738	6.821718	325.531342	0.325962	-0.000012	0.000026	0.180090	0.170364	0.000022	0.000021	-0.000003	0.175636	-12.000000	8.000000	1.130000	23.750533
110.830994	104.253006	244.417435	254.780319	306.318634	6.626812	326.171539	0.325962	-0.000012	0.000026	0.180090	0.170364	0.000022	0.000021	-0.000003	0.175636	-12.000000	8.000000	1.130000	23.781630
83.032990	100.790726	277.656769	256.357391	309.537384	7.016624	340.415558	0.325962	0.159847	0.000026	0.180090	0.170364	0.000022	0.185633	0.192507	0.175636	-12.000000	12.000000	1.130000	24.291698
81.408424	99.636627	277.656769	255.130768	306.855072	7.016624	341.055725	0.325962	-0.000012	0.167543	0.180090	0.170364	0.000031	0.000021	-0.000003	0.175636	-12.000000	12.000000	1.130000	24.315008
82.491470	100.790726	278.018066	256.707825	310.431488	6.626812	341.695892	0.325962	-0.000012	0.167543	0.180090	0.170364	0.000022	0.185633	0.192507	0.175636	-12.000000	12.000000	1.130000	24.352467
83.393997	100.598373	277.222748	255.656464	308.822113	6.626812	342.336060	0.325962	-0.000012	0.000026	0.180090	0.170364	0.000022	0.185633	-0.000003	0.175636	-12.000000	12.000000	1.130000	24.375719
43.863071	83.864037	290.482819	238.308990	283.966156	6.431905	335.294098	0.162962	-0.000012	0.000026	0.180090	0.170364	0.000022	0.000021	-0.000003	0.175636	-12.000000	16.000000	1.130000	24.125857
41.516487	83.864037	291.490265	236.907150	284.144958	6.821718	334.333832	0.325962	-0.000012	0.000026	0.180090	0.170364	0.000022	0.185633	-0.000003	0.175636	-12.000000	16.000000	1.130000	24.076284
41.696995	82.325241	288.134369	234.979675	280.210937	6.626812	333.533600	0.325962	0.159847	0.000026	0.180090	0.170364	0.000031	0.000021	-0.000003	0.175636	-12.000000	16.000000	1.130000	24.054025
41.877499	81.748192	288.856964	236.731934	280.568573	7.016624	332.573334	0.162962	-0.000012	0.000026	0.180090	0.170364	0.000022	0.000021	0.192507	0.175636	-12.000000	16.000000	1.130000	24.004303
-3.063795	48.856548	284.160095	205.716705	234.969452	6.431905	312.887817	0.325962	0.159847	0.000026	0.180090	0.170364	0.000022	0.185633	-0.000003	0.175636	-12.000000	20.000000	1.130000	23.289479
-2.522466	48.856548	284.340759	205.191025	234.611816	6.431905	311.927521	0.325962	-0.000012	0.000026	0.180090	0.170364	0.000022	0.185633	-0.000003	0.175636	-12.000000	20.000000	1.130000	23.252961
-2.342901	51.934132	283.076202	203.263535	236.042389	6.237000	311.287354	0.325962	-0.000012	0.000026	0.180090	0.170364	0.000022	0.000021	-0.000003	0.175636	-12.000000	20.000000	1.130000	23.236009
-3.243170	47.894806	282.353607	204.665344	232.823624	6.042093	310.807220	0.325962	-0.000012	0.000026	0.180090	0.170364	0.000031	0.000021	-0.000003	0.175636	-12.000000	20.000000	1.130000	23.225144
-47.578926	13.272022	276.211578	175.402405	187.045715	5.652281	293.362335	0.325962	0.159847	0.000026	0.180090	0.170364	0.000031	0.185633	0.192507	0.175636	-12.000000	24.000000	1.130000	22.565933
-47.386314	13.079674	273.971954	174.175827	184.899872	6.042093	292.402069	0.325962	-0.000012	0.000026	0.180090	0.170364	0.000022	0.185633	0.192507	0.175636	-12.000000	24.000000	1.130000	22.512926
-47.218483	12.502627	273.682495	174.175827	184.542236	5.652281	291.761871	0.325962	-0.000012	0.167543	0.180090	0.170364	0.000022	0.185633	0.192507	0.175636	-12.000000	24.000000	1.130000	22.503081
-44.503494	15.195511	272.959900	173.299683	185.615158	5.652281	290.961670	0.325962	0.159847	0.000026	0.180090	0.170364	0.000022	0.185633	0.192507	0.175636	-12.000000	24.000000	1.130000	22.471590
-88.850044	-23.599606	264.469421	144.387192	133.578552	5.457375	275.277252	0.325962	-0.000012	0.000026	0.180090	0.000032	0.000022	0.185633	0.192507	0.175636	-12.000000	28.000000	1.130000	21.853085
-89.187172	-20.721605	265.011383	143.335831	135.545563	5.652281	274.637085	0.325962	-0.000012	0.000026	0.180090	0.170364	0.000022	0.185633	0.192507	0.175636	-12.000000	28.000000	1.130000	21.819241
-88.466469	-20.913471	264.108124	142.634918	134.830276	5.457375	273.996918	0.325962	-0.000012	0.000026	0.180090	0.170364	0.000031	0.185633	-0.000003	0.175636	-12.000000	28.000000	1.130000	21.801175
-87.408257	-21.297207	262.482269	143.160599	134.651459	5.067563	273.516754	0.325962	-0.000012	0.000026	0.180090	0.170364	0.000022	0.185633	-0.000003	0.175636	-12.000000	28.000000	1.130000	21.797507
-137.330078	-63.316010	267.901733	119.504929	85.833611	5.457375	275.117218	0.325962	-0.000012	0.000026	0.180090	0.000032	0.000022	0.185633	0.192507	0.175636	-12.000000	32.000000	1.130000	21.846603
-137.474350	-62.932278	268.263031	118.804008	85.118324	5.652281	275.757385	0.325962	-0.000012	0.000026	0.180090	0.170364	0.000022	0.000021	0.192507	0.175636	-12.000000	32.000000	1.130000	21.864632
-137.690536	-63.316010	267.901733	119.154480	83.330132	5.457375	276.557617	0.325962	0.159847	0.000026	0.180090	0.170364	0.000022	0.185633	-0.000003	0.175636	-12.000000	32.000000	1.130000	21.904873
-138.050964	-62.548542	270.611481	120.030609	86.727707	5.262468	277.197784	0.325962	-0.000012	0.000026	0.180090	0.170364	0.000022	0.185633	-0.000003	0.175636	-12.000000	32.000000	1.130000	21.938583
-193.869476	-107.637215	286.869843	97.075844	31.651159	5.847187	294.002502	0.325962	-0.000012	0.000026	0.180090	0.170364	0.000022	0.185633	0.192507	0.175636	-12.000000	36.000000	1.130000	22.583387
-194.770355	-107.637215	288.134369	97.075844	32.008797	5.847187	294.642700	0.325962	0.159847	0.000026	0.180090	0.170364	0.000022	0.185633	0.192507	0.175636	-12.000000	36.000000	1.130000	22.608460
-195.542175	-111.474556	288.495667	97.951973	28.790039	5.652281	295.602966	0.325962	-0.000012	0.000026	0.180090	0.170364	0.000022	0.185633	0.192507	0.175636	-12.000000	36.000000	1.130000	22.653632
-192.298172	-108.020950	287.773071	97.251068	30.041777	6.042093	296.243134	0.325962	-0.000012	0.000026	0.180090	0.170364	0.000022	0.185633	0.192507	0.175636	-12.000000	36.000000	1.130000	22.663411
-250.985291	-160.016830	302.586243	69.915627	-35.849773	6.237000	311.767487	0.325962	-0.000012	0.000026	0.180090	0.170364	0.000022	0.185633	-0.000003	0.175636	-12.000000	40.000000	1.130000	23.254288
-250.444778	-156.563232	302.947540	68.864258	-35.671417	6.237000	312.247620	0.325962	-0.000012	0.167543	0.180090	0.170364	0.000022	0.185633	-0.000003	0.175636	-12.000000	40.000000	1.130000	23.272553
-250.444778	-156.946960	302.586243	67.287216	-38.881844	6.042093	312.887817	0.325962	-0.000012	0.000026	0.180090	0.170364	0.000022	0.185633	-0.000003	0.175636	-12.000000	40.000000	1.130000	23.304287
-249.183548	-154.644562	303.489502	68.689041	-35.671417	5.847187	313.527985	0.325962	-0.000012	0.000026	0.180090	0.170364	0.000022	0.000021	-0.000003	0.175636	-12.000000	40.000000	1.130000	23.335976
-308.181702	-212.396454	311.979980	36.096775	-112.186607	6.431905	328.412170	0.325962	-0.000012	0.000026	0.180090	0.170364	0.000022	0.185633	0.192507	0.175636	-12.000000	44.000000	1.130000	23.872087
-309.362366	-213.547653	312.341278	35.220638	-112.186607	6.237000	329.052368	0.325962	-0.000012	0.000026	0.180090	0.170364	0.000022	0.000021	0.192507	0.175636	-12.000000	44.000000	1.130000	23.903026
-306.199249	-207.599777	312.341278	33.293137	-112.364960	6.237000	329.692535	0.325962	0.159847	0.000026	0.180090	0.170364	0.000022	0.185633	0.192507	0.175636	-12.000000	44.000000	1.130000	23.926715
-308.281281	-212.972061	313.063873	35.571091	-115.040314	6.626812	330.172668	0.325962	-0.000012	0.000026	0.180090	0.170364	0.000022	0.185633	-0.000003	0.175636	-12.000000	44.000000	1.130000	23.930055
336.464142	-176.709244	-318.246735	41.178360	6.079903	6.821718	347.777618	0.325962	-0.000012	0.000026	0.180090	0.170364	0.000022	0.000021	-0.000003	0.175636	-8.000000	-44.000000	1.130000	24.565459
338.449707	-173.255646	-321.313751	36.972908	3.576423	6.821718	346.817322	0.325962	-0.000012	0.000026	0.180090	0.170364	0.000022	0.185633	-0.000003	0.175636	-8.000000	-44.000000	1.130000	24.530840
334.298065	-175.174316	-317.344666	40.477451	5.006982	6.821718	345.536987	0.325962	-0.000012	0.000026	0.180090	0.170364	0.000022	0.185633	-0.000003	0.175636	-8.000000	-44.000000	1.130000	24.484609
335.742096	-173.639374	-318.787964	38.549953	2.503504	6.821718	344.416656	0.325962	-0.000012	0.000026	0.180090	0.170364	0.000022	0.185633	-0.000003	0.175636	-8.000000	-44.000000	1.130000	24.444082
316.427917	-115.120026	-248.066483	74.821991	64.554031	6.626812	322.970642	0.325962	-0.000012	0.000026	0.180090	0.170364	0.000022	0.000021	-0.000003	0.175636	-8.000000	-40.000000	1.130000	23.662219
316.427917	-114.736290	-250.953064	72.719254	62.229374	6.431905	322.010376	0.325962	-0.000012	0.000026	0.180090	0.170364	0.000022	0.000021	-0.000003	0.175636	-8.000000	-40.000000	1.130000	23.633577
316.247406	-113.776955	-249.870590	73.770622	64.732857	6.626812	321.370178	0.325962	-0.000012	0.000026	0.180090	0.170364	0.000022	0.185633	0.192507	0.175636	-8.000000	-40.000000	1.130000	23.602286
315.886383	-112.050156	-248.427307	75.347672	66.342232	6.237000	320.249878	0.325962	-0.000012	0.167543	0.180090	0.170364	0.000022	0.185633	-0.000003	0.175636	-8.000000	-40.000000	1.130000	23.574881
297.655243	-61.781075	-187.808884	99.704254	111.762512	6.042093	302.164795	0.325962	0.159847	0.000026	0.180090	0.170364	0.000022	0.000021	-0.000003	0.175636	-8.000000	-36.000000	1.130000	22.893471
297.294220	-61.589207	-187.808884	97.776756	109.437851	5.847187	301.524628	0.325962	-0.000012	0.000026	0.180090	0.170364	0.000022	0.000021	-0.000003	0.175636	-8.000000	-36.000000	1.130000	22.876252
295.850189	-57.560017	-181.855301	102.683113	115.517715	6.237000	300.564331	0.325962	-0.000012	0.000026	0.180090	0.170364	0.000022	0.185633	0.192507	0.175636	-8.000000	-36.000000	1.130000	22.823964
295.850189	-58.711220	-184.922287	99.353790	111.762512	5.847187	299.924164	0.325962	-0.000012	0.000026	0.180090	0.170364	0.000022	0.185633	-0.000003	0.175636	-8.000000	-36.000000	1.130000	22.814254
276.896973	-15.733070	-125.205925	121.081970	150.208801	5.457375	283.279510	0.325962	-0.000012	0.167543	0.180090	0.170364	0.000022	0.185633	-0.000003	0.175636	-8.000000	-32.000000	1.130000	22.174774
276.535980	-14.198136	-126.288391	119.855370	150.029984	5.262468	282.479279	0.325962	0.159847	0.000026	0.180090	0.170364	0.000022	0.185633	0.192507	0.175636	-8.000000	-32.000000	1.130000	22.150603
276.355469	-14.965604	-124.303871	121.432426	150.029984	5.262468	281.839081	0.325962	-0.000012	0.000026	0.180090	0.170364	0.000022	0.000021	-0.000003	0.175636	-8.000000	-32.000000	1.130000	22.125011
274.189392	-16.692404	-123.943047	121.257195	149.314697	5.457375	281.358978	0.325962	-0.000012	0.167543	0.180090	0.170364	0.000022	0.185633	-0.000003	0.175636	-8.000000	-32.000000	1.130000	22.097996
255.597214	17.311346	-71.984383	135.625824	176.137695	5.262468	266.794891	0.325962	-0.000012	0.000026	0.180090	0.170364	0.000022	0.185633	-0.000003	0.175636	-8.000000	-28.000000	1.130000	21.514860
256.499756	18.080744	-73.608093	134.749695	175.958878	5.262468	266.634827	0.162962	-0.000012	0.000026	0.180090	0.170364	0.000022	0.185633	-0.000003	0.175636	-8.000000	-28.000000	1.130000	21.508276
257.402283	16.541954	-74.510147	135.625824	175.601227	5.262468	267.275024	0.325962	-0.000012	0.000026	0.180090	0.170364	0.000022	0.000021	0.192507	0.175636	-8.000000	-28.000000	1.130000	21.534600
257.402283	15.195511	-75.231796	135.275375	175.422409	5.262468	267.755157	0.325962	-0.000012	0.000026	0.180090	0.170364	0.000022	0.000021	-0.000003	0.175636	-8.000000	-28.000000	1.130000	21.554322
265.525085	46.933064	-36.623631	161.559464	218.339188	5.847187	285.680176	0.325962	-0.000012	0.000026	0.180090	0.170364	0.000022	0.000021	-0.000003	0.175636	-8.000000	-24.000000	1.130000	22.254878
266.969147	48.471851	-35.360752	162.260361	219.769775	5.457375	286.480408	0.325962	-0.000012	0.000026	0.180090	0.170364	0.000022	0.185633	-0.000003	0.175636	-8.000000	-24.000000	1.130000	22.302150
266.247101	47.702457	-36.262810	163.486954	221.021500	5.847187	287.120575	0.325962	-0.000012	0.000026	0.180090	0.170364	0.000022	0.000021	0.192507	0.175636	-8.000000	-24.000000	1.130000	22.312082
267.510651	49.433594	-35.721573	163.311722	221.736801	5.652281	287.920807	0.325962	-0.000012	0.000026	0.180090	0.170364	0.000022	0.185633	-0.000003	0.175636	-8.000000	-24.000000	1.130000	22.351517
269.857239	75.015991	7.406610	189.070129	258.752533	6.042093	302.965027	0.325962	-0.000012	0.000026	0.180090	0.170364	0.000022	0.000021	-0.000003	0.175636	-8.000000	-20.000000	1.130000	22.924383
272.564850	75.785378	4.516233	187.317856	258.394867	5.847187	303.605225	0.325962	-0.000012	0.000026	0.180090	0.170364	0.000022	0.000021	-0.000003	0.175636	-8.000000	-20.000000	1.130000	22.956597
270.759735	75.977730	7.585266	189.070129	260.361908	5.847187	304.245392	0.325962	-0.000012	0.000026	0.180090	0.170364	0.000022	0.185633	-0.000003	0.175636	-8.000000	-20.000000	1.130000	22.981262
272.384338	75.400688	5.780773	189.595810	259.825439	6.237000	305.045593	0.325962	-0.000012	0.000026	0.180090	0.170364	0.000022	0.000021	-0.000003	0.175636	-8.000000	-20.000000	1.130000	22.997060
268.954681	101.752464	53.291328	210.798294	291.834229	6.237000	320.249878	0.325962	-0.000012	0.000026	0.180090	0.170364	0.000022	0.185633	-0.000003	0.175636	-8.000000	-16.000000	1.130000	23.574881
269.676727	99.636627	53.110680	212.901031	293.264771	6.237000	320.890045	0.325962	-0.000012	0.000026	0.180090	0.170364	0.000022	0.000021	-0.000003	0.175636	-8.000000	-16.000000	1.130000	23.598899
269.676727	98.097839	55.820408	214.653290	292.728333	6.431905	321.370178	0.325962	-0.000012	0.000026	0.180090	0.170364	0.000022	0.000021	-0.000003	0.175636	-8.000000	-16.000000	1.130000	23.609592
271.662292	101.175423	53.652626	215.178970	295.768280	6.626812	322.010376	0.162962	-0.000012	0.000026	0.180090	0.170364	0.000022	0.000021	-0.000003	0.175636	-8.000000	-16.000000	1.130000	23.626278
261.734436	122.333794	104.595497	235.855789	323.843018	6.626812	336.574463	0.325962	-0.000012	0.000026	0.180090	0.170364	0.000022	0.000021	-0.000003	0.175636	-8.000000	-12.000000	1.130000	24.165640
263.178497	120.410309	104.206871	236.731934	322.233612	6.626812	337.214630	0.325962	-0.000012	0.000026	0.180090	0.170364	0.000022	0.185633	0.192507	0.175636	-8.000000	-12.000000	1.130000	24.189072
263.720001	120.217957	102.427719	235.330124	320.981873	6.626812	338.014862	0.325962	-0.000012	0.000026	0.180090	0.170364	0.000022	0.185633	-0.000003	0.175636	-8.000000	-12.000000	1.130000	24.218331
265.344574	120.795006	103.692253	237.783295	322.054779	6.626812	338.494995	0.325962	-0.000012	0.000026	0.180090	0.000032	0.000022	0.000021	0.192507	0.175636	-8.000000	-12.000000	1.130000	24.235869
242.239731	130.604797	147.770493	247.070343	335.287476	6.626812	342.015991	0.325962	-0.000012	0.000026	0.180090	0.170364	0.000022	0.000021	0.192507	0.175636	-8.000000	-8.000000	1.130000	24.364096
242.961761	131.951218	145.783356	246.194199	335.466278	6.821718	340.575592	0.325962	-0.000012	0.000026	0.180090	0.170364	0.000022	0.185633	-0.000003	0.175636	-8.000000	-8.000000	1.130000	24.304626
241.517700	132.143585	145.060760	243.215332	332.247528	6.821718	339.615295	0.325962	0.159847	0.000026	0.180090	0.170364	0.000022	0.000021	0.192507	0.175636	-8.000000	-8.000000	1.130000	24.269635
241.517700	130.220093	144.880127	243.916245	330.995789	6.431905	338.975128	0.325962	-0.000012	0.000026	0.180090	0.170364	0.000022	0.000021	-0.000003	0.175636	-8.000000	-8.000000	1.130000	24.260504
201.625763	125.219025	167.280533	233.227386	315.796112	6.431905	318.489380	0.325962	-0.000012	0.000026	0.180090	0.170364	0.000022	0.185633	-0.000003	0.175638	-8.000000	-4.000000	1.130000	23.501364
202.528305	126.950165	166.377289	231.825562	316.332550	6.237000	317.689178	0.325962	0.159847	0.000026	0.180090	0.170364	0.000022	0.000021	-0.000003	0.175636	-8.000000	-4.000000	1.130000	23.478560
199.098679	123.872581	166.738586	232.876938	313.829071	6.431905	316.888916	0.325962	0.159847	0.000026	0.180090	0.170364	0.000022	0.000021	0.192507	0.175636	-8.000000	-4.000000	1.130000	23.441020
199.459686	124.834328	165.112747	230.073273	313.292603	6.042093	315.928650	0.325962	-0.000012	0.000026	0.180090	0.170364	0.000022	0.185633	0.192507	0.175638	-8.000000	-4.000000	1.130000	23.419475
163.358383	116.948021	180.648514	218.858749	295.052979	6.042093	298.163666	0.325962	-0.000012	0.000026	0.180090	0.170364	0.000022	0.185633	-0.000003	0.175638	-8.000000	0.000000	1.130000	22.738279
162.275345	118.102112	181.190460	217.982635	294.158875	5.847187	297.363464	0.325962	-0.000012	0.000026	0.180090	0.170364	0.000022	0.185633	-0.000003	0.175636	-8.000000	0.000000	1.130000	22.714709
162.275345	117.909775	180.648514	217.982635	295.052979	6.042093	296.723297	0.325962	-0.000012	0.000026	0.180090	0.170364	0.000022	0.185633	-0.000003	0.175636	-8.000000	0.000000	1.130000	22.682152
163.719406	117.525078	178.842041	216.580795	292.013031	5.847187	295.923035	0.325962	-0.000012	0.000026	0.180090	0.170364	0.000022	0.000021	-0.000003	0.175636	-8.000000	0.000000	1.130000	22.658521
126.354546	114.447487	193.474564	203.263535	276.276886	5.457375	279.758514	0.325962	-0.000012	0.000026	0.180090	0.170364	0.000022	0.185633	-0.000003	0.175636	-8.000000	4.000000	1.130000	22.033809
128.159622	114.062790	193.293915	203.964447	274.309845	5.262468	279.118347	0.325962	-0.000012	0.000026	0.180090	0.170364	0.000022	0.000021	-0.000003	0.175636	-8.000000	4.000000	1.130000	22.015918
125.993546	114.255150	192.932617	203.088303	274.309845	5.652281	278.478149	0.325962	0.159847	0.000026	0.180090	0.170364	0.000022	0.185633	-0.000003	0.175636	-8.000000	4.000000	1.130000	21.974477
126.896072	114.639839	192.210022	202.562622	275.561615	5.457375	277.677917	0.325962	-0.000012	0.000026	0.180090	0.170364	0.000022	0.000021	-0.000003	0.175636	-8.000000	4.000000	1.130000	21.950086
95.126923	112.908699	207.023193	191.348083	262.507721	5.262468	269.675690	0.325962	-0.000012	0.000026	0.180090	0.170364	0.000022	0.000021	-0.000003	0.175638	-8.000000	8.000000	1.130000	21.633030
96.209961	112.331650	206.300598	191.698532	261.613647	5.262468	270.475891	0.325962	-0.000012	0.000026	0.180090	0.170364	0.000022	0.185633	-0.000003	0.175636	-8.000000	8.000000	1.130000	21.665739
96.751480	113.870438	208.287735	193.100342	264.295929	5.067563	271.276123	0.325962	-0.000012	0.000026	0.180090	0.170364	0.000022	0.000021	0.192507	0.175636	-8.000000	8.000000	1.130000	21.706349
96.751480	113.870438	208.468384	193.450806	264.474762	5.262468	272.076355	0.325962	-0.000012	0.000026	0.180090	0.170364	0.000022	0.185633	-0.000003	0.175636	-8.000000	8.000000	1.130000	21.731013
69.856010	111.754608	241.707703	196.254440	271.985199	5.652281	289.681305	0.325962	-0.000012	0.000026	-0.000039	0.170364	0.000022	0.185633	-0.000003	0.175636	-8.000000	12.000000	1.130000	22.421111
70.036514	112.524002	240.985107	195.553528	272.700470	5.847187	290.321472	0.325962	-0.000012	0.000026	0.180090	0.000032	0.000022	0.000021	-0.000003	0.175638	-8.000000	12.000000	1.130000	22.438678
70.939049	112.524002	241.707703	196.254440	273.236938	5.652281	290.801605	0.325962	-0.000012	0.000026	0.180090	0.170364	0.000022	0.000021	-0.000003	0.175636	-8.000000	12.000000	1.130000	22.465286
70.758545	111.177559	242.249649	197.656265	273.415771	5.847187	291.761871	0.325962	-0.000012	0.000026	0.180090	0.170364	0.000022	0.185633	-0.000003	0.175636	-8.000000	12.000000	1.130000	22.495414
36.281799	101.560120	270.611481	193.626022	267.335876	5.847187	307.446289	0.325962	-0.000012	0.000026	0.180090	0.170364	0.000022	0.185633	-0.000003	0.175636	-8.000000	16.000000	1.130000	23.104192
36.642811	102.521858	272.417938	194.502167	270.375824	6.042093	308.086487	0.325962	0.159847	0.000026	0.180090	0.170364	0.000022	0.185633	-0.000003	0.175636	-8.000000	16.000000	1.130000	23.121243
37.725849	102.329514	272.417938	194.852631	269.839355	6.431905	308.566589	0.325962	-0.000012	0.000026	0.180090	0.170364	0.000022	0.185633	-0.000003	0.175636	-8.000000	16.000000	1.130000	23.124698
36.462307	103.291260	274.043793	195.553528	270.912292	6.237000	309.206787	0.325962	0.159847	0.000026	0.180090	0.170364	0.000022	0.185633	0.192507	0.175636	-8.000000	16.000000	1.130000	23.156634
-8.828629	81.555847	299.876526	185.390350	254.460831	6.431905	324.090973	0.325962	-0.000012	0.000026	0.180090	0.170364	0.000022	0.185633	-0.000003	0.175636	-8.000000	20.000000	1.130000	23.711356
-7.567396	79.824707	299.334564	185.916046	253.745560	6.821718	324.571106	0.325962	-0.000012	0.000026	0.180090	0.170364	0.000022	0.000021	0.192507	0.175636	-8.000000	20.000000	1.130000	23.714727
-9.188980	81.748192	301.321716	186.616943	255.891403	6.431905	325.371307	0.325962	-0.000012	0.000026	0.180090	0.170364	0.000022	0.185633	-0.000003	0.175636	-8.000000	20.000000	1.130000	23.759093
-7.567396	82.132889	301.141083	186.792160	256.070221	6.626812	326.011475	0.325962	-0.000012	0.000026	0.180090	0.170364	0.000022	0.000021	-0.000003	0.175636	-8.000000	20.000000	1.130000	23.775673
-61.620228	52.126480	325.709259	172.598770	227.280212	6.821718	340.415558	0.325962	-0.000012	0.000026	0.180090	0.170364	0.000022	0.185633	0.192507	0.175636	-8.000000	24.000000	1.130000	24.298798
-59.097759	53.665268	325.528595	172.774002	228.353119	6.821718	341.055725	0.325962	-0.000012	0.000026	0.180090	0.000032	0.000022	0.185633	-0.000003	0.175636	-8.000000	24.000000	1.130000	24.322101
-61.440048	51.164734	326.070557	172.598770	226.207275	7.211531	341.695892	0.325962	-0.000012	0.167543	0.180090	0.170364	0.000022	0.185633	0.192507	0.175636	-8.000000	24.000000	1.130000	24.331209
-62.160759	51.549435	327.877045	173.299683	226.207275	6.626812	341.855927	0.325962	-0.000012	0.000026	0.180090	0.170364	0.000022	0.185633	-0.000003	0.175636	-8.000000	24.000000	1.130000	24.358282
-111.168655	15.964905	327.877045	142.459686	172.024826	6.431905	335.934296	0.325962	-0.000012	0.000026	0.180090	0.170364	0.000022	0.000021	0.192507	0.175636	-8.000000	28.000000	1.130000	24.149328
-113.330772	12.694977	327.696381	143.335831	170.951920	6.431905	334.973999	0.325962	-0.000012	0.000026	0.180090	0.170364	0.000022	0.185633	-0.000003	0.175638	-8.000000	28.000000	1.130000	24.114112
-110.628120	16.541954	325.889923	140.882645	173.276581	6.431905	334.013733	0.325962	-0.000012	0.000026	0.180090	0.170364	0.000022	0.000021	0.192507	0.175636	-8.000000	28.000000	1.130000	24.078846
-113.691116	13.079674	324.806000	141.233093	170.236649	7.016624	333.373566	0.325962	-0.000012	0.000026	0.180090	0.170364	0.000022	0.185633	-0.000003	0.175636	-8.000000	28.000000	1.130000	24.033786
-151.708282	-25.326406	305.476624	101.806976	102.821510	6.042093	310.006989	0.325962	0.159847	0.000026	0.180090	0.170360	0.000022	0.000021	-0.000003	0.175636	-8.000000	32.000000	1.130000	23.194633
-150.627213	-26.861341	304.754028	103.559242	103.000328	5.847187	308.886688	0.325962	-0.000012	0.000026	0.180090	0.170364	0.000022	0.185633	0.000016	0.175636	-8.000000	32.000000	1.130000	23.159298
-151.528107	-24.367073	305.476624	101.806976	103.179146	5.847187	308.086487	0.325962	-0.000012	0.000026	0.180090	0.170364	0.000022	0.000021	-0.000003	0.175636	-8.000000	32.000000	1.130000	23.128701
-150.486374	-25.134541	303.489502	103.384026	103.000328	6.042093	307.126190	0.325962	-0.000012	0.000026	0.180090	0.170364	0.000022	0.000021	-0.000003	0.175638	-8.000000	32.000000	1.130000	23.084458
-187.563324	-62.164810	287.592438	65.710175	36.121658	5.847187	289.361206	0.325962	0.159847	0.000026	0.180090	0.170360	0.000022	0.000021	-0.000003	0.175636	-8.000000	36.000000	1.130000	22.400775
-185.221024	-62.164810	284.882690	65.184486	36.300480	6.237000	288.881073	0.325962	-0.000012	0.000026	0.180090	0.170364	0.000022	0.185633	0.192507	0.175636	-8.000000	36.000000	1.130000	22.366381
-185.761551	-61.013622	285.243988	64.133125	36.121658	5.652281	287.920807	0.325962	-0.000012	0.000026	0.180090	0.170364	0.000022	0.185633	-0.000003	0.175636	-8.000000	36.000000	1.130000	22.351517
-184.680496	-59.094952	285.424652	63.607445	36.836937	5.652281	287.440674	0.325962	-0.000012	0.000026	0.180090	0.170360	0.000022	0.000021	0.192507	0.175636	-8.000000	36.000000	1.130000	22.332499
-213.688858	-94.590286	268.263031	32.241772	-24.791636	5.457375	272.076355	0.325962	-0.000012	0.000026	0.180090	0.000032	0.000022	0.000021	-0.000003	0.175638	-8.000000	40.000000	1.130000	21.723076
-213.328491	-92.096016	266.817841	28.562002	-26.753561	5.067563	271.436188	0.325962	-0.000012	0.000026	0.180090	0.170360	0.000022	0.185633	-0.000003	0.175636	-8.000000	40.000000	1.130000	21.712874
-212.247437	-90.944817	267.179138	28.912457	-26.218491	5.262468	270.635956	0.325962	-0.000012	0.000026	0.180090	0.170360	0.000022	0.000021	-0.000003	0.175636	-8.000000	40.000000	1.130000	21.672276
-211.887100	-92.096016	264.469421	30.839958	-26.218491	5.457375	269.995789	0.325962	0.159847	0.000026	0.180090	0.170364	0.000022	0.185633	-0.000003	0.175636	-8.000000	40.000000	1.130000	21.638151
-256.030243	-132.388031	270.069519	-5.769291	-97.918037	5.262468	278.798248	0.325962	-0.000012	0.000026	0.180090	0.170364	0.000022	0.000021	0.192507	0.175638	-8.000000	44.000000	1.130000	22.003048
-254.588821	-132.579895	269.888885	-3.146885	-93.815819	5.457375	279.598480	0.325962	-0.000012	0.000026	0.180090	0.170364	0.000022	0.000021	-0.000003	0.175638	-8.000000	44.000000	1.130000	22.027381
-258.192352	-132.004288	271.876007	-6.818255	-97.918037	5.457375	280.238647	0.325962	0.159847	0.000026	0.180090	0.170364	0.000022	0.000021	0.192507	0.175636	-8.000000	44.000000	1.130000	22.053085
-256.210419	-132.004288	272.056671	-5.069983	-95.242683	5.457375	280.878845	0.325962	-0.000012	0.000026	0.180090	0.170360	0.000022	0.185633	-0.000003	0.175636	-8.000000	44.000000	1.130000	22.078760
299.099274	-106.102280	-283.066406	-4.545502	0.000022	6.042093	303.445160	0.325962	-0.000012	0.000026	0.180090	0.170364	0.000022	0.185633	-0.000003	0.175638	-4.000000	-44.000000	1.130000	22.942910
301.084839	-104.183632	-281.623108	-2.272750	4.470522	5.847187	304.085358	0.325962	-0.000012	0.000026	0.180090	0.170364	0.000022	0.185633	-0.000003	0.175636	-4.000000	-44.000000	1.130000	22.975098
299.279785	-105.718552	-280.901459	-3.146885	2.861143	6.042093	304.565460	0.325962	-0.000012	0.000026	0.180090	0.170360	0.000022	0.185633	0.192507	0.175636	-4.000000	-44.000000	1.130000	22.986082
300.001831	-106.294151	-282.164337	-2.097924	3.039964	6.237000	305.525726	0.325962	-0.000012	0.000026	0.180090	0.170364	0.000022	0.000021	-0.000003	0.175636	-4.000000	-44.000000	1.130000	23.015529
317.149933	-63.507877	-249.329361	34.344501	64.375214	6.821718	320.569977	0.325962	-0.000012	0.000026	0.180090	0.170364	0.000022	0.000021	0.192507	0.175638	-4.000000	-40.000000	1.130000	23.564945
318.954987	-64.850945	-250.050995	36.797684	66.521049	6.237000	321.210144	0.325962	-0.000012	0.000026	0.180090	0.170360	0.000022	0.000021	-0.000003	0.175636	-4.000000	-40.000000	1.130000	23.610900
319.496521	-64.659081	-252.035553	35.395863	64.017570	6.626812	321.690277	0.325962	0.159847	0.000026	0.180090	0.170364	0.000022	0.185633	-0.000003	0.175636	-4.000000	-40.000000	1.130000	23.614285
320.218536	-64.850945	-251.494293	35.746319	65.448135	6.821718	322.330475	0.325962	-0.000012	0.000026	0.180090	0.170364	0.000022	0.185633	0.000016	0.175636	-4.000000	-40.000000	1.130000	23.630967
334.117523	-23.407738	-211.623260	73.420166	124.816360	6.626812	336.734497	0.325962	-0.000012	0.000026	0.180090	0.170364	0.000022	0.185633	0.192507	0.175638	-4.000000	-36.000000	1.130000	24.171500
333.034515	-17.651737	-207.834610	72.894485	127.498657	6.237000	337.214630	0.325962	-0.000012	0.000026	0.180090	0.170364	0.000022	0.000021	-0.000003	0.175638	-4.000000	-36.000000	1.130000	24.203329
335.742096	-21.872805	-210.360382	75.347672	127.498657	7.211531	338.174927	0.325962	-0.000012	0.000026	0.180090	0.170364	0.000022	0.000021	-0.000003	0.175636	-4.000000	-36.000000	1.130000	24.202809
335.020081	-22.256538	-210.540802	75.522896	128.035126	6.821718	338.655060	0.325962	0.159847	0.000026	0.180090	0.170364	0.000022	0.185633	0.192580	0.175636	-4.000000	-36.000000	1.130000	24.234596
336.825134	21.735371	-153.350189	110.918793	185.436340	6.821718	341.535858	0.325962	-0.000012	0.000026	0.180090	0.170364	0.000022	0.000021	-0.000003	0.175638	-4.000000	-32.000000	1.130000	24.339565
336.103119	22.312416	-155.515137	106.888565	182.038757	6.821718	340.415558	0.325962	-0.000012	0.000026	0.180090	0.170364	0.000022	0.000021	-0.000003	0.175638	-4.000000	-32.000000	1.130000	24.298798
336.103119	22.113947	-153.711014	110.393105	183.469315	6.821718	339.455261	0.325962	-0.000012	0.000026	0.180090	0.170364	0.000022	0.185633	-0.000003	0.175636	-4.000000	-32.000000	1.130000	24.263799
334.298065	16.926651	-157.138840	107.414246	177.925888	7.211531	338.655060	0.325962	-0.000012	0.000026	0.180090	0.170364	0.000022	0.000021	0.192507	0.175636	-4.000000	-32.000000	1.130000	24.220358
310.290680	57.512245	-93.633820	126.864471	213.332260	6.042093	318.009247	0.325962	0.159847	0.000026	0.180090	0.170364	0.000022	0.000021	-0.000003	0.175636	-4.000000	-28.000000	1.130000	23.497963
309.207642	56.165806	-93.453407	127.390152	212.616959	6.431905	317.529114	0.325962	-0.000012	0.000026	0.180090	0.170364	0.000022	0.185633	0.192507	0.175636	-4.000000	-28.000000	1.130000	23.465177
307.402588	58.457722	-92.190529	126.864471	213.868713	6.042093	316.408783	0.325962	-0.000012	0.000026	0.180090	0.170364	0.000022	0.185633	0.000016	0.175636	-4.000000	-28.000000	1.130000	23.437611
306.500031	57.303951	-93.092583	125.462646	212.795776	6.042093	316.088715	0.325962	-0.000012	0.000026	0.180090	0.170364	0.000022	0.000021	-0.000003	0.175636	-4.000000	-28.000000	1.130000	23.425522
281.229126	82.517586	-41.494755	139.480835	233.002441	5.847187	298.003632	0.325962	-0.000012	0.000026	0.180090	0.000032	0.000022	0.185633	-0.000003	0.175638	-4.000000	-24.000000	1.130000	22.739636
281.229126	79.440010	-43.298874	140.356949	230.856613	5.652281	297.203400	0.325962	-0.000012	0.000026	0.180090	0.170364	0.000022	0.185633	0.192507	0.175636	-4.000000	-24.000000	1.130000	22.716066
280.326599	81.171150	-43.118465	139.656052	233.181259	5.847187	296.563232	0.325962	-0.000012	0.000026	0.180090	0.170360	0.000022	0.185633	-0.000003	0.175636	-4.000000	-24.000000	1.130000	22.683511
278.521545	81.940544	-41.133934	137.903778	231.571884	6.042093	295.923035	0.325962	-0.000012	0.000026	0.180090	0.170364	0.000022	0.000021	-0.000003	0.175636	-4.000000	-24.000000	1.130000	22.650908
254.153152	97.713142	-1.082472	148.943100	243.373993	5.262468	279.598480	0.325962	-0.000012	0.000026	0.180090	0.170360	0.000022	0.000021	-0.000003	0.175636	-4.000000	-20.000000	1.130000	22.035209
253.250626	97.520798	-1.623708	147.190811	241.943436	5.262468	278.798248	0.325962	-0.000012	0.000026	0.180090	0.170364	0.000022	0.185633	0.192507	0.175636	-4.000000	-20.000000	1.130000	22.003048
252.167603	96.174355	-1.262884	147.541275	240.155243	5.457375	278.158051	0.325962	0.159847	0.000026	0.180090	0.170364	0.000022	0.000021	-0.000003	0.175636	-4.000000	-20.000000	1.130000	21.969435
251.806564	96.724449	-0.541236	147.366058	240.155243	5.652281	277.677917	0.325962	-0.000012	0.000026	0.180090	0.170364	0.000022	0.000021	0.000016	0.175636	-4.000000	-20.000000	1.130000	21.942226
231.409363	110.985214	34.684532	154.199921	249.096237	5.457375	268.715393	0.325962	-0.000012	0.000026	0.180090	0.170364	0.000022	0.000021	0.192580	0.175636	-4.000000	-16.000000	1.130000	21.585722
231.228836	111.531174	36.671665	156.653091	251.599731	5.262468	269.675690	0.325962	-0.000012	0.000000	0.180090	0.170364	0.000022	0.185633	0.000016	0.175636	-4.000000	-16.000000	1.130000	21.633030
232.672897	110.215820	36.852314	158.054916	251.063278	5.652281	270.475891	0.325962	-0.000012	0.000026	0.180090	0.170364	0.000022	0.000021	-0.000003	0.175638	-4.000000	-16.000000	1.130000	21.649812
233.575424	110.600510	35.226479	156.653091	251.242096	5.262468	271.276123	0.325962	-0.000012	0.000026	0.180090	0.170360	0.000022	0.185633	-0.000003	0.175636	-4.000000	-16.000000	1.130000	21.698401
231.048325	131.529861	80.930542	179.607864	279.138000	5.652281	288.881073	0.488959	-0.000012	0.000026	0.180090	0.170364	0.000022	0.185633	0.000016	0.175636	-4.000000	-12.000000	1.130000	22.389504
231.228836	131.374191	81.111191	178.731720	279.674469	5.652281	289.681305	0.325962	-0.000012	0.000026	0.180090	0.170364	0.000022	0.185633	-0.000003	0.175638	-4.000000	-12.000000	1.130000	22.421111
233.033905	132.912979	80.569244	179.958298	281.105011	5.652281	290.161438	0.325962	-0.000012	0.000026	0.180090	0.170364	0.000022	0.000021	-0.000003	0.175638	-4.000000	-12.000000	1.130000	22.440054
232.853394	133.874725	80.388596	178.556503	281.641479	5.457375	290.961670	0.325962	0.159847	0.000026	0.180090	0.170364	0.000022	0.185633	-0.000003	0.175636	-4.000000	-12.000000	1.130000	22.479265
225.452621	148.685562	124.828140	196.079208	303.636353	6.237000	306.646057	0.325962	-0.000012	0.000026	0.180090	0.170360	0.000022	0.000021	-0.000003	0.175636	-4.000000	-8.000000	1.130000	23.058566
225.272141	149.605606	125.370079	196.079208	304.888092	6.237000	307.446289	0.325962	-0.000012	0.000000	0.180090	0.170364	0.000022	0.000021	0.192580	0.175636	-4.000000	-8.000000	1.130000	23.089257
224.550079	148.836411	126.092674	196.429672	304.530426	6.431905	307.926392	0.325962	0.159847	0.000026	0.180090	0.170364	0.000022	0.000021	0.192507	0.175638	-4.000000	-8.000000	1.130000	23.100185
224.911102	149.070282	126.453972	196.254440	304.530426	6.237000	308.726654	0.325962	-0.000012	0.000026	0.180090	0.170364	0.000022	0.000021	-0.000003	0.175638	-4.000000	-8.000000	1.130000	23.138278
211.553619	160.034149	166.196640	208.870804	321.339508	6.431905	323.610809	0.325962	-0.000012	0.000026	0.180090	0.170364	0.000022	0.185633	0.192507	0.175638	-4.000000	-4.000000	1.130000	23.693429
211.373123	159.841797	168.003128	211.323990	323.843018	6.626812	324.251007	0.325962	-0.000012	0.000026	0.180090	0.170364	0.000022	0.000021	-0.000003	0.175636	-4.000000	-4.000000	1.130000	23.710056
211.373123	160.995895	168.725708	210.973526	322.591248	6.626812	324.731140	0.325962	0.159847	0.000026	0.180090	0.170360	0.000022	0.185633	-0.000003	0.175636	-4.000000	-4.000000	1.130000	23.727969
211.012100	160.803543	169.628967	212.200119	324.915924	6.431905	325.211273	0.325962	-0.000012	0.000026	0.180090	0.170364	0.000022	0.185633	0.192507	0.175638	-4.000000	-4.000000	1.130000	23.753131
191.517410	171.334946	207.565140	221.487152	338.863861	7.211531	339.615295	0.325962	-0.000012	0.000000	0.180090	0.170364	0.000022	0.185633	0.000016	0.175636	-4.000000	0.000000	1.130000	24.255417
190.795380	172.921524	210.274872	222.713760	339.400330	7.211531	340.255493	0.325962	-0.000012	0.000026	0.180090	0.170360	0.000022	0.000021	-0.000003	0.175636	-4.000000	0.000000	1.130000	24.278764
192.058929	172.729172	208.829681	222.363312	340.473267	7.211531	340.895660	0.325962	-0.000012	0.000026	0.180090	0.170360	0.000022	0.000021	-0.000003	0.175636	-4.000000	0.000000	1.130000	24.302086
192.780945	173.065598	209.732925	222.538528	340.115631	6.821718	341.375793	0.325962	-0.000012	0.000000	0.180090	0.170360	0.000022	0.000021	0.000016	0.175636	-4.000000	0.000000	1.130000	24.333744
155.777115	173.883270	235.565643	216.230347	336.539215	6.431905	337.214630	0.325962	-0.000012	0.000026	0.180090	0.170360	0.000022	0.000021	-0.000003	0.175636	-4.000000	4.000000	1.130000	24.196201
154.513565	170.613342	235.204361	217.982635	335.287476	6.821718	336.254364	0.325962	-0.000012	0.000026	0.180090	0.170360	0.000022	0.000021	-0.000003	0.175636	-4.000000	4.000000	1.130000	24.146773
155.596603	171.575089	235.023727	217.982635	336.181580	6.821718	335.134033	0.325962	-0.000012	0.000026	0.180090	0.170364	0.000022	0.185633	0.192507	0.175638	-4.000000	4.000000	1.130000	24.105679
154.874588	171.527252	233.759171	216.055130	334.572174	6.626812	334.013733	0.325962	-0.000012	0.000026	0.180090	0.170364	0.000022	0.000021	0.000016	0.175636	-4.000000	4.000000	1.130000	24.071682
111.011490	158.451172	242.972244	198.006714	310.252655	6.237000	314.648285	0.325962	-0.000012	0.000026	0.180090	0.170364	0.000022	0.185633	0.000016	0.175636	-4.000000	8.000000	1.130000	23.363662
109.206429	158.687714	242.791611	197.305801	309.000946	6.237000	313.688049	0.325962	-0.000012	0.000026	0.180090	0.170360	0.000022	0.185633	-0.000003	0.175636	-4.000000	8.000000	1.130000	23.327262
110.289459	158.066589	242.791611	198.181946	309.179749	6.042093	313.047852	0.325962	-0.000012	0.000026	0.180090	0.170364	0.000022	0.000021	0.000016	0.175638	-4.000000	8.000000	1.130000	23.310363
109.928459	157.918320	240.985107	195.203079	306.855072	6.237000	312.247620	0.325962	0.159847	0.000026	0.180090	0.170364	0.000022	0.185633	-0.000003	0.175638	-4.000000	8.000000	1.130000	23.272553
68.772980	139.413956	247.307816	176.278549	281.462646	5.847187	294.642700	0.325962	-0.000012	0.000000	0.180090	0.170364	0.000022	0.185633	0.000016	0.175636	-4.000000	12.000000	1.130000	22.608460
69.133987	138.260193	245.140030	175.402405	280.032104	5.652281	293.842468	0.325962	-0.000012	0.000026	0.180090	0.170364	0.000022	0.000021	0.000016	0.175636	-4.000000	12.000000	1.130000	22.584754
69.133987	136.567596	244.056122	175.227188	277.528625	6.042093	293.202271	0.325962	-0.000012	0.000026	0.180090	-0.000013	0.000022	0.185633	-0.000003	0.175636	-4.000000	12.000000	1.130000	22.544359
67.870438	137.106415	244.236801	174.526260	277.886261	5.652281	292.562103	0.325962	0.159847	0.000000	0.180090	0.170364	0.000022	0.000021	0.192580	0.175636	-4.000000	12.000000	1.130000	22.534529
28.339512	116.948021	246.223907	151.746735	246.056290	5.457375	276.557617	0.325962	-0.000012	0.000026	0.180090	0.170364	0.000022	0.000021	-0.000003	0.175638	-4.000000	16.000000	1.130000	21.904873
29.061539	115.601578	245.681992	152.097183	245.877472	5.262468	275.757385	0.325962	-0.000012	0.000026	0.180090	0.170364	0.000022	0.185633	0.192507	0.175638	-4.000000	16.000000	1.130000	21.880403
29.061539	114.992485	244.236801	151.921951	244.446930	5.457375	275.117218	0.325962	-0.000012	0.000000	0.180090	0.170364	0.000022	0.000021	0.192580	0.175636	-4.000000	16.000000	1.130000	21.846603
29.061539	115.216881	244.236801	150.695374	245.162201	5.262468	274.637085	0.325962	-0.000012	0.000026	0.180090	0.170360	0.000022	0.185633	-0.000003	0.175636	-4.000000	16.000000	1.130000	21.835045
-10.450212	94.827911	254.172470	132.822189	217.445099	5.067563	272.716522	0.325962	-0.000012	0.000026	0.180090	0.170360	0.000022	0.185633	-0.000003	0.175636	-4.000000	20.000000	1.130000	21.764994
-10.089862	95.212608	255.256348	134.224014	218.696838	5.457375	273.676819	0.325962	-0.000012	0.000026	0.180090	0.170360	0.000022	0.000021	-0.000003	0.175636	-4.000000	20.000000	1.130000	21.788178
-11.891622	96.339859	257.785431	133.873550	220.485046	5.457375	274.477020	0.325962	-0.000012	0.000000	0.180090	0.000032	0.000022	0.185633	0.192580	0.175636	-4.000000	20.000000	1.130000	21.820655
-9.729508	95.404961	256.159576	134.749695	220.127411	5.457375	275.117218	0.325962	-0.000012	0.000026	0.180090	0.170360	0.000022	0.000021	-0.000003	0.175638	-4.000000	20.000000	1.130000	21.846603
-52.431248	79.417885	280.547150	119.154480	197.953735	6.042093	292.242035	0.325962	-0.000012	0.000000	0.180090	0.170364	0.000022	0.000021	0.000016	0.175636	-4.000000	24.000000	1.130000	22.506634
-51.350185	80.401749	281.992340	120.205841	200.099564	6.042093	293.042236	0.325962	-0.000012	0.000026	0.360219	0.170360	0.000022	0.185633	-0.000003	0.175638	-4.000000	24.000000	1.130000	22.538076
-53.332130	79.440010	283.437531	120.731514	200.278381	5.652281	293.682404	0.325962	-0.000012	0.167543	0.180090	0.170360	0.169809	0.000021	0.192507	0.175638	-4.000000	24.000000	1.130000	22.578481
-54.593357	77.494934	282.172974	120.731514	198.132553	5.847187	294.322601	0.325962	-0.000012	0.000026	0.180090	0.170364	0.000022	0.185633	0.192580	0.175638	-4.000000	24.000000	1.130000	22.595927
-102.880554	52.111984	304.934662	98.477661	162.905014	6.042093	309.846954	0.325962	-0.000012	0.000026	0.180090	0.170364	0.000022	0.000021	-0.000003	0.175638	-4.000000	28.000000	1.130000	23.188526
-103.060730	50.573624	304.754028	98.828117	162.010910	6.237000	310.487152	0.325962	-0.000012	0.000026	0.180090	0.170364	0.000022	0.185633	-0.000003	0.175638	-4.000000	28.000000	1.130000	23.205513
-105.943550	52.126480	308.005707	99.529022	164.514404	6.237000	311.127319	0.325962	-0.000012	0.000026	0.180090	0.170364	0.000022	0.185633	-0.000003	0.175638	-4.000000	28.000000	1.130000	23.229914
-103.781425	54.419529	306.379852	99.003342	163.799118	6.237000	311.607452	0.325962	-0.000012	0.000000	0.180090	0.170364	0.000022	0.000021	0.000016	0.175636	-4.000000	28.000000	1.130000	23.248197
-164.500778	17.114275	326.431854	70.090851	111.762512	6.821718	326.651672	0.325962	0.159847	0.000026	0.180090	0.170364	0.000022	0.185633	-0.000003	0.175638	-4.000000	32.000000	1.130000	23.792241
-158.374786	22.312416	324.444733	67.111992	111.762512	6.431905	327.291870	0.325962	-0.000012	0.000026	0.180090	0.170360	0.000022	0.185633	0.192507	0.175638	-4.000000	32.000000	1.130000	23.830521
-160.176559	18.657789	323.902771	69.915627	110.868401	6.626812	327.932037	0.325962	-0.000012	0.000026	0.180090	0.170360	0.000022	0.185633	0.192507	0.175638	-4.000000	32.000000	1.130000	23.847051
-161.437790	22.312416	326.070557	67.637672	112.298965	6.431905	328.572205	0.325962	0.159847	0.167543	0.180090	0.170360	0.169809	0.185633	-0.000003	0.175636	-4.000000	32.000000	1.130000	23.878019
-217.652740	-18.419205	339.077240	33.117908	45.420296	6.821718	342.656189	0.325962	0.159847	0.000026	0.180090	0.170364	0.000022	0.185633	0.192507	0.175638	-4.000000	36.000000	1.130000	24.380264
-221.436417	-25.141541	341.064362	34.519730	43.274456	6.626812	343.136292	0.325962	-0.000012	0.000026	0.180090	0.170364	0.000022	0.000021	0.000016	0.175638	-4.000000	36.000000	1.130000	24.404754
-218.733795	-16.500538	341.606323	30.839958	46.672035	7.016624	343.936523	0.325962	-0.000012	0.000026	0.180090	0.170364	0.000022	0.185633	0.192507	0.175638	-4.000000	36.000000	1.130000	24.419631
-219.274307	-16.308672	342.328918	31.190411	47.923779	6.821718	344.416656	0.325962	-0.000012	0.000026	0.180090	0.170364	0.000022	0.000021	-0.000003	0.175638	-4.000000	36.000000	1.130000	24.444082
-260.894989	-59.862419	329.864166	-10.489621	-31.390848	6.626812	332.413300	0.325962	-0.000012	0.000000	0.180090	0.170360	0.000022	0.000021	0.000016	0.175636	-4.000000	40.000000	1.130000	24.012773
-262.336395	-60.054287	330.044830	-10.664450	-28.893845	6.626812	331.453033	0.325962	-0.000012	0.000026	0.180090	0.170360	0.000022	0.000021	-0.000003	0.175636	-4.000000	40.000000	1.130000	23.977358
-259.273407	-58.535645	326.612518	-12.587544	-34.244560	6.821718	330.652771	0.325962	0.159847	0.000000	0.180090	0.170364	0.000022	0.185633	0.000016	0.175636	-4.000000	40.000000	1.130000	23.940600
-258.913025	-61.589207	326.612518	-9.615487	-32.639343	6.821718	329.852570	0.325962	-0.000012	0.000026	0.180090	0.170364	0.000022	0.000021	-0.000003	0.175638	-4.000000	40.000000	1.130000	23.911002
-280.894531	-93.247223	303.850800	-49.476048	-98.631462	6.237000	310.327118	0.325962	-0.000012	0.000000	0.180090	0.170364	0.000022	0.185633	0.000016	0.175636	-4.000000	44.000000	1.130000	23.199409
-283.056641	-96.700821	302.766907	-49.126392	-103.268753	6.431905	309.686920	0.325962	-0.000012	0.000026	0.180090	-0.000013	0.000022	0.000021	-0.000003	0.175636	-4.000000	44.000000	1.130000	23.167532
-284.317871	-98.235756	302.044312	-49.476048	-105.765747	6.042093	308.886688	0.325962	-0.000012	0.000026	0.180090	0.170364	0.000022	0.000021	0.192507	0.175638	-4.000000	44.000000	1.130000	23.151850
-282.335937	-97.660156	300.418488	-47.552952	-102.376961	6.042093	308.246521	0.325962	-0.000012	0.000026	0.180090	0.170360	0.000022	0.000021	-0.000003	0.175636	-4.000000	44.000000	1.130000	23.127367
281.048645	-51.050758	-261.416962	-43.531929	1.251764	5.457375	284.239777	0.325962	-0.000012	0.000000	0.180090	0.170364	0.000022	0.000021	0.000016	0.175636	0.000000	-44.000000	1.130000	22.213064
280.326599	-50.077209	-260.695312	-43.357101	1.609405	5.457375	283.599609	0.325962	-0.000012	0.000026	0.180090	0.170360	0.000022	0.000021	0.192507	0.175636	0.000000	-44.000000	1.130000	22.187545
278.702057	-51.036545	-259.252045	-42.482967	1.430583	5.457375	282.959412	0.325962	-0.000012	0.000026	0.180090	0.170360	0.000022	0.000021	-0.000003	0.175638	0.000000	-44.000000	1.130000	22.161996
280.507111	-54.313404	-261.416962	-39.685738	0.894123	5.457375	282.159180	0.325962	-0.000012	0.000026	0.180090	0.170364	0.000022	0.000021	0.000016	0.175638	0.000000	-44.000000	1.130000	22.130019
266.066589	-13.430671	-209.277924	-5.944118	51.678997	4.872656	267.275024	0.325962	-0.000012	0.000026	0.180090	0.170360	0.000022	0.185633	-0.000003	0.175638	0.000000	-40.000000	1.130000	21.550614
267.510651	-12.087603	-209.277924	-5.069983	52.751915	5.262468	266.314728	0.325962	-0.000012	0.000026	0.180090	0.170360	-0.169410	0.185633	-0.000003	0.175638	0.000000	-40.000000	1.130000	21.495101
264.442047	-13.814404	-204.948013	-1.398615	55.434212	5.262468	265.994659	0.325962	-0.000012	0.000026	0.180090	0.170364	0.000022	0.185633	-0.000003	0.175638	0.000000	-40.000000	1.130000	21.481920
263.900513	-13.430671	-206.210907	-3.671366	53.109554	5.067563	265.514526	0.325962	-0.000012	0.000026	0.180090	0.000032	0.000022	0.185633	-0.000003	0.175638	0.000000	-40.000000	1.130000	21.470167
266.247101	19.234835	-166.339859	26.459276	99.423927	5.457375	266.474762	0.325962	-0.000012	0.000026	0.180090	0.170360	0.000022	0.000021	-0.000003	0.175638	0.000000	-36.000000	1.130000	21.493666
265.344574	20.383291	-165.257385	26.459276	100.854492	5.457375	267.275024	0.325962	0.159847	0.000026	0.180090	0.170364	0.000022	0.185633	0.192580	0.175638	0.000000	-36.000000	1.130000	21.526590
267.510651	19.421816	-165.257385	28.211550	100.854492	5.262468	268.075226	0.325962	-0.000012	0.000000	0.180090	0.170364	0.000022	0.000021	0.000016	0.175636	0.000000	-36.000000	1.130000	21.567459
267.871643	18.850138	-165.979034	28.912457	102.106224	5.457375	268.715393	0.325962	-0.000012	0.000000	0.180090	0.170360	0.000022	0.185633	0.192580	0.175636	0.000000	-36.000000	1.130000	21.585722
282.492676	54.419529	-129.174988	56.773582	151.102905	5.847187	284.239777	0.325962	-0.000012	0.000000	0.180090	0.170364	0.000022	0.185633	0.000016	0.175636	0.000000	-32.000000	1.130000	22.197527
282.853699	54.434669	-129.355392	55.722218	151.281723	6.237000	285.360107	0.325962	-0.000012	0.000000	0.180090	0.170364	0.000022	0.185633	-0.000003	0.175636	0.000000	-32.000000	1.130000	22.226633
284.478241	54.049965	-130.437866	58.000175	153.606369	5.652281	286.320343	0.325962	-0.000012	0.000000	0.180090	0.170364	0.000022	0.000021	0.000016	0.175636	0.000000	-32.000000	1.130000	22.288060
284.839294	53.665268	-129.716217	58.876308	153.964020	5.847187	287.120575	0.325962	-0.000012	0.000026	0.180090	0.170360	0.000022	0.185633	-0.000003	0.175638	0.000000	-32.000000	1.130000	22.312082
296.030670	88.288055	-88.401871	88.314484	203.854797	6.042093	303.445160	0.325962	-0.000012	0.000026	0.180090	0.170360	0.000022	0.000021	-0.000003	0.175638	0.000000	-28.000000	1.130000	22.942910
295.669647	88.288055	-86.958580	90.241982	204.927719	5.847187	303.925293	0.325962	-0.000012	0.000026	0.180090	0.170364	0.000022	0.000021	0.192507	0.175638	0.000000	-28.000000	1.130000	22.968932
297.655243	86.556908	-89.664757	89.541069	204.748886	6.237000	304.405426	0.325962	-0.000012	0.000000	0.180090	0.170360	0.000022	0.000021	-0.000003	0.175636	0.000000	-28.000000	1.130000	22.972412
298.016235	87.494286	-89.303932	89.716301	204.748886	6.042093	305.045593	0.325962	-0.000012	0.000026	0.180090	0.170364	0.000022	0.000021	0.000016	0.175636	0.000000	-28.000000	1.130000	23.004559
303.611938	119.222984	-44.561760	119.329704	251.778549	6.237000	320.089844	0.325962	-0.000012	0.000026	0.180090	0.170364	0.000022	0.000021	0.000016	0.175638	0.000000	-24.000000	1.130000	23.568873
305.056000	119.640900	-45.283405	119.154480	251.778549	6.431905	320.730011	0.325962	-0.000012	0.000000	0.180090	0.170360	0.000022	0.185633	0.000016	0.175636	0.000000	-24.000000	1.130000	23.585585
305.056000	120.795006	-44.561760	119.154480	252.315002	6.431905	321.210144	0.325962	-0.000012	0.000026	0.180090	0.170360	0.000022	0.000021	-0.000003	0.175636	0.000000	-24.000000	1.130000	23.603593
307.041565	119.448563	-45.102993	120.556290	253.387924	6.237000	321.850342	0.325962	-0.000012	0.167543	0.180090	0.170364	0.000022	0.185633	-0.000003	0.175638	0.000000	-24.000000	1.130000	23.634883
307.944092	149.028717	-2.164944	146.314697	290.582458	6.821718	336.094330	0.325962	-0.000012	0.000026	0.180090	0.170364	0.000022	0.185633	0.000016	0.175638	0.000000	-20.000000	1.130000	24.140907
307.222076	149.070282	0.000021	148.417419	292.370697	6.626812	336.574463	0.325962	-0.000012	0.000026	0.180090	0.170360	0.000022	0.000021	-0.000003	0.175638	0.000000	-20.000000	1.130000	24.165640
308.666138	149.990204	-0.902060	147.366058	292.728333	6.821718	337.374664	0.325962	-0.000012	0.000000	0.180090	0.170360	0.000022	0.000021	0.192580	0.175636	0.000000	-20.000000	1.130000	24.187796
308.305115	148.836411	-0.902060	147.366058	292.370697	6.821718	337.694763	0.325962	-0.000012	0.000026	0.180090	0.170364	0.000022	0.000021	0.000016	0.175638	0.000000	-20.000000	1.130000	24.199504
296.933197	171.767426	45.704090	169.269455	320.266602	6.821718	343.136292	0.488959	-0.000012	0.000026	0.180090	0.170360	0.000022	0.185633	-0.000003	0.175638	0.000000	-16.000000	1.130000	24.397685
294.586639	171.190384	48.052521	167.867645	317.941925	7.014670	342.015991	0.325962	-0.000012	0.000026	0.180090	0.170360	0.000022	0.185633	-0.000003	0.175638	0.000000	-16.000000	1.130000	24.350004
295.669647	170.228638	43.536308	165.764908	315.974915	7.016624	340.895660	0.325962	-0.000012	0.000026	0.180090	-0.000013	0.000022	0.000021	0.192507	0.175636	0.000000	-16.000000	1.130000	24.309182
292.781555	169.459244	46.787979	168.961990	317.226654	6.821718	340.095459	0.325962	-0.000012	0.000026	0.180090	0.170360	0.000022	0.185633	0.192580	0.175636	0.000000	-16.000000	1.130000	24.287137
257.582794	174.027084	87.433891	168.393326	308.643311	6.431905	319.449677	0.325962	0.159847	0.167543	0.180090	0.170364	0.000022	0.185633	0.192507	0.175638	0.000000	-12.000000	1.130000	23.537496
256.319244	173.113876	88.337135	170.145584	310.431488	6.431905	318.329346	0.325962	0.159847	0.000026	0.180090	0.170360	0.000022	0.185633	-0.000003	0.175636	0.000000	-12.000000	1.130000	23.495337
255.777725	173.498566	87.795189	168.393326	309.895020	6.237000	317.849213	0.325962	-0.000012	0.000026	0.180090	-0.000013	0.000022	0.185633	0.192507	0.175638	0.000000	-12.000000	1.130000	23.484592
254.875183	173.642502	86.530647	165.764908	308.106842	6.431905	317.209045	0.325962	-0.000012	0.000026	0.180090	0.170364	0.000022	0.185633	0.192507	0.175638	0.000000	-12.000000	1.130000	23.453103
220.398468	173.450195	122.660355	163.311722	297.377625	5.652281	298.803833	0.325962	-0.000012	0.000026	0.180090	0.170364	0.000022	0.185633	0.192507	0.175638	0.000000	-8.000000	1.130000	22.778330
221.120468	172.104126	122.299049	164.012634	295.768280	5.847187	298.003632	0.325962	-0.000012	0.000000	0.180090	0.170360	0.000022	0.185633	0.192580	0.175638	0.000000	-8.000000	1.130000	22.739636
219.315399	170.420990	122.660355	164.538315	296.304718	6.235266	297.363464	0.488959	-0.000012	0.167543	0.180090	0.170360	0.000022	0.000021	-0.000003	0.175638	0.000000	-8.000000	1.130000	22.699585
219.856918	171.190384	121.757111	163.136505	295.052979	6.042093	296.883331	0.325962	-0.000012	0.000026	0.180090	0.170360	0.000022	0.185633	-0.000003	0.175638	0.000000	-8.000000	1.130000	22.688395
185.380188	166.912155	146.144653	156.828323	280.747375	5.457375	280.398682	0.325962	-0.000012	0.000026	0.180090	0.170364	0.000022	0.000021	0.000016	0.175638	0.000000	-4.000000	1.130000	22.059506
183.575104	166.912155	146.686600	156.477859	281.105011	5.652281	279.598480	0.325962	-0.000012	0.000000	0.180090	0.000032	0.000022	0.185633	0.000016	0.175636	0.000000	-4.000000	1.130000	22.019549
184.116638	165.373795	144.699463	156.653091	278.959167	5.457375	278.958282	0.325962	-0.000012	0.167562	0.180090	0.170364	0.000022	0.185633	0.000016	0.175636	0.000000	-4.000000	1.130000	22.001646
183.575104	165.227570	144.699463	155.601730	278.601532	5.455863	278.318115	0.325962	-0.000012	0.000026	0.180090	0.170360	0.000022	0.000021	-0.000003	0.175638	0.000000	-4.000000	1.130000	21.975942
153.069519	163.450851	164.932098	149.643997	268.229980	5.067563	268.555359	0.325962	-0.000012	0.167543	0.180090	0.170360	0.000022	0.185633	-0.000003	0.175638	0.000000	0.000000	1.130000	21.595140
152.166992	161.572937	166.196640	152.272415	269.302887	5.457375	269.515656	0.325962	-0.000012	0.167543	0.180090	0.170360	0.000022	0.185633	-0.000003	0.175638	0.000000	0.000000	1.130000	21.618506
153.069519	163.304092	165.835342	150.695374	270.196991	5.455863	270.155823	0.325962	-0.000012	0.000026	0.180090	0.170360	0.000022	0.185633	0.192507	0.175638	0.000000	0.000000	1.130000	21.644757
152.708511	163.066254	166.919235	152.798096	271.985199	5.262468	271.116089	0.325962	-0.000012	0.000026	0.180090	0.170364	0.000022	0.000021	0.000016	0.175638	0.000000	0.000000	1.130000	21.691873
134.838364	173.306213	200.339203	161.559464	286.827240	5.650713	288.560974	0.325962	-0.000012	0.000026	0.180090	0.170360	0.000022	0.000021	-0.000003	0.175638	0.000000	4.000000	1.130000	22.376910
134.296844	174.796265	201.423096	160.508102	287.721375	5.847187	289.201141	0.325962	-0.000012	0.000000	0.180090	0.170364	0.000022	0.185633	0.000016	0.175636	0.000000	4.000000	1.130000	22.394450
133.394318	175.565445	203.048920	161.909912	288.615448	5.652281	289.841339	0.325962	-0.000012	0.000000	0.180090	0.170364	0.000022	0.185633	0.000016	0.175638	0.000000	4.000000	1.130000	22.427427
134.477341	175.950043	203.048920	162.435593	290.761292	5.457375	290.641571	0.325962	0.159847	0.000026	0.180090	0.000032	0.000022	0.185633	-0.000003	0.175638	0.000000	4.000000	1.130000	22.466660
107.762383	180.757401	235.926956	166.641037	303.636353	6.042093	306.486023	0.325962	-0.000012	0.000000	0.180090	0.170364	0.000022	0.000021	0.000016	0.175638	0.000000	8.000000	1.130000	23.059904
107.040352	181.526596	236.107605	166.115356	302.384583	6.237000	307.126190	0.325962	-0.000012	0.000000	0.180090	0.170364	0.000022	0.185633	0.000016	0.175636	0.000000	8.000000	1.130000	23.076985
106.859848	182.295761	237.914078	166.683441	304.888092	6.042093	307.766357	0.325962	-0.000012	0.000026	0.180090	0.170360	0.000022	0.185633	0.192580	0.175636	0.000000	8.000000	1.130000	23.108987
106.859848	180.949707	237.552795	167.867645	303.993988	6.042093	308.406555	0.325962	-0.000012	0.000000	0.180090	0.170364	0.000022	0.185633	0.000016	0.175638	0.000000	8.000000	1.130000	23.133490
71.119560	179.603638	269.708221	166.157639	306.855072	6.431905	323.290710	0.325962	0.159847	0.000000	0.180090	-0.000013	0.000022	0.185633	0.000016	0.175636	0.000000	12.000000	1.130000	23.681470
73.105125	180.615463	270.430817	167.033997	309.537384	6.431905	323.770844	0.325962	-0.000012	0.000026	0.180090	0.170360	0.000022	0.000021	-0.000003	0.175636	0.000000	12.000000	1.130000	23.699405
72.383102	179.269043	271.334076	168.436157	308.106842	6.431905	324.411041	0.325962	-0.000012	0.000026	0.180090	0.170360	0.000022	0.000021	-0.000003	0.175636	0.000000	12.000000	1.130000	23.723299
70.036514	179.219055	272.237305	167.692398	309.179749	6.626812	324.891174	0.325962	-0.000012	0.000026	0.180090	0.000032	0.000022	0.000021	0.000016	0.175638	0.000000	12.000000	1.130000	23.733937
31.227617	171.575089	301.863647	158.405365	302.205780	7.014670	339.295227	0.325962	0.159847	0.000026	0.180090	0.170360	0.000022	0.000021	-0.000003	0.175638	0.000000	16.000000	1.130000	24.250921
30.144579	171.719543	303.128204	158.580597	303.457520	6.626812	339.935394	0.325962	-0.000012	0.000026	0.180090	0.170364	0.000022	0.000021	-0.000003	0.175638	0.000000	16.000000	1.130000	24.288407
32.130150	173.450195	301.502350	158.054916	303.278687	6.431905	340.415558	0.325962	0.159847	0.000026	0.180090	0.170364	0.000022	0.000021	0.000016	0.175638	0.000000	16.000000	1.130000	24.312990
32.491161	172.296417	304.212097	161.425293	305.066895	7.016624	341.055725	0.325962	-0.000012	0.000000	0.180090	0.170360	0.000022	0.185633	0.000016	0.175636	0.000000	16.000000	1.130000	24.315008
-16.936554	148.836411	315.773590	136.151505	271.448761	6.626812	337.694763	0.325962	0.159847	0.000000	0.180090	0.170364	0.000022	0.185633	0.000016	0.175636	0.000000	20.000000	1.130000	24.206631
-16.215849	151.143967	314.147736	134.924911	270.196991	6.431905	336.734497	0.325962	-0.000012	0.000000	0.180090	0.170364	0.000022	0.000021	0.000016	0.175636	0.000000	20.000000	1.130000	24.178634
-16.756376	150.567078	313.425140	134.048782	269.302887	6.431905	335.934296	0.325962	-0.000012	0.000026	0.180090	0.000032	0.000022	0.185633	0.000016	0.175638	0.000000	20.000000	1.130000	24.149328
-17.116730	148.644119	312.521912	134.048782	268.766449	6.626812	334.973999	0.325962	-0.000012	0.000000	0.180090	0.170360	0.000022	0.185633	0.000016	0.175636	0.000000	20.000000	1.130000	24.106959
-59.818466	119.030678	305.837921	98.828117	217.623917	6.431905	315.128448	0.325962	-0.000012	0.000000	0.180090	0.170364	0.000022	0.185633	0.000016	0.175636	0.000000	24.000000	1.130000	23.374464
-59.818466	118.838387	304.392731	97.776756	214.941620	6.237000	314.328217	0.325962	-0.000012	0.000026	0.180090	0.170364	0.000022	0.185633	0.000016	0.175638	0.000000	24.000000	1.130000	23.351535
-57.476177	117.107735	302.405609	98.302437	214.762802	6.431905	313.688049	0.325962	-0.000012	0.167543	0.180090	0.170364	0.000022	0.185633	0.000016	0.175638	0.000000	24.000000	1.130000	23.319866
-56.214939	120.761330	300.960419	97.251068	214.226349	6.237000	312.727783	0.488959	-0.000012	0.000026	0.180090	0.170364	0.000022	0.185633	0.000016	0.175638	0.000000	24.000000	1.130000	23.290804
-97.655441	87.494286	290.482819	60.278130	155.931030	6.042093	295.122833	0.325962	-0.000012	0.000000	0.180090	0.170360	0.000022	0.000021	0.000016	0.175636	0.000000	28.000000	1.130000	22.619623
-96.033859	88.071167	288.676300	60.453354	155.215759	5.847187	294.482666	0.325962	-0.000012	0.000026	0.180090	0.170364	0.000022	0.000021	-0.000003	0.175638	0.000000	28.000000	1.130000	22.602195
-95.132988	87.711006	289.579559	61.154259	156.288681	6.237000	293.842468	0.488959	-0.000012	0.000026	0.180090	0.170360	0.000022	0.185633	0.192507	0.175638	0.000000	28.000000	1.130000	22.561831
-95.132988	87.518661	287.773071	59.577221	155.394577	6.040416	293.042236	0.325962	-0.000012	0.000026	0.180090	0.170360	0.000022	0.000021	-0.000003	0.175638	0.000000	28.000000	1.130000	22.538142
-133.150131	55.957886	274.043793	24.531776	95.668709	5.652281	277.037750	0.325962	-0.000012	0.167562	0.180090	0.170360	0.000022	0.185633	0.000016	0.175636	0.000000	32.000000	1.130000	21.916393
-131.528549	55.588760	273.140533	24.356550	96.026344	5.455863	276.237549	0.325962	-0.000012	0.000026	0.180090	0.170360	0.000022	0.185633	-0.000003	0.175638	0.000000	32.000000	1.130000	21.891999
-135.132080	55.957886	273.863129	22.954733	94.416969	5.457375	275.597351	0.325962	-0.000012	0.000000	0.180090	0.170364	0.000022	0.000021	0.000016	0.175638	0.000000	32.000000	1.130000	21.866044
-130.627670	56.342472	272.417938	23.655640	96.741631	5.457375	275.117218	0.325962	0.159847	0.000000	0.180090	0.170364	0.000022	0.000021	0.192580	0.175638	0.000000	32.000000	1.130000	21.846603
-171.167282	25.967043	270.250153	-9.965140	36.658119	5.455863	271.916321	0.325962	-0.000012	0.000026	0.180090	0.170360	0.000022	0.000021	-0.000003	0.175638	0.000000	36.000000	1.130000	21.716616
-170.987122	26.351742	269.708221	-10.489621	37.552216	5.262468	272.876587	0.325962	0.159847	0.000026	0.180090	0.170360	0.000022	0.185633	-0.000003	0.175638	0.000000	36.000000	1.130000	21.763577
-170.806946	26.544090	271.876007	-12.237892	36.479298	5.262468	273.676819	0.488959	0.159847	0.000000	0.180090	0.170360	0.000022	0.185633	0.192580	0.175638	0.000000	36.000000	1.130000	21.796092
-172.428528	23.851208	272.598602	-9.440660	37.909859	5.455863	274.477020	0.325962	-0.000012	0.000026	0.180090	0.170360	0.000022	0.000021	-0.000003	0.175638	0.000000	36.000000	1.130000	21.820716
-225.039948	-3.837335	288.856964	-54.021553	-26.931917	5.652281	291.441772	0.325962	-0.000012	0.000026	0.180090	0.170360	0.000022	0.185633	-0.000003	0.175638	0.000000	40.000000	1.130000	22.490489
-226.841721	-7.866536	289.218262	-53.147415	-28.537132	5.652281	292.242035	0.325962	-0.000012	0.000026	0.360219	0.170360	0.000022	0.185633	-0.000003	0.175638	0.000000	40.000000	1.130000	22.521956
-227.562408	-9.401469	289.940857	-48.776745	-25.861778	5.650713	293.042236	0.325962	0.159847	0.000026	0.180090	0.170360	0.000022	0.185633	0.192507	0.175638	0.000000	40.000000	1.130000	22.553437
-226.661545	-6.717205	290.482819	-52.098454	-26.753561	5.652281	293.682404	0.325962	-0.000012	0.000026	0.180090	0.170364	0.000022	0.185633	0.000016	0.175638	0.000000	40.000000	1.130000	22.578481
-276.390137	-43.565872	300.960419	-100.350723	-101.306824	6.237000	309.046722	0.325962	0.159847	0.000000	0.180090	-0.000013	0.000022	0.185633	0.000016	0.175636	0.000000	44.000000	1.130000	23.150516
-279.993652	-45.664280	303.128204	-98.952095	-101.841888	6.430117	309.846954	0.325962	-0.000012	0.000026	0.180090	0.170360	0.000022	0.000021	-0.000003	0.175638	0.000000	44.000000	1.130000	23.173713
-280.894531	-46.048012	302.405609	-101.050018	-103.090385	6.237000	310.487152	0.325962	-0.000012	0.000026	0.180090	0.170360	0.000022	0.185633	0.192580	0.175638	0.000000	44.000000	1.130000	23.205513
-279.453125	-48.734150	303.489502	-97.553490	-105.765747	6.624968	311.127319	0.325962	-0.000012	0.000026	0.180090	0.170364	0.000022	0.000021	-0.000003	0.175638	0.000000	44.000000	1.130000	23.215129
328.521851	-11.515210	-307.061218	-101.574509	-1.605215	6.821718	332.093201	0.325962	-0.000012	0.000000	0.180090	0.170360	0.000022	0.000021	0.192580	0.175638	4.000000	-44.000000	1.130000	23.993785
329.785370	-13.242491	-309.226135	-100.875198	-1.783572	6.431905	332.573334	0.325962	-0.000012	0.000000	0.180090	0.170364	0.000022	0.000021	0.000016	0.175636	4.000000	-44.000000	1.130000	24.025850
327.980316	-13.626330	-307.782867	-102.098984	-2.675357	6.821718	333.213531	0.325962	0.159847	0.000000	0.180090	0.170364	0.000022	0.000021	0.000016	0.175638	4.000000	-44.000000	1.130000	24.035071
329.785370	-12.663203	-307.602448	-99.651413	-0.713429	6.626812	333.533600	0.325962	-0.000012	0.000026	0.180090	0.170360	0.000022	0.185633	-0.000003	0.175638	4.000000	-44.000000	1.130000	24.054025
345.489471	27.505835	-275.489105	-62.588078	61.514091	7.209521	347.937653	0.325962	-0.000012	0.000026	0.180090	0.170360	0.000022	0.185633	-0.000003	0.175638	4.000000	-40.000000	1.130000	24.557252
345.489471	28.075098	-274.587036	-60.315323	63.659931	7.016624	348.257721	0.325962	-0.000012	0.000026	0.180090	0.170360	0.000022	0.000021	0.000016	0.175636	4.000000	-40.000000	1.130000	24.575730
346.933533	26.921326	-277.834442	-61.014637	61.156456	7.014670	348.577820	0.325962	-0.000012	0.000026	0.180090	0.170364	0.000022	0.185633	0.000016	0.175638	4.000000	-40.000000	1.130000	24.587325
346.211487	26.159391	-276.932404	-59.790844	62.229374	6.819819	347.617554	0.325962	-0.000012	0.000026	0.180090	0.170360	0.000022	0.185633	-0.000003	0.175638	4.000000	-40.000000	1.130000	24.559760
326.175262	63.859753	-206.571732	-14.510644	115.696533	6.819819	325.051239	0.325962	-0.000012	0.000026	0.180090	0.170360	0.000022	0.185633	-0.000003	0.175638	4.000000	-36.000000	1.130000	23.732708
322.926147	63.667404	-205.669662	-17.482700	113.550713	7.014670	324.571106	0.325962	-0.000012	0.000026	0.180090	0.170360	0.000022	0.185633	-0.000003	0.175638	4.000000	-36.000000	1.130000	23.707526
322.384644	65.380341	-203.504730	-16.084085	116.411827	6.431905	323.770844	0.488959	-0.000012	0.000000	0.180090	0.170364	0.000022	0.185633	0.000016	0.175638	4.000000	-36.000000	1.130000	23.699405
321.121094	64.995758	-202.241837	-14.335815	117.127113	6.626812	322.650543	0.325962	-0.000012	0.000000	0.180090	0.170360	0.000022	0.185633	0.000016	0.175638	4.000000	-36.000000	1.130000	23.650244
299.821320	95.955269	-135.308990	22.779505	161.116821	5.847187	304.085358	0.325962	-0.000012	0.000000	0.180090	0.170360	0.000022	0.185633	0.000016	0.175638	4.000000	-32.000000	1.130000	22.975098
300.723846	95.378380	-136.211060	22.954733	159.865067	5.652281	303.285095	0.325962	-0.000012	0.000000	0.180090	0.170360	0.000022	0.000021	0.000016	0.175638	4.000000	-32.000000	1.130000	22.951770
299.640808	91.147888	-137.834763	23.830868	158.255707	6.237000	302.965027	0.325962	-0.000012	0.000000	0.180090	0.170364	0.000022	0.000021	0.000016	0.175636	4.000000	-32.000000	1.130000	22.916857
300.001831	93.647728	-136.391464	23.129959	158.970978	5.847187	302.004761	0.325962	-0.000012	0.000000	0.180090	0.170360	0.000022	0.000021	0.192580	0.175636	4.000000	-32.000000	1.130000	22.894818
279.243591	114.800194	-81.365807	49.939720	187.224533	5.652281	285.200043	0.325962	-0.000012	0.167562	0.180090	0.170364	0.000022	0.185633	0.000016	0.175638	4.000000	-28.000000	1.130000	22.243534
280.146088	113.485756	-82.628685	50.290176	186.151611	5.845565	284.559845	0.488959	-0.000012	0.000026	0.180090	0.170360	0.000022	0.185633	0.192507	0.175638	4.000000	-28.000000	1.130000	22.210350
275.994446	113.454124	-78.659630	52.042446	188.297455	6.040416	284.079712	0.325962	-0.000012	0.000026	0.180090	0.170360	0.000022	0.000021	-0.000003	0.175638	4.000000	-28.000000	1.130000	22.183439
277.438507	111.915756	-82.448280	50.114948	185.257523	5.845565	283.279510	0.325962	0.159847	0.000026	0.180090	0.170360	0.000022	0.000021	-0.000003	0.175638	4.000000	-28.000000	1.130000	22.159277
255.958237	125.568710	-37.164871	72.544029	206.179443	5.261012	267.915192	0.325962	-0.000012	0.000026	0.180090	0.170360	0.000022	0.185633	-0.000003	0.175638	4.000000	-24.000000	1.130000	21.560952
254.333664	126.530190	-36.804043	71.492668	206.179443	5.262468	267.435059	0.325962	-0.000012	0.000000	0.180090	0.170364	0.000022	0.185633	0.000016	0.175638	4.000000	-24.000000	1.130000	21.541176
253.972656	125.568710	-36.804043	72.018349	205.464172	5.650713	266.954926	0.488959	-0.000012	0.000026	0.180090	0.170360	0.000022	0.185633	-0.000003	0.175638	4.000000	-24.000000	1.130000	21.505472
253.792145	124.641975	-37.886517	70.616531	204.391251	5.261012	266.314728	0.325962	-0.000012	0.000026	0.180090	0.170360	0.000022	0.185633	-0.000003	0.175638	4.000000	-24.000000	1.130000	21.495161
259.748840	151.528549	2.167803	99.178566	243.552826	5.845565	283.279510	0.325962	-0.000012	0.000026	0.180090	0.170360	0.000022	0.185633	-0.000003	0.175638	4.000000	-20.000000	1.130000	22.159277
260.290375	150.951660	0.361318	98.502724	244.089279	5.457375	283.919678	0.325962	-0.000012	0.000000	0.180090	0.170360	0.000022	0.185633	0.192580	0.175638	4.000000	-20.000000	1.130000	22.200307
261.012390	151.336258	1.445209	99.003342	243.731644	5.652281	284.559845	0.325962	-0.000012	0.000026	0.180090	0.170364	0.000022	0.185633	-0.000003	0.175638	4.000000	-20.000000	1.130000	22.218049
261.373444	153.451508	1.445209	97.601524	243.731644	5.457375	285.039978	0.325962	-0.000012	0.000000	0.180090	0.170364	0.000022	0.185633	0.000016	0.175638	4.000000	-20.000000	1.130000	22.244920
261.012390	178.642166	45.884739	119.329704	276.634521	6.040416	301.204529	0.325962	-0.000012	0.000026	0.180090	0.170360	0.000022	0.185633	-0.000003	0.175638	4.000000	-16.000000	1.130000	22.856386
261.734436	179.603638	46.607330	120.030609	278.601532	5.847187	302.164795	0.325962	0.159847	0.000026	0.180090	0.170364	0.000022	0.185633	0.192507	0.175638	4.000000	-16.000000	1.130000	22.901003
262.095459	178.065277	46.426682	123.184700	279.316833	5.847187	302.644928	0.325962	-0.000012	0.000000	0.180090	0.170364	0.000022	0.000021	0.000016	0.175638	4.000000	-16.000000	1.130000	22.919549
261.914948	177.680695	46.426682	123.216049	280.389740	5.847187	303.285095	0.325962	-0.000012	0.000000	0.180090	0.170360	0.000022	0.185633	0.000016	0.175638	4.000000	-16.000000	1.130000	22.944253
257.582794	201.004471	93.214645	140.882645	306.497437	6.821718	318.489380	0.488959	-0.000012	0.000000	0.180090	0.170364	0.000022	0.185633	0.000016	0.175638	4.000000	-12.000000	1.130000	23.486681
257.221771	201.389175	93.033997	140.567963	308.285675	6.431905	318.969513	0.325962	-0.000012	0.000000	0.180090	0.170360	0.000022	0.185633	0.192580	0.175638	4.000000	-12.000000	1.130000	23.519436
258.124298	203.063644	94.840477	141.758774	309.895020	6.624968	319.609711	0.325962	-0.000012	0.000026	0.180090	0.170360	0.000022	0.185633	-0.000003	0.175638	4.000000	-12.000000	1.130000	23.536255
258.485321	201.717575	93.937241	142.495956	308.643311	6.624968	319.929779	0.325962	0.159847	0.000026	0.180090	0.170360	0.000022	0.185633	-0.000003	0.175638	4.000000	-12.000000	1.130000	23.548286
247.654922	221.716248	139.641312	154.024673	329.565247	6.821718	334.813965	0.325962	-0.000012	0.000026	0.180090	0.170360	0.000022	0.185633	0.000016	0.175638	4.000000	-8.000000	1.130000	24.093926
244.766830	220.370209	139.641312	153.148560	329.922882	7.014670	335.294098	0.325962	-0.000012	0.000026	0.180090	0.170360	0.000022	0.185633	-0.000003	0.175638	4.000000	-8.000000	1.130000	24.104471
245.669342	223.831512	142.351028	153.498993	331.889893	6.626812	336.094330	0.325962	-0.000012	0.000026	0.180090	0.170364	0.000022	0.185633	0.000016	0.175638	4.000000	-8.000000	1.130000	24.148051
245.849869	221.716248	141.447800	154.375137	332.068726	6.819819	336.734497	0.325962	-0.000012	0.000026	0.180090	0.170364	0.000022	0.000021	-0.000003	0.175638	4.000000	-8.000000	1.130000	24.164432
223.828079	233.638550	181.551758	161.033783	344.764923	7.016624	345.697021	0.325962	-0.000012	0.000026	0.180090	0.170364	0.000022	0.185633	0.000016	0.175638	4.000000	-4.000000	1.130000	24.483348
224.911102	233.638550	178.480743	158.405365	343.870819	7.404373	344.896790	0.325962	-0.000012	0.000026	0.180090	-0.000013	0.000022	0.000021	0.192507	0.175638	4.000000	-4.000000	1.130000	24.440371
223.286530	233.446274	180.106567	159.982422	344.854218	6.821718	343.616425	0.325962	-0.000012	0.000026	0.180090	0.170364	0.000022	0.185633	0.000016	0.175638	4.000000	-4.000000	1.130000	24.415094
223.106049	231.715622	178.300079	158.230133	342.261444	7.209521	342.496124	0.325962	-0.000012	0.000026	0.180090	-0.000013	0.000022	0.185633	-0.000003	0.175638	4.000000	-4.000000	1.130000	24.360369
177.979416	219.793320	196.364929	150.032623	321.339508	6.626812	321.530212	0.488959	-0.000012	0.000000	0.180090	0.170360	0.000022	0.000021	0.000016	0.175638	4.000000	0.000000	1.130000	23.608286
178.340424	219.216446	195.822998	150.870590	320.445435	6.821718	320.569977	0.325962	-0.000012	0.000000	0.180090	0.170360	0.000022	0.185633	0.000016	0.175638	4.000000	0.000000	1.130000	23.564945
179.784485	219.601013	193.655212	148.630463	319.193665	6.819819	319.769745	0.325962	-0.000012	0.000026	0.180090	-0.000013	0.000022	0.185633	0.000016	0.175638	4.000000	0.000000	1.130000	23.534946
178.340424	219.985596	193.655212	147.578827	318.120758	6.237000	319.129547	0.325962	-0.000012	0.000000	0.180090	0.170360	0.000022	0.185633	0.000016	0.175638	4.000000	0.000000	1.130000	23.532788
136.643417	206.332657	207.745789	140.392685	300.059937	5.847187	300.724396	0.325962	-0.000012	0.000000	0.180090	0.170360	0.000022	0.185633	0.000016	0.175638	4.000000	4.000000	1.130000	22.845274
137.365448	204.794296	207.565140	141.758774	298.092926	5.845565	300.084229	0.325962	-0.000012	0.000026	0.180090	0.170360	0.000022	0.185633	0.192507	0.175638	4.000000	4.000000	1.130000	22.820526
135.740891	205.043793	207.565140	140.882645	298.808197	5.847187	299.283997	0.325962	0.159847	0.000000	0.180090	0.170360	0.000022	0.185633	0.000016	0.175638	4.000000	4.000000	1.130000	22.789409
137.365448	204.274399	205.036072	138.604691	296.483551	5.652281	298.643799	0.488959	-0.000012	0.000000	0.180090	0.170364	0.000022	0.185633	0.000016	0.175638	4.000000	4.000000	1.130000	22.772111
99.098068	188.449203	215.152374	129.317657	276.098053	5.650713	282.159180	0.325962	0.159847	0.000026	0.180090	0.170364	0.000022	0.185633	-0.000003	0.175638	4.000000	8.000000	1.130000	22.122285
97.834518	187.924759	215.152374	129.492874	276.634521	5.457375	281.358978	0.325962	-0.000012	0.000000	0.180090	0.170364	0.000022	0.000021	0.000016	0.175638	4.000000	8.000000	1.130000	22.097996
98.015030	186.910858	214.249146	129.317657	275.382782	6.040416	280.878845	0.325962	-0.000012	0.000026	0.180090	0.170360	0.000022	0.000021	-0.000003	0.175638	4.000000	8.000000	1.130000	22.055378
97.112495	187.155365	214.068497	128.091049	274.488678	5.652281	280.238647	0.325962	-0.000012	0.000000	0.180090	0.170364	0.000022	0.185633	0.000016	0.175636	4.000000	8.000000	1.130000	22.045262
61.011192	169.796600	221.294434	116.350838	251.778549	5.455863	266.794891	0.325962	-0.000012	0.167543	0.180090	0.170360	0.000022	0.185633	-0.000003	0.175638	4.000000	12.000000	1.130000	21.506904
60.650177	169.651627	221.113785	115.649918	252.851456	5.067563	267.275024	0.325962	0.159847	0.000000	0.180090	0.170360	0.000022	0.185633	0.192580	0.175638	4.000000	12.000000	1.130000	21.542609
60.289162	169.796600	221.836380	116.876518	252.672638	5.455863	268.075226	0.325962	-0.000012	0.000026	0.180090	0.170360	0.000022	0.000021	-0.000003	0.175638	4.000000	12.000000	1.130000	21.559523
60.830685	170.565765	222.197662	116.730995	254.103195	5.067563	268.555359	0.325962	-0.000012	0.000000	0.180090	0.170360	0.000022	0.185633	0.000016	0.175638	4.000000	12.000000	1.130000	21.595140
27.797995	170.565765	252.727280	110.042656	253.745560	5.650713	286.480408	0.325962	-0.000012	0.000026	0.180090	0.170360	0.000022	0.185633	-0.000003	0.175638	4.000000	16.000000	1.130000	22.294477
28.159008	171.334946	252.185318	109.544853	253.209106	6.040416	287.280609	0.325962	-0.000012	0.000026	0.180090	0.170360	0.000022	0.185633	0.192580	0.175638	4.000000	16.000000	1.130000	22.310766
29.061539	170.998062	252.004684	110.918793	253.030273	5.652281	287.920807	0.325962	-0.000012	0.000000	0.180090	0.170360	0.000022	0.185633	0.000016	0.175638	4.000000	16.000000	1.130000	22.351517
25.992929	172.104126	255.978943	110.771751	256.785492	5.652281	288.560974	0.488959	-0.000012	0.000000	0.180090	0.170360	0.000022	0.185633	0.000016	0.175636	4.000000	16.000000	1.130000	22.376848
-13.333031	164.796906	280.366486	95.498795	240.870529	6.235266	304.405426	0.325962	0.159847	0.000026	0.180090	-0.000013	0.000022	0.000021	-0.000003	0.175638	4.000000	20.000000	1.130000	22.972479
-12.432153	167.296753	282.534271	96.199707	244.983383	6.235266	305.205658	0.325962	-0.000012	0.000026	0.180090	0.170360	0.000022	0.000021	-0.000003	0.175638	4.000000	20.000000	1.130000	23.003286
-15.855498	165.566101	283.256866	94.973114	242.301071	6.042093	305.845856	0.325962	-0.000012	0.000000	0.180090	0.170360	0.000022	0.000021	0.000016	0.175638	4.000000	20.000000	1.130000	23.035324
-13.513207	166.335266	282.172974	95.498795	242.122253	6.237000	306.486023	0.325962	-0.000012	0.000026	0.180090	0.170364	0.000022	0.185633	0.000016	0.175638	4.000000	20.000000	1.130000	23.052423
-57.476177	155.759048	306.018585	67.812897	216.908646	6.430117	321.530212	0.325962	-0.000012	0.000026	0.180090	0.170360	0.000022	0.000021	0.192580	0.175638	4.000000	24.000000	1.130000	23.615658
-61.440048	155.759048	308.908966	65.551628	216.729828	6.237000	322.170410	0.325962	-0.000012	0.000000	0.180090	0.170360	0.000022	0.000021	0.000016	0.175638	4.000000	24.000000	1.130000	23.646864
-58.917583	157.874298	308.547638	66.235855	218.339188	6.431905	322.810608	0.325962	-0.000012	0.000026	0.180090	0.170364	0.000022	0.185633	0.192580	0.175638	4.000000	24.000000	1.130000	23.663522
-58.917583	156.720520	308.367004	68.864258	218.160370	6.430117	323.130676	0.325962	-0.000012	0.000026	0.180090	0.170360	0.000022	0.185633	-0.000003	0.175638	4.000000	24.000000	1.130000	23.675556
-110.267769	140.029907	330.586761	25.407913	177.031799	7.211531	337.854828	0.488959	-0.000012	0.000000	0.180090	0.170360	0.000022	0.185633	0.000016	0.175638	4.000000	28.000000	1.130000	24.191102
-109.727242	139.413956	330.044830	27.685867	176.495346	7.014670	338.334961	0.325962	-0.000012	0.000026	0.180090	0.170360	0.000022	0.000021	0.000016	0.175638	4.000000	28.000000	1.130000	24.215854
-109.006538	140.799301	331.309357	29.262913	180.965836	6.626812	338.655060	0.325962	-0.000012	0.000000	0.180090	0.170364	0.000022	0.185633	0.192580	0.175638	4.000000	28.000000	1.130000	24.241713
-109.907425	139.606262	331.309357	30.664728	178.998810	7.014670	339.615295	0.488959	-0.000012	0.000026	0.180090	0.170360	0.000022	0.185633	-0.000003	0.175638	4.000000	28.000000	1.130000	24.262598
-160.536896	110.569695	335.102997	-20.629589	114.802444	6.626812	340.095459	0.325962	-0.000012	0.000000	0.180090	0.170360	0.000022	0.000021	0.000016	0.175638	4.000000	32.000000	1.130000	24.294238
-159.275665	110.954292	333.657806	-18.531666	116.411827	6.821718	338.975128	0.325962	-0.000012	0.000026	0.180090	0.170360	0.000022	0.185633	0.000016	0.175638	4.000000	32.000000	1.130000	24.246281
-159.275665	111.723465	334.380402	-20.804419	116.948296	6.819819	338.174927	0.325962	-0.000012	0.000026	0.180090	0.170360	0.000022	0.185633	0.192580	0.175638	4.000000	32.000000	1.130000	24.217126
-159.816193	109.415916	332.212616	-18.182011	114.623619	7.014670	337.374664	0.325962	-0.000012	0.000026	0.180090	0.170360	0.000022	0.185633	0.192507	0.175638	4.000000	32.000000	1.130000	24.180735
-199.094589	73.092529	315.231659	-65.909790	42.559177	6.431905	317.209045	0.325962	-0.000012	0.000000	0.180090	0.170364	0.000022	0.000021	0.000016	0.175638	4.000000	36.000000	1.130000	23.453103
-197.112656	71.918381	313.244507	-65.909790	39.340420	6.431905	316.248749	0.325962	-0.000012	0.000000	0.180090	0.170360	0.000022	0.000021	0.192580	0.175638	4.000000	36.000000	1.130000	23.416840
-198.013535	70.956909	313.063873	-64.860825	40.413338	6.431905	315.448547	0.325962	-0.000012	0.000000	0.180090	0.170364	0.000022	0.185633	0.000016	0.175638	4.000000	36.000000	1.130000	23.386579
-197.112656	69.995430	311.979980	-63.287384	40.770977	6.431905	314.488251	0.325962	-0.000012	0.000000	0.180090	0.170360	0.000022	0.000021	0.000016	0.175638	4.000000	36.000000	1.130000	23.350213
-225.039948	35.766899	291.566681	-103.147949	-28.180418	5.847187	296.883331	0.488959	-0.000012	0.000026	0.180090	0.170364	0.000022	0.185633	0.000016	0.175638	4.000000	40.000000	1.130000	22.695995
-225.940811	34.613129	289.760223	-100.525551	-27.823706	6.040416	296.243134	0.325962	-0.000012	0.167543	0.180090	0.170360	0.000022	0.185633	0.000016	0.175638	4.000000	40.000000	1.130000	22.663476
-225.580490	34.036243	291.386047	-102.273811	-29.250565	6.040416	295.442902	0.488959	-0.000012	0.000026	0.180090	0.170360	0.000022	0.000021	0.192580	0.175638	4.000000	40.000000	1.130000	22.632207
-227.922775	34.613129	292.108643	-102.098984	-28.537132	5.652281	294.482666	0.325962	-0.000012	0.167562	0.180090	0.170360	0.000022	0.185633	0.000016	0.175638	4.000000	40.000000	1.130000	22.609826
-246.120560	0.000010	268.082397	-133.917511	-91.318832	5.455863	278.478149	0.325962	-0.000012	0.000026	0.180090	0.170360	0.000022	0.000021	0.192580	0.175638	4.000000	44.000000	1.130000	21.982385
-243.598083	0.769191	267.721100	-133.567856	-91.853897	5.262468	277.837952	0.325962	0.159847	0.000000	0.180090	0.170360	0.000022	0.185633	0.000016	0.175638	4.000000	44.000000	1.130000	21.964391
-245.940384	-1.343441	266.817841	-131.644745	-92.388969	5.455863	277.197784	0.325962	-0.000012	0.000026	0.180090	-0.000013	0.000022	0.185633	0.000016	0.175638	4.000000	44.000000	1.130000	21.930781
-247.021439	-1.727282	267.540436	-133.917511	-93.459106	5.455863	276.557617	0.325962	-0.000012	0.000026	0.180090	0.170360	0.000022	0.000021	0.000016	0.175638	4.000000	44.000000	1.130000	21.904933
272.925842	24.806078	-259.432434	-134.092331	-10.166353	5.650713	278.798248	0.325962	-0.000012	0.000026	0.180090	0.170364	0.000022	0.185633	0.000016	0.175638	8.000000	-44.000000	1.130000	21.987427
273.828369	24.806078	-258.349945	-129.721649	-6.777570	5.650713	279.438416	0.325962	-0.000012	0.000026	0.180090	0.170360	0.000022	0.000021	-0.000003	0.175638	8.000000	-44.000000	1.130000	22.013177
274.911407	24.613783	-260.334503	-131.819595	-7.312643	5.650713	280.238647	0.325962	-0.000012	0.000026	0.180090	-0.000013	0.000022	0.000021	0.192580	0.175638	8.000000	-44.000000	1.130000	22.045324
275.633453	24.421490	-262.138611	-133.218201	-9.809640	5.455863	280.718781	0.325962	0.159847	0.000026	0.180090	0.170360	0.000022	0.185633	0.000016	0.175638	8.000000	-44.000000	1.130000	22.072403
294.767120	62.320999	-234.896408	-101.399681	47.029678	6.042093	297.363464	0.325962	-0.000012	0.000000	0.180090	0.170360	0.000022	0.000021	0.000016	0.175638	8.000000	-40.000000	1.130000	22.707115
294.225586	60.188374	-235.076813	-100.001060	46.672035	6.431905	298.163666	0.325962	-0.000012	0.000026	0.180090	0.170364	0.000022	0.000021	0.000016	0.175638	8.000000	-40.000000	1.130000	22.723102
294.045105	59.611492	-235.978867	-101.574509	45.777939	6.040416	298.643799	0.325962	-0.000012	0.000026	0.180090	-0.000013	0.000022	0.000021	0.000016	0.175638	8.000000	-40.000000	1.130000	22.757023
296.391693	61.342152	-235.076813	-98.252800	49.175514	5.845565	299.123962	0.325962	-0.000012	0.000026	0.180090	0.170360	0.000022	0.185633	-0.000003	0.175638	8.000000	-40.000000	1.130000	22.783258
310.471191	98.839691	-195.927429	-63.462215	105.682632	6.626812	314.648285	0.325962	-0.000012	0.000000	0.180090	0.170360	0.000022	0.000021	0.192580	0.175638	8.000000	-36.000000	1.130000	23.348892
312.998291	98.262810	-201.520187	-66.609100	102.463867	6.430117	315.128448	0.325962	-0.000012	0.000026	0.180090	0.170360	0.000022	0.185633	0.000016	0.175638	8.000000	-36.000000	1.130000	23.374532
311.915253	99.416580	-195.025360	-60.315323	109.616669	6.431905	315.928650	0.325962	-0.000012	0.000000	0.180090	0.170360	0.000022	0.185633	0.000016	0.175638	8.000000	-36.000000	1.130000	23.404740
311.915253	99.416580	-197.190308	-63.637039	106.934364	6.624968	316.408783	0.325962	-0.000012	0.000000	0.180090	0.170360	0.000022	0.185633	0.000016	0.175638	8.000000	-36.000000	1.130000	23.415592
325.453247	135.568054	-149.741959	-19.230972	167.375519	7.209521	330.972900	0.325962	-0.000012	0.000000	0.180090	0.170360	0.000022	0.185633	0.000016	0.175638	8.000000	-32.000000	1.130000	23.938097
326.897278	137.875595	-153.169785	-25.175093	164.693222	7.014670	331.773102	0.325962	-0.000012	0.000026	0.180090	0.170360	0.000022	0.000021	0.000016	0.175638	8.000000	-32.000000	1.130000	23.974855
327.619324	135.568054	-154.071838	-25.349918	162.189743	7.014670	332.253235	0.488959	-0.000012	0.000026	0.180090	-0.000013	0.000022	0.185633	0.000016	0.175638	8.000000	-32.000000	1.130000	23.992571
326.536285	138.260193	-151.004852	-23.426823	166.660233	6.821718	332.893402	0.488959	-0.000012	0.000000	0.180090	0.170360	0.000022	0.185633	0.000016	0.175638	8.000000	-32.000000	1.130000	24.023281
335.922638	171.959808	-101.211128	18.403522	221.557983	7.211531	346.977386	0.325962	-0.000012	0.000000	0.180090	-0.000013	0.000022	0.185633	0.000016	0.175638	8.000000	-28.000000	1.130000	24.522551
334.839569	172.681015	-100.128647	16.471327	220.306229	6.821718	347.297485	0.325962	-0.000012	0.000000	0.180090	0.170360	0.000022	0.185633	0.000016	0.175638	8.000000	-28.000000	1.130000	24.548156
335.922638	172.344513	-100.669891	18.398825	222.273254	7.016624	348.097687	0.325962	-0.000012	0.000000	0.180090	0.170360	0.000022	0.000021	0.000016	0.175638	8.000000	-28.000000	1.130000	24.569967
335.200592	172.873306	-100.128647	17.697916	221.915619	7.014670	348.097687	0.325962	-0.000012	0.000026	0.180090	0.170360	0.000022	0.185633	0.000016	0.175638	8.000000	-28.000000	1.130000	24.570037
305.958527	182.488068	-41.314342	53.093811	243.016342	6.624968	326.011475	0.488959	-0.000012	0.000026	0.180090	0.170360	0.000022	0.000021	0.000016	0.175638	8.000000	-24.000000	1.130000	23.775741
305.236481	181.718887	-41.675167	53.633152	243.552826	6.821718	325.211273	0.325962	-0.000012	0.000000	0.180090	0.170360	0.000022	0.000021	0.000016	0.175638	8.000000	-24.000000	1.130000	23.738604
304.514496	182.295761	-40.412289	53.808422	243.373993	6.624968	324.411041	0.325962	-0.000012	0.000026	0.180090	0.170360	0.000022	0.185633	0.000016	0.175638	8.000000	-24.000000	1.130000	23.716096
304.694977	181.961945	-41.133934	54.846085	242.301071	6.431905	323.450775	0.325962	-0.000012	0.000000	0.180090	0.170360	0.000022	0.000021	0.000016	0.175638	8.000000	-24.000000	1.130000	23.687451
275.272430	189.410690	10.477633	77.820656	255.891403	5.847187	304.725525	0.488959	-0.000012	0.000000	0.180090	0.170360	0.000022	0.185633	0.000016	0.175638	8.000000	-20.000000	1.130000	22.999743
274.911407	188.256912	9.755039	78.151299	254.818497	6.040416	304.085358	0.325962	-0.000012	0.000026	0.180090	0.170360	0.000022	0.185633	0.000016	0.175638	8.000000	-20.000000	1.130000	22.967655
274.189392	188.449203	8.309852	75.698120	253.387924	6.040416	303.285095	0.488959	-0.000012	0.000026	0.180090	0.170360	0.000022	0.185633	0.000016	0.175638	8.000000	-20.000000	1.130000	22.936800
274.369904	188.833801	9.032446	76.944298	253.566742	6.235266	302.804962	0.325962	-0.000012	0.000000	0.180090	0.170360	0.000022	0.185633	0.000016	0.175638	8.000000	-20.000000	1.130000	22.910743
244.225311	193.064301	50.581600	88.512238	258.752533	5.457375	285.680176	0.488959	-0.000012	0.000000	0.180090	0.170360	0.000022	0.000021	0.000016	0.175638	8.000000	-16.000000	1.130000	22.270374
244.044800	190.564453	49.859005	89.015388	256.427856	5.650713	285.200043	0.325962	-0.000012	0.000026	0.180090	-0.000013	0.000022	0.185633	0.000016	0.175638	8.000000	-16.000000	1.130000	22.243596
242.961761	190.179871	49.678356	88.862778	257.500763	5.650713	284.399811	0.325962	-0.000012	0.000026	0.180090	-0.000013	0.000022	0.000021	0.000016	0.175638	8.000000	-16.000000	1.130000	22.211736
242.059219	190.564453	49.678356	87.986420	256.606689	5.845565	283.759644	0.488959	-0.000012	0.000026	0.180090	-0.000013	0.000022	0.185633	0.000016	0.175638	8.000000	-16.000000	1.130000	22.178443
214.622223	191.387039	79.846657	92.718758	252.672638	5.262468	268.075226	0.325962	-0.000012	0.000000	0.180090	0.170360	0.000022	0.185633	0.000016	0.175638	8.000000	-12.000000	1.130000	21.567459
212.636658	190.040604	81.111191	93.419846	254.394791	5.457375	267.275024	0.325962	-0.000012	0.167562	0.180090	0.170360	0.000022	0.185633	0.000016	0.175638	8.000000	-12.000000	1.130000	21.526590
212.817169	189.026093	79.666008	92.894035	252.672638	5.652281	266.794891	0.325962	-0.000012	0.000000	0.180090	0.170360	0.000022	0.185633	0.000016	0.175638	8.000000	-12.000000	1.130000	21.498821
211.192612	189.218399	80.749893	92.368217	251.957367	5.650713	266.314728	0.325962	-0.000012	0.000026	0.180090	0.170360	0.000022	0.000021	0.000016	0.175638	8.000000	-12.000000	1.130000	21.479111
205.777420	211.524628	116.698944	99.529022	274.488678	5.650713	283.119476	0.488959	-0.000012	0.000026	0.180090	0.170360	0.000022	0.185633	0.000016	0.175638	8.000000	-8.000000	1.130000	22.160666
206.318924	209.217087	116.337662	101.806976	274.488678	5.455863	284.079712	0.325962	-0.000012	0.000000	0.180090	0.170360	0.000022	0.185633	0.000016	0.175638	8.000000	-8.000000	1.130000	22.206745
205.235901	211.332336	118.324791	101.482346	277.707428	5.650713	284.719910	0.325962	-0.000012	0.000026	0.180090	0.170360	0.000022	0.185633	0.000016	0.175638	8.000000	-8.000000	1.130000	22.224486
205.596909	211.332336	119.047386	102.683113	277.528625	5.455863	285.360107	0.325962	-0.000012	0.000026	0.180090	0.170360	0.000022	0.185633	0.192580	0.175638	8.000000	-8.000000	1.130000	22.257712
194.947021	227.677399	151.564117	106.389954	294.695312	6.235266	301.524628	0.325962	-0.000012	0.000000	0.180090	0.170360	0.000022	0.185633	0.192580	0.175638	8.000000	-4.000000	1.130000	22.861235
195.849548	228.831177	151.925415	107.239014	295.589447	5.845565	302.164795	0.325962	-0.000012	0.000000	0.180090	0.170360	0.000022	0.185633	0.000016	0.175638	8.000000	-4.000000	1.130000	22.901066
196.210571	229.279770	152.286713	107.063797	297.479218	6.042093	302.965027	0.325962	-0.000012	0.167562	0.180090	0.170360	0.000022	0.185633	0.000016	0.175638	8.000000	-4.000000	1.130000	22.924383
194.766525	228.895050	153.551239	107.939926	298.551880	5.847187	303.445160	0.325962	-0.000012	0.000000	0.180090	0.170360	0.000022	0.000021	0.000016	0.175638	8.000000	-4.000000	1.130000	22.950426
177.437897	243.128876	186.067963	112.320602	314.641479	6.431905	318.489380	0.488959	-0.000012	0.000000	0.180090	0.170360	0.000022	0.000021	0.000016	0.175638	8.000000	0.000000	1.130000	23.501364
178.159927	243.830200	187.332520	113.576096	315.974915	6.626812	319.289581	0.325962	-0.000012	0.000000	0.180090	-0.000013	-0.169410	0.185633	0.000016	0.175638	8.000000	0.000000	1.130000	23.524146
177.257385	242.099548	187.874451	114.773788	315.438446	7.014670	319.929779	0.325962	-0.000012	0.000026	0.180090	0.170360	0.000022	0.000021	0.000016	0.175638	8.000000	0.000000	1.130000	23.533636
176.535355	242.936523	189.138992	115.854630	315.617249	6.626812	320.409912	0.325962	-0.000012	0.000000	0.180090	0.170360	0.000022	0.000021	0.000016	0.175638	8.000000	0.000000	1.130000	23.566254
151.986481	253.130997	223.462219	121.463326	327.598206	6.821718	334.973999	0.325962	-0.000012	0.000000	0.180090	-0.000013	0.000022	0.185633	0.000016	0.175638	8.000000	4.000000	1.130000	24.099803
153.791534	254.862137	223.642853	121.958099	327.598206	6.821718	335.454132	0.325962	-0.000012	0.000000	0.180090	0.170360	0.000022	0.000021	0.000016	0.175638	8.000000	4.000000	1.130000	24.117427
153.250015	255.054489	225.088058	122.339684	329.837250	6.626812	336.094330	0.488959	-0.000012	0.000000	0.180090	0.170360	0.000022	0.000021	0.000016	0.175638	8.000000	4.000000	1.130000	24.148051
154.513565	253.900391	224.907410	123.710381	327.419373	7.014670	336.734497	0.488959	-0.000012	0.000000	0.180090	0.170360	0.000022	0.185633	0.000016	0.175638	8.000000	4.000000	1.130000	24.157295
119.495293	256.208588	256.340240	122.659012	332.247528	6.821718	345.376923	0.488959	-0.000012	0.000000	0.180090	0.170360	0.000022	0.185633	0.000016	0.175638	8.000000	8.000000	1.130000	24.478823
120.578339	255.944809	254.895065	122.690239	329.386414	7.014670	344.096558	0.325962	-0.000012	0.000000	0.180090	0.170360	0.000022	0.000021	0.000016	0.175638	8.000000	8.000000	1.130000	24.425501
119.495293	256.208588	254.895065	121.782875	328.849945	6.819819	342.976257	0.325962	-0.000012	0.000000	0.180090	0.170360	0.000022	0.185633	0.192580	0.175638	8.000000	8.000000	1.130000	24.391948
119.856323	255.175613	254.353104	121.288055	329.744049	6.821718	342.176025	0.488959	-0.000012	0.000000	0.180090	0.170360	0.000022	0.000021	0.000016	0.175638	8.000000	8.000000	1.130000	24.362829
75.271210	231.972626	259.591919	110.217880	296.841187	6.819819	321.050110	0.488959	-0.000012	0.000000	0.180090	0.170360	0.000022	0.000021	0.000016	0.175638	8.000000	12.000000	1.130000	23.583040
73.827148	230.561829	259.772552	110.596474	297.735260	6.626812	320.249878	0.488959	-0.000012	0.000000	0.180090	0.170360	0.000022	0.185633	0.000016	0.175638	8.000000	12.000000	1.130000	23.560244
73.646652	228.510345	259.411255	110.421204	297.198822	6.431905	319.289581	0.325962	0.159847	0.000000	0.180090	0.170360	0.000022	0.185633	0.000016	0.175638	8.000000	12.000000	1.130000	23.531476
72.022087	229.215775	258.146729	108.115150	294.337677	6.237000	318.649414	0.325962	-0.000012	0.000000	0.180090	0.170360	0.000022	0.185633	0.000016	0.175638	8.000000	12.000000	1.130000	23.514726
32.310658	204.851456	258.688660	89.388596	260.540710	6.042093	300.404297	0.325962	-0.000012	0.000000	0.180090	0.170360	0.000022	0.000021	0.000016	0.175638	8.000000	16.000000	1.130000	22.825316
30.325087	204.466766	259.049957	88.336967	258.752533	5.847187	299.604095	0.325962	-0.000012	0.000000	0.180090	0.170360	0.000022	0.000021	0.000016	0.175638	8.000000	16.000000	1.130000	22.801836
31.227617	202.871353	256.882172	87.285332	257.500763	5.845565	298.803833	0.488959	-0.000012	0.000000	0.180090	0.170360	0.000022	0.185633	0.000016	0.175638	8.000000	16.000000	1.130000	22.770820
30.505590	203.640533	258.146729	87.811150	257.679596	5.845565	298.163666	0.325962	0.159847	0.000000	0.180090	0.170360	0.000022	0.000021	0.000016	0.175638	8.000000	16.000000	1.130000	22.745927
-9.008803	178.449860	255.798294	63.081764	218.339188	5.845565	281.839081	0.325962	-0.000012	0.000026	0.180090	0.170360	0.000022	0.000021	0.000016	0.175638	8.000000	20.000000	1.130000	22.101677
-8.288100	178.449860	254.353104	63.607445	217.087463	5.650713	281.198914	0.325962	-0.000012	0.000026	0.180090	0.170360	0.000022	0.185633	0.000016	0.175638	8.000000	20.000000	1.130000	22.083838
-6.486339	179.269058	253.269196	62.205624	217.266281	5.457375	280.398682	0.488959	-0.000012	0.000000	0.180090	0.170360	0.000022	0.185633	0.000016	0.175638	8.000000	20.000000	1.130000	22.059506
-8.648453	178.257568	253.269196	61.520386	215.656906	5.650713	279.758514	0.488959	-0.000012	0.000000	0.180090	0.170360	0.000022	0.185633	0.000016	0.175638	8.000000	20.000000	1.130000	22.026042
-43.062092	156.187210	251.282089	30.139046	176.852982	5.262468	267.915192	0.325962	-0.000012	0.000000	0.180090	0.170360	0.000022	0.185633	0.000016	0.175638	8.000000	24.000000	1.130000	21.560892
-44.143147	155.566757	252.365967	30.489502	176.137695	5.457375	268.715393	0.488959	-0.000012	0.000000	0.180090	0.170360	0.000022	0.000021	0.000016	0.175638	8.000000	24.000000	1.130000	21.585722
-43.782795	156.528214	252.727280	29.270374	176.852982	5.455863	269.355591	0.325962	-0.000012	0.000000	0.180090	0.170360	0.000022	0.185633	0.000016	0.175638	8.000000	24.000000	1.130000	21.612014
-45.224201	157.725998	255.617630	29.613365	178.104706	5.457375	270.315857	0.325962	-0.000012	0.000000	0.180090	0.170360	0.000022	0.185633	0.000016	0.175638	8.000000	24.000000	1.130000	21.651238
-88.106117	150.032059	276.392212	-11.363755	145.738297	6.235266	287.920807	0.325962	0.159847	0.000000	0.180090	0.170360	0.000022	0.185633	0.000016	0.175638	8.000000	28.000000	1.130000	22.328423
-87.565590	151.570847	277.114807	-13.286854	147.526489	5.847187	288.560974	0.325962	-0.000012	0.000000	0.180090	0.170360	0.000022	0.000021	0.000016	0.175638	8.000000	28.000000	1.130000	22.369139
-88.106117	149.605606	277.295471	-10.314794	148.241791	6.040416	289.521240	0.325962	-0.000012	0.000000	0.180090	0.170360	0.000022	0.000021	0.000016	0.175638	8.000000	28.000000	1.130000	22.399464
-87.925934	151.336258	278.740631	-12.587544	149.135880	6.040416	290.001404	0.488959	-0.000012	0.000026	0.180090	0.170360	0.000022	0.185633	0.000016	0.175638	8.000000	28.000000	1.130000	22.418426
-138.014893	132.491348	294.457062	-59.790844	99.602753	6.042093	303.445160	0.325962	-0.000012	0.000000	0.180090	0.170360	0.000022	0.185633	0.000016	0.175638	8.000000	32.000000	1.130000	22.942910
-138.735596	132.912994	294.818359	-58.916710	100.854492	6.237000	303.925293	0.488959	-0.000012	0.000000	0.180090	0.170360	0.000022	0.185633	0.000016	0.175638	8.000000	32.000000	1.130000	22.953909
-139.816650	135.183472	296.624847	-60.490154	102.463867	6.235266	304.245392	0.325962	-0.000012	0.000000	0.180090	0.170360	0.000022	0.000021	0.192580	0.175638	8.000000	32.000000	1.130000	22.966314
-136.393295	137.106415	295.902252	-58.916710	105.324982	6.624968	304.565460	0.488959	-0.000012	0.000000	0.180090	0.170360	0.000022	0.185633	0.192580	0.175638	8.000000	32.000000	1.130000	22.963630
-188.464188	106.146912	303.850800	-107.343796	39.698059	6.430117	312.407654	0.488959	-0.000012	0.000000	0.180090	0.170360	0.000022	0.000021	0.000016	0.175638	8.000000	36.000000	1.130000	23.271295
-190.446136	109.800522	305.115326	-111.714478	39.698059	6.430117	312.567719	0.488959	0.159847	0.000000	0.180090	0.170360	0.000022	0.185633	0.000016	0.175638	8.000000	36.000000	1.130000	23.277381
-187.743484	110.954292	305.295990	-113.987228	40.413338	6.624968	312.887817	0.325962	-0.000012	0.000000	0.180090	0.170360	0.000022	0.185633	0.000016	0.175638	8.000000	36.000000	1.130000	23.282142
-187.202957	110.761986	304.573395	-110.665512	41.307434	6.624968	313.367950	0.325962	-0.000012	0.000026	0.180090	0.170360	0.000022	0.185633	0.000016	0.175638	8.000000	36.000000	1.130000	23.300385
-238.553146	79.802483	309.270233	-163.812927	-30.142347	6.624968	320.730011	0.488959	-0.000012	0.000000	0.180090	0.170360	0.000022	0.000021	0.000016	0.175638	8.000000	40.000000	1.130000	23.578340
-241.435974	80.187065	311.438019	-165.561203	-29.428921	6.430117	321.370178	0.325962	-0.000012	0.000026	0.180090	0.170360	0.000022	0.000021	0.000016	0.175638	8.000000	40.000000	1.130000	23.609660
-244.498962	76.362457	312.883209	-163.463287	-32.104275	6.431905	321.530212	0.488959	-0.000012	0.000000	0.180090	0.170360	0.000022	0.185633	0.000016	0.175638	8.000000	40.000000	1.130000	23.615590
-243.417908	77.687233	312.521912	-163.638107	-29.963991	7.014670	322.010376	0.325962	-0.000012	0.000026	0.180090	0.170360	0.000022	0.000021	0.000016	0.175638	8.000000	40.000000	1.130000	23.611745
-293.687042	40.958866	310.354126	-222.205170	-114.326881	6.819819	329.052368	0.325962	-0.000012	0.000000	0.180090	0.170360	0.000022	0.185633	0.000016	0.175638	8.000000	44.000000	1.130000	23.881438
-291.344757	40.381981	310.534790	-215.561722	-112.008247	6.431905	329.052368	0.325962	-0.000012	0.000000	0.180090	0.170360	0.000022	0.185633	0.000016	0.175638	8.000000	44.000000	1.130000	23.895808
-290.984375	43.278465	309.450897	-217.834488	-112.364960	6.237000	329.532471	0.488959	-0.000012	0.000000	0.180090	0.170360	0.000022	0.185633	0.000016	0.175638	8.000000	44.000000	1.130000	23.920794
-294.227570	41.728050	311.618683	-217.659653	-110.046318	6.430117	329.852570	0.325962	-0.000012	0.000000	0.180090	-0.000013	0.000022	0.000021	0.000016	0.175638	8.000000	44.000000	1.130000	23.925491
323.287170	65.188057	-317.164276	-218.184128	-19.619280	7.014670	338.334961	0.488959	0.159847	0.000000	0.180090	0.170360	0.000022	0.185633	0.000016	0.175638	12.000000	-44.000000	1.130000	24.215854
325.092224	66.167976	-320.231262	-220.981384	-21.402849	6.626812	338.655060	0.488959	-0.000012	0.000000	0.180090	0.170360	0.000022	0.000021	0.000016	0.175638	12.000000	-44.000000	1.130000	24.241713
325.633728	65.572639	-318.246735	-218.009323	-19.440922	7.209521	338.815094	0.488959	0.159847	0.000000	0.180090	0.170360	0.000022	0.000021	0.192580	0.175638	12.000000	-44.000000	1.130000	24.226277
323.828674	70.380020	-314.818909	-218.358978	-16.230494	7.014670	339.295227	0.325962	-0.000012	0.000000	0.180090	0.170360	0.000022	0.185633	0.000016	0.175638	12.000000	-44.000000	1.130000	24.250921
335.922638	108.839027	-275.308685	-173.603256	47.029678	6.819819	345.857056	0.488959	0.159847	0.000000	0.180090	0.170360	0.000022	0.185633	0.000016	0.175638	12.000000	-40.000000	1.130000	24.496242
335.922638	106.561226	-277.293213	-177.099792	43.095638	6.626812	346.017120	0.488959	-0.000012	0.000000	0.180090	0.170360	0.000022	0.185633	0.192580	0.175638	12.000000	-40.000000	1.130000	24.508995
337.005646	106.753571	-278.916901	-178.498398	41.843899	6.626812	346.177155	0.325962	0.159847	0.167562	0.180090	0.170360	0.000022	0.185633	0.000016	0.175638	12.000000	-40.000000	1.130000	24.514773
337.005646	108.839027	-277.473633	-178.148743	43.453278	6.821718	346.497223	0.488959	0.159847	0.000000	0.180090	0.170360	0.000022	0.000021	0.192580	0.175638	12.000000	-40.000000	1.130000	24.519290
324.911713	135.952652	-212.886154	-122.728584	98.172188	6.819819	332.573334	0.488959	-0.000012	0.000000	0.180090	0.170360	0.000022	0.185633	0.000016	0.175638	12.000000	-36.000000	1.130000	24.011557
322.745636	135.605896	-208.917084	-117.833420	100.470734	6.821718	330.812836	0.325962	-0.000012	0.000000	0.180090	0.170360	0.000022	0.185633	0.000016	0.175638	12.000000	-36.000000	1.130000	23.946516
320.038025	136.375290	-206.932556	-117.658600	100.675667	7.209521	329.852570	0.325962	-0.000012	0.000000	0.180090	0.170360	0.000022	0.000021	0.000016	0.175638	12.000000	-36.000000	1.130000	23.896645
320.579559	136.337250	-208.195435	-118.532722	100.675667	7.014670	328.252106	0.325962	-0.000012	0.000000	0.180090	0.170360	0.000022	0.000021	0.000016	0.175638	12.000000	-36.000000	1.130000	23.844534
291.518005	152.105438	-137.113113	-64.860825	136.976120	6.235266	301.524628	0.325962	-0.000012	0.000000	0.180090	-0.000013	0.000022	0.185633	0.000016	0.175638	12.000000	-32.000000	1.130000	22.861235
290.615479	152.105438	-138.195587	-66.783928	136.797302	6.430117	300.564331	0.325962	-0.000012	0.000000	0.180090	0.170360	0.000022	0.185633	0.000016	0.175638	12.000000	-32.000000	1.130000	22.816475
289.712952	151.378479	-136.571869	-65.035660	137.333755	5.847187	299.604095	0.325962	-0.000012	0.000000	0.180090	0.170360	0.000022	0.185633	0.000016	0.175638	12.000000	-32.000000	1.130000	22.801836
288.810425	150.609085	-136.030640	-63.637039	137.691406	5.847187	298.643799	0.488959	-0.000012	0.000000	0.180090	0.170360	0.000022	0.185633	0.000016	0.175638	12.000000	-32.000000	1.130000	22.764535
261.192902	160.758713	-76.855507	-19.405800	164.514404	5.650713	276.237549	0.488959	0.159847	0.000000	0.180090	0.170360	0.000022	0.000021	0.000016	0.175638	12.000000	-28.000000	1.130000	21.884121
260.290375	160.034180	-76.314270	-19.405800	163.577805	5.067563	275.277252	0.488959	-0.000012	0.000000	0.180090	0.170360	0.000022	0.000021	0.000016	0.175638	12.000000	-28.000000	1.130000	21.868864
259.929382	159.457138	-76.494675	-19.580627	163.083832	5.457375	274.477020	0.488959	-0.000012	0.000000	0.180090	0.170360	0.000022	0.185633	0.000016	0.175638	12.000000	-28.000000	1.130000	21.820655
258.846344	159.220352	-75.773033	-19.755453	163.441483	5.650713	273.356720	0.488959	-0.000012	0.000000	0.180090	0.170360	0.000022	0.000021	0.000016	0.175638	12.000000	-28.000000	1.130000	21.767313
252.709122	178.642166	-32.113335	13.842917	194.019684	5.455863	275.117218	0.488959	-0.000012	0.000000	0.180090	0.170360	0.000022	0.185633	0.000016	0.175638	12.000000	-24.000000	1.130000	21.846664
253.431152	179.461411	-32.113335	14.197000	195.986710	5.457375	275.917450	0.488959	-0.000012	0.000000	0.180090	-0.000013	0.000022	0.000021	0.000016	0.175638	12.000000	-24.000000	1.130000	21.878995
254.514175	179.988235	-32.654568	13.842917	195.807892	5.455863	276.397583	0.488959	-0.000012	0.000000	0.180090	0.170360	0.000022	0.000021	0.000016	0.175638	12.000000	-24.000000	1.130000	21.898467
254.333664	179.219055	-32.293747	14.719053	195.092621	5.650713	277.037750	0.325962	-0.000012	0.000000	0.180090	0.170360	0.000022	0.185633	0.000016	0.175638	12.000000	-24.000000	1.130000	21.916455
257.402283	204.986588	9.574391	43.642658	233.002441	5.845565	291.281738	0.488959	-0.000012	0.000000	0.180090	0.170360	0.000022	0.000021	0.000016	0.175638	12.000000	-20.000000	1.130000	22.476583
256.138733	205.755768	10.116337	43.456318	233.717712	5.845565	291.601837	0.325962	-0.000012	0.000000	0.180090	0.170360	0.000022	0.000021	0.000016	0.175638	12.000000	-20.000000	1.130000	22.489183
257.402283	204.602005	8.490499	43.281090	231.393066	5.845565	292.402069	0.488959	-0.000012	0.000000	0.180090	0.170360	0.000022	0.185633	0.000016	0.175638	12.000000	-20.000000	1.130000	22.520650
256.499756	206.390244	9.213094	41.889942	233.002441	5.845565	292.882202	0.488959	-0.000012	0.000000	0.180090	0.170360	0.000022	0.000021	0.000016	0.175638	12.000000	-20.000000	1.130000	22.539509
251.265060	226.202164	50.400951	61.154259	262.150085	6.430117	303.285095	0.488959	-0.000012	0.000000	0.180090	0.170360	0.000022	0.000021	0.000016	0.351312	12.000000	-16.000000	1.130000	22.921759
253.070114	227.100525	50.400951	62.572014	261.256012	6.235266	303.765259	0.488959	0.159847	0.000000	0.180090	0.170360	0.000022	0.185633	0.000016	0.175638	12.000000	-16.000000	1.130000	22.947805
252.167603	226.523636	51.665493	63.097828	262.686554	6.235266	304.245392	0.488959	-0.000012	0.000000	0.180090	0.170360	0.000022	0.185633	0.000016	0.175638	12.000000	-16.000000	1.130000	22.966314
252.889633	227.869705	50.762245	62.030399	263.223022	6.430117	304.565460	0.488959	-0.000012	0.000000	0.180090	0.170360	0.000022	0.185633	0.000016	0.175638	12.000000	-16.000000	1.130000	22.971138
242.781250	247.745239	89.059723	72.913048	286.469604	6.431905	314.488251	0.488959	-0.000012	0.000000	0.180090	0.170360	0.000022	0.000021	0.000016	0.175638	12.000000	-12.000000	1.130000	23.350213
243.683777	246.014099	88.698433	75.016312	285.575500	6.624968	314.968414	0.488959	-0.000012	0.000000	0.180090	0.170360	0.000022	0.185633	0.000016	0.175638	12.000000	-12.000000	1.130000	23.361092
243.683777	246.014099	90.685570	76.924706	287.363739	6.624968	315.448547	0.488959	-0.000012	0.000000	0.180090	0.170360	0.000022	0.185633	0.000016	0.175638	12.000000	-12.000000	1.130000	23.379273
245.127838	248.514633	89.059723	73.244934	285.754333	6.235266	315.608582	0.488959	-0.000012	0.000000	0.180090	0.170360	0.000022	0.185633	0.000016	0.175638	12.000000	-12.000000	1.130000	23.400073
229.423752	262.867432	125.008781	79.027435	305.245728	6.624968	325.851440	0.488959	-0.000012	0.000000	0.180090	0.170360	0.000022	0.185633	0.192580	0.175638	12.000000	-8.000000	1.130000	23.769783
228.340714	263.325500	124.647484	78.151299	307.669312	6.624968	326.171539	0.325962	-0.000012	0.000000	0.180090	0.170360	0.000022	0.000021	0.000016	0.175638	12.000000	-8.000000	1.130000	23.781698
228.340714	264.287231	125.912018	78.346466	307.570374	6.237000	326.651672	0.488959	-0.000012	0.000000	0.180090	0.170360	0.000022	0.185633	0.192580	0.175638	12.000000	-8.000000	1.130000	23.813979
229.062744	265.056641	125.731377	78.697021	306.417908	6.624968	326.971771	0.488959	-0.000012	0.000000	0.180090	0.170360	0.000022	0.000021	0.000016	0.175638	12.000000	-8.000000	1.130000	23.811457
208.485016	275.828156	157.706161	77.470108	317.047852	6.624968	334.173798	0.325962	-0.000012	0.000000	0.180090	0.170360	0.000022	0.185633	0.000016	0.175638	12.000000	-4.000000	1.130000	24.077634
207.582474	274.789734	157.886795	77.820656	318.478394	6.819819	334.653931	0.488959	-0.000012	0.000000	0.180090	0.170360	0.000022	0.000021	0.000016	0.175638	12.000000	-4.000000	1.130000	24.088117
209.568054	277.559296	157.886795	77.119568	317.323090	6.819819	334.813965	0.325962	-0.000012	0.000000	0.180090	0.170360	0.000022	0.185633	0.000016	0.175638	12.000000	-4.000000	1.130000	24.093995
209.207047	275.828156	157.164200	76.944298	319.289581	7.014670	335.294098	0.488959	-0.000012	0.000000	0.180090	0.170360	0.000022	0.000021	0.000016	0.175638	12.000000	-4.000000	1.130000	24.104471
183.575104	282.945068	192.029373	83.429352	328.134674	6.819819	343.456390	0.488959	-0.000012	0.000000	0.180090	0.170360	0.000022	0.185633	0.000016	0.175638	12.000000	0.000000	1.130000	24.409362
184.477646	284.212189	191.126129	81.501366	328.134674	7.014670	343.616425	0.488959	-0.000012	0.000000	0.180090	0.170360	0.000022	0.000021	0.000016	0.175638	12.000000	0.000000	1.130000	24.408099
183.394608	284.981354	192.029373	81.326096	329.565247	7.014670	344.096558	0.325962	-0.000012	0.000000	0.180090	0.170360	0.000022	0.185633	0.000016	0.175638	12.000000	0.000000	1.130000	24.425501
185.560684	285.830322	190.222885	79.923920	330.280518	7.014670	344.256592	0.488959	-0.000012	0.000000	0.180090	0.170360	0.000022	0.185633	0.000016	0.175638	12.000000	0.000000	1.130000	24.431298
147.834824	275.058777	210.997467	80.625000	315.892914	6.819819	333.853699	0.488959	-0.000012	0.000000	0.180090	0.170360	0.000022	0.185633	0.000016	0.175638	12.000000	4.000000	1.130000	24.058699
148.556854	273.251343	210.274872	82.552994	314.007904	7.209521	332.413300	0.488959	-0.000012	0.000000	0.180090	0.170360	0.000022	0.000021	0.000016	0.175638	12.000000	4.000000	1.130000	23.991288
147.112793	272.365875	209.913574	82.006302	313.926392	6.821718	330.972900	0.488959	-0.000012	0.000000	0.180090	0.170360	0.000022	0.185633	0.000016	0.175638	12.000000	4.000000	1.130000	23.952430
146.932297	271.211792	208.107086	80.274460	312.040894	6.819819	329.532471	0.325962	-0.000012	0.000000	0.180090	0.170360	0.000022	0.000021	0.000016	0.175638	12.000000	4.000000	1.130000	23.899222
103.610733	245.753159	214.791077	75.892670	281.283844	6.040416	303.765259	0.325962	0.159847	0.000000	0.180090	0.170360	0.000022	0.185633	0.000016	0.175638	12.000000	8.000000	1.130000	22.955318
101.444649	246.714630	213.345901	72.562500	278.601532	6.235266	302.324860	0.325962	-0.000012	0.000000	0.180090	0.170360	0.000022	0.185633	0.000016	0.175638	12.000000	8.000000	1.130000	22.892191
101.805664	244.599396	214.068497	74.490494	280.568573	6.430117	301.844727	0.488959	-0.000012	0.000000	0.180090	0.170360	0.000022	0.185633	0.000016	0.175638	12.000000	8.000000	1.130000	22.866082
102.708199	244.022507	211.900696	73.614136	277.886261	6.430117	301.044464	0.488959	-0.000012	0.000000	0.180090	0.170360	0.000022	0.185633	0.000016	0.175638	12.000000	8.000000	1.130000	22.835090
64.982338	222.677750	216.958862	66.778542	250.347977	6.040416	282.319214	0.325962	-0.000012	0.000000	0.180090	0.170360	0.000022	0.185633	0.000016	0.175638	12.000000	12.000000	1.130000	22.113097
63.177273	222.677750	217.681458	67.129074	249.811508	6.040416	281.679047	0.488959	-0.000012	0.000000	0.180090	0.170360	0.000022	0.185633	0.000016	0.175638	12.000000	12.000000	1.130000	22.087463
63.538288	220.947098	216.778214	68.005432	249.453873	5.845565	281.038879	0.488959	-0.000012	0.000000	0.180090	0.170360	0.000022	0.000021	0.000016	0.175638	12.000000	12.000000	1.130000	22.069613
63.538288	221.523972	215.513672	66.252716	249.811508	5.650713	280.238647	0.325962	-0.000012	0.000000	0.180090	-0.000013	0.000022	0.185633	0.000016	0.175638	12.000000	12.000000	1.130000	22.045324
27.797995	204.794296	223.100906	55.561134	223.346176	5.455863	269.355591	0.488959	-0.000012	0.000000	0.180090	0.170360	0.000022	0.185633	0.000016	0.175638	12.000000	16.000000	1.130000	21.612014
29.603058	205.236160	222.920258	56.072678	223.288177	5.262468	270.155823	0.488959	-0.000012	0.000000	0.180090	0.170360	0.000022	0.185633	0.000016	0.175638	12.000000	16.000000	1.130000	21.652662
27.256472	204.602005	225.449341	55.561134	224.955536	5.650713	270.795990	0.488959	-0.000012	0.000000	0.180090	0.170360	0.000022	0.185633	0.000016	0.175638	12.000000	16.000000	1.130000	21.662956
28.339512	207.544342	225.630005	55.897449	225.969788	5.650713	271.756287	0.488959	-0.000012	0.000000	0.180090	0.170360	0.000022	0.185633	0.000016	0.175638	12.000000	16.000000	1.130000	21.702149
-6.486339	206.005554	251.824036	36.982330	213.098099	5.847187	288.240906	0.488959	-0.000012	0.000000	0.180090	0.170360	0.000022	0.185633	0.000016	0.175638	12.000000	20.000000	1.130000	22.356473
-5.044930	208.063309	250.378845	35.755428	212.259323	6.040416	288.721039	0.325962	-0.000012	0.000000	0.180090	0.170360	0.000022	0.185633	0.000016	0.175638	12.000000	20.000000	1.130000	22.367827
-7.927748	207.544342	253.630508	35.930702	213.455643	6.235266	289.521240	0.325962	-0.000012	0.000000	0.180090	0.170360	0.000022	0.185633	0.000016	0.175638	12.000000	20.000000	1.130000	22.391764
-8.468277	209.217087	254.533752	35.229614	214.941620	6.040416	290.001404	0.325962	-0.000012	0.000000	0.180090	0.170360	0.000022	0.000021	0.000016	0.175638	12.000000	20.000000	1.130000	22.418426
-50.629486	205.043793	276.392212	-4.370675	189.728012	5.847187	303.605225	0.325962	-0.000012	0.000000	0.180090	0.170360	0.000022	0.185633	0.000016	0.175638	12.000000	24.000000	1.130000	22.956597
-51.890720	202.486755	276.392212	-1.048962	189.370377	6.235266	304.405426	0.325962	0.159847	0.000000	0.180090	0.170360	0.000022	0.185633	0.000016	0.175638	12.000000	24.000000	1.130000	22.972479
-50.088959	203.312668	276.934174	-2.097924	189.012741	6.235266	304.974731	0.325962	0.159847	0.000000	0.180090	0.170360	0.000022	0.185633	0.192580	0.175638	12.000000	24.000000	1.130000	22.994400
-50.809658	205.043793	277.837402	-2.622405	191.337387	5.847187	305.685791	0.488959	-0.000012	0.000000	0.180090	0.170360	0.000022	0.185633	0.000016	0.175638	12.000000	24.000000	1.130000	23.036662
-100.358078	191.333649	293.915131	-56.119476	150.029984	6.624968	315.448547	0.488959	-0.000012	0.000000	0.180090	0.170360	0.000022	0.185633	0.000016	0.175638	12.000000	28.000000	1.130000	23.379273
-99.277023	191.141342	295.179657	-53.147415	151.281723	6.819819	315.928650	0.325962	-0.000012	0.000000	0.180090	0.170360	0.000022	0.000021	0.000016	0.175638	12.000000	28.000000	1.130000	23.390068
-99.457207	191.525940	296.082916	-52.098454	151.997009	6.819819	316.408783	0.325962	-0.000012	0.000000	0.180090	0.170360	0.000022	0.000021	0.000016	0.175638	12.000000	28.000000	1.130000	23.408226
-101.078789	193.256592	295.540955	-54.546032	151.281723	6.624968	316.568848	0.488959	-0.000012	0.000000	0.180090	0.170360	0.000022	0.185633	0.000016	0.175638	12.000000	28.000000	1.130000	23.421640
-150.266861	174.460342	308.367004	-109.966202	100.496841	6.819819	326.415771	0.325962	-0.000012	0.000000	0.180090	0.170360	0.000022	0.185633	0.000016	0.175638	12.000000	32.000000	1.130000	23.783535
-151.888443	173.883301	310.896088	-111.364815	98.861778	6.819819	326.811737	0.325962	-0.000012	0.000000	0.180090	-0.000013	0.000022	0.000021	0.000016	0.175638	12.000000	32.000000	1.130000	23.798264
-150.266861	173.257904	310.354126	-108.567589	100.496841	6.819819	327.291870	0.325962	-0.000012	0.000000	0.180090	0.170360	0.000022	0.000021	0.000016	0.175638	12.000000	32.000000	1.130000	23.816111
-151.888443	174.796265	310.715424	-111.364815	101.569771	7.014670	327.611938	0.325962	-0.000012	0.000000	0.180090	0.170360	0.000022	0.185633	0.000016	0.175638	12.000000	32.000000	1.130000	23.820764
-202.337753	151.763184	320.651093	-167.833954	40.592155	6.821718	337.936340	0.488959	-0.000012	0.000000	0.180090	0.170360	0.000022	0.185633	0.000016	0.175638	12.000000	36.000000	1.130000	24.208337
-203.959351	152.532593	320.651093	-170.631195	40.402817	7.016624	338.014862	0.488959	-0.000012	0.000000	0.180090	0.170360	0.000022	0.185633	0.000016	0.175638	12.000000	36.000000	1.130000	24.204082
-205.400742	150.567078	321.915619	-170.806015	37.909859	7.014670	338.494995	0.488959	-0.000012	0.000000	0.180090	0.170360	0.000022	0.185633	0.000016	0.175638	12.000000	36.000000	1.130000	24.221702
-203.779175	148.300903	319.747864	-166.260498	36.121658	7.014670	339.056366	0.488959	-0.000012	0.000000	0.180090	0.170360	0.000022	0.000021	0.000016	0.175638	12.000000	36.000000	1.130000	24.242203
-259.813934	121.949120	324.264069	-229.198242	-38.525127	7.209521	346.177155	0.488959	-0.000012	0.000000	0.180090	0.170360	0.000022	0.000021	0.000016	0.175638	12.000000	40.000000	1.130000	24.493728
-261.976044	121.179726	324.806000	-228.149292	-36.394264	7.209521	346.497223	0.488959	-0.000012	0.000000	0.180090	0.170360	0.000022	0.000021	0.000016	0.175638	12.000000	40.000000	1.130000	24.505289
-261.255341	121.145927	324.806000	-230.946518	-38.346771	7.209521	346.657288	0.325962	-0.000012	0.000000	0.180090	0.170360	0.000022	0.185633	0.000016	0.175638	12.000000	40.000000	1.130000	24.511069
-261.075165	120.987389	324.986664	-230.422028	-39.773632	7.209521	347.216766	0.488959	-0.000012	0.000000	0.180090	0.170360	0.000022	0.000021	0.000016	0.175638	12.000000	40.000000	1.130000	24.531260
-294.587921	77.687233	300.057159	-268.359497	-116.467178	6.624968	328.572205	0.325962	-0.000012	0.000000	0.180090	0.170360	0.000022	0.185633	0.000016	0.175638	12.000000	44.000000	1.130000	23.870863
-290.624054	79.417885	299.153931	-263.289490	-109.154533	6.819819	327.611938	0.488959	-0.000012	0.000000	0.180090	0.170360	0.000022	0.185633	0.000016	0.175638	12.000000	44.000000	1.130000	23.828001
-292.425812	77.687233	297.166779	-261.716064	-112.008247	6.430117	326.171539	0.325962	-0.000012	0.000000	0.180090	0.170360	0.000022	0.185633	0.000016	0.175638	12.000000	44.000000	1.130000	23.788948
-287.921387	79.440041	296.624847	-262.590210	-109.332886	6.624968	325.371307	0.488959	-0.000012	0.000000	0.360219	0.170360	0.000022	0.185633	0.000016	0.175638	12.000000	44.000000	1.130000	23.751901
269.135193	84.825806	-280.721039	-236.890640	-30.328556	5.845565	293.202271	0.488959	-0.000012	0.000000	0.180090	0.170360	0.000022	0.185633	0.000016	0.175638	16.000000	-44.000000	1.130000	22.552072
270.037750	86.917397	-277.112793	-231.645813	-25.683422	5.845565	292.402069	0.488959	-0.000012	0.000000	0.180090	0.170360	0.000022	0.185633	0.192580	0.175638	16.000000	-44.000000	1.130000	22.520650
270.398743	85.571335	-278.195282	-231.645813	-26.575203	5.845565	291.761871	0.488959	0.159847	0.000000	0.180090	0.170360	0.000022	0.000021	0.192580	0.175638	16.000000	-44.000000	1.130000	22.495479
268.774200	85.379036	-278.916901	-234.093414	-29.072201	6.040416	291.121704	0.488959	-0.000012	0.000000	0.180090	0.170360	0.000022	0.185633	0.000016	0.175638	16.000000	-44.000000	1.130000	22.462606
258.124298	109.254097	-222.989197	-180.771164	22.710159	5.261012	274.797119	0.325962	-0.000012	0.000000	0.180090	0.170360	0.000022	0.185633	0.192580	0.175638	16.000000	-40.000000	1.130000	21.841590
257.041260	109.638809	-222.989197	-181.645294	23.067801	5.261012	274.316986	0.488959	-0.000012	0.000000	0.180090	0.170360	0.000022	0.000021	0.000016	0.175638	16.000000	-40.000000	1.130000	21.822128
258.304810	110.600548	-222.087143	-179.547363	23.419325	5.261012	273.516754	0.325962	-0.000012	0.000000	0.180090	0.170360	0.000022	0.000021	0.000016	0.175638	16.000000	-40.000000	1.130000	21.789652
256.680237	109.638809	-221.004684	-178.673233	23.604261	5.455863	272.876587	0.325962	-0.000012	0.000000	0.180090	0.170360	0.000022	0.000021	0.000016	0.175638	16.000000	-40.000000	1.130000	21.755712
258.846344	135.760361	-181.674866	-144.057480	67.415154	5.455863	275.437286	0.488959	-0.000012	0.000000	0.180090	-0.000013	0.000022	0.185633	0.000016	0.175638	16.000000	-36.000000	1.130000	21.859625
260.651398	136.914124	-180.953232	-141.959564	69.382172	5.650713	276.397583	0.325962	-0.000012	0.000000	0.180090	0.170360	0.000022	0.185633	0.000016	0.175638	16.000000	-36.000000	1.130000	21.890591
259.748840	136.567642	-184.200638	-147.554016	65.609894	5.455863	277.037750	0.325962	-0.000012	0.000000	0.180090	0.170360	0.000022	0.185633	0.000016	0.175638	16.000000	-36.000000	1.130000	21.924322
261.192902	137.721725	-181.133636	-143.707825	68.130432	5.455863	277.517883	0.488959	-0.000012	0.000000	0.180090	0.170360	0.000022	0.185633	0.000016	0.175638	16.000000	-36.000000	1.130000	21.943694
272.023285	170.421021	-142.345062	-108.742416	115.845268	6.235266	291.441772	0.488959	-0.000012	0.000000	0.180090	0.170360	0.000022	0.185633	0.000016	0.175638	16.000000	-32.000000	1.130000	22.467539
272.745331	169.651627	-142.705887	-108.392754	115.487717	6.430117	291.921906	0.325962	-0.000012	0.000000	0.180090	0.170360	0.000022	0.185633	0.000016	0.175638	16.000000	-32.000000	1.130000	22.478772
272.564850	169.988892	-141.803833	-107.168968	117.127113	6.235266	292.814148	0.325962	-0.000012	0.000000	0.180090	0.170360	0.000022	0.185633	0.192580	0.175638	16.000000	-32.000000	1.130000	22.521529
273.467346	170.228668	-143.066711	-108.742416	115.517715	6.235266	293.042236	0.488959	-0.000012	0.000000	0.360219	0.170360	0.000022	0.185633	0.000016	0.175638	16.000000	-32.000000	1.130000	22.530490
279.604584	200.235077	-97.602882	-67.133583	162.862717	6.624968	306.165924	0.488959	-0.000012	0.000000	0.180090	0.170360	0.000022	0.000021	0.000016	0.175638	16.000000	-28.000000	1.130000	23.025225
280.326599	202.871353	-97.602882	-68.532196	163.977936	6.235266	306.646057	0.325962	-0.000012	0.000000	0.180090	0.170360	0.000022	0.185633	0.000016	0.175638	16.000000	-28.000000	1.130000	23.058632
281.048645	202.294464	-99.046181	-69.406326	163.977936	6.235266	307.126190	0.488959	-0.000012	0.000000	0.180090	0.170360	0.000022	0.000021	0.000016	0.175638	16.000000	-28.000000	1.130000	23.077052
281.048645	202.158569	-95.979179	-66.609100	164.514404	6.235266	307.446289	0.325962	-0.000012	0.000000	0.180090	0.170360	0.000022	0.185633	0.000016	0.175638	16.000000	-28.000000	1.130000	23.089324
282.131683	227.548615	-52.499889	-26.049227	204.159409	6.624968	319.609711	0.488959	-0.000012	0.000000	0.180090	0.170360	0.000022	0.185633	0.000016	0.175638	16.000000	-24.000000	1.130000	23.536255
284.117249	228.510345	-50.695770	-23.776476	206.715912	6.624968	319.855469	0.325962	-0.000012	0.000000	0.180090	0.170360	0.000022	0.185633	0.000016	0.175638	16.000000	-24.000000	1.130000	23.545494
282.312195	227.485123	-49.793709	-24.300957	205.464172	6.819819	320.089844	0.488959	-0.000012	0.000000	0.180090	0.170360	0.000022	0.000021	0.000016	0.175638	16.000000	-24.000000	1.130000	23.546979
282.673187	228.702698	-50.695770	-24.475784	206.000626	6.624968	320.409912	0.488959	0.159847	0.000000	0.180090	0.170360	0.000022	0.185633	0.192580	0.175638	16.000000	-24.000000	1.130000	23.566323
276.896973	254.092743	-1.804120	6.835586	241.049347	6.430117	329.372437	0.325962	-0.000012	0.000000	0.180090	0.170360	0.000022	0.000021	0.000016	0.175638	16.000000	-20.000000	1.130000	23.907725
276.716492	252.746307	-2.706180	8.588303	241.701874	6.819819	329.852570	0.325962	-0.000012	0.000000	0.180090	-0.000013	0.000022	0.000021	0.000016	0.175638	16.000000	-20.000000	1.130000	23.911072
277.438507	252.938660	-1.804120	8.761328	242.059433	6.624968	330.012604	0.325962	-0.000012	0.000000	0.180090	0.170360	0.000022	0.000021	0.000016	0.175638	16.000000	-20.000000	1.130000	23.924203
279.063049	253.444962	-1.082472	9.639934	241.049347	6.624968	330.332703	0.325962	-0.000012	0.000000	0.180090	-0.000013	0.000022	0.185633	0.000016	0.175638	16.000000	-20.000000	1.130000	23.936041
270.940277	275.443451	44.439552	28.744558	271.448761	7.014670	339.775360	0.325962	-0.000012	0.000000	0.180090	0.170360	0.000022	0.000021	0.000016	0.175638	16.000000	-16.000000	1.130000	24.268435
270.940277	275.443451	44.620201	29.087683	273.702362	6.819819	340.575592	0.488959	-0.000012	0.000000	0.180090	0.170360	0.000022	0.185633	0.000016	0.175638	16.000000	-16.000000	1.130000	24.304694
270.398743	275.635803	44.078255	27.692928	272.450928	7.014670	340.735626	0.488959	-0.000012	0.000000	0.180090	0.170360	0.000022	0.000021	0.192580	0.175638	16.000000	-16.000000	1.130000	24.303427
269.857239	275.943481	46.607330	28.744558	274.309845	7.014670	341.215759	0.325962	-0.000012	0.000000	0.180090	0.170360	0.000022	0.000021	0.192580	0.175638	16.000000	-16.000000	1.130000	24.320903
244.766830	285.830322	85.266113	34.519730	288.361755	6.819819	337.694763	0.488959	-0.000012	0.000000	0.180090	0.170360	0.000022	0.185633	0.000016	0.175638	16.000000	-12.000000	1.130000	24.199574
245.488861	284.483856	84.362869	36.456516	288.719330	7.014670	336.574463	0.325962	-0.000012	0.000000	0.180090	0.170360	0.000022	0.185633	0.000016	0.175638	16.000000	-12.000000	1.130000	24.151432
245.488861	282.560394	84.001572	37.157604	287.006073	7.209521	335.134033	0.325962	-0.000012	0.000000	0.180090	0.170360	0.000022	0.000021	0.000016	0.175638	16.000000	-12.000000	1.130000	24.091437
243.683777	281.790955	83.278976	35.045410	284.323792	7.014670	333.693665	0.488959	-0.000012	0.000000	0.180090	0.170360	0.000022	0.185633	0.000016	0.175638	16.000000	-12.000000	1.130000	24.045642
204.152847	268.518921	103.511604	31.023092	271.448761	6.430117	307.926392	0.488959	-0.000012	0.000000	0.180090	0.170360	0.000022	0.000021	0.000016	0.175638	16.000000	-8.000000	1.130000	23.100254
202.889313	267.749512	102.608368	30.847820	270.018158	6.040416	307.214844	0.325962	-0.000012	0.000000	0.180090	0.170360	0.000022	0.000021	0.000016	0.175638	16.000000	-8.000000	1.130000	23.087921
202.167282	266.018372	104.776146	32.775810	270.912292	6.235266	306.325989	0.325962	-0.000012	0.000000	0.180090	-0.000013	0.000022	0.000021	0.000016	0.175638	16.000000	-8.000000	1.130000	23.046345
200.903748	265.056641	104.414848	32.249992	270.554626	6.430117	305.685791	0.325962	-0.000012	0.000000	0.180090	0.170360	0.000022	0.185633	0.000016	0.175638	16.000000	-8.000000	1.130000	23.014258
166.788010	252.553955	122.660355	31.023092	259.579224	6.040416	287.440674	0.325962	-0.000012	0.000000	0.180090	0.170360	0.000022	0.185633	0.000016	0.175638	16.000000	-4.000000	1.130000	22.317114
166.607513	252.361603	121.937752	30.489502	258.573700	5.845565	286.800476	0.325962	-0.000012	0.000000	0.180090	0.170360	0.000022	0.000021	0.000016	0.175638	16.000000	-4.000000	1.130000	22.299447
167.690536	251.784561	121.576454	30.497274	258.573700	6.040416	286.320343	0.325962	-0.000012	0.000000	0.180090	0.170360	0.000022	0.185633	0.000016	0.175638	16.000000	-4.000000	1.130000	22.272644
166.607513	250.245773	120.311920	30.146732	255.891403	6.235266	285.773804	0.325962	-0.000012	0.000000	0.180090	0.170360	0.000022	0.000021	0.000016	0.175638	16.000000	-4.000000	1.130000	22.243167
132.311264	236.011948	136.028351	31.198362	242.301071	5.455863	266.954926	0.488959	-0.000012	0.000000	0.180090	0.170360	0.000022	0.000021	0.000016	0.175638	16.000000	0.000000	1.130000	21.513488
133.935822	234.857880	133.679901	30.847820	240.334061	5.455863	266.954926	0.325962	0.159847	0.000000	0.180090	0.170360	0.000022	0.185633	0.000016	0.175638	16.000000	0.000000	1.130000	21.513488
132.672287	236.330704	134.041199	28.919828	241.406982	5.455863	266.954926	0.488959	-0.000012	0.000000	0.180090	0.170360	0.000022	0.185633	0.000016	0.175638	16.000000	0.000000	1.130000	21.513488
133.394318	236.715286	134.583145	30.146732	241.406982	5.261012	267.595093	0.488959	-0.000012	0.000000	0.180090	0.170360	0.000022	0.185633	0.000016	0.175638	16.000000	0.000000	1.130000	21.547810
114.982651	250.822815	166.015976	32.425266	255.176132	5.845565	285.360107	0.488959	-0.000012	0.000000	0.180090	0.170360	0.000022	0.185633	0.000016	0.175638	16.000000	4.000000	1.130000	22.242213
115.343651	251.399872	165.654678	31.540865	255.824982	5.650713	286.000275	0.488959	-0.000012	0.000000	0.180090	0.170360	0.000022	0.185633	0.192580	0.175638	16.000000	4.000000	1.130000	22.275410
116.968216	252.553955	166.015976	31.899450	257.791473	5.650713	286.960541	0.488959	0.159847	0.000000	0.180090	0.170360	0.000022	0.185633	0.000016	0.175638	16.000000	4.000000	1.130000	22.313527
116.607201	252.746307	165.835342	31.373634	255.824982	5.650713	287.373871	0.325962	-0.000012	0.000000	0.180090	0.170360	0.000022	0.000021	0.000016	0.175638	16.000000	4.000000	1.130000	22.329913
92.058311	263.133148	199.435959	35.930702	263.759491	6.040416	302.414612	0.325962	-0.000012	0.000000	0.180090	0.170360	0.000022	0.185633	0.000016	0.175638	16.000000	8.000000	1.130000	22.903190
92.058311	263.902527	197.087524	32.775810	263.223022	6.040416	303.214661	0.488959	-0.000012	0.000000	0.180090	-0.000013	0.000022	0.185633	0.000016	0.175638	16.000000	8.000000	1.130000	22.934082
91.336288	265.559540	198.532715	32.249992	263.938293	6.235266	303.605225	0.325962	-0.000012	0.000000	0.180090	-0.000013	-0.169410	0.185633	0.000016	0.175638	16.000000	8.000000	1.130000	22.941633
90.975273	264.864288	199.255310	33.476898	265.299957	6.040416	304.085358	0.325962	-0.000012	0.000000	0.180090	0.170360	0.000022	0.185633	0.000016	0.175638	16.000000	8.000000	1.130000	22.967655
60.650177	267.941864	228.701035	34.528526	262.260834	6.430117	314.488251	0.488959	-0.000012	0.000000	0.180090	0.170360	0.000022	0.000021	0.000016	0.175638	16.000000	12.000000	1.130000	23.350281
61.011192	267.557159	227.075165	34.169270	261.077179	6.235266	314.735199	0.488959	-0.000012	0.000000	0.180090	0.170360	0.000022	0.000021	0.000016	0.175638	16.000000	12.000000	1.130000	23.367019
60.108662	268.903595	229.242950	34.002708	261.792450	6.235266	315.375244	0.488959	-0.000012	0.000000	0.180090	0.170360	0.000022	0.185633	0.192580	0.175638	16.000000	12.000000	1.130000	23.391247
62.816257	270.057709	228.159073	33.126350	264.048584	6.430117	315.768616	0.325962	-0.000012	0.000000	0.180090	0.170360	0.000022	0.000021	0.192580	0.175638	16.000000	12.000000	1.130000	23.398756
27.075968	268.326569	256.159576	29.971458	251.599731	6.624968	326.415771	0.325962	-0.000012	0.000000	0.180090	0.170360	0.000022	0.000021	0.000016	0.175638	16.000000	16.000000	1.130000	23.790784
26.895460	270.057709	255.978943	29.445644	253.387924	7.014670	326.811737	0.488959	-0.000012	0.000000	0.180090	-0.000013	0.000022	0.000021	0.000016	0.175638	16.000000	16.000000	1.130000	23.791017
26.173437	268.518921	256.882172	29.796190	253.387924	6.819819	327.131805	0.488959	-0.000012	0.000000	0.180090	0.170360	0.000022	0.000021	0.000016	0.175638	16.000000	16.000000	1.130000	23.810163
25.992929	269.673004	256.159576	28.919828	251.891968	6.819819	327.611938	0.488959	-0.000012	0.000000	0.180090	0.170360	0.000022	0.000021	0.000016	0.175638	16.000000	16.000000	1.130000	23.828001
-19.098667	265.826019	281.269745	-3.496540	229.724030	7.014670	337.534729	0.325962	-0.000012	0.000000	0.180090	0.170360	0.000022	0.000021	0.000016	0.351312	16.000000	20.000000	1.130000	24.186592
-16.576199	264.864288	280.366486	-1.573443	231.869324	7.014670	337.854828	0.325962	-0.000012	0.000000	0.180090	0.170360	0.000022	0.000021	0.000016	0.175638	16.000000	20.000000	1.130000	24.198301
-17.657257	265.826019	282.353607	-0.874134	232.465988	6.819819	338.174927	0.325962	-0.000012	0.000000	0.180090	-0.000013	0.000022	0.185633	0.000016	0.175638	16.000000	20.000000	1.130000	24.217126
-18.558140	265.826019	280.366486	-5.419637	229.068405	6.819819	338.416351	0.325962	-0.000012	0.000000	0.180090	0.170360	0.000022	0.000021	0.000016	0.175638	16.000000	20.000000	1.130000	24.225947
-68.106567	254.862137	300.599121	-48.601913	196.293381	7.209521	346.337189	0.488959	-0.000012	0.000000	0.180090	0.170360	0.000022	0.185633	0.000016	0.175638	16.000000	24.000000	1.130000	24.499509
-65.764275	255.246841	300.599121	-49.301224	196.650925	7.209521	346.657288	0.488959	-0.000012	0.000000	0.180090	0.170360	0.000022	0.185633	0.000016	0.175638	16.000000	24.000000	1.130000	24.511069
-67.385857	256.400909	300.779755	-50.000530	196.650925	7.404373	346.817322	0.488959	-0.000012	0.000000	0.180090	0.170360	0.000022	0.185633	0.000016	0.175638	16.000000	24.000000	1.130000	24.509813
-68.286743	256.016235	301.863647	-49.825706	196.880814	6.819819	347.297485	0.325962	0.159847	0.000000	0.360219	0.170360	0.000022	0.185633	0.000016	0.175638	16.000000	24.000000	1.130000	24.548225
-109.547066	218.892914	285.785950	-96.154861	137.154938	6.624968	320.409912	0.488959	-0.000012	0.000000	0.180090	0.170360	0.000022	0.185633	0.192580	0.175638	16.000000	28.000000	1.130000	23.566323
-108.105659	217.738831	285.424652	-93.707291	138.013184	6.819819	319.289581	0.488959	-0.000012	0.000000	0.180090	0.170360	0.000022	0.185633	0.000016	0.175638	16.000000	28.000000	1.130000	23.516884
-110.447952	217.738831	285.605286	-96.154861	135.009094	6.430117	318.329346	0.325962	0.159847	0.000000	0.180090	0.170360	0.000022	0.185633	0.192580	0.175638	16.000000	28.000000	1.130000	23.495405
-107.925484	216.584732	283.437531	-92.658325	136.260849	6.430117	317.369080	0.488959	0.159847	0.000000	0.180090	0.170360	0.000022	0.185633	0.000016	0.175638	16.000000	28.000000	1.130000	23.459208
-146.122818	179.846115	268.082397	-138.113358	78.144348	6.235266	294.482666	0.325962	-0.000012	0.000000	0.180090	0.170360	0.000022	0.000021	0.000016	0.175638	16.000000	32.000000	1.130000	22.586996
-144.140884	179.846115	265.553314	-137.588867	77.230171	6.040416	293.842468	0.488959	-0.000012	0.000000	0.180090	0.170360	0.000022	0.185633	0.000016	0.175638	16.000000	32.000000	1.130000	22.569541
-145.221939	178.449860	264.288788	-138.113358	74.389130	6.040416	293.042236	0.325962	0.159847	0.000000	0.180090	-0.000013	0.000022	0.185633	0.000016	0.175638	16.000000	32.000000	1.130000	22.538142
-145.221939	179.846115	264.469421	-136.539917	77.230171	6.235266	292.081970	0.325962	-0.000012	0.000000	0.180090	0.170360	0.000022	0.000021	0.000016	0.175638	16.000000	32.000000	1.130000	22.492741
-174.770813	148.300903	250.198181	-174.127731	23.961901	5.650713	276.013336	0.488959	-0.000012	0.000000	0.180090	0.170360	0.000022	0.185633	0.000016	0.175638	16.000000	36.000000	1.130000	21.875052
-176.932922	145.800369	249.836899	-175.875992	21.279600	5.261012	275.277252	0.488959	0.159847	0.000000	0.180090	0.170360	0.000022	0.185633	0.000016	0.175638	16.000000	36.000000	1.130000	21.861035
-176.032043	145.608017	248.211060	-176.050827	20.201403	5.650713	274.797119	0.488959	-0.000012	0.000000	0.180090	0.170360	0.000022	0.000021	0.000016	0.175638	16.000000	36.000000	1.130000	21.825794
-177.113098	146.569763	249.294937	-175.875992	21.637241	5.455863	273.996918	0.325962	-0.000012	0.000000	0.180090	0.170360	0.000022	0.185633	0.000016	0.175638	16.000000	36.000000	1.130000	21.801236
-217.112198	119.415268	246.946503	-219.233109	-36.206490	5.261012	274.797119	0.488959	-0.000012	0.000000	0.180090	0.170360	0.000022	0.000021	0.000016	0.175638	16.000000	40.000000	1.130000	21.841590
-219.995026	122.718513	248.211060	-222.379974	-34.244560	5.455863	275.757385	0.488959	-0.000012	0.000000	0.180090	0.170360	0.000022	0.185633	0.000016	0.175638	16.000000	40.000000	1.130000	21.872580
-220.175186	120.795029	248.030411	-222.554825	-37.098270	5.455863	276.333344	0.488959	-0.000012	0.000000	0.180090	0.170360	0.000022	0.000021	0.000016	0.175638	16.000000	40.000000	1.130000	21.895871
-217.112198	122.141479	247.127151	-220.981384	-35.849773	5.650713	277.037750	0.325962	-0.000012	0.000000	0.180090	-0.000013	0.000022	0.000021	0.000016	0.175638	16.000000	40.000000	1.130000	21.916455
-267.201141	99.031990	250.740128	-274.653259	-100.593391	6.040416	291.121704	0.488959	-0.000012	0.000000	0.180090	0.170360	0.000022	0.185633	0.192580	0.175638	16.000000	44.000000	1.130000	22.462606
-272.426270	98.867264	252.546600	-276.926025	-102.020248	6.040416	291.761871	0.325962	-0.000012	0.000000	0.180090	0.170360	0.000022	0.000021	0.000016	0.175638	16.000000	44.000000	1.130000	22.487812
-272.065918	98.674919	252.907913	-277.625305	-102.733673	5.845565	292.242035	0.488959	-0.000012	0.000000	0.180090	0.170360	0.000022	0.185633	0.000016	0.175638	16.000000	44.000000	1.130000	22.514361
-271.705536	99.059616	252.727280	-276.576385	-102.376961	6.235266	293.042236	0.488959	0.159847	0.000000	0.180090	0.170360	0.000022	0.185633	0.000016	0.175638	16.000000	44.000000	1.130000	22.530490
272.925842	115.216919	-314.277679	-298.779388	-48.882496	6.430117	311.127319	0.325962	-0.000012	0.000000	0.180090	0.170360	0.000022	0.185633	0.000016	0.175638	20.000000	-44.000000	1.130000	23.222556
272.203796	115.761658	-314.458099	-300.178009	-48.869839	6.235266	311.447418	0.488959	-0.000012	0.000000	0.180090	0.170360	0.000022	0.000021	0.000016	0.175638	20.000000	-44.000000	1.130000	23.242171
272.023285	116.178658	-314.818909	-300.527679	-48.869839	6.819819	312.087585	0.325962	-0.000012	0.000000	0.180090	0.170360	0.000022	0.185633	0.000016	0.175638	20.000000	-44.000000	1.130000	23.244288
273.106354	117.332748	-313.195190	-298.254944	-47.442986	6.235266	312.407654	0.325962	-0.000012	0.000000	0.180090	0.170360	0.000022	0.000021	0.000016	0.175638	20.000000	-44.000000	1.130000	23.278704
287.907898	153.109634	-280.360229	-263.813995	7.152822	6.819819	323.450775	0.488959	-0.000012	0.000000	0.180090	0.170360	0.000022	0.185633	0.000016	0.175638	20.000000	-40.000000	1.130000	23.672954
286.283325	153.686676	-279.458160	-263.639191	6.793382	6.624968	323.770844	0.325962	-0.000012	0.000000	0.180090	0.170360	0.000022	0.185633	0.000016	0.175638	20.000000	-40.000000	1.130000	23.692196
286.463837	151.913147	-279.819000	-262.939850	7.331643	6.819819	324.090973	0.488959	-0.000012	0.000000	0.180090	0.170360	0.000022	0.185633	0.192580	0.175638	20.000000	-40.000000	1.130000	23.696874
289.893433	153.686676	-281.442688	-262.939850	8.046922	6.430117	324.411041	0.325962	-0.000012	0.000000	0.180090	0.170360	0.000022	0.185633	0.192580	0.175638	20.000000	-40.000000	1.130000	23.723366
299.099274	187.924759	-242.473694	-225.352036	59.010616	6.624968	333.693665	0.325962	-0.000012	0.000000	0.180090	-0.000013	0.000022	0.000021	0.000016	0.175638	20.000000	-36.000000	1.130000	24.059980
298.557770	188.501816	-240.850006	-223.254120	60.977634	6.624968	333.693665	0.325962	-0.000012	0.000000	0.180090	0.170360	0.000022	0.000021	0.000016	0.175638	20.000000	-36.000000	1.130000	24.059980
298.016235	188.117111	-244.638641	-229.722733	57.043594	6.819819	334.173798	0.488959	-0.000012	0.000000	0.180090	0.170360	0.000022	0.000021	0.192580	0.175638	20.000000	-36.000000	1.130000	24.070471
299.640808	188.886505	-244.458221	-227.799622	58.831799	6.624968	334.653931	0.488959	-0.000012	0.000000	0.180090	0.170360	0.000022	0.185633	0.000016	0.175638	20.000000	-36.000000	1.130000	24.095274
303.792450	221.908554	-197.551132	-182.694260	109.974304	6.819819	343.936523	0.325962	-0.000012	0.000000	0.180090	-0.000013	0.000022	0.000021	0.000016	0.175638	20.000000	-32.000000	1.130000	24.426762
305.056000	221.393448	-194.303711	-178.148743	113.371887	7.014670	344.416656	0.325962	-0.000012	0.000000	0.180090	0.170360	0.000022	0.185633	0.000016	0.175638	20.000000	-32.000000	1.130000	24.437096
305.056000	224.086334	-193.762482	-177.099792	115.160080	7.404373	344.736755	0.488959	-0.000012	0.000000	0.180090	-0.000013	0.000022	0.000021	0.000016	0.175638	20.000000	-32.000000	1.130000	24.434576
305.958527	221.585800	-198.994431	-182.519424	109.795486	7.014670	345.136688	0.325962	-0.000012	0.000000	0.180090	0.170360	0.000022	0.185633	0.000016	0.175638	20.000000	-32.000000	1.130000	24.463157
277.980042	228.831177	-132.422409	-119.581696	143.056000	6.819819	321.370178	0.488959	-0.000012	0.000000	0.180090	0.170360	0.000022	0.185633	0.000016	0.175638	20.000000	-28.000000	1.130000	23.595048
278.521545	229.279770	-131.700760	-117.658600	143.413635	7.014670	320.175476	0.488959	-0.000012	0.000000	0.180090	0.170360	0.000022	0.185633	0.000016	0.175638	20.000000	-28.000000	1.130000	23.542874
276.716492	227.933304	-129.716217	-116.259972	143.912720	6.819819	319.055420	0.488959	-0.000012	0.000000	0.180090	0.170360	0.000022	0.185633	0.000016	0.175638	20.000000	-28.000000	1.130000	23.508070
276.174957	226.779221	-129.716217	-115.385834	143.733948	6.624968	317.689178	0.325962	-0.000012	0.000000	0.180090	0.170360	0.000022	0.000021	0.000016	0.175638	20.000000	-28.000000	1.130000	23.463932
247.113403	228.895050	-71.803970	-65.210480	166.123779	6.040416	294.962799	0.488959	0.159847	0.000000	0.180090	0.170360	0.000022	0.185633	0.000016	0.175638	20.000000	-24.000000	1.130000	22.613427
245.849869	226.394516	-74.329735	-66.958755	163.220261	6.430117	294.322601	0.488959	-0.000012	0.000000	0.180090	0.170360	0.000022	0.185633	0.192580	0.175638	20.000000	-24.000000	1.130000	22.573086
244.947327	225.432770	-71.082321	-63.986694	164.829224	6.040416	293.614197	0.488959	-0.000012	0.000000	0.180090	0.170360	0.000022	0.000021	0.192580	0.175638	20.000000	-24.000000	1.130000	22.560589
244.586319	225.817474	-70.901909	-63.986694	164.514404	5.845565	292.814148	0.325962	-0.000012	0.000000	0.180090	0.170360	0.000022	0.185633	0.000016	0.175638	20.000000	-24.000000	1.130000	22.536837
220.578949	226.394516	-20.927792	-30.769558	181.144653	5.650713	276.333344	0.325962	-0.000012	0.000000	0.180090	0.170360	0.000022	0.185633	0.192580	0.175638	20.000000	-20.000000	1.130000	21.887994
218.954407	226.586868	-22.551498	-33.391964	178.998810	5.455863	275.853302	0.488959	-0.000012	0.000000	0.180090	0.170360	0.000022	0.185633	0.000016	0.175638	20.000000	-20.000000	1.130000	21.876460
220.037430	226.779221	-20.747377	-31.294039	181.144653	5.261012	275.117218	0.325962	-0.000012	0.000000	0.180090	0.170360	0.000022	0.185633	0.192580	0.175638	20.000000	-20.000000	1.130000	21.854555
219.495911	226.202164	-22.551498	-32.517830	179.131104	5.455863	274.477020	0.325962	-0.000012	0.000000	0.180090	0.170360	0.000022	0.000021	0.000016	0.175638	20.000000	-20.000000	1.130000	21.820716
206.499451	237.743088	17.884222	-13.461682	198.617432	5.650713	275.597351	0.488959	-0.000012	0.000000	0.180090	0.170360	0.000022	0.185633	0.000016	0.175638	20.000000	-16.000000	1.130000	21.858217
206.499451	238.512482	17.161627	-13.636507	199.511307	5.845565	276.237549	0.488959	-0.000012	0.000000	0.180090	0.170360	0.000022	0.000021	0.000016	0.175638	20.000000	-16.000000	1.130000	21.876241
206.679947	238.897202	17.522926	-13.811335	199.868851	5.650713	276.877716	0.488959	0.159847	0.000000	0.180090	0.170360	0.000022	0.185633	0.192580	0.175638	20.000000	-16.000000	1.130000	21.909992
207.762985	240.435989	18.064871	-13.811335	200.457199	5.650713	277.677917	0.488959	-0.000012	0.000000	0.180090	0.170360	0.000022	0.185633	0.192580	0.175638	20.000000	-16.000000	1.130000	21.942289
201.084244	261.786713	52.207436	-8.566523	228.174301	5.845565	293.522369	0.488959	0.159847	0.167562	0.180090	0.170360	0.000022	0.185633	0.000016	0.175638	20.000000	-12.000000	1.130000	22.564630
200.001205	263.133148	50.220303	-11.888236	226.327332	5.845565	294.322601	0.488959	-0.000012	0.000000	0.180090	0.170360	0.000022	0.185633	0.192580	0.175638	20.000000	-12.000000	1.130000	22.595992
200.542725	263.325500	52.388084	-9.790313	228.889587	5.845565	295.054260	0.325962	-0.000012	0.000000	0.180090	0.170360	0.000022	0.000021	0.192580	0.175638	20.000000	-12.000000	1.130000	22.624629
200.362228	263.710205	51.665493	-11.014102	229.008942	5.845565	295.442902	0.488959	-0.000012	0.167562	0.360219	0.170360	0.000022	0.000021	0.000016	0.175638	20.000000	-12.000000	1.130000	22.639825
188.268280	282.752716	81.291840	-11.538583	247.844513	6.430117	308.814941	0.325962	-0.000012	0.000000	0.180090	0.170360	0.000022	0.185633	0.000016	0.175638	20.000000	-8.000000	1.130000	23.134269
187.365753	281.983307	82.014442	-11.538583	249.746689	6.430117	309.206787	0.325962	-0.000012	0.000000	0.180090	0.170360	0.000022	0.185633	0.000016	0.175638	20.000000	-8.000000	1.130000	23.149253
188.448792	282.175659	82.737038	-9.790313	250.347977	6.430117	309.526855	0.488959	-0.000012	0.000000	0.180090	0.170360	0.000022	0.000021	0.000016	0.175638	20.000000	-8.000000	1.130000	23.161485
187.546249	282.560394	82.195091	-11.713411	249.210358	6.430117	310.006989	0.488959	-0.000012	0.000000	0.180090	0.170360	0.000022	0.185633	0.000016	0.175638	20.000000	-8.000000	1.130000	23.179823
167.149033	295.255402	112.002083	-10.664450	263.512238	6.819819	319.609711	0.488959	-0.000012	0.000000	0.180090	0.170360	0.000022	0.185633	0.000016	0.175638	20.000000	-4.000000	1.130000	23.528927
168.593079	296.409485	112.905334	-9.440660	264.406097	7.014670	320.249878	0.488959	-0.000012	0.000000	0.180090	0.170360	0.000022	0.185633	0.000016	0.175638	20.000000	-4.000000	1.130000	23.545670
169.495605	297.371216	110.918190	-11.713411	264.832397	6.624968	320.655487	0.325962	-0.000012	0.000000	0.180090	0.170360	0.000022	0.185633	0.000016	0.175638	20.000000	-4.000000	1.130000	23.575543
168.773590	297.178894	111.460144	-10.664450	264.227325	6.624968	320.890045	0.325962	-0.000012	0.000000	0.180090	0.170360	0.000022	0.185633	0.000016	0.175638	20.000000	-4.000000	1.130000	23.584346
144.405212	306.988678	142.531677	-9.265831	273.594574	6.819819	330.972900	0.488959	-0.000012	0.000000	0.180090	-0.000013	0.000022	0.000021	0.000016	0.175638	20.000000	0.000000	1.130000	23.952500
145.668747	308.142761	143.796234	-7.867215	274.131042	7.014670	331.536011	0.488959	-0.000012	0.000000	0.180090	0.170360	0.169809	0.185633	0.000016	0.175638	20.000000	0.000000	1.130000	23.966102
144.405212	309.296844	144.880127	-9.265831	275.311310	7.014670	332.016052	0.325962	-0.000012	0.000000	0.180090	0.170360	0.000022	0.000021	0.000016	0.351312	20.000000	0.000000	1.130000	23.983821
144.766220	308.719818	144.699463	-9.091006	276.098053	7.209521	332.496063	0.325962	-0.000012	0.000000	0.180090	0.170360	0.000022	0.185633	0.000016	0.175638	20.000000	0.000000	1.130000	23.994340
117.329224	315.451996	175.771011	-9.965140	278.422699	7.014670	341.296478	0.488959	0.159847	0.000000	0.180090	0.170360	0.000022	0.185633	0.000016	0.175638	20.000000	4.000000	1.130000	24.323840
114.621620	315.836700	177.216187	-10.664450	277.814117	7.014670	341.695892	0.488959	-0.000012	0.000000	0.180090	0.170360	0.000022	0.185633	0.192580	0.175638	20.000000	4.000000	1.130000	24.338367
115.163147	317.183136	175.771011	-11.538583	278.243896	6.819819	342.336060	0.488959	-0.000012	0.000000	0.180090	0.170360	0.000022	0.185633	0.000016	0.175638	20.000000	4.000000	1.130000	24.368710
115.343651	317.183136	177.216187	-11.188931	280.747375	6.819819	342.496124	0.488959	-0.000012	0.000000	0.180090	0.170360	0.000022	0.000021	0.000016	0.175638	20.000000	4.000000	1.130000	24.374522
80.505898	304.103424	198.352066	-10.489621	265.905304	7.209521	331.856018	0.488959	0.159847	0.167562	0.360219	0.170360	0.000022	0.185633	0.192580	0.175638	20.000000	8.000000	1.130000	23.970723
79.603363	303.141693	196.545593	-13.112026	263.401855	7.014670	330.735992	0.488959	0.159847	0.000000	0.180090	0.170360	0.000022	0.185633	0.192580	0.175638	20.000000	8.000000	1.130000	23.936543
78.700829	302.179962	195.822998	-11.363755	261.009430	7.014670	329.615936	0.488959	-0.000012	0.000000	0.180090	0.170360	0.000022	0.185633	0.192580	0.175638	20.000000	8.000000	1.130000	23.895097
77.256775	301.218201	196.184296	-12.762373	261.256012	7.014670	328.412170	0.488959	0.159847	0.000000	0.180090	0.170360	0.000022	0.185633	0.000016	0.175638	20.000000	8.000000	1.130000	23.850474
41.696995	275.828156	204.132812	-11.014102	229.724030	5.845565	305.525726	0.325962	-0.000012	0.000000	0.180090	0.170360	0.000022	0.185633	0.000016	0.175638	20.000000	12.000000	1.130000	23.030575
39.350414	275.635803	203.952179	-11.538583	229.068405	6.040416	304.885559	0.488959	-0.000012	0.000000	0.180090	0.170360	0.000022	0.000021	0.192580	0.175638	20.000000	12.000000	1.130000	22.998467
40.252945	274.674072	204.313477	-10.314795	229.783707	6.235266	304.334686	0.325962	-0.000012	0.000000	0.180090	0.170360	0.000022	0.000021	0.000016	0.175638	20.000000	12.000000	1.130000	22.969754
40.433449	273.135284	201.423096	-12.762373	227.280212	5.845565	303.285095	0.488959	-0.000012	0.000000	0.180090	0.170360	0.000022	0.185633	0.000016	0.175638	20.000000	12.000000	1.130000	22.944317
6.498225	247.168198	207.023193	-11.538585	196.165527	5.845565	282.573669	0.488959	-0.000012	0.000000	0.180090	0.170360	0.000022	0.000021	0.000016	0.175638	20.000000	16.000000	1.130000	22.131070
4.332148	247.360519	206.481247	-12.937201	195.220734	5.650713	281.679047	0.325962	-0.000012	0.000000	0.180090	0.170360	0.000022	0.185633	0.000016	0.175638	20.000000	16.000000	1.130000	22.103070
7.581264	245.821732	205.939301	-10.839275	197.008469	5.650713	281.133575	0.325962	-0.000012	0.000000	0.180090	0.170360	0.000022	0.185633	0.000016	0.175638	20.000000	16.000000	1.130000	22.081220
5.776199	245.052338	204.132812	-12.937201	192.002808	5.845565	280.333557	0.325962	-0.000012	0.000000	0.180090	0.170360	0.000022	0.000021	0.000016	0.175638	20.000000	16.000000	1.130000	22.041313
-28.467821	225.432770	207.023193	-37.587814	161.653275	5.261012	266.794891	0.488959	-0.000012	0.000000	0.180090	0.170360	0.000022	0.185633	0.000016	0.175638	20.000000	20.000000	1.130000	21.514921
-27.026411	224.855728	208.107086	-36.538853	163.220261	5.845565	267.435059	0.488959	-0.000012	0.000000	0.180090	0.170360	0.000022	0.185633	0.000016	0.175638	20.000000	20.000000	1.130000	21.517209
-27.206593	225.048080	207.203842	-36.888500	160.938004	5.845565	268.075226	0.488959	-0.000012	0.000000	0.180090	0.170360	0.000022	0.185633	0.000016	0.175638	20.000000	20.000000	1.130000	21.543522
-29.368702	227.548615	209.552277	-37.063332	162.547379	5.845565	268.715393	0.488959	-0.000012	0.000000	0.180090	0.170360	0.000022	0.185633	0.000016	0.175638	20.000000	20.000000	1.130000	21.569802
-70.629028	228.510345	233.036575	-76.224586	141.231125	5.845565	286.640442	0.488959	-0.000012	0.000000	0.180090	0.170360	0.000022	0.185633	0.000016	0.175638	20.000000	24.000000	1.130000	22.293096
-68.466919	228.895050	233.578537	-75.700104	142.661301	5.650713	287.280609	0.488959	-0.000012	0.000000	0.180090	0.170360	0.000022	0.185633	0.000016	0.175638	20.000000	24.000000	1.130000	22.326217
-70.088501	228.702698	234.120483	-77.273552	140.552521	5.845565	288.013916	0.488959	-0.000012	0.000000	0.360219	0.170360	0.000022	0.000021	0.000016	0.175638	20.000000	24.000000	1.130000	22.347551
-70.809204	231.203232	235.385010	-77.273552	143.413635	5.650713	288.721039	0.488959	-0.000012	0.000000	0.180090	0.170360	0.000022	0.000021	0.192580	0.175638	20.000000	24.000000	1.130000	22.383239
-116.213585	222.739899	251.282089	-125.001335	109.409416	6.040416	300.974548	0.488959	-0.000012	0.000000	0.180090	0.170360	0.000022	0.000021	0.000016	0.175638	20.000000	28.000000	1.130000	22.847480
-116.934280	222.932236	252.365967	-126.050293	108.722572	6.040416	301.774567	0.488959	-0.000012	0.000000	0.180090	0.170360	0.000022	0.185633	0.000016	0.175638	20.000000	28.000000	1.130000	22.878446
-119.096405	223.893982	252.546600	-125.700645	108.901398	6.040416	302.164795	0.488959	-0.000012	0.000000	0.180090	0.170360	0.000022	0.185633	0.000016	0.175638	20.000000	28.000000	1.130000	22.893535
-118.916222	224.663376	253.630508	-126.924431	110.124512	6.235266	302.644928	0.488959	0.159847	0.000000	0.180090	0.170360	0.000022	0.000021	0.000016	0.175638	20.000000	28.000000	1.130000	22.904560
-175.311340	211.776016	266.456573	-187.764236	62.765839	6.430117	314.255188	0.325962	-0.000012	0.000000	0.180090	0.170360	0.000022	0.185633	0.000016	0.175638	20.000000	32.000000	1.130000	23.341447
-175.491516	211.776016	265.733978	-187.939072	62.229374	6.430117	314.968414	0.488959	-0.000012	0.000000	0.360219	0.170360	0.000022	0.185633	0.000016	0.175638	20.000000	32.000000	1.130000	23.368472
-173.689758	213.507156	267.540436	-188.113892	63.838749	6.430117	315.535248	0.325962	-0.000012	0.000000	0.180090	0.170360	0.000022	0.185633	0.000016	0.175638	20.000000	32.000000	1.130000	23.389928
-176.032043	214.084198	268.804993	-184.442520	67.218857	6.624968	315.928650	0.325962	-0.000012	0.000000	0.180090	0.170360	0.000022	0.185633	0.000016	0.175638	20.000000	32.000000	1.130000	23.397439
-233.868561	194.079926	279.282593	-252.100586	7.868103	7.014670	327.055817	0.488959	-0.000012	0.000000	0.180090	0.170360	0.000022	0.185633	0.192580	0.175638	20.000000	36.000000	1.130000	23.800094
-230.625397	192.925827	277.656769	-248.429230	8.046922	6.624968	327.291870	0.488959	-0.000012	0.000000	0.180090	0.170360	0.000022	0.185633	0.192580	0.175638	20.000000	36.000000	1.130000	23.823351
-231.706451	195.426361	279.463226	-249.303360	10.371583	6.819819	327.451904	0.488959	-0.000012	0.000000	0.180090	0.170360	0.000022	0.185633	0.000016	0.175638	20.000000	36.000000	1.130000	23.822057
-235.129807	196.003403	279.282593	-254.897812	8.223572	6.624968	327.932037	0.488959	-0.000012	0.000000	0.180090	0.170360	0.000022	0.185633	0.000016	0.175638	20.000000	36.000000	1.130000	23.847119
-288.642090	169.843964	280.547150	-311.891418	-57.981060	6.819819	336.336243	0.488959	-0.000012	0.000000	0.180090	0.170360	0.000022	0.185633	0.000016	0.175638	20.000000	40.000000	1.130000	24.149843
-291.524933	169.651627	281.089081	-317.311066	-62.068264	6.430117	336.656281	0.488959	0.159847	0.167562	0.180090	0.170360	0.000022	0.185633	0.192580	0.175638	20.000000	40.000000	1.130000	24.175837
-291.705109	171.382767	284.702057	-313.639709	-54.769802	7.014670	337.214630	0.488959	-0.000012	0.000000	0.180090	0.170360	0.000022	0.185633	0.000016	0.175638	20.000000	40.000000	1.130000	24.174877
-289.542999	170.421021	283.979462	-315.737610	-57.624249	6.624968	337.374664	0.488959	0.159847	0.000000	0.180090	0.170360	0.000022	0.185633	0.192580	0.175638	20.000000	40.000000	1.130000	24.194993
-348.100220	141.184006	281.089081	-372.731232	-130.557373	7.404373	346.497223	0.488959	-0.000012	0.000000	0.180090	0.170360	0.000022	0.185633	0.000016	0.175638	20.000000	44.000000	1.130000	24.498252
-344.857056	141.568695	280.005188	-374.304657	-133.054382	7.014670	346.337189	0.325962	-0.000012	0.000000	0.180090	-0.000013	0.000022	0.000021	0.000016	0.175638	20.000000	44.000000	1.130000	24.506546
-343.956177	141.953400	278.921295	-373.605377	-131.483200	6.819819	345.376923	0.488959	-0.000012	0.000000	0.180090	0.170360	0.000022	0.185633	0.000016	0.175638	20.000000	44.000000	1.130000	24.478891
-344.136353	139.990845	278.921295	-369.409515	-129.308884	7.014670	344.256592	0.488959	-0.000012	0.000000	0.180090	0.170360	0.000022	0.185633	0.000016	0.175638	20.000000	44.000000	1.130000	24.431298
248.015930	134.259445	-327.086914	-333.569977	-68.667473	6.235266	305.134735	0.488959	-0.000012	0.000000	0.360219	0.170360	0.000022	0.185633	0.000016	0.175638	24.000000	-44.000000	1.130000	23.000557
247.654922	132.912994	-326.726105	-333.569977	-69.202545	6.040416	304.245392	0.488959	-0.000012	0.000000	0.180090	0.170360	0.000022	0.185633	0.192580	0.175638	24.000000	-44.000000	1.130000	22.973821
246.752380	133.490051	-325.282806	-332.695862	-69.024185	6.235266	303.445160	0.488959	-0.000012	0.167562	0.180090	0.170360	0.000022	0.185633	0.000016	0.175638	24.000000	-44.000000	1.130000	22.935458
246.752380	132.912994	-323.298279	-329.374146	-67.240616	6.040416	302.894653	0.488959	-0.000012	0.000000	0.180090	0.170360	0.000022	0.000021	0.000016	0.175638	24.000000	-44.000000	1.130000	22.921731
236.102509	152.917282	-266.468506	-272.380524	-15.877891	5.845565	285.039978	0.488959	-0.000012	0.000000	0.180090	0.170360	0.000022	0.185633	0.000016	0.175638	24.000000	-40.000000	1.130000	22.229472
235.019485	151.570847	-263.221069	-268.184662	-14.446926	5.650713	284.399811	0.488959	-0.000012	0.000000	0.180090	-0.000013	0.000022	0.185633	0.000016	0.175638	24.000000	-40.000000	1.130000	22.211736
235.921997	152.147873	-266.107697	-270.981903	-16.230494	5.650713	283.693695	0.488959	-0.000012	0.000000	0.180090	0.170360	0.169809	0.000021	0.000016	0.175638	24.000000	-40.000000	1.130000	22.183585
234.838974	150.416748	-263.221069	-267.310547	-14.803638	6.040416	283.213684	0.488959	-0.000012	0.000000	0.180090	0.170360	0.000022	0.185633	0.192580	0.175638	24.000000	-40.000000	1.130000	22.148864
223.467041	167.343430	-213.427383	-215.561722	26.994797	5.261012	267.915192	0.488959	-0.000012	0.000000	0.180090	0.170360	0.000022	0.185633	0.000016	0.175638	24.000000	-36.000000	1.130000	21.560952
221.481491	165.804642	-216.674805	-220.631714	21.810364	5.261012	266.954926	0.488959	0.159847	0.000000	0.180090	0.170360	0.000022	0.000021	0.000016	0.175638	24.000000	-36.000000	1.130000	21.521502
221.662003	164.458206	-211.442856	-213.288986	26.286560	5.261012	266.092834	0.488959	-0.000012	0.000000	0.180090	0.170360	0.000022	0.185633	0.000016	0.175638	24.000000	-36.000000	1.130000	21.486024
220.037430	164.265854	-212.525314	-216.086212	23.961901	5.261012	265.194427	0.488959	-0.000012	0.000000	0.180090	0.170360	0.000022	0.000021	0.000016	0.175638	24.000000	-36.000000	1.130000	21.448989
231.770355	195.426361	-187.448059	-188.288712	62.944656	5.845565	280.333557	0.488959	-0.000012	0.000000	0.180090	0.170360	0.000022	0.185633	0.000016	0.175638	24.000000	-32.000000	1.130000	22.041313
231.409363	196.388107	-187.267654	-188.813202	64.000923	6.040416	280.878845	0.488959	-0.000012	0.000000	0.180090	-0.000013	0.000022	0.185633	0.000016	0.175638	24.000000	-32.000000	1.130000	22.055378
230.145813	195.426361	-187.448059	-189.512497	62.229374	5.845565	281.519012	0.488959	0.159847	0.000000	0.180090	0.170360	0.000022	0.185633	0.000016	0.175638	24.000000	-32.000000	1.130000	22.088858
232.853394	197.157501	-186.906830	-187.764236	64.196396	5.650713	282.319214	0.488959	0.159847	0.000000	0.180090	0.170360	0.000022	0.000021	0.000016	0.175638	24.000000	-32.000000	1.130000	22.128686
239.712646	226.971558	-150.824417	-154.022614	105.297623	6.040416	297.454346	0.488959	-0.000012	0.000000	0.180090	0.170360	0.000022	0.185633	0.000016	0.175638	24.000000	-28.000000	1.130000	22.710722
239.893158	226.586868	-155.515137	-159.092590	102.437248	6.235266	298.003632	0.325962	-0.000012	0.000000	0.180090	-0.000013	0.000022	0.185633	0.000016	0.175638	24.000000	-28.000000	1.130000	22.724529
239.712646	228.510345	-152.989365	-157.519165	104.403755	6.040416	298.483765	0.488959	-0.000012	0.000000	0.180090	-0.000013	0.000022	0.000021	0.000016	0.175638	24.000000	-28.000000	1.130000	22.750799
240.795670	230.433838	-152.267731	-156.295380	106.370270	6.235266	298.963928	0.325962	-0.000012	0.000000	0.180090	-0.000013	0.000022	0.000021	0.000016	0.175638	24.000000	-28.000000	1.130000	22.761894
242.961761	255.631531	-108.427612	-123.253059	142.840073	6.430117	311.535034	0.488959	-0.000012	0.000000	0.180090	0.170360	0.000022	0.185633	0.192580	0.175638	24.000000	-24.000000	1.130000	23.238087
243.322769	255.054489	-107.345131	-121.155136	143.413635	6.430117	311.855072	0.488959	-0.000012	0.000000	0.180090	0.170360	0.000022	0.185633	0.192580	0.175638	24.000000	-24.000000	1.130000	23.250272
243.322769	255.246841	-106.262657	-120.805481	143.413635	6.430117	312.335083	0.488959	-0.000012	0.000000	0.180090	0.170360	0.000022	0.185633	0.000016	0.175638	24.000000	-24.000000	1.130000	23.268535
243.864288	255.246841	-107.345131	-122.728584	142.519547	6.819819	312.727783	0.488959	0.159847	0.000000	0.180090	0.170360	0.000022	0.185633	0.000016	0.175638	24.000000	-24.000000	1.130000	23.268649
238.810104	278.905731	-54.845245	-91.259712	178.104706	7.014670	322.490509	0.488959	0.159847	0.000000	0.180090	0.170360	0.000022	0.000021	0.000016	0.175638	24.000000	-20.000000	1.130000	23.629733
237.727066	279.482788	-57.731831	-94.581429	176.628281	6.819819	322.895599	0.488959	-0.000012	0.000000	0.180090	0.170360	0.000022	0.000021	0.000016	0.175638	24.000000	-20.000000	1.130000	23.652191
239.532135	281.213928	-59.175129	-94.581429	176.674164	7.014670	323.450775	0.488959	-0.000012	0.000000	0.180090	0.170360	0.000022	0.000021	0.192580	0.175638	24.000000	-20.000000	1.130000	23.665669
238.449097	278.521027	-57.010185	-92.133850	176.674164	6.819819	323.695648	0.488959	-0.000012	0.000000	0.180090	0.170360	0.000022	0.185633	0.000016	0.175638	24.000000	-20.000000	1.130000	23.682106
228.882263	301.987610	-15.515430	-73.077705	205.821808	6.819819	333.693665	0.488959	-0.000012	0.000000	0.180090	0.170360	0.000022	0.185633	0.000016	0.175638	24.000000	-16.000000	1.130000	24.052812
229.965302	301.410522	-16.778315	-74.301491	205.947159	6.819819	334.416138	0.488959	-0.000012	0.000000	0.180090	0.170360	0.000022	0.185633	0.000016	0.175638	24.000000	-16.000000	1.130000	24.079379
227.979721	302.372284	-14.613371	-73.602180	207.198563	6.624968	334.736176	0.488959	-0.000012	0.000000	0.180090	0.170360	0.000022	0.185633	0.000016	0.175638	24.000000	-16.000000	1.130000	24.098295
228.340714	303.526398	-13.711311	-73.602180	207.788834	6.819819	335.134033	0.488959	0.159847	0.000000	0.180090	0.170360	0.000022	0.185633	0.000016	0.175638	24.000000	-16.000000	1.130000	24.105748
212.636658	319.876038	24.026272	-67.483238	230.439133	7.209521	343.696625	0.488959	0.159847	0.000000	0.180090	0.170360	0.000022	0.185633	0.000016	0.175638	24.000000	-12.000000	1.130000	24.403942
213.900208	318.337250	22.942379	-67.133583	229.902832	7.209521	343.936523	0.325962	-0.000012	0.000000	0.180090	0.170360	0.000022	0.185633	0.000016	-0.000035	24.000000	-12.000000	1.130000	24.412640
214.802750	318.721924	25.290810	-64.336342	230.975433	7.014670	344.336639	0.325962	-0.000012	0.000000	0.180090	0.170360	0.000022	0.000021	0.000016	0.175638	24.000000	-12.000000	1.130000	24.434198
214.441727	319.876038	22.039137	-68.357376	229.247238	7.209521	344.656647	0.488959	-0.000012	0.000000	0.180090	0.170360	0.000022	0.185633	0.192580	0.175638	24.000000	-12.000000	1.130000	24.438730
176.715866	305.257538	51.846138	-58.916710	226.028458	6.624968	323.375610	0.488959	0.159847	0.000000	0.180090	0.170360	0.000022	0.185633	0.000016	0.175638	24.000000	-8.000000	1.130000	23.677428
176.354858	303.911072	53.110680	-56.993614	226.028458	6.430117	322.095551	0.488959	-0.000012	0.000000	0.180090	0.170360	0.000022	0.000021	0.000016	0.175638	24.000000	-8.000000	1.130000	23.636833
176.174347	304.488129	52.930031	-57.343269	226.148560	6.624968	321.210144	0.488959	-0.000012	0.000000	0.180090	0.170360	0.000022	0.185633	0.192580	0.175638	24.000000	-8.000000	1.130000	23.596354
175.813339	304.103424	54.736515	-56.469131	226.684891	6.819819	320.175476	0.488959	-0.000012	0.000000	0.180090	0.170360	0.000022	0.185633	0.000016	0.175638	24.000000	-8.000000	1.130000	23.550197
138.990005	287.753784	79.124062	-47.902607	217.623917	6.235266	299.854492	0.488959	-0.000012	0.000000	0.180090	0.170360	0.000022	0.185633	0.000016	0.175638	24.000000	-4.000000	1.130000	22.796492
137.906967	285.830322	77.136932	-49.476048	214.528290	6.040416	299.214447	0.488959	-0.000012	0.000000	0.180090	0.170360	0.000022	0.185633	0.192580	0.175638	24.000000	-4.000000	1.130000	22.779203
138.628998	285.637970	77.498222	-49.126392	214.941620	5.845565	298.483765	0.488959	0.159847	0.000000	0.180090	0.170360	0.000022	0.185633	0.000016	0.175638	24.000000	-4.000000	1.130000	22.758377
137.906967	285.253235	78.040169	-48.077438	214.885834	6.040416	297.774384	0.488959	-0.000012	0.000000	0.180090	0.170360	0.000022	0.185633	0.000016	0.175638	24.000000	-4.000000	1.130000	22.723189
102.888702	266.595428	100.259941	-41.434006	202.245407	5.650713	277.197784	0.488959	-0.000012	0.000000	0.180090	0.170360	0.000022	0.185633	0.000016	0.175638	24.000000	0.000000	1.130000	21.922916
101.986168	265.633667	100.079292	-41.434006	202.371674	5.455863	276.557617	0.488959	0.159847	0.000000	0.180090	0.170360	0.000022	0.185633	0.000016	0.175638	24.000000	0.000000	1.130000	21.904933
102.166679	265.248993	98.995399	-41.608837	200.457199	5.650713	275.917450	0.488959	-0.000012	0.000000	0.180090	0.170360	0.000022	0.185633	0.000016	0.175638	24.000000	0.000000	1.130000	21.871172
102.166679	265.248993	99.717995	-40.734699	200.993683	5.650713	275.437286	0.488959	-0.000012	0.000000	0.180090	0.170360	0.000022	0.000021	0.000016	0.175638	24.000000	0.000000	1.130000	21.851735
73.827148	261.979065	121.395813	-43.007446	195.578278	5.261012	272.076355	0.488959	-0.000012	0.000000	0.180090	0.170360	0.000022	0.000021	0.000016	0.175638	24.000000	4.000000	1.130000	21.731073
73.646652	262.171387	121.757111	-44.056408	196.114609	5.261012	272.973175	0.488959	-0.000012	0.000000	0.180090	0.170360	0.000022	0.185633	0.000016	0.175638	24.000000	4.000000	1.130000	21.767564
73.827148	262.171387	122.118401	-43.007446	195.807892	5.650713	273.773224	0.488959	-0.000012	0.000000	0.180090	0.170360	0.000022	0.185633	0.000016	0.175638	24.000000	4.000000	1.130000	21.784240
73.646652	262.556091	123.563591	-42.308140	196.523163	5.455863	274.156952	0.325962	-0.000012	0.000000	0.180090	0.170360	0.000022	0.185633	0.000016	0.175638	24.000000	4.000000	1.130000	21.807731
42.780033	278.905731	155.357727	-51.748802	202.424225	5.845565	291.441772	0.488959	-0.000012	0.000000	0.180090	0.170360	0.000022	0.000021	0.000016	0.175638	24.000000	8.000000	1.130000	22.482883
44.585098	277.944000	153.551239	-51.224323	200.762711	5.650713	291.694092	0.488959	-0.000012	0.000000	0.180090	0.170360	0.000022	0.000021	0.000016	0.175638	24.000000	8.000000	1.130000	22.500477
44.946110	279.098083	156.080322	-49.301224	203.497147	6.040416	292.562103	0.488959	-0.000012	0.000000	0.180090	0.170360	0.000022	0.185633	0.192580	0.175638	24.000000	8.000000	1.130000	22.519282
44.404594	278.328705	155.357727	-51.399147	201.708954	5.650713	292.814148	0.488959	-0.000012	0.000000	0.180090	0.170360	0.000022	0.000021	0.000016	0.175638	24.000000	8.000000	1.130000	22.544486
8.303290	286.214996	184.984085	-59.091537	199.153763	6.235266	304.654724	0.488959	-0.000012	0.000000	0.180090	0.170360	0.000022	0.185633	0.000016	0.175638	24.000000	12.000000	1.130000	22.982081
9.386330	285.253235	182.635651	-59.790848	196.165527	6.430117	305.294739	0.488959	-0.000012	0.000000	0.180090	0.170360	0.000022	0.185633	0.000016	0.175638	24.000000	12.000000	1.130000	22.999216
10.830381	287.176727	184.080841	-59.266369	198.311371	6.430117	305.774780	0.488959	-0.000012	0.000000	0.180090	0.170360	0.000022	0.185633	0.000016	0.175638	24.000000	12.000000	1.130000	23.017679
8.844810	287.946136	184.080841	-61.713940	199.026657	6.235266	306.165924	0.488959	-0.000012	0.000000	0.180090	0.170360	0.000022	0.185633	0.000016	0.175638	24.000000	12.000000	1.130000	23.040198
-29.188528	291.793091	207.926437	-71.679085	186.818375	6.819819	317.689178	0.488959	-0.000012	0.000000	0.180090	-0.000013	0.000022	0.185633	0.000016	0.175638	24.000000	16.000000	1.130000	23.456582
-28.828175	292.370178	210.636169	-71.853912	188.655106	6.819819	318.415375	0.488959	-0.000012	0.000000	0.180090	0.170360	0.000022	0.185633	0.192580	0.175638	24.000000	16.000000	1.130000	23.483964
-31.530819	292.562500	211.720062	-69.930809	188.655106	6.624968	318.809479	0.488959	-0.000012	0.000000	0.180090	0.170360	0.000022	0.185633	0.000016	0.175638	24.000000	16.000000	1.130000	23.506147
-33.692928	293.139557	210.816818	-73.252525	186.509262	6.430117	319.215424	0.488959	-0.000012	0.000000	0.180090	0.170360	0.000022	0.185633	0.000016	0.175638	24.000000	16.000000	1.130000	23.528755
-75.854141	290.831360	233.939819	-96.504524	166.795746	6.819819	329.775940	0.488959	0.159847	0.000000	0.180090	0.170360	0.000022	0.185633	0.000016	0.175638	24.000000	20.000000	1.130000	23.908236
-75.673958	291.216064	233.759171	-95.980034	167.689606	6.819819	330.172668	0.488959	-0.000012	0.000000	0.180090	0.170360	0.000022	0.185633	0.000016	0.175638	24.000000	20.000000	1.130000	23.922916
-78.376602	291.793091	234.120483	-99.651413	165.408493	6.430117	330.255951	0.488959	-0.000012	0.000000	0.180090	0.170360	0.169809	0.185633	0.000016	0.175638	24.000000	20.000000	1.130000	23.940407
-80.718895	292.177826	235.565643	-97.728310	165.587311	6.624968	330.492737	0.488959	0.159847	0.000000	0.360219	0.170360	0.000022	0.185633	0.000016	0.175638	24.000000	20.000000	1.130000	23.941957
-126.303444	284.676208	250.559494	-137.588867	134.472641	7.209521	339.216400	0.325962	0.159847	0.000000	0.180090	0.170360	0.000022	0.185633	0.000016	0.175638	24.000000	24.000000	1.130000	24.240932
-129.906967	284.291504	253.088562	-143.008514	133.186310	7.014670	339.455261	0.488959	-0.000012	0.000000	0.180090	0.170360	0.000022	0.000021	0.000016	0.175638	24.000000	24.000000	1.130000	24.256760
-125.762917	286.022644	254.172470	-136.539917	137.870224	7.404373	339.935394	0.488959	-0.000012	0.000000	0.180090	0.170360	0.000022	0.000021	0.192580	0.175638	24.000000	24.000000	1.130000	24.260060
-127.024155	284.868561	255.256348	-139.861618	136.797302	7.209521	339.935394	0.488959	0.159847	0.000000	0.180090	0.170360	0.000022	0.185633	0.000016	0.175638	24.000000	24.000000	1.130000	24.267166
-179.455399	265.056641	258.508026	-188.288712	92.247154	6.819819	336.734497	0.488959	-0.000012	0.000000	0.180090	0.170360	0.000022	0.000021	0.000016	0.175638	24.000000	28.000000	1.130000	24.164432
-176.752762	262.556091	258.327362	-187.764236	90.280640	7.014670	335.294098	0.488959	-0.000012	0.000000	0.180090	0.170360	0.000022	0.185633	0.000016	0.175638	24.000000	28.000000	1.130000	24.104471
-179.455399	262.171387	255.256348	-189.162857	86.906532	6.430117	333.936157	0.488959	-0.000012	0.000000	0.180090	0.170360	0.000022	0.185633	0.000016	0.175638	24.000000	28.000000	1.130000	24.076061
-177.293289	262.171387	255.075699	-188.113892	89.231186	6.819819	332.893402	0.488959	-0.000012	0.000000	0.180090	-0.000013	0.000022	0.000021	0.000016	0.175638	24.000000	28.000000	1.130000	24.023351
-205.220566	219.277618	239.720581	-215.911392	39.866493	6.430117	306.165924	0.488959	-0.000012	0.000000	0.180090	0.170360	0.000022	0.000021	0.000016	0.175638	24.000000	32.000000	1.130000	23.032713
-207.022339	220.047012	238.275391	-217.135178	39.698059	6.040416	305.614746	0.488959	0.159847	0.000000	0.180090	0.170360	0.000022	0.185633	0.000016	0.175638	24.000000	32.000000	1.130000	23.026508
-208.283569	220.239365	237.010834	-218.533783	38.436306	6.040416	304.885559	0.488959	-0.000012	0.000000	0.180090	0.170360	0.000022	0.185633	0.000016	0.175638	24.000000	32.000000	1.130000	22.998467
-203.418808	219.085266	237.372147	-212.939331	40.592155	6.235266	303.925293	0.488959	0.159847	0.000000	0.180090	0.170360	0.000022	0.000021	0.000016	0.175638	24.000000	32.000000	1.130000	22.953976
-233.328049	185.424225	223.281555	-249.653015	-11.414855	5.650713	287.053864	0.488959	-0.000012	0.000000	0.180090	0.170360	0.000022	0.000021	0.000016	0.175638	24.000000	36.000000	1.130000	22.317228
-233.328049	184.847183	223.642853	-250.002670	-11.239408	5.845565	286.160309	0.488959	-0.000012	0.000000	0.180090	0.170360	0.000022	0.185633	0.000016	0.175638	24.000000	36.000000	1.130000	22.274028
-230.985764	184.270126	220.933121	-247.380249	-12.128282	5.650713	285.520142	0.488959	-0.000012	0.000000	0.180090	0.170360	0.000022	0.185633	0.000016	0.175638	24.000000	36.000000	1.130000	22.256327
-232.427170	183.885437	222.378311	-248.604034	-11.593212	5.650713	284.973755	0.488959	-0.000012	0.000000	0.180090	0.170360	0.000022	0.000021	0.000016	0.175638	24.000000	36.000000	1.130000	22.234591
-255.129364	151.570847	207.203842	-276.576385	-59.927982	5.650713	268.075226	0.488959	0.159847	0.000000	0.180090	0.170360	0.000022	0.185633	0.000016	0.175638	24.000000	40.000000	1.130000	21.551523
-252.787064	150.993790	205.397369	-274.478455	-59.214550	5.455863	267.532928	0.488959	0.159847	0.000000	0.180090	0.170360	0.000022	0.185633	0.000016	0.175638	24.000000	40.000000	1.130000	21.537251
-250.444778	150.801453	204.855408	-272.380524	-57.981060	5.455863	267.052887	0.488959	-0.000012	0.000000	0.180090	0.170360	0.000022	0.185633	0.000016	0.175638	24.000000	40.000000	1.130000	21.517518
-254.768997	150.032059	204.855408	-275.002930	-59.214550	5.261012	266.412872	0.488959	-0.000012	0.000000	0.180090	0.170360	0.000022	0.185633	0.000016	0.175638	24.000000	40.000000	1.130000	21.499202
-298.731964	132.720657	206.119949	-323.954498	-115.248512	5.455863	279.533508	0.488959	-0.000012	0.000000	0.180090	-0.000013	0.000022	0.000021	0.192580	0.175638	24.000000	44.000000	1.130000	22.024831
-300.894104	132.335968	206.119949	-328.150360	-118.816566	5.650713	280.398682	0.488959	-0.000012	0.000000	0.180090	0.170360	0.000022	0.000021	0.000016	0.175638	24.000000	44.000000	1.130000	22.051747
-301.614777	132.912994	207.203842	-329.723785	-118.072380	5.650713	280.718781	0.488959	-0.000012	0.000000	0.180090	0.170360	0.000022	0.000021	0.000016	0.175638	24.000000	44.000000	1.130000	22.064590
-301.254425	132.528305	206.842545	-327.975525	-118.964165	5.650713	281.358978	0.488959	-0.000012	0.000000	0.180090	0.170360	0.000022	0.000021	0.000016	0.175638	24.000000	44.000000	1.130000	22.090251
221.662003	150.416748	-347.112640	-363.815063	-93.815819	5.845565	300.724396	0.488959	-0.000012	0.000000	0.180090	0.170360	0.000022	0.000021	0.000016	0.175638	28.000000	-44.000000	1.130000	22.845338
223.828079	149.647354	-345.488953	-361.192657	-91.140472	6.040416	301.454559	0.488959	-0.000012	0.000000	0.180090	0.170360	0.000022	0.185633	0.000016	0.175638	28.000000	-44.000000	1.130000	22.866065
223.106049	150.801453	-349.097198	-365.738159	-96.134468	6.040416	301.684662	0.488959	-0.000012	0.000000	0.180090	0.170360	0.000022	0.185633	0.000016	0.175638	28.000000	-44.000000	1.130000	22.874968
223.467041	150.032059	-346.210602	-362.241608	-92.412888	6.040416	302.324860	0.488959	-0.000012	0.000000	0.360219	0.170360	0.000022	0.185633	0.000016	0.175638	28.000000	-44.000000	1.130000	22.899722
237.907578	184.462494	-321.313751	-338.814819	-46.194485	6.235266	313.455139	0.488959	-0.000012	0.000000	0.180090	0.170360	0.000022	0.185633	0.000016	0.175638	28.000000	-40.000000	1.130000	23.318490
236.102509	183.693085	-322.576630	-339.863770	-47.276863	6.235266	313.688049	0.488959	-0.000012	0.000000	0.180090	-0.000013	0.000022	0.185633	0.000016	0.175638	28.000000	-40.000000	1.130000	23.327328
237.546555	185.231888	-321.494171	-339.339264	-46.016129	6.235266	314.168152	0.488959	0.159847	0.000000	0.180090	0.170360	0.000022	0.185633	0.000016	0.175638	28.000000	-40.000000	1.130000	23.345534
238.268585	183.116043	-320.231262	-337.416168	-46.907909	6.235266	314.575195	0.488959	-0.000012	0.000000	0.180090	0.170360	0.000022	0.000021	0.000016	0.175638	28.000000	-40.000000	1.130000	23.360959
245.488861	216.200043	-295.514832	-308.045227	-1.962439	6.624968	324.251007	0.488959	-0.000012	0.000000	0.180090	0.170360	0.000022	0.185633	0.000016	0.175638	28.000000	-36.000000	1.130000	23.710124
247.654922	217.354126	-298.762238	-311.017273	-3.745500	6.624968	324.571106	0.488959	-0.000012	0.000000	0.180090	0.170360	0.000022	0.185633	0.000016	0.175638	28.000000	-36.000000	1.130000	23.722068
246.210861	217.354126	-298.942657	-311.017273	-3.923856	6.624968	324.731140	0.488959	-0.000012	0.000000	0.180090	-0.000013	0.000022	0.185633	0.000016	0.175638	28.000000	-36.000000	1.130000	23.728038
246.210861	216.392380	-292.808624	-306.296967	-0.535211	6.624968	325.295715	0.488959	-0.000012	0.000000	0.180090	0.170360	0.000022	0.185633	0.000016	0.175638	28.000000	-36.000000	1.130000	23.749085
252.528595	248.129944	-263.581909	-271.506378	42.190552	6.624968	335.216217	0.488959	-0.000012	0.000000	0.180090	0.170360	0.000022	0.185633	0.000016	0.175638	28.000000	-32.000000	1.130000	24.115917
252.889633	246.591125	-265.025177	-272.380524	40.949799	6.819819	335.536224	0.488959	-0.000012	0.167562	0.180090	0.170360	0.000022	0.185633	0.000016	0.175638	28.000000	-32.000000	1.130000	24.120509
252.167603	247.360519	-264.483948	-273.079834	39.330173	6.624968	336.176239	0.488959	-0.000012	0.000000	0.180090	0.170360	0.000022	0.185633	0.000016	0.175638	28.000000	-32.000000	1.130000	24.151120
254.875183	247.745239	-263.762299	-272.380524	40.413338	6.819819	336.414429	0.488959	-0.000012	0.000000	0.180090	-0.000013	0.000022	0.185633	0.000016	0.175638	28.000000	-32.000000	1.130000	24.152708
252.889633	276.789917	-219.922211	-231.296158	81.341965	6.819819	344.336639	0.488959	-0.000012	0.000000	0.180090	0.170360	0.000022	0.185633	0.000016	0.175638	28.000000	-28.000000	1.130000	24.441254
252.348083	275.443451	-220.102615	-230.771667	79.574913	7.209521	344.656647	0.488959	-0.000012	0.000000	0.180090	0.170360	0.000022	0.185633	0.000016	0.175638	28.000000	-28.000000	1.130000	24.438730
252.167603	275.828156	-216.313980	-230.422028	82.235840	7.209521	345.296692	0.488959	-0.000012	0.000000	0.180090	0.170360	0.000022	0.185633	0.000016	0.175638	28.000000	-28.000000	1.130000	24.461896
253.431152	274.097015	-219.380981	-231.121353	79.911774	7.209521	345.456696	0.488959	-0.000012	0.000000	0.180090	0.170360	0.000022	0.185633	0.000016	0.175638	28.000000	-28.000000	1.130000	24.467684
224.911102	271.981171	-145.412064	-168.533264	108.007286	6.624968	319.055420	0.488959	-0.000012	0.000000	0.180090	0.170360	0.000022	0.185633	0.000016	0.175638	28.000000	-24.000000	1.130000	23.515404
224.550079	271.211792	-143.788361	-166.959824	108.515556	6.624968	318.169281	0.488959	-0.000012	-0.167113	0.180090	0.170360	0.000022	0.185633	0.000016	0.175638	28.000000	-24.000000	1.130000	23.482033
224.189072	270.057709	-143.788361	-166.959824	107.979225	6.430117	317.209045	0.488959	-0.000012	0.000000	0.180090	0.170360	0.000022	0.185633	0.000016	0.175638	28.000000	-24.000000	1.130000	23.453170
222.745041	268.711243	-147.035767	-169.582230	104.609711	6.430117	316.088715	0.488959	-0.000012	0.000000	0.180090	0.170360	0.000022	0.185633	0.000016	0.175638	28.000000	-24.000000	1.130000	23.410859
197.835129	266.403076	-87.499817	-127.448906	126.604561	6.235266	296.814331	0.488959	-0.000012	0.000000	0.180090	0.170360	0.000022	0.185633	0.000016	0.175638	28.000000	-20.000000	1.130000	22.678167
196.391083	264.864288	-91.288467	-129.546829	122.670525	6.040416	295.602966	0.488959	-0.000012	0.000000	0.180090	0.170360	0.000022	0.185633	0.192580	0.175638	28.000000	-20.000000	1.130000	22.638465
196.030060	263.517853	-86.778160	-126.050293	125.531647	6.040416	294.734253	0.488959	-0.000012	0.000000	0.180090	0.170360	0.000022	0.185633	0.000016	0.175638	28.000000	-20.000000	1.130000	22.604481
195.488556	262.556091	-88.762695	-127.448906	123.206978	6.040416	293.614197	0.488959	0.159847	0.000000	0.180090	0.170360	0.000022	0.000021	0.000016	0.175638	28.000000	-20.000000	1.130000	22.560589
168.773590	256.400909	-47.989590	-105.071045	133.936188	5.650713	274.316986	0.488959	0.159847	0.000000	0.180090	0.170360	0.000022	0.185633	0.000016	0.351312	28.000000	-16.000000	1.130000	21.806318
166.788010	254.669800	-45.463825	-103.147949	133.936188	5.845565	273.613220	0.488959	-0.000012	0.000000	0.180090	0.170360	0.000022	0.185633	0.000016	0.175638	28.000000	-16.000000	1.130000	21.769820
167.871048	253.900391	-45.824646	-101.574509	133.578552	5.650713	273.133209	0.488959	-0.000012	0.000000	0.180090	0.170360	0.000022	0.000021	0.000016	0.175638	28.000000	-16.000000	1.130000	21.758224
167.690536	254.285095	-47.448353	-103.322784	132.863266	5.845565	272.493164	0.488959	0.159847	0.000000	0.180090	0.170360	0.000022	0.185633	0.000016	0.175638	28.000000	-16.000000	1.130000	21.724242
151.444962	264.094879	-15.335019	-97.553490	148.382065	5.650713	275.917450	0.488959	-0.000012	0.000000	0.180090	0.170360	0.000022	0.185633	0.000016	0.175638	28.000000	-12.000000	1.130000	21.871172
152.708511	264.479584	-15.335019	-96.329697	148.382065	5.650713	276.557617	0.488959	-0.000012	0.000000	0.180090	0.170360	0.000022	0.185633	0.000016	0.175638	28.000000	-12.000000	1.130000	21.897060
152.347488	265.441315	-14.974195	-97.553490	150.169785	5.845565	277.517883	0.488959	-0.000012	0.000000	0.180090	0.170360	0.000022	0.185633	0.000016	0.175638	28.000000	-12.000000	1.130000	21.927973
153.791534	266.403076	-14.252548	-96.679352	150.387619	5.845565	278.318115	0.488959	-0.000012	0.000000	0.180090	0.170360	0.000022	0.185633	0.000016	0.175638	28.000000	-12.000000	1.130000	21.960244
138.990005	285.637970	12.826064	-98.427620	165.723099	5.845565	293.842468	0.488959	-0.000012	0.000000	0.180090	0.170360	0.000022	0.185633	0.000016	0.175638	28.000000	-8.000000	1.130000	22.577180
138.087463	285.060883	13.368009	-98.427620	165.901871	5.650713	294.482666	0.488959	-0.000012	0.000000	0.180090	0.170360	0.000022	0.185633	0.000016	0.175638	28.000000	-8.000000	1.130000	22.609887
138.990005	286.214996	14.993846	-97.028999	169.298569	5.845565	294.962799	0.488959	-0.000012	0.000000	0.180090	0.170360	0.000022	0.185633	0.000016	0.175638	28.000000	-8.000000	1.130000	22.621051
139.351013	287.176727	14.632549	-97.028999	168.583466	5.845565	295.282867	0.488959	-0.000012	0.000000	0.180090	0.170360	0.000022	0.185633	0.000016	0.175638	28.000000	-8.000000	1.130000	22.633569
118.412262	301.025848	47.510578	-94.931076	181.633942	6.040416	307.126190	0.488959	-0.000012	0.000000	0.180090	0.170360	0.000022	0.000021	0.000016	0.175638	28.000000	-4.000000	1.130000	23.084523
116.426682	302.372284	46.968628	-97.553490	179.846207	6.040416	307.766357	0.488959	0.159847	0.000000	0.180090	0.170360	0.000022	0.185633	0.000016	0.351312	28.000000	-4.000000	1.130000	23.109051
118.051254	301.410522	50.581600	-94.231773	183.421677	6.235266	308.014893	0.488959	-0.000012	0.000000	0.180090	0.170360	0.000022	0.185633	0.192580	0.175638	28.000000	-4.000000	1.130000	23.111106
117.870743	302.372284	47.510578	-97.553490	181.812729	6.235266	308.566589	0.488959	-0.000012	0.000000	0.180090	0.170360	0.000022	0.185633	0.000016	0.175638	28.000000	-4.000000	1.130000	23.132222
90.433754	313.720856	83.640274	-97.728310	189.857529	6.624968	320.175476	0.488959	-0.000012	0.000000	0.180090	0.170360	0.000022	0.000021	0.000016	0.175638	28.000000	0.000000	1.130000	23.557518
89.892235	313.720856	82.737038	-98.952095	189.678757	6.819819	320.495483	0.488959	-0.000012	0.000000	0.180090	0.170360	0.000022	0.000021	0.000016	0.175638	28.000000	0.000000	1.130000	23.562219
89.892235	316.029053	81.291840	-100.175888	188.963669	6.624968	320.890045	0.488959	-0.000012	0.000000	0.180090	0.170360	0.000022	0.185633	0.000016	0.175638	28.000000	0.000000	1.130000	23.584346
88.809196	316.798462	81.653145	-101.050018	189.499985	6.819819	321.210144	0.488959	-0.000012	0.000000	0.180090	0.170360	0.000022	0.185633	0.000016	0.175638	28.000000	0.000000	1.130000	23.589045
56.137520	324.684753	116.337662	-105.245872	193.254227	7.014670	331.216003	0.488959	-0.000012	0.000000	0.180090	0.170360	0.000022	0.185633	0.000016	0.175638	28.000000	4.000000	1.130000	23.954283
56.498528	324.300079	115.615067	-106.644493	191.158569	6.624968	331.376038	0.488959	-0.000012	0.000000	0.360219	0.170360	0.000022	0.000021	0.000016	0.175638	28.000000	4.000000	1.130000	23.974583
57.220554	324.300079	118.144135	-103.847260	194.148087	7.014670	331.613068	0.488959	-0.000012	0.000000	0.180090	0.170360	0.000022	0.185633	0.000016	0.175638	28.000000	4.000000	1.130000	23.968947
56.498528	325.261780	116.698944	-106.120003	192.767960	7.014670	331.856018	0.488959	0.159847	0.000000	0.180090	0.170360	0.000022	0.185633	0.000016	0.175638	28.000000	4.000000	1.130000	23.977915
13.537979	332.571045	152.286713	-115.385834	192.181580	7.209521	340.575592	0.488959	-0.000012	0.000000	0.180090	0.170360	0.000022	0.185633	0.000016	0.175638	28.000000	8.000000	1.130000	24.290501
16.606590	333.148102	150.118912	-114.861366	192.717911	6.819819	340.816467	0.488959	-0.000012	0.000000	0.180090	0.170360	0.000022	0.000021	0.000016	0.175638	28.000000	8.000000	1.130000	24.313463
15.343044	331.609314	149.938278	-116.259972	190.085648	7.014670	341.055725	0.488959	-0.000012	0.000000	0.180090	0.170360	0.000022	0.000021	0.000016	0.175638	28.000000	8.000000	1.130000	24.315079
14.621018	332.763397	150.118912	-116.959290	189.857529	7.014670	341.695892	0.488959	0.159847	0.000000	0.180090	0.170360	0.000022	0.185633	0.000016	0.175638	28.000000	8.000000	1.130000	24.338367
-28.648001	317.183136	170.893494	-120.280998	170.371201	7.014670	330.012604	0.488959	0.159847	0.000000	0.180090	0.170360	0.000022	0.185633	0.000016	0.175638	28.000000	12.000000	1.130000	23.909783
-26.846239	316.798462	168.003128	-121.155136	169.834885	7.014670	328.975891	0.488959	-0.000012	0.000000	0.180090	0.170360	0.000022	0.185633	0.000016	0.175638	28.000000	12.000000	1.130000	23.871381
-29.729055	315.836700	168.906372	-121.504784	168.583466	7.014670	327.932037	0.488959	-0.000012	0.000000	0.180090	0.170360	0.000022	0.185633	0.000016	0.175638	28.000000	12.000000	1.130000	23.832652
-29.729055	314.682617	168.725708	-120.455818	168.404694	6.624968	326.971771	0.488959	-0.000012	0.000000	0.180090	0.170360	0.000022	0.185633	0.000016	0.175638	28.000000	12.000000	1.130000	23.811457
-65.764275	285.253235	175.048416	-117.833420	139.658417	6.235266	301.934601	0.488959	-0.000012	0.000000	0.180090	0.170360	0.000022	0.185633	0.000016	0.175638	28.000000	16.000000	1.130000	22.877099
-64.142693	284.291504	174.687119	-117.308937	140.694794	6.235266	300.974548	0.488959	0.159847	0.000000	0.180090	0.170360	0.000022	0.185633	0.000016	0.175638	28.000000	16.000000	1.130000	22.839931
-64.503044	283.329773	172.699982	-119.581696	137.655640	6.235266	300.174500	0.488959	-0.000012	0.000000	0.180090	0.170360	0.000022	0.185633	0.000016	0.175638	28.000000	16.000000	1.130000	22.808911
-62.881458	282.175659	173.964523	-115.036186	139.443375	6.040416	299.374451	0.488959	-0.000012	0.000000	0.180090	0.170360	0.000022	0.185633	0.000016	0.175638	28.000000	16.000000	1.130000	22.785419
-100.898621	257.747375	176.674255	-124.826508	107.264137	5.650713	282.319214	0.488959	-0.000012	0.000000	0.180090	0.170360	0.000022	0.185633	0.000016	0.175638	28.000000	20.000000	1.130000	22.128686
-97.475266	257.362671	177.216187	-121.679619	109.766968	5.455863	281.358978	0.488959	-0.000012	0.000000	0.180090	0.170360	0.000022	0.185633	0.000016	0.175638	28.000000	20.000000	1.130000	22.098056
-97.114914	256.785645	176.674255	-120.805481	108.873093	5.650713	280.558746	0.488959	-0.000012	0.000000	0.180090	0.170360	0.000022	0.000021	0.000016	0.175638	28.000000	20.000000	1.130000	22.058170
-98.376152	255.631531	175.951660	-123.078232	107.292007	5.650713	280.078583	0.488959	-0.000012	0.000000	0.180090	0.170360	0.000022	0.185633	0.000016	0.175638	28.000000	20.000000	1.130000	22.038898
-132.969955	232.934372	177.035553	-145.106445	75.640869	5.455863	266.572876	0.488959	0.159847	0.000000	0.180090	0.170360	0.000022	0.185633	0.192580	0.175638	28.000000	24.000000	1.130000	21.497767
-130.988022	232.934372	176.674255	-142.484039	76.534973	5.650713	266.794891	0.488959	0.159847	0.000000	0.180090	0.170360	0.000022	0.185633	0.000016	0.175638	28.000000	24.000000	1.130000	21.498885
-132.609604	233.126724	177.938782	-145.281265	76.693855	5.455863	267.372894	0.488959	-0.000012	0.000000	0.180090	0.170360	0.000022	0.185633	0.000016	0.175638	28.000000	24.000000	1.130000	21.530675
-130.447495	231.972626	177.577484	-142.134384	76.356155	5.261012	267.755157	0.488959	-0.000012	0.000000	0.180090	0.170360	0.000022	0.185633	0.000016	0.175638	28.000000	24.000000	1.130000	21.554382
-182.698563	231.972626	193.655212	-190.736282	46.493217	5.650713	282.799377	0.488959	0.159847	0.000000	0.180090	0.170360	0.000022	0.185633	0.000016	0.175638	28.000000	28.000000	1.130000	22.147880
-182.518387	231.010880	194.377808	-190.036987	47.029678	6.040416	283.853729	0.488959	-0.000012	0.000000	0.180090	0.170360	0.000022	0.185633	0.000016	0.175638	28.000000	28.000000	1.130000	22.174422
-185.221024	232.357330	193.835861	-192.659393	44.883839	5.650713	284.493744	0.488959	0.159847	0.000000	0.180090	0.170360	0.000022	0.185633	0.000016	0.175638	28.000000	28.000000	1.130000	22.215478
-186.121902	233.511414	196.184296	-192.834229	47.553761	5.650713	284.973755	0.488959	0.159847	0.000000	0.180090	0.170360	0.000022	0.000021	0.000016	0.175638	28.000000	28.000000	1.130000	22.234591
-237.111755	226.202164	207.745789	-246.506119	8.046922	5.650713	299.214447	0.488959	-0.000012	0.000000	0.180090	0.170360	0.000022	0.185633	0.000016	0.175638	28.000000	32.000000	1.130000	22.794337
-234.769470	226.779221	209.913574	-243.534058	10.190082	6.040416	299.854492	0.488959	-0.000012	0.000000	0.360219	0.170360	0.000022	0.185633	0.000016	0.175638	28.000000	32.000000	1.130000	22.804055
-236.571213	226.009827	208.829681	-246.156464	7.868103	6.040416	300.404297	0.488959	-0.000012	0.000000	0.360219	0.170360	0.000022	0.185633	0.192580	0.175638	28.000000	32.000000	1.130000	22.825381
-237.111755	227.933304	210.274872	-245.981628	10.905175	6.235266	301.044464	0.488959	-0.000012	0.000000	0.180090	0.170360	0.000022	0.185633	0.000016	0.175638	28.000000	32.000000	1.130000	22.842640
-290.624054	216.584732	216.778214	-300.877319	-37.454990	6.235266	313.295135	0.488959	-0.000012	0.000000	0.180090	0.170360	0.000022	0.185633	0.000016	0.175638	28.000000	36.000000	1.130000	23.312417
-293.687042	215.238281	219.487961	-304.199036	-40.130344	6.235266	313.615143	0.488959	-0.000012	0.000000	0.180090	0.170360	0.000022	0.000021	0.000016	0.175638	28.000000	36.000000	1.130000	23.324562
-290.263702	214.468887	218.042770	-302.275940	-40.140732	6.235266	313.848083	0.488959	-0.000012	0.000000	0.180090	0.170360	0.000022	0.185633	0.000016	0.175638	28.000000	36.000000	1.130000	23.333398
-290.804230	215.238281	219.849243	-303.499725	-38.891911	6.430117	314.575195	0.488959	-0.000012	0.000000	0.180090	0.170360	0.000022	0.185633	0.000016	0.175638	28.000000	36.000000	1.130000	23.353576
-341.253510	198.696289	222.017029	-354.898865	-92.210609	7.014670	323.855652	0.488959	-0.000012	0.000000	0.180090	0.170360	0.000022	0.185633	0.192580	0.175638	28.000000	40.000000	1.130000	23.680804
-342.694946	197.734543	222.920258	-360.842987	-96.516167	6.624968	324.175690	0.488959	-0.000012	0.000000	0.180090	0.170360	0.000022	0.185633	0.000016	0.175638	28.000000	40.000000	1.130000	23.707313
-343.415619	198.119247	222.920258	-357.870941	-94.707603	6.624968	324.411041	0.488959	-0.000012	0.000000	0.180090	0.170360	0.000022	0.000021	0.000016	0.175638	28.000000	40.000000	1.130000	23.716096
-343.235474	198.311600	222.378311	-358.745056	-96.847893	6.624968	324.975708	0.488959	-0.000012	0.000000	0.180090	0.170360	0.000022	0.185633	0.000016	0.175638	28.000000	40.000000	1.130000	23.737157
-392.423553	176.383835	219.849243	-414.165253	-156.775879	6.819819	334.973999	0.488959	-0.000012	0.000000	0.180090	0.170360	0.000022	0.185633	0.000016	0.175638	28.000000	44.000000	1.130000	24.099872
-392.063202	175.422089	220.391190	-416.962494	-160.521378	6.819819	335.376190	0.488959	-0.000012	0.000000	0.180090	0.170360	0.000022	0.000021	0.000016	0.175638	28.000000	44.000000	1.130000	24.114636
-396.387421	177.153229	220.752472	-416.962494	-158.381088	7.014670	335.774231	0.488959	-0.000012	0.000000	0.180090	0.170360	0.000022	0.185633	0.000016	0.175638	28.000000	44.000000	1.130000	24.122092
-390.081268	176.576187	219.487961	-416.612823	-160.741348	6.624968	336.496277	0.488959	-0.000012	0.000000	0.180090	0.170360	0.000022	0.185633	0.192580	0.175638	28.000000	44.000000	1.130000	24.162844
219.856918	183.308380	-415.669189	-433.046570	-135.373016	6.819819	337.296295	0.488959	-0.000012	0.000000	0.180090	0.170360	0.000022	0.185633	0.000016	0.175638	32.000000	-44.000000	1.130000	24.184998
219.495911	181.384903	-408.272308	-425.354156	-130.557373	6.819819	335.856232	0.488959	-0.000012	0.000000	0.180090	0.170360	0.000022	0.185633	0.000016	0.175638	32.000000	-44.000000	1.130000	24.132247
218.773880	181.577255	-414.045502	-430.773834	-135.729736	6.624968	334.416138	0.488959	0.159847	0.000000	0.180090	0.170360	0.169809	0.185633	0.000016	0.175638	32.000000	-44.000000	1.130000	24.086539
218.412857	179.461411	-408.993958	-425.528961	-133.054382	7.014670	333.296112	0.488959	-0.000012	0.000000	0.180090	0.170360	0.000022	0.185633	0.000016	0.175638	32.000000	-44.000000	1.130000	24.031006
207.582474	192.156433	-346.571411	-356.996796	-81.887093	6.430117	308.246521	0.488959	-0.000012	0.000000	0.180090	0.170360	0.000022	0.185633	0.000016	0.175638	32.000000	-40.000000	1.130000	23.112515
205.957932	191.194687	-341.519897	-352.975769	-79.389450	6.235266	307.126190	0.488959	-0.000012	0.000000	0.180090	0.170360	0.000022	0.185633	0.000016	0.175638	32.000000	-40.000000	1.130000	23.077052
205.235901	190.425293	-340.256989	-350.877869	-77.406967	6.430117	306.574799	0.488959	-0.000012	0.000000	0.180090	0.170360	0.000022	0.185633	0.000016	0.175638	32.000000	-40.000000	1.130000	23.048417
204.874878	190.809998	-339.354950	-351.052673	-77.942047	6.430117	305.614746	0.488959	-0.000012	0.000000	0.180090	0.170360	0.000022	0.185633	0.000016	0.175638	32.000000	-40.000000	1.130000	23.011526
193.683487	200.619781	-293.169495	-297.905243	-36.384846	5.650713	286.893860	0.488959	-0.000012	0.000000	0.180090	0.170360	0.000022	0.185633	0.000016	0.175638	32.000000	-36.000000	1.130000	22.310882
194.586014	199.273331	-291.545746	-295.982178	-35.323849	5.845565	285.520142	0.488959	-0.000012	0.000000	0.180090	0.170360	0.000022	0.185633	0.000016	0.175638	32.000000	-36.000000	1.130000	22.248579
191.336899	196.772812	-287.757111	-293.709412	-37.107876	5.650713	284.493744	0.488959	0.159847	0.000000	0.180090	-0.000013	0.000022	0.185633	0.000016	0.175638	32.000000	-36.000000	1.130000	22.215478
190.614868	197.542206	-289.200409	-294.408722	-36.929474	5.845565	283.439545	0.488959	-0.000012	0.000000	0.180090	-0.000013	0.000022	0.000021	0.000016	0.175638	32.000000	-36.000000	1.130000	22.165667
177.979416	202.927963	-240.128357	-241.436127	-2.497646	5.261012	267.114960	0.488959	-0.000012	0.000000	0.180090	0.170360	0.000022	0.185633	0.000016	0.175638	32.000000	-32.000000	1.130000	21.528082
178.701431	203.120316	-239.587128	-240.387177	-0.713615	5.066160	266.794891	0.488959	-0.000012	0.000000	0.180090	0.170360	0.000022	0.185633	0.000016	0.175638	32.000000	-32.000000	1.130000	21.522934
178.881943	203.697372	-242.473694	-243.359238	-2.853714	5.261012	267.275024	0.488959	-0.000012	0.000000	0.180090	0.170360	0.000022	0.185633	0.000016	0.175638	32.000000	-32.000000	1.130000	21.534661
178.520935	203.505005	-241.932465	-242.834732	-2.497646	5.066160	267.852936	0.488959	0.159847	0.000000	0.180090	0.170360	0.000022	0.185633	0.000016	0.175638	32.000000	-32.000000	1.130000	21.566394
185.741196	235.242554	-215.051086	-221.331024	30.033947	5.650713	285.360107	0.488959	-0.000012	0.000000	0.180090	-0.000013	0.000022	0.000021	0.000016	0.175638	32.000000	-28.000000	1.130000	22.249963
185.560684	235.242554	-214.149033	-220.981384	29.862959	5.650713	285.840210	0.488959	-0.000012	0.000000	0.180090	-0.000013	0.000022	0.185633	0.000016	0.175638	32.000000	-28.000000	1.130000	22.269050
187.185257	236.781342	-215.411911	-221.156189	30.033947	5.650713	286.733856	0.488959	-0.000012	0.000000	0.180090	0.170360	0.000022	0.185633	0.000016	0.175638	32.000000	-28.000000	1.130000	22.304535
186.282715	236.973694	-216.133575	-222.904465	29.676403	6.040416	287.440674	0.488959	-0.000012	0.000000	0.360219	0.170360	0.000022	0.000021	0.000016	0.175638	32.000000	-28.000000	1.130000	22.317114
187.726761	263.902527	-180.231583	-200.526627	58.295334	6.235266	301.614594	0.488959	-0.000012	0.000000	0.180090	0.170360	0.000022	0.185633	0.000016	0.175638	32.000000	-24.000000	1.130000	22.864717
187.185257	263.325500	-181.674866	-201.400757	58.458946	6.430117	301.934601	0.488959	0.159847	0.000000	0.180090	0.170360	0.000022	0.185633	0.000016	0.175638	32.000000	-24.000000	1.130000	22.869560
187.185257	263.133148	-182.035706	-201.925217	55.970669	6.235266	302.414612	0.488959	-0.000012	0.000000	0.180090	0.170360	0.000022	0.185633	0.000016	0.175638	32.000000	-24.000000	1.130000	22.895660
188.087784	265.248993	-180.051163	-200.176956	60.425461	6.430117	302.965027	0.488959	-0.000012	0.000000	0.180090	0.170360	0.000022	0.185633	0.000016	0.175638	32.000000	-24.000000	1.130000	22.909399
180.506500	286.214996	-141.262589	-187.239746	84.403053	6.235266	313.935181	0.488959	-0.000012	0.000000	0.180090	0.170360	0.000022	0.185633	0.000016	0.351312	32.000000	-20.000000	1.130000	23.336701
181.228531	286.984375	-144.690430	-188.113892	82.235840	6.430117	314.575195	0.488959	-0.000012	0.000000	0.180090	0.170360	0.000022	0.000021	0.000016	0.175638	32.000000	-20.000000	1.130000	23.353576
182.853088	287.946136	-139.278061	-185.491486	87.241493	6.430117	314.895203	0.488959	-0.000012	0.000000	0.180090	0.170360	0.000022	0.185633	0.000016	0.175638	32.000000	-20.000000	1.130000	23.365699
183.214111	287.946136	-140.901779	-185.841141	86.347626	6.430117	315.375244	0.488959	-0.000012	0.000000	0.180090	0.170360	0.000022	0.185633	0.000016	0.175638	32.000000	-20.000000	1.130000	23.383873
171.120163	308.527466	-104.278130	-177.449448	106.934364	6.819819	325.935730	0.488959	0.159847	0.000000	0.180090	0.170360	0.000022	0.185633	0.000016	0.175638	32.000000	-16.000000	1.130000	23.765667
172.383713	310.450928	-104.999771	-178.498413	108.543747	6.819819	326.735809	0.488959	-0.000012	0.000000	0.180090	0.170360	0.000022	0.185633	0.000016	0.175638	32.000000	-16.000000	1.130000	23.795440
172.744736	309.104492	-105.901840	-178.673233	108.722572	6.819819	327.215790	0.488959	-0.000012	0.000000	0.180090	0.170360	0.000022	0.185633	0.000016	0.175638	32.000000	-16.000000	1.130000	23.813284
172.925232	309.296844	-102.654419	-176.575317	110.153130	7.014670	327.451904	0.488959	-0.000012	0.000000	0.180090	0.170360	0.000022	0.185633	0.000016	0.175638	32.000000	-16.000000	1.130000	23.814817
154.513565	326.992920	-66.391609	-176.050827	129.108047	7.014670	336.254364	0.488959	-0.000012	0.000000	0.180090	0.170360	0.000022	0.185633	0.000016	0.175638	32.000000	-12.000000	1.130000	24.139700
153.972046	326.800568	-69.458611	-178.673233	126.571686	7.014670	336.894531	0.488959	-0.000012	0.000000	0.180090	0.170360	0.000022	0.185633	0.000016	0.175638	32.000000	-12.000000	1.130000	24.163157
154.513565	327.762329	-68.736969	-177.099792	127.286781	7.014670	337.214630	0.488959	-0.000012	0.000000	0.180090	0.170360	0.000022	0.185633	0.000016	0.175638	32.000000	-12.000000	1.130000	24.174877
154.694077	329.301117	-67.293671	-177.799103	128.716965	6.819819	337.374664	0.488959	-0.000012	0.000000	0.180090	0.170360	0.000022	0.185633	0.000016	0.175638	32.000000	-12.000000	1.130000	24.187865
128.340118	340.457367	-31.030861	-176.050827	141.088974	6.819819	344.976685	0.488959	-0.000012	0.000000	0.180090	-0.000013	0.000022	0.185633	0.000016	0.175638	32.000000	-8.000000	1.130000	24.464417
128.159622	339.687958	-30.850451	-174.652206	140.158478	7.014670	343.856628	0.488959	-0.000012	0.000000	0.180090	0.170360	0.000022	0.185633	0.000016	0.175638	32.000000	-8.000000	1.130000	24.416807
130.506195	337.187439	-26.881386	-169.232559	144.270264	6.819819	342.416565	0.488959	0.159847	0.000000	0.180090	0.170360	0.000022	0.185633	0.000016	0.175638	32.000000	-8.000000	1.130000	24.371634
129.784164	334.494537	-26.700974	-168.708084	141.409882	7.404373	341.215759	0.488959	-0.000012	0.000000	0.180090	0.170360	0.000022	0.185633	0.000016	0.175638	32.000000	-8.000000	1.130000	24.306720
89.531219	311.989746	13.368009	-148.078506	137.298096	6.430117	314.808350	0.488959	-0.000012	0.000000	0.180090	0.170360	0.169809	0.185633	0.000016	0.175638	32.000000	-4.000000	1.130000	23.362410
88.087173	310.643280	7.406610	-151.575043	131.253876	6.430117	313.935181	0.488959	-0.000012	0.000000	0.180090	0.170360	0.000022	0.000021	0.000016	0.175638	32.000000	-4.000000	1.130000	23.329311
90.975273	309.873901	8.851797	-148.602982	133.722610	6.430117	313.367950	0.488959	-0.000012	0.000000	0.180090	0.170360	0.000022	0.185633	0.000016	0.175638	32.000000	-4.000000	1.130000	23.307784
88.809196	309.873901	9.755039	-148.602982	133.399734	6.235266	312.335083	0.488959	-0.000012	0.000000	0.180090	0.170360	0.000022	0.185633	0.000016	0.175638	32.000000	-4.000000	1.130000	23.275945
51.263840	288.138489	41.729824	-137.588867	122.996208	5.650713	289.841339	0.488959	-0.000012	0.000000	0.180090	0.170360	0.000022	0.000021	0.000016	0.175638	32.000000	0.000000	1.130000	22.427488
51.805359	286.984375	43.897606	-133.742676	126.246925	5.650713	288.881073	0.488959	-0.000012	0.000000	0.180090	0.170360	0.000022	0.185633	0.000016	0.175638	32.000000	0.000000	1.130000	22.389566
51.263840	286.599701	43.175014	-134.616806	124.426399	5.845565	288.333923	0.488959	-0.000012	0.000000	0.360219	0.170360	0.000022	0.185633	0.000016	0.175638	32.000000	0.000000	1.130000	22.360220
51.624855	285.830322	44.078255	-133.218201	126.068108	6.040416	287.600739	0.488959	0.159847	0.000000	0.180090	0.170360	0.000022	0.185633	0.000016	0.175638	32.000000	0.000000	1.130000	22.323460
18.772669	271.788849	70.091637	-126.749603	117.305931	5.845565	273.356720	0.488959	0.159847	0.000000	0.180090	0.170360	0.000022	0.000021	0.000016	0.175638	32.000000	4.000000	1.130000	21.759391
16.967604	271.404144	70.091637	-128.497864	117.096672	5.650713	272.876587	0.488959	-0.000012	0.000000	0.180090	0.170360	0.000022	0.185633	0.000016	0.175638	32.000000	4.000000	1.130000	21.747784
16.065069	270.057709	66.659317	-130.595795	112.806114	5.845565	272.396454	0.488959	0.159847	0.000000	0.180090	0.170360	0.000022	0.185633	0.000016	0.175638	32.000000	4.000000	1.130000	21.720302
16.606590	270.250061	69.188393	-127.274078	115.308952	5.261012	271.756287	0.488959	-0.000012	0.000000	0.180090	0.170360	0.000022	0.000021	0.000016	0.175638	32.000000	4.000000	1.130000	21.718035
-18.738314	271.981171	92.672699	-137.239227	107.649651	5.455863	275.277252	0.488959	-0.000012	0.000000	0.180090	0.170360	0.000022	0.000021	0.000016	0.175638	32.000000	8.000000	1.130000	21.853145
-16.396027	271.404144	95.382423	-134.441986	110.868401	5.455863	276.013336	0.488959	-0.000012	0.000000	0.180090	0.170360	0.000022	0.000021	0.000016	0.175638	32.000000	8.000000	1.130000	21.882933
-15.855498	272.750580	95.021126	-135.840607	111.554703	5.650713	276.813354	0.488959	0.159847	0.000000	0.180090	0.170360	0.000022	0.185633	0.000016	0.175638	32.000000	8.000000	1.130000	21.907393
-16.396027	273.904663	96.105019	-135.490952	112.984894	5.845565	277.357849	0.488959	0.159847	0.000000	0.180090	0.170360	0.000022	0.000021	0.000016	0.175638	32.000000	8.000000	1.130000	21.921513
-57.296001	284.099182	119.228027	-151.924683	104.582527	5.845565	290.253998	0.488959	-0.000012	0.000000	0.180090	0.170360	0.000022	0.000021	0.000016	0.175638	32.000000	12.000000	1.130000	22.436082
-56.395123	284.099182	120.131264	-151.050552	105.118851	6.040416	290.641571	0.488959	-0.000012	0.000000	0.180090	0.170360	0.000022	0.185633	0.000016	0.175638	32.000000	12.000000	1.130000	22.443682
-59.818466	285.637970	120.492561	-155.071579	103.894424	6.040416	291.121704	0.488959	-0.000012	0.000000	0.180090	0.170360	0.000022	0.185633	0.000016	0.175638	32.000000	12.000000	1.130000	22.462606
-57.656349	285.637970	121.937752	-152.624008	106.934364	5.845565	291.854095	0.488959	-0.000012	0.000000	0.180090	0.170360	0.000022	0.185633	0.000016	0.175638	32.000000	12.000000	1.130000	22.499107
-104.682312	292.562500	143.976868	-168.008774	92.604706	6.235266	303.765259	0.488959	0.159847	0.000000	0.180090	0.170360	0.000022	0.185633	0.000016	0.175638	32.000000	16.000000	1.130000	22.947805
-103.961609	291.793091	145.602707	-166.085678	93.880508	6.430117	304.334686	0.488959	0.159847	0.000000	0.180090	0.170360	0.000022	0.185633	0.000016	0.175638	32.000000	16.000000	1.130000	22.962246
-105.042664	292.562500	145.241409	-165.386383	92.783478	6.819819	304.974731	0.488959	-0.000012	0.000000	0.360219	0.170360	0.000022	0.185633	0.000016	0.175638	32.000000	16.000000	1.130000	22.971892
-103.961609	293.524231	147.047897	-164.512238	97.099266	6.430117	304.974731	0.488959	-0.000012	0.000000	0.180090	-0.000013	0.000022	0.185633	0.000016	0.175638	32.000000	16.000000	1.130000	22.986900
-154.410919	293.908966	166.919235	-190.911133	73.833473	6.235266	315.768616	0.488959	0.159847	0.000000	0.180090	0.170360	0.000022	0.185633	0.000016	0.175638	32.000000	20.000000	1.130000	23.406124
-156.392853	293.908966	165.293396	-194.407654	70.436775	6.430117	316.088715	0.488959	-0.000012	0.000000	0.180090	0.170360	0.000022	0.185633	0.000016	0.175638	32.000000	20.000000	1.130000	23.410859
-152.789337	292.947205	166.557938	-190.561462	73.297157	6.624968	316.495300	0.488959	-0.000012	0.000000	0.180090	0.170360	0.000022	0.000021	0.000016	0.175638	32.000000	20.000000	1.130000	23.418861
-153.329865	294.870667	166.377289	-192.659393	73.654701	6.624968	316.815308	0.488959	-0.000012	0.000000	0.180090	-0.000013	0.000022	0.185633	0.000016	0.175638	32.000000	20.000000	1.130000	23.430951
-202.878265	290.831360	181.371109	-225.526886	47.387314	7.014670	325.851440	0.488959	-0.000012	0.000000	0.180090	0.170360	0.000022	0.185633	0.000016	0.175638	32.000000	24.000000	1.130000	23.755270
-204.680054	291.216064	182.816299	-228.673752	47.196213	6.430117	326.255768	0.488959	-0.000012	0.000000	0.180090	0.170360	0.000022	0.000021	0.000016	0.175638	32.000000	24.000000	1.130000	23.792081
-204.680054	291.023712	182.635651	-226.925476	46.135574	6.624968	326.735809	0.488959	-0.000012	0.000000	0.180090	0.170360	0.000022	0.185633	0.000016	0.175638	32.000000	24.000000	1.130000	23.802686
-207.743027	291.793091	184.261490	-229.023422	46.314396	7.014670	327.131805	0.488959	-0.000012	0.000000	0.360219	0.170360	0.000022	0.185633	0.000016	0.175638	32.000000	24.000000	1.130000	23.802920
-259.093231	281.790955	196.906891	-270.107758	11.799044	6.819819	336.254364	0.488959	-0.000012	0.000000	0.180090	0.170360	0.000022	0.185633	0.000016	0.175638	32.000000	28.000000	1.130000	24.146842
-257.471649	282.752716	198.171417	-269.408478	14.663260	7.014670	336.894531	0.488959	-0.000012	0.000000	0.180090	0.170360	0.000022	0.185633	0.000016	0.175638	32.000000	28.000000	1.130000	24.163157
-262.156219	284.099182	197.087524	-273.953949	11.083949	6.819819	337.136292	0.488959	-0.000012	0.000000	0.180090	0.170360	0.000022	0.000021	0.000016	0.175638	32.000000	28.000000	1.130000	24.179142
-262.516571	283.906799	196.726227	-272.380493	12.159782	6.624968	337.616333	0.488959	-0.000012	0.000000	0.180090	0.170360	0.000022	0.185633	0.000016	0.175638	32.000000	28.000000	1.130000	24.203831
-315.848694	271.019440	204.494110	-321.681732	-31.042170	7.014670	345.216888	0.488959	-0.000012	0.000000	0.180090	0.170360	0.000022	0.185633	0.000016	0.175638	32.000000	32.000000	1.130000	24.466058
-314.587463	270.250061	205.578003	-318.360016	-29.079733	7.209521	344.336639	0.488959	-0.000012	0.000000	0.180090	0.170360	0.000022	0.185633	0.000016	0.175638	32.000000	32.000000	1.130000	24.427139
-313.686584	268.903595	203.952179	-320.632751	-32.460987	6.819819	343.056580	0.488959	-0.000012	0.000000	0.180090	0.170360	0.169809	0.185633	0.000016	0.175638	32.000000	32.000000	1.130000	24.394862
-310.983948	266.980133	201.965042	-316.786591	-31.934183	7.014670	341.296478	0.488959	-0.000012	0.000000	0.180090	0.170360	0.000022	0.185633	0.000016	0.175638	32.000000	32.000000	1.130000	24.323840
-326.118744	224.086334	186.609924	-327.800690	-72.074913	6.430117	312.655121	0.488959	-0.000012	0.000000	0.180090	0.170360	0.000022	0.185633	0.000016	0.175638	32.000000	36.000000	1.130000	23.280704
-322.695404	222.355194	186.429260	-327.101379	-71.877907	6.235266	311.855072	0.488959	-0.000012	0.000000	0.180090	0.170360	0.000022	0.185633	0.000016	0.175638	32.000000	36.000000	1.130000	23.257687
-324.136780	223.124588	183.177597	-325.527924	-72.948044	6.430117	310.735016	0.488959	-0.000012	0.000000	0.180090	0.170360	0.000022	0.185633	0.000016	0.175638	32.000000	36.000000	1.130000	23.207601
-319.992737	220.816406	185.526031	-323.604828	-70.272690	6.624968	309.934967	0.488959	-0.000012	0.167562	0.180090	0.170360	0.000022	0.185633	0.192580	0.175638	32.000000	36.000000	1.130000	23.169632
-332.424896	186.963013	171.435440	-340.912720	-111.323639	5.845565	291.054077	0.488959	-0.000012	0.000000	0.180090	-0.000013	0.000022	0.185633	0.000016	0.175638	32.000000	40.000000	1.130000	22.467618
-330.442963	186.963013	169.809601	-338.465118	-110.759743	5.845565	290.321472	0.488959	-0.000012	0.000000	0.180090	0.170360	0.000022	0.185633	0.000016	0.175638	32.000000	40.000000	1.130000	22.438743
-331.524017	186.193619	171.254791	-337.940643	-109.511246	5.650713	289.774017	0.488959	-0.000012	0.000000	0.180090	0.170360	0.000022	0.000021	0.000016	0.175638	32.000000	40.000000	1.130000	22.424832
-327.560120	185.424225	169.628967	-332.695862	-108.441109	5.650713	288.560974	0.488959	-0.000012	0.000000	0.180090	0.170360	0.000022	0.185633	0.000016	0.175638	32.000000	40.000000	1.130000	22.376910
-334.587006	152.147873	152.467346	-344.409241	-144.506638	5.261012	269.355591	0.488959	-0.000012	0.000000	0.180090	0.170360	0.000022	0.000021	0.000016	0.175638	32.000000	44.000000	1.130000	21.619991
-330.082611	150.609085	151.564117	-341.087555	-143.934174	5.261012	268.715393	0.488959	-0.000012	0.000000	0.180090	0.170360	0.000022	0.185633	0.000016	0.175638	32.000000	44.000000	1.130000	21.593771
-334.046478	149.647354	150.480209	-344.059601	-147.144592	5.261012	268.332947	0.488959	-0.000012	0.000000	0.360219	0.170360	0.000022	0.185633	0.000016	0.175638	32.000000	44.000000	1.130000	21.578092
-330.983490	149.262665	151.022171	-340.737885	-144.863449	5.455863	267.435059	0.488959	-0.000012	0.000000	0.360219	0.170360	0.000022	0.185633	0.000016	0.175638	32.000000	44.000000	1.130000	21.533230
160.470291	161.957672	-375.798187	-384.619476	-147.322937	5.845565	288.400940	0.651955	0.159847	0.000000	0.180090	0.170360	0.000022	0.185633	0.000016	0.175638	36.000000	-44.000000	1.130000	22.362872
162.636353	162.919418	-374.354858	-382.871216	-145.004303	6.040416	289.293976	0.488959	-0.000012	0.000000	0.180090	0.170360	0.000022	0.185633	0.192580	0.175638	36.000000	-44.000000	1.130000	22.390484
162.455856	164.458206	-375.256927	-384.619476	-145.539383	6.040416	289.841339	0.488959	-0.000012	0.000000	0.360219	0.170360	0.000022	0.185633	0.000016	0.175638	36.000000	-44.000000	1.130000	22.412107
161.914337	164.073502	-376.158997	-385.493622	-146.966232	6.235266	290.574036	0.651955	-0.000012	0.000000	0.180090	0.170360	0.000022	0.185633	0.000016	0.175638	36.000000	-44.000000	1.130000	22.433334
174.188782	196.388107	-367.138367	-372.381592	-114.148529	6.235266	303.374664	0.488959	-0.000012	0.000000	0.180090	0.170360	0.000022	0.185633	0.000016	0.175638	36.000000	-40.000000	1.130000	22.932738
176.535355	195.811066	-366.777557	-371.857086	-113.464462	6.235266	304.014679	0.488959	-0.000012	0.000000	0.180090	0.170360	0.000022	0.185633	0.000016	0.175638	36.000000	-40.000000	1.130000	22.957422
174.188782	195.234009	-364.612610	-369.409515	-112.721672	6.235266	304.334686	0.488959	0.159847	0.000000	0.180090	0.170360	0.000022	0.185633	0.000016	0.175638	36.000000	-40.000000	1.130000	22.969754
175.271805	195.041672	-368.942505	-373.080872	-115.218666	6.430117	304.654724	0.488959	-0.000012	0.000000	0.180090	0.170360	0.000022	0.185633	0.192580	0.175638	36.000000	-40.000000	1.130000	22.974577
183.755630	224.663376	-353.787903	-352.975769	-79.924660	6.430117	315.768616	0.488959	-0.000012	0.000000	0.180090	0.170360	0.000022	0.185633	0.000016	0.175638	36.000000	-36.000000	1.130000	23.398756
183.214111	224.855728	-354.870392	-355.423370	-81.865898	6.624968	316.335297	0.488959	-0.000012	0.000000	0.180090	0.170360	0.000022	0.000021	0.000016	0.175638	36.000000	-36.000000	1.130000	23.412814
183.214111	225.432770	-355.231201	-354.898865	-81.351883	6.624968	316.655304	0.488959	-0.000012	0.000000	0.180090	0.170360	0.000022	0.000021	0.000016	0.351312	36.000000	-36.000000	1.130000	23.424907
184.116638	228.125656	-358.117798	-357.171631	-81.509186	6.235266	317.048981	0.651955	-0.000012	0.000000	0.180090	0.170360	0.000022	0.185633	0.000016	0.175638	36.000000	-36.000000	1.130000	23.454483
186.463226	254.862137	-333.040527	-328.849640	-46.194485	6.624968	327.855835	0.488959	-0.000012	0.000000	0.180090	0.170360	0.000022	0.185633	0.000016	0.175638	36.000000	-32.000000	1.130000	23.844291
187.004730	255.439194	-335.205475	-330.772766	-46.907909	6.624968	328.495850	0.488959	-0.000012	0.000000	0.180090	0.170360	0.000022	0.185633	0.000016	0.175638	36.000000	-32.000000	1.130000	23.868032
186.824234	255.246841	-336.287933	-331.996521	-47.978058	7.014670	328.975891	0.488959	-0.000012	0.000000	0.180090	0.170360	0.000022	0.000021	0.000016	0.175638	36.000000	-32.000000	1.130000	23.871381
188.629303	257.170349	-339.174530	-334.793762	-48.347282	6.819819	329.295898	0.488959	-0.000012	0.000000	0.180090	0.170360	0.000022	0.185633	0.000016	0.175638	36.000000	-32.000000	1.130000	23.890461
184.477646	281.021576	-299.123047	-303.849365	-16.234697	7.014670	337.776337	0.488959	-0.000012	0.000000	0.180090	0.170360	0.000022	0.000021	0.000016	0.175638	36.000000	-28.000000	1.130000	24.195431
186.463226	283.137421	-300.385956	-305.772491	-15.164278	6.624968	337.936340	0.488959	-0.000012	0.000000	0.180090	0.170360	0.000022	0.185633	0.000016	0.175638	36.000000	-28.000000	1.130000	24.215528
184.658157	280.829224	-300.927185	-305.248016	-17.661924	7.209521	338.256348	0.488959	-0.000012	0.000000	0.180090	0.170360	0.000022	0.185633	0.000016	0.175638	36.000000	-28.000000	1.130000	24.205858
186.102203	281.598633	-302.370483	-305.947296	-16.230494	7.014670	338.494995	0.488959	-0.000012	0.000000	0.180090	0.170360	0.000022	0.185633	0.000016	0.175638	36.000000	-28.000000	1.130000	24.221702
175.993835	299.294708	-250.411819	-273.779144	13.765553	7.014670	338.256348	0.488959	-0.000012	0.000000	0.180090	0.170360	0.000022	0.185633	0.000016	0.175638	36.000000	-24.000000	1.130000	24.212981
175.993835	298.140594	-248.427307	-272.555328	15.374515	6.819819	336.656281	0.488959	-0.000012	0.000000	0.180090	0.170360	0.000022	0.185633	0.000016	0.175638	36.000000	-24.000000	1.130000	24.161567
174.369278	297.755920	-250.411819	-273.779144	12.514137	7.014670	335.376190	0.488959	-0.000012	0.000000	0.180090	0.170360	0.000022	0.000021	0.000016	0.175638	36.000000	-24.000000	1.130000	24.107485
173.647263	293.524231	-244.999466	-268.359497	13.769161	6.819819	334.096130	0.488959	-0.000012	0.000000	0.180090	0.170360	0.000022	0.185633	0.000016	0.175638	36.000000	-24.000000	1.130000	24.067615
148.376343	285.830322	-182.576935	-227.974457	33.609421	6.235266	310.095001	0.488959	0.159847	0.000000	0.180090	0.170360	0.000022	0.185633	0.000016	0.175638	36.000000	-20.000000	1.130000	23.190620
146.932297	284.676208	-186.546005	-231.296158	30.578239	6.235266	308.566589	0.488959	-0.000012	0.000000	0.180090	0.170360	0.000022	0.185633	0.000016	0.175638	36.000000	-20.000000	1.130000	23.132222
148.376343	284.868561	-185.643951	-229.373047	33.081718	6.235266	307.374847	0.488959	-0.000012	0.000000	0.180090	0.170360	0.000022	0.185633	0.000016	0.175638	36.000000	-20.000000	1.130000	23.086585
145.488235	282.368011	-184.741882	-229.198242	31.472338	6.235266	306.254791	0.488959	0.159847	0.000000	0.180090	0.170360	0.000022	0.185633	0.000016	0.175638	36.000000	-20.000000	1.130000	23.043611
121.661385	272.942932	-133.504868	-199.477661	46.481117	5.650713	285.840210	0.488959	0.159847	0.167562	0.180090	0.170360	0.000022	0.185633	0.000016	0.175638	36.000000	-16.000000	1.130000	22.269050
121.841888	271.981171	-130.798706	-197.729385	47.017437	5.650713	285.200043	0.488959	-0.000012	0.000000	0.180090	0.170360	0.000022	0.000021	0.000016	0.175638	36.000000	-16.000000	1.130000	22.243596
121.661385	271.788849	-134.587357	-199.302826	44.705017	5.650713	284.653748	0.488959	-0.000012	0.000000	0.180090	0.170360	0.000022	0.185633	0.000016	0.175638	36.000000	-16.000000	1.130000	22.221851
120.217323	271.596497	-136.391464	-200.526611	43.441967	5.650713	283.759644	0.488959	-0.000012	0.000000	0.180090	0.170360	0.000022	0.000021	0.000016	0.175638	36.000000	-16.000000	1.130000	22.186216
96.570976	260.824951	-93.814232	-182.519424	52.023102	5.455863	268.812988	0.488959	0.159847	0.000000	0.180090	0.170360	0.000022	0.185633	0.000016	0.175638	36.000000	-12.000000	1.130000	21.589784
95.487938	263.133148	-92.912170	-183.918045	54.704700	5.261012	268.172943	0.488959	-0.000012	0.000000	0.360219	0.170360	0.000022	0.185633	0.000016	0.175638	36.000000	-12.000000	1.130000	21.571529
96.209961	261.594360	-93.092583	-182.344589	53.274509	5.455863	267.595093	0.488959	-0.000012	0.000000	0.180090	0.170360	0.000022	0.185633	0.000016	0.175638	36.000000	-12.000000	1.130000	21.539806
97.112495	261.401978	-93.453407	-181.994949	52.916965	5.650713	267.212921	0.488959	0.159847	0.000000	0.180090	0.170360	0.000022	0.185633	0.000016	0.175638	36.000000	-12.000000	1.130000	21.516086
78.881340	278.521027	-62.963787	-184.267700	64.375214	5.650713	282.413635	0.488959	-0.000012	0.000000	0.180090	0.170360	0.000022	0.000021	0.000016	0.175638	36.000000	-8.000000	1.130000	22.132462
77.978798	279.290436	-62.422546	-185.841141	64.196396	5.845565	282.959412	0.488959	-0.000012	0.000000	0.180090	-0.000013	0.000022	0.000021	0.000016	0.175638	36.000000	-8.000000	1.131800	22.128872
77.617790	280.059845	-65.128731	-187.589401	63.464611	5.650713	283.373688	0.488959	-0.000012	0.000000	0.180090	0.170360	0.000022	0.185633	0.000016	0.175638	36.000000	-8.000000	1.180000	21.696011
78.520325	282.368011	-65.128731	-188.638382	62.408192	5.650713	284.013702	0.488959	-0.000012	0.000000	0.180090	0.170360	0.000022	0.000021	0.000016	0.175638	36.000000	-8.000000	1.180000	21.720996
54.693466	295.832428	-29.046329	-190.211807	72.939606	6.430117	297.523499	0.488959	-0.000012	0.000000	0.180090	0.170360	0.000022	0.185633	0.000016	0.175638	36.000000	-4.000000	1.180000	22.212128
53.249413	296.217133	-31.391684	-191.960083	69.721687	6.040416	298.094391	0.488959	-0.000012	0.167562	0.180090	0.170360	0.000022	0.185633	0.000016	0.175638	36.000000	-4.000000	1.180000	22.248747
54.151943	297.563568	-31.030861	-192.834229	72.403282	6.430117	298.894440	0.488959	0.159847	0.000000	0.180090	0.170360	0.000022	0.185633	0.000016	0.175638	36.000000	-4.000000	1.180000	22.264372
53.068905	297.755920	-29.046329	-192.134918	73.852669	6.235266	299.374451	0.488959	0.159847	0.000000	0.180090	0.170360	0.000022	0.185633	0.000016	0.175638	36.000000	-4.000000	1.180000	22.290045
24.187864	309.104492	8.851797	-195.106979	77.230171	6.624968	311.767487	0.488959	0.159847	0.000000	0.180090	0.170360	0.000022	0.185633	0.000016	0.175638	36.000000	0.000000	1.180000	22.741827
22.021786	310.258606	6.864664	-199.302826	74.727348	6.624968	312.247620	0.488959	-0.000012	0.000000	0.180090	0.170360	0.000022	0.000021	0.000016	0.175638	36.000000	0.000000	1.180000	22.759712
22.563305	310.835632	8.490499	-199.127991	75.462051	6.819819	312.815094	0.488959	-0.000012	0.000000	0.180090	0.170360	0.000022	0.185633	0.000016	0.175638	36.000000	0.000000	1.180000	22.773582
23.104824	311.605042	5.961421	-200.351776	75.263664	6.430117	313.207916	0.488959	0.159847	0.000000	0.180090	0.170360	0.000022	0.185633	0.000016	0.175638	36.000000	0.000000	1.180000	22.802684
-14.954617	320.645416	45.884739	-202.624542	79.574913	7.014670	323.375610	0.488959	-0.000012	0.000000	0.180090	0.170360	0.000022	0.185633	0.000016	0.175638	36.000000	4.000000	1.180000	23.156100
-16.936554	323.338318	40.645931	-208.743484	75.084892	6.624968	323.695648	0.488959	-0.000012	0.000000	0.180090	0.170360	0.000022	0.185633	0.000016	0.175638	36.000000	4.000000	1.180000	23.182061
-16.936554	324.107727	42.994362	-207.344864	78.481590	6.819819	324.015656	0.488959	-0.000012	0.000000	0.180090	0.170360	0.000022	0.185633	0.000016	0.175638	36.000000	4.000000	1.180000	23.186635
-14.053735	323.145966	38.658798	-209.267960	73.833473	6.430117	324.175690	0.488959	0.159847	0.000000	0.180090	0.170360	0.000022	0.185633	0.000016	0.175638	36.000000	4.000000	1.180000	23.206719
-62.521103	331.032257	73.704605	-220.107239	71.866966	7.014670	333.616119	0.488959	-0.000012	0.000000	0.180090	0.170360	0.000022	0.185633	0.000016	0.175638	36.000000	8.000000	1.180000	23.527893
-63.782341	331.994019	73.523956	-220.631714	70.973099	7.209521	333.776123	0.488959	-0.000012	0.000000	0.180090	0.170360	0.000022	0.000021	0.000016	0.175638	36.000000	8.000000	1.180000	23.526638
-62.881458	331.801636	76.414337	-220.107224	74.031487	7.209521	334.416138	0.488959	-0.000012	0.000000	0.180090	0.170360	0.000022	0.000021	0.000016	0.175638	36.000000	8.000000	1.180000	23.549681
-60.178822	331.224609	71.898117	-222.205170	70.258003	6.819819	334.653931	0.488959	-0.000012	0.000000	0.180090	0.170360	0.000022	0.185633	0.000016	0.175638	36.000000	8.000000	1.180000	23.572251
-112.069534	338.533875	101.524475	-234.792679	60.961777	7.209521	344.336639	0.488959	-0.000012	0.000000	0.180090	0.170360	0.000022	0.185633	0.000016	0.175638	36.000000	12.000000	1.180000	23.904014
-114.411827	339.687958	101.885773	-236.890610	60.083534	7.209521	344.816681	0.488959	-0.000012	0.000000	0.180090	0.170360	0.000022	0.185633	0.000016	0.175638	36.000000	12.000000	1.180000	23.921026
-111.709183	337.956818	102.608368	-232.519943	61.319324	7.209521	344.656647	0.488959	-0.000012	0.000000	0.180090	0.170360	0.000022	0.185633	0.000016	0.175638	36.000000	12.000000	1.180000	23.915356
-111.348824	339.110901	104.234200	-232.869598	63.123474	7.404373	344.336639	0.488959	-0.000012	0.000000	0.180090	0.170360	0.000022	0.000021	0.000016	0.175638	36.000000	12.000000	1.180000	23.897106
-147.023697	303.718750	111.098846	-220.806549	40.770977	6.430117	313.455139	0.488959	0.159847	0.000000	0.180090	0.170360	0.000022	0.185633	0.000016	0.175638	36.000000	16.000000	1.180000	22.811870
-143.780518	301.602905	112.544037	-217.135178	41.475456	6.040416	312.335083	0.488959	-0.000012	0.000000	0.180090	0.170360	0.000022	0.185633	0.000016	0.175638	36.000000	16.000000	1.180000	22.784721
-144.321045	300.064117	112.002083	-217.484833	40.760365	6.235266	311.695068	0.488959	0.159847	0.000000	0.180090	0.170360	0.000022	0.185633	0.000016	0.175638	36.000000	16.000000	1.180000	22.753648
-144.140884	300.064117	111.460144	-215.911377	41.843899	6.235266	310.415009	0.488959	-0.000012	0.000000	0.180090	0.170360	0.000022	0.000021	0.000016	0.175638	36.000000	16.000000	1.180000	22.705922
-176.572571	272.750580	117.963493	-218.358978	18.234892	5.455863	291.374084	0.488959	-0.000012	0.000000	0.180090	0.170360	0.000022	0.185633	0.000016	0.175638	36.000000	20.000000	1.180000	22.013794
-175.491516	272.750580	118.866730	-217.834488	19.665081	5.455863	290.321472	0.488959	-0.000012	0.000000	0.180090	0.170360	0.000022	0.185633	0.000016	0.175638	36.000000	20.000000	1.180000	21.973235
-174.950989	272.173523	119.950623	-215.736557	21.452816	5.650713	290.094025	0.651955	-0.000012	0.000000	0.180090	0.170360	0.000022	0.185633	0.000016	0.175638	36.000000	20.000000	1.180000	21.956942
-174.230286	273.135284	118.686089	-216.610703	21.989138	5.845565	289.361206	0.488959	-0.000012	0.000000	0.180090	0.170360	0.000022	0.185633	0.000016	0.175638	36.000000	20.000000	1.180000	21.921109
-203.779175	245.437057	122.479698	-224.128250	-4.103275	5.650713	272.876587	0.488959	-0.000012	0.167562	0.180090	0.170360	0.000022	0.185633	0.000016	0.175638	36.000000	24.000000	1.180000	21.282039
-202.517944	245.821732	119.589325	-222.379974	-3.923856	5.455863	271.853119	0.488959	-0.000012	0.000000	0.180090	0.170360	0.169809	0.185633	0.000016	0.351312	36.000000	24.000000	1.180000	21.249018
-201.977402	244.475311	118.686089	-223.079300	-6.064141	5.261012	270.893066	0.488959	-0.000012	0.000000	0.360219	0.170360	0.000022	0.185633	0.192580	0.175638	36.000000	24.000000	1.180000	21.218478
-202.157578	244.090591	117.963493	-223.778610	-6.065711	5.261012	269.933014	0.488959	-0.000012	0.000000	0.360219	0.170360	0.000022	0.185633	0.000016	0.175638	36.000000	24.000000	1.180000	21.180099
-247.922302	238.512482	130.608887	-255.072647	-32.112591	5.650713	278.733459	0.488959	-0.000012	0.000000	0.180090	0.170360	0.000022	0.185633	0.000016	0.175638	36.000000	28.000000	1.180000	21.513998
-249.363724	239.666595	130.970169	-256.296448	-32.469395	5.650713	279.438416	0.651955	-0.000012	0.000000	0.360219	0.170360	0.000022	0.185633	0.000016	0.175638	36.000000	28.000000	1.180000	21.541749
-247.922302	239.281876	129.163696	-255.597137	-33.004604	5.845565	280.078583	0.488959	-0.000012	0.000000	0.180090	0.170360	0.000022	0.185633	0.000016	0.175638	36.000000	28.000000	1.180000	21.559261
-247.201614	239.666595	130.789536	-255.072617	-32.290993	5.650713	280.653564	0.488959	-0.000012	0.000000	0.180090	0.170360	0.000022	0.185633	0.000016	0.175638	36.000000	28.000000	1.180000	21.589500
-304.857941	237.743088	140.905838	-305.422852	-69.220467	5.845565	296.243134	0.651955	-0.000012	0.000000	0.180090	0.170360	0.000022	0.000021	0.000016	0.175638	36.000000	32.000000	1.180000	22.185565
-306.839874	237.166061	142.170395	-305.947296	-69.755669	5.845565	296.883331	0.488959	-0.000012	0.000000	0.180090	0.170360	0.000022	0.185633	0.000016	0.175638	36.000000	32.000000	1.180000	22.210006
-303.056213	237.935440	143.976868	-303.849365	-67.062263	5.845565	297.614380	0.488959	-0.000012	0.000000	0.180090	0.170360	0.000022	0.185633	0.000016	0.175638	36.000000	32.000000	1.180000	22.237883
-301.614777	239.474228	144.699463	-298.779388	-62.424980	6.040416	298.254425	0.488959	-0.000012	0.000000	0.180090	0.170360	0.000022	0.185633	0.000016	0.175638	36.000000	32.000000	1.180000	22.254842
-354.586578	228.895050	149.576981	-351.402344	-109.717995	6.040416	310.735016	0.488959	-0.000012	0.000000	0.180090	0.170360	0.000022	0.185633	0.000016	0.175638	36.000000	36.000000	1.180000	22.725130
-354.946899	229.087402	148.312424	-353.675079	-112.721672	6.040416	310.895020	0.488959	-0.000012	0.000000	0.180090	0.170360	0.000022	0.185633	0.000016	0.175638	36.000000	36.000000	1.180000	22.731096
-355.307251	229.472092	150.118912	-353.150635	-110.938095	6.235266	311.375061	0.488959	-0.000012	0.000000	0.180090	0.170360	0.000022	0.185633	0.000016	0.175638	36.000000	36.000000	1.180000	22.741726
-353.865845	230.241486	152.286713	-354.024719	-109.154533	6.624968	311.695068	0.488959	0.159847	0.000000	0.180090	0.170360	0.000022	0.185633	0.000016	0.175638	36.000000	36.000000	1.180000	22.739128
-401.612518	214.276550	150.841522	-402.451843	-160.521378	6.430117	321.690277	0.488959	-0.000012	0.000000	0.360219	0.170360	0.000022	0.000021	0.000016	0.175638	36.000000	40.000000	1.180000	23.115779
-402.873749	214.276550	152.828644	-402.102203	-159.629578	7.014670	322.095551	0.488959	-0.000012	0.000000	0.180090	0.170360	0.000022	0.000021	0.000016	0.175638	36.000000	40.000000	1.180000	23.109205
-406.477264	215.045944	150.660873	-405.598724	-162.703781	6.819819	322.735596	0.488959	-0.000012	0.000000	0.180090	0.170360	0.000022	0.000021	0.000016	0.175638	36.000000	40.000000	1.180000	23.139803
-404.134979	215.045944	154.273834	-406.298004	-161.769867	6.624968	322.895599	0.488959	-0.000012	0.000000	0.180090	0.170360	0.000022	0.185633	0.000016	0.175638	36.000000	40.000000	1.180000	23.152795
-457.827454	196.003403	151.925415	-457.522369	-217.060547	7.014670	333.136078	0.651955	-0.000012	0.000000	0.180090	0.170360	0.000022	0.185633	0.000016	0.175638	36.000000	44.000000	1.180000	23.510596
-452.602295	195.426361	152.106049	-454.899933	-216.525467	6.819819	333.456116	0.488959	-0.000012	0.000000	0.180090	0.170360	0.000022	0.185633	0.000016	0.351312	36.000000	44.000000	1.180000	23.529149
-459.809357	196.388107	151.383453	-461.018921	-221.220016	6.819819	333.853699	0.488959	-0.000012	0.000000	0.180090	0.170360	0.000022	0.185633	0.000016	0.175638	36.000000	44.000000	1.180000	23.543464
-456.025665	196.195755	152.648010	-453.676147	-216.224731	7.014670	334.333832	0.488959	0.159847	0.000000	0.180090	0.170360	0.000022	0.185633	0.000016	0.175638	36.000000	44.000000	1.180000	23.553731
156.318634	196.965149	-475.205200	-480.599487	-212.244934	7.209521	343.056580	0.651955	-0.000012	0.000000	0.180090	0.170360	0.000022	0.185633	0.000016	0.175638	40.000000	-44.000000	1.180000	23.858589
153.430527	197.349854	-479.715485	-486.019135	-218.665756	7.209521	341.456512	0.488959	-0.000012	0.000000	0.180090	0.170360	0.000022	0.000021	0.000016	0.175638	40.000000	-44.000000	1.180000	23.801687
156.679642	196.772812	-473.401031	-479.375702	-210.104630	7.209521	339.856445	0.488959	-0.000012	0.000000	0.180090	0.170360	0.000022	0.000021	0.000016	0.175638	40.000000	-44.000000	1.180000	23.744648
154.152557	193.502869	-470.694855	-477.277802	-212.958359	7.404373	338.494995	0.651955	-0.000012	0.000000	0.180090	0.170360	0.000022	0.185633	0.000016	0.175638	40.000000	-44.000000	1.180000	23.689039
145.668747	202.927963	-408.272308	-408.745605	-159.629578	6.430117	311.927521	0.488959	0.159847	0.000000	0.180090	-0.000013	0.000022	0.185633	0.000016	0.175638	40.000000	-40.000000	1.180000	22.755048
143.683182	200.619781	-407.731079	-408.395966	-160.878082	6.235266	310.895020	0.488959	-0.000012	0.000000	0.180090	0.170360	0.000022	0.185633	0.000016	0.175638	40.000000	-40.000000	1.180000	22.723831
143.683182	201.004471	-404.303253	-404.899414	-159.451218	6.235266	309.934967	0.488959	-0.000012	0.000000	0.180090	0.170360	0.000022	0.185633	0.000016	0.175638	40.000000	-40.000000	1.180000	22.687998
144.405212	200.427444	-402.499146	-402.277008	-156.775879	6.235266	309.046722	0.488959	-0.000012	0.000000	0.180090	0.170360	0.000022	0.185633	0.000016	0.175638	40.000000	-40.000000	1.180000	22.654796
135.379868	207.736694	-351.983765	-347.031677	-115.962120	5.650713	288.721039	0.488959	-0.000012	0.000000	0.180090	0.170360	0.000022	0.000021	0.000016	0.175638	40.000000	-36.000000	1.180000	21.903885
134.838364	206.390244	-349.638428	-344.758911	-114.891701	5.650713	287.693878	0.488959	-0.000012	0.000000	0.180090	0.170360	0.000022	0.000021	0.000016	0.175638	40.000000	-36.000000	1.180000	21.864108
133.755310	204.274399	-348.195129	-343.010620	-116.288818	5.650713	286.733856	0.488959	0.159847	0.000000	0.180090	0.170360	0.000022	0.185633	0.000016	0.175638	40.000000	-36.000000	1.180000	21.826866
134.657837	205.043793	-348.195129	-342.835815	-113.970169	5.845565	285.933807	0.651955	-0.000012	0.000000	0.180090	0.170360	0.000022	0.185633	0.000016	0.175638	40.000000	-36.000000	1.180000	21.788205
123.285934	210.044876	-302.190063	-295.807343	-82.243912	5.261012	269.773041	0.651955	0.159847	0.000000	0.180090	0.170360	0.000022	0.185633	0.000016	0.175638	40.000000	-32.000000	1.180000	21.173697
124.188477	209.467819	-300.205566	-293.010101	-79.903976	5.261012	269.132996	0.488959	-0.000012	0.000000	0.180090	0.170360	0.000022	0.185633	0.000016	0.175638	40.000000	-32.000000	1.180000	21.148065
124.188477	209.660172	-300.385956	-293.534576	-80.082329	5.455863	268.492981	0.488959	0.159847	0.000000	0.360219	0.170360	0.000022	0.185633	0.000016	0.175638	40.000000	-32.000000	1.180000	21.114583
122.202904	208.121384	-301.468445	-294.059082	-81.887093	5.455863	267.852936	0.488959	0.159847	0.000000	0.180090	0.170360	0.000022	0.000021	0.000016	0.175638	40.000000	-32.000000	1.180000	21.088878
122.383415	234.473160	-281.803528	-283.044983	-61.727528	5.455863	281.679047	0.488959	-0.000012	0.000000	0.180090	0.170360	0.000022	0.185633	0.000016	0.175638	40.000000	-28.000000	1.180000	21.637349
124.188477	235.627274	-281.623108	-282.870148	-58.873074	5.650713	282.159180	0.488959	-0.000012	0.000000	0.180090	0.170360	0.000022	0.185633	0.000016	0.175638	40.000000	-28.000000	1.180000	21.648519
124.549484	236.396667	-281.262299	-282.520477	-58.694672	5.650713	283.213684	0.488959	-0.000012	0.000000	0.180090	0.170360	0.000022	0.185633	0.000016	0.175638	40.000000	-28.000000	1.180000	21.689760
124.910500	237.358414	-283.607635	-284.093933	-59.408283	5.845565	283.693695	0.488959	-0.000012	0.000000	0.180090	0.170360	0.000022	0.185633	0.000016	0.175638	40.000000	-28.000000	1.180000	21.700900
121.841888	263.325500	-263.221069	-280.597382	-43.173592	6.040416	298.734406	0.488959	-0.000012	0.000000	0.180090	0.170360	0.000022	0.185633	0.000016	0.175638	40.000000	-24.000000	1.180000	22.273112
120.758842	262.940765	-259.432434	-278.849121	-41.924767	6.040416	299.123962	0.488959	-0.000012	0.000000	0.360219	0.170360	0.000022	0.185633	0.000016	0.175638	40.000000	-24.000000	1.180000	22.287929
121.841888	262.940765	-263.040680	-280.247742	-44.065605	5.845565	299.694458	0.488959	0.159847	0.000000	0.180090	0.170360	0.000022	0.371246	0.000016	0.175638	40.000000	-24.000000	1.180000	22.317011
120.036819	264.864288	-264.303558	-283.044952	-43.697487	5.845565	300.404327	0.488959	-0.000012	0.000000	0.180090	0.170360	0.000022	0.185633	0.000016	0.175638	40.000000	-24.000000	1.180000	22.343951
113.719101	287.176727	-232.551056	-275.527405	-24.976456	6.235266	310.647186	0.488959	-0.000012	0.000000	0.180090	0.170360	0.000022	0.185633	0.000016	0.175638	40.000000	-20.000000	1.180000	22.714586
112.997070	284.868561	-230.025269	-273.604309	-25.148348	6.040416	311.215027	0.651955	-0.000012	0.000000	0.180090	0.170360	0.000022	0.185633	0.000016	0.175638	40.000000	-20.000000	1.180000	22.743024
112.275040	287.561432	-232.190231	-276.926025	-25.333265	6.040416	311.535034	0.651955	-0.000012	0.000000	0.180090	0.170360	0.000022	0.185633	0.000016	0.175638	40.000000	-20.000000	1.180000	22.754945
112.275040	287.176727	-232.009827	-276.576385	-24.262842	6.040416	311.855072	0.488959	-0.000012	0.000000	0.180090	0.170360	0.000022	0.185633	0.000016	0.175638	40.000000	-20.000000	1.180000	22.766861
96.570976	307.181000	-206.030502	-279.548431	-16.591503	6.819819	322.490509	0.488959	0.159847	0.000000	0.180090	0.170360	0.000022	0.185633	0.000016	0.175638	40.000000	-16.000000	1.180000	23.130825
100.722626	307.565704	-198.994431	-274.653259	-7.492939	7.014670	322.895599	0.488959	-0.000012	0.167562	0.180090	0.170360	0.000022	0.185633	0.192531	0.175638	40.000000	-16.000000	1.180000	23.138526
100.903130	307.758057	-204.587204	-277.625305	-13.555140	7.014670	323.450806	0.488959	-0.000012	0.167562	0.180090	0.170360	0.000022	0.185633	0.000016	0.175638	40.000000	-16.000000	1.180000	23.158852
101.264145	305.257538	-201.881012	-272.380524	-11.774615	7.014670	323.855652	0.488959	-0.000012	0.000000	0.180090	0.340735	0.000022	0.185633	0.000016	0.175638	40.000000	-16.000000	1.180000	23.173662
78.700829	322.568939	-166.339859	-277.625305	-0.535211	7.014670	332.496063	0.651955	0.159847	0.000000	0.360219	0.170360	0.000022	0.185633	0.000016	0.175638	40.000000	-12.000000	1.180000	23.487515
82.310959	324.107727	-168.685211	-278.849121	-0.178405	7.209521	332.656097	0.651955	-0.000012	0.000000	0.180090	0.170360	0.000022	0.185633	0.000016	0.175638	40.000000	-12.000000	1.180000	23.486259
80.866913	322.761261	-167.602737	-279.023956	-1.605632	6.819819	332.816071	0.488959	-0.000012	0.000000	0.180090	0.170360	0.000022	0.185633	0.000016	0.175638	40.000000	-12.000000	1.180000	23.506085
79.603363	322.568939	-167.241913	-278.849121	-1.784034	6.819819	333.296112	0.488959	-0.000012	0.000000	0.180090	0.170360	0.000022	0.000021	0.000016	0.175638	40.000000	-12.000000	1.180000	23.523385
51.263840	336.610382	-128.814163	-283.394623	7.687250	7.209521	341.776520	0.488959	-0.000012	0.000000	0.180090	0.170360	0.000022	0.000021	0.000016	0.175638	40.000000	-8.000000	1.180000	23.813078
54.512959	336.995087	-130.077042	-283.919128	7.866024	7.209521	342.096527	0.488959	-0.000012	0.000000	0.180090	0.170360	0.000022	0.185633	0.192531	0.175638	40.000000	-8.000000	1.180000	23.824464
55.776505	336.995087	-132.061584	-283.744293	5.364623	7.014670	342.256531	0.488959	-0.000012	0.000000	0.180090	0.170360	0.000022	0.185633	0.000016	0.175638	40.000000	-8.000000	1.180000	23.837083
54.512959	337.764465	-133.504868	-285.317719	7.150930	7.209521	342.736572	0.488959	-0.000012	0.000000	0.180090	0.170360	0.000022	0.185633	0.000016	0.175638	40.000000	-8.000000	1.180000	23.847220
20.758240	323.145966	-78.659630	-262.939850	13.229231	6.819819	324.655670	0.488959	-0.000012	0.000000	0.180090	0.170360	0.000022	0.185633	0.000016	0.175638	40.000000	-4.000000	1.180000	23.210016
19.133680	320.645416	-78.298805	-262.765015	12.692911	6.819819	323.535645	0.488959	-0.000012	0.000000	0.180090	0.170360	0.000022	0.185633	0.000016	0.175638	40.000000	-4.000000	1.180000	23.169084
22.382799	320.260712	-82.989510	-263.639160	9.832534	6.624968	322.255554	0.488959	-0.000012	0.000000	0.180090	0.170360	0.000022	0.185633	0.192531	0.351312	40.000000	-4.000000	1.180000	23.129356
20.758240	318.529602	-81.546211	-261.191589	11.083949	6.624968	320.975494	0.488959	-0.000012	0.000000	0.180090	0.170360	0.000022	0.000021	0.000016	0.175638	40.000000	-4.000000	1.180000	23.082407
-10.630389	294.485992	-36.804043	-237.415100	8.938665	6.235266	296.494324	0.488959	-0.000012	0.000000	0.360219	0.170360	0.000022	0.185633	0.000016	0.351312	40.000000	0.000000	1.180000	22.180273
-12.612326	292.947205	-32.654568	-234.268219	10.905175	6.040416	295.694305	0.488959	-0.000012	0.000000	0.180090	0.170360	0.000022	0.185633	0.192531	0.175638	40.000000	0.000000	1.180000	22.157139
-12.972680	293.524231	-32.113335	-233.918579	12.875061	6.040416	295.054260	0.488959	-0.000012	0.000000	0.360219	0.170360	0.000022	0.185633	0.000016	0.175638	40.000000	0.000000	1.180000	22.132645
-14.774440	292.562500	-36.262810	-237.415115	6.972156	5.845565	293.934204	0.488959	-0.000012	0.000000	0.180090	0.170360	0.000022	0.185633	0.000016	0.175638	40.000000	0.000000	1.180000	22.097191
-44.503494	275.828156	-0.180412	-219.932404	9.117439	5.455863	277.517883	0.488959	-0.000012	0.000000	0.180090	0.170360	0.000022	0.185633	0.000016	0.175638	40.000000	4.000000	1.180000	21.473753
-44.503494	274.674072	0.180669	-217.834488	10.011308	5.845565	276.973389	0.488959	-0.000012	0.167562	0.180090	0.170360	0.169809	0.000021	0.000016	0.175638	40.000000	4.000000	1.180000	21.436854
-45.224201	275.443451	1.083912	-218.533783	11.980962	5.650713	276.333344	0.488959	-0.000012	0.000000	0.180090	0.170360	0.000022	0.185633	0.000016	0.175638	40.000000	4.000000	1.180000	21.419246
-44.683674	273.519989	1.445209	-218.184128	11.262722	5.650713	275.693329	0.488959	-0.000012	0.000000	0.180090	0.170360	0.000022	0.185633	0.000016	0.175638	40.000000	4.000000	1.180000	21.393909
-79.457657	269.480652	24.748865	-216.960342	5.541968	5.845565	271.533112	0.651955	0.159847	0.000000	0.180090	0.170360	0.000022	0.185633	0.000016	0.175638	40.000000	8.000000	1.180000	21.220695
-79.998184	269.095947	22.761732	-219.233109	1.966497	5.261012	271.756287	0.651955	-0.000012	0.000000	0.180090	0.170360	0.000022	0.185633	0.000016	0.175638	40.000000	8.000000	1.180000	21.252927
-79.998184	270.634735	24.748865	-219.932404	4.111779	5.455863	272.493164	0.488959	-0.000012	0.000000	0.180090	0.170360	0.000022	0.185633	0.000016	0.175638	40.000000	8.000000	1.180000	21.274529
-79.097305	270.250061	22.942379	-219.932404	3.754232	5.261012	272.813202	0.488959	-0.000012	0.000000	0.180090	0.170360	0.000022	0.185633	0.000016	0.175638	40.000000	8.000000	1.180000	21.295029
-122.880096	281.598633	45.162144	-234.268219	-6.600922	6.040416	288.493958	0.488959	0.159847	0.000000	0.180090	0.170360	0.000022	0.185633	0.000016	0.175638	40.000000	12.000000	1.180000	21.880010
-125.582733	282.945068	45.523441	-237.240280	-7.492939	6.040416	288.721039	0.488959	-0.000012	0.000000	0.180090	-0.000013	0.000022	0.185633	0.000016	0.175638	40.000000	12.000000	1.180000	21.888803
-124.501678	283.137421	45.162144	-237.240280	-8.028150	6.040416	289.293976	0.488959	-0.000012	0.000000	0.180090	0.170360	0.000022	0.185633	0.000016	0.175638	40.000000	12.000000	1.180000	21.910974
-122.339569	283.329773	47.871872	-232.519943	-2.676051	6.235266	290.094025	0.488959	-0.000012	0.000000	0.180090	0.170360	0.000022	0.000021	0.000016	0.175638	40.000000	12.000000	1.180000	21.934369
-176.392395	291.600739	67.381912	-257.170532	-21.759565	6.040416	303.534668	0.488959	-0.000012	0.000000	0.180090	0.170360	0.000022	0.185633	0.000016	0.175638	40.000000	16.000000	1.180000	22.455012
-179.455399	293.908966	67.743210	-259.093658	-20.337973	6.040416	304.014679	0.488959	-0.000012	0.000000	0.180090	0.170360	0.000022	0.185633	0.000016	0.175638	40.000000	16.000000	1.180000	22.473120
-173.869934	291.600739	66.478668	-256.471252	-20.867779	6.235266	304.814728	0.488959	-0.000012	0.000000	0.180090	0.170360	0.000022	0.000021	0.192580	0.175638	40.000000	16.000000	1.180000	22.495931
-174.590637	293.139557	68.104507	-256.296448	-20.516376	6.235266	305.454773	0.488959	-0.000012	0.000000	0.180090	0.170360	0.000022	0.185633	0.000016	0.175638	40.000000	16.000000	1.180000	22.520029
-224.139069	295.255402	84.543518	-281.821167	-39.951988	6.624968	316.335297	0.488959	-0.000012	0.000000	0.180090	0.170360	0.000022	0.185633	0.000016	0.175638	40.000000	20.000000	1.180000	22.911411
-228.102936	296.409485	86.169350	-282.695312	-39.773632	6.624968	316.888947	0.651955	-0.000012	0.000000	0.180090	0.170360	0.000022	0.185633	0.000016	0.175638	40.000000	20.000000	1.180000	22.931881
-226.481354	296.024780	90.143623	-281.821167	-35.680653	6.819819	316.975342	0.488959	0.159847	0.000000	0.180090	0.170360	0.000022	0.185633	0.000016	0.175638	40.000000	20.000000	1.180000	22.927872
-229.003830	297.178894	86.169350	-284.618378	-40.130344	6.430117	317.615356	0.651955	-0.000012	0.167562	0.180090	0.170360	0.000022	0.000021	0.000016	0.175638	40.000000	20.000000	1.180000	22.965901
-280.534210	293.524231	102.066422	-313.115204	-65.473999	6.624968	326.651672	0.488959	-0.000012	0.000000	0.180090	0.170360	0.169809	0.185633	0.000016	0.175638	40.000000	24.000000	1.180000	23.289872
-280.894531	296.024780	100.982529	-313.814545	-62.619541	7.014670	327.535828	0.488959	-0.000012	0.000000	0.360219	0.170360	0.000022	0.185633	0.192580	0.175638	40.000000	24.000000	1.180000	23.307857
-284.317871	296.024780	100.079292	-316.786560	-67.597328	6.819819	328.015839	0.488959	-0.000012	0.000000	0.180090	0.170360	0.000022	0.185633	0.000016	0.175638	40.000000	24.000000	1.180000	23.332381
-282.876465	296.986542	99.537346	-315.038300	-65.295593	6.624968	328.412170	0.488959	-0.000012	0.000000	0.180090	0.170360	0.000022	0.185633	0.000016	0.175638	40.000000	24.000000	1.180000	23.353844
-342.875122	289.292572	112.544037	-351.052704	-98.809814	7.014670	338.096344	0.651955	0.159847	0.000000	0.180090	0.170360	0.000022	0.185633	0.000016	0.175638	40.000000	28.000000	1.180000	23.688718
-336.028412	287.946136	114.892471	-345.458191	-96.159348	7.014670	338.736359	0.488959	0.159847	0.000000	0.180090	0.170360	0.000022	0.185633	0.000016	0.175638	40.000000	28.000000	1.180000	23.711603
-334.226685	291.023712	110.918190	-347.730957	-96.516167	7.014670	338.975128	0.488959	-0.000012	0.000000	0.180090	0.170360	0.000022	0.185633	0.000016	0.175638	40.000000	28.000000	1.180000	23.720136
-336.568939	290.254303	113.266632	-348.605103	-97.051376	7.209521	339.376404	0.488959	-0.000012	0.000000	0.180090	0.170360	0.000022	0.000021	0.000016	0.175638	40.000000	28.000000	1.180000	23.727509
-378.009460	267.364807	113.808571	-376.052948	-134.159256	6.624968	332.816071	0.651955	-0.000012	0.000000	0.180090	0.170360	0.000022	0.185633	0.000016	0.175638	40.000000	32.000000	1.180000	23.513109
-373.685211	265.826019	117.602196	-370.458466	-128.952164	7.014670	331.696045	0.651955	0.159847	0.000000	0.360219	0.170360	0.000022	0.185633	0.000016	0.175638	40.000000	32.000000	1.180000	23.458632
-368.640289	265.633667	113.808571	-366.787109	-128.093552	6.624968	330.415985	0.488959	-0.000012	0.000000	0.180090	0.170360	0.169809	0.185633	0.000016	0.175638	40.000000	32.000000	1.180000	23.426445
-369.541199	264.864288	112.544037	-367.486450	-128.628738	6.624968	329.295898	0.651955	-0.000012	0.000000	0.180090	0.170360	0.000022	0.185633	0.192531	0.175638	40.000000	32.000000	1.180000	23.385891
-376.027527	225.432770	107.666527	-365.738159	-153.426804	6.235266	304.885559	0.488959	-0.000012	0.000000	0.180090	0.170360	0.000022	0.185633	0.000016	0.175638	40.000000	36.000000	1.180000	22.498599
-378.369812	225.817474	108.208466	-368.185730	-152.713196	6.040416	303.854675	0.488959	-0.000012	0.000000	0.360219	0.170360	0.000022	0.000021	0.192531	0.175638	40.000000	36.000000	1.180000	22.467086
-375.486969	223.893982	108.027824	-366.961914	-154.278870	6.235266	303.214661	0.651955	0.159847	0.000000	0.180090	0.170360	0.000022	0.000021	0.000016	0.175638	40.000000	36.000000	1.180000	22.435573
-376.027527	225.048080	107.485886	-365.563324	-151.642776	6.235266	302.734619	0.488959	-0.000012	0.000000	0.360219	0.170360	0.000022	0.185633	0.000016	0.175638	40.000000	36.000000	1.180000	22.417433
-378.189636	192.156433	100.079292	-369.059845	-176.573517	5.650713	285.360107	0.488959	-0.000012	0.000000	0.180090	0.170360	0.000022	0.185633	0.000016	0.175638	40.000000	40.000000	1.180000	21.773463
-378.730164	191.771744	99.537346	-371.157806	-177.465302	5.455863	284.013702	0.651955	-0.000012	0.000000	0.180090	0.170360	0.000022	0.185633	0.000016	0.175638	40.000000	40.000000	1.180000	21.728597
-380.892273	191.579391	98.272804	-372.206757	-179.070511	5.455863	282.959412	0.651955	-0.000012	0.000000	0.180090	0.170360	0.000022	0.185633	0.000016	0.175638	40.000000	40.000000	1.180000	21.687438
-373.685211	190.040604	99.898643	-367.136749	-175.013580	5.845565	281.933624	0.651955	-0.000012	0.000000	0.180090	0.170360	0.000022	0.185633	0.192531	0.175638	40.000000	40.000000	1.180000	21.632057
-378.189636	159.649490	89.782326	-374.654327	-202.666092	5.261012	267.852936	0.488959	-0.000012	0.000000	0.180090	0.170360	0.000022	0.000021	0.000016	0.175638	40.000000	44.000000	1.180000	21.096707
-382.513855	161.188278	88.156487	-379.374664	-205.467361	5.455863	268.812988	0.488959	-0.000012	0.000000	0.180090	0.170360	0.000022	0.185633	0.000016	0.175638	40.000000	44.000000	1.180000	21.127423
-382.513855	161.957672	90.324272	-380.423615	-203.914917	5.455863	269.132996	0.488959	-0.000012	0.000000	0.180090	-0.000013	0.000022	0.185633	0.000016	0.175638	40.000000	44.000000	1.180000	21.140255
-383.594910	161.188278	90.143623	-381.997070	-207.072571	5.455863	269.933014	0.651955	-0.000012	0.000000	0.180090	0.170360	0.000022	0.185633	0.000016	0.175638	40.000000	44.000000	1.180000	21.172301
98.195534	168.689880	-421.622803	-421.158325	-220.627731	6.040416	293.934204	0.651955	-0.000012	0.000000	0.360219	0.170360	0.000022	0.000021	0.000016	0.175638	44.000000	-44.000000	1.180000	22.089717
99.098068	168.497543	-420.901154	-420.808624	-220.627731	6.235266	294.574219	0.488959	-0.000012	0.000000	0.180090	0.170360	0.000022	0.185633	0.000016	0.175638	44.000000	-44.000000	1.180000	22.106789
98.556549	169.266937	-422.885681	-422.906586	-223.659790	6.235266	294.894257	0.651955	-0.000012	0.000000	0.180090	0.170360	0.000022	0.185633	0.000016	0.175638	44.000000	-44.000000	1.180000	22.119054
100.542122	171.382767	-424.870239	-424.305176	-222.112030	6.040416	295.694305	0.488959	-0.000012	0.000000	0.180090	0.170360	0.000022	0.000021	0.000016	0.175638	44.000000	-44.000000	1.180000	22.157139
105.596306	197.734543	-423.426941	-422.032471	-204.093323	6.235266	307.854858	0.488959	0.159847	0.000000	0.180090	0.170360	0.000022	0.185633	0.000016	0.175638	44.000000	-40.000000	1.180000	22.610167
107.220856	199.273331	-422.885681	-421.507996	-202.130890	6.235266	308.494904	0.488959	-0.000012	0.000000	0.180090	0.170360	0.000022	0.185633	0.000016	0.175638	44.000000	-40.000000	1.180000	22.634144
106.859848	200.042740	-425.411469	-423.955536	-203.379700	6.235266	308.814941	0.488959	-0.000012	0.000000	0.180090	0.170360	0.000022	0.185633	0.000016	0.175638	44.000000	-40.000000	1.180000	22.646124
108.303894	198.696289	-422.885681	-421.682800	-201.543488	6.430117	308.974915	0.488959	-0.000012	0.000000	0.180090	0.170360	0.000022	0.000021	0.000016	0.351312	44.000000	-40.000000	1.180000	22.644818
109.567444	227.163910	-418.194977	-412.766632	-179.962280	6.430117	319.855469	0.488959	-0.000012	0.000000	0.180090	0.170360	0.000022	0.185633	0.000016	0.175638	44.000000	-36.000000	1.180000	23.048415
109.206429	225.432770	-417.112518	-412.067322	-181.745865	6.430117	320.175476	0.651955	-0.000012	0.000000	0.180090	0.170360	0.000022	0.000021	0.000016	0.351312	44.000000	-36.000000	1.180000	23.060178
110.289459	227.740952	-418.555817	-414.165222	-181.792908	6.624968	320.975494	0.651955	-0.000012	0.000000	0.180090	0.170360	0.000022	0.185633	0.000016	0.175638	44.000000	-36.000000	1.180000	23.082407
111.011490	227.163910	-420.720734	-416.263153	-183.886139	6.624968	320.975494	0.651955	0.159847	0.000000	0.180090	0.170360	0.000022	0.185633	0.000016	0.175638	44.000000	-36.000000	1.180000	23.082407
112.094536	254.285095	-398.710480	-394.759430	-154.675629	6.819819	331.856018	0.651955	-0.000012	0.000000	0.180090	0.170360	0.000022	0.185633	0.000016	0.175638	44.000000	-32.000000	1.180000	23.471447
109.025925	255.054489	-407.370270	-401.927338	-161.633362	6.624968	332.496063	0.651955	-0.000012	0.000000	0.360219	0.170360	0.000022	0.185633	0.000016	0.175638	44.000000	-32.000000	1.180000	23.501572
111.553009	256.016235	-400.514587	-396.158051	-154.140411	6.624968	333.053497	0.651955	-0.000012	0.000000	0.360219	0.170360	0.000022	0.185633	0.000016	0.175638	44.000000	-32.000000	1.180000	23.521664
111.011490	257.747375	-405.566132	-399.829437	-156.240799	6.624968	333.136078	0.488959	0.159847	0.000000	0.360219	0.170360	0.000022	0.185633	0.000016	0.175638	44.000000	-32.000000	1.180000	23.524639
106.679344	280.059845	-382.473419	-383.745331	-137.013702	7.014670	340.976471	0.488959	-0.000012	0.000000	0.180090	0.170360	0.000022	0.185633	0.000016	0.175638	44.000000	-28.000000	1.180000	23.791531
108.303894	280.059845	-380.308472	-382.871216	-135.764877	7.014670	341.296478	0.488959	0.159847	0.000000	0.180090	0.170360	0.000022	0.185633	0.000016	0.175638	44.000000	-28.000000	1.180000	23.802927
107.040352	280.059845	-385.359985	-387.241852	-140.010315	7.209521	341.776520	0.651955	-0.000012	0.000000	0.360219	0.170360	0.000022	0.185633	0.000016	0.175638	44.000000	-28.000000	1.180000	23.813078
106.318329	280.636871	-380.849701	-383.220856	-137.192123	7.209521	342.256531	0.488959	-0.000012	0.000000	0.180090	0.170360	0.000022	0.185633	0.000016	0.175638	44.000000	-28.000000	1.180000	23.830155
91.155785	281.790955	-322.576630	-341.786835	-104.873962	7.014670	324.655670	0.488959	-0.000012	0.000000	0.360219	0.170360	0.000022	0.185633	0.000016	0.175638	44.000000	-24.000000	1.180000	23.202900
91.516792	278.521027	-322.937469	-341.612030	-110.431625	6.819819	323.695648	0.488959	0.159847	0.000000	0.180090	0.170360	0.000022	0.185633	0.000016	0.175638	44.000000	-24.000000	1.180000	23.174936
88.628685	278.521027	-324.921967	-343.884766	-113.821274	6.819819	322.415588	0.651955	-0.000012	0.000000	0.180090	0.170360	0.000022	0.000021	0.192531	0.175638	44.000000	-24.000000	1.180000	23.128080
91.336288	278.521027	-318.968384	-337.940674	-105.257919	6.819819	321.615540	0.651955	0.159847	0.000000	0.180090	0.170360	0.000022	0.185633	0.000016	0.175638	44.000000	-24.000000	1.180000	23.098746
71.119560	270.827087	-261.056152	-300.702515	-84.206345	6.235266	299.854492	0.651955	0.159847	0.000000	0.180090	0.170360	0.000022	0.185633	0.000016	0.175638	44.000000	-20.000000	1.180000	22.308288
69.675507	269.480652	-264.844788	-302.975250	-87.417595	6.235266	298.734406	0.651955	0.159847	0.000000	0.180090	0.170360	0.169809	0.185633	0.000016	0.351312	44.000000	-20.000000	1.180000	22.265697
70.036514	268.518921	-263.221069	-300.352844	-86.703979	6.235266	297.454346	0.488959	-0.000012	0.000000	0.180090	0.170360	0.169809	0.185633	0.000016	0.175638	44.000000	-20.000000	1.180000	22.216923
70.036514	266.595428	-260.154083	-298.080109	-84.741539	6.235266	296.494324	0.651955	0.159847	0.000000	0.180090	0.170360	0.000022	0.185633	0.000016	0.175638	44.000000	-20.000000	1.180000	22.180273
48.195229	260.247925	-210.179977	-271.506378	-68.863655	5.455863	278.093414	0.488959	0.159847	0.000000	0.180090	0.170360	0.000022	0.185633	0.000016	0.175638	44.000000	-16.000000	1.180000	21.496454
52.166374	260.055573	-208.375854	-269.233612	-64.760384	5.650713	277.517914	0.651955	-0.000012	0.000000	0.180090	0.170360	0.000022	0.185633	0.000016	0.351312	44.000000	-16.000000	1.180000	21.466063
50.361309	258.709137	-209.638733	-269.408447	-66.009209	5.650713	276.973389	0.651955	0.159847	0.000000	0.180090	0.170360	0.000022	0.185633	0.000016	0.175638	44.000000	-16.000000	1.180000	21.444555
51.985867	257.747375	-209.638733	-268.009827	-66.187607	5.650713	276.333344	0.488959	-0.000012	0.000000	0.180090	0.170360	0.000022	0.185633	0.000016	0.175638	44.000000	-16.000000	1.180000	21.419246
32.310658	260.055573	-170.128510	-260.317444	-52.985767	5.650713	271.053101	0.488959	-0.000012	0.000000	0.180090	0.170360	0.000022	0.185633	0.000016	0.175638	44.000000	-12.000000	1.180000	21.209303
31.588631	259.863190	-172.293457	-261.366425	-57.267448	5.455863	271.756287	0.488959	-0.000012	0.000000	0.180090	0.170360	0.169809	0.185633	0.192580	0.175638	44.000000	-12.000000	1.180000	21.245156
32.310658	261.017303	-170.669739	-260.142639	-54.412991	5.650713	272.493164	0.651955	-0.000012	0.000000	0.360219	0.170360	0.000022	0.185633	0.192580	0.175638	44.000000	-12.000000	1.180000	21.266766
30.866606	261.017303	-174.458389	-264.163635	-59.408283	5.650713	273.133209	0.651955	0.159847	0.167562	0.180090	0.170360	0.000022	0.185633	0.000016	0.175638	44.000000	-12.000000	1.180000	21.292255
13.176967	281.598633	-145.772888	-273.254669	-50.844929	6.235266	288.973938	0.651955	-0.000012	0.000000	0.180090	0.170360	0.000022	0.185633	0.000016	0.175638	44.000000	-8.000000	1.180000	21.891051
11.371902	281.213928	-149.381134	-275.702240	-54.948204	6.040416	289.453979	0.651955	-0.000012	0.000000	0.180090	0.170360	0.000022	0.185633	0.192531	0.175638	44.000000	-8.000000	1.180000	21.917162
8.483797	281.406281	-149.200714	-277.625305	-56.197025	5.845565	289.933990	0.488959	-0.000012	0.000000	0.180090	-0.000013	0.000022	0.185633	0.192531	0.175638	44.000000	-8.000000	1.180000	21.943241
10.649875	279.675140	-149.381134	-275.877045	-57.787697	5.845565	290.253998	0.488959	-0.000012	0.000000	0.180090	0.170360	0.000022	0.000021	0.000016	0.175638	44.000000	-8.000000	1.180000	21.955596
-18.738314	296.794189	-116.185318	-286.541504	-55.126610	6.430117	303.374664	0.488959	-0.000012	0.000000	0.180090	0.170360	0.169809	0.185633	0.000016	0.175638	44.000000	-4.000000	1.180000	22.434256
-18.377962	296.409485	-118.530678	-287.765289	-57.981060	6.235266	303.765289	0.488959	-0.000012	0.000000	0.180090	0.170360	0.000022	0.185633	0.000016	0.175638	44.000000	-4.000000	1.180000	22.456362
-20.359900	298.525330	-119.252327	-288.464600	-58.679478	6.235266	304.334686	0.651955	-0.000012	0.000000	0.180090	0.170360	0.000022	0.185633	0.000016	0.175638	44.000000	-4.000000	1.180000	22.477839
-16.576199	297.755920	-114.922440	-284.968079	-53.342575	6.235266	304.974731	0.651955	-0.000012	0.000000	0.180090	0.170360	0.000022	0.185633	0.000016	0.175638	44.000000	-4.000000	1.180000	22.501957
-52.971775	311.027985	-87.138992	-298.779388	-60.121895	6.819819	316.568878	0.488959	-0.000012	0.000000	0.180090	0.170360	0.000022	0.185633	0.000016	0.175638	44.000000	0.000000	1.180000	22.912843
-52.070892	310.835632	-82.628685	-293.359772	-54.412991	6.624968	316.815308	0.651955	-0.000012	0.000000	0.180090	0.170360	0.000022	0.185633	0.000016	0.175638	44.000000	0.000000	1.180000	22.929159
-50.989838	310.835632	-85.695694	-296.331818	-58.159462	6.819819	317.455322	0.488959	-0.000012	0.000000	0.180090	0.170360	0.000022	0.000021	0.000016	0.175638	44.000000	0.000000	1.180000	22.945606
-48.827721	311.220337	-87.138992	-296.856293	-58.159462	6.624968	318.169312	0.651955	-0.000012	0.000000	0.180090	0.170360	0.000022	0.185633	0.000016	0.175638	44.000000	0.000000	1.180000	22.979148
-92.970863	320.645416	-56.649364	-309.269012	-66.544411	6.624968	327.695831	0.488959	-0.000012	0.000000	0.180090	0.170360	0.000022	0.185633	0.000016	0.175638	44.000000	4.000000	1.180000	23.327835
-91.349281	322.568939	-54.484421	-307.695587	-61.727528	6.624968	328.015839	0.488959	-0.000012	0.000000	0.180090	0.170360	0.000022	0.185633	0.000016	0.175638	44.000000	4.000000	1.180000	23.339458
-92.430336	322.184204	-52.139061	-308.045227	-63.154755	6.624968	328.335876	0.488959	-0.000012	0.000000	0.180090	0.170360	0.000022	0.185633	0.000016	0.175638	44.000000	4.000000	1.180000	23.351075
-94.412277	322.953613	-51.778240	-309.618652	-62.441139	6.624968	328.815887	0.488959	-0.000012	0.000000	0.180090	0.170360	0.000022	0.185633	0.000016	0.175638	44.000000	4.000000	1.180000	23.368490
-136.393295	328.339386	-24.355619	-318.709686	-70.826096	6.819819	337.616333	0.488959	-0.000012	0.000000	0.180090	0.170360	0.000022	0.000021	0.000016	0.175638	44.000000	8.000000	1.180000	23.678514
-140.717529	330.070496	-22.190674	-319.583832	-69.755669	6.819819	338.256348	0.488959	-0.000012	0.000000	0.180090	0.170360	0.000022	0.185633	0.000016	0.175638	44.000000	8.000000	1.180000	23.701410
-138.195068	330.262848	-24.896854	-321.506897	-71.718117	7.014670	338.416351	0.488959	-0.000012	0.000000	0.180090	0.170360	0.000022	0.185633	0.000016	0.175638	44.000000	8.000000	1.180000	23.700163
-140.177002	331.224609	-21.288614	-319.758636	-68.328445	6.624968	338.896393	0.651955	-0.000012	0.000000	0.180090	0.170360	0.000022	0.185633	0.000016	0.175638	44.000000	8.000000	1.180000	23.731243
-179.455399	321.991852	2.348451	-317.660706	-78.675835	7.014670	334.813995	0.488959	-0.000012	0.000000	0.180090	0.170360	0.000022	0.000021	0.000016	0.175638	44.000000	12.000000	1.180000	23.571000
-181.977859	320.837799	3.251694	-318.185181	-79.211052	6.624968	333.616119	0.488959	0.159847	0.000000	0.180090	0.170360	0.000022	0.185633	0.000016	0.175638	44.000000	12.000000	1.180000	23.541926
-184.139969	320.645416	1.264560	-320.457947	-80.816673	6.624968	332.733398	0.488959	0.159847	0.000000	0.180090	0.170360	0.000022	0.185633	0.000016	0.175638	44.000000	12.000000	1.180000	23.510129
-182.878738	318.914276	2.709748	-318.709686	-81.887093	6.624968	331.536011	0.488959	-0.000012	0.000000	0.180090	0.170360	0.000022	0.000021	0.000016	0.175638	44.000000	12.000000	1.180000	23.466927
-203.418808	286.984375	23.123028	-295.282837	-82.579323	6.235266	304.654724	0.651955	-0.000012	0.000000	0.180090	0.170360	0.000022	0.185633	0.000016	0.175638	44.000000	16.000000	1.180000	22.489902
-208.103394	286.599701	21.497192	-297.905243	-86.324821	6.040416	303.854675	0.488959	0.159847	0.000000	0.180090	0.170360	0.000022	0.000021	0.000016	0.175638	44.000000	16.000000	1.180000	22.467086
-207.022339	286.599701	22.581083	-296.506622	-83.314316	6.235266	303.054626	0.651955	-0.000012	0.000000	0.180090	0.170360	0.000022	0.000021	0.192531	0.175638	44.000000	16.000000	1.180000	22.429527
-203.058456	285.060883	20.232653	-294.933197	-83.649475	6.040416	302.164825	0.488959	-0.000012	0.000000	0.180090	0.170360	0.000022	0.000021	0.000016	0.175638	44.000000	16.000000	1.180000	22.403254
-231.165939	261.017303	35.949074	-287.240814	-92.591293	5.845565	284.813751	0.488959	-0.000012	0.000000	0.180090	0.170360	0.000022	0.185633	0.000016	0.175638	44.000000	20.000000	1.180000	21.744596
-230.265060	259.863190	33.961937	-288.289764	-94.196915	5.650713	284.079742	0.488959	-0.000012	0.000000	0.180090	0.170360	0.000022	0.185633	0.000016	0.175638	44.000000	20.000000	1.180000	21.723572
-225.400299	258.709137	33.419991	-284.618378	-94.018524	5.650713	283.213684	0.488959	-0.000012	0.000000	0.180090	0.170360	0.000022	0.185633	0.000016	0.175638	44.000000	20.000000	1.180000	21.689760
-228.463287	258.709137	34.503883	-286.541504	-92.948097	5.650713	282.573669	0.488959	-0.000012	0.000000	0.180090	0.170360	0.000022	0.185633	0.000016	0.175638	44.000000	20.000000	1.180000	21.664739
-249.003357	234.473160	43.175014	-279.373596	-103.652290	5.455863	266.412872	0.488959	-0.000012	0.000000	0.180090	0.170360	0.000022	0.185633	0.000016	0.175638	44.000000	24.000000	1.180000	21.030930
-250.444778	235.434906	44.620201	-280.947021	-102.555313	5.650713	266.092834	0.488959	-0.000012	0.000000	0.180090	0.170360	0.000022	0.185633	0.000016	0.175638	44.000000	24.000000	1.180000	21.010171
-251.345657	234.857880	43.175014	-283.044983	-105.079514	5.455863	265.932861	0.488959	-0.000012	0.000000	0.180090	0.170360	0.000022	0.185633	0.000016	0.175638	44.000000	24.000000	1.180000	21.011578
-250.444778	234.280807	42.452415	-281.296692	-105.587387	5.261012	266.314758	0.488959	-0.000012	0.000000	0.180090	0.170360	0.000022	0.185633	0.000016	0.175638	44.000000	24.000000	1.180000	21.034828
-306.119171	236.973694	55.278461	-319.234161	-134.159256	6.040416	282.573669	0.651955	0.159847	0.000000	0.180090	0.170360	0.000022	0.185633	0.000016	0.175638	44.000000	28.000000	1.180000	21.649491
-300.713898	236.396667	56.181705	-313.290039	-131.126404	5.650713	283.213684	0.488959	0.159847	0.000000	0.180090	0.170360	0.000022	0.185633	0.000016	0.175638	44.000000	28.000000	1.180000	21.689760
-307.020050	237.358414	54.555862	-317.311066	-134.694458	5.455863	283.853729	0.651955	-0.000012	0.000000	0.180090	0.170360	0.000022	0.185633	0.000016	0.175638	44.000000	28.000000	1.180000	21.722357
-309.542542	239.666595	51.846138	-319.758667	-135.016296	5.650713	284.493744	0.488959	-0.000012	0.000000	0.180090	0.170360	0.000022	0.000021	0.000016	0.175638	44.000000	28.000000	1.180000	21.739717
-356.568481	236.781342	60.336617	-356.122650	-168.412674	5.845565	299.374451	0.488959	-0.000012	0.000000	0.180090	0.170360	0.000022	0.000021	0.000016	0.175638	44.000000	32.000000	1.180000	22.304856
-361.613434	236.973694	62.685051	-359.619202	-168.234268	6.040416	299.854492	0.488959	-0.000012	0.000000	0.180090	0.170360	0.000022	0.000021	0.000016	0.175638	44.000000	32.000000	1.180000	22.315689
-362.153961	238.127808	60.697914	-359.269562	-169.304687	5.845565	300.494507	0.488959	-0.000012	0.000000	0.180090	0.170360	0.000022	0.000021	0.000016	0.175638	44.000000	32.000000	1.180000	22.347371
-362.334137	238.127808	60.155968	-359.269562	-169.483093	6.040416	301.294556	0.488959	-0.000012	0.000000	0.180090	0.170360	0.000022	0.185633	0.000016	0.175638	44.000000	32.000000	1.180000	22.370310
-410.260986	228.125656	65.756073	-397.906342	-208.731796	6.235266	312.655121	0.651955	0.159847	0.000000	0.180090	0.170360	0.000022	0.185633	0.000016	0.175638	44.000000	36.000000	1.180000	22.789377
-410.441162	229.279770	63.949589	-399.479767	-210.159042	6.235266	313.295135	0.651955	-0.000012	0.000000	0.180090	0.170360	0.000022	0.000021	0.000016	0.175638	44.000000	36.000000	1.180000	22.813164
-413.143768	229.279770	66.839966	-400.353912	-209.445404	6.235266	313.615143	0.488959	0.159847	0.000000	0.180090	0.170360	0.000022	0.185633	0.000016	0.175638	44.000000	36.000000	1.180000	22.825049
-410.801483	229.279770	65.575424	-400.353912	-209.980637	6.430117	314.095154	0.488959	-0.000012	0.000000	0.180090	0.170360	0.000022	0.000021	0.000016	0.175638	44.000000	36.000000	1.180000	22.835634
-456.025665	216.584732	69.188393	-437.242432	-247.980515	6.819819	323.215637	0.651955	-0.000012	0.167562	0.360219	0.170360	0.000022	0.185633	0.000016	0.175638	44.000000	40.000000	1.180000	23.157377
-458.007599	217.546478	67.562561	-439.340332	-249.407745	6.624968	323.695648	0.651955	-0.000012	0.000000	0.180090	0.170360	0.000022	0.185633	0.000016	0.175638	44.000000	40.000000	1.180000	23.182061
-458.367981	216.584732	69.007744	-439.340332	-249.229340	6.624968	323.695648	0.651955	-0.000012	0.000000	0.180090	0.170360	0.000022	0.185633	0.000016	0.175638	44.000000	40.000000	1.180000	23.182061
-456.386017	215.622986	67.743210	-438.641022	-252.910355	6.624968	324.175690	0.651955	-0.000012	0.000000	0.180090	0.170360	0.000022	0.185633	0.000016	0.175638	44.000000	40.000000	1.180000	23.199603
-493.141937	198.696289	68.646454	-475.354736	-294.110809	6.819819	333.296112	0.651955	-0.000012	0.000000	0.180090	0.170360	0.000022	0.185633	0.000016	0.175638	44.000000	44.000000	1.180000	23.523385
-495.304047	198.696289	66.659317	-479.900208	-298.468628	7.209521	333.616119	0.651955	-0.000012	0.000000	0.180090	0.170360	0.000022	0.185633	0.000016	0.175638	44.000000	44.000000	1.180000	23.520874
-496.925659	199.658035	68.465805	-481.823334	-297.499573	6.819819	334.013763	0.488959	0.159847	0.000000	0.180090	0.170360	0.000022	0.185633	0.000016	0.175638	44.000000	44.000000	1.180000	23.549225
-501.069702	199.850388	67.562561	-480.949188	-295.537659	6.819819	334.416138	0.651955	-0.000012	0.000000	0.180090	0.170360	0.000022	0.185633	0.000016	0.175638	44.000000	44.000000	1.180000	23.563701
