71.873520	-360.910400	-379.225983	171.184052	-161.675201	5.456892	273.621643	0.163140	-0.000031	0.167595	0.000010	0.170365	-0.169535	0.000022	0.000029	-0.000010	-44.000000	-44.000000	1.100000	22.081039
72.956924	-362.830170	-381.751770	172.059906	-161.496765	5.263546	274.742371	0.163063	0.000007	0.167614	0.000000	0.170391	0.000000	0.185820	0.000029	-0.000010	-44.000000	-44.000000	1.160000	21.555015
72.776344	-364.749908	-383.375488	172.936203	-163.102798	5.456892	276.023254	0.163140	-0.000031	0.000026	0.000010	0.170391	-0.169535	0.185840	0.000029	-0.000010	-44.000000	-44.000000	1.160000	21.598466
72.415115	-368.013428	-386.442474	173.286407	-165.422653	5.263546	276.823761	0.163063	0.000007	0.167614	0.000000	0.170391	-0.169535	0.185820	0.000029	-0.000010	-44.000000	-44.000000	1.160000	21.638097
79.458038	-365.325806	-386.803314	202.320877	-146.328568	5.458491	291.233337	0.163140	-0.000031	0.000026	0.000010	0.170391	-0.169535	0.185820	0.000032	-0.000010	-44.000000	-40.000000	1.160000	22.197190
78.555046	-366.861603	-388.607422	203.072998	-146.685455	5.458491	291.873749	0.163140	-0.000031	0.000026	0.000010	0.170391	-0.169535	0.185820	0.000032	-0.000010	-44.000000	-40.000000	1.160000	22.222048
78.555107	-367.245575	-388.968262	203.248215	-147.399246	5.458491	292.514191	0.163140	-0.000031	0.167614	0.000010	0.170391	0.000000	0.185820	0.000032	-0.175405	-44.000000	-40.000000	1.160000	22.246879
78.916275	-368.205414	-389.509491	202.196930	-147.220810	5.653436	292.994507	0.163140	-0.000031	0.167588	0.000010	0.170391	-0.169535	0.185797	0.000032	-0.000010	-44.000000	-40.000000	1.160000	22.257934
84.334068	-365.901764	-383.195068	231.808090	-129.732758	6.043327	306.763641	0.163140	-0.000031	0.167588	0.000010	0.170391	-0.169535	0.185820	0.000029	-0.000010	-44.000000	-36.000000	1.170000	22.672711
85.237000	-365.901764	-383.736298	233.910660	-130.268112	6.043327	307.243988	0.163140	-0.000031	0.167614	0.000010	0.170391	0.000031	0.185820	0.000029	-0.000010	-44.000000	-36.000000	1.170000	22.690811
85.417519	-364.557922	-381.390961	232.625229	-129.018967	5.848382	307.884399	0.326209	-0.000031	0.167614	0.000010	0.170391	-0.169535	0.185820	0.000032	-0.000010	-44.000000	-36.000000	1.170000	22.722255
82.528008	-366.669617	-383.555878	234.436279	-130.803452	6.043327	308.293427	0.163140	-0.000031	0.167588	0.000010	0.170391	0.000000	0.185840	0.000029	-0.000010	-44.000000	-36.000000	1.170000	22.730306
84.514656	-359.758575	-364.071381	261.419250	-114.386101	6.238209	321.173218	0.163140	0.000007	0.167614	0.000010	0.170391	-0.169535	0.185820	0.000032	-0.000010	-44.000000	-32.000000	1.170000	23.202380
84.333878	-362.254211	-367.499237	262.470520	-115.099899	6.238273	321.259033	0.489309	-0.000031	0.167614	0.000010	0.170391	0.000031	0.185820	0.000032	-0.000010	-44.000000	-32.000000	1.170000	23.205538
84.334068	-363.598053	-368.220886	261.177856	-116.349052	6.238273	321.973755	0.163140	0.159928	0.167614	0.000010	0.170391	-0.169535	0.185820	0.000032	-0.000010	-44.000000	-32.000000	1.170000	23.231848
84.875832	-362.062256	-365.875488	261.594452	-113.136963	6.238209	322.379517	0.163140	-0.000031	0.167614	0.000010	0.170391	-0.169535	0.185840	0.000032	0.175695	-44.000000	-32.000000	1.170000	23.246773
79.277573	-357.454895	-338.452881	287.628479	-99.931694	6.433155	331.823608	0.326209	0.000007	0.167614	0.000010	0.170365	-0.169535	0.185820	0.000032	-0.000010	-44.000000	-28.000000	1.170000	23.584380
79.819397	-355.727142	-336.468353	286.650055	-99.396347	6.043263	332.143738	0.489309	-0.000031	0.167588	0.000010	0.170365	0.000031	0.185840	0.000032	0.175695	-44.000000	-28.000000	1.170000	23.610097
80.722145	-355.151184	-335.927124	287.453308	-97.076508	6.238273	332.463898	0.326209	0.000007	0.167614	0.000010	0.170391	-0.169535	0.185820	0.000032	0.175695	-44.000000	-28.000000	1.170000	23.614627
79.277573	-356.111084	-337.009583	287.628479	-98.147209	6.238209	332.944092	0.489309	0.000007	0.167614	0.000010	0.170365	-0.169535	0.185820	0.000032	0.000006	-44.000000	-28.000000	1.170000	23.632003
66.636551	-352.655548	-302.009674	310.926025	-87.440247	7.017991	343.028442	0.326209	-0.000031	0.167614	0.000026	0.170365	0.000031	0.185840	-0.192188	-0.175405	-44.000000	-24.000000	1.170000	23.966160
68.081245	-353.807373	-303.092133	310.400543	-87.083336	7.017991	343.668732	0.326209	-0.000031	0.167614	0.000026	0.170365	0.000031	0.185840	0.000032	0.000006	-44.000000	-24.000000	1.170000	23.988983
68.081245	-353.231476	-302.911713	312.231293	-85.477295	6.628100	343.988861	0.326209	-0.000031	0.167614	0.000026	0.170365	-0.169535	0.185840	0.000032	0.000006	-44.000000	-24.000000	1.170000	24.014267
71.873573	-349.967926	-299.303497	311.626709	-80.302261	6.433155	344.308990	0.326209	0.000007	0.167588	0.000010	0.170365	-0.169535	0.185820	0.000032	0.000006	-44.000000	-24.000000	1.170000	24.032593
50.203186	-308.885559	-234.174759	296.737305	-64.420258	6.433155	316.530853	0.489309	0.000007	0.167588	0.000010	0.170365	-0.169535	0.185820	0.000032	-0.175405	-44.000000	-20.000000	1.170000	23.023499
47.674904	-310.805298	-235.257217	295.686615	-65.669395	6.238209	315.176392	0.326209	0.000007	0.167588	0.000026	0.170391	0.000031	0.185820	0.000032	-0.175405	-44.000000	-20.000000	1.170000	22.980414
47.133141	-304.470184	-226.958282	293.759766	-62.457310	5.848318	314.055908	0.326209	0.000007	0.167588	0.000026	0.170391	0.000031	0.185820	0.000032	-0.000010	-44.000000	-20.000000	1.170000	22.953226
48.216694	-307.349792	-232.009827	294.635284	-62.814217	5.653372	312.775360	0.489309	0.000007	0.167588	0.000010	0.170391	0.000031	0.185820	0.000029	0.000006	-44.000000	-20.000000	1.170000	22.912766
27.629791	-275.866089	-171.932617	280.797180	-49.787399	5.456949	292.126404	0.489309	0.000007	0.167588	0.000026	0.170365	-0.169535	0.185820	-0.192188	-0.175405	-44.000000	-16.000000	1.170000	22.136695
25.462748	-279.321625	-174.819214	281.847870	-53.713284	5.651839	291.394073	0.489309	0.000007	0.167614	0.000026	0.170365	0.000031	0.185820	-0.192188	0.000006	-44.000000	-16.000000	1.170000	22.100866
25.462742	-277.401886	-172.473862	280.972351	-51.393444	5.653372	290.845856	0.326209	-0.000005	0.167588	0.000026	0.170365	-0.169535	0.185797	0.000032	0.000006	-44.000000	-16.000000	1.170000	22.079595
26.185089	-274.906219	-171.210983	277.994476	-49.430500	5.848318	290.045532	0.489309	0.159928	0.167588	0.000026	0.340726	0.000031	0.185820	0.000032	0.000006	-44.000000	-16.000000	1.170000	22.041034
7.223474	-254.365051	-124.484268	267.834656	-38.545082	5.263481	273.718445	0.489336	-0.000005	0.167588	0.000026	0.170365	0.000031	0.185820	0.000032	-0.175405	-44.000000	-12.000000	1.170000	21.421890
4.334064	-254.940979	-124.845093	266.258087	-41.221825	5.068536	272.981842	0.489336	-0.000005	0.167588	0.000026	0.170365	0.000031	0.185820	0.000032	0.000006	-44.000000	-12.000000	1.170000	21.400268
3.792341	-254.557022	-123.582207	266.608429	-40.151127	5.262057	272.501495	0.489309	0.000007	0.167588	0.000026	0.340726	-0.169494	0.185797	0.000032	-0.175405	-44.000000	-12.000000	1.170000	21.373338
3.611716	-252.829269	-121.958511	266.257782	-38.901981	5.068536	271.700989	0.489336	-0.000005	0.167588	0.000026	0.340726	0.000031	0.185820	0.000032	0.000006	-44.000000	-12.000000	1.170000	21.349051
-19.829742	-251.293488	-86.236931	271.688660	-34.797646	5.456949	273.622253	0.326235	-0.000005	0.167607	-0.000016	0.170338	-0.169535	0.185820	0.000032	-0.175405	-44.000000	-8.000000	1.170000	21.410330
-19.649471	-252.253342	-86.236931	272.038696	-32.477802	5.067167	274.422791	0.489336	0.000007	0.167588	0.000026	0.170338	-0.169494	0.185797	-0.192188	0.000006	-44.000000	-8.000000	1.170000	21.457795
-20.190281	-254.173080	-88.762695	272.389038	-34.440746	5.263481	275.223297	0.489336	0.159916	0.167588	-0.000016	0.170365	0.000031	0.185820	-0.192188	-0.175405	-44.000000	-8.000000	1.170000	21.481847
-14.962440	-251.101486	-87.499817	272.039001	-29.801062	5.067167	275.863739	0.326209	0.000007	0.167588	-0.000016	0.170338	-0.338987	0.185797	-0.192188	-0.175405	-44.000000	-8.000000	1.170000	21.515114
-48.132187	-267.419250	-57.010185	290.256683	-31.050205	5.456949	292.514862	0.489309	-0.000005	0.167588	-0.000016	0.340698	-0.169494	-0.000002	-0.192188	-0.175405	-44.000000	-4.000000	1.170000	22.151688
-47.591373	-268.187164	-57.010185	290.782166	-30.336407	5.651839	293.155243	0.489336	-0.000005	0.167588	-0.000016	0.170338	-0.169494	0.185797	-0.192188	-0.175405	-44.000000	-4.000000	1.170000	22.168871
-49.394081	-269.147003	-56.468952	292.008057	-32.656250	5.846729	293.955811	0.489336	-0.000005	0.167588	0.000026	0.170338	-0.169494	0.185797	-0.192188	0.000006	-44.000000	-4.000000	1.170000	22.192209
-47.411106	-268.571106	-57.912251	292.533569	-31.942457	5.651839	294.436127	0.489336	-0.000005	0.167588	-0.000016	0.170338	-0.169494	0.185797	-0.192188	-0.175405	-44.000000	-4.000000	1.170000	22.218199
-85.628426	-283.353058	-23.633970	306.897491	-31.764004	6.041608	308.846100	0.326204	0.159955	0.167607	-0.000016	0.340726	-0.338987	0.185797	-0.192188	-0.000009	-44.000000	0.000000	1.170000	22.751144
-85.448158	-285.080841	-25.257679	306.197144	-30.157961	6.041608	309.326416	0.326235	-0.000005	0.167588	0.000026	0.170365	-0.338987	0.185797	-0.192188	-0.000009	-44.000000	0.000000	1.170000	22.769181
-87.431122	-287.576508	-26.340151	307.247833	-33.191601	6.041620	309.966858	0.326204	0.000034	0.167607	-0.000016	0.340698	0.000031	0.185797	-0.192188	-0.175405	-44.000000	0.000000	1.170000	22.793208
-83.645447	-284.504913	-25.257679	306.722656	-29.801062	6.041608	310.446808	0.489336	-0.000005	0.167588	-0.000016	0.170338	-0.338987	0.185797	-0.192188	-0.175405	-44.000000	0.000000	1.170000	22.811199
-126.008995	-301.590576	6.144800	317.583191	-30.871759	6.236510	321.173920	0.326235	-0.000005	0.167607	-0.000016	0.340698	-0.169494	0.185797	-0.192188	-0.175405	-44.000000	4.000000	1.170000	23.202468
-127.811691	-300.054779	7.771364	317.232849	-31.407104	6.431390	321.494537	0.326235	-0.000005	0.167588	0.000026	0.340698	-0.338987	0.185797	-0.192188	-0.175405	-44.000000	4.000000	1.170000	23.207100
-126.730072	-302.166504	5.964064	317.057678	-29.622608	6.431390	322.134979	0.326204	-0.000005	0.167588	-0.000016	0.170338	-0.169494	0.185797	-0.192188	-0.000009	-44.000000	4.000000	1.170000	23.230675
-132.859268	-303.702271	7.771356	318.108704	-34.797646	6.431390	322.295074	0.489305	0.159916	0.167607	-0.000016	0.170338	-0.169494	0.185797	-0.192188	-0.000009	-44.000000	4.000000	1.170000	23.236564
-177.746582	-319.252136	36.507298	326.691681	-38.545082	6.626281	333.022247	0.326204	0.000034	0.167607	0.000000	0.170338	-0.169494	0.185752	-0.192188	-0.000022	-44.000000	8.000000	1.170000	23.620792
-173.600357	-315.708649	38.676094	325.115479	-33.191601	6.626281	333.662231	0.489336	-0.000005	0.167607	-0.000016	0.340698	-0.169494	0.185797	-0.192188	-0.175405	-44.000000	8.000000	1.180000	23.543539
-175.222809	-317.716370	38.676094	327.918213	-33.191601	6.626281	333.982880	0.489336	-0.000005	0.335189	-0.000016	0.170397	-0.169494	0.185797	-0.192188	-0.000022	-44.000000	8.000000	1.180000	23.555078
-176.124161	-319.930878	35.061504	326.341705	-38.188183	6.626281	334.463196	0.489336	0.159916	0.167607	0.000000	0.340698	-0.169494	0.185797	-0.192188	-0.000022	-44.000000	8.000000	1.180000	23.572352
-229.844727	-335.185944	66.508347	330.896088	-43.184765	6.626281	344.229706	0.326204	0.159955	0.167582	0.000000	-0.000006	-0.169494	0.185752	-0.192188	-0.175405	-44.000000	12.000000	1.180000	23.920894
-223.174728	-330.194641	65.243240	328.794067	-40.686478	6.626281	342.628967	0.489336	0.000034	0.167607	0.000000	0.340698	-0.169494	0.185752	-0.192188	-0.000009	-44.000000	12.000000	1.180000	23.864117
-225.518219	-331.638000	64.881859	327.392700	-41.400276	6.626281	341.027588	0.489336	0.000034	0.167607	-0.000016	0.340698	-0.169494	0.185797	-0.192188	-0.000009	-44.000000	12.000000	1.180000	23.807181
-222.994446	-328.466858	62.713100	325.991333	-42.827866	6.626281	339.426514	0.326204	0.159955	0.167607	0.000000	0.170338	-0.169494	0.185752	-0.192188	-0.000009	-44.000000	12.000000	1.180000	23.750120
-243.184738	-305.344971	77.532913	291.483154	-48.002903	6.041608	310.126953	0.326204	0.000034	0.167607	-0.000016	0.170397	-0.169494	0.185752	-0.192188	-0.000022	-44.000000	16.000000	1.180000	22.702399
-243.364990	-304.193420	78.617294	289.906647	-46.753757	5.846717	309.166321	0.489305	0.000034	0.167607	-0.000016	0.340698	-0.169494	0.185752	-0.192188	-0.000022	-44.000000	16.000000	1.180000	22.673796
-244.086075	-303.041931	78.617378	289.381134	-46.396858	5.651827	308.205688	0.326204	0.000034	0.167607	-0.000016	-0.000006	-0.169494	0.185752	-0.192188	-0.000022	-44.000000	16.000000	1.180000	22.645158
-241.742554	-301.698456	76.448532	287.804291	-48.002903	6.041608	307.565247	0.326204	0.000034	0.335189	0.000000	0.170397	-0.169494	0.185752	-0.192188	-0.000022	-44.000000	16.000000	1.180000	22.606571
-261.211761	-290.840027	87.653755	261.178467	-54.427078	5.651827	289.153229	0.326204	-0.000031	0.167582	0.000000	0.170397	-0.169494	0.185752	-0.192188	-0.175405	-44.000000	20.000000	1.180000	21.920558
-262.473633	-292.951752	85.485008	261.003296	-56.211582	5.651827	288.512787	0.489305	-0.000031	0.167582	0.000000	0.170397	-0.338987	0.185752	-0.192188	-0.000022	-44.000000	20.000000	1.180000	21.895784
-257.245819	-289.031738	87.834488	260.478058	-53.177940	5.651827	287.712280	0.326204	0.159891	0.167582	0.000000	0.170397	-0.169494	0.185752	-0.192188	-0.175405	-44.000000	20.000000	1.180000	21.864779
-260.310394	-290.567108	85.485008	259.251862	-56.211582	5.651827	287.071594	0.326204	0.000034	0.167607	0.000000	0.170397	-0.169494	0.185783	-0.192188	-0.000022	-44.000000	20.000000	1.180000	21.839933
-278.337463	-289.223663	91.629807	235.253525	-69.773743	5.262045	271.221252	0.326204	-0.000031	0.167582	-0.000039	0.000019	-0.169494	0.185752	-0.192188	-0.000022	-44.000000	24.000000	1.180000	21.231540
-277.976929	-287.880219	90.906891	234.027344	-69.059944	5.456936	270.740936	0.326204	0.159891	0.167582	0.000000	0.170397	-0.169494	0.185752	-0.384376	-0.175405	-44.000000	24.000000	1.180000	21.204572
-276.895264	-286.920624	90.183968	233.677002	-68.167694	5.067154	269.940155	0.326204	0.159955	0.167582	0.000000	-0.000006	-0.169494	0.185783	-0.192188	-0.000022	-44.000000	24.000000	1.180000	21.188140
-274.191223	-285.193359	91.087723	232.976318	-66.026299	5.067154	269.299957	0.326204	-0.000031	0.167582	0.000000	-0.000006	-0.169494	0.185783	-0.192188	0.000015	-44.000000	24.000000	1.180000	21.162518
-314.932343	-314.068848	98.859100	227.546051	-92.436821	5.651813	278.105865	0.489305	-0.000031	0.167607	-0.000039	0.170423	-0.338987	0.185783	-0.384376	-0.175405	-44.000000	28.000000	1.180000	21.489218
-317.733521	-317.140442	98.136185	227.020538	-94.578217	5.262031	278.746033	0.326204	0.159891	0.167582	0.000000	0.000019	-0.169494	0.000034	-0.384376	0.000015	-44.000000	28.000000	1.180000	21.529798
-317.816650	-316.476318	101.389313	227.896362	-90.473885	5.456921	279.386719	0.326204	0.159891	0.335195	-0.000039	0.170423	-0.169494	0.185783	-0.192188	0.000015	-44.000000	28.000000	1.180000	21.547339
-320.520721	-319.636078	100.666397	228.597366	-95.113571	5.262031	280.027161	0.489305	0.159891	0.335195	-0.000039	0.170423	-0.169494	0.185783	-0.192188	0.000015	-44.000000	28.000000	1.180000	21.580167
-365.672882	-361.678314	111.148712	225.969788	-126.163773	5.651813	294.917084	0.489276	0.000008	0.167607	-0.000039	0.170423	-0.169494	0.185783	-0.192188	0.000015	-44.000000	32.000000	1.180000	22.142270
-364.506683	-359.374634	110.425797	223.517136	-125.806877	5.456936	295.557526	0.326204	-0.000031	0.000000	0.000000	-0.000006	-0.169494	0.000034	-0.384376	-0.175405	-44.000000	32.000000	1.180000	22.174217
-367.210724	-362.537140	110.425797	226.495026	-127.591370	5.651827	296.197937	0.326204	-0.000031	0.167582	-0.000039	0.170423	-0.169494	0.185783	-0.192188	-0.000022	-44.000000	32.000000	1.180000	22.191238
-367.751556	-363.688690	110.967979	227.195709	-128.305161	5.651813	296.838104	0.326204	0.159891	0.167582	-0.000039	0.170423	-0.169494	0.185783	-0.384376	0.000015	-44.000000	32.000000	1.180000	22.215672
-406.509674	-399.769653	117.654976	215.284134	-170.776123	6.041608	308.525879	0.326204	-0.000031	0.167607	-0.179894	0.000019	-0.169494	0.185783	-0.192188	0.000015	-44.000000	36.000000	1.180000	22.642553
-408.492676	-401.416870	118.197159	215.809921	-168.991638	5.846704	308.846405	0.489276	0.159930	0.335195	-0.000039	0.170423	-0.169494	0.185783	-0.192188	0.000015	-44.000000	36.000000	1.180000	22.661836
-408.385803	-401.608826	116.028412	217.036087	-170.954590	6.041594	309.486816	0.489276	0.000008	0.167607	-0.179894	0.000019	-0.169494	0.000013	-0.384376	-0.175405	-44.000000	36.000000	1.180000	22.678491
-411.089142	-404.872375	117.654976	218.087128	-171.133041	6.041594	309.967163	0.652378	0.159930	0.335195	-0.000039	0.170423	-0.169494	0.185762	-0.192188	0.000015	-44.000000	36.000000	1.180000	22.696433
-449.414093	-439.619629	120.546654	203.547989	-215.031601	6.821159	321.014252	0.489305	0.319813	0.167607	0.180219	0.170423	0.169844	0.185783	-0.000005	0.175766	-44.000000	40.000000	1.180000	23.076626
-454.822144	-444.034973	120.546654	203.197647	-217.172989	6.626268	321.174347	0.326204	0.319852	0.167607	0.180219	0.170423	-0.000014	0.185783	0.000022	0.175766	-44.000000	40.000000	1.180000	23.089658
-455.784454	-444.418976	123.077003	202.847305	-217.708313	6.431376	321.494843	0.652378	0.159930	0.167607	-0.000039	0.170423	-0.169494	0.185762	-0.192188	0.175766	-44.000000	40.000000	1.180000	23.108568
-456.144928	-444.994873	121.450424	203.547989	-219.135910	6.431376	321.975159	0.815479	0.159930	0.502777	0.180232	0.340801	-0.169494	0.557260	-0.192188	0.000001	-44.000000	40.000000	1.180000	23.126175
-496.154480	-485.749908	121.088966	183.928909	-268.209503	6.626308	332.862427	0.652378	0.159930	0.335163	0.180232	0.170397	0.000019	0.371511	-0.192188	0.000001	-44.000000	44.000000	1.180000	23.514731
-494.121094	-483.638763	118.920090	184.279251	-271.064697	6.821159	333.022552	0.652378	-0.159526	0.167607	-0.359789	0.170397	-0.508482	0.185762	-0.576564	0.000001	-44.000000	44.000000	1.180000	23.513479
-498.497406	-489.396393	120.546776	183.275040	-275.347504	6.626308	333.983215	0.489297	0.159917	-0.000006	-0.000026	-0.000006	0.000019	0.000013	0.000022	0.000001	-44.000000	44.000000	1.180000	23.555089
-497.185669	-487.037079	118.558624	185.155090	-273.384552	6.821159	334.303406	0.652378	0.159930	0.670365	0.180219	0.340827	-0.169494	0.371511	-0.192188	0.000001	-44.000000	44.000000	1.180000	23.559598
133.815460	-460.032623	-474.663971	212.535950	-157.213974	6.821199	343.109711	0.489276	0.159930	0.167582	-0.000026	0.170397	-0.169494	0.185739	-0.192188	0.000001	-40.000000	-44.000000	1.180000	23.874265
135.260010	-458.881042	-474.122711	212.832031	-155.251038	6.626268	341.348114	0.489276	0.159930	0.167607	-0.000026	0.170397	-0.169494	0.185762	-0.384376	0.000001	-40.000000	-44.000000	1.180000	23.818588
133.815186	-453.249725	-467.627869	211.956161	-152.217392	6.626268	339.907166	0.489276	0.159930	0.167607	-0.000026	0.170397	-0.169494	0.185762	-0.192188	0.000001	-40.000000	-44.000000	1.180000	23.767264
135.260010	-456.194183	-471.416504	210.258163	-154.001892	6.626308	338.306488	0.489297	0.159917	0.335163	-0.000026	0.170397	-0.169537	0.185762	-0.192188	0.000001	-40.000000	-44.000000	1.180000	23.710120
125.689011	-382.688751	-401.236267	216.040253	-110.103325	5.651889	310.607971	0.489297	0.159917	0.335163	-0.000026	-0.000006	-0.169494	0.185739	-0.192188	-0.000014	-40.000000	-40.000000	1.180000	22.734879
124.605476	-383.072632	-402.318726	214.988953	-110.817123	6.431417	309.166992	0.489297	-0.000005	0.167582	-0.000013	0.170357	-0.169537	0.185762	-0.384376	0.000001	-40.000000	-40.000000	1.180000	22.651956
122.799477	-380.577667	-399.071320	213.937668	-111.174011	6.041634	308.366455	0.489297	0.159917	0.335163	-0.000026	0.170357	-0.169537	0.185762	-0.192188	-0.175405	-40.000000	-40.000000	1.180000	22.636585
123.341530	-381.729156	-399.071320	213.236801	-110.995567	6.041634	307.886139	0.489297	0.159917	0.167582	-0.000026	0.170397	-0.169537	0.185739	-0.192188	-0.000014	-40.000000	-40.000000	1.180000	22.618596
115.576256	-320.979889	-337.370422	217.792404	-73.878075	5.456998	286.431763	0.489297	0.159917	0.167582	-0.000026	0.170397	-0.169537	0.185739	-0.192188	-0.000014	-40.000000	-36.000000	1.180000	21.822658
113.770370	-320.979889	-336.648773	217.967834	-74.234978	5.846781	285.791351	0.489297	0.159917	0.335163	-0.000026	0.170397	-0.169537	0.185739	-0.192188	-0.175405	-40.000000	-36.000000	1.180000	21.782616
113.950806	-320.314728	-335.025055	215.689835	-73.164276	5.651889	284.990814	0.489297	-0.000005	-0.000019	-0.000013	0.170357	-0.169537	0.185762	-0.384376	0.000001	-40.000000	-36.000000	1.180000	21.759040
114.492577	-319.547028	-335.566284	216.565903	-74.770317	5.651852	284.190277	0.489276	0.159917	0.167582	-0.000026	0.170397	-0.169537	0.185739	-0.192188	-0.000014	-40.000000	-36.000000	1.180000	21.727840
105.463181	-277.132690	-279.999420	219.894989	-47.467556	5.262107	268.820251	0.489272	0.159904	-0.000019	-0.000013	-0.000005	-0.169537	0.185739	-0.192188	-0.000014	-40.000000	-32.000000	1.180000	21.135485
105.463333	-277.977783	-281.442688	220.245636	-47.289108	5.262069	268.019440	0.489297	0.159917	0.167582	-0.000013	0.170397	-0.169537	0.185770	-0.192188	-0.000014	-40.000000	-32.000000	1.180000	21.103353
106.004951	-279.051880	-283.066406	218.318054	-47.824455	5.262107	267.539398	0.489272	0.159904	-0.000019	-0.000013	0.170357	-0.169537	0.185739	-0.192188	-0.000014	-40.000000	-32.000000	1.180000	21.084064
106.185425	-276.940765	-281.081879	218.843704	-47.646004	5.067178	266.738586	0.489297	-0.000018	-0.000019	-0.000013	-0.000005	-0.169537	0.185739	-0.192188	-0.175405	-40.000000	-32.000000	1.180000	21.059698
106.005096	-275.866089	-261.597382	247.754425	-30.693310	5.456998	283.870331	0.489297	0.159917	0.167582	-0.000013	0.170357	-0.169537	0.185739	-0.192188	-0.000014	-40.000000	-28.000000	1.180000	21.722960
107.810707	-274.253876	-258.891205	248.455292	-27.659668	5.262107	284.670898	0.489272	0.159904	-0.000019	-0.000013	0.170357	-0.169537	0.185770	-0.192188	-0.000014	-40.000000	-28.000000	1.180000	21.761760
105.643776	-275.213501	-259.793274	248.279846	-29.979507	5.456998	285.471405	0.489272	0.159904	-0.000019	-0.000003	0.170330	-0.169537	0.185770	-0.192188	-0.000014	-40.000000	-28.000000	1.180000	21.785332
108.894508	-273.754395	-259.071625	248.805481	-26.945868	5.651852	286.111572	0.489297	0.159904	-0.000019	-0.000013	0.170357	-0.169537	0.185770	-0.384376	0.000023	-40.000000	-28.000000	1.180000	21.802648
102.573921	-267.419250	-228.762390	273.160645	-12.134564	5.651889	298.920441	0.489272	-0.000018	-0.000019	-0.000003	0.170330	-0.169537	0.185770	-0.384376	0.000023	-40.000000	-24.000000	1.180000	22.294962
100.948494	-270.106903	-231.649002	274.036713	-14.811306	6.041673	299.560883	0.489272	-0.000018	-0.000019	-0.000013	0.170357	-0.169537	0.185739	-0.384376	-0.000014	-40.000000	-24.000000	1.180000	22.304487
98.600853	-271.834625	-232.911880	273.335876	-17.488047	5.846781	300.201324	0.489272	0.159904	-0.000019	-0.000003	0.170357	-0.169537	0.185739	-0.384376	-0.000014	-40.000000	-24.000000	1.180000	22.336204
103.476723	-271.642670	-234.174759	274.912811	-14.632856	5.846781	300.841736	0.489272	0.159904	0.000000	-0.000003	0.170330	-0.169537	0.185770	-0.384376	0.000023	-40.000000	-24.000000	1.180000	22.360489
90.113365	-267.803192	-198.092361	298.041229	-0.892248	6.041673	313.169983	0.489272	-0.000032	0.000000	-0.000003	0.170330	-0.169537	0.185770	-0.192188	-0.175405	-40.000000	-20.000000	1.180000	22.815706
92.280418	-265.307556	-195.205765	297.515930	2.146244	5.846717	313.810425	0.489272	0.159904	-0.000019	-0.000013	0.170357	-0.169537	0.185739	-0.384376	-0.000014	-40.000000	-20.000000	1.180000	22.846715
90.293816	-265.115570	-193.942886	297.165131	1.073125	6.041608	314.291107	0.489272	-0.000032	0.000000	-0.000003	0.170330	-0.169537	0.185770	-0.192188	-0.000014	-40.000000	-20.000000	1.180000	22.857314
92.280418	-268.571106	-197.911957	298.917664	1.073125	6.236501	314.931549	0.489272	0.159904	-0.000019	-0.000013	0.170357	-0.169537	0.185770	-0.384376	-0.000014	-40.000000	-20.000000	1.180000	22.873826
74.582802	-267.995178	-157.319260	317.315277	13.950559	6.431392	325.658752	0.489272	0.159904	-0.000019	-0.000003	0.170330	-0.169537	0.185770	-0.192188	-0.175405	-40.000000	-16.000000	1.180000	23.260768
72.054466	-269.914917	-159.664612	317.140076	9.300375	6.236501	326.139099	0.489296	0.159891	0.000000	-0.000003	-0.000032	-0.169537	0.185770	-0.192188	0.000023	-40.000000	-16.000000	1.180000	23.285355
78.194626	-268.379120	-160.386261	316.789612	13.056293	6.431455	326.458923	0.326169	0.159904	0.000000	-0.000003	0.170330	-0.169537	0.185770	-0.192188	0.000023	-40.000000	-16.000000	1.180000	23.289900
74.402275	-268.955048	-157.860489	318.015778	12.340849	6.236501	326.779144	0.489296	-0.000032	0.167588	-0.000003	0.170330	-0.169537	0.185749	-0.192188	0.000010	-40.000000	-16.000000	1.180000	23.308638
52.912292	-270.490814	-116.185318	332.558624	21.820059	6.626284	335.425323	0.489296	0.159891	0.000000	0.000013	-0.000005	-0.169537	0.185749	-0.384376	-0.175405	-40.000000	-12.000000	1.180000	23.606917
51.828728	-268.955048	-114.922440	330.981720	20.210424	6.821175	335.745514	0.489296	0.159891	0.000000	-0.000003	0.170330	-0.169537	0.185749	-0.192188	0.000023	-40.000000	-12.000000	1.180000	23.611414
53.815235	-270.298859	-117.628609	331.332123	21.104649	6.821175	336.065735	0.489296	0.159891	0.167588	0.000013	0.170357	-0.169537	0.185749	-0.192188	0.000010	-40.000000	-12.000000	1.180000	23.622905
51.828728	-268.763062	-113.839958	331.858154	23.966341	6.821175	336.385956	0.489296	0.159891	0.167588	-0.000003	0.170330	-0.169537	0.185749	-0.192188	0.000023	-40.000000	-12.000000	1.180000	23.634390
25.101725	-272.026611	-73.247269	340.093292	29.510792	7.016067	341.189209	0.489296	-0.000032	0.167588	0.000013	0.170330	-0.169537	0.185749	-0.192188	0.000010	-40.000000	-8.000000	1.180000	23.799058
24.379431	-268.571106	-70.180260	337.815491	27.901114	6.431392	339.748230	0.489296	0.159891	0.167562	0.000013	0.170357	-0.169537	0.185749	-0.384376	0.000010	-40.000000	-8.000000	1.180000	23.768546
24.740553	-268.763062	-72.345207	334.661957	27.722307	7.210959	338.307251	0.489296	0.159891	0.167588	0.000013	0.170357	-0.169537	0.185770	-0.384376	0.000010	-40.000000	-8.000000	1.180000	23.689241
27.088255	-265.307556	-71.623558	335.187622	30.047352	7.016067	336.706177	0.326169	0.159891	0.167588	0.000013	0.170357	-0.169537	0.185749	-0.192188	0.000010	-40.000000	-8.000000	1.180000	23.638884
-9.191383	-242.078751	-21.469027	308.204071	32.730152	6.041648	309.168030	0.326193	0.159931	0.000000	0.000013	0.170357	-0.169537	0.185749	-0.192188	0.000010	-40.000000	-4.000000	1.180000	22.666573
-11.357034	-241.435547	-20.386555	307.853973	31.478230	5.846756	308.046906	0.489296	0.159891	0.000000	0.000013	0.170357	-0.338989	0.185749	-0.384376	0.000010	-40.000000	-4.000000	1.180000	22.631916
-8.652977	-240.859787	-23.273146	306.101501	30.762764	5.846717	306.926178	0.326193	0.159931	0.167562	0.000013	0.170357	-0.169537	0.185749	-0.192188	0.000010	-40.000000	-4.000000	1.180000	22.589913
-7.210816	-239.132523	-21.829851	305.926605	33.087860	6.041608	305.965546	0.489296	0.159891	-0.000019	0.000013	0.170357	-0.338989	0.185749	-0.384376	-0.175405	-40.000000	-4.000000	1.180000	22.546523
-40.560829	-226.081924	13.193319	287.178528	30.762815	5.651864	286.112213	0.326193	0.159931	0.167562	-0.000022	0.170385	-0.338989	0.185749	-0.192188	0.000010	-40.000000	0.000000	1.180000	21.802673
-41.462181	-225.314255	13.012604	284.900726	31.299377	5.262081	285.311981	0.489296	0.159891	-0.000019	0.000013	0.170357	-0.338989	0.185749	-0.384376	0.000010	-40.000000	0.000000	1.180000	21.786712
-37.846874	-221.153595	14.639163	283.674225	33.266766	5.262081	284.671570	0.652416	0.159931	0.167588	0.000013	0.170357	-0.338989	-0.000019	-0.384376	0.000010	-40.000000	0.000000	1.180000	21.761788
-42.543808	-225.122345	12.470412	284.900726	28.616575	5.456972	284.031128	0.326193	-0.000032	-0.000019	0.000013	0.170357	-0.338989	0.185749	-0.384376	0.000010	-40.000000	0.000000	1.180000	21.729234
-68.683006	-209.768723	41.929504	266.327850	29.868547	5.067189	268.500671	0.489296	0.159931	0.167562	-0.000022	0.170385	-0.338989	0.185730	-0.384376	-0.175405	-40.000000	4.000000	1.180000	21.130485
-73.189766	-215.334427	38.676353	266.152649	27.006895	5.067189	267.700165	0.489315	0.159919	-0.000019	-0.000022	0.170357	-0.338989	0.185730	-0.384376	0.000048	-40.000000	4.000000	1.180000	21.098356
-68.142197	-209.960632	41.929504	265.802185	30.583961	5.067189	267.219818	0.489296	0.159931	0.167562	-0.000022	0.170385	-0.338989	0.185749	-0.384376	0.000010	-40.000000	4.000000	1.180000	21.079053
-70.485718	-211.879837	40.483662	266.327850	29.510843	4.872296	266.419281	0.652416	0.159931	-0.000019	-0.000022	0.170385	-0.338989	0.185730	-0.384376	0.000048	-40.000000	4.000000	1.180000	21.054691
-108.674599	-224.546585	67.593254	276.315430	29.689745	5.262118	279.708221	0.489315	0.000008	0.167562	-0.000022	0.170385	-0.338989	-0.000019	-0.384376	0.000010	-40.000000	8.000000	1.180000	21.567635
-110.145187	-227.233444	67.051064	278.768158	26.291481	5.262081	280.668854	0.489315	0.159919	0.000006	-0.000022	0.170385	-0.338989	0.185730	-0.384376	0.000048	-40.000000	8.000000	1.180000	21.605350
-109.575714	-227.041519	67.051064	277.892395	27.185793	5.457010	281.149475	0.489315	0.159931	0.167562	-0.000022	0.170385	-0.338989	0.185730	-0.384376	0.000048	-40.000000	8.000000	1.180000	21.616553
-109.964920	-227.425354	67.773903	277.716858	28.795479	5.262118	281.629822	0.652416	0.159931	0.167562	-0.000022	0.170385	-0.338989	0.185730	-0.384376	0.000048	-40.000000	8.000000	1.180000	21.643009
-155.393066	-247.454025	92.714905	289.456635	21.999039	5.846795	296.359436	0.652416	0.159919	0.167595	-0.000022	0.170360	-0.338989	0.185730	-0.192188	0.000048	-40.000000	12.000000	1.180000	22.189959
-153.770630	-245.082031	93.979919	288.405029	25.576113	5.651902	296.679962	0.652440	0.159919	0.167562	-0.000022	0.170385	-0.338989	0.185709	-0.192188	0.000025	-40.000000	12.000000	1.180000	22.209635
-155.212784	-246.425461	93.979919	289.807068	25.576113	5.846795	297.320068	0.489315	0.159931	0.167595	-0.179894	0.170385	-0.338989	0.185709	-0.384376	0.000048	-40.000000	12.000000	1.180000	22.226617
-156.294403	-246.302170	96.690880	291.033264	27.185749	5.457010	297.640594	0.489339	0.159919	0.000006	-0.000022	0.170385	-0.338989	0.185730	-0.384376	-0.175405	-40.000000	12.000000	1.180000	22.253684
-208.933365	-265.041748	117.474899	296.465271	13.235209	6.041687	311.089661	0.652440	0.159919	0.167595	-0.000022	0.170385	-0.338989	0.185709	-0.384376	0.000025	-40.000000	16.000000	1.180000	22.738304
-202.804153	-262.619934	116.390518	296.290070	14.844892	6.041687	311.409882	0.489315	0.159919	0.167595	-0.000010	0.170360	-0.338989	0.185709	-0.192188	0.000025	-40.000000	16.000000	1.180000	22.750235
-204.787140	-260.892181	118.920876	296.114838	14.308331	6.236579	311.890198	0.489339	0.159919	0.167569	-0.000010	0.170360	-0.338989	0.185730	-0.384376	0.000025	-40.000000	16.000000	1.180000	22.760865
-202.804153	-260.508240	119.101479	297.516571	16.096869	5.846795	312.530609	0.652416	0.159919	0.167595	-0.000010	0.170360	-0.338989	0.185709	-0.192188	0.000048	-40.000000	16.000000	1.180000	22.799190
-250.936371	-284.312958	136.271027	295.239075	-3.033640	6.236567	322.617432	0.489315	0.159919	0.167595	-0.000010	0.170360	-0.338989	0.185709	-0.384376	0.000025	-40.000000	20.000000	1.180000	23.156829
-254.722046	-287.192566	137.897614	296.640503	-0.892248	6.041687	322.937622	0.489339	0.159921	0.167569	-0.000010	0.170385	-0.338989	0.185709	-0.384376	0.000025	-40.000000	20.000000	1.180000	23.175672
-255.983917	-287.192566	137.897461	295.589203	-0.892248	6.236567	323.417969	0.489339	0.159919	0.167595	-0.000022	0.170360	-0.338989	0.185709	-0.384376	0.000025	-40.000000	20.000000	1.180000	23.186108
-254.361511	-286.424652	138.078339	295.764404	-2.855191	6.431471	323.417969	0.489339	0.159921	0.167569	-0.000010	0.170360	-0.338989	0.185709	-0.192188	0.000025	-40.000000	20.000000	1.180000	23.178983
-304.837189	-318.676239	153.621185	291.384338	-24.269129	6.626350	333.184540	0.489339	0.159919	0.167569	0.000003	0.170360	-0.169495	-0.000040	-0.192188	0.000025	-40.000000	24.000000	1.180000	23.526336
-301.051544	-316.180573	153.982651	291.559540	-24.982927	6.431458	333.985077	0.489339	0.159919	-0.000019	-0.179894	0.170386	-0.338989	-0.000040	-0.384376	-0.175405	-40.000000	24.000000	1.180000	23.562165
-308.803162	-322.042023	153.440445	291.559235	-28.373466	6.821255	334.305298	0.489339	0.159921	0.167569	-0.179894	0.170360	-0.338989	0.185709	-0.384376	0.000025	-40.000000	24.000000	1.180000	23.559662
-307.541260	-321.466278	155.428329	292.960937	-23.912230	6.626350	334.548157	0.489307	0.000035	0.167569	-0.000010	0.170360	-0.338989	0.185709	-0.384376	-0.175406	-40.000000	24.000000	1.180000	23.575404
-356.033997	-360.426056	164.103577	284.901031	-61.565063	6.626350	344.312469	0.489307	0.159921	0.167569	-0.000010	0.170360	-0.338989	0.185709	-0.384376	-0.175406	-40.000000	28.000000	1.180000	23.923824
-354.772095	-358.698792	164.645767	284.725800	-58.709869	6.626350	343.992340	0.489307	0.159921	-0.000019	-0.000010	0.170360	-0.338989	0.185709	-0.384376	-0.175406	-40.000000	28.000000	1.180000	23.912482
-355.132629	-358.123016	164.284302	281.747437	-61.565063	6.626350	342.951111	0.489307	0.159921	0.167569	0.000003	0.170360	-0.338989	-0.000040	-0.384376	-0.175405	-40.000000	28.000000	1.180000	23.875552
-352.248322	-355.628052	163.922836	280.170502	-60.137466	6.821255	341.510162	0.489307	0.159921	0.167569	-0.179894	0.170360	-0.169495	-0.000040	-0.384376	0.000025	-40.000000	28.000000	1.180000	23.817416
-354.411560	-351.981567	154.163376	239.345169	-91.009224	6.041661	311.497925	0.489307	0.159921	0.167569	0.000003	0.170386	-0.169495	-0.185314	-0.576564	-0.175406	-40.000000	32.000000	1.180000	22.753516
-354.050995	-352.173492	152.356064	239.345169	-89.046272	6.236553	310.537506	0.489307	0.159921	0.167569	0.000003	0.170386	-0.338989	-0.000040	-0.576564	-0.175406	-40.000000	32.000000	1.180000	22.710446
-352.248322	-350.351868	153.801910	239.169952	-88.510933	6.236567	309.737152	0.489307	0.159921	0.167569	0.000003	0.170386	-0.338989	-0.000040	-0.192188	-0.175406	-40.000000	32.000000	1.180000	22.680559
-348.102081	-345.360565	155.970840	237.357697	-87.261787	5.846782	308.776733	0.489307	-0.159489	0.167588	0.000003	0.170386	-0.338989	-0.000040	-0.384376	-0.175406	-40.000000	32.000000	1.180000	22.659228
-355.132629	-350.638153	144.765533	204.425415	-120.810287	5.651889	290.048431	0.489307	-0.000022	0.167588	0.000016	0.170386	-0.338989	-0.000010	-0.576564	-0.175406	-40.000000	36.000000	1.180000	21.955137
-354.411560	-350.254272	145.488297	204.075058	-121.880981	5.651876	289.408142	0.489307	0.159921	0.167588	0.000016	0.170386	-0.338989	-0.000010	-0.384376	-0.175406	-40.000000	36.000000	1.180000	21.930408
-358.557770	-353.615448	144.223190	203.075424	-123.487022	5.651876	288.675201	0.489307	0.159921	0.167588	0.000003	0.170357	-0.338989	-0.000040	-0.576564	-0.175406	-40.000000	36.000000	1.180000	21.902067
-355.493164	-350.543854	144.042603	202.199356	-121.880981	5.651876	288.034760	0.489307	-0.000022	0.167588	0.000003	0.170386	-0.338989	-0.000040	-0.576564	-0.175406	-40.000000	36.000000	1.180000	21.877272
-356.755066	-349.486603	131.933624	168.865540	-150.611343	5.067198	269.559357	0.489307	-0.000022	0.000006	0.000016	0.170357	-0.338989	-0.000010	-0.576564	-0.175406	-40.000000	40.000000	1.180000	21.172902
-357.115601	-350.927795	132.114349	168.340027	-152.931183	5.067198	268.661682	0.652432	-0.000022	0.167588	0.000003	0.170357	-0.338989	-0.185314	-0.576564	-0.175406	-40.000000	40.000000	1.180000	21.136942
-354.772095	-348.816101	131.029968	168.865540	-150.789795	5.067212	267.958649	0.489307	-0.000022	0.167556	0.000016	0.170386	-0.338989	-0.000010	-0.576564	-0.175406	-40.000000	40.000000	1.180000	21.108736
-353.690460	-346.896362	132.475693	167.506561	-150.254440	5.067198	267.060577	0.652432	-0.000022	0.167588	-0.179894	0.170357	-0.338989	-0.185314	-0.576564	-0.350811	-40.000000	40.000000	1.180000	21.072650
-401.822662	-396.233582	133.344650	152.925095	-204.324615	5.456983	281.150085	0.652432	0.000016	0.167556	0.000016	0.170386	-0.338989	-0.000010	-0.576564	-0.175406	-40.000000	44.000000	1.180000	21.616579
-403.985901	-397.193451	130.849243	153.800766	-203.789291	5.456983	281.790527	0.652432	-0.000022	0.167588	0.000016	0.170357	-0.338989	-0.185314	-0.576564	-0.175406	-40.000000	44.000000	1.180000	21.641672
-405.608337	-399.113190	133.560211	154.151108	-206.466034	5.456970	282.591064	0.489307	-0.000022	0.167556	0.000016	0.170357	-0.169495	-0.000010	-0.576564	-0.175406	-40.000000	44.000000	1.180000	21.672997
-405.968872	-398.729248	132.802597	153.450607	-205.573776	5.651876	283.325470	0.652432	0.000016	0.167556	0.000016	0.170357	-0.338989	-0.185314	-0.576564	-0.175406	-40.000000	44.000000	1.180000	21.694082
156.751144	-389.130554	-389.509491	184.631210	-97.611855	5.846756	303.725372	0.652432	-0.000022	0.167556	0.000032	0.170333	-0.169495	-0.185314	-0.384376	-0.175406	-36.000000	-44.000000	1.180000	22.469512
155.125839	-390.090424	-389.870300	185.507065	-98.504097	5.651863	304.365814	0.489307	0.000016	0.167556	0.000032	0.170357	-0.169495	-0.000031	-0.576564	-0.175406	-36.000000	-44.000000	1.180000	22.500997
155.848404	-392.010162	-392.215668	186.032379	-99.396347	5.846756	305.166687	0.652432	-0.000022	0.167556	0.000032	0.170333	-0.169495	-0.000010	-0.576564	-0.175406	-36.000000	-44.000000	1.180000	22.523808
157.834534	-393.737915	-392.679291	183.755356	-99.039452	5.651863	305.806793	0.652432	0.000016	0.167556	0.000032	0.170357	-0.338989	-0.000031	-0.576564	-0.175406	-36.000000	-44.000000	1.180000	22.555203
166.864120	-373.580688	-378.242554	214.760788	-66.561646	6.041648	316.053711	0.652432	0.000016	0.167556	-0.179894	0.170333	-0.338989	-0.000031	-0.576564	-0.175406	-36.000000	-40.000000	1.180000	22.922569
165.780792	-373.964630	-379.505768	215.986755	-66.918549	6.041648	316.534363	0.652405	0.000016	0.167556	0.000032	0.170333	-0.169495	-0.000010	-0.384376	-0.175406	-36.000000	-40.000000	1.180000	22.940332
164.516449	-371.852936	-378.783936	217.213196	-67.989243	6.041648	316.694489	0.652405	-0.159489	0.167556	0.000016	0.170357	-0.169495	-0.000031	-0.576564	-0.175406	-36.000000	-40.000000	1.180000	22.946246
166.864120	-374.156616	-379.686218	215.636642	-67.453896	6.236541	317.174469	0.652432	0.000016	0.167588	-0.179894	0.170357	-0.169495	-0.000031	-0.576564	-0.175406	-36.000000	-40.000000	1.180000	22.956773
174.087906	-350.543854	-361.459839	246.116547	-32.834698	6.626327	327.581879	0.652432	0.000016	0.167588	-0.179894	0.170333	-0.338989	-0.000031	-0.576564	-0.175406	-36.000000	-36.000000	1.180000	23.323646
172.823547	-351.119781	-362.362122	246.642349	-34.440746	6.236541	328.061829	0.489302	0.000005	0.167588	-0.179894	0.170357	-0.169495	0.000000	-0.576564	-0.175406	-36.000000	-36.000000	1.180000	23.355226
171.740234	-352.173492	-363.986267	247.167587	-36.403690	6.626327	328.862732	0.652405	0.000005	0.167556	-0.179894	0.170333	-0.339072	-0.000031	-0.576564	-0.175406	-36.000000	-36.000000	1.180000	23.370140
174.448853	-352.271606	-363.264435	246.292007	-33.905396	6.431434	329.182587	0.652405	0.000005	0.167588	0.000032	0.170357	-0.169495	0.000000	-0.576564	-0.175406	-36.000000	-36.000000	1.180000	23.388798
173.546310	-331.254211	-329.699036	276.421295	-7.137979	6.626367	339.430267	0.652405	0.000005	0.167588	0.000032	-0.000024	-0.169535	-0.000031	-0.576564	-0.175406	-36.000000	-32.000000	1.180000	23.750250
177.157913	-329.334991	-328.255341	277.122314	-3.925889	6.236541	339.589996	0.489302	0.000005	0.167588	0.000032	0.170333	-0.169535	0.000000	-0.576564	-0.175406	-36.000000	-32.000000	1.180000	23.769852
175.351791	-331.538452	-328.977173	276.596802	-4.104338	6.431434	340.070312	0.489302	0.000005	0.167588	-0.179894	0.170333	-0.339072	-0.185314	-0.576564	-0.175406	-36.000000	-32.000000	1.180000	23.780026
176.796722	-331.346497	-331.503601	276.246460	-5.531935	6.431434	340.230438	0.652405	0.000005	0.167588	-0.179894	0.170333	-0.339072	0.000000	-0.576564	-0.350811	-36.000000	-32.000000	1.180000	23.785732
165.419785	-285.001434	-264.914154	284.304352	22.535666	6.236581	328.382782	0.652405	0.000005	0.167588	0.000042	-0.000024	-0.169535	-0.000031	-0.576564	-0.175406	-36.000000	-28.000000	1.180000	23.366868
165.058228	-286.424652	-267.801514	284.479523	21.462538	6.431474	327.261658	0.652405	0.000005	0.167556	0.000042	0.170333	-0.169535	0.000000	-0.576564	-0.175406	-36.000000	-28.000000	1.180000	23.319090
160.905060	-283.082214	-262.929077	284.479218	21.999062	6.236581	325.981110	0.652429	0.000005	0.167588	0.000042	-0.000024	-0.169535	0.000000	-0.576564	-0.175406	-36.000000	-28.000000	1.180000	23.279603
161.266068	-283.929016	-264.372772	281.501587	21.462538	6.236581	325.020477	0.489302	0.000005	0.167556	0.000042	-0.000024	-0.169535	0.000000	-0.576564	-0.175406	-36.000000	-28.000000	1.180000	23.244606
140.859787	-234.334518	-197.602859	275.195404	41.851944	5.846782	302.925476	0.652429	0.000005	0.167588	-0.179894	-0.000024	-0.169535	0.000000	-0.576564	-0.175406	-36.000000	-24.000000	1.180000	22.439323
139.956696	-236.061798	-199.768372	276.947144	39.347984	5.846782	302.124939	0.489326	0.000005	0.167588	0.000042	-0.000024	-0.169535	0.000000	-0.576564	-0.175406	-36.000000	-24.000000	1.180000	22.409069
140.498474	-232.607224	-195.617813	274.319519	40.957672	5.846782	301.164307	0.489302	0.000005	0.167556	-0.179894	-0.000024	-0.169535	-0.185314	-0.576564	-0.175406	-36.000000	-24.000000	1.180000	22.372711
139.234207	-234.718353	-199.046539	271.936554	38.811420	5.651902	299.883423	0.652429	-0.000010	0.167556	-0.179894	-0.000024	-0.169535	0.000000	-0.576564	-0.175406	-36.000000	-24.000000	1.180000	22.331535
115.577255	-198.829285	-141.480026	265.911285	51.152451	5.262103	279.709747	0.489326	-0.000010	0.167556	-0.179894	-0.000024	-0.169535	-0.185314	-0.576564	-0.175406	-36.000000	-20.000000	1.180000	21.567695
116.480209	-198.692719	-142.021423	263.809204	51.867798	5.262103	279.069580	0.489326	0.000005	0.167556	0.000006	0.000005	-0.169535	0.000000	-0.576564	-0.175406	-36.000000	-20.000000	1.180000	21.542527
116.660568	-195.566635	-139.314529	264.051819	52.762142	5.262116	278.268768	0.652429	-0.000010	0.167556	-0.179894	-0.000024	-0.339072	-0.185314	-0.576564	-0.350811	-36.000000	-20.000000	1.180000	21.511000
115.215851	-198.253510	-141.660492	262.474854	51.331306	5.262116	277.468231	0.489326	-0.000010	0.167556	-0.179894	-0.000024	-0.169535	-0.000021	-0.576564	-0.175406	-36.000000	-20.000000	1.180000	21.479439
94.087021	-180.455215	-95.643394	260.897888	61.347076	4.872317	267.541748	0.489297	-0.000010	0.167556	-0.179894	0.000005	-0.339072	-0.185314	-0.576564	-0.175406	-36.000000	-16.000000	1.180000	21.099821
94.989883	-181.364548	-96.906609	260.547485	60.989456	5.067223	268.502136	0.489297	-0.000021	0.167556	-0.179894	-0.000024	-0.338989	-0.000021	-0.576564	-0.350811	-36.000000	-16.000000	1.180000	21.130543
95.893005	-181.223114	-96.906609	261.531982	61.704876	5.262103	269.302948	0.652429	-0.000010	0.167556	-0.179894	0.000005	-0.169535	-0.000021	-0.576564	-0.175406	-36.000000	-16.000000	1.180000	21.154830
94.448196	-183.910736	-99.252579	262.124420	59.200825	5.262116	270.263611	0.652400	-0.159489	0.167556	-0.179894	0.000005	-0.169535	-0.185314	-0.576564	-0.350811	-36.000000	-16.000000	1.180000	21.193279
81.445847	-187.750214	-62.258438	284.201752	74.403458	5.651889	287.555359	0.489297	-0.000010	0.167556	-0.179894	0.000005	-0.338989	-0.000021	-0.576564	-0.175406	-36.000000	-12.000000	1.180000	21.858694
81.265251	-187.942184	-62.077976	285.253052	75.834396	5.456996	288.516022	0.652400	-0.000010	0.167556	0.000006	0.000005	-0.508482	-0.185314	-0.576564	-0.175406	-36.000000	-12.000000	1.180000	21.903448
81.806946	-189.669952	-63.341187	286.830322	73.866989	5.846782	289.316559	0.489297	-0.000021	0.167582	0.000006	0.000005	-0.338989	-0.185314	-0.576564	-0.175406	-36.000000	-12.000000	1.180000	21.919335
83.251854	-189.094025	-63.521648	285.428253	76.013245	5.653498	289.796875	0.489326	-0.000010	0.167582	-0.000039	0.000005	-0.169535	-0.185314	-0.576564	-0.175406	-36.000000	-12.000000	1.180000	21.945362
59.955784	-195.621140	-26.707966	300.497253	84.061768	5.848446	302.765717	0.489297	-0.000021	0.167582	-0.179894	0.000005	-0.169535	-0.000021	-0.576564	-0.175406	-36.000000	-8.000000	1.180000	22.433225
61.580952	-193.509415	-24.001078	302.775116	86.386818	5.651889	303.085907	0.489297	-0.000021	0.167582	0.000006	0.000005	-0.338989	-0.185314	-0.576564	-0.175406	-36.000000	-8.000000	1.180000	22.452738
60.136280	-198.500732	-28.332098	301.548553	82.809723	5.846782	303.726349	0.489297	-0.000021	0.167582	-0.179894	0.000029	-0.338989	0.000010	-0.576564	-0.175406	-36.000000	-8.000000	1.180000	22.469549
61.400360	-194.469299	-24.181538	302.950287	85.850250	5.846782	304.206696	0.652400	-0.000021	0.335138	0.000006	0.000005	-0.338989	-0.185314	-0.576564	-0.350811	-36.000000	-8.000000	1.180000	22.487659
32.686741	-201.132309	14.996806	314.689484	93.719856	5.848446	314.774261	0.489297	-0.000021	0.167582	-0.179894	0.000029	-0.338989	-0.185314	-0.576564	-0.175406	-36.000000	-4.000000	1.180000	22.882375
32.867332	-199.980789	15.538860	313.112549	94.614204	5.848446	315.254578	0.489297	-0.000021	0.167550	-0.000039	0.000029	-0.338989	-0.185314	-0.576564	-0.175406	-36.000000	-4.000000	1.180000	22.900156
34.131393	-198.829269	16.622967	316.967316	97.475800	5.848446	315.734894	0.652365	-0.000021	0.167582	-0.179894	0.000029	-0.338989	0.000010	-0.576564	-0.175406	-36.000000	-4.000000	1.180000	22.917924
31.783716	-201.188370	15.538860	315.916351	94.793060	6.041676	316.054718	0.652365	0.000017	0.167582	0.000006	0.000005	-0.338989	0.000010	-0.576564	-0.175406	-36.000000	-4.000000	1.180000	22.922605
-5.047571	-209.768723	54.928131	327.305481	99.622139	6.238343	326.462219	0.652365	0.000017	0.167582	-0.179894	0.000029	-0.508482	-0.185314	-0.576564	-0.350811	-36.000000	0.000000	1.180000	23.297046
-3.965949	-210.019165	52.940598	327.305481	97.654739	6.238343	326.942535	0.652365	0.000017	0.167550	-0.179894	0.000029	-0.338989	-0.185314	-0.576564	-0.350811	-36.000000	0.000000	1.180000	23.314511
-2.883571	-209.251251	54.024639	325.903748	99.443283	6.238343	327.422424	0.652365	0.000017	0.167550	-0.179894	0.000029	-0.338989	0.000010	-0.576564	-0.175406	-36.000000	0.000000	1.180000	23.331948
-1.982455	-209.384888	54.386009	328.532013	100.874123	6.043434	327.422852	0.489297	0.000017	0.167550	-0.179894	0.000005	-0.338989	0.000010	-0.576564	-0.175406	-36.000000	0.000000	1.180000	23.339042
-41.271118	-215.202438	88.535469	333.262878	100.874123	6.628280	335.588776	0.652365	-0.000021	0.167550	-0.179894	-0.000048	-0.338989	-0.000011	-0.576564	-0.175406	-36.000000	4.000000	1.180000	23.612712
-42.724079	-215.142487	89.619576	333.788513	101.947258	6.433292	335.748535	0.652365	0.000017	0.167550	-0.179894	0.000029	-0.338989	-0.185314	-0.576564	-0.175406	-36.000000	4.000000	1.180000	23.625440
-42.352455	-214.758636	89.258095	334.489380	102.126236	6.433331	336.228851	0.652365	0.000017	0.167550	-0.179894	0.000029	-0.338989	0.000010	-0.576564	-0.175406	-36.000000	4.000000	1.180000	23.642662
-44.154686	-217.445541	87.632050	334.488983	97.833595	6.433331	335.909027	0.652365	0.000017	0.167550	-0.179894	-0.000048	-0.338989	-0.185314	-0.576564	-0.175406	-36.000000	4.000000	1.180000	23.631196
-88.693016	-223.586990	123.407600	338.519775	101.410820	6.433292	341.992767	0.652442	0.000006	0.167550	-0.179894	-0.000048	-0.338989	-0.000011	-0.576564	-0.175406	-36.000000	8.000000	1.180000	23.848373
-89.774651	-226.144943	118.890488	335.190643	95.687340	6.433292	340.392059	0.652442	0.000006	0.167550	-0.179894	-0.000048	-0.338989	-0.000011	-0.576564	-0.175406	-36.000000	8.000000	1.180000	23.791423
-84.907341	-220.132416	121.600754	334.489777	100.337685	6.433292	338.790588	0.652442	0.000006	0.167550	-0.179894	0.170359	-0.338989	-0.000011	-0.576564	-0.175406	-36.000000	8.000000	1.180000	23.734310
-87.791664	-224.033218	119.251854	333.964081	95.508484	6.238383	337.510071	0.652442	0.000017	0.167550	-0.179894	-0.000048	-0.338989	-0.185314	-0.576564	-0.350811	-36.000000	8.000000	1.180000	23.695515
-120.389107	-211.496002	132.261154	302.074890	82.809891	5.653536	310.451294	0.652442	0.000006	0.167582	-0.179894	0.170359	-0.338989	-0.000011	-0.576564	-0.350811	-36.000000	12.000000	1.180000	22.728977
-116.604424	-208.809128	132.441833	301.899689	85.135010	5.653536	309.651093	0.652442	0.000006	0.167582	-0.179894	-0.000048	-0.338989	-0.185314	-0.576564	-0.350811	-36.000000	12.000000	1.180000	22.699121
-119.307770	-208.867310	132.080460	300.672821	81.557907	5.653536	308.530334	0.652442	0.000017	0.167582	-0.179894	-0.000048	-0.338989	-0.000032	-0.576564	-0.175406	-36.000000	12.000000	1.180000	22.657240
-118.617905	-207.907440	133.706772	300.848022	84.777184	5.653536	307.409576	0.652442	0.000006	0.335138	-0.179894	-0.000048	-0.338989	-0.000032	-0.576564	-0.175406	-36.000000	12.000000	1.180000	22.615281
-149.405045	-196.005081	138.765793	272.112701	62.599346	5.263638	287.075714	0.652442	0.000006	0.167582	-0.179894	-0.000048	-0.338989	-0.000011	-0.576564	-0.175406	-36.000000	16.000000	1.180000	21.855150
-146.881912	-193.125473	140.572784	271.937469	65.997513	5.263638	286.435272	0.652442	0.000006	0.167582	-0.179894	-0.000022	-0.338989	-0.000032	-0.576564	-0.350811	-36.000000	16.000000	1.180000	21.830302
-145.800583	-191.973618	139.669357	271.236603	64.924469	5.458588	285.794830	0.652442	0.000006	0.167582	-0.179894	0.170359	-0.338989	-0.000011	-0.576564	-0.175406	-36.000000	16.000000	1.180000	21.797848
-146.701706	-192.357574	139.307846	270.185028	65.103317	5.068676	284.994293	0.652365	0.000006	0.167582	-0.179894	-0.000048	-0.338989	-0.185314	-0.576564	-0.175406	-36.000000	16.000000	1.180000	21.781878
-174.816513	-198.500732	143.825104	247.056335	43.104073	4.873728	269.944366	0.652442	0.000006	0.167607	-0.179894	-0.000048	-0.338989	-0.000032	-0.576564	-0.175406	-36.000000	20.000000	1.180000	21.196044
-169.590042	-194.085342	144.367172	246.881393	45.608040	4.873741	269.303894	0.652411	0.000006	0.167582	-0.000010	-0.000022	-0.338989	-0.000032	-0.576564	-0.175406	-36.000000	20.000000	1.180000	21.170420
-172.113174	-195.429153	145.451279	246.705887	45.250385	4.873728	268.983673	0.652442	0.000006	0.167607	-0.179894	-0.000022	-0.338989	-0.000032	-0.576564	-0.175406	-36.000000	20.000000	1.180000	21.157599
-170.851608	-195.237183	143.283051	246.355469	44.177200	5.068676	268.343262	0.652442	0.000006	0.167607	-0.179894	-0.000022	-0.338989	-0.185314	-0.576564	-0.175406	-36.000000	20.000000	1.180000	21.124113
-211.401825	-224.801117	156.111679	240.047913	21.462633	5.068676	274.907745	0.652411	0.159916	0.167607	-0.179894	-0.000022	-0.338989	-0.185314	-0.576564	-0.350811	-36.000000	24.000000	1.180000	21.385845
-213.204056	-225.952972	157.918518	239.873001	22.178055	4.873728	275.388062	0.652411	-0.000008	0.167607	-0.179894	-0.000022	-0.338989	-0.000032	-0.576564	-0.175406	-36.000000	24.000000	1.180000	21.412587
-211.942490	-224.033218	157.918716	239.522263	22.535765	4.873728	276.188599	0.652411	0.159916	0.167582	-0.179894	0.170385	-0.338989	-0.185314	-0.576564	-0.175406	-36.000000	24.000000	1.180000	21.444247
-215.186523	-228.064651	159.002640	241.800079	19.852938	4.873728	276.989166	0.652442	-0.000008	0.167607	-0.179894	-0.000048	-0.338989	-0.000032	-0.576564	-0.175406	-36.000000	24.000000	1.180000	21.475861
-263.846771	-268.763062	173.638306	240.048218	-9.279374	5.458575	292.839966	0.652411	-0.000008	0.167607	-0.179894	0.170354	-0.338989	-0.000003	-0.576564	-0.175406	-36.000000	28.000000	1.180000	22.070049
-265.288574	-270.106903	173.638306	240.223129	-11.063867	5.458561	293.480438	0.652411	-0.000008	0.167607	-0.179894	-0.000011	-0.338989	-0.185314	-0.576564	-0.175406	-36.000000	28.000000	1.180000	22.094630
-264.567688	-269.530975	173.819000	240.048218	-10.885417	5.263626	293.961060	0.489307	0.000006	0.167607	-0.179894	0.170354	-0.338989	-0.185314	-0.576564	-0.350811	-36.000000	28.000000	1.180000	22.120527
-268.532593	-272.794525	176.167908	241.274719	-10.350068	5.263626	294.601196	0.652411	-0.000008	0.167607	-0.179894	0.170354	-0.338989	-0.185314	-0.576564	-0.350811	-36.000000	28.000000	1.180000	22.145038
-316.652222	-314.365234	187.731522	233.565155	-50.501198	5.653510	308.050354	0.652411	-0.000022	0.167595	-0.179894	-0.000022	-0.338989	-0.185314	-0.576564	-0.175406	-36.000000	32.000000	1.180000	22.639281
-313.588409	-312.254089	187.189697	233.039505	-51.393444	5.653510	308.531036	0.489307	-0.000008	0.167607	-0.179894	-0.000011	-0.338989	-0.185314	-0.576564	-0.175406	-36.000000	32.000000	1.180000	22.657267
-318.995087	-316.476349	186.466949	232.163132	-54.070187	5.848459	309.331573	0.652411	-0.000008	0.000006	-0.179894	-0.000011	-0.338989	-0.185314	-0.576564	-0.175406	-36.000000	32.000000	1.180000	22.679907
-318.814880	-316.476349	187.551056	234.265732	-51.928795	5.848459	309.811920	0.652411	-0.000008	0.000006	-0.179894	-0.000011	-0.338989	-0.000003	-0.576564	-0.175406	-36.000000	32.000000	1.180000	22.697848
-362.068451	-357.262909	194.417084	218.847092	-100.645493	5.848459	320.058899	0.652432	-0.000022	0.000006	-0.179894	-0.000011	-0.338989	-0.185314	-0.576564	-0.175406	-36.000000	36.000000	1.180000	23.077263
-366.574005	-361.193726	196.585312	220.599274	-96.719597	6.238358	320.538879	0.652432	-0.000022	0.000006	-0.179894	0.170354	-0.338989	-0.185314	-0.576564	-0.175406	-36.000000	36.000000	1.180000	23.080570
-362.969513	-359.274536	197.308258	221.650345	-95.292015	6.238358	321.019592	0.652411	-0.000022	0.167595	-0.179894	-0.000011	-0.338989	-0.185314	-0.576564	-0.175406	-36.000000	36.000000	1.180000	23.098214
-361.527771	-357.355316	195.862579	221.650345	-98.860992	6.238398	321.179687	0.652411	-0.000022	0.000006	-0.179894	-0.000011	-0.338989	-0.185314	-0.576564	-0.175406	-36.000000	36.000000	1.180000	23.104086
-408.385803	-405.064362	198.572861	202.902069	-154.001892	6.433347	330.626160	0.652411	-0.000022	0.000032	-0.179894	0.170354	-0.338989	-0.185314	-0.576564	-0.175406	-36.000000	40.000000	1.180000	23.440976
-407.845154	-403.224243	200.741058	202.902267	-150.075989	6.238358	331.106476	0.815537	-0.000022	0.000006	-0.179894	0.000016	-0.338989	-0.185314	-0.576564	-0.175406	-36.000000	40.000000	1.180000	23.465377
-406.403351	-404.104492	200.921967	202.201202	-153.109634	6.238398	331.426697	0.652411	-0.000022	0.167620	-0.179894	-0.000011	-0.338989	-0.185314	-0.576564	-0.175406	-36.000000	40.000000	1.180000	23.476938
-410.548492	-406.870728	199.476471	202.727051	-157.035522	6.043409	331.907043	0.815537	-0.000022	0.167595	-0.179894	0.000016	-0.338989	-0.000003	-0.576564	-0.175406	-36.000000	40.000000	1.180000	23.501304
-464.255005	-464.768158	196.766205	179.948730	-220.206650	6.433347	342.395050	0.815537	-0.000022	0.167595	-0.179894	0.000016	-0.338989	-0.000022	-0.576564	-0.175406	-36.000000	44.000000	1.180000	23.862661
-462.632996	-464.576172	199.295792	182.927444	-216.637634	6.433347	342.794464	0.652432	0.000018	0.000032	-0.179894	-0.000011	-0.338989	-0.185314	-0.576564	-0.175406	-36.000000	44.000000	1.180000	23.876842
-465.516571	-466.495941	196.585510	180.649597	-222.348022	6.238398	343.195404	0.815537	-0.000022	0.000006	-0.179894	0.000016	-0.338989	-0.185314	-0.576564	-0.175406	-36.000000	44.000000	1.180000	23.897982
-464.435211	-465.920013	199.657166	181.350464	-218.600586	6.043409	343.675629	0.815505	-0.000022	0.000006	-0.179894	0.000016	-0.338989	-0.185314	-0.576564	-0.175406	-36.000000	44.000000	1.180000	23.921915
188.175293	-371.468964	-365.249481	177.145462	-68.167694	5.848499	305.328857	0.652400	0.000018	0.000032	-0.179894	0.000016	-0.338989	-0.185314	-0.576564	-0.350811	-32.000000	-44.000000	1.180000	22.529843
188.897476	-368.973328	-362.903503	175.218063	-67.096992	5.458601	304.137726	0.652400	0.000018	0.000032	-0.179894	0.170407	-0.338989	-0.000022	-0.576564	-0.350811	-32.000000	-44.000000	1.180000	22.499685
187.272339	-365.325806	-359.294342	176.093933	-64.777153	5.457015	303.337372	0.652432	0.159943	0.000032	-0.179894	0.170381	-0.338989	0.000008	-0.576564	-0.175406	-32.000000	-44.000000	1.180000	22.469579
186.730789	-366.285675	-360.918457	175.743500	-67.453896	5.651909	302.697083	0.815537	0.000018	0.000032	-0.179894	0.000016	-0.338989	-0.185314	-0.576564	-0.175406	-32.000000	-44.000000	1.180000	22.438057
178.965164	-314.644775	-313.277222	185.030273	-27.659666	5.263650	284.355103	0.652400	0.159943	0.000032	-0.179894	0.000042	-0.338989	-0.185314	-0.768752	-0.350811	-32.000000	-40.000000	1.180000	21.749399
178.965408	-312.916992	-312.555389	185.731140	-27.838118	5.068702	283.648437	0.815505	-0.000047	0.167620	-0.179894	0.000042	-0.339071	-0.185314	-0.576564	-0.350811	-32.000000	-40.000000	1.180000	21.729451
178.423401	-313.300964	-311.472626	185.555923	-26.588968	5.068702	283.168243	0.652400	0.000018	0.167620	-0.179894	0.000042	-0.338989	-0.000022	-0.576564	-0.350811	-32.000000	-40.000000	1.180000	21.710715
178.242798	-312.062164	-310.750793	184.504395	-26.053621	5.262120	282.527954	0.815537	0.000018	0.167595	-0.179894	0.000016	-0.338989	0.000008	-0.768752	-0.175406	-32.000000	-40.000000	1.180000	21.678148
166.685226	-260.819489	-262.026794	192.389420	6.796527	4.677437	264.439758	0.652400	0.159879	0.167595	-0.000019	0.000016	-0.339071	0.000008	-0.768752	-0.350811	-32.000000	-36.000000	1.180000	20.982734
167.226791	-260.892151	-261.846344	192.214218	7.333095	4.873752	264.661560	0.815530	-0.000047	0.000032	-0.179894	0.000042	-0.339071	-0.185314	-0.768752	-0.350811	-32.000000	-36.000000	1.180000	20.983763
166.865448	-260.435638	-262.207275	192.214218	6.975356	4.677437	265.302032	0.652400	0.159943	0.167595	-0.179894	0.170381	-0.339071	0.000008	-0.768752	-0.350811	-32.000000	-36.000000	1.180000	21.017531
168.490921	-263.387817	-263.831390	191.513336	6.975383	4.677437	265.782349	0.652426	0.000018	0.000006	-0.000003	0.170407	-0.169494	-0.185314	-0.768752	-0.350811	-32.000000	-36.000000	1.180000	21.036889
176.436905	-246.425491	-238.928024	224.103882	36.128887	5.457054	284.675293	0.652400	0.159879	0.000006	-0.179894	0.170407	-0.339071	0.000008	-0.768752	-0.350811	-32.000000	-32.000000	1.180000	21.754338
177.339844	-247.768921	-240.913086	225.330414	36.665451	5.262120	285.315735	0.652400	-0.000047	0.167595	-0.179894	0.170407	-0.339071	-0.185314	-0.768752	-0.350811	-32.000000	-32.000000	1.180000	21.786857
180.048950	-248.920456	-243.439514	226.907623	36.844311	5.262120	285.956177	0.652426	-0.000047	0.167595	-0.179894	0.170332	-0.339071	-0.185314	-0.768752	-0.350811	-32.000000	-32.000000	1.180000	21.811755
178.784805	-247.453995	-240.552155	226.557205	37.380875	5.067225	286.436523	0.652426	-0.000047	0.000006	-0.179894	0.170332	-0.169494	0.000008	-0.768752	-0.350811	-32.000000	-32.000000	1.180000	21.837974
182.035629	-224.354660	-204.460312	257.570831	66.892128	5.457015	301.646942	0.652426	-0.000006	0.000006	-0.179894	0.170332	-0.169535	-0.185314	-0.960939	-0.526216	-32.000000	-28.000000	1.180000	22.405733
184.021713	-226.273880	-205.362595	256.694733	67.786369	5.457054	302.287384	0.652426	0.159879	0.167627	-0.179894	0.000042	-0.339071	-0.000013	-0.768752	-0.526216	-32.000000	-28.000000	1.180000	22.429941
183.841110	-226.273880	-205.362595	256.694733	67.786369	5.262159	302.768097	0.652426	0.159879	0.000006	-0.179894	0.170332	-0.339071	-0.000013	-0.768752	-0.350811	-32.000000	-28.000000	1.180000	22.455453
182.938583	-227.425385	-206.445358	258.271698	66.176712	5.651949	303.568268	0.652426	-0.000006	0.167595	-0.179894	0.170332	-0.508482	-0.185314	-0.768752	-0.350811	-32.000000	-28.000000	1.180000	22.470935
178.784988	-204.778809	-167.105240	281.400513	91.037704	5.651909	314.295990	0.652397	-0.000047	0.167595	-0.179894	-0.000034	-0.339071	-0.185314	-0.768752	-0.350811	-32.000000	-24.000000	1.180000	22.871938
182.757568	-203.819214	-166.744339	281.400513	94.435898	5.846843	314.776337	0.652426	-0.000047	0.000039	-0.179894	-0.000034	-0.508482	-0.185314	-0.768752	-0.350811	-32.000000	-24.000000	1.180000	22.882511
182.215790	-204.203049	-165.842026	283.327911	94.793602	5.846843	315.256683	0.652426	-0.000047	0.000039	-0.179894	-0.000034	-0.339071	-0.185314	-0.768752	-0.350811	-32.000000	-24.000000	1.180000	22.900294
180.590897	-204.067963	-165.481125	282.977448	93.005119	5.846843	315.736633	0.652426	0.159919	0.167627	-0.179894	-0.000034	-0.508482	-0.185314	-0.768752	-0.350811	-32.000000	-24.000000	1.180000	22.918049
172.283539	-184.870605	-121.990433	305.328064	117.150688	6.041738	326.144135	0.652397	-0.000047	0.167627	-0.179894	0.170332	-0.508482	-0.185314	-0.768752	-0.350811	-32.000000	-20.000000	1.180000	23.292626
173.367477	-186.406387	-123.975502	305.230164	116.256401	6.041738	326.624084	0.652397	-0.000006	0.167627	-0.179894	0.170332	-0.508482	-0.185314	-0.768752	-0.350811	-32.000000	-20.000000	1.180000	23.310081
173.367477	-185.254562	-123.434113	305.931030	117.687248	6.236621	327.264923	0.652397	-0.000006	0.000039	-0.179894	0.170357	-0.508482	0.000019	-0.768752	-0.350811	-32.000000	-20.000000	1.180000	23.326289
174.631210	-184.819107	-123.795036	305.405396	118.044861	6.041738	327.425018	0.652397	0.159879	0.167627	-0.179894	0.170357	-0.508482	-0.185314	-0.768752	-0.350811	-32.000000	-20.000000	1.180000	23.339182
158.559006	-178.151535	-78.319305	327.307678	138.792450	6.626410	338.152405	0.652397	-0.000019	0.000006	-0.179894	0.170357	-0.508482	0.000019	-0.768752	-0.350811	-32.000000	-16.000000	1.180000	23.704609
158.197815	-179.111389	-79.762985	325.380280	135.930756	6.041726	338.632721	0.652397	0.159906	0.000006	-0.179894	0.170357	-0.338987	-0.185314	-0.960939	-0.350811	-32.000000	-16.000000	1.180000	23.742653
160.003738	-179.879303	-80.665276	326.874451	137.361603	6.236633	338.792847	0.652397	-0.000019	0.167627	-0.179894	0.170357	-0.508482	-0.185314	-0.768752	-0.350811	-32.000000	-16.000000	1.180000	23.741411
158.197815	-179.495346	-79.762985	327.658112	137.361603	6.431515	339.113068	0.652397	0.159906	0.167595	-0.179894	0.170357	-0.508482	0.000019	-0.768752	-0.350811	-32.000000	-16.000000	1.180000	23.745885
132.734314	-170.425095	-34.828632	327.399963	144.336807	6.041726	333.029297	0.652397	-0.000019	0.167595	-0.179894	-0.000008	-0.508482	-0.185314	-0.768752	-0.350811	-32.000000	-12.000000	1.180000	23.541798
132.734482	-166.010941	-30.497608	325.998566	147.735260	6.041726	331.747986	0.652397	-0.000019	0.000006	-0.179894	0.170357	-0.508482	-0.185314	-0.768752	-0.350811	-32.000000	-12.000000	1.180000	23.495628
133.998444	-164.667496	-31.219446	324.597198	147.735077	6.041726	330.467529	0.652397	0.159906	0.167595	-0.179894	0.170357	-0.508482	-0.185314	-0.768752	-0.350811	-32.000000	-12.000000	1.180000	23.449398
130.567215	-167.546295	-33.384956	323.102448	143.084991	6.236621	329.186646	0.652397	-0.000019	0.000006	-0.179894	0.170357	-0.338987	0.000019	-0.768752	-0.526216	-32.000000	-12.000000	1.180000	23.396002
96.977531	-148.930038	12.105950	302.525299	140.938721	5.457041	305.810547	0.815517	-0.000019	0.167595	-0.179894	0.170381	-0.338987	-0.000005	-0.768752	-0.350811	-32.000000	-8.000000	1.180000	22.562663
96.074577	-147.586594	12.648007	301.474243	141.475296	5.651936	304.849884	0.815517	0.159906	0.167595	-0.179894	0.000016	-0.338987	-0.185314	-0.768752	-0.350811	-32.000000	-8.000000	1.180000	22.519217
96.435760	-148.546204	10.299091	299.897675	139.150162	5.846831	304.048950	0.815517	-0.000019	0.000006	-0.179894	0.170381	-0.338987	-0.185314	-0.768752	-0.350811	-32.000000	-8.000000	1.180000	22.481711
96.796852	-149.355484	9.395662	300.499939	138.077011	5.651936	303.408905	0.815517	0.159906	0.167595	-0.179894	0.000016	-0.508482	-0.185314	-0.768752	-0.350811	-32.000000	-8.000000	1.180000	22.464924
63.387554	-135.495621	43.545334	281.926788	134.321198	5.067251	282.914795	0.815517	0.159906	0.167595	-0.179894	0.170381	-0.338987	-0.000005	-0.768752	-0.350811	-32.000000	-4.000000	1.180000	21.700876
63.387554	-135.879471	42.641853	279.824158	131.638199	5.457041	282.274353	0.815517	0.000019	0.167595	-0.179894	0.170381	-0.508482	-0.185314	-0.768752	-0.350811	-32.000000	-4.000000	1.180000	21.660607
64.471054	-132.808746	44.448761	277.825775	133.963486	5.262132	281.313690	0.815517	0.000019	0.167614	-0.179894	0.000016	-0.508482	-0.185314	-0.768752	-0.350811	-32.000000	-4.000000	1.180000	21.630626
62.665192	-133.576431	45.171455	279.648926	133.426910	5.262132	280.833344	0.815517	0.159944	0.167595	-0.179894	0.170381	-0.338987	-0.000005	-0.768752	-0.350811	-32.000000	-4.000000	1.180000	21.611798
33.228802	-126.859215	70.286865	264.229706	126.630219	4.872357	265.943390	0.815542	-0.000019	0.167614	-0.359789	0.170381	-0.508482	-0.185314	-0.768752	-0.350811	-32.000000	0.000000	1.180000	21.035525
33.951168	-125.131943	71.190292	263.003174	127.882362	4.482566	265.943390	0.652437	0.159944	0.167614	-0.179894	0.170381	-0.508482	-0.000005	-0.768752	-0.350811	-32.000000	0.000000	1.180000	21.051221
31.964664	-125.899628	71.370979	264.930573	126.988091	4.872342	266.583557	0.815542	0.159944	0.167595	-0.179894	0.170381	-0.508482	0.000002	-0.768752	-0.350811	-32.000000	0.000000	1.180000	21.061299
34.131760	-125.707710	73.358521	267.033203	129.313065	4.872342	267.064178	0.815517	0.159906	0.167614	-0.179894	0.170381	-0.338987	-0.000005	-0.768752	-0.350811	-32.000000	0.000000	1.180000	21.080629
3.611811	-136.071396	103.894463	281.927063	135.752045	5.067237	284.836426	0.815542	0.159944	0.167614	-0.179894	0.170357	-0.508482	-0.185314	-0.768752	-0.350811	-32.000000	4.000000	1.180000	21.775791
4.695377	-134.344101	104.075150	281.401123	136.825180	5.262132	285.636658	0.815542	0.000022	0.167614	-0.179894	0.170357	-0.338987	-0.185314	-0.768752	-0.350811	-32.000000	4.000000	1.180000	21.799336
3.070038	-136.263306	104.978577	282.452423	136.288620	5.067237	286.117310	0.815542	0.159911	0.167614	-0.179894	0.170357	-0.338987	-0.185314	-0.768752	-0.350811	-32.000000	4.000000	1.180000	21.825583
3.250646	-136.263306	104.617203	283.503754	135.394348	5.457027	287.077637	0.652437	0.159944	0.167614	-0.179894	0.170357	-0.508482	0.000002	-0.768752	-0.350811	-32.000000	4.000000	1.180000	21.847724
-32.628937	-144.323944	137.682892	294.542816	141.833176	5.457067	300.367432	0.815542	0.159944	0.167595	-0.179894	0.170381	-0.508482	-0.185314	-0.768752	-0.350811	-32.000000	8.000000	1.180000	22.357283
-36.414612	-148.162354	136.960144	295.068176	139.150330	5.457067	300.847473	0.815542	0.000022	0.167614	-0.179894	-0.000008	-0.508482	-0.185314	-0.960939	-0.350811	-32.000000	8.000000	1.180000	22.375471
-36.054073	-150.465393	134.791763	295.418884	136.825180	5.846817	301.648315	0.815542	0.000019	0.167614	-0.179894	0.170357	-0.508482	-0.185314	-0.768752	-0.350811	-32.000000	8.000000	1.180000	22.391036
-35.152721	-148.738113	137.321381	295.769348	139.508041	5.651922	301.808136	0.815542	0.000022	0.167614	-0.179894	0.170357	-0.508482	-0.185314	-0.768752	-0.350811	-32.000000	8.000000	1.180000	22.404457
-74.631935	-159.101807	165.869934	302.953308	138.792618	6.041712	313.176270	0.815566	0.159944	0.167595	-0.179894	0.170357	-0.338987	-0.185314	-0.768752	-0.350811	-32.000000	12.000000	1.180000	22.815938
-73.910851	-159.485657	165.689255	303.303741	138.434891	5.846857	313.656586	0.815542	0.159944	0.167595	-0.179894	0.170357	-0.338987	-0.185314	-0.768752	-0.350811	-32.000000	12.000000	1.180000	22.841002
-76.254364	-158.717972	166.592682	301.902008	137.540741	5.457027	314.136932	0.815566	0.159911	0.167595	-0.179894	0.170357	-0.508482	0.000002	-0.768752	-0.350811	-32.000000	12.000000	1.180000	22.873265
-73.730583	-158.186264	165.508560	301.726776	138.077179	5.651962	314.297028	0.815542	0.159911	0.167595	-0.179894	0.170357	-0.338987	-0.185314	-0.768752	-0.350811	-32.000000	12.000000	1.180000	22.871975
-120.600876	-167.784943	190.443497	305.055939	125.020775	6.236687	325.825012	0.652437	-0.159489	0.167614	-0.179894	-0.000008	-0.508482	-0.185314	-0.768752	-0.350811	-32.000000	16.000000	1.180000	23.273915
-119.879799	-166.010941	192.611496	306.633301	128.061340	6.041752	326.305328	0.815566	0.159911	0.167595	-0.179894	0.170357	-0.338987	-0.185314	-0.768752	-0.350811	-32.000000	16.000000	1.180000	23.298490
-125.468185	-170.472580	192.069443	306.808136	124.841904	6.041752	326.785645	0.815566	0.159911	0.167595	-0.179894	-0.000008	-0.338987	-0.185314	-0.960939	-0.350811	-32.000000	16.000000	1.180000	23.315954
-122.223305	-169.273575	191.166016	306.457703	126.272766	6.236648	326.785645	0.815566	0.159911	0.167595	-0.179894	-0.000008	-0.338987	-0.185314	-0.768752	-0.350811	-32.000000	16.000000	1.180000	23.308870
-168.913345	-193.317444	213.751785	302.953705	105.167686	6.236648	335.271515	0.815566	0.000022	0.167595	-0.179894	-0.000008	-0.338987	-0.185314	-0.768752	-0.350811	-32.000000	20.000000	1.180000	23.615381
-169.994965	-193.317444	213.209717	301.727142	106.062141	6.626438	335.751831	0.652460	0.000004	0.167595	-0.179894	-0.000008	-0.338987	-0.185314	-0.768752	-0.350811	-32.000000	20.000000	1.180000	23.618629
-170.175232	-194.085342	211.945175	302.427673	104.452255	6.431583	336.072083	0.815566	0.000004	0.167614	-0.179894	-0.000008	-0.338987	-0.185314	-0.768752	-0.350811	-32.000000	20.000000	1.180000	23.637105
-171.797653	-194.031281	213.752029	302.252808	107.135101	6.041752	336.552399	0.815566	0.159911	0.167614	-0.359789	-0.000008	-0.338987	-0.185314	-0.768752	-0.350811	-32.000000	20.000000	1.180000	23.668281
-217.586334	-232.415314	226.399811	291.038788	72.079338	6.236687	340.715302	0.815532	0.000004	0.167595	-0.179894	-0.000008	-0.338987	0.000011	-0.768752	-0.350811	-32.000000	24.000000	1.180000	23.809933
-217.225800	-229.920349	226.038452	287.534393	72.615913	6.041752	338.954071	0.978636	0.000004	0.167595	-0.179894	0.000021	-0.338987	-0.185314	-0.960939	-0.350811	-32.000000	24.000000	1.180000	23.754119
-215.062561	-227.488770	227.303513	287.709625	74.046623	6.431583	337.833679	0.815566	0.159911	0.167614	-0.359789	-0.000008	-0.338987	-0.185314	-0.960939	-0.350811	-32.000000	24.000000	1.180000	23.700179
-217.766602	-231.904144	224.593231	288.060089	70.827202	6.431583	336.392670	0.815532	0.000004	0.167614	-0.179894	-0.000008	-0.338987	-0.185314	-0.768752	-0.350811	-32.000000	24.000000	1.180000	23.648596
-238.677979	-245.918243	215.920288	248.285645	28.259420	5.652000	310.294617	0.815532	-0.159489	0.167614	-0.179894	-0.000008	-0.338987	-0.185314	-0.960939	-0.350811	-32.000000	28.000000	1.180000	22.723191
-235.433121	-242.078766	213.932724	244.606049	27.901709	5.652000	309.013733	0.815532	0.000004	0.167588	-0.179894	-0.000008	-0.508482	-0.185314	-0.960939	-0.350811	-32.000000	28.000000	1.180000	22.675370
-236.875275	-243.738586	211.584045	245.481842	25.934282	5.457041	307.892975	0.652460	-0.159489	0.167614	-0.179894	-0.000008	-0.338987	-0.185314	-0.768752	-0.350811	-32.000000	28.000000	1.180000	22.640744
-236.334457	-242.970917	211.583801	244.781265	26.470852	5.846896	306.612091	0.815532	0.000004	0.167614	-0.179894	0.000021	-0.338987	0.000011	-0.768752	-0.350811	-32.000000	28.000000	1.180000	22.578120
-258.327454	-261.971008	200.923294	207.985229	-16.417353	5.067314	287.078552	0.815532	-0.000007	0.167614	-0.179894	0.000021	-0.338987	-0.185314	-0.768752	-0.350811	-32.000000	32.000000	1.180000	21.862871
-257.065552	-261.011414	199.839188	208.510880	-16.774248	5.067249	286.438110	0.978636	-0.000007	0.167614	-0.179894	0.000021	-0.338987	0.000011	-0.768752	-0.350811	-32.000000	32.000000	1.180000	21.838034
-254.361481	-260.243713	200.923538	209.561935	-15.168205	5.262145	285.797668	0.978636	-0.000007	0.167588	-0.359789	0.000021	-0.338987	-0.185314	-0.768752	-0.350811	-32.000000	32.000000	1.180000	21.805594
-257.245819	-261.587158	198.755066	208.160446	-16.595802	5.457041	285.157227	0.815532	-0.000007	0.167614	-0.179894	0.000021	-0.338987	0.000011	-0.768752	-0.350811	-32.000000	32.000000	1.180000	21.773106
-275.272858	-280.473480	188.275253	179.074066	-56.746933	4.677457	270.106812	0.815532	-0.000007	0.167614	-0.179894	-0.000008	-0.508482	-0.185314	-0.960939	-0.350811	-32.000000	36.000000	1.180000	21.210381
-274.551788	-280.971100	188.817535	179.249435	-56.211582	4.677457	269.626801	0.815532	-0.000007	0.167588	-0.179894	0.000021	-0.338987	-0.185314	-0.768752	-0.350811	-32.000000	36.000000	1.180000	21.191193
-271.306915	-277.209930	187.733185	177.672302	-55.854675	4.872354	268.986053	0.815501	-0.000007	0.167614	-0.179894	-0.000008	-0.338987	-0.185314	-0.960939	-0.350811	-32.000000	36.000000	1.180000	21.157749
-273.289886	-278.092285	187.552719	176.971420	-56.211582	4.872354	268.345917	0.815501	-0.159489	0.167588	-0.179894	0.000021	-0.508482	-0.185314	-0.768752	-0.350811	-32.000000	36.000000	1.180000	21.132094
-311.867737	-319.828094	190.624405	159.800095	-104.392937	5.067249	277.152008	0.815501	-0.000007	0.167588	-0.179894	-0.000008	-0.338987	-0.185314	-0.768752	-0.350811	-32.000000	40.000000	1.180000	21.474650
-317.816650	-324.435455	191.347137	161.377075	-104.214478	5.067249	277.952576	0.815532	-0.000007	0.167588	-0.179894	0.000021	-0.338987	-0.185314	-0.768752	-0.350811	-32.000000	40.000000	1.180000	21.506220
-312.949371	-320.979919	191.708511	160.676041	-105.642075	5.067249	278.272827	0.978607	0.000031	0.167588	-0.179894	-0.000008	-0.338987	-0.185314	-0.768752	-0.350811	-32.000000	40.000000	1.180000	21.518836
-314.391510	-321.939758	192.250580	160.150375	-106.177422	4.677457	278.753113	0.815501	0.000031	0.167588	-0.179894	-0.000008	-0.338987	-0.000011	-0.768752	-0.350811	-32.000000	40.000000	1.180000	21.553074
-359.999939	-376.355408	196.406372	142.979034	-167.028687	5.457079	293.643463	0.815501	0.000031	0.167588	-0.179894	-0.000008	-0.338987	-0.185314	-0.768752	-0.350811	-32.000000	44.000000	1.180000	22.100938
-362.163177	-375.692413	195.322418	145.782532	-160.782959	5.457079	294.284241	0.815501	-0.000007	0.167607	-0.179894	0.000021	-0.338987	-0.000011	-0.960939	-0.350811	-32.000000	44.000000	1.180000	22.125495
-364.591553	-379.809998	196.406372	144.731232	-166.136444	5.651936	294.764221	0.815501	0.000031	0.167588	-0.179894	-0.000008	-0.338987	-0.185314	-0.768752	-0.350811	-32.000000	44.000000	1.180000	22.136414
-362.523712	-377.996094	197.852036	145.256882	-163.102798	5.457079	295.404999	0.815532	0.000031	0.335202	-0.179894	-0.000008	-0.338987	-0.185314	-0.768752	-0.350811	-32.000000	44.000000	1.180000	22.168381
222.070084	-366.669617	-354.602386	167.334747	-45.147717	5.846871	313.977905	0.815522	0.000031	0.167607	-0.179894	-0.000008	-0.338987	-0.185314	-0.768752	-0.350811	-28.000000	-44.000000	1.180000	22.852921
220.986801	-364.749908	-351.534607	167.685181	-42.649422	5.846871	314.458221	0.815501	0.000031	0.167607	-0.179894	-0.000008	-0.338987	-0.185314	-0.960939	-0.350811	-28.000000	-44.000000	1.180000	22.870726
222.972809	-369.062439	-356.046051	168.911728	-43.720119	5.846832	314.938568	0.815522	0.000031	0.167607	-0.179894	-0.000008	-0.338987	0.000021	-0.960939	-0.350811	-28.000000	-44.000000	1.180000	22.888519
223.030991	-368.102844	-353.519623	166.808868	-42.649422	5.651976	315.258423	0.815501	0.000031	0.167607	-0.179894	0.000019	-0.338987	-0.185314	-0.960939	-0.350811	-28.000000	-44.000000	1.180000	22.907568
232.541672	-335.476440	-326.631226	200.801422	1.788593	6.236702	324.544861	0.815522	-0.000033	0.167607	-0.359789	0.000019	-0.338987	-0.185314	-0.960939	-0.350811	-28.000000	-40.000000	1.180000	23.227255
234.769470	-339.890594	-331.323151	200.976654	0.357737	6.041806	325.185699	0.815522	-0.000033	0.167588	-0.179894	0.000019	-0.338987	0.000021	-0.768752	-0.350811	-28.000000	-40.000000	1.180000	23.257727
234.047668	-340.274445	-332.405914	201.677780	-0.178450	6.041768	325.345795	0.815522	0.000031	0.335202	-0.179894	-0.000008	-0.169494	-0.185314	-0.768752	-0.350811	-28.000000	-40.000000	1.180000	23.263561
234.950058	-339.890594	-331.684052	200.451248	0.000022	6.041806	325.826111	0.815501	-0.000033	0.167588	-0.179894	0.000019	-0.508356	-0.185314	-0.768752	-0.350811	-28.000000	-40.000000	1.180000	23.281050
242.291107	-302.466156	-299.201416	231.464828	44.702766	6.041806	334.472107	0.815522	-0.000033	0.167588	-0.179894	0.000019	-0.508356	-0.185314	-0.960939	-0.350811	-28.000000	-36.000000	1.180000	23.593675
242.535492	-303.233826	-301.006012	230.589035	43.272278	6.041768	334.952454	0.978416	-0.000033	0.335202	-0.179894	0.000019	-0.338987	0.000000	-0.768752	-0.350811	-28.000000	-36.000000	1.180000	23.610924
243.193832	-305.728790	-303.893341	232.341202	42.378223	6.236702	335.272675	0.815522	-0.000033	0.335202	-0.179894	0.000019	-0.508356	0.000021	-0.960939	-0.350811	-28.000000	-36.000000	1.180000	23.615421
244.160812	-304.001495	-300.825531	230.238586	42.735844	6.041768	335.752991	0.815522	0.000031	0.167588	-0.179894	0.000019	-0.338987	-0.185314	-0.960939	-0.350811	-28.000000	-36.000000	1.180000	23.639640
245.540894	-260.819489	-251.379715	259.850708	85.650490	6.431598	340.556335	0.978416	-0.000033	0.167588	-0.179894	-0.000005	-0.677809	-0.185314	-0.960939	-0.350811	-28.000000	-32.000000	1.180000	23.797334
242.535492	-259.092194	-248.492355	257.573120	84.935242	6.626494	339.196960	0.815522	-0.159489	0.167588	-0.179894	0.000019	-0.508356	0.000000	-0.960939	-0.350811	-28.000000	-32.000000	1.180000	23.741920
242.535492	-261.011414	-251.560181	255.995865	83.504753	6.431598	337.916382	0.978416	-0.159489	0.167588	-0.179894	-0.000005	-0.508356	-0.185314	-0.960939	-0.526216	-28.000000	-32.000000	1.180000	23.703135
240.548965	-257.748779	-247.409607	256.346283	83.147133	6.431598	336.475708	0.978416	-0.000033	0.167588	-0.179894	-0.000005	-0.508356	-0.185314	-0.960939	-0.350811	-28.000000	-32.000000	1.180000	23.651570
221.406387	-198.061600	-176.128220	258.799652	110.147606	6.041806	315.345917	0.978416	-0.000033	0.167562	-0.179894	0.000019	-0.508482	-0.185314	-0.960939	-0.350811	-28.000000	-28.000000	1.180000	22.896381
219.419662	-198.061600	-176.489136	257.748322	108.359489	6.041806	314.705627	0.978416	-0.000033	0.167588	-0.359789	-0.000005	-0.508356	0.000000	-0.960939	-0.350811	-28.000000	-28.000000	1.180000	22.872670
220.503235	-197.485840	-175.767303	258.098480	108.895920	6.041793	313.905243	0.978416	-0.159489	0.167588	-0.359789	-0.000005	-0.508356	-0.185314	-0.960939	-0.350811	-28.000000	-28.000000	1.180000	22.842996
219.419662	-195.566635	-174.143158	257.572815	109.611176	5.846909	312.944824	0.978416	0.000007	0.167588	-0.179894	-0.000005	-0.508356	-0.185314	-0.960939	-0.350811	-28.000000	-28.000000	1.180000	22.814577
197.026413	-148.738113	-112.787018	257.923553	129.638000	5.652000	295.405640	0.978416	0.000007	0.167562	-0.179894	-0.000005	-0.508482	-0.185314	-0.960939	-0.526217	-28.000000	-24.000000	1.180000	22.160953
197.696548	-147.970428	-112.787018	256.696747	128.743942	5.262208	294.696350	0.978416	0.000007	0.167562	-0.359789	0.000021	-0.508356	-0.185314	-0.960939	-0.526217	-28.000000	-24.000000	1.180000	22.148732
198.238174	-148.546188	-113.869781	258.273712	128.956360	5.457104	294.216156	0.978416	0.000007	0.167588	-0.179894	-0.000005	-0.508482	-0.185314	-0.960939	-0.350811	-28.000000	-24.000000	1.180000	22.122887
196.071640	-149.505798	-114.050247	255.645416	126.810066	5.652000	293.415771	1.141484	0.000007	0.335176	-0.179894	-0.000005	-0.508356	0.000000	-0.768752	-0.526217	-28.000000	-24.000000	1.180000	22.084728
173.729828	-118.030891	-68.394043	254.068726	138.042114	5.067311	277.473175	0.978416	0.000007	0.167562	-0.179894	-0.000005	-0.508482	-0.185314	-0.768752	-0.526217	-28.000000	-20.000000	1.180000	21.487318
172.104645	-116.144043	-66.048073	253.017410	137.899231	4.872415	276.832733	0.978667	0.000007	0.335157	-0.179894	-0.000005	-0.508482	-0.185314	-0.960939	-0.350811	-28.000000	-20.000000	1.180000	21.469739
173.188202	-114.384407	-64.965317	252.491745	139.830215	5.067311	276.352386	0.978416	0.000007	0.335176	-0.359789	0.170405	-0.508482	-0.185314	-0.960939	-0.526217	-28.000000	-20.000000	1.180000	21.443069
171.201691	-115.727844	-66.408997	251.440430	137.505676	4.872415	275.711945	0.978416	0.000007	0.167562	-0.179894	-0.000005	-0.508482	-0.185314	-0.960939	-0.526217	-28.000000	-20.000000	1.180000	21.425454
153.503616	-98.482468	-25.625212	255.120041	150.419266	4.677518	269.467590	0.978667	0.000007	0.167562	-0.179894	0.000021	-0.508482	-0.185314	-0.960939	-0.350811	-28.000000	-16.000000	1.180000	21.184823
154.045395	-100.374237	-28.512558	255.996155	149.843643	4.873757	270.428253	0.978416	-0.000006	0.167582	-0.359789	0.000021	-0.508482	0.000031	-0.960939	-0.526217	-28.000000	-16.000000	1.180000	21.215381
153.142639	-98.838882	-26.166590	255.120300	150.955841	4.872415	271.068726	0.978667	0.000007	0.335176	-0.179894	-0.000005	-0.508482	-0.185314	-0.960939	-0.526217	-28.000000	-16.000000	1.180000	21.241003
154.767975	-99.442345	-26.527508	256.522064	150.955841	4.872415	271.869263	0.978667	0.000007	0.167582	-0.179894	-0.000005	-0.508482	0.000031	-0.960939	-0.526217	-28.000000	-16.000000	1.180000	21.272918
145.377167	-97.330627	8.492318	278.774994	171.703339	5.262208	288.841400	0.978667	0.000007	0.167582	-0.179894	0.000021	-0.508482	-0.185314	-1.153127	-0.526217	-28.000000	-12.000000	1.180000	21.923565
147.183090	-95.410889	8.492318	276.847565	172.418762	5.262208	289.641968	0.978667	0.000007	0.167582	-0.359789	0.000021	-0.508482	-0.185314	-1.153127	-0.526217	-28.000000	-12.000000	1.180000	21.954489
145.918610	-98.482468	7.588892	278.774719	170.809052	4.678805	290.121948	0.978667	-0.000006	0.335176	-0.359789	0.000021	-0.508482	-0.185314	-1.153127	-0.701622	-28.000000	-12.000000	1.180000	21.995498
146.641113	-97.138657	9.215068	280.527191	173.492111	5.263661	290.762421	0.978667	-0.000006	0.335157	-0.359789	0.000021	-0.508482	-0.185314	-1.153127	-0.526217	-28.000000	-12.000000	1.180000	21.997640
130.748962	-100.978127	41.919552	297.348297	186.906235	5.848516	306.773895	0.978667	-0.000006	0.167582	-0.359789	-0.000013	-0.508482	-0.185314	-1.153127	-0.526217	-28.000000	-8.000000	1.180000	22.584132
131.290634	-99.826279	44.087753	298.924988	188.516174	5.458612	307.093781	0.978667	-0.000006	0.335176	-0.359789	-0.000013	-0.508482	0.000031	-1.153127	-0.526217	-28.000000	-8.000000	1.180000	22.610750
130.387955	-100.786156	44.087753	299.450958	188.873886	5.458612	307.734558	0.978640	-0.000006	0.167582	-0.179894	0.000021	-0.508482	-0.185314	-0.960939	-0.526217	-28.000000	-8.000000	1.180000	22.634754
129.484818	-101.909599	45.713940	301.728516	189.231598	5.458612	308.534790	0.978640	-0.000006	0.167582	-0.359789	-0.000013	-0.508482	-0.185314	-1.153127	-0.526217	-28.000000	-8.000000	1.180000	22.664696
106.369133	-104.404564	83.477615	317.849060	202.824799	5.653564	323.265411	0.815533	-0.000006	0.167582	-0.359789	-0.000013	-0.508482	-0.185314	-1.153127	-0.526217	-28.000000	-4.000000	1.180000	23.201835
105.646614	-107.091446	81.128677	317.148163	200.857346	5.848556	324.065979	0.978640	0.000032	0.335176	-0.359789	-0.000013	-0.508482	0.000008	-1.153127	-0.526217	-28.000000	-4.000000	1.180000	23.223944
105.827354	-107.697197	81.128677	318.374725	200.857117	5.848516	324.706390	0.978667	-0.000006	0.167575	-0.179894	0.000021	-0.508482	-0.185314	-1.153127	-0.526217	-28.000000	-4.000000	1.180000	23.247303
107.091347	-107.283363	80.948074	318.725128	201.036209	6.433412	325.506989	0.978640	0.000032	0.167582	-0.179894	-0.000013	-0.508482	-0.185314	-1.153127	-0.526217	-28.000000	-4.000000	1.180000	23.255164
78.016136	-107.091446	120.699226	327.310944	211.052246	6.043468	335.273773	0.815533	0.000032	0.167575	-0.179894	0.170354	-0.508482	0.000008	-1.153127	-0.526217	-28.000000	0.000000	1.180000	23.622394
79.821999	-107.475296	120.337852	328.887909	211.589096	6.043509	335.113678	0.978660	-0.000006	-0.000019	-0.359789	-0.000013	-0.508482	-0.185314	-0.960939	-0.701622	-28.000000	0.000000	1.180000	23.616647
77.654953	-107.283363	121.060600	328.888275	212.304260	6.043468	335.914215	0.815533	0.159920	-0.000019	-0.179894	-0.000013	-0.508482	0.000008	-1.153127	-0.350811	-28.000000	0.000000	1.180000	23.645359
78.557915	-108.818726	119.795792	328.888275	211.410233	6.043468	335.914215	0.978640	0.000032	0.167575	-0.359789	-0.000013	-0.508482	0.000008	-1.153127	-0.526217	-28.000000	0.000000	1.180000	23.645359
38.646885	-112.273277	156.836884	334.144867	213.198547	6.238461	343.279755	0.978640	-0.159489	0.167575	-0.359789	-0.000035	-0.508482	-0.185314	-0.960939	-0.701622	-28.000000	4.000000	1.180000	23.900971
40.994591	-111.121758	157.017578	335.196198	215.881393	6.043509	343.119659	0.815533	0.000032	0.167575	-0.359789	0.170332	-0.508482	-0.000013	-1.153127	-0.526217	-28.000000	4.000000	1.180000	23.902207
42.078152	-108.051041	157.017578	332.918335	216.060272	6.433412	342.158997	0.815533	0.000032	-0.000019	-0.359789	-0.000035	-0.508482	0.000008	-1.153127	-0.526217	-28.000000	4.000000	1.180000	23.854275
39.549850	-113.040962	155.029999	333.794434	211.946548	6.433412	340.878082	0.978640	-0.000031	-0.000019	-0.179894	0.170332	-0.508482	-0.185314	-1.153127	-0.526217	-28.000000	4.000000	1.180000	23.808725
2.347745	-101.362083	168.400879	299.878326	190.483841	6.043509	312.698395	0.978660	0.000032	0.167550	-0.359789	-0.000013	-0.508482	-0.185314	-1.153127	-0.526217	-28.000000	8.000000	1.180000	22.798115
3.792490	-101.554054	168.581573	301.105194	189.947266	5.848556	311.737732	0.978660	0.000032	0.167550	-0.179894	0.170354	-0.508482	-0.000013	-1.153127	-0.526217	-28.000000	8.000000	1.180000	22.769635
6.501363	-97.522598	168.400879	299.276062	191.556992	5.653643	310.776703	0.978660	-0.000031	-0.000019	-0.179894	-0.000035	-0.508482	-0.185314	-1.153127	-0.526217	-28.000000	8.000000	1.180000	22.741102
1.083563	-100.786163	168.220200	298.224731	187.622116	5.653604	309.976501	0.978660	-0.159489	0.167575	-0.359789	-0.000035	-0.508482	-0.185314	-0.960939	-0.701622	-28.000000	8.000000	1.180000	22.711265
-30.818171	-95.384323	175.086502	271.485413	166.159149	5.263738	287.561157	0.815554	-0.000031	-0.000039	-0.179894	-0.000035	-0.508482	-0.185314	-1.153127	-0.526217	-28.000000	12.000000	1.180000	21.873962
-30.818171	-96.370758	173.641006	270.364746	163.834137	5.263738	286.920410	0.978660	-0.159489	0.167550	-0.359789	0.170332	-0.677978	-0.185314	-1.153127	-0.526217	-28.000000	12.000000	1.180000	21.849124
-30.637945	-94.834976	174.363754	270.189514	164.907288	5.263738	286.119843	0.978660	-0.000031	0.167575	-0.359789	-0.000035	-0.338989	-0.185314	-0.960939	-0.526217	-28.000000	12.000000	1.180000	21.818050
-27.934601	-92.889359	174.544449	269.557495	167.053436	5.458690	285.479401	0.978660	-0.159489	0.167550	-0.359789	0.170332	-0.508482	-0.185314	-1.153127	-0.526217	-28.000000	12.000000	1.180000	21.785578
-61.996784	-93.491158	180.868515	247.235672	140.761429	4.678882	269.948547	0.978660	-0.000031	0.167550	-0.179894	-0.000008	-0.508482	-0.185314	-1.153127	-0.526217	-28.000000	16.000000	1.180000	21.203999
-61.456116	-93.491158	179.784393	246.422516	141.119034	4.678882	269.308380	0.978660	-0.159489	0.167582	-0.359789	-0.000035	-0.338989	-0.185314	-0.960939	-0.701622	-28.000000	16.000000	1.180000	21.178398
-60.555004	-92.697433	179.784210	246.247269	140.940292	4.873796	268.667938	0.815554	-0.000031	0.167582	-0.359789	-0.000035	-0.508482	0.000019	-1.153127	-0.526217	-28.000000	16.000000	1.180000	21.144945
-61.095673	-91.955368	179.061646	244.845123	139.867126	4.873834	268.027191	0.978660	-0.000031	-0.000039	-0.179894	-0.000008	-0.338989	-0.185314	-1.153127	-0.526217	-28.000000	16.000000	1.180000	21.119248
-100.204109	-113.840363	198.575928	243.443008	120.729202	5.068722	278.755005	0.815554	0.000009	-0.000013	-0.179894	-0.000008	-0.508482	-0.185314	-1.153127	-0.526217	-28.000000	20.000000	1.180000	21.537759
-101.285446	-114.960175	200.021439	245.721466	121.087021	5.068722	279.235016	0.978660	0.000009	-0.000039	-0.179894	-0.000008	-0.338989	-0.185314	-1.153127	-0.701622	-28.000000	20.000000	1.180000	21.556638
-100.925003	-115.152092	199.840744	245.195923	120.729301	4.873834	280.035919	0.978627	-0.000031	0.167582	-0.359789	0.170332	-0.508482	-0.185314	-1.153127	-0.526217	-28.000000	20.000000	1.180000	21.595750
-98.942551	-113.232887	200.563492	245.896713	123.948746	5.068786	280.515930	0.978627	0.000009	0.167550	-0.359789	-0.000008	-0.508482	-0.185314	-1.153127	-0.526217	-28.000000	20.000000	1.180000	21.606933
-140.393875	-149.505798	220.258728	243.793549	98.014427	5.263674	293.645416	0.978627	0.000009	0.167550	-0.359789	-0.000008	-0.508482	-0.185314	-1.153127	-0.526217	-28.000000	24.000000	1.180000	22.108429
-141.114761	-150.465393	219.716400	243.618530	97.835571	5.263738	294.445984	0.978627	-0.000031	-0.000013	-0.359789	0.170359	-0.508482	-0.185314	-1.153127	-0.526217	-28.000000	24.000000	1.180000	22.139092
-141.655441	-151.424988	221.523544	245.020386	97.477730	5.263674	294.926300	0.978627	0.000009	-0.000039	-0.359789	-0.000008	-0.508482	-0.185314	-1.153127	-0.526217	-28.000000	24.000000	1.180000	22.157473
-143.457672	-152.768448	221.342590	245.546448	97.656593	5.263738	295.567047	0.978627	0.159936	-0.000013	-0.179894	-0.000008	-0.338989	-0.185314	-1.153127	-0.526217	-28.000000	24.000000	1.180000	22.181964
-191.807678	-202.091934	236.520645	237.308990	60.632931	5.653579	308.536102	0.978627	0.000009	-0.000013	-0.179894	-0.000008	-0.508482	-0.000003	-1.153127	-0.350811	-28.000000	28.000000	1.180000	22.657454
-190.315704	-200.172714	236.339691	238.360580	62.242744	5.458690	308.696228	0.978652	0.000009	-0.000013	-0.179894	-0.170080	-0.338989	-0.185314	-0.960939	-0.526217	-28.000000	28.000000	1.180000	22.670729
-191.397049	-201.708084	237.785477	237.308990	62.063801	5.653579	309.336395	1.141733	0.000009	-0.000013	-0.179894	0.000016	-0.338989	-0.185314	-0.960939	-0.526217	-28.000000	28.000000	1.180000	22.687368
-193.559723	-203.051514	238.688629	238.010040	62.242744	5.653579	309.817017	0.978652	0.159936	-0.000013	-0.179894	-0.000008	-0.338989	-0.185314	-1.153127	-0.526217	-28.000000	28.000000	1.180000	22.705314
-243.545273	-253.526520	250.433624	223.756958	15.918377	5.653579	321.184998	0.978627	-0.000005	0.167550	-0.179894	0.170385	-0.508482	-0.185314	-1.153127	-0.526217	-28.000000	32.000000	1.180000	23.125722
-242.219986	-252.950760	249.710876	224.339355	17.349281	5.458626	321.665314	0.978652	0.159936	0.167582	-0.179894	0.000016	-0.338989	-0.185314	-1.153127	-0.526217	-28.000000	32.000000	1.180000	23.150455
-246.069061	-256.981079	251.337082	225.509155	14.308686	5.653579	321.825439	0.978652	0.159936	-0.000045	-0.179894	0.170359	-0.508482	-0.000003	-1.345315	-0.350811	-28.000000	32.000000	1.180000	23.149180
-244.382660	-255.061890	253.505325	225.566223	16.991562	5.848531	322.145660	0.978652	-0.000005	0.167582	-0.359789	0.170385	-0.508482	-0.185314	-0.960939	-0.526217	-28.000000	32.000000	1.180000	23.153765
-296.106750	-310.718719	257.661163	205.008331	-41.578728	6.238437	331.272064	1.141758	-0.159489	0.167550	-0.359789	0.000016	-0.508482	-0.185314	-1.153127	-0.701622	-28.000000	36.000000	1.180000	23.471354
-298.629852	-312.637939	258.745270	206.287048	-39.437332	6.043524	331.432159	0.978652	-0.000005	-0.000013	-0.179894	-0.170080	-0.338989	-0.185314	-1.153127	-0.526217	-28.000000	36.000000	1.180000	23.484169
-296.286957	-311.189240	259.829407	205.533997	-39.258884	6.043484	331.912506	1.141758	-0.000005	0.167550	-0.359789	0.000016	-0.338989	-0.185314	-0.960939	-0.526217	-28.000000	36.000000	1.180000	23.501497
-296.647400	-311.678314	258.022797	205.936523	-41.578728	6.238477	332.392853	0.978652	-0.000005	0.167582	-0.359789	-0.000008	-0.508482	-0.185314	-1.153127	-0.526217	-28.000000	36.000000	1.180000	23.511785
-348.102081	-367.335144	263.443420	183.631393	-100.645493	6.238477	341.839478	0.978652	0.000035	-0.000045	-0.359789	-0.000008	-0.338989	-0.185314	-1.153127	-0.526217	-28.000000	40.000000	1.180000	23.849849
-344.226318	-364.557922	265.611694	183.456177	-99.396355	6.043524	342.319794	0.978620	-0.000005	-0.000045	-0.359789	0.000016	-0.508482	-0.185314	-1.153127	-0.526217	-28.000000	40.000000	1.180000	23.873831
-352.336395	-372.620819	262.901367	183.152054	-106.891228	6.433429	342.800140	0.978652	-0.000005	0.167550	-0.359789	0.000016	-0.508482	-0.185314	-1.153127	-0.526217	-28.000000	40.000000	1.180000	23.877040
-354.050995	-373.964630	265.069336	183.105728	-107.426567	6.238477	343.280853	0.978652	-0.000005	0.167627	-0.359789	0.170385	-0.508357	0.000029	-1.153127	-0.526217	-28.000000	40.000000	1.180000	23.901010
-360.540741	-382.688782	237.424347	140.001556	-155.429489	5.848571	318.303345	0.978652	0.000035	0.167627	-0.359789	0.170359	-0.677809	-0.185314	-1.153127	-0.526217	-28.000000	44.000000	1.180000	23.012700
-359.639404	-382.411469	236.340210	140.351868	-157.392426	6.043524	317.342285	0.978652	0.000035	0.167550	-0.359789	-0.000008	-0.508482	-0.185314	-1.153127	-0.526217	-28.000000	44.000000	1.180000	22.970090
-355.312897	-379.618042	237.605011	138.950226	-157.392426	5.458666	316.061768	0.978652	0.000035	0.167627	-0.179894	-0.000008	-0.508357	-0.185314	-0.960939	-0.526217	-28.000000	44.000000	1.180000	22.944409
-359.639404	-383.179382	235.617203	138.599792	-158.284668	5.458666	314.940979	0.978620	-0.000005	0.167627	-0.359789	-0.000008	-0.677809	-0.185314	-1.153127	-0.526217	-28.000000	44.000000	1.180000	22.902975
225.561295	-312.725037	-302.810608	136.672363	-24.804474	5.263713	287.882355	0.978620	0.000035	0.167627	-0.359789	-0.000008	-0.677809	-0.185314	-1.153127	-0.526217	-24.000000	-44.000000	1.180000	21.886404
226.102783	-310.805298	-301.908295	134.744797	-26.232071	5.263751	287.081421	0.978620	0.000035	-0.000045	-0.359789	0.000037	-0.508482	-0.185314	-1.153127	-0.526217	-24.000000	-44.000000	1.180000	21.855367
225.199814	-311.765167	-302.269226	135.095245	-26.767418	5.068798	286.280884	0.978620	0.000035	0.167627	-0.359789	-0.000008	-0.677809	-0.185314	-1.153127	-0.526217	-24.000000	-44.000000	1.180000	21.831873
224.658554	-310.421356	-300.825531	135.270599	-25.518272	4.873808	285.640778	0.978620	0.000035	0.167627	-0.359789	-0.000008	-0.677809	-0.185314	-1.153127	-0.526217	-24.000000	-44.000000	1.180000	21.814587
214.364700	-245.918213	-245.424576	152.442261	18.958990	4.483940	268.988739	0.978620	-0.000030	0.167627	-0.359789	-0.170038	-0.508357	-0.185314	-1.153127	-0.526217	-24.000000	-40.000000	1.180000	21.173408
215.267471	-247.960831	-247.590073	150.164383	16.633863	4.483940	268.188171	1.141792	0.000035	0.167627	-0.359789	-0.000008	-0.508357	-0.185314	-1.153127	-0.526217	-24.000000	-40.000000	1.180000	21.141341
214.364700	-243.230591	-243.078583	150.339584	19.316708	4.873846	267.227844	0.978620	-0.000030	0.167601	-0.359789	-0.170038	-0.677809	-0.185314	-1.153127	-0.526217	-24.000000	-40.000000	1.180000	21.087148
213.642334	-244.574402	-243.800430	148.938004	17.706982	4.678893	266.267151	0.978620	0.000035	0.167601	-0.359789	-0.170038	-0.508357	-0.185314	-1.153127	-0.526217	-24.000000	-40.000000	1.180000	21.056351
224.297363	-208.867294	-218.536148	181.003479	59.559994	5.458690	279.396393	0.978620	0.159898	0.167627	-0.359789	-0.170038	-0.508357	-0.185314	-1.153127	-0.526217	-24.000000	-36.000000	1.180000	21.547650
224.839142	-208.291382	-217.453369	180.653030	60.454281	5.068798	280.196960	0.978620	-0.000030	0.167601	-0.359789	-0.170038	-0.508357	-0.185314	-1.153127	-0.526217	-24.000000	-36.000000	1.180000	21.594419
226.464279	-210.536423	-220.160263	181.178482	60.096565	4.873830	280.837036	1.141792	-0.000030	0.167627	-0.359789	-0.170038	-0.677809	-0.185314	-1.153127	-0.526217	-24.000000	-36.000000	1.180000	21.627164
225.561295	-211.496002	-219.618896	182.229813	59.917706	4.678877	281.637970	1.141792	-0.000030	0.167627	-0.179894	-0.170038	-0.508357	-0.185314	-1.153127	-0.526217	-24.000000	-36.000000	1.180000	21.666154
236.577744	-179.061508	-192.008636	214.821167	100.160950	5.263751	297.008759	1.141792	0.000035	0.167601	-0.359789	0.000037	-0.508357	0.000006	-1.153127	-0.526217	-24.000000	-32.000000	1.180000	22.236975
236.939209	-174.839264	-187.497147	213.419388	103.738121	5.263751	297.649567	1.141792	-0.000030	0.167601	-0.359789	-0.170038	-0.677809	-0.185314	-1.153127	-0.526217	-24.000000	-32.000000	1.180000	22.261383
236.216812	-175.606949	-188.038513	214.470718	103.201553	5.263736	298.289978	1.141792	-0.000030	0.167601	-0.359789	0.000037	-0.508357	-0.185314	-1.153127	-0.526217	-24.000000	-32.000000	1.180000	22.285750
238.744858	-175.031174	-189.482193	212.017624	102.307381	4.873846	298.770020	0.978684	0.159962	0.000006	-0.179894	0.000037	-0.508357	-0.185314	-1.153127	-0.350811	-24.000000	-32.000000	1.180000	22.318806
242.898499	-146.475891	-141.660492	243.031754	140.404358	5.653657	311.099030	1.141792	-0.000030	0.167601	-0.359789	-0.170038	-0.508482	0.000006	-1.153127	-0.526217	-24.000000	-28.000000	1.180000	22.753110
242.175903	-145.899963	-142.562790	242.330887	140.225494	5.653643	311.418884	1.141763	-0.000030	0.167601	-0.359789	0.000037	-0.677809	-0.185314	-1.153127	-0.526217	-24.000000	-28.000000	1.180000	22.765020
243.801254	-140.485565	-138.773163	243.557144	143.444962	5.068783	311.899231	1.141763	-0.000030	0.167601	-0.359789	0.000037	-0.677809	-0.185314	-1.153127	-0.526217	-24.000000	-28.000000	1.180000	22.804640
243.259689	-146.435074	-140.216827	243.382202	141.656372	5.653643	312.379578	1.141763	-0.000030	0.167601	-0.359789	0.000037	-0.677809	-0.185314	-1.153127	-0.526217	-24.000000	-28.000000	1.180000	22.800755
241.815247	-117.071297	-81.206650	270.191315	177.964554	5.848597	322.787262	1.141792	0.000009	0.167627	-0.359789	-0.000040	-0.508482	-0.185314	-1.153127	-0.526217	-24.000000	-24.000000	1.180000	23.177234
241.815247	-114.384422	-79.762978	269.140015	178.322266	5.653643	323.107452	1.141792	0.000009	0.167627	-0.359789	-0.000040	-0.508482	-0.185314	-1.153127	-0.526217	-24.000000	-24.000000	1.180000	23.196062
241.273437	-115.344009	-80.123894	269.665680	177.964554	5.458690	323.427704	1.141792	0.000009	0.000032	-0.359789	-0.000040	-0.677976	-0.185314	-1.153127	-0.526217	-24.000000	-24.000000	1.180000	23.214878
242.176147	-117.295891	-81.206650	272.293701	178.143616	5.848597	323.908051	1.141763	-0.000030	0.167627	-0.359789	-0.170038	-0.677976	-0.185314	-1.153127	-0.526217	-24.000000	-24.000000	1.180000	23.218178
235.132980	-92.531288	-33.384956	294.021118	209.086227	5.848585	334.315369	1.141763	0.000009	0.167601	-0.359789	-0.000040	-0.677976	0.000037	-1.153127	-0.526217	-24.000000	-20.000000	1.180000	23.594986
234.591461	-95.576233	-35.911385	294.722015	206.761063	6.043538	334.635590	1.141763	0.000009	0.167627	-0.359789	-0.000040	-0.508357	-0.185314	-1.153127	-0.526217	-24.000000	-20.000000	1.180000	23.599484
233.507645	-94.067078	-33.384956	295.072449	208.549652	6.043538	335.115936	1.141763	0.159937	0.167627	-0.179894	-0.000040	-0.508482	-0.185314	-1.153127	-0.526217	-24.000000	-20.000000	1.180000	23.616727
234.952957	-94.642998	-34.287254	297.175415	210.159378	6.238503	335.596283	1.141792	0.000009	0.167627	-0.359789	-0.000040	-0.508482	-0.185314	-1.153127	-0.526217	-24.000000	-20.000000	1.180000	23.626966
220.324280	-77.557343	7.769641	314.697235	231.443619	6.433445	343.281677	1.141763	0.000009	0.167627	-0.359789	-0.000013	-0.508482	-0.185314	-1.153127	-0.526217	-24.000000	-16.000000	1.180000	23.894125
223.936157	-75.445633	7.950329	314.171570	233.590118	6.238491	343.762024	1.141763	0.000009	0.167627	-0.359789	-0.000040	-0.677976	-0.185314	-1.153127	-0.526217	-24.000000	-16.000000	1.180000	23.918064
223.394669	-75.445633	8.492396	312.069244	231.264755	6.043538	343.441772	1.141763	0.000009	0.167627	-0.359789	-0.000013	-0.508482	-0.185314	-1.153127	-0.526217	-24.000000	-16.000000	1.180000	23.913624
221.408142	-75.445633	9.215152	313.646210	232.159042	6.628398	343.281677	1.141763	-0.000002	0.167627	-0.359789	-0.000013	-0.508482	-0.185314	-1.153127	-0.526217	-24.000000	-16.000000	1.180000	23.887210
187.456711	-61.414455	44.268787	297.350647	225.899185	5.848585	319.350983	1.141736	0.000009	0.167601	-0.359789	-0.170038	-0.677976	-0.185314	-1.153127	-0.526217	-24.000000	-12.000000	1.180000	23.051248
188.179092	-59.895771	44.630215	297.350647	227.866425	6.041837	318.304077	1.141763	-0.000002	0.167627	-0.359789	-0.000013	-0.508482	-0.185314	-1.153127	-0.526217	-24.000000	-12.000000	1.180000	23.005609
183.664230	-61.606373	45.714298	297.350647	226.435760	5.653631	317.109955	1.141736	0.000009	0.167601	-0.359789	-0.000040	-0.508482	-0.185314	-1.153127	-0.526217	-24.000000	-12.000000	1.180000	22.975902
185.469711	-59.703796	45.714298	296.824982	227.151199	5.848585	316.542847	1.141736	-0.000002	0.167627	-0.359789	-0.170038	-0.677976	-0.185314	-1.153127	-0.526217	-24.000000	-12.000000	1.180000	22.947777
150.254333	-53.353806	72.636932	280.704895	218.387100	5.263724	296.780334	1.141736	0.000009	0.167601	-0.359789	-0.000013	-0.508482	-0.185314	-1.153127	-0.526217	-24.000000	-8.000000	1.180000	22.228269
150.796265	-53.545723	71.733490	280.354462	217.313950	5.263724	295.979950	1.141736	-0.000002	0.167601	-0.179894	-0.000013	-0.508482	-0.185314	-1.153127	-0.526217	-24.000000	-8.000000	1.180000	22.197733
148.448532	-53.737640	73.179001	281.055328	218.029388	5.263724	295.019501	1.141763	-0.000002	0.167601	-0.359789	-0.170038	-0.508482	-0.185314	-1.153127	-0.526217	-24.000000	-8.000000	1.180000	22.161035
149.712692	-53.368668	71.914261	279.127930	216.598495	5.457143	294.219116	1.141763	-0.000002	0.167601	-0.359789	-0.000013	-0.508482	-0.185314	-1.153127	-0.526217	-24.000000	-8.000000	1.180000	22.122998
115.399773	-47.801434	93.054878	261.780975	205.151505	5.262244	274.369720	1.141736	0.000014	0.167601	-0.359789	0.000014	-0.677976	-0.185314	-1.153127	-0.526217	-24.000000	-4.000000	1.180000	21.356834
113.955017	-48.171955	93.235466	261.605743	203.899750	4.873818	273.633209	1.141736	-0.000002	0.167601	-0.359789	-0.000013	-0.508482	-0.185314	-1.153127	-0.526217	-24.000000	-4.000000	1.180000	21.343018
117.205605	-45.868919	93.596947	260.554413	204.972916	4.872447	273.409271	1.141736	0.159926	0.167601	-0.359789	-0.000013	-0.508482	-0.185314	-1.153127	-0.526217	-24.000000	-4.000000	1.180000	21.334179
114.677391	-46.060837	93.054771	259.503113	204.257202	4.873818	272.512421	1.141736	0.159926	0.167601	-0.359789	-0.000013	-0.508482	-0.185314	-1.153127	-0.526217	-24.000000	-4.000000	1.180000	21.298469
89.574783	-46.636597	120.519485	261.956482	206.403519	4.482651	273.473083	1.141736	-0.000002	0.167627	-0.359789	0.000014	-0.508482	-0.185314	-1.153127	-0.526217	-24.000000	0.000000	1.180000	21.352189
90.658348	-47.212357	119.254791	261.780975	206.582382	4.872447	274.273651	1.141736	0.000014	0.167627	-0.359789	0.000014	-0.508482	-0.185314	-1.153127	-0.526217	-24.000000	0.000000	1.180000	21.368487
90.477753	-46.060837	120.880859	262.657074	208.371231	4.872447	275.074249	1.141757	-0.000002	0.167627	-0.359789	-0.000013	-0.508482	-0.185314	-1.153127	-0.526217	-24.000000	0.000000	1.180000	21.400214
90.477753	-47.020439	120.338791	264.059143	208.549835	4.677549	275.554565	1.141736	0.000014	0.167627	-0.359789	-0.170038	-0.508482	-0.000003	-1.153127	-0.526217	-24.000000	0.000000	1.180000	21.426936
68.445190	-48.171955	153.043640	276.324371	218.923935	5.262244	291.405762	1.141757	-0.000002	0.167627	-0.359789	0.000014	-0.677976	-0.185314	-1.345315	-0.701623	-24.000000	4.000000	1.180000	22.022466
67.542274	-50.666916	152.682266	277.550903	217.135345	5.067384	291.886108	0.978649	0.000014	0.167601	-0.359789	-0.170038	-0.508482	-0.185314	-1.153127	-0.526217	-24.000000	4.000000	1.180000	22.048434
67.542274	-49.515400	153.585876	278.251801	218.387375	5.262282	292.458282	1.141757	0.000014	0.167601	-0.359789	0.000014	-0.508482	-0.185314	-1.153127	-0.701623	-24.000000	4.000000	1.180000	22.062931
66.819847	-48.171955	153.947083	276.499603	217.671951	5.262244	292.846771	1.141757	0.000014	0.167627	-0.359789	-0.170038	-0.508482	-0.185314	-1.153127	-0.526217	-24.000000	4.000000	1.180000	22.077849
40.633774	-48.555798	186.109726	285.436188	223.753159	5.652079	304.375275	1.141736	0.000014	0.167627	-0.359789	0.000014	-0.508482	-0.185314	-1.345315	-0.526217	-24.000000	8.000000	1.180000	22.501345
39.188965	-49.323479	184.844910	284.560089	222.501129	5.652040	305.175507	1.141757	0.159906	0.167627	-0.359789	0.000014	-0.508482	-0.185314	-1.345315	-0.701623	-24.000000	8.000000	1.180000	22.531465
38.285976	-50.091156	186.832703	286.837646	223.931992	5.262282	305.495697	1.141757	0.000014	0.167627	-0.359789	0.000014	-0.508482	-0.185314	-1.153127	-0.701623	-24.000000	8.000000	1.180000	22.558152
37.924854	-50.091156	185.386978	285.611420	222.322266	5.457143	306.136536	1.141757	0.159906	0.167627	-0.359789	0.000014	-0.508482	-0.185314	-1.345315	-0.526217	-24.000000	8.000000	1.180000	22.574899
8.849137	-47.596195	216.827118	291.568939	223.574310	5.846977	317.824768	1.141757	-0.159489	0.167627	-0.359789	-0.000011	-0.508482	-0.370527	-1.153127	-0.701623	-24.000000	12.000000	1.180000	22.995128
5.417842	-50.666916	215.200912	290.692871	221.070282	5.846977	317.824768	1.141757	-0.159489	0.167627	-0.179894	-0.000011	-0.508482	-0.370527	-1.153127	-0.701623	-24.000000	12.000000	1.180000	22.995128
9.932745	-46.252754	216.104340	289.641846	222.858856	5.652079	318.465240	1.141757	-0.159489	0.167601	-0.359789	-0.000011	-0.508482	-0.370527	-1.345315	-0.526217	-24.000000	12.000000	1.180000	23.025894
9.932705	-46.444679	217.368942	291.569275	223.753159	5.846977	318.785492	1.141757	0.159906	0.167601	-0.359789	-0.000011	-0.508482	-0.370527	-1.345315	-0.526217	-24.000000	12.000000	1.180000	23.030507
-31.178617	-57.000286	242.304031	289.992279	208.908066	5.846977	328.552368	1.141757	-0.159489	0.167601	-0.359789	-0.000011	-0.508482	-0.370527	-1.345315	-0.701623	-24.000000	16.000000	1.180000	23.387139
-31.539061	-59.687172	241.400833	290.693176	207.298080	5.846977	329.352936	1.141757	-0.159489	0.167627	-0.359789	-0.000011	-0.508482	-0.370527	-1.345315	-0.701623	-24.000000	16.000000	1.180000	23.416131
-30.465694	-57.384129	241.581528	289.991974	209.086929	6.041877	329.513062	1.304826	0.000014	0.167601	-0.359789	0.000014	-0.508482	-0.185314	-1.345315	-0.701623	-24.000000	16.000000	1.180000	23.414873
-32.079735	-58.535648	243.749802	292.094635	209.444656	5.652079	329.673157	1.304826	0.000014	0.167601	-0.359789	-0.000011	-0.508482	-0.370527	-1.345315	-0.701623	-24.000000	16.000000	1.180000	23.434767
-69.205719	-81.182228	265.613495	284.560425	186.371750	6.236762	338.159180	1.304826	-0.000014	0.167601	-0.359789	0.000016	-0.508482	-0.370527	-1.345315	-0.701623	-24.000000	20.000000	1.180000	23.718777
-68.665047	-80.990311	265.071136	283.859528	184.762009	6.431662	338.479401	0.978649	-0.159489	0.167601	-0.359789	0.000016	-0.508482	-0.370527	-1.345315	-0.701623	-24.000000	20.000000	1.180000	23.723254
-69.025482	-80.990303	264.529053	283.508759	184.941040	6.236775	338.959747	1.304826	0.159906	0.167601	-0.359789	-0.000011	-0.508482	-0.370527	-1.345315	-0.701623	-24.000000	20.000000	1.180000	23.747362
-71.548615	-84.636787	265.071411	285.085754	183.509995	6.236762	339.279968	1.141718	-0.000014	0.167601	-0.359789	-0.170038	-0.508482	-0.370527	-1.345315	-0.701623	-24.000000	20.000000	1.180000	23.758788
-113.180176	-122.636978	274.286285	266.405426	145.412888	6.236762	338.319672	1.304826	-0.159489	0.167575	-0.359789	0.000016	-0.508482	-0.370527	-1.345315	-0.701623	-24.000000	24.000000	1.180000	23.724511
-111.738388	-120.909698	274.286621	264.059448	144.697464	6.041864	336.718170	1.304826	-0.159489	0.167601	-0.359789	0.000016	-0.508482	-0.370527	-1.345315	-0.701623	-24.000000	24.000000	1.180000	23.674212
-115.342857	-123.788498	274.467285	264.234650	143.982025	6.236762	335.597382	1.304826	0.000026	0.167601	-0.359789	0.000016	-0.508482	-0.370527	-1.345315	-0.701623	-24.000000	24.000000	1.180000	23.627068
-105.610802	-114.960175	272.479706	263.708984	147.201614	6.236762	334.316467	1.304826	-0.159489	0.167601	-0.359789	-0.000011	-0.508482	-0.370527	-1.345315	-0.701623	-24.000000	24.000000	1.180000	23.581079
-145.259918	-152.576523	257.301788	223.407974	90.860764	5.457167	306.937469	1.304850	-0.159489	0.167575	-0.359789	-0.000011	-0.508482	-0.370527	-1.345315	-0.701623	-24.000000	28.000000	1.180000	22.604946
-145.620361	-152.768448	255.675583	222.356628	89.072166	5.457167	305.816681	1.141742	-0.159489	0.167575	-0.359789	0.000016	-0.508482	-0.370527	-1.345315	-0.701623	-24.000000	28.000000	1.180000	22.562889
-147.062149	-153.919968	255.494888	223.114548	90.860764	5.457167	305.016083	1.304826	0.000026	0.335170	-0.359789	0.000016	-0.508482	-0.370527	-1.345315	-0.701623	-24.000000	28.000000	1.180000	22.532798
-143.998352	-151.808838	254.410767	219.903519	86.746986	5.652066	304.055420	1.304850	-0.159489	0.167601	-0.359789	-0.000011	-0.508482	-0.370527	-1.345315	-0.701623	-24.000000	28.000000	1.180000	22.489295
-176.979187	-183.859512	241.401123	185.432205	38.097111	4.872471	284.361786	1.304850	0.000026	0.167575	-0.359789	0.000016	-0.508482	-0.370527	-1.345315	-0.701623	-24.000000	32.000000	1.180000	21.764896
-175.717636	-183.283737	240.678375	185.432205	37.381672	4.872509	283.881134	1.141742	-0.159489	0.167601	-0.359789	-0.000011	-0.508482	-0.370527	-1.537503	-0.701623	-24.000000	32.000000	1.180000	21.746172
-174.996750	-182.707993	239.233109	184.158234	35.771935	4.677610	282.920441	1.141742	0.000026	0.167575	-0.359789	0.000016	-0.508482	-0.370527	-1.345315	-0.701623	-24.000000	32.000000	1.180000	21.716308
-173.014297	-180.596863	240.497681	184.906403	38.991409	4.872509	282.600220	1.304826	0.000026	0.167575	-0.359789	0.000016	-0.508482	-0.370527	-1.345315	-0.701623	-24.000000	32.000000	1.180000	21.696197
-204.012680	-215.526321	227.849411	153.358383	-11.956115	4.482673	267.069550	1.304850	0.000026	0.167575	-0.359789	0.000016	-0.677809	-0.370527	-1.345315	-0.701623	-24.000000	36.000000	1.180000	21.096505
-201.129105	-212.071762	226.403885	151.255188	-12.848363	4.287775	266.268646	1.141742	0.000026	0.167575	-0.359789	0.000016	-0.677809	-0.370527	-1.345315	-0.701623	-24.000000	36.000000	1.180000	21.072147
-200.408218	-211.112167	225.862061	150.866074	-12.669913	4.287811	265.468079	1.304850	0.000026	0.167575	-0.359789	0.000016	-0.508482	-0.370527	-1.345315	-0.701623	-24.000000	36.000000	1.180000	21.039924
-197.344421	-208.809128	223.874237	150.904663	-11.242316	4.287775	264.827942	1.141742	-0.159489	0.167595	-0.359789	0.000016	-0.677809	-0.370527	-1.345315	-0.701623	-24.000000	36.000000	1.180000	21.014126
-248.167374	-263.506348	233.270340	132.852173	-63.706459	4.677610	277.636688	1.141763	0.000013	0.335170	-0.359789	-0.000011	-0.677809	-0.185263	-1.345315	-0.701623	-24.000000	40.000000	1.180000	21.509126
-249.609146	-265.307587	234.173553	132.852173	-66.561653	4.872509	278.437622	1.141742	0.000026	0.167595	-0.359789	-0.000011	-0.677809	-0.370527	-1.345315	-0.701623	-24.000000	40.000000	1.180000	21.532991
-248.347595	-263.195862	234.354477	133.202713	-63.528015	4.677610	279.077728	1.141763	0.000026	0.167595	-0.359789	0.000016	-0.677809	-0.370527	-1.537503	-0.701623	-24.000000	40.000000	1.180000	21.565828
-247.266266	-263.003876	235.980438	134.780121	-62.635757	4.677610	279.718506	1.304871	0.000026	0.167595	-0.359789	-0.000011	-0.677809	-0.370527	-1.345315	-0.701623	-24.000000	40.000000	1.180000	21.590994
-303.676117	-320.787964	241.039993	110.242920	-128.483612	5.262307	294.288849	1.141742	-0.159489	0.167595	-0.359789	-0.000011	-0.677809	-0.370527	-1.345315	-0.701623	-24.000000	44.000000	1.180000	22.133131
-305.838806	-323.283600	240.678909	112.345978	-127.948257	5.262242	294.768829	1.141763	-0.159489	0.167575	-0.359789	-0.000011	-0.677809	-0.370527	-1.345315	-0.701623	-24.000000	44.000000	1.180000	22.151504
-304.216766	-321.363861	241.039993	111.645050	-129.018967	5.262242	295.249542	1.304850	0.000013	0.167595	-0.359789	-0.000011	-0.677809	-0.370527	-1.345315	-0.701623	-24.000000	44.000000	1.180000	22.169887
-305.838806	-323.667542	242.124130	112.696655	-127.948257	5.457141	295.889984	1.141742	-0.159489	0.335189	-0.359789	-0.000011	-0.677809	-0.370527	-1.345315	-0.701623	-24.000000	44.000000	1.180000	22.186911
266.377258	-297.367157	-303.893341	127.594330	-11.242316	5.652040	312.061462	1.304871	0.000013	0.167595	-0.359789	-0.000011	-0.677809	-0.370527	-1.345315	-0.701623	-20.000000	-44.000000	1.180000	22.788989
268.002838	-295.173187	-303.813782	123.913727	-13.205262	5.457206	312.381958	1.141763	0.000013	0.167614	-0.359789	-0.000011	-0.677809	-0.370527	-1.345315	-0.526217	-20.000000	-44.000000	1.180000	22.808144
266.377808	-295.255432	-301.547394	126.016945	-11.420766	5.846940	312.862030	1.141763	-0.000001	0.335189	-0.359789	-0.000011	-0.677809	-0.370527	-1.345315	-0.526217	-20.000000	-44.000000	1.180000	22.811500
267.641663	-296.407288	-304.615204	127.419075	-11.777665	5.457141	313.342377	1.141763	-0.000001	0.167595	-0.359789	-0.000011	-0.677809	-0.185263	-1.345315	-0.701623	-20.000000	-44.000000	1.180000	22.843804
281.367218	-251.869415	-264.192322	160.544662	40.243492	5.846940	322.789368	1.141763	-0.159489	0.335189	-0.359789	0.000013	-0.677809	-0.370527	-1.345315	-0.701623	-20.000000	-40.000000	1.180000	23.177371
280.464264	-256.213409	-267.550964	161.596268	38.991531	5.652040	323.429810	1.141763	-0.159489	0.167614	-0.359789	0.000013	-0.677809	-0.370527	-1.345315	-0.701623	-20.000000	-40.000000	1.180000	23.207895
280.825439	-256.668762	-269.064728	161.771530	38.454895	5.652081	323.750031	1.304871	-0.159489	0.335208	-0.359789	0.000013	-0.677809	-0.370527	-1.345315	-0.526217	-20.000000	-40.000000	1.180000	23.219584
282.270203	-253.718460	-265.386047	162.122070	41.853230	6.041839	324.230347	1.304871	-0.000001	0.335208	-0.359789	0.000013	-0.508357	-0.370527	-1.345315	-0.701623	-20.000000	-40.000000	1.180000	23.222889
290.216644	-204.586884	-224.973755	195.773346	93.186180	6.431637	334.157410	1.141763	-0.000001	0.167614	-0.359789	-0.000005	-0.508357	-0.370527	-1.345315	-0.701623	-20.000000	-36.000000	1.180000	23.568356
292.202576	-203.435349	-225.032669	195.773163	92.470741	6.041879	334.797882	1.304887	-0.000001	0.167614	-0.359789	0.000013	-0.677809	-0.370527	-1.345315	-0.701623	-20.000000	-36.000000	1.180000	23.605372
290.757812	-205.354553	-226.115417	196.649490	91.934158	6.431637	335.118103	1.304887	0.000013	0.167614	-0.539680	0.000013	-0.677809	-0.370527	-1.345315	-0.701623	-20.000000	-36.000000	1.180000	23.602875
291.841736	-208.041458	-227.860336	196.474411	91.934158	6.431637	335.598450	1.304887	-0.159489	0.167614	-0.359789	0.000013	-0.677809	-0.370527	-1.345315	-0.701623	-20.000000	-36.000000	1.180000	23.620115
295.092438	-149.313873	-180.278763	228.197556	144.161346	6.236778	343.283905	1.467996	-0.000001	0.167614	-0.359789	0.000013	-0.677809	-0.370527	-1.345315	-0.701623	-20.000000	-32.000000	1.180000	23.901178
297.982239	-149.505798	-182.083359	228.197754	143.088181	6.236778	343.444000	1.141763	-0.000001	0.167614	-0.359789	-0.000005	-0.677809	-0.370527	-1.537503	-0.701623	-20.000000	-32.000000	1.180000	23.906854
295.092072	-152.000748	-182.805191	228.723328	142.015030	6.236778	343.764252	1.304887	-0.159489	0.167614	-0.359789	0.000013	-0.677809	-0.370527	-1.537503	-0.701623	-20.000000	-32.000000	1.180000	23.918203
296.356232	-150.657318	-181.361526	228.898590	144.161346	6.626577	344.244598	1.304887	-0.000001	0.167614	-0.359789	0.000013	-0.677809	-0.370527	-1.345315	-0.701623	-20.000000	-32.000000	1.180000	23.921411
274.685455	-99.606552	-119.464012	237.487213	172.957840	6.041879	325.511658	1.304887	-0.000012	0.167620	-0.359789	-0.000005	-0.677809	-0.370527	-1.345315	-0.701623	-20.000000	-28.000000	1.180000	23.269599
274.685455	-99.798485	-119.103081	236.435318	171.884674	5.846980	324.390472	1.304887	-0.000012	0.167614	-0.359789	-0.000005	-0.677809	-0.370527	-1.345315	-0.526217	-20.000000	-28.000000	1.180000	23.235839
273.240082	-98.646957	-116.937584	237.311661	172.421417	6.041879	323.270081	1.467966	-0.000001	0.000026	-0.359789	0.000013	-0.677809	-0.370527	-1.345315	-0.701623	-20.000000	-28.000000	1.180000	23.187819
272.337128	-97.111588	-116.396194	234.857925	173.136856	6.041879	322.309387	1.304887	-0.000001	0.000026	-0.539680	0.000013	-0.677809	-0.370527	-1.345315	-0.701623	-20.000000	-28.000000	1.180000	23.152681
245.789688	-54.121479	-49.626289	236.785843	191.201767	5.457181	300.533875	1.304856	-0.000001	0.000026	-0.359789	0.000013	-0.677809	-0.370527	-1.345315	-0.701623	-20.000000	-24.000000	1.180000	22.363586
244.525833	-57.576046	-54.318226	234.332108	187.624557	5.652081	299.413086	1.304856	-0.000001	0.000026	-0.359789	-0.000005	-0.677809	-0.370527	-1.345315	-0.701623	-20.000000	-24.000000	1.180000	22.313674
243.803650	-53.929562	-50.528584	234.332413	189.234131	5.457181	298.292267	1.304887	-0.000012	0.167620	-0.359789	-0.000005	-0.677809	-0.370527	-1.345315	-0.701623	-20.000000	-24.000000	1.180000	22.278480
241.636505	-55.273003	-49.806751	234.682938	188.339828	5.457220	297.171478	1.467996	-0.159489	0.000026	-0.359789	-0.000005	-0.677809	-0.370527	-1.345315	-0.701623	-20.000000	-24.000000	1.180000	22.235803
214.186264	-35.697147	1.445515	233.631332	198.356186	5.067420	278.918518	1.304856	-0.000012	0.000026	-0.359789	-0.000005	-0.677809	-0.370527	-1.345315	-0.701623	-20.000000	-20.000000	1.180000	21.544243
214.547211	-33.586029	1.806895	231.703094	198.356186	5.067420	278.117920	1.304856	-0.000012	0.000026	-0.359789	-0.000005	-0.677809	-0.370527	-1.345315	-0.701623	-20.000000	-20.000000	1.180000	21.512728
215.088989	-36.080990	0.361373	231.527847	195.852127	4.677621	277.477478	1.304856	-0.000012	0.000026	-0.359789	-0.000005	-0.677809	-0.370527	-1.537503	-0.701623	-20.000000	-20.000000	1.180000	21.502852
213.283035	-35.505230	0.361373	230.651810	195.136688	4.677621	276.676910	1.304856	-0.000012	0.167614	-0.359789	-0.000005	-0.677809	-0.370527	-1.345315	-0.701623	-20.000000	-20.000000	1.180000	21.471278
191.611832	-15.929371	35.595970	232.754990	206.583771	4.677621	268.031067	1.304856	-0.159489	0.000000	-0.359789	0.000022	-0.677976	-0.370527	-1.345315	-0.526217	-20.000000	-16.000000	1.180000	21.127276
192.333984	-16.888975	34.873211	233.280823	206.584045	4.677621	268.831329	1.304856	-0.159489	0.167595	-0.359789	0.170365	-0.677976	-0.370527	-1.537503	-0.701623	-20.000000	-16.000000	1.180000	21.159352
193.056595	-16.888975	35.234589	235.033463	207.656921	4.677621	269.792328	1.304856	0.000028	0.000026	-0.359789	0.000022	-0.677809	-0.370527	-1.345315	-0.701623	-20.000000	-16.000000	1.180000	21.197806
194.501129	-16.505133	34.873211	234.857925	208.372665	4.677621	270.432465	1.304856	-0.000012	0.167620	-0.359789	-0.000005	-0.677809	-0.370527	-1.345315	-0.701623	-20.000000	-16.000000	1.180000	21.223382
187.999695	-10.171768	64.506409	255.364487	230.909119	5.067420	286.123962	1.304880	-0.000012	0.000000	-0.359789	0.000022	-0.677976	-0.370527	-1.345315	-0.701623	-20.000000	-12.000000	1.180000	21.825834
186.916351	-9.020247	66.313309	256.941864	233.412842	5.262320	286.764435	1.304856	0.000028	0.167595	-0.359789	0.000022	-0.677809	-0.370527	-1.345315	-0.701623	-20.000000	-12.000000	1.180000	21.843127
187.096939	-9.979848	65.951935	257.467682	233.055099	5.068826	287.244415	1.304880	0.000028	0.167620	-0.359789	0.000022	-0.508482	-0.370527	-1.345315	-0.701623	-20.000000	-12.000000	1.180000	21.869242
187.096725	-10.363688	65.409859	256.416077	232.876556	5.067420	287.565002	1.304880	-0.000012	0.000000	-0.359789	0.000022	-0.677976	-0.370527	-1.345315	-0.701623	-20.000000	-12.000000	1.180000	21.881715
174.816635	-7.868726	96.488571	273.522980	251.298874	5.263782	300.694366	1.304856	0.000028	0.000000	-0.359789	0.000022	-0.677976	-0.370527	-1.345315	-0.701623	-20.000000	-8.000000	1.180000	22.376992
174.455261	-7.676806	96.488571	273.172546	252.372360	5.457220	301.174683	1.304880	0.000028	0.167595	-0.359789	0.000022	-0.677976	-0.370527	-1.345315	-0.701623	-20.000000	-8.000000	1.180000	22.387855
174.093857	-8.444487	96.488571	274.643890	252.551224	5.457220	301.655029	1.304880	0.000028	0.167595	-0.359789	0.000022	-0.508482	-0.370527	-1.345315	-0.701623	-20.000000	-8.000000	1.180000	22.406030
172.107529	-8.060647	98.837662	274.749542	253.087814	5.263782	302.135406	1.304880	0.000028	0.167620	-0.359789	0.000022	-0.677976	-0.370527	-1.345315	-0.526217	-20.000000	-8.000000	1.180000	22.431501
154.228561	-9.979848	130.277649	287.190369	264.177185	5.262320	314.304382	1.304856	0.000028	0.167595	-0.359789	-0.000003	-0.677976	-0.370527	-1.345315	-0.701623	-20.000000	-4.000000	1.180000	22.886679
157.660049	-8.828328	128.290222	285.613373	265.071472	5.263782	314.784393	1.304880	0.000028	0.000000	-0.359789	0.000022	-0.677976	-0.370527	-1.345315	-0.701623	-20.000000	-4.000000	1.180000	22.904392
156.034515	-8.252567	130.097122	286.912598	265.608063	5.263782	314.944519	1.304880	0.000028	0.167595	-0.359789	0.000022	-0.677976	-0.370527	-1.537503	-0.526217	-20.000000	-4.000000	1.180000	22.910316
154.589752	-9.020247	131.361786	288.592163	266.502350	5.457220	315.425201	1.304880	0.000028	0.000000	-0.359789	0.000022	-0.677976	-0.370527	-1.537503	-0.701623	-20.000000	-4.000000	1.180000	22.920940
131.654129	-7.868726	164.428299	296.477173	276.161102	5.458736	325.032043	1.304880	0.000028	0.167562	-0.359789	0.000022	-0.677976	-0.370527	-1.345315	-0.701623	-20.000000	0.000000	1.180000	23.273368
132.015137	-9.596007	163.163467	297.528503	275.445648	5.458736	325.352264	1.304880	0.000028	0.167562	-0.359789	-0.000003	-0.677976	-0.370527	-1.537503	-0.701623	-20.000000	0.000000	1.180000	23.285026
132.918427	-8.828326	164.066910	298.229401	276.518555	5.653731	325.672150	1.304880	0.000015	0.167595	-0.359789	-0.000003	-0.508482	-0.370527	-1.537503	-0.701623	-20.000000	0.000000	1.180000	23.289571
134.543793	-8.828328	163.705536	297.878967	276.697418	5.263782	326.152496	1.304880	0.000015	0.167595	-0.359789	-0.000003	-0.677976	-0.370527	-1.345315	-0.701623	-20.000000	0.000000	1.180000	23.321217
105.829224	-5.757605	197.494644	305.764313	283.315277	5.848686	335.279358	1.304880	0.000015	0.167595	-0.359789	-0.000003	-0.508482	-0.370527	-1.537503	-0.701623	-20.000000	4.000000	1.180000	23.629580
106.912544	-4.414163	198.217407	305.238312	283.852112	5.848646	335.599579	1.304880	0.000015	0.167562	-0.359789	-0.000003	-0.508482	-0.370527	-1.345315	-0.701623	-20.000000	4.000000	1.180000	23.641064
106.731941	-4.606083	198.578796	306.289642	284.388702	6.043602	336.079926	1.304852	0.000015	0.167562	-0.359789	-0.000003	-0.677976	-0.370527	-1.345315	-0.526217	-20.000000	4.000000	1.180000	23.651291
106.551605	-4.606083	197.133270	304.186981	282.242096	6.043642	336.400146	1.304852	0.000015	0.000000	-0.359789	-0.000003	-0.677976	-0.370527	-1.537503	-0.526217	-20.000000	4.000000	1.180000	23.662762
76.572563	-0.959601	228.934784	307.691437	282.957794	5.848646	345.766968	1.304852	0.000015	0.167562	-0.359789	-0.000003	-0.508482	-0.370527	-1.345315	-0.701623	-20.000000	8.000000	1.180000	24.002766
75.669579	-1.343441	230.741699	309.969330	283.852112	6.043602	346.247192	1.304852	0.000015	-0.000032	-0.539680	-0.170038	-0.677976	-0.370527	-1.537503	-0.701623	-20.000000	8.000000	1.180000	24.012835
76.753159	-2.111122	229.838516	309.794128	285.282990	6.238597	346.487335	1.304852	0.000015	-0.000032	-0.359789	-0.000003	-0.677976	-0.370527	-1.537503	-0.701623	-20.000000	8.000000	1.180000	24.014429
76.030891	-0.959601	229.838226	308.743103	283.851837	6.238597	346.007019	1.304852	0.000015	0.167562	-0.359789	-0.170038	-0.677976	-0.370527	-1.345315	-0.701623	-20.000000	8.000000	1.180000	23.997473
40.272896	10.392345	231.464447	273.873718	248.795395	5.263821	314.551910	1.304852	0.000015	0.167562	-0.359789	-0.170038	-0.677976	-0.370527	-1.345315	-0.701623	-20.000000	12.000000	1.180000	22.895788
39.008629	10.777246	230.561264	272.997620	246.649353	5.458776	313.431335	1.304852	0.000015	0.167588	-0.359789	-0.000003	-0.677976	-0.370527	-1.537503	-0.701623	-20.000000	12.000000	1.180000	22.847044
40.092300	11.547047	229.657562	271.420593	245.397034	5.263821	312.470886	1.304852	0.000002	0.167562	-0.359789	-0.170038	-0.677976	-0.370527	-1.345315	-0.701623	-20.000000	12.000000	1.180000	22.818631
40.272896	10.969696	229.657822	271.070160	245.933624	5.653731	311.670502	1.304852	0.000002	-0.000032	-0.359789	-0.170038	-0.508482	-0.370527	-1.537503	-0.701623	-20.000000	12.000000	1.180000	22.774383
8.668571	7.698043	232.187485	243.735092	211.950317	4.873896	292.301147	1.467970	0.000015	0.167588	-0.359789	-0.170038	-0.677976	-0.370527	-1.537503	-0.701623	-20.000000	16.000000	1.180000	22.071811
9.210358	7.313142	230.019211	243.209686	211.950317	4.873910	291.820923	1.467970	0.000015	-0.000006	-0.359789	-0.170038	-0.508482	-0.185263	-1.537503	-0.701623	-20.000000	16.000000	1.180000	22.053364
7.584996	7.118680	230.561264	243.034454	210.698303	4.678955	290.860443	1.467970	0.000015	-0.000006	-0.359789	-0.170038	-0.677976	-0.370527	-1.537503	-0.526217	-20.000000	16.000000	1.180000	22.023927
9.210358	6.350891	228.935074	242.333557	210.519440	5.068865	290.540283	1.467970	0.000015	0.167588	-0.359789	-0.000018	-0.677976	-0.370527	-1.537503	-0.701623	-20.000000	16.000000	1.180000	21.996587
-24.877310	-19.959696	228.754379	216.225327	172.422043	4.678940	273.412018	1.467970	0.000002	0.167588	-0.359789	-0.000018	-0.677976	-0.370527	-1.537503	-0.701623	-20.000000	20.000000	1.180000	21.341973
-23.435146	-18.237495	227.489548	215.174210	173.674072	4.483984	272.291473	1.304852	0.000002	0.167562	-0.359789	-0.170038	-0.677976	-0.370527	-1.537503	-0.701623	-20.000000	20.000000	1.180000	21.305187
-24.149910	-19.773285	226.586075	214.998993	171.348877	4.678955	271.491089	1.467970	0.000002	0.167588	-0.359789	-0.170038	-0.677976	-0.370527	-1.537503	-0.701623	-20.000000	20.000000	1.180000	21.265558
-24.156229	-18.808174	226.947464	213.947403	172.243179	4.289029	270.593170	1.467970	0.000002	0.167588	-0.359789	-0.170038	-0.508482	-0.370527	-1.537503	-0.526217	-20.000000	20.000000	1.180000	21.245304
-60.210304	-52.778042	243.209885	204.310364	145.592896	4.483984	276.613556	1.467970	0.000002	0.167588	-0.359789	-0.170038	-0.508482	-0.370527	-1.537503	-0.526217	-20.000000	24.000000	1.180000	21.476419
-61.636341	-55.864326	240.860626	205.361710	143.625427	4.483984	277.158508	1.304852	0.000002	0.167562	-0.359789	0.000010	-0.508482	-0.370527	-1.345315	-0.701623	-20.000000	24.000000	1.180000	21.497912
-59.849758	-53.368671	242.667542	203.959915	145.235168	4.483984	277.959076	1.467970	-0.000010	-0.000006	-0.359789	-0.170038	-0.508482	-0.185263	-1.345315	-0.701623	-20.000000	24.000000	1.180000	21.529448
-60.570843	-54.904461	243.932373	206.237823	145.056305	4.678940	278.599518	1.304852	0.000002	-0.000006	-0.359789	-0.170038	-0.677976	-0.370527	-1.345315	-0.526217	-20.000000	24.000000	1.180000	21.546976
-105.070129	-102.897865	261.278961	197.126205	110.178551	5.068851	294.130676	1.467991	0.000002	0.167562	-0.359789	-0.170038	-0.508482	-0.370527	-1.537503	-0.701623	-20.000000	28.000000	1.180000	22.134482
-101.852753	-99.250366	263.989319	198.002106	113.398064	5.068851	294.702301	1.467970	0.000002	0.167588	-0.359789	-0.170038	-0.677976	-0.370527	-1.537503	-0.701623	-20.000000	28.000000	1.180000	22.156357
-102.754105	-99.634315	263.627960	198.528000	113.040337	5.068851	295.502686	1.467991	0.000002	0.167588	-0.359789	-0.170038	-0.677976	-0.370527	-1.345315	-0.526217	-20.000000	28.000000	1.180000	22.186950
-106.872368	-102.321945	264.711823	197.476654	111.072853	4.873896	295.891907	1.467970	0.000002	0.167562	-0.359789	0.000010	-0.677976	-0.370527	-1.345315	-0.526217	-20.000000	28.000000	1.180000	22.209252
-156.114136	-156.458511	279.709412	182.582687	65.999832	5.068837	308.220764	1.467991	0.000002	0.167562	-0.359789	0.000010	-0.508482	-0.370527	-1.345315	-0.701623	-20.000000	32.000000	1.180000	22.667528
-155.212784	-157.034439	278.083191	184.334915	65.105522	5.068851	308.861206	1.467991	0.000002	0.167562	-0.359789	-0.170038	-0.508482	-0.370527	-1.345315	-0.701623	-20.000000	32.000000	1.180000	22.691459
-154.491714	-155.690613	279.890106	184.159683	65.284393	5.263806	309.181458	1.467991	0.000002	0.167562	-0.359789	-0.170038	-0.677976	-0.370527	-1.537503	-0.701623	-20.000000	32.000000	1.180000	22.696138
-156.294403	-156.222992	279.709412	183.634216	66.536415	5.263806	309.821899	1.467970	-0.000010	0.167562	-0.359789	-0.170038	-0.508482	-0.370527	-1.345315	-0.526217	-20.000000	32.000000	1.180000	22.720039
-215.423096	-216.354279	290.731567	161.906509	5.365874	5.653704	320.229370	1.467991	-0.000010	0.167562	-0.359789	-0.170038	-0.508482	-0.370527	-1.345315	-0.701623	-20.000000	36.000000	1.180000	23.090671
-210.500732	-211.879837	289.828125	162.256775	9.837383	5.458762	320.709686	1.467991	-0.000010	0.167562	-0.359789	-0.170038	-0.677809	-0.370527	-1.537503	-0.701623	-20.000000	36.000000	1.180000	23.115440
-212.358490	-215.202438	289.828125	164.534866	8.764237	5.653704	321.190033	1.467991	-0.000010	0.167562	-0.359789	0.000010	-0.508482	-0.370527	-1.537503	-0.701623	-20.000000	36.000000	1.180000	23.125901
-213.620377	-214.818497	292.899872	163.658737	7.691069	5.458749	321.510254	1.467991	-0.000010	0.167562	-0.359789	-0.170038	-0.508482	-0.370527	-1.537503	-0.701623	-20.000000	36.000000	1.180000	23.144773
-275.813660	-271.950867	297.597839	135.447922	-56.568474	5.653704	332.398437	1.467991	0.000030	0.167562	-0.359789	-0.000014	-0.508482	-0.370527	-1.345315	-0.701623	-20.000000	40.000000	1.180000	23.533054
-275.993927	-273.486237	298.320587	136.499100	-57.460732	5.653704	332.878784	1.467970	0.000030	0.167588	-0.359789	-0.000014	-0.508482	-0.370527	-1.345315	-0.701623	-20.000000	40.000000	1.180000	23.550345
-277.976898	-275.981201	297.597839	137.375214	-57.996071	5.848660	333.358765	1.467991	0.000030	0.167562	-0.359789	-0.170038	-0.508482	-0.370527	-1.345315	-0.526217	-20.000000	40.000000	1.180000	23.560600
-273.470154	-271.758942	298.320892	136.323868	-59.066776	6.238572	333.358765	1.467964	-0.000010	0.167588	-0.539680	-0.170038	-0.847261	-0.370527	-1.345315	-0.701623	-20.000000	40.000000	1.180000	23.546570
-332.959381	-331.254211	298.501587	106.185425	-128.126724	6.043616	342.325165	1.467964	-0.000010	0.167588	-0.359789	-0.170038	-0.677809	-0.370527	-1.537503	-0.526217	-20.000000	44.000000	1.180000	23.874018
-330.615845	-329.334991	298.862671	103.907646	-134.550888	5.848660	342.645782	1.467991	0.000030	0.167588	-0.359789	-0.170038	-0.508482	-0.370527	-1.345315	-0.526217	-20.000000	44.000000	1.180000	23.892312
-338.547760	-335.476440	299.224060	103.732430	-137.762985	5.848660	342.966003	1.467991	0.000030	0.167562	-0.359789	-0.170038	-0.508482	-0.370527	-1.537503	-0.526217	-20.000000	44.000000	1.180000	23.903668
-334.762085	-334.324921	299.043671	105.834976	-135.264694	6.043604	343.445984	1.467964	0.000030	0.167562	-0.359789	-0.000014	-0.677809	-0.370527	-1.345315	-0.526217	-20.000000	44.000000	1.180000	23.913771
286.967529	-257.173004	-291.441650	101.980194	-2.676744	5.458749	318.148529	1.467991	0.000030	0.167588	-0.359789	0.000011	-0.677809	-0.370527	-1.537501	-0.701623	-16.000000	-44.000000	1.180000	23.021353
286.786957	-257.173004	-292.343964	101.804970	-3.033643	5.458737	317.027405	1.467964	0.000030	0.167588	-0.539680	-0.170038	-0.847261	-0.370527	-1.345315	-0.526217	-16.000000	-44.000000	1.180000	22.980045
287.690277	-256.789185	-292.524445	100.052734	-3.747439	5.458737	316.547058	1.467964	0.000030	0.167588	-0.359789	-0.000014	-0.677809	-0.370527	-1.537501	-0.701623	-16.000000	-44.000000	1.180000	22.962324
286.606354	-256.213409	-291.622131	100.578400	-2.676744	5.263781	315.586395	1.467991	0.000030	0.167588	-0.539680	-0.170038	-0.677809	-0.370527	-1.729689	-0.526217	-16.000000	-44.000000	1.180000	22.934047
269.630615	-187.314056	-223.769455	123.357483	49.365757	5.068824	294.291107	1.467964	0.000030	0.167588	-0.359789	-0.170038	-0.677809	-0.370527	-1.729689	-0.526217	-16.000000	-40.000000	1.180000	22.140625
270.894470	-187.314056	-225.393600	122.831810	48.471451	5.068824	292.850372	1.304855	0.000017	0.167588	-0.359789	-0.170038	-0.847261	-0.370527	-1.729689	-0.701622	-16.000000	-40.000000	1.180000	22.085410
269.269409	-187.505981	-226.115417	121.780464	47.040562	5.068824	292.369720	1.467964	0.000030	0.167588	-0.359789	-0.170038	-0.677809	-0.185263	-1.729689	-0.877028	-16.000000	-40.000000	1.180000	22.066959
266.018372	-185.202942	-220.160263	122.831810	49.008034	4.873869	291.409332	1.467991	0.000017	0.167588	-0.359789	-0.170038	-0.677809	-0.370527	-1.729689	-0.701622	-16.000000	-40.000000	1.180000	22.037544
253.738113	-128.010757	-167.105240	140.740601	89.430717	4.873869	274.917480	1.467964	0.000017	0.167588	-0.359789	-0.170038	-0.677809	-0.370527	-1.729689	-0.701622	-16.000000	-36.000000	1.180000	21.393949
253.376328	-128.970337	-166.383408	140.879852	89.073105	4.483957	274.277039	1.467964	0.000030	0.167556	-0.359789	0.000011	-0.677809	-0.370527	-1.729689	-0.701622	-16.000000	-36.000000	1.180000	21.384023
252.654251	-128.586487	-166.924789	141.266403	88.715378	4.678913	273.636566	1.304855	0.000017	0.167556	-0.359789	-0.170038	-0.677809	-0.370527	-1.729689	-0.877028	-16.000000	-36.000000	1.180000	21.350888
252.473663	-128.970337	-165.842026	140.354187	88.715378	4.873869	273.156219	1.631088	0.000030	0.167556	-0.539680	0.000011	-0.677809	-0.370527	-1.729689	-0.877028	-16.000000	-36.000000	1.180000	21.324067
249.945587	-84.252953	-119.824921	162.782806	127.528351	4.483957	272.195526	1.631088	0.000017	0.167556	-0.359789	-0.170038	-0.677809	-0.370527	-1.729689	-0.701622	-16.000000	-32.000000	1.180000	21.301372
249.404068	-82.909508	-119.103081	164.401855	128.959244	4.483996	272.835999	1.631088	0.000017	0.167556	-0.539680	-0.170038	-0.677809	-0.370527	-1.537501	-0.701622	-16.000000	-32.000000	1.180000	21.326835
251.931854	-84.061028	-120.727219	163.700760	128.601517	4.483957	273.796692	1.467964	0.000017	0.167556	-0.359789	0.000011	-0.677809	-0.370527	-1.729689	-0.701622	-16.000000	-32.000000	1.180000	21.364978
252.473663	-85.980225	-122.712273	163.834152	127.528351	4.483957	274.757355	1.631088	0.000030	0.167556	-0.539680	0.000011	-0.677809	-0.370527	-1.729689	-0.701622	-16.000000	-32.000000	1.180000	21.403049
260.600769	-50.283085	-81.026199	194.673523	171.528305	5.068864	289.808167	1.631088	0.000017	0.167556	-0.359789	0.000011	-0.677809	-0.370527	-1.729689	-0.701622	-16.000000	-28.000000	1.180000	21.968363
260.420471	-51.818443	-81.928490	192.444809	170.633789	4.678952	290.448639	1.631088	0.000005	0.167588	-0.539680	0.000039	-0.677809	-0.370527	-1.537501	-0.701622	-16.000000	-28.000000	1.180000	22.008076
261.504059	-49.707317	-80.665276	193.671677	172.243759	4.873908	290.928986	1.631088	0.000005	0.167556	-0.539680	-0.170038	-0.677809	-0.370527	-1.729689	-0.701622	-16.000000	-28.000000	1.180000	22.019063
260.601074	-50.091160	-80.845734	193.622177	172.780334	5.263820	291.409332	1.631088	0.000017	0.167556	-0.359789	0.000011	-0.677809	-0.370527	-1.729689	-0.701622	-16.000000	-28.000000	1.180000	22.022543
264.573608	-15.353612	-36.813683	222.008423	212.487839	5.263820	304.539154	1.631088	0.000017	0.167588	-0.359789	-0.170038	-0.677809	-0.370527	-1.537501	-0.701622	-16.000000	-24.000000	1.180000	22.522130
262.768219	-14.394011	-34.287254	223.993118	214.812805	5.263820	305.019104	1.631088	0.000005	0.167556	-0.359789	0.000039	-0.677809	-0.370527	-1.729689	-0.701622	-16.000000	-24.000000	1.180000	22.540182
265.115997	-14.202090	-36.272305	221.013565	211.414444	5.458776	305.659576	1.631088	0.000005	0.167556	-0.359789	0.000039	-0.677809	-0.370527	-1.537501	-0.877028	-16.000000	-24.000000	1.180000	22.556926
264.754211	-13.818251	-34.828632	223.642578	214.813034	5.068864	306.140289	1.631088	0.000017	0.167588	-0.359789	0.000039	-0.677809	-0.370527	-1.729689	-0.701622	-16.000000	-24.000000	1.180000	22.589611
263.129730	8.467871	11.564248	246.427490	249.154236	5.653771	318.148529	1.631107	0.000005	0.167556	-0.359789	0.000039	-0.677809	-0.370527	-1.729689	-0.701622	-16.000000	-20.000000	1.180000	23.014172
263.309448	8.082968	11.564248	246.602737	249.512238	5.848689	318.789398	1.631088	0.000005	0.167588	-0.359789	0.000039	-0.677809	-0.370527	-1.537501	-0.877028	-16.000000	-20.000000	1.180000	23.030588
261.865234	6.735810	13.190471	248.705978	250.048569	5.848727	319.269348	1.631088	0.000005	0.167556	-0.359789	0.000039	-0.677809	-0.370527	-1.537501	-0.877028	-16.000000	-20.000000	1.180000	23.048241
262.768219	9.430125	13.913253	247.766296	250.406540	6.043684	319.749695	1.631107	0.000017	0.167588	-0.359789	0.000039	-0.677809	-0.370527	-1.537501	-0.701622	-16.000000	-20.000000	1.180000	23.058732
253.557510	24.826229	58.724716	266.583344	276.341522	5.848689	329.036774	1.631088	0.000005	0.167588	-0.359789	-0.170038	-0.677809	-0.370527	-1.729689	-0.701622	-16.000000	-16.000000	1.180000	23.404624
254.099289	24.056425	58.182640	267.985504	276.878082	6.043645	329.677246	1.631107	0.000005	0.167562	-0.359789	-0.170038	-0.677809	-0.370527	-1.729689	-0.701622	-16.000000	-16.000000	1.180000	23.420750
253.738388	23.863958	58.363335	267.810242	275.626038	5.848727	329.837341	1.467998	0.000005	0.167588	-0.539680	-0.170038	-0.677809	-0.370527	-1.537501	-0.701622	-16.000000	-16.000000	1.180000	23.433592
253.918701	26.173370	59.628242	267.810242	277.951263	5.848689	330.157593	1.631107	0.000017	0.167588	-0.359789	-0.170038	-0.677809	-0.370527	-1.729689	-0.877028	-16.000000	-16.000000	1.180000	23.445172
237.665573	34.641220	100.283867	286.213440	297.804932	6.043684	339.604401	1.631107	0.000005	0.167588	-0.359789	0.000039	-0.677809	-0.370527	-1.729689	-0.701622	-16.000000	-12.000000	1.180000	23.777241
238.749176	37.528019	100.645134	286.213745	300.129822	6.043684	339.924591	1.467998	0.000005	0.167588	-0.359789	-0.170038	-0.677809	-0.370527	-1.729689	-0.877028	-16.000000	-12.000000	1.180000	23.788650
239.832184	36.758213	99.741791	285.862885	299.951263	6.238601	340.245178	1.467998	0.000005	0.167562	-0.539680	-0.000039	-0.677809	-0.370527	-1.729689	-0.877028	-16.000000	-12.000000	1.180000	23.793126
239.290939	36.180828	99.922478	287.090057	300.487854	6.433597	340.404968	1.467998	0.000005	0.167588	-0.359789	0.000039	-0.677809	-0.370527	-1.729689	-0.701622	-16.000000	-12.000000	1.180000	23.791872
213.284988	38.105373	129.736603	289.368561	303.528503	6.043684	336.722290	1.631107	-0.000007	0.167588	-0.539680	-0.170038	-0.677809	-0.370527	-1.729689	-0.701622	-16.000000	-8.000000	1.180000	23.674295
212.201416	40.607239	130.459366	288.141357	304.065094	6.043684	335.441406	1.468020	0.000005	0.167588	-0.539680	0.000039	-0.677809	-0.370527	-1.729689	-0.877028	-16.000000	-8.000000	1.180000	23.628399
211.298172	41.954399	129.917160	285.337402	302.634186	5.848727	334.000702	1.631107	-0.000007	0.167588	-0.359789	-0.000039	-0.677809	-0.370527	-1.729689	-0.701622	-16.000000	-8.000000	1.180000	23.583676
211.117325	40.992142	129.013840	284.811279	299.772736	6.043684	332.719757	1.467998	0.000005	0.167562	-0.539680	-0.000039	-0.677809	-0.370527	-1.729689	-0.701622	-16.000000	-8.000000	1.180000	23.530582
169.399719	36.758213	144.734009	263.954620	279.203613	5.263858	305.980499	1.631107	-0.000007	0.167562	-0.359789	-0.000039	-0.677809	-0.370527	-1.729689	-0.701622	-16.000000	-4.000000	1.180000	22.576298
168.135757	36.373310	145.637466	263.954620	279.561005	5.458751	304.859375	1.631131	0.159924	0.167562	-0.539680	-0.170038	-0.847470	-0.370527	-1.729689	-0.701622	-16.000000	-4.000000	1.180000	22.526844
169.219498	36.565762	144.914703	263.779663	278.845551	5.263793	304.219208	1.631107	-0.000007	0.167588	-0.539680	-0.000039	-0.677809	-0.185263	-1.537501	-0.701622	-16.000000	-4.000000	1.180000	22.510089
169.038528	38.105373	144.734009	263.078278	279.203613	5.263858	303.578766	1.631131	0.000005	0.167562	-0.359789	-0.000039	-0.677809	-0.370527	-1.537501	-0.701622	-16.000000	-4.000000	1.180000	22.485962
136.350525	37.709995	160.092789	247.304077	263.106049	4.873945	286.766663	1.631131	-0.000007	0.167639	-0.539680	-0.000039	-0.677976	-0.370527	-1.729689	-0.701622	-16.000000	0.000000	1.180000	21.858277
134.003067	36.758213	159.731415	248.356003	262.927155	4.678924	286.126190	1.631131	-0.000007	0.335157	-0.359789	-0.000039	-0.677976	-0.370527	-1.537501	-0.701622	-16.000000	0.000000	1.180000	21.841000
134.725464	37.709995	159.008652	245.902237	261.674835	4.678924	285.485718	1.631131	0.159924	0.167562	-0.359789	-0.000039	-0.677809	-0.370527	-1.729689	-0.701622	-16.000000	0.000000	1.180000	21.816134
133.822464	37.528019	159.912323	246.602997	262.927155	4.873880	284.845276	1.631131	-0.000007	0.167562	-0.359789	-0.000039	-0.677809	-0.370527	-1.729689	-0.701622	-16.000000	0.000000	1.180000	21.783659
102.759682	39.633972	170.211746	229.601959	243.431488	4.484033	266.272186	1.631131	-0.000007	0.167639	-0.359789	-0.000013	-0.677976	-0.370527	-1.729689	-0.701622	-16.000000	4.000000	1.180000	21.064395
102.579163	40.595963	170.031067	228.199814	241.821457	4.483967	265.631409	1.631131	-0.000007	0.335234	-0.359789	-0.000039	-0.677976	-0.370527	-1.729689	-0.701622	-16.000000	4.000000	1.180000	21.038602
101.495583	39.452530	169.488998	228.200073	241.642593	4.483967	265.151062	1.631131	-0.000007	0.167562	-0.359789	-0.000039	-0.677976	-0.370527	-1.729689	-0.701622	-16.000000	4.000000	1.180000	21.019244
102.398575	38.864380	169.850143	228.725891	242.358047	4.483967	265.311188	1.468020	0.159963	0.167562	-0.359789	-0.000013	-0.677809	-0.370527	-1.537501	-0.701622	-16.000000	4.000000	1.180000	21.025699
85.061249	51.562637	200.748672	235.911880	251.658859	4.873880	281.642975	1.468020	0.159963	0.167562	-0.359789	-0.000013	-0.677976	-0.370527	-1.729689	-0.701622	-16.000000	8.000000	1.180000	21.658721
85.602974	50.215851	200.748672	237.489319	251.480301	4.873880	282.123596	1.468020	-0.000007	0.167639	-0.539680	-0.000013	-0.677976	-0.370527	-1.729689	-0.701622	-16.000000	8.000000	1.180000	21.677518
84.158195	49.638657	201.110062	238.190399	252.374619	4.678924	282.764069	1.467990	-0.000007	0.167639	-0.359789	-0.170038	-0.677976	-0.370527	-1.729689	-0.701622	-16.000000	8.000000	1.180000	21.710153
83.435951	49.446259	202.555603	239.417267	252.732025	4.873880	283.564331	1.631131	0.000032	0.167562	-0.359789	-0.000039	-0.677976	-0.370527	-1.729689	-0.701622	-16.000000	8.000000	1.180000	21.733769
60.138844	53.679012	232.369736	242.396851	254.163239	5.068837	297.975037	1.467990	0.000032	0.167639	-0.539680	-0.000013	-0.677976	-0.370527	-1.729689	-0.701622	-16.000000	12.000000	1.180000	22.281184
60.319401	53.309143	232.188766	243.097931	254.520966	5.263793	298.615509	1.468020	0.000032	0.167639	-0.359789	-0.000013	-0.677809	-0.370527	-1.537501	-0.701622	-16.000000	12.000000	1.180000	22.298123
59.958206	52.346886	233.273209	244.500061	255.236420	5.068837	299.255981	1.631101	0.000032	0.167639	-0.359789	-0.000013	-0.677976	-0.370527	-1.729689	-0.701622	-16.000000	12.000000	1.180000	22.329851
61.222389	55.410591	233.453903	243.273193	256.309570	5.068837	299.576202	1.631131	0.000032	0.167639	-0.539680	0.000014	-0.677976	-0.370527	-1.729689	-0.701622	-16.000000	12.000000	1.180000	22.342001
29.617947	44.251518	261.641846	243.448471	245.935577	5.653746	311.104187	1.467990	0.000032	0.167639	-0.539680	-0.000013	-0.677976	-0.370527	-1.729689	-0.701622	-16.000000	16.000000	1.180000	22.753299
31.243320	46.752689	260.015594	242.046585	245.756699	5.653746	311.584869	1.467990	0.000032	0.167639	-0.359789	-0.000013	-0.677976	-0.370527	-1.729689	-0.877028	-16.000000	16.000000	1.180000	22.771195
32.326878	46.573330	259.292847	242.221573	246.472153	5.848663	312.225677	1.631101	0.000032	0.167614	-0.539680	0.000014	-0.677976	-0.370527	-1.729689	-0.877028	-16.000000	16.000000	1.180000	22.787783
30.520918	45.418621	260.196289	242.221573	245.220123	5.848663	312.545563	1.467990	0.159963	0.167639	-0.359789	-0.000013	-0.677976	-0.370527	-1.729689	-0.701622	-16.000000	16.000000	1.180000	22.799677
-3.063795	18.475374	282.782776	234.159470	228.049347	5.848703	322.633209	1.467990	0.000012	0.167639	-0.359789	0.000014	-0.677976	-0.370527	-1.729689	-0.701622	-16.000000	20.000000	1.180000	23.171597
-4.325357	16.546236	283.144470	236.262680	227.155045	5.653746	322.953064	1.467990	0.000012	0.167639	-0.359789	-0.000013	-0.677976	-0.370527	-1.537501	-0.701622	-16.000000	20.000000	1.180000	23.190417
-7.208929	16.546236	285.493439	235.736893	227.512772	5.653746	323.593536	1.631101	0.000032	0.167614	-0.359789	-0.000013	-0.677976	-0.185263	-1.729689	-0.701622	-16.000000	20.000000	1.180000	23.213811
-5.046250	16.935760	284.951385	235.911880	227.333893	5.653746	323.913757	1.467990	0.000032	0.335208	-0.359789	-0.000013	-0.677976	-0.370527	-1.729689	-0.701622	-16.000000	20.000000	1.180000	23.225498
-55.148300	-26.868822	304.827179	223.993851	194.959839	6.238657	334.161530	1.467990	0.000012	0.167639	-0.359789	-0.000013	-0.677976	-0.370527	-1.729689	-0.701622	-16.000000	24.000000	1.180000	23.575443
-56.049419	-28.404182	303.562347	225.045486	192.455933	6.238616	334.481781	1.467990	0.000012	0.335208	-0.539680	0.000014	-0.677976	-0.370527	-1.729689	-0.701622	-16.000000	24.000000	1.180000	23.586953
-54.247189	-25.141539	306.453735	225.746536	199.610260	6.043699	335.281952	1.631115	0.000012	0.167639	-0.359789	-0.000013	-0.677976	-0.370527	-1.729689	-0.701622	-16.000000	24.000000	1.180000	23.622678
-55.869194	-28.020344	305.369598	225.220764	192.992523	5.848703	335.762695	1.631115	0.159963	0.335208	-0.539680	0.000014	-0.677976	-0.370527	-1.729689	-0.701622	-16.000000	24.000000	1.180000	23.646908
-113.360397	-77.919579	321.993256	206.992767	151.496445	6.043699	343.608368	1.631115	0.159963	0.167614	-0.539680	0.000014	-0.677976	-0.370527	-1.729689	-0.701622	-16.000000	28.000000	1.180000	23.919521
-113.180176	-75.232697	321.270508	205.590607	153.463928	6.043659	344.248810	1.631115	0.000012	0.167614	-0.539680	0.000014	-0.677976	-0.370527	-1.537501	-0.701622	-16.000000	28.000000	1.180000	23.942202
-115.523071	-76.384224	323.077423	205.240280	150.065552	6.238657	344.408936	1.631115	0.000012	0.167614	-0.539680	0.000014	-0.677976	-0.370527	-1.537501	-0.701622	-16.000000	28.000000	1.180000	23.940969
-112.279060	-78.495346	322.354645	208.394913	152.390625	6.043699	344.568665	1.631115	0.159906	0.335208	-0.539680	0.000014	-0.677976	-0.370527	-1.729689	-0.701622	-16.000000	28.000000	1.180000	23.953520
-155.532639	-121.677376	307.899292	167.732651	87.463699	5.848703	324.875244	1.467990	0.000012	0.167614	-0.359789	-0.000013	-0.677976	-0.370527	-1.729689	-0.701622	-16.000000	32.000000	1.180000	23.253451
-154.451294	-121.101616	304.466125	167.732651	86.390533	5.653786	323.754425	1.467990	-0.159488	0.167614	-0.539680	-0.000013	-0.677976	-0.370527	-1.729689	-0.701622	-16.000000	32.000000	1.180000	23.219682
-152.108383	-117.263214	304.285431	166.155228	88.179146	5.848743	322.312988	1.631115	0.000012	0.167614	-0.359789	0.000014	-0.677976	-0.370527	-1.729689	-0.701622	-16.000000	32.000000	1.180000	23.159880
-154.811752	-120.142014	304.827820	167.031586	87.105980	5.848743	321.672516	1.631115	0.000012	0.167614	-0.539680	0.000014	-0.677976	-0.370527	-1.729689	-0.701622	-16.000000	32.000000	1.180000	23.136433
-188.153030	-156.414917	284.409607	127.946526	23.788683	5.458815	301.337830	1.631081	0.000012	0.167614	-0.539680	0.000014	-0.677976	-0.370527	-1.729689	-0.701622	-16.000000	36.000000	1.180000	22.393970
-188.333252	-156.031082	285.674438	127.245453	24.682997	5.263872	299.736633	1.631115	-0.000029	0.167614	-0.539680	0.000014	-0.677976	-0.370527	-1.729689	-0.877028	-16.000000	36.000000	1.180000	22.340688
-190.676163	-159.869492	283.325470	128.297073	21.284651	5.068915	298.616211	1.631115	0.000012	0.167614	-0.539680	-0.000013	-0.677976	-0.370527	-1.729689	-0.701622	-16.000000	36.000000	1.180000	22.305555
-185.810135	-157.374527	281.337830	127.771263	22.536688	5.068915	297.655151	1.631115	-0.159488	0.167614	-0.539680	0.000014	-0.677976	-0.370527	-1.729689	-0.877028	-16.000000	36.000000	1.180000	22.269012
-215.727203	-184.819107	262.545837	90.263649	-36.225243	4.679001	279.082062	1.631081	0.159906	0.335228	-0.539680	-0.000013	-0.508481	-0.370527	-1.729689	-0.877028	-16.000000	40.000000	1.180000	21.565944
-216.988754	-187.889832	261.822784	90.439026	-38.009735	4.679001	278.281494	1.631115	-0.159488	0.167633	-0.359789	-0.000013	-0.677976	-0.370527	-1.729689	-0.701622	-16.000000	40.000000	1.180000	21.534461
-216.628311	-188.081741	261.100037	90.614304	-38.901985	4.679001	277.641052	1.631115	-0.159488	0.167633	-0.359789	-0.000013	-0.677976	-0.370527	-1.729689	-0.701622	-16.000000	40.000000	1.180000	21.509243
-214.465622	-186.354462	260.557953	90.614304	-38.901985	4.679001	277.000549	1.631115	-0.159488	0.167633	-0.539680	-0.000013	-0.677976	-0.370527	-1.729689	-0.701622	-16.000000	40.000000	1.180000	21.483992
-248.347595	-219.556656	246.825607	57.838917	-98.325653	4.484029	267.873962	1.631081	-0.159488	0.167633	-0.539680	-0.000013	-0.677976	-0.370527	-1.729689	-0.701622	-16.000000	44.000000	1.180000	21.128739
-247.806931	-219.364746	246.644913	57.137840	-99.217896	4.679001	268.674530	1.631115	-0.159488	0.167633	-0.359789	-0.000013	-0.677976	-0.370527	-1.729689	-0.701622	-16.000000	44.000000	1.180000	21.153016
-248.708038	-219.748581	247.909775	58.189453	-96.184258	4.678986	269.635223	1.631081	-0.000029	0.167614	-0.359789	-0.000013	-0.677976	-0.370527	-1.729689	-0.701622	-16.000000	44.000000	1.180000	21.191469
-250.510269	-218.980911	248.993912	56.962482	-96.719612	4.484044	270.115601	1.631081	-0.159488	0.167633	-0.539680	0.000016	-0.677976	-0.370527	-1.729689	-0.701622	-16.000000	44.000000	1.180000	21.218459
276.133575	-194.223190	-264.733704	63.798077	0.894332	5.068901	291.731232	1.794192	-0.159488	0.167614	-0.359789	0.000016	-0.677811	-0.370527	-1.729689	-0.701622	-12.000000	-44.000000	1.180000	22.042421
275.952728	-194.415115	-265.636017	63.097008	0.000016	4.873958	292.371704	1.631081	-0.159488	0.167614	-0.539680	0.000016	-0.677811	-0.370527	-1.729689	-0.701622	-12.000000	-44.000000	1.180000	22.074517
277.036896	-195.758560	-265.816437	64.323891	1.252037	4.873944	292.852051	1.794192	-0.159488	0.167633	-0.359789	-0.000013	-0.847262	-0.370527	-1.729689	-0.701622	-12.000000	-44.000000	1.180000	22.092952
276.494781	-193.263596	-264.192322	65.726044	2.504096	4.873944	293.172272	1.631081	-0.159488	0.167614	-0.539680	-0.000013	-0.847262	-0.370527	-1.729689	-0.701622	-12.000000	-44.000000	1.180000	22.105231
293.471313	-153.536133	-234.236084	99.553040	56.162865	5.262322	306.141663	1.631081	0.000011	0.167633	-0.539680	-0.000013	-0.847262	-0.370527	-1.729689	-0.701622	-12.000000	-40.000000	1.180000	22.582404
293.832489	-150.465393	-232.972885	99.002144	58.309212	5.263858	306.871216	1.631081	0.000011	0.167633	-0.359789	0.000016	-0.677976	-0.370527	-1.729689	-0.701622	-12.000000	-40.000000	1.180000	22.609708
293.290344	-151.616913	-232.070587	100.429390	57.951572	5.263858	307.191376	1.631081	-0.159488	0.335208	-0.359789	0.000016	-0.677976	-0.370527	-1.729689	-0.701622	-12.000000	-40.000000	1.180000	22.621706
295.457214	-152.768448	-234.957916	100.254120	57.414982	5.263858	307.671600	1.631081	-0.159488	0.335208	-0.539680	0.000016	-0.677976	-0.370527	-1.729689	-0.701622	-12.000000	-40.000000	1.180000	22.639689
305.209473	-107.475288	-191.647690	136.359619	114.114494	5.848730	319.837616	1.631107	-0.159488	0.167614	-0.539680	0.000016	-0.847262	-0.370527	-1.729689	-0.701622	-12.000000	-36.000000	1.180000	23.069126
307.557922	-107.859123	-194.354584	136.885422	113.935623	5.652126	320.391998	1.631107	-0.159488	0.167614	-0.539680	0.000016	-0.847262	-0.370527	-1.729689	-0.701622	-12.000000	-36.000000	1.180000	23.096697
308.460907	-109.394493	-195.978729	135.273727	112.146873	5.652126	320.958160	1.631107	0.000011	0.167633	-0.539680	0.000016	-0.847262	-0.370527	-1.729689	-0.877028	-12.000000	-36.000000	1.180000	23.117461
308.460236	-107.283371	-193.813202	137.937042	114.829948	5.653772	321.278320	1.631081	-0.159488	0.167614	-0.539680	0.000016	-0.847262	-0.370527	-1.729689	-0.701622	-12.000000	-36.000000	1.180000	23.129134
315.323242	-63.525574	-146.713348	170.011353	165.805847	5.653772	329.922577	1.631107	-0.159488	0.335208	-0.539680	0.000006	-0.847262	-0.370527	-1.729689	-0.701622	-12.000000	-32.000000	1.180000	23.443723
314.420258	-64.869011	-146.893814	169.310272	165.448120	6.043686	330.402832	1.631107	-0.159488	0.167614	-0.539680	0.000006	-0.847262	-0.370527	-1.729689	-0.701622	-12.000000	-32.000000	1.180000	23.446988
315.503845	-64.101334	-147.435181	169.310272	164.732819	5.848730	330.883057	1.631107	0.000011	0.335208	-0.539680	0.000016	-0.847262	-0.370527	-1.729689	-0.701622	-12.000000	-32.000000	1.180000	23.471379
314.059052	-61.990208	-144.006454	171.895782	168.488785	6.041931	331.203217	1.631081	-0.159488	0.167614	-0.539680	0.000006	-0.847262	-0.370527	-1.729689	-0.701622	-12.000000	-32.000000	1.180000	23.475963
317.671722	-15.929373	-92.034210	201.859253	217.497192	6.041931	340.487793	1.631107	-0.159488	0.167614	-0.359789	0.000016	-0.847262	-0.370527	-1.729689	-0.701622	-12.000000	-28.000000	1.180000	23.808767
318.574371	-19.000093	-96.906609	199.456604	215.529922	6.238644	340.968018	1.794218	0.000011	0.167614	-0.539680	0.000006	-0.847262	-0.370527	-1.729689	-0.701622	-12.000000	-28.000000	1.180000	23.818856
319.477386	-19.192017	-97.267532	199.055649	214.635391	6.236834	341.448273	1.631107	0.000000	0.335208	-0.539680	0.000006	-0.847262	-0.370527	-1.729689	-0.701622	-12.000000	-28.000000	1.180000	23.836001
319.297089	-19.959696	-97.087067	201.333588	216.066284	6.236834	341.608368	1.794228	-0.159488	0.335208	-0.539680	0.000016	-0.677811	-0.370527	-1.729689	-0.701622	-12.000000	-28.000000	1.180000	23.841693
299.611908	20.207493	-37.535522	217.454300	247.009567	6.041971	332.163666	1.631107	-0.159488	0.335208	-0.539680	0.000006	-0.677811	-0.370527	-1.729689	-0.701622	-12.000000	-24.000000	1.180000	23.510607
299.611908	21.747110	-36.813683	215.351593	246.294113	6.041971	330.640076	1.631107	-0.159488	0.335208	-0.539680	0.000006	-0.847262	-0.370527	-1.729689	-0.701622	-12.000000	-24.000000	1.180000	23.455624
297.444763	18.860327	-38.257355	213.774567	244.147995	6.236834	329.762512	1.794228	-0.159488	0.000019	-0.359789	0.000006	-0.847262	-0.370527	-1.729689	-0.701622	-12.000000	-24.000000	1.180000	23.416844
298.167145	20.399944	-36.813683	213.424118	241.643692	5.847068	328.161743	1.631107	0.000000	0.335208	-0.539680	0.000006	-0.677811	-0.370527	-1.729689	-0.701622	-12.000000	-24.000000	1.180000	23.372977
263.853546	41.377258	9.938129	212.372772	249.692749	5.262361	303.989807	1.794228	0.000011	0.000019	-0.539680	0.000016	-0.847262	-0.370527	-1.729689	-0.701622	-12.000000	-20.000000	1.180000	22.501505
261.325165	41.762157	12.287098	211.672104	250.050232	5.262361	303.100067	1.794228	0.000000	0.167614	-0.539680	0.000006	-0.847262	-0.370527	-1.729689	-0.701622	-12.000000	-20.000000	1.180000	22.467970
260.422485	42.147064	12.648483	210.971207	248.619324	5.262361	302.139374	1.631107	0.000000	0.335208	-0.539680	0.000006	-0.847262	-0.370527	-1.729689	-0.701622	-12.000000	-20.000000	1.180000	22.431705
259.880402	41.377258	12.829176	211.847076	248.798447	5.262361	301.498932	1.794228	0.000011	0.167614	-0.359789	0.000006	-0.847262	-0.370527	-1.729689	-0.701622	-12.000000	-20.000000	1.180000	22.407496
231.526794	56.196087	51.858875	210.270065	251.481369	5.067458	284.526581	1.794228	0.000000	0.167614	-0.359789	0.000006	-0.677811	-0.370527	-1.729689	-0.701622	-12.000000	-16.000000	1.180000	21.763721
230.984726	55.618797	52.400867	210.445526	251.123657	5.067458	283.886139	1.631107	-0.159488	0.167614	-0.539680	-0.170038	-0.677811	-0.370527	-1.729689	-0.701622	-12.000000	-16.000000	1.180000	21.738769
228.637222	55.041374	52.762337	210.270065	251.481369	4.872556	283.245667	1.794228	0.000000	0.167614	-0.359789	0.000006	-0.847262	-0.370527	-1.729689	-0.701622	-12.000000	-16.000000	1.180000	21.721391
229.540207	55.426277	51.678181	210.795731	250.587067	4.677653	282.765320	1.794228	-0.159488	0.000019	-0.539680	0.000006	-0.847262	-0.370527	-1.729689	-0.701622	-12.000000	-16.000000	1.180000	21.710252
198.838287	62.547096	84.202774	205.539230	245.221176	4.677653	265.473053	1.794228	-0.000014	0.000019	-0.539680	-0.170038	-0.677811	-0.370527	-1.729689	-0.701622	-12.000000	-12.000000	1.180000	21.024417
199.380341	63.894260	85.286934	205.714447	246.294342	4.677653	265.793304	1.794228	-0.000014	0.000019	-0.539680	-0.170038	-0.847262	-0.370527	-1.729689	-0.701622	-12.000000	-12.000000	1.180000	21.037322
201.547256	64.279167	84.202774	206.064896	245.936630	4.482751	266.273651	1.794228	-0.000014	0.167614	-0.539680	-0.170038	-0.677811	-0.370527	-1.729689	-0.701622	-12.000000	-12.000000	1.180000	21.064505
199.199493	64.086723	85.829124	206.590576	247.010101	4.287848	266.914124	1.794228	0.000000	0.167582	-0.539680	-0.170038	-0.677811	-0.370527	-1.729689	-0.701622	-12.000000	-12.000000	1.180000	21.098087
192.698196	73.709351	119.438004	224.989243	269.367676	4.677653	283.886139	1.794197	0.000000	0.167582	-0.359789	-0.170038	-0.847262	-0.370527	-1.729689	-0.701622	-12.000000	-8.000000	1.180000	21.753959
193.962387	74.671608	119.799393	226.215805	270.619720	4.872594	284.526581	1.794228	-0.159488	0.167614	-0.539680	0.000006	-0.847262	-0.370527	-1.729689	-0.701622	-12.000000	-8.000000	1.180000	21.771307
193.420593	74.479156	121.064232	226.741470	271.156311	4.872594	285.327179	1.794197	0.000000	0.167614	-0.539680	0.000006	-0.847262	-0.370527	-1.729689	-0.701622	-12.000000	-8.000000	1.180000	21.802449
194.323334	75.248970	122.328926	228.493958	272.766083	4.872556	285.967987	1.794228	-0.000014	0.167614	-0.539680	-0.170038	-0.847262	-0.185263	-1.729689	-0.701622	-12.000000	-8.000000	1.180000	21.827344
181.320526	80.060280	153.046860	240.759491	289.221802	5.067458	301.018921	1.794197	0.000000	0.167582	-0.539680	-0.170038	-0.677811	-0.370527	-1.729689	-0.701622	-12.000000	-4.000000	1.180000	22.396711
181.320297	80.060364	155.034286	242.336517	290.831238	5.457303	301.499268	1.794228	-0.159488	0.167614	-0.539680	-0.170038	-0.847262	-0.370527	-1.537501	-0.701622	-12.000000	-4.000000	1.180000	22.400135
181.139923	80.060280	153.950333	241.986069	290.473877	5.262400	301.979614	1.794197	0.000000	0.167582	-0.539680	-0.170038	-0.847262	-0.370527	-1.729689	-0.701622	-12.000000	-4.000000	1.180000	22.425667
183.487946	81.215004	154.131027	242.686966	291.546722	5.457303	302.779846	1.794197	-0.000014	0.167614	-0.359789	-0.000016	-0.677811	-0.370527	-1.729689	-0.701622	-12.000000	-4.000000	1.180000	22.448530
162.357498	85.256592	185.752274	251.448242	302.457703	5.457263	313.828247	1.794228	-0.000014	0.167582	-0.359789	-0.170038	-0.847262	-0.370527	-1.729689	-0.701622	-12.000000	0.000000	1.180000	22.861817
163.260925	84.294319	185.390900	252.149384	303.172791	5.457303	314.308594	1.794197	-0.159488	-0.000013	-0.539680	-0.170038	-0.847262	-0.370527	-1.729689	-0.701622	-12.000000	0.000000	1.180000	22.879614
163.802719	85.449043	184.668121	251.448471	302.457336	5.652205	314.788940	1.794197	-0.000014	0.167582	-0.539680	-0.170038	-0.677811	-0.370527	-1.729689	-0.701622	-12.000000	0.000000	1.180000	22.890185
162.899506	85.449043	187.017136	253.200729	304.067474	5.652205	315.269653	1.794228	-0.000014	0.167582	-0.539680	-0.170038	-0.847262	-0.370527	-1.729689	-0.701622	-12.000000	0.000000	1.180000	22.907976
139.963745	92.954613	219.361404	260.384979	311.758575	5.847107	325.516754	1.794197	-0.000014	0.167582	-0.539680	-0.170038	-0.847262	-0.370527	-1.729689	-0.701622	-12.000000	4.000000	1.180000	23.276876
140.685944	94.109421	219.903488	260.034271	312.652893	6.042011	326.317688	1.794197	-0.000014	0.000019	-0.539680	-0.170038	-0.847262	-0.370527	-1.729689	-0.701622	-12.000000	4.000000	1.180000	23.298929
140.866531	93.724510	219.541840	260.735413	312.474030	5.652205	326.637939	1.794228	-0.000025	0.167582	-0.539680	-0.170038	-0.677811	-0.370527	-1.729689	-0.701622	-12.000000	4.000000	1.180000	23.324743
141.227936	92.762245	220.083923	261.611542	313.547211	5.652205	326.958191	1.794197	-0.000025	0.167582	-0.539680	-0.170038	-0.677811	-0.370527	-1.729689	-0.701622	-12.000000	4.000000	1.180000	23.336376
113.415787	105.271683	253.331696	263.013123	316.767059	6.042011	337.365356	1.794197	-0.159488	0.000019	-0.539680	-0.170038	-0.677811	-0.370527	-1.729689	-0.701622	-12.000000	8.000000	1.180000	23.697362
113.596375	106.618851	253.693085	262.662659	318.376862	6.042011	338.006226	1.794197	-0.159488	0.167614	-0.539680	-0.170038	-0.847262	-0.370527	-1.729689	-0.701622	-12.000000	8.000000	1.180000	23.720270
114.138023	107.196205	253.512100	262.662933	320.344025	5.847107	338.486572	1.631086	-0.159488	-0.000013	-0.539680	-0.170038	-0.847262	-0.370527	-1.729689	-0.701622	-12.000000	8.000000	1.180000	23.744383
113.415787	105.656586	253.512100	264.239929	319.986298	5.847095	338.966919	1.794197	-0.159488	0.167582	-0.539680	-0.170038	-0.677811	-0.370527	-1.729689	-0.701622	-12.000000	8.000000	1.180000	23.761520
84.881310	100.267906	279.712555	257.997803	312.474030	6.236901	346.332275	1.794220	-0.000025	0.167582	-0.539680	-0.170038	-0.677811	-0.370527	-1.921877	-0.701622	-12.000000	12.000000	1.180000	24.009016
84.700714	102.384888	282.061920	258.807922	314.620392	6.236901	346.652130	1.794220	-0.159488	0.167614	-0.539680	-0.170038	-0.677811	-0.370527	-1.921877	-0.701622	-12.000000	12.000000	1.180000	24.020303
81.811081	99.278030	282.242279	258.698883	313.010620	6.041998	346.172180	1.794197	-0.000025	0.167582	-0.539680	-0.170038	-0.677811	-0.370527	-1.921877	-0.701622	-12.000000	12.000000	1.180000	24.010245
82.352745	96.969246	279.712555	258.807922	309.791382	6.042011	345.531708	1.794197	-0.000025	0.167582	-0.539680	-0.170038	-0.677811	-0.370527	-1.729689	-0.877028	-12.000000	12.000000	1.180000	23.987627
39.551064	76.596214	274.292114	223.762863	266.327606	5.457303	316.870819	1.794220	-0.000025	0.167614	-0.539680	-0.170038	-0.677811	-0.370527	-1.729689	-0.877028	-12.000000	16.000000	1.180000	22.974323
42.079437	76.767319	271.581390	222.943741	265.969849	5.652192	316.230347	1.794197	0.000016	0.000019	-0.539680	-0.170038	-0.677811	-0.370527	-1.921877	-0.877028	-12.000000	16.000000	1.180000	22.943488
39.009193	76.959709	273.207947	222.010605	265.790985	5.457303	315.109558	1.794197	-0.000025	0.167614	-0.539680	-0.170038	-0.677811	-0.370527	-1.729689	-0.877028	-12.000000	16.000000	1.180000	22.909263
38.286896	75.805321	271.943085	220.840500	264.180969	5.457290	314.148865	1.794220	-0.000025	0.167614	-0.359789	-0.170038	-0.677811	-0.370527	-1.921877	-0.701622	-12.000000	16.000000	1.180000	22.873699
-1.982455	44.059437	267.064667	192.397522	220.896545	5.262386	293.173889	1.794220	-0.159488	0.167595	-0.539680	-0.170038	-0.677811	-0.370527	-1.921877	-0.877028	-12.000000	20.000000	1.180000	22.090396
-2.342902	44.636635	265.980225	191.745651	220.002243	5.262386	292.213196	1.794220	0.000016	0.167595	-0.359789	-0.170038	-0.677811	-0.370527	-1.729689	-0.877028	-12.000000	20.000000	1.180000	22.053510
-2.703349	43.674637	265.077026	191.346146	218.750198	5.067483	291.252167	1.794220	-0.159488	0.167595	-0.539680	-0.170038	-0.847262	-0.370527	-1.921877	-0.877028	-12.000000	20.000000	1.180000	22.024051
-1.982455	43.867035	264.173309	190.518753	218.392212	4.872581	290.131683	1.794197	-0.159488	0.167614	-0.539680	-0.170038	-0.677811	-0.370527	-1.921877	-0.877028	-12.000000	20.000000	1.180000	21.988406
-44.334911	9.427565	257.668335	163.527130	173.318848	4.677678	273.319397	1.794220	0.000016	0.167614	-0.539680	-0.000010	-0.677811	-0.370527	-1.921877	-0.877028	-12.000000	24.000000	1.180000	21.338345
-42.183266	11.351558	256.584167	162.650787	173.497482	4.484021	272.678650	1.794187	0.000016	0.167614	-0.539680	-0.170038	-0.677811	-0.370527	-1.921879	-0.877028	-12.000000	24.000000	1.180000	21.320581
-42.724079	10.581961	255.680969	161.949707	172.603165	4.094104	272.038177	1.794220	0.000016	0.167614	-0.539680	-0.170038	-0.677811	-0.370527	-1.921877	-0.701622	-12.000000	24.000000	1.180000	21.310619
-40.730446	13.083151	254.415863	159.671188	172.782028	4.484021	271.398010	1.794220	0.000016	0.000019	-0.539680	-0.170038	-0.677811	-0.370527	-1.921877	-0.877028	-12.000000	24.000000	1.180000	21.269617
-89.774635	-25.333460	262.547333	142.144333	133.074356	4.289063	274.279785	1.794187	0.000016	0.167614	-0.539680	-0.170038	-0.677811	-0.370527	-1.921879	-0.877028	-12.000000	28.000000	1.180000	21.391853
-91.397079	-25.333460	264.715393	142.670151	135.041855	4.094104	275.080719	1.794220	0.000016	0.167614	-0.539680	-0.000010	-0.677811	-0.370527	-1.921879	-0.877028	-12.000000	28.000000	1.180000	21.431270
-89.931381	-23.990021	264.715393	142.319611	133.610931	4.094104	275.721161	1.794220	0.000016	0.167614	-0.539680	-0.170038	-0.677811	-0.370527	-1.921879	-0.877028	-12.000000	28.000000	1.180000	21.456580
-90.676003	-23.798100	265.799805	142.845413	134.147522	4.094104	276.521759	1.794187	0.000016	0.167614	-0.539680	-0.170038	-0.677811	-0.370527	-1.921879	-0.877028	-12.000000	28.000000	1.180000	21.488177
-143.134674	-65.252853	281.158722	124.441872	91.220428	4.678979	291.092407	1.794187	0.000016	0.167595	-0.539680	-0.170038	-0.677976	-0.370527	-1.921879	-0.877028	-12.000000	32.000000	1.180000	22.032850
-146.018997	-68.707413	282.604279	124.266609	86.569977	4.484021	291.412628	1.794187	0.000016	0.167595	-0.359786	-0.170038	-0.677976	-0.370527	-1.921877	-0.701623	-12.000000	32.000000	1.180000	22.052657
-147.602798	-71.010452	284.591919	125.318230	87.285431	4.677678	292.053375	1.794220	0.000016	0.167595	-0.539680	-0.170038	-0.677811	-0.370527	-1.921877	-0.877028	-12.000000	32.000000	1.180000	22.069831
-146.559799	-68.323570	284.230530	124.441872	89.074074	4.678979	292.533447	1.794187	0.000016	0.167595	-0.539680	-0.170038	-0.677976	-0.185263	-1.921879	-0.877028	-12.000000	32.000000	1.180000	22.088208
-197.936859	-114.000572	295.794861	100.429977	31.122255	5.068896	304.862457	1.794187	0.000002	0.167595	-0.539680	-0.170038	-0.677976	-0.370527	-1.921879	-0.877028	-12.000000	36.000000	1.180000	22.541621
-202.984436	-113.616730	298.866974	100.605247	32.910942	4.678979	305.342773	1.794187	0.000016	0.167601	-0.539680	-0.170038	-0.677976	-0.370525	-1.921879	-0.877028	-12.000000	36.000000	1.180000	22.574314
-202.390671	-115.535927	298.685974	100.254715	30.943392	4.873937	305.983246	1.794187	0.000002	0.167595	-0.539680	-0.170038	-0.677976	-0.370527	-1.921879	-0.877028	-12.000000	36.000000	1.180000	22.591033
-201.542282	-114.768257	298.685974	101.656960	34.699528	5.068896	306.463593	1.794187	0.000002	0.167595	-0.539680	-0.170038	-0.677976	-0.370527	-1.921879	-0.877028	-12.000000	36.000000	1.180000	22.601735
-253.754288	-162.940201	307.178558	69.582436	-37.474388	5.458812	317.992310	1.794187	0.000002	0.167595	-0.359789	0.000011	-0.677976	-0.370527	-1.921879	-0.877028	-12.000000	40.000000	1.180000	23.015599
-253.934494	-162.172516	309.166504	70.108200	-35.689892	5.458812	318.472656	1.794187	0.000016	0.167601	-0.539680	0.000011	-0.677976	-0.370525	-1.921879	-0.877028	-12.000000	40.000000	1.180000	23.033279
-255.623383	-164.283646	308.263031	72.036179	-34.440746	5.263855	318.953033	1.957364	0.000016	0.167601	-0.539680	-0.170038	-0.677976	-0.370525	-1.921879	-0.877028	-12.000000	40.000000	1.180000	23.058113
-257.966919	-164.859421	309.166199	68.355545	-39.615784	5.458812	319.433380	1.794187	0.000002	0.167595	-0.539680	0.000011	-0.677976	-0.370527	-1.921879	-0.877028	-12.000000	40.000000	1.180000	23.068600
-305.117920	-215.718246	310.612061	33.827236	-117.955093	5.458852	328.559723	1.957364	0.000016	0.167601	-0.539680	0.000011	-0.677976	-0.185263	-1.921879	-0.877028	-12.000000	44.000000	1.180000	23.401465
-310.164124	-213.799042	312.780365	34.177765	-113.136963	5.653771	328.880280	1.957364	0.000016	0.167601	-0.539680	-0.170038	-0.677976	-0.370525	-1.921879	-0.877028	-12.000000	44.000000	1.180000	23.406015
-307.180725	-212.455612	312.057617	34.177765	-111.887810	5.848729	329.200500	1.794187	0.000016	0.167601	-0.539680	-0.170038	-0.677976	-0.370525	-1.921879	-0.877028	-12.000000	44.000000	1.180000	23.410550
-309.524231	-216.485916	313.141418	34.878860	-114.207657	5.458812	329.520752	1.794187	0.000002	0.000006	-0.539680	0.000011	-0.677976	-0.370525	-1.921879	-0.877028	-12.000000	44.000000	1.180000	23.436244
331.578918	-178.869583	-315.623230	38.384274	1.609777	5.848770	342.490234	1.794187	-0.000010	0.167601	-0.539680	-0.170038	-0.677976	-0.370525	-1.921877	-0.877028	-8.000000	-44.000000	1.180000	23.886791
333.746826	-173.687744	-315.442749	38.910065	5.365917	5.653811	342.650330	1.957364	0.000016	0.167601	-0.359789	0.000011	-0.677976	-0.370525	-1.921877	-0.877028	-8.000000	-44.000000	1.180000	23.899384
332.662811	-175.415024	-315.984131	36.982105	3.219552	5.848770	342.970551	1.957364	0.000002	0.167601	-0.539680	0.000011	-0.677976	-0.370525	-1.921877	-0.877028	-8.000000	-44.000000	1.180000	23.903826
334.649811	-176.374619	-319.232391	37.332645	3.040688	5.848770	343.450928	1.957364	0.000002	0.167601	-0.539680	-0.170038	-0.677976	-0.370525	-1.921877	-0.701623	-8.000000	-44.000000	1.180000	23.920850
320.382111	-114.960175	-252.642929	72.036224	64.748703	5.458852	325.838409	1.957364	-0.000010	0.167601	-0.539680	-0.170038	-0.677976	-0.370525	-1.921877	-0.877028	-8.000000	-40.000000	1.180000	23.302708
318.395538	-117.263206	-253.003845	72.386765	63.138924	5.458852	324.557495	1.957364	-0.000010	0.167601	-0.539680	0.000011	-0.677976	-0.370525	-1.921877	-0.877028	-8.000000	-40.000000	1.180000	23.256077
318.395538	-119.182411	-252.642929	72.211494	61.886883	5.653811	323.276550	1.957364	-0.000010	0.167601	-0.359789	-0.000013	-0.677976	-0.370525	-1.921877	-0.877028	-8.000000	-40.000000	1.180000	23.202233
317.131714	-115.152092	-251.740631	72.211494	63.496651	5.458852	321.835144	1.957364	0.000002	0.167601	-0.539680	-0.170038	-0.677976	-0.370525	-1.921877	-0.877028	-8.000000	-40.000000	1.180000	23.156662
293.653839	-60.646770	-182.805206	100.780609	114.115250	4.873964	300.219330	1.957335	0.000002	0.167582	-0.539680	-0.000013	-0.677976	-0.370525	-1.921877	-0.877028	-8.000000	-36.000000	1.180000	22.373765
292.750885	-61.990208	-182.985657	99.027901	111.432289	4.873977	299.098846	1.957364	-0.000010	0.167582	-0.539680	-0.170038	-0.677976	-0.370527	-1.921877	-0.877028	-8.000000	-36.000000	1.180000	22.331284
292.750885	-60.646770	-182.263824	99.027901	112.505470	4.873977	298.618164	1.957335	0.000002	0.167582	-0.539680	-0.170038	-0.677976	-0.370527	-1.921877	-0.877028	-8.000000	-36.000000	1.180000	22.313035
292.209076	-59.687164	-181.722443	99.904251	113.220802	5.068935	297.977692	1.957335	0.000002	0.167582	-0.539680	-0.170038	-0.677976	-0.370525	-1.921877	-0.877028	-8.000000	-36.000000	1.180000	22.281282
275.232758	-17.272814	-126.140999	119.008743	150.066910	4.679006	282.927002	1.957335	-0.000010	0.167582	-0.539680	-0.170038	-0.677976	-0.370527	-1.921877	-0.877028	-8.000000	-32.000000	1.180000	21.716509
275.232422	-17.848574	-124.877785	120.060493	149.351456	4.484060	282.126434	1.957364	-0.000010	0.167601	-0.539680	-0.170038	-0.677976	-0.370527	-1.921877	-0.877028	-8.000000	-32.000000	1.180000	21.692862
274.690643	-18.040493	-123.975487	120.761574	150.066742	5.068923	281.806183	1.957364	-0.000010	0.167601	-0.539680	-0.170038	-0.847471	-0.370525	-1.921877	-0.877028	-8.000000	-32.000000	1.180000	21.657475
273.607361	-17.272814	-124.155952	119.359291	148.993729	4.484047	281.165710	1.957335	0.000002	0.167582	-0.539680	-0.170038	-0.677976	-0.370527	-1.921877	-0.877028	-8.000000	-32.000000	1.180000	21.655299
253.379974	15.588737	-71.822769	134.607971	176.717651	4.094130	265.474243	1.957364	-0.000010	0.167582	-0.539680	-0.170038	-0.847262	-0.370527	-1.921877	-0.877028	-8.000000	-28.000000	1.180000	21.047973
254.644485	14.049107	-74.168739	133.556351	174.749954	4.289089	266.114716	1.957335	-0.000010	0.167582	-0.539680	-0.170038	-0.847262	-0.370525	-1.921877	-0.877028	-8.000000	-28.000000	1.180000	21.065902
256.269867	14.626469	-73.627357	134.432709	174.929001	4.484047	266.755188	1.957364	-0.000010	0.167582	-0.539680	-0.170038	-0.847262	-0.370527	-1.921877	-0.877028	-8.000000	-28.000000	1.180000	21.083818
255.547775	15.203801	-72.544609	136.185272	177.254242	4.679006	267.235535	1.957335	-0.000010	0.167582	-0.539680	-0.170038	-0.677976	-0.370527	-1.921877	-0.877028	-8.000000	-28.000000	1.180000	21.095285
262.952026	45.996414	-35.370010	159.846970	216.783203	4.679006	283.087128	1.957335	-0.000010	0.167607	-0.539680	-0.170038	-0.677976	-0.370527	-1.921877	-0.877028	-8.000000	-24.000000	1.180000	21.722757
263.674438	48.883160	-35.009094	159.496429	219.466141	4.679006	283.727600	1.957335	-0.000010	0.167607	-0.539680	-0.170038	-0.677976	-0.370527	-1.921877	-0.877028	-8.000000	-24.000000	1.180000	21.747729
264.396820	47.343594	-34.287254	161.073853	218.392960	4.679018	284.528534	1.794223	-0.000010	0.167607	-0.539680	-0.170038	-0.677976	-0.370527	-1.921877	-0.877028	-8.000000	-24.000000	1.180000	21.778917
264.577423	45.803963	-35.189552	161.774948	219.287277	4.873964	285.329132	1.794223	-0.000022	0.167582	-0.539680	-0.170038	-0.847262	-0.370527	-1.921877	-0.877028	-8.000000	-24.000000	1.180000	21.802471
267.466675	72.939926	4.698015	183.683792	254.523788	4.679006	298.939117	1.957335	-0.000022	0.167607	-0.539680	-0.000035	-0.677976	-0.370527	-1.921877	-0.877028	-8.000000	-20.000000	1.180000	22.332620
267.647308	71.207848	6.324260	184.384888	252.913696	4.679006	299.579590	1.957335	-0.000022	0.167607	-0.539680	-0.170038	-0.677976	-0.370527	-1.921877	-0.877028	-8.000000	-20.000000	1.180000	22.356911
266.203125	71.977661	6.685647	185.261246	255.060394	5.068923	300.219666	1.957335	-0.000010	0.167607	-0.539680	-0.170038	-0.847262	-0.370527	-1.921877	-0.877028	-8.000000	-20.000000	1.180000	22.366393
267.286743	73.132294	6.504953	186.312866	256.849030	4.873964	300.540283	1.957356	-0.000010	0.167607	-0.539680	-0.000035	-0.847262	-0.370527	-1.921877	-0.701623	-8.000000	-20.000000	1.180000	22.385919
259.520660	93.724930	52.401192	205.943192	283.678650	4.873964	310.627655	1.794244	-0.000022	0.167607	-0.539680	-0.000035	-0.847262	-0.370527	-1.921877	-0.877028	-8.000000	-16.000000	1.180000	22.764591
260.785400	93.724930	53.304661	207.520859	284.393768	5.263868	311.107605	1.957356	-0.000022	0.167607	-0.539680	-0.170038	-0.847262	-0.370527	-1.921877	-0.877028	-8.000000	-16.000000	1.180000	22.767943
261.688141	94.494736	50.052174	204.541031	281.890015	4.873964	311.428253	1.957356	-0.000010	0.167607	-0.539680	-0.170038	-0.847262	-0.370527	-1.921877	-0.877028	-8.000000	-16.000000	1.180000	22.794375
261.688141	94.494736	52.581886	206.293961	283.141724	5.068910	311.748108	1.957356	-0.000022	0.167607	-0.539680	-0.170038	-0.847262	-0.370527	-1.921877	-0.877028	-8.000000	-16.000000	1.180000	22.799019
251.213394	111.623116	97.032578	222.769440	303.174469	5.848746	321.675751	1.957356	-0.000022	0.167607	-0.539680	-0.170038	-0.847262	-0.370527	-1.921877	-0.877028	-8.000000	-12.000000	1.180000	23.136551
251.213394	112.008202	98.478127	224.522141	306.215179	5.848746	321.835876	1.957356	-0.000022	0.167607	-0.539680	-0.170038	-0.847262	-0.370527	-1.921877	-0.877028	-8.000000	-12.000000	1.180000	23.142415
251.574295	112.392937	100.285065	226.274872	306.752136	5.458841	322.476349	1.957335	-0.000022	0.167607	-0.539680	-0.000035	-0.847262	-0.370527	-1.921877	-0.877028	-8.000000	-12.000000	1.180000	23.180117
252.116638	114.317474	98.839615	225.573517	308.719666	5.458827	322.956726	1.957356	-0.000022	0.167575	-0.539680	-0.170038	-0.847262	-0.370527	-1.921877	-0.877028	-8.000000	-12.000000	1.180000	23.197673
235.320404	124.710152	144.374374	240.997635	325.890625	6.238663	332.884308	1.794223	0.000017	0.167607	-0.539680	-0.000011	-0.847262	-0.370527	-2.114065	-0.877028	-8.000000	-8.000000	1.180000	23.529485
236.043304	123.747696	142.386887	240.296539	325.890625	5.848746	333.364319	1.957356	-0.000022	0.167575	-0.539680	-0.170038	-0.847262	-0.370527	-1.921877	-0.877028	-8.000000	-8.000000	1.180000	23.560796
237.307495	125.479782	142.567566	240.121262	325.175140	5.653786	333.364319	1.794244	-0.000022	0.167607	-0.539680	-0.170038	-0.847262	-0.370527	-1.921877	-0.877028	-8.000000	-8.000000	1.180000	23.567808
238.029892	126.057137	142.206192	239.595474	325.890625	6.238663	334.004791	1.794244	-0.000022	0.167575	-0.539680	-0.170038	-0.847262	-0.370527	-1.921877	-0.877028	-8.000000	-8.000000	1.180000	23.569807
214.732117	130.098862	177.260651	247.657928	335.191559	5.653786	341.050323	1.794244	0.000017	0.167575	-0.539680	-0.170038	-0.847262	-0.370527	-1.921877	-0.877028	-8.000000	-4.000000	1.180000	23.842582
215.996780	131.061127	177.983429	249.060104	338.231842	6.238663	341.690430	1.957356	0.000017	0.167607	-0.539680	-0.170038	-0.847262	-0.370527	-1.921877	-0.877028	-8.000000	-4.000000	1.180000	23.844545
217.441086	131.253586	177.080139	248.709549	336.801331	5.848746	342.011017	1.957356	0.000017	0.167575	-0.539680	-0.000011	-0.847262	-0.370527	-1.921877	-0.877028	-8.000000	-4.000000	1.180000	23.869783
215.816177	130.676224	178.344986	249.410629	337.159393	5.848746	342.170776	1.957356	-0.000022	0.167575	-0.539680	-0.170038	-0.847262	-0.370527	-1.921877	-0.877028	-8.000000	-4.000000	1.180000	23.875454
180.418701	128.751678	202.015701	243.626953	327.858124	5.458867	332.083374	2.120427	0.000017	0.167575	-0.539680	-0.000011	-0.847262	-0.370527	-1.921877	-0.877028	-8.000000	0.000000	1.180000	23.528724
181.502304	128.174332	200.751053	242.224533	326.427521	5.848746	330.642670	1.957356	0.000017	0.167575	-0.539680	-0.170038	-0.847262	-0.370527	-1.921877	-0.877028	-8.000000	0.000000	1.180000	23.462697
180.418549	129.713943	199.847580	240.647095	326.248657	5.263868	329.361725	1.957356	0.000017	0.167575	-0.539680	-0.000011	-0.847262	-0.370527	-1.921877	-0.877028	-8.000000	0.000000	1.180000	23.437543
180.418701	129.136581	200.028275	240.647095	324.638580	5.068949	328.240570	2.120427	-0.000022	0.167575	-0.539680	-0.170038	-0.847262	-0.370527	-1.921877	-0.877028	-8.000000	0.000000	1.180000	23.404028
138.881027	122.400703	208.520905	219.264267	297.630066	4.873990	303.582520	2.120427	0.000017	0.167575	-0.539680	-0.000011	-0.847262	-0.370527	-1.921877	-0.877028	-8.000000	4.000000	1.180000	22.500792
136.533249	122.785614	209.243683	219.264267	299.239838	4.873990	302.461700	2.120427	-0.000022	0.167575	-0.539680	-0.170038	-0.847262	-0.370527	-2.114065	-0.877028	-8.000000	4.000000	1.180000	22.458538
137.436066	121.630882	207.978821	218.387894	296.914612	4.873990	301.500977	2.120427	0.000017	0.167575	-0.539680	-0.170038	-0.847262	-0.370527	-1.921877	-0.877028	-8.000000	4.000000	1.180000	22.422257
135.991287	121.789413	207.255829	217.511551	297.987793	4.679031	300.540588	1.957356	0.000017	0.167607	-0.539680	-0.000011	-0.847262	-0.370527	-1.921877	-0.877028	-8.000000	4.000000	1.180000	22.393309
99.510338	116.049728	216.652130	199.809158	274.377991	4.484071	281.966949	2.120427	0.000017	0.167575	-0.539680	-0.170038	-0.847262	-0.370527	-1.921877	-0.877028	-8.000000	8.000000	1.180000	21.686631
100.413330	116.049728	213.941727	197.004608	272.231598	4.484071	281.166351	2.120427	0.000017	0.167607	-0.539680	0.000018	-0.847262	-0.370527	-1.921877	-0.877028	-8.000000	8.000000	1.180000	21.655323
100.413223	115.247795	213.941727	197.530640	272.231598	4.679031	280.846130	2.120427	0.000017	0.167575	-0.539680	-0.170038	-0.847262	-0.370527	-1.921877	-0.877028	-8.000000	8.000000	1.180000	21.635153
99.149025	114.702553	214.122421	197.705688	273.304810	4.679031	280.140839	1.794244	0.000017	0.167575	-0.539680	-0.170038	-0.847262	-0.370527	-1.921877	-0.877028	-8.000000	8.000000	1.180000	21.607509
65.376953	99.663368	219.543259	179.127151	247.190598	4.289113	265.634949	2.120427	0.000006	0.167575	-0.539680	-0.170038	-0.847262	-0.370527	-1.921879	-0.877028	-8.000000	12.000000	1.180000	21.046592
64.835159	99.278564	219.182144	178.426071	247.011719	4.289113	265.413422	1.957314	0.000006	0.167575	-0.539680	0.000018	-0.847262	-0.370527	-1.921877	-0.877028	-8.000000	12.000000	1.180000	21.037670
64.293365	98.508965	219.723953	178.951874	247.011719	4.289113	265.573517	1.957314	0.000006	0.167575	-0.539680	0.000018	-0.847262	-0.370527	-1.921877	-0.877028	-8.000000	12.000000	1.180000	21.044118
64.835159	100.240562	220.447006	178.951874	248.800369	4.289073	266.053741	2.120427	0.000017	0.167607	-0.539680	0.000018	-0.847262	-0.370527	-1.921877	-0.701623	-8.000000	12.000000	1.180000	21.063451
33.591473	90.428154	246.828049	176.147537	243.076996	4.873990	280.941254	2.120427	0.000006	0.167575	-0.539680	0.000018	-0.677809	-0.370527	-1.921877	-0.877028	-8.000000	16.000000	1.180000	21.631242
32.688499	92.736954	248.454300	175.446457	246.117401	4.679018	281.486603	1.957314	0.000006	0.167607	-0.539680	-0.000011	-0.847262	-0.370527	-1.921879	-0.877028	-8.000000	16.000000	1.180000	21.660226
32.688564	92.929352	250.622955	176.673370	248.621506	4.679031	281.966949	2.120427	0.000017	0.167607	-0.539680	0.000018	-0.847262	-0.370527	-1.921879	-0.877028	-8.000000	16.000000	1.180000	21.679012
32.327297	91.197754	250.622955	177.199173	246.833130	4.679031	282.702148	2.120427	0.000006	0.167607	-0.539680	0.000018	-0.847262	-0.370527	-1.921877	-0.701623	-8.000000	16.000000	1.180000	21.707732
-8.290268	73.496918	274.293915	168.260330	232.166245	5.068949	296.469055	2.120504	0.000006	0.167607	-0.539680	-0.000008	-0.847262	-0.370527	-1.921879	-0.877028	-8.000000	20.000000	1.180000	22.223827
-8.110045	72.919724	275.739441	170.013214	233.954895	5.068949	296.949280	1.957314	0.000006	0.167607	-0.539680	-0.170038	-0.847262	-0.370527	-1.921877	-0.877028	-8.000000	20.000000	1.180000	22.242132
-6.307813	73.689323	275.016663	169.837936	233.597153	5.458867	297.589600	2.120427	0.000006	0.167607	-0.539680	-0.170038	-0.847262	-0.370527	-1.921877	-0.701623	-8.000000	20.000000	1.180000	22.251671
-7.929821	73.517517	275.919800	168.611038	232.702850	5.068949	298.069855	1.957314	0.000006	0.167575	-0.539680	0.000018	-0.847262	-0.370527	-1.921877	-0.877028	-8.000000	20.000000	1.180000	22.284787
-55.328533	46.381466	297.603058	156.342041	207.303833	5.263896	310.716217	2.120504	-0.000008	0.167607	-0.539680	-0.170038	-0.847261	-0.370527	-1.921879	-0.877028	-8.000000	24.000000	1.180000	22.753369
-56.049419	44.456921	296.880310	157.043121	204.084274	5.458856	311.356537	2.120504	0.000006	0.167607	-0.539680	0.000018	-0.847261	-0.370527	-1.921879	-0.877028	-8.000000	24.000000	1.180000	22.769950
-54.787857	45.021667	298.687622	158.620575	208.198395	5.263896	311.676697	2.120504	0.000006	0.167607	-0.539680	0.000018	-0.677809	-0.370527	-1.921879	-0.877028	-8.000000	24.000000	1.180000	22.789115
-56.409863	44.252064	298.868317	158.971115	206.052017	5.458856	312.317017	1.957392	0.000006	0.167607	-0.539680	-0.170038	-0.847261	-0.370527	-1.921879	-0.877028	-8.000000	24.000000	1.180000	22.805670
-109.755936	6.158518	313.865967	137.062195	161.872696	5.653815	321.441620	2.120504	0.000006	0.167575	-0.539680	-0.000008	-0.847262	-0.370525	-1.921879	-0.877028	-8.000000	28.000000	1.180000	23.135116
-107.232811	12.506007	314.227356	136.010437	164.913391	5.458856	321.676849	2.120504	-0.000008	0.167575	-0.539680	-0.000008	-0.677809	-0.370525	-1.921879	-0.877028	-8.000000	28.000000	1.180000	23.150868
-106.872368	13.471781	313.685272	136.536255	166.880905	5.263896	321.921844	2.120504	0.000006	0.167575	-0.539680	-0.000008	-0.847262	-0.185263	-1.921879	-0.877028	-8.000000	28.000000	1.180000	23.166968
-106.511925	12.509510	313.865967	134.958939	164.913162	5.458856	321.921844	2.120504	-0.000008	0.167607	-0.539680	-0.000008	-0.847261	-0.370525	-1.921879	-0.877028	-8.000000	28.000000	1.180000	23.159835
-164.003128	-30.515306	327.598724	109.719849	111.969414	5.653815	331.604156	1.957392	-0.000008	0.167607	-0.539680	-0.000008	-0.847261	-0.370525	-1.921879	-0.877028	-8.000000	32.000000	1.180000	23.504430
-162.200897	-29.363783	326.514557	109.544571	112.148102	5.458892	331.846832	1.957392	-0.000008	0.167607	-0.539680	0.000018	-0.677809	-0.370527	-1.921879	-0.877028	-8.000000	32.000000	1.180000	23.520202
-162.921783	-28.404182	327.418030	108.142555	110.180611	5.653815	332.244629	1.957392	-0.000008	0.167607	-0.539680	-0.000008	-0.847261	-0.370525	-1.921879	-0.877028	-8.000000	32.000000	1.180000	23.527511
-163.822891	-31.282986	327.779755	108.317680	109.286438	5.848774	332.885101	1.957392	0.000006	0.167575	-0.539680	-0.000008	-0.847262	-0.370525	-1.921879	-0.877028	-8.000000	32.000000	1.180000	23.543552
-221.314102	-78.687263	337.717590	76.418396	39.707958	5.848812	342.732300	2.120467	-0.000008	0.167575	-0.539680	-0.170038	-0.847261	-0.370527	-1.921877	-0.701623	-8.000000	36.000000	1.180000	23.895375
-221.674545	-75.616539	339.524902	76.593559	44.895100	5.848774	342.972534	1.957392	-0.000008	0.167575	-0.539680	-0.000008	-0.847261	-0.185263	-1.921879	-0.877028	-8.000000	36.000000	1.180000	23.903895
-223.657013	-77.151909	339.524902	76.418282	42.390995	5.848774	343.132660	1.957392	-0.000008	0.167575	-0.539680	-0.000008	-0.847261	-0.370525	-1.921879	-0.877028	-8.000000	36.000000	1.180000	23.909571
-226.720795	-80.030716	340.428009	75.542038	40.065754	6.043771	343.452881	2.120504	-0.000008	0.167607	-0.539680	-0.170038	-0.847261	-0.370525	-1.921877	-0.877028	-8.000000	36.000000	1.180000	23.914010
-265.108337	-119.758179	325.972473	34.177944	-34.797646	5.458892	329.125458	1.957355	-0.000008	0.167575	-0.539680	-0.000008	-0.677809	-0.370527	-1.921877	-0.877028	-8.000000	40.000000	1.180000	23.421943
-263.125885	-114.384422	324.165863	30.497242	-34.976093	5.263932	327.684723	1.957355	-0.000008	0.167575	-0.539680	-0.000008	-0.677809	-0.370527	-1.921877	-0.877028	-8.000000	40.000000	1.180000	23.376824
-260.782990	-118.414726	320.913361	34.703762	-35.689892	5.263896	326.800629	1.957355	-0.000008	0.167575	-0.539680	-0.000034	-0.677809	-0.370525	-1.921879	-0.877028	-8.000000	40.000000	1.180000	23.344754
-258.980743	-115.152092	320.190582	31.373602	-35.332993	5.068973	325.359589	1.957355	-0.000008	0.335170	-0.539680	-0.000008	-0.847262	-0.370525	-1.921877	-0.877028	-8.000000	40.000000	1.180000	23.299473
-282.409760	-148.546219	292.544342	-7.692390	-106.891220	4.874013	303.103485	2.120504	-0.000019	0.167575	-0.539680	-0.000008	-0.677809	-0.370525	-1.921879	-0.877028	-8.000000	44.000000	1.180000	22.482741
-279.345978	-147.202774	292.725037	-4.720330	-101.002403	4.874013	302.622803	1.957392	-0.000019	0.167575	-0.539680	-0.000008	-0.847262	-0.370525	-1.921877	-0.877028	-8.000000	44.000000	1.180000	22.464615
-277.363525	-141.637085	291.460144	-7.167910	-99.039452	5.068973	301.502319	1.957392	-0.000019	0.167575	-0.539680	-0.000034	-0.677809	-0.370527	-1.921877	-0.877028	-8.000000	44.000000	1.180000	22.414937
-275.561310	-145.859329	290.375977	-4.720330	-99.931694	5.068937	301.021942	1.957392	-0.000019	0.167575	-0.539680	-0.170038	-0.847261	-0.370527	-1.921879	-0.701623	-8.000000	44.000000	1.180000	22.396769
268.551544	-97.687370	-253.545242	-3.671368	0.357763	4.679054	273.801880	2.120467	-0.000019	0.167575	-0.539680	-0.000034	-0.677809	-0.370527	-1.921877	-0.877028	-4.000000	-44.000000	1.180000	21.357444
267.829132	-95.960083	-250.116501	-2.447578	1.967518	4.094175	273.001282	1.957355	-0.000019	0.167575	-0.539680	-0.000034	-0.677809	-0.370527	-1.921877	-0.877028	-4.000000	-44.000000	1.180000	21.348882
266.926697	-97.495453	-251.740631	-4.370675	0.357763	4.679041	272.680786	1.957355	-0.000008	0.167601	-0.539680	-0.000034	-0.847262	-0.370525	-1.921877	-0.877028	-4.000000	-44.000000	1.180000	21.312912
267.107300	-95.576248	-250.116501	-1.748269	1.967518	4.484094	272.040588	2.120467	-0.000008	0.167601	-0.539680	-0.000034	-0.847262	-0.370527	-1.921877	-0.877028	-4.000000	-44.000000	1.180000	21.295201
269.093628	-56.808361	-211.317749	28.912460	52.944019	4.289122	270.759613	2.120467	-0.000019	0.167575	-0.539680	-0.000034	-0.847262	-0.370525	-1.921877	-0.877028	-4.000000	-40.000000	1.180000	21.251939
269.274841	-55.848774	-211.498215	29.087690	54.196095	4.289122	271.399811	1.957379	-0.000008	0.167601	-0.539680	-0.000034	-0.847262	-0.370527	-1.921877	-0.701623	-4.000000	-40.000000	1.180000	21.277452
269.635712	-57.384132	-211.498215	29.262917	53.480614	4.289122	272.680786	1.957379	-0.000019	0.167601	-0.539680	-0.000034	-0.677809	-0.370525	-1.921877	-0.877028	-4.000000	-40.000000	1.180000	21.328411
271.441681	-56.616455	-213.844193	28.393984	52.765179	4.289135	273.161407	1.957379	-0.000019	0.167601	-0.539680	-0.000034	-0.847262	-0.370527	-1.921877	-0.877028	-4.000000	-40.000000	1.180000	21.347500
287.876007	-19.000093	-179.376480	63.448299	110.180840	4.874013	289.973816	1.957355	-0.000019	0.167601	-0.539680	-0.000006	-0.677809	-0.370527	-1.921877	-0.877028	-4.000000	-36.000000	1.180000	21.982265
289.682281	-18.808176	-180.098312	65.025742	110.359711	4.874013	290.614258	1.957355	-0.000019	0.167601	-0.539680	-0.000006	-0.677809	-0.370527	-1.921877	-0.877028	-4.000000	-36.000000	1.180000	22.006942
288.237213	-19.575855	-180.459229	64.133125	110.180840	4.874002	291.254761	1.957355	-0.000019	0.167601	-0.539680	-0.000034	-0.677809	-0.370527	-1.921877	-0.877028	-4.000000	-36.000000	1.180000	22.031594
290.043488	-21.495060	-183.346573	62.221401	107.855606	5.068973	291.574982	1.957379	-0.000019	0.167601	-0.539680	-0.000006	-0.847262	-0.370527	-1.921877	-0.877028	-4.000000	-36.000000	1.180000	22.036411
301.241058	20.207697	-136.427185	97.100441	163.661484	5.068961	303.583832	1.957379	-0.000019	0.167575	-0.539680	-0.000006	-0.677809	-0.370527	-1.921877	-0.877028	-4.000000	-32.000000	1.180000	22.493497
299.073486	16.935999	-135.885803	97.776756	163.482620	5.068961	303.904053	1.957355	-0.000019	0.167601	-0.539680	-0.170038	-0.847262	-0.370527	-1.921877	-0.877028	-4.000000	-32.000000	1.180000	22.505558
301.240387	17.898273	-137.690399	97.626259	163.482620	5.068973	304.384766	1.957355	-0.000019	0.167601	-0.539680	-0.000006	-0.677809	-0.370527	-1.921877	-0.877028	-4.000000	-32.000000	1.180000	22.523652
300.338074	18.860514	-137.870850	95.148346	163.303757	4.874002	304.864777	1.957379	-0.000019	0.335202	-0.539680	-0.000006	-0.847262	-0.370527	-1.921877	-0.877028	-4.000000	-32.000000	1.180000	22.549034
305.755676	53.502403	-90.590530	128.441513	213.922546	5.458880	316.233521	1.957355	0.000020	0.167601	-0.539680	-0.000006	-0.677809	-0.370527	-1.921877	-0.701623	-4.000000	-28.000000	1.180000	22.950744
308.103485	54.657135	-91.853745	127.915833	213.207092	5.458880	316.713531	2.120491	0.159954	0.335202	-0.539680	-0.000034	-0.677809	-0.370527	-1.921877	-0.877028	-4.000000	-28.000000	1.180000	22.968462
307.922882	54.657135	-94.560631	125.637886	212.133896	5.263921	317.193878	1.957379	0.000020	0.335202	-0.539680	-0.000034	-0.677809	-0.370527	-1.921877	-0.701623	-4.000000	-28.000000	1.180000	22.993365
308.284058	53.887310	-93.477875	126.689247	212.491638	5.263921	317.674225	2.120491	0.000020	0.335202	-0.539680	-0.000034	-0.677809	-0.370527	-1.921877	-0.877028	-4.000000	-28.000000	1.180000	23.011063
310.271057	88.144264	-48.904453	152.272415	256.671295	5.458869	328.402130	2.283563	-0.000019	0.167575	-0.539680	-0.000006	-0.677809	-0.370527	-1.921877	-0.877028	-4.000000	-24.000000	1.180000	23.395758
308.825592	87.759354	-47.099861	154.199921	258.459930	5.653841	328.722748	2.120491	0.000020	0.167601	-0.539680	-0.000006	-0.847262	-0.370527	-1.921877	-0.701623	-4.000000	-24.000000	1.180000	23.400308
310.631897	86.027252	-48.723991	154.199921	257.029022	5.848789	328.882507	2.120491	0.000020	0.335202	-0.539680	-0.000034	-0.677809	-0.370527	-1.921877	-0.701623	-4.000000	-24.000000	1.180000	23.399034
310.632263	86.989532	-50.167667	152.798096	256.313568	5.263908	329.202728	2.120491	0.000020	0.335176	-0.359789	-0.000006	-0.677809	-0.370527	-1.921877	-0.877028	-4.000000	-24.000000	1.180000	23.431791
307.019867	113.163383	-3.789644	177.375046	291.013367	5.653829	338.009613	1.957379	0.000020	0.167575	-0.539680	-0.000006	-0.677809	-0.370527	-1.921877	-0.877028	-4.000000	-20.000000	1.180000	23.734255
307.019867	117.012482	-1.082755	180.133545	294.412109	6.043760	338.329834	1.957379	0.000020	0.167575	-0.539680	-0.000006	-0.677809	-0.370527	-1.921877	-0.877028	-4.000000	-20.000000	1.180000	23.731766
307.742279	112.201103	-4.872399	177.725601	290.655640	5.848789	338.489929	1.957379	0.000020	0.167575	-0.719574	-0.000006	-0.847262	-0.370527	-2.114065	-0.877028	-4.000000	-20.000000	1.180000	23.744442
307.020264	117.012482	-0.902296	179.303040	295.484985	5.848789	338.810181	1.957379	0.000020	0.167575	-0.719574	-0.000006	-0.677809	-0.370527	-2.114065	-0.877028	-4.000000	-20.000000	1.180000	23.755870
294.558868	137.027771	45.173748	197.531311	315.696716	6.043748	342.332428	2.120451	0.000020	0.335176	-0.719574	-0.000006	-0.677809	-0.370527	-1.921877	-0.877028	-4.000000	-16.000000	1.180000	23.874270
292.752838	136.257950	44.450970	196.604889	315.160492	5.848800	340.731598	2.120491	0.159911	0.335176	-0.719574	-0.000008	-0.677809	-0.370527	-1.921877	-0.701623	-4.000000	-16.000000	1.180000	23.824315
290.405060	135.103348	44.812355	197.005493	315.160156	6.043748	339.610779	2.120451	0.000020	0.335176	-0.719574	-0.000006	-0.677809	-0.370527	-1.921877	-0.701623	-4.000000	-16.000000	1.180000	23.777465
291.669250	135.295807	42.282631	195.252777	312.834900	6.238708	338.169708	2.120451	0.000020	0.335176	-0.719574	-0.000006	-0.677809	-0.185263	-1.921877	-0.701623	-4.000000	-16.000000	1.180000	23.719083
248.505814	139.144913	87.817734	192.273148	299.598907	5.458907	310.309143	2.120451	0.000014	0.167575	-0.719574	-0.000006	-0.677809	-0.370527	-1.921877	-0.877028	-4.000000	-12.000000	1.180000	22.730934
248.144608	139.144760	86.191483	191.698532	299.062622	5.068949	309.508881	1.957379	0.000014	0.167556	-0.719574	-0.000008	-0.677809	-0.370527	-1.921877	-0.701623	-4.000000	-12.000000	1.180000	22.715631
245.797058	140.876862	85.288101	187.843536	297.989441	5.068949	308.707947	2.283563	0.000014	0.335112	-0.539680	-0.000008	-0.677809	-0.370527	-1.921877	-0.701623	-4.000000	-12.000000	1.180000	22.685731
244.171661	138.182495	86.191574	189.420593	298.526031	5.068949	307.747589	2.120451	0.000020	0.167556	-0.539680	-0.000008	-0.677809	-0.370527	-1.921877	-0.701623	-4.000000	-12.000000	1.180000	22.649827
210.579987	138.374954	119.620033	184.035385	285.826599	4.484106	289.173553	2.120451	0.000020	0.335112	-0.719574	-0.000008	-0.677809	-0.370527	-2.114065	-0.877028	-4.000000	-8.000000	1.180000	21.966440
209.135193	137.027771	119.439468	184.163773	285.648041	4.679029	288.693481	2.283563	0.000014	0.335112	-0.719574	-0.000008	-0.677809	-0.370527	-1.921877	-0.701623	-4.000000	-8.000000	1.180000	21.940384
209.315796	137.027893	119.258774	183.334305	284.216797	4.484068	287.892578	2.120451	0.000020	0.167556	-0.719574	-0.000008	-0.677809	-0.370527	-2.114065	-0.877028	-4.000000	-8.000000	1.180000	21.916966
209.135193	136.450546	117.451691	182.282669	283.322479	4.484106	287.252136	2.120451	0.159954	0.167556	-0.719574	-0.000008	-0.677809	-0.370527	-2.114065	-0.877028	-4.000000	-8.000000	1.180000	21.892187
176.265915	131.254257	142.568283	177.375046	270.801910	4.289145	272.361145	2.120451	0.000014	0.167556	-0.719574	-0.000008	-0.847262	-0.370527	-2.306253	-0.877028	-4.000000	-4.000000	1.180000	21.315706
176.988327	132.216522	140.400101	175.096527	270.265350	4.289145	271.720642	2.120469	0.000020	0.335112	-0.719574	-0.000008	-0.677809	-0.370527	-2.114065	-0.877028	-4.000000	-4.000000	1.180000	21.290226
177.710724	132.986343	139.677170	174.395432	269.549866	4.289145	271.080170	2.120469	0.000014	0.335112	-0.719574	-0.000008	-0.677809	-0.370527	-2.114065	-0.877028	-4.000000	-4.000000	1.180000	21.264716
176.265518	131.254257	140.038559	174.395432	268.655548	4.289145	270.440002	2.120451	0.000014	0.167575	-0.719574	-0.000008	-0.847261	-0.370527	-1.921877	-1.052433	-4.000000	-4.000000	1.180000	21.239189
153.871475	134.141083	167.504349	178.777237	272.590851	4.873989	273.802460	2.120451	0.000014	0.335112	-0.719574	-0.170038	-0.677809	-0.370527	-2.114065	-1.052433	-4.000000	0.000000	1.180000	21.349730
155.316498	137.220230	168.588531	178.076141	274.915833	4.874026	274.603058	2.120469	0.000020	0.167556	-0.719574	-0.170038	-0.677809	-0.370527	-2.114065	-0.701623	-4.000000	0.000000	1.180000	21.381484
154.774353	137.797714	168.769226	178.076141	275.989319	4.679029	274.923309	2.120451	0.000014	0.167556	-0.719574	-0.170038	-0.677809	-0.370527	-1.921877	-0.877028	-4.000000	0.000000	1.180000	21.401897
155.497101	137.027893	169.130615	178.601959	273.485168	4.679029	275.723907	2.120469	0.000014	0.335112	-0.719574	-0.170038	-0.677809	-0.370527	-2.114065	-0.701623	-4.000000	0.000000	1.180000	21.433575
134.908325	145.880829	202.378494	187.190277	289.940796	4.873989	291.735748	2.120451	-0.159489	0.335112	-0.719574	-0.170038	-0.677809	-0.555789	-1.921877	-0.877028	-4.000000	4.000000	1.180000	22.050088
136.533844	147.035568	203.101288	187.365540	291.014008	4.679029	292.536316	2.120451	-0.159489	0.335112	-0.719574	-0.170038	-0.677809	-0.370527	-2.114065	-1.052433	-4.000000	4.000000	1.180000	22.088317
135.089050	146.802261	204.004547	188.066635	291.013702	5.068986	292.856567	2.120451	-0.159489	0.167556	-0.719574	-0.000008	-0.847261	-0.370527	-2.114065	-0.877028	-4.000000	4.000000	1.180000	22.085641
137.437042	148.190292	202.920593	187.190277	291.371429	4.874026	293.497040	2.120469	0.159911	0.167575	-0.719574	-0.170038	-1.016714	-0.370527	-2.114065	-0.701623	-4.000000	4.000000	1.180000	22.117675
107.637947	152.766724	238.156128	192.448425	303.176849	5.263947	307.427338	2.120469	0.000014	0.167575	-0.719574	-0.170038	-1.016714	-0.370527	-2.114065	-1.052433	-4.000000	8.000000	1.180000	22.630540
107.999161	152.381927	237.433334	191.922607	301.567047	5.068986	307.907715	2.120469	0.000014	-0.000019	-0.719574	-0.170038	-1.016714	-0.370527	-2.114065	-1.052433	-4.000000	8.000000	1.180000	22.655815
109.263191	152.616760	238.156418	193.500061	302.997986	5.458907	308.388397	2.120451	-0.159489	0.167556	-0.719574	-0.170038	-0.847261	-0.555789	-2.306253	-1.052433	-4.000000	8.000000	1.180000	22.659211
107.457352	153.579025	237.975433	192.623703	303.713440	5.263947	308.708313	2.120469	0.000014	0.167575	-0.719574	-0.170038	-0.847261	-0.370527	-2.114065	-1.052433	-4.000000	8.000000	1.180000	22.678459
71.698448	146.225067	265.079681	187.716095	301.209320	5.653856	316.874329	2.120469	0.159911	0.167575	-0.719574	-0.170038	-0.847261	-0.185263	-2.114065	-0.877028	-4.000000	12.000000	1.180000	22.967201
71.517838	146.458191	265.260712	187.540817	300.851593	5.263947	317.194580	2.120469	0.159911	-0.000019	-0.719574	-0.170038	-0.847261	-0.370527	-2.114065	-1.052433	-4.000000	12.000000	1.180000	22.993390
72.059639	146.458191	265.802765	188.942993	302.282532	5.458896	317.835052	2.120469	0.000014	0.167575	-0.719574	-0.170038	-0.847261	-0.370527	-2.114065	-1.052433	-4.000000	12.000000	1.180000	23.009805
74.046249	147.571884	265.260376	188.066635	301.567047	5.458896	317.995178	2.120469	-0.159489	-0.000019	-0.719574	-0.170038	-1.016714	-0.185263	-2.114065	-0.877028	-4.000000	12.000000	1.180000	23.015702
32.869324	136.604996	292.184296	178.251404	292.802979	5.458907	328.883575	2.120469	-0.000025	-0.000019	-0.719574	-0.170038	-0.847261	-0.555789	-2.114065	-0.877028	-4.000000	16.000000	1.180000	23.413189
32.327534	136.027786	291.822906	179.127777	292.266052	5.653856	329.363586	2.120494	0.159911	0.167575	-0.719574	-0.170038	-0.847261	-0.370527	-2.114065	-1.052433	-4.000000	16.000000	1.180000	23.423504
33.411140	135.873169	292.545685	179.478317	293.339600	5.653867	329.684174	2.120494	-0.159489	0.167575	-0.719574	-0.170038	-0.847261	-0.555789	-2.114065	-0.877028	-4.000000	16.000000	1.180000	23.435100
33.772259	136.412598	293.087433	181.055771	292.802643	5.458896	330.004425	2.120469	-0.159489	0.167575	-0.719574	-0.170038	-0.847261	-0.555789	-2.114065	-1.052433	-4.000000	16.000000	1.180000	23.453724
-16.760761	114.094025	314.048035	161.775879	267.404083	5.848827	337.049622	2.120469	-0.159489	0.167575	-0.719574	-0.170038	-0.847261	-0.555789	-2.114065	-1.052433	-4.000000	20.000000	1.180000	23.692980
-14.778304	114.510979	313.686646	162.827499	268.834686	6.043777	337.209747	2.283583	-0.159489	-0.000019	-0.719574	-0.170038	-0.847261	-0.555789	-2.306253	-0.877028	-4.000000	20.000000	1.180000	23.691733
-12.976072	115.825638	312.241455	163.528580	269.192749	5.848827	337.209747	2.120469	-0.159489	0.167575	-0.719574	-0.170038	-0.847261	-0.555789	-2.306253	-1.052433	-4.000000	20.000000	1.180000	23.698707
-13.516741	117.012901	313.686646	161.775879	270.444489	5.848816	337.369873	2.120469	-0.159489	0.167575	-0.719574	-0.170038	-0.847261	-0.555789	-2.114065	-1.052433	-4.000000	20.000000	1.180000	23.704432
-63.078129	89.491783	332.117554	142.495972	235.566010	6.043777	346.656738	2.120469	-0.000025	0.167575	-0.719574	-0.170038	-0.847261	-0.555789	-2.114065	-1.052433	-4.000000	24.000000	1.180000	24.027279
-70.287064	87.182312	335.370453	140.743256	233.419617	5.848816	346.656738	2.120469	-0.159489	0.167575	-0.719574	-0.170038	-0.847261	-0.555789	-2.114065	-1.052433	-4.000000	24.000000	1.180000	24.034154
-67.944160	88.529503	333.021027	139.691620	232.882751	6.043777	345.856140	2.120494	-0.159489	0.167575	-0.719574	-0.170038	-0.847261	-0.555789	-2.114065	-0.877028	-4.000000	24.000000	1.180000	23.999025
-66.682594	88.721954	332.840729	138.990540	233.598480	6.043777	344.575195	2.120494	-0.159489	0.167575	-0.719574	-0.170038	-0.847261	-0.555789	-2.114065	-1.052433	-4.000000	24.000000	1.180000	23.953749
-105.610809	51.178753	309.711731	99.729660	167.239334	5.263936	314.793152	2.120494	-0.159489	0.167575	-0.719574	-0.170038	-0.847261	-0.370525	-2.114065	-0.877028	-4.000000	28.000000	1.180000	22.904711
-106.511925	49.268604	308.988953	99.379120	164.377487	5.458896	313.672668	2.120469	-0.159489	0.167575	-0.719574	-0.170038	-0.847261	-0.555789	-2.114065	-0.877028	-4.000000	28.000000	1.180000	22.855989
-103.808571	51.962978	305.736420	98.152214	163.840897	5.263936	312.391357	2.120494	-0.000025	0.167575	-0.719574	-0.170038	-0.847261	-0.555789	-2.114065	-0.877028	-4.000000	28.000000	1.180000	22.815673
-103.988800	48.485134	305.194336	98.152214	161.694504	5.458896	311.270905	2.120494	-0.000025	0.167575	-0.719574	-0.170038	-0.847261	-0.555789	-2.114065	-0.877028	-4.000000	28.000000	1.180000	22.766762
-141.295013	15.973823	288.570374	61.169861	98.554947	4.874000	292.376526	2.283560	-0.159489	0.167575	-0.719574	-0.170038	-0.847261	-0.555789	-2.306254	-0.877028	-4.000000	32.000000	1.180000	22.074701
-142.015884	17.128555	287.847595	59.241871	98.197220	4.484078	291.415833	2.120494	-0.159489	0.167575	-0.719574	-0.170038	-0.847262	-0.555789	-2.114067	-0.877028	-4.000000	32.000000	1.180000	22.052778
-143.097229	16.936098	287.847931	58.365513	97.124153	4.679054	290.775696	2.120494	-0.159489	0.167575	-0.719574	-0.170038	-0.847261	-0.370525	-2.114067	-0.877028	-4.000000	32.000000	1.180000	22.020662
-142.556549	14.237679	288.028625	61.169861	98.555077	4.874014	290.134888	2.120494	-0.159489	0.167575	-0.719574	-0.170038	-1.016714	-0.555789	-2.306254	-1.052433	-4.000000	32.000000	1.180000	21.988474
-174.636307	-18.424335	271.946716	26.641321	36.130913	4.679054	273.002502	2.283560	-0.159489	0.167575	-0.719574	-0.170038	-0.847261	-0.555789	-2.114067	-0.877028	-4.000000	36.000000	1.180000	21.325701
-174.456070	-18.232414	271.223938	26.290777	36.309780	4.289118	272.201599	2.283560	-0.159489	0.167575	-0.719574	-0.170038	-0.847261	-0.555789	-2.114067	-0.877028	-4.000000	36.000000	1.180000	21.309363
-172.473618	-17.080894	269.416962	25.063875	36.667511	4.679054	271.561432	2.120494	-0.159489	0.167575	-0.719574	-0.170038	-0.847261	-0.555789	-2.114065	-0.877028	-4.000000	36.000000	1.180000	21.268357
-171.212051	-15.545533	267.971130	25.063875	36.667454	4.289118	270.760864	2.120494	-0.159489	0.167575	-0.719574	-0.170038	-0.847262	-0.555789	-2.114067	-0.877028	-4.000000	36.000000	1.180000	21.251989
-216.267853	-53.161880	272.127411	-8.916179	-28.016567	4.874014	275.244171	2.283560	-0.159489	0.167575	-0.719574	-0.000011	-0.847261	-0.370525	-2.114067	-0.877028	-4.000000	40.000000	1.180000	21.406879
-214.826050	-50.666916	272.488800	-9.091006	-27.481216	4.679039	276.044769	2.283560	-0.159489	-0.000026	-0.719574	-0.170038	-0.847261	-0.370525	-2.114067	-0.877028	-4.000000	40.000000	1.180000	21.446256
-214.826050	-53.161892	273.391968	-8.741352	-26.767424	4.484078	276.685242	2.283607	-0.159489	0.167575	-0.719574	-0.170038	-0.847262	-0.555789	-2.114067	-0.877028	-4.000000	40.000000	1.180000	21.479244
-216.988754	-53.929569	273.934357	-7.867218	-27.124317	4.679054	277.485809	2.120494	-0.159489	0.167575	-0.719574	-0.170038	-0.847262	-0.555789	-2.114065	-0.877028	-4.000000	40.000000	1.180000	21.503124
-265.108337	-90.010559	283.149506	-48.601917	-96.719612	4.874000	290.615570	2.283560	-0.159489	-0.000019	-0.719574	-0.170038	-0.847262	-0.555789	-2.114067	-0.877028	-4.000000	44.000000	1.180000	22.006993
-264.207214	-93.081276	282.969116	-45.629856	-97.611855	5.263921	291.256042	2.283560	-0.159489	0.167575	-0.719574	-0.170038	-0.847262	-0.555789	-2.306253	-0.877028	-4.000000	44.000000	1.180000	22.016640
-266.189667	-95.384323	283.691895	-46.329163	-99.931694	4.874000	291.736420	2.283560	-0.159489	-0.000019	-0.719574	-0.170038	-0.847262	-0.555789	-2.114067	-0.877028	-4.000000	44.000000	1.180000	22.050113
-265.649017	-91.929764	284.233978	-46.678822	-95.292015	5.068961	292.377197	2.120494	-0.159489	0.167575	-0.719574	-0.170038	-0.847262	-0.555789	-2.114067	-0.877028	-4.000000	44.000000	1.180000	22.067240
306.299225	-61.606373	-287.291107	-47.727783	-0.713798	5.068961	309.509949	2.283560	-0.159489	0.167575	-0.719574	-0.170038	-0.847262	-0.555789	-2.114067	-0.877028	0.000000	-44.000000	1.180000	22.715670
305.757416	-61.798298	-286.749725	-48.601917	-1.249147	5.263921	310.150055	2.283560	-0.000025	0.167575	-0.719574	-0.170038	-0.847262	-0.555789	-2.114065	-1.052433	0.000000	-44.000000	1.180000	22.732272
306.118256	-61.222534	-286.208344	-46.329163	1.252050	5.263921	310.630768	2.120494	-0.159489	0.167575	-0.719574	-0.170038	-0.847262	-0.555789	-2.114067	-0.877028	0.000000	-44.000000	1.180000	22.750185
305.756744	-61.798298	-285.486511	-44.580894	1.252082	5.458882	311.111145	2.283560	-0.159489	0.167575	-0.719574	-0.170038	-0.847262	-0.370527	-2.114067	-0.877028	0.000000	-44.000000	1.180000	22.760814
319.482697	-20.151617	-253.906143	-8.391699	62.245358	5.848804	321.678955	2.283560	0.000026	0.167575	-0.719574	-0.170038	-0.847262	-0.555789	-2.114067	-0.877028	0.000000	-40.000000	1.180000	23.136666
319.482391	-19.192017	-254.086594	-10.664451	61.708759	5.653842	321.999207	2.283560	-0.159489	0.167575	-0.719574	-0.170038	-0.847261	-0.555789	-2.114067	-0.877028	0.000000	-40.000000	1.180000	23.155530
319.844299	-20.535461	-251.855148	-4.895158	65.286072	5.848804	322.479553	2.283560	-0.159489	0.167575	-0.719574	-0.170038	-0.847262	-0.555789	-2.306253	-0.877028	0.000000	-40.000000	1.180000	23.165972
319.843597	-20.727379	-254.086594	-7.342738	64.212845	5.458922	322.799805	2.283560	0.000026	0.167575	-0.719574	-0.170038	-0.847261	-0.555789	-2.114067	-0.877028	0.000000	-40.000000	1.180000	23.191936
329.777344	21.170132	-208.917084	30.146759	123.417519	6.043765	331.766449	2.283560	-0.159489	0.167575	-0.719574	-0.170038	-0.847262	-0.555789	-2.114065	-0.877028	0.000000	-36.000000	1.180000	23.496220
330.138153	20.400309	-209.458313	30.847843	123.596390	5.848804	331.926575	2.446674	-0.000025	0.167575	-0.719574	-0.170038	-0.847262	-0.555789	-2.306254	-0.877028	0.000000	-36.000000	1.180000	23.509023
331.944153	19.822979	-211.442856	30.322029	122.702065	5.653842	332.406952	2.283560	-0.000025	0.167575	-0.719574	-0.170038	-0.847261	-0.370527	-2.114067	-0.877028	0.000000	-36.000000	1.180000	23.533356
333.028168	20.015398	-213.246964	29.445671	121.449997	5.848804	333.047424	2.283560	0.000026	0.167575	-0.719574	-0.170038	-0.847262	-0.555789	-2.114065	-0.877028	0.000000	-36.000000	1.180000	23.549393
338.718964	61.970722	-156.958435	68.356010	183.874237	6.043805	342.654541	2.283586	-0.159489	0.167575	-0.719574	-0.170038	-0.847262	-0.555789	-2.114065	-1.052433	0.000000	-32.000000	1.180000	23.885701
338.899475	62.355637	-155.334717	69.232368	184.947433	5.848844	342.814667	2.283586	0.000026	0.167575	-0.719574	-0.000010	-0.847261	-0.555789	-2.114065	-0.877028	0.000000	-32.000000	1.180000	23.898295
339.168182	62.740543	-156.417191	68.531281	184.589691	5.848804	343.295044	2.283560	-0.000025	-0.000026	-0.719574	-0.170038	-0.847262	-0.555789	-2.114067	-0.877028	0.000000	-32.000000	1.180000	23.915325
339.802277	61.585812	-156.458145	70.283997	186.557053	6.238766	343.935120	2.283586	0.000026	0.167575	-0.719574	-0.170038	-0.847261	-0.555789	-2.114065	-0.877028	0.000000	-32.000000	1.180000	23.924186
312.800476	91.031624	-92.575584	92.543510	216.248978	5.653883	322.319458	2.283586	-0.000025	0.167575	-0.719574	-0.170038	-0.847261	-0.555789	-2.114065	-0.877028	0.000000	-28.000000	1.180000	23.167247
311.274780	90.454155	-92.010109	91.842422	214.818054	5.653883	320.878387	2.283586	0.000026	0.167575	-0.719574	-0.000010	-0.847262	-0.555789	-2.114065	-0.877028	0.000000	-28.000000	1.180000	23.114473
312.981079	88.722160	-94.741096	93.770416	214.281448	5.653883	319.917664	2.283586	-0.159489	0.167575	-0.719574	-0.170038	-0.847261	-0.555789	-2.114065	-0.877028	0.000000	-28.000000	1.180000	23.079222
310.733093	90.069244	-93.272995	91.842422	213.565979	5.458922	318.796844	2.283586	-0.159489	0.167575	-0.719574	-0.170038	-0.847262	-0.555789	-2.114065	-0.877028	0.000000	-28.000000	1.180000	23.045200
280.941711	107.582703	-41.855583	108.317970	231.452606	4.874039	296.860535	2.283586	-0.159489	0.167575	-0.719574	-0.170038	-0.847261	-0.555789	-2.114065	-0.877028	0.000000	-24.000000	1.180000	22.246176
282.098358	108.352661	-42.047001	108.843781	231.989197	4.874039	296.059937	2.283586	-0.000025	0.167575	-0.719574	-0.170038	-0.847261	-0.370525	-2.306253	-1.052433	0.000000	-24.000000	1.180000	22.215657
279.209076	108.160202	-41.494759	106.915794	230.737122	4.874039	295.419769	2.283560	-0.159489	0.167575	-0.719574	-0.170038	-0.847261	-0.555789	-2.306253	-0.877028	0.000000	-24.000000	1.180000	22.191223
278.847870	106.813004	-40.603329	108.142700	229.842773	5.069000	295.099518	2.283586	-0.159489	0.167575	-0.719574	-0.170038	-0.847261	-0.555789	-2.114065	-0.877028	0.000000	-24.000000	1.180000	22.171539
255.122528	119.322495	-0.902060	123.040794	241.827103	4.679078	279.087616	2.283586	-0.159489	0.167575	-0.899469	-0.170038	-0.847261	-0.555789	-2.306253	-0.877028	0.000000	-20.000000	1.180000	21.566159
254.941956	120.477371	-1.804120	119.855400	239.859299	4.679065	278.286743	2.283556	-0.159489	0.167575	-0.719574	-0.170038	-0.847261	-0.555789	-2.114065	-0.877028	0.000000	-20.000000	1.180000	21.534665
253.678101	119.900002	0.722792	122.483795	241.111343	5.068987	277.646271	2.283556	-0.159489	0.167575	-0.719574	-0.170038	-0.847261	-0.555789	-2.114065	-1.052433	0.000000	-20.000000	1.180000	21.494078
252.955872	119.322495	-0.721648	119.535362	238.070908	4.679078	276.685852	2.283586	-0.000025	0.167575	-0.719574	-0.170038	-0.847261	-0.555789	-2.306253	-0.877028	0.000000	-20.000000	1.180000	21.471573
235.261612	131.062439	35.416401	132.330200	250.233826	4.484118	270.921539	2.283586	-0.159489	0.167575	-0.719574	-0.170038	-0.847261	-0.555789	-2.114065	-0.877028	0.000000	-16.000000	1.180000	21.250619
233.517044	132.794540	37.946140	133.873566	254.168564	4.484104	271.721863	2.283556	-0.159489	0.167575	-0.719574	-0.170038	-0.847261	-0.555789	-2.114065	-0.877028	0.000000	-16.000000	1.180000	21.282513
235.323288	132.987000	36.319881	132.646973	251.843613	4.679065	272.362610	2.283556	-0.000025	0.167575	-0.719574	-0.170038	-0.847261	-0.555789	-2.306253	-0.877028	0.000000	-16.000000	1.180000	21.300256
236.886597	133.564362	36.319881	133.557114	253.095673	4.484118	273.163208	2.283586	-0.159489	0.167575	-0.719574	-0.000010	-0.847261	-0.555789	-2.306253	-0.877028	0.000000	-16.000000	1.180000	21.339828
233.456070	155.119522	79.144806	151.921967	280.104156	5.068987	289.655457	2.283556	-0.159489	0.167575	-0.899469	-0.170038	-0.847261	-0.555789	-2.114065	-0.877028	0.000000	-12.000000	1.180000	21.962466
234.781479	156.659058	79.144806	152.837006	281.893127	4.874039	290.135834	2.283586	-0.159489	0.167575	-0.719574	-0.170038	-0.847261	-0.555789	-2.306253	-0.877028	0.000000	-12.000000	1.180000	21.988509
235.081055	156.659058	78.783409	152.661728	282.966339	5.069000	291.096558	2.283586	-0.000025	0.167575	-0.719574	-0.170038	-0.847261	-0.555789	-2.306253	-1.052433	0.000000	-12.000000	1.180000	22.018003
235.323288	155.696793	79.867584	154.063904	281.177673	5.263948	291.576904	2.283556	-0.000025	0.167575	-0.719574	-0.170038	-0.847261	-0.555789	-2.114065	-0.877028	0.000000	-12.000000	1.180000	22.028985
223.886719	174.750046	126.487114	166.465836	303.893677	5.068987	305.436646	2.283586	-0.159489	0.167575	-0.719574	-0.170038	-0.847261	-0.555789	-2.306253	-0.877028	0.000000	-8.000000	1.180000	22.563194
225.150589	175.134964	126.667824	167.166733	304.072540	5.458910	306.076965	2.283586	-0.159489	0.167575	-0.719574	-0.170038	-0.847261	-0.555789	-2.306253	-0.877028	0.000000	-8.000000	1.180000	22.572596
225.932037	173.402710	126.306427	168.393326	303.893677	5.263948	306.467987	2.283556	-0.159489	-0.000019	-0.719574	-0.170038	-0.847261	-0.555789	-2.114065	-0.877028	0.000000	-8.000000	1.180000	22.594586
225.751205	173.787766	124.860863	166.641052	303.893677	5.263948	306.877380	2.283586	-0.000025	0.167575	-0.719574	-0.170038	-0.847261	-0.555789	-2.306253	-0.877028	0.000000	-8.000000	1.180000	22.609936
206.788300	185.142685	165.336731	175.928101	316.056580	5.458910	316.482300	2.283586	-0.000025	0.167575	-0.719574	-0.170038	-0.847261	-0.555789	-2.306253	-0.877028	0.000000	-4.000000	1.180000	22.959927
208.052505	184.950226	165.336731	178.030823	316.950897	5.652272	316.715607	2.283556	-0.159489	0.167575	-0.719574	-0.170038	-0.847261	-0.555789	-2.306253	-0.877028	0.000000	-4.000000	1.180000	22.961402
208.178543	184.180389	164.975342	176.979462	314.446808	5.457366	316.875732	2.283556	-0.159489	-0.000019	-0.719574	-0.170038	-0.847261	-0.555789	-2.114065	-0.877028	0.000000	-4.000000	1.180000	22.974502
207.330093	185.142517	164.975342	175.752869	316.690186	5.653871	316.642365	2.283556	-0.159489	0.167575	-0.719574	-0.000010	-0.847261	-0.555789	-2.114065	-0.877028	0.000000	-4.000000	1.180000	22.958640
184.574356	194.957932	201.656601	182.282669	326.788544	5.652272	328.564423	2.446136	-0.000025	0.167575	-0.719574	-0.000010	-0.847261	-0.555789	-2.306253	-0.877028	0.000000	0.000000	1.180000	23.394630
185.970413	195.342850	201.837296	184.035385	327.682892	5.847179	328.808624	2.283556	-0.000025	0.167575	-0.719574	-0.170038	-0.847261	-0.555789	-2.306253	-0.877028	0.000000	0.000000	1.180000	23.396416
184.706528	196.690048	203.824951	184.035385	329.829285	5.847179	329.204895	2.283556	-0.159489	0.167575	-0.719574	-0.170038	-0.847261	-0.555789	-2.114065	-0.877028	0.000000	0.000000	1.180000	23.410766
184.213150	195.535294	202.560089	183.287628	327.598206	5.848832	329.609039	2.283556	-0.000025	0.167575	-0.719574	-0.170038	-0.847261	-0.555789	-2.306253	-1.052433	0.000000	0.000000	1.180000	23.425330
158.206589	202.848633	235.988831	187.891357	337.878265	6.042085	339.213959	2.446136	-0.000025	0.167575	-0.719574	-0.170038	-0.847261	-0.555789	-2.306253	-0.877028	0.000000	4.000000	1.180000	23.763377
156.400574	200.539154	235.988831	189.946274	337.612122	6.043793	339.374054	2.283556	-0.000025	0.167575	-0.719574	-0.170038	-0.847261	-0.555789	-2.114065	-0.877028	0.000000	4.000000	1.180000	23.769025
154.955780	202.271255	237.976471	188.369232	338.506226	6.043793	339.694214	2.283556	-0.000025	0.167575	-0.719574	-0.000010	-0.847261	-0.370525	-2.114065	-0.877028	0.000000	4.000000	1.180000	23.780437
157.484192	202.656174	237.072998	189.946274	338.685059	5.653871	340.174438	2.283556	-0.000025	0.167575	-0.719574	-0.000010	-0.847261	-0.555789	-2.306253	-0.877028	0.000000	4.000000	1.180000	23.811426
117.210129	196.690048	262.009033	183.509567	334.393372	6.236991	340.814789	2.446136	-0.000025	0.167575	-0.719574	-0.170038	-0.847261	-0.555789	-2.306253	-1.052433	0.000000	8.000000	1.180000	23.813463
116.307129	195.920212	261.647644	183.988556	333.856903	5.847179	339.213959	2.446136	-0.159489	0.167575	-0.719574	-0.170038	-0.847261	-0.555789	-2.306253	-0.877028	0.000000	8.000000	1.180000	23.770327
113.417511	196.690048	262.370422	181.932114	331.532227	6.042085	337.773224	2.283556	-0.000025	-0.000019	-0.719574	-0.170038	-0.847261	-0.370525	-2.306253	-0.877028	0.000000	8.000000	1.180000	23.711942
116.307129	195.727753	258.937195	181.231033	331.260223	6.042085	336.492584	2.446136	-0.000025	0.167575	-0.899469	-0.170038	-0.847261	-0.555789	-2.306253	-0.877028	0.000000	8.000000	1.180000	23.666128
68.989632	169.938644	259.479279	158.971512	296.483521	5.262460	311.752258	2.283556	-0.000025	0.167575	-0.719574	-0.170038	-0.847261	-0.370525	-2.114065	-0.877028	0.000000	12.000000	1.180000	22.791978
68.267227	170.131104	260.382751	159.456726	295.768250	5.457366	310.719330	2.446136	-0.000025	0.167575	-0.719574	-0.170038	-0.847261	-0.370525	-2.306253	-0.877028	0.000000	12.000000	1.180000	22.746278
68.628426	169.361282	258.756531	158.620972	293.980042	5.262460	310.239105	2.446136	-0.000025	0.167575	-0.719574	-0.170038	-0.847261	-0.370525	-2.306253	-0.877028	0.000000	12.000000	1.180000	22.735646
67.725418	169.746185	257.491638	156.868256	293.443604	5.262460	309.350464	2.283556	-0.000025	0.167575	-0.719574	-0.170038	-0.847261	-0.555789	-2.306253	-0.877028	0.000000	12.000000	1.180000	22.702498
26.367762	142.377869	255.684662	133.907654	256.606689	4.677742	287.827606	2.446136	-0.159489	0.167575	-0.719574	-0.170038	-0.847261	-0.555789	-2.114065	-1.227527	0.000000	16.000000	1.180000	21.906963
26.909565	142.185455	254.058426	133.206558	254.639648	4.677742	286.773651	2.446136	-0.000025	0.167575	-0.719574	-0.170038	-0.847261	-0.555789	-2.306253	-1.052433	0.000000	16.000000	1.180000	21.866154
26.728964	143.339874	254.781204	132.505478	256.249054	4.679064	286.066711	2.446136	-0.159489	0.167575	-0.719574	-0.170038	-0.847261	-0.555789	-2.306253	-1.052166	0.000000	16.000000	1.180000	21.838686
26.187160	141.608246	253.877701	133.381836	254.639648	4.872648	285.746521	2.446136	-0.159489	0.167575	-0.719574	-0.170038	-0.847261	-0.555789	-2.306253	-0.877028	0.000000	16.000000	1.180000	21.818740
-12.074955	117.557938	251.709381	107.266342	217.143768	4.287930	269.800995	2.446136	-0.000025	0.167575	-0.719574	-0.170038	-1.016714	-0.555789	-2.114065	-1.052166	0.000000	20.000000	1.180000	21.213725
-11.714511	117.557938	250.625183	107.091072	215.656906	4.093023	269.160522	2.446136	-0.000025	0.167575	-0.719574	-0.170038	-1.016714	-0.555789	-2.114065	-1.052166	0.000000	20.000000	1.180000	21.195918
-11.714511	117.750343	251.167267	107.792160	216.193375	3.899219	268.840271	2.446136	-0.000025	0.167575	-0.719574	-0.170038	-1.016714	-0.555789	-2.114065	-1.052166	0.000000	20.000000	1.180000	21.190861
-12.435402	116.595932	250.625183	107.441612	216.551010	3.899219	268.297577	2.446729	-0.159489	0.167575	-0.899469	-0.170038	-0.847261	-0.555789	-2.498441	-1.052166	0.000000	20.000000	1.180000	21.169147
-52.625183	102.001801	268.333405	85.182098	188.833908	4.484103	278.607574	2.446729	-0.000025	0.167575	-0.719574	-0.170038	-1.016714	-0.555789	-2.306253	-1.052166	0.000000	24.000000	1.180000	21.554954
-50.462502	102.935349	268.514099	85.883186	190.085648	4.484103	279.343262	2.446729	-0.000025	0.167575	-0.899469	-0.170038	-1.016714	-0.555789	-2.498441	-1.052166	0.000000	24.000000	1.180000	21.583859
-50.102055	102.742950	270.140350	87.635902	192.589127	4.874025	280.143646	2.446729	-0.000025	0.167575	-0.719574	-0.000010	-1.016714	-0.555789	-2.306253	-1.052166	0.000000	24.000000	1.180000	21.599970
-49.200939	102.550545	269.417542	87.635902	191.029297	4.677742	280.689087	2.446136	-0.000025	0.167575	-0.719574	-0.000010	-0.847261	-0.555789	-2.498441	-0.877028	0.000000	24.000000	1.180000	21.629051
-96.599648	84.295815	288.571320	59.592419	154.540543	4.874025	293.979034	2.446729	-0.000025	0.167575	-0.719574	-0.000010	-0.847261	-0.370525	-2.498441	-1.052166	0.000000	28.000000	1.180000	22.136135
-95.338097	84.849518	288.932709	61.169861	156.508072	4.872648	294.459381	2.446136	-0.000025	0.167575	-0.719574	-0.000010	-0.847261	-0.555789	-2.498441	-0.877028	0.000000	28.000000	1.180000	22.154570
-98.221657	84.103363	291.101074	60.293503	156.150330	4.679064	294.939728	2.446729	-0.000003	0.167575	-0.719574	-0.000010	-0.847262	-0.555789	-2.306253	-1.052166	0.000000	28.000000	1.180000	22.180334
-96.239212	85.041924	291.462463	61.695679	158.475601	4.874025	295.580200	2.446729	-0.000025	0.167575	-0.719574	-0.000010	-0.847261	-0.555789	-2.306253	-0.877028	0.000000	28.000000	1.180000	22.197350
-152.468857	57.528362	307.002319	24.888601	105.173409	4.874025	308.229645	2.446729	-0.000003	0.167575	-0.899469	-0.170038	-0.847261	-0.555789	-2.498442	-1.052166	0.000000	32.000000	1.180000	22.675142
-148.684158	59.084049	305.195343	24.187515	106.962074	4.874025	308.870117	2.446729	-0.159489	0.167575	-0.719574	-0.170038	-1.016714	-0.555789	-2.498441	-1.052166	0.000000	32.000000	1.180000	22.699066
-147.783035	60.046329	305.918121	23.661699	106.246605	4.874025	309.350464	2.446729	-0.159489	0.167575	-0.719574	-0.170038	-1.016714	-0.555789	-2.498441	-1.052166	0.000000	32.000000	1.180000	22.716993
-151.747955	59.853878	306.821625	23.661699	107.140945	5.068986	309.830811	2.446729	-0.000003	0.167575	-0.719574	-0.170038	-1.016714	-0.555789	-2.498441	-1.052166	0.000000	32.000000	1.180000	22.727636
-206.716019	25.789120	319.651001	-16.608568	43.822239	5.458910	321.519531	2.446729	-0.000025	0.167575	-0.719574	-0.000010	-1.016714	-0.555789	-2.498442	-1.052166	0.000000	36.000000	1.180000	23.145106
-202.390701	30.792982	320.554504	-18.007185	47.220699	5.263948	321.839783	2.446729	-0.000025	0.167575	-0.899469	-0.170038	-1.016714	-0.555789	-2.498442	-1.052434	0.000000	36.000000	1.180000	23.163964
-204.733582	27.128767	320.373810	-17.657530	44.358837	5.458910	322.160034	2.446729	-0.000003	0.167575	-0.719574	-0.170038	-1.016714	-0.370525	-2.498442	-1.052166	0.000000	36.000000	1.180000	23.168546
-208.338058	24.057013	321.096588	-16.433741	41.496975	5.653871	322.480255	2.446729	-0.159489	0.167575	-0.719574	-0.170038	-1.016714	-0.555789	-2.498441	-1.052166	0.000000	36.000000	1.180000	23.173128
-258.800568	-13.050571	327.963043	-61.014637	-32.120903	5.458910	331.446930	2.446729	-0.000003	0.167575	-0.719574	-0.170038	-1.016714	-0.555789	-2.498441	-1.052434	0.000000	40.000000	1.180000	23.505787
-256.818085	-10.747529	326.878876	-61.539124	-29.801062	5.653871	331.767181	2.446729	-0.000003	0.167575	-0.719574	-0.170038	-1.016714	-0.555789	-2.306254	-1.052166	0.000000	40.000000	1.180000	23.510305
-256.998291	-12.858650	327.240265	-60.315331	-31.585550	5.848832	332.247528	2.446729	-0.000003	0.167575	-0.719574	-0.170038	-0.847262	-0.555789	-2.498441	-1.052434	0.000000	40.000000	1.180000	23.520589
-259.341217	-12.666730	329.589294	-62.413261	-31.228651	5.653871	332.727905	2.446729	-0.000003	0.167575	-0.719574	-0.170038	-1.016714	-0.555789	-2.498442	-1.052166	0.000000	40.000000	1.180000	23.544910
-311.425720	-58.343723	333.203217	-110.490677	-116.170593	5.653871	342.014832	2.446729	-0.000003	0.167575	-0.719574	-0.170038	-1.016714	-0.555789	-2.306254	-1.052434	0.000000	44.000000	1.180000	23.876837
-311.245483	-57.959881	334.468079	-110.315865	-115.635239	5.653871	342.655273	2.446729	-0.000003	0.167575	-0.719574	-0.000029	-0.847262	-0.555789	-2.498442	-1.052166	0.000000	44.000000	1.180000	23.899557
-307.460815	-55.656845	331.757660	-112.763443	-118.847336	6.043793	343.135651	2.446729	-0.000003	0.167575	-0.719574	-0.000010	-1.016714	-0.555789	-2.306254	-1.052166	0.000000	44.000000	1.180000	23.902764
-309.443298	-55.273003	334.468079	-111.889305	-116.884392	5.458910	343.455872	2.446729	-0.000003	0.167575	-0.719574	-0.170038	-1.016714	-0.555789	-2.498441	-1.052434	0.000000	44.000000	1.180000	23.934832
310.453430	-16.888973	-292.163483	-97.203827	-4.104335	4.874025	313.673706	2.446729	-0.159489	0.167537	-0.719574	-0.170038	-1.016714	-0.555789	-2.498442	-1.052434	4.000000	-44.000000	1.180000	22.877703
308.105530	-15.737453	-289.817535	-95.805222	-2.676741	5.458910	312.873108	2.446729	-0.159489	0.167537	-0.719574	-0.170038	-1.016714	-0.370525	-2.498442	-1.052434	4.000000	-44.000000	1.180000	22.826322
307.744324	-15.545533	-289.997986	-96.854179	-4.282784	5.458910	311.912384	2.446729	-0.000004	0.167575	-0.719574	-0.000010	-1.016714	-0.555789	-2.498442	-1.052434	4.000000	-44.000000	1.180000	22.790626
306.841400	-16.697054	-289.997986	-96.504517	-4.461234	5.068986	310.951660	2.446729	-0.000004	0.167575	-0.899469	-0.170038	-1.016714	-0.555789	-2.498442	-1.052434	4.000000	-44.000000	1.180000	22.769391
291.309723	21.362627	-231.709641	-50.000530	52.050091	4.679064	291.897522	2.446729	-0.000004	0.167575	-0.719574	-0.170038	-1.016714	-0.370527	-2.306254	-1.052434	4.000000	-40.000000	1.180000	22.063792
289.503632	19.822975	-229.363678	-47.902607	52.765556	4.874025	291.096863	2.446729	-0.000004	0.167575	-0.719574	-0.000010	-1.016714	-0.555789	-2.498442	-1.052434	4.000000	-40.000000	1.180000	22.025518
289.503632	20.785257	-230.987808	-51.049492	50.619209	4.874025	289.976105	2.446729	-0.000004	0.167537	-0.719574	-0.000029	-1.016714	-0.370525	-2.306253	-1.052434	4.000000	-40.000000	1.180000	21.982354
287.878204	20.785257	-228.641830	-50.000530	51.871223	4.484103	289.815918	2.446729	-0.000003	0.167537	-0.719574	-0.000029	-1.016714	-0.555789	-2.498441	-1.052434	4.000000	-40.000000	1.180000	21.991208
271.985321	52.348083	-169.451218	-12.237892	98.555359	4.484102	273.483734	2.446729	-0.000003	0.167537	-0.719574	-0.170038	-0.847262	-0.555789	-2.306253	-1.052434	4.000000	-36.000000	1.180000	21.352554
270.721161	52.155624	-169.090302	-12.063064	98.376541	4.289142	272.683197	2.446729	-0.000004	0.167575	-0.719574	-0.000010	-1.016714	-0.555789	-2.306254	-1.052434	4.000000	-36.000000	1.180000	21.328506
269.095703	52.540539	-168.729401	-12.762373	97.839890	4.094179	271.562317	2.446729	-0.159489	0.167537	-0.719574	-0.170038	-0.847262	-0.555789	-2.306254	-1.052434	4.000000	-36.000000	1.180000	21.291685
268.373352	53.695274	-166.022491	-11.363758	99.270821	4.094179	270.441498	2.446729	-0.000003	0.167537	-0.719574	-0.000029	-1.016714	-0.555789	-2.498442	-1.052434	4.000000	-36.000000	1.180000	21.247027
273.971924	81.408974	-125.419159	19.455175	142.735413	4.484103	276.686188	2.446729	-0.000004	0.335093	-0.719574	-0.000029	-0.847262	-0.555789	-2.306253	-1.052434	4.000000	-32.000000	1.180000	21.479280
272.888306	82.178802	-124.516876	19.455175	144.702942	4.289142	277.486786	2.446729	-0.000004	0.167537	-0.719574	-0.000029	-0.847262	-0.555789	-2.306253	-1.052434	4.000000	-32.000000	1.180000	21.518523
273.610718	82.563713	-123.975502	19.805719	145.418350	4.289141	278.287323	2.446729	-0.000004	0.167537	-0.719574	-0.170038	-1.016714	-0.555789	-2.498442	-1.052434	4.000000	-32.000000	1.180000	21.550027
275.777924	81.986343	-125.960548	20.857351	145.776138	4.289141	278.927856	2.446726	-0.000004	0.167537	-0.899469	-0.170038	-1.016714	-0.555789	-2.498441	-1.052434	4.000000	-32.000000	1.180000	21.575202
287.517029	115.666191	-84.996300	50.828827	193.712341	4.679064	294.779633	2.446726	-0.000004	0.167537	-0.899469	-0.000027	-1.016714	-0.555789	-2.498441	-1.052434	4.000000	-28.000000	1.180000	22.174216
289.323090	116.243546	-85.537682	50.653553	193.891144	4.679064	295.259949	2.446726	-0.000004	0.167537	-0.719574	-0.170038	-0.847262	-0.370527	-2.498441	-1.052434	4.000000	-28.000000	1.180000	22.192565
287.517029	115.858650	-82.650330	53.107361	196.395340	4.679064	295.740387	2.446729	-0.000004	0.167537	-0.719574	-0.000027	-0.847262	-0.555789	-2.498441	-1.052434	4.000000	-28.000000	1.180000	22.210904
289.142487	115.666191	-84.635376	50.653553	194.248871	4.874025	296.701050	2.446726	-0.000004	0.167537	-0.719574	-0.000029	-0.847262	-0.555789	-2.306253	-1.052434	4.000000	-28.000000	1.180000	22.240101
293.115723	142.994980	-43.851593	80.449753	237.713425	5.263947	309.190399	2.446726	-0.000004	0.167537	-0.899469	-0.170038	-0.847262	-0.555789	-2.498441	-1.052434	4.000000	-24.000000	1.180000	22.696466
294.560455	141.455322	-44.934349	80.975571	235.924820	5.263947	309.830872	2.446726	-0.159489	0.167537	-0.719574	-0.000029	-0.847262	-0.555789	-2.498441	-1.052434	4.000000	-24.000000	1.180000	22.720368
293.657532	141.840240	-44.032055	80.975571	236.640289	5.263947	310.151123	2.446729	-0.000003	0.167537	-0.719574	-0.000029	-1.016714	-0.555789	-2.498442	-1.052434	4.000000	-24.000000	1.180000	22.732310
296.185852	143.572342	-45.114811	82.202469	238.607834	5.263947	310.631470	2.446729	-0.000003	0.167537	-0.719574	-0.000029	-1.016714	-0.555789	-2.498441	-1.052434	4.000000	-24.000000	1.180000	22.750210
293.657440	168.976578	-0.180459	108.668510	274.023346	5.458909	320.718994	2.446729	-0.000003	0.167537	-0.719574	-0.170038	-0.847262	-0.555789	-2.498441	-1.052434	4.000000	-20.000000	1.180000	23.115776
292.032104	168.591675	1.806967	110.245949	275.633087	5.068986	321.359467	2.446726	-0.000004	0.167537	-0.719574	-0.170038	-0.847262	-0.555789	-2.498441	-1.052434	4.000000	-20.000000	1.180000	23.153521
293.296234	168.976578	1.084183	109.720139	274.917694	5.263947	321.839844	2.446726	-0.000004	0.167543	-0.719574	-0.170038	-1.016714	-0.555789	-2.498441	-1.052434	4.000000	-20.000000	1.180000	23.163966
292.935028	168.399200	1.445575	110.771774	276.348633	5.848832	322.320190	2.446729	-0.000003	0.167537	-0.719574	-0.170038	-1.016714	-0.555789	-2.498441	-1.052434	4.000000	-20.000000	1.180000	23.160141
286.614014	192.263779	49.872070	132.154938	304.430664	5.653870	331.767181	2.446726	-0.000003	0.167537	-0.719574	-0.000029	-1.016714	-0.555789	-2.498441	-1.052434	4.000000	-16.000000	1.180000	23.510305
286.252808	191.878860	51.679031	134.082932	305.861603	5.848832	332.407654	2.446726	-0.000004	0.167543	-0.719574	-0.170038	-1.016714	-0.555789	-2.498441	-1.052434	4.000000	-16.000000	1.180000	23.526358
287.155884	193.803436	52.221115	134.784012	308.365723	5.653870	332.888062	2.446726	-0.000003	0.167543	-0.899469	-0.170038	-1.016714	-0.555789	-2.498441	-1.052434	4.000000	-16.000000	1.180000	23.550674
287.517029	192.263794	51.498333	135.309814	306.755920	5.653870	333.048157	2.446726	-0.000004	0.167543	-0.899469	-0.000027	-1.016714	-0.555789	-2.498441	-1.052434	4.000000	-16.000000	1.180000	23.556434
275.416748	213.049057	99.924828	150.909012	328.935272	5.653870	341.854706	2.446726	-0.000003	0.167537	-0.719574	-0.000027	-0.847262	-0.555789	-2.306253	-1.052434	4.000000	-12.000000	1.180000	23.871153
274.152527	212.471695	101.731781	150.909012	330.723999	5.653871	342.335052	2.446726	-0.000003	0.167543	-0.899469	-0.170038	-1.016714	-0.555789	-2.498441	-1.052434	4.000000	-12.000000	1.180000	23.888199
274.333191	214.588715	101.551094	151.259552	329.829681	5.458910	342.655273	2.446726	-0.000003	0.167543	-0.719574	-0.000027	-0.847262	-0.370525	-2.306253	-1.052434	4.000000	-12.000000	1.180000	23.906469
275.416748	214.203781	99.744133	149.682114	330.545074	6.043793	342.975525	2.446726	-0.000003	0.167543	-0.719574	-0.000027	-0.847262	-0.555789	-2.306253	-1.052434	4.000000	-12.000000	1.180000	23.897086
242.005508	212.471695	134.979828	149.506836	322.317200	5.848832	328.724884	2.446726	-0.000003	0.167543	-0.719574	-0.000027	-0.847262	-0.555789	-2.306253	-1.052434	4.000000	-8.000000	1.180000	23.393322
238.032303	214.203812	137.870956	148.981018	324.463623	5.848832	327.764191	2.446726	-0.000003	0.167543	-0.719574	-0.000027	-0.847262	-0.555789	-2.306253	-1.052434	4.000000	-8.000000	1.180000	23.358494
238.032303	214.011353	136.064011	147.578857	322.317200	5.263947	326.323120	2.446726	-0.000003	0.167543	-0.719574	-0.169996	-0.847262	-0.555789	-2.498441	-1.052434	4.000000	-8.000000	1.180000	23.327411
239.657700	211.701874	134.618423	147.929382	319.276489	5.653870	325.522522	2.446726	-0.159452	0.167537	-0.719574	-0.170038	-0.847262	-0.555789	-2.498441	-1.052434	4.000000	-8.000000	1.180000	23.284120
198.119446	203.618713	157.386108	138.815247	302.284271	5.068986	304.066589	2.446729	-0.000003	0.167543	-0.719574	-0.339992	-0.847262	-0.370525	-2.498441	-1.052434	4.000000	-4.000000	1.180000	22.511676
197.758240	203.618713	157.928207	139.516357	301.211060	5.068986	303.426056	2.446729	-0.000003	-0.000045	-0.719574	-0.169996	-0.847262	-0.555789	-2.306253	-1.052434	4.000000	-4.000000	1.180000	22.487550
196.494034	202.079041	157.747513	138.815247	300.495514	5.068986	302.625458	2.446726	-0.000003	0.167543	-0.719574	-0.000027	-0.847262	-0.555789	-2.498441	-1.052434	4.000000	-4.000000	1.180000	22.457359
195.771622	202.656433	157.386108	138.114166	299.422394	5.263948	301.984985	2.446729	-0.159452	0.167543	-0.719574	-0.000027	-0.847262	-0.370525	-2.306253	-1.052434	4.000000	-4.000000	1.180000	22.425811
157.845383	190.286102	170.757614	129.876389	280.999146	4.679064	282.450409	2.446729	-0.000003	-0.000045	-0.719574	-0.169996	-0.847262	-0.555789	-2.498441	-1.052434	4.000000	0.000000	1.180000	21.697900
156.039383	191.301514	171.299698	128.298950	280.462494	4.484103	281.809937	2.446729	-0.000003	-0.000045	-0.719574	-0.169996	-0.847262	-0.555789	-2.306253	-1.052434	4.000000	0.000000	1.180000	21.680493
156.581177	190.531677	170.396225	128.649490	279.925873	4.484103	281.329590	2.446726	-0.159452	0.167543	-0.719574	-0.169996	-0.847262	-0.555789	-2.498441	-1.052434	4.000000	0.000000	1.180000	21.661709
156.039383	190.286102	170.396225	128.474228	279.925873	4.679064	280.528992	2.446729	-0.000003	-0.000045	-0.899469	-0.339992	-0.847262	-0.555789	-2.498441	-0.877028	4.000000	0.000000	1.180000	21.622725
122.086365	180.473587	184.671188	124.442963	265.437714	4.289142	267.399200	2.446729	-0.159452	0.167543	-0.899469	-0.169996	-0.847262	-0.555789	-2.498441	-1.052434	4.000000	4.000000	1.180000	21.117510
122.808769	179.176758	182.864243	123.917152	264.364502	4.289142	266.758728	2.446726	-0.159452	0.167543	-0.719574	-0.169996	-0.847262	-0.555789	-2.498441	-1.052434	4.000000	4.000000	1.180000	21.091792
121.363953	178.599396	183.225632	124.442963	264.543365	4.289142	266.118256	2.446729	-0.000003	-0.000045	-0.719574	-0.169996	-1.016714	-0.555789	-2.498441	-1.052434	4.000000	4.000000	1.180000	21.066042
121.905762	178.022034	181.780060	122.514984	262.754730	4.094180	265.477783	2.446729	-0.159452	-0.000045	-0.719574	-0.169996	-0.847262	-0.555789	-2.498441	-1.052434	4.000000	4.000000	1.180000	21.048113
96.079796	183.359619	211.414185	124.968788	271.698029	4.094180	278.927795	2.446729	-0.000003	-0.000045	-0.719574	-0.169996	-1.016714	-0.555789	-2.498441	-1.052434	4.000000	8.000000	1.180000	21.582856
96.802208	183.552017	212.498367	125.813118	273.128967	4.094180	279.408173	2.446729	-0.000003	-0.000045	-0.719574	-0.169996	-0.847262	-0.555789	-2.498441	-1.052434	4.000000	8.000000	1.180000	21.601710
97.705215	184.129227	212.859756	126.896782	274.202148	4.484103	280.048645	2.446729	-0.000003	-0.000045	-0.719574	-0.169996	-1.016714	-0.370525	-2.498441	-1.052434	4.000000	8.000000	1.180000	21.611537
98.247017	185.283646	213.582535	126.514023	274.023285	4.484103	280.528992	2.446729	-0.000003	-0.000045	-0.719574	-0.339992	-0.847262	-0.555789	-2.498441	-1.052434	4.000000	8.000000	1.180000	21.630365
66.822418	184.514038	241.409698	126.020424	275.096466	4.484103	293.018311	2.446729	-0.159452	0.167543	-0.719574	-0.169996	-1.016714	-0.555789	-2.498441	-1.052434	4.000000	12.000000	1.180000	22.114272
65.377609	183.410797	242.132477	125.669876	275.454224	4.679064	293.498657	2.446729	-0.159452	-0.000045	-0.719574	-0.169996	-0.847262	-0.555789	-2.306253	-1.052434	4.000000	12.000000	1.180000	22.125205
65.738808	185.091248	243.578049	126.163574	277.779480	4.484103	293.818909	2.446729	-0.159452	-0.000045	-0.719574	-0.169996	-0.847262	-0.555789	-2.498441	-1.052434	4.000000	12.000000	1.180000	22.144931
65.541008	184.373077	243.216660	126.546234	275.811951	5.068986	294.459381	2.446729	-0.159452	-0.000045	-0.899469	-0.169996	-0.847262	-0.370525	-2.306253	-1.052434	4.000000	12.000000	1.180000	22.147058
26.180271	177.972336	269.959625	116.205200	269.015045	5.068986	306.468323	2.446729	-0.159452	-0.000045	-0.719574	-0.169996	-0.847262	-0.555789	-2.498441	-1.052434	4.000000	16.000000	1.180000	22.601909
27.805258	180.523956	269.236847	115.153564	270.088226	5.068986	306.948669	2.446729	-0.159452	-0.000045	-0.719574	-0.170038	-0.847262	-0.555789	-2.498441	-1.052434	4.000000	16.000000	1.180000	22.619913
28.166363	179.319153	272.308716	118.133194	272.234619	5.458910	307.429047	2.446729	-0.159452	-0.000045	-0.719574	-0.170038	-0.847262	-0.555789	-2.498441	-1.052434	4.000000	16.000000	1.180000	22.623301
26.548363	178.357147	271.585907	116.876526	271.161438	5.068986	307.909393	2.446729	-0.159452	-0.000045	-0.899469	-0.169996	-0.847262	-0.555789	-2.498441	-1.052434	4.000000	16.000000	1.180000	22.655878
-13.696964	169.891449	293.811493	99.203835	253.274796	5.263948	318.637390	2.446729	-0.159452	-0.000045	-0.899469	-0.169996	-1.016714	-0.555789	-2.498441	-1.052434	4.000000	20.000000	1.180000	23.046506
-13.877190	170.083847	294.714966	99.529037	253.990250	5.458910	318.957611	2.446729	-0.159452	-0.000045	-0.719574	-0.170038	-0.847262	-0.555789	-2.498441	-1.052434	4.000000	20.000000	1.180000	23.051111
-15.318974	171.430664	295.799164	97.801659	253.632523	5.458910	319.117737	2.446729	-0.159452	-0.000045	-0.719574	-0.169996	-1.016714	-0.555789	-2.498441	-1.052434	4.000000	20.000000	1.180000	23.056997
-14.057411	169.553955	295.437775	99.178581	254.526871	5.263948	319.598083	2.446729	-0.159452	-0.000045	-0.719574	-0.340076	-1.016714	-0.555789	-2.498441	-1.052434	4.000000	20.000000	1.180000	23.081805
-60.374783	157.385284	314.049438	66.953827	221.078857	5.653871	328.404663	2.446729	-0.159452	-0.000045	-0.719574	-0.340076	-0.847262	-0.370525	-2.498441	-1.052434	4.000000	24.000000	1.180000	23.388785
-62.717678	157.192886	314.772217	65.885406	221.078857	5.458910	329.045135	2.446729	-0.159452	-0.000045	-0.719574	-0.169996	-1.016714	-0.555789	-2.498441	-1.052434	4.000000	24.000000	1.180000	23.419035
-61.275898	156.082016	314.410828	68.163368	221.615448	5.653871	329.365387	2.446729	-0.159452	-0.000045	-0.719574	-0.170038	-0.847262	-0.555789	-2.498441	-1.052434	4.000000	24.000000	1.180000	23.423569
-58.572544	156.230865	312.784576	68.864273	222.688644	5.458910	330.005859	2.446729	-0.159452	-0.000045	-0.719574	-0.169996	-0.847262	-0.555789	-2.498441	-1.052434	4.000000	24.000000	1.180000	23.453775
-110.476837	136.066574	329.047180	26.290773	176.004501	5.653871	338.812408	2.446729	-0.159452	-0.000045	-0.899469	-0.170038	-1.016714	-0.555789	-2.498441	-1.052434	4.000000	28.000000	1.180000	23.762902
-110.296616	138.529846	329.950684	24.531790	176.541107	5.458910	338.492187	2.446729	-0.159452	-0.000045	-0.719574	-0.170038	-0.847262	-0.555789	-2.498441	-1.052434	4.000000	28.000000	1.180000	23.758433
-110.657051	137.567825	330.673462	25.407927	177.256561	5.848832	338.413544	2.446729	-0.159452	-0.000045	-0.719574	-0.170038	-0.847262	-0.555789	-2.498441	-1.052434	4.000000	28.000000	1.180000	23.741714
-111.017517	137.760223	330.673462	24.531790	177.256561	5.653871	338.492187	2.446729	-0.159452	-0.000045	-0.719574	-0.170038	-0.847262	-0.555789	-2.498441	-1.052434	4.000000	28.000000	1.180000	23.751479
-162.561340	108.545326	336.275055	-21.853380	115.905396	6.238754	340.494629	2.446729	-0.159452	-0.000045	-0.899469	-0.170038	-0.847262	-0.555789	-2.498441	-1.052434	4.000000	32.000000	1.180000	23.802003
-159.497543	109.507614	333.564575	-20.804419	117.515190	6.043793	339.053894	2.446729	-0.159452	-0.000045	-0.719574	-0.170038	-0.847262	-0.370525	-2.498441	-1.052434	4.000000	32.000000	1.180000	23.757607
-162.020676	108.737778	334.106689	-23.426823	115.726540	5.848832	337.691589	2.446729	-0.159452	-0.000045	-0.719574	-0.340076	-0.847262	-0.555789	-2.498441	-1.052434	4.000000	32.000000	1.180000	23.715930
-159.137100	105.081116	329.589294	-20.105108	112.506935	5.848832	336.090393	2.609843	-0.159452	-0.000045	-0.719574	-0.170038	-0.847262	-0.555789	-2.498441	-1.052434	4.000000	32.000000	1.180000	23.658644
-193.379517	68.899345	307.363708	-63.112560	42.391308	5.458910	309.830811	2.446729	-0.159452	-0.000045	-0.719574	-0.170038	-0.847262	-0.555789	-2.498441	-1.052434	4.000000	36.000000	1.180000	22.713092
-191.577286	68.706886	305.476624	-63.637039	41.318108	5.263948	308.798370	2.446729	-0.159452	-0.000045	-0.719574	-0.170038	-0.847262	-0.370525	-2.498441	-1.052434	4.000000	36.000000	1.180000	22.681824
-193.739975	69.669174	306.379852	-64.336342	41.675842	5.068986	307.997955	2.446729	-0.159452	-0.000045	-0.719574	-0.170038	-0.847262	-0.555789	-2.306253	-1.052434	4.000000	36.000000	1.180000	22.659190
-191.397079	66.974785	304.934692	-61.014637	40.423775	4.874025	307.197540	2.446729	-0.159452	-0.000045	-0.719574	-0.170038	-0.847262	-0.555789	-2.498441	-1.052434	4.000000	36.000000	1.180000	22.636536
-221.314133	29.638269	284.882721	-99.826233	-28.195011	4.679064	289.428436	2.446729	-0.159452	0.167556	-0.719574	-0.170038	-0.847262	-0.555789	-2.498441	-1.052434	4.000000	40.000000	1.180000	21.968751
-217.349197	31.177921	281.885590	-98.427620	-27.659666	4.679064	288.695099	2.446729	-0.159452	-0.000045	-0.719574	-0.340076	-0.847262	-0.555789	-2.306253	-1.052434	4.000000	40.000000	1.180000	21.940444
-219.151459	29.060900	282.714935	-97.728310	-26.767414	4.484103	287.987701	2.446729	-0.159452	-0.000045	-0.719574	-0.170038	-0.847262	-0.555789	-2.498441	-1.052434	4.000000	40.000000	1.180000	21.920643
-220.232773	31.562832	283.873230	-101.574509	-28.730364	4.874025	287.187286	2.446729	-0.159452	-0.000045	-0.719574	-0.170038	-0.847262	-0.555789	-2.498441	-1.052434	4.000000	40.000000	1.180000	21.874576
-238.372971	-3.838403	258.327362	-129.721664	-90.295425	4.289142	268.297607	2.446729	-0.159452	-0.000045	-0.899469	-0.170038	-0.847262	-0.555789	-2.689879	-1.052434	4.000000	44.000000	1.180000	21.153533
-238.615555	-4.030323	259.049957	-130.595810	-91.723022	4.094180	267.817352	2.446729	-0.159452	-0.000045	-0.899469	-0.170038	-0.847262	-0.370525	-2.498441	-1.052434	4.000000	44.000000	1.180000	21.142101
-235.912186	-3.262643	256.226746	-127.099258	-87.261787	4.094180	267.177032	2.446729	-0.159452	-0.000045	-0.719574	-0.170038	-0.847262	-0.555789	-2.498441	-1.052434	4.000000	44.000000	1.180000	21.116419
-236.452881	-1.727281	255.978943	-129.896484	-88.332474	3.899219	266.536713	2.446729	-0.159489	-0.000045	-0.719574	-0.170038	-0.847262	-0.555789	-2.498441	-1.052434	4.000000	44.000000	1.180000	21.098537
281.663940	23.672125	-267.009766	-136.015442	-7.316425	5.068986	287.187286	2.446729	-0.159452	-0.000045	-0.719574	-0.170038	-0.847262	-0.370525	-2.497744	-1.052434	8.000000	-44.000000	1.180000	21.867021
282.279572	19.438087	-267.621033	-133.742691	-9.100921	4.679064	287.987701	2.446729	-0.159452	0.167556	-0.719574	-0.170038	-0.847262	-0.555789	-2.498441	-1.052434	8.000000	-44.000000	1.180000	21.913104
280.834747	22.517387	-268.523346	-139.861633	-9.814719	4.484103	288.147797	2.446729	-0.159489	-0.000045	-0.719574	-0.170038	-0.847262	-0.555789	-2.498441	-1.052434	8.000000	-44.000000	1.180000	21.926831
281.663940	22.132475	-267.731415	-138.463013	-8.744021	4.679064	289.108276	2.446729	-0.159489	0.167556	-0.899469	-0.170038	-0.847262	-0.555789	-2.689879	-1.052434	8.000000	-44.000000	1.180000	21.956397
299.177673	58.699162	-237.963425	-99.126938	48.830494	4.679064	302.234985	2.446729	-0.159489	0.167556	-0.899469	-0.170038	-0.847262	-0.555789	-2.689879	-1.052434	8.000000	-40.000000	1.180000	22.457338
299.358215	58.699162	-240.489197	-104.371742	46.862965	4.874025	302.875336	2.446729	-0.159452	-0.000045	-0.719574	-0.170038	-0.847262	-0.555789	-2.689879	-1.052434	8.000000	-40.000000	1.180000	22.474140
299.538757	58.699162	-237.963425	-100.175896	48.651630	5.068986	303.355591	2.446729	-0.159489	0.167556	-0.899469	-0.170038	-0.847262	-0.555789	-2.689879	-1.052434	8.000000	-40.000000	1.180000	22.484895
299.719299	61.008636	-237.783005	-102.448647	49.367092	4.874025	303.675751	2.446729	-0.159489	-0.000045	-0.719574	-0.170038	-1.016464	-0.370525	-2.498441	-1.052434	8.000000	-40.000000	1.180000	22.504302
310.191467	96.035675	-196.649078	-64.511169	106.246605	5.458910	314.881500	2.446729	-0.159489	0.167556	-0.719574	-0.170038	-1.016464	-0.555789	-2.498441	-1.052434	8.000000	-36.000000	1.180000	22.900765
311.816437	95.073395	-199.896484	-65.035660	104.636810	5.068986	315.361755	2.446729	-0.159489	0.167556	-0.719574	-0.170038	-0.847262	-0.555789	-2.689879	-1.052434	8.000000	-36.000000	1.180000	22.932944
311.635895	96.228127	-198.633606	-65.385307	105.888878	5.458910	315.841980	2.446729	-0.159489	-0.000045	-0.719574	-0.170038	-1.016464	-0.555789	-2.689879	-1.052434	8.000000	-36.000000	1.180000	22.936281
313.080292	97.382866	-200.437729	-67.308403	104.100220	5.068986	316.162140	2.446729	-0.159489	-0.000045	-0.719574	-0.170038	-1.016464	-0.555789	-2.498441	-0.877028	8.000000	-36.000000	1.180000	22.962502
319.664062	130.870255	-148.479080	-24.126131	161.337463	5.653871	325.927155	2.446729	-0.159489	-0.000045	-0.719574	-0.170038	-0.847262	-0.555789	-2.689879	-1.052434	8.000000	-32.000000	1.180000	23.298843
319.483429	130.485352	-149.020309	-24.650612	160.979721	5.458910	326.247314	2.446729	-0.159489	-0.000045	-0.899469	-0.170038	-1.016464	-0.555789	-2.498441	-1.052434	8.000000	-32.000000	1.180000	23.317571
321.024689	131.255173	-150.644028	-27.447845	160.264267	5.653871	326.887665	2.446729	-0.159489	-0.000045	-0.719574	-0.170038	-0.847262	-0.555789	-2.689879	-1.052434	8.000000	-32.000000	1.180000	23.333754
320.121887	134.911850	-147.577011	-26.573711	163.304993	5.458910	327.367920	2.446729	-0.159489	0.167556	-0.719574	-0.170038	-1.016464	-0.555789	-2.689879	-1.052434	8.000000	-32.000000	1.180000	23.358263
324.094086	162.240631	-98.685364	14.898108	210.346848	5.653871	336.332520	2.446729	-0.159489	-0.000045	-0.719574	-0.170038	-1.016464	-0.370525	-2.498441	-1.052434	8.000000	-28.000000	1.180000	23.674296
326.707489	162.817993	-100.515793	14.547563	211.420059	5.848832	336.652679	2.446729	-0.159489	0.167556	-0.719574	-0.170038	-1.016464	-0.555789	-2.689879	-1.052434	8.000000	-28.000000	1.180000	23.678777
323.010773	162.817993	-99.046188	13.320662	212.850983	5.653871	337.132904	2.446729	-0.159489	-0.000045	-0.899469	-0.170038	-1.016464	-0.555789	-2.689879	-1.052434	8.000000	-28.000000	1.180000	23.702930
326.441284	165.319916	-98.685364	13.320662	212.493256	5.848832	337.453064	2.446729	-0.159489	-0.000045	-0.719574	-0.170038	-0.847262	-0.555789	-2.689879	-1.052434	8.000000	-28.000000	1.180000	23.707405
324.179077	191.493973	-44.573433	57.313881	260.250580	6.238754	345.457184	2.446729	-0.159489	-0.000045	-0.719574	-0.170038	-1.016464	-0.370525	-2.690629	-0.877028	8.000000	-24.000000	1.180000	23.978042
323.371887	190.916611	-45.463825	54.334255	259.535095	6.043793	345.937439	2.446729	-0.159489	-0.000045	-0.719574	-0.170038	-0.847262	-0.555789	-2.689879	-1.052434	8.000000	-24.000000	1.180000	24.001894
325.899628	189.569412	-47.087532	54.860077	255.600067	6.043793	346.097504	2.446729	-0.159489	0.167556	-0.719574	-0.170038	-1.016464	-0.555789	-2.689879	-1.052434	8.000000	-24.000000	1.180000	24.007545
323.998474	188.799591	-47.460781	54.860077	256.494385	6.043793	345.217255	2.446729	-0.159489	-0.000045	-0.719574	-0.170038	-1.016464	-0.555789	-2.498441	-1.052434	8.000000	-24.000000	1.180000	23.976452
286.719452	195.150650	9.576867	79.573395	265.258850	5.068986	318.083160	2.446729	-0.159489	0.167556	-0.719574	-0.170038	-1.016464	-0.555789	-2.689879	-1.227527	8.000000	-20.000000	1.180000	23.033291
285.636139	192.456253	8.492691	78.521767	263.827911	5.263948	316.716003	2.446729	-0.159489	-0.000045	-0.719574	-0.170038	-1.016464	-0.370525	-2.497744	-1.052434	8.000000	-20.000000	1.180000	22.975745
283.724426	192.456253	9.757562	78.697037	263.291290	5.458910	315.755280	2.446729	-0.159489	-0.000045	-0.719574	-0.170038	-1.185876	-0.555789	-2.690629	-1.052434	8.000000	-20.000000	1.180000	22.933077
283.002014	192.263794	9.215474	78.521767	263.112427	5.263948	314.314209	2.446729	-0.159489	-0.000045	-0.899469	-0.170038	-1.016464	-0.555789	-2.690629	-1.052434	8.000000	-20.000000	1.180000	22.886983
249.705917	193.610992	50.594830	90.615517	264.364502	4.874025	292.698120	2.446729	-0.159489	-0.000045	-0.719574	-0.170038	-1.016464	-0.555789	-2.689879	-1.227527	8.000000	-16.000000	1.180000	22.087043
249.164261	192.456253	50.414135	90.790794	262.396973	4.679064	291.897522	2.446729	-0.318979	-0.000045	-0.899469	-0.170038	-1.016464	-0.555789	-2.690629	-1.052434	8.000000	-16.000000	1.180000	22.063792
249.344818	193.610992	50.052746	89.038071	262.575836	4.874025	291.349426	2.446729	-0.159489	-0.000045	-0.899469	-0.170038	-1.185876	-0.555789	-2.689879	-1.227527	8.000000	-16.000000	1.180000	22.035234
247.423584	190.531693	49.510658	89.563881	261.860352	4.874025	290.456421	2.446729	-0.159489	-0.000045	-0.899469	-0.170038	-1.186166	-0.555789	-2.690629	-1.052434	8.000000	-16.000000	1.180000	22.000863
218.831223	192.841171	81.313133	93.244591	259.713989	4.484102	275.021057	2.446726	-0.159489	-0.000045	-0.719574	-0.170038	-1.016464	-0.555789	-2.690629	-1.227527	8.000000	-12.000000	1.180000	21.413482
219.011780	193.033630	82.035919	93.770409	259.177399	4.679064	274.540802	2.446726	-0.159489	0.167556	-0.719574	-0.170038	-1.016464	-0.555789	-2.689879	-1.227527	8.000000	-12.000000	1.180000	21.386742
217.443817	192.071350	81.674522	93.595139	259.356262	4.289141	273.740387	2.446729	-0.159489	-0.000045	-0.719574	-0.170038	-1.016464	-0.555789	-2.690629	-1.227527	8.000000	-12.000000	1.180000	21.370470
215.998978	191.301529	82.578003	94.296227	258.998566	4.289142	273.323669	2.446729	-0.159489	-0.000045	-0.899469	-0.170038	-1.016714	-0.555789	-2.690629	-1.052434	8.000000	-12.000000	1.180000	21.353939
194.326859	195.728012	110.947258	94.997314	261.323853	4.094180	269.640930	2.446729	-0.159489	-0.000045	-0.719574	-0.170038	-1.016714	-0.370525	-2.690629	-1.052434	8.000000	-8.000000	1.180000	21.215071
195.771667	197.267654	110.766563	94.822037	261.681580	4.094180	270.441528	2.446729	-0.159489	0.167556	-0.719574	-0.170038	-1.016714	-0.370525	-2.690629	-0.877028	8.000000	-8.000000	1.180000	21.247028
195.591064	197.267654	111.308640	96.224213	263.112518	4.484103	271.081940	2.446729	-0.159489	-0.000045	-0.719574	-0.170038	-1.016714	-0.555789	-2.690629	-1.052434	8.000000	-8.000000	1.180000	21.257016
196.132874	197.845032	111.308640	94.822037	262.218170	4.289142	271.562347	2.446729	-0.159489	-0.000045	-0.719574	-0.170038	-1.186166	-0.555789	-2.690629	-1.227527	8.000000	-8.000000	1.180000	21.283924
182.768387	212.664154	145.821548	102.008179	282.787811	4.679064	286.933807	2.446726	-0.159489	0.167556	-0.719574	-0.170038	-1.016464	-0.555789	-2.690629	-1.052434	8.000000	-4.000000	1.180000	21.872308
184.213196	212.856613	144.195297	101.307098	281.714630	4.679064	287.414185	2.446726	-0.159489	-0.000045	-0.719574	-0.170038	-1.016714	-0.555789	-2.690629	-1.052166	8.000000	-4.000000	1.180000	21.890912
183.310181	213.951614	145.821548	100.956551	282.966614	4.874025	287.894531	2.609840	-0.159489	0.167556	-0.719574	-0.170038	-1.016464	-0.555789	-2.690629	-1.227527	8.000000	-4.000000	1.180000	21.901958
185.067657	214.913620	145.460159	101.131821	283.682068	4.289141	288.374908	2.446726	-0.159489	0.167556	-0.899469	-0.170038	-1.016464	-0.555789	-2.690629	-1.227527	8.000000	-4.000000	1.180000	21.943137
167.597885	227.868225	176.901260	105.338348	297.633728	5.068986	302.785645	2.446726	-0.159489	0.167556	-0.899469	-0.170038	-1.016714	-0.555789	-2.690629	-1.227527	8.000000	0.000000	1.180000	22.463403
166.333679	227.419785	178.346817	107.091064	298.706940	5.068986	303.265991	2.446726	-0.159489	0.167556	-0.899469	-0.170038	-1.016714	-0.555789	-2.690629	-1.227527	8.000000	0.000000	1.180000	22.481517
166.333679	227.290848	179.069611	107.616882	298.170319	5.263947	303.746307	2.446729	-0.159489	-0.000045	-0.899469	-0.170038	-1.016714	-0.555789	-2.690629	-1.227527	8.000000	0.000000	1.180000	22.492272
167.597885	228.638031	179.069611	106.915794	300.853333	5.263947	304.226715	2.446726	-0.159489	0.167556	-0.719574	-0.170038	-1.016714	-0.555789	-2.690629	-1.052166	8.000000	0.000000	1.180000	22.510366
143.577942	236.270309	209.065125	111.297585	308.186859	5.067563	315.435059	2.446726	-0.159489	-0.000045	-0.899469	-0.170038	-1.016714	-0.555789	-2.690629	-1.227527	8.000000	4.000000	1.180000	22.935706
142.674942	235.374008	209.968597	113.576111	308.186859	5.263947	315.755249	2.446726	-0.159489	-0.000045	-0.899469	-0.170038	-1.016714	-0.555789	-2.690629	-1.227527	8.000000	4.000000	1.180000	22.940280
144.119736	237.491028	209.245804	111.823395	308.365723	5.263947	316.235596	2.446726	-0.159489	-0.000045	-0.719574	-0.170038	-0.847262	-0.370525	-2.498441	-1.052166	8.000000	4.000000	1.180000	22.958018
143.216736	236.077911	211.233475	113.225578	309.796631	5.457375	316.716003	2.446726	-0.318979	-0.000045	-0.899469	-0.340076	-1.186166	-0.555789	-2.690629	-1.052166	8.000000	4.000000	1.180000	22.968609
112.875732	239.800491	242.313141	115.504105	313.650238	5.458909	326.483246	2.446726	-0.159489	0.167556	-0.899469	-0.170038	-1.016714	-0.555789	-2.690629	-1.227527	8.000000	8.000000	1.180000	23.326145
113.959358	240.887955	242.674561	114.803032	313.373993	5.652281	326.803528	2.446726	0.000030	0.167556	-0.719574	-0.170038	-1.016714	-0.555789	-2.690629	-1.227527	8.000000	8.000000	1.180000	23.330755
112.875732	240.118362	243.397339	116.380478	314.268311	5.653870	327.283844	2.446726	-0.159489	-0.000045	-0.899469	-0.170038	-1.016714	-0.555789	-2.690629	-1.227527	8.000000	8.000000	1.180000	23.348138
115.915527	241.080368	241.590363	115.153564	313.731689	5.652281	327.764252	2.446726	-0.159489	0.167556	-0.899469	-0.170038	-1.016714	-0.555789	-2.690629	-1.227527	8.000000	8.000000	1.180000	23.365626
76.574913	238.579132	272.489380	114.803032	311.048706	6.042093	338.011871	2.772260	0.000030	0.167556	-0.719574	-0.170038	-1.016714	-0.555789	-2.882817	-1.227527	8.000000	12.000000	1.180000	23.720469
77.839119	239.156326	273.392853	114.803032	311.683228	6.042093	338.332062	2.446726	0.000030	0.167556	-0.719574	-0.170038	-1.016714	-0.370525	-2.690629	-1.052166	8.000000	12.000000	1.180000	23.731906
78.380928	240.310776	273.754242	113.926659	312.479645	5.847187	338.812469	2.609185	-0.318979	-0.000045	-0.899469	-0.170038	-1.016714	-0.555789	-2.498441	-1.227527	8.000000	12.000000	1.180000	23.756008
75.852509	238.386734	273.934937	115.153564	312.479645	5.847187	339.132660	2.446726	0.000030	0.167556	-0.719574	-0.170038	-1.016714	-0.555789	-2.690629	-1.227527	8.000000	12.000000	1.180000	23.767428
33.230640	226.521011	292.185211	99.379105	291.834198	5.848832	337.051117	2.446726	-0.159489	0.167556	-0.719574	-0.170038	-1.016714	-0.555789	-2.690629	-1.227527	8.000000	16.000000	1.180000	23.693032
31.785833	224.533737	288.571320	97.451118	287.259460	5.652281	335.449921	2.609185	-0.159489	-0.000045	-0.719574	-0.170038	-1.016714	-0.370525	-2.690629	-1.227527	8.000000	16.000000	1.180000	23.642738
32.147034	222.802109	288.209930	98.502747	288.153809	6.042093	334.329132	2.609185	-0.159489	-0.000045	-0.899469	-0.170038	-1.016714	-0.555789	-2.690629	-1.227527	8.000000	16.000000	1.180000	23.588530
33.411243	222.417328	286.583649	96.750031	285.649658	5.457375	332.888000	2.609185	-0.159489	-0.000045	-0.899469	-0.170038	-1.016714	-0.370525	-2.498441	-1.227527	8.000000	16.000000	1.180000	23.557741
-12.612328	190.916580	278.813721	66.603279	237.176865	5.067563	307.909393	2.772260	0.000030	0.167530	-0.719574	0.000003	-1.016714	-0.370525	-2.690629	-1.227527	8.000000	20.000000	1.180000	22.655932
-10.452945	191.632919	278.633026	68.531265	237.472931	5.263947	307.108795	2.446726	-0.318979	-0.000045	-0.719574	-0.170038	-1.016714	-0.370525	-2.690629	-1.052166	8.000000	20.000000	1.180000	22.618608
-11.714507	189.901291	276.645386	67.654907	234.790634	5.262468	305.987946	2.446726	-0.159489	0.167556	-0.899469	-0.340076	-1.016714	-0.555789	-2.690629	-1.227527	8.000000	20.000000	1.180000	22.576629
-9.371607	189.324097	274.296326	67.830185	234.611816	5.067563	305.347473	2.446726	-0.159489	0.167556	-0.719574	-0.170038	-1.016714	-0.370525	-2.690629	-1.227527	8.000000	20.000000	1.180000	22.559898
-48.299820	165.273773	270.682404	28.744577	189.012726	5.067563	287.734375	2.446726	-0.159489	0.167556	-0.719574	-0.170038	-1.016714	-0.555789	-2.690629	-1.227527	8.000000	24.000000	1.180000	21.888268
-47.759148	164.311752	268.514069	29.620935	186.866882	4.677751	286.293274	2.609185	-0.159489	0.167556	-0.719574	0.000003	-1.016714	-0.370525	-2.690629	-1.052166	8.000000	24.000000	1.180000	21.847527
-47.578926	163.349747	267.971985	30.497293	186.330429	5.067563	285.332550	2.446726	-0.159489	0.167556	-0.719574	-0.170038	-1.016714	-0.555789	-2.690629	-1.227527	8.000000	24.000000	1.180000	21.795077
-46.677811	162.580139	265.261536	29.270393	185.257507	4.677751	284.371857	2.446726	-0.159489	-0.000045	-0.899469	-0.170038	-1.016714	-0.370525	-2.690629	-1.052166	8.000000	24.000000	1.180000	21.772868
-83.984016	136.028595	256.768829	-10.839277	136.439651	4.287938	267.239075	2.609185	-0.159489	-0.000045	-0.899469	-0.170038	-1.016714	-0.555789	-2.690629	-1.227527	8.000000	28.000000	1.180000	21.111132
-83.263123	134.719360	257.130219	-11.888239	134.830276	4.287938	266.758728	2.609185	-0.159489	0.167556	-0.899469	-0.170038	-1.016714	-0.555789	-2.690629	-1.227527	8.000000	28.000000	1.180000	21.091841
-81.460892	135.836197	254.419785	-12.063067	135.366730	4.093032	265.958160	2.446726	-0.159489	0.167556	-0.719574	-0.170038	-1.016714	-0.555789	-2.690629	-1.227527	8.000000	28.000000	1.180000	21.067492
-82.902679	134.489380	254.781174	-12.063067	134.472641	4.287938	265.477783	2.446726	-0.159489	-0.000045	-0.899469	-0.170038	-1.016714	-0.555789	-2.690629	-1.052166	8.000000	28.000000	1.180000	21.040310
-130.481613	119.130402	273.754242	-54.895691	92.628761	4.482844	281.009338	2.609185	0.000030	0.167530	-0.719574	-0.170038	-1.016714	-0.555789	-2.882817	-1.227840	8.000000	32.000000	1.180000	21.649226
-130.661819	120.059181	273.212158	-56.993614	90.840561	4.677751	281.649811	2.609185	-0.159489	0.167556	-0.719574	-0.170038	-1.016714	-0.370525	-2.690629	-1.227527	8.000000	32.000000	1.180000	21.666660
-132.283829	120.285133	275.019104	-59.616024	90.661743	4.872656	282.450409	2.609185	0.000030	0.167530	-0.719574	0.000003	-1.016714	-0.555789	-2.690629	-1.227527	8.000000	32.000000	1.180000	21.690338
-131.743164	120.477592	275.922577	-56.818787	92.986404	4.872656	283.090912	2.609185	-0.159489	-0.000026	-0.899469	-0.170038	-1.016714	-0.555789	-2.690629	-1.227527	8.000000	32.000000	1.180000	21.715349
-182.566116	100.269684	289.294098	-108.917244	35.406372	4.677751	297.341522	2.609185	-0.159489	0.167530	-0.899469	-0.170038	-1.016714	-0.555789	-2.690629	-1.227527	8.000000	36.000000	1.180000	22.271961
-181.845230	100.269684	291.643127	-105.770355	38.446312	5.067563	298.302246	2.609185	-0.159489	-0.000045	-0.899469	-0.170038	-1.016714	-0.370525	-2.690629	-1.227527	8.000000	36.000000	1.180000	22.293675
-180.583664	101.588539	289.113403	-108.043121	36.479290	5.067563	298.622498	2.609185	-0.159489	-0.000026	-0.899469	-0.170038	-1.016714	-0.555789	-2.690629	-1.227527	8.000000	36.000000	1.180000	22.305845
-182.025452	101.588539	290.378265	-109.966202	35.942833	4.677751	298.942719	2.609185	-0.159489	0.167556	-0.899469	-0.170038	-1.016714	-0.555789	-2.690629	-1.227527	8.000000	36.000000	1.180000	22.332805
-232.668182	69.669144	296.521912	-158.218475	-32.477802	5.067563	307.429047	2.609185	-0.159489	0.167530	-0.719574	-0.170038	-1.016714	-0.370525	-2.690629	-1.052434	8.000000	40.000000	1.180000	22.637957
-233.749512	71.978615	298.509583	-160.491226	-31.942450	5.067563	308.229645	2.609185	-0.159489	0.167530	-0.719574	-0.170038	-0.847262	-0.555789	-2.690629	-1.227840	8.000000	40.000000	1.180000	22.667908
-233.929749	70.054054	297.063995	-158.043640	-33.191601	5.262468	308.389771	2.609185	-0.159489	0.167530	-0.899469	-0.170038	-1.016714	-0.555789	-2.690629	-1.227527	8.000000	40.000000	1.180000	22.666607
-235.011078	71.978615	298.509583	-160.840866	-32.299351	4.872656	308.870117	2.609185	-0.159489	0.167530	-0.719574	-0.170038	-1.016714	-0.555789	-2.690629	-1.227527	8.000000	40.000000	1.180000	22.699118
-288.537384	36.759121	303.569061	-214.163116	-109.032616	5.457375	320.238586	2.609185	0.000030	0.167530	-0.719574	0.000003	-1.016714	-0.555789	-2.690629	-1.227840	8.000000	44.000000	1.180000	23.098214
-287.636261	36.181755	302.304199	-212.939331	-110.281754	5.457375	320.879059	2.772260	-0.159489	0.167530	-0.719574	-0.170038	-1.016714	-0.555789	-2.690629	-1.227527	8.000000	44.000000	1.180000	23.121701
-287.456055	37.336491	303.569061	-216.785507	-110.431618	5.652281	321.039185	2.609185	-0.159489	-0.000026	-0.719574	-0.170038	-1.016714	-0.555789	-2.690629	-1.227527	8.000000	44.000000	1.180000	23.120425
-285.293365	37.144035	303.026978	-212.240021	-108.469177	5.457375	321.679657	2.609185	0.000030	0.167530	-0.899469	-0.170038	-1.016714	-0.555789	-2.690629	-1.227840	8.000000	44.000000	1.180000	23.151026
320.386444	63.125633	-313.457672	-215.561722	-18.018728	5.652281	334.969543	2.609185	-0.159489	0.167530	-0.719574	-0.170038	-1.016714	-0.555789	-2.690629	-1.052434	12.000000	-44.000000	1.180000	23.625513
321.108856	61.008614	-317.608246	-219.058273	-22.657213	5.847187	335.289795	2.609185	-0.159489	0.167530	-0.719574	-0.170038	-1.016714	-0.370525	-2.690629	-1.052434	12.000000	-44.000000	1.180000	23.630008
318.761047	62.163353	-313.096771	-218.358948	-20.343237	5.847187	335.770172	2.609185	-0.159489	0.167530	-0.719574	-0.170038	-1.016714	-0.370525	-2.690629	-1.227840	12.000000	-44.000000	1.180000	23.647230
321.289459	62.548260	-316.525482	-219.407913	-21.229986	5.847187	335.930267	2.609185	-0.159489	0.167530	-0.899469	-0.170038	-1.016714	-0.555789	-2.690629	-1.227840	12.000000	-44.000000	1.180000	23.652967
333.389740	105.466003	-275.380798	-176.400482	45.599110	5.458921	344.576721	2.446109	-0.159489	0.167530	-0.719574	-0.170038	-1.016714	-0.555789	-2.690629	-1.052434	12.000000	-40.000000	1.180000	23.974485
332.306122	103.733894	-274.117584	-175.875992	44.001152	5.653883	343.936249	2.609185	-0.159489	0.167530	-0.719574	-0.170038	-1.016714	-0.370525	-2.690629	-1.227840	12.000000	-40.000000	1.180000	23.944936
332.667328	104.311272	-273.576172	-174.827042	45.241470	5.653883	342.495148	2.772260	-0.159489	0.167530	-0.899469	-0.170038	-1.016714	-0.740853	-2.690629	-1.227840	12.000000	-40.000000	1.180000	23.893878
331.041901	102.771614	-274.117584	-176.924957	42.391354	6.042093	341.054108	2.609185	-0.159489	0.167530	-0.899469	-0.170038	-1.016714	-0.555789	-2.690629	-1.052434	12.000000	-40.000000	1.180000	23.828911
303.048737	128.175842	-195.076431	-114.336891	95.132240	5.068999	313.513580	2.609185	-0.159489	0.167530	-0.899469	-0.170038	-1.016714	-0.740853	-2.690629	-1.227840	12.000000	-36.000000	1.180000	22.864545
302.326324	127.598465	-195.798279	-114.336891	94.083740	4.874037	312.232635	2.609185	-0.159489	0.167530	-0.719574	-0.170038	-1.016714	-0.740853	-2.690629	-1.227840	12.000000	-36.000000	1.180000	22.824259
301.062134	125.289001	-196.520111	-114.336891	92.295074	5.068999	311.271912	2.609185	-0.159489	0.167530	-0.719574	-0.170038	-1.016714	-0.555789	-2.690629	-1.227840	12.000000	-36.000000	1.180000	22.781308
300.339722	126.828651	-194.535065	-112.588615	94.416962	4.874037	309.990936	2.609185	-0.159489	-0.000026	-0.899469	-0.170038	-1.016714	-0.740853	-2.690629	-1.227840	12.000000	-36.000000	1.180000	22.740873
279.751190	143.957260	-131.735245	-63.811871	132.003418	4.679077	290.136139	2.609185	-0.159489	0.167530	-0.719574	-0.170038	-1.016714	-0.555789	-2.690629	-1.052434	12.000000	-32.000000	1.180000	21.996034
279.028809	142.225159	-131.374329	-62.238422	131.287964	4.677751	289.495697	2.609185	-0.159489	0.167530	-0.899469	-0.170038	-1.016714	-0.740853	-2.690629	-1.052434	12.000000	-32.000000	1.180000	21.971396
277.042175	142.994965	-130.652496	-63.637047	131.969147	4.484115	288.855194	2.609185	-0.159489	0.167530	-0.899469	-0.170038	-1.016714	-0.555640	-2.690629	-1.227840	12.000000	-32.000000	1.180000	21.954155
277.222778	141.647781	-131.193863	-62.238422	131.432693	4.484115	288.054596	2.609185	-0.159489	-0.000026	-0.899469	-0.170038	-0.847262	-0.555640	-2.498441	-1.052434	12.000000	-32.000000	1.180000	21.923229
258.440247	155.889542	-77.597473	-21.678551	162.231842	4.287938	274.444458	2.609185	-0.159489	0.167530	-0.899469	-0.170038	-1.016714	-0.740853	-2.690629	-1.227840	12.000000	-28.000000	1.180000	21.398421
258.620880	156.466904	-77.417007	-21.503727	162.052963	4.094193	273.964111	2.609185	-0.159489	0.167530	-0.719574	-0.170038	-1.016714	-0.740853	-2.690629	-1.227840	12.000000	-28.000000	1.180000	21.387068
257.537262	156.082001	-76.875633	-22.902342	160.979782	4.094193	273.323639	2.609185	-0.159489	0.167530	-0.719574	-0.170038	-1.016714	-0.555640	-2.690629	-1.052434	12.000000	-28.000000	1.180000	21.361673
257.537262	155.697083	-77.417007	-23.077169	160.264313	3.899231	272.843262	2.609185	-0.159489	-0.000026	-0.899469	-0.170038	-1.016714	-0.555789	-2.690629	-1.227840	12.000000	-28.000000	1.180000	21.350348
246.339981	172.440781	-31.038990	12.265889	189.549179	4.094193	269.480774	2.609185	-0.159489	0.167530	-0.899469	-0.170038	-1.016714	-0.740853	-2.690629	-1.227840	12.000000	-24.000000	1.180000	21.208673
247.062393	172.248322	-30.317152	14.543843	191.923660	3.899231	270.121246	2.609185	-0.159489	-0.000026	-0.899469	-0.170038	-1.016714	-0.740853	-2.690629	-1.052434	12.000000	-24.000000	1.180000	21.242028
247.965408	172.633224	-30.136694	15.595206	191.923660	3.899231	270.761719	2.609185	0.000030	0.167530	-0.719574	-0.170038	-1.016714	-0.740853	-2.690629	-1.227840	12.000000	-24.000000	1.180000	21.267565
249.164276	172.633224	-33.565418	11.389754	189.419540	4.287938	271.339172	2.609185	-0.159489	0.167530	-0.899469	-0.170038	-1.016714	-0.740853	-2.690629	-1.227840	12.000000	-24.000000	1.180000	21.275084
251.035614	198.614838	9.935672	42.229744	227.339218	4.484115	285.586487	2.609185	-0.159489	0.167530	-0.719574	0.000003	-1.016714	-0.740853	-2.690629	-1.052434	12.000000	-20.000000	1.180000	21.827614
250.313217	198.229919	11.022433	42.580196	228.948990	4.484115	286.293274	2.609185	-0.159489	0.167530	-0.899469	-0.170038	-1.016714	-0.740853	-2.690629	-1.227840	12.000000	-20.000000	1.180000	21.855038
251.330933	197.267639	9.396170	42.580196	228.770142	4.679077	286.773651	2.609185	-0.159489	0.167530	-0.899469	-0.170038	-1.016714	-0.740853	-2.690629	-1.227840	12.000000	-20.000000	1.180000	21.866102
251.396820	200.154480	9.938258	40.127018	228.233536	4.289154	287.093872	2.609185	-0.159489	0.167530	-0.719574	-0.170038	-1.016714	-0.740853	-2.690629	-1.227840	12.000000	-20.000000	1.180000	21.893607
248.622604	219.977478	49.858990	61.504730	258.461975	4.679077	300.153961	2.772260	0.000030	0.167530	-0.719574	0.000003	-0.847262	-0.555640	-2.690629	-1.227840	12.000000	-16.000000	1.180000	22.378670
249.164276	221.324661	49.858990	60.453373	258.640839	4.484115	300.634216	2.609185	-0.159489	0.167530	-0.719574	0.000003	-0.847262	-0.555640	-2.498441	-1.052434	12.000000	-16.000000	1.180000	22.404226
249.164276	221.324661	49.858990	60.628605	257.388763	4.874037	301.114441	2.609185	-0.159489	0.167530	-0.899469	-0.170038	-1.016714	-0.740853	-2.690629	-1.227840	12.000000	-16.000000	1.180000	22.407642
249.705948	220.554825	49.497692	61.855190	259.356293	4.874037	301.754761	2.609185	-0.159489	0.167530	-0.719574	-0.170038	-0.847262	-0.555640	-2.690629	-1.052434	12.000000	-16.000000	1.180000	22.431845
239.775497	239.992920	88.879066	73.770638	283.145538	4.874037	312.232635	2.609185	-0.159489	-0.000026	-0.899469	-0.170038	-1.016714	-0.740853	-2.690629	-1.227840	12.000000	-12.000000	1.180000	22.824259
239.956039	241.340118	88.698418	72.368820	282.787781	5.263960	312.640350	2.609185	-0.159489	0.167530	-0.899469	-0.170038	-1.016714	-0.740853	-2.882817	-1.227840	12.000000	-12.000000	1.180000	22.824920
240.858810	241.340118	87.072586	70.791779	280.999115	5.068999	312.960541	2.609185	0.000030	0.167530	-0.899469	-0.170038	-1.016714	-0.740853	-2.690629	-1.227840	12.000000	-12.000000	1.180000	22.844038
239.956039	241.725037	89.240364	72.368820	283.860992	5.068999	313.280701	2.609185	-0.159489	0.167530	-0.719574	-0.170038	-1.016714	-0.740853	-2.690629	-1.227840	12.000000	-12.000000	1.180000	22.855912
226.414505	257.121552	124.105515	77.976089	301.747620	5.458921	323.045685	2.609185	-0.159489	-0.000026	-1.079081	-0.170038	-1.016714	-0.740853	-2.690629	-1.052434	12.000000	-8.000000	1.180000	23.200919
226.293274	258.083801	124.138046	76.749504	302.999695	5.263960	323.601074	2.609185	-0.159489	-0.000026	-0.899469	-0.170038	-1.016714	-0.555640	-2.690629	-1.227840	12.000000	-8.000000	1.180000	23.228311
224.970078	258.276245	125.189407	77.275185	303.536316	5.458921	323.686005	2.609185	-0.159489	0.167530	-0.719574	-0.170038	-1.016714	-0.555640	-2.690629	-1.227840	12.000000	-8.000000	1.180000	23.224296
226.956146	258.661163	123.924873	76.574280	302.820831	5.458921	324.486450	2.609185	-0.159489	0.167530	-0.899469	-0.170038	-1.016714	-0.740853	-2.690629	-1.227840	12.000000	-8.000000	1.180000	23.253486
207.149536	271.170837	158.650970	77.976089	319.097687	5.458921	334.649323	2.609185	-0.159489	0.167530	-0.899234	-0.170038	-0.847262	-0.555640	-2.690629	-1.227840	12.000000	-4.000000	1.180000	23.620962
207.817459	272.325592	157.525497	75.698143	318.382202	5.653883	335.051849	2.609185	-0.159489	0.167530	-0.719574	-0.170038	-1.016714	-0.740853	-2.690629	-1.227840	12.000000	-4.000000	1.180000	23.628408
208.900787	271.940674	157.706146	77.450409	317.308990	5.848845	335.692169	2.609185	-0.159489	-0.000026	-1.258927	-0.170038	-1.016714	-0.740853	-2.690629	-1.052434	12.000000	-4.000000	1.180000	23.644375
210.400360	273.287842	156.802902	76.399048	317.845612	5.653883	335.532074	2.609185	-0.159489	0.167530	-0.899234	-0.170038	-1.016714	-0.740853	-2.690629	-1.227840	12.000000	-4.000000	1.180000	23.645625
184.574402	280.408752	189.138977	80.254051	325.715729	5.653883	342.895874	2.446109	-0.159489	-0.000026	-0.899469	-0.170038	-1.016714	-0.555640	-2.690629	-1.052434	12.000000	0.000000	1.180000	23.908087
184.935593	279.176056	190.814835	82.356773	327.325531	5.653883	343.295746	2.609185	-0.159489	0.167530	-0.899469	-0.170038	-1.016714	-0.740853	-2.690629	-1.227840	12.000000	0.000000	1.180000	23.922257
183.310181	280.907684	191.176224	80.604500	329.293060	5.458921	343.696289	2.609185	-0.159489	-0.000026	-0.899469	-0.170038	-1.016714	-0.740853	-2.690629	-1.227840	12.000000	0.000000	1.180000	23.943343
182.226578	280.986084	190.222870	79.027458	328.040985	5.458921	343.856354	2.609185	-0.159489	0.167530	-0.899234	-0.170038	-1.016714	-0.740853	-2.690629	-1.227840	12.000000	0.000000	1.180000	23.949008
139.026443	256.159241	198.713348	75.172455	295.845032	5.068999	315.361755	2.609185	-0.159489	0.167530	-0.899234	-0.170038	-1.016714	-0.740853	-2.690629	-1.227840	12.000000	4.000000	1.180000	22.932944
138.845901	256.664948	197.448822	73.244957	297.812561	5.263960	314.401245	2.609185	-0.159489	0.167530	-0.899469	-0.170038	-1.016714	-0.740853	-2.690629	-1.227840	12.000000	4.000000	1.180000	22.890206
136.859802	254.812042	199.435944	76.048592	297.812561	5.263960	313.280701	2.609185	-0.159489	-0.000026	-1.079081	-0.340076	-1.016714	-0.740853	-2.882014	-1.227840	12.000000	4.000000	1.180000	22.848683
137.582016	254.356140	197.810120	75.522911	296.202789	4.874037	312.480286	2.609185	-0.159489	0.167530	-0.899469	-0.170038	-1.016714	-0.740853	-2.690629	-1.227840	12.000000	4.000000	1.180000	22.833452
98.221283	232.487122	205.397339	70.441322	268.478485	4.289154	291.349457	2.772260	0.000030	0.167530	-0.899234	0.000003	-1.016714	-0.740853	-2.690629	-1.052434	12.000000	8.000000	1.180000	22.057717
97.679626	231.460236	204.855392	70.108711	268.120758	4.484115	290.388947	2.609185	-0.159489	-0.000026	-0.899469	0.000003	-0.847262	-0.555640	-2.498441	-1.052434	12.000000	8.000000	1.180000	22.013280
96.802238	231.845047	203.229568	68.881821	266.332092	4.679077	289.588531	2.609185	-0.159489	0.167530	-0.899469	-0.170038	-1.016714	-0.740853	-2.690629	-1.052434	12.000000	8.000000	1.180000	21.974926
96.054642	230.562576	203.048904	68.864273	266.689819	4.484115	288.467957	2.772260	0.159926	0.335086	-0.719388	0.170378	-0.847262	-0.555640	-2.882014	-1.227840	12.000000	8.000000	1.180000	21.939202
61.568859	210.680771	206.842529	61.695671	240.038742	4.094193	270.858917	2.609185	-0.159489	0.167530	-0.719574	-0.170038	-1.016714	-0.740853	-2.690629	-1.052434	12.000000	12.000000	1.180000	21.263668
59.943878	208.949142	208.829666	64.658821	239.323257	4.289154	270.378693	2.609185	-0.159489	0.167530	-0.899234	-0.170038	-1.016714	-0.555640	-2.882014	-1.052434	12.000000	12.000000	1.180000	21.236742
59.943878	209.526352	207.565125	62.731331	239.144394	4.289154	269.898437	2.609185	-0.159489	-0.000026	-1.079081	-0.170038	-1.016714	-0.555640	-2.690629	-1.052434	12.000000	12.000000	1.180000	21.217569
59.041103	208.371933	207.926422	63.273117	238.428940	4.094193	269.258118	2.609185	-0.159489	0.167530	-1.079081	-0.170038	-1.016714	-0.555640	-2.690629	-1.052434	12.000000	12.000000	1.180000	21.199774
27.985849	205.485901	227.617096	55.210613	227.160339	4.484115	275.981567	2.609828	0.000030	0.167530	-0.899234	0.000003	-0.847262	-0.740853	-2.882817	-1.227840	12.000000	16.000000	1.180000	21.451461
27.263636	205.293503	229.784882	55.911697	228.412399	4.094193	276.461823	2.609185	-0.159489	0.167530	-1.079081	-0.170038	-1.016714	-0.740853	-2.690629	-1.227840	12.000000	16.000000	1.180000	21.485810
28.166405	205.543259	229.423599	56.072689	229.127869	4.094193	277.262207	2.609185	-0.159489	0.167530	-1.079081	-0.170038	-0.847262	-0.740853	-2.882014	-1.227840	12.000000	16.000000	1.180000	21.517357
27.083082	206.447906	230.146194	54.684803	228.770142	4.289154	277.902527	2.609185	-0.159489	0.167530	-1.079081	-0.170038	-1.016714	-0.740853	-2.690629	-1.052434	12.000000	16.000000	1.180000	21.534890
-6.848481	207.217514	252.727249	34.353271	213.745377	4.679077	292.149841	2.772943	0.000030	0.167530	-1.079081	-0.170038	-1.016714	-0.740853	-2.690629	-1.227840	12.000000	20.000000	1.180000	22.073481
-10.813392	204.908691	256.520874	36.272015	216.607224	4.679077	292.790161	2.772260	0.159926	0.335086	-0.719388	0.170378	-0.847262	-0.740853	-3.074147	-1.403245	12.000000	20.000000	1.180000	22.098051
-9.191381	206.640320	256.882141	36.105988	217.322678	4.289154	292.950256	2.609185	0.000030	0.335086	-0.899234	0.000003	-0.847262	-0.555640	-2.882014	-1.052434	12.000000	20.000000	1.180000	22.119134
-8.290266	206.255508	256.159576	35.220654	215.534027	4.874037	293.430481	2.609185	-0.159489	-0.000026	-1.079081	-0.170038	-1.016714	-0.740853	-2.882014	-1.052434	12.000000	20.000000	1.180000	22.115125
-51.183388	199.521423	277.476105	-3.321713	189.956131	5.263960	305.756836	2.609828	0.000030	0.167530	-0.899234	-0.169996	-0.847262	-0.555640	-2.882014	-1.227840	12.000000	24.000000	1.180000	22.567897
-52.625175	199.329025	278.379333	-2.972059	188.882935	5.068999	306.076996	2.609185	-0.159489	0.167530	-0.899234	-0.170038	-1.016714	-0.555640	-2.882014	-1.227840	12.000000	24.000000	1.180000	22.587232
-50.462502	201.060638	276.934143	-4.720330	189.061798	4.874037	306.397156	2.609828	-0.159489	-0.000026	-1.079081	-0.170038	-1.016714	-0.555640	-2.882014	-1.227840	12.000000	24.000000	1.180000	22.606551
-51.543839	200.731873	278.921295	-4.195849	190.850464	5.263960	307.037476	2.609828	-0.159489	0.167530	-1.079081	-0.339992	-1.016714	-0.740853	-2.882014	-1.052434	12.000000	24.000000	1.180000	22.615936
-101.645889	190.531693	296.805481	-55.420170	151.857590	5.263960	318.243256	2.609828	-0.159489	0.167530	-1.079081	-0.339992	-1.016714	-0.740853	-2.690629	-1.052434	12.000000	28.000000	1.180000	23.032008
-102.186554	189.516495	297.889374	-57.168446	150.426666	5.263960	318.723480	2.609185	-0.318905	-0.000026	-1.079081	-0.170038	-1.016714	-0.740853	-2.882014	-1.052434	12.000000	28.000000	1.180000	23.049671
-101.465668	189.131683	298.431305	-53.846729	153.467392	5.653883	319.523895	2.609185	-0.159452	0.167530	-0.899234	-0.170038	-1.016714	-0.740853	-3.074147	-1.227840	12.000000	28.000000	1.180000	23.064759
-103.808563	188.169678	298.431305	-56.993614	149.532318	5.068999	319.844055	2.609185	-0.159489	0.167530	-0.899234	-0.170038	-1.016714	-0.740853	-2.882014	-1.227840	12.000000	28.000000	1.180000	23.097988
-153.189728	170.853455	309.270233	-114.162048	96.230141	5.263960	328.808655	2.609185	-0.159452	0.167530	-0.899234	-0.170038	-1.016714	-0.740853	-2.882014	-1.227840	12.000000	32.000000	1.180000	23.417533
-154.811737	171.238251	311.618652	-112.588615	100.165199	5.458921	328.808655	2.609185	-0.318905	0.167530	-1.079081	-0.170038	-1.016714	-0.740853	-2.882014	-1.227840	12.000000	32.000000	1.180000	23.410476
-154.271057	172.969864	310.896088	-118.008247	96.945610	5.263960	329.448975	2.609185	-0.318905	0.167530	-1.079081	-0.170038	-1.016714	-0.555640	-2.882014	-1.052434	12.000000	32.000000	1.180000	23.440694
-153.730392	171.815460	310.896088	-114.861366	98.018799	5.263960	329.609039	2.609828	-0.318905	0.167530	-1.079081	-0.170038	-1.016714	-0.740853	-2.882014	-1.227840	12.000000	32.000000	1.180000	23.446480
-208.878708	146.844116	320.831726	-174.827042	34.878967	6.238767	338.733734	2.609185	-0.318905	0.167530	-1.079081	-0.170038	-1.016714	-0.740853	-2.882014	-1.227840	12.000000	36.000000	1.180000	23.739225
-205.274231	148.768692	321.193024	-174.652206	36.846493	5.653883	338.893799	2.609828	-0.159489	-0.000013	-0.899234	-0.339992	-1.016714	-0.740853	-2.882014	-1.227840	12.000000	36.000000	1.180000	23.765804
-207.256699	148.342346	321.915619	-175.001862	35.773296	5.653883	339.213989	2.446109	-0.318905	-0.000026	-1.079081	-0.170038	-1.016714	-0.740853	-2.882014	-1.052434	12.000000	36.000000	1.180000	23.777219
-206.355576	146.459213	321.012390	-171.330505	35.952160	5.653883	339.534149	2.609828	-0.159489	-0.167106	-1.258927	-0.509988	-1.186166	-0.740853	-2.882014	-1.052434	12.000000	36.000000	1.180000	23.788627
-247.266266	111.817078	305.295959	-221.156189	-38.188179	5.068999	327.047760	2.446714	-0.478357	-0.167106	-1.079081	-0.169996	-0.847262	-0.370427	-2.689879	-0.877028	12.000000	40.000000	1.180000	23.360794
-248.527832	110.631454	306.199188	-220.456894	-37.652836	5.263960	326.247314	2.772943	-0.159452	0.167530	-1.079081	-0.170038	-1.016714	-0.926067	-3.074147	-1.227840	12.000000	40.000000	1.180000	23.324657
-245.283798	109.700066	303.930450	-215.911392	-37.474380	5.458921	325.126770	2.609828	-0.318905	0.167530	-1.079081	-0.340076	-1.186166	-0.926067	-3.074147	-1.227840	12.000000	40.000000	1.180000	23.276811
-244.562912	108.545326	303.850769	-218.009323	-39.080433	5.068999	323.365845	2.609828	-0.159489	-0.167106	-1.079081	-0.169996	-0.847262	-0.555640	-2.689879	-1.052434	12.000000	40.000000	1.180000	23.226842
-269.433716	69.091797	272.056641	-245.282333	-103.500687	4.679077	299.193451	2.772943	0.000030	0.167582	-0.899234	-0.339992	-1.016714	-0.740853	-3.074147	-1.403245	12.000000	44.000000	1.180000	22.342267
-264.207245	68.514435	271.043762	-243.359238	-104.036034	4.679077	298.232971	2.609828	-0.318905	-0.167106	-1.258927	-0.509988	-1.185874	-0.740853	-2.882014	-1.227840	12.000000	44.000000	1.180000	22.305806
-266.369934	69.861626	270.611450	-241.436127	-99.931694	4.484115	297.272491	2.283600	-0.478357	-0.167106	-0.899234	-0.169996	-0.677809	-0.370427	-2.689879	-0.877028	12.000000	44.000000	1.180000	22.276703
-263.306122	69.091797	269.417511	-241.960617	-102.429993	4.484115	296.311981	2.283600	-0.637809	-0.167151	-1.258927	-0.339992	-0.847262	-0.555640	-2.689879	-0.877028	12.000000	44.000000	1.180000	22.240133
252.775360	76.597595	-263.040680	-221.855515	-28.373461	4.094193	274.380737	2.609828	-0.318905	0.167530	-1.079081	-0.339992	-1.016464	-0.555640	-2.882014	-1.052434	16.000000	-44.000000	1.180000	21.403570
252.053146	77.752327	-260.875732	-220.282059	-26.410519	4.289154	273.580322	2.609828	-0.318905	-0.167106	-1.079081	-0.339992	-0.847262	-0.555640	-2.882014	-1.052434	16.000000	-44.000000	1.180000	21.364122
250.608704	76.405136	-261.597382	-221.680679	-28.908813	4.094193	272.940002	2.609828	-0.318905	-0.000013	-0.899234	-0.169996	-0.847262	-0.555640	-2.689879	-1.052434	16.000000	-44.000000	1.180000	21.346449
250.428162	78.522156	-259.793274	-219.932404	-26.588970	4.094193	272.459747	2.609828	-0.318905	-0.000013	-1.079081	-0.339992	-1.016714	-0.740853	-2.882014	-1.227840	16.000000	-44.000000	1.180000	21.327373
254.761444	104.503746	-220.102615	-178.673233	22.537184	3.704270	270.858917	2.283600	-0.478357	-0.167106	-1.079081	-0.169996	-0.677809	-0.370427	-2.497746	-0.877028	16.000000	-40.000000	1.180000	21.279203
255.122559	103.926384	-220.102615	-179.197708	22.358318	4.484115	271.979492	2.609828	-0.159452	-0.000013	-1.079081	-0.339992	-1.185874	-0.740853	-2.882014	-1.227840	16.000000	-40.000000	1.180000	21.292769
255.303116	104.888664	-219.741806	-179.022888	22.537184	3.704270	272.459747	2.446714	-0.318905	0.167582	-0.719388	-0.000016	-0.847052	-0.370427	-2.689879	-1.052434	16.000000	-40.000000	1.180000	21.342861
255.844757	106.043404	-222.808792	-182.519424	22.000584	3.899231	273.100098	2.609828	-0.159452	0.167582	-0.899234	-0.169996	-0.677809	-0.555640	-2.882014	-1.052434	16.000000	-40.000000	1.180000	21.360540
270.650177	138.760956	-188.350113	-149.826767	70.294510	4.289154	288.788116	2.609828	-0.318905	-0.000013	-0.899234	-0.169996	-0.847262	-0.555640	-2.689879	-1.052434	16.000000	-36.000000	1.180000	21.959090
271.733521	140.300613	-190.154236	-152.099533	70.115646	4.289154	289.428436	2.609828	-0.318905	-0.000013	-0.899234	-0.169996	-0.847262	-0.740853	-2.882014	-1.052434	16.000000	-36.000000	1.180000	21.983788
271.733521	139.915695	-189.793411	-151.575043	70.294510	4.484115	289.908691	2.609828	-0.478357	-0.167106	-1.258927	-0.339992	-1.185874	-0.740853	-2.882014	-1.052434	16.000000	-36.000000	1.180000	21.994783
272.455719	140.300613	-193.582062	-155.071594	68.863579	4.679077	290.709106	2.609828	-0.318905	-0.167106	-1.258927	-0.509988	-1.016714	-0.740853	-2.882014	-1.052434	16.000000	-36.000000	1.180000	22.018098
283.108398	173.980453	-147.757416	-113.812401	119.661629	4.484115	304.316101	2.446714	-0.478357	-0.167106	-1.079081	-0.339992	-1.016464	-0.555640	-2.689879	-0.877028	16.000000	-32.000000	1.180000	22.543066
285.997253	174.750275	-149.741943	-113.637573	121.092567	4.874037	305.276581	2.609828	-0.318905	-0.000013	-1.079081	-0.339992	-1.016714	-0.740853	-2.882014	-1.052434	16.000000	-32.000000	1.180000	22.564505
284.733368	174.365356	-150.463593	-114.511711	121.450302	4.874037	305.916931	2.609828	-0.159452	-0.000013	-0.899234	-0.339992	-1.016714	-0.740853	-2.882014	-1.227840	16.000000	-32.000000	1.180000	22.588542
284.733368	175.905029	-150.102783	-115.036186	121.808037	4.484115	306.076996	2.283600	-0.637809	-0.334219	-1.079081	-0.339992	-1.016464	-0.370427	-2.498441	-0.877028	16.000000	-32.000000	1.180000	22.609166
287.802795	205.350830	-100.309067	-71.504257	168.313293	5.263960	316.482330	2.772943	-0.159452	0.167582	-0.899234	-0.169996	-1.016464	-0.555640	-2.882014	-1.227840	16.000000	-28.000000	1.180000	22.967124
288.163879	205.735733	-103.195663	-74.476318	167.597824	5.068999	316.802490	2.609828	-0.318905	-0.000013	-1.079081	-0.169996	-1.016464	-0.555640	-2.882817	-1.052434	16.000000	-28.000000	1.180000	22.986123
288.705566	204.580994	-101.391541	-72.553223	166.882370	5.068999	317.122650	2.609828	-0.318905	-0.000013	-1.079081	-0.339992	-1.016464	-0.555640	-2.882014	-1.052434	16.000000	-28.000000	1.180000	22.997924
288.525024	206.313095	-100.309067	-70.979782	168.849899	5.068999	317.442810	2.609828	-0.318905	-0.000013	-1.079081	-0.339992	-1.185874	-0.740853	-2.882014	-1.227840	16.000000	-28.000000	1.180000	23.009718
286.177795	228.445572	-51.056591	-25.524748	208.200516	5.068999	324.326355	2.609828	-0.478357	-0.167106	-1.258927	-0.509988	-1.355286	-0.740853	-2.882014	-1.052434	16.000000	-24.000000	1.180000	23.261861
286.177795	228.060654	-53.582359	-28.147150	206.948441	5.068999	324.806610	2.609828	-0.318905	-0.167106	-1.258927	-0.509988	-1.185874	-0.740853	-2.882014	-1.052434	16.000000	-24.000000	1.180000	23.279350
287.441681	228.060654	-54.123600	-28.671631	206.769577	4.874037	324.966675	2.609828	-0.478357	-0.167106	-1.258927	-0.509988	-1.355286	-0.740853	-2.882014	-1.052434	16.000000	-24.000000	1.180000	23.292272
284.552856	228.830475	-52.499886	-28.496807	208.915970	4.874037	324.966675	2.609828	-0.159452	-0.000013	-0.899234	-0.169996	-1.016464	-0.555640	-2.882014	-1.227840	16.000000	-24.000000	1.180000	23.292272
280.761200	252.887527	-3.247416	6.660331	242.721710	5.653883	332.490540	2.446714	-0.478357	-0.167106	-1.258927	-0.339992	-1.186166	-0.740853	-2.882817	-1.052434	16.000000	-20.000000	1.180000	23.536365
278.775116	252.310150	-2.345356	6.134516	243.437164	5.458921	332.970764	2.609828	-0.159452	-0.000013	-0.899234	-0.339992	-1.016464	-0.555640	-2.882014	-1.052434	16.000000	-20.000000	1.180000	23.560662
279.316772	250.385574	-3.247416	6.485060	242.721710	5.263960	333.130859	2.609828	-0.318905	-0.000013	-1.079081	-0.339992	-1.016714	-0.555640	-2.882817	-1.052434	16.000000	-20.000000	1.180000	23.573431
279.028778	251.347870	0.361353	10.165767	245.762451	5.458921	333.290955	2.609828	-0.318905	-0.000013	-1.079081	-0.339992	-1.185874	-0.740853	-3.075004	-1.227840	16.000000	-20.000000	1.180000	23.572177
267.761322	270.016113	43.366974	26.641314	269.730560	5.653883	338.093414	2.446714	-0.478357	-0.167106	-1.258927	-0.339992	-1.016464	-0.555640	-2.690629	-1.227527	16.000000	-16.000000	1.180000	23.737246
267.289703	272.133148	44.451145	26.290771	269.909424	5.653883	338.413574	2.609828	-0.318905	-0.167106	-1.258927	-0.509988	-1.186166	-0.926067	-3.075004	-1.052434	16.000000	-16.000000	1.180000	23.748674
266.316895	270.785950	46.258106	28.569302	273.665619	5.458921	338.573639	2.609828	-0.159452	-0.000013	-0.899234	-0.169996	-1.016464	-0.555640	-2.882817	-1.052434	16.000000	-16.000000	1.180000	23.761339
267.831512	270.785950	44.270451	26.466043	271.161499	5.848845	338.893799	2.609828	-0.159452	-0.000013	-0.899234	-0.339992	-1.186166	-0.740853	-3.075004	-1.227840	16.000000	-16.000000	1.180000	23.758850
233.456085	269.246277	80.590324	32.250011	275.812012	5.068999	323.205780	2.772943	-0.159452	0.167582	-0.899234	-0.169996	-1.016714	-0.555640	-3.075004	-1.227840	16.000000	-12.000000	1.180000	23.221001
233.878510	268.668945	77.879883	31.373653	273.486755	5.458921	321.765045	2.772943	-0.318905	-0.000013	-1.079081	-0.339992	-1.186166	-0.740853	-2.882817	-1.227840	16.000000	-12.000000	1.180000	23.154094
234.962097	266.936829	80.228928	33.652187	273.486755	5.068999	320.644440	2.446714	-0.318905	-0.000013	-1.079081	-0.169996	-1.016714	-0.555640	-2.690629	-1.052434	16.000000	-12.000000	1.180000	23.127335
232.733887	266.744354	78.060585	31.373653	271.876953	5.263960	319.844055	2.609828	-0.159452	-0.000013	-0.899234	-0.169996	-1.016464	-0.555640	-2.882817	-1.402888	16.000000	-12.000000	1.180000	23.090834
193.192596	253.394089	100.828255	30.497293	260.966095	4.874037	294.711182	2.609828	-0.318905	-0.000013	-1.079081	-0.340076	-1.185874	-0.740853	-2.882817	-1.227527	16.000000	-8.000000	1.180000	22.164147
192.882034	253.272446	98.840607	29.270390	258.640839	4.679077	293.750671	2.609828	-0.318905	-0.000013	-1.079081	-0.339992	-1.186166	-0.740853	-2.882817	-1.402888	16.000000	-8.000000	1.180000	22.134856
192.650940	250.700439	98.659912	30.146749	257.388763	4.874037	292.790161	2.609828	-0.318905	-0.000013	-1.079081	-0.340076	-1.016464	-0.555640	-2.690629	-1.227527	16.000000	-8.000000	1.180000	22.090574
191.748154	249.615768	97.395035	28.744577	256.673309	4.679077	291.989777	2.609828	-0.159452	-0.000013	-0.899234	-0.340076	-1.016464	-0.555640	-2.882817	-1.402888	16.000000	-8.000000	1.180000	22.067335
159.109619	236.528732	115.283936	28.043489	245.762451	4.289154	273.483734	2.609828	-0.318905	-0.000013	-1.079081	-0.339992	-1.186166	-0.740853	-2.882817	-1.227840	16.000000	-4.000000	1.180000	21.360290
158.748413	237.491028	115.645317	27.692944	246.120178	4.094193	272.523010	2.446714	-0.318905	-0.000013	-1.079081	-0.169996	-1.016714	-0.555640	-2.882817	-1.227527	16.000000	-4.000000	1.180000	21.329888
157.303619	235.758896	114.380447	27.167130	244.689255	4.679077	272.042664	2.772943	-0.318905	-0.000013	-1.258927	-0.509988	-1.186166	-0.926067	-3.075004	-1.227840	16.000000	-4.000000	1.180000	21.287523
157.262390	234.731033	113.296272	26.991859	242.721710	4.094193	271.499237	2.772943	0.000011	0.167582	-0.719388	-0.000016	-0.847261	-0.555640	-2.882817	-1.402888	16.000000	-4.000000	1.180000	21.289172
134.006058	235.181549	137.148132	30.672565	244.510391	3.899231	270.281372	2.609828	-0.318905	-0.000013	-0.719388	-0.000016	-0.847261	-0.370427	-2.882817	-1.227527	16.000000	0.000000	1.180000	21.248415
133.103058	235.566452	136.425339	29.095119	244.510391	4.094193	271.081940	2.609828	-0.318905	-0.000013	-1.258927	-0.339992	-1.016714	-0.740853	-2.882817	-1.227527	16.000000	0.000000	1.180000	21.272555
133.825455	236.721191	135.883255	28.043489	244.152649	4.094193	271.882538	2.609828	-0.318905	-0.000013	-1.079081	-0.339992	-1.186166	-0.740853	-2.882817	-1.227527	16.000000	0.000000	1.180000	21.304425
135.054260	237.424683	136.786743	29.262932	245.583588	3.899231	272.459747	2.609828	-0.318905	-0.000013	-1.079081	-0.340076	-1.016714	-0.555640	-2.882817	-1.227527	16.000000	0.000000	1.180000	21.335119
114.501129	246.151566	162.987640	30.497293	251.486176	4.679077	283.731384	2.609828	-0.318905	-0.000013	-1.079081	-0.340076	-1.186166	-0.740853	-3.075004	-1.227527	16.000000	4.000000	1.180000	21.747874
114.501129	246.659988	164.613907	30.839977	254.169174	4.484115	283.891510	2.446714	-0.478357	-0.167151	-1.079081	-0.340076	-1.016714	-0.555640	-2.690629	-1.227527	16.000000	4.000000	1.180000	21.761707
114.110023	247.622025	165.336685	30.664751	253.990311	4.679077	284.531982	2.609828	-0.318905	-0.000013	-1.079081	-0.340076	-1.016714	-0.740853	-2.882817	-1.402888	16.000000	4.000000	1.180000	21.779049
113.236931	247.237213	166.240158	31.365658	254.348053	4.679077	285.172455	2.609828	-0.159452	0.167582	-0.899234	-0.340076	-1.186166	-0.740853	-3.075004	-1.402888	16.000000	4.000000	1.180000	21.803956
88.110275	253.586487	193.525238	31.540888	255.063507	4.679077	295.831726	2.609828	-0.159452	-0.000013	-0.899234	-0.340076	-1.016714	-0.740853	-2.882817	-1.402888	16.000000	8.000000	1.180000	22.214389
88.290825	254.356110	193.886642	31.190432	257.746490	4.679077	296.311981	2.609828	-0.318905	-0.000013	-1.079081	-0.340076	-1.186166	-0.740853	-2.882817	-1.402888	16.000000	8.000000	1.180000	22.232702
88.313972	255.702927	193.886642	32.074741	257.031036	4.874037	296.701050	2.609828	-0.318905	-0.000013	-1.079081	-0.340076	-1.016714	-0.740853	-2.882817	-1.227527	16.000000	8.000000	1.180000	22.240101
88.313972	254.740906	195.693588	33.301640	259.177429	4.874037	296.861176	2.609828	-0.318905	-0.000013	-0.899234	-0.170038	-1.016714	-0.555640	-2.882817	-1.227527	16.000000	8.000000	1.180000	22.246201
59.417786	257.242126	222.978668	33.126369	255.600113	4.874037	307.108795	2.609828	-0.159452	-0.000013	-0.899234	-0.170038	-1.016714	-0.555640	-2.690629	-1.227527	16.000000	12.000000	1.180000	22.633213
59.417786	258.853668	223.159363	33.652187	256.136688	5.263960	307.909393	2.936057	0.000011	0.167582	-0.899234	-0.340076	-1.186166	-0.926067	-3.267192	-1.578249	16.000000	12.000000	1.180000	22.648585
59.417786	257.626953	222.436584	33.643616	253.990311	4.874037	308.069519	2.772943	0.000011	0.167582	-0.719388	-0.170038	-0.847261	-0.555640	-2.882817	-1.403245	16.000000	12.000000	1.180000	22.669157
59.417786	260.320587	222.255890	31.540888	254.348053	4.874037	308.229645	2.609828	-0.159452	0.167582	-0.899234	-0.170038	-1.016714	-0.555640	-2.882817	-1.227839	16.000000	12.000000	1.180000	22.675142
23.478163	257.049744	246.288437	26.459297	240.933044	4.874037	315.114746	2.446714	-0.478357	-0.167151	-1.079081	-0.340076	-1.016714	-0.555640	-2.882817	-1.227839	16.000000	16.000000	1.180000	22.931021
25.825977	257.434540	244.300781	26.459297	241.648514	4.679077	315.114746	2.609828	-0.318905	-0.000013	-1.079081	-0.340076	-1.016714	-0.555640	-2.882817	-1.227839	16.000000	16.000000	1.180000	22.938225
22.213955	256.857330	246.107742	25.057480	240.217606	4.679077	315.681915	2.609828	-0.318905	-0.000013	-1.079081	-0.340076	-1.016714	-0.740853	-2.882817	-1.227527	16.000000	16.000000	1.180000	22.959169
22.027575	257.049744	246.649826	25.057480	240.754196	4.679077	315.915375	2.609828	-0.318905	0.000013	-1.079081	-0.170038	-1.186166	-0.740853	-2.882817	-1.227839	16.000000	16.000000	1.180000	22.967785
-17.116728	251.854858	268.694733	-2.097925	219.647949	5.263960	323.440948	2.609828	-0.318905	0.000013	-1.258927	-0.340076	-1.186166	-0.555640	-2.882817	-1.227527	16.000000	20.000000	1.180000	23.222469
-17.837431	250.892853	267.971954	-3.146887	218.753616	5.068999	323.601074	2.609828	-0.318905	0.167569	-0.899234	-0.000016	-0.847261	-0.555640	-2.882817	-1.227839	16.000000	20.000000	1.180000	23.235423
-18.738314	251.662476	269.056122	-5.069984	218.932495	5.263960	324.241547	2.609828	-0.159489	-0.000013	-0.899234	-0.170038	-1.016714	-0.740853	-2.882817	-1.227839	16.000000	20.000000	1.180000	23.251667
-17.477081	251.277664	268.152649	-4.195849	219.826813	5.263960	324.401672	2.609828	-0.318905	-0.000013	-1.079081	-0.170038	-1.016714	-0.555640	-2.882817	-1.403245	16.000000	20.000000	1.180000	23.257502
-66.304802	241.849945	287.667786	-49.301224	187.273132	6.042102	332.247528	2.609828	-0.159452	0.000013	-1.079081	-0.340076	-1.186166	-0.740853	-3.075004	-1.403245	16.000000	24.000000	1.180000	23.513624
-66.124634	241.272720	288.209900	-48.951576	187.273132	5.457384	332.087433	2.446714	-0.318905	-0.167151	-1.079081	-0.340076	-1.016714	-0.555640	-2.882817	-1.227839	16.000000	24.000000	1.180000	23.528923
-67.746216	240.695526	288.751984	-47.727783	186.736526	5.653883	332.567780	2.609828	-0.159489	-0.000013	-1.079081	-0.340076	-1.016714	-0.740853	-2.882817	-1.227839	16.000000	24.000000	1.180000	23.539146
-67.403481	241.849945	288.751984	-48.776745	186.199936	5.653883	332.727875	2.609828	-0.159489	-0.000013	-1.079081	-0.340076	-1.186166	-0.740853	-2.882817	-1.227527	16.000000	24.000000	1.180000	23.544909
-113.871284	227.227356	300.135803	-99.476585	145.776123	5.458921	337.851685	2.609828	-0.318979	0.000013	-1.258927	-0.340076	-1.355618	-0.926067	-3.075004	-1.403245	16.000000	28.000000	1.180000	23.735576
-118.195518	226.072937	302.665558	-99.826233	145.597275	5.262477	338.332062	2.609828	-0.318905	0.000013	-1.079081	-0.340076	-1.016714	-0.740853	-2.882817	-1.403245	16.000000	28.000000	1.180000	23.759729
-117.865990	226.650131	301.219971	-103.147957	143.629730	5.458921	338.332062	2.609828	-0.159489	-0.000013	-1.079081	-0.170038	-1.016714	-0.740853	-3.075004	-1.403245	16.000000	28.000000	1.180000	23.752721
-117.114464	226.842545	302.304169	-102.798294	145.239532	5.457384	338.652283	2.609828	-0.318979	0.000013	-1.079081	-0.170038	-1.016714	-0.740853	-2.882817	-1.403245	16.000000	28.000000	1.180000	23.764198
-161.119553	190.863281	288.571289	-152.449173	80.290184	4.874037	319.437988	2.446714	-0.478468	0.000013	-0.899234	-0.000016	-0.847261	-0.370427	-2.690629	-1.052433	16.000000	32.000000	1.180000	23.090242
-160.578888	192.979706	288.932678	-151.225388	85.833603	5.458921	318.477264	2.609828	-0.318979	0.000013	-1.079081	-0.170038	-1.016714	-0.740853	-2.882817	-1.227839	16.000000	32.000000	1.180000	23.033444
-157.695312	189.708862	286.222229	-151.400208	82.078384	5.458921	317.676697	2.609828	-0.318979	0.000013	-1.079081	-0.340076	-1.016714	-0.555640	-2.882817	-1.227527	16.000000	32.000000	1.180000	23.003971
-159.497543	190.670883	286.945007	-149.127472	83.866585	5.653883	316.395721	2.609828	-0.318979	0.000013	-1.079081	-0.340076	-1.186166	-0.740853	-2.882817	-1.227839	16.000000	32.000000	1.180000	22.949534
-191.216827	151.228363	267.068451	-189.862167	20.564314	4.289154	293.018311	2.609828	-0.318979	-0.000013	-1.079081	-0.340076	-1.016714	-0.555789	-2.882817	-1.227839	16.000000	36.000000	1.180000	22.121742
-190.676163	151.613174	264.719421	-188.463547	20.564314	4.289154	292.217712	2.609828	-0.318979	0.167569	-0.899234	-0.170038	-1.016714	-0.555640	-2.882817	-1.227839	16.000000	36.000000	1.180000	22.091050
-188.693710	152.382782	264.177338	-188.288712	23.783075	4.677759	291.577209	2.609828	-0.159489	0.000013	-1.079081	-0.170038	-1.186166	-0.740853	-2.882817	-1.403245	16.000000	36.000000	1.180000	22.051536
-189.234390	151.805573	263.273865	-187.414581	22.531334	4.677759	290.936737	2.609828	-0.318979	0.000013	-1.079081	-0.340076	-1.016714	-0.741053	-2.882817	-1.227839	16.000000	36.000000	1.180000	22.026909
-213.688843	116.980721	242.674530	-216.086212	-32.299351	3.898134	271.562317	2.772285	-0.159452	0.000013	-1.079081	-0.340076	-1.016714	-0.741053	-3.075004	-1.403245	16.000000	40.000000	1.180000	21.299486
-212.968140	116.788315	240.867569	-216.960373	-34.083843	3.898134	270.761719	2.772285	-0.159489	0.000013	-0.899234	-0.170038	-1.016714	-0.741053	-2.882817	-1.403245	16.000000	40.000000	1.180000	21.267608
-211.582047	116.211105	239.964096	-215.212067	-33.370049	3.899231	269.800995	2.609828	-0.318979	0.000013	-1.079081	-0.340076	-1.016714	-0.740853	-2.882817	-1.227839	16.000000	40.000000	1.180000	21.229248
-213.869019	113.709877	241.228958	-218.184128	-36.939037	3.898134	269.160522	2.772285	-0.318979	0.000013	-1.079081	-0.170038	-1.016714	-0.555789	-2.882817	-1.227839	16.000000	40.000000	1.180000	21.203709
-254.655396	87.735535	234.904587	-258.918854	-95.827362	4.093040	271.882538	2.609828	-0.318979	0.000013	-1.079081	-0.340076	-1.016714	-0.555789	-2.882817	-1.227839	16.000000	44.000000	1.180000	21.304471
-253.393829	87.927940	235.085281	-258.219543	-96.541161	4.287946	272.683136	2.609828	-0.318979	0.000013	-1.079081	-0.340076	-1.016714	-0.740853	-2.882817	-1.227839	16.000000	44.000000	1.180000	21.328552
-255.489716	87.735535	236.892258	-258.918854	-95.827362	3.898134	273.003387	2.772285	-0.159489	0.000013	-0.899234	-0.340076	-1.016714	-0.741053	-3.075004	-1.227839	16.000000	44.000000	1.180000	21.356746
-257.111298	87.158333	238.518524	-260.317444	-96.719604	4.093040	273.964111	2.935360	-0.159489	0.000013	-1.079081	-0.340076	-1.016714	-0.741053	-3.075004	-1.403245	16.000000	44.000000	1.180000	21.387113
252.480423	104.089752	-292.524414	-279.548401	-46.039959	4.677759	289.175446	2.935360	0.000011	0.167569	-0.899234	-0.170038	-1.016714	-0.555789	-2.882817	-1.403245	20.000000	-44.000000	1.180000	21.959040
251.216202	104.474556	-289.637054	-278.324615	-45.504612	4.872665	289.495697	2.935360	-0.318979	-0.167151	-1.258927	-0.510113	-1.355618	-0.926316	-3.075004	-1.403245	20.000000	-44.000000	1.180000	21.963878
251.757996	105.436569	-289.456604	-278.149811	-44.969261	4.482853	289.815887	2.609209	-0.318979	0.000013	-0.899234	-0.170038	-0.847261	-0.370527	-2.690629	-1.052433	20.000000	-44.000000	1.180000	21.991256
251.396790	104.859360	-289.997986	-278.499451	-44.433914	4.872665	290.388947	2.936057	-0.159489	0.167569	-1.079081	-0.340076	-1.186166	-0.926067	-3.267192	-1.578650	20.000000	-44.000000	1.180000	21.998316
266.567291	139.299423	-261.124512	-245.806808	5.722258	4.872665	299.833801	2.772943	0.000011	0.000013	-0.899234	-0.170038	-1.016714	-0.741053	-3.266280	-1.403245	20.000000	-40.000000	1.180000	22.359207
268.373322	139.107010	-262.387726	-245.806808	5.901076	4.677759	300.223663	2.772285	-0.159489	0.000013	-0.899234	-0.170038	-1.016714	-0.555789	-2.882817	-1.403245	20.000000	-40.000000	1.180000	22.381359
266.928497	138.722198	-263.470490	-248.429230	3.039957	4.677759	300.474152	2.772285	-0.318979	0.000013	-1.079081	-0.340076	-1.186166	-0.741053	-3.074147	-1.227839	20.000000	-40.000000	1.180000	22.390842
266.928497	140.261414	-262.026794	-247.555084	6.258717	4.872665	300.954376	2.772943	-0.318979	0.000013	-1.079081	-0.340076	-1.186166	-0.741053	-3.266280	-1.227839	20.000000	-40.000000	1.180000	22.401639
275.055573	171.238235	-224.671753	-210.142105	54.003651	4.872665	309.598816	2.772285	-0.318979	0.000013	-1.079081	-0.340076	-1.186166	-0.741053	-2.882817	-1.227839	20.000000	-36.000000	1.180000	22.726307
275.055573	173.354660	-222.686691	-209.442780	55.076569	4.872665	309.830811	2.772285	-0.318979	0.000013	-1.079081	-0.340076	-1.016714	-0.555789	-3.074147	-1.227839	20.000000	-36.000000	1.180000	22.734956
273.791351	173.162247	-222.686691	-210.666580	54.182468	4.677759	310.079071	2.772285	-0.318979	0.000013	-1.079081	-0.170038	-1.016714	-0.555789	-3.074147	-1.052433	20.000000	-36.000000	1.180000	22.751469
275.055573	174.124252	-224.310822	-211.715530	54.897751	5.067571	310.079071	2.772285	-0.318979	0.000013	-1.079081	-0.510113	-1.016714	-0.741053	-3.074147	-1.227839	20.000000	-36.000000	1.180000	22.736945
278.306396	202.984634	-176.308655	-163.288452	104.430878	5.067571	316.642426	2.772285	-0.318979	0.000013	-1.079081	-0.170038	-1.186166	-0.555789	-3.074147	-1.227839	20.000000	-32.000000	1.180000	22.980274
280.112366	201.637817	-176.850037	-163.638107	104.788521	5.067571	317.356445	2.772285	-0.159489	0.167569	-0.899234	-0.170038	-1.016714	-0.741053	-2.882817	-1.227839	20.000000	-32.000000	1.180000	23.006590
279.389984	201.060608	-180.639694	-168.533264	100.854485	5.262477	317.442841	2.772285	-0.318979	0.000013	-1.079081	-0.170038	-1.016714	-0.555789	-3.074147	-1.227839	20.000000	-32.000000	1.180000	23.002592
278.667572	202.022629	-179.737396	-167.833954	101.390938	5.262477	317.676697	2.772285	-0.159489	0.000013	-1.079081	-0.170038	-1.186166	-0.741053	-2.882817	-1.227839	20.000000	-32.000000	1.180000	23.011206
281.195984	229.920990	-134.261673	-121.504784	145.738297	5.262477	325.446930	2.609209	-0.318979	0.000013	-1.079081	-0.170038	-1.016714	-0.555789	-3.074147	-1.227839	20.000000	-28.000000	1.180000	23.295611
280.834778	229.343765	-135.885788	-123.602707	145.023026	5.262477	325.842773	2.772285	-0.159489	0.167569	-0.899234	-0.000016	-0.847261	-0.555789	-2.882817	-1.227839	20.000000	-28.000000	1.180000	23.310007
281.557190	230.113388	-133.539825	-121.329956	145.917114	4.872665	326.087250	2.772285	-0.318979	0.000013	-1.079081	-0.170038	-1.016714	-0.555789	-2.882012	-1.227839	20.000000	-28.000000	1.180000	23.333056
282.279602	230.690582	-133.900742	-122.204094	145.917114	5.457384	326.567505	2.772285	-0.318979	0.000013	-1.079081	-0.170038	-1.016714	-0.555789	-3.074147	-1.227839	20.000000	-28.000000	1.180000	23.329261
277.222748	252.624481	-81.748032	-75.700104	186.866882	5.457384	332.970795	2.772285	-0.159489	0.000013	-1.079081	-0.170038	-1.016714	-0.741053	-3.074147	-1.227839	20.000000	-24.000000	1.180000	23.560718
277.945160	254.163712	-83.733086	-77.798027	184.899872	5.652289	333.048126	2.772285	-0.318979	0.000013	-1.079081	-0.170038	-1.016714	-0.555789	-3.074147	-1.227839	20.000000	-24.000000	1.180000	23.556490
276.680969	254.163712	-79.762985	-73.951836	187.224518	5.457384	333.451050	2.772285	-0.318979	0.000013	-1.079081	-0.340076	-1.016714	-0.741053	-2.882817	-1.227839	20.000000	-24.000000	1.180000	23.577986
276.680969	255.895309	-81.206657	-75.350449	187.403351	5.457384	333.611145	2.772285	-0.318979	0.000013	-1.079081	-0.170038	-1.016714	-0.741053	-3.074147	-1.227839	20.000000	-24.000000	1.180000	23.583740
270.179321	276.289978	-30.317152	-44.406063	219.948593	5.652289	339.613007	2.772285	-0.318979	0.000013	-1.079081	-0.340076	-1.016714	-0.741053	-3.074147	-1.227839	20.000000	-20.000000	1.180000	23.791493
269.456909	275.327972	-28.332102	-43.357101	221.200317	5.652289	339.854340	2.772285	-0.159489	0.000013	-1.079081	-0.340076	-1.016714	-0.741053	-3.074147	-1.227839	20.000000	-20.000000	1.180000	23.800087
269.386292	276.289978	-29.775774	-43.881592	220.663864	5.652289	340.014404	2.772285	-0.318979	0.000013	-1.079081	-0.170038	-1.016714	-0.741053	-3.266280	-1.403245	20.000000	-20.000000	1.180000	23.805786
270.540527	276.482391	-29.234396	-43.531933	221.379135	5.457384	340.174500	2.772285	-0.318979	0.000013	-1.079081	-0.340076	-1.186166	-0.741053	-3.266280	-1.227839	20.000000	-20.000000	1.180000	23.818420
232.733887	267.247070	20.057203	-18.706491	225.492004	4.872665	313.280701	2.772285	-0.159489	0.000013	-1.079081	-0.170038	-1.016714	-0.555789	-3.074147	-1.227839	20.000000	-16.000000	1.180000	22.863191
231.891876	266.285065	17.527460	-19.755455	224.776718	5.067571	312.320221	2.772285	-0.159489	0.000013	-1.079081	-0.170038	-1.016714	-0.555789	-3.074147	-1.227839	20.000000	-16.000000	1.180000	22.820325
230.627655	263.399017	20.418596	-16.433739	224.597900	4.872665	311.359711	2.772285	-0.159489	0.000013	-1.079081	-0.170038	-1.016714	-0.741053	-3.074147	-1.227839	20.000000	-16.000000	1.180000	22.791876
228.641052	265.707855	18.973026	-19.580627	223.524994	4.872665	310.239136	2.772285	-0.159489	0.167569	-1.079081	-0.170038	-1.016714	-0.555789	-3.074147	-1.227839	20.000000	-16.000000	1.180000	22.750172
194.095352	252.816895	50.233418	-11.538583	221.379135	4.482853	286.386902	2.772285	-0.318979	0.000013	-1.079081	-0.340076	-1.016714	-0.741053	-3.074147	-1.227839	20.000000	-12.000000	1.180000	21.858716
193.373138	250.892853	51.304157	-9.615487	219.590927	4.287946	285.586517	2.772285	-0.318979	0.000013	-1.079081	-0.170038	-1.016714	-0.555789	-3.074147	-1.227839	20.000000	-12.000000	1.180000	21.835230
193.965637	251.155380	50.233418	-10.489621	220.842682	4.677759	284.946167	2.772285	-0.318979	0.000013	-1.079081	-0.340076	-1.016714	-0.555789	-3.266280	-1.227839	20.000000	-12.000000	1.180000	21.795210
193.785034	249.808197	48.968544	-10.664450	217.981552	4.287946	284.145752	2.772285	-0.159489	0.000013	-1.079081	-0.170038	-1.016714	-0.741053	-3.074147	-1.227839	20.000000	-12.000000	1.180000	21.779240
160.735016	240.570297	68.845085	-11.363758	212.974609	3.898134	266.856903	2.772285	-0.159489	0.000013	-1.079081	-0.170038	-1.016714	-0.555789	-3.074147	-1.227839	20.000000	-8.000000	1.180000	21.111438
162.360443	240.955200	71.374832	-9.091006	215.478088	4.093040	266.376648	2.772285	-0.318979	0.000013	-1.079081	-0.340076	-1.016714	-0.741053	-3.074147	-1.227839	20.000000	-8.000000	1.180000	21.084318
159.790131	239.223083	70.471352	-10.664450	213.689880	3.898134	265.576233	2.772285	-0.159489	0.000013	-1.079081	-0.170038	-1.016714	-0.741053	-3.074147	-1.227839	20.000000	-8.000000	1.180000	21.059967
160.331787	237.617081	70.272247	-9.440660	212.974609	4.093040	264.935913	2.772285	-0.318979	0.000013	-1.079081	-0.340076	-1.016714	-0.741053	-3.074147	-1.227839	20.000000	-8.000000	1.180000	21.026330
145.745132	252.887497	96.310867	-9.615487	227.280182	4.287946	276.301758	2.772285	-0.159489	0.000013	-1.079081	-0.170038	-1.016714	-0.741053	-3.266280	-1.227839	20.000000	-4.000000	1.180000	21.471851
146.248596	251.854858	97.008224	-8.566525	227.459000	4.287946	276.942078	2.772285	-0.159489	0.000013	-1.079081	-0.340076	-1.016714	-0.741053	-3.074147	-1.227839	20.000000	-4.000000	1.180000	21.497108
145.745132	252.502579	96.130165	-9.615487	227.101364	4.093040	277.262238	2.772285	-0.318979	0.000013	-1.079081	-0.170038	-1.185876	-0.741053	-3.074147	-1.227839	20.000000	-4.000000	1.180000	21.517403
145.526382	254.163712	97.188873	-9.265831	227.637817	4.093040	277.742462	2.772285	-0.159489	0.000013	-0.899234	-0.170038	-1.016714	-0.741053	-3.074147	-1.227839	20.000000	-4.000000	1.180000	21.536308
124.976006	264.819794	125.583595	-8.566525	238.903519	4.677759	288.307892	2.772285	-0.159489	0.000013	-1.079081	-0.170038	-1.016714	-0.741053	-3.074147	-1.227839	20.000000	0.000000	1.180000	21.925534
125.517807	264.434875	124.680115	-8.042045	237.294113	4.482853	288.788147	2.772285	-0.159489	0.167569	-0.899234	-0.170038	-1.016714	-0.555789	-3.074147	-1.227839	20.000000	0.000000	1.180000	21.951615
125.846008	263.665039	125.731339	-7.342736	238.367065	4.482853	289.108307	2.772285	-0.159489	0.000013	-1.079081	-0.170038	-1.016714	-0.741053	-3.074147	-1.227839	20.000000	0.000000	1.180000	21.963971
126.240219	264.434875	125.041504	-8.566525	238.724701	4.677759	289.748627	2.772285	-0.159489	0.167569	-1.079081	-0.170038	-1.016714	-0.741053	-3.074147	-1.227839	20.000000	0.000000	1.180000	21.981150
101.290688	275.789795	154.093155	-10.139969	243.731628	4.677759	300.153992	2.772285	-0.318979	0.000013	-1.079081	-0.170038	-1.185876	-0.741053	-3.074147	-1.227839	20.000000	4.000000	1.180000	22.378721
101.110138	275.712799	153.189911	-11.713411	243.373993	4.677759	300.794312	2.772285	-0.159489	0.167569	-1.079081	-0.170038	-1.185876	-0.741053	-3.266280	-1.403245	20.000000	4.000000	1.180000	22.402956
100.956055	275.789795	156.482590	-8.916179	246.056290	4.872665	301.114471	2.772285	-0.318979	0.000013	-1.079081	-0.340076	-1.185876	-0.741053	-3.074147	-1.227839	20.000000	4.000000	1.180000	22.407695
101.678459	275.019958	155.579117	-8.916179	245.341019	4.677759	301.754791	2.772285	-0.159489	0.000013	-1.079081	-0.170038	-1.016714	-0.555789	-3.074147	-1.227839	20.000000	4.000000	1.180000	22.439260
72.421074	280.408722	184.490448	-12.237892	245.341019	4.872665	310.399231	2.772285	-0.318979	0.000013	-1.079081	-0.170038	-1.185876	-0.741053	-3.074147	-1.227839	20.000000	8.000000	1.180000	22.756135
72.421074	281.563477	184.671158	-12.412720	246.056290	5.067571	310.559296	2.772285	-0.159489	0.000013	-1.079081	-0.170038	-1.185876	-0.741053	-3.074147	-1.227839	20.000000	8.000000	1.180000	22.754837
74.388168	281.755920	184.080795	-12.412720	244.983383	4.872665	310.719391	2.772285	-0.159489	0.000013	-1.079081	-0.170038	-1.185876	-0.741053	-3.074147	-1.227839	20.000000	8.000000	1.180000	22.768055
72.240479	281.948395	184.309753	-14.685472	244.089264	5.067571	311.039551	2.772285	-0.318979	0.000013	-1.079081	-0.170038	-1.016714	-0.555789	-3.074147	-1.227839	20.000000	8.000000	1.180000	22.772716
42.069038	282.718201	210.274826	-15.909259	237.294113	5.067571	317.763000	2.772285	-0.318979	0.000013	-1.079081	-0.340076	-1.185876	-0.741053	-3.074147	-1.227839	20.000000	12.000000	1.180000	23.021561
41.166267	283.488037	212.803909	-14.510644	238.903519	5.067571	318.083160	2.772285	-0.159489	0.167569	-1.079081	-0.170038	-1.355286	-0.741053	-3.266280	-1.403245	20.000000	12.000000	1.180000	23.033343
41.707928	283.295593	211.900681	-15.559606	238.188217	5.067571	318.083160	2.446135	-0.478468	-0.167151	-1.258927	-0.340076	-1.016464	-0.370527	-2.882012	-0.877028	20.000000	12.000000	1.180000	23.033343
42.791248	283.295593	211.720016	-12.937201	237.830582	5.457384	318.723511	2.609209	-0.478468	-0.334303	-1.438773	-0.340076	-1.355286	-0.741053	-2.882012	-1.052433	20.000000	12.000000	1.180000	23.042559
6.680488	280.216278	237.072952	-17.832357	224.240265	5.457384	325.446930	2.772285	-0.159489	0.167569	-1.079081	-0.170038	-1.185876	-0.555789	-3.074147	-1.227839	20.000000	16.000000	1.180000	23.288519
6.680488	281.371002	236.468857	-18.706491	226.028458	5.457384	325.927185	2.609209	-0.318979	0.000013	-1.079081	-0.170038	-1.185876	-0.555789	-3.074147	-1.052433	20.000000	16.000000	1.180000	23.305989
4.694396	283.103119	237.191452	-21.154070	223.882629	5.262477	326.567505	2.609209	-0.318979	0.000013	-0.899234	-0.170038	-1.016464	-0.555789	-2.882012	-1.052433	20.000000	16.000000	1.180000	23.336340
5.236057	284.065399	236.830170	-20.105108	224.240265	5.457384	327.047760	2.772285	-0.159489	0.000013	-1.079081	-0.170038	-1.185876	-0.741053	-3.074147	-1.227839	20.000000	16.000000	1.180000	23.346700
-33.881966	278.676636	257.785400	-48.601917	202.245407	5.652289	333.771210	2.772285	-0.318979	0.000013	-1.079081	-0.340076	-1.185876	-0.741053	-3.266280	-1.227839	20.000000	20.000000	1.180000	23.582489
-34.602856	278.021637	257.130188	-49.301224	201.172485	5.652289	334.091370	2.772285	-0.159489	0.000013	-1.079081	-0.170038	-1.185876	-0.741053	-3.074147	-1.227839	20.000000	20.000000	1.180000	23.593991
-38.928215	277.636841	260.382721	-51.224323	201.530121	5.652289	334.251465	2.772285	-0.159489	0.000013	-1.079081	-0.170038	-1.185876	-0.741053	-3.074147	-1.227839	20.000000	20.000000	1.180000	23.599741
-36.765533	277.252014	260.856415	-49.476048	202.245407	5.457384	334.571625	2.772285	-0.159489	0.000013	-1.079081	-0.340076	-1.185876	-0.741053	-3.266280	-1.227839	20.000000	20.000000	1.180000	23.618229
-83.082901	269.363525	275.488953	-94.756248	168.984879	5.652289	340.174500	2.772285	-0.159489	0.167569	-0.899234	-0.170038	-1.185876	-0.555789	-3.074147	-1.227839	20.000000	24.000000	1.180000	23.811485
-81.460892	267.054687	275.019104	-91.434540	168.448425	5.847196	339.213989	2.772285	-0.159489	0.000013	-1.079081	-0.170038	-1.185876	-0.741053	-3.074147	-1.227839	20.000000	24.000000	1.180000	23.770327
-84.344467	266.359436	273.863098	-94.231773	166.660233	5.652289	338.093414	2.772285	-0.318979	0.000013	-1.079081	-0.170038	-1.185876	-0.741053	-3.074147	-1.227839	20.000000	24.000000	1.180000	23.737303
-86.507141	264.434875	272.598572	-96.154877	163.799118	5.652289	336.652710	2.772285	-0.318979	0.167569	-0.899234	-0.170038	-1.185876	-0.555789	-3.074147	-1.227839	20.000000	24.000000	1.180000	23.685812
-121.110008	224.148926	257.785400	-130.246140	111.047218	5.457384	309.118561	2.772285	-0.159489	0.000013	-1.079081	-0.170038	-1.185876	-0.741053	-3.074147	-1.227839	20.000000	28.000000	1.180000	22.686559
-121.830879	224.981323	257.062805	-131.120285	110.331947	4.872665	307.837891	2.772285	-0.318979	0.000013	-1.079081	-0.170038	-1.016464	-0.555789	-3.074147	-1.227839	20.000000	28.000000	1.180000	22.660547
-123.092453	223.634155	258.146667	-131.120285	110.510765	5.067571	307.357666	2.772285	-0.318979	0.000013	-1.079081	-0.340076	-1.355286	-0.741053	-3.266280	-1.227839	20.000000	28.000000	1.180000	22.635284
-123.452911	222.417297	255.256317	-131.469925	107.649643	4.872665	306.237091	2.772285	-0.318979	0.000013	-1.079081	-0.340076	-1.185876	-0.741053	-3.074147	-1.227839	20.000000	28.000000	1.180000	22.600601
-158.956879	187.784866	240.262482	-168.008774	57.043591	4.287946	282.705017	2.772285	-0.159489	0.000013	-1.079081	-0.340076	-1.185876	-0.555789	-3.074147	-1.227839	20.000000	32.000000	1.180000	21.723107
-155.712860	186.245636	239.359238	-167.309464	56.685944	4.482853	281.904602	2.772285	-0.159489	0.167569	-1.079081	-0.170038	-1.185876	-0.741053	-3.266280	-1.403245	20.000000	32.000000	1.180000	21.684242
-158.416214	186.822845	237.914047	-168.882919	55.970669	4.287946	281.104187	2.772285	-0.159489	0.000013	-1.079081	-0.170038	-1.185876	-0.741053	-3.266280	-1.227839	20.000000	32.000000	1.180000	21.660565
-156.794205	184.706421	237.914047	-169.407410	54.017666	4.287946	280.303772	2.772285	-0.159489	0.000013	-1.079081	-0.170038	-1.016464	-0.555789	-3.074147	-1.227839	20.000000	32.000000	1.180000	21.629227
-186.170578	153.729630	223.281525	-201.051086	6.439202	4.093040	263.495178	2.772285	-0.159489	0.000013	-1.079081	-0.170038	-1.185876	-0.555789	-3.074147	-1.227839	20.000000	36.000000	1.180000	20.968181
-185.449677	153.344818	223.642838	-200.351776	6.973998	4.093040	263.815338	2.772285	-0.159489	0.167569	-1.079081	-0.170038	-1.185876	-0.741053	-3.074147	-1.403245	20.000000	36.000000	1.180000	20.981117
-184.188141	154.114426	223.281525	-200.351776	6.975802	4.093040	263.815338	2.772285	-0.159489	0.167569	-1.079081	-0.170038	-1.185876	-0.741053	-3.074147	-1.227839	20.000000	36.000000	1.180000	20.981117
-186.711243	154.306824	222.920242	-200.876266	5.722258	4.093040	264.455658	2.772285	-0.159489	0.000013	-1.079081	-0.170038	-1.185876	-0.555789	-3.074147	-1.227839	20.000000	36.000000	1.180000	21.006965
-240.237534	137.760223	233.759140	-259.792969	-48.002899	4.287946	279.023132	2.772285	-0.318979	0.000013	-1.079081	-0.170038	-1.185876	-0.741053	-3.074147	-1.227839	20.000000	40.000000	1.180000	21.578992
-240.597977	138.722229	233.578476	-262.065704	-48.538254	4.287946	279.503387	2.772285	-0.159489	0.000013	-0.899234	-0.170038	-1.185876	-0.555789	-3.074147	-1.227839	20.000000	40.000000	1.180000	21.597844
-241.138641	137.182999	232.494598	-260.667114	-50.144295	4.287946	279.823547	2.772285	-0.159489	0.000013	-1.079081	-0.170038	-1.185876	-0.555789	-3.074147	-1.227839	20.000000	40.000000	1.180000	21.610403
-243.121124	138.722229	233.759140	-261.890900	-49.430496	4.287946	279.823547	2.772285	-0.318979	0.000013	-1.079081	-0.340076	-1.185876	-0.741053	-3.074147	-1.227839	20.000000	40.000000	1.180000	21.610403
-287.996674	115.249115	234.662384	-313.464844	-111.680435	4.677759	289.748627	2.772285	-0.318979	0.000013	-1.079081	-0.170038	-1.185876	-0.741053	-3.074147	-1.227839	20.000000	44.000000	1.180000	21.981150
-287.636261	114.671913	232.675247	-313.464844	-112.750854	4.677759	290.228882	2.772285	-0.318979	0.000013	-1.079081	-0.170038	-1.185876	-0.741053	-3.074147	-1.227839	20.000000	44.000000	1.180000	21.999658
-289.798920	116.211136	235.384979	-312.940369	-109.182800	4.677759	290.709106	2.772285	-0.159489	0.167569	-1.079081	-0.170038	-1.185876	-0.555789	-3.074147	-1.227839	20.000000	44.000000	1.180000	22.018149
-290.159363	116.788338	234.120438	-316.436920	-112.215652	4.287946	291.189392	2.772285	-0.159489	0.000013	-1.079081	-0.170038	-1.185876	-0.555789	-3.074147	-1.227839	20.000000	44.000000	1.180000	22.051614
247.539291	130.256516	-327.808594	-334.618958	-68.328445	5.067571	305.436676	2.772285	-0.318979	0.000013	-1.079081	-0.170038	-1.185876	-0.741053	-3.075004	-1.227839	24.000000	-44.000000	1.180000	22.563249
246.636520	130.833725	-328.710632	-337.591034	-71.718109	4.872665	305.596741	2.772285	-0.318979	0.000013	-1.079081	-0.170038	-1.186168	-0.741053	-3.074147	-1.227839	24.000000	-44.000000	1.180000	22.576577
248.622604	131.603333	-328.349823	-335.493073	-69.042061	4.679089	306.237091	2.772285	-0.318979	0.000013	-1.079081	-0.170038	-1.185876	-0.741053	-3.075004	-1.227839	24.000000	-44.000000	1.180000	22.607859
248.803146	130.064117	-327.267365	-334.444092	-70.290886	5.262477	306.397186	2.772285	-0.318979	0.000013	-1.079081	-0.170038	-1.185876	-0.555789	-3.075004	-1.227839	24.000000	-44.000000	1.180000	22.591985
259.275269	164.888962	-298.040588	-304.548676	-20.159567	4.679089	313.921021	2.772285	-0.159489	0.000013	-1.079081	-0.170038	-1.186168	-0.741053	-3.074147	-1.227839	24.000000	-40.000000	1.180000	22.894080
259.455841	163.157349	-297.499359	-302.975281	-19.624359	4.872665	314.081116	2.772285	-0.159489	0.000013	-1.079081	-0.170038	-1.185876	-0.741053	-3.075004	-1.227839	24.000000	-40.000000	1.180000	22.892840
260.719727	164.311752	-295.154022	-299.303894	-16.056292	5.262477	314.561340	2.772285	-0.159489	0.167569	-1.079081	-0.170038	-1.186168	-0.741053	-3.075004	-1.227839	24.000000	-40.000000	1.180000	22.896186
259.094727	164.311752	-296.777710	-303.499756	-19.981167	5.067571	314.721436	2.772285	-0.159489	0.000013	-1.079081	-0.170038	-1.186168	-0.741053	-3.075004	-1.227839	24.000000	-40.000000	1.180000	22.909323
265.955780	197.404984	-263.040680	-268.534332	27.724304	4.874050	321.925140	2.772285	-0.318979	-0.167113	-1.079081	-0.339992	-1.185876	-0.741053	-3.075004	-1.227839	24.000000	-36.000000	1.180000	23.181344
268.664093	195.673370	-260.154083	-263.639191	29.334101	5.069011	322.245300	2.772285	-0.159489	0.000013	-1.079081	-0.170038	-1.186168	-0.741053	-3.074147	-1.402888	24.000000	-36.000000	1.180000	23.185921
265.955780	196.250565	-259.793274	-264.338470	29.870703	5.067571	322.405396	2.772285	-0.159489	0.167569	-1.079081	-0.170038	-1.186168	-0.741053	-3.075004	-1.227839	24.000000	-36.000000	1.180000	23.191825
268.483521	197.597397	-260.514923	-265.037781	30.049566	5.262477	322.885620	2.772285	-0.159489	0.000013	-1.079081	-0.170038	-1.186168	-0.741053	-3.075004	-1.227839	24.000000	-36.000000	1.180000	23.202248
272.094604	227.804565	-221.365494	-223.428925	75.660500	5.262477	330.729645	2.772285	-0.318905	0.000013	-1.079081	-0.340076	-1.186168	-0.741053	-3.267192	-1.403245	24.000000	-32.000000	1.180000	23.487002
271.011292	227.419785	-219.380981	-222.205139	77.270302	5.263972	331.049835	2.772285	-0.159489	0.000013	-1.079081	-0.339992	-1.186168	-0.741053	-3.074147	-1.402888	24.000000	-32.000000	1.180000	23.498498
271.733490	227.804565	-219.561386	-222.554825	76.912560	5.263972	331.690155	2.772285	-0.159489	0.167569	-1.079081	-0.339992	-1.185876	-0.741053	-3.075004	-1.402888	24.000000	-32.000000	1.180000	23.521580
271.372375	227.804565	-222.989197	-226.400986	74.050697	5.263972	331.850220	2.772285	-0.159489	-0.167113	-1.079081	-0.339992	-1.185876	-0.555789	-3.267192	-1.227839	24.000000	-32.000000	1.180000	23.527346
270.289062	254.933334	-174.638809	-180.945984	118.409561	5.263972	336.012360	2.772285	-0.159489	-0.000039	-1.079081	-0.339992	-1.185876	-0.741053	-3.075004	-1.227839	24.000000	-28.000000	1.180000	23.676792
269.566864	254.548523	-176.803741	-181.820114	116.799767	5.069011	336.332520	2.772285	-0.159489	-0.167113	-1.079081	-0.170038	-1.186168	-0.741053	-3.075004	-1.402888	24.000000	-28.000000	1.180000	23.695223
269.566864	253.009293	-174.277985	-180.421494	116.263176	5.458934	336.652710	2.772285	-0.318979	0.000013	-1.079081	-0.170038	-1.186168	-0.741053	-3.075004	-1.227839	24.000000	-28.000000	1.180000	23.692729
268.122406	254.163727	-174.458389	-182.169769	116.799767	5.652289	336.972870	2.772285	-0.318905	0.000013	-1.079081	-0.170038	-1.186168	-0.741053	-3.075004	-1.227839	24.000000	-28.000000	1.180000	23.697264
249.344818	258.396576	-108.247200	-125.001335	147.385925	5.263972	320.324310	2.772285	-0.318979	-0.167113	-1.079081	-0.339992	-1.185876	-0.555789	-3.075004	-1.227839	24.000000	-24.000000	1.180000	23.108452
247.178192	257.242157	-110.412132	-126.225121	145.239532	5.263972	319.043671	2.772285	-0.318905	0.167569	-1.079081	-0.339992	-1.186168	-0.555789	-3.075004	-1.227839	24.000000	-24.000000	1.180000	23.061439
246.455948	256.664948	-111.314194	-126.749603	143.450867	4.874050	317.923065	2.772285	-0.159489	-0.000039	-1.079081	-0.339992	-1.185876	-0.555789	-3.075004	-1.227839	24.000000	-24.000000	1.180000	23.034573
246.455948	256.280151	-107.705956	-124.476845	145.776123	5.263972	317.442841	2.772285	-0.318979	-0.167113	-1.079081	-0.339992	-1.016714	-0.555789	-3.075004	-1.402888	24.000000	-24.000000	1.180000	23.002537
217.928436	253.778915	-54.304008	-88.986954	160.979782	4.679089	296.952332	2.772285	-0.318979	-0.167113	-1.079081	-0.339992	-1.186168	-0.555789	-3.267192	-1.402888	24.000000	-20.000000	1.180000	22.257098
215.942368	253.201706	-50.876179	-85.665245	161.695236	4.679089	295.991821	2.772285	-0.318905	0.000013	-1.079081	-0.170038	-1.016714	-0.555789	-3.075004	-1.402888	24.000000	-20.000000	1.180000	22.220495
216.664581	251.662476	-47.809174	-82.343536	164.557098	4.679089	295.031342	2.772285	-0.478357	0.000013	-1.079081	-0.170038	-1.186168	-0.741053	-3.075004	-1.402888	24.000000	-20.000000	1.180000	22.183834
216.122910	249.738464	-52.319477	-85.490417	158.654510	4.679089	294.070862	2.772285	-0.318905	-0.167113	-1.079081	-0.339992	-1.186168	-0.741053	-3.075004	-1.402888	24.000000	-20.000000	1.180000	22.147112
188.859299	246.467606	-11.546368	-59.441193	169.565369	4.289165	276.942078	2.772285	-0.318905	-0.167113	-1.079081	-0.339992	-1.186168	-0.555789	-3.075004	-1.402888	24.000000	-16.000000	1.180000	21.497060
188.137070	246.660019	-12.809251	-61.014637	168.849899	4.289165	276.365875	2.772285	-0.318905	-0.167113	-1.079081	-0.339992	-1.186168	-0.741053	-3.267192	-1.227839	24.000000	-16.000000	1.180000	21.474333
187.956512	244.736008	-13.350488	-60.664978	168.134430	4.289165	275.821503	2.772285	-0.318905	-0.167113	-1.079081	-0.339992	-1.186168	-0.741053	-3.075004	-1.402888	24.000000	-16.000000	1.180000	21.452839
187.414856	243.581604	-10.644307	-58.217400	168.671021	3.899244	275.021057	2.772285	-0.478357	-0.167113	-1.079081	-0.339992	-1.186168	-0.555789	-3.075004	-1.402888	24.000000	-16.000000	1.180000	21.436616
168.276154	247.044830	17.888880	-51.224323	178.687546	3.899244	269.800995	2.772285	-0.318905	-0.167113	-0.899234	-0.170038	-1.186168	-0.741053	-3.267192	-1.402888	24.000000	-12.000000	1.180000	21.229248
168.276154	248.199249	19.153751	-51.224323	180.833939	4.289165	270.601593	2.772285	-0.318905	0.000013	-1.258927	-0.339992	-1.186168	-0.741053	-3.267192	-1.402888	24.000000	-12.000000	1.180000	21.245635
169.540039	248.584061	18.611664	-51.049492	180.476212	4.094204	271.402191	2.772285	-0.318905	0.000013	-1.079081	-0.170038	-1.016714	-0.741053	-3.075004	-1.402888	24.000000	-12.000000	1.180000	21.285309
167.012283	249.353653	18.069576	-53.846729	181.728271	4.094204	272.042664	2.772285	-0.478357	-0.000039	-1.079081	-0.339992	-1.186168	-0.555789	-3.075004	-1.402888	24.000000	-12.000000	1.180000	21.310794
156.720718	266.669891	48.426483	-49.825706	200.509247	4.484128	286.293274	2.772285	-0.478357	0.167569	-1.079081	-0.339992	-1.186168	-0.741053	-3.075004	-1.402888	24.000000	-8.000000	1.180000	21.855036
156.901276	268.401520	46.077438	-52.273285	199.614914	4.289165	286.293274	2.772285	-0.318905	-0.167113	-1.079081	-0.339992	-1.186168	-0.741053	-3.075004	-1.402888	24.000000	-8.000000	1.180000	21.862596
156.901276	267.824280	48.787876	-49.650879	200.509247	4.484128	286.613525	2.772285	-0.318905	-0.167113	-1.079081	-0.339992	-1.186168	-0.741053	-3.075004	-1.402888	24.000000	-8.000000	1.180000	21.867451
155.998489	269.171112	48.065094	-51.748802	201.761307	4.289165	286.933777	2.772285	-0.318905	-0.167113	-1.079081	-0.509988	-1.186168	-0.555789	-3.075004	-1.402888	24.000000	-8.000000	1.180000	21.887409
137.401443	282.831696	78.602699	-50.175362	215.891769	4.679089	299.262939	2.772285	-0.318905	-0.167113	-1.079081	-0.339992	-1.186168	-0.741053	-3.075004	-1.402888	24.000000	-4.000000	1.180000	22.344903
138.665329	283.408905	77.879913	-49.650879	215.176300	4.874050	300.223663	2.772285	-0.318905	-0.167113	-1.079081	-0.339992	-1.186168	-0.741053	-3.075004	-1.402888	24.000000	-4.000000	1.180000	22.373926
137.040344	284.370911	77.337830	-52.098454	213.924225	4.484128	300.543915	2.772285	-0.318905	-0.167113	-1.079081	-0.339992	-1.186168	-0.741053	-3.075004	-1.402888	24.000000	-4.000000	1.180000	22.400809
139.748657	284.835236	78.060608	-50.000530	215.891769	4.289165	301.504608	2.772285	-0.318905	-0.167113	-1.079081	-0.339992	-1.186168	-0.741053	-3.075004	-1.402888	24.000000	-4.000000	1.180000	22.444487
115.373878	299.378326	111.489349	-50.874668	228.054672	4.874050	313.833801	2.772285	-0.318905	-0.000039	-1.079081	-0.339992	-1.186168	-0.741053	-3.075004	-1.402888	24.000000	0.000000	1.180000	22.883631
114.832222	300.039307	109.863075	-53.147415	225.729401	4.679089	314.561340	2.772285	-0.318905	-0.000039	-1.079081	-0.339992	-1.186168	-0.555789	-3.075004	-1.402888	24.000000	0.000000	1.180000	22.917770
115.734985	299.076996	110.043770	-51.748802	225.550568	4.679089	314.954651	2.772285	-0.478357	-0.167113	-1.079081	-0.339992	-1.186168	-0.555789	-3.075004	-1.402888	24.000000	0.000000	1.180000	22.932309
115.373878	298.884552	110.766563	-51.224323	226.981476	4.874050	315.681946	2.935360	-0.318905	-0.000039	-1.079081	-0.339992	-1.186168	-0.741053	-3.075004	-1.402888	24.000000	0.000000	1.180000	22.951972
84.318634	306.967712	146.182953	-52.797768	232.526352	5.263972	324.882050	2.772285	-0.318905	-0.000039	-1.079081	-0.339992	-1.186168	-0.555789	-3.075004	-1.402888	24.000000	4.000000	1.180000	23.274998
83.776970	309.383240	146.002258	-55.594994	233.062927	5.263972	325.042145	2.772285	-0.318905	-0.167113	-1.079081	-0.339992	-1.186168	-0.741053	-3.075004	-1.402888	24.000000	4.000000	1.180000	23.280827
86.124168	308.314911	144.556702	-54.720863	231.631989	5.263972	325.682648	2.772285	-0.318905	-0.167113	-1.079081	-0.339992	-1.186168	-0.741053	-3.075004	-1.402888	24.000000	4.000000	1.180000	23.304130
82.513092	309.575653	144.918076	-57.168438	231.095383	5.263972	325.842773	2.772285	-0.318905	-0.167113	-1.079081	-0.339992	-1.186168	-0.555789	-3.075004	-1.402888	24.000000	4.000000	1.180000	23.309953
49.291191	314.281036	175.274994	-62.413254	229.843338	5.458934	334.091370	2.772285	-0.318905	-0.167113	-1.079081	-0.339992	-1.016714	-0.555789	-3.267192	-1.402888	24.000000	8.000000	1.180000	23.600935
50.193962	315.243347	176.539871	-61.713940	230.022217	5.458934	334.329071	2.772285	-0.318905	-0.000039	-1.079081	-0.339992	-1.186168	-0.741053	-3.075004	-1.402888	24.000000	8.000000	1.180000	23.609469
50.735622	315.050873	174.552200	-61.539116	229.306732	5.263972	334.969543	2.772285	-0.318905	-0.000039	-0.899234	-0.339992	-1.186168	-0.555789	-3.075004	-1.402888	24.000000	8.000000	1.180000	23.639437
47.485653	316.502136	175.636383	-63.462215	230.022217	5.458934	335.129669	2.772285	-0.478357	-0.000039	-1.079081	-0.339992	-1.016714	-0.555789	-3.075004	-1.402888	24.000000	8.000000	1.180000	23.638189
6.861042	307.545074	198.946152	-68.357368	212.493286	5.263972	333.048126	2.772285	-0.318905	-0.000039	-1.079081	-0.339992	-1.186168	-0.741053	-3.075004	-1.402888	24.000000	12.000000	1.180000	23.570455
6.861042	308.122467	198.404068	-68.881851	213.924225	5.653895	331.530060	2.772285	-0.318905	-0.167113	-1.079081	-0.339992	-1.186168	-0.555789	-3.075004	-1.402888	24.000000	12.000000	1.180000	23.501755
9.930457	305.043152	197.681274	-66.783928	213.387634	5.458934	330.005859	2.772285	-0.478357	-0.167113	-1.079081	-0.339992	-1.186168	-0.741053	-3.075004	-1.402888	24.000000	12.000000	1.180000	23.453775
8.666580	304.080872	198.223373	-66.259445	213.924225	5.263972	328.564789	2.772285	-0.318905	-0.167113	-1.079081	-0.339992	-1.186168	-0.741053	-3.075004	-1.402888	24.000000	12.000000	1.180000	23.408705
-29.368702	271.479950	197.319885	-68.707024	174.931351	4.484128	299.993866	2.772285	-0.318905	-0.167113	-1.079081	-0.339992	-1.186168	-0.741053	-3.075004	-1.402888	24.000000	16.000000	1.180000	22.379990
-28.114819	269.246277	197.861969	-65.909798	175.825684	4.289165	299.583191	2.772285	-0.318905	-0.000039	-1.079081	-0.339992	-1.016714	-0.555789	-3.075004	-1.402888	24.000000	16.000000	1.180000	22.371821
-30.998392	269.053833	197.681274	-65.734962	173.858154	4.289165	298.622498	2.772285	-0.318905	-0.000039	-1.079081	-0.339992	-1.186168	-0.741053	-3.075004	-1.402888	24.000000	16.000000	1.180000	22.335400
-29.368702	268.786316	197.681274	-66.958755	175.646805	4.484128	297.912781	2.772285	-0.318905	-0.000039	-1.079081	-0.339992	-1.186168	-0.741053	-3.075004	-1.402888	24.000000	16.000000	1.180000	22.301047
-65.764267	244.804352	199.126846	-81.644218	141.304459	4.094204	280.944061	2.772285	-0.318905	-0.167113	-1.079081	-0.339992	-1.016714	-0.555789	-3.075004	-1.402888	24.000000	20.000000	1.180000	21.661880
-66.502365	244.543625	198.584763	-82.343536	141.125610	4.094204	280.368866	2.935360	-0.318905	-0.000039	-1.079081	-0.339992	-1.186168	-0.741053	-3.075004	-1.402888	24.000000	20.000000	1.180000	21.639365
-65.060577	244.034531	197.500580	-80.770088	140.231262	4.289165	279.568298	2.772285	-0.318905	-0.167113	-1.079081	-0.339992	-1.186168	-0.741053	-3.075004	-1.402888	24.000000	20.000000	1.180000	21.600343
-63.421986	241.917526	197.319885	-79.721130	139.694672	4.094204	279.087921	2.772285	-0.478357	-0.167113	-1.079081	-0.339992	-1.186168	-0.741053	-3.267192	-1.402888	24.000000	20.000000	1.180000	21.589142
-99.122772	218.761688	197.139191	-108.217926	105.531189	3.899244	264.517059	2.772285	-0.318905	-0.000039	-1.079081	-0.339992	-1.186168	-0.741053	-3.075004	-1.402888	24.000000	24.000000	1.180000	21.017258
-97.500763	219.146469	195.874329	-107.168968	104.815720	3.704282	264.997437	2.772285	-0.318905	-0.167113	-1.079081	-0.339992	-1.186168	-0.555789	-3.075004	-1.402888	24.000000	24.000000	1.180000	21.044471
-96.394211	219.015228	197.319885	-105.945183	106.783257	3.899244	265.477783	2.772285	-0.478357	-0.000039	-1.079081	-0.339992	-1.186168	-0.741053	-3.075004	-1.402888	24.000000	24.000000	1.180000	21.055961
-101.799500	219.400131	196.777802	-110.490692	104.100258	3.899244	265.958130	2.772285	-0.318905	-0.000039	-1.079081	-0.339992	-1.186168	-0.741053	-3.075004	-1.402888	24.000000	24.000000	1.180000	21.075285
-148.465103	217.860474	215.028091	-157.519165	74.766167	4.484128	281.904572	2.772285	-0.478357	-0.167113	-1.079081	-0.339992	-1.186168	-0.555789	-3.267192	-1.402888	24.000000	28.000000	1.180000	21.684191
-147.924576	218.437851	216.292953	-157.169495	76.197098	4.484128	282.544891	2.772285	-0.318905	-0.000039	-1.079081	-0.339992	-1.186168	-0.741053	-3.075004	-1.402888	24.000000	28.000000	1.180000	21.709201
-149.185806	219.015228	217.015747	-158.568115	76.018234	4.289165	283.185211	2.772285	-0.318905	-0.167113	-1.079081	-0.339992	-1.186168	-0.741053	-3.075004	-1.402888	24.000000	28.000000	1.180000	21.741784
-147.744400	218.761688	217.557831	-154.547104	77.806900	4.484128	283.825531	2.772285	-0.318905	-0.167113	-1.079081	-0.339992	-1.186168	-0.741053	-3.075004	-1.402888	24.000000	28.000000	1.180000	21.759136
-201.436874	209.584854	230.025833	-211.191055	36.131023	4.679089	296.472046	2.772285	-0.318905	-0.167113	-1.079081	-0.339992	-1.186168	-0.741053	-3.458415	-1.402888	24.000000	32.000000	1.180000	22.238803
-202.517929	210.295975	230.929337	-212.939331	36.488758	4.679089	297.112366	2.772285	-0.318905	-0.000039	-1.079081	-0.339992	-1.186168	-0.741053	-3.075004	-1.402888	24.000000	32.000000	1.180000	22.263190
-202.698105	210.739594	231.832794	-213.638657	37.025356	4.679089	297.752686	2.772285	-0.478357	-0.167113	-1.079081	-0.339992	-1.186168	-0.741053	-3.267192	-1.402888	24.000000	32.000000	1.180000	22.287551
-204.319702	210.295975	232.916992	-215.561722	36.667622	4.874050	298.553101	2.772285	-0.318905	-0.000039	-1.079081	-0.339992	-1.186168	-0.741053	-3.075004	-1.227527	24.000000	32.000000	1.180000	22.310560
-253.687943	198.367020	241.048294	-272.730164	-10.882598	5.069011	310.079010	2.772285	-0.318905	-0.167113	-1.079081	-0.339992	-1.186168	-0.741053	-3.458415	-1.402888	24.000000	36.000000	1.180000	22.736889
-258.552704	197.597412	242.132477	-275.002930	-14.629067	4.679089	310.559265	2.772285	-0.318905	-0.167113	-1.079081	-0.339992	-1.186168	-0.741053	-3.075004	-1.402888	24.000000	36.000000	1.180000	22.769299
-259.453583	197.597412	243.035950	-277.450500	-14.629067	4.679089	311.199585	2.935360	-0.318905	-0.000039	-1.079081	-0.339992	-1.186168	-0.555789	-3.075004	-1.402888	24.000000	36.000000	1.180000	22.793119
-254.228485	197.845032	239.783432	-273.953949	-14.272262	5.069011	311.519775	2.772285	-0.318905	0.000000	-1.079081	-0.339992	-1.186168	-0.555789	-3.075004	-1.402888	24.000000	36.000000	1.180000	22.790526
-309.002014	176.817947	247.011261	-337.940643	-75.107773	4.874050	320.324249	2.772285	-0.318905	-0.167113	-1.079081	-0.339992	-1.186168	-0.555789	-3.075004	-1.402888	24.000000	40.000000	1.180000	23.122745
-305.758850	176.240738	247.914734	-332.171387	-70.826096	4.874050	320.004089	2.772285	-0.318905	-0.167113	-1.079081	-0.339992	-1.186168	-0.741053	-3.075004	-1.402888	24.000000	40.000000	1.180000	23.111008
-301.614777	175.663528	245.023605	-328.325165	-71.896515	5.458934	320.324249	2.772285	-0.318905	-0.000039	-1.079081	-0.339992	-1.186168	-0.741053	-3.075004	-1.402888	24.000000	40.000000	1.180000	23.101300
-302.695831	178.164764	243.939407	-329.374146	-69.577271	4.874050	320.164185	2.772285	-0.318905	-0.000039	-1.079081	-0.339992	-1.186168	-0.555789	-3.266282	-1.402888	24.000000	40.000000	1.180000	23.116878
-363.955719	153.344833	243.216644	-392.661530	-141.116989	5.263972	331.690094	2.772285	-0.318905	-0.167113	-1.079081	-0.339992	-1.186168	-0.741053	-3.075004	-1.402888	24.000000	44.000000	1.180000	23.521577
-359.991852	152.382812	243.758728	-392.661530	-142.365799	5.263972	332.330414	2.772285	-0.318905	-0.167113	-1.079081	-0.339992	-1.186168	-0.741053	-3.267192	-1.402888	24.000000	44.000000	1.180000	23.544636
-359.811676	152.767624	244.120102	-392.137024	-141.652191	5.458934	332.650604	2.772285	-0.318905	-0.000039	-1.079081	-0.339992	-1.016714	-0.555789	-3.266282	-1.402888	24.000000	44.000000	1.180000	23.549144
-360.892731	154.114456	244.120102	-392.836334	-141.473785	5.069011	333.130859	2.772285	-0.478357	-0.167113	-1.079081	-0.339992	-1.186168	-0.555789	-3.075004	-1.402888	24.000000	44.000000	1.180000	23.580438
239.115906	159.116913	-376.437958	-393.885315	-100.441040	4.874050	325.767059	2.772285	-0.318905	-0.000039	-1.079081	-0.339992	-1.016714	-0.741053	-3.075004	-1.402888	28.000000	-44.000000	1.180000	23.321373
237.851685	157.192886	-374.452911	-392.661530	-102.225067	5.069011	324.806580	2.772285	-0.478357	-0.167113	-1.079081	-0.339992	-1.186168	-0.741053	-3.075004	-1.402888	28.000000	-44.000000	1.180000	23.279349
236.045700	154.306839	-369.941437	-388.640472	-100.619431	5.069011	323.525909	2.772285	-0.318905	-0.167113	-1.079081	-0.339992	-1.186168	-0.741053	-3.458415	-1.402888	28.000000	-44.000000	1.180000	23.232681
237.247711	156.808090	-372.648315	-390.738434	-100.441040	5.069011	322.245270	2.772285	-0.478357	-0.167113	-1.079081	-0.339992	-1.186168	-0.741053	-3.458415	-1.402888	28.000000	-44.000000	1.180000	23.185920
225.390228	172.200287	-306.239319	-323.954498	-45.671238	4.679089	299.993866	2.772285	-0.318905	-0.000039	-1.079081	-0.339992	-1.186168	-0.741053	-3.266282	-1.402888	28.000000	-40.000000	1.180000	22.372607
223.164536	170.661057	-306.780701	-325.003479	-47.633671	4.679089	299.193420	2.772285	-0.318905	-0.167113	-1.079081	-0.339992	-1.186168	-0.555789	-3.075004	-1.403245	28.000000	-40.000000	1.180000	22.342266
223.164505	171.430679	-305.878387	-323.430023	-46.384850	4.484128	298.553101	2.772285	-0.318905	-0.167113	-1.258927	-0.339992	-1.186168	-0.741053	-3.458415	-1.402888	28.000000	-40.000000	1.180000	22.325366
224.789520	172.392685	-306.239319	-323.080353	-44.600815	4.679089	297.752686	2.772285	-0.318905	-0.167113	-1.079081	-0.339992	-1.016714	-0.741053	-3.075004	-1.402888	28.000000	-40.000000	1.180000	22.287551
209.136124	182.397614	-253.725677	-264.862976	-4.638486	3.899244	277.902527	2.772285	-0.478357	-0.167113	-1.079081	-0.339992	-1.186168	-0.741053	-3.266282	-1.403245	28.000000	-36.000000	1.180000	21.550229
209.261871	180.665985	-251.018784	-262.415405	-2.676051	4.094204	277.262177	2.772285	-0.318905	-0.167113	-1.079081	-0.339992	-1.186168	-0.741053	-3.266282	-1.402888	28.000000	-36.000000	1.180000	21.517355
208.774918	180.473587	-248.311905	-259.792969	-0.713612	3.899244	276.461792	2.772285	-0.318905	-0.167113	-1.079081	-0.339992	-1.186168	-0.741053	-3.458415	-1.403245	28.000000	-36.000000	1.180000	21.493498
207.998001	180.281189	-250.657867	-261.890900	-3.389663	4.094204	275.661377	2.772285	-0.318905	-0.167151	-1.079081	-0.340076	-1.186168	-0.741053	-3.266282	-1.402888	28.000000	-36.000000	1.180000	21.454215
200.828476	193.556961	-209.332703	-217.309998	31.472334	3.899244	268.457672	2.935360	-0.318905	0.000000	-1.079081	-0.340076	-1.016714	-0.555789	-3.266282	-1.402888	28.000000	-32.000000	1.180000	21.175555
200.234177	193.172150	-210.415466	-218.708588	30.041775	4.094204	268.937927	2.772285	-0.318905	0.000000	-1.079081	-0.340076	-1.016714	-0.741053	-3.458415	-1.402888	28.000000	-32.000000	1.180000	21.186969
202.400833	194.711380	-210.054535	-217.834488	31.659367	3.704282	269.738342	2.934689	-0.318905	-0.167151	-1.079081	-0.340076	-1.186168	-0.741053	-3.075004	-1.403245	28.000000	-32.000000	1.180000	21.234528
202.400818	195.096176	-210.415466	-218.533783	32.187614	3.899244	270.698822	2.772285	-0.318905	-0.167151	-1.079081	-0.340076	-1.186168	-0.741053	-3.266282	-1.402888	28.000000	-32.000000	1.180000	21.265058
209.984070	225.303375	-179.015549	-190.736282	66.521049	4.484128	286.867096	2.772285	-0.318905	0.000000	-1.079081	-0.339992	-1.016714	-0.741053	-3.266282	-1.403245	28.000000	-28.000000	1.180000	21.877276
210.219727	225.495773	-180.459229	-192.134918	66.180580	4.482861	287.507446	3.097726	-0.318905	-0.167151	-1.079081	-0.340076	-1.016714	-0.555789	-3.266282	-1.403245	28.000000	-28.000000	1.180000	21.902116
210.761536	226.457779	-177.752335	-189.337677	68.845703	4.289165	287.987701	2.772285	-0.318905	0.000000	-1.079081	-0.339992	-1.016714	-0.741053	-3.458415	-1.578651	28.000000	-28.000000	1.180000	21.928178
210.886856	226.265381	-179.015549	-190.211807	67.772789	4.289165	288.628021	2.772285	-0.318905	0.000000	-1.079081	-0.340076	-1.186168	-0.741053	-3.266282	-1.402888	28.000000	-28.000000	1.180000	21.952911
209.316711	252.239716	-136.066254	-159.791916	101.238396	4.677767	300.634186	3.097726	-0.478357	0.000000	-1.079081	-0.340076	-1.186168	-0.741053	-3.266282	-1.403245	28.000000	-24.000000	1.180000	22.396898
211.789612	253.201721	-139.675446	-161.540176	99.066284	4.679089	301.274506	2.772285	-0.318905	0.000000	-1.079081	-0.339992	-1.186168	-0.555789	-3.458415	-1.402888	28.000000	-24.000000	1.180000	22.421064
210.761536	253.971359	-138.412231	-161.540176	100.165192	4.482861	301.434570	2.934689	-0.478357	-0.167151	-1.079081	-0.340076	-1.016714	-0.741053	-3.458415	-1.403245	28.000000	-24.000000	1.180000	22.434527
212.386948	253.394135	-142.382339	-164.162582	97.456902	4.679089	302.234985	2.772285	-0.318905	0.000000	-1.079081	-0.339992	-1.186168	-0.926066	-3.266282	-1.403245	28.000000	-24.000000	1.180000	22.457338
208.178543	278.214050	-96.545685	-138.987503	131.432693	4.874050	313.120575	2.772285	-0.318905	-0.167151	-1.258927	-0.340076	-1.186168	-0.741053	-3.266282	-1.403245	28.000000	-20.000000	1.180000	22.857203
207.871902	277.444458	-96.545685	-139.162323	129.823334	4.874050	313.760895	2.772285	-0.318905	0.000000	-1.079081	-0.339992	-1.016714	-0.741053	-3.266282	-1.403245	28.000000	-20.000000	1.180000	22.880931
209.081314	278.021667	-95.282471	-138.463013	131.611511	5.067579	314.241150	2.934689	-0.318905	0.000000	-1.079081	-0.340076	-1.016714	-0.555789	-3.266282	-1.403245	28.000000	-20.000000	1.180000	22.891549
209.677917	278.406464	-99.974411	-141.260239	128.571564	5.067579	314.721405	2.772285	-0.318905	0.000000	-1.079081	-0.339992	-1.016714	-0.926066	-3.266282	-1.403245	28.000000	-20.000000	1.180000	22.909322
199.925461	299.570709	-58.649246	-126.749603	158.434509	4.872673	325.927124	2.772285	-0.318905	-0.167113	-1.079081	-0.339992	-1.016714	-0.926066	-3.458415	-1.403245	28.000000	-16.000000	1.180000	23.327239
200.234177	299.955536	-59.010166	-126.574768	158.255692	5.263972	326.407379	2.772285	-0.318905	0.000000	-1.079081	-0.339992	-1.016714	-0.741053	-3.266282	-1.402888	28.000000	-16.000000	1.180000	23.330470
200.595276	300.340332	-58.649246	-127.448906	157.003952	5.263972	326.887665	2.934689	-0.318905	-0.167151	-1.079081	-0.340076	-1.186168	-0.741053	-3.458415	-1.402888	28.000000	-16.000000	1.180000	23.347910
199.203064	299.763123	-54.679146	-125.525803	159.865067	5.262486	327.207825	2.772285	-0.318905	0.000000	-1.079081	-0.340076	-1.016714	-0.926066	-3.266282	-1.403245	28.000000	-16.000000	1.180000	23.359582
182.407150	316.502167	-20.030975	-121.329956	178.998810	5.457392	335.532074	2.934689	-0.318905	-0.167151	-1.079081	-0.340076	-1.186168	-0.926066	-3.266282	-1.403245	28.000000	-12.000000	1.180000	23.652666
182.901001	317.464172	-21.835567	-123.253059	178.283524	5.263972	336.012329	2.772285	-0.318905	0.000000	-1.079081	-0.339992	-1.016714	-0.741053	-3.266282	-1.403245	28.000000	-12.000000	1.180000	23.676791
182.901001	318.233795	-18.406841	-120.980309	180.250549	5.263972	336.332489	2.772285	-0.318905	-0.167151	-1.079081	-0.340076	-1.186168	-0.741053	-3.266282	-1.403245	28.000000	-12.000000	1.180000	23.688248
182.359344	316.694580	-20.933271	-121.679619	179.177643	5.067579	336.652649	2.934689	-0.318905	0.000000	-1.079081	-0.340076	-1.186168	-0.741053	-3.458415	-1.403245	28.000000	-12.000000	1.180000	23.706721
153.831833	314.193329	15.174490	-109.966202	187.045700	5.457392	326.407379	2.934689	-0.318905	0.000000	-1.079081	-0.340076	-1.016714	-0.741053	-3.266282	-1.403245	28.000000	-8.000000	1.180000	23.323444
151.484634	312.846527	16.980976	-110.141029	187.045700	5.067579	324.966644	2.934689	-0.318905	-0.167151	-1.079081	-0.340076	-1.016714	-0.741053	-3.458415	-1.403245	28.000000	-8.000000	1.180000	23.285228
151.304092	311.114899	12.645411	-111.714478	183.111664	5.262486	324.006165	2.772285	-0.478357	0.000000	-1.079081	-0.339992	-1.186168	-0.926066	-3.266282	-1.403245	28.000000	-8.000000	1.180000	23.243139
150.440750	309.383270	13.006708	-111.714478	180.608185	4.872673	322.725494	2.934689	-0.318905	-0.167151	-1.079081	-0.340076	-1.186168	-0.926066	-3.266282	-1.403245	28.000000	-8.000000	1.180000	23.210635
115.765335	291.105042	46.246033	-95.280724	175.780045	4.872673	300.794250	2.934689	-0.318905	-0.167151	-1.079081	-0.340076	-1.016714	-0.926066	-3.458415	-1.403245	28.000000	-4.000000	1.180000	22.395580
114.651657	290.335419	45.704086	-95.980034	177.389435	4.677767	299.673706	2.934689	-0.318905	0.000000	-1.079081	-0.340076	-1.016714	-0.926066	-3.458415	-1.403245	28.000000	-4.000000	1.180000	22.360526
114.110001	288.026581	43.897602	-96.154861	173.455399	4.482861	298.553101	2.934689	-0.478357	-0.167151	-1.079081	-0.340076	-1.186168	-0.926066	-3.266282	-1.403245	28.000000	-4.000000	1.180000	22.325415
113.598122	287.641754	45.523437	-94.581429	175.243591	4.677767	297.432526	2.934689	-0.478357	-0.167151	-1.258927	-0.340076	-1.186168	-0.926066	-3.458415	-1.403245	28.000000	-4.000000	1.180000	22.275424
77.277016	269.940765	71.898117	-86.189728	164.335571	4.093049	279.183167	2.934689	-0.318905	-0.167151	-1.079081	-0.340076	-1.186168	-0.741053	-3.266282	-1.403245	28.000000	0.000000	1.180000	21.592926
77.277016	269.171143	73.162659	-84.965942	164.335571	4.482861	278.702942	2.934689	-0.318905	-0.167151	-1.079081	-0.340076	-1.016714	-0.926066	-3.458415	-1.403245	28.000000	0.000000	1.180000	21.558753
77.277016	268.209137	73.162659	-84.441460	163.799118	4.287955	277.902527	2.934689	-0.318905	0.000000	-1.079081	-0.340076	-1.186168	-0.926066	-3.266282	-1.403245	28.000000	0.000000	1.180000	21.534937
78.179787	268.401520	71.717468	-84.791107	163.799118	4.287955	277.422272	3.098408	-0.318905	-0.167151	-1.079081	-0.340076	-1.016714	-0.740853	-3.458415	-1.403245	28.000000	0.000000	1.180000	21.516029
44.235672	256.664978	94.840477	-83.217674	153.785187	4.093049	266.856842	2.935333	-0.318905	-0.167151	-1.079081	-0.340076	-1.016714	-0.926066	-3.458415	-1.403245	28.000000	4.000000	1.180000	21.103610
43.874565	260.128235	95.021126	-86.014900	155.752213	4.094204	267.657257	2.934689	-0.318905	0.000000	-1.079081	-0.340076	-1.186168	-0.926066	-3.458415	-1.403245	28.000000	4.000000	1.180000	21.135682
43.886074	259.166229	95.924362	-85.315598	154.679306	4.093049	268.297577	2.935333	-0.318905	0.000000	-1.079081	-0.340076	-1.016714	-0.926066	-3.266282	-1.403245	28.000000	4.000000	1.180000	21.161387
44.596779	259.166229	96.285660	-84.616280	155.752213	4.093049	269.098022	2.935333	-0.318905	0.000000	-1.079081	-0.340076	-1.186168	-0.740853	-3.266282	-1.227839	28.000000	4.000000	1.180000	21.193418
14.985952	272.249573	125.550720	-94.581429	158.613327	4.482861	284.305817	2.934689	-0.318905	0.000000	-1.079081	-0.340076	-1.016714	-0.926066	-3.266282	-1.403245	28.000000	8.000000	1.180000	21.777884
14.263737	274.558411	125.370079	-95.805214	159.328613	4.482861	284.625977	3.097726	-0.318905	-0.167151	-1.079081	-0.340076	-1.186168	-0.926066	-3.458415	-1.403245	28.000000	8.000000	1.180000	21.790339
12.999861	273.788818	124.828125	-97.203835	156.825134	4.287955	285.106201	3.097726	-0.318905	0.000000	-1.079081	-0.340076	-1.186168	-0.926066	-3.458415	-1.403245	28.000000	8.000000	1.180000	21.816579
11.916537	274.558411	126.815254	-96.504524	158.613327	4.287955	285.746552	2.935333	-0.318905	0.000000	-1.079081	-0.340076	-1.186168	-0.926066	-3.266282	-1.403245	28.000000	8.000000	1.180000	21.841439
-27.386766	282.831726	153.551239	-110.141029	151.996994	4.482861	298.393005	2.935333	-0.318905	0.000000	-1.079081	-0.340076	-1.186168	-0.926066	-3.266282	-1.403245	28.000000	12.000000	1.180000	22.319337
-25.585005	284.563354	154.996414	-108.742416	154.500473	4.482861	299.033356	2.935333	-0.478357	0.000000	-1.079081	-0.340076	-1.016714	-0.740853	-3.266282	-1.403245	28.000000	12.000000	1.180000	22.343638
-26.132368	283.986115	155.177078	-109.441727	155.215759	4.872673	299.513611	2.934689	-0.318905	0.000000	-1.079081	-0.340076	-1.016714	-0.740853	-3.266282	-1.403245	28.000000	12.000000	1.180000	22.347067
-27.574150	285.910156	155.357712	-110.315857	155.036942	4.677767	299.993866	2.934689	-0.318905	0.000000	-1.079081	-0.340076	-1.016714	-0.740853	-3.266282	-1.403245	28.000000	12.000000	1.180000	22.372657
-67.385857	291.105042	181.913055	-122.204094	145.917114	5.067579	312.000000	2.935333	-0.318905	0.000000	-1.079081	-0.510113	-1.186168	-0.926066	-3.458415	-1.403245	28.000000	16.000000	1.180000	22.808430
-67.926384	291.682220	180.467865	-124.826508	143.950089	5.067579	312.480255	2.934689	-0.478357	-0.167151	-1.079081	-0.340076	-1.355286	-0.926066	-3.458415	-1.403245	28.000000	16.000000	1.180000	22.826267
-68.466911	290.527802	180.829147	-123.602707	143.771271	5.067579	312.800415	2.935333	-0.318905	0.000000	-1.079081	-0.340076	-1.186168	-0.926066	-3.458415	-1.403245	28.000000	16.000000	1.180000	22.838150
-69.025490	290.912628	180.106567	-123.253059	142.340714	4.872673	313.440735	2.934689	-0.318905	-0.167151	-1.079081	-0.340076	-1.186168	-0.926066	-3.458415	-1.403245	28.000000	16.000000	1.180000	22.869121
-115.132523	291.682220	199.977905	-146.155396	121.955246	5.457392	322.885590	2.935333	-0.318905	0.000000	-1.079081	-0.340076	-1.016714	-0.926066	-3.458415	-1.403245	28.000000	20.000000	1.180000	23.195126
-115.853226	291.297424	200.700500	-147.554016	120.882324	5.262486	323.205750	2.935333	-0.318905	-0.167151	-1.079081	-0.340076	-1.186168	-0.926066	-3.266282	-1.403245	28.000000	20.000000	1.180000	23.213938
-118.046211	291.874634	200.881149	-150.526077	119.809395	5.262486	323.686005	2.934689	-0.318905	0.000000	-1.079081	-0.340076	-1.186168	-0.740853	-3.266282	-1.403245	28.000000	20.000000	1.180000	23.231463
-118.916222	291.297424	204.494110	-147.903671	122.491707	5.067579	324.006165	2.935333	-0.478357	0.000000	-1.258927	-0.340076	-1.016714	-0.926066	-3.458415	-1.403245	28.000000	20.000000	1.180000	23.250245
-169.906052	286.679749	220.210526	-187.589401	93.522865	5.067579	332.970764	2.935333	-0.318905	-0.167151	-1.079081	-0.340076	-1.355286	-0.740853	-3.458415	-1.403245	28.000000	24.000000	1.180000	23.574735
-172.788864	287.641754	220.571838	-188.288712	91.913483	5.067579	333.451019	2.935333	-0.318905	0.000000	-1.079081	-0.340076	-1.355286	-0.926066	-3.458415	-1.403245	28.000000	24.000000	1.180000	23.591993
-167.023239	286.294952	218.945999	-184.442520	93.165230	5.457392	333.771179	2.935333	-0.318905	-0.167151	-1.079081	-0.340076	-1.016714	-0.926066	-3.458415	-1.403245	28.000000	24.000000	1.180000	23.589490
-169.725891	287.834167	220.391190	-185.841141	94.595787	5.652298	334.251404	2.935333	-0.478357	0.000000	-1.079081	-0.340076	-1.186168	-0.926066	-3.458415	-1.403245	28.000000	24.000000	1.180000	23.599739
-216.932037	265.974518	228.339722	-227.100311	53.824833	5.652298	332.810669	3.098408	-0.318905	-0.167151	-1.079081	-0.340076	-1.355286	-0.926066	-3.458415	-1.403245	28.000000	28.000000	1.180000	23.547946
-219.331665	267.439514	226.533249	-227.974457	53.288372	5.262486	331.530029	2.935333	-0.318905	-0.167151	-1.079081	-0.340076	-1.186168	-0.926066	-3.266282	-1.403245	28.000000	28.000000	1.180000	23.515864
-216.988754	266.285095	227.617126	-224.303085	55.434212	5.457392	330.729614	2.935333	-0.318905	-0.167151	-1.079081	-0.340076	-1.355286	-0.926066	-3.458415	-1.403245	28.000000	28.000000	1.180000	23.479967
-215.670807	265.900299	227.075165	-225.876526	53.824833	5.067579	329.288849	3.098408	-0.318905	0.000000	-1.079081	-0.340076	-1.355286	-0.926066	-3.266282	-1.403245	28.000000	28.000000	1.180000	23.442005
-241.616150	224.788879	209.732925	-249.478180	7.868098	4.482861	302.395081	3.098408	-0.318905	0.000000	-1.079081	-0.340076	-1.186168	-0.926066	-3.266282	-1.403245	28.000000	32.000000	1.180000	22.470781
-240.174744	224.211502	209.371628	-250.177475	7.152818	4.677767	301.434570	3.098408	-0.318905	-0.167151	-1.079081	-0.340076	-1.186168	-0.740853	-3.458415	-1.403245	28.000000	32.000000	1.180000	22.427163
-238.615540	222.417328	208.649033	-249.128525	6.258719	4.482861	300.634186	3.098408	-0.318905	-0.167151	-1.079081	-0.340076	-1.355286	-0.926066	-3.458415	-1.403245	28.000000	32.000000	1.180000	22.404272
-237.894638	222.994553	208.829681	-247.555084	8.225738	4.482861	299.993866	2.935333	-0.318905	0.000000	-1.079081	-0.340076	-1.355286	-0.740853	-3.266282	-1.403245	28.000000	32.000000	1.180000	22.380039
-265.579590	190.724121	195.822983	-274.303619	-36.225243	4.482861	282.544891	2.935333	-0.318905	-0.167151	-1.079081	-0.340076	-1.016714	-0.740853	-3.266282	-1.403245	28.000000	36.000000	1.180000	21.709251
-261.615692	189.184464	196.184280	-273.953949	-36.939041	4.287955	281.744507	3.098408	-0.318905	0.000000	-1.079081	-0.340076	-1.355286	-0.926066	-3.458415	-1.403245	28.000000	36.000000	1.180000	21.685602
-262.765442	189.569382	195.822983	-270.282593	-34.440746	4.093049	281.104156	2.935333	-0.318905	0.000000	-1.079081	-0.340076	-1.185874	-0.926066	-3.266282	-1.403245	28.000000	36.000000	1.180000	21.668188
-260.963226	188.799545	194.739105	-270.807098	-34.262291	3.898142	280.463806	2.935333	-0.318905	-0.167151	-1.079081	-0.340076	-1.185874	-0.926066	-3.458415	-1.403245	28.000000	36.000000	1.180000	21.650759
-279.886658	157.385284	179.564621	-291.087006	-77.447067	3.898142	264.615692	2.935333	-0.318905	0.000000	-1.079081	-0.340076	-1.016714	-0.926066	-3.458415	-1.403245	28.000000	40.000000	1.180000	21.021279
-280.066895	156.659363	179.564621	-292.485626	-78.696213	3.898142	263.815308	2.935333	-0.318905	0.000000	-1.079081	-0.340076	-1.186168	-0.926066	-3.458415	-1.403245	28.000000	40.000000	1.180000	20.988987
-278.625092	157.577698	179.564621	-292.835266	-79.231567	3.898142	263.975372	2.935333	-0.318905	0.000000	-1.079081	-0.340076	-1.355286	-0.926066	-3.458415	-1.403245	28.000000	40.000000	1.180000	20.995449
-278.985535	156.230881	179.745270	-293.010101	-80.123810	3.898142	264.295532	2.935333	-0.318905	-0.167151	-1.079081	-0.340076	-1.355286	-0.926066	-3.458415	-1.403245	28.000000	40.000000	1.180000	21.008368
-327.645782	144.727081	183.538895	-347.381317	-130.981903	3.898142	279.983582	2.935333	-0.478357	-0.167151	-1.079081	-0.340076	-1.185874	-0.926066	-3.266282	-1.403245	28.000000	44.000000	1.180000	21.631954
-327.285370	143.379883	184.261475	-347.381317	-132.231049	4.093049	280.623901	2.935333	-0.318905	0.000000	-1.079081	-0.340076	-1.355286	-0.926066	-3.458415	-1.403245	28.000000	44.000000	1.180000	21.649396
-329.267792	142.225143	183.538895	-352.975769	-137.049179	4.093049	281.424347	2.935333	-0.478357	-0.167151	-1.079081	-0.340076	-1.016714	-0.926066	-3.458415	-1.403245	28.000000	44.000000	1.180000	21.680707
-328.366699	144.534622	183.719543	-349.654083	-134.015533	4.093049	282.064667	2.935333	-0.478357	0.000000	-1.079081	-0.340076	-1.016714	-0.740853	-3.458415	-1.403245	28.000000	44.000000	1.180000	21.705721
196.984192	159.738663	-373.731079	-388.815308	-122.594780	4.482861	301.914825	2.935333	-0.478357	-0.167151	-1.079081	-0.340076	-1.185874	-0.926066	-3.266282	-1.403245	32.000000	-44.000000	1.180000	22.452661
195.539780	160.316040	-369.039124	-386.717407	-121.702530	4.482861	302.555176	2.935333	-0.318905	-0.167151	-1.079081	-0.340076	-1.355286	-0.926066	-3.458415	-1.403245	32.000000	-44.000000	1.180000	22.476818
196.984192	160.508484	-369.760956	-386.018097	-119.025787	4.482861	303.195496	3.098408	-0.318905	0.000000	-1.079081	-0.340076	-1.355286	-0.926066	-3.458415	-1.403245	32.000000	-44.000000	1.180000	22.500947
196.442535	160.893402	-369.303345	-386.542572	-120.810287	4.482861	303.835815	2.935333	-0.318905	0.000000	-1.079081	-0.340076	-1.185874	-0.926066	-3.458415	-1.403245	32.000000	-44.000000	1.180000	22.525051
209.984070	191.686401	-351.983765	-364.164703	-81.194504	5.067579	314.241150	2.935333	-0.318905	-0.167151	-1.079081	-0.340076	-1.185874	-0.740853	-3.458415	-1.403245	32.000000	-40.000000	1.180000	22.891549
210.345184	193.226044	-351.622955	-363.290558	-80.659149	4.677767	314.561310	3.098408	-0.318905	0.000000	-1.079081	-0.340076	-1.185874	-0.740853	-3.266282	-1.403245	32.000000	-40.000000	1.180000	22.917817
209.984070	193.364563	-351.895508	-363.640228	-81.551407	4.872673	315.041565	2.935333	-0.318905	0.000000	-1.079081	-0.340076	-1.355286	-0.926066	-3.266282	-1.403245	32.000000	-40.000000	1.180000	22.928366
211.970169	192.841141	-353.880554	-366.787109	-82.622101	4.872673	315.521820	2.935333	-0.478357	-0.167151	-1.079081	-0.340076	-1.185874	-0.926066	-3.458415	-1.403245	32.000000	-40.000000	1.180000	22.946110
218.289566	223.441666	-334.571411	-341.087555	-42.292522	5.067579	325.606964	3.098408	-0.318905	0.000000	-1.079081	-0.340076	-1.185874	-0.926066	-3.266282	-1.403245	32.000000	-36.000000	1.180000	23.308520
218.650650	223.441666	-330.962250	-337.940674	-40.151127	5.457392	326.087219	2.935333	-0.318905	-0.167151	-1.258927	-0.340076	-1.185874	-0.926066	-3.458415	-1.403245	32.000000	-36.000000	1.180000	23.311808
219.011780	222.094498	-333.849579	-341.786835	-45.147709	5.457392	326.727570	2.935333	-0.318905	-0.167151	-1.079081	-0.340076	-1.355286	-0.926066	-3.458415	-1.403245	32.000000	-36.000000	1.180000	23.335075
221.178406	224.403961	-336.556488	-343.709961	-42.649422	5.457392	327.047729	2.935333	-0.318905	-0.167151	-1.079081	-0.340076	-1.185874	-0.926066	-3.458415	-1.403245	32.000000	-36.000000	1.180000	23.346699
223.345047	254.619583	-309.126678	-310.317993	-3.212090	5.262486	337.132904	2.935333	-0.318905	0.000000	-1.079081	-0.340076	-1.185874	-0.926066	-3.458415	-1.403245	32.000000	-32.000000	1.180000	23.716919
223.706177	253.394104	-306.419769	-308.919373	-3.747439	5.652298	337.613129	2.935333	-0.318905	0.000000	-1.079081	-0.340076	-1.185874	-0.740853	-3.266282	-1.403245	32.000000	-32.000000	1.180000	23.720149
223.706177	251.540298	-306.780701	-309.618683	-3.568989	5.457392	337.933289	2.935333	-0.318905	0.000000	-1.079081	-0.340076	-1.355286	-0.926066	-3.458415	-1.403245	32.000000	-32.000000	1.180000	23.738544
224.970032	253.657303	-308.404816	-310.842468	-3.568989	5.457392	338.093384	3.098408	-0.318905	0.000000	-1.079081	-0.340076	-1.185874	-0.740853	-3.266282	-1.403245	32.000000	-32.000000	1.180000	23.744258
209.622971	263.783844	-250.657867	-258.918854	30.757053	5.067579	324.646484	2.935333	-0.318905	-0.167151	-1.079081	-0.340076	-1.355286	-0.926066	-3.266282	-1.403245	32.000000	-28.000000	1.180000	23.273573
208.539658	261.355560	-246.442780	-255.247452	30.220592	5.067579	323.205750	2.935333	-0.318979	0.000000	-1.079081	-0.340076	-1.355286	-0.926066	-3.458415	-1.227839	32.000000	-28.000000	1.180000	23.221052
207.817429	261.355560	-240.669586	-249.478180	33.975815	5.067579	321.925110	2.935333	-0.478357	-0.167151	-1.079081	-0.340076	-1.355286	-0.926066	-3.266282	-1.403245	32.000000	-28.000000	1.180000	23.174268
205.831345	260.897797	-243.259048	-251.925751	31.472334	5.067579	320.804535	2.935333	-0.318905	-0.167151	-1.079081	-0.340076	-1.355286	-0.926066	-3.458415	-1.403245	32.000000	-28.000000	1.180000	23.133253
183.262115	257.434570	-179.149094	-200.176956	56.149490	4.677767	298.873260	2.935333	-0.318905	-0.167151	-1.079081	-0.340076	-1.355286	-0.926066	-3.458415	-1.403245	32.000000	-24.000000	1.180000	22.330169
182.720459	256.472565	-176.669586	-198.253845	57.937691	4.482861	298.072845	2.935333	-0.478357	-0.167151	-1.079081	-0.340076	-1.185874	-0.926066	-3.266282	-1.227839	32.000000	-24.000000	1.180000	22.307177
184.887100	255.581879	-178.788284	-199.127975	57.222408	4.677767	297.592621	2.935333	-0.318905	0.000000	-1.079081	-0.340076	-1.185874	-0.926066	-3.458415	-1.403245	32.000000	-24.000000	1.180000	22.281514
183.081558	255.004501	-177.886215	-198.428680	57.401234	4.677767	296.792206	2.935333	-0.318905	0.000000	-1.079081	-0.340076	-1.185874	-0.926066	-3.266282	-1.403245	32.000000	-24.000000	1.180000	22.251050
161.776199	251.662476	-126.140999	-164.861893	74.389130	4.287955	278.382782	3.098408	-0.318905	-0.167151	-1.079081	-0.340076	-1.185874	-0.740853	-3.266282	-1.403245	32.000000	-20.000000	1.180000	21.553828
159.429001	250.385544	-124.845093	-164.337402	74.210304	4.287955	277.582336	2.935333	-0.318905	0.000000	-1.079081	-0.340076	-1.355286	-0.926066	-3.267192	-1.403245	32.000000	-20.000000	1.180000	21.522333
158.526245	250.385544	-127.010040	-166.435333	72.422104	4.482861	276.621857	3.098408	-0.318979	-0.167151	-1.079081	-0.340076	-1.185874	-0.926066	-3.458415	-1.403245	32.000000	-20.000000	1.180000	21.476791
159.248459	248.968842	-124.516876	-163.113617	72.779747	4.287955	275.661377	2.935333	-0.318905	-0.167151	-1.079081	-0.340076	-1.185874	-0.740853	-3.458415	-1.403245	32.000000	-20.000000	1.180000	21.446560
140.290298	250.385544	-83.711166	-144.581955	89.231186	3.898142	268.937927	3.098408	-0.318979	0.000000	-1.079081	-0.340076	-1.185874	-0.926066	-3.458415	-1.403245	32.000000	-16.000000	1.180000	21.194810
141.915283	252.432098	-83.913544	-145.281265	91.377029	3.898142	269.738342	3.098408	-0.318905	0.000000	-1.079081	-0.340076	-1.185874	-0.926066	-3.266282	-1.403245	32.000000	-16.000000	1.180000	21.226790
140.470856	252.310120	-86.778168	-147.903671	88.694725	4.093049	270.538727	2.935333	-0.318979	0.000000	-1.079081	-0.340076	-1.355286	-0.740853	-3.458415	-1.403245	32.000000	-16.000000	1.180000	21.250949
141.554184	252.695038	-86.958580	-147.903671	87.979439	4.093049	271.018982	3.098408	-0.318905	0.000000	-1.079081	-0.340076	-1.355286	-0.740853	-3.459380	-1.403245	32.000000	-16.000000	1.180000	21.270093
129.457077	274.250122	-57.912251	-151.749863	107.470825	4.093049	286.386871	2.935333	-0.318979	-0.167151	-1.258927	-0.340076	-1.185874	-0.926066	-3.459380	-1.403245	32.000000	-12.000000	1.180000	21.873822
131.623718	275.905182	-58.994724	-151.924683	108.364922	4.482861	287.027191	3.098408	-0.318979	0.000000	-1.079081	-0.340076	-1.185874	-0.926066	-3.458415	-1.227839	32.000000	-12.000000	1.180000	21.883526
130.540405	275.019958	-58.829712	-152.099518	106.576721	4.482861	287.347382	3.098408	-0.318905	0.000000	-1.079081	-0.340076	-1.355286	-0.926066	-3.459380	-1.403245	32.000000	-12.000000	1.180000	21.895922
131.262604	275.327972	-56.664196	-150.526077	108.186096	4.287955	287.827606	3.098408	-0.318905	-0.167151	-1.079081	-0.340076	-1.185874	-0.926066	-3.459380	-1.403245	32.000000	-12.000000	1.180000	21.922036
114.471107	291.297424	-27.242210	-150.526077	122.134064	4.872673	299.673706	2.935333	-0.318905	-0.167151	-1.258927	-0.340076	-1.355286	-0.926066	-3.459380	-1.403245	32.000000	-8.000000	1.180000	22.353137
112.665565	291.489777	-27.610260	-152.449173	120.882324	4.872673	299.993866	2.935333	-0.318905	0.000000	-1.079081	-0.340076	-1.355286	-0.926066	-3.458415	-1.403245	32.000000	-8.000000	1.180000	22.365272
113.387787	292.918396	-26.340149	-150.875732	121.955246	4.872673	300.474091	2.935333	-0.478468	-0.167151	-1.258927	-0.340076	-1.185874	-0.740853	-3.459380	-1.403245	32.000000	-8.000000	1.180000	22.383461
115.193314	292.644226	-26.707966	-151.400208	123.206978	4.677767	300.954346	2.935333	-0.318979	-0.167151	-1.079081	-0.340076	-1.355286	-0.926066	-3.458415	-1.403245	32.000000	-8.000000	1.180000	22.409009
87.388031	304.765564	10.116332	-149.127457	132.505615	5.262486	311.359680	2.935333	-0.478468	-0.167151	-1.079081	-0.340076	-1.185874	-0.926066	-3.458415	-1.403245	32.000000	-4.000000	1.180000	22.777375
88.832466	305.235596	8.311975	-151.050552	130.717422	5.067579	311.679840	2.935333	-0.478468	-0.167151	-1.079081	-0.340076	-1.185874	-0.926066	-3.267192	-1.227839	32.000000	-4.000000	1.180000	22.796531
89.193573	305.919983	7.406605	-152.274338	131.075058	5.067579	312.480255	3.098408	-0.318979	0.000000	-1.079081	-0.340076	-1.355620	-0.740853	-3.266282	-1.403245	32.000000	-4.000000	1.180000	22.826267
89.193573	304.573181	10.116332	-149.302292	132.684433	4.872673	312.960510	2.935333	-0.318979	0.000000	-1.079081	-0.340076	-1.355286	-0.926066	-3.458415	-1.403245	32.000000	-4.000000	1.180000	22.851319
53.985580	316.309723	46.980896	-154.372269	137.512573	5.457392	323.045654	3.098408	-0.478468	0.000000	-1.079081	-0.340076	-1.185874	-0.740853	-3.267192	-1.403245	32.000000	0.000000	1.180000	23.200974
55.610565	316.502136	46.619499	-154.022614	136.797287	5.457392	323.525909	2.935333	-0.318979	0.000000	-1.079081	-0.340076	-1.185874	-0.740853	-3.459380	-1.403245	32.000000	0.000000	1.180000	23.218509
56.693882	317.079315	45.535328	-154.896744	135.724380	5.457392	324.006165	2.935333	-0.318979	-0.167151	-1.079081	-0.340076	-1.185874	-0.740853	-3.459380	-1.227839	32.000000	0.000000	1.180000	23.236032
55.791119	318.618561	44.451153	-156.994675	135.903198	5.067579	324.486420	2.935333	-0.318979	0.000000	-1.079081	-0.340076	-1.185874	-0.926066	-3.459380	-1.227839	32.000000	0.000000	1.180000	23.267744
19.499798	327.084259	83.481461	-158.917770	141.446609	5.457392	332.650604	3.098408	-0.318979	0.000000	-1.079081	-0.340076	-1.185874	-0.740853	-3.267192	-1.403245	32.000000	4.000000	1.180000	23.549199
14.985952	326.314636	84.724159	-161.715012	138.764328	5.067579	332.970764	3.098408	-0.318905	0.000000	-1.079081	-0.340076	-1.355286	-0.926066	-3.267192	-1.403245	32.000000	4.000000	1.180000	23.574735
17.513706	326.790680	81.132416	-162.064651	136.797287	5.262486	333.451019	3.098408	-0.318979	0.000000	-1.079081	-0.340076	-1.185874	-0.740853	-3.459380	-1.403245	32.000000	4.000000	1.180000	23.584990
20.041460	325.929871	83.842850	-159.267426	141.267792	5.652298	333.931244	2.935333	-0.318905	0.000000	-1.079081	-0.340076	-1.185874	-0.740853	-3.267192	-1.227839	32.000000	4.000000	1.180000	23.588238
-25.411474	329.777893	113.115578	-173.078766	130.896240	5.262486	339.053894	3.098408	-0.318979	0.000000	-1.079081	-0.170038	-1.185874	-0.926066	-3.459380	-1.403245	32.000000	8.000000	1.180000	23.785461
-24.149910	328.238678	115.283936	-170.281525	133.220901	5.847205	337.773224	3.098408	-0.318905	0.000000	-1.079081	-0.340076	-1.185874	-0.926066	-3.459380	-1.403245	32.000000	8.000000	1.180000	23.718906
-23.789463	326.699463	114.922546	-167.833954	133.399719	5.847205	336.332489	3.098408	-0.318979	0.000000	-1.079081	-0.340076	-1.185874	-0.926066	-3.267192	-1.403245	32.000000	8.000000	1.180000	23.667373
-23.969688	326.122223	112.724678	-169.232559	132.505615	5.652298	334.891724	2.935333	-0.318979	0.000000	-1.079081	-0.340076	-1.186166	-0.926066	-3.458415	-1.227839	32.000000	8.000000	1.180000	23.622721
-62.717678	296.684692	128.113342	-161.365341	110.153130	4.872673	309.118530	2.935333	-0.318979	0.000000	-1.079081	-0.340076	-1.186166	-0.926066	-3.459380	-1.403245	32.000000	12.000000	1.180000	22.708389
-62.717678	296.107452	127.209869	-161.889832	109.974304	5.067579	307.837860	2.935333	-0.318979	0.000000	-1.079081	-0.340076	-1.186166	-0.926066	-3.459380	-1.227839	32.000000	12.000000	1.180000	22.653256
-62.897903	296.107452	126.125694	-163.113617	108.722565	4.677767	306.076965	2.935333	-0.318979	-0.167151	-1.079081	-0.340076	-1.185874	-0.926066	-3.459380	-1.403245	32.000000	12.000000	1.180000	22.601905
-61.275898	294.760651	124.466827	-162.589142	108.722565	4.872673	304.636230	2.935333	-0.318979	0.000000	-1.079081	-0.340076	-1.355620	-0.926066	-3.458415	-1.578249	32.000000	12.000000	1.180000	22.540493
-96.239197	267.824280	134.076309	-154.197433	85.475967	4.482861	284.305817	2.935333	-0.318979	0.000000	-1.079081	-0.340076	-1.186166	-0.926066	-3.267192	-1.403245	32.000000	16.000000	1.180000	21.777884
-99.122772	268.209106	133.895599	-156.994675	83.508942	4.287955	283.505371	2.935333	-0.318979	-0.167151	-1.079081	-0.340076	-1.186166	-0.926066	-3.459380	-1.403245	32.000000	16.000000	1.180000	21.754306
-99.483215	266.862274	133.353516	-155.770889	82.436028	4.287955	282.865051	2.935333	-0.318979	0.000000	-1.258927	-0.340076	-1.186166	-0.926066	-3.458415	-1.578249	32.000000	16.000000	1.180000	21.729348
-96.419418	266.477478	133.714905	-154.372269	85.475967	4.287955	282.224731	2.935333	-0.318979	0.000000	-1.079081	-0.340076	-1.185874	-0.926066	-3.459380	-1.403245	32.000000	16.000000	1.180000	21.704361
-128.318939	244.351196	140.219971	-159.092590	61.871731	3.898142	266.856842	3.098408	-0.478468	0.000000	-1.079081	-0.340076	-1.185874	-0.926066	-3.267192	-1.403245	32.000000	20.000000	1.180000	21.111436
-128.679382	244.543610	139.677887	-159.267426	61.156448	4.093049	266.536682	3.098408	-0.318979	0.000000	-1.079081	-0.170038	-1.186166	-0.740853	-3.459380	-1.402888	32.000000	20.000000	1.180000	21.090750
-128.679382	243.004379	140.219971	-159.442261	61.156448	4.093049	265.736267	2.935333	-0.318979	0.000000	-1.079081	-0.340076	-1.186166	-0.740853	-3.459380	-1.403245	32.000000	20.000000	1.180000	21.058563
-125.976028	243.196777	139.858582	-155.945709	63.302288	3.898142	265.256012	2.935333	-0.318979	0.000000	-1.258927	-0.340076	-1.186166	-0.926066	-3.459380	-1.578249	32.000000	20.000000	1.180000	21.047077
-172.834061	243.389160	157.747467	-190.561462	41.665073	4.482861	278.542847	2.935333	-0.318979	-0.167151	-1.258927	-0.340076	-1.186166	-0.926066	-3.267192	-1.402888	32.000000	24.000000	1.180000	21.552459
-172.113174	244.351196	154.856339	-192.484558	38.982773	4.093049	279.023102	2.935333	-0.318979	0.000000	-1.079081	-0.340076	-1.355620	-0.926066	-3.267192	-1.578249	32.000000	24.000000	1.180000	21.586643
-174.816513	244.928391	156.121201	-193.883179	38.982773	4.287955	279.598480	2.935333	-0.318979	0.000000	-1.079081	-0.340076	-1.186166	-0.926066	-3.459380	-1.578249	32.000000	24.000000	1.180000	21.601574
-176.078094	245.698013	156.663284	-194.757324	39.161594	4.482861	280.143646	3.098408	-0.318979	-0.167151	-1.079081	-0.340076	-1.355620	-0.740853	-3.459380	-1.578249	32.000000	24.000000	1.180000	21.615311
-225.999924	242.811966	170.938263	-235.142365	9.835118	4.482861	293.110321	2.935333	-0.318979	0.000000	-1.079081	-0.340076	-1.355620	-0.926066	-3.459380	-1.578249	32.000000	28.000000	1.180000	22.117846
-224.197678	243.004379	170.034790	-234.967529	9.835118	4.872673	293.590576	3.098408	-0.318979	0.000000	-1.079081	-0.340076	-1.355620	-0.926066	-3.459380	-1.578249	32.000000	28.000000	1.180000	22.121310
-227.081253	243.196777	170.938263	-236.540985	8.762197	4.482861	293.910736	2.935333	-0.318979	-0.167151	-1.079081	-0.340076	-1.185874	-0.926066	-3.459380	-1.578249	32.000000	28.000000	1.180000	22.148493
-229.063705	244.543610	172.383835	-239.163376	9.656298	4.677767	294.802734	2.935333	-0.318979	-0.167151	-1.079081	-0.340076	-1.186166	-0.740853	-3.459380	-1.578249	32.000000	28.000000	1.180000	22.175149
-282.589996	235.885483	182.322113	-289.688385	-31.407104	4.872673	307.037445	2.935333	-0.318979	-0.167151	-1.079081	-0.340076	-1.186166	-0.740853	-3.459380	-1.403245	32.000000	32.000000	1.180000	22.630591
-279.526215	236.270294	183.044891	-286.191864	-28.908810	5.067579	307.677765	2.935333	-0.318979	-0.167151	-1.079081	-0.340076	-1.186166	-0.926066	-3.459380	-1.578249	32.000000	32.000000	1.180000	22.647266
-284.392242	235.885483	181.960724	-290.038055	-32.834702	4.677767	307.997955	2.935333	-0.318979	-0.167151	-1.258927	-0.340076	-1.186166	-0.926066	-3.459380	-1.403245	32.000000	32.000000	1.180000	22.673818
-280.427307	237.617111	182.322113	-284.268768	-26.945868	4.677767	308.638306	2.935333	-0.318979	0.000000	-1.079081	-0.340076	-1.186166	-0.740853	-3.267192	-1.578249	32.000000	32.000000	1.180000	22.697739
-331.790924	223.764114	191.898987	-338.290314	-74.770317	5.262486	318.649445	3.098408	-0.318979	0.000000	-1.079081	-0.170038	-1.186166	-0.926066	-3.459380	-1.402888	32.000000	36.000000	1.180000	23.047003
-332.692047	225.110931	191.537598	-337.241333	-71.736679	5.067579	318.809479	2.935333	-0.318979	-0.167151	-1.079081	-0.340076	-1.186166	-0.740853	-3.459380	-1.403245	32.000000	36.000000	1.180000	23.060051
-330.349152	225.688156	192.802460	-334.094482	-69.952187	5.262486	319.449677	2.935333	-0.478468	0.000000	-1.079081	-0.340076	-1.186166	-0.740853	-3.459380	-1.403245	32.000000	36.000000	1.180000	23.076409
-332.151367	224.148926	190.092026	-336.192383	-75.484116	4.872673	319.844025	3.098408	-0.318979	0.000000	-1.079081	-0.340076	-1.186166	-0.740853	-3.267192	-1.578249	32.000000	36.000000	1.180000	23.105188
-380.270996	208.756729	190.814804	-386.367737	-128.305161	4.677767	328.488464	3.098408	-0.318979	0.000000	-1.079081	-0.340076	-1.186166	-0.926066	-3.459380	-1.578249	32.000000	40.000000	1.180000	23.427157
-381.352325	207.987122	193.705948	-388.640472	-127.591370	5.262486	328.892303	2.935333	-0.318979	-0.167151	-1.079081	-0.340076	-1.186166	-0.926066	-3.459380	-1.578249	32.000000	40.000000	1.180000	23.420613
-379.369873	208.756729	195.151505	-387.416687	-124.379280	5.262486	329.609039	2.935333	-0.478468	-0.167151	-1.258927	-0.340076	-1.186166	-0.926066	-3.267192	-1.578249	32.000000	40.000000	1.180000	23.446533
-378.288544	208.179520	193.705948	-387.591522	-125.985321	5.457392	329.852600	2.935333	-0.318979	0.000000	-1.079081	-0.340076	-1.186166	-0.926066	-3.459380	-1.403245	32.000000	40.000000	1.180000	23.448292
-431.995026	186.630447	190.995499	-443.885864	-188.621078	5.457392	339.295258	3.098408	-0.318979	0.000000	-1.079081	-0.340076	-1.186166	-0.926066	-3.459380	-1.578249	32.000000	44.000000	1.180000	23.787116
-434.337921	186.245636	189.911331	-445.284485	-191.297821	5.262486	339.615326	2.935333	-0.318979	-0.167151	-1.079081	-0.340076	-1.186166	-0.926066	-3.459380	-1.578249	32.000000	44.000000	1.180000	23.805456
-430.553253	183.359604	191.176208	-445.109650	-193.082306	5.457392	339.854279	2.935333	-0.318979	0.000000	-1.258927	-0.340076	-1.186166	-0.926066	-3.459380	-1.578249	32.000000	44.000000	1.180000	23.807024
-431.814789	186.053238	192.260391	-443.011749	-188.799545	5.457392	340.494629	2.935333	-0.318979	0.000000	-1.079081	-0.340076	-1.186166	-0.926066	-3.459380	-1.578249	32.000000	44.000000	1.180000	23.829807
165.387283	164.888947	-395.463074	-405.948364	-155.429489	4.482861	302.234985	2.935333	-0.318979	0.000000	-1.079081	-0.340076	-1.186166	-0.926066	-3.459380	-1.578249	36.000000	-44.000000	1.180000	22.464742
165.026169	164.696564	-395.823914	-406.822510	-157.213974	4.482861	301.044495	3.098408	-0.318979	-0.167151	-1.079081	-0.340076	-1.186166	-0.926066	-3.459380	-1.578249	36.000000	-44.000000	1.180000	22.419787
165.387283	163.926941	-388.066193	-399.304932	-152.217392	4.482861	300.474091	2.935333	-0.318979	-0.167151	-1.079081	-0.340076	-1.186166	-0.926066	-3.459380	-1.578249	36.000000	-44.000000	1.180000	22.398216
166.831711	164.119339	-390.050720	-400.703552	-151.682037	4.287955	299.604095	3.098408	-0.478468	0.000000	-1.079081	-0.170038	-1.186166	-0.926066	-3.459380	-1.578249	36.000000	-44.000000	1.180000	22.372658
159.609558	176.817902	-338.994110	-345.633026	-108.675728	3.898142	282.319244	3.098408	-0.318979	0.000000	-1.079081	-0.340076	-1.186166	-0.926066	-3.267192	-1.402888	36.000000	-40.000000	1.180000	21.723264
159.790115	174.893875	-336.468353	-342.835815	-106.355881	4.287955	281.679077	2.935333	-0.318979	0.000000	-1.079081	-0.340076	-1.186166	-0.926066	-3.459380	-1.578249	36.000000	-40.000000	1.180000	21.683045
159.429001	177.202713	-335.927124	-343.010651	-105.820534	4.287955	281.038879	2.935333	-0.318979	-0.167151	-1.258927	-0.340076	-1.186166	-0.926066	-3.459380	-1.578249	36.000000	-40.000000	1.180000	21.658009
160.512329	176.625519	-333.040527	-340.563049	-103.500687	4.093049	280.463806	2.935333	-0.318979	0.000000	-1.079081	-0.340076	-1.186166	-0.926066	-3.459380	-1.578249	36.000000	-40.000000	1.180000	21.643129
151.665192	185.091217	-293.710724	-294.408722	-67.989235	3.703237	264.714294	2.935333	-0.318979	0.000000	-1.079081	-0.340076	-1.186166	-0.926066	-3.650550	-1.578249	36.000000	-36.000000	1.180000	21.033107
153.470734	185.091217	-295.695251	-295.807343	-67.632347	3.703237	265.354492	3.098408	-0.318979	0.000000	-1.258927	-0.340076	-1.186166	-0.740853	-3.459380	-1.578249	36.000000	-36.000000	1.180000	21.058886
152.206848	185.860825	-295.334412	-295.807343	-68.167694	3.898142	265.834625	2.935333	-0.318979	0.000000	-1.079081	-0.340076	-1.186166	-0.740853	-3.459380	-1.402888	36.000000	-36.000000	1.180000	21.070362
154.012390	186.245636	-297.860168	-298.080109	-68.346146	3.703237	266.634857	2.935333	-0.478468	0.000000	-1.258599	-0.340076	-1.186166	-0.926066	-3.459380	-1.578249	36.000000	-36.000000	1.180000	21.110348
159.970673	214.143997	-289.922058	-286.191864	-44.790810	4.287955	282.799377	3.098408	-0.318979	0.000000	-1.079081	-0.340076	-1.186166	-0.926066	-3.459380	-1.578249	36.000000	-32.000000	1.180000	21.726786
159.429001	215.298416	-287.937531	-284.268768	-43.541664	4.287955	283.279510	3.098408	-0.318979	0.000000	-1.438401	-0.340076	-1.186166	-0.926066	-3.459380	-1.578249	36.000000	-32.000000	1.180000	21.745506
160.151230	215.106003	-289.380829	-285.842194	-43.184765	4.287955	284.079742	3.098408	-0.478468	0.000000	-1.258599	-0.340076	-1.186166	-0.740853	-3.459380	-1.578249	36.000000	-32.000000	1.180000	21.776670
162.678970	218.184464	-289.561218	-285.492554	-40.508026	4.287955	284.559875	2.935333	-0.318979	0.000000	-1.258599	-0.340076	-1.186166	-0.740853	-3.459380	-1.402888	36.000000	-32.000000	1.180000	21.795347
164.123413	245.120789	-264.664368	-268.184662	-14.097507	4.482861	298.803864	2.935333	-0.318979	0.000000	-1.079081	-0.170038	-1.186166	-0.926066	-3.650550	-1.578249	36.000000	-28.000000	1.180000	22.334932
163.040085	245.313202	-261.597382	-266.960876	-12.669910	4.677767	299.444031	3.098408	-0.478468	0.000000	-1.079081	-0.340076	-1.186166	-0.740853	-3.459380	-1.578249	36.000000	-28.000000	1.180000	22.351820
165.206726	247.044830	-264.303558	-268.534332	-13.205259	4.482861	299.924194	3.098408	-0.318979	0.000000	-1.258599	-0.340076	-1.186166	-0.926066	-3.267192	-1.578249	36.000000	-28.000000	1.180000	22.377400
163.040085	245.890427	-268.092224	-271.506378	-17.488047	4.482861	300.404327	3.098408	-0.318979	0.000000	-1.079081	-0.170038	-1.186166	-0.926066	-3.459380	-1.578249	36.000000	-28.000000	1.180000	22.395576
160.512329	270.902740	-233.994339	-255.422302	7.152818	4.677767	310.967285	3.098408	-0.318979	0.000000	-1.079081	-0.340076	-1.186166	-0.926066	-3.650550	-1.578249	36.000000	-24.000000	1.180000	22.784529
159.248459	273.019165	-235.437637	-257.170563	6.616358	4.677767	311.447418	3.098408	-0.318979	-0.167151	-1.258599	-0.340076	-1.186166	-0.926066	-3.459380	-1.578249	36.000000	-24.000000	1.180000	22.802381
161.415100	272.249542	-229.664444	-252.100586	12.159778	4.872673	312.087616	3.098408	-0.318979	0.000000	-1.079081	-0.340076	-1.186166	-0.740853	-3.650550	-1.578249	36.000000	-24.000000	1.180000	22.818924
160.692886	272.441956	-231.288177	-253.499207	9.656298	4.677767	312.407684	3.098408	-0.318979	0.000000	-1.438401	-0.340076	-1.186166	-0.926066	-3.459380	-1.578249	36.000000	-24.000000	1.180000	22.838041
152.748520	293.029022	-196.649063	-243.883698	31.114695	5.067579	322.170410	2.935333	-0.478468	0.000000	-1.079081	-0.340076	-1.355620	-0.926066	-3.650550	-1.578249	36.000000	-20.000000	1.180000	23.183236
154.915161	293.798645	-197.009888	-242.834763	32.008793	5.262486	322.650574	2.935333	-0.318979	-0.167151	-1.438401	-0.340076	-1.186166	-0.926066	-3.458417	-1.578249	36.000000	-20.000000	1.180000	23.193661
154.554062	294.953064	-194.664520	-242.659912	33.805756	5.067579	322.885590	3.098408	-0.318979	0.000000	-1.258599	-0.340076	-1.186166	-0.926066	-3.650550	-1.578249	36.000000	-20.000000	1.180000	23.209365
151.845749	296.107452	-198.453186	-247.729904	30.407297	5.067579	323.450806	2.935333	-0.318979	0.000000	-1.079081	-0.340076	-1.186166	-0.926066	-3.650550	-1.578249	36.000000	-20.000000	1.180000	23.229994
140.109756	315.347717	-160.927490	-239.687851	50.798069	5.457392	333.451019	3.098408	-0.318979	0.000000	-1.438401	-0.340076	-1.186166	-0.926066	-3.650550	-1.578249	36.000000	-16.000000	1.180000	23.577985
141.193069	313.616089	-157.499664	-235.492004	52.050129	5.262486	333.931274	3.098408	-0.318979	-0.167151	-1.438401	-0.340076	-1.186166	-0.740853	-3.459380	-1.402888	36.000000	-16.000000	1.180000	23.602240
142.456955	315.540100	-161.107910	-237.764771	49.533154	5.067579	334.493896	2.935333	-0.318979	0.000000	-1.258599	-0.340076	-1.186166	-0.926066	-3.650550	-1.578249	36.000000	-16.000000	1.180000	23.629425
142.998611	315.924927	-161.468735	-237.589935	51.155800	5.067579	335.051819	2.935333	-0.478468	-0.167151	-1.438401	-0.340076	-1.186166	-0.926066	-3.650550	-1.578249	36.000000	-16.000000	1.180000	23.649426
118.443291	325.545044	-119.252312	-232.694794	65.626953	5.457392	338.494995	3.098408	-0.318979	0.000000	-1.258599	-0.340076	-1.186166	-0.926066	-3.650550	-1.578249	36.000000	-12.000000	1.180000	23.758588
121.151588	324.005829	-120.515205	-231.645813	65.626953	5.457392	337.054626	3.098408	-0.318979	0.000000	-1.258599	-0.340076	-1.186166	-0.926066	-3.459380	-1.402888	36.000000	-12.000000	1.180000	23.707155
120.609947	324.775421	-120.515205	-231.820648	66.699867	5.652298	335.454163	3.098408	-0.318979	0.000000	-1.258599	-0.340076	-1.186166	-0.926066	-3.650550	-1.578249	36.000000	-12.000000	1.180000	23.642890
118.623856	321.504578	-121.958496	-231.645813	62.229366	5.457392	334.173798	3.098408	-0.318979	0.000000	-1.079081	-0.340076	-1.186166	-0.926066	-3.650550	-1.578249	36.000000	-12.000000	1.180000	23.603950
83.415848	300.725098	-69.999855	-206.121078	69.936768	5.067579	307.837891	2.935333	-0.318979	0.000000	-1.258599	-0.340076	-1.186166	-0.740853	-3.459380	-1.578249	36.000000	-8.000000	1.180000	22.653257
83.776955	298.801086	-68.917381	-203.673508	70.097450	4.872673	306.717316	3.098408	-0.318979	0.000000	-1.258599	-0.340076	-1.186166	-0.926066	-3.459380	-1.578249	36.000000	-8.000000	1.180000	22.618600
83.235298	299.570709	-71.082329	-204.897293	69.579033	4.677767	305.916901	3.098408	-0.478468	-0.167151	-1.258599	-0.340076	-1.186166	-0.926066	-3.459380	-1.578249	36.000000	-8.000000	1.180000	22.595902
82.332527	297.839081	-70.559563	-203.848312	68.684708	4.677767	305.276550	3.098408	-0.318979	0.000000	-1.258599	-0.340076	-1.186166	-0.926066	-3.458417	-1.578249	36.000000	-8.000000	1.180000	22.571873
51.277271	279.482819	-29.226742	-183.743210	68.488068	4.482861	285.360107	3.098408	-0.318979	0.000000	-1.258599	-0.340076	-1.186166	-0.926066	-3.459380	-1.578249	36.000000	-4.000000	1.180000	21.818871
49.471729	279.098083	-31.211275	-186.540436	66.001709	4.287955	284.305817	3.098408	-0.478357	0.000000	-1.258599	-0.340076	-1.186166	-0.926066	-3.267192	-1.578249	36.000000	-4.000000	1.180000	21.785466
49.291180	278.598846	-27.422623	-183.743210	67.969246	4.287955	283.345306	3.098408	-0.318979	0.000000	-1.438401	-0.340076	-1.186166	-0.926066	-3.650550	-1.578249	36.000000	-4.000000	1.180000	21.748070
50.374500	277.444427	-26.881386	-181.645279	68.863571	4.287955	282.384827	3.098408	-0.318979	-0.334219	-1.258599	-0.509988	-1.186166	-0.926066	-3.650550	-1.578249	36.000000	-4.000000	1.180000	21.710611
19.138691	260.705383	4.698058	-170.281525	63.123470	4.094165	266.314758	3.098408	-0.318979	-0.167106	-1.258599	-0.509988	-1.186166	-0.926066	-3.650550	-1.578249	36.000000	0.000000	1.180000	21.081785
19.860907	260.055573	6.866408	-167.309464	64.017570	3.898142	265.576202	3.098408	-0.318979	-0.167106	-1.438401	-0.340076	-1.186166	-0.926066	-3.650550	-1.578249	36.000000	0.000000	1.180000	21.059966
19.499798	260.247925	5.962929	-168.708084	64.554024	3.899204	265.194427	3.098408	-0.318979	0.000000	-1.438401	-0.340076	-1.186166	-0.926066	-3.650550	-1.578249	36.000000	0.000000	1.180000	21.044554
18.777582	259.743378	5.962929	-169.232559	63.481113	3.704243	265.194427	3.098408	-0.318979	-0.167106	-1.258599	-0.509988	-1.186166	-0.926066	-3.650550	-1.402888	36.000000	0.000000	1.180000	21.052403
-12.976070	276.020508	36.500534	-179.197708	65.643982	4.287955	281.104156	3.098408	-0.478357	0.000000	-1.258599	-0.340076	-1.186166	-0.926066	-3.650550	-1.578249	36.000000	4.000000	1.180000	21.660563
-15.679421	277.059601	35.958443	-182.169769	64.213043	4.482861	281.744507	3.098408	-0.318979	-0.167106	-1.258599	-0.339992	-1.186166	-0.740853	-3.650550	-1.578249	36.000000	4.000000	1.180000	21.677985
-13.696964	277.559296	35.597054	-181.295639	64.375206	4.482861	282.384827	3.098408	-0.318979	0.000000	-1.258599	-0.340076	-1.186166	-0.740853	-3.650550	-1.578249	36.000000	4.000000	1.180000	21.703002
-16.220091	277.829224	34.151485	-184.792160	62.424381	4.482861	283.025146	3.098408	-0.318979	-0.167106	-1.438401	-0.509988	-1.186166	-0.926066	-3.650550	-1.578249	36.000000	4.000000	1.180000	21.727991
-56.409870	291.600769	63.243519	-199.477631	59.920250	4.484088	296.151886	3.098408	-0.478357	0.000000	-1.438401	-0.340076	-1.186166	-0.926066	-3.650550	-1.402888	36.000000	8.000000	1.180000	22.234032
-55.869194	291.600769	63.424221	-200.176956	60.083530	4.679050	296.632141	3.098408	-0.318979	-0.167106	-1.438401	-0.340076	-1.186166	-0.926066	-3.650550	-1.578249	36.000000	8.000000	1.180000	22.244904
-56.950539	291.489777	64.491508	-199.127975	61.351185	4.677767	297.272461	3.098408	-0.318979	-0.167106	-1.258599	-0.509988	-1.186166	-0.926066	-3.650550	-1.402888	36.000000	8.000000	1.180000	22.269333
-57.491207	290.912598	65.773270	-198.428680	61.172314	4.484088	297.752716	3.098408	-0.318979	-0.167106	-1.258599	-0.509988	-1.186166	-0.926066	-3.458417	-1.402888	36.000000	8.000000	1.180000	22.294965
-100.023880	301.494720	87.253220	-213.638641	52.407864	4.677767	308.958466	3.098408	-0.637809	-0.167151	-1.438401	-0.340076	-1.186166	-0.926066	-3.650550	-1.578249	36.000000	12.000000	1.180000	22.709690
-102.907455	300.725098	90.685539	-213.813477	52.050129	4.679050	309.758881	3.098408	-0.318979	-0.167106	-1.438401	-0.509988	-1.186166	-0.926066	-3.650550	-1.578249	36.000000	12.000000	1.180000	22.739491
-101.465668	300.833527	93.239037	-211.191071	54.733128	4.874011	310.079041	3.098408	-0.318979	-0.167106	-1.438401	-0.509988	-1.186166	-0.926066	-3.650550	-1.578249	36.000000	12.000000	1.180000	22.744156
-100.744781	300.725098	91.408134	-210.142090	54.733128	5.262486	310.719360	2.935333	-0.478357	-0.167106	-1.258599	-0.509988	-1.186166	-0.740853	-3.650550	-1.578249	36.000000	12.000000	1.180000	22.753539
-153.690216	307.074402	114.350487	-228.848587	38.635151	5.262486	321.444855	2.935333	-0.637809	0.000000	-1.438401	-0.340076	-1.186166	-0.740853	-3.650550	-1.578249	36.000000	16.000000	1.180000	23.149564
-151.747955	306.796356	115.283936	-228.149292	40.066082	4.874011	321.765045	3.098408	-0.478357	0.000000	-1.438401	-0.340076	-1.186166	-0.926066	-3.650550	-1.578249	36.000000	16.000000	1.180000	23.175492
-152.068634	307.843994	112.363358	-229.722733	39.171753	5.067579	322.245270	3.098408	-0.478357	-0.167106	-1.258599	-0.509988	-1.186166	-0.926066	-3.650550	-1.578249	36.000000	16.000000	1.180000	23.185973
-154.271072	307.950409	115.103241	-229.897537	39.887215	4.874011	322.725525	3.098408	-0.478357	-0.167106	-1.258599	-0.340076	-1.186166	-0.926066	-3.650550	-1.578249	36.000000	16.000000	1.180000	23.210587
-205.094009	305.642242	132.415344	-253.499207	16.992317	5.262486	331.369965	3.098408	-0.478357	0.000000	-1.258599	-0.340076	-1.186166	-0.926066	-3.650550	-1.578249	36.000000	20.000000	1.180000	23.510095
-204.012680	305.834595	134.076309	-251.226456	18.065516	5.068972	331.690125	2.935333	-0.478357	-0.167106	-1.258599	-0.509988	-1.186166	-0.926066	-3.650550	-1.578249	36.000000	20.000000	1.180000	23.528603
-204.499878	308.228821	136.208954	-250.352310	22.716042	5.457392	332.170349	3.098408	-0.478357	-0.167106	-1.258599	-0.509988	-1.186166	-0.926066	-3.650550	-1.578249	36.000000	20.000000	1.180000	23.531910
-206.481812	308.912170	135.125061	-254.373322	20.211912	5.457392	332.490509	3.098408	-0.478357	0.000000	-1.258599	-0.340076	-1.186166	-0.740853	-3.650550	-1.578249	36.000000	20.000000	1.180000	23.543437
-259.453552	304.103455	151.383438	-285.667358	-6.779323	5.652298	340.974884	3.098408	-0.478357	-0.167106	-1.258599	-0.509988	-1.186166	-0.926066	-3.650550	-1.578249	36.000000	24.000000	1.180000	23.839953
-255.309509	302.756989	152.286682	-281.821167	-4.638483	5.457392	340.654724	2.935333	-0.478357	0.000000	-1.438401	-0.509988	-1.186166	-0.926066	-3.650550	-1.578249	36.000000	24.000000	1.180000	23.835500
-258.980774	301.987610	148.893372	-286.191864	-9.276969	5.068972	339.374054	3.098408	-0.318979	-0.334219	-1.438401	-0.509988	-1.186166	-0.926066	-3.650550	-1.578249	36.000000	24.000000	1.180000	23.803756
-259.994110	300.256500	151.022141	-283.744293	-6.957725	5.457392	337.773224	3.098408	-0.478357	-0.167106	-1.438401	-0.509988	-1.186166	-0.926066	-3.650550	-1.578249	36.000000	24.000000	1.180000	23.732829
-281.328430	260.824982	146.725021	-287.240814	-36.394264	4.484088	311.359680	3.098408	-0.478357	-0.167106	-1.258599	-0.509988	-1.186166	-0.926066	-3.650550	-1.578249	36.000000	28.000000	1.180000	22.806317
-280.173798	261.090210	145.241394	-288.289764	-39.783924	4.677767	310.559265	2.935333	-0.478357	-0.334219	-1.438401	-0.509988	-1.186166	-0.926066	-3.650550	-1.578249	36.000000	28.000000	1.180000	22.769348
-278.191864	259.670868	142.569016	-288.464600	-40.319134	4.679050	309.438721	2.935333	-0.318979	-0.167106	-1.438401	-0.509988	-1.186166	-0.926066	-3.650550	-1.578249	36.000000	28.000000	1.180000	22.727556
-275.921722	258.516785	144.556671	-286.366699	-38.356701	4.484088	307.997955	3.098408	-0.478357	0.000000	-1.258599	-0.340076	-1.186166	-0.926066	-3.650550	-1.578249	36.000000	28.000000	1.180000	22.681055
-295.128418	224.278687	136.570251	-295.632507	-68.506851	4.094165	286.867126	3.098408	-0.637809	-0.167106	-1.258599	-0.509988	-1.186166	-0.926066	-3.650550	-1.578249	36.000000	32.000000	1.180000	21.892377
-295.926514	224.533737	136.244659	-295.632507	-68.863655	3.899204	286.066711	3.098408	-0.637809	-0.167106	-1.258599	-0.509988	-1.186166	-0.740853	-3.650550	-1.578249	36.000000	32.000000	1.180000	21.868928
-292.605957	224.471039	137.112213	-291.436676	-65.117187	4.094165	285.426392	3.098408	-0.478357	-0.167106	-1.258599	-0.509988	-1.186166	-0.926066	-3.650550	-1.578249	36.000000	32.000000	1.180000	21.836535
-294.124298	223.316940	134.799088	-294.233887	-68.863655	3.899204	284.786072	3.098408	-0.478357	-0.167106	-1.258599	-0.509988	-1.186166	-0.926066	-3.650550	-1.578249	36.000000	32.000000	1.180000	21.819245
-307.560577	193.695236	131.512100	-305.772491	-96.516159	3.704243	269.258118	3.098408	-0.478357	-0.167106	-1.438401	-0.509988	-1.186166	-0.926066	-3.650550	-1.578249	36.000000	36.000000	1.180000	21.215355
-308.281281	192.925842	129.886261	-305.248016	-96.694565	3.704243	268.617767	3.098408	-0.478357	-0.167106	-1.438401	-0.339992	-1.186166	-0.926066	-3.650550	-1.578650	36.000000	36.000000	1.180000	21.189761
-307.641022	192.787338	129.886261	-302.101135	-95.088936	3.704243	267.817352	3.098408	-0.478357	-0.167106	-1.438401	-0.509988	-1.186166	-0.926066	-3.650550	-1.578249	36.000000	36.000000	1.180000	21.157725
-304.857941	191.387054	130.789505	-301.052155	-94.732132	3.704243	267.497192	3.098408	-0.478357	-0.167106	-1.258599	-0.509988	-1.186166	-0.926066	-3.650550	-1.578249	36.000000	36.000000	1.180000	21.144897
-349.001099	181.384918	131.873398	-347.381317	-138.797729	3.899204	277.902527	3.098408	-0.478357	-0.167106	-1.438401	-0.509988	-1.186166	-0.926066	-3.650550	-1.402888	36.000000	40.000000	1.180000	21.550230
-348.280396	180.423172	133.679886	-348.605133	-138.797729	3.899204	278.542877	3.098408	-0.478357	-0.167106	-1.258599	-0.509988	-1.186166	-0.926066	-3.650550	-1.402888	36.000000	40.000000	1.180000	21.575397
-347.830811	182.012802	132.450043	-347.206512	-138.084122	3.899204	279.183197	3.098408	-0.478357	-0.167106	-1.258599	-0.509988	-1.186166	-0.926066	-3.650550	-1.403244	36.000000	40.000000	1.180000	21.600533
-348.820892	182.346664	134.763763	-346.682007	-136.656891	4.094165	279.823517	3.098408	-0.478357	-0.167106	-1.438401	-0.509988	-1.186166	-0.926066	-3.650550	-1.402888	36.000000	40.000000	1.180000	21.617999
-392.603699	167.390213	132.054047	-396.158081	-189.642654	4.484088	292.470001	3.098408	-0.478357	-0.167106	-1.438401	-0.509988	-1.186166	-0.926066	-3.650550	-1.578249	36.000000	44.000000	1.180000	22.093250
-399.990906	169.651642	132.415344	-401.228058	-189.642654	4.484088	292.950226	3.098408	-0.478357	-0.167106	-1.438401	-0.509988	-1.186166	-0.926066	-3.650550	-1.578650	36.000000	44.000000	1.180000	22.111663
-398.189148	167.343460	134.041183	-400.528748	-191.426682	4.484088	293.430481	3.098408	-0.478357	-0.167106	-1.258599	-0.509988	-1.186166	-0.926066	-3.650550	-1.578249	36.000000	44.000000	1.180000	22.130062
-397.648651	167.728165	132.776642	-400.179077	-192.140289	4.289127	293.750671	3.098408	-0.478357	-0.167106	-1.438401	-0.509988	-1.186166	-0.926066	-3.650550	-1.578249	36.000000	44.000000	1.180000	22.149781
139.748627	173.498627	-427.327454	-434.794861	-192.140289	4.679050	309.598785	3.098408	-0.478357	-0.167106	-1.258599	-0.509988	-1.186166	-0.740853	-3.650550	-1.578249	40.000000	-44.000000	1.180000	22.733524
139.387527	174.893906	-429.673431	-436.193451	-194.637955	4.679050	309.918945	3.098408	-0.478357	-0.167106	-1.258599	-0.339992	-1.186166	-0.926066	-3.650550	-1.578249	40.000000	-44.000000	1.180000	22.745456
137.581985	173.306274	-432.019379	-438.815887	-197.670807	4.679050	310.399200	3.098408	-0.478357	-0.167106	-1.258599	-0.509988	-1.186166	-0.926066	-3.650550	-1.578249	40.000000	-44.000000	1.180000	22.763342
140.109741	174.893906	-432.560791	-438.291412	-195.886780	4.484088	311.039520	3.098408	-0.478357	-0.334219	-1.438401	-0.509988	-1.355620	-0.926066	-3.650550	-1.402888	40.000000	-44.000000	1.180000	22.794417
146.609680	201.830261	-421.011383	-422.731812	-168.234268	5.068972	319.523865	3.098408	-0.637809	-0.167106	-1.438401	-0.509988	-1.186166	-0.926066	-3.650550	-1.578650	40.000000	-40.000000	1.180000	23.086238
146.970795	201.389206	-421.372314	-423.431091	-169.661499	4.874011	319.844025	3.098408	-0.637809	-0.167106	-1.438401	-0.509988	-1.186166	-0.926066	-3.650550	-1.578249	40.000000	-40.000000	1.180000	23.105139
149.137436	203.177078	-423.357361	-424.130402	-167.163849	4.874011	320.484344	3.098408	-0.478357	-0.167106	-1.438401	-0.509988	-1.186166	-0.926066	-3.650550	-1.578650	40.000000	-40.000000	1.180000	23.128613
148.234650	202.984680	-423.537811	-425.703857	-169.661499	4.874011	320.804535	3.098408	-0.478357	-0.167106	-1.258599	-0.509988	-1.186166	-0.740853	-3.650550	-1.578650	40.000000	-40.000000	1.180000	23.140342
152.206833	230.305832	-402.063171	-398.605652	-135.051254	5.068972	329.609039	3.098408	-0.637809	-0.334219	-1.438401	-0.509988	-1.186166	-0.926066	-3.650550	-1.578650	40.000000	-36.000000	1.180000	23.453527
152.026291	232.999466	-406.935577	-405.249084	-137.548904	4.874011	329.769135	2.935333	-0.478357	-0.167106	-1.438401	-0.509988	-1.186166	-0.740853	-3.650550	-1.578650	40.000000	-36.000000	1.180000	23.466352
150.581863	232.037460	-407.837891	-403.675629	-138.084122	5.068972	330.249390	2.935333	-0.637809	-0.334219	-1.438401	-0.509988	-1.186166	-0.926066	-3.650550	-1.578650	40.000000	-36.000000	1.180000	23.476653
153.290161	234.538681	-409.281555	-406.472870	-138.084122	5.068972	330.729645	3.098408	-0.478357	-0.334219	-1.438401	-0.509988	-1.186166	-0.926066	-3.650550	-1.578650	40.000000	-36.000000	1.180000	23.493983
153.109619	260.705414	-386.904602	-382.346741	-109.361191	5.653856	340.174469	3.098408	-0.478357	-0.334219	-1.438401	-0.509988	-1.186166	-0.926066	-3.650550	-1.403244	40.000000	-32.000000	1.180000	23.811427
153.831818	260.897827	-384.739105	-380.248810	-106.506744	5.458895	340.334564	3.098408	-0.478357	-0.167106	-1.438401	-0.509988	-1.186166	-0.926066	-3.650550	-1.578650	40.000000	-32.000000	1.180000	23.824061
156.540146	263.399048	-385.100006	-380.073975	-103.295479	5.458895	340.654724	3.098408	-0.478357	-0.167106	-1.438401	-0.509988	-1.186166	-0.926066	-3.650550	-1.578650	40.000000	-32.000000	1.180000	23.835447
155.456818	261.209656	-384.919556	-379.549500	-104.722702	5.458895	340.654724	3.098408	-0.478357	-0.167106	-1.258599	-0.509988	-1.186166	-0.926066	-3.650550	-1.578650	40.000000	-32.000000	1.180000	23.835447
136.498672	255.510544	-310.931274	-313.290039	-65.830803	4.679050	311.519775	3.098408	-0.478357	-0.167106	-1.258599	-0.509988	-1.355284	-0.926066	-3.650550	-1.578650	40.000000	-28.000000	1.180000	22.805022
134.151459	255.510544	-309.848511	-312.765594	-64.225166	4.874011	310.559265	3.098408	-0.478357	-0.167106	-1.258599	-0.509988	-1.186166	-0.926066	-3.650550	-1.403244	40.000000	-28.000000	1.180000	22.762043
133.970932	254.740952	-314.540436	-315.912445	-68.506851	4.679050	309.438721	3.098408	-0.478357	-0.167106	-1.438401	-0.509988	-1.186166	-0.740853	-3.650550	-1.578650	40.000000	-28.000000	1.180000	22.727556
132.707031	252.816910	-313.999054	-315.912445	-70.112480	4.874011	308.478210	3.098408	-0.478357	-0.167106	-1.438401	-0.339992	-1.186166	-0.926066	-3.650550	-1.403244	40.000000	-28.000000	1.180000	22.684430
115.012779	248.776459	-255.349808	-273.254669	-45.492828	4.094165	288.948181	3.098408	-0.478357	-0.167106	-1.438401	-0.509988	-1.355284	-0.926066	-3.650550	-1.578650	40.000000	-24.000000	1.180000	21.972788
116.276634	250.245804	-251.560181	-270.457428	-40.854347	4.094165	288.307861	3.098408	-0.478357	-0.167106	-1.438401	-0.509988	-1.186166	-0.740853	-3.650550	-1.403244	40.000000	-24.000000	1.180000	21.948078
114.471092	249.930878	-251.018784	-270.282593	-41.567959	4.094165	287.667542	3.098408	-0.478357	-0.167106	-1.438401	-0.509988	-1.186166	-0.926066	-3.650550	-1.403244	40.000000	-24.000000	1.180000	21.923340
116.096077	248.776459	-249.033752	-268.184662	-40.140732	4.094165	286.867126	3.098408	-0.478357	-0.167106	-1.258599	-0.509988	-1.186166	-0.740853	-3.650550	-1.578650	40.000000	-24.000000	1.180000	21.892377
97.860146	242.427185	-196.700562	-235.492035	-20.337969	3.509281	268.137512	3.098408	-0.478357	-0.167106	-1.438401	-0.509988	-1.355284	-0.926066	-3.650550	-1.578650	40.000000	-20.000000	1.180000	21.178348
97.679588	242.427185	-199.227005	-236.890640	-21.586792	3.314320	267.497192	3.098408	-0.478357	-0.334219	-1.438401	-0.509988	-1.355284	-0.926066	-3.650550	-1.578650	40.000000	-20.000000	1.180000	21.160519
97.499031	241.272781	-198.144241	-235.492035	-21.051584	3.704243	266.696777	3.098408	-0.478357	-0.167106	-1.438401	-0.509988	-1.355284	-0.926066	-3.650550	-1.578650	40.000000	-20.000000	1.180000	21.112793
96.235176	240.887955	-195.798279	-234.792709	-21.051584	3.704243	266.056458	3.098408	-0.637809	-0.167106	-1.438401	-0.509988	-1.355284	-0.926066	-3.650550	-1.578650	40.000000	-20.000000	1.180000	21.087075
85.040833	261.475037	-175.045456	-238.988556	-11.596210	4.094165	278.542877	3.098408	-0.478357	-0.167106	-1.438401	-0.509988	-1.355284	-0.926066	-3.650550	-1.578650	40.000000	-16.000000	1.180000	21.567737
84.860268	260.513000	-176.308670	-239.513046	-14.272258	3.899204	279.343262	3.098408	-0.637809	-0.334219	-1.438401	-0.509988	-1.355284	-0.926066	-3.650550	-1.578650	40.000000	-16.000000	1.180000	21.606812
85.221375	260.897827	-173.601791	-238.114426	-11.596210	3.899204	279.983582	3.260723	-0.637809	-0.334219	-1.438401	-0.509988	-1.186166	-0.926066	-3.650550	-1.578650	40.000000	-16.000000	1.180000	21.631912
85.763054	262.244629	-176.128220	-239.862701	-12.309823	4.094165	280.783997	3.098408	-0.478357	-0.167106	-1.258599	-0.339992	-1.355284	-0.926066	-3.650550	-1.578650	40.000000	-16.000000	1.180000	21.655618
70.596519	282.254486	-149.781158	-248.604065	-2.676048	4.289127	295.351471	3.098408	-0.478357	-0.167106	-1.438401	-0.509988	-1.355284	-0.926066	-3.650550	-1.578650	40.000000	-12.000000	1.180000	22.210944
70.957642	283.601318	-148.517944	-250.002670	-1.248823	4.094165	295.831726	3.260723	-0.478357	-0.167106	-1.258599	-0.339992	-1.355284	-0.926066	-3.650550	-1.403244	40.000000	-12.000000	1.180000	22.236691
68.971535	283.793732	-149.781158	-250.876801	-2.140837	4.094165	296.311951	3.260723	-0.637809	-0.167106	-1.438401	-0.509988	-1.186166	-0.926066	-3.650550	-1.578650	40.000000	-12.000000	1.180000	22.254985
69.513191	283.986115	-151.766220	-251.576096	-4.995289	4.289127	296.952301	3.260723	-0.478357	-0.167106	-1.438401	-0.509988	-1.186166	-0.926066	-3.650550	-1.578650	40.000000	-12.000000	1.180000	22.271939
48.388409	299.955536	-115.132996	-255.247482	8.046919	4.679050	308.318115	3.098408	-0.478357	-0.334219	-1.438401	-0.509988	-1.355284	-0.926066	-3.650550	-1.578650	40.000000	-8.000000	1.180000	22.685733
46.582859	300.532715	-117.298508	-257.170563	6.260332	4.484088	308.638306	3.260723	-0.478357	-0.334219	-1.438401	-0.509988	-1.186166	-0.926066	-3.650550	-1.578650	40.000000	-8.000000	1.180000	22.704969
48.027290	300.147949	-115.132996	-256.471283	6.795178	4.484088	309.118561	3.097686	-0.478357	-0.167106	-1.438401	-0.509988	-1.186166	-0.926066	-3.458417	-1.403244	40.000000	-8.000000	1.180000	22.722887
47.305073	302.071960	-116.396210	-258.569183	7.512398	4.872682	309.438721	3.260723	-0.478357	-0.167106	-1.438401	-0.339992	-1.355284	-0.926066	-3.650550	-1.578650	40.000000	-8.000000	1.180000	22.720335
20.041447	312.846497	-83.191711	-262.939880	8.046919	4.874011	319.523865	3.098408	-0.478357	-0.167106	-1.258599	-0.339992	-1.355284	-0.926066	-3.650550	-1.578650	40.000000	-4.000000	1.180000	23.093393
18.597017	313.423706	-77.597473	-261.191620	11.623318	4.874011	319.844025	3.098408	-0.478357	-0.167106	-1.438401	-0.339992	-1.186166	-0.740853	-3.650550	-1.578650	40.000000	-4.000000	1.180000	23.105139
18.055355	314.962921	-80.304359	-262.240570	10.908039	4.872682	320.324280	3.260723	-0.478357	-0.167106	-1.438401	-0.509988	-1.186166	-0.926066	-3.650550	-1.403244	40.000000	-4.000000	1.180000	23.122797
20.222002	314.770538	-79.943443	-262.415405	11.265678	5.067588	320.964630	3.260723	-0.478357	-0.167106	-1.438401	-0.509988	-1.186166	-0.926066	-3.650550	-1.578650	40.000000	-4.000000	1.180000	23.139116
-16.756374	324.583038	-42.588379	-267.485382	9.656300	5.263934	330.889709	3.098408	-0.478357	-0.167106	-1.438401	-0.509988	-1.355284	-0.926066	-3.650550	-1.578650	40.000000	0.000000	1.180000	23.492724
-15.134792	323.813446	-43.671135	-267.135742	8.046919	5.263934	331.369965	3.098408	-0.478357	-0.167106	-1.258599	-0.339992	-1.355284	-0.926066	-3.650550	-1.578650	40.000000	0.000000	1.180000	23.510042
-17.837433	324.583038	-39.701031	-268.534332	8.046919	5.262494	331.850189	3.260723	-0.478357	-0.167106	-1.438401	-0.509988	-1.355284	-0.926066	-3.650550	-1.403244	40.000000	0.000000	1.180000	23.527399
-16.215847	323.813446	-39.159649	-265.212616	11.089725	5.067588	332.330444	3.260723	-0.478357	-0.167106	-1.438401	-0.509988	-1.355284	-0.740853	-3.650550	-1.403244	40.000000	0.000000	1.180000	23.551705
-59.818459	331.317139	-2.345970	-273.254669	7.331640	5.263934	339.694214	3.260723	-0.478357	-0.167106	-1.258599	-0.509988	-1.355284	-0.740853	-3.650550	-1.578650	40.000000	4.000000	1.180000	23.808212
-55.854588	334.587982	-3.789644	-273.079834	11.086858	5.262494	340.174469	3.260723	-0.478357	-0.167106	-1.438401	-0.509988	-1.355284	-0.926066	-3.650550	-1.578650	40.000000	4.000000	1.180000	23.825353
-56.755474	333.818390	-1.985052	-272.730164	11.265678	5.458895	340.334564	3.260723	-0.478357	-0.167106	-1.438401	-0.509988	-1.355284	-0.926066	-3.650550	-1.578650	40.000000	4.000000	1.180000	23.824061
-56.755474	332.279144	-1.443674	-270.807098	10.729218	5.067588	340.814789	3.260723	-0.478357	-0.167106	-1.258599	-0.509988	-1.355284	-0.926066	-3.650550	-1.403244	40.000000	4.000000	1.180000	23.855042
-95.673515	308.036438	23.664949	-257.170563	1.430580	4.677775	314.881500	3.260723	-0.478357	-0.334219	-1.438401	-0.339992	-1.355284	-0.926066	-3.650550	-1.578650	40.000000	8.000000	1.180000	22.929654
-95.313156	306.689636	26.916622	-256.646088	1.967039	4.872682	314.081085	3.260723	-0.478357	-0.167106	-1.438401	-0.509988	-1.355284	-0.926066	-3.650550	-1.578650	40.000000	8.000000	1.180000	22.892838
-94.051933	305.150391	26.194029	-255.422302	1.072939	4.484088	312.960510	3.098408	-0.478357	-0.167106	-1.258599	-0.509988	-1.355284	-0.926066	-3.650550	-1.578650	40.000000	8.000000	1.180000	22.865725
-92.250168	304.765594	26.735973	-255.597137	1.967039	4.872682	312.160095	3.260723	-0.478357	-0.167106	-1.438401	-0.509988	-1.355284	-0.926066	-3.650550	-1.578650	40.000000	8.000000	1.180000	22.821615
-130.087143	281.292480	46.426662	-239.862701	-8.563354	4.287963	291.509521	3.260723	-0.478357	-0.167106	-1.258599	-0.509988	-1.355284	-0.740853	-3.650550	-1.403244	40.000000	12.000000	1.180000	22.063912
-125.222389	279.560852	45.523418	-238.114426	-8.741758	4.287963	290.549011	3.260723	-0.478357	-0.167106	-1.438401	-0.509988	-1.355284	-0.740853	-3.650550	-1.403244	40.000000	12.000000	1.180000	22.026988
-124.501678	278.406464	47.329903	-235.841690	-6.422517	4.289127	289.428436	3.260723	-0.478357	-0.167106	-1.438401	-0.509988	-1.355284	-0.926066	-3.650550	-1.578650	40.000000	12.000000	1.180000	21.983789
-124.321518	277.444458	43.897583	-236.191330	-8.741758	4.094165	288.467957	3.098408	-0.478357	-0.167106	-1.438401	-0.509988	-1.355284	-0.926066	-3.650550	-1.578650	40.000000	12.000000	1.180000	21.954258
-155.672150	256.472565	58.349461	-230.072372	-20.694775	3.899204	271.179077	3.260723	-0.478357	-0.167106	-1.438401	-0.509988	-1.355284	-0.926066	-3.650550	-1.578650	40.000000	16.000000	1.180000	21.284190
-156.933380	255.895355	58.891407	-228.848587	-20.337969	3.899204	270.538757	3.260723	-0.478357	-0.167106	-1.438401	-0.509988	-1.355284	-0.926066	-3.650550	-1.578650	40.000000	16.000000	1.180000	21.258679
-155.491974	255.895355	58.891407	-227.624802	-19.267551	3.703245	269.738342	3.260723	-0.478357	-0.167106	-1.258599	-0.339992	-1.355284	-0.926066	-3.650550	-1.578650	40.000000	16.000000	1.180000	21.234569
-155.672150	253.778915	60.517246	-227.449997	-19.981163	3.703245	269.258118	3.260723	-0.478357	-0.167106	-1.438401	-0.509988	-1.355284	-0.926066	-3.650550	-1.578650	40.000000	16.000000	1.180000	21.215395
-198.914398	253.778915	75.872360	-244.583023	-34.253422	3.898151	275.021057	3.260723	-0.478357	-0.167106	-1.438401	-0.509988	-1.355284	-0.740853	-3.650550	-1.403244	40.000000	20.000000	1.180000	21.436659
-199.995483	253.009323	75.872360	-246.680954	-35.859055	3.704243	275.661377	3.260723	-0.478357	-0.167106	-1.438401	-0.509988	-1.355284	-0.740853	-3.458417	-1.578650	40.000000	20.000000	1.180000	21.469613
-201.076538	254.163727	74.065880	-248.604065	-37.464680	3.899204	276.461792	3.260723	-0.478357	-0.167106	-1.438401	-0.509988	-1.355284	-0.926066	-3.650550	-1.578650	40.000000	20.000000	1.180000	21.493499
-198.734238	253.586533	74.065880	-246.156464	-37.286278	3.898151	276.942047	3.260723	-0.478357	-0.334219	-1.438401	-0.509988	-1.355284	-0.740853	-3.650550	-1.578650	40.000000	20.000000	1.180000	21.512467
-253.327591	256.472565	90.685539	-280.072906	-60.657108	4.287963	291.349426	3.260723	-0.478357	-0.334219	-1.258599	-0.339992	-1.355284	-0.926066	-3.650550	-1.578650	40.000000	24.000000	1.180000	22.057762
-251.165466	258.011780	89.601646	-278.499481	-59.051476	4.094165	291.669586	3.260723	-0.478357	-0.167106	-1.258599	-0.509988	-1.355284	-0.926066	-3.650550	-1.578650	40.000000	24.000000	1.180000	22.077499
-252.066345	258.011780	90.143593	-279.198792	-59.943493	4.093058	292.309906	3.260723	-0.478357	-0.167106	-1.438401	-0.339992	-1.355284	-0.740853	-3.650550	-1.403244	40.000000	24.000000	1.180000	22.102107
-254.588821	258.588989	88.879059	-282.170837	-61.905930	4.093058	292.630066	3.260723	-0.478357	-0.334219	-1.438401	-0.509988	-1.355284	-0.926066	-3.650550	-1.578650	40.000000	24.000000	1.180000	22.114380
-305.578644	256.280182	101.705101	-315.213165	-89.915237	4.677775	304.476166	3.260723	-0.478357	-0.167106	-1.258599	-0.509988	-1.355284	-0.926066	-3.650550	-1.578650	40.000000	28.000000	1.180000	22.541803
-305.218292	256.472565	102.247047	-315.387970	-89.201630	4.677775	304.956390	3.260723	-0.478357	-0.167106	-1.258599	-0.509988	-1.355284	-0.926066	-3.650550	-1.578650	40.000000	28.000000	1.180000	22.559850
-304.137238	256.664948	98.995369	-314.513824	-91.699272	4.677775	305.436646	3.260723	-0.637809	-0.167106	-1.438401	-0.339992	-1.355284	-0.926066	-3.650550	-1.578650	40.000000	28.000000	1.180000	22.577883
-304.497589	257.819366	101.163155	-315.038330	-89.201630	4.482870	306.076996	3.260723	-0.478357	-0.167106	-1.438401	-0.339992	-1.355284	-0.926066	-3.650550	-1.578650	40.000000	28.000000	1.180000	22.609212
-355.307251	248.776459	109.834282	-352.276489	-125.060677	4.677775	317.122650	3.260723	-0.478357	-0.167106	-1.258599	-0.509988	-1.355284	-0.926066	-3.650550	-1.578650	40.000000	32.000000	1.180000	23.012336
-358.190063	249.546082	108.931038	-357.171631	-128.093536	4.677775	317.762970	3.260723	-0.478357	-0.167106	-1.438401	-0.509988	-1.355284	-0.926066	-3.650550	-1.578650	40.000000	32.000000	1.180000	23.035904
-359.090942	250.700500	108.931038	-354.724060	-126.487900	4.677775	317.923065	3.260723	-0.478357	-0.167106	-1.438401	-0.509988	-1.355284	-0.926066	-3.650550	-1.578650	40.000000	32.000000	1.180000	23.041793
-361.072906	252.816910	109.292336	-360.143677	-127.023109	4.874011	318.563385	3.260723	-0.637809	-0.167106	-1.438401	-0.509988	-1.355284	-0.926066	-3.650550	-1.578650	40.000000	32.000000	1.180000	23.058120
-411.522186	237.809509	112.905312	-403.850464	-172.159134	5.067588	327.688080	3.260723	-0.478357	-0.167106	-1.438401	-0.509988	-1.355284	-0.926066	-3.650550	-1.578650	40.000000	36.000000	1.180000	23.384062
-409.179901	238.194321	116.518272	-399.479767	-167.163849	4.872682	327.848145	3.260723	-0.478357	-0.334219	-1.438401	-0.509988	-1.355284	-0.926066	-3.650550	-1.578650	40.000000	36.000000	1.180000	23.396924
-407.918671	239.541138	115.253738	-400.878387	-168.412674	5.262494	328.328400	3.260723	-0.478357	-0.167106	-1.258599	-0.339992	-1.355284	-0.926066	-3.650550	-1.578650	40.000000	36.000000	1.180000	23.400200
-411.702362	238.963959	115.073082	-403.151154	-169.839905	5.067588	328.488464	3.260723	-0.478357	-0.167106	-1.438401	-0.339992	-1.355284	-0.926066	-3.650550	-1.578650	40.000000	36.000000	1.180000	23.413051
-452.602356	221.647720	116.156975	-447.382385	-214.262314	5.067588	334.891754	3.260723	-0.478357	-0.167106	-1.438401	-0.509988	-1.355284	-0.926066	-3.650550	-1.578650	40.000000	40.000000	1.180000	23.643688
-456.926575	221.455292	118.505409	-450.179657	-214.083893	5.067588	335.532074	3.260723	-0.478357	-0.167106	-1.258599	-0.339992	-1.355284	-0.926066	-3.650550	-1.578650	40.000000	40.000000	1.180000	23.666628
-454.404114	222.802139	116.337631	-446.857910	-213.548706	5.457400	335.852234	3.260723	-0.478357	-0.167106	-1.438401	-0.339992	-1.355284	-0.926066	-3.650550	-1.578650	40.000000	40.000000	1.180000	23.664134
-454.944611	223.764145	116.879570	-449.480286	-214.975906	5.457400	336.332520	3.260723	-0.478357	-0.167106	-1.438401	-0.509988	-1.355284	-0.926066	-3.650550	-1.578650	40.000000	40.000000	1.180000	23.681328
-472.421722	191.632919	105.679367	-469.060944	-254.046249	5.262494	326.087250	3.260723	-0.478357	-0.167106	-1.258599	-0.509988	-1.355284	-0.926066	-3.650550	-1.403244	40.000000	44.000000	1.180000	23.318893
-466.295746	191.055725	106.221313	-464.865082	-251.370178	5.262494	325.286835	3.260723	-0.478357	-0.334219	-1.438401	-0.509988	-1.355284	-0.926066	-3.650550	-1.403244	40.000000	44.000000	1.180000	23.289787
-469.538879	190.670914	107.847153	-465.214752	-248.694122	5.067588	324.326355	3.260723	-0.637809	-0.167106	-1.438401	-0.509988	-1.355284	-0.926066	-3.650550	-1.578650	40.000000	44.000000	1.180000	23.261912
-468.277649	190.093704	105.498718	-462.592316	-248.694122	4.677775	323.205750	3.260723	-0.478357	-0.167106	-1.438401	-0.339992	-1.355284	-0.740853	-3.650550	-1.403244	40.000000	44.000000	1.180000	23.235274
95.151840	161.233337	-415.597626	-416.088318	-220.328033	4.093058	287.827637	3.260723	-0.478357	-0.167106	-1.438401	-0.509988	-1.355284	-0.926066	-3.650550	-1.578650	44.000000	-44.000000	1.180000	21.929571
94.610176	160.271317	-411.807983	-412.242157	-217.651962	4.287963	286.867126	3.260723	-0.478357	-0.167106	-1.438401	-0.339992	-1.355284	-0.740853	-3.650550	-1.578650	44.000000	-44.000000	1.180000	21.884875
95.151840	161.425735	-413.071198	-413.465942	-217.295151	4.093058	286.066711	3.260723	-0.478357	-0.167106	-1.438401	-0.509988	-1.355284	-0.926066	-3.650550	-1.578650	44.000000	-44.000000	1.180000	21.861415
95.512947	159.694107	-410.364288	-411.368042	-215.154327	4.093058	285.426392	3.260723	-0.478357	-0.167106	-1.438401	-0.509988	-1.355284	-0.926066	-3.650550	-1.578650	44.000000	-44.000000	1.180000	21.836579
91.179657	169.506638	-366.693146	-365.388519	-176.440826	3.703245	268.137512	3.260723	-0.478357	-0.167106	-1.438401	-0.509988	-1.355284	-0.926066	-3.650550	-1.578650	44.000000	-40.000000	1.180000	21.170585
91.179657	167.390213	-363.625366	-362.416443	-175.370407	3.703245	267.497192	3.260723	-0.478357	-0.167106	-1.438401	-0.509988	-1.355284	-0.926066	-3.650550	-1.578650	44.000000	-40.000000	1.180000	21.144938
91.179657	167.775024	-363.625366	-361.367493	-174.478378	3.508339	266.856873	3.260723	-0.637809	-0.167106	-1.438401	-0.509988	-1.355284	-0.926066	-3.842685	-1.578650	44.000000	-40.000000	1.180000	21.127079
91.179657	166.428207	-364.347198	-362.416443	-175.192001	3.898151	266.216553	3.260723	-0.478357	-0.167106	-1.438401	-0.509988	-1.355284	-0.926066	-3.650550	-1.578650	44.000000	-40.000000	1.180000	21.085717
93.165749	190.286102	-353.519623	-349.129578	-152.356369	3.898151	271.819397	3.260723	-0.478357	-0.167106	-1.438401	-0.509988	-1.355284	-0.926066	-3.650550	-1.578650	44.000000	-36.000000	1.180000	21.309711
92.985191	189.131699	-352.797821	-349.129578	-154.140411	3.898151	272.299652	3.260723	-0.478357	-0.334219	-1.438401	-0.509988	-1.355284	-0.926066	-3.650550	-1.578650	44.000000	-36.000000	1.180000	21.328802
92.443527	188.746887	-352.978241	-348.954773	-154.318817	3.508339	272.619843	3.260723	-0.478357	-0.167106	-1.438401	-0.509988	-1.355284	-0.926066	-3.650550	-1.578650	44.000000	-36.000000	1.180000	21.356994
92.985191	188.746887	-352.256439	-348.605133	-154.675613	3.898151	273.260162	3.260723	-0.478357	-0.167106	-1.438401	-0.509988	-1.355284	-0.926066	-3.650550	-1.578650	44.000000	-36.000000	1.180000	21.366932
94.249069	215.298431	-345.759888	-340.737885	-135.764877	4.287963	285.586487	3.097686	-0.478357	-0.167106	-1.438401	-0.339992	-1.355284	-0.926066	-3.650550	-1.578650	44.000000	-32.000000	1.180000	21.835227
93.346298	215.298431	-345.940369	-341.087555	-135.586472	4.093058	285.906647	3.260723	-0.478357	-0.167106	-1.438401	-0.509988	-1.355284	-0.926066	-3.650550	-1.578650	44.000000	-32.000000	1.180000	21.855209
94.610176	215.683243	-345.398956	-341.262390	-135.764877	4.093058	286.546967	3.260723	-0.478357	-0.167106	-1.438401	-0.509988	-1.355284	-0.926066	-3.650550	-1.403244	44.000000	-32.000000	1.180000	21.880024
94.790726	215.683243	-346.842651	-342.311340	-136.835297	4.287963	286.867126	3.260723	-0.478357	-0.167106	-1.438401	-0.509988	-1.355284	-0.926066	-3.650550	-1.578650	44.000000	-32.000000	1.180000	21.884875
91.901863	241.657593	-334.932343	-337.416168	-122.919846	4.287963	299.673706	3.260723	-0.478357	-0.167106	-1.258599	-0.509988	-1.355284	-0.926066	-3.650550	-1.578650	44.000000	-28.000000	1.180000	22.375294
94.068520	243.004410	-329.879486	-333.045532	-116.854134	4.482870	300.634186	3.260723	-0.478357	-0.167106	-1.258599	-0.339992	-1.355284	-0.926066	-3.650550	-1.578650	44.000000	-28.000000	1.180000	22.404271
91.901863	242.359451	-337.278290	-339.863770	-124.347069	4.482870	301.274506	3.260723	-0.478357	-0.167106	-1.438401	-0.339992	-1.355284	-0.926066	-3.650550	-1.578650	44.000000	-28.000000	1.180000	22.428479
92.262978	241.465179	-334.210480	-337.591034	-123.990257	4.482870	302.074921	3.260723	-0.478357	-0.167106	-1.438401	-0.509988	-1.355284	-0.926066	-3.650550	-1.403244	44.000000	-28.000000	1.180000	22.458702
87.207466	266.980103	-314.540436	-332.870697	-106.506744	4.872682	312.960510	3.260723	-0.478357	-0.167106	-1.438401	-0.509988	-1.355284	-0.926066	-3.650550	-1.578650	44.000000	-24.000000	1.180000	22.851319
86.304695	265.825989	-312.194489	-331.646912	-107.220352	4.872682	313.280670	3.097686	-0.478357	-0.167106	-1.438401	-0.509988	-1.355284	-0.926066	-3.650550	-1.578650	44.000000	-24.000000	1.180000	22.863189
86.846359	266.403076	-314.359985	-333.744812	-108.112381	4.677775	313.600830	3.260723	-0.637809	-0.167106	-1.438401	-0.339992	-1.355284	-0.926066	-3.650550	-1.578650	44.000000	-24.000000	1.180000	22.882273
86.665810	265.707886	-312.735840	-332.521027	-107.220352	4.677775	314.081085	3.260723	-0.637809	-0.167106	-1.438401	-0.509988	-1.355284	-0.926066	-3.650550	-1.578650	44.000000	-24.000000	1.180000	22.900053
75.832581	288.218994	-285.847412	-329.723785	-93.126503	4.872682	324.166260	3.260723	-0.478357	-0.167106	-1.438401	-0.509988	-1.355284	-0.926066	-3.650550	-1.578650	44.000000	-20.000000	1.180000	23.263180
73.304825	288.330811	-287.110626	-330.423126	-96.516159	4.872682	324.806580	3.260723	-0.478357	-0.167106	-1.438401	-0.509988	-1.355284	-0.926066	-3.650550	-1.578650	44.000000	-20.000000	1.180000	23.286495
74.749252	288.523163	-289.637085	-331.821716	-95.445740	4.677775	324.966675	3.260723	-0.478357	-0.167106	-1.438401	-0.509988	-1.355284	-0.926066	-3.650550	-1.578650	44.000000	-20.000000	1.180000	23.299411
75.652023	289.565796	-283.862366	-329.374146	-91.164062	4.872682	325.446899	3.260723	-0.478357	-0.167151	-1.438401	-0.509988	-1.355284	-0.926066	-3.650550	-1.578650	44.000000	-20.000000	1.180000	23.309786
60.485500	309.190857	-254.267059	-329.548981	-82.243904	5.262494	336.172424	3.260723	-0.478357	-0.334303	-1.438401	-0.510113	-1.355284	-0.926066	-3.650550	-1.403244	44.000000	-16.000000	1.180000	23.682574
58.860519	310.537659	-256.071655	-331.122406	-82.065491	5.262494	336.332520	3.260723	-0.478357	-0.167106	-1.258599	-0.509988	-1.355284	-0.926066	-3.650550	-1.578650	44.000000	-16.000000	1.180000	23.688302
58.860519	309.768066	-257.695770	-331.821716	-83.671127	5.067588	336.652679	3.260723	-0.478357	-0.167151	-1.258599	-0.510113	-1.355284	-0.926066	-3.651568	-1.578650	44.000000	-16.000000	1.180000	23.706721
59.763290	309.768066	-257.334869	-331.122406	-84.384735	5.262494	337.132904	3.260723	-0.478357	-0.167106	-1.258599	-0.510113	-1.355284	-0.926066	-3.650550	-1.578650	44.000000	-16.000000	1.180000	23.716919
34.124645	311.797363	-213.122360	-322.905548	-72.431717	5.067588	329.609039	3.260723	-0.637809	-0.167151	-1.438401	-0.509988	-1.355284	-0.926066	-3.650550	-1.578650	44.000000	-12.000000	1.180000	23.453576
35.388523	309.575653	-210.956848	-320.632782	-71.182899	4.872682	328.488464	3.260723	-0.478357	-0.167151	-1.438401	-0.510113	-1.355284	-0.926066	-3.651568	-1.578650	44.000000	-12.000000	1.180000	23.420105
33.944092	309.575653	-212.039612	-320.108307	-72.966927	4.872682	327.207825	3.260723	-0.478357	-0.167151	-1.438401	-0.510113	-1.355284	-0.926066	-3.650550	-1.578650	44.000000	-12.000000	1.180000	23.373719
35.930180	308.142761	-212.580978	-318.010376	-72.610123	5.067588	326.087250	3.260723	-0.637809	-0.167106	-1.438401	-0.509988	-1.355284	-0.926066	-3.650550	-1.578650	44.000000	-12.000000	1.180000	23.325975
8.124896	290.254303	-158.082291	-293.184937	-61.013908	4.287963	302.875336	3.260723	-0.478357	-0.167106	-1.438401	-0.509988	-1.355284	-0.926066	-3.650550	-1.578650	44.000000	-8.000000	1.180000	22.496228
10.110988	287.753784	-156.458145	-289.163910	-60.300297	4.677775	302.074921	3.260723	-0.478357	-0.167151	-1.438401	-0.509988	-1.185874	-0.740853	-3.651568	-1.403244	44.000000	-8.000000	1.180000	22.451347
9.569326	288.603760	-153.570816	-287.590485	-56.910637	4.093058	301.114441	3.260723	-0.478357	-0.167106	-1.438401	-0.510113	-1.355284	-0.926066	-3.650550	-1.578650	44.000000	-8.000000	1.180000	22.437159
8.847111	287.369080	-155.194946	-289.688385	-59.765087	4.287963	300.474121	3.260723	-0.478357	-0.167151	-1.438401	-0.339992	-1.355284	-0.926066	-3.651568	-1.578650	44.000000	-8.000000	1.180000	22.405589
-18.017611	271.672363	-108.816917	-267.660187	-51.558544	3.898151	281.104156	3.260723	-0.478357	-0.167151	-1.438401	-0.510113	-1.355284	-0.926066	-3.651568	-1.403244	44.000000	-4.000000	1.180000	21.675808
-15.675320	268.711243	-107.192787	-264.338470	-52.450558	4.093058	279.983582	3.260723	-0.637809	-0.167106	-1.438401	-0.509988	-1.355284	-0.926066	-3.650550	-1.403244	44.000000	-4.000000	1.180000	21.624317
-18.738316	269.865326	-108.455994	-266.086761	-52.628956	3.898151	279.183197	3.260723	-0.478357	-0.167151	-1.438401	-0.340076	-1.355284	-0.926066	-3.651568	-1.403244	44.000000	-4.000000	1.180000	21.600574
-18.558138	268.593903	-108.275543	-265.212616	-52.985767	3.898151	278.542877	3.423758	-0.478357	-0.167151	-1.438401	-0.340076	-1.355284	-0.926066	-3.650550	-1.403244	44.000000	-4.000000	1.180000	21.575438
-44.323318	256.400909	-68.574509	-248.778870	-49.596100	3.508339	265.994659	3.260723	-0.478357	-0.167106	-1.438401	-0.510113	-1.355284	-0.926066	-3.650550	-1.578650	44.000000	0.000000	1.180000	21.092465
-46.125080	256.977966	-69.837723	-250.002670	-51.380135	3.898151	266.696777	3.260723	-0.637809	-0.167151	-1.438401	-0.510113	-1.355284	-0.926066	-3.651568	-1.578650	44.000000	0.000000	1.180000	21.105008
-43.782791	257.434601	-70.198639	-249.827850	-50.666523	3.898151	267.497192	3.260723	-0.478357	-0.167151	-1.438401	-0.510113	-1.355284	-0.926066	-3.651568	-1.578650	44.000000	0.000000	1.180000	21.137124
-44.695358	258.588989	-68.754974	-249.303360	-48.882488	3.703245	268.137512	3.260723	-0.478357	-0.167151	-1.438401	-0.510113	-1.355284	-0.926066	-3.651568	-1.578650	44.000000	0.000000	1.180000	21.170585
-81.619766	275.443451	-45.114807	-268.359528	-55.661816	4.093058	285.039978	3.260723	-0.478357	-0.167106	-1.438401	-0.510113	-1.355284	-0.926066	-3.650550	-1.578650	44.000000	4.000000	1.180000	21.821577
-81.079239	275.635773	-44.753887	-268.359528	-54.412991	4.093058	285.906647	3.260723	-0.478357	-0.167151	-1.438401	-0.510113	-1.355284	-0.926066	-3.651568	-1.403244	44.000000	4.000000	1.180000	21.855209
-79.457657	276.597534	-45.295265	-268.709167	-55.305004	4.677775	286.546967	3.260723	-0.637809	-0.167106	-1.438401	-0.509988	-1.355284	-0.926066	-3.650550	-1.578650	44.000000	4.000000	1.180000	21.857365
-80.899063	277.366943	-45.295265	-269.058807	-56.018623	4.287963	287.187286	3.260723	-0.478357	-0.167106	-1.438401	-0.339992	-1.355284	-0.926066	-3.650550	-1.578650	44.000000	4.000000	1.180000	21.897269
-125.255127	287.561432	-21.835567	-284.968079	-66.366013	4.482870	300.153961	3.260723	-0.637809	-0.167151	-1.438401	-0.510113	-1.355284	-0.926066	-3.651568	-1.578650	44.000000	8.000000	1.180000	22.386099
-123.092453	288.411407	-20.752811	-284.268768	-64.581978	4.287963	300.794281	3.260723	-0.478357	-0.167151	-1.438401	-0.340076	-1.355618	-0.926066	-3.651568	-1.578650	44.000000	8.000000	1.180000	22.417696
-123.961151	289.100220	-17.685005	-284.268768	-62.084332	4.677775	301.044464	3.260723	-0.478357	-0.167106	-1.438401	-0.510113	-1.355284	-0.926066	-3.650550	-1.578650	44.000000	8.000000	1.180000	22.412417
-123.600807	289.484894	-20.391893	-287.065979	-65.473991	4.677775	301.684662	3.260723	-0.478357	-0.167151	-1.438401	-0.510113	-1.355284	-0.740853	-3.650550	-1.578650	44.000000	8.000000	1.180000	22.436611
-173.689758	297.755890	0.361294	-302.275940	-75.999786	4.677775	312.320190	3.260723	-0.478357	-0.167106	-1.258599	-0.509988	-1.355618	-0.926066	-3.650550	-1.578650	44.000000	12.000000	1.180000	22.834795
-169.409821	296.299896	1.625833	-299.828369	-77.070206	4.677775	312.727753	3.260723	-0.478357	-0.334303	-1.258599	-0.510113	-1.355284	-0.926066	-3.651568	-1.578650	44.000000	12.000000	1.180000	22.849915
-166.122360	295.255371	1.625833	-298.604584	-77.070206	5.262494	313.280670	3.260723	-0.478357	-0.167151	-1.438401	-0.509988	-1.355618	-0.926066	-3.650550	-1.578650	44.000000	12.000000	1.180000	22.848736
-167.563766	297.563568	0.541942	-302.101135	-77.783821	5.067588	313.688049	3.260723	-0.478357	-0.167151	-1.438401	-0.510113	-1.355284	-0.926066	-3.650550	-1.578650	44.000000	12.000000	1.180000	22.871063
-221.616592	302.564606	20.413277	-319.933502	-91.699272	4.677775	323.450775	3.260723	-0.478357	-0.167106	-1.438401	-0.509988	-1.355618	-0.926066	-3.650550	-1.578650	44.000000	16.000000	1.180000	23.244209
-221.674561	301.602905	22.219761	-318.534882	-91.877670	4.872682	324.090942	3.260723	-0.478357	-0.167151	-1.438401	-0.510113	-1.355284	-0.926066	-3.651568	-1.578650	44.000000	16.000000	1.180000	23.260436
-223.057983	302.179932	24.387543	-318.709686	-90.450447	5.067588	324.571075	3.260723	-0.478357	-0.167151	-1.438401	-0.509988	-1.355618	-0.926066	-3.650550	-1.578650	44.000000	16.000000	1.180000	23.270826
-225.098816	303.141693	21.858465	-323.255188	-93.483307	4.677775	324.891174	3.260723	-0.478357	-0.167151	-1.438401	-0.510113	-1.355284	-0.926066	-3.651568	-1.578650	44.000000	16.000000	1.180000	23.296665
-275.381073	301.410522	39.562019	-343.709961	-113.821274	5.262494	333.213501	3.260723	-0.478357	-0.167151	-1.438401	-0.510113	-1.355284	-0.926066	-3.651568	-1.578650	44.000000	20.000000	1.180000	23.576454
-274.479950	301.795227	40.826557	-342.835815	-111.858841	5.067588	333.611115	3.260723	-0.478357	-0.167151	-1.438401	-0.510113	-1.355618	-0.740853	-3.651568	-1.403244	44.000000	20.000000	1.180000	23.597742
-277.543762	300.064117	40.103962	-344.584076	-113.999680	5.262494	333.853699	3.260723	-0.478357	-0.167151	-1.438401	-0.340076	-1.355284	-0.740853	-3.650550	-1.578650	44.000000	20.000000	1.180000	23.599455
-274.948700	301.218170	40.645908	-343.535126	-113.464470	5.067588	334.091339	3.260723	-0.478357	-0.167151	-1.438401	-0.339992	-1.355618	-0.926066	-3.651568	-1.403244	44.000000	20.000000	1.180000	23.614982
-318.911682	295.447723	54.013897	-361.367493	-132.375214	5.262494	339.295227	3.260723	-0.478357	-0.167151	-1.258599	-0.510113	-1.355284	-0.926066	-3.650550	-1.403244	44.000000	24.000000	1.180000	23.794058
-324.221588	294.678314	55.459084	-363.115753	-133.624039	5.262494	338.893799	3.260723	-0.478357	-0.167151	-1.438401	-0.510113	-1.355618	-0.926066	-3.651568	-1.403244	44.000000	24.000000	1.180000	23.779756
-327.740326	293.798615	53.652599	-367.136780	-137.548904	5.262494	337.453064	3.260723	-0.478357	-0.167151	-1.438401	-0.510113	-1.355618	-0.926066	-3.651568	-1.578650	44.000000	24.000000	1.180000	23.728356
-319.716003	292.370148	55.278435	-360.318542	-132.732025	5.457400	336.574463	3.260723	-0.478357	-0.167151	-1.438401	-0.510113	-1.355284	-0.926066	-3.651568	-1.403244	44.000000	24.000000	1.180000	23.689984
-339.901001	255.246811	55.639732	-352.451324	-150.393936	4.482870	309.758881	3.260723	-0.478357	-0.167151	-1.438401	-0.510113	-1.355618	-0.926066	-3.651568	-1.578650	44.000000	28.000000	1.180000	22.746801
-333.953613	253.778900	59.614002	-348.605133	-147.182693	4.677775	308.478210	3.260723	-0.637809	-0.167151	-1.438401	-0.340076	-1.355618	-0.926066	-3.651568	-1.578650	44.000000	28.000000	1.180000	22.691761
-332.872284	253.515671	56.904274	-349.304413	-148.788315	4.677775	307.126190	3.260723	-0.478357	-0.167151	-1.438401	-0.510113	-1.355284	-0.926066	-3.651568	-1.578650	44.000000	28.000000	1.180000	22.641211
-335.215179	252.746277	57.446220	-350.353394	-150.037140	4.482870	306.237061	3.260723	-0.478357	-0.167151	-1.438401	-0.510113	-1.355618	-0.926066	-3.651568	-1.578650	44.000000	28.000000	1.180000	22.615211
-345.487915	220.816406	57.807518	-344.234436	-165.023010	4.093058	285.586487	3.260723	-0.478357	-0.167151	-1.438401	-0.510113	-1.355618	-0.926066	-3.651568	-1.403244	44.000000	32.000000	1.180000	21.842791
-343.865906	220.624023	57.099892	-341.612030	-162.703766	4.093058	284.719910	3.260723	-0.478357	-0.167151	-1.438401	-0.510113	-1.355284	-0.926066	-3.651568	-1.403244	44.000000	32.000000	1.180000	21.809144
-348.011017	218.892914	58.726154	-342.661011	-163.238968	3.898151	284.079712	3.260723	-0.478357	-0.167151	-1.438401	-0.340076	-1.355284	-0.926066	-3.651568	-1.578650	44.000000	32.000000	1.180000	21.791833
-342.875092	218.761658	57.084923	-339.863770	-162.525375	4.093058	283.599609	3.260723	-0.478357	-0.167151	-1.438401	-0.510113	-1.355618	-0.926066	-3.651568	-1.578650	44.000000	32.000000	1.180000	21.765568
-354.499084	191.194672	56.738499	-342.486176	-180.900909	3.703245	268.235291	3.260723	-0.478357	-0.167151	-1.438401	-0.340076	-1.355618	-0.926066	-3.651568	-1.753610	44.000000	36.000000	1.180000	21.174499
-350.802856	189.901276	56.904274	-338.989624	-180.008881	3.703245	267.755157	3.260723	-0.478357	-0.334303	-1.438401	-0.510113	-1.355618	-0.926066	-3.843756	-1.753610	44.000000	36.000000	1.180000	21.155274
-349.721771	191.055695	56.362328	-336.192383	-176.440826	3.703245	267.114960	3.260723	-0.478357	-0.167151	-1.438401	-0.510113	-1.355618	-0.926066	-3.651568	-1.578249	44.000000	36.000000	1.180000	21.129613
-350.714386	190.478470	56.723625	-338.639954	-177.511230	3.703245	266.696777	3.260723	-0.478357	-0.167151	-1.438401	-0.340076	-1.355618	-0.926066	-3.842684	-1.403244	44.000000	36.000000	1.180000	21.112834
-390.261414	180.281158	58.530109	-374.479492	-216.403168	3.898151	277.357849	3.260723	-0.637809	-0.167151	-1.258599	-0.340076	-1.355618	-0.926066	-3.651568	-1.578249	44.000000	40.000000	1.180000	21.528841
-390.904144	180.281158	58.710758	-375.703308	-216.938339	3.898151	278.158051	3.260723	-0.478357	-0.167151	-1.438401	-0.510113	-1.355618	-0.926066	-3.651568	-1.578249	44.000000	40.000000	1.180000	21.560317
-396.310883	181.050766	58.530109	-378.500549	-218.187195	3.703245	278.478149	3.260723	-0.637809	-0.167151	-1.438401	-0.340076	-1.355618	-0.926066	-3.651568	-1.753610	44.000000	40.000000	1.180000	21.580551
-396.130646	181.435562	57.265572	-378.675354	-218.365601	3.898151	278.798218	3.260723	-0.478357	-0.334303	-1.438401	-0.340076	-1.355618	-0.926066	-3.651568	-1.403244	44.000000	40.000000	1.180000	21.585465
-441.366669	169.506607	57.084923	-420.983521	-263.680023	4.287963	292.722168	3.260723	-0.478357	-0.167151	-1.438401	-0.340076	-1.355618	-0.926066	-3.651568	-1.753610	44.000000	44.000000	1.180000	22.110439
-440.710724	169.121796	57.446220	-421.508026	-265.642456	4.482870	293.362335	3.260723	-0.478357	-0.167151	-1.438401	-0.340076	-1.355618	-0.926066	-3.651568	-1.578249	44.000000	44.000000	1.180000	22.127499
-439.564392	171.623047	60.878536	-421.158325	-259.219910	4.482870	293.842468	3.260723	-0.478357	-0.167151	-1.438401	-0.510113	-1.355618	-0.926066	-3.651568	-1.578249	44.000000	44.000000	1.180000	22.145880
-440.645782	170.468613	60.336597	-420.109375	-261.895996	4.287963	294.162537	3.260723	-0.478357	-0.167151	-1.438401	-0.510113	-1.355618	-0.926066	-3.651568	-1.578249	44.000000	44.000000	1.180000	22.165578
