P1 (Top)	P2 (Left)	P3 (Bottom)	P4 (Right)	P5 (Center)	Pstatic (P)	Ptot_ref (P0)	 Alpha 	 Beta	Density	Flow Velocity	C Alpha	C Beta	C p0	Cp
92.821571	-375.884369	-370.566223	138.559326	-169.17009	5.263481	267.315674	-44	-44	1	22.893326	2.271	-2.521	-2.139	-1.855
93.543999	-381.067657	-381.93219	139.259842	-169.526993	5.653436	268.116028	-44	-44	1.16	21.272557	2.243	-2.455	-2.065	-1.826
92.099098	-371.085022	-364.43222	139.435013	-167.207153	5.848318	268.756287	-44	-44	1.16	21.290598	2.276	-2.546	-2.174	-1.863
93.182747	-382.603424	-379.947662	139.084671	-172.025284	5.458427	269.716736	-44	-44	1.16	21.345205	2.261	-2.493	-2.111	-1.848
108.532608	-394.697784	-397.808441	175.344986	-155.607925	6.238209	290.365662	-44	-40	1.16	22.133118	2.104	-2.369	-1.853	-1.673
109.616234	-395.657654	-403.220795	174.994644	-154.715683	5.848318	291.32608	-44	-40	1.16	22.185649	2.096	-2.332	-1.823	-1.656
109.977402	-396.041595	-396.906372	176.395782	-154.180328	6.238209	292.126404	-44	-40	1.16	22.201591	2.092	-2.363	-1.842	-1.662
108.713303	-397.19342	-397.988831	174.994446	-153.288086	6.043327	292.766693	-44	-40	1.16	22.233997	2.074	-2.342	-1.826	-1.652
123.160248	-397.385406	-416.751709	209.853424	-134.907791	6.6281	309.806366	-44	-36	1.16	22.863095	1.984	-2.231	-1.634	-1.520
119.36805	-397.769379	-416.932098	209.853424	-134.194	6.6281	310.374298	-44	-36	1.16	22.8845	1.963	-2.224	-1.628	-1.516
120.451569	-402.37674	-412.060974	207.400803	-135.621597	6.6281	311.174652	-44	-36	1.16	22.914629	1.961	-2.245	-1.645	-1.524
123.521416	-399.497101	-419.277466	210.554108	-133.837097	6.433155	311.727631	-44	-36	1.16	22.94275	1.970	-2.214	-1.617	-1.509
123.16037	-405.256317	-419.818695	244.011536	-114.207657	7.016073	329.499481	-44	-32	1.16	23.579776	1.820	-2.176	-1.487	-1.406
125.146698	-403.720551	-418.194977	245.762939	-111.709366	7.212937	330.382996	-44	-32	1.16	23.604867	1.816	-2.170	-1.477	-1.397
124.966118	-410.439606	-415.127991	246.639084	-116.170601	7.016073	331.260651	-44	-32	1.16	23.644077	1.821	-2.215	-1.508	-1.415
123.34082	-411.783417	-410.978516	246.463913	-116.527496	7.016073	331.901062	-44	-32	1.17	23.566055	1.812	-2.232	-1.521	-1.419
119.006638	-397.577393	-384.277527	267.484283	-90.83078	7.016073	333.662231	-44	-28	1.17	23.629843	1.677	-2.216	-1.415	-1.326
116.478645	-399.305145	-388.607422	266.608429	-92.972176	7.210963	333.181946	-44	-28	1.17	23.605409	1.678	-2.212	-1.416	-1.333
119.729088	-391.626221	-387.344543	267.133942	-89.581627	7.016073	332.061188	-44	-28	1.17	23.571862	1.691	-2.197	-1.406	-1.322
114.672653	-392.394073	-378.865173	267.659485	-92.258377	7.017991	331.503479	-44	-28	1.17	23.551561	1.682	-2.250	-1.444	-1.338
104.198624	-354.959229	-333.581787	268.71048	-66.383194	6.821182	314.609558	-44	-24	1.17	22.937611	1.575	-2.244	-1.371	-1.263
103.115204	-353.03952	-329.973511	268.885925	-64.598701	6.626292	313.969147	-44	-24	1.17	22.921004	1.564	-2.246	-1.367	-1.257
103.115204	-351.503693	-327.447754	269.060822	-61.743511	6.626292	313.008484	-44	-24	1.17	22.885154	1.550	-2.234	-1.349	-1.246
100.225807	-355.535156	-333.040527	267.133942	-68.703033	7.017991	312.047852	-44	-24	1.17	22.834591	1.572	-2.259	-1.382	-1.275
82.528198	-306.389893	-265.025208	258.90097	-41.935623	6.431401	286.590881	-44	-20	1.17	21.883901	1.426	-2.319	-1.348	-1.198
83.431213	-308.117676	-266.288086	257.324463	-40.864925	6.04162	285.630249	-44	-20	1.17	21.861593	1.420	-2.295	-1.325	-1.190
81.625336	-307.157806	-265.746857	256.624023	-42.114075	6.23651	285.149933	-44	-20	1.17	21.83518	1.422	-2.307	-1.339	-1.198
80.361229	-307.733704	-266.648926	256.098236	-45.32616	6.23651	284.189301	-44	-20	1.17	21.797545	1.435	-2.331	-1.362	-1.213
65.553185	-273.178467	-216.4944	251.719269	-27.838118	5.651827	268.819397	-44	-16	1.17	21.209882	1.300	-2.419	-1.367	-1.154
66.456131	-274.522278	-217.757278	251.89444	-27.838118	5.651827	268.178986	-44	-16	1.17	21.18406	1.302	-2.411	-1.356	-1.153
63.927902	-275.674133	-220.283035	251.89444	-32.299351	5.456936	267.538544	-44	-16	1.17	21.166075	1.318	-2.446	-1.390	-1.175
65.01133	-273.370453	-216.133575	250.142746	-27.838118	5.651839	267.057861	-44	-16	1.17	21.138778	1.296	-2.413	-1.360	-1.154
53.995598	-277.593842	-193.221237	269.586609	-20.164787	6.041608	278.585907	-44	-12	1.17	21.584432	1.149	-2.542	-1.388	-1.122
53.273254	-277.593842	-191.958359	269.061096	-18.737194	6.041608	279.386444	-44	-12	1.17	21.616109	1.135	-2.530	-1.380	-1.115
53.995514	-277.593842	-193.221237	270.812775	-19.986338	6.04162	280.186981	-44	-12	1.17	21.647737	1.148	-2.546	-1.393	-1.121
52.00914	-278.361755	-192.319183	271.338593	-21.235485	6.041608	280.667297	-44	-12	1.17	21.666694	1.141	-2.567	-1.410	-1.127
35.033867	-293.527679	-169.948105	290.782166	-12.491464	6.431401	296.998199	-44	-8	1.17	22.286664	0.935	-2.665	-1.412	-1.086
34.67276	-294.295563	-172.293442	293.234558	-17.844946	6.236499	297.958832	-44	-8	1.17	22.330934	0.961	-2.727	-1.466	-1.112
36.478634	-293.062073	-170.308914	292.359009	-13.562159	6.43139	298.439178	-44	-8	1.17	22.341858	0.948	-2.684	-1.430	-1.092
35.756218	-296.215302	-174.277985	292.884216	-17.666496	6.431401	298.919464	-44	-8	1.17	22.360224	0.965	-2.708	-1.455	-1.111
13.54405	-308.41568	-146.855362	313.379425	-11.063867	6.626281	314.290039	-44	-4	1.17	22.932967	0.741	-2.871	-1.502	-1.082
11.196415	-309.5672	-145.231644	312.32843	-12.848363	6.626281	314.930481	-44	-4	1.17	22.956823	0.729	-2.899	-1.528	-1.091
13.182832	-309.269531	-144.870819	315.130798	-10.706967	6.821172	315.250366	-44	-4	1.17	22.961476	0.731	-2.886	-1.507	-1.081
13.182875	-310.3349	-145.231644	312.853912	-9.279374	6.821172	315.891113	-44	-4	1.17	22.985315	0.725	-2.852	-1.488	-1.074
-24.156229	-329.810699	-120.87603	330.020233	-16.238903	7.016062	329.660004	-44	0	1.17	23.484636	0.463	-3.156	-1.654	-1.111
-21.632446	-326.072327	-118.530678	330.546112	-14.989756	7.210953	330.300751	-44	0	1.17	23.500856	0.467	-3.167	-1.666	-1.107
-18.027039	-326.264252	-117.809021	331.071625	-8.565576	6.821172	330.781067	-44	0	1.17	23.53248	0.467	-3.079	-1.590	-1.072
-23.07461	-327.223846	-118.530678	333.173676	-14.989756	7.016062	331.421478	-44	0	1.17	23.548656	0.459	-3.177	-1.666	-1.106
-66.519768	-346.223938	-88.762695	343.508698	-20.343237	7.405844	343.269409	-44	4	1.17	23.960921	0.113	-3.499	-1.844	-1.141
-63.094631	-340.466339	-83.711166	342.10733	-18.737194	7.210953	342.308746	-44	4	1.17	23.93359	0.107	-3.530	-1.867	-1.134
-63.635441	-343.728973	-88.762695	343.158356	-21.770834	7.405844	341.50824	-44	4	1.17	23.898016	0.129	-3.532	-1.868	-1.150
-60.931385	-339.890564	-86.778168	341.757019	-20.343237	7.405844	340.227051	-44	4	1.17	23.852151	0.134	-3.532	-1.868	-1.144
-96.084099	-320.506653	-49.432884	317.408722	-22.127733	6.626268	315.410492	-44	8	1.17	22.974687	-0.251	-3.427	-1.813	-1.154
-93.92086	-315.988586	-46.365879	314.780792	-21.057035	6.821172	314.450134	-44	8	1.17	22.93167	-0.259	-3.430	-1.824	-1.152
-95.363022	-316.092499	-46.185471	314.080109	-22.127733	6.821172	313.969818	-44	8	1.17	22.913761	-0.268	-3.432	-1.831	-1.158
-95.903831	-317.140442	-48.891647	314.43045	-24.626024	6.626281	312.688965	-44	8	1.17	22.873217	-0.258	-3.472	-1.854	-1.172
-125.648453	-293.335693	-14.793784	291.133179	-24.626024	6.236485	292.675293	-44	12	1.17	22.127788	-0.600	-3.162	-1.716	-1.167
-123.845741	-291.526703	-13.350487	290.256958	-21.949284	6.041608	291.875061	-44	12	1.17	22.104394	-0.595	-3.132	-1.690	-1.151
-123.304932	-291.032013	-12.989663	289.731812	-21.413935	6.43139	291.074524	-44	12	1.17	22.058319	-0.594	-3.127	-1.682	-1.150
-125.107643	-292.678223	-14.072135	289.731812	-22.484632	6.236485	290.594208	-44	12	1.17	22.047258	-0.596	-3.124	-1.680	-1.154
-152.148193	-276.365021	11.385965	271.688934	-25.339823	5.846704	276.18457	-44	16	1.17	21.496883	-0.866	-2.901	-1.596	-1.165
-151.427109	-275.098206	11.566695	272.565125	-26.588968	6.236499	275.704224	-44	16	1.17	21.462259	-0.873	-2.934	-1.619	-1.176
-151.607376	-274.829651	12.831802	271.688934	-25.161377	5.846704	275.063843	-44	16	1.17	21.452278	-0.874	-2.906	-1.596	-1.165
-154.271072	-275.866089	11.566708	270.988586	-26.588968	5.846704	274.583496	-44	16	1.17	21.433131	-0.880	-2.901	-1.598	-1.172
-183.154694	-268.304382	30.001116	257.8508	-34.440746	5.846704	266.898376	-44	20	1.17	21.124445	-1.114	-2.751	-1.575	-1.211
-182.073074	-268.187134	31.266222	259.602509	-34.619198	5.651813	267.698883	-44	20	1.17	21.16468	-1.120	-2.770	-1.587	-1.211
-183.875778	-270.6828	28.555307	258.726685	-34.976097	5.456921	268.659546	-44	20	1.17	21.211295	-1.105	-2.753	-1.579	-1.210
-184.728806	-270.874786	31.085526	260.828705	-33.370049	5.651813	269.620178	-44	20	1.17	21.242127	-1.110	-2.735	-1.558	-1.201
-236.272629	-294.405487	54.580399	268.779999	-48.002903	6.041634	286.911743	-44	24	1.17	21.911638	-1.338	-2.591	-1.541	-1.249
-238.07486	-296.708527	56.026241	271.233032	-49.608952	6.041594	287.872375	-44	24	1.17	21.949078	-1.350	-2.608	-1.550	-1.256
-238.137146	-296.791229	56.387642	272.389954	-47.646004	6.236485	288.352692	-44	24	1.17	21.96019	-1.340	-2.589	-1.529	-1.245
-237.956894	-296.791229	57.652805	273.686035	-47.467556	6.236526	289.153625	-44	24	1.17	21.991339	-1.344	-2.594	-1.531	-1.244
-294.845184	-327.607666	76.810249	276.139038	-65.847855	6.626308	305.804749	-44	28	1.17	22.614512	-1.515	-2.460	-1.515	-1.295
-299.170563	-329.042786	79.882576	277.995422	-70.487541	6.236526	306.44519	-44	28	1.17	22.653415	-1.556	-2.492	-1.547	-1.315
-296.6474	-329.718811	78.256088	278.066406	-67.275452	6.431417	307.245697	-44	28	1.17	22.676252	-1.525	-2.472	-1.523	-1.300
-296.544739	-329.426727	75.725784	277.294739	-67.275452	6.431417	307.886139	-44	28	1.17	22.700379	-1.515	-2.469	-1.527	-1.300
-357.656403	-370.981659	91.810745	278.066406	-98.325653	7.210981	323.256439	-44	32	1.17	23.24325	-1.690	-2.440	-1.585	-1.397
-354.952332	-367.718994	96.329086	278.767273	-92.793724	6.821239	323.896851	-44	32	1.17	23.2811	-1.680	-2.407	-1.552	-1.371
-355.673462	-368.678619	95.244606	278.241638	-92.793724	6.431455	324.377167	-44	32	1.17	23.313021	-1.674	-2.401	-1.549	-1.368
-358.016937	-370.981659	94.160225	279.117706	-96.184258	7.210981	324.857513	-44	32	1.17	23.30205	-1.685	-2.423	-1.569	-1.385
-414.693604	-410.133331	107.895683	270.356934	-127.948257	7.01609	336.705414	-44	36	1.17	23.739661	-1.837	-2.392	-1.633	-1.474
-411.089142	-409.173767	110.426025	272.63501	-122.059425	7.016129	337.186096	-44	36	1.17	23.756959	-1.810	-2.367	-1.594	-1.448
-408.746246	-407.254547	106.449852	272.809937	-121.70253	7.01609	337.986298	-44	36	1.17	23.785732	-1.800	-2.375	-1.606	-1.450
-417.03653	-413.511169	107.17289	271.758911	-128.483612	6.626347	338.306488	-44	36	1.17	23.811229	-1.828	-2.389	-1.628	-1.471
-436.50061	-421.766052	104.823402	244.775772	-147.934601	6.821239	328.539978	-44	40	1.17	23.45094	-1.925	-2.370	-1.694	-1.550
-438.843536	-422.917908	104.100479	242.322754	-146.685455	7.01609	327.41922	-44	40	1.17	23.402941	-1.910	-2.341	-1.668	-1.541
-435.779724	-419.462372	105.907784	242.673203	-142.402664	6.821239	326.458923	-44	40	1.17	23.37497	-1.899	-2.322	-1.644	-1.523
-431.274109	-414.547516	105.004135	239.694534	-145.971649	6.821239	325.49826	-44	40	1.17	23.339817	-1.936	-2.362	-1.702	-1.552
-424.245453	-401.608826	90.726463	203.074539	-160.247604	6.431392	303.723663	-44	44	1.17	22.543112	-2.038	-2.393	-1.836	-1.660
-430.373047	-406.216187	87.47332	202.023239	-164.351959	6.431455	302.923126	-44	44	1.17	22.512738	-2.039	-2.395	-1.840	-1.673
-423.524567	-401.992767	89.099892	202.548889	-162.745895	6.431417	301.962494	-44	44	1.17	22.476239	-2.050	-2.418	-1.859	-1.677
-430.373047	-405.719208	88.015511	202.724106	-162.210556	6.626347	301.322052	-44	44	1.17	22.44445	-2.026	-2.378	-1.812	-1.660
127.675468	-387.018829	-369.664154	142.274994	-146.507004	5.846717	279.867676	-40	-44	1.17	21.642826	2.145	-2.283	-1.839	-1.657
128.578415	-390.666351	-373.45282	141.924561	-148.648407	6.041608	279.067108	-40	-44	1.17	21.603478	2.151	-2.282	-1.832	-1.663
127.856346	-389.130524	-372.911591	141.048309	-149.183746	6.041673	278.586823	-40	-44	1.17	21.584465	2.160	-2.287	-1.845	-1.670
127.675636	-383.371307	-365.695099	140.697891	-145.43631	6.041673	277.946381	-40	-44	1.17	21.55909	2.154	-2.288	-1.848	-1.661
129.481644	-350.927795	-337.190002	159.270905	-109.924866	5.846781	265.778229	-40	-40	1.17	21.079072	1.993	-2.179	-1.605	-1.494
129.300934	-350.735809	-336.829163	158.745255	-109.56797	5.846717	264.817902	-40	-40	1.18	20.950757	1.990	-2.175	-1.598	-1.493
127.675751	-349.008057	-333.942596	157.693954	-108.140373	5.651889	264.017029	-40	-40	1.18	20.926228	1.978	-2.172	-1.595	-1.488
128.398102	-349.008057	-334.123016	155.766388	-108.140373	5.846717	263.216827	-40	-40	1.18	20.885893	1.981	-2.162	-1.591	-1.488
138.872223	-329.042786	-330.153931	184.326721	-80.837608	5.846717	273.143158	-40	-36	1.18	21.28485	1.885	-2.064	-1.423	-1.348
139.233398	-332.690308	-331.416809	182.924759	-79.588463	5.456934	273.944031	-40	-36	1.18	21.332203	1.864	-2.042	-1.400	-1.337
139.233398	-330.578583	-334.303406	184.151489	-79.410011	5.846717	274.584442	-40	-36	1.18	21.342157	1.871	-2.034	-1.399	-1.337
139.413986	-331.538452	-334.483826	183.976288	-78.33931	5.846717	275.545105	-40	-36	1.18	21.380269	1.861	-2.024	-1.390	-1.331
148.443573	-330.770538	-339.89621	216.56636	-56.39003	6.236501	294.117584	-40	-32	1.18	22.089229	1.751	-1.962	-1.257	-1.225
150.24913	-331.15448	-347.47348	217.442429	-56.925381	6.041648	294.757996	-40	-32	1.18	22.121251	1.763	-1.943	-1.245	-1.223
151.69397	-332.114349	-350.901306	218.143326	-55.497784	6.431392	295.718628	-40	-32	1.18	22.14311	1.757	-1.924	-1.228	-1.217
150.791031	-331.346466	-345.488953	218.318741	-55.497784	6.236501	296.198975	-40	-32	1.18	22.168938	1.754	-1.943	-1.243	-1.218
154.402802	-328.082916	-336.287933	249.506897	-28.195015	6.626323	311.889893	-40	-28	1.18	22.746338	1.614	-1.900	-1.119	-1.115
151.152206	-334.226074	-338.452881	250.558182	-32.834698	6.626323	312.530304	-40	-28	1.18	22.770185	1.613	-1.927	-1.138	-1.130
152.777359	-334.41806	-342.061127	248.981476	-32.65625	6.626323	313.330475	-40	-28	1.18	22.799947	1.619	-1.909	-1.132	-1.129
152.777695	-333.749176	-339.89621	251.434525	-28.730366	6.236501	313.650696	-40	-28	1.18	22.826322	1.599	-1.899	-1.111	-1.113
148.443573	-332.597595	-311.932343	279.468719	-6.24573	6.821215	326.299561	-40	-24	1.18	23.26991	1.457	-1.937	-1.052	-1.041
149.346527	-333.557251	-311.210663	277.366119	-5.353486	7.016107	326.779907	-40	-24	1.18	23.280304	1.453	-1.927	-1.048	-1.039
148.804764	-333.557251	-312.473572	280.520325	-8.030227	7.210959	327.259827	-40	-24	1.18	23.290678	1.464	-1.950	-1.064	-1.048
150.430054	-336.24411	-314.458099	278.592651	-8.744025	7.210999	327.900635	-40	-24	1.18	23.313982	1.468	-1.942	-1.063	-1.050
138.872406	-332.40567	-277.834473	308.379608	12.162057	7.405891	341.02948	-40	-20	1.18	23.779481	1.313	-2.020	-1.037	-0.985
141.400467	-333.941071	-282.885986	306.627808	13.414031	7.210999	341.82962	-40	-20	1.18	23.814916	1.318	-1.990	-1.020	-0.981
143.025742	-331.254181	-279.277771	306.627472	14.308299	7.405891	342.149841	-40	-20	1.18	23.819375	1.321	-1.996	-1.026	-0.978
138.872406	-335.668335	-281.442688	308.55484	11.26779	7.016107	342.790649	-40	-20	1.18	23.856014	1.314	-2.014	-1.037	-0.987
118.826942	-294.021698	-219.741806	300.494934	29.153187	6.626363	319.254852	-40	-16	1.18	23.019096	1.184	-2.078	-1.014	-0.921
118.285172	-291.718628	-217.937683	298.567871	28.080061	6.626363	318.294189	-40	-16	1.18	22.983702	1.188	-2.086	-1.026	-0.924
117.562836	-294.021698	-217.576859	298.217438	29.153187	6.626323	317.333527	-40	-16	1.18	22.948255	1.176	-2.078	-1.011	-0.921
120.813423	-291.142853	-216.855225	298.042206	31.657135	6.626323	316.212799	-40	-16	1.18	22.90683	1.182	-2.063	-0.996	-0.912
96.073067	-263.771759	-165.076965	287.353729	40.957466	6.431471	297.80069	-40	-12	1.18	22.22265	1.023	-2.158	-1.006	-0.865
93.183655	-261.660065	-162.009964	285.075928	40.778671	6.431471	297.160278	-40	-12	1.18	22.198214	1.010	-2.164	-1.015	-0.864
93.905922	-262.354828	-163.814087	286.127533	38.990135	6.236579	296.519836	-40	-12	1.18	22.181198	1.022	-2.176	-1.022	-0.870
94.447777	-261.468109	-163.814087	287.178528	39.168991	6.236579	295.879395	-40	-12	1.18	22.156715	1.026	-2.179	-1.019	-0.869
70.971268	-246.494141	-122.499741	277.541962	43.282623	6.041648	281.469696	-40	-8	1.18	21.606184	0.849	-2.301	-1.046	-0.837
71.151855	-246.110214	-122.860565	276.490662	43.819187	6.041687	280.989349	-40	-8	1.18	21.587334	0.850	-2.289	-1.039	-0.835
70.068268	-243.03862	-119.071915	275.439362	45.071159	6.041687	280.348633	-40	-8	1.18	21.562167	0.836	-2.293	-1.040	-0.827
68.804146	-244.766388	-122.499741	275.614594	41.494087	6.041687	279.708496	-40	-8	1.18	21.536993	0.850	-2.311	-1.058	-0.843
41.354733	-230.560333	-84.79364	263.524994	43.998051	5.262118	265.298798	-40	-4	1.18	20.993812	0.626	-2.450	-1.097	-0.808
45.147083	-229.408493	-84.974052	264.751495	47.217403	5.45701	265.779114	-40	-4	1.18	21.005331	0.637	-2.418	-1.069	-0.796
42.438286	-231.712189	-85.876106	265.101624	43.103771	5.262118	266.579651	-40	-4	1.18	21.045453	0.636	-2.461	-1.107	-0.813
42.618851	-232.672058	-85.876106	266.854095	44.713451	5.45701	267.380188	-40	-4	1.18	21.069827	0.630	-2.449	-1.092	-0.808
18.781242	-249.688126	-61.159664	287.354034	48.290527	6.041687	287.167175	-40	0	1.18	21.828511	0.392	-2.636	-1.173	-0.793
17.517122	-250.263885	-60.257603	288.580902	47.932819	6.041687	288.194214	-40	0	1.18	21.868347	0.383	-2.652	-1.182	-0.794
16.614178	-251.03157	-60.618423	286.477997	48.827087	5.846795	288.607788	-40	0	1.18	21.891914	0.377	-2.626	-1.172	-0.790
18.239477	-249.565735	-59.896782	288.755768	49.542522	6.041674	289.568207	-40	0	1.18	21.921529	0.383	-2.635	-1.175	-0.787
-14.421631	-271.375122	-35.180336	308.379944	45.607738	6.62635	307.176025	-40	4	1.18	22.57003	0.104	-2.915	-1.315	-0.804
-12.979467	-269.455902	-34.097866	308.905945	46.323154	6.431458	307.816284	-40	4	1.18	22.601366	0.107	-2.920	-1.320	-0.799
-16.044064	-269.455902	-31.572098	308.38028	47.57513	6.431458	308.296509	-40	4	1.18	22.619365	0.078	-2.917	-1.316	-0.792
-15.503251	-271.567017	-33.376217	309.606812	46.323135	6.431458	309.096863	-40	4	1.18	22.649331	0.090	-2.923	-1.322	-0.799
-52.999489	-285.272827	-3.067004	323.974548	45.786594	7.016135	322.062592	-40	8	1.18	23.107943	-0.232	-2.835	-1.285	-0.820
-55.162731	-284.233765	-0.90206	321.440155	45.786594	7.016135	322.382751	-40	8	1.18	23.119682	-0.252	-2.811	-1.284	-0.820
-54.44165	-286.424652	-1.262884	323.892548	47.753986	7.016135	323.257843	-40	8	1.18	23.151736	-0.244	-2.797	-1.263	-0.813
-54.261379	-287.688324	-3.247416	324.242889	44.355762	6.62635	323.6633	-40	8	1.18	23.180828	-0.237	-2.842	-1.297	-0.825
-101.311943	-302.466156	26.567457	336.064423	40.599831	7.016123	336.867767	-40	12	1.18	23.644674	-0.527	-2.633	-1.222	-0.862
-98.42762	-303.425781	23.67576	336.414886	40.599892	6.82123	337.348114	-40	12	1.18	23.668863	-0.506	-2.649	-1.229	-0.860
-101.311943	-300.822693	28.916958	337.466156	41.136391	7.016123	337.668335	-40	12	1.18	23.67335	-0.538	-2.635	-1.224	-0.859
-97.526276	-298.902924	30.182076	336.329742	44.534615	6.821243	338.549927	-40	12	1.18	23.711854	-0.526	-2.617	-1.211	-0.845
-134.661972	-288.152405	59.264286	321.790497	38.095936	6.62635	327.184875	-40	16	1.18	23.309216	-0.777	-2.445	-1.159	-0.874
-136.104126	-287.688324	57.9995	321.264984	33.445732	6.82123	326.224457	-40	16	1.18	23.267174	-0.791	-2.482	-1.193	-0.891
-137.366013	-291.799896	55.108559	321.264984	32.55146	6.821243	325.264038	-40	16	1.18	23.232167	-0.779	-2.481	-1.184	-0.896
-133.219803	-285.193359	58.737572	318.287048	39.347916	6.626338	323.738892	-40	16	1.18	23.183591	-0.772	-2.428	-1.144	-0.868
-171.797653	-273.562408	80.404289	295.339569	23.251047	6.431446	303.245026	-40	20	1.18	22.429308	-1.025	-2.313	-1.139	-0.932
-170.355499	-271.375122	82.391815	294.113678	23.072195	6.431446	302.604614	-40	20	1.18	22.405098	-1.036	-2.318	-1.146	-0.932
-170.355499	-273.562408	80.042923	293.412659	24.503027	6.431446	301.643951	-40	20	1.18	22.368732	-1.016	-2.300	-1.124	-0.927
-168.733063	-270.298889	80.765663	292.536804	21.820215	6.431446	301.163635	-40	20	1.18	22.350527	-1.034	-2.332	-1.157	-0.936
-199.198761	-263.387817	99.014725	271.691376	9.479286	6.236541	286.273895	-40	24	1.18	21.786225	-1.239	-2.222	-1.150	-0.987
-199.559296	-263.195862	97.052544	268.538574	9.300408	6.041648	285.633118	-40	24	1.18	21.768873	-1.232	-2.209	-1.148	-0.986
-200.28038	-263.579803	97.775467	269.939667	9.836972	6.041648	284.992706	-40	24	1.18	21.743928	-1.233	-2.207	-1.138	-0.984
-198.117142	-261.660065	97.930618	268.71344	10.552389	6.236541	284.35257	-40	24	1.18	21.711359	-1.231	-2.206	-1.139	-0.982
-226.599869	-259.164429	103.712502	244.189667	-8.030227	5.846756	268.181641	-40	28	1.18	21.08638	-1.406	-2.143	-1.176	-1.059
-226.059052	-259.164429	102.447716	242.963211	-9.993169	5.846756	267.541199	-40	28	1.18	21.060625	-1.412	-2.159	-1.193	-1.068
-222.273392	-255.516891	103.712502	242.087341	-7.316428	5.651863	266.900757	-40	28	1.18	21.042689	-1.408	-2.149	-1.184	-1.056
-226.599869	-257.244659	104.616035	241.036575	-8.208676	5.651863	266.420441	-40	28	1.18	21.023336	-1.417	-2.132	-1.175	-1.059
-277.616394	-286.616638	119.612816	241.737518	-25.339827	6.041648	279.869537	-40	32	1.18	21.54333	-1.547	-2.058	-1.189	-1.122
-276.53476	-286.424652	120.335411	242.262772	-25.518272	5.846756	280.670105	-40	32	1.18	21.582454	-1.551	-2.065	-1.196	-1.123
-277.255829	-287.384521	119.974174	242.263031	-26.945869	6.041648	281.630737	-40	32	1.18	21.6125	-1.555	-2.074	-1.208	-1.129
-277.075562	-287.384521	120.154732	242.788284	-25.161373	6.041648	282.270874	-40	32	1.18	21.637586	-1.545	-2.062	-1.196	-1.121
-338.54776	-332.306366	136.23558	242.438202	-52.64259	6.236581	300.363434	-40	36	1.18	22.327564	-1.679	-2.032	-1.248	-1.208
-336.745056	-332.11438	133.525467	242.438202	-55.854683	6.431434	301.484161	-40	36	1.18	22.362678	-1.688	-2.062	-1.283	-1.224
-336.745056	-332.690308	136.235733	244.014771	-52.821041	6.236541	302.124634	-40	36	1.18	22.394313	-1.678	-2.046	-1.259	-1.210
-339.809662	-334.993988	136.777786	244.715454	-52.64259	6.041648	302.765076	-40	36	1.18	22.425901	-1.674	-2.036	-1.248	-1.206
-396.955353	-379.915802	141.65625	236.482346	-87.797134	6.82126	316.534363	-40	40	1.18	22.911514	-1.792	-2.050	-1.345	-1.315
-395.152649	-377.890778	144.185837	236.131744	-84.94194	6.82126	317.015076	-40	40	1.18	22.929288	-1.788	-2.036	-1.333	-1.304
-394.071045	-378.082703	143.282257	237.18277	-86.726433	6.82126	317.655487	-40	40	1.18	22.952945	-1.795	-2.055	-1.351	-1.313
-398.036987	-380.001892	141.475418	235.956833	-89.046272	6.82126	318.135468	-40	40	1.18	22.97066	-1.799	-2.053	-1.357	-1.320
-439.679413	-415.507141	141.65625	221.592743	-122.951683	7.016153	330.463837	-40	44	1.18	23.414022	-1.908	-2.091	-1.488	-1.427
-448.332428	-425.487	140.753006	222.643768	-128.126709	7.016153	330.944489	-40	44	1.18	23.431413	-1.908	-2.099	-1.487	-1.438
-445.808624	-420.88092	141.656418	221.592743	-123.843925	6.82126	331.424835	-40	44	1.18	23.455821	-1.898	-2.076	-1.471	-1.422
-444.546722	-419.537445	140.752838	220.016159	-124.736176	6.626367	331.904816	-40	44	1.18	23.480192	-1.905	-2.081	-1.486	-1.427
185.104218	-458.241028	-427.327454	158.705933	-146.150101	7.016142	329.663971	-36	-44	1.18	23.385053	2.065	-2.080	-1.604	-1.516
184.923233	-458.689117	-430.395264	157.870392	-147.042358	6.82126	328.222656	-36	-44	1.18	23.33984	2.068	-2.072	-1.598	-1.517
184.923233	-454.977509	-426.06424	157.69516	-143.294922	6.626367	327.262329	-36	-44	1.18	23.312031	2.056	-2.061	-1.583	-1.504
182.395187	-452.097839	-424.079193	155.592575	-147.22081	6.626355	325.981445	-36	-44	1.18	23.265421	2.085	-2.089	-1.627	-1.529
181.131241	-396.123199	-369.219574	174.691208	-94.042862	6.431462	304.20636	-36	-40	1.18	22.465601	1.907	-1.978	-1.380	-1.348
178.061218	-396.425537	-369.219574	173.990341	-94.399773	6.236569	303.726044	-36	-40	1.18	22.454831	1.897	-1.978	-1.380	-1.349
177.880447	-392.202118	-364.166718	171.887741	-92.972176	6.236569	302.765717	-36	-40	1.18	22.418559	1.901	-1.978	-1.388	-1.348
178.241623	-394.97168	-367.415009	173.639908	-93.507515	6.236569	302.285065	-36	-40	1.18	22.400382	1.897	-1.977	-1.376	-1.347
174.810608	-340.753204	-324.285248	187.832474	-52.28569	6.236569	286.754822	-36	-36	1.18	21.804923	1.781	-1.886	-1.210	-1.209
172.101593	-335.185944	-318.330078	187.657257	-48.895149	6.041676	285.954254	-36	-36	1.18	21.78137	1.765	-1.882	-1.205	-1.198
173.004715	-339.985291	-323.924316	187.832474	-51.571892	6.041676	285.313843	-36	-36	1.18	21.756439	1.772	-1.882	-1.202	-1.205
172.281998	-339.793335	-323.924316	187.307053	-53.534836	6.041676	284.833496	-36	-36	1.18	21.73772	1.783	-1.894	-1.216	-1.214
165.239212	-281.625305	-288.012939	193.614853	-16.238903	5.846782	268.182556	-36	-32	1.18	21.086416	1.688	-1.769	-1.059	-1.082
164.336411	-280.011505	-288.915222	193.789841	-16.595798	5.45855	267.542084	-36	-32	1.18	21.076275	1.692	-1.769	-1.061	-1.082
163.975082	-278.1698	-285.306061	192.738785	-14.989756	5.651889	267.061768	-36	-32	1.18	21.049171	1.684	-1.765	-1.057	-1.077
163.614059	-279.627655	-287.832489	192.738541	-16.595798	5.45855	266.421326	-36	-32	1.18	21.031162	1.690	-1.768	-1.059	-1.083
170.2957	-268.763062	-274.658966	220.598297	14.844957	5.653498	280.3508	-36	-28	1.18	21.577503	1.553	-1.708	-0.927	-0.968
169.934906	-269.072052	-276.102631	220.948456	14.844938	5.653498	281.311462	-36	-28	1.18	21.6152	1.552	-1.705	-0.927	-0.968
170.476669	-268.187164	-275.741699	221.649582	15.023792	5.653498	282.111664	-36	-28	1.18	21.646551	1.555	-1.707	-0.931	-0.967
170.476456	-271.375122	-278.80954	222.700638	12.519847	5.45855	282.752441	-36	-28	1.18	21.679244	1.562	-1.718	-0.940	-0.975
172.643951	-268.112457	-255.891205	253.714325	42.030941	6.043395	301.004883	-36	-24	1.18	22.35922	1.410	-1.716	-0.852	-0.882
172.824127	-268.955048	-255.710739	254.415466	42.03088	6.238343	301.965546	-36	-24	1.18	22.388223	1.408	-1.720	-0.854	-0.882
173.546707	-267.344788	-255.349808	256.693024	42.388588	6.238383	302.605957	-36	-24	1.18	22.412451	1.412	-1.725	-0.857	-0.881
173.907486	-270.415497	-257.334869	255.291565	41.494312	6.238343	303.406525	-36	-24	1.18	22.442702	1.412	-1.722	-0.858	-0.885
167.226257	-264.657898	-221.423477	282.099487	65.818665	6.62828	316.695557	-36	-20	1.18	22.924611	1.258	-1.770	-0.812	-0.808
168.309601	-263.122528	-220.521179	284.027161	67.964828	6.238343	317.175873	-36	-20	1.18	22.956759	1.255	-1.766	-0.804	-0.801
169.754105	-265.233643	-223.408539	284.902954	67.249405	6.62828	317.81665	-36	-20	1.18	22.966017	1.262	-1.766	-0.804	-0.805
171.379425	-263.506378	-222.867142	282.099792	67.428268	6.433292	318.296997	-36	-20	1.18	22.990923	1.269	-1.757	-0.808	-0.804
162.711502	-266.577118	-193.993668	310.134552	87.638977	6.628241	331.745789	-36	-16	1.18	23.474384	1.122	-1.814	-0.768	-0.745
162.892105	-263.963745	-190.204025	309.783752	90.500664	6.823229	332.226105	-36	-16	1.18	23.484682	1.112	-1.807	-0.761	-0.737
160.002472	-267.803192	-191.828171	311.010284	87.460014	7.018177	332.866943	-36	-16	1.18	23.500766	1.109	-1.824	-0.773	-0.746
163.614456	-265.307556	-190.384491	310.835083	89.785118	6.823229	333.507355	-36	-16	1.18	23.530871	1.114	-1.814	-0.767	-0.739
148.625488	-260.892181	-151.76622	325.028046	104.809067	6.62828	338.630493	-36	-12	1.18	23.721628	0.965	-1.883	-0.752	-0.684
145.736053	-258.780457	-147.796112	323.626282	105.166771	6.823229	337.349609	-36	-12	1.18	23.668844	0.952	-1.888	-0.753	-0.681
145.374878	-260.819489	-148.337479	322.750214	104.093643	7.018177	335.90863	-36	-12	1.18	23.610198	0.952	-1.891	-0.751	-0.686
143.207932	-260.508209	-150.32254	321.173248	103.735931	6.823229	334.627777	-36	-12	1.18	23.571188	0.949	-1.882	-0.747	-0.687
113.410576	-235.167679	-97.628441	304.352386	104.987915	6.43332	310.131439	-36	-8	1.18	22.687939	0.778	-1.988	-0.756	-0.637
113.410576	-232.863998	-96.184776	301.374023	104.988045	6.043434	309.330872	-36	-8	1.18	22.672594	0.778	-1.982	-0.758	-0.633
113.591148	-233.056	-95.823853	302.074585	105.166901	6.238371	308.69046	-36	-8	1.18	22.641348	0.777	-1.985	-0.755	-0.633
115.216461	-235.167679	-99.252579	301.724121	103.914787	6.43332	308.049988	-36	-8	1.18	22.610057	0.791	-1.980	-0.753	-0.640
79.640213	-217.89006	-52.152721	288.933258	104.809189	6.238371	291.718872	-36	-4	1.18	21.996937	0.550	-2.113	-0.779	-0.589
80.543167	-218.274002	-54.679146	288.407928	103.199486	6.238371	291.238525	-36	-4	1.18	21.978424	0.564	-2.114	-0.785	-0.595
82.349007	-217.69809	-55.94236	287.181091	103.557076	6.238371	290.758575	-36	-4	1.18	21.95991	0.575	-2.100	-0.779	-0.595
81.62664	-216.930191	-52.513634	287.53183	104.987915	6.238371	289.958008	-36	-4	1.18	21.928993	0.560	-2.104	-0.772	-0.588
52.009933	-201.956253	-19.309137	272.112701	98.370399	5.848473	273.14621	-36	0	1.18	21.284901	0.341	-2.268	-0.836	-0.557
51.106979	-203.875977	-20.211433	273.339233	97.118408	5.458561	272.666199	-36	0	1.18	21.281314	0.341	-2.282	-0.839	-0.562
51.28754	-203.684006	-21.294189	271.061401	97.118408	5.653524	272.025757	-36	0	1.18	21.24802	0.346	-2.265	-0.834	-0.564
49.66235	-202.724167	-19.489597	270.010101	97.654976	5.653524	271.38501	-36	0	1.18	21.222449	0.331	-2.264	-0.832	-0.559
22.032032	-193.509415	8.130816	258.971405	90.679687	5.263612	259.377106	-36	4	1.18	20.753333	0.076	-2.468	-0.920	-0.534
20.406717	-194.469284	8.311502	258.971405	89.427635	5.263612	258.89682	-36	4	1.18	20.733712	0.066	-2.485	-0.929	-0.539
22.393156	-192.933502	8.853566	258.095306	90.679619	4.873713	258.576874	-36	4	1.18	20.73657	0.074	-2.468	-0.919	-0.530
19.684307	-193.893356	8.311512	259.321838	88.3545	5.068662	258.89682	-36	4	1.18	20.741678	0.063	-2.502	-0.941	-0.540
-6.127589	-207.90744	38.666595	278.420898	94.614441	5.848473	278.590576	-36	8	1.18	21.500575	-0.222	-2.412	-0.912	-0.560
-8.47049	-210.728317	37.943855	279.296631	94.435577	6.043409	279.391113	-36	8	1.18	21.524433	-0.227	-2.402	-0.906	-0.567
-8.290268	-207.90744	41.918926	281.224365	98.191544	5.848473	280.19165	-36	8	1.18	21.56359	-0.243	-2.371	-0.882	-0.552
-7.389152	-209.635193	39.931393	280.523499	97.297264	6.043409	280.832092	-36	8	1.18	21.581092	-0.230	-2.382	-0.892	-0.557
-43.614017	-220.577698	69.744423	294.540924	98.72818	5.848459	297.003143	-36	12	1.18	22.214467	-0.491	-2.232	-0.859	-0.598
-44.515137	-222.435455	68.841064	296.117859	97.118408	5.458561	297.48349	-36	12	1.18	22.247641	-0.492	-2.249	-0.869	-0.603
-45.055805	-222.05162	69.383125	296.643494	95.866425	6.433307	297.963806	-36	12	1.18	22.228798	-0.499	-2.261	-0.881	-0.610
-47.038254	-223.778915	68.479698	296.292725	95.329926	6.433307	298.764374	-36	12	1.18	22.259298	-0.501	-2.254	-0.882	-0.615
-89.570938	-233.374893	99.196182	308.032654	95.329926	6.628297	313.174194	-36	16	1.18	22.794063	-0.735	-2.108	-0.848	-0.655
-91.373169	-235.102188	100.641563	308.207886	96.224205	6.628297	313.814667	-36	16	1.18	22.817863	-0.740	-2.094	-0.839	-0.655
-91.373169	-238.556763	97.389229	309.960052	92.826073	6.433347	314.455078	-36	16	1.18	22.848867	-0.732	-2.128	-0.860	-0.665
-89.210487	-233.374893	99.918823	309.785156	94.435776	6.238358	314.935425	-36	16	1.18	22.873901	-0.740	-2.124	-0.862	-0.655
-142.917007	-255.829559	129.189941	318.720917	86.387154	6.628297	329.185181	-36	20	1.18	23.381758	-0.952	-2.011	-0.850	-0.721
-145.620361	-258.204529	125.937599	317.143982	84.062149	6.628297	329.749329	-36	20	1.18	23.402196	-0.950	-2.012	-0.859	-0.729
-143.457672	-255.637634	130.454727	320.648651	87.818001	6.823246	330.229553	-36	20	1.18	23.412524	-0.953	-2.005	-0.844	-0.718
-144.178574	-255.900833	130.274048	320.648346	86.744858	6.628297	330.869812	-36	20	1.18	23.442736	-0.957	-2.010	-0.851	-0.721
-191.577286	-269.647827	157.73819	319.772583	76.192497	7.018196	341.594696	-36	24	1.18	23.813417	-1.139	-1.921	-0.865	-0.775
-197.344437	-275.674133	155.931335	320.122681	73.867378	7.213145	342.39505	-36	24	1.18	23.834952	-1.138	-1.920	-0.865	-0.785
-195.722397	-273.678162	158.822296	320.999084	76.371353	7.213145	342.875275	-36	24	1.18	23.85202	-1.140	-1.912	-0.857	-0.778
-196.443298	-276.556946	157.376831	320.823853	75.655937	7.018196	343.035339	-36	24	1.18	23.864631	-1.133	-1.914	-0.857	-0.780
-230.865906	-277.785828	160.08728	290.686401	47.754448	6.238398	321.425568	-36	28	1.18	23.113103	-1.294	-1.882	-0.906	-0.863
-232.127502	-276.442017	162.074631	290.161072	50.079571	6.238398	320.625183	-36	28	1.18	23.083738	-1.295	-1.862	-0.889	-0.856
-232.307709	-276.058075	160.448654	288.583801	48.648727	6.238398	319.899475	-36	28	1.18	23.05708	-1.297	-1.865	-0.896	-0.860
-228.523026	-274.714264	159.906586	288.233337	49.006439	6.236593	319.18454	-36	28	1.18	23.030854	-1.292	-1.873	-0.899	-0.858
-258.800537	-279.05191	159.18367	254.766739	22.893555	6.041698	299.655701	-36	32	1.18	22.30809	-1.432	-1.829	-0.948	-0.942
-259.94986	-278.859985	157.015457	254.416321	22.356985	5.846803	298.375122	-36	32	1.18	22.266807	-1.429	-1.828	-0.946	-0.943
-256.637878	-276.250031	158.099747	254.066177	24.3244	6.043448	297.323975	-36	32	1.18	22.219266	-1.426	-1.824	-0.939	-0.937
-254.835602	-275.981171	155.931519	254.591522	22.893555	5.846803	296.523437	-36	32	1.18	22.196222	-1.425	-1.840	-0.949	-0.941
-284.752686	-280.857422	156.292877	223.052826	-4.461237	5.457015	280.992767	-36	36	1.18	21.610409	-1.585	-1.810	-1.026	-1.036
-286.735107	-283.274139	153.4021	223.403015	-5.175036	5.651909	280.512451	-36	36	1.18	21.583913	-1.573	-1.811	-1.021	-1.039
-283.745575	-281.35495	156.834946	224.279099	-5.175036	5.651909	280.126862	-36	36	1.18	21.568768	-1.588	-1.823	-1.029	-1.039
-281.762573	-278.859985	153.76329	221.826065	-3.39054	5.651909	279.391663	-36	36	1.18	21.539862	-1.573	-1.808	-1.021	-1.033
-305.838776	-288.647888	147.800842	193.791382	-34.262299	5.457015	267.063232	-36	40	1.18	21.057075	-1.725	-1.835	-1.146	-1.151
-305.017456	-288.455994	149.065475	195.54335	-33.013149	5.457015	266.422791	-36	40	1.18	21.031284	-1.722	-1.835	-1.135	-1.146
-301.412048	-285.193359	148.523422	193.791168	-30.693306	5.457054	266.10257	-36	40	1.18	21.018374	-1.713	-1.824	-1.130	-1.138
-303.856323	-286.920624	148.884781	195.718567	-31.050205	5.067265	265.622253	-36	40	1.18	21.014724	-1.713	-1.826	-1.122	-1.137
-346.299377	-326.072327	151.053192	184.154373	-65.669395	5.846803	279.231903	-36	44	1.18	21.525905	-1.839	-1.886	-1.275	-1.264
-348.642883	-327.223877	151.956619	183.628723	-65.3125	5.651909	280.192566	-36	44	1.18	21.57135	-1.836	-1.874	-1.267	-1.260
-349.904785	-327.991547	150.872498	184.680023	-67.453896	5.651909	280.832672	-36	44	1.18	21.596483	-1.845	-1.888	-1.283	-1.269
-352.969391	-333.266205	152.137115	186.43222	-69.595291	5.651949	281.793335	-36	44	1.18	21.634145	-1.847	-1.900	-1.285	-1.275
199.191772	-408.711823	-375.174744	136.494873	-110.460213	6.041738	305.009247	-32	-44	1.18	22.510544	2.041	-1.937	-1.476	-1.414
200.275543	-405.448303	-373.189697	136.144577	-110.10331	6.041738	305.489594	-32	-44	1.18	22.52862	2.054	-1.940	-1.488	-1.416
201.358856	-411.20752	-377.15979	138.247192	-108.497269	6.431528	305.96994	-32	-44	1.18	22.532027	2.025	-1.923	-1.451	-1.402
199.011185	-405.832245	-370.843719	135.268494	-107.605019	6.236633	306.770477	-32	-44	1.18	22.569435	2.030	-1.927	-1.476	-1.406
221.765884	-400.648956	-374.452911	173.115631	-72.093582	6.62641	321.820801	-32	-40	1.18	23.113368	1.890	-1.819	-1.249	-1.250
220.862686	-397.769348	-369.400055	174.298004	-66.561653	6.626422	322.301483	-32	-40	1.18	23.130985	1.862	-1.804	-1.227	-1.231
222.126801	-397.19342	-369.580505	173.422134	-68.881493	6.626422	322.621735	-32	-40	1.18	23.142715	1.881	-1.814	-1.245	-1.240
222.487991	-397.850464	-371.926483	176.444778	-67.632347	6.821306	323.262177	-32	-40	1.18	23.159025	1.874	-1.810	-1.232	-1.235
235.85173	-369.254395	-352.797791	210.261902	-22.663082	7.0162	334.7901	-32	-36	1.18	23.570086	1.740	-1.713	-1.056	-1.088
235.671112	-369.830139	-351.715027	210.962769	-20.700136	7.0162	335.590637	-32	-36	1.18	23.598852	1.727	-1.708	-1.048	-1.082
236.39325	-368.678619	-352.256439	212.661072	-21.770834	6.821306	336.071381	-32	-36	1.18	23.623102	1.738	-1.716	-1.057	-1.084
237.11586	-375.011993	-356.767914	211.313202	-26.053621	7.40599	336.391205	-32	-36	1.18	23.6136	1.748	-1.725	-1.067	-1.098
239.102631	-323.859497	-317.969147	236.484741	22.714729	6.821306	334.950623	-32	-32	1.18	23.582862	1.621	-1.631	-0.909	-0.954
237.838226	-322.707642	-317.247345	236.134369	22.714689	6.821306	333.98996	-32	-32	1.18	23.548315	1.620	-1.631	-0.908	-0.954
236.032059	-325.304657	-318.69101	232.280533	18.601	7.0162	332.54895	-32	-32	1.18	23.489368	1.629	-1.637	-0.922	-0.966
236.032318	-324.536987	-318.69101	233.50679	17.527899	6.62641	331.747986	-32	-32	1.18	23.474529	1.636	-1.645	-0.927	-0.968
216.709076	-266.385162	-267.440582	239.112335	54.193436	6.431502	309.012756	-32	-28	1.18	22.646183	1.508	-1.574	-0.794	-0.851
215.626038	-264.465973	-266.357819	237.360611	53.478008	6.62641	308.052094	-32	-28	1.18	22.602898	1.511	-1.574	-0.798	-0.853
214.542252	-264.274048	-264.914154	236.30954	52.226089	6.236608	307.091064	-32	-28	1.18	22.581471	1.513	-1.580	-0.804	-0.855
215.264618	-266.385162	-267.260132	234.557816	52.047157	6.041712	306.130768	-32	-28	1.18	22.552727	1.513	-1.571	-0.797	-0.856
195.219208	-221.09201	-212.400513	239.699081	80.485405	6.041726	289.639404	-32	-24	1.18	21.92428	1.371	-1.550	-0.704	-0.750
194.496841	-221.667786	-212.941895	238.297348	79.054558	5.846831	289.159424	-32	-24	1.18	21.913257	1.375	-1.552	-0.709	-0.753
194.496628	-222.62738	-215.107407	240.163391	78.339127	6.041712	288.358521	-32	-24	1.18	21.874713	1.378	-1.557	-0.707	-0.757
194.858017	-222.05162	-213.844193	236.484741	78.339127	6.041712	287.878204	-32	-24	1.18	21.856097	1.379	-1.548	-0.707	-0.756
176.979294	-190.960556	-165.481125	242.440643	98.013336	5.457027	274.428955	-32	-20	1.18	21.351455	1.240	-1.569	-0.639	-0.665
174.089844	-190.000946	-162.232849	239.98822	98.013336	5.651922	274.108734	-32	-20	1.18	21.331	1.227	-1.569	-0.642	-0.663
174.451202	-188.273682	-161.330551	239.287506	98.192192	5.262132	273.468292	-32	-20	1.18	21.321039	1.230	-1.566	-0.642	-0.660
172.645111	-187.889832	-160.428253	239.173431	98.370934	5.651922	272.988251	-32	-20	1.18	21.286438	1.222	-1.567	-0.641	-0.660
159.281677	-179.637268	-125.238708	247.584167	113.037277	5.457027	269.786072	-32	-16	1.18	21.166372	1.072	-1.609	-0.590	-0.595
160.184326	-180.980713	-125.419159	248.81044	113.037277	5.651962	270.746735	-32	-16	1.18	21.197009	1.073	-1.614	-0.592	-0.597
157.836807	-180.021103	-123.073196	249.686783	114.289284	5.457027	271.547272	-32	-16	1.18	21.23677	1.057	-1.616	-0.592	-0.591
161.268036	-178.869583	-123.434113	249.861755	116.077843	5.457067	272.347839	-32	-16	1.18	21.268692	1.065	-1.604	-0.585	-0.586
153.141571	-189.233261	-95.282471	275.093536	132.532761	6.236608	291.40097	-32	-12	1.18	21.984755	0.904	-1.690	-0.578	-0.540
156.753265	-188.657516	-95.282471	276.320068	135.930908	5.846857	292.201782	-32	-12	1.18	22.0306	0.907	-1.673	-0.562	-0.532
154.586166	-187.505997	-94.019257	277.371094	136.109879	6.041752	292.841949	-32	-12	1.18	22.047722	0.898	-1.679	-0.566	-0.530
156.030731	-188.657516	-94.38018	277.721527	138.077179	6.236648	293.482666	-32	-12	1.18	22.064852	0.896	-1.668	-0.556	-0.528
144.292465	-191.536316	-57.746952	298.923279	157.214828	6.236648	309.97406	-32	-8	1.18	22.689407	0.717	-1.740	-0.542	-0.464
143.209045	-195.75856	-58.649246	300.850677	155.247543	6.626398	310.934723	-32	-8	1.18	22.71072	0.715	-1.758	-0.551	-0.474
143.028458	-196.005081	-57.566498	301.201141	154.889832	6.626438	311.414764	-32	-8	1.18	22.728625	0.712	-1.765	-0.556	-0.474
143.931274	-194.469284	-55.94236	303.829102	158.288101	6.431543	312.055176	-32	-8	1.18	22.759748	0.705	-1.758	-0.542	-0.464
121.899239	-206.755585	-21.294189	319.248657	167.052094	6.626438	324.543823	-32	-4	1.18	23.212993	0.509	-1.871	-0.560	-0.429
120.996284	-207.273773	-18.767761	321.000854	169.198212	7.016229	325.18457	-32	-4	1.18	23.222152	0.495	-1.872	-0.553	-0.425
120.093216	-206.563614	-17.504547	321.176086	169.556076	6.626478	325.664886	-32	-4	1.18	23.253883	0.489	-1.874	-0.554	-0.421
120.634987	-209.384888	-18.767761	322.227386	169.555923	6.821373	326.145233	-32	-4	1.18	23.264283	0.491	-1.874	-0.552	-0.426
96.797028	-213.666641	17.526583	335.544006	175.458344	7.211164	338.793945	-32	0	1.18	23.706639	0.290	-2.008	-0.597	-0.385
99.325439	-209.768738	20.598253	335.018768	180.824036	6.821334	339.274658	-32	0	1.18	23.737739	0.286	-1.978	-0.575	-0.368
98.422272	-211.938889	18.430014	334.843536	177.962341	7.016269	340.074829	-32	0	1.18	23.759336	0.291	-1.990	-0.590	-0.378
98.602859	-214.242584	18.972075	337.296204	176.710342	7.406061	340.555176	-32	0	1.18	23.762565	0.290	-2.010	-0.597	-0.383
63.929367	-200.748474	54.74799	323.453888	173.491165	6.626478	326.785645	-32	4	1.18	23.294692	0.037	-2.127	-0.622	-0.323
64.651833	-198.884689	55.47073	322.92865	173.670013	7.016269	325.18457	-32	4	1.18	23.222151	0.037	-2.127	-0.617	-0.321
65.013016	-199.076645	52.760437	321.001251	170.092651	6.626478	324.064148	-32	4	1.18	23.195473	0.050	-2.138	-0.633	-0.328
65.554649	-196.197037	55.290043	319.423889	173.669785	6.626478	323.103119	-32	4	1.18	23.160335	0.042	-2.112	-0.612	-0.316
28.53344	-185.446533	79.863495	297.872314	154.889832	5.846896	302.128967	-32	8	1.18	22.409217	-0.220	-2.071	-0.631	-0.361
27.088772	-186.598358	80.224777	297.872314	154.532349	6.236687	301.648651	-32	8	1.18	22.376287	-0.227	-2.068	-0.628	-0.367
27.630539	-185.011032	80.947517	298.047546	155.605484	6.041791	300.527527	-32	8	1.18	22.341181	-0.228	-2.062	-0.619	-0.362
26.366341	-185.586777	80.224861	297.697113	152.743774	6.236623	300.207642	-32	8	1.18	22.321647	-0.232	-2.080	-0.635	-0.369
-8.292437	-174.455414	102.087944	280.525635	141.4758	6.236623	285.317322	-32	12	1.18	21.74898	-0.474	-1.954	-0.618	-0.419
-11.717574	-174.071579	104.436752	280.701202	141.4758	5.846896	284.67691	-32	12	1.18	21.73921	-0.496	-1.940	-0.611	-0.421
-8.292437	-172.344299	104.436874	280.175232	143.622086	5.651936	284.036438	-32	12	1.18	21.721835	-0.482	-1.934	-0.600	-0.410
-7.210816	-171.576614	102.087944	278.072571	140.760361	6.041728	283.556122	-32	12	1.18	21.687863	-0.475	-1.954	-0.620	-0.415
-43.98597	-163.132126	119.975922	263.354492	130.028961	5.651936	269.947021	-32	16	1.18	21.165012	-0.702	-1.826	-0.599	-0.468
-45.428135	-164.859421	118.16906	262.828522	126.809647	5.457041	269.626465	-32	16	1.18	21.159981	-0.705	-1.844	-0.616	-0.477
-47.951916	-166.97052	116.36219	260.726227	122.695824	5.457041	269.30661	-32	16	1.18	21.147167	-0.714	-1.858	-0.637	-0.491
-45.788673	-165.051331	118.349602	262.653625	126.809647	5.652	268.506012	-32	16	1.18	21.107232	-0.707	-1.842	-0.610	-0.478
-85.448158	-169.849335	141.658325	262.478394	122.159264	5.651936	275.070587	-32	20	1.18	21.369178	-0.909	-1.731	-0.612	-0.534
-88.512749	-174.455414	140.75499	264.405792	118.939827	5.651976	275.871124	-32	20	1.18	21.400901	-0.916	-1.752	-0.627	-0.548
-87.250854	-172.920059	141.116379	263.704926	120.191833	5.457041	276.511566	-32	20	1.18	21.433956	-0.912	-1.745	-0.625	-0.542
-86.169235	-172.58429	142.923126	264.931458	122.338211	5.457041	277.151703	-32	20	1.18	21.459251	-0.910	-1.738	-0.615	-0.536
-135.563324	-195.813095	168.400085	271.590057	112.858795	6.041728	294.123779	-32	24	1.18	22.096938	-1.091	-1.678	-0.651	-0.617
-134.481689	-196.005081	166.593079	271.414581	113.216507	5.846832	294.604126	-32	24	1.18	22.122819	-1.081	-1.679	-0.651	-0.614
-134.661972	-198.500732	164.424835	271.940521	109.639374	6.041728	295.564789	-32	24	1.18	22.152135	-1.083	-1.703	-0.673	-0.625
-137.366013	-199.844543	167.135147	274.91922	110.891365	6.43152	296.045135	-32	24	1.18	22.155598	-1.089	-1.699	-0.662	-0.626
-187.661453	-226.336899	186.107391	271.414856	96.22509	5.651936	309.975128	-32	28	1.18	22.711275	-1.233	-1.642	-0.705	-0.701
-187.481186	-228.832565	186.64946	275.269684	94.436516	6.431559	310.455444	-32	28	1.18	22.700104	-1.236	-1.666	-0.714	-0.709
-189.414597	-231.328247	186.649292	276.320984	93.721214	6.43152	310.935791	-32	28	1.18	22.718031	-1.237	-1.669	-0.714	-0.713
-186.940369	-228.448624	188.09494	275.269379	97.119507	6.431559	311.735962	-32	28	1.18	22.747859	-1.230	-1.653	-0.704	-0.702
-244.086075	-269.722961	203.995392	271.239624	70.469673	6.821351	324.385101	-32	32	1.18	23.200079	-1.369	-1.652	-0.776	-0.806
-240.41777	-267.41925	201.827148	269.662628	70.290817	6.431559	324.865448	-32	32	1.18	23.231842	-1.364	-1.657	-0.785	-0.803
-245.46402	-270.031647	206.344147	272.115723	72.43721	6.821351	325.345795	-32	32	1.18	23.235145	-1.368	-1.642	-0.766	-0.801
-241.201752	-266.843353	203.995392	271.414856	73.33139	6.821351	325.826111	-32	32	1.18	23.252657	-1.360	-1.644	-0.771	-0.797
-299.609344	-308.607605	218.631027	262.65387	41.137188	7.016287	338.954834	-32	36	1.18	23.719353	-1.501	-1.655	-0.863	-0.901
-300.972748	-311.294464	221.341324	264.055634	42.914654	6.821351	339.275452	-32	36	1.18	23.737766	-1.496	-1.648	-0.849	-0.897
-303.214752	-311.870239	221.16095	264.406067	41.137188	6.82139	339.915894	-32	36	1.18	23.760618	-1.504	-1.653	-0.857	-0.902
-306.920105	-314.557129	221.341324	263.529968	39.527473	7.016247	340.556335	-32	36	1.18	23.776505	-1.508	-1.650	-0.859	-0.907
-330.709595	-325.496582	214.29454	230.413803	3.39742	7.211143	325.910828	-32	40	1.18	23.241535	-1.644	-1.677	-0.973	-1.012
-330.976379	-325.112732	213.752777	229.712631	3.218607	6.626494	325.025574	-32	40	1.18	23.230572	-1.644	-1.675	-0.971	-1.010
-333.05249	-325.688507	214.29454	227.785202	0.536444	6.626494	323.904816	-32	40	1.18	23.18965	-1.659	-1.678	-0.980	-1.018
-330.796143	-324.920837	212.487976	229.712631	5.723454	6.626494	322.944122	-32	40	1.18	23.154515	-1.629	-1.663	-0.951	-1.003
-343.144989	-336.052185	193.335144	190.989151	-37.65284	5.846909	303.090332	-32	44	1.18	22.445543	-1.777	-1.745	-1.128	-1.144
-342.784546	-337.971375	192.431717	191.164612	-38.188183	6.236702	302.379913	-32	44	1.18	22.403965	-1.771	-1.751	-1.127	-1.147
-342.604309	-336.819855	194.057892	192.040695	-36.225243	6.041806	301.809448	-32	44	1.18	22.389754	-1.768	-1.743	-1.114	-1.139
-337.285858	-332.213776	191.528275	188.711533	-38.366638	6.041806	300.93924	-32	44	1.18	22.356792	-1.784	-1.758	-1.145	-1.150
205.279419	-347.759308	-325.368011	107.409645	-82.800545	5.652	276.928162	-28	-44	1.18	21.442716	2.091	-1.794	-1.418	-1.349
204.737793	-345.456268	-321.93927	108.285843	-81.551399	5.846897	276.287842	-28	-44	1.18	21.409682	2.089	-1.800	-1.419	-1.347
204.918335	-344.496674	-322.661102	108.110527	-81.551399	5.652	275.647552	-28	-44	1.18	21.392044	2.093	-1.796	-1.417	-1.346
203.166565	-342.385559	-319.412842	106.358429	-80.302261	5.457117	274.751282	-28	-44	1.18	21.364241	2.085	-1.791	-1.417	-1.342
202.444183	-299.011597	-282.779633	130.713974	-35.154545	5.652	265.464813	-28	-40	1.18	20.984773	1.897	-1.680	-1.175	-1.160
205.459961	-301.39859	-284.764679	130.188187	-35.689892	5.457104	266.203186	-28	-40	1.18	21.022429	1.905	-1.677	-1.173	-1.160
203.835068	-302.082336	-286.027893	132.641388	-35.332996	5.262208	267.065918	-28	-40	1.18	21.065021	1.893	-1.680	-1.169	-1.157
205.333664	-302.082336	-287.832489	132.81662	-36.225243	5.457117	267.866486	-28	-40	1.18	21.089372	1.906	-1.681	-1.175	-1.161
226.22261	-286.344849	-281.516418	166.984482	4.829147	5.652	287.813202	-28	-36	1.18	21.868683	1.758	-1.570	-0.980	-1.003
226.823975	-290.648071	-283.501465	167.510147	3.040572	6.041793	288.613556	-28	-36	1.18	21.884589	1.759	-1.579	-0.984	-1.010
226.101608	-286.424652	-281.877319	169.787994	5.008005	5.846897	289.41394	-28	-36	1.18	21.923095	1.757	-1.578	-0.984	-1.003
226.643356	-287.768463	-281.335937	169.612778	5.365721	5.846897	290.214294	-28	-36	1.18	21.954012	1.752	-1.578	-0.983	-1.002
240.007431	-260.50824	-264.372772	203.079758	49.006989	6.23669	305.012329	-28	-32	1.18	22.503319	1.619	-1.488	-0.822	-0.863
240.910156	-261.084137	-263.83139	202.904541	49.722416	6.043468	305.652802	-28	-32	1.18	22.534694	1.617	-1.486	-0.820	-0.860
241.090744	-262.81189	-264.914154	205.007172	50.795563	5.848516	306.293213	-28	-32	1.18	22.566088	1.608	-1.487	-0.812	-0.857
243.800171	-266.075439	-270.147461	205.708252	47.754982	6.041793	306.77356	-28	-32	1.18	22.576866	1.627	-1.494	-0.820	-0.868
250.301193	-238.623215	-246.146393	235.495651	88.892242	6.433372	320.863739	-28	-28	1.18	23.085338	1.499	-1.431	-0.700	-0.751
250.301529	-235.35968	-241.634903	236.37175	91.575111	6.626483	321.343689	-28	-28	1.18	23.095865	1.490	-1.429	-0.696	-0.743
248.495285	-238.047302	-242.35675	236.546967	90.144241	6.433372	321.984528	-28	-28	1.18	23.126445	1.486	-1.437	-0.702	-0.747
254.81633	-237.279404	-247.048691	236.196518	89.607674	6.628324	322.464844	-28	-28	1.18	23.1369	1.513	-1.427	-0.702	-0.750
254.274567	-214.950577	-216.190155	269.137909	129.493088	7.211172	336.394562	-28	-24	1.18	23.62071	1.363	-1.403	-0.600	-0.646
255.718735	-213.415207	-214.566025	270.013733	132.175949	6.628324	336.874512	-28	-24	1.18	23.65881	1.359	-1.397	-0.591	-0.637
256.260742	-216.869751	-216.912003	269.663544	130.029648	7.018227	337.514954	-28	-24	1.18	23.667783	1.364	-1.402	-0.598	-0.645
256.261078	-212.322845	-213.483276	267.385681	131.281509	6.823276	337.675446	-28	-24	1.18	23.680507	1.365	-1.394	-0.600	-0.638
240.007736	-189.041351	-169.090302	285.43335	158.2892	6.628324	334.153015	-28	-20	1.18	23.561125	1.213	-1.406	-0.521	-0.550
238.02121	-185.202942	-164.037445	283.330688	159.720062	6.628324	332.712006	-28	-20	1.18	23.509237	1.203	-1.401	-0.517	-0.542
239.646561	-185.83049	-167.285706	281.92926	157.752426	6.628324	331.751343	-28	-20	1.18	23.474581	1.217	-1.399	-0.520	-0.548
237.118256	-183.475662	-164.939743	281.578827	158.825775	6.628324	330.310333	-28	-20	1.18	23.422501	1.207	-1.396	-0.515	-0.543
208.945511	-161.020996	-109.899681	277.022797	169.736313	6.238461	309.335693	-28	-16	1.18	22.665483	1.045	-1.435	-0.457	-0.464
207.501053	-159.33812	-107.373238	276.497437	171.703537	6.043509	308.535126	-28	-16	1.18	22.642828	1.032	-1.429	-0.449	-0.457
204.430984	-160.061401	-105.388191	275.445831	169.557236	6.238461	307.574463	-28	-16	1.18	22.599535	1.025	-1.441	-0.457	-0.460
207.861969	-160.253326	-109.177841	277.548431	170.451523	6.238461	307.094147	-28	-16	1.18	22.581516	1.039	-1.435	-0.448	-0.462
177.341827	-145.667389	-60.27338	268.612213	173.313477	5.848556	288.8414	-28	-12	1.18	21.900888	0.860	-1.499	-0.418	-0.394
178.064209	-147.051804	-63.160732	268.787445	171.882614	5.848556	287.720612	-28	-12	1.18	21.857476	0.871	-1.501	-0.418	-0.401
176.077927	-142.980515	-57.386036	267.561188	174.028687	5.458652	286.92041	-28	-12	1.18	21.841562	0.851	-1.497	-0.412	-0.385
175.535904	-144.899704	-59.732006	267.21048	171.882614	5.458652	286.279602	-28	-12	1.18	21.816684	0.858	-1.503	-0.417	-0.393
147.725006	-132.232971	-15.880412	260.443726	174.0289	5.458652	272.510345	-28	-8	1.18	21.275103	0.659	-1.583	-0.397	-0.321
147.905457	-132.232971	-17.324087	259.851532	173.492325	5.45869	271.869873	-28	-8	1.18	21.249574	0.666	-1.579	-0.396	-0.323
147.905457	-131.309967	-15.880412	259.325836	174.207764	5.458652	271.229126	-28	-8	1.18	21.224006	0.661	-1.576	-0.392	-0.319
148.447372	-132.616821	-18.587301	259.150665	172.418961	5.2637	270.90921	-28	-8	1.18	21.219016	0.673	-1.580	-0.397	-0.326
126.415184	-131.849136	17.888094	264.124268	178.858078	5.458652	270.749084	-28	-4	1.18	21.20483	0.460	-1.679	-0.390	-0.265
127.137398	-130.313782	18.97224	263.949005	180.646423	5.263738	271.709747	-28	-4	1.18	21.250963	0.458	-1.668	-0.385	-0.258
127.137398	-132.232971	18.610865	266.159454	179.21579	5.263738	272.510345	-28	-4	1.18	21.282865	0.460	-1.688	-0.395	-0.263
128.040268	-130.542068	20.056366	264.932892	181.898666	5.263738	273.310883	-28	-4	1.18	21.314718	0.455	-1.668	-0.385	-0.255
114.495804	-137.45311	52.941551	285.258423	196.922729	6.043547	290.763092	-28	0	1.18	21.967601	0.257	-1.767	-0.392	-0.202
111.787155	-138.604965	53.844986	286.03241	196.207306	5.848595	291.563965	-28	0	1.18	22.005984	0.243	-1.780	-0.400	-0.202
113.954117	-141.06131	50.953983	286.733459	196.565201	5.848595	291.883881	-28	0	1.18	22.0183	0.261	-1.771	-0.395	-0.211
113.593086	-137.645096	53.664246	284.104492	197.101593	5.848556	292.844849	-28	0	1.18	22.055258	0.251	-1.764	-0.400	-0.200
91.380142	-147.051804	85.826729	301.280457	206.938782	6.238499	308.375702	-28	4	1.18	22.629559	0.023	-1.887	-0.427	-0.155
89.21302	-145.859314	88.898422	302.156769	208.548691	6.043547	308.695953	-28	4	1.18	22.648845	0.001	-1.890	-0.423	-0.146
91.379936	-149.889648	84.742706	303.481323	206.044678	6.433451	309.496155	-28	4	1.18	22.664192	0.028	-1.900	-0.434	-0.163
91.199417	-149.313889	86.368797	303.13089	206.938965	6.238499	309.976501	-28	4	1.18	22.689429	0.020	-1.898	-0.432	-0.158
61.762871	-157.758362	120.338104	317.405151	214.808731	6.433451	324.386932	-28	8	1.18	23.214311	-0.223	-1.808	-0.417	-0.207
59.415161	-158.717957	120.338104	316.703766	213.556732	6.628404	325.027374	-28	8	1.18	23.230567	-0.231	-1.806	-0.424	-0.214
59.053883	-161.596786	120.338104	320.559601	214.808731	6.628404	325.667816	-28	8	1.18	23.253919	-0.230	-1.812	-0.417	-0.218
57.609222	-156.266525	125.216827	318.106201	216.418259	6.628341	326.308289	-28	8	1.18	23.277252	-0.254	-1.785	-0.414	-0.211
21.309969	-165.481277	157.017914	328.096344	214.808731	7.213199	337.836639	-28	12	1.18	23.67232	-0.473	-1.720	-0.429	-0.276
22.212936	-164.329437	156.837219	329.323212	219.280182	6.823293	338.637207	-28	12	1.18	23.714899	-0.464	-1.700	-0.411	-0.268
22.935356	-164.475571	156.837051	328.797058	216.597549	7.018246	338.796997	-28	12	1.18	23.713643	-0.466	-1.717	-0.425	-0.271
20.045816	-165.819	155.753098	328.622131	216.239594	7.018246	339.437775	-28	12	1.18	23.736531	-0.469	-1.710	-0.426	-0.276
-21.807007	-160.253326	178.158417	314.600922	198.532623	6.628341	329.350708	-28	16	1.18	23.387755	-0.691	-1.640	-0.452	-0.337
-23.248795	-160.061401	176.351318	312.673004	197.996292	6.433389	328.229919	-28	16	1.18	23.354183	-0.689	-1.632	-0.450	-0.339
-22.347679	-158.909866	177.616348	314.775848	200.321442	6.238437	327.108826	-28	16	1.18	23.320551	-0.687	-1.628	-0.436	-0.333
-19.824553	-154.303818	177.616348	311.971954	202.288666	5.848531	326.308594	-28	16	1.18	23.305635	-0.682	-1.611	-0.429	-0.321
-65.781471	-151.616928	187.554184	287.259247	175.460114	6.043484	307.254944	-28	20	1.18	22.594864	-0.892	-1.544	-0.464	-0.404
-62.357235	-148.738113	187.915756	285.785095	176.354218	6.043524	305.974335	-28	20	1.18	22.546781	-0.888	-1.541	-0.460	-0.396
-62.357235	-149.505798	184.121124	283.929504	173.313812	6.043484	304.853546	-28	20	1.18	22.504616	-0.883	-1.552	-0.471	-0.401
-60.915447	-147.778519	186.108688	285.857422	174.208115	6.238437	303.892853	-28	20	1.18	22.461056	-0.887	-1.557	-0.466	-0.397
-106.151474	-151.616928	190.083832	258.691315	147.379364	5.458666	286.440643	-28	24	1.18	21.822938	-1.072	-1.485	-0.503	-0.486
-104.529472	-149.505798	189.541946	258.10025	146.66391	5.653618	285.800201	-28	24	1.18	21.790473	-1.075	-1.489	-0.508	-0.485
-104.709686	-150.849228	187.373688	256.763397	144.517609	5.653618	284.839539	-28	24	1.18	21.753079	-1.073	-1.497	-0.515	-0.490
-101.672485	-147.586594	187.012314	255.471924	147.200485	5.458666	284.519623	-28	24	1.18	21.74821	-1.062	-1.483	-0.505	-0.479
-141.512238	-162.940201	190.084	234.094971	118.583145	5.653618	271.390106	-28	28	1.18	21.222649	-1.224	-1.466	-0.564	-0.583
-136.464661	-160.253326	187.373688	233.218857	119.298569	5.653618	271.069885	-28	28	1.18	21.209858	-1.210	-1.470	-0.567	-0.575
-137.726562	-160.445251	186.108871	231.291458	118.583145	5.263713	270.429749	-28	28	1.18	21.199858	-1.210	-1.464	-0.567	-0.577
-138.267365	-160.445251	187.012314	231.46669	117.509995	5.458666	269.949402	-28	28	1.18	21.172845	-1.219	-1.469	-0.571	-0.580
-178.647934	-191.152466	194.239838	218.500336	92.469818	5.068761	272.351074	-28	32	1.18	21.284287	-1.344	-1.477	-0.649	-0.685
-179.141876	-192.304001	193.878464	218.500336	90.681305	5.068798	273.311462	-28	32	1.18	21.322491	-1.350	-1.486	-0.661	-0.690
-180.27037	-192.495911	196.588791	220.07756	92.469818	5.458666	273.792084	-28	32	1.18	21.326096	-1.351	-1.480	-0.650	-0.688
-179.008469	-191.344376	196.950165	219.726883	94.2584	5.263713	274.592682	-28	32	1.18	21.365622	-1.345	-1.471	-0.645	-0.682
-230.746094	-243.162827	214.296448	218.500336	68.681694	5.458704	292.044922	-28	36	1.18	22.039495	-1.456	-1.510	-0.731	-0.793
-230.385559	-241.502808	212.30867	216.57312	65.99881	5.848571	292.845459	-28	36	1.18	22.055281	-1.466	-1.517	-0.751	-0.801
-229.30394	-240.734924	214.657608	218.325317	68.681694	5.458666	293.485931	-28	36	1.18	22.094836	-1.462	-1.512	-0.740	-0.792
-230.205276	-241.502808	215.380356	219.026016	69.575989	6.043562	293.806152	-28	36	1.18	22.084683	-1.459	-1.508	-0.734	-0.792
-283.024475	-291.223999	230.197052	211.316498	35.592846	5.84861	309.817383	-28	40	1.18	22.698047	-1.590	-1.557	-0.850	-0.908
-283.024475	-291.223999	229.29335	211.491714	37.202572	6.043562	310.61795	-28	40	1.18	22.720647	-1.580	-1.550	-0.843	-0.904
-283.925842	-292.951752	231.642548	211.491714	35.235126	5.653657	311.098297	-28	40	1.18	22.753083	-1.593	-1.558	-0.852	-0.909
-283.024475	-291.142853	227.30603	208.86319	33.625454	6.043562	312.05896	-28	40	1.18	22.774332	-1.591	-1.559	-0.868	-0.914
-339.449127	-346.320435	234.533569	192.217407	-11.063867	6.043562	325.188599	-28	44	1.18	23.257769	-1.730	-1.623	-1.013	-1.052
-341.612366	-348.335083	236.701828	194.144836	-8.922475	6.043562	325.828644	-28	44	1.18	23.281079	-1.721	-1.614	-0.996	-1.045
-338.006958	-347.375458	236.882263	193.619186	-11.956115	6.433429	326.309387	-28	44	1.18	23.284386	-1.738	-1.636	-1.023	-1.056
-338.187225	-346.799713	238.689407	195.546616	-7.494878	6.238515	326.789307	-28	44	1.18	23.308934	-1.722	-1.619	-0.998	-1.041
278.114014	-392.66864	-395.747101	105.307808	-91.72303	6.628421	343.761627	-24	-44	1.18	23.90423	2.228	-1.646	-1.440	-1.325
281.004089	-390.941345	-396.108002	107.06015	-91.187675	6.628421	344.081879	-24	-44	1.18	23.915581	2.240	-1.647	-1.440	-1.324
280.461731	-386.527191	-393.220673	104.782143	-91.009232	6.823361	343.440979	-24	-44	1.18	23.885944	2.254	-1.644	-1.454	-1.327
277.933411	-387.678711	-391.957458	107.936127	-86.904884	6.823374	342.480743	-24	-44	1.18	23.851851	2.211	-1.636	-1.418	-1.309
266.014801	-321.082397	-327.89444	134.745102	-24.447575	6.238515	317.50354	-24	-40	1.18	22.968845	1.979	-1.519	-1.140	-1.102
266.91748	-319.163208	-327.353058	132.642273	-24.626028	6.238503	316.542511	-24	-40	1.18	22.93336	1.990	-1.513	-1.142	-1.103
263.486206	-316.7565	-325.00708	133.343155	-25.339827	6.238515	315.421722	-24	-40	1.18	22.891905	1.991	-1.523	-1.153	-1.107
263.667084	-319.547028	-326.450745	132.116776	-25.339827	6.433468	314.461395	-24	-40	1.18	22.849097	1.983	-1.517	-1.142	-1.107
251.567291	-258.324524	-271.771606	154.37001	25.219088	5.848597	295.40799	-24	-36	1.18	22.153524	1.803	-1.422	-0.931	-0.933
250.303146	-255.516891	-267.981964	155.596558	26.650007	5.848597	294.927643	-24	-36	1.18	22.135141	1.797	-1.426	-0.930	-0.928
248.677811	-254.294189	-266.899231	153.143311	25.219088	5.848597	293.966949	-24	-36	1.18	22.09833	1.804	-1.426	-0.940	-0.932
249.038712	-256.860718	-269.245178	154.019409	25.397993	5.848597	293.486603	-24	-36	1.18	22.079901	1.797	-1.424	-0.929	-0.932
239.648407	-204.451935	-223.949905	171.892136	65.820137	5.263736	279.556793	-24	-32	1.18	21.561621	1.656	-1.344	-0.763	-0.784
238.564041	-206.755615	-225.213135	171.191101	64.389267	5.263736	279.076477	-24	-32	1.18	21.542734	1.654	-1.348	-0.766	-0.789
237.30069	-203.49205	-221.423477	172.417816	65.820137	5.068783	278.59613	-24	-32	1.18	21.531504	1.648	-1.351	-0.765	-0.782
237.661575	-205.795746	-222.867142	170.315155	64.389267	5.263736	277.955688	-24	-32	1.18	21.498599	1.652	-1.349	-0.766	-0.788
222.311096	-156.842468	-175.406372	181.354111	97.299324	5.068783	262.364044	-24	-28	1.18	20.882856	1.510	-1.284	-0.627	-0.650
222.311371	-158.717972	-175.767303	180.477997	96.405037	5.263724	261.944397	-24	-28	1.18	20.8579	1.510	-1.287	-0.628	-0.654
220.143982	-158.37825	-174.68454	181.879761	96.405098	4.87383	261.464081	-24	-28	1.18	20.854225	1.502	-1.294	-0.628	-0.652
221.58844	-159.33812	-176.489136	181.704361	96.047386	4.873818	260.823608	-24	-28	1.18	20.828183	1.508	-1.292	-0.624	-0.655
209.488922	-125.742729	-139.494995	191.692154	119.835571	4.288959	252.497772	-24	-24	1.18	20.5108	1.382	-1.257	-0.525	-0.542
207.682983	-124.782867	-137.690399	193.093933	121.087669	4.678864	253.45845	-24	-24	1.18	20.534369	1.369	-1.260	-0.525	-0.539
208.946884	-123.439041	-136.788101	193.093735	123.233986	4.678864	254.259003	-24	-24	1.18	20.567382	1.365	-1.249	-0.517	-0.532
209.6698	-123.439041	-137.149017	193.093933	123.591614	4.873818	254.8405	-24	-24	1.18	20.583302	1.366	-1.247	-0.517	-0.532
216.893539	-108.465111	-109.719215	224.633759	159.184555	5.458678	275.170105	-24	-20	1.18	21.380786	1.217	-1.242	-0.432	-0.427
218.1577	-108.849045	-110.080132	226.21077	160.436707	5.458678	275.810425	-24	-20	1.18	21.406151	1.216	-1.241	-0.427	-0.426
218.699188	-109.970245	-111.884727	224.633759	158.648102	5.458678	276.450714	-24	-20	1.18	21.431485	1.226	-1.241	-0.437	-0.432
218.879807	-110.16217	-111.343353	225.509872	160.257843	5.458678	277.571259	-24	-20	1.18	21.475748	1.218	-1.239	-0.433	-0.429
217.074158	-107.121277	-73.627357	253.019897	189.948486	5.846939	293.098572	-24	-16	1.18	22.065067	1.037	-1.285	-0.368	-0.343
217.615646	-104.788406	-72.003227	252.669205	191.737061	5.848585	293.738892	-24	-16	1.18	22.089583	1.034	-1.276	-0.364	-0.336
218.699188	-105.939926	-72.725067	253.545288	192.631363	6.041837	294.219116	-24	-16	1.18	22.10059	1.034	-1.275	-0.360	-0.338
219.241272	-105.556091	-73.627357	253.895737	192.631363	5.848585	294.859406	-24	-16	1.18	22.13253	1.038	-1.274	-0.362	-0.338
209.669998	-108.242973	-29.775774	279.303131	220.533417	6.041837	308.217621	-24	-12	1.18	22.631004	0.827	-1.338	-0.303	-0.259
211.114746	-107.697197	-31.760824	279.828796	220.354538	6.236736	308.946075	-24	-12	1.18	22.650976	0.837	-1.336	-0.305	-0.262
212.198105	-108.051056	-32.302204	278.952393	219.639114	6.431634	309.4263	-24	-12	1.18	22.661648	0.844	-1.335	-0.310	-0.264
211.114548	-106.515686	-28.332098	278.952393	221.964264	6.238491	309.906525	-24	-12	1.18	22.686815	0.827	-1.332	-0.304	-0.255
197.569977	-112.849045	11.744808	299.978973	242.354233	6.236736	322.87265	-24	-8	1.18	23.166162	0.634	-1.409	-0.275	-0.194
199.556717	-113.040977	9.757218	300.680145	242.354233	6.431634	323.428375	-24	-8	1.18	23.179357	0.646	-1.407	-0.276	-0.198
197.931183	-115.344009	10.841364	301.205841	241.102509	6.431634	323.908691	-24	-8	1.18	23.196911	0.638	-1.420	-0.282	-0.200
198.111771	-113.61673	11.925498	300.504944	242.175674	6.626533	324.228943	-24	-8	1.18	23.201491	0.635	-1.413	-0.280	-0.196
178.607605	-118.990494	52.399845	315.924438	256.305573	6.236736	334.956512	-24	-4	1.18	23.604071	0.436	-1.502	-0.272	-0.137
178.065826	-118.414742	54.387421	317.501434	258.809601	6.431634	335.678711	-24	-4	1.18	23.622995	0.425	-1.499	-0.264	-0.132
178.788193	-118.222824	55.652309	318.026764	259.167328	6.236775	336.158936	-24	-4	1.18	23.6472	0.424	-1.502	-0.265	-0.129
180.955505	-117.455132	53.483978	318.552765	260.061615	6.626533	336.397552	-24	-4	1.18	23.641784	0.436	-1.493	-0.261	-0.132
153.685608	-114.384422	93.054977	321.005859	265.248535	6.626572	335.596954	-24	0	1.18	23.613066	0.220	-1.578	-0.255	-0.063
152.24118	-115.344009	91.790054	318.553101	262.92337	6.821431	334.156342	-24	0	1.18	23.554297	0.220	-1.580	-0.259	-0.068
150.976852	-114.768257	91.42868	316.976105	261.85022	6.236736	333.035553	-24	0	1.18	23.535002	0.218	-1.578	-0.260	-0.065
150.976852	-115.727859	89.07972	316.800537	260.598206	6.236736	332.074463	-24	0	1.18	23.500369	0.226	-1.579	-0.261	-0.071
115.399773	-105.939926	114.195496	296.474823	244.679703	6.236736	309.659027	-24	4	1.18	22.677634	0.005	-1.673	-0.270	-0.009
113.413376	-105.748009	114.55687	295.073395	242.354813	6.041837	308.378113	-24	4	1.18	22.637013	-0.005	-1.680	-0.277	-0.009
110.885048	-104.788406	116.002518	294.197296	242.712234	5.846977	307.577179	-24	4	1.18	22.614312	-0.021	-1.665	-0.271	-0.012
111.246231	-106.899536	114.014809	294.022064	241.46051	5.65204	306.456757	-24	4	1.18	22.579604	-0.012	-1.675	-0.272	-0.015
77.113777	-99.0308	134.432816	275.973938	225.184296	5.846977	288.683838	-24	8	1.18	21.894851	-0.243	-1.588	-0.269	-0.071
75.307922	-101.525757	132.987305	275.273346	221.606842	5.846977	287.723175	-24	8	1.18	21.857636	-0.246	-1.605	-0.282	-0.081
76.933388	-100.374237	133.348679	276.149475	223.931992	5.846977	287.083038	-24	8	1.18	21.832803	-0.239	-1.598	-0.268	-0.075
77.294456	-100.374237	131.903168	273.345886	221.249115	5.846977	286.602722	-24	8	1.18	21.814151	-0.235	-1.605	-0.281	-0.075
42.259197	-92.697433	150.875534	260.379486	206.225174	5.262282	273.313629	-24	12	1.18	21.314885	-0.469	-1.526	-0.290	-0.132
42.078606	-91.162071	150.152954	257.75116	205.867203	5.652066	272.672852	-24	12	1.18	21.273871	-0.469	-1.514	-0.290	-0.131
41.717289	-90.010551	151.417603	257.225525	206.225174	5.457181	272.192505	-24	12	1.18	21.262497	-0.476	-1.507	-0.286	-0.129
44.426338	-89.626717	150.694855	257.225525	206.403778	5.652066	271.552063	-24	12	1.18	21.229177	-0.464	-1.515	-0.284	-0.123
9.210327	-86.555984	167.860519	248.289185	194.957016	5.067369	267.229004	-24	16	1.18	21.079415	-0.679	-1.433	-0.309	-0.187
9.571516	-87.323669	168.763962	250.041428	195.672455	5.457167	268.189697	-24	16	1.18	21.102355	-0.679	-1.438	-0.309	-0.189
9.932705	-90.010551	168.041016	252.31929	195.672638	5.262282	268.99057	-24	16	1.18	21.142306	-0.671	-1.452	-0.311	-0.192
9.210327	-87.899437	169.667419	251.26796	196.745605	5.067369	269.630707	-24	16	1.18	21.175751	-0.680	-1.437	-0.309	-0.188
-29.376383	-97.687355	198.577499	261.606354	197.99762	6.041864	288.524414	-24	20	1.18	21.881133	-0.872	-1.374	-0.346	-0.266
-29.196161	-96.152	200.203705	262.482452	199.786407	5.846964	289.164856	-24	20	1.18	21.913462	-0.874	-1.366	-0.341	-0.261
-28.835714	-96.152	200.02301	261.781555	198.713242	5.846977	289.965424	-24	20	1.18	21.9444	-0.876	-1.370	-0.349	-0.262
-30.457724	-97.495438	200.203705	263.183319	198.176666	5.652066	290.605896	-24	20	1.18	21.976637	-0.880	-1.376	-0.353	-0.266
-80.199326	-116.111694	227.307343	268.508636	192.452988	6.236762	306.937469	-24	24	1.18	22.5757	-1.058	-1.323	-0.394	-0.359
-76.775093	-110.16217	228.030106	266.512573	193.347443	6.236762	307.417786	-24	24	1.18	22.593723	-1.063	-1.313	-0.398	-0.348
-80.920227	-113.808655	229.294922	267.563873	193.347443	6.041864	308.218353	-24	24	1.18	22.63103	-1.067	-1.312	-0.395	-0.356
-79.117989	-113.808655	229.837006	269.316101	193.705002	6.041903	308.858826	-24	24	1.18	22.655	-1.065	-1.320	-0.397	-0.353
-134.62674	-145.859329	249.71283	265.178558	176.17691	6.236762	321.828003	-24	28	1.18	23.127914	-1.215	-1.299	-0.460	-0.463
-136.789429	-147.970428	248.086899	264.23465	174.388306	6.431701	322.468445	-24	28	1.18	23.144232	-1.215	-1.301	-0.467	-0.470
-134.62674	-146.435074	248.809647	265.286011	175.461472	6.431701	322.948822	-24	28	1.18	23.161815	-1.213	-1.303	-0.467	-0.465
-138.771866	-149.505798	251.881104	266.931213	174.924881	6.236762	323.269012	-24	28	1.18	23.180656	-1.224	-1.305	-0.465	-0.471
-192.11795	-193.839355	267.420685	255.889435	149.347931	6.6266	335.597748	-24	32	1.18	23.613095	-1.342	-1.314	-0.544	-0.583
-191.937729	-194.415115	266.336548	257.751465	152.567398	6.431701	336.23822	-24	32	1.18	23.643056	-1.325	-1.308	-0.531	-0.577
-193.19928	-196.52623	265.071411	257.466827	150.599945	6.6266	336.718933	-24	32	1.18	23.653299	-1.327	-1.314	-0.539	-0.583
-193.920181	-196.910065	266.155548	255.889435	147.917236	6.821459	337.359406	-24	32	1.18	23.669258	-1.340	-1.319	-0.552	-0.589
-236.813293	-235.677948	267.601379	231.702621	106.063988	6.821499	332.715729	-24	36	1.18	23.502406	-1.474	-1.365	-0.662	-0.710
-231.406601	-230.688019	268.866211	232.578949	111.250931	6.6266	331.755035	-24	36	1.18	23.474777	-1.462	-1.353	-0.644	-0.694
-233.389084	-232.031448	266.336243	230.125214	107.494728	6.6266	330.474518	-24	36	1.18	23.428504	-1.469	-1.358	-0.655	-0.704
-232.848389	-232.288086	265.794464	232.169067	107.852585	6.431701	329.193634	-24	36	1.18	23.389188	-1.465	-1.364	-0.650	-0.702
-257.358765	-257.052704	249.713089	193.669968	58.487221	5.847004	305.656921	-24	40	1.18	22.542236	-1.606	-1.428	-0.783	-0.833
-254.655396	-255.324921	247.183426	192.793396	55.983177	5.847004	305.176575	-24	40	1.18	22.52417	-1.614	-1.441	-0.801	-0.839
-254.475189	-255.445724	247.544815	192.267822	56.519756	6.236738	304.536102	-24	40	1.18	22.485377	-1.612	-1.437	-0.796	-0.839
-251.952057	-250.717575	246.279984	191.391266	59.202656	5.847004	303.735535	-24	40	1.18	22.469886	-1.604	-1.424	-0.787	-0.828
-277.723969	-275.866089	231.463455	158.967117	11.983638	5.652105	288.204529	-24	44	1.18	21.883839	-1.763	-1.506	-0.957	-0.978
-277.183319	-275.674133	231.463455	158.266037	11.268166	5.457141	287.564087	-24	44	1.18	21.866581	-1.768	-1.508	-0.960	-0.980
-275.921722	-275.290192	229.295181	157.564987	9.121874	5.847004	286.763763	-24	44	1.18	21.820405	-1.774	-1.520	-0.975	-0.988
-276.101959	-274.714264	230.559982	156.688629	10.373865	5.65204	286.283386	-24	44	1.18	21.809318	-1.773	-1.510	-0.965	-0.983
230.61969	-265.425568	-285.953003	63.446651	-62.635757	5.262307	264.828156	-20	-44	1.18	20.974798	2.425	-1.544	-1.537	-1.319
229.897614	-267.227295	-288.373871	63.096119	-64.241814	5.262242	264.347595	-20	-44	1.18	20.955375	2.427	-1.547	-1.539	-1.325
229.716507	-266.843353	-286.388794	63.972454	-62.814217	5.067343	264.347595	-20	-44	1.18	20.963254	2.414	-1.547	-1.530	-1.317
230.980911	-265.809418	-287.396301	62.39505	-64.955597	4.872509	264.507935	-20	-44	1.18	20.977609	2.449	-1.551	-1.557	-1.330
253.736176	-249.304291	-280.721039	97.448509	-16.238903	5.457141	283.721588	-20	-40	1.18	21.717151	2.148	-1.394	-1.206	-1.087
253.555023	-248.344696	-279.892273	97.097893	-16.060453	5.65204	284.522156	-20	-40	1.18	21.740773	2.150	-1.393	-1.212	-1.088
256.083588	-248.152786	-281.335937	98.850563	-13.919058	5.65204	285.162598	-20	-40	1.18	21.765723	2.143	-1.383	-1.192	-1.078
258.251038	-251.223495	-285.12558	97.097977	-17.309597	5.84694	285.963165	-20	-40	1.18	21.789292	2.166	-1.388	-1.209	-1.092
274.504608	-220.900116	-265.816437	136.708206	40.064693	6.041879	303.415588	-20	-36	1.18	22.450462	1.906	-1.262	-0.929	-0.880
275.949036	-218.980911	-263.83139	137.234024	41.674435	6.236778	304.216125	-20	-36	1.18	22.473311	1.907	-1.258	-0.927	-0.875
274.323669	-222.243546	-265.455536	138.811417	41.674446	6.041839	305.016724	-20	-36	1.18	22.510822	1.890	-1.265	-0.922	-0.875
276.129974	-226.720871	-267.260132	138.460892	39.170395	6.431678	305.657166	-20	-36	1.18	22.520254	1.899	-1.276	-0.931	-0.886
290.938782	-190.000946	-241.815369	171.235962	89.608971	6.431678	318.62677	-20	-32	1.18	23.003135	1.744	-1.182	-0.750	-0.728
288.0495	-185.394867	-237.303909	175.26709	95.869087	6.626577	319.10672	-20	-32	1.18	23.013634	1.710	-1.174	-0.727	-0.710
287.868652	-186.930222	-237.484375	172.988617	93.365112	6.431637	319.747559	-20	-32	1.18	23.04439	1.719	-1.178	-0.741	-0.716
289.674622	-189.233261	-239.830338	172.988617	92.291954	6.626537	320.388	-20	-32	1.18	23.06077	1.726	-1.181	-0.743	-0.721
300.510315	-151.041168	-207.347656	210.145035	145.055786	6.626577	333.196716	-20	-28	1.18	23.526765	1.566	-1.114	-0.580	-0.573
298.523743	-153.152283	-205.001678	207.866776	144.876907	6.821477	333.837585	-20	-28	1.18	23.542825	1.554	-1.114	-0.583	-0.574
298.70462	-152.384598	-206.264908	209.969986	145.592224	6.626577	334.478058	-20	-28	1.18	23.572875	1.554	-1.115	-0.581	-0.572
298.703979	-150.081558	-204.460297	207.691513	145.592346	6.626577	334.797882	-20	-28	1.18	23.584371	1.558	-1.108	-0.586	-0.570
293.64798	-107.859123	-158.804123	233.631058	187.266846	6.431718	336.879364	-20	-24	1.18	23.666025	1.411	-1.065	-0.467	-0.436
293.467102	-108.626808	-160.247787	233.981354	186.372543	6.626618	335.438324	-20	-24	1.18	23.607371	1.414	-1.068	-0.465	-0.440
291.119354	-106.515686	-156.819061	234.15683	185.478241	6.431678	333.997681	-20	-24	1.18	23.562611	1.412	-1.074	-0.468	-0.435
291.119354	-109.010643	-158.984573	233.280502	184.226212	6.821477	332.876892	-20	-24	1.18	23.508218	1.414	-1.076	-0.467	-0.443
258.431641	-73.313499	-100.876709	235.55928	202.112259	6.236778	309.180054	-20	-20	1.18	22.659726	1.242	-1.068	-0.370	-0.323
260.237579	-72.545815	-100.876709	236.435318	202.648834	5.847019	308.379456	-20	-20	1.18	22.644356	1.248	-1.068	-0.365	-0.320
257.528656	-72.73774	-98.169823	235.558975	202.827698	6.041918	307.578888	-20	-20	1.18	22.607069	1.234	-1.069	-0.363	-0.317
258.973969	-68.707413	-97.989365	233.981857	201.933212	5.847019	306.618225	-20	-20	1.18	22.578346	1.251	-1.061	-0.367	-0.313
231.704041	-56.424522	-52.513638	237.66246	211.591858	5.847019	290.767273	-20	-16	1.18	21.975343	1.068	-1.105	-0.298	-0.227
232.606735	-51.818443	-52.333179	236.26004	213.559326	5.652119	290.286591	-20	-16	1.18	21.964319	1.073	-1.084	-0.289	-0.217
231.52298	-54.697239	-53.776852	236.26004	211.413284	5.652119	289.806244	-20	-16	1.18	21.945777	1.074	-1.095	-0.295	-0.225
229.356018	-55.46492	-52.694096	237.136703	211.413284	5.652119	289.006012	-20	-16	1.18	21.914854	1.062	-1.102	-0.292	-0.225
201.183151	-46.636593	-6.857451	234.50737	215.884781	5.45722	272.674042	-20	-12	1.18	21.281679	0.857	-1.159	-0.234	-0.133
201.002792	-47.78812	-7.398828	232.404449	213.380463	5.652119	272.033936	-20	-12	1.18	21.248402	0.865	-1.163	-0.243	-0.138
201.002563	-46.444675	-8.481584	232.229202	213.201889	5.45722	271.393463	-20	-12	1.18	21.230624	0.870	-1.158	-0.242	-0.137
200.46077	-46.252758	-6.676991	231.352844	212.665314	5.45722	270.752686	-20	-12	1.18	21.205031	0.866	-1.161	-0.243	-0.133
173.552277	-50.091164	29.994572	229.892471	214.274765	4.482721	258.744446	-20	-8	1.18	20.759385	0.640	-1.248	-0.198	-0.065
175.177826	-49.707321	30.536644	230.476532	214.453613	4.873871	258.424225	-20	-8	1.18	20.730325	0.646	-1.251	-0.196	-0.065
174.635651	-49.131557	28.910467	230.476532	214.275055	5.068826	258.744446	-20	-8	1.18	20.735445	0.649	-1.246	-0.198	-0.068
174.274841	-50.66692	30.355953	231.177582	214.811356	5.068826	258.904572	-20	-8	1.18	20.741988	0.640	-1.253	-0.196	-0.068
165.786682	-55.081085	66.494003	252.84668	237.526947	5.458736	278.598877	-20	-4	1.18	21.516259	0.428	-1.328	-0.177	0.001
166.509064	-54.697239	65.771317	253.787064	240.030975	5.263782	279.239044	-20	-4	1.18	21.549126	0.430	-1.316	-0.167	0.001
166.509232	-54.313404	67.39753	254.838684	241.28302	5.263782	280.199738	-20	-4	1.18	21.586874	0.422	-1.317	-0.166	0.005
168.495605	-53.545719	66.132698	256.240814	242.892746	5.068826	280.84021	-20	-4	1.18	21.619647	0.433	-1.309	-0.160	0.005
152.7836	-58.535648	100.825264	273.24173	259.527039	5.653691	297.012024	-20	0	1.18	22.222234	0.218	-1.392	-0.157	0.065
152.42276	-61.606365	100.644455	273.873444	257.917053	5.653691	297.492371	-20	0	1.18	22.240545	0.217	-1.407	-0.166	0.058
151.51944	-59.687172	102.090096	273.592255	259.169312	5.653691	297.972717	-20	0	1.18	22.258841	0.208	-1.401	-0.163	0.065
152.603363	-57.959881	100.825142	272.646881	259.884521	5.848646	298.61319	-20	0	1.18	22.275797	0.217	-1.386	-0.162	0.065
131.834839	-65.252853	134.795059	289.643494	273.835663	6.238597	312.863037	-20	4	1.18	22.796984	-0.012	-1.475	-0.162	0.112
130.028763	-64.677094	136.963348	289.716858	274.372467	6.238556	313.503479	-20	4	1.18	22.82078	-0.029	-1.466	-0.162	0.109
131.834717	-63.717491	136.421112	290.169159	276.161102	6.238556	314.144257	-20	4	1.18	22.844563	-0.019	-1.462	-0.157	0.115
131.112473	-65.444771	136.601959	289.366333	274.372467	6.238597	314.624268	-20	4	1.18	22.862362	-0.023	-1.469	-0.167	0.110
104.564896	-70.050858	172.559372	304.362213	284.925262	6.238556	328.39444	-20	8	1.18	23.367219	-0.254	-1.399	-0.162	0.041
106.009666	-69.091255	171.113647	302.785187	284.567566	6.238556	329.355133	-20	8	1.18	23.402034	-0.245	-1.397	-0.168	0.046
105.46788	-69.283173	172.017303	302.785187	284.209808	6.238556	329.995575	-20	8	1.18	23.425215	-0.250	-1.398	-0.172	0.045
107.454582	-67.555893	172.197983	304.011749	285.998169	6.238597	330.315796	-20	8	1.18	23.436796	-0.243	-1.397	-0.167	0.052
74.405525	-67.555893	207.251938	311.020996	288.144745	6.433552	341.043457	-20	12	1.18	23.814605	-0.467	-1.330	-0.186	-0.011
72.599571	-67.363976	208.155396	309.093567	285.998444	6.433552	341.683929	-20	12	1.18	23.837386	-0.478	-1.328	-0.197	-0.013
73.321777	-68.323578	207.613312	312.072021	288.323639	6.433512	341.92511	-20	12	1.18	23.845961	-0.470	-1.331	-0.188	-0.014
74.224754	-68.131645	207.974945	311.89679	288.860199	6.433552	342.324371	-20	12	1.18	23.860144	-0.468	-1.330	-0.187	-0.012
31.42363	-60.838692	222.430191	289.468292	261.67334	6.238597	322.63031	-20	16	1.18	23.157227	-0.691	-1.267	-0.221	-0.076
34.132549	-59.495255	221.887863	289.117828	262.388794	5.848646	321.595276	-20	16	1.18	23.133608	-0.683	-1.267	-0.215	-0.067
30.520716	-58.343731	222.79158	287.190674	261.315643	6.043642	320.708954	-20	16	1.18	23.093961	-0.699	-1.255	-0.216	-0.073
29.798332	-57.384129	222.249496	285.438446	260.957916	6.043642	319.74826	-20	16	1.18	23.05868	-0.700	-1.248	-0.214	-0.072
-7.569374	-50.681042	226.043732	259.680634	232.877075	5.848686	300.945343	-20	20	1.18	22.364342	-0.892	-1.185	-0.260	-0.133
-10.27541	-52.586117	227.127869	260.206299	231.982498	5.653731	299.984863	-20	20	1.18	22.335316	-0.901	-1.187	-0.258	-0.141
-9.732053	-51.448933	225.501678	258.804535	230.909607	5.848686	299.024414	-20	20	1.18	22.291433	-0.900	-1.186	-0.260	-0.139
-11.173841	-50.666916	225.501938	257.577972	231.267319	5.653717	297.812622	-20	20	1.18	22.252743	-0.903	-1.176	-0.254	-0.139
-52.625179	-61.431561	226.586075	234.79895	200.682098	5.653731	281.736053	-20	24	1.18	21.631832	-1.083	-1.149	-0.315	-0.243
-52.638943	-61.030613	227.128159	234.79921	200.50296	5.263806	281.161377	-20	24	1.18	21.624593	-1.087	-1.150	-0.313	-0.241
-52.985622	-59.879089	227.489548	233.922836	201.03981	5.458762	280.615509	-20	24	1.18	21.59554	-1.089	-1.141	-0.309	-0.240
-50.102055	-58.168015	225.501938	232.521057	200.682098	5.263821	279.815125	-20	24	1.18	21.571768	-1.082	-1.141	-0.311	-0.233
-90.11161	-86.772079	222.791809	208.340256	167.056427	4.87391	267.551605	-20	28	1.18	21.100153	-1.225	-1.155	-0.393	-0.365
-89.414093	-86.004189	224.417801	209.391846	168.487091	4.873896	267.169006	-20	28	1.18	21.084781	-1.225	-1.153	-0.385	-0.361
-89.053558	-84.828712	222.43042	206.588272	166.87735	5.068851	266.688782	-20	28	1.18	21.057626	-1.227	-1.148	-0.393	-0.363
-87.7687	-82.93261	223.695023	207.289169	168.66597	5.068865	266.270721	-20	28	1.18	21.040793	-1.226	-1.143	-0.384	-0.356
-133.76062	-117.10392	237.608459	199.228668	147.381699	5.653717	277.734131	-20	32	1.18	21.474479	-1.361	-1.160	-0.478	-0.480
-132.138168	-113.840363	238.873276	198.703217	148.096939	5.653717	278.214355	-20	32	1.18	21.493422	-1.369	-1.153	-0.480	-0.475
-134.266296	-117.67984	238.511658	199.579346	146.845108	5.263806	278.759644	-20	32	1.18	21.530264	-1.366	-1.163	-0.484	-0.481
-133.184952	-116.528	239.957443	201.85701	150.064606	5.458762	279.65506	-20	32	1.18	21.557817	-1.357	-1.158	-0.471	-0.474
-185.137665	-164.90535	256.761688	193.096085	121.088928	5.653704	296.463135	-20	36	1.18	22.201291	-1.492	-1.209	-0.592	-0.610
-189.234375	-168.6978	256.400299	192.570419	118.048462	5.653717	297.012726	-20	36	1.18	22.22226	-1.500	-1.216	-0.603	-0.622
-185.678482	-164.90535	258.207214	192.57019	118.585045	5.458762	297.332947	-20	36	1.18	22.241897	-1.510	-1.216	-0.608	-0.615
-187.972809	-167.73822	259.291351	193.796982	119.837059	5.848672	298.29364	-20	36	1.18	22.263635	-1.502	-1.214	-0.599	-0.617
-243.36499	-220.001785	273.204559	178.727951	79.235451	5.84866	313.504547	-20	40	1.18	22.835294	-1.661	-1.282	-0.753	-0.764
-246.970398	-222.435455	274.83078	177.326172	77.625816	5.848672	314.144989	-20	40	1.18	22.85905	-1.671	-1.280	-0.757	-0.770
-244.022217	-221.475876	276.095612	178.552536	79.414429	6.238584	314.625336	-20	40	1.18	22.862402	-1.666	-1.281	-0.753	-0.766
-245.528229	-221.729538	276.637695	179.078217	79.951004	6.433527	315.352264	-20	40	1.18	22.882112	-1.665	-1.278	-0.751	-0.766
-304.116119	-281.163055	285.310822	159.278152	28.617834	6.043616	328.074951	-20	44	1.18	23.362702	-1.835	-1.371	-0.932	-0.930
-308.803131	-283.849915	285.130157	159.453369	27.723528	6.043616	328.555328	-20	44	1.18	23.38012	-1.833	-1.368	-0.928	-0.933
-309.884766	-285.385254	284.407379	158.752472	25.040609	6.238572	329.035645	-20	44	1.18	23.390461	-1.842	-1.376	-0.942	-0.942
-306.09906	-280.58725	287.117737	158.226807	27.723524	6.238584	329.516388	-20	44	1.18	23.407872	-1.848	-1.367	-0.940	-0.933
312.973083	-292.294403	-362.723053	46.434208	-76.554817	6.433527	342.165436	-16	-44	1.18	23.854499	2.693	-1.350	-1.669	-1.331
312.792816	-295.173187	-363.986267	49.763454	-74.770332	6.433527	340.72403	-16	-44	1.18	23.803236	2.656	-1.354	-1.631	-1.319
311.889832	-294.405518	-363.805817	48.887337	-75.841019	6.433517	339.603241	-16	-44	1.18	23.763301	2.668	-1.355	-1.640	-1.325
309.902649	-291.526733	-362.181702	45.908539	-77.447067	6.433527	338.162567	-16	-44	1.18	23.711866	2.695	-1.353	-1.666	-1.336
292.023621	-221.859711	-297.39682	80.25235	-8.387126	6.043616	311.743622	-16	-40	1.18	22.762592	2.346	-1.202	-1.274	-1.057
290.217957	-221.092026	-296.314087	80.427567	-7.137979	6.043616	310.782928	-16	-40	1.18	22.726797	2.332	-1.199	-1.264	-1.052
289.676514	-220.516251	-297.938202	78.500221	-10.350068	5.653692	310.142487	-16	-40	1.18	22.717454	2.361	-1.201	-1.288	-1.064
289.49527	-220.900116	-295.772675	80.427567	-7.316428	5.653704	308.861542	-16	-40	1.18	22.669618	2.332	-1.200	-1.260	-1.052
274.326111	-161.788681	-241.274002	106.536003	46.682835	5.848649	290.928711	-16	-36	1.18	21.981504	2.077	-1.081	-0.984	-0.835
273.242218	-162.748291	-241.634903	107.061684	47.577141	5.653692	289.807892	-16	-36	1.18	21.945781	2.061	-1.080	-0.970	-0.832
274.506714	-166.202835	-245.063644	106.886452	45.788528	5.458737	289.167419	-16	-36	1.18	21.92857	2.067	-1.086	-0.968	-0.840
270.533295	-162.748291	-239.830338	104.433327	46.146252	5.653692	288.847198	-16	-36	1.18	21.908651	2.063	-1.080	-0.981	-0.836
260.600769	-116.879364	-195.256882	129.840775	91.398193	5.653692	275.077332	-16	-32	1.18	21.369376	1.842	-0.997	-0.742	-0.654
258.614227	-115.919762	-192.008621	130.541641	93.007942	5.263781	274.596985	-16	-32	1.18	21.365789	1.825	-0.998	-0.735	-0.645
260.419586	-117.455124	-195.978729	128.964645	90.146271	5.653704	274.277039	-16	-32	1.18	21.337614	1.849	-0.998	-0.746	-0.658
258.433319	-116.879364	-193.813202	128.964645	90.682747	5.653692	273.796692	-16	-32	1.18	21.318529	1.838	-0.999	-0.744	-0.654
252.654541	-79.838783	-156.458145	149.46582	127.528351	5.263781	268.192383	-16	-28	1.18	21.110227	1.665	-0.933	-0.573	-0.502
252.112457	-80.990311	-156.277695	150.516968	128.601517	5.458737	268.832825	-16	-28	1.18	21.128103	1.652	-0.936	-0.567	-0.502
253.918411	-81.374146	-158.804123	149.641037	127.528351	5.068824	269.953918	-16	-28	1.18	21.188624	1.667	-0.933	-0.575	-0.505
254.460495	-77.727661	-158.443207	149.153488	129.67453	5.068864	270.273865	-16	-28	1.18	21.201415	1.667	-0.916	-0.567	-0.497
266.19928	-48.363876	-131.374313	181.928696	173.316727	5.653732	289.32782	-16	-24	1.18	21.927232	1.511	-0.875	-0.441	-0.363
265.838074	-44.525475	-129.389267	183.330826	175.64212	5.653692	290.128418	-16	-24	1.18	21.958155	1.505	-0.868	-0.436	-0.353
267.282837	-44.7174	-130.832947	184.031921	177.072815	5.653732	290.76886	-16	-24	1.18	21.982856	1.503	-0.864	-0.429	-0.353
268.546722	-48.363876	-131.735229	182.933533	174.568954	5.653692	291.409332	-16	-24	1.18	22.007535	1.513	-0.874	-0.442	-0.362
271.43689	-18.424335	-90.951454	214.178085	219.284088	5.848689	307.741058	-16	-20	1.18	22.620388	1.323	-0.849	-0.323	-0.221
273.603729	-20.727375	-91.131912	216.807114	219.105484	6.043604	308.541626	-16	-20	1.18	22.643067	1.326	-0.864	-0.325	-0.225
272.158936	-16.888973	-90.410072	216.226044	222.324982	6.043645	308.861877	-16	-20	1.18	22.655049	1.314	-0.845	-0.314	-0.216
274.145203	-19.192015	-93.116966	215.700363	219.820953	6.23856	309.662445	-16	-20	1.18	22.677693	1.331	-0.851	-0.326	-0.226
274.687012	-8.060646	-48.723991	246.189285	255.951248	6.043604	322.632172	-16	-16	1.18	23.164429	1.137	-0.894	-0.235	-0.121
270.352692	-9.787928	-47.280319	244.26181	255.414413	6.043604	323.112122	-16	-16	1.18	23.181981	1.119	-0.895	-0.238	-0.122
270.713867	-11.89905	-47.641239	243.097382	253.98378	6.238601	323.432739	-16	-16	1.18	23.186574	1.122	-0.899	-0.245	-0.127
272.520447	-9.596008	-49.084911	246.252213	256.666138	6.043645	324.072815	-16	-16	1.18	23.217073	1.124	-0.895	-0.236	-0.124
263.129425	-8.060646	0.54207	271.14032	284.747711	6.433557	336.401642	-16	-12	1.18	23.648846	0.910	-0.968	-0.179	-0.035
262.768219	-6.525285	-0.360918	269.669281	284.032257	6.433557	336.881989	-16	-12	1.18	23.666053	0.915	-0.961	-0.184	-0.034
262.587646	-8.828327	2.710367	272.54248	285.641998	6.628513	337.362335	-16	-12	1.18	23.676271	0.900	-0.975	-0.179	-0.034
262.587036	-8.636407	3.433133	272.54248	286.000031	6.433557	338.16333	-16	-12	1.18	23.711892	0.898	-0.974	-0.181	-0.031
236.22023	-14.777851	48.425304	278.501617	295.122009	6.433557	331.277954	-16	-8	1.18	23.46452	0.675	-1.054	-0.130	0.037
237.122986	-13.818251	45.714931	276.398407	292.081329	6.628513	330.157593	-16	-8	1.18	23.416968	0.693	-1.051	-0.138	0.034
234.956345	-15.929373	45.714985	275.697327	290.113861	6.433557	328.716125	-16	-8	1.18	23.371813	0.688	-1.060	-0.140	0.031
236.401108	-13.626332	43.004562	274.295166	289.934692	6.433557	327.595734	-16	-8	1.18	23.331152	0.703	-1.046	-0.137	0.030
193.057678	-18.424335	83.298851	263.60379	279.382141	6.043645	305.179596	-16	-4	1.18	22.516885	0.444	-1.142	-0.104	0.107
195.405655	-15.929373	81.491928	261.325287	277.951263	5.848689	304.218903	-16	-4	1.18	22.488046	0.465	-1.131	-0.107	0.110
194.322327	-16.12129	80.94976	261.325592	279.024109	5.848727	303.578461	-16	-4	1.18	22.463897	0.460	-1.125	-0.100	0.108
193.057678	-17.080893	80.04631	260.098694	276.699219	5.848689	303.098419	-16	-4	1.18	22.445781	0.461	-1.130	-0.108	0.105
157.119354	-18.424335	108.595566	251.510529	267.219269	5.653771	287.56723	-16	0	1.18	21.859081	0.218	-1.215	-0.092	0.178
157.299744	-15.929373	108.776245	250.809448	268.113861	5.653771	286.926758	-16	0	1.18	21.834236	0.219	-1.203	-0.085	0.184
158.563919	-14.20209	107.872917	247.303818	265.073212	5.458815	286.286011	-16	0	1.18	21.816927	0.232	-1.198	-0.097	0.190
156.396973	-17.272814	108.414986	249.582581	265.252075	5.263858	285.805664	-16	0	1.18	21.805838	0.218	-1.215	-0.094	0.183
122.625343	-17.848574	127.568298	236.086899	251.658569	5.458815	270.274475	-16	4	1.18	21.185847	-0.025	-1.274	-0.093	0.236
123.347427	-17.656652	126.122765	236.612701	252.016602	5.263858	269.314056	-16	4	1.18	21.155205	-0.014	-1.277	-0.087	0.239
122.444748	-19.000093	125.761246	235.911621	249.691101	5.068902	268.673615	-16	4	1.18	21.137352	-0.017	-1.288	-0.096	0.236
122.805931	-17.464735	126.303459	235.560822	250.943115	5.458815	268.192993	-16	4	1.18	21.102421	-0.018	-1.276	-0.087	0.238
99.147743	-14.777851	155.93689	240.643875	255.593826	5.263793	276.358856	-16	8	1.18	21.435558	-0.266	-1.197	-0.097	0.173
100.411774	-17.080893	155.756195	241.695496	255.236099	5.263858	277.159729	-16	8	1.18	21.467195	-0.259	-1.212	-0.103	0.170
100.2314	-16.505131	156.478973	242.571823	256.487823	5.653707	278.120148	-16	8	1.18	21.489707	-0.262	-1.207	-0.101	0.169
99.870125	-16.12129	156.840347	243.272919	257.740173	5.458815	278.76059	-16	8	1.18	21.522625	-0.264	-1.202	-0.097	0.169
77.476105	-12.286312	192.617294	257.995483	270.618225	5.458751	297.174164	-16	12	1.18	22.235848	-0.484	-1.136	-0.112	0.114
76.934319	-11.710392	192.075226	255.892258	270.081635	5.458815	297.814606	-16	12	1.18	22.260241	-0.485	-1.127	-0.117	0.114
78.017784	-13.630127	192.978683	258.521271	270.618225	5.458815	298.615204	-16	12	1.18	22.290699	-0.482	-1.141	-0.117	0.112
76.031334	-13.054207	193.882141	257.294403	270.975952	5.653771	299.415771	-16	12	1.18	22.313711	-0.492	-1.129	-0.119	0.108
44.426868	-9.979848	229.11731	265.35675	274.910919	6.433533	313.986267	-16	16	1.18	22.831466	-0.717	-1.068	-0.152	0.042
43.16272	-9.404088	230.74353	265.532043	274.910919	6.238576	314.306519	-16	16	1.18	22.850581	-0.727	-1.066	-0.153	0.041
43.343212	-7.103025	230.381851	264.129852	275.626373	6.043684	314.78717	-16	16	1.18	22.875622	-0.726	-1.053	-0.152	0.047
43.343212	-7.294998	231.10463	264.480713	275.089783	6.23864	315.267548	-16	16	1.18	22.886192	-0.730	-1.057	-0.156	0.046
-1.802232	-8.830787	264.532593	267.460297	272.049133	6.238576	328.076416	-16	20	1.18	23.355681	-0.960	-0.996	-0.202	-0.042
-0.180223	-8.830787	263.809814	269.037689	273.480011	6.238576	329.037445	-16	20	1.18	23.390526	-0.950	-1.000	-0.200	-0.039
-0.360447	-7.676807	265.79776	270.08902	275.089783	6.628489	329.517456	-16	20	1.18	23.393791	-0.954	-0.995	-0.195	-0.038
1.444783	-5.951182	265.074982	267.810822	274.195465	6.628489	329.997803	-16	20	1.18	23.411185	-0.954	-0.990	-0.202	-0.032
-52.625175	-33.979332	293.804993	267.109772	263.642944	6.628489	342.967529	-16	24	1.18	23.876059	-1.129	-0.981	-0.258	-0.163
-50.822945	-30.523808	293.804993	266.934479	265.610077	6.62853	343.44751	-16	24	1.18	23.893087	-1.125	-0.971	-0.254	-0.154
-53.165844	-33.787357	292.359436	266.233429	262.3909	6.628489	343.928223	-16	24	1.18	23.910133	-1.130	-0.981	-0.267	-0.164
-51.00317	-30.323385	293.804626	266.934479	266.862122	6.628489	344.088348	-16	24	1.18	23.915808	-1.121	-0.967	-0.251	-0.154
-94.076508	-48.747715	281.33725	229.251694	220.179413	6.04362	316.548431	-16	28	1.18	22.940779	-1.287	-0.953	-0.330	-0.266
-94.797409	-51.064987	280.975861	228.725891	217.317596	6.238616	315.747864	-16	28	1.18	22.903972	-1.295	-0.964	-0.339	-0.273
-94.797409	-50.873009	280.795166	228.375336	217.496475	6.433573	314.94696	-16	28	1.18	22.867096	-1.294	-0.962	-0.336	-0.273
-93.896294	-54.313396	277.36203	227.67424	214.634689	6.238576	313.986603	-16	28	1.18	22.838713	-1.286	-0.977	-0.344	-0.278
-130.842056	-73.889259	269.953644	194.19812	173.854095	5.653707	296.694122	-16	32	1.18	22.210106	-1.451	-0.971	-0.445	-0.391
-130.481613	-75.829582	267.062592	193.672318	171.707748	5.458789	296.05365	-16	32	1.18	22.193099	-1.446	-0.980	-0.452	-0.395
-131.743164	-75.424614	269.772949	194.54866	174.211823	5.848663	295.413544	-16	32	1.18	22.153734	-1.445	-0.972	-0.436	-0.394
-131.923401	-76.576141	267.243256	193.496826	171.171158	6.04362	294.932861	-16	32	1.18	22.127874	-1.449	-0.981	-0.449	-0.400
-165.444901	-111.152733	257.66687	162.299149	125.919014	5.653746	280.202209	-16	36	1.18	21.571657	-1.601	-1.035	-0.584	-0.545
-167.60759	-114.000572	256.040375	161.948441	123.772766	5.653746	279.241516	-16	36	1.18	21.533882	-1.601	-1.043	-0.588	-0.554
-166.165802	-112.081375	256.401764	162.299149	125.203575	5.458751	278.441254	-16	36	1.18	21.510049	-1.599	-1.038	-0.580	-0.547
-166.346024	-114.000572	254.775543	160.897003	123.414948	5.458789	277.48056	-16	36	1.18	21.472164	-1.598	-1.043	-0.584	-0.552
-196.803741	-143.556274	243.572662	129.874374	76.553047	4.873919	263.230286	-16	40	1.18	20.925872	-1.785	-1.108	-0.757	-0.709
-195.361954	-146.051239	243.211533	129.523834	74.227837	5.068876	262.749908	-16	40	1.18	20.898505	-1.791	-1.125	-0.770	-0.718
-195.722397	-145.667404	243.211533	131.101257	76.731956	4.873919	262.109467	-16	40	1.18	20.880432	-1.774	-1.119	-0.749	-0.710
-195.902634	-145.283554	241.585281	128.647491	74.227837	4.873958	261.949066	-16	40	1.18	20.873919	-1.787	-1.119	-0.767	-0.717
-230.145065	-183.667587	237.971207	104.810898	28.260244	4.484005	258.74704	-16	44	1.18	20.759439	-1.991	-1.227	-0.980	-0.899
-233.02861	-187.314072	237.248688	106.037788	27.187069	4.484044	259.707428	-16	44	1.18	20.798606	-1.981	-1.236	-0.980	-0.904
-234.470413	-186.930237	239.236282	105.862602	28.61797	4.484044	260.668121	-16	44	1.18	20.837714	-1.979	-1.223	-0.970	-0.899
-234.109985	-185.970627	239.597672	105.161446	28.081381	4.484044	261.308563	-16	44	1.18	20.863744	-1.989	-1.223	-0.979	-0.901
272.882263	-204.586884	-302.630127	9.113997	-61.921963	5.458789	285.966705	-12	-44	1.18	21.804521	3.002	-1.115	-1.815	-1.352
273.604645	-204.203033	-303.171539	7.711827	-63.171108	5.263832	286.927399	-12	-44	1.18	21.849391	3.027	-1.112	-1.838	-1.359
272.882263	-203.819199	-303.53244	8.237636	-62.10041	5.458789	287.568237	-12	-44	1.18	21.866678	3.009	-1.107	-1.825	-1.353
274.869385	-204.586884	-304.254272	8.763443	-62.10041	5.653786	288.208313	-12	-44	1.18	21.883921	3.011	-1.109	-1.821	-1.352
292.206757	-171.000854	-286.208344	46.446331	-3.568989	6.043699	303.419312	-12	-40	1.18	22.450534	2.570	-0.966	-1.364	-1.043
291.845551	-171.19278	-285.847443	47.322678	-1.784496	6.043699	303.900055	-12	-40	1.18	22.468673	2.548	-0.964	-1.348	-1.035
295.456879	-174.263489	-291.983032	45.219448	-6.067284	5.848703	304.540497	-12	-40	1.18	22.500162	2.587	-0.967	-1.368	-1.052
294.734833	-172.728134	-288.554321	46.271065	-3.747439	6.043699	305.180573	-12	-40	1.18	22.516919	2.571	-0.965	-1.362	-1.043
310.085937	-130.505707	-263.290009	85.18084	56.699448	6.433613	319.751129	-12	-36	1.18	23.044449	2.261	-0.851	-1.037	-0.802
309.543823	-133.384506	-264.011871	86.407722	57.236042	6.238644	320.391571	-12	-36	1.18	23.075151	2.241	-0.859	-1.028	-0.801
311.530396	-132.616821	-264.192322	86.057182	57.772625	6.238657	320.872345	-12	-36	1.18	23.092801	2.247	-0.854	-1.027	-0.799
312.253082	-133.000671	-264.372803	86.232452	57.057178	6.043686	321.352295	-12	-36	1.18	23.117555	2.255	-0.857	-1.033	-0.801
324.533722	-85.212547	-236.401596	122.162651	116.618423	6.238644	332.560791	-12	-32	1.18	23.517831	2.022	-0.747	-0.778	-0.602
322.004639	-86.74791	-233.875168	124.791687	118.049332	6.238657	332.881042	-12	-32	1.18	23.529368	1.997	-0.760	-0.772	-0.598
324.533386	-88.091354	-236.582062	123.564796	116.976158	6.628571	333.68161	-12	-32	1.18	23.544154	2.009	-0.758	-0.776	-0.605
327.422943	-87.899429	-238.567123	126.54438	118.228203	6.238657	334.322052	-12	-32	1.18	23.581212	2.011	-0.762	-0.768	-0.602
328.145355	-42.222431	-201.933868	157.391769	172.602432	6.628571	341.367187	-12	-28	1.18	23.819185	1.799	-0.677	-0.573	-0.437
326.339691	-43.373955	-200.490204	157.567032	172.065842	6.628559	340.246368	-12	-28	1.18	23.779274	1.792	-0.683	-0.572	-0.437
321.824432	-40.111313	-197.78331	155.463989	172.244705	6.628571	338.805328	-12	-28	1.18	23.727862	1.784	-0.672	-0.572	-0.431
323.631134	-41.646671	-198.685608	154.762909	170.634933	6.433601	337.844635	-12	-28	1.18	23.700499	1.796	-0.675	-0.575	-0.435
297.263855	-1.535362	-144.006454	173.692001	202.472488	6.043686	313.827209	-12	-24	1.18	22.84003	1.603	-0.637	-0.405	-0.286
295.096313	-2.686882	-142.923706	170.712219	199.431824	6.043686	312.706421	-12	-24	1.18	22.798406	1.609	-0.637	-0.416	-0.290
295.819061	-3.454563	-144.18692	170.712433	198.000931	6.043686	311.745728	-12	-24	1.18	22.762667	1.619	-0.641	-0.418	-0.294
292.026184	-3.838404	-140.577728	170.361893	198.000931	6.043686	310.55304	-12	-24	1.18	22.71822	1.601	-0.645	-0.417	-0.290
267.464661	24.826334	-90.59053	184.73378	220.001266	5.84873	292.464111	-12	-20	1.18	22.040617	1.416	-0.632	-0.287	-0.153
266.742828	25.788597	-89.327316	183.857635	219.822174	5.653772	291.663727	-12	-20	1.18	22.017326	1.415	-0.628	-0.286	-0.149
267.104034	22.70936	-90.410072	183.156555	217.496933	5.847029	291.090759	-12	-20	1.18	21.987814	1.422	-0.638	-0.293	-0.158
264.213867	24.248978	-88.605484	183.331818	219.464691	5.84873	290.543182	-12	-20	1.18	21.966633	1.402	-0.632	-0.282	-0.151
241.820358	34.448944	-42.588379	192.796371	231.448242	5.262322	276.776398	-12	-16	1.18	21.452117	1.208	-0.672	-0.192	-0.040
239.833466	31.369711	-41.505623	191.569489	228.765549	5.263858	276.136078	-12	-16	1.18	21.426746	1.203	-0.685	-0.203	-0.044
239.111099	32.716896	-40.061951	192.796371	232.342804	5.458815	275.655853	-12	-16	1.18	21.400026	1.183	-0.678	-0.184	-0.039
239.652878	33.101803	-40.422871	192.445847	231.269623	5.458815	275.175629	-12	-16	1.18	21.381	1.192	-0.678	-0.187	-0.039
218.342377	34.833878	1.445539	197.703918	237.708694	5.263858	266.371277	-12	-12	1.18	21.03699	0.988	-0.742	-0.131	0.059
217.078674	32.139519	2.529691	199.106079	238.781616	5.457225	267.491821	-12	-12	1.18	21.074308	0.969	-0.754	-0.130	0.054
219.426239	32.331974	0.18069	199.281342	238.245285	5.458815	267.972046	-12	-12	1.18	21.093546	0.988	-0.752	-0.134	0.049
221.051834	33.87159	-1.082755	199.055649	239.139328	5.262322	268.932526	-12	-12	1.18	21.139977	0.997	-0.742	-0.134	0.050
217.800583	32.909351	41.017185	223.994339	264.71698	5.84873	287.889038	-12	-8	1.18	21.863998	0.776	-0.839	-0.102	0.137
216.71727	35.026302	42.824154	224.169601	266.684479	5.847029	288.622253	-12	-8	1.18	21.892466	0.763	-0.830	-0.096	0.145
215.814255	32.331974	41.740002	224.870682	266.326752	5.652126	288.942383	-12	-8	1.18	21.912393	0.759	-0.840	-0.099	0.137
217.259064	35.796139	41.739956	224.463287	268.115387	5.847029	289.490204	-12	-8	1.18	21.926039	0.765	-0.823	-0.093	0.144
202.991837	27.520683	88.178009	244.50087	291.546387	6.041931	306.142273	-12	-4	1.18	22.553152	0.491	-0.928	-0.062	0.222
205.15921	29.637636	87.093857	244.50087	291.546387	6.041931	306.871216	-12	-4	1.18	22.580526	0.506	-0.921	-0.066	0.224
204.256226	26.558405	87.816628	247.129898	293.156189	6.236834	307.831696	-12	-4	1.18	22.609239	0.493	-0.935	-0.062	0.216
202.449799	25.981064	88.900688	244.263718	290.473236	6.236834	308.06369	-12	-4	1.18	22.617934	0.487	-0.937	-0.075	0.220
182.945679	29.252735	129.014557	259.333099	311.221313	6.236873	321.438416	-12	0	1.18	23.11363	0.232	-0.991	-0.044	0.314
184.570862	29.060303	128.833862	259.924561	309.969604	6.431736	321.673584	-12	0	1.18	23.115108	0.241	-0.999	-0.051	0.314
185.473862	29.830114	127.930397	258.982635	310.684723	6.431736	322.1539	-12	0	1.18	23.132711	0.248	-0.989	-0.049	0.313
182.584473	28.482927	130.098709	261.085327	311.936768	6.626679	322.87912	-12	0	1.18	23.152129	0.226	-1.000	-0.047	0.312
160.370773	29.252754	166.598618	271.598816	324.99408	6.82154	335.283447	-12	4	1.18	23.594811	-0.027	-1.053	-0.045	0.382
161.815552	29.830114	166.056366	271.073151	323.741699	6.82154	335.92392	-12	4	1.18	23.617804	-0.019	-1.058	-0.053	0.390
159.106598	28.67544	167.140518	271.248383	324.457489	6.626638	336.404266	-12	4	1.18	23.64202	-0.035	-1.052	-0.052	0.378
160.190186	29.252798	168.586243	273.175873	326.782715	6.626638	336.884613	-12	4	1.18	23.659232	-0.036	-1.051	-0.044	0.380
127.32151	30.022566	198.762161	270.722717	322.132294	6.041971	333.682281	-12	8	1.18	23.565283	-0.293	-0.989	-0.047	0.298
126.960197	32.139542	197.135696	266.692535	319.270447	6.236834	332.401367	-12	8	1.18	23.51215	-0.293	-0.978	-0.055	0.306
125.876892	29.252754	197.858444	268.970764	319.806732	5.847068	331.120422	-12	8	1.18	23.480008	-0.297	-0.990	-0.047	0.296
124.973618	30.792418	195.69014	264.23938	316.408661	5.457263	329.839508	-12	8	1.18	23.447823	-0.296	-0.979	-0.056	0.304
83.616737	33.101849	208.700012	243.56311	287.969421	5.652165	306.622986	-12	12	1.18	22.585837	-0.545	-0.917	-0.081	0.230
82.352745	34.256516	209.60347	244.96489	290.115784	5.652165	305.822052	-12	12	1.18	22.555765	-0.549	-0.909	-0.068	0.227
83.436211	33.2943	208.338623	243.738327	287.969421	6.041971	305.18158	-12	12	1.18	22.517022	-0.544	-0.917	-0.075	0.228
82.171959	32.909397	208.338623	243.738327	288.86377	5.847029	304.541473	-12	12	1.18	22.500262	-0.545	-0.911	-0.068	0.223
40.815178	35.98859	220.083923	224.28833	263.644073	5.652205	288.689606	-12	16	1.18	21.902612	-0.796	-0.836	-0.111	0.145
42.079288	35.603733	218.276978	224.813766	263.823242	5.652165	288.209625	-12	16	1.18	21.884034	-0.783	-0.841	-0.108	0.148
40.092781	38.105564	220.806702	225.514908	265.432678	5.652205	287.728912	-12	16	1.18	21.86541	-0.798	-0.828	-0.099	0.148
41.898766	37.913166	218.457672	223.762634	264.538391	5.652205	287.08847	-12	16	1.18	21.840573	-0.786	-0.827	-0.100	0.152
-0.360447	28.867889	227.853714	206.064896	239.497559	5.457303	273.638672	-12	20	1.18	21.320054	-1.013	-0.787	-0.152	0.039
-0.360447	29.060345	226.408188	205.538986	239.140121	5.457263	272.678314	-12	20	1.18	21.281847	-1.009	-0.785	-0.149	0.040
-0.360447	27.905628	226.769287	205.53923	238.06665	5.457263	272.518188	-12	20	1.18	21.27547	-1.013	-0.792	-0.154	0.037
0.722419	28.67544	224.781937	203.962189	237.172348	5.067497	272.037842	-12	20	1.18	21.271862	-1.007	-0.788	-0.157	0.043
-39.649105	17.320734	237.972504	192.222107	220.716949	4.872594	269.475983	-12	24	1.18	21.177354	-1.197	-0.754	-0.210	-0.069
-41.271118	16.550926	238.875977	192.222107	219.465164	4.872556	270.116455	-12	24	1.18	21.20297	-1.208	-0.758	-0.218	-0.074
-41.631561	15.396215	239.779449	193.098221	219.822632	5.067497	270.917023	-12	24	1.18	21.227162	-1.208	-0.763	-0.219	-0.078
-41.271118	17.898102	240.863586	194.149582	221.969254	5.262361	271.557495	-12	24	1.18	21.244945	-1.207	-0.754	-0.212	-0.073
-87.588478	2.886791	267.60614	190.995712	211.595184	5.457303	289.010193	-12	28	1.18	21.922548	-1.399	-0.741	-0.305	-0.188
-86.687363	1.924528	266.341278	190.294617	210.87973	5.652205	289.970886	-12	28	1.18	21.952132	-1.394	-0.744	-0.312	-0.190
-86.507141	3.464141	267.967529	191.170746	213.204956	5.652165	290.611694	-12	28	1.18	21.976857	-1.392	-0.737	-0.304	-0.185
-86.146698	2.69433	267.786499	191.521393	212.489502	5.457263	291.091705	-12	28	1.18	22.002867	-1.392	-0.743	-0.309	-0.186
-139.492767	-35.121387	290.373444	180.131561	189.952728	6.236873	305.822784	-12	32	1.18	22.533813	-1.550	-0.776	-0.418	-0.337
-139.492767	-37.040588	289.650665	180.832474	189.058594	6.041971	306.303131	-12	32	1.18	22.559194	-1.547	-0.786	-0.423	-0.340
-137.330078	-34.353706	287.663025	178.729919	187.806381	6.041998	306.943237	-12	32	1.18	22.583226	-1.553	-0.779	-0.435	-0.336
-140.033447	-35.313309	291.819	181.358307	190.131607	5.847095	307.583679	-12	32	1.18	22.614551	-1.555	-0.780	-0.423	-0.337
-191.216827	-83.101425	305.190277	160.681717	151.67601	6.626707	319.912659	-12	36	1.18	23.043288	-1.719	-0.844	-0.582	-0.498
-191.577286	-80.414543	307.358551	160.681717	152.749191	6.431816	320.713623	-12	36	1.18	23.079883	-1.728	-0.835	-0.582	-0.493
-195.902634	-85.59639	307.720306	162.784256	150.78183	6.431816	321.353729	-12	36	1.18	23.103375	-1.728	-0.852	-0.585	-0.505
-191.577286	-81.757988	306.274414	161.207382	153.285782	6.431816	321.834442	-12	36	1.18	23.121001	-1.717	-0.838	-0.581	-0.494
-247.086029	-136.647141	320.54953	136.851044	102.488701	6.431816	334.163422	-12	40	1.18	23.568566	-1.928	-0.929	-0.787	-0.674
-250.330048	-137.60675	321.452606	137.376724	101.952034	6.431804	334.803894	-12	40	1.18	23.591585	-1.932	-0.929	-0.787	-0.677
-249.248703	-136.263306	321.814392	137.026276	104.098473	6.626719	335.124146	-12	40	1.18	23.596087	-1.924	-0.921	-0.778	-0.672
-250.690506	-136.455231	323.802002	138.252853	104.277336	6.821621	335.764587	-12	40	1.18	23.612083	-1.929	-0.922	-0.777	-0.673
-298.629883	-193.455521	324.344086	103.584709	39.171055	6.82161	337.365753	-12	44	1.18	23.66948	-2.184	-1.041	-1.046	-0.887
-297.626404	-191.344391	321.091614	105.310471	41.854004	6.626707	335.924713	-12	44	1.18	23.624822	-2.161	-1.036	-1.027	-0.877
-297.007874	-192.304001	320.188141	103.733444	39.707645	6.431816	334.643768	-12	44	1.18	23.585831	-2.170	-1.041	-1.037	-0.883
-292.141815	-190.384796	316.754974	102.857323	38.455601	6.236913	333.362823	-12	44	1.18	23.546777	-2.177	-1.048	-1.054	-0.885
294.555542	-167.93013	-320.134674	-31.468866	-62.635761	6.236913	302.620789	-8	-44	1.18	22.413067	3.389	-0.752	-2.014	-1.380
293.11142	-169.657425	-321.036987	-30.594734	-62.992661	6.041998	301.819855	-8	-44	1.18	22.390141	3.368	-0.763	-2.001	-1.379
293.652924	-169.849335	-318.69101	-29.370943	-61.921963	6.041998	301.179413	-8	-44	1.18	22.365887	3.358	-0.770	-1.991	-1.373
292.20816	-166.77861	-317.608246	-29.895424	-61.565063	5.847095	300.378815	-8	-44	1.18	22.342925	3.376	-0.758	-2.004	-1.373
277.21875	-116.495529	-267.440582	9.639868	-0.713798	5.45729	281.965424	-8	-40	1.18	21.648508	2.848	-0.660	-1.478	-1.032
276.496094	-114.960175	-268.523346	9.111712	-0.713798	5.652192	281.325256	-8	-40	1.18	21.615792	2.853	-0.649	-1.476	-1.033
277.037872	-117.263214	-268.884247	8.588245	-1.249147	5.652192	280.524353	-8	-40	1.18	21.58437	2.846	-0.656	-1.469	-1.036
275.41275	-115.535927	-264.733704	9.464597	-0.356899	5.067483	279.884216	-8	-40	1.18	21.582194	2.846	-0.659	-1.477	-1.029
263.13205	-72.929657	-222.32579	42.415474	47.93536	5.263855	265.793915	-8	-36	1.18	21.013719	2.482	-0.590	-1.114	-0.782
261.325836	-71.970055	-220.160278	42.415401	50.081799	5.262386	264.993347	-8	-36	1.18	20.981467	2.455	-0.583	-1.096	-0.772
260.603455	-68.515488	-219.438431	40.837971	49.902935	4.872581	264.032654	-8	-36	1.18	20.958396	2.476	-0.564	-1.104	-0.768
259.700684	-68.131645	-216.190186	43.116482	51.870358	4.873937	263.552277	-8	-36	1.18	20.938908	2.453	-0.573	-1.091	-0.758
256.269073	-31.091063	-184.248886	70.809181	95.513161	4.872581	259.709473	-8	-32	1.18	20.782852	2.168	-0.502	-0.808	-0.554
256.991455	-33.586029	-185.692535	70.283371	93.903389	4.677678	260.510071	-8	-32	1.18	20.823406	2.175	-0.510	-0.819	-0.562
258.436493	-32.818348	-185.512085	71.685631	95.513031	4.873937	261.310669	-8	-32	1.18	20.847986	2.169	-0.511	-0.810	-0.557
258.075073	-32.434505	-184.790253	70.458641	95.870888	5.067483	262.271362	-8	-32	1.18	20.879147	2.166	-0.503	-0.814	-0.556
271.259003	2.116974	-160.608719	105.688095	147.025696	5.458812	279.403839	-8	-28	1.18	21.547938	1.909	-0.458	-0.585	-0.374
271.981415	3.849053	-160.067337	107.265526	149.887512	5.458812	280.204437	-8	-28	1.18	21.579402	1.895	-0.454	-0.572	-0.367
273.24585	4.232784	-160.608719	106.213768	149.708847	5.653771	281.005035	-8	-28	1.18	21.603172	1.904	-0.447	-0.576	-0.368
275.773987	0.769801	-162.593765	107.265526	148.27774	5.653771	281.485382	-8	-28	1.18	21.622007	1.913	-0.465	-0.581	-0.378
285.52655	32.51548	-135.885803	138.989471	195.140198	5.458812	297.176819	-8	-24	1.18	22.235947	1.707	-0.431	-0.413	-0.232
284.984772	35.01667	-134.081207	138.989471	197.28656	5.458812	297.49707	-8	-24	1.18	22.248149	1.698	-0.421	-0.406	-0.223
286.248657	35.218937	-132.998459	141.092712	198.002014	5.263855	298.297943	-8	-24	1.18	22.286048	1.698	-0.429	-0.406	-0.219
286.248413	35.218937	-134.622574	140.391464	199.075424	5.263855	299.098511	-8	-24	1.18	22.31647	1.692	-0.423	-0.402	-0.221
291.30542	64.856735	-98.711197	172.816452	243.433655	5.848729	313.669159	-8	-20	1.18	22.8414	1.498	-0.415	-0.270	-0.087
292.930817	64.856735	-100.154877	172.466125	244.327698	6.043687	314.149506	-8	-20	1.18	22.851985	1.500	-0.411	-0.267	-0.090
292.750519	65.434097	-98.711197	174.744644	246.295197	6.238646	314.949799	-8	-20	1.18	22.874423	1.489	-0.416	-0.261	-0.087
294.736511	64.086922	-101.959465	172.991928	243.254501	6.238646	315.750671	-8	-20	1.18	22.904075	1.513	-0.415	-0.277	-0.096
294.014709	80.252998	-58.107872	204.365326	280.994751	6.238686	326.958557	-8	-16	1.18	23.315081	1.305	-0.460	-0.170	0.018
292.388733	83.717163	-57.025116	203.664261	282.962555	6.238646	327.279083	-8	-16	1.18	23.32673	1.296	-0.445	-0.164	0.026
292.208435	80.060547	-57.025116	203.839523	281.531647	6.238646	327.599335	-8	-16	1.18	23.338362	1.293	-0.458	-0.171	0.020
292.389008	80.252998	-56.664196	203.664261	281.710205	6.433604	328.239807	-8	-16	1.18	23.354534	1.293	-0.457	-0.172	0.020
283.901154	86.603958	-9.925258	227.150482	313.369415	6.433645	340.08847	-8	-12	1.18	23.780594	1.068	-0.511	-0.097	0.116
284.26236	84.486969	-9.022962	228.377136	313.727142	6.628603	340.568817	-8	-12	1.18	23.790762	1.063	-0.521	-0.097	0.113
285.52655	85.256783	-13.895362	227.851318	312.117371	6.238646	340.889038	-8	-12	1.18	23.816046	1.083	-0.516	-0.104	0.107
286.429535	85.449242	-10.466636	226.975204	311.401917	6.238686	341.369415	-8	-12	1.18	23.833132	1.084	-0.517	-0.109	0.114
247.962021	80.445526	40.656052	229.253983	310.149841	6.043727	323.916656	-8	-8	1.18	23.211369	0.831	-0.596	-0.055	0.218
247.420532	83.524704	39.210548	226.274368	309.076691	6.433645	322.475586	-8	-8	1.18	23.144422	0.841	-0.576	-0.054	0.222
247.059036	81.60025	37.222874	225.748535	307.108826	6.433645	321.354767	-8	-8	1.18	23.103346	0.847	-0.582	-0.058	0.214
245.072449	81.022888	40.656052	226.099091	306.751099	6.238686	320.233948	-8	-8	1.18	23.06936	0.831	-0.590	-0.055	0.222
203.896194	73.709595	83.119102	213.479614	291.726898	5.84877	299.098511	-8	-4	1.18	22.294248	0.566	-0.655	-0.035	0.340
203.715332	71.977577	82.938408	213.12886	289.401642	5.653771	298.298248	-8	-4	1.18	22.271228	0.570	-0.666	-0.042	0.339
202.451401	71.015244	83.299797	214.531021	291.190308	5.84877	297.817566	-8	-4	1.18	22.245503	0.557	-0.671	-0.031	0.333
202.090195	70.24543	82.577026	213.829941	289.401642	5.84877	297.177124	-8	-4	1.18	22.221091	0.561	-0.674	-0.037	0.331
168.137604	67.166237	113.656197	205.06662	277.417786	5.458841	282.28656	-8	0	1.18	21.661014	0.291	-0.737	-0.026	0.454
167.957001	66.011459	113.837036	205.066422	276.344604	5.263894	281.646057	-8	0	1.18	21.643575	0.290	-0.746	-0.028	0.454
167.595444	67.166237	112.391342	203.664459	275.09256	5.653811	281.16571	-8	0	1.18	21.609473	0.298	-0.737	-0.033	0.454
165.78981	65.241699	113.475647	204.014984	275.62912	5.458841	280.524963	-8	0	1.18	21.591984	0.281	-0.745	-0.026	0.450
129.8508	63.124714	138.230682	192.797668	261.677765	4.873964	264.67337	-8	4	1.18	20.984232	-0.051	-0.785	-0.018	0.555
129.128067	62.162445	138.04982	192.797668	261.498901	4.873964	264.193298	-8	4	1.18	20.964835	-0.054	-0.788	-0.016	0.547
128.947464	61.200184	137.507904	192.972931	260.247131	5.068935	264.033173	-8	4	1.18	20.950476	-0.052	-0.798	-0.023	0.545
129.669861	62.932262	138.772751	192.622406	260.783722	4.679018	264.033173	-8	4	1.18	20.966242	-0.055	-0.788	-0.020	0.557
106.553505	67.743599	174.730789	207.169861	277.238922	5.458841	282.446686	-8	8	1.18	21.667278	-0.359	-0.733	-0.027	0.430
106.733963	70.053123	175.453568	206.469009	278.490967	5.458841	283.407379	-8	8	1.18	21.70482	-0.361	-0.718	-0.026	0.436
106.011574	69.860672	176.899124	207.695663	278.848694	5.6538	284.047821	-8	8	1.18	21.722207	-0.371	-0.722	-0.027	0.431
106.011574	71.207756	177.441208	207.695663	279.38559	5.263894	284.688293	-8	8	1.18	21.762369	-0.374	-0.715	-0.028	0.437
76.935249	76.019096	212.134384	217.510834	290.117096	5.6538	301.660706	-8	12	1.18	22.398808	-0.633	-0.662	-0.054	0.332
75.129051	77.751274	214.302444	217.511063	291.190613	6.043717	302.461304	-8	12	1.18	22.414341	-0.648	-0.651	-0.052	0.328
76.393456	77.943634	212.495773	216.809753	292.621521	5.6538	303.101776	-8	12	1.18	22.453265	-0.632	-0.645	-0.049	0.332
76.212646	77.173912	215.92894	219.789337	293.336975	5.848759	303.902374	-8	12	1.18	22.476112	-0.645	-0.658	-0.049	0.327
35.939182	84.294693	247.911728	223.470276	299.95462	6.238676	317.192078	-8	16	1.18	22.957344	-0.884	-0.580	-0.072	0.225
35.57793	84.487152	248.815201	223.119476	299.239502	6.433634	317.832947	-8	16	1.18	22.973799	-0.891	-0.580	-0.078	0.224
35.397453	84.294693	248.634506	222.944458	298.345154	6.238676	318.312897	-8	16	1.18	22.998682	-0.894	-0.581	-0.084	0.225
34.133144	84.294693	250.441437	223.119476	299.776062	6.043717	318.79364	-8	16	1.18	23.023566	-0.899	-0.577	-0.079	0.221
-12.79585	79.098351	282.424225	222.593918	300.312653	6.433622	331.28241	-8	20	1.18	23.464679	-1.105	-0.537	-0.116	0.100
-14.958529	75.826645	283.689331	223.470032	297.6297	6.433634	331.922852	-8	20	1.18	23.487798	-1.118	-0.553	-0.128	0.090
-14.057409	79.290802	283.508636	223.294754	299.597198	6.238676	332.082977	-8	20	1.18	23.500606	-1.115	-0.539	-0.122	0.099
-11.714509	78.328629	282.424469	222.944199	299.418732	6.238676	332.403625	-8	20	1.18	23.512166	-1.105	-0.543	-0.124	0.102
-62.897903	74.287109	310.793427	215.407822	287.971039	6.043705	342.17038	-8	24	1.18	23.86852	-1.324	-0.500	-0.192	-0.001
-65.421028	72.555023	311.33551	215.758362	286.18277	6.628593	340.729736	-8	24	1.18	23.796494	-1.333	-0.507	-0.193	-0.011
-63.438572	69.860672	308.444397	215.232544	286.182404	6.433622	339.768585	-8	24	1.18	23.769192	-1.314	-0.514	-0.189	-0.011
-60.915447	69.090851	305.733704	214.531464	283.67865	6.043717	338.648224	-8	24	1.18	23.743134	-1.311	-0.520	-0.197	-0.007
-103.44812	46.573776	293.988892	177.899857	233.417816	5.848746	311.908234	-8	28	1.18	22.775972	-1.518	-0.502	-0.300	-0.131
-100.384323	46.766327	292.181946	179.126755	234.490982	6.043705	311.108032	-8	28	1.18	22.738914	-1.502	-0.507	-0.293	-0.126
-101.285446	46.381416	292.54306	177.724792	232.344345	5.653786	310.147308	-8	28	1.18	22.71763	-1.516	-0.506	-0.299	-0.127
-101.105225	46.958683	292.001251	177.198776	232.165771	5.848759	309.506866	-8	28	1.18	22.686445	-1.516	-0.502	-0.298	-0.127
-137.5103	6.92837	281.159637	146.175842	182.978119	5.458841	292.694824	-8	32	1.18	22.064466	-1.686	-0.561	-0.442	-0.285
-138.771866	9.815178	283.508636	147.402908	187.628586	5.263868	291.893951	-8	32	1.18	22.041182	-1.675	-0.546	-0.414	-0.277
-139.132309	5.966053	281.159637	146.351105	183.693573	5.848746	291.5737	-8	32	1.18	22.006353	-1.679	-0.561	-0.431	-0.289
-136.789429	9.622673	282.243774	146.175842	186.555405	5.653786	290.773132	-8	32	1.18	21.983019	-1.675	-0.546	-0.417	-0.277
-165.625137	-28.02034	269.053131	113.57547	134.863754	5.263868	275.562256	-8	36	1.18	21.404039	-1.876	-0.611	-0.607	-0.441
-166.886703	-29.747623	269.956604	114.977783	135.579102	5.458827	274.601562	-8	36	1.18	21.358233	-1.868	-0.619	-0.594	-0.444
-167.607574	-31.666824	268.330658	115.152916	133.790451	5.458827	273.800659	-8	36	1.18	21.326431	-1.868	-0.629	-0.600	-0.450
-166.706467	-29.555702	267.607574	112.523979	133.611588	5.263868	272.839966	-8	36	1.18	21.295982	-1.874	-0.613	-0.601	-0.446
-197.344421	-67.172058	264.174408	82.02684	84.245079	5.263868	268.997437	-8	40	1.18	21.142518	-2.132	-0.689	-0.853	-0.635
-199.687332	-70.242783	264.355347	85.356873	85.854912	5.263868	269.798035	-8	40	1.18	21.174584	-2.101	-0.705	-0.833	-0.635
-200.588425	-71.778137	267.42688	87.109688	87.46463	5.263908	270.598358	-8	40	1.18	21.206588	-2.093	-0.710	-0.819	-0.632
-201.309326	-71.58622	266.704407	83.429001	83.887398	5.263868	271.559326	-8	40	1.18	21.244958	-2.124	-0.704	-0.852	-0.643
-254.475189	-121.869293	284.954468	57.664169	36.846058	5.458867	290.613007	-8	44	1.18	21.984361	-2.397	-0.798	-1.128	-0.861
-254.114746	-122.253128	285.315857	57.839439	36.488338	5.068949	291.093353	-8	44	1.18	22.017882	-2.401	-0.802	-1.133	-0.860
-255.19606	-122.253128	286.038635	58.540524	37.91925	5.263868	291.894226	-8	44	1.18	22.041193	-2.388	-0.798	-1.121	-0.856
-255.556503	-122.253128	285.676971	59.241653	37.024925	5.653826	292.694824	-8	44	1.18	22.056975	-2.396	-0.803	-1.132	-0.861
307.199127	-124.94001	-332.586395	-79.895958	-61.208172	5.458827	313.029755	-4	-44	1.18	22.832141	3.818	-0.269	-2.234	-1.398
306.657623	-127.24305	-334.751892	-79.546303	-61.029713	5.458867	313.670197	-4	-44	1.18	22.855898	3.774	-0.281	-2.205	-1.391
307.380035	-128.394577	-333.488678	-77.27356	-60.672821	5.458867	314.150574	-4	-44	1.18	22.873703	3.764	-0.300	-2.201	-1.388
309.547241	-126.859215	-335.654205	-81.819061	-63.528015	5.848786	314.791046	-4	-44	1.18	22.882984	3.847	-0.269	-2.256	-1.414
323.994843	-83.86911	-315.44278	-37.587814	1.430939	6.043705	327.524658	-4	-40	1.18	23.342729	3.180	-0.230	-1.622	-1.023
325.078766	-88.667114	-317.608246	-37.063332	0.536595	6.043745	328.240906	-4	-40	1.18	23.368716	3.155	-0.253	-1.609	-1.027
322.730988	-84.061028	-312.735901	-34.790585	4.650476	6.238704	328.721283	-4	-40	1.18	23.379064	3.130	-0.243	-1.596	-1.008
322.550385	-81.757988	-312.916321	-36.8885	4.292771	6.433622	329.125458	-4	-40	1.18	23.386648	3.152	-0.223	-1.611	-1.011
341.152557	-40.30323	-289.276184	7.010833	67.431961	6.823581	342.171143	-4	-36	1.18	23.840841	2.715	-0.204	-1.183	-0.739
339.887909	-41.646671	-288.734802	10.165729	69.75721	6.628581	343.05246	-4	-36	1.18	23.87907	2.676	-0.221	-1.163	-0.731
340.429352	-42.030514	-293.065826	5.959205	67.253105	6.433663	343.37262	-4	-36	1.18	23.897343	2.698	-0.204	-1.176	-0.741
340.249542	-42.222435	-291.441681	6.835579	68.326286	6.628581	343.532715	-4	-36	1.18	23.896108	2.686	-0.209	-1.170	-0.738
311.895416	4.040391	-224.852234	48.199562	119.302551	5.848786	317.19281	-4	-32	1.18	22.97176	2.337	-0.192	-0.861	-0.506
311.714417	3.655591	-224.491318	49.777008	120.733467	6.043745	316.158966	-4	-32	1.18	22.926383	2.320	-0.200	-0.845	-0.504
310.088715	3.07839	-224.671768	46.972668	118.408379	6.238704	315.358521	-4	-32	1.18	22.889558	2.333	-0.192	-0.859	-0.511
311.714813	2.501188	-225.0327	48.550072	118.050644	6.238704	314.398071	-4	-32	1.18	22.853971	2.341	-0.201	-0.856	-0.512
293.83548	40.40406	-173.421341	81.851631	160.620224	5.263896	297.018005	-4	-28	1.18	22.237322	2.057	-0.182	-0.601	-0.316
290.22348	38.287655	-169.631683	81.50116	159.547043	5.458856	296.377533	-4	-28	1.18	22.205461	2.042	-0.192	-0.608	-0.316
289.320465	38.672455	-169.451218	82.377373	160.083817	5.458867	295.508575	-4	-28	1.18	22.172273	2.035	-0.194	-0.601	-0.314
288.417084	39.826855	-170.353516	80.2742	159.726089	5.458867	294.868225	-4	-28	1.18	22.147784	2.039	-0.180	-0.601	-0.314
267.106384	60.990894	-126.140999	104.461624	185.48259	4.87399	277.899719	-4	-24	1.18	21.511752	1.803	-0.199	-0.424	-0.172
267.10672	64.069298	-122.892738	107.090691	189.059875	5.263896	277.099304	-4	-24	1.18	21.464808	1.785	-0.197	-0.403	-0.159
268.732117	61.777813	-123.614586	107.090782	186.018967	5.458856	276.619049	-4	-24	1.18	21.438133	1.809	-0.209	-0.418	-0.168
266.023132	61.760502	-123.614571	104.636894	185.124863	5.068949	275.818665	-4	-24	1.18	21.421901	1.803	-0.198	-0.420	-0.167
249.588852	80.230934	-84.093994	125.494171	208.198395	4.679018	264.132782	-4	-20	1.18	20.970268	1.588	-0.215	-0.266	-0.031
247.782578	82.177963	-80.845741	126.020103	210.881363	4.679018	264.674866	-4	-20	1.18	20.992164	1.563	-0.209	-0.256	-0.019
249.769165	81.600601	-83.011246	127.071724	210.881119	5.068937	265.253357	-4	-20	1.18	20.999775	1.573	-0.215	-0.257	-0.027
251.936661	81.577736	-83.55262	126.896347	210.344772	5.068937	266.213837	-4	-20	1.18	21.0385	1.587	-0.214	-0.264	-0.029
258.076752	102.000755	-51.972263	154.414047	249.694702	5.263896	285.583588	-4	-16	1.18	21.797205	1.380	-0.233	-0.160	0.088
258.979401	102.963028	-51.250423	156.867706	252.37793	5.458856	286.130676	-4	-16	1.18	21.81089	1.370	-0.238	-0.149	0.090
260.785736	102.54937	-53.415932	156.341904	251.1259	5.458856	286.931274	-4	-16	1.18	21.841975	1.387	-0.237	-0.158	0.084
260.243927	104.280975	-50.528584	155.991348	252.735672	5.458856	287.891968	-4	-16	1.18	21.879218	1.376	-0.229	-0.156	0.095
258.61853	112.008377	-13.714902	181.055313	285.110168	5.458892	303.192444	-4	-12	1.18	22.464041	1.154	-0.293	-0.077	0.185
259.160645	111.20739	-13.714902	180.178787	284.036987	5.458856	303.903748	-4	-12	1.18	22.49086	1.160	-0.293	-0.084	0.184
258.257355	111.431015	-12.993066	181.055313	286.541077	5.458892	304.312988	-4	-12	1.18	22.506274	1.143	-0.293	-0.075	0.184
260.06366	111.815918	-15.699955	181.055313	285.467896	5.653852	304.953308	-4	-12	1.18	22.523038	1.162	-0.292	-0.082	0.179
247.601959	117.012199	32.705639	195.953384	306.037323	6.238693	317.513794	-4	-8	1.18	22.969216	0.930	-0.341	-0.050	0.297
248.505249	116.786995	29.633871	196.303925	308.183685	6.238693	318.400085	-4	-8	1.18	23.001893	0.931	-0.338	-0.043	0.285
249.047058	117.204643	31.260118	198.406998	309.257294	6.043734	318.794739	-4	-8	1.18	23.023606	0.927	-0.346	-0.041	0.290
248.866455	117.974457	30.356646	196.654465	309.256897	5.848812	319.20047	-4	-8	1.18	23.045705	0.929	-0.335	-0.042	0.291
230.445297	120.668831	81.13179	209.274002	325.354706	6.043771	330.886353	-4	-4	1.18	23.464455	0.665	-0.395	-0.025	0.423
229.542282	122.978279	83.119431	209.44928	329.11084	6.433691	331.846832	-4	-4	1.18	23.485053	0.648	-0.383	-0.012	0.427
229.903214	121.631088	84.203606	210.325638	328.038116	6.433653	332.244629	-4	-4	1.18	23.499404	0.647	-0.394	-0.019	0.429
229.542282	122.016006	84.564987	208.748184	327.679932	6.433691	332.885101	-4	-4	1.18	23.522489	0.646	-0.387	-0.023	0.432
204.258087	131.253815	132.629715	213.831055	340.022064	6.043771	342.652283	-4	0	1.18	23.885622	0.344	-0.397	-0.013	0.605
204.438919	130.099075	133.533188	216.109589	341.989105	6.433691	343.212524	-4	0	1.18	23.891664	0.337	-0.409	-0.006	0.597
205.703308	130.868896	133.171799	216.986206	341.452484	6.433691	343.37262	-4	0	1.18	23.897342	0.346	-0.411	-0.009	0.600
202.994125	129.714172	132.087631	214.356873	341.095245	6.238693	342.652283	-4	0	1.18	23.878704	0.337	-0.403	-0.007	0.593
152.426208	119.321793	165.335419	199.283539	314.443939	5.848812	316.072723	-4	4	1.18	22.9304	-0.072	-0.448	-0.009	0.728
152.426331	119.706551	165.877502	199.458801	313.371185	6.043771	315.272125	-4	4	1.18	22.893577	-0.076	-0.450	-0.011	0.733
153.328995	120.668983	164.070724	197.180283	311.403687	6.043734	314.311737	-4	4	1.18	22.858	-0.062	-0.439	-0.017	0.751
153.328995	118.744431	162.805695	198.056641	312.119141	6.043734	313.671265	-4	4	1.18	22.834242	-0.054	-0.450	-0.009	0.738
106.915146	116.049919	186.296173	186.313446	291.370819	5.653852	295.417511	-4	8	1.18	22.161337	-0.441	-0.391	-0.022	0.588
107.998512	113.740608	185.573196	187.365295	288.866699	5.653852	294.296967	-4	8	1.18	22.118446	-0.436	-0.414	-0.031	0.591
107.818153	114.895187	184.669922	186.488724	290.476501	5.263932	293.335968	-4	8	1.18	22.096553	-0.429	-0.400	-0.016	0.592
105.109146	113.163101	185.754089	186.313446	288.330139	5.653852	292.215149	-4	8	1.18	22.038538	-0.450	-0.408	-0.022	0.577
66.099571	108.54435	199.667374	175.622116	271.695679	5.263921	275.402771	-4	12	1.18	21.397721	-0.724	-0.364	-0.020	0.445
66.460709	107.582069	198.583206	175.271561	269.549316	5.263932	274.602448	-4	12	1.18	21.365999	-0.724	-0.371	-0.028	0.448
65.557869	105.465065	198.40271	175.797394	269.191589	5.653841	274.442078	-4	12	1.18	21.344163	-0.723	-0.383	-0.029	0.435
65.196518	107.38961	199.306183	175.622116	268.476379	5.068973	273.80188	-4	12	1.18	21.341966	-0.736	-0.375	-0.029	0.446
26.548239	102.770576	213.400375	165.105804	254.524918	4.874002	266.276337	-4	16	1.18	21.048867	-0.984	-0.328	-0.062	0.315
27.270638	102.770706	213.58107	165.45636	255.597855	5.263921	267.23703	-4	16	1.18	21.071835	-0.978	-0.329	-0.061	0.314
26.728777	103.732971	215.026398	166.15744	256.849915	5.263921	268.037354	-4	16	1.18	21.103997	-0.983	-0.326	-0.058	0.313
25.645174	104.117882	216.110794	165.631638	257.386749	4.874013	268.678101	-4	16	1.18	21.145344	-0.989	-0.320	-0.059	0.312
-12.615625	104.310341	247.551422	168.218094	261.500397	5.45888	286.611328	-4	20	1.18	21.829557	-1.206	-0.296	-0.116	0.187
-12.435403	103.348061	248.816528	170.714508	262.931549	5.653852	287.091675	-4	20	1.18	21.840634	-1.201	-0.310	-0.111	0.183
-12.976072	103.155731	248.635574	169.662872	264.362244	5.45888	287.732147	-4	20	1.18	21.873026	-1.193	-0.303	-0.107	0.181
-13.156294	103.540642	251.345993	172.423553	265.614288	5.653841	288.532715	-4	20	1.18	21.896477	-1.200	-0.313	-0.104	0.179
-54.968082	102.000999	277.546967	165.414459	259.354034	6.43368	303.103485	-4	24	1.18	22.423875	-1.410	-0.269	-0.186	0.072
-57.310982	102.000885	279.353912	166.15744	258.996552	5.848812	303.583832	-4	24	1.18	22.464096	-1.423	-0.271	-0.188	0.070
-57.671429	102.000885	281.522278	167.734894	262.037231	6.04376	304.224304	-4	24	1.18	22.480897	-1.414	-0.274	-0.176	0.067
-57.85165	101.808426	279.715302	165.631638	258.102203	5.848812	304.704651	-4	24	1.18	22.506339	-1.430	-0.270	-0.197	0.068
-106.692146	82.755531	305.012573	152.836807	242.719818	5.8488	318.475189	-4	28	1.18	23.01902	-1.617	-0.275	-0.297	-0.070
-106.692146	84.680069	307.180908	155.07605	244.329361	5.8488	318.95517	-4	28	1.18	23.036684	-1.621	-0.276	-0.292	-0.066
-108.854828	84.487617	308.265076	154.375137	246.11824	6.04376	319.595642	-4	28	1.18	23.053066	-1.615	-0.271	-0.284	-0.071
-108.494362	84.295067	307.722992	154.199921	244.32959	6.04376	320.39624	-4	28	1.18	23.082478	-1.623	-0.273	-0.297	-0.071
-160.939316	48.883492	324.708282	132.822205	213.207092	6.43368	331.925079	-4	32	1.18	23.487876	-1.804	-0.312	-0.441	-0.232
-158.776642	50.42313	324.888977	134.224014	214.816864	6.433669	332.725342	-4	32	1.18	23.516734	-1.798	-0.312	-0.438	-0.225
-162.381119	49.268398	327.238007	133.523102	214.638016	6.23872	332.885803	-4	32	1.18	23.529538	-1.805	-0.311	-0.436	-0.232
-161.119553	49.460854	325.973572	134.608566	214.101654	6.43368	333.526306	-4	32	1.18	23.545579	-1.805	-0.315	-0.442	-0.231
-212.843613	7.698171	336.814819	101.982208	167.596512	6.433669	342.812775	-4	36	1.18	23.877481	-2.034	-0.349	-0.649	-0.403
-213.204041	8.46799	339.164307	103.909706	170.995148	6.8236	341.692322	-4	36	1.18	23.823814	-2.021	-0.349	-0.624	-0.399
-214.105179	3.464166	337.538055	104.08493	169.564026	6.62864	340.571106	-4	36	1.18	23.790843	-2.007	-0.366	-0.622	-0.407
-211.582047	6.735898	336.453888	104.987663	167.417847	6.43368	339.130432	-4	36	1.18	23.746427	-2.031	-0.364	-0.636	-0.403
-238.07486	-38.767872	312.421448	59.752449	99.27021	6.23872	315.272797	-4	40	1.18	22.886384	-2.316	-0.414	-0.909	-0.609
-240.237534	-38.192112	313.505646	60.468681	100.701126	5.8488	314.472229	-4	40	1.18	22.871174	-2.308	-0.411	-0.891	-0.605
-238.07486	-39.919392	312.240753	60.453362	98.554749	6.043748	314.151978	-4	40	1.18	22.852075	-2.317	-0.423	-0.908	-0.611
-238.795746	-38.384029	312.421448	60.643955	101.058861	6.238708	313.191254	-4	40	1.18	22.809177	-2.300	-0.413	-0.885	-0.604
-260.062073	-79.263016	291.099487	23.830873	38.634903	5.8488	292.536011	-4	44	1.18	22.043379	-2.646	-0.495	-1.219	-0.843
-259.70166	-78.879181	289.653534	20.857353	36.309654	5.653829	291.895538	-4	44	1.18	22.026244	-2.672	-0.485	-1.243	-0.851
-259.521423	-77.535744	291.280182	18.39883	37.025116	5.653829	290.934845	-4	44	1.18	21.98925	-2.680	-0.467	-1.235	-0.847
-259.881866	-77.727661	289.111816	20.1511	37.740578	5.653829	290.294373	-4	44	1.18	21.964553	-2.658	-0.474	-1.223	-0.845
265.30191	-66.980133	-285.666992	-106.469666	-48.716702	4.484068	269.639099	0	-44	1.18	21.199418	3.739	0.268	-2.161	-1.361
264.579468	-64.677086	-283.681915	-105.94519	-48.002903	4.484068	269.479004	0	-44	1.18	21.193017	3.734	0.281	-2.163	-1.358
261.508698	-63.717491	-279.350922	-103.847267	-46.039959	4.679029	269.158752	0	-44	1.18	21.172405	3.716	0.276	-2.165	-1.348
265.3013	-67.555893	-286.027893	-107.518623	-51.036545	4.679029	268.51828	0	-44	1.18	21.146754	3.783	0.274	-2.193	-1.382
269.636292	-27.636501	-260.402679	-68.007721	7.333494	5.263908	271.720642	0	-40	1.18	21.25139	3.090	0.235	-1.541	-0.988
271.442047	-30.323381	-264.192322	-69.581161	4.471651	5.068986	272.361145	0	-40	1.18	21.284678	3.126	0.229	-1.563	-1.003
269.274475	-29.171865	-262.387726	-69.056679	5.544842	5.068949	273.162018	0	-40	1.18	21.316544	3.104	0.233	-1.563	-0.997
268.913635	-28.404181	-260.944061	-70.630119	5.544842	5.263908	273.802185	0	-40	1.18	21.334236	3.093	0.246	-1.566	-0.998
289.682922	5.38871	-247.048706	-34.266102	60.098728	5.458907	291.094971	0	-36	1.18	22.00293	2.674	0.198	-1.151	-0.728
291.488647	6.15853	-249.575134	-32.51783	61.887379	5.068986	291.735413	0	-36	1.18	22.042579	2.666	0.191	-1.133	-0.720
289.501709	5.0038	-246.146393	-30.59473	62.960567	5.653829	292.536316	0	-36	1.18	22.050884	2.661	0.177	-1.140	-0.715
291.127441	6.15853	-247.048706	-33.391968	62.781704	5.458907	293.016388	0	-36	1.18	22.076811	2.651	0.195	-1.134	-0.718
304.491852	43.494789	-221.243042	6.485066	120.734032	5.653867	308.227936	0	-32	1.18	22.645914	2.305	0.162	-0.822	-0.496
304.311554	42.724972	-218.897064	9.990502	122.522781	6.238708	309.028534	0	-32	1.18	22.653986	2.305	0.144	-0.822	-0.488
305.214569	41.955154	-220.882141	9.464687	121.449486	6.238748	309.508545	0	-32	1.18	22.671935	2.316	0.143	-0.828	-0.493
306.298157	41.570244	-222.686707	8.237785	121.091759	6.043788	310.149017	0	-32	1.18	22.70314	2.317	0.146	-0.828	-0.496
314.96698	77.75177	-189.301743	49.426655	176.003555	6.433708	322.478119	0	-28	1.18	23.144513	2.050	0.115	-0.596	-0.311
316.411774	77.944229	-188.57991	49.076107	175.824677	6.433708	323.118622	0	-28	1.18	23.167954	2.056	0.118	-0.600	-0.310
316.592377	79.483871	-188.940811	47.673935	177.434296	6.433708	323.279053	0	-28	1.18	23.173821	2.038	0.128	-0.588	-0.311
318.217773	78.521599	-191.647705	49.601925	176.361099	6.238748	323.759064	0	-28	1.18	23.198492	2.061	0.117	-0.596	-0.312
322.732788	110.661575	-152.127136	92.718781	229.30545	6.628629	335.608185	0	-24	1.18	23.613396	1.833	0.069	-0.410	-0.140
324.899689	114.125771	-153.39035	93.069328	230.736359	6.433669	335.928436	0	-24	1.18	23.63188	1.833	0.081	-0.403	-0.140
325.2612	112.586121	-153.029434	91.842422	229.484314	6.628668	336.408417	0	-24	1.18	23.642097	1.839	0.080	-0.411	-0.143
325.983276	112.362419	-153.751266	94.471504	231.451843	6.628668	337.049255	0	-24	1.18	23.665057	1.837	0.069	-0.404	-0.139
312.258392	134.910889	-107.734169	126.020424	266.50946	6.238748	331.925476	0	-20	1.18	23.494923	1.632	0.035	-0.254	0.011
311.174377	133.526581	-105.388191	126.546234	264.899658	6.433708	330.804626	0	-20	1.18	23.447414	1.638	0.027	-0.259	0.016
309.549377	133.75618	-104.666359	125.845146	263.826477	6.238748	329.843903	0	-20	1.18	23.419721	1.636	0.031	-0.261	0.017
309.72995	132.986343	-107.192787	123.216072	261.143463	6.238748	328.242737	0	-20	1.18	23.36171	1.647	0.039	-0.265	0.007
276.318237	139.875824	-54.859608	140.918518	271.5177	5.653867	304.545532	0	-16	1.18	22.507688	1.446	-0.005	-0.144	0.161
274.693085	136.797409	-55.040066	139.69162	268.297821	5.653867	303.904755	0	-16	1.18	22.483549	1.450	-0.013	-0.157	0.155
275.415863	138.567551	-55.942364	140.04216	268.834686	5.653867	302.944366	0	-16	1.18	22.447321	1.456	-0.006	-0.150	0.157
274.512878	137.220352	-54.679146	139.69162	267.224915	5.458907	302.303558	0	-16	1.18	22.430483	1.457	-0.011	-0.155	0.158
245.255569	136.835449	-14.978118	145.125046	269.908203	5.068986	286.292053	0	-12	1.18	21.832298	1.245	-0.040	-0.078	0.267
243.629852	135.64299	-14.075821	145.125046	269.192413	5.263936	285.81134	0	-12	1.18	21.806056	1.237	-0.045	-0.080	0.266
243.088364	134.296173	-12.090769	146.176666	267.761505	5.458896	285.010773	0	-12	1.18	21.767332	1.235	-0.057	-0.083	0.269
243.629623	135.64299	-14.075821	146.001404	268.834686	5.458907	284.530731	0	-12	1.18	21.748635	1.239	-0.050	-0.075	0.266
210.580261	128.752335	26.562237	143.372314	263.289856	4.874014	269.159027	0	-8	1.18	21.164609	0.991	-0.079	-0.032	0.392
209.135193	127.946938	28.007797	142.495956	260.964905	4.874014	268.358765	0	-8	1.18	21.132541	0.990	-0.080	-0.040	0.399
210.76059	126.984917	25.116673	142.145432	260.070312	4.679066	267.558167	0	-8	1.18	21.10824	1.009	-0.082	-0.041	0.388
210.218781	127.562126	25.297367	141.444336	259.891418	4.679054	266.757568	0	-8	1.18	21.076074	1.008	-0.076	-0.037	0.391
191.978409	136.027786	67.218666	146.351944	274.200653	4.874014	277.325409	0	-4	1.18	21.489114	0.723	-0.060	-0.018	0.561
193.062012	136.2202	67.037979	147.754135	276.168182	5.068974	278.125702	0	-4	1.18	21.512973	0.722	-0.066	-0.011	0.553
194.867752	137.374603	66.134499	147.228302	275.631561	5.263936	278.926575	0	-4	1.18	21.536828	0.740	-0.057	-0.019	0.555
194.687607	137.759415	66.495895	146.176666	275.095001	5.263936	279.727173	0	-4	1.18	21.568308	0.741	-0.049	-0.027	0.560
177.169327	151.227509	112.211922	153.012283	295.485962	5.653856	297.019958	0	0	1.18	22.22253	0.397	-0.011	-0.009	0.770
175.905121	150.07309	111.669708	152.661728	296.201447	5.458896	297.820587	0	0	1.18	22.260465	0.389	-0.016	-0.010	0.759
177.891556	150.842712	111.850403	153.012283	295.485962	5.848827	298.621185	0	0	1.18	22.276094	0.402	-0.013	-0.019	0.765
179.336533	153.15152	110.224144	152.486465	296.38028	5.653856	299.261658	0	0	1.18	22.307853	0.419	0.004	-0.017	0.762
153.510498	160.077972	159.012039	161.600601	309.079773	6.043777	313.192322	0	4	1.18	22.816459	-0.036	-0.010	-0.027	0.990
152.065826	162.963989	160.457596	159.672607	312.299316	5.653856	313.512207	0	4	1.18	22.842806	-0.054	0.021	-0.008	0.960
153.149078	161.08519	161.180222	161.600601	310.510345	5.848816	314.152679	0	4	1.18	22.859329	-0.052	-0.003	-0.024	0.986
151.885086	159.93045	160.999527	162.476959	312.657074	5.848816	314.473267	0	4	1.18	22.871211	-0.058	-0.016	-0.012	0.957
120.279999	170.515488	205.269867	171.065262	322.673553	6.043777	326.802429	0	8	1.18	23.316491	-0.479	-0.003	-0.023	0.786
119.738197	165.657608	206.896347	175.62233	322.136963	6.238738	327.282776	0	8	1.18	23.326861	-0.486	-0.056	-0.029	0.760
120.280098	170.467651	207.61911	174.220169	326.429718	6.043777	327.923248	0	8	1.18	23.357192	-0.482	-0.021	-0.008	0.770
120.641296	170.130585	205.450562	172.993271	324.462189	6.238725	328.243103	0	8	1.18	23.361723	-0.474	-0.016	-0.021	0.777
78.741867	172.824951	248.998123	186.313919	334.120941	6.628658	340.572632	0	12	1.18	23.790896	-0.817	-0.065	-0.031	0.572
81.089668	173.594788	247.371857	184.0354	332.510773	6.628646	340.73233	0	12	1.18	23.796585	-0.810	-0.051	-0.040	0.588
77.297119	174.315674	251.347427	185.262299	335.194122	6.628658	341.372833	0	12	1.18	23.819383	-0.831	-0.052	-0.030	0.569
79.103127	174.508087	249.721161	185.437561	336.446198	6.823619	342.173431	0	12	1.18	23.840921	-0.814	-0.052	-0.027	0.572
29.257383	154.498337	258.033142	172.116913	304.071533	5.848804	317.835785	0	16	1.18	22.995466	-1.078	-0.083	-0.065	0.405
29.799126	154.541702	257.310364	171.766357	304.250763	6.043777	317.035187	0	16	1.18	22.958747	-1.073	-0.081	-0.060	0.406
30.160315	154.734146	255.684097	169.838379	302.640991	6.043777	316.234558	0	16	1.18	22.929176	-1.073	-0.072	-0.065	0.411
28.715511	153.771881	256.768005	171.065277	301.746277	5.653856	315.43399	0	16	1.18	22.913992	-1.083	-0.082	-0.065	0.407
-13.696966	141.454727	259.11734	150.032669	271.875702	5.848804	297.020325	0	20	1.18	22.215108	-1.312	-0.041	-0.121	0.279
-13.156294	139.145264	257.671753	149.156311	271.160583	5.848816	296.219727	0	20	1.18	22.184546	-1.301	-0.048	-0.120	0.275
-15.318973	140.107544	258.575226	148.630493	269.729645	5.458896	295.579254	0	20	1.18	22.174973	-1.321	-0.041	-0.125	0.275
-14.237635	139.530182	257.852448	149.682114	268.835327	5.848816	295.098877	0	20	1.18	22.141688	-1.320	-0.049	-0.127	0.275
-49.921833	122.016739	258.575226	127.948425	238.60701	5.458896	280.368286	0	24	1.18	21.585832	-1.523	-0.029	-0.206	0.151
-51.724064	122.20919	257.852448	126.195709	237.354965	5.458896	279.567383	0	24	1.18	21.554365	-1.532	-0.020	-0.209	0.147
-52.805408	120.092316	257.129669	127.24733	237.354965	5.263936	278.606659	0	24	1.18	21.524236	-1.521	-0.035	-0.203	0.139
-51.363621	122.401649	257.310364	126.020432	236.460617	5.263921	277.645935	0	24	1.18	21.486378	-1.536	-0.018	-0.205	0.151
-84.70491	93.725792	250.263245	101.307106	199.971985	4.679039	262.274567	0	28	1.18	20.895037	-1.714	-0.039	-0.319	-0.001
-85.966469	94.880531	251.708817	100.781296	199.614258	4.679054	261.794189	0	28	1.18	20.875545	-1.730	-0.030	-0.319	-0.001
-86.326927	93.148529	250.443924	100.080193	198.183334	4.484078	261.314117	0	28	1.18	20.863968	-1.729	-0.036	-0.324	-0.006
-85.065361	92.763618	249.901855	100.60601	198.540817	4.679039	260.67337	0	28	1.18	20.829995	-1.721	-0.040	-0.319	-0.004
-128.138702	69.283966	263.27359	79.573402	173.14212	5.263921	268.519165	0	32	1.18	21.123336	-1.932	-0.051	-0.471	-0.171
-125.795792	71.401047	263.634705	79.573402	174.394333	5.068961	269.480194	0	32	1.18	21.169663	-1.932	-0.041	-0.472	-0.160
-128.318939	70.053856	265.983765	79.748672	174.751923	5.068961	270.120361	0	32	1.18	21.195274	-1.934	-0.048	-0.468	-0.168
-128.138702	70.631218	266.525848	80.975571	174.573044	5.263921	270.920959	0	32	1.18	21.219476	-1.941	-0.051	-0.474	-0.167
-178.420975	42.340252	287.305817	52.932087	144.881332	5.458922	288.373932	0	36	1.18	21.897876	-2.187	-0.050	-0.674	-0.345
-180.763885	40.993023	288.390289	55.561161	144.523712	5.458882	289.174835	0	36	1.18	21.92885	-2.188	-0.068	-0.675	-0.351
-179.322083	41.955338	286.040955	54.860077	143.092667	5.848844	289.814972	0	36	1.18	21.938517	-2.197	-0.061	-0.693	-0.352
-182.926559	38.298679	289.113068	55.561169	143.092789	5.653842	290.135559	0	36	1.18	21.958425	-2.191	-0.080	-0.683	-0.362
-234.290176	2.886856	301.942444	15.949742	94.262367	5.653883	303.905792	0	40	1.18	22.483588	-2.554	-0.062	-0.998	-0.578
-235.731964	0.577382	303.74942	20.331537	96.945366	5.848804	304.546234	0	40	1.18	22.500374	-2.515	-0.092	-0.968	-0.575
-236.99353	1.347205	303.207031	21.558441	96.94529	5.653883	304.86615	0	40	1.18	22.519757	-2.515	-0.094	-0.968	-0.575
-238.975967	2.117027	307.182617	19.980993	98.018555	5.653842	305.667084	0	40	1.18	22.549879	-2.523	-0.083	-0.959	-0.573
-292.502258	-44.525475	318.746826	-20.10511	40.06596	6.043805	318.956604	0	44	1.18	23.029561	-2.931	-0.117	-1.337	-0.837
-292.682495	-42.798203	320.915497	-22.203033	42.212364	5.848844	319.437317	0	44	1.18	23.054411	-2.923	-0.098	-1.320	-0.827
-292.862701	-42.990116	320.553772	-23.077168	42.570095	5.653883	320.077789	0	44	1.18	23.085101	-2.914	-0.095	-1.318	-0.825
-289.25824	-43.182041	316.578796	-21.503725	40.423706	5.848804	320.878387	0	44	1.18	23.107324	-2.932	-0.105	-1.357	-0.833
326.526123	-33.394108	-351.354126	-183.393555	-54.962433	6.433727	336.570038	4	-44	1.18	23.654875	3.191	0.706	-1.843	-1.289
327.790741	-31.66683	-353.968323	-188.113892	-56.211582	6.043765	337.050415	4	-44	1.18	23.686034	3.173	0.728	-1.831	-1.290
326.982941	-31.09107	-352.164185	-188.113892	-57.103828	6.043805	337.530762	4	-44	1.18	23.703213	3.188	0.737	-1.852	-1.296
328.969025	-28.020348	-352.885834	-187.939056	-54.070187	6.433727	337.851013	4	-44	1.18	23.700722	3.152	0.739	-1.812	-1.280
324.720123	7.890718	-314.999329	-132.51889	11.626278	6.238766	329.845367	4	-40	1.18	23.419773	2.718	0.597	-1.352	-0.977
323.456329	10.007731	-314.09726	-131.469925	13.951536	6.433727	328.403961	4	-40	1.18	23.360485	2.693	0.598	-1.328	-0.968
321.830505	10.200188	-309.848511	-128.847519	14.667001	6.433727	327.443268	4	-40	1.18	23.325608	2.699	0.594	-1.337	-0.965
318.218903	10.970011	-307.782867	-129.546829	15.024732	6.433727	326.002197	4	-40	1.18	23.273193	2.679	0.601	-1.331	-0.963
300.62207	45.41954	-254.56131	-75.700104	70.294426	5.653883	304.546234	4	-36	1.18	22.507715	2.358	0.514	-0.995	-0.725
297.449799	42.340309	-253.659256	-75.350449	66.895966	5.848844	303.585846	4	-36	1.18	22.464171	2.382	0.509	-1.023	-0.736
298.53302	43.879951	-255.282959	-78.846992	66.180504	5.848844	302.304901	4	-36	1.18	22.415796	2.374	0.526	-1.012	-0.741
297.088226	44.264866	-253.478836	-75.700104	68.326889	5.848844	301.344177	4	-36	1.18	22.379445	2.364	0.515	-1.000	-0.732
280.6539	71.59359	-203.504715	-31.119211	112.327972	5.263961	282.930481	4	-32	1.18	21.693807	2.108	0.447	-0.743	-0.534
277.583679	71.016228	-198.633606	-26.923363	115.547562	5.263961	282.290009	4	-32	1.18	21.668772	2.086	0.429	-0.730	-0.517
277.944519	71.208679	-201.520187	-31.993347	112.148979	5.458922	281.809631	4	-32	1.18	21.642343	2.095	0.451	-0.741	-0.534
278.052887	69.861488	-200.798538	-29.7206	112.327835	5.263948	281.008789	4	-32	1.18	21.618606	2.104	0.438	-0.741	-0.530
260.17804	91.224083	-154.613068	9.289415	148.101227	5.263961	267.559052	4	-28	1.18	21.084781	1.879	0.371	-0.541	-0.353
260.900269	92.571274	-156.056366	7.361426	147.922165	5.263948	267.07843	4	-28	1.18	21.065454	1.876	0.383	-0.536	-0.358
261.871399	93.918465	-154.252243	8.761336	148.995361	5.068987	266.758453	4	-28	1.18	21.060424	1.877	0.384	-0.531	-0.351
259.884766	90.839172	-154.071838	9.81523	147.564438	5.068987	266.11795	4	-28	1.18	21.034634	1.884	0.369	-0.540	-0.351
263.789093	117.398079	-122.499741	46.960865	189.955688	5.263948	276.045074	4	-24	1.18	21.423143	1.696	0.309	-0.378	-0.189
263.857697	119.13018	-122.138908	46.25996	191.386841	5.45891	276.845947	4	-24	1.18	21.447098	1.683	0.318	-0.373	-0.189
267.831238	119.13018	-125.20591	45.208599	189.240219	5.068987	277.326324	4	-24	1.18	21.481459	1.715	0.322	-0.384	-0.197
268.373016	118.360352	-125.20591	47.136097	189.77681	5.45891	277.966766	4	-24	1.18	21.49134	1.720	0.311	-0.385	-0.194
275.416473	147.613632	-93.63382	82.00631	234.135864	5.45891	293.978699	4	-20	1.18	22.113719	1.538	0.273	-0.249	-0.047
276.500061	148.191116	-93.994644	82.707222	235.209061	5.653871	294.619171	4	-20	1.18	22.130786	1.538	0.272	-0.247	-0.047
276.066772	146.074097	-94.175056	82.882446	234.493301	5.653871	295.259644	4	-20	1.18	22.155298	1.542	0.263	-0.253	-0.047
276.860931	146.266556	-94.896706	81.655861	233.957001	5.848832	295.900146	4	-20	1.18	22.172334	1.545	0.269	-0.257	-0.052
278.667297	169.938644	-58.814304	114.423347	272.770966	6.043793	310.470978	4	-16	1.18	22.715155	1.378	0.227	-0.154	0.089
279.497284	171.670609	-59.175129	113.196747	273.486115	5.653871	310.951324	4	-16	1.18	22.7476	1.374	0.237	-0.152	0.087
279.497284	170.900787	-55.942364	114.452484	271.340027	6.043793	311.519775	4	-16	1.18	22.75425	1.386	0.233	-0.166	0.096
281.302856	171.478287	-58.288334	114.97831	274.201904	5.848832	312.160095	4	-16	1.18	22.785338	1.381	0.230	-0.154	0.092
275.164001	185.912491	-15.515432	136.501968	299.421661	6.238754	324.241211	4	-12	1.18	23.216098	1.217	0.207	-0.104	0.227
273.430115	184.757614	-15.699953	136.501968	301.031799	6.238754	324.721558	4	-12	1.18	23.233625	1.202	0.201	-0.098	0.225
275.344543	185.334976	-15.519494	136.536728	301.210693	6.238754	325.286804	4	-12	1.18	23.254234	1.208	0.203	-0.100	0.225
274.694336	187.067078	-16.782709	134.924927	301.031799	6.238754	325.522156	4	-12	1.18	23.262809	1.205	0.215	-0.101	0.218
261.148987	196.882492	31.260395	142.985382	323.032349	6.433715	336.972809	4	-8	1.18	23.6693	0.974	0.228	-0.059	0.342
262.052246	198.229507	31.621786	143.372314	323.390106	6.433715	337.453064	4	-8	1.18	23.686489	0.977	0.233	-0.060	0.344
262.70578	197.074951	29.814829	143.861511	323.032349	6.431898	338.011444	4	-8	1.18	23.706523	0.986	0.225	-0.063	0.340
259.997498	197.459854	35.055008	143.686279	325.715363	6.238754	338.413544	4	-8	1.18	23.727793	0.952	0.228	-0.054	0.352
227.015625	197.267395	73.543228	133.347885	320.170502	6.042085	329.044769	4	-4	1.18	23.39791	0.708	0.295	-0.041	0.449
223.764816	197.459854	77.337845	132.997421	321.06485	5.847179	328.244171	4	-4	1.18	23.375962	0.678	0.299	-0.033	0.460
222.500595	195.920212	77.157143	133.381836	317.941925	6.043793	327.367889	4	-4	1.18	23.337033	0.683	0.294	-0.044	0.467
223.583984	196.882492	75.892273	131.94606	318.918457	6.042085	326.567474	4	-4	1.18	23.308011	0.687	0.302	-0.036	0.455
178.253326	188.22197	112.392845	116.876526	300.852936	6.042085	302.625122	4	0	1.18	22.420596	0.354	0.383	-0.010	0.583
176.942719	187.067245	113.657715	116.876526	300.852936	6.042085	301.914825	4	0	1.18	22.393732	0.341	0.378	-0.006	0.589
176.762161	186.297409	112.031456	114.598579	299.243164	5.847179	301.11441	4	0	1.18	22.370806	0.348	0.386	-0.010	0.578
176.447311	183.987793	112.934937	117.782646	296.125885	5.848832	300.474091	4	0	1.18	22.346472	0.351	0.366	-0.024	0.606
137.437347	177.444443	143.111145	109.692207	282.250885	4.872648	284.465881	4	4	1.18	21.768942	-0.036	0.427	-0.014	0.748
137.220886	176.674606	143.29184	110.568352	281.105011	5.45891	283.985626	4	4	1.18	21.727383	-0.039	0.420	-0.018	0.753
136.173264	178.406708	142.93045	108.465622	281.820282	5.263948	283.185211	4	4	1.18	21.703755	-0.042	0.438	-0.009	0.734
137.076263	176.097229	141.846268	109.867432	279.674438	5.45891	282.865051	4	4	1.18	21.683632	-0.031	0.424	-0.020	0.756
97.137939	167.82164	169.854126	108.991295	264.653595	5.067554	268.137512	4	8	1.18	21.115901	-0.450	0.364	-0.022	0.606
96.982803	165.319702	169.131348	110.042656	263.401825	5.068987	267.337097	4	8	1.18	21.083695	-0.451	0.346	-0.025	0.616
95.693504	165.127243	168.589264	108.317963	263.112183	5.26246	266.536682	4	8	1.18	21.043709	-0.452	0.353	-0.021	0.600
98.066414	164.742325	165.87883	107.589485	260.183075	5.067554	265.736267	4	8	1.18	21.019309	-0.431	0.363	-0.035	0.621
65.919411	168.783905	202.740784	122.690247	270.375824	5.067554	278.382782	4	12	1.18	21.523153	-0.777	0.262	-0.045	0.507
64.277145	168.352203	204.18634	123.917152	271.627533	5.26246	279.087921	4	12	1.18	21.543235	-0.788	0.250	-0.042	0.500
64.999352	167.967407	204.36705	123.741898	272.592102	5.067554	279.823486	4	12	1.18	21.579805	-0.782	0.248	-0.041	0.501
65.738808	169.746185	204.909134	123.885612	273.058105	5.457366	280.689087	4	12	1.18	21.598482	-0.781	0.257	-0.043	0.501
25.458069	176.048309	242.85527	133.031296	283.787292	5.847179	297.821869	4	16	1.18	22.245727	-1.063	0.210	-0.069	0.359
25.458069	174.701492	243.21666	133.907654	283.250854	6.042085	298.462372	4	16	1.18	22.262695	-1.070	0.200	-0.075	0.362
27.631968	176.097229	241.590393	133.732376	283.60849	5.847179	299.19342	4	16	1.18	22.297916	-1.054	0.209	-0.077	0.369
26.909565	175.327423	243.035965	135.100159	284.218689	5.847179	299.743286	4	16	1.18	22.318804	-1.064	0.198	-0.076	0.370
-14.778305	178.791626	273.212189	130.193802	282.893219	5.847179	313.833832	4	20	1.18	22.847566	-1.279	0.216	-0.137	0.230
-17.121206	178.599167	275.561218	130.752747	283.072021	6.236991	314.401245	4	20	1.18	22.854152	-1.294	0.211	-0.138	0.224
-14.778305	181.820374	275.922607	130.051666	286.111969	6.043793	314.56131	4	20	1.18	22.867248	-1.272	0.227	-0.125	0.226
-17.301428	178.984085	276.645386	131.453842	285.5755	6.043793	315.20166	4	20	1.18	22.890967	-1.286	0.208	-0.130	0.223
-65.060585	172.200241	303.749786	115.679375	275.27536	6.626803	327.283844	4	24	1.18	23.312797	-1.475	0.226	-0.208	0.075
-63.618797	172.200241	303.388397	116.2052	275.990845	6.431898	327.44397	4	24	1.18	23.3257	-1.470	0.224	-0.206	0.080
-63.618797	173.162262	303.749786	116.555748	277.528625	6.043793	328.168304	4	24	1.18	23.366081	-1.463	0.225	-0.202	0.081
-66.862823	170.661041	305.376038	116.380478	276.455688	6.433716	328.808624	4	24	1.18	23.375161	-1.479	0.216	-0.208	0.073
-120.028671	152.575195	328.143738	90.440247	257.32196	6.433716	340.57373	4	28	1.18	23.797878	-1.647	0.228	-0.306	-0.078
-118.226433	153.537201	327.601654	92.368233	258.037231	6.238754	341.214233	4	28	1.18	23.827611	-1.645	0.226	-0.307	-0.071
-117.145088	155.076431	328.866486	90.966064	257.32196	6.433716	341.854706	4	28	1.18	23.843451	-1.649	0.237	-0.313	-0.072
-118.586891	153.964798	328.143738	89.914436	255.778931	6.628677	342.335052	4	28	1.18	23.853592	-1.654	0.237	-0.320	-0.078
-157.154633	114.094688	311.33902	55.210625	202.424225	5.848832	317.996918	4	32	1.18	23.001403	-1.849	0.232	-0.456	-0.224
-154.451294	116.403526	309.532043	51.004101	199.793732	6.238754	316.876068	4	32	1.18	22.945674	-1.845	0.260	-0.466	-0.230
-155.532639	115.056709	311.33902	53.633175	203.1922	5.848832	315.915375	4	32	1.18	22.924583	-1.837	0.242	-0.444	-0.223
-154.271072	116.01873	309.170654	52.756813	201.887756	5.848832	315.114746	4	32	1.18	22.894966	-1.834	0.250	-0.448	-0.224
-185.810135	76.982483	293.811493	17.001371	147.743607	5.848832	296.861176	4	36	1.18	22.209035	-2.066	0.258	-0.642	-0.389
-188.333282	77.538223	293.26944	16.650827	147.564758	5.263948	296.060547	4	36	1.18	22.200802	-2.063	0.261	-0.636	-0.390
-185.810135	76.212654	293.088745	16.300283	146.849289	5.653871	295.420074	4	36	1.18	22.161434	-2.068	0.259	-0.641	-0.390
-188.513504	76.57621	293.26944	17.176641	146.67041	5.848832	294.779633	4	36	1.18	22.129464	-2.074	0.256	-0.637	-0.394
-218.430527	39.250126	279.897919	-20.629591	91.400703	4.874025	280.048645	4	40	1.18	21.596242	-2.363	0.284	-0.894	-0.590
-218.070114	37.144039	279.355835	-19.930283	90.685234	5.068986	279.568298	4	40	1.18	21.569725	-2.372	0.272	-0.901	-0.592
-215.727188	37.336494	277.548889	-18.531668	92.831627	5.263948	278.927795	4	40	1.18	21.536876	-2.349	0.266	-0.886	-0.583
-216.988785	35.411934	276.826111	-19.405802	89.612038	4.874025	278.127197	4	40	1.18	21.52071	-2.376	0.264	-0.907	-0.592
-240.598007	0.384895	264.719452	-54.371216	37.74078	4.679064	264.837311	4	44	1.18	20.998718	-2.728	0.296	-1.226	-0.822
-241.859573	-2.686883	264.177368	-53.846733	34.878918	4.679064	265.637909	4	44	1.18	21.031003	-2.769	0.280	-1.263	-0.835
-243.84201	-3.070723	266.165039	-51.923634	37.204178	4.874025	266.438477	4	44	1.18	21.055393	-2.755	0.264	-1.239	-0.825
-242.580475	-3.070723	265.080841	-53.846733	36.309849	4.874025	267.239075	4	44	1.18	21.087592	-2.751	0.275	-1.251	-0.830
279.751251	10.582153	-310.570312	-205.072113	-47.646004	5.263948	293.178436	8	-44	1.18	22.090511	2.809	1.026	-1.622	-1.252
281.55719	8.852969	-311.472656	-202.624527	-47.289104	5.263948	293.818909	8	-44	1.18	22.115067	2.827	1.008	-1.626	-1.251
280.834839	10.585076	-311.292206	-206.121078	-46.575306	5.653871	294.459381	8	-44	1.18	22.124666	2.791	1.022	-1.608	-1.246
284.446777	10.392619	-316.525513	-208.918304	-49.252048	5.45891	295.099854	8	-44	1.18	22.156643	2.815	1.027	-1.613	-1.256
300.339752	46.56142	-297.035889	-173.428421	10.195354	5.848832	309.190338	8	-40	1.18	22.674614	2.434	0.896	-1.218	-0.982
300.339691	47.536674	-294.870392	-172.029816	11.626285	5.653871	309.830811	8	-40	1.18	22.705817	2.429	0.896	-1.217	-0.976
300.700897	46.574394	-295.050873	-170.28154	12.699483	5.653871	310.471313	8	-40	1.18	22.72971	2.428	0.884	-1.214	-0.971
301.965088	46.959305	-297.938202	-173.952896	10.37422	5.848832	311.111786	8	-40	1.18	22.746314	2.435	0.897	-1.221	-0.982
313.884857	84.873192	-271.410675	-130.77063	73.871796	6.238754	323.440948	8	-36	1.18	23.186868	2.129	0.784	-0.908	-0.754
314.607178	84.873192	-275.019867	-136.365082	69.221268	6.238754	324.241547	8	-36	1.18	23.216111	2.145	0.805	-0.928	-0.771
314.246033	84.295815	-274.478485	-133.917511	72.619728	6.043793	324.721924	8	-36	1.18	23.240749	2.127	0.788	-0.911	-0.759
317.316284	84.873192	-275.380798	-133.567871	71.904259	6.043793	325.202271	8	-36	1.18	23.258258	2.145	0.790	-0.916	-0.762
326.165649	121.632332	-243.439514	-86.889038	133.613174	6.238754	336.250519	8	-32	1.18	23.650412	1.906	0.698	-0.678	-0.574
329.055328	121.247421	-241.815369	-83.742149	134.865234	6.433716	336.730865	8	-32	1.18	23.660636	1.918	0.689	-0.678	-0.569
326.888062	121.824791	-244.161331	-89.336609	133.076569	6.238754	337.051117	8	-32	1.18	23.679082	1.905	0.704	-0.680	-0.577
326.346252	120.670044	-243.619949	-86.714211	133.613174	6.238754	337.371368	8	-32	1.18	23.690541	1.908	0.694	-0.682	-0.574
314.787842	145.304443	-192.730469	-39.161255	178.329773	5.653871	327.283844	8	-28	1.18	23.348138	1.725	0.627	-0.506	-0.413
315.871399	145.111984	-191.64772	-36.888508	178.866379	5.848832	326.32312	8	-28	1.18	23.306152	1.731	0.621	-0.503	-0.410
313.52356	143.95726	-194.354614	-40.909523	176.183365	6.043793	325.042145	8	-28	1.18	23.252423	1.729	0.629	-0.507	-0.421
310.092163	142.225159	-191.647705	-39.685738	175.110168	6.043793	323.7612	8	-28	1.18	23.205691	1.726	0.626	-0.511	-0.419
284.627441	155.697098	-137.690399	9.815228	203.549942	5.653871	300.38382	8	-24	1.18	22.350443	1.579	0.545	-0.362	-0.260
284.627441	153.964981	-137.149017	10.866859	201.582397	5.45891	299.743347	8	-24	1.18	22.333543	1.593	0.541	-0.371	-0.259
283.904999	156.659363	-135.885803	9.464684	201.761276	5.45891	299.102844	8	-24	1.18	22.309226	1.584	0.556	-0.367	-0.259
282.821442	155.889557	-135.163971	11.918489	203.549942	5.45891	298.302246	8	-24	1.18	22.278793	1.576	0.543	-0.357	-0.253
257.537231	164.165161	-88.425034	46.622299	219.111313	5.068986	280.849274	8	-20	1.18	21.619995	1.441	0.490	-0.257	-0.108
258.259613	163.780243	-90.410072	46.797573	218.932434	4.874025	279.728455	8	-20	1.18	21.583674	1.448	0.486	-0.253	-0.111
256.995422	162.43306	-89.507782	46.622299	216.96489	4.874025	278.767731	8	-20	1.18	21.545919	1.453	0.486	-0.259	-0.110
256.453613	163.010437	-91.131912	44.694313	216.96489	5.263948	277.806976	8	-20	1.18	21.492728	1.447	0.493	-0.253	-0.119
229.724625	165.319901	-47.099861	70.809807	223.940704	4.679064	262.115326	8	-16	1.18	20.888576	1.305	0.446	-0.180	0.034
230.266449	164.165161	-48.363075	70.459274	223.583038	4.874025	262.275421	8	-16	1.18	20.887162	1.311	0.441	-0.182	0.029
232.07254	165.897263	-49.626293	70.985085	224.835022	5.068986	262.755737	8	-16	1.18	20.898736	1.315	0.443	-0.177	0.026
231.711258	165.51236	-49.265369	70.459274	224.835083	4.484103	263.07605	8	-16	1.18	20.935411	1.312	0.444	-0.178	0.029
231.169464	183.988159	-12.090769	87.285355	250.055267	4.874025	278.607605	8	-12	1.18	21.53962	1.145	0.455	-0.134	0.154
230.447113	185.142899	-11.91031	86.934814	251.843872	4.874025	279.087921	8	-12	1.18	21.558509	1.131	0.458	-0.127	0.152
231.350052	187.067459	-11.549391	87.285355	253.811386	5.068986	279.568329	8	-12	1.18	21.569726	1.125	0.462	-0.119	0.152
231.891876	187.452377	-9.203421	89.563889	255.957855	5.263948	280.368927	8	-12	1.18	21.593509	1.117	0.454	-0.113	0.162
224.126022	203.041321	29.272739	88.336983	277.958435	5.263947	296.060608	8	-8	1.18	22.200804	0.889	0.523	-0.083	0.244
223.584213	202.656418	29.453438	87.635902	277.600677	5.068986	296.220734	8	-8	1.18	22.214354	0.886	0.525	-0.085	0.244
223.042389	204.003616	29.814829	86.934814	279.031616	5.45891	296.540985	8	-8	1.18	22.211696	0.876	0.531	-0.079	0.240
225.570801	205.3508	29.814829	89.038071	280.641357	5.263947	297.181396	8	-8	1.18	22.243546	0.885	0.526	-0.075	0.245
205.885284	217.090652	73.001144	81.676659	296.023926	5.458909	308.229706	8	-4	1.18	22.653274	0.608	0.619	-0.056	0.329
205.162949	217.860474	73.362534	80.800301	297.454803	5.65387	308.870178	8	-4	1.18	22.669935	0.598	0.622	-0.052	0.324
205.524094	216.513245	74.266014	80.800301	297.275909	5.65387	309.350525	8	-4	1.18	22.687884	0.597	0.618	-0.055	0.327
208.23317	219.400116	73.001144	80.625031	297.991364	5.263947	309.830872	8	-4	1.18	22.720368	0.611	0.627	-0.054	0.323
185.116226	228.638	117.633026	81.851929	313.016174	5.848832	320.87912	8	0	1.18	23.10735	0.316	0.688	-0.037	0.440
184.213211	228.83046	118.897896	80.975571	315.699158	5.848832	321.199341	8	0	1.18	23.119091	0.303	0.685	-0.025	0.436
184.574356	231.139954	119.259285	80.449753	317.130157	5.65387	321.999939	8	0	1.18	23.155556	0.301	0.694	-0.022	0.434
184.935562	229.985199	118.897896	81.851929	315.520386	5.653871	322.320129	8	0	1.18	23.167272	0.307	0.689	-0.032	0.440
157.664795	238.645737	166.059525	84.656281	325.536865	5.848832	331.607056	8	4	1.18	23.497501	-0.041	0.753	-0.030	0.564
159.470856	239.608032	166.962997	85.707909	325.357941	5.653871	332.247589	8	4	1.18	23.527615	-0.037	0.759	-0.034	0.577
158.026047	240.377853	167.685776	85.182098	329.29303	5.848832	332.407715	8	4	1.18	23.52636	-0.047	0.747	-0.015	0.557
160.012604	241.147659	165.156036	83.779922	326.78894	5.068986	332.727966	8	4	1.18	23.565954	-0.025	0.768	-0.029	0.570
126.059654	240.185394	212.859756	92.19297	326.78894	6.433715	336.890991	8	8	1.18	23.66637	-0.399	0.680	-0.046	0.472
126.601402	240.762772	213.40184	92.894051	328.040955	6.043793	335.449982	8	8	1.18	23.628702	-0.398	0.677	-0.034	0.475
124.434181	236.528702	210.872101	93.069328	324.463684	6.238754	334.169006	8	8	1.18	23.575708	-0.401	0.665	-0.045	0.475
125.156586	236.336243	209.426529	91.316605	323.927094	5.848832	332.888062	8	8	1.18	23.543656	-0.391	0.672	-0.042	0.475
78.019684	214.781158	224.424301	96.22422	295.308441	5.848832	306.788574	8	12	1.18	22.58467	-0.703	0.569	-0.055	0.390
80.367508	212.086777	220.44899	95.873672	291.373413	5.848832	305.667725	8	12	1.18	22.542573	-0.689	0.572	-0.070	0.405
78.742149	213.241516	222.61734	96.925301	291.015686	5.848832	304.707062	8	12	1.18	22.506429	-0.708	0.572	-0.067	0.404
75.852478	211.894318	222.978729	97.626396	291.731079	5.848832	303.906433	8	12	1.18	22.476262	-0.718	0.557	-0.059	0.395
31.424593	188.799576	224.424301	95.873672	259.892914	4.484103	280.368927	8	16	1.18	21.624093	-0.983	0.474	-0.104	0.301
32.146999	189.9543	225.327774	95.172585	260.78717	4.484102	279.728394	8	16	1.18	21.598976	-0.980	0.481	-0.096	0.300
33.230606	190.339218	224.243576	94.997314	259.892914	4.289142	278.927856	8	16	1.18	21.575202	-0.976	0.487	-0.097	0.306
32.146999	187.644852	223.882187	96.57476	258.998566	4.679064	278.287323	8	16	1.18	21.534688	-0.985	0.468	-0.099	0.307
-10.452948	170.323776	227.857513	83.078835	233.4207	4.874025	261.795074	8	20	1.18	20.867664	-1.209	0.443	-0.144	0.160
-9.01116	171.286057	227.676819	83.604645	232.347427	4.874025	261.314697	8	20	1.18	20.848146	-1.213	0.450	-0.149	0.166
-10.272723	168.976578	226.954041	83.604645	231.810883	4.874025	260.994446	8	20	1.18	20.835124	-1.216	0.437	-0.150	0.163
-8.650716	169.55394	225.869858	82.728287	230.558777	4.679064	260.83432	8	20	1.18	20.836541	-1.212	0.449	-0.156	0.167
-51.724064	168.014297	252.612854	67.830185	228.948959	5.068986	277.166473	8	24	1.18	21.475152	-1.378	0.454	-0.218	0.014
-52.985626	166.667114	253.154922	68.881821	228.412354	5.068986	277.486725	8	24	1.18	21.487786	-1.389	0.444	-0.223	0.013
-52.805408	167.436935	254.419815	70.634537	228.949036	5.068986	277.967072	8	24	1.18	21.506722	-1.396	0.440	-0.223	0.017
-54.427414	168.591675	255.865356	70.283989	230.201035	5.263948	278.447449	8	24	1.18	21.517967	-1.396	0.442	-0.217	0.012
-98.942543	153.964981	272.308716	42.766323	211.95665	5.653871	289.175446	8	28	1.18	21.921338	-1.547	0.463	-0.322	-0.141
-99.122772	155.504654	274.657745	45.921215	214.639648	5.45891	289.495697	8	28	1.18	21.941246	-1.549	0.454	-0.310	-0.133
-98.942543	154.542358	274.47702	43.993225	214.997391	5.263948	289.976044	8	28	1.18	21.967314	-1.540	0.456	-0.309	-0.135
-99.663445	157.044296	276.826111	45.570675	216.070648	5.45891	290.296265	8	28	1.18	21.972145	-1.549	0.459	-0.305	-0.134
-146.701706	135.104279	290.016876	11.217402	186.378754	5.263947	299.903412	8	32	1.18	22.347012	-1.719	0.488	-0.447	-0.287
-147.422592	134.911819	291.101074	12.97012	188.346283	5.45891	300.223663	8	32	1.18	22.351762	-1.716	0.477	-0.438	-0.284
-151.027054	135.489197	292.908051	11.04213	187.273087	5.45891	300.70401	8	32	1.18	22.369966	-1.726	0.484	-0.441	-0.293
-148.503922	136.066559	293.450134	12.97012	190.134949	5.263948	301.344513	8	32	1.18	22.401595	-1.714	0.477	-0.431	-0.283
-198.966431	111.047249	304.833954	-28.147154	150.784332	5.848832	310.151062	8	36	1.18	22.710492	-1.906	0.527	-0.603	-0.452
-198.966431	111.016273	305.195343	-24.650612	152.39415	6.043793	310.791534	8	36	1.18	22.727111	-1.908	0.513	-0.600	-0.446
-203.832474	110.246674	308.447876	-25.699574	151.67868	5.848832	310.95166	8	36	1.18	22.740348	-1.923	0.510	-0.598	-0.453
-199.507095	111.2397	305.556732	-27.972326	150.963211	6.043793	311.111786	8	36	1.18	22.73905	-1.908	0.526	-0.605	-0.453
-249.068481	78.522133	314.952911	-68.357368	102.848152	6.043793	317.356445	8	40	1.18	22.970602	-2.156	0.562	-0.820	-0.630
-247.086029	78.692657	311.881104	-70.630119	100.344017	6.043793	317.836792	8	40	1.18	22.988317	-2.156	0.576	-0.839	-0.636
-249.068481	77.559853	314.410828	-68.357368	103.563614	6.043793	318.317169	8	40	1.18	23.006019	-2.148	0.556	-0.819	-0.628
-248.708038	77.538246	314.049438	-68.007721	103.563614	6.043793	318.63739	8	40	1.18	23.017812	-2.149	0.556	-0.821	-0.628
-297.007843	37.913864	324.168396	-117.83342	43.822239	6.043793	326.963593	8	44	1.18	23.322347	-2.472	0.620	-1.127	-0.850
-296.6474	38.865341	323.445618	-117.308937	45.25317	6.238754	327.44397	8	44	1.18	23.332715	-2.458	0.619	-1.119	-0.845
-297.368317	37.518524	323.987701	-118.008263	43.285637	6.238754	327.604095	8	44	1.18	23.338531	-2.476	0.620	-1.133	-0.852
-295.025391	36.556515	323.626312	-119.40686	41.318108	6.433716	328.084442	8	44	1.18	23.348891	-2.489	0.628	-1.154	-0.860
312.078766	47.90826	-365.610382	-281.821198	-54.605526	6.043793	336.250519	12	-44	1.18	23.657397	2.518	1.225	-1.452	-1.225
309.91156	47.138653	-366.873627	-281.646362	-53.356384	6.238754	334.969543	12	-44	1.18	23.604466	2.498	1.214	-1.433	-1.220
309.008545	48.114048	-365.790833	-282.520477	-55.319324	6.238754	333.528473	12	-44	1.18	23.552672	2.510	1.230	-1.446	-1.229
306.29953	49.268784	-359.655243	-280.072906	-53.356384	6.238754	331.927307	12	-44	1.18	23.494988	2.499	1.236	-1.446	-1.224
290.406616	78.115456	-302.449646	-216.610703	8.40669	5.45891	307.589172	12	-40	1.18	22.629299	2.213	1.100	-1.117	-0.989
289.864838	79.654671	-299.742798	-215.037262	10.91082	5.068986	306.788574	12	-40	1.18	22.613914	2.198	1.098	-1.103	-0.978
287.697601	77.730644	-296.133575	-210.841415	10.731953	5.653871	306.148071	12	-40	1.18	22.567946	2.210	1.092	-1.118	-0.981
286.614014	77.730644	-297.035889	-213.988281	9.301022	5.263948	305.187347	12	-40	1.18	22.546502	2.204	1.102	-1.117	-0.985
270.540497	102.742973	-242.17627	-156.120529	61.351147	5.45891	285.332581	12	-36	1.18	21.779856	1.968	0.994	-0.860	-0.785
269.637482	101.973366	-240.73259	-155.071594	61.53001	5.263948	284.371857	12	-36	1.18	21.75004	1.967	0.991	-0.859	-0.783
268.664062	103.127777	-238.928024	-155.421234	61.708874	5.263948	283.251038	12	-36	1.18	21.706325	1.961	0.999	-0.856	-0.782
268.192688	100.626549	-240.010773	-155.246399	60.099083	5.068986	282.290314	12	-36	1.18	21.676407	1.972	0.993	-0.862	-0.786
254.828201	121.439903	-194.535065	-104.546562	102.132683	5.068986	266.758728	12	-32	1.18	21.060435	1.786	0.898	-0.654	-0.614
251.938599	119.674393	-191.647705	-103.672424	101.774948	4.679064	266.118256	12	-32	1.18	21.05035	1.778	0.895	-0.659	-0.611
251.577377	120.059196	-191.828171	-103.847267	100.701752	4.874025	265.637909	12	-32	1.18	21.023146	1.784	0.901	-0.664	-0.614
251.511444	120.828804	-192.008621	-104.196915	102.848152	4.874025	264.935883	12	-32	1.18	20.994828	1.767	0.897	-0.646	-0.610
258.011383	144.30191	-164.217911	-67.832886	143.271957	5.263948	274.220642	12	-28	1.18	21.35085	1.628	0.818	-0.505	-0.468
259.094696	146.225937	-164.578812	-67.483238	145.239487	4.874025	275.021057	12	-28	1.18	21.398045	1.622	0.818	-0.497	-0.463
258.07901	144.87912	-164.939743	-68.707024	145.060623	5.45891	276.045654	12	-28	1.18	21.415452	1.615	0.816	-0.500	-0.467
260.968628	146.995544	-166.202957	-68.182541	145.776093	5.45891	276.621887	12	-28	1.18	21.438243	1.624	0.818	-0.498	-0.466
271.082306	176.097473	-136.788101	-26.923365	190.313828	5.45891	291.096863	12	-24	1.18	22.003002	1.499	0.746	-0.370	-0.321
270.359924	174.365372	-136.968552	-27.098188	189.419479	5.653871	291.509521	12	-24	1.18	22.011386	1.501	0.742	-0.376	-0.323
269.747375	173.547089	-136.788101	-28.496807	189.061752	5.848832	292.149841	12	-24	1.18	22.028525	1.496	0.744	-0.379	-0.326
270.469574	175.663513	-138.231766	-29.720596	191.208145	5.653871	292.470001	12	-24	1.18	22.048334	1.485	0.746	-0.368	-0.326
272.63623	200.86824	-102.500847	7.709978	226.802551	6.043793	304.796326	12	-20	1.18	22.502449	1.368	0.704	-0.284	-0.195
272.997345	199.136627	-100.515793	11.740204	226.265961	5.848832	305.116486	12	-20	1.18	22.52184	1.380	0.692	-0.291	-0.186
274.26123	201.637848	-101.237633	10.691587	227.875763	6.043793	305.756836	12	-20	1.18	22.538594	1.375	0.699	-0.285	-0.188
274.26123	201.060654	-102.139923	10.338386	227.518036	6.043793	306.237061	12	-20	1.18	22.556643	1.377	0.698	-0.288	-0.190
269.927948	224.918549	-56.483742	45.033375	258.998505	6.043793	317.923065	12	-16	1.18	22.991497	1.233	0.680	-0.223	-0.044
269.927948	225.943649	-58.288334	44.507694	262.218109	6.043793	318.477295	12	-16	1.18	23.011917	1.220	0.674	-0.209	-0.048
271.733459	227.035004	-57.746952	44.682919	260.966034	6.043793	318.883545	12	-16	1.18	23.026873	1.232	0.682	-0.217	-0.047
272.816772	227.419785	-58.468792	44.682919	260.966034	6.043793	319.598083	12	-16	1.18	23.053155	1.237	0.682	-0.219	-0.048
259.704437	244.419449	-9.564339	56.948826	286.901672	6.433716	328.808624	12	-12	1.18	23.375161	1.023	0.712	-0.159	0.066
260.065613	245.381729	-9.925258	56.437519	287.617126	5.848832	328.968719	12	-12	1.18	23.402154	1.021	0.715	-0.156	0.066
260.968628	245.959106	-10.286176	56.423141	287.259399	5.848832	329.685608	12	-12	1.18	23.4281	1.027	0.717	-0.161	0.065
262.413452	246.151566	-12.271228	56.598373	288.511475	6.043793	329.92923	12	-12	1.18	23.429861	1.031	0.712	-0.156	0.061
244.353333	264.62735	37.213615	45.745941	309.617706	6.433716	339.292786	12	-8	1.18	23.752219	0.773	0.816	-0.111	0.131
245.436951	263.280151	37.213615	48.024475	308.544525	6.238754	338.893799	12	-8	1.18	23.744938	0.783	0.809	-0.114	0.137
244.895157	260.970703	37.394264	49.076103	307.650177	6.238754	338.171936	12	-8	1.18	23.719161	0.785	0.801	-0.115	0.140
243.38652	258.661194	37.574913	48.375019	306.398132	6.238754	337.051117	12	-8	1.18	23.679082	0.781	0.798	-0.116	0.139
202.092667	246.728928	79.846657	37.858711	295.666107	6.043793	312.32019	12	-4	1.18	22.784041	0.516	0.882	-0.070	0.223
201.731461	246.151566	79.124062	37.148151	295.487274	5.653871	311.519775	12	-4	1.18	22.768768	0.517	0.881	-0.068	0.221
199.925446	245.959106	81.472496	36.982353	294.056335	5.848832	310.079041	12	-4	1.18	22.707805	0.504	0.890	-0.068	0.227
200.286652	244.22699	79.846657	38.209255	290.657867	5.653871	309.118561	12	-4	1.18	22.679218	0.520	0.889	-0.080	0.230
160.151215	230.562607	111.460144	32.417015	278.137207	5.263948	287.507477	12	0	1.18	21.871874	0.236	0.961	-0.045	0.323
159.429001	230.370148	112.36338	32.241787	277.600616	5.263948	286.707031	12	0	1.18	21.840837	0.229	0.965	-0.044	0.327
160.512314	228.830475	110.376251	32.425285	275.454224	5.263948	286.066711	12	0	1.18	21.815978	0.246	0.963	-0.052	0.324
158.887329	227.997009	110.947266	33.293148	277.242889	5.263948	285.426392	12	0	1.18	21.79109	0.234	0.949	-0.040	0.326
125.484879	216.898209	138.015472	32.417015	261.860352	4.874025	270.218597	12	4	1.18	21.206993	-0.069	1.009	-0.046	0.405
125.665443	215.935898	137.690247	32.767467	259.177399	4.484103	269.578278	12	4	1.18	21.196985	-0.067	1.018	-0.058	0.415
125.698395	214.781189	137.292877	34.002731	259.713989	4.874025	268.937927	12	4	1.18	21.155754	-0.064	1.005	-0.051	0.417
125.304314	216.128387	137.112244	31.373653	260.608337	5.068986	268.617767	12	4	1.18	21.135109	-0.065	1.014	-0.044	0.402
99.665688	212.47171	165.517426	38.374741	256.136658	4.874025	269.258118	12	8	1.18	21.168577	-0.352	0.930	-0.070	0.343
100.387901	213.43399	165.878815	37.84906	257.209839	5.263948	269.898437	12	8	1.18	21.178599	-0.348	0.934	-0.067	0.339
100.568451	214.011353	165.835342	37.157623	257.567596	4.874025	270.378662	12	8	1.18	21.213389	-0.346	0.937	-0.068	0.339
101.471214	214.781189	166.919235	38.735073	257.209839	5.068986	271.018982	12	8	1.18	21.231172	-0.350	0.941	-0.074	0.348
75.290916	224.211548	200.7005	51.004093	265.25885	5.263948	285.266296	12	12	1.18	21.784863	-0.620	0.857	-0.099	0.286
73.304825	223.82663	202.145691	50.127735	266.153168	5.45891	286.066711	12	12	1.18	21.808403	-0.630	0.850	-0.097	0.275
74.227058	222.67189	200.7005	51.354637	265.795441	5.653871	286.707031	12	12	1.18	21.825703	-0.623	0.844	-0.103	0.281
73.846489	224.788895	202.687637	51.354637	266.868622	5.45891	287.187286	12	12	1.18	21.851904	-0.631	0.849	-0.099	0.280
39.190479	231.139969	231.471405	62.572033	270.982574	6.043793	300.794281	12	16	1.18	22.351221	-0.874	0.766	-0.135	0.204
40.815887	231.909775	233.639755	64.675301	271.698029	5.653871	301.274506	12	16	1.18	22.384189	-0.881	0.764	-0.135	0.215
40.263474	228.830475	232.013519	65.551659	270.26709	5.45891	301.914825	12	16	1.18	22.41579	-0.882	0.751	-0.146	0.218
39.360703	232.102234	234.904648	64.500023	274.381012	5.45891	302.395081	12	16	1.18	22.433939	-0.879	0.753	-0.126	0.209
-4.145134	228.060669	260.202057	57.839687	268.120697	5.653871	313.92099	12	20	1.18	22.857967	-1.096	0.706	-0.190	0.088
-4.145134	228.638031	259.591919	57.138603	269.193878	5.263948	314.24115	12	20	1.18	22.884278	-1.087	0.707	-0.186	0.087
-6.666516	229.215393	261.466949	59.417137	269.551636	5.653871	314.8815	12	20	1.18	22.89355	-1.103	0.698	-0.186	0.085
-7.567396	228.060669	262.731812	58.891323	270.982574	5.653871	315.20166	12	20	1.18	22.905398	-1.102	0.690	-0.180	0.082
-60.358986	217.475555	284.234619	40.487789	256.852142	5.848832	324.80658	12	24	1.18	23.250943	-1.292	0.663	-0.255	-0.059
-57.310989	221.324707	284.053925	40.663059	258.283051	6.238754	325.286835	12	24	1.18	23.254236	-1.280	0.678	-0.251	-0.055
-60.555004	220.939804	285.78595	39.611431	258.640778	5.653871	325.606995	12	24	1.18	23.287195	-1.287	0.674	-0.249	-0.060
-60.899517	220.169968	285.86087	38.384525	259.892853	6.043793	326.247314	12	24	1.18	23.296305	-1.279	0.670	-0.245	-0.064
-118.736046	202.656448	307.544403	4.3818	237.355682	6.433716	336.492584	12	28	1.18	23.6521	-1.447	0.673	-0.337	-0.216
-120.929787	204.965912	310.435516	7.010878	239.680954	6.433716	336.812744	12	28	1.18	23.663568	-1.454	0.667	-0.327	-0.214
-116.063766	203.811172	307.183014	4.732344	237.355682	6.433716	337.453064	12	28	1.18	23.686489	-1.444	0.679	-0.342	-0.212
-123.06028	205.158371	311.799316	6.835605	238.428879	6.238754	337.773224	12	28	1.18	23.704912	-1.466	0.669	-0.335	-0.217
-157.834259	167.436935	296.341248	-32.692657	188.167419	5.848832	313.28067	12	32	1.18	22.826977	-1.602	0.706	-0.441	-0.357
-155.532639	168.784149	294.89566	-31.468866	189.240616	5.653871	312.32019	12	32	1.18	22.79854	-1.593	0.708	-0.435	-0.351
-158.956894	166.47467	297.166779	-30.245077	189.419479	5.45891	311.199585	12	32	1.18	22.764106	-1.606	0.693	-0.429	-0.352
-156.392853	165.704834	293.088715	-31.643696	187.273087	5.653871	310.239105	12	32	1.18	22.721051	-1.598	0.702	-0.437	-0.354
-189.725433	130.485352	280.259308	-69.056679	135.938431	4.874025	290.936798	12	36	1.18	22.019359	-1.771	0.752	-0.584	-0.506
-186.170593	130.485352	278.994446	-67.658066	137.190506	5.068986	290.228851	12	36	1.18	21.984581	-1.761	0.750	-0.579	-0.500
-188.464188	128.753235	279.17514	-69.056679	134.507492	5.068986	289.588501	12	36	1.18	21.959883	-1.776	0.751	-0.589	-0.508
-185.990372	128.945694	277.548889	-65.560143	134.686371	4.874025	288.695129	12	36	1.18	21.932914	-1.780	0.747	-0.591	-0.502
-213.744736	94.111115	266.165039	-99.476585	84.603828	4.874025	273.323669	12	40	1.18	21.330715	-1.990	0.803	-0.782	-0.669
-209.364624	94.496025	264.358063	-99.826233	83.351707	4.874025	272.459747	12	40	1.18	21.296364	-1.991	0.817	-0.795	-0.670
-210.806046	95.073395	263.996674	-100.350723	83.70945	5.263948	271.499237	12	40	1.18	21.242558	-1.984	0.817	-0.785	-0.672
-210.085327	92.379013	263.273895	-97.903152	84.067177	4.874025	270.698822	12	40	1.18	21.226175	-1.988	0.799	-0.784	-0.667
-242.03978	61.58601	263.093201	-134.267166	35.952168	4.874025	270.378662	12	44	1.18	21.213389	-2.254	0.874	-1.046	-0.861
-242.220016	63.318115	262.912506	-135.840607	35.773251	5.068986	271.018982	12	44	1.18	21.231172	-2.247	0.886	-1.046	-0.863
-244.743118	62.548286	264.900146	-133.742691	37.383099	5.068986	271.722473	12	44	1.18	21.259234	-2.249	0.866	-1.034	-0.857
-246.725586	61.778461	265.080841	-135.665787	36.309849	4.874025	272.20282	12	44	1.18	21.286138	-2.250	0.868	-1.037	-0.862
259.455811	72.171097	-327.172577	-283.394592	-48.716702	5.458909	294.711151	16	-44	1.18	22.141771	2.286	1.386	-1.339	-1.211
261.149292	71.208817	-332.947266	-287.590485	-52.821045	5.458909	295.099884	16	-44	1.18	22.156644	2.308	1.394	-1.351	-1.226
261.691071	73.518295	-331.864532	-285.317719	-48.538254	5.458909	295.580261	16	-44	1.18	22.17501	2.282	1.380	-1.323	-1.208
259.997467	71.786194	-332.225433	-288.639435	-51.928787	5.458909	296.472046	16	-44	1.18	22.209065	2.291	1.394	-1.348	-1.222
276.427887	107.583046	-308.224365	-256.296448	5.008277	5.45891	307.909454	16	-40	1.18	22.64129	2.035	1.267	-1.054	-1.002
278.594543	106.620766	-314.540436	-259.618134	3.398431	5.65387	308.318115	16	-40	1.18	22.649288	2.042	1.261	-1.050	-1.008
278.306396	110.084984	-310.389893	-258.394348	5.902609	5.653871	308.870178	16	-40	1.18	22.669935	2.028	1.269	-1.044	-0.999
278.667603	108.352875	-312.014008	-259.967804	5.008277	5.848832	309.190399	16	-40	1.18	22.674616	2.030	1.266	-1.045	-1.003
291.129059	142.225174	-284.223267	-223.25412	60.993465	6.043793	319.75827	16	-36	1.18	23.059043	1.828	1.161	-0.822	-0.825
289.969421	142.802536	-280.975037	-222.379974	61.887745	5.848832	320.484344	16	-36	1.18	23.092867	1.821	1.165	-0.825	-0.821
291.413879	143.572372	-283.681915	-224.477905	61.530067	5.848832	320.718994	16	-36	1.18	23.101476	1.822	1.166	-0.821	-0.824
292.032074	143.764832	-285.12558	-225.1772	62.960991	5.848832	321.199341	16	-36	1.18	23.119091	1.814	1.160	-0.812	-0.820
300.260986	177.82959	-253.18428	-181.645294	115.905457	6.238754	332.087463	16	-32	1.18	23.500765	1.660	1.078	-0.649	-0.671
300.700928	177.82959	-250.838318	-180.246689	116.978653	6.433715	332.567841	16	-32	1.18	23.511055	1.659	1.077	-0.648	-0.668
301.885956	176.867294	-255.891174	-185.666321	113.759056	6.433715	333.290955	16	-32	1.18	23.537105	1.667	1.084	-0.656	-0.679
301.705414	176.674835	-253.364746	-181.645294	114.474518	6.433715	333.68866	16	-32	1.18	23.55142	1.672	1.079	-0.660	-0.675
298.533722	203.041351	-213.12236	-134.966476	158.833389	6.433715	331.286865	16	-28	1.18	23.464837	1.537	1.015	-0.518	-0.542
297.088898	200.731888	-212.580978	-134.267166	159.191132	6.433715	329.845795	16	-28	1.18	23.412733	1.532	1.007	-0.513	-0.541
298.635986	200.731888	-209.332718	-127.448921	160.443192	6.043793	328.564819	16	-28	1.18	23.380458	1.545	0.998	-0.511	-0.530
294.19931	200.539429	-207.889038	-130.24614	159.906586	6.238754	327.283905	16	-28	1.18	23.326902	1.526	1.006	-0.509	-0.533
268.483521	204.965912	-149.781158	-77.972862	182.622559	5.458909	304.226715	16	-24	1.18	22.503024	1.411	0.954	-0.410	-0.402
268.122406	204.581009	-147.615662	-74.651138	183.874619	5.65387	303.426117	16	-24	1.18	22.465501	1.409	0.947	-0.405	-0.396
266.858521	202.599854	-149.781158	-76.224586	181.728226	5.848832	302.465393	16	-24	1.18	22.421862	1.414	0.946	-0.410	-0.403
269.747406	203.946686	-150.683456	-76.049767	181.191635	5.848832	301.664795	16	-24	1.18	22.391582	1.427	0.951	-0.409	-0.405
242.005569	206.31311	-92.936501	-30.419905	197.774918	5.068986	283.090912	16	-20	1.18	21.707685	1.291	0.912	-0.329	-0.257
240.380142	203.811172	-92.575584	-30.419905	196.753067	5.263947	282.130188	16	-20	1.18	21.662521	1.289	0.907	-0.331	-0.259
241.102554	205.293503	-92.936501	-30.769558	196.931946	5.068986	281.169525	16	-20	1.18	21.632545	1.291	0.912	-0.326	-0.259
241.824951	204.003632	-94.921555	-30.594734	193.89122	5.068986	280.048706	16	-20	1.18	21.588592	1.312	0.914	-0.336	-0.264
216.179596	204.965912	-41.686085	1.927995	204.570068	4.484102	264.196838	16	-16	1.18	20.980731	1.149	0.905	-0.266	-0.109
215.81839	204.196091	-42.768841	1.40218	202.476791	4.679064	263.556335	16	-16	1.18	20.946957	1.159	0.909	-0.274	-0.114
213.470581	202.848892	-42.227463	0.175278	202.655655	4.874025	262.915863	16	-16	1.18	20.913131	1.143	0.906	-0.269	-0.116
214.91539	203.42627	-44.032055	1.226909	202.297928	5.068986	262.435516	16	-16	1.18	20.885747	1.158	0.904	-0.269	-0.118
211.483963	225.943649	-0.721837	7.36142	228.233566	5.068986	277.006348	16	-12	1.18	21.468832	0.943	0.972	-0.217	-0.008
210.039154	225.688156	0.542072	6.485061	231.095428	5.262468	277.646881	16	-12	1.18	21.486472	0.921	0.963	-0.205	-0.008
210.580948	226.84259	-0.360918	5.783975	230.916565	5.262468	278.287384	16	-12	1.18	21.511719	0.924	0.969	-0.208	-0.011
211.664566	227.227371	-0.902296	6.30979	231.453171	5.068986	279.087921	16	-12	1.18	21.550843	0.929	0.966	-0.208	-0.010
201.009094	247.044861	40.114471	-3.146887	255.242401	5.262468	293.658844	16	-8	1.18	22.108989	0.680	1.057	-0.162	0.056
201.550903	247.814453	40.114471	-2.797233	256.852173	5.457375	293.979065	16	-8	1.18	22.113793	0.678	1.052	-0.156	0.055
201.189697	247.429642	41.017948	-2.797233	257.925385	5.262468	294.459442	16	-8	1.18	22.139655	0.671	1.048	-0.153	0.058
203.176315	247.498734	39.391685	-1.398618	256.070221	5.068986	295.099854	16	-8	1.18	22.171552	0.691	1.050	-0.165	0.059
186.922211	263.087708	78.241302	-8.216873	276.634521	5.848832	306.148071	16	-4	1.18	22.560624	0.450	1.123	-0.122	0.121
186.199814	264.049988	80.771042	-8.216873	278.959167	5.457375	306.788574	16	-4	1.18	22.599355	0.434	1.122	-0.115	0.127
186.922211	263.087708	79.144775	-6.468602	278.959167	5.65387	307.268921	16	-4	1.18	22.609997	0.444	1.111	-0.117	0.126
188.36702	263.206665	77.879906	-8.042045	277.779572	5.457375	307.909454	16	-4	1.18	22.641348	0.455	1.117	-0.124	0.121
168.681488	276.674835	117.633003	-6.118946	295.845062	5.652281	317.836853	16	0	1.18	23.002747	0.213	1.178	-0.092	0.209
168.862091	275.404907	117.271606	-6.643427	295.410614	5.847187	318.477295	16	0	1.18	23.019155	0.215	1.175	-0.096	0.206
169.223297	276.752106	116.910217	-6.993083	296.125885	5.848832	318.797485	16	0	1.18	23.03088	0.217	1.177	-0.094	0.204
171.029312	277.636841	116.729523	-5.769293	294.771881	5.847187	319.117798	16	0	1.18	23.042724	0.227	1.184	-0.102	0.207
146.828766	284.563354	154.494965	-4.720331	305.603363	5.847187	328.404663	16	4	1.18	23.381779	-0.033	1.233	-0.097	0.278
147.73175	284.563354	155.759827	-4.19585	305.682709	6.042093	328.88501	16	4	1.18	23.392123	-0.034	1.234	-0.099	0.281
147.912354	285.717773	154.31427	-5.244812	307.391541	5.848832	329.045135	16	4	1.18	23.404921	-0.027	1.233	-0.092	0.277
147.73175	284.94812	155.037048	-4.370677	306.75592	6.042093	329.525543	16	4	1.18	23.415317	-0.031	1.231	-0.097	0.279
123.350609	292.25943	189.730652	-2.097925	308.902313	6.431905	338.01181	16	8	1.18	23.706535	-0.267	1.186	-0.117	0.218
121.544594	292.451843	191.718323	-3.846196	310.610321	6.237	338.492187	16	8	1.18	23.730663	-0.279	1.177	-0.111	0.209
123.350609	291.105042	188.646484	-2.622406	307.471375	6.431905	338.812469	16	8	1.18	23.73514	-0.264	1.189	-0.127	0.218
122.086395	292.644257	189.911346	-4.895158	310.073853	6.626812	338.332062	16	8	1.18	23.711017	-0.270	1.183	-0.112	0.207
80.367538	266.477509	202.017975	7.186149	276.992157	5.652281	313.033234	16	12	1.18	22.825088	-0.522	1.112	-0.155	0.163
79.103325	263.783875	201.83728	10.691585	276.276886	6.238754	312.232635	16	12	1.18	22.773531	-0.530	1.094	-0.155	0.167
79.825729	262.821869	201.656586	9.990497	276.455688	5.847187	311.592133	16	12	1.18	22.764265	-0.526	1.092	-0.152	0.169
79.464531	263.783875	199.307541	7.36142	274.738831	5.652281	310.311188	16	12	1.18	22.723799	-0.518	1.108	-0.154	0.163
38.648674	238.068375	204.728409	18.754087	244.983383	5.262468	287.89447	16	16	1.18	21.88692	-0.768	1.014	-0.198	0.108
37.203869	236.655106	207.258148	22.610065	245.698654	4.872656	286.933777	16	16	1.18	21.864805	-0.788	0.992	-0.191	0.116
36.300861	236.847504	205.451202	19.980989	244.804565	5.067563	286.133148	16	16	1.18	21.826185	-0.781	1.001	-0.191	0.106
38.648674	236.847504	205.631897	21.032619	244.625748	5.262468	285.973053	16	16	1.18	21.812396	-0.777	1.005	-0.193	0.114
-1.802232	212.086761	208.342331	14.547563	217.623917	4.872656	268.52005	16	20	1.18	21.139063	-0.995	0.935	-0.241	0.007
-3.063795	210.295975	208.88443	16.300282	217.623917	4.677751	268.199799	16	20	1.18	21.134037	-1.004	0.919	-0.240	0.009
-3.604463	211.124481	209.065125	16.826097	216.193375	5.067563	267.719452	16	20	1.18	21.099116	-1.015	0.927	-0.246	0.007
-2.883571	210.103561	208.161636	15.774467	217.087463	4.677751	267.239075	16	20	1.18	21.095477	-1.002	0.923	-0.238	0.008
-48.29982	197.652542	225.147049	-3.846196	201.708939	4.677751	269.800995	16	24	1.18	21.198146	-1.200	0.885	-0.299	-0.135
-49.561382	199.906219	225.689133	-7.167908	200.636032	4.677751	270.121246	16	24	1.18	21.210945	-1.202	0.904	-0.303	-0.144
-48.29982	199.521423	226.050522	-5.769293	202.960678	4.872656	270.601593	16	24	1.18	21.222348	-1.193	0.893	-0.294	-0.139
-49.741608	200.098633	225.869827	-7.517564	201.351303	5.067563	271.08194	16	24	1.18	21.233742	-1.198	0.903	-0.303	-0.147
-98.942543	192.841141	251.890045	-31.643696	190.979736	5.262468	285.01236	16	28	1.18	21.775039	-1.369	0.876	-0.367	-0.275
-100.744766	195.096161	253.335602	-31.81852	192.410309	5.262468	285.492676	16	28	1.18	21.793725	-1.369	0.877	-0.360	-0.277
-100.204102	194.380798	253.516296	-31.294039	192.946762	5.262468	286.133148	16	28	1.18	21.818615	-1.367	0.872	-0.360	-0.274
-101.105217	195.096161	254.419785	-31.294039	193.304398	5.262468	286.773651	16	28	1.18	21.843479	-1.370	0.872	-0.360	-0.275
-151.928162	184.180603	273.031464	-78.14769	167.017868	5.457375	300.383789	16	32	1.18	22.357891	-1.507	0.930	-0.473	-0.427
-154.811737	183.410797	275.922577	-73.951843	169.342529	5.457375	300.70401	16	32	1.18	22.370025	-1.518	0.907	-0.463	-0.422
-154.811737	184.514023	275.561188	-75.350449	169.342529	5.457375	301.184387	16	32	1.18	22.388216	-1.513	0.914	-0.464	-0.424
-153.910629	185.28363	275.380493	-75.700104	168.984879	5.847187	301.344513	16	32	1.18	22.37952	-1.513	0.920	-0.466	-0.425
-206.535797	167.244461	292.185211	-124.127197	134.830276	5.847187	312.232635	16	36	1.18	22.788097	-1.662	0.971	-0.591	-0.570
-207.076477	167.967407	291.643127	-121.679619	135.545563	5.847187	312.712982	16	36	1.18	22.805953	-1.663	0.966	-0.591	-0.568
-207.97757	167.244461	293.450104	-120.805481	137.512573	6.042093	313.033234	16	36	1.18	22.810611	-1.661	0.954	-0.581	-0.565
-207.617142	169.746399	292.5466	-121.155136	137.691391	6.042093	313.51358	16	36	1.18	22.82845	-1.656	0.963	-0.582	-0.564
-253.934525	145.111984	302.304199	-171.330505	91.198204	6.042093	322.800507	16	40	1.18	23.170643	-1.831	1.042	-0.762	-0.720
-256.637878	143.572342	302.846283	-172.379471	89.052361	6.431905	323.601074	16	40	1.18	23.18566	-1.843	1.041	-0.773	-0.728
-254.114746	144.342178	304.833923	-171.680145	91.734665	6.237	323.921326	16	40	1.18	23.204483	-1.835	1.037	-0.762	-0.719
-255.916962	145.689362	304.29184	-165.386383	94.953423	6.237	324.241547	16	40	1.18	23.216174	-1.833	1.018	-0.750	-0.710
-313.047729	114.511459	314.049408	-218.533783	39.340412	5.847187	334.329071	16	44	1.18	23.595528	-2.055	1.091	-0.967	-0.890
-309.623505	114.126541	314.049408	-220.981354	35.942833	6.042093	334.649323	16	44	1.18	23.60003	-2.070	1.112	-0.992	-0.901
-312.687286	111.817062	314.230103	-220.631714	36.47929	6.042093	334.969543	16	44	1.18	23.611526	-2.068	1.097	-0.985	-0.900
-317.373077	113.164253	315.67569	-224.477905	35.58519	5.847187	335.449921	16	44	1.18	23.63575	-2.065	1.102	-0.978	-0.903
253.202835	98.537582	-358.031097	-329.89859	-60.672821	5.652281	306.628448	20	-44	1.18	22.586038	2.158	1.512	-1.297	-1.234
253.564041	99.499863	-360.557526	-331.472046	-62.100403	5.458921	305.82785	20	-44	1.18	22.563242	2.163	1.518	-1.296	-1.238
250.855026	99.692322	-355.143738	-328.674805	-60.121891	5.262468	304.867126	20	-44	1.18	22.534518	2.151	1.520	-1.295	-1.232
249.952011	96.613022	-355.324219	-325.877594	-60.137466	5.652281	304.226654	20	-44	1.18	22.495739	2.158	1.506	-1.299	-1.235
242.547363	121.632332	-297.035889	-271.681213	-4.995289	5.262468	285.973053	20	-40	1.18	21.812396	1.931	1.408	-1.042	-1.037
242.005569	120.092674	-298.479584	-271.856049	-5.531932	4.484115	285.172455	20	-40	1.18	21.811533	1.933	1.402	-1.040	-1.036
241.102554	121.824791	-295.772675	-270.632263	-4.282784	4.482844	284.692108	20	-40	1.18	21.79291	1.925	1.407	-1.036	-1.031
241.283157	120.477592	-295.592224	-270.457397	-5.531932	4.679077	283.89151	20	-40	1.18	21.754113	1.935	1.409	-1.043	-1.037
226.654449	137.221283	-242.537201	-216.785507	38.982769	4.482844	264.837311	20	-36	1.18	21.006636	1.747	1.318	-0.841	-0.872
226.112656	138.568481	-242.537201	-216.610703	39.51923	4.289154	263.876587	20	-36	1.18	20.975669	1.742	1.320	-0.834	-0.869
225.209671	137.028824	-241.093521	-216.435852	38.982769	4.679077	263.075989	20	-36	1.18	20.927515	1.742	1.320	-0.837	-0.872
224.667847	136.451462	-238.025726	-212.240021	40.234509	4.484115	262.275391	20	-36	1.18	20.902976	1.744	1.314	-0.837	-0.865
231.711304	163.395325	-213.302811	-182.519424	81.026497	5.067563	272.202789	20	-32	1.18	21.27843	1.595	1.240	-0.685	-0.728
235.142715	163.780243	-217.814301	-182.519424	81.20536	5.652281	272.843262	20	-32	1.18	21.28065	1.610	1.231	-0.681	-0.731
235.142715	163.587784	-215.287872	-182.344604	81.899559	5.068999	273.163513	20	-32	1.18	21.316601	1.605	1.232	-0.681	-0.726
234.420303	165.127441	-216.731522	-183.918045	81.899559	4.874037	273.803986	20	-32	1.18	21.349789	1.599	1.237	-0.680	-0.727
243.992172	193.610962	-192.550003	-153.148483	120.882309	5.26396	287.253998	20	-28	1.18	21.86205	1.486	1.181	-0.566	-0.606
244.533966	193.803421	-191.286789	-151.575043	121.450302	5.457375	287.89447	20	-28	1.18	21.879373	1.488	1.179	-0.568	-0.604
245.617569	193.226044	-194.174133	-153.498138	121.23996	5.068999	288.374847	20	-28	1.18	21.912996	1.490	1.175	-0.566	-0.606
247.78479	195.15062	-194.174133	-151.400208	121.629173	5.262468	288.855194	20	-28	1.18	21.924088	1.501	1.177	-0.568	-0.605
248.145996	219.977478	-151.224838	-118.882385	159.906586	5.26396	299.102844	20	-24	1.18	22.316631	1.354	1.149	-0.472	-0.476
249.590805	219.400116	-152.488052	-118.35791	159.149796	5.26396	299.583191	20	-24	1.18	22.334865	1.365	1.147	-0.477	-0.478
247.242996	220.554825	-151.76622	-119.406876	159.191116	5.067563	299.583191	20	-24	1.18	22.342315	1.354	1.153	-0.476	-0.477
250.132599	220.169922	-151.946671	-116.784462	161.295639	5.068999	300.223663	20	-24	1.18	22.366541	1.360	1.140	-0.470	-0.472
247.965408	243.264664	-103.042221	-80.070786	192.946762	5.848845	309.030212	20	-20	1.18	22.668629	1.234	1.136	-0.408	-0.342
246.520569	242.687317	-101.598541	-81.119751	194.248932	5.652281	309.670685	20	-20	1.18	22.699899	1.219	1.134	-0.404	-0.340
249.410217	245.574158	-103.222679	-81.819061	194.019684	5.653883	309.670685	20	-20	1.18	22.69984	1.231	1.143	-0.404	-0.343
249.590805	244.996796	-102.500847	-81.819061	193.304398	5.848845	309.990936	20	-20	1.18	22.704516	1.233	1.145	-0.409	-0.343
242.186157	266.166962	-49.626289	-55.420177	224.477341	6.042093	319.437988	20	-16	1.18	23.047332	1.053	1.161	-0.343	-0.211
244.714584	267.899078	-49.987209	-54.720863	225.492004	5.653883	319.918335	20	-16	1.18	23.079247	1.061	1.161	-0.340	-0.209
243.811584	266.55188	-51.430882	-56.993614	225.313187	5.848845	320.558807	20	-16	1.18	23.095599	1.056	1.157	-0.341	-0.215
244.289322	265.974518	-51.791801	-56.2943	225.192825	6.042093	320.718933	20	-16	1.18	23.094384	1.060	1.154	-0.342	-0.215
230.928329	284.835236	-3.970103	-50.525013	249.160919	5.653883	327.604095	20	-12	1.18	23.359759	0.850	1.213	-0.284	-0.119
230.988892	283.680511	-2.887348	-47.902611	249.518661	6.043806	327.764191	20	-12	1.18	23.35142	0.851	1.206	-0.285	-0.114
230.627686	287.144714	-4.331022	-50.874672	252.49382	6.043806	328.244537	20	-12	1.18	23.368846	0.839	1.207	-0.270	-0.120
231.711304	288.876801	-3.609185	-50.350189	252.851456	5.653883	328.404663	20	-12	1.18	23.388785	0.841	1.212	-0.270	-0.117
211.067429	300.424194	39.020077	-54.895691	273.844452	6.043806	335.129669	20	-8	1.18	23.617211	0.611	1.261	-0.217	-0.050
212.511856	299.461884	39.381374	-53.846725	271.698059	6.043806	335.610046	20	-8	1.18	23.634442	0.621	1.267	-0.229	-0.048
211.845169	299.076996	37.223335	-56.119476	272.342834	5.848845	335.930267	20	-8	1.18	23.652908	0.620	1.260	-0.226	-0.054
211.30336	301.386475	39.742676	-55.595001	275.990875	5.848845	335.930267	20	-8	1.18	23.652908	0.604	1.257	-0.211	-0.049
173.512238	283.103119	68.82708	-52.972595	265.616608	5.458921	312.160126	20	-4	1.18	22.799837	0.406	1.304	-0.181	0.010
174.641327	281.948395	69.02581	-50.525013	263.75946	5.458921	310.791534	20	-4	1.18	22.74891	0.415	1.306	-0.185	0.015
174.099533	280.023834	67.941635	-49.476051	261.860413	5.458921	309.438721	20	-4	1.18	22.698458	0.420	1.304	-0.188	0.015
174.053894	280.023834	68.465782	-49.126396	260.071777	5.26396	308.158051	20	-4	1.18	22.657887	0.422	1.314	-0.192	0.018
140.470886	262.702759	93.395271	-40.559872	250.770721	5.458921	288.467957	20	0	1.18	21.901514	0.210	1.352	-0.168	0.093
140.688324	261.932922	93.239059	-41.259182	249.876373	5.458921	287.734375	20	0	1.18	21.873111	0.212	1.354	-0.169	0.092
140.146515	262.125397	93.058365	-41.958488	251.128433	5.458921	286.933777	20	0	1.18	21.84207	0.209	1.348	-0.159	0.089
139.5681	262.125397	91.046844	-42.133312	248.266586	5.458921	286.386902	20	0	1.18	21.820841	0.217	1.359	-0.170	0.085
111.582268	248.268539	112.544014	-38.63678	235.745926	5.068999	271.339172	20	4	1.18	21.243949	-0.005	1.440	-0.179	0.158
111.611534	247.498718	115.103264	-36.888504	237.892319	5.068999	270.858917	20	4	1.18	21.224782	-0.017	1.418	-0.164	0.161
111.762833	246.921341	113.808563	-35.839542	236.998001	4.874037	270.058533	20	4	1.18	21.200596	-0.010	1.421	-0.166	0.166
110.860054	244.996796	114.531158	-35.839542	234.136124	4.874037	269.738373	20	4	1.18	21.187794	-0.019	1.428	-0.181	0.166
87.388062	240.9552	134.763779	-35.140236	226.802597	4.874037	266.536713	20	8	1.18	21.059347	-0.236	1.376	-0.198	0.106
87.388062	242.302414	136.02832	-36.189198	229.485596	4.874037	266.856873	20	8	1.18	21.072226	-0.239	1.366	-0.183	0.102
87.049782	242.879776	137.148163	-36.014366	229.664474	4.679077	267.719452	20	8	1.18	21.114714	-0.245	1.366	-0.186	0.102
86.66584	243.264664	138.015442	-35.31506	232.526352	4.679077	268.137543	20	8	1.18	21.131488	-0.248	1.347	-0.172	0.102
67.544853	255.004501	165.51741	-31.993347	234.672729	4.679077	283.411133	20	12	1.18	21.735391	-0.452	1.323	-0.225	0.060
66.804924	254.619583	166.601593	-31.294039	235.209351	4.679077	283.825562	20	12	1.18	21.751543	-0.459	1.315	-0.224	0.060
67.166031	253.272415	166.196625	-31.643696	235.567062	4.679077	284.626007	20	12	1.18	21.782707	-0.455	1.308	-0.225	0.060
67.707695	255.19696	166.738571	-30.769558	235.388214	4.679077	285.266327	20	12	1.18	21.807604	-0.457	1.318	-0.230	0.064
37.555202	260.778198	197.087509	-23.426823	236.103653	5.26396	299.353546	20	16	1.18	22.326149	-0.697	1.241	-0.276	0.008
36.471878	262.317841	197.990753	-23.251997	238.071198	5.653883	299.833801	20	16	1.18	22.329578	-0.698	1.234	-0.267	0.004
34.494846	263.280121	197.861969	-25.699574	235.745926	5.458921	300.543915	20	16	1.18	22.363901	-0.706	1.249	-0.280	-0.005
37.013542	263.087677	197.81012	-24.650612	237.71347	5.26396	301.114441	20	16	1.18	22.39289	-0.694	1.243	-0.274	0.004
-7.028705	262.895203	225.629974	-30.944386	230.737671	5.653883	312.000031	20	20	1.18	22.786636	-0.932	1.177	-0.325	-0.099
-7.389152	261.548035	224.907379	-30.070253	230.379959	5.848845	312.800446	20	20	1.18	22.809142	-0.933	1.171	-0.331	-0.099
-8.650713	263.087677	226.894531	-29.370943	232.705215	5.653883	312.960541	20	20	1.18	22.82233	-0.936	1.162	-0.319	-0.098
-8.830938	261.740479	227.255814	-29.370943	231.810867	5.653883	313.280701	20	20	1.18	22.834216	-0.941	1.160	-0.325	-0.099
-67.583702	257.121552	254.533722	-59.616024	218.217041	5.848845	323.365845	20	24	1.18	23.198371	-1.143	1.124	-0.373	-0.246
-65.060577	257.891357	254.17244	-59.091537	218.932495	6.043806	323.8461	20	24	1.18	23.208791	-1.136	1.128	-0.373	-0.242
-68.304596	257.698914	256.882141	-54.895691	218.395905	5.458921	324.16629	20	24	1.18	23.241815	-1.161	1.116	-0.378	-0.240
-68.845268	258.853638	255.798279	-59.965675	218.395905	6.043806	324.80661	20	24	1.18	23.243837	-1.148	1.127	-0.376	-0.249
-131.923401	248.460999	280.005157	-93.182816	198.18399	6.433728	335.372009	20	28	1.18	23.611915	-1.326	1.099	-0.441	-0.383
-134.446518	249.423294	281.811676	-93.007988	199.972641	6.238767	335.692169	20	28	1.18	23.630396	-1.327	1.092	-0.433	-0.382
-133.184952	248.653458	282.714905	-93.357643	201.045853	6.433728	336.172424	20	28	1.18	23.640625	-1.323	1.088	-0.430	-0.381
-134.266296	250.578003	281.089081	-96.329697	198.899445	6.238767	336.652679	20	28	1.18	23.664817	-1.322	1.104	-0.438	-0.387
-174.45607	217.090652	272.598602	-135.840607	154.182846	5.848845	314.401245	20	32	1.18	22.868541	-1.445	1.141	-0.518	-0.520
-172.293396	216.705734	272.308685	-127.274078	155.613785	5.26396	313.193329	20	32	1.18	22.845442	-1.456	1.126	-0.516	-0.508
-171.752731	215.743423	273.140533	-128.148224	155.792648	5.848845	312.32019	20	32	1.18	22.791291	-1.455	1.125	-0.512	-0.510
-172.653824	214.011322	272.237274	-129.546844	155.434921	5.848845	311.519775	20	32	1.18	22.76151	-1.451	1.121	-0.509	-0.512
-201.849991	179.561661	260.495117	-155.596054	112.328117	5.068999	291.829681	20	36	1.18	22.046203	-1.589	1.152	-0.617	-0.631
-202.93132	178.164749	258.146698	-157.519165	108.393066	5.26396	291.189362	20	36	1.18	22.014072	-1.598	1.163	-0.633	-0.643
-202.93132	177.444641	257.424103	-159.966751	107.677589	5.068999	290.388947	20	36	1.18	21.990751	-1.592	1.167	-0.632	-0.645
-200.58844	177.972336	256.882141	-155.421234	109.287392	5.068999	289.748596	20	36	1.18	21.96606	-1.592	1.160	-0.628	-0.637
-224.558151	145.111984	244.056122	-184.617355	65.107384	4.874037	273.420258	20	40	1.18	21.334552	-1.738	1.223	-0.772	-0.777
-224.377914	145.841125	243.514175	-183.218735	66.180588	4.874037	272.459747	20	40	1.18	21.296364	-1.733	1.219	-0.764	-0.773
-223.83725	143.572342	243.514175	-181.295639	65.465118	4.874037	271.659332	20	40	1.18	21.264489	-1.744	1.212	-0.769	-0.774
-221.674561	145.689362	241.527054	-180.945984	66.180588	4.874037	270.378693	20	40	1.18	21.21339	-1.732	1.221	-0.763	-0.771
-258.079651	118.745483	241.707703	-215.386917	22.716047	4.289154	269.738373	20	44	1.18	21.211175	-1.926	1.288	-0.952	-0.929
-258.259857	119.481979	240.985107	-213.463821	21.821716	4.874037	270.378693	20	44	1.18	21.21339	-1.937	1.292	-0.965	-0.934
-258.079651	119.866791	240.623795	-216.086212	21.642851	4.679077	271.179077	20	44	1.18	21.253115	-1.928	1.298	-0.964	-0.934
-258.620331	120.285133	241.707703	-218.883438	21.285118	4.484115	271.499237	20	44	1.18	21.273646	-1.924	1.304	-0.962	-0.935
221.178436	114.319	-363.169342	-346.682007	-71.736687	5.26396	294.070831	24	-44	1.18	22.124719	2.063	1.628	-1.292	-1.272
222.681244	114.671913	-362.903503	-344.933746	-69.755669	5.26396	294.711182	24	-44	1.18	22.149233	2.061	1.617	-1.283	-1.264
223.525635	113.934082	-364.43222	-344.933746	-71.379784	5.26396	294.871246	24	-44	1.18	22.155357	2.075	1.620	-1.293	-1.271
224.247864	116.980743	-366.416748	-347.206482	-70.13063	5.458921	295.831726	24	-44	1.18	22.184618	2.060	1.619	-1.277	-1.264
239.053253	147.806381	-335.927124	-319.758636	-21.235485	6.043806	307.357635	24	-40	1.18	22.598704	1.875	1.525	-1.072	-1.089
237.789383	149.730942	-336.287933	-325.003448	-22.306181	5.653883	307.677795	24	-40	1.18	22.625317	1.862	1.540	-1.070	-1.091
239.594925	150.458786	-337.458771	-322.730713	-17.840326	5.458921	307.997955	24	-40	1.18	22.644602	1.848	1.515	-1.044	-1.075
240.136597	151.270599	-337.911652	-323.255188	-19.272539	5.848845	308.958466	24	-40	1.18	22.665946	1.857	1.524	-1.054	-1.081
250.428162	184.898834	-310.489014	-297.555603	27.008842	5.653883	318.72348	24	-36	1.18	23.035331	1.694	1.457	-0.881	-0.935
252.77536	186.245651	-315.081818	-301.052155	27.008842	6.238767	319.203735	24	-36	1.18	23.031481	1.695	1.454	-0.872	-0.938
252.77536	185.668442	-310.209412	-295.807343	29.334105	6.043806	319.68396	24	-36	1.18	23.056312	1.694	1.449	-0.874	-0.930
253.678131	186.245651	-312.73584	-298.429749	28.082043	5.848845	320.00412	24	-36	1.18	23.075237	1.698	1.453	-0.875	-0.933
260.539185	215.875641	-282.705566	-261.016754	73.156372	5.653883	329.448975	24	-32	1.18	23.426593	1.575	1.382	-0.743	-0.804
261.983612	218.761658	-287.110626	-264.688141	76.018234	5.848845	330.089294	24	-32	1.18	23.442698	1.560	1.374	-0.722	-0.801
261.983612	217.475555	-287.576721	-264.862946	73.871841	5.653883	330.56955	24	-32	1.18	23.467095	1.570	1.378	-0.733	-0.805
261.983612	218.569275	-287.471558	-267.485382	73.514107	5.458921	330.889709	24	-32	1.18	23.485689	1.565	1.385	-0.733	-0.806
265.775208	246.082825	-249.755569	-227.799637	114.653381	6.433728	338.093414	24	-28	1.18	23.709388	1.459	1.341	-0.632	-0.694
265.233582	247.237244	-249.690186	-228.848587	113.580185	6.043806	338.413574	24	-28	1.18	23.734755	1.459	1.349	-0.637	-0.695
264.330811	246.275238	-244.161331	-223.25412	117.336365	6.433728	338.733734	24	-28	1.18	23.732264	1.449	1.338	-0.631	-0.684
263.608582	246.852432	-246.687759	-226.750671	115.726578	6.433728	338.573639	24	-28	1.18	23.726547	1.448	1.344	-0.632	-0.690
238.511612	244.928421	-173.06041	-166.260513	139.515808	5.653883	311.839935	24	-24	1.18	22.780681	1.331	1.330	-0.557	-0.567
237.428268	245.890427	-174.143158	-168.708084	140.231277	5.848845	311.03952	24	-24	1.18	22.743622	1.321	1.330	-0.548	-0.569
235.622742	244.736008	-174.819214	-168.533264	136.475082	5.653883	309.918976	24	-24	1.18	22.709108	1.332	1.341	-0.563	-0.575
235.803284	242.811966	-171.255814	-165.386383	140.767883	5.653883	309.438721	24	-24	1.18	22.691178	1.317	1.321	-0.546	-0.563
211.970184	241.657562	-109.690491	-120.455833	156.865845	5.068999	288.467957	24	-20	1.18	21.916597	1.183	1.332	-0.484	-0.442
210.886871	239.733551	-107.553703	-118.008247	157.044724	5.068999	287.667542	24	-20	1.18	21.885625	1.180	1.326	-0.484	-0.437
211.247986	238.771515	-108.427612	-118.008247	156.508118	5.26396	286.707062	24	-20	1.18	21.840839	1.185	1.323	-0.483	-0.439
210.706314	236.847504	-106.470947	-115.910324	156.150375	5.068999	285.746582	24	-20	1.18	21.811114	1.186	1.320	-0.485	-0.435
186.331543	235.885498	-58.092659	-89.161789	167.061234	4.484115	269.418182	24	-16	1.18	21.190583	1.016	1.350	-0.425	-0.325
186.150986	235.885498	-57.731838	-88.462479	167.418961	4.679077	268.937927	24	-16	1.18	21.163562	1.014	1.349	-0.422	-0.323
184.706573	234.731064	-55.747307	-88.637306	167.240097	4.874037	268.137543	24	-16	1.18	21.123668	1.004	1.351	-0.421	-0.322
185.428787	234.346283	-58.649246	-90.385582	165.451447	4.679077	267.817383	24	-16	1.18	21.118644	1.017	1.353	-0.427	-0.330
172.067795	245.120819	-18.762848	-82.168709	184.232422	4.679077	271.019012	24	-12	1.18	21.246732	0.813	1.395	-0.370	-0.235
172.790009	246.082825	-18.762848	-81.469398	184.947876	4.874037	271.819397	24	-12	1.18	21.270867	0.815	1.393	-0.370	-0.234
174.414993	248.076111	-20.030973	-82.343536	185.842209	4.874037	272.619843	24	-12	1.18	21.302734	0.820	1.394	-0.366	-0.237
174.414993	246.275238	-18.045923	-81.119751	185.484467	4.874037	273.420258	24	-12	1.18	21.334552	0.819	1.393	-0.374	-0.232
163.220657	267.514191	14.451884	-86.0149	210.883499	5.068999	287.667542	24	-8	1.18	21.885625	0.603	1.433	-0.311	-0.166
163.942871	268.786316	14.817022	-85.315598	209.989166	5.26396	288.307892	24	-8	1.18	21.902865	0.608	1.444	-0.319	-0.165
165.567856	268.861389	14.274936	-84.965942	209.810303	5.26396	288.788116	24	-8	1.18	21.921438	0.617	1.443	-0.322	-0.166
165.026199	268.861389	13.729291	-86.714203	209.810303	5.068999	289.268372	24	-8	1.18	21.947525	0.614	1.444	-0.323	-0.169
149.318024	284.642792	48.594452	-87.238693	230.916534	5.653883	301.754761	24	-4	1.18	22.402364	0.403	1.486	-0.283	-0.100
148.054138	284.563324	45.716019	-91.259712	229.127869	5.458921	302.235016	24	-4	1.18	22.427892	0.406	1.492	-0.290	-0.112
149.318024	285.605072	47.884365	-89.686264	230.379959	5.458921	302.395081	24	-4	1.18	22.433939	0.404	1.494	-0.287	-0.105
149.137466	285.412628	47.522976	-89.511444	230.022217	6.043806	303.515686	24	-4	1.18	22.454168	0.405	1.494	-0.293	-0.108
130.179306	297.646698	82.216583	-89.861092	247.372238	5.653883	315.041595	24	0	1.18	22.899475	0.191	1.543	-0.269	-0.038
131.623749	300.039307	81.833771	-90.035927	248.445435	5.653883	315.84201	24	0	1.18	22.929078	0.197	1.545	-0.267	-0.039
130.179306	301.001587	84.182205	-90.210754	249.339783	5.458921	316.16217	24	0	1.18	22.948108	0.182	1.550	-0.265	-0.034
130.901535	301.687134	82.397278	-92.13385	248.087723	5.653883	316.642395	24	0	1.18	22.958641	0.192	1.557	-0.271	-0.042
109.596176	306.390381	114.350502	-91.784187	256.673309	6.238767	326.247314	24	4	1.18	23.289211	-0.019	1.607	-0.281	0.011
109.776741	309.277191	114.350502	-92.13385	256.673309	5.848845	326.887665	24	4	1.18	23.326671	-0.018	1.620	-0.283	0.012
109.776741	310.62439	114.531158	-94.231773	258.283081	6.238767	326.887665	24	4	1.18	23.312501	-0.019	1.616	-0.274	0.006
110.318382	309.084747	115.826012	-91.784187	258.640839	5.848845	327.207825	24	4	1.18	23.3383	-0.022	1.608	-0.275	0.014
84.138084	315.435791	148.170578	-91.95903	260.071777	6.238767	336.652679	24	8	1.18	23.664817	-0.243	1.543	-0.290	-0.038
83.776978	318.810974	146.905716	-95.455566	260.608337	6.433728	337.292999	24	8	1.18	23.680761	-0.237	1.555	-0.288	-0.046
86.124184	317.656555	146.544312	-93.182816	258.283081	6.238767	337.613159	24	8	1.18	23.699188	-0.231	1.569	-0.303	-0.037
81.790886	318.899994	147.4478	-97.029015	259.535156	5.848845	337.773254	24	8	1.18	23.718848	-0.246	1.557	-0.293	-0.050
49.110649	294.073151	164.751434	-83.392494	235.030472	5.848845	316.80249	24	12	1.18	22.957353	-0.459	1.497	-0.324	-0.091
49.471756	292.836639	164.252518	-81.993881	234.136124	5.848845	315.681915	24	12	1.18	22.915951	-0.458	1.497	-0.326	-0.088
48.388432	293.11087	164.794601	-83.042847	234.672729	5.653883	314.56134	24	12	1.18	22.881695	-0.462	1.493	-0.317	-0.091
47.846771	291.763672	162.944946	-82.168709	232.526352	5.653883	312.960541	24	12	1.18	22.82233	-0.461	1.498	-0.322	-0.091
14.624868	263.087708	173.468002	-67.658066	205.338638	5.26396	291.029297	24	16	1.18	22.007909	-0.685	1.427	-0.370	-0.137
11.555452	263.472626	172.925919	-69.755989	204.444305	5.26396	290.228851	24	16	1.18	21.977065	-0.691	1.427	-0.367	-0.147
13.722098	263.591461	172.564529	-69.581161	204.086578	5.068999	289.588531	24	16	1.18	21.959884	-0.685	1.436	-0.369	-0.142
11.194345	264.049988	172.20314	-70.804955	204.265442	5.26396	288.788116	24	16	1.18	21.921438	-0.688	1.431	-0.361	-0.150
-26.673037	239.030655	180.515137	-66.958755	179.045288	4.679077	273.260162	24	20	1.18	21.335936	-0.917	1.355	-0.417	-0.228
-27.57415	239.800491	180.334442	-67.133583	179.224152	4.874037	272.459747	24	20	1.18	21.296364	-0.918	1.355	-0.411	-0.231
-26.673037	238.260849	179.973068	-64.336349	177.614349	4.679077	272.139587	24	20	1.18	21.291381	-0.926	1.356	-0.424	-0.225
-25.411474	238.260849	179.611664	-66.084618	178.687561	4.289154	271.339172	24	20	1.18	21.275036	-0.914	1.356	-0.413	-0.223
-72.990402	222.286972	192.80246	-85.490417	155.613785	4.289154	265.256042	24	24	1.18	21.031328	-1.132	1.311	-0.467	-0.356
-70.287048	222.67189	192.80246	-87.763168	156.865845	4.484115	265.736298	24	24	1.18	21.042821	-1.115	1.316	-0.462	-0.354
-72.990402	223.634171	194.248032	-89.861092	157.581314	4.484115	266.376648	24	24	1.18	21.068594	-1.118	1.312	-0.455	-0.359
-74.071739	224.981354	193.886642	-87.063866	157.044724	4.874037	267.016968	24	24	1.18	21.078664	-1.128	1.313	-0.463	-0.360
-130.121155	223.249237	219.364777	-125.176155	142.37767	5.26396	281.904602	24	28	1.18	21.653694	-1.294	1.290	-0.517	-0.492
-127.958481	223.249237	219.545456	-121.854446	143.272003	5.26396	282.705017	24	28	1.18	21.684997	-1.296	1.287	-0.520	-0.485
-127.59803	223.634171	219.906845	-120.805481	142.37767	5.068999	283.185242	24	28	1.18	21.711367	-1.304	1.292	-0.528	-0.485
-130.301376	224.596436	219.726151	-124.127197	142.198807	5.068999	283.825562	24	28	1.18	21.736346	-1.299	1.294	-0.526	-0.491
-185.761551	219.785049	241.771042	-169.057739	122.344627	5.458921	298.072876	24	32	1.18	22.270066	-1.426	1.297	-0.586	-0.610
-187.022781	219.785049	242.493835	-169.232574	122.165764	5.458921	298.713196	24	32	1.18	22.294419	-1.430	1.295	-0.588	-0.611
-187.251923	220.169968	243.035919	-168.708084	122.344627	5.458921	299.193451	24	32	1.18	22.312668	-1.433	1.295	-0.589	-0.611
-186.3508	222.286972	243.216614	-168.358444	124.312164	5.848845	299.993896	24	32	1.18	22.328254	-1.424	1.295	-0.582	-0.607
-233.147873	209.39241	255.684616	-215.037262	92.831673	5.653883	311.35968	24	36	1.18	22.762808	-1.542	1.339	-0.690	-0.725
-233.389084	208.815033	256.768799	-215.911392	93.010544	5.653883	311.519775	24	36	1.18	22.768768	-1.543	1.337	-0.688	-0.725
-233.389084	209.777328	258.214386	-214.163116	95.335808	5.26396	312.160126	24	36	1.18	22.807083	-1.541	1.329	-0.679	-0.718
-234.409103	211.50943	259.298553	-213.463821	95.872406	5.068999	312.480286	24	36	1.18	22.826215	-1.544	1.329	-0.677	-0.716
-286.554901	194.765732	269.959625	-259.967804	59.562527	6.043806	322.2453	24	40	1.18	23.150265	-1.672	1.366	-0.789	-0.839
-284.678223	195.535553	268.152649	-258.744019	57.773865	6.043806	322.88562	24	40	1.18	23.173693	-1.678	1.379	-0.805	-0.843
-286.374695	194.765732	266.707062	-261.191589	55.448597	6.043806	323.20578	24	40	1.18	23.185398	-1.680	1.385	-0.813	-0.850
-287.095581	194.958176	269.778931	-258.918854	58.847061	6.238767	323.686005	24	40	1.18	23.195822	-1.678	1.368	-0.798	-0.841
-338.278992	170.323792	275.380463	-309.793488	10.553134	5.848845	334.09137	24	44	1.18	23.58693	-1.834	1.435	-0.967	-0.986
-339.271576	173.403091	277.006744	-311.716614	12.341798	6.238767	334.891754	24	44	1.18	23.601673	-1.824	1.436	-0.955	-0.982
-344.316528	173.210632	277.548828	-311.541779	12.699532	6.043806	335.211914	24	44	1.18	23.620162	-1.826	1.423	-0.947	-0.980
-342.51474	173.980453	277.729523	-310.667633	12.162932	6.238767	335.532074	24	44	1.18	23.624653	-1.831	1.431	-0.955	-0.983
210.525757	135.681656	-398.8909	-380.773285	-85.83419	5.653883	308.158051	28	-44	1.18	22.643298	2.005	1.699	-1.296	-1.301
206.734131	136.836395	-399.717194	-382.696381	-90.830772	5.848845	307.357635	28	-44	1.18	22.606013	2.019	1.730	-1.326	-1.322
208.359116	135.489197	-397.628021	-381.122925	-88.154037	5.653883	306.717316	28	-44	1.18	22.589312	2.012	1.715	-1.311	-1.311
207.636902	135.104294	-396.184723	-377.801208	-87.975578	5.653883	305.596741	28	-44	1.18	22.547234	2.019	1.715	-1.316	-1.313
203.484161	154.734833	-336.917389	-324.304138	-36.939037	4.874037	287.347382	28	-40	1.18	21.880777	1.840	1.631	-1.104	-1.142
200.956406	153.580093	-336.376007	-326.576904	-39.794231	4.874037	286.546967	28	-40	1.18	21.849754	1.842	1.646	-1.119	-1.153
200.05365	151.847977	-336.829163	-324.828644	-41.400272	5.068999	286.066742	28	-40	1.18	21.823551	1.855	1.647	-1.131	-1.161
197.886993	153.002731	-332.405884	-322.730713	-39.437332	5.458921	285.426392	28	-40	1.18	21.783506	1.840	1.651	-1.127	-1.156
191.206497	166.282211	-279.711823	-272.205688	2.325281	4.679077	267.337128	28	-36	1.18	21.099363	1.692	1.576	-0.952	-1.008
190.353622	164.742554	-278.629028	-271.331543	1.252082	4.679077	266.856873	28	-36	1.18	21.080065	1.698	1.579	-0.962	-1.012
189.220413	163.587814	-273.684998	-269.233612	1.967547	4.094193	266.216553	28	-36	1.18	21.077837	1.693	1.583	-0.966	-1.008
188.498199	165.127457	-278.736542	-271.681213	0.178883	4.289154	265.576202	28	-36	1.18	21.044225	1.697	1.586	-0.964	-1.015
196.442566	191.109055	-256.545837	-247.205444	36.846493	4.874037	274.060577	28	-32	1.18	21.359972	1.569	1.518	-0.822	-0.889
196.855255	191.301514	-258.417633	-249.47818	35.594429	4.874037	275.021057	28	-32	1.18	21.398045	1.572	1.522	-0.827	-0.894
194.817581	191.686432	-258.237152	-249.47818	35.236698	4.874037	275.565277	28	-32	1.18	21.419588	1.567	1.526	-0.831	-0.895
198.428665	192.456253	-259.861267	-249.82782	36.131027	5.068999	276.461823	28	-32	1.18	21.447327	1.575	1.520	-0.826	-0.893
206.373016	222.864349	-226.656784	-224.827576	72.977509	5.068999	292.149841	28	-28	1.18	22.058506	1.450	1.499	-0.734	-0.773
206.968918	224.596436	-234.416534	-231.820648	71.188843	5.068999	292.698059	28	-28	1.18	22.079558	1.450	1.500	-0.728	-0.783
206.553574	224.403976	-231.829407	-231.995483	70.115646	5.068999	293.110321	28	-28	1.18	22.095376	1.451	1.511	-0.738	-0.785
206.78833	224.981354	-229.724594	-228.498932	73.514107	5.458921	293.910767	28	-28	1.18	22.111116	1.442	1.498	-0.728	-0.775
209.9841	252.502609	-195.076416	-206.121078	104.636856	5.653883	305.756836	28	-24	1.18	22.55325	1.327	1.503	-0.659	-0.676
210.761551	252.502609	-195.978729	-206.295898	105.531189	5.653883	306.237091	28	-24	1.18	22.571289	1.326	1.496	-0.654	-0.674
210.164658	252.117691	-189.432587	-201.225906	109.466255	5.848845	306.877411	28	-24	1.18	22.588004	1.311	1.487	-0.648	-0.660
210.039139	253.849808	-195.076416	-206.295898	108.571922	5.458921	306.877411	28	-24	1.18	22.602628	1.310	1.488	-0.641	-0.667
211.303345	281.755951	-152.307587	-181.470474	142.735397	5.458921	321.999908	28	-20	1.18	23.162689	1.174	1.496	-0.579	-0.557
211.122742	280.023865	-150.503006	-178.323578	142.914276	5.848845	322.800507	28	-20	1.18	23.177709	1.177	1.491	-0.585	-0.554
212.386963	282.525787	-150.863907	-179.722198	143.808609	5.653883	323.280823	28	-20	1.18	23.202387	1.175	1.495	-0.581	-0.553
211.067429	281.563507	-154.432663	-182.69426	142.198807	5.458921	323.686005	28	-20	1.18	23.224296	1.176	1.494	-0.584	-0.560
207.998016	306.967712	-102.474007	-162.064651	172.248352	6.043806	337.292999	28	-16	1.18	23.694711	1.020	1.540	-0.542	-0.454
206.734131	308.421204	-106.082253	-166.260513	173.679291	6.238767	337.933319	28	-16	1.18	23.710634	1.010	1.532	-0.530	-0.460
206.607712	308.122467	-103.764061	-164.162598	174.215881	6.043806	338.171936	28	-16	1.18	23.726126	1.007	1.533	-0.532	-0.454
209.081345	306.775269	-104.846817	-163.463287	173.500427	6.238767	338.812408	28	-16	1.18	23.742033	1.020	1.528	-0.537	-0.456
176.62793	298.692108	-52.513638	-145.80574	180.476212	5.848845	318.63739	28	-12	1.18	23.024988	0.819	1.590	-0.494	-0.376
175.905518	297.729828	-53.055016	-145.281265	179.403015	5.848845	317.516571	28	-12	1.18	22.983698	0.822	1.590	-0.496	-0.377
176.266724	295.227905	-51.61134	-143.88266	178.866409	5.848845	316.555847	28	-12	1.18	22.948247	0.824	1.587	-0.498	-0.375
176.266724	295.997711	-49.987209	-143.18335	181.191681	5.848845	315.915375	28	-12	1.18	22.924583	0.815	1.581	-0.485	-0.369
145.526398	284.563293	-10.103071	-130.07132	182.086014	5.458921	297.752716	28	-8	1.18	22.25788	0.617	1.644	-0.459	-0.300
144.842133	283.872986	-8.120665	-127.973389	183.15921	5.458921	297.181396	28	-8	1.18	22.236116	0.609	1.639	-0.454	-0.293
142.637527	282.831665	-9.742247	-131.469925	182.622604	5.458921	296.472046	28	-8	1.18	22.209065	0.602	1.636	-0.450	-0.300
142.133118	280.216309	-8.842502	-130.07132	181.549408	5.458921	295.900452	28	-8	1.18	22.187244	0.601	1.635	-0.456	-0.298
113.748924	270.133118	23.67112	-119.406876	181.907135	4.484115	280.303772	28	-4	1.18	21.621539	0.392	1.695	-0.428	-0.228
114.501129	270.016113	23.129034	-118.882385	181.907135	4.679077	279.568298	28	-4	1.18	21.58504	0.398	1.692	-0.425	-0.229
114.139938	266.936829	25.478079	-115.560677	182.264877	4.484115	278.287323	28	-4	1.18	21.54236	0.390	1.683	-0.422	-0.218
113.417534	266.862274	25.297384	-115.211014	180.476212	4.874037	277.646851	28	-4	1.18	21.501787	0.391	1.695	-0.431	-0.221
85.424355	255.318115	51.136894	-107.693459	177.972092	4.679077	264.196838	28	0	1.18	20.972854	0.166	1.760	-0.418	-0.160
86.869164	254.427155	50.052719	-107.518631	177.077744	5.068999	263.716461	28	0	1.18	20.937658	0.179	1.759	-0.421	-0.164
84.860306	253.586487	51.498287	-107.168968	177.435486	4.679077	263.335083	28	0	1.18	20.938004	0.163	1.757	-0.418	-0.158
86.146759	252.624481	50.233418	-105.945183	175.289078	4.679077	262.595612	28	0	1.18	20.908053	0.177	1.765	-0.430	-0.160
64.835831	259.93576	77.157097	-109.441727	182.622604	4.484115	268.680176	28	4	1.18	21.161048	-0.060	1.802	-0.420	-0.131
66.822433	259.623474	75.711533	-107.868279	181.191681	4.289154	269.6409	28	4	1.18	21.20728	-0.044	1.822	-0.438	-0.123
67.527138	260.897797	77.157097	-108.043106	182.801483	4.484115	270.601593	28	4	1.18	21.237858	-0.047	1.817	-0.432	-0.122
67.544846	261.474976	77.518494	-108.917244	185.842209	4.679077	271.242065	28	4	1.18	21.255627	-0.048	1.793	-0.414	-0.123
44.608494	277.521912	109.140274	-113.462753	191.92366	5.26396	288.695099	28	8	1.18	21.917842	-0.285	1.727	-0.428	-0.175
45.150299	276.289978	107.152618	-114.336891	189.240662	5.26396	289.335571	28	8	1.18	21.942592	-0.277	1.745	-0.447	-0.178
43.524891	278.21402	106.791222	-116.609634	190.492737	4.874037	289.655792	28	8	1.18	21.970001	-0.279	1.739	-0.437	-0.182
44.066692	278.983612	108.056099	-116.259972	191.208206	5.068999	290.296265	28	8	1.18	21.987179	-0.282	1.739	-0.436	-0.181
11.736007	289.565765	138.232315	-121.504799	193.533463	5.26396	305.187347	28	12	1.18	22.546502	-0.509	1.655	-0.449	-0.242
11.558488	290.142975	139.677872	-121.329956	192.63913	4.874037	305.187347	28	12	1.18	22.561153	-0.518	1.662	-0.455	-0.241
12.280892	290.912567	137.328827	-122.553757	191.208206	5.068999	305.987946	28	12	1.18	22.583891	-0.508	1.678	-0.466	-0.244
10.111022	291.489777	141.304138	-120.805481	193.712326	5.068999	306.788574	28	12	1.18	22.613914	-0.527	1.655	-0.454	-0.243
-32.611874	300.147888	169.854095	-126.574783	191.744797	5.653883	320.718933	28	16	1.18	23.108626	-0.746	1.573	-0.475	-0.314
-29.736832	300.147888	170.215485	-123.427879	191.029327	6.238767	321.679657	28	16	1.18	23.122404	-0.747	1.583	-0.488	-0.309
-30.097277	299.955475	169.673401	-125.875465	190.492737	5.848845	321.999908	28	16	1.18	23.148418	-0.744	1.586	-0.490	-0.312
-30.089411	299.185883	170.396179	-125.350983	190.6716	5.848845	322.480255	28	16	1.18	23.165997	-0.747	1.582	-0.491	-0.311
-83.962059	303.803558	200.391678	-133.043381	184.053543	5.848845	334.00885	28	20	1.18	23.583965	-0.972	1.493	-0.513	-0.391
-82.881004	303.418732	199.48822	-132.693726	181.549408	5.848845	334.649323	28	20	1.18	23.606968	-0.976	1.507	-0.529	-0.393
-82.881004	304.380737	202.379349	-131.994415	187.273132	5.848845	334.969543	28	20	1.18	23.618461	-0.968	1.481	-0.501	-0.384
-84.862946	303.418732	200.391678	-134.441986	181.728287	6.043806	335.770172	28	20	1.18	23.640183	-0.979	1.503	-0.529	-0.397
-131.888901	285.140503	216.292923	-142.484039	158.475647	5.653883	327.123718	28	24	1.18	23.342325	-1.178	1.446	-0.570	-0.483
-133.545395	283.601288	213.943878	-148.602982	154.898315	5.653883	325.842773	28	24	1.18	23.295773	-1.174	1.460	-0.578	-0.496
-134.05101	281.869659	215.028061	-149.651947	154.898315	5.262477	325.042145	28	24	1.18	23.280881	-1.176	1.454	-0.573	-0.496
-130.807846	283.601288	212.498306	-146.155411	155.613785	5.848845	324.241547	28	24	1.18	23.230339	-1.167	1.461	-0.573	-0.491
-174.770813	249.546036	214.847366	-177.624268	119.482773	5.26396	303.586182	28	28	1.18	22.486238	-1.318	1.445	-0.623	-0.614
-175.717636	250.12326	215.931534	-175.176682	122.344627	5.26396	303.105835	28	28	1.18	22.468128	-1.315	1.428	-0.607	-0.607
-174.996735	248.776443	214.124573	-178.148743	118.588432	5.26396	302.145111	28	28	1.18	22.431862	-1.318	1.446	-0.622	-0.616
-176.752747	248.776443	213.401794	-179.197708	118.230705	5.068999	301.504608	28	28	1.18	22.415023	-1.317	1.445	-0.619	-0.618
-203.832443	216.452805	208.3423	-196.330765	86.548882	5.068999	283.090912	28	32	1.18	21.707685	-1.438	1.440	-0.686	-0.716
-204.373108	216.645218	209.787872	-194.057999	89.43322	5.068999	282.610535	28	32	1.18	21.688923	-1.435	1.423	-0.669	-0.708
-201.977386	215.298401	208.703705	-194.582489	87.823418	4.874037	281.649811	28	32	1.18	21.658982	-1.435	1.433	-0.677	-0.710
-202.570877	215.683212	209.245789	-192.659393	88.515907	5.26396	281.169464	28	32	1.18	21.624904	-1.439	1.427	-0.673	-0.709
-226.121002	188.169647	202.740723	-216.435852	56.14949	4.677759	267.3992	28	36	1.18	21.101909	-1.546	1.458	-0.761	-0.814
-221.07608	187.592438	201.114471	-214.337936	56.328308	4.677759	266.918854	28	36	1.18	21.082609	-1.541	1.467	-0.768	-0.812
-222.575668	187.784836	200.933777	-215.736557	55.791851	5.26396	266.598602	28	36	1.18	21.046142	-1.540	1.468	-0.767	-0.816
-221.616592	185.860809	201.295166	-215.386917	55.806332	4.872665	265.95816	28	36	1.18	21.036107	-1.542	1.463	-0.766	-0.814
-264.318329	176.048294	210.510651	-257.520233	25.220181	4.872665	278.287323	28	40	1.18	21.527069	-1.659	1.515	-0.884	-0.929
-265.57959	175.855881	211.05275	-257.695068	25.213633	4.872665	279.087921	28	40	1.18	21.558563	-1.662	1.511	-0.885	-0.929
-266.660645	176.817886	213.401794	-257.869873	27.724308	4.872665	279.568298	28	40	1.18	21.577438	-1.655	1.499	-0.868	-0.921
-268.462372	177.0103	213.401794	-256.296448	27.18771	4.872665	280.368866	28	40	1.18	21.608858	-1.664	1.496	-0.874	-0.923
-318.634644	164.504135	222.436584	-313.115204	-9.63627	4.872665	295.420074	28	44	1.18	22.191288	-1.767	1.560	-0.996	-1.047
-317.373077	164.504135	222.978668	-311.366974	-8.208673	5.26396	296.220673	28	44	1.18	22.206913	-1.765	1.554	-0.994	-1.044
-318.81485	163.734528	223.701447	-316.08728	-11.420763	4.872665	296.861176	28	44	1.18	22.246254	-1.773	1.568	-1.007	-1.053
-319.535767	163.349731	222.617279	-314.513824	-10.706967	5.26396	297.501648	28	44	1.18	22.255744	-1.770	1.560	-1.006	-1.052
187.825211	157.000443	-430.395264	-418.361084	-113.672302	5.457384	317.996918	32	-44	1.18	23.015821	1.990	1.852	-1.389	-1.383
185.296783	156.615646	-429.49295	-420.808655	-116.705956	5.652289	318.477264	32	-44	1.18	23.026329	1.993	1.872	-1.411	-1.397
184.393784	157.962463	-429.853882	-421.507965	-116.527496	6.043806	319.277863	32	-44	1.18	23.04138	1.987	1.874	-1.410	-1.396
187.825211	157.577652	-433.102173	-422.906616	-117.955093	5.458921	319.758209	32	-44	1.18	23.080525	2.003	1.872	-1.412	-1.398
201.370285	192.210098	-419.928619	-407.346985	-74.948769	5.848845	331.44693	32	-40	1.18	23.491725	1.834	1.770	-1.200	-1.239
203.537506	192.402496	-425.161926	-409.61972	-78.339317	5.653883	331.767181	32	-40	1.18	23.510305	1.854	1.776	-1.210	-1.248
202.092682	192.59491	-424.981506	-409.969391	-78.874657	5.653883	332.247528	32	-40	1.18	23.527613	1.852	1.780	-1.214	-1.250
201.370285	191.055679	-427.868835	-412.067352	-79.23156	5.847196	332.56778	32	-40	1.18	23.532184	1.847	1.770	-1.209	-1.250
207.510727	217.992035	-387.987335	-372.731232	-33.370049	6.042102	333.528473	32	-36	1.18	23.559746	1.716	1.702	-1.057	-1.114
205.885315	220.108475	-392.859741	-375.528473	-33.191597	6.237008	332.56778	32	-36	1.18	23.518142	1.706	1.697	-1.042	-1.112
203.537506	218.184418	-383.656311	-368.88504	-32.120899	6.042102	331.286835	32	-36	1.18	23.478974	1.706	1.706	-1.056	-1.111
205.524109	217.607224	-388.167816	-371.682281	-31.764	5.848845	330.165985	32	-36	1.18	23.44547	1.705	1.693	-1.040	-1.108
192.340225	225.688126	-323.563385	-309.968323	7.689278	5.457384	308.870087	32	-32	1.18	22.677275	1.590	1.651	-0.928	-0.993
193.604446	225.303314	-324.104797	-309.618683	7.689278	5.457384	307.749268	32	-32	1.18	22.635351	1.595	1.648	-0.925	-0.993
188.908798	223.186905	-321.217438	-308.394897	6.616356	5.652289	306.788574	32	-32	1.18	22.592045	1.587	1.654	-0.934	-0.997
188.367004	221.840088	-319.05191	-306.996277	5.543437	5.262477	305.82785	32	-32	1.18	22.570619	1.593	1.660	-0.943	-0.999
176.266724	229.536179	-257.334839	-256.646088	38.088669	5.067571	287.574249	32	-28	1.18	21.882068	1.469	1.648	-0.845	-0.888
176.086121	228.574173	-257.334839	-253.848862	38.625134	5.067571	286.933777	32	-28	1.18	21.857249	1.473	1.640	-0.844	-0.886
175.905518	226.26535	-249.214188	-251.576096	39.161594	5.262477	286.226837	32	-28	1.18	21.822254	1.468	1.650	-0.853	-0.883
176.266724	227.419754	-255.169357	-252.974716	38.803951	5.262477	285.812927	32	-28	1.18	21.806174	1.473	1.640	-0.843	-0.885
162.721634	230.305801	-195.076416	-210.316925	63.838749	5.067571	272.362915	32	-24	1.18	21.284806	1.342	1.653	-0.782	-0.779
160.735016	230.113388	-197.963776	-213.638641	63.12347	4.872665	272.042664	32	-24	1.18	21.279815	1.334	1.650	-0.777	-0.783
160.373825	229.151367	-193.632751	-209.267944	64.196388	5.067571	271.339172	32	-24	1.18	21.244006	1.333	1.650	-0.780	-0.777
160.915634	228.958984	-195.798264	-210.49176	62.229366	4.872665	270.761719	32	-24	1.18	21.228741	1.344	1.656	-0.786	-0.784
150.260162	238.194305	-147.254715	-179.547379	87.264168	4.677759	267.879578	32	-20	1.18	21.121192	1.187	1.667	-0.721	-0.671
151.524368	239.733521	-153.570801	-183.218735	85.833603	4.677759	268.680176	32	-20	1.18	21.153291	1.200	1.664	-0.719	-0.681
150.260162	240.503128	-152.848969	-183.218735	85.654785	4.677759	269.320648	32	-20	1.18	21.178934	1.195	1.670	-0.724	-0.681
150.079559	240.118317	-152.307587	-182.86908	85.654785	4.872665	269.738373	32	-20	1.18	21.187849	1.194	1.670	-0.727	-0.681
148.815353	267.439484	-116.937584	-179.722198	111.047218	4.872665	287.347382	32	-16	1.18	21.88083	1.025	1.724	-0.680	-0.591
150.982559	267.631897	-116.215744	-177.624268	110.510765	5.262477	288.214722	32	-16	1.18	21.899317	1.038	1.730	-0.690	-0.591
150.260162	268.209076	-117.118034	-179.547379	111.404861	5.457384	289.175446	32	-16	1.18	21.928932	1.029	1.724	-0.684	-0.592
149.718369	267.82428	-117.478958	-179.547379	110.689583	4.872665	289.655792	32	-16	1.18	21.970054	1.031	1.726	-0.690	-0.592
138.159882	292.066986	-79.762985	-182.169769	133.220901	5.652289	305.596741	32	-12	1.18	22.547293	0.825	1.795	-0.652	-0.517
139.424088	292.836609	-83.913544	-183.918045	132.684433	5.457384	306.557251	32	-12	1.18	22.590678	0.838	1.788	-0.652	-0.523
139.2435	292.066986	-81.387115	-184.2677	130.717422	5.067571	306.717346	32	-12	1.18	22.611298	0.837	1.807	-0.668	-0.523
140.327103	293.029022	-81.92849	-183.743225	133.578537	5.457384	307.517731	32	-12	1.18	22.62668	0.834	1.790	-0.653	-0.519
121.905777	310.152832	-41.505623	-186.890106	152.175812	5.847196	321.039185	32	-8	1.18	23.11328	0.613	1.866	-0.634	-0.451
121.905777	310.922424	-42.047001	-187.589401	152.175812	5.847196	321.839783	32	-8	1.18	23.142615	0.614	1.867	-0.635	-0.452
122.054375	313.423645	-44.392971	-188.463547	152.175812	6.237008	322.2453	32	-8	1.18	23.143191	0.620	1.869	-0.633	-0.457
121.544586	312.076843	-44.573433	-187.589401	153.606369	6.042102	322.480255	32	-8	1.18	23.158926	0.616	1.853	-0.626	-0.453
98.788841	325.3526	-1.985052	-189.512497	172.561295	6.237008	334.571625	32	-4	1.18	23.590239	0.376	1.919	-0.604	-0.380
97.705231	327.276642	-3.067807	-192.484558	170.057816	6.237008	334.891785	32	-4	1.18	23.601737	0.376	1.941	-0.615	-0.388
96.62162	326.50705	-3.248266	-192.309738	168.269608	6.431914	335.610046	32	-4	1.18	23.620521	0.375	1.950	-0.629	-0.392
100.207367	328.623474	-0.721837	-190.036987	173.097748	6.431914	335.6922	32	-4	1.18	23.623469	0.376	1.932	-0.606	-0.379
66.822433	319.388153	29.634087	-182.169769	170.951904	6.042102	325.607025	32	0	1.18	23.273063	0.150	2.029	-0.626	-0.333
67.364243	318.233734	30.718258	-182.519424	169.521347	5.457384	324.80661	32	0	1.18	23.265207	0.149	2.040	-0.633	-0.332
66.822433	318.426147	32.163826	-180.246674	170.594269	6.042102	324.241547	32	0	1.18	23.223287	0.142	2.038	-0.628	-0.327
65.902138	317.079315	33.067307	-178.848053	167.375519	6.042102	323.045715	32	0	1.18	23.179608	0.137	2.064	-0.648	-0.329
38.106853	294.183411	59.448906	-162.239502	160.759171	5.652289	300.634216	32	4	1.18	22.359995	-0.096	2.048	-0.628	-0.304
39.009861	291.489777	59.087509	-160.666046	157.898056	5.457384	299.513641	32	4	1.18	22.324883	-0.092	2.067	-0.647	-0.303
37.745655	290.720154	60.894474	-160.491226	159.328613	5.067571	299.033386	32	4	1.18	22.321451	-0.105	2.044	-0.633	-0.301
36.291313	290.720154	57.822639	-162.064651	156.467484	5.457384	298.553131	32	4	1.18	22.288392	-0.098	2.064	-0.648	-0.312
7.22215	276.097565	81.6745	-150.176422	146.095932	5.067571	283.025177	32	8	1.18	21.705174	-0.342	1.959	-0.629	-0.352
7.946465	275.905182	81.6745	-149.651947	146.27475	4.872665	282.705017	32	8	1.18	21.700284	-0.340	1.960	-0.628	-0.349
7.404662	273.788757	81.313103	-149.651947	145.201843	5.067571	282.224792	32	8	1.18	21.673902	-0.342	1.957	-0.633	-0.352
7.946465	273.981171	82.939369	-148.078506	146.27475	4.872665	281.584442	32	8	1.18	21.656478	-0.347	1.951	-0.625	-0.346
-23.969687	259.550964	101.551048	-140.910599	134.293823	4.482853	268.137543	32	12	1.18	21.139356	-0.579	1.848	-0.618	-0.401
-22.527903	257.819336	101.731743	-138.637833	133.936172	4.482853	267.497223	32	12	1.18	21.11367	-0.579	1.848	-0.623	-0.397
-24.330133	257.242126	99.924782	-138.637833	130.359787	4.482853	266.376648	32	12	1.18	21.068645	-0.587	1.869	-0.642	-0.406
-24.323772	255.702927	99.924782	-139.511978	130.89624	4.677759	265.95816	32	12	1.18	21.043957	-0.584	1.857	-0.635	-0.407
-60.915447	263.783844	125.944984	-145.98056	130.717422	4.872665	277.967072	32	16	1.18	21.514458	-0.798	1.750	-0.629	-0.463
-63.438572	264.361023	127.02916	-146.505051	129.644501	4.872665	278.702972	32	16	1.18	21.543426	-0.812	1.751	-0.635	-0.468
-63.618797	264.553436	127.209854	-146.330231	131.253876	5.262477	279.343292	32	16	1.18	21.553277	-0.808	1.739	-0.627	-0.467
-65.043571	264.553436	126.125679	-149.302292	128.213928	4.872665	280.303772	32	16	1.18	21.606305	-0.812	1.758	-0.646	-0.476
-113.360413	274.750763	156.121201	-160.141571	126.604561	5.457384	297.912811	32	20	1.18	22.264032	-1.023	1.651	-0.650	-0.540
-114.261513	275.135559	154.675629	-162.589142	125.710457	5.457384	298.713226	32	20	1.18	22.294479	-1.018	1.657	-0.655	-0.545
-116.604424	276.482391	155.940491	-162.763962	125.531639	5.262477	299.353546	32	20	1.18	22.326205	-1.028	1.656	-0.655	-0.547
-117.68576	277.251984	155.940491	-165.036713	125.710457	5.262477	299.833801	32	20	1.18	22.344427	-1.025	1.656	-0.652	-0.549
-170.310944	280.71524	182.322113	-184.792175	113.37188	5.847196	314.721436	32	24	1.18	22.880465	-1.212	1.600	-0.692	-0.630
-175.176971	281.869659	183.948364	-188.288712	112.656601	6.042102	314.8815	32	24	1.18	22.879174	-1.220	1.597	-0.687	-0.638
-172.653824	281.100067	184.490448	-184.2677	113.37188	5.847196	315.84201	32	24	1.18	22.921931	-1.224	1.595	-0.694	-0.632
-167.06691	280.522827	184.851852	-183.918045	114.802444	5.847196	316.322266	32	24	1.18	22.93968	-1.212	1.600	-0.694	-0.625
-227.621902	276.867187	205.812561	-224.827576	93.165222	6.042102	328.32843	32	28	1.18	23.371949	-1.357	1.571	-0.736	-0.727
-231.046143	278.021606	205.993256	-227.275146	91.913483	5.847196	328.64859	32	28	1.18	23.390618	-1.361	1.574	-0.737	-0.732
-226.901031	276.289978	206.535355	-225.352036	92.628761	6.237008	329.769135	32	28	1.18	23.417078	-1.360	1.574	-0.744	-0.729
-229.784607	279.176025	206.716049	-225.876556	94.416962	6.237008	330.089294	32	28	1.18	23.428662	-1.355	1.567	-0.731	-0.726
-282.950439	267.129242	219.726151	-273.429474	63.659931	6.431914	337.93335	32	32	1.18	23.70373	-1.470	1.581	-0.802	-0.833
-278.444855	265.900269	220.08754	-268.184662	66.163406	6.237008	336.65271	32	32	1.18	23.664882	-1.469	1.573	-0.797	-0.823
-281.148193	266.477478	221.894516	-271.681213	66.342224	6.042102	335.532104	32	32	1.18	23.631708	-1.468	1.570	-0.785	-0.824
-277.543732	264.74585	220.268234	-266.786041	66.699867	6.042102	333.931305	32	32	1.18	23.574232	-1.469	1.569	-0.789	-0.821
-294.124268	227.419754	205.270477	-281.471558	30.578234	5.652289	309.278656	32	36	1.18	22.685259	-1.569	1.598	-0.875	-0.922
-291.060486	224.533722	204.18631	-280.422577	28.432396	5.457384	308.318146	32	36	1.18	22.656639	-1.576	1.607	-0.891	-0.927
-290.159363	225.366241	205.631866	-278.499481	31.829971	5.457384	307.357666	32	36	1.18	22.620685	-1.568	1.594	-0.871	-0.917
-290.700043	223.634155	205.270477	-284.443604	28.074755	5.457384	306.397186	32	36	1.18	22.584673	-1.571	1.610	-0.882	-0.928
-307.280579	190.724121	196.054993	-296.681458	-3.568989	5.652289	290.388947	32	40	1.18	21.968262	-1.687	1.633	-0.985	-1.031
-304.937683	190.339218	192.983154	-298.254944	-5.888831	5.652289	289.588531	32	40	1.18	21.937363	-1.684	1.652	-0.999	-1.039
-302.9552	189.901276	193.293869	-297.730438	-4.639684	5.262477	288.628052	32	40	1.18	21.915306	-1.678	1.649	-0.992	-1.033
-306.739929	190.47847	194.919724	-296.331848	-3.39054	5.457384	288.307892	32	40	1.18	21.895379	-1.683	1.633	-0.978	-1.030
-313.588379	158.968842	181.599319	-310.143188	-36.225239	5.262477	275.181152	32	44	1.18	21.388999	-1.796	1.702	-1.130	-1.151
-317.012634	158.732056	182.63562	-311.716583	-35.332993	4.677759	274.220673	32	44	1.18	21.374106	-1.791	1.686	-1.109	-1.143
-314.129059	157.621643	183.225571	-307.870422	-34.440742	5.067571	273.900513	32	44	1.18	21.345938	-1.798	1.683	-1.115	-1.143
-314.669708	156.615646	181.009766	-308.744537	-36.046791	4.677759	273.420258	32	44	1.18	21.342346	-1.798	1.688	-1.123	-1.148
133.790375	145.496902	-379.505737	-379.5495	-124.914619	4.872665	278.542877	36	-44	1.18	21.537127	2.016	2.062	-1.585	-1.510
134.332047	146.995514	-383.836792	-383.046051	-125.271515	5.457384	279.503387	36	-44	1.18	21.551908	2.007	2.053	-1.568	-1.506
134.693146	145.648697	-382.573578	-382.871216	-126.163757	5.067571	280.303772	36	-44	1.18	21.598658	2.016	2.060	-1.584	-1.512
135.234802	147.765121	-387.265503	-386.192902	-125.628403	5.262477	281.264282	36	-44	1.18	21.628677	2.001	2.045	-1.558	-1.501
150.079559	181.486221	-405.311432	-394.234985	-100.823936	5.652289	298.873291	36	-40	1.18	22.293155	1.858	1.926	-1.337	-1.356
148.995956	181.678665	-406.213745	-395.633575	-101.894638	5.652289	299.353546	36	-40	1.18	22.311404	1.857	1.931	-1.342	-1.360
150.762436	183.603241	-409.822906	-397.731476	-102.07309	5.457384	300.153992	36	-40	1.18	22.349178	1.858	1.927	-1.333	-1.356
150.079559	182.256042	-405.311432	-394.584595	-99.753242	5.652289	301.114471	36	-40	1.18	22.37819	1.850	1.922	-1.335	-1.351
161.956772	214.721191	-397.010284	-382.346741	-66.740097	5.847196	315.041595	36	-36	1.18	22.89232	1.731	1.849	-1.182	-1.225
159.429016	215.55098	-402.063171	-388.640472	-71.558228	6.237008	315.041595	36	-36	1.18	22.877885	1.734	1.866	-1.194	-1.240
159.790131	215.490784	-400.799957	-386.542572	-69.773735	6.042102	314.8815	36	-36	1.18	22.879174	1.731	1.859	-1.188	-1.234
159.790131	215.55098	-401.70224	-387.766388	-72.093582	5.847196	315.201691	36	-36	1.18	22.898246	1.740	1.870	-1.200	-1.242
166.831726	247.429611	-374.09198	-361.891937	-35.51144	5.457384	327.848175	36	-32	1.18	23.375736	1.627	1.833	-1.093	-1.123
167.373383	246.343964	-373.731079	-362.066803	-34.440742	5.847196	328.32843	36	-32	1.18	23.379015	1.623	1.825	-1.088	-1.121
169.765091	247.691162	-373.731079	-361.891937	-33.726944	5.652289	329.28891	36	-32	1.18	23.420859	1.627	1.825	-1.087	-1.118
168.50087	248.07608	-377.881622	-365.038849	-35.86834	6.042102	329.769135	36	-32	1.18	23.42413	1.628	1.827	-1.090	-1.125
170.262253	274.63504	-341.609344	-340.388214	-3.39054	6.042102	338.573669	36	-28	1.18	23.740531	1.516	1.822	-1.013	-1.028
169.584488	275.789795	-340.52655	-339.514099	-2.141392	6.042102	337.29303	36	-28	1.18	23.694772	1.510	1.821	-1.005	-1.024
170.668091	272.902924	-335.293243	-334.793762	0.715298	6.237008	336.01236	36	-28	1.18	23.641939	1.507	1.810	-0.999	-1.016
169.765091	273.287842	-334.390961	-333.220306	-0.892245	6.237008	335.051849	36	-28	1.18	23.607484	1.514	1.822	-1.009	-1.021
148.415237	266.744354	-257.69577	-277.975006	25.213633	5.262477	309.118561	36	-24	1.18	22.693838	1.386	1.859	-0.969	-0.932
150.079559	266.55188	-256.432556	-276.05191	27.001835	5.457384	308.478241	36	-24	1.18	22.662627	1.386	1.850	-0.960	-0.927
147.873581	266.55188	-255.891174	-276.40152	27.359472	5.652289	307.677826	36	-24	1.18	22.625377	1.376	1.850	-0.955	-0.926
150.401321	266.359436	-251.740616	-272.904999	30.041775	5.262477	306.717346	36	-24	1.18	22.603992	1.375	1.844	-0.946	-0.915
131.082077	262.052216	-193.813202	-233.219269	48.102589	5.262477	289.588531	36	-20	1.18	21.952416	1.242	1.893	-0.923	-0.836
130.359863	261.548004	-193.813202	-233.394089	47.566132	4.872665	288.788147	36	-20	1.18	21.936561	1.241	1.895	-0.924	-0.837
130.213425	260.585754	-193.993668	-233.743759	48.102589	5.067571	288.467987	36	-20	1.18	21.916653	1.238	1.887	-0.918	-0.836
129.998749	260.39328	-190.925858	-231.645813	48.817871	5.067571	287.827637	36	-20	1.18	21.891879	1.234	1.892	-0.919	-0.832
109.235054	257.313995	-139.675446	-208.218994	62.944645	5.067571	274.380737	36	-16	1.18	21.364995	1.051	1.965	-0.893	-0.756
110.860039	257.313995	-138.953613	-206.820389	64.732841	4.677759	273.580353	36	-16	1.18	21.348702	1.051	1.953	-0.879	-0.747
108.693398	255.38942	-140.397278	-207.869339	61.514091	4.872665	272.940033	36	-16	1.18	21.315522	1.057	1.966	-0.897	-0.760
109.957275	252.887497	-138.773148	-204.897278	61.871731	4.872665	271.979523	36	-16	1.18	21.2773	1.064	1.959	-0.899	-0.756
93.887985	260.320587	-101.779007	-196.505585	74.925583	5.262477	271.819427	36	-12	1.18	21.255386	0.873	2.039	-0.879	-0.689
93.887985	262.125397	-101.959473	-197.904205	75.998512	5.067571	272.779938	36	-12	1.18	21.301403	0.867	2.036	-0.871	-0.686
94.249084	262.702759	-102.500847	-198.778351	76.17733	5.067571	273.580353	36	-12	1.18	21.333223	0.867	2.035	-0.870	-0.686
96.079826	262.702759	-103.222679	-198.603516	75.819687	5.262477	274.060577	36	-12	1.18	21.344554	0.879	2.035	-0.874	-0.689
78.360352	280.216278	-68.213593	-203.498688	91.377029	5.067571	288.147827	36	-8	1.18	21.90427	0.645	2.129	-0.866	-0.620
75.832603	281.371002	-69.115891	-205.072113	90.840561	5.652289	288.788147	36	-8	1.18	21.906421	0.636	2.134	-0.868	-0.626
75.652054	281.75592	-67.672218	-205.072113	91.198204	5.067571	289.268372	36	-8	1.18	21.94758	0.630	2.139	-0.870	-0.622
77.457581	281.371002	-70.018188	-204.897278	90.125282	5.262477	289.908691	36	-8	1.18	21.964772	0.648	2.137	-0.878	-0.627
54.888355	296.382599	-34.467712	-211.191055	102.642685	5.262477	303.355621	36	-4	1.18	22.477602	0.396	2.251	-0.890	-0.568
56.33279	299.26944	-34.828632	-211.890381	105.324982	5.262477	303.675781	36	-4	1.18	22.48967	0.399	2.235	-0.867	-0.562
55.791134	297.729797	-35.37001	-212.764511	103.536781	5.262477	304.156036	36	-4	1.18	22.50776	0.401	2.243	-0.881	-0.568
53.443928	298.692078	-35.550472	-212.939331	101.748581	5.067571	304.476196	36	-4	1.18	22.527145	0.394	2.264	-0.897	-0.572
24.73587	307.737518	-3.970103	-218.184158	109.437836	5.457384	312.480286	36	0	1.18	22.81179	0.130	2.385	-0.921	-0.528
26.00658	309.190826	-3.067807	-217.659668	110.689583	5.652289	312.800476	36	0	1.18	22.816445	0.132	2.383	-0.914	-0.525
27.263626	306.39032	-0.000015	-214.337952	112.656601	6.042102	313.120636	36	0	1.18	22.813857	0.124	2.369	-0.912	-0.515
25.825977	307.651642	-2.165511	-216.960373	110.331947	6.042102	313.280701	36	0	1.18	22.819802	0.127	2.386	-0.923	-0.526
-9.55183	317.552795	32.516716	-220.806549	114.653366	6.042102	321.92514	36	4	1.18	23.138603	-0.183	2.342	-0.902	-0.527
-7.208929	316.782959	31.61347	-219.058273	114.981262	6.237008	322.405396	36	4	1.18	23.149053	-0.170	2.349	-0.909	-0.523
-6.307813	315.924927	32.336067	-218.533783	115.16008	5.847196	322.56546	36	4	1.18	23.169174	-0.170	2.348	-0.911	-0.520
-6.127589	317.745239	30.168282	-221.156219	114.087166	6.042102	323.045715	36	4	1.18	23.179608	-0.159	2.366	-0.918	-0.526
-40.730446	322.081818	63.226959	-219.407944	114.265984	6.237008	330.409485	36	8	1.18	23.440241	-0.425	2.216	-0.885	-0.558
-40.550224	324.198242	63.588257	-220.107239	117.842384	6.626821	330.88974	36	8	1.18	23.44351	-0.420	2.193	-0.858	-0.552
-37.125984	323.621033	64.672142	-216.960373	119.451759	6.431914	331.369995	36	8	1.18	23.467904	-0.413	2.193	-0.860	-0.541
-40.730446	324.967865	61.60112	-221.680649	116.232994	5.847196	331.2099	36	8	1.18	23.483232	-0.414	2.209	-0.869	-0.554
-80.920219	319.77298	91.950073	-216.086212	110.331947	5.847196	328.488495	36	12	1.18	23.384817	-0.668	2.070	-0.843	-0.596
-78.216873	318.618561	93.033958	-214.163116	113.014244	5.652289	327.04776	36	12	1.18	23.339625	-0.661	2.055	-0.826	-0.586
-76.775085	315.347717	92.49202	-212.589676	109.437836	6.042102	325.76709	36	12	1.18	23.27889	-0.666	2.078	-0.851	-0.593
-78.036652	316.886932	93.937202	-211.71553	111.762497	6.042102	324.80661	36	12	1.18	23.243898	-0.670	2.060	-0.830	-0.588
-110.2966	285.910126	108.208443	-198.778351	92.807579	5.067571	300.794312	36	16	1.18	22.388206	-0.883	1.960	-0.841	-0.645
-107.773491	285.605042	107.847137	-197.72937	92.271126	5.067571	299.833801	36	16	1.18	22.351818	-0.880	1.973	-0.847	-0.644
-113.540619	286.487335	108.750381	-199.477646	93.880501	5.457384	299.193481	36	16	1.18	22.312727	-0.888	1.941	-0.820	-0.647
-111.91861	286.182434	106.943893	-198.778351	92.628761	5.262477	298.072906	36	16	1.18	22.277542	-0.883	1.956	-0.828	-0.648
-140.033447	256.351715	116.698921	-187.239746	74.587296	4.872665	276.141663	36	20	1.18	21.442434	-1.078	1.862	-0.846	-0.707
-141.114777	255.318146	119.227989	-185.491486	74.210304	5.067571	275.341217	36	20	1.18	21.403059	-1.096	1.856	-0.847	-0.709
-140.934555	253.586517	118.144096	-185.31665	73.495026	4.872665	274.220673	36	20	1.18	21.366377	-1.095	1.855	-0.848	-0.710
-142.196121	254.35611	118.866692	-186.540436	73.852669	4.677759	273.740417	36	20	1.18	21.355055	-1.096	1.851	-0.839	-0.710
-172.113159	233.57666	125.911995	-187.589401	54.718925	4.482853	261.574188	36	24	1.18	20.874579	-1.271	1.795	-0.882	-0.786
-174.996735	235.115875	127.35717	-191.260773	54.897751	4.482853	262.054413	36	24	1.18	20.894065	-1.270	1.791	-0.870	-0.788
-173.554962	234.538666	128.260422	-188.638367	56.14949	4.872665	262.694763	36	24	1.18	20.904225	-1.272	1.784	-0.871	-0.784
-173.554962	234.026779	127.176529	-189.512497	53.838799	4.872665	263.174988	36	24	1.18	20.923684	-1.278	1.799	-0.889	-0.792
-222.575668	237.490997	147.047852	-221.331024	40.42382	4.482853	278.382782	36	28	1.18	21.546164	-1.409	1.749	-0.907	-0.863
-225.098785	238.771515	147.589813	-221.855515	41.497017	4.482853	279.183228	36	28	1.18	21.577624	-1.407	1.738	-0.897	-0.860
-220.412979	236.847504	148.312408	-219.757568	42.20153	4.677759	279.663452	36	28	1.18	21.588827	-1.406	1.741	-0.905	-0.857
-221.494308	238.453278	147.047852	-220.981354	40.960419	4.482853	279.663452	36	28	1.18	21.596477	-1.406	1.752	-0.910	-0.861
-269.613922	230.113419	161.499741	-257.695068	19.675316	4.872665	290.068787	36	32	1.18	21.985979	-1.522	1.722	-0.954	-0.948
-269.974365	232.03743	161.499741	-256.121582	20.206675	5.262477	290.709106	36	32	1.18	21.995632	-1.523	1.723	-0.955	-0.947
-272.857941	233.064499	161.722809	-261.541229	18.780983	5.067571	291.189392	36	32	1.18	22.021631	-1.520	1.730	-0.953	-0.952
-271.956818	233.384247	160.957794	-261.016754	17.707787	5.067571	291.509552	36	32	1.18	22.033949	-1.523	1.740	-0.963	-0.956
-320.977539	224.533737	174.190826	-304.548676	-6.244115	5.457384	302.395111	36	36	1.18	22.433998	-1.615	1.726	-1.007	-1.038
-320.617096	223.956528	173.422546	-305.947327	-7.851774	5.652289	303.835876	36	36	1.18	22.481012	-1.618	1.735	-1.020	-1.044
-323.500671	225.303345	174.145142	-305.772461	-6.42418	5.847196	304.636261	36	36	1.18	22.503825	-1.615	1.723	-1.009	-1.040
-323.680878	225.495743	174.506439	-311.017273	-9.098568	5.262477	304.956421	36	36	1.18	22.537875	-1.616	1.741	-1.019	-1.047
-372.160919	212.412384	181.913025	-355.77301	-39.972675	6.042102	317.763	36	40	1.18	22.985658	-1.710	1.754	-1.104	-1.142
-374.864258	212.604782	182.683517	-354.549225	-40.497536	5.847196	317.923065	36	40	1.18	22.998742	-1.720	1.749	-1.106	-1.143
-372.881836	214.336411	182.454956	-356.647156	-40.497536	6.042102	318.403351	36	40	1.18	23.009255	-1.713	1.761	-1.107	-1.144
-370.53891	212.79718	181.371063	-357.521271	-42.28157	6.042102	318.563416	36	40	1.18	23.01515	-1.715	1.773	-1.122	-1.150
-417.396973	193.941742	182.141434	-401.752502	-78.497437	5.847196	328.168335	36	44	1.18	23.373211	-1.811	1.799	-1.228	-1.255
-417.757385	192.787323	184.490479	-400.179108	-78.854233	5.847196	328.32843	36	44	1.18	23.379015	-1.824	1.796	-1.233	-1.257
-417.216736	191.632919	184.129089	-401.228027	-80.638275	6.431914	329.128815	36	44	1.18	23.386832	-1.830	1.804	-1.247	-1.265
-415.41452	194.518951	183.177551	-401.927368	-80.103065	5.653895	329.128815	36	44	1.18	23.415007	-1.822	1.815	-1.246	-1.261
118.443298	178.54953	-468.890747	-472.382629	-185.539398	5.652289	326.08725	40	-44	1.18	23.304723	2.060	2.283	-1.795	-1.671
118.443298	176.048309	-461.493866	-465.739197	-182.328125	5.262477	324.966705	40	-44	1.18	23.278135	2.062	2.282	-1.803	-1.667
117.721092	177.779938	-464.560883	-468.361633	-182.684952	5.457384	324.16629	40	-44	1.18	23.241871	2.052	2.277	-1.786	-1.663
118.262749	177.779938	-465.462921	-469.060944	-182.863327	5.457384	322.88562	40	-44	1.18	23.195127	2.052	2.274	-1.778	-1.662
113.568352	185.527802	-421.622803	-413.815582	-138.976151	5.262477	298.072906	40	-40	1.18	22.277542	1.920	2.150	-1.568	-1.517
113.026688	185.86084	-421.442383	-413.116272	-137.192093	5.457384	297.592651	40	-40	1.18	22.251843	1.908	2.139	-1.552	-1.509
113.568352	186.053238	-419.999084	-412.416962	-136.835297	5.457384	296.792236	40	-40	1.18	22.221338	1.910	2.142	-1.552	-1.509
112.84613	183.744415	-419.818695	-411.367981	-137.548904	5.457384	295.991821	40	-40	1.18	22.190791	1.916	2.140	-1.559	-1.514
110.49894	194.518951	-372.550751	-362.416412	-99.370613	4.482853	278.863068	40	-36	1.18	21.565046	1.802	2.077	-1.411	-1.387
109.054504	193.172134	-368.581696	-357.870941	-98.656998	4.482853	278.062622	40	-36	1.18	21.533568	1.805	2.083	-1.424	-1.390
109.776711	193.172134	-366.416748	-356.472321	-95.802551	4.87405	278.062622	40	-36	1.18	21.518166	1.793	2.069	-1.407	-1.379
108.873947	192.979736	-370.385803	-359.444366	-97.229774	4.287946	277.102142	40	-36	1.18	21.503418	1.790	2.064	-1.398	-1.379
103.637886	198.367004	-317.705505	-309.793488	-66.009201	4.09304	262.054413	40	-32	1.18	20.90987	1.701	2.051	-1.324	-1.283
103.637886	198.559402	-315.179749	-307.695587	-64.40358	4.287946	261.574188	40	-32	1.18	20.88249	1.695	2.049	-1.320	-1.278
103.276779	197.212585	-313.55603	-306.646637	-65.295593	4.09304	261.574188	40	-32	1.18	20.890398	1.703	2.058	-1.335	-1.283
101.832352	198.944214	-317.164276	-309.968323	-67.971634	4.289165	261.894348	40	-32	1.18	20.895429	1.706	2.072	-1.343	-1.294
106.887856	227.419785	-299.664307	-300.178009	-41.924767	5.067571	277.102142	40	-28	1.18	21.47267	1.576	2.045	-1.237	-1.182
106.165642	228.189377	-299.483917	-302.101105	-42.81678	5.262477	277.902557	40	-28	1.18	21.496554	1.572	2.056	-1.243	-1.186
107.610077	227.227371	-298.762238	-301.22699	-42.81678	5.457384	278.542877	40	-28	1.18	21.514106	1.580	2.055	-1.250	-1.188
107.790619	229.343796	-302.370483	-303.499756	-42.81678	5.069011	279.183228	40	-28	1.18	21.554591	1.577	2.048	-1.238	-1.184
105.804535	254.933334	-278.195282	-296.856293	-24.441244	4.87405	294.391022	40	-24	1.18	22.151901	1.460	2.097	-1.212	-1.111
104.540657	256.087738	-278.014862	-298.604553	-24.441244	5.262477	294.711182	40	-24	1.18	22.149289	1.450	2.102	-1.210	-1.113
104.540657	256.087738	-278.014862	-298.429749	-25.333265	4.679089	295.511597	40	-24	1.18	22.202173	1.455	2.109	-1.220	-1.114
105.623985	258.01178	-280.360229	-301.57663	-24.441244	4.87405	295.991821	40	-24	1.18	22.213058	1.448	2.100	-1.202	-1.110
100.207367	280.715271	-238.143829	-288.11496	1.430942	5.458934	308.318146	40	-20	1.18	22.656582	1.279	2.150	-1.160	-1.015
99.485153	280.138062	-246.623184	-293.359772	-3.032857	5.847196	308.958466	40	-20	1.18	22.666008	1.296	2.148	-1.169	-1.033
97.860168	281.29248	-242.834518	-292.835297	-3.746469	5.848856	308.958466	40	-20	1.18	22.665946	1.290	2.174	-1.184	-1.036
100.568474	282.062103	-240.308762	-290.387726	-1.784034	5.457384	309.278656	40	-20	1.18	22.692538	1.293	2.172	-1.180	-1.027
85.943619	300.725128	-202.241837	-287.590485	15.740256	5.653895	319.523895	40	-16	1.18	23.064758	1.106	2.257	-1.165	-0.961
86.84639	301.109924	-203.86554	-288.289764	15.382524	5.263972	320.00415	40	-16	1.18	23.096708	1.112	2.254	-1.165	-0.961
88.832481	299.570709	-203.504715	-285.667389	15.203656	5.263972	320.484375	40	-16	1.18	23.114322	1.125	2.253	-1.175	-0.962
87.026939	303.418762	-207.112961	-290.387726	16.097988	5.847196	321.124725	40	-16	1.18	23.116416	1.111	2.242	-1.152	-0.961
68.971558	319.77298	-164.174911	-288.289764	30.049566	5.848856	331.369995	40	-12	1.18	23.48895	0.910	2.373	-1.176	-0.906
68.610451	319.19577	-166.520264	-289.688385	27.724304	6.043818	332.010315	40	-12	1.18	23.505012	0.919	2.380	-1.189	-0.915
69.693771	319.388184	-165.076965	-287.240814	30.407301	6.042102	332.330475	40	-12	1.18	23.516614	0.915	2.364	-1.177	-0.905
67.166023	322.85141	-166.700668	-291.611511	30.586168	5.848856	332.49054	40	-12	1.18	23.529343	0.900	2.366	-1.162	-0.905
43.332912	320.927399	-121.417259	-280.422577	38.456287	5.848856	327.68811	40	-8	1.18	23.355733	0.688	2.512	-1.208	-0.864
44.777344	316.69455	-115.283249	-272.904999	42.749081	6.042102	326.40744	40	-8	1.18	23.30219	0.676	2.489	-1.198	-0.845
42.430145	315.924927	-113.298729	-272.030884	41.497017	5.653895	325.12677	40	-8	1.18	23.269711	0.665	2.511	-1.211	-0.847
42.430145	315.924927	-118.711082	-276.05191	37.740826	5.263972	323.365875	40	-8	1.18	23.219728	0.685	2.518	-1.215	-0.862
14.263748	295.530273	-73.968918	-250.527145	43.643414	5.262477	300.954376	40	-4	1.18	22.386887	0.429	2.652	-1.250	-0.814
15.166518	294.568237	-71.984383	-249.30336	44.537746	5.069011	299.833801	40	-4	1.18	22.351764	0.425	2.651	-1.244	-0.808
14.083194	293.798645	-70.18026	-247.205414	44.895481	5.262477	299.513641	40	-4	1.18	22.332281	0.414	2.657	-1.251	-0.805
14.985964	292.451813	-68.376144	-245.457138	43.106815	5.069011	298.232971	40	-4	1.18	22.290987	0.417	2.689	-1.275	-0.810
-12.795847	275.905182	-30.670034	-228.149261	48.472805	4.289165	281.489716	40	0	1.18	21.675596	0.100	2.834	-1.310	-0.752
-11.894732	275.328003	-34.278278	-228.324127	45.253212	4.094204	280.623932	40	0	1.18	21.649352	0.127	2.853	-1.333	-0.767
-13.516741	274.750793	-34.819511	-228.848557	44.895481	4.094204	280.368866	40	0	1.18	21.639365	0.121	2.850	-1.332	-0.769
-10.0925	273.596375	-32.83498	-225.701691	47.041878	3.899244	279.343292	40	0	1.18	21.606812	0.129	2.832	-1.318	-0.755
-39.649105	256.280151	-4.149476	-209.44278	43.643414	4.094204	262.374573	40	4	1.18	20.922795	-0.211	2.769	-1.301	-0.765
-38.027096	257.242157	-2.525768	-208.743484	46.326408	4.289165	262.374573	40	4	1.18	20.914897	-0.209	2.746	-1.273	-0.752
-39.649105	257.626953	-2.886592	-210.491745	45.78981	4.289165	263.174988	40	4	1.18	20.947304	-0.215	2.740	-1.272	-0.757
-39.82933	258.588959	-3.60824	-210.491745	44.895481	4.679089	263.014923	40	4	1.18	20.925042	-0.213	2.758	-1.283	-0.764
-72.810181	274.750793	22.767668	-219.233078	48.115074	4.872665	279.888519	40	8	1.18	21.590011	-0.492	2.545	-1.194	-0.777
-72.269508	273.981171	20.960711	-221.505844	44.001148	4.289165	280.623932	40	8	1.18	21.64172	-0.488	2.596	-1.240	-0.792
-71.909065	274.943176	24.213236	-219.932434	48.293941	4.484128	281.264282	40	8	1.18	21.659153	-0.495	2.548	-1.200	-0.774
-71.368393	275.905182	24.213236	-221.156219	48.293941	4.679089	282.064697	40	8	1.18	21.68283	-0.491	2.555	-1.202	-0.776
-111.377937	286.872131	48.968571	-231.296188	43.46455	5.069011	296.792236	40	12	1.18	22.236145	-0.746	2.412	-1.179	-0.821
-111.91861	287.449371	52.401794	-229.547913	47.220741	5.069011	297.341522	40	12	1.18	22.25707	-0.754	2.372	-1.148	-0.807
-115.703293	288.988586	51.317616	-232.519974	45.432076	4.87405	297.752747	40	12	1.18	22.280138	-0.761	2.375	-1.149	-0.815
-115.703293	290.912598	50.956226	-234.26825	45.253212	5.263972	298.393066	40	12	1.18	22.28966	-0.757	2.385	-1.149	-0.818
-160.038208	295.33786	77.879913	-244.583023	39.35062	5.848856	309.278656	40	16	1.18	22.677915	-0.985	2.234	-1.117	-0.861
-158.596436	294.953064	78.422005	-244.233353	40.960419	5.458934	309.670685	40	16	1.18	22.707117	-0.978	2.225	-1.109	-0.854
-163.64267	297.454285	77.518524	-247.555084	38.456287	5.458934	310.151062	40	16	1.18	22.725038	-0.988	2.233	-1.113	-0.865
-163.282227	297.069489	79.325478	-246.855789	39.887218	5.653895	310.631409	40	16	1.18	22.735678	-0.990	2.220	-1.105	-0.860
-209.960037	299.378326	102.996643	-261.016754	29.870703	5.653895	321.679657	40	20	1.18	23.14383	-1.179	2.112	-1.100	-0.909
-213.023834	299.955505	101.731766	-263.28949	27.903172	5.069011	321.765045	40	20	1.18	23.168361	-1.183	2.117	-1.104	-0.914
-212.663376	301.109924	101.731766	-265.037781	28.797504	5.458934	322.480255	40	20	1.18	23.180256	-1.175	2.115	-1.097	-0.913
-207.797363	299.570709	101.370377	-264.163666	27.903172	5.458934	323.045715	40	20	1.18	23.20092	-1.172	2.136	-1.118	-0.915
-265.288574	301.302338	124.318756	-288.289764	12.878393	5.653895	332.810699	40	24	1.18	23.547888	-1.345	2.035	-1.104	-0.975
-260.963226	297.839081	127.571281	-284.618408	15.740256	5.848856	333.368347	40	24	1.18	23.560938	-1.347	2.019	-1.101	-0.966
-264.928131	298.608704	123.234573	-287.765289	11.626329	5.848856	333.688599	40	24	1.18	23.572454	-1.348	2.036	-1.118	-0.980
-266.910583	301.49472	124.318756	-292.135986	12.162928	6.043818	334.00885	40	24	1.18	23.576958	-1.341	2.035	-1.103	-0.979
-299.530975	278.983643	136.244675	-302.450775	-5.173694	5.653895	327.04776	40	28	1.18	23.339566	-1.473	1.966	-1.123	-1.037
-298.089172	278.598846	133.172852	-301.401794	-8.384953	5.653895	325.607025	40	28	1.18	23.287195	-1.480	1.991	-1.146	-1.048
-297.908966	279.176056	134.618423	-302.27597	-5.5305	5.653895	324.646545	40	28	1.18	23.252215	-1.468	1.974	-1.121	-1.038
-295.926514	276.097595	134.076324	-297.555634	-5.173694	6.043818	323.52594	40	28	1.18	23.197096	-1.475	1.967	-1.127	-1.038
-313.768616	241.84996	133.353546	-302.975281	-27.117298	5.458934	301.82486	40	32	1.18	22.412388	-1.590	1.937	-1.170	-1.116
-308.902588	240.887955	131.546585	-301.401794	-27.2957	5.263972	301.114471	40	32	1.18	22.39289	-1.585	1.952	-1.182	-1.117
-313.227936	240.695557	131.004501	-300.527679	-28.187714	5.263972	300.383789	40	32	1.18	22.36522	-1.594	1.942	-1.179	-1.120
-310.34436	240.503143	131.365891	-300.702515	-27.2957	5.263972	299.743286	40	32	1.18	22.340937	-1.588	1.945	-1.175	-1.117
-319.175293	207.025116	126.487106	-302.975281	-47.098461	4.679089	278.927795	40	36	1.18	21.559878	-1.688	1.932	-1.235	-1.196
-317.373077	205.543289	126.125717	-301.751465	-46.38485	4.484128	278.542877	40	36	1.18	21.552409	-1.685	1.928	-1.235	-1.193
-317.913757	204.52388	127.932671	-301.9263	-46.20644	4.679089	277.902557	40	36	1.18	21.519541	-1.691	1.920	-1.229	-1.193
-316.652191	204.908676	125.041542	-301.22699	-47.098461	4.87405	277.166473	40	36	1.18	21.482844	-1.687	1.933	-1.238	-1.198
-326.74469	174.701492	119.439964	-311.891449	-69.398865	4.484128	262.595612	40	40	1.18	20.915953	-1.785	1.947	-1.328	-1.296
-325.663361	175.086304	118.897873	-309.269012	-68.328445	4.484128	262.275391	40	40	1.18	20.902974	-1.784	1.944	-1.327	-1.292
-327.28537	174.509094	119.982048	-309.269012	-67.793236	4.289165	262.435516	40	40	1.18	20.917366	-1.786	1.931	-1.318	-1.288
-330.168945	175.905014	120.885529	-314.863495	-68.328445	4.289165	262.854828	40	40	1.18	20.934347	-1.774	1.931	-1.303	-1.286
-372.243835	164.888962	123.234573	-358.745056	-100.262627	4.679089	279.568298	40	44	1.18	21.58504	-1.868	1.974	-1.432	-1.396
-373.602722	163.926941	123.776657	-361.717133	-101.689857	4.679089	280.368866	40	44	1.18	21.616448	-1.870	1.976	-1.436	-1.400
-371.703308	165.081375	123.234573	-363.465393	-102.938683	5.069011	281.169464	40	44	1.18	21.632542	-1.870	1.997	-1.451	-1.408
-373.422485	166.282211	123.957367	-362.416412	-100.619431	4.87405	281.809937	40	44	1.18	21.665245	-1.861	1.978	-1.431	-1.395
71.499306	166.235779	-436.891815	-439.340332	-202.487701	4.87405	299.262939	44	-44	1.18	22.337507	2.158	2.570	-2.129	-1.880
71.860413	165.850967	-435.809052	-439.165527	-203.736542	4.87405	299.903412	44	-44	1.18	22.361792	2.172	2.588	-2.155	-1.892
70.054878	166.235779	-436.711365	-441.088593	-207.483002	5.458934	300.543915	44	-44	1.18	22.363901	2.190	2.624	-2.195	-1.920
71.499306	167.967407	-438.696411	-440.913788	-203.201309	5.069011	300.864136	44	-44	1.18	22.390795	2.156	2.573	-2.130	-1.880
79.44368	196.250565	-457.283691	-450.704071	-188.393845	5.069011	313.193329	44	-40	1.18	22.852672	2.021	2.436	-1.889	-1.728
79.985336	197.267654	-458.366486	-451.228577	-187.501831	5.069011	313.353455	44	-40	1.18	22.858609	2.014	2.426	-1.874	-1.720
80.165894	196.305389	-454.277374	-448.081696	-185.539398	5.263972	314.081116	44	-40	1.18	22.87835	2.012	2.426	-1.881	-1.718
78.179802	197.982193	-459.268799	-453.326477	-188.393845	5.069011	314.634399	44	-40	1.18	22.90605	2.006	2.431	-1.878	-1.722
83.054749	225.688156	-450.245819	-441.088593	-163.952576	5.653895	324.88205	44	-36	1.18	23.260797	1.893	2.367	-1.735	-1.602
85.040848	228.574203	-452.952698	-444.060669	-165.915009	5.653895	325.12677	44	-36	1.18	23.269711	1.904	2.380	-1.738	-1.607
86.124168	227.996979	-449.704437	-441.263428	-160.919754	5.653895	325.682648	44	-36	1.18	23.289946	1.883	2.352	-1.710	-1.585
83.95752	227.996979	-450.967651	-443.361359	-165.379822	5.458934	325.842773	44	-36	1.18	23.302864	1.898	2.383	-1.743	-1.606
85.401955	254.548523	-429.673431	-428.151398	-139.332932	5.653895	334.00885	44	-32	1.18	23.590969	1.779	2.358	-1.635	-1.501
88.290817	255.89534	-428.771149	-426.752777	-136.300079	5.848856	334.489197	44	-32	1.18	23.601219	1.774	2.342	-1.615	-1.488
86.84639	256.280151	-428.229736	-426.228302	-136.835297	5.653895	334.809448	44	-32	1.18	23.619711	1.774	2.350	-1.624	-1.491
85.582504	255.38945	-432.741241	-429.200348	-141.116989	5.653895	335.289795	44	-32	1.18	23.636939	1.788	2.362	-1.644	-1.506
77.818695	263.783844	-377.881622	-388.290863	-108.290787	5.458934	322.160034	44	-28	1.18	23.168546	1.658	2.373	-1.566	-1.414
76.013153	262.125397	-377.782684	-388.115997	-110.788422	5.458934	321.19931	44	-28	1.18	23.133378	1.667	2.389	-1.587	-1.427
79.624229	262.317871	-375.355225	-386.192902	-108.112381	6.043818	320.398712	44	-28	1.18	23.082567	1.669	2.378	-1.572	-1.419
77.818695	262.052246	-372.828796	-382.171875	-106.506737	5.653895	319.437988	44	-28	1.18	23.061601	1.663	2.377	-1.572	-1.414
65.721588	255.004532	-296.314056	-325.178284	-73.502144	5.069011	294.779602	44	-24	1.18	22.159308	1.526	2.446	-1.552	-1.331
65.902138	253.849792	-299.381866	-327.625854	-75.821388	5.069011	293.979034	44	-24	1.18	22.12867	1.537	2.446	-1.556	-1.340
65.360481	254.163727	-302.088745	-327.625854	-76.356598	4.87405	293.018311	44	-24	1.18	22.099323	1.541	2.439	-1.549	-1.341
65.541039	252.2397	-297.757721	-324.653809	-75.464577	5.263972	292.469971	44	-24	1.18	22.063314	1.541	2.447	-1.561	-1.342
50.387718	249.353653	-243.80043	-290.91217	-53.699379	4.679089	275.821442	44	-20	1.18	21.437428	1.377	2.529	-1.542	-1.273
51.818943	247.498734	-239.28894	-286.716309	-53.342575	4.484128	275.245056	44	-20	1.18	21.422344	1.388	2.548	-1.567	-1.276
50.735622	246.536453	-239.108475	-286.191864	-54.5914	4.679089	274.604584	44	-20	1.18	21.38927	1.393	2.560	-1.582	-1.285
51.63839	247.306274	-240.73262	-287.590485	-53.699379	4.679089	273.964111	44	-20	1.18	21.363879	1.389	2.542	-1.557	-1.277
37.735744	245.18927	-191.106323	-262.24054	-36.215862	4.289165	263.236115	44	-16	1.18	20.949777	1.202	2.664	-1.572	-1.213
39.180176	245.574188	-190.745407	-261.366425	-34.07502	4.094204	263.556335	44	-16	1.18	20.970606	1.198	2.641	-1.550	-1.199
36.471867	245.574188	-194.535049	-265.562256	-38.535103	3.899244	263.975372	44	-16	1.18	20.995405	1.206	2.669	-1.580	-1.222
37.384438	246.852432	-193.813202	-264.163666	-37.464687	3.704282	264.615692	44	-16	1.18	21.029092	1.207	2.668	-1.577	-1.215
20.944241	267.706665	-167.10524	-271.156708	-26.582087	4.484128	279.408173	44	-12	1.18	21.586407	0.977	2.799	-1.589	-1.161
20.58853	268.40152	-168.188004	-271.506378	-28.901325	4.679089	279.663422	44	-12	1.18	21.588774	0.989	2.828	-1.616	-1.176
19.499809	268.091583	-171.030563	-273.079834	-32.112583	4.484128	280.689087	44	-12	1.18	21.636635	1.003	2.849	-1.647	-1.193
21.130333	268.209106	-168.188004	-271.856049	-28.366116	4.679089	281.104156	44	-12	1.18	21.645255	0.988	2.818	-1.615	-1.172
-1.261563	286.182465	-140.93866	-282.520477	-22.835619	5.069011	295.5802	44	-8	1.18	22.189905	0.739	3.011	-1.686	-1.148
-1.261563	287.722076	-142.525467	-284.093933	-22.835619	5.263972	296.220673	44	-8	1.18	22.206912	0.742	3.002	-1.675	-1.148
-0.360352	288.218964	-141.660492	-283.394623	-22.657213	5.458934	296.632141	44	-8	1.18	22.215173	0.744	3.011	-1.682	-1.148
-1.801761	289.180969	-141.480026	-285.317719	-22.122004	5.069011	297.272461	44	-8	1.18	22.25444	0.730	3.003	-1.670	-1.142
-26.673035	303.118591	-111.704269	-293.709412	-17.126713	4.87405	309.43869	44	-4	1.18	22.720283	0.458	3.216	-1.760	-1.119
-29.376383	302.926117	-112.426109	-294.933197	-18.732344	5.069011	309.990936	44	-4	1.18	22.733606	0.449	3.233	-1.777	-1.129
-29.188528	304.765594	-113.508858	-295.282867	-17.483521	5.458934	310.239105	44	-4	1.18	22.728321	0.451	3.210	-1.753	-1.123
-28.107473	303.695953	-109.719215	-291.436646	-16.056292	5.458934	310.631409	44	-4	1.18	22.742944	0.442	3.225	-1.770	-1.117
-58.91758	313.511261	-79.221603	-299.478729	-15.877891	5.653895	320.484344	44	0	1.18	23.10002	0.117	3.534	-1.939	-1.124
-60.915447	315.050873	-75.431953	-299.653534	-12.309826	6.043818	321.039185	44	0	1.18	23.106069	0.083	3.508	-1.902	-1.105
-59.83411	314.473511	-78.86068	-300.702515	-15.521085	5.653895	321.519531	44	0	1.18	23.137966	0.109	3.530	-1.934	-1.122
-60.915447	316.398071	-79.381279	-301.401794	-13.380244	5.653895	321.999908	44	0	1.18	23.155554	0.104	3.490	-1.895	-1.108
-103.601257	326.598267	-47.280315	-310.667664	-14.093857	5.848856	332.087433	44	4	1.18	23.51482	-0.292	3.301	-1.793	-1.103
-96.59964	325.058594	-45.114807	-307.171112	-12.666633	5.848856	332.407654	44	4	1.18	23.526358	-0.272	3.341	-1.824	-1.098
-101.078789	327.945465	-47.821697	-311.366974	-12.666633	5.848856	333.048126	44	4	1.18	23.549417	-0.275	3.303	-1.786	-1.096
-100.177917	326.983185	-48.182613	-309.793488	-15.164278	5.848856	333.290924	44	4	1.18	23.558153	-0.274	3.355	-1.836	-1.111
-133.690659	313.318787	-12.632146	-294.059082	-10.882598	5.458934	321.679657	44	8	1.18	23.150969	-0.596	2.992	-1.638	-1.081
-128.825897	311.58667	-11.368932	-290.562531	-8.920163	5.653895	320.558807	44	8	1.18	23.102752	-0.585	2.999	-1.641	-1.073
-132.103607	312.741425	-14.613371	-293.709412	-12.131421	5.458934	319.117737	44	8	1.18	23.056997	-0.585	3.021	-1.650	-1.088
-127.74485	309.662109	-13.353983	-290.737335	-11.59621	5.848856	318.243225	44	8	1.18	23.010476	-0.579	3.038	-1.669	-1.088
-154.951447	285.98999	11.564525	-270.107788	-15.521085	5.263972	296.632141	44	12	1.18	22.222609	-0.845	2.823	-1.584	-1.106
-153.369965	284.642792	12.106612	-267.310547	-14.629067	5.069011	295.740326	44	12	1.18	22.196019	-0.846	2.820	-1.586	-1.101
-153.870392	286.374908	13.190787	-267.310547	-9.990582	5.069011	295.031311	44	12	1.18	22.168932	-0.833	2.760	-1.521	-1.075
-152.42897	283.488068	15.539834	-265.212585	-11.774615	4.87405	294.390991	44	12	1.18	22.1519	-0.852	2.785	-1.554	-1.084
-176.798981	263.472626	33.428726	-252.974716	-18.553938	4.484128	277.967072	44	16	1.18	21.529756	-1.071	2.630	-1.510	-1.117
-176.258301	262.510315	31.441072	-252.625046	-20.516373	4.484128	277.262177	44	16	1.18	21.501992	-1.071	2.656	-1.536	-1.129
-172.834061	260.008392	32.344551	-250.527145	-21.229988	4.289165	276.781952	44	16	1.18	21.490747	-1.077	2.681	-1.565	-1.134
-175.31134	260.970703	31.079679	-251.226456	-21.765196	4.484128	275.981537	44	16	1.18	21.451459	-1.078	2.675	-1.555	-1.137
-201.61705	243.842072	47.342308	-249.30336	-30.328556	4.484128	265.256012	44	20	1.18	21.023469	-1.276	2.527	-1.515	-1.178
-204.319702	244.22699	50.23344	-248.95369	-27.83091	4.679089	266.376617	44	20	1.18	21.060749	-1.280	2.481	-1.480	-1.164
-205.274246	246.275238	51.136925	-251.40126	-25.690067	4.679089	267.078949	44	20	1.18	21.088991	-1.265	2.456	-1.445	-1.150
-203.418808	245.381729	50.052746	-250.00267	-28.544523	4.679089	267.497192	44	20	1.18	21.105791	-1.279	2.500	-1.494	-1.168
-253.868118	252.31015	67.941635	-279.023956	-42.995182	5.069011	283.825531	44	24	1.18	21.736345	-1.440	2.378	-1.463	-1.215
-253.687943	252.695068	70.109993	-276.751221	-39.962334	5.069011	284.625977	44	24	1.18	21.76753	-1.437	2.350	-1.441	-1.200
-255.916962	253.009323	70.471382	-279.723267	-40.497536	5.263972	285.492676	44	24	1.18	21.793666	-1.436	2.344	-1.434	-1.201
-258.372528	253.46489	70.471382	-280.422577	-41.389557	5.069011	285.906616	44	24	1.18	21.817332	-1.442	2.342	-1.435	-1.204
-307.920959	253.079987	84.746361	-311.017273	-59.943493	5.069011	300.474091	44	28	1.18	22.376027	-1.574	2.261	-1.444	-1.261
-303.596741	253.657333	85.288445	-308.919373	-59.229881	5.263972	301.11441	44	28	1.18	22.392888	-1.574	2.277	-1.459	-1.261
-307.020081	254.427155	87.433884	-312.066254	-57.624249	5.069011	301.274506	44	28	1.18	22.406321	-1.566	2.249	-1.425	-1.249
-305.298126	254.548538	84.023567	-313.115234	-61.90593	5.069011	301.664734	44	28	1.18	22.421076	-1.574	2.295	-1.470	-1.271
-351.074799	247.237259	96.130196	-343.360291	-81.530289	5.458934	312.392731	44	32	1.18	22.808481	-1.683	2.223	-1.483	-1.327
-353.325317	248.653488	93.937233	-341.786865	-80.638275	5.458934	312.480255	44	32	1.18	22.811732	-1.676	2.212	-1.473	-1.323
-353.778168	247.429672	95.588112	-345.982727	-83.314316	5.458934	312.96051	44	32	1.18	22.829567	-1.686	2.226	-1.487	-1.333
-351.703766	247.883652	95.382423	-346.332336	-83.671135	5.458934	313.60083	44	32	1.18	22.853324	-1.685	2.239	-1.497	-1.336
-396.027069	238.386734	105.526382	-378.850189	-105.257919	5.263972	324.241547	44	36	1.18	23.251665	-1.777	2.187	-1.522	-1.392
-395.666718	238.06839	103.900116	-383.046051	-109.539589	5.263972	324.646484	44	36	1.18	23.26642	-1.785	2.220	-1.552	-1.410
-403.053955	240.570312	104.59549	-386.717407	-107.398766	5.458934	325.12674	44	36	1.18	23.276809	-1.766	2.182	-1.505	-1.393
-395.409729	237.232315	104.080811	-381.822266	-110.074814	5.458934	325.606964	44	36	1.18	23.294287	-1.793	2.222	-1.564	-1.415
-441.071075	223.379364	110.04377	-427.626892	-140.403351	5.458934	335.532074	44	40	1.18	23.652611	-1.875	2.215	-1.619	-1.496
-441.791809	226.072998	107.51403	-426.752777	-140.224945	5.458934	335.852234	44	40	1.18	23.66408	-1.868	2.220	-1.619	-1.495
-442.447998	224.918549	109.863075	-427.801758	-138.976151	5.848856	335.852234	44	40	1.18	23.650112	-1.865	2.204	-1.603	-1.489
-444.31427	224.981354	109.111702	-428.326233	-140.04657	5.653895	336.492584	44	40	1.18	23.680024	-1.868	2.205	-1.608	-1.492
-436.746857	186.630463	97.57576	-429.724854	-160.206116	5.458934	317.602875	44	44	1.18	23.001251	-1.957	2.257	-1.750	-1.607
-440.89093	187.067474	98.453453	-426.577972	-156.994858	5.653895	316.80246	44	44	1.18	22.964547	-1.949	2.217	-1.712	-1.588
-441.006195	186.245667	98.117851	-431.123444	-157.351669	5.653895	315.681885	44	44	1.18	22.923158	-1.934	2.215	-1.697	-1.585
-435.665833	186.105194	98.453453	-425.354187	-155.567642	5.263972	314.721405	44	44	1.18	22.902055	-1.943	2.224	-1.711	-1.585
