96.570969	-392.367432	-399.612549	144.036743	-174.968292	6.040420	278.478180	0.162962	0.159836	0.000026	-0.000013	0.000021	-0.169411	0.185646	-0.384161	-0.000007	-44.000000	-44.000000	1.180000	21.488577
97.654007	-391.216217	-399.897644	145.263321	-176.216782	5.845570	279.438446	0.162962	0.000014	0.000026	-0.000013	0.000021	-0.169411	0.185646	-0.384161	-0.000007	-44.000000	-44.000000	1.180000	21.534083
98.376038	-385.843964	-392.859741	145.438553	-174.789932	5.847196	280.238678	0.162962	0.000014	0.167537	-0.000013	0.000021	-0.169411	0.000034	-0.192080	-0.000007	-44.000000	-44.000000	1.180000	21.565489
97.628479	-391.599945	-397.267212	145.789001	-172.471298	6.040420	280.973602	0.162962	0.000014	0.000026	-0.000013	0.000021	-0.169411	0.185646	-0.576243	0.175667	-44.000000	-44.000000	1.180000	21.586766
111.162933	-405.030640	-414.947571	177.855591	-156.775879	6.624973	296.974396	0.162962	0.000014	0.000026	0.180116	-0.169994	-0.169411	0.185646	-0.576243	0.175667	-44.000000	-40.000000	1.180000	22.183725
112.275040	-401.577026	-409.281525	179.958313	-154.635590	6.040420	297.683563	0.162962	0.000014	0.167537	-0.000013	0.000021	-0.169411	0.000034	-0.384161	-0.000007	-44.000000	-40.000000	1.180000	22.233093
111.191994	-401.960754	-412.782623	180.483994	-156.954239	6.235271	298.483795	-0.000039	0.000014	0.000026	-0.000013	0.170352	-0.169411	0.000034	-0.384161	-0.000007	-44.000000	-40.000000	1.180000	22.256156
113.538589	-406.181824	-416.680359	179.783081	-158.737793	6.430122	299.284027	0.162962	0.000014	0.167537	-0.000013	0.000021	0.000040	0.185646	-0.384161	-0.000007	-44.000000	-40.000000	1.180000	22.279196
121.088173	-397.164093	-416.932098	210.798294	-134.124527	6.624973	311.055054	-0.000039	0.000014	0.167537	-0.179753	0.000021	-0.169411	0.000034	-0.192080	-0.000007	-44.000000	-36.000000	1.180000	22.715263
122.531845	-401.193298	-421.081573	211.323990	-136.264816	6.819824	311.767517	0.162962	0.000014	0.000026	-0.000013	0.000021	-0.169411	0.000034	-0.384161	-0.000007	-44.000000	-36.000000	1.180000	22.734566
121.480873	-398.890900	-419.387268	209.746933	-135.194656	6.431914	312.247650	0.162962	0.000014	0.000026	-0.179753	0.000021	-0.169411	0.000034	-0.384161	-0.000007	-44.000000	-36.000000	1.180000	22.766900
120.397827	-401.768890	-423.357361	210.097397	-138.226730	6.431914	312.567749	0.162962	0.000014	0.167537	-0.179753	0.000021	-0.169411	0.000034	-0.192080	-0.000007	-44.000000	-36.000000	1.180000	22.778812
122.712311	-389.873169	-407.116028	239.185120	-108.084396	6.626820	323.610840	-0.000039	-0.159415	0.167537	-0.179753	0.000021	0.000040	0.000034	0.000024	-0.000007	-44.000000	-32.000000	1.180000	23.178892
120.036812	-396.012909	-412.349335	240.061234	-113.078392	6.626820	323.770874	-0.000039	0.000014	0.167537	-0.179753	0.000021	-0.169411	0.000034	-0.384161	-0.000007	-44.000000	-32.000000	1.180000	23.184742
121.810020	-394.286102	-412.241394	239.185120	-110.403030	7.014675	324.251038	0.162962	0.000014	0.000026	-0.000013	0.000021	-0.169411	0.000034	-0.384161	-0.000007	-44.000000	-32.000000	1.180000	23.188116
122.563904	-393.326752	-412.890717	240.061234	-111.829895	6.821726	324.731171	-0.000039	0.159836	0.000026	-0.000013	0.000021	-0.338822	0.185646	-0.384161	-0.000007	-44.000000	-32.000000	1.180000	23.212703
119.103134	-392.943024	-393.117706	268.272827	-90.427032	7.209527	336.094360	-0.000039	-0.159415	0.167537	-0.179753	0.000021	-0.169411	-0.185163	-0.192080	-0.000007	-44.000000	-28.000000	1.180000	23.609996
120.036812	-396.780365	-388.528717	268.798523	-91.497185	6.626820	336.734528	0.162962	-0.159415	0.167537	-0.000013	-0.169994	-0.169411	0.000034	-0.384161	-0.000007	-44.000000	-28.000000	1.180000	23.653849
119.856308	-393.326752	-392.498840	268.448059	-92.210609	7.016633	337.374695	-0.000039	0.000014	0.000026	-0.000013	0.000021	-0.169411	0.000034	-0.192080	-0.000007	-44.000000	-28.000000	1.180000	23.662817
117.329216	-398.890900	-397.551697	269.324188	-96.134468	7.016633	337.374695	0.162962	0.000014	0.000026	-0.000013	-0.169994	-0.169411	0.000034	-0.384161	0.175667	-44.000000	-28.000000	1.180000	23.662817
102.500885	-352.842896	-334.664246	271.602142	-64.030197	7.014675	317.529144	-0.000039	0.000014	0.000026	-0.000013	0.000021	-0.169411	0.000034	-0.192080	-0.175361	-44.000000	-24.000000	1.180000	22.941136
105.027306	-351.116089	-334.390961	270.375549	-62.068264	6.431914	316.248779	0.162962	0.000014	0.167537	-0.000013	0.000021	-0.169411	0.000034	-0.192133	-0.000007	-44.000000	-24.000000	1.180000	22.915351
101.598579	-352.651031	-334.303406	270.901245	-65.813759	6.624973	315.375275	0.162962	0.000014	0.167537	-0.000013	0.000021	-0.169411	0.000034	-0.384161	-0.000007	-44.000000	-24.000000	1.180000	22.875874
101.237663	-352.459167	-333.488678	269.849884	-65.457047	6.431914	314.255219	0.162962	0.000014	0.167537	-0.000013	0.000021	-0.169411	0.000034	-0.192133	-0.000007	-44.000000	-24.000000	1.180000	22.841506
85.018555	-312.742737	-274.226227	265.644440	-44.410912	6.430122	294.002533	-0.000039	0.159836	0.000026	-0.000013	0.000021	-0.169411	0.000034	-0.384161	-0.000007	-44.000000	-20.000000	1.180000	22.077384
85.357254	-314.085785	-274.587036	263.716919	-42.805698	6.040420	293.294220	-0.000039	0.000014	0.000026	-0.000013	0.000021	-0.169411	0.000034	-0.384161	-0.000007	-44.000000	-20.000000	1.180000	22.065151
82.830826	-316.004456	-274.587036	264.242584	-45.124340	5.845570	292.562134	-0.000039	0.000014	0.000026	-0.179753	0.000021	-0.169411	0.000034	-0.384161	-0.000007	-44.000000	-20.000000	1.180000	22.044506
84.477028	-312.359009	-271.880859	262.315094	-44.054199	6.430122	291.921967	-0.000039	0.159836	0.000026	-0.000013	0.000021	-0.169411	0.185646	-0.384161	-0.000007	-44.000000	-20.000000	1.180000	21.997375
68.574547	-280.509125	-221.365494	257.408752	-27.288637	5.652289	274.156982	-0.000039	0.000014	0.000026	-0.179753	0.000021	-0.169411	0.000034	-0.192133	-0.000007	-44.000000	-16.000000	1.180000	21.332902
67.852707	-279.549805	-221.784393	255.481247	-28.893845	5.650718	273.196686	-0.000039	0.000014	0.167537	-0.000013	0.000021	-0.169411	0.000034	-0.192133	-0.000007	-44.000000	-16.000000	1.180000	21.294782
65.884865	-279.741669	-221.243011	254.955551	-29.607277	5.845570	272.076385	0.162962	0.000014	0.000026	-0.000013	0.000021	-0.169411	0.185646	-0.384161	-0.000007	-44.000000	-16.000000	1.180000	21.242379
66.589493	-276.288055	-217.035629	254.254654	-27.110273	5.650718	271.533142	0.162962	-0.159415	0.000026	-0.000013	-0.169994	0.000040	0.000034	-0.576243	0.175667	-44.000000	-16.000000	1.180000	21.228475
51.624844	-268.229645	-186.906830	261.263733	-20.867779	5.845570	270.956055	0.162962	0.000014	0.000026	-0.000013	-0.169994	-0.000003	0.185646	-0.576243	0.175667	-44.000000	-12.000000	1.180000	21.197636
51.624844	-270.532043	-187.267654	262.315094	-21.224493	5.455867	271.596252	-0.000039	0.000014	0.000026	-0.179753	0.000021	-0.169411	0.000034	-0.384161	-0.000007	-44.000000	-12.000000	1.180000	21.238771
52.333214	-268.421509	-184.741882	262.490356	-17.122280	5.650718	272.333191	-0.000039	0.000014	0.000026	-0.000013	0.000021	-0.169411	0.000034	-0.384161	-0.000007	-44.000000	-12.000000	1.180000	21.260390
50.000286	-272.834442	-189.973831	262.490356	-22.651348	5.845570	273.196686	-0.000039	0.000014	0.000026	-0.179753	0.000021	-0.169411	0.000034	-0.384161	-0.175361	-44.000000	-12.000000	1.180000	21.287026
34.828667	-285.881409	-166.520264	285.970795	-14.625282	6.235271	290.254059	-0.000039	0.000014	0.000026	-0.000013	-0.169994	-0.169411	0.000034	-0.192133	-0.000007	-44.000000	-8.000000	1.180000	21.940551
36.281792	-283.387115	-162.370804	285.269867	-9.809640	6.235271	291.121735	0.162962	0.000014	0.000026	-0.000013	-0.169994	-0.000003	0.000034	-0.384161	0.175667	-44.000000	-8.000000	1.180000	21.974040
35.370045	-285.881409	-164.716141	286.671692	-12.306638	6.040420	291.694122	-0.000039	0.000014	0.000026	-0.000013	0.000021	-0.169411	0.000034	-0.384161	-0.000007	-44.000000	-8.000000	1.180000	22.003610
36.091881	-285.689545	-166.700684	288.073517	-13.376781	6.430122	292.174133	0.162962	-0.159415	0.000026	-0.000013	-0.169994	-0.169411	0.185646	-0.576243	0.175667	-44.000000	-8.000000	1.180000	22.007087
9.022999	-301.998199	-142.525482	303.843964	-13.376781	6.237008	305.454803	-0.000039	0.000014	0.000026	-0.000013	0.000021	-0.169411	0.185646	-0.192133	-0.000007	-44.000000	-4.000000	1.180000	22.519965
11.008050	-303.149414	-144.149170	303.843964	-13.376781	6.430122	306.094818	-0.000039	0.000014	0.000026	-0.000013	0.000021	-0.169411	0.000034	-0.384161	0.175667	-44.000000	-4.000000	1.180000	22.536776
10.469360	-302.381958	-143.066711	304.019196	-11.771568	6.624973	306.486053	0.162962	0.000014	0.167537	-0.000013	0.000021	-0.169411	0.000034	-0.384161	0.175667	-44.000000	-4.000000	1.180000	22.544159
10.647131	-301.422607	-140.180115	304.194397	-10.523067	6.430122	306.574829	0.162962	0.000014	0.000026	-0.179753	-0.169994	-0.169411	0.000034	-0.384161	0.175667	-44.000000	-4.000000	1.180000	22.554819
-19.639193	-318.114990	-115.463676	318.913483	-12.484995	6.430122	318.009277	0.162962	-0.159415	0.167537	-0.000013	0.000021	-0.169411	0.000034	-0.384161	-0.000007	-44.000000	0.000000	1.180000	22.980432
-18.558138	-317.155670	-116.726555	318.738281	-14.090209	7.014675	318.329376	0.162962	0.000014	0.000026	-0.179753	0.000021	-0.169411	0.000034	-0.192133	0.175667	-44.000000	0.000000	1.180000	22.970678
-20.540075	-315.237000	-112.216263	319.088715	-12.128282	6.819824	319.129578	-0.000039	0.000014	0.000026	-0.000013	0.000021	-0.000003	0.185646	-0.384161	-0.000007	-44.000000	0.000000	1.180000	23.007359
-21.080603	-316.963806	-114.381210	318.738281	-12.841711	7.209527	319.449677	-0.000039	0.000014	0.000026	-0.000013	0.000021	-0.169411	0.000034	-0.192133	-0.000007	-44.000000	0.000000	1.180000	23.004795
-59.277931	-332.888733	-86.056519	331.354614	-17.300636	7.014675	330.972931	-0.000039	0.000014	0.000026	-0.000013	0.000021	-0.000003	0.000034	-0.192133	-0.000007	-44.000000	4.000000	1.180000	23.432494
-64.322868	-333.272461	-84.252396	332.581207	-20.867779	7.014675	331.056030	0.162962	0.000014	0.000026	-0.000013	0.000021	-0.169411	0.000034	-0.192080	-0.000007	-44.000000	4.000000	1.180000	23.435499
-62.701279	-332.696869	-82.809097	332.230774	-17.835709	7.014675	331.536041	0.162962	0.000014	0.167537	-0.000013	0.000021	-0.169411	0.185646	-0.192133	-0.000007	-44.000000	4.000000	1.180000	23.452851
-61.259869	-336.342346	-87.860634	332.581207	-21.581205	7.014675	332.413300	0.162962	0.000014	0.000026	-0.179753	0.000021	-0.169411	0.000034	-0.384161	-0.000007	-44.000000	4.000000	1.180000	23.484529
-102.880547	-339.604065	-53.401951	334.508728	-26.753561	7.209527	334.974030	0.162962	0.000014	0.000026	-0.000013	0.000021	-0.169411	0.000034	-0.384161	-0.000007	-44.000000	8.000000	1.180000	23.569748
-100.358086	-337.685425	-53.041126	333.457367	-25.505064	7.016633	333.693695	-0.000039	0.000014	0.000026	-0.179753	0.000021	-0.000003	0.000034	-0.192133	-0.000007	-44.000000	8.000000	1.180000	23.530617
-103.601250	-337.109802	-49.793709	332.581207	-23.721493	7.014675	332.253265	-0.000039	0.000014	0.000026	-0.000048	0.000021	-0.169411	0.000034	-0.192133	-0.000007	-44.000000	8.000000	1.180000	23.478753
-102.880547	-334.807404	-50.515358	330.478485	-25.505064	7.014675	330.812866	0.162962	0.000014	0.000026	-0.000013	0.000021	-0.169411	0.185646	-0.384161	-0.000007	-44.000000	8.000000	1.180000	23.426705
-131.168198	-310.248474	-17.860786	305.771454	-23.186420	6.624973	306.165955	-0.000039	0.000014	0.000026	-0.000048	0.000021	-0.169411	0.000034	-0.192133	-0.000007	-44.000000	12.000000	1.180000	22.532123
-130.087143	-308.329803	-15.695842	304.369629	-21.937922	6.624973	305.045624	-0.000039	0.000014	0.000026	-0.000013	0.000021	-0.169411	0.000034	-0.192133	-0.000007	-44.000000	12.000000	1.180000	22.489947
-131.168198	-308.329803	-18.402025	303.318268	-26.218491	6.430122	304.245422	0.162962	0.000014	0.167537	-0.000013	-0.169994	-0.169411	0.000034	-0.192133	0.175631	-44.000000	12.000000	1.180000	22.467125
-126.123276	-303.916870	-16.597902	301.390747	-22.294634	6.430122	303.534698	-0.000039	0.000014	0.000026	-0.179753	0.000021	-0.169411	0.185646	-0.384161	0.175631	-44.000000	12.000000	1.180000	22.440301
-158.014450	-286.648865	9.030060	283.167145	-29.785633	6.040420	286.000305	-0.000039	0.000014	0.000026	-0.000013	0.000021	-0.169411	0.000034	-0.384161	-0.000007	-44.000000	16.000000	1.180000	21.783212
-159.455841	-288.951263	8.849458	282.816681	-28.537132	6.235271	285.133820	-0.000039	0.000014	0.000026	-0.000048	0.000021	-0.169411	0.185646	-0.192133	-0.000007	-44.000000	16.000000	1.180000	21.741882
-155.491974	-284.538330	9.752464	281.239624	-28.002062	6.235271	284.239807	0.162962	-0.159415	0.167537	-0.000013	-0.169994	0.000040	0.000034	-0.384161	0.175667	-44.000000	16.000000	1.180000	21.707007
-155.131607	-283.387115	9.391261	278.961670	-27.645350	6.235271	283.439575	0.162962	0.000014	0.000026	-0.000013	0.000021	-0.000003	0.185646	-0.192133	-0.000007	-44.000000	16.000000	1.180000	21.675743
-180.896805	-268.229645	26.006567	257.408752	-35.136341	5.650718	266.954956	0.162962	0.000014	0.000026	-0.000048	0.000021	-0.169411	0.185646	-0.192133	-0.000007	-44.000000	20.000000	1.180000	21.044917
-181.617508	-267.270325	29.437988	258.635345	-34.601273	5.455867	266.412903	0.162962	0.000014	0.000026	-0.000013	0.000021	-0.169411	0.000034	-0.192133	0.175631	-44.000000	20.000000	1.180000	21.030931
-182.338196	-268.613373	27.451376	257.408752	-35.493061	5.455867	265.834625	0.162962	0.000014	0.000026	-0.000013	0.000021	-0.000003	0.000034	-0.384161	-0.000007	-44.000000	20.000000	1.180000	21.007616
-181.977859	-267.654053	27.631977	256.357391	-35.136341	5.262477	265.514557	0.162962	0.000014	0.167537	-0.000013	0.000021	-0.000003	0.000034	-0.192133	-0.000007	-44.000000	20.000000	1.180000	21.002505
-229.724518	-285.881409	49.845917	259.861908	-44.589268	6.040420	277.517914	0.162962	0.000014	0.000026	-0.000013	0.000021	-0.169411	0.000034	-0.192133	-0.000007	-44.000000	24.000000	1.180000	21.450673
-229.544342	-287.608185	47.678703	263.366455	-49.761627	6.040420	278.318146	0.162962	0.000014	0.167537	-0.000013	0.000021	-0.169411	0.000034	-0.192133	-0.000007	-44.000000	24.000000	1.180000	21.482265
-232.787506	-288.951263	49.845917	262.490356	-45.837772	5.845570	279.118347	-0.000039	-0.000016	0.000026	-0.179753	0.000021	-0.169411	0.000034	-0.192133	0.175631	-44.000000	24.000000	1.180000	21.521482
-228.283112	-287.032593	50.929523	263.541718	-46.016129	6.235271	279.438446	0.162962	0.000014	0.000026	-0.000048	0.000021	-0.169411	0.185646	-0.192133	-0.000007	-44.000000	24.000000	1.180000	21.518742
-283.777374	-314.661407	70.976250	265.293945	-65.457047	6.235271	293.682434	-0.000039	0.000014	0.000026	-0.000013	0.000021	-0.000003	0.000034	-0.384161	-0.000007	-44.000000	28.000000	1.180000	22.072576
-283.416992	-316.004456	70.795647	264.768280	-63.673473	6.040420	294.322632	0.162962	-0.000016	0.000026	-0.179753	0.000021	-0.169411	0.000034	-0.192133	0.175631	-44.000000	28.000000	1.180000	22.104614
-283.416992	-315.620728	70.795647	266.345337	-65.457047	6.235271	294.802765	-0.000039	-0.159415	0.000026	-0.000048	0.000021	-0.169411	0.000034	-0.192133	0.175631	-44.000000	28.000000	1.180000	22.115548
-284.678223	-317.155670	69.170242	266.695801	-65.813759	6.430122	295.282898	-0.000039	0.000014	0.000026	-0.000048	0.000021	-0.169411	0.000034	-0.192133	-0.000007	-44.000000	28.000000	1.180000	22.126477
-336.208588	-348.429962	84.340736	262.139862	-89.356895	6.430122	306.165955	-0.000039	0.000014	0.000026	-0.000013	0.000021	-0.000003	0.000034	-0.192133	-0.000007	-44.000000	32.000000	1.180000	22.539451
-336.929291	-349.773010	85.604942	262.139862	-86.859894	6.040420	306.486053	-0.000039	0.000014	0.167537	-0.179753	0.000021	-0.000003	0.000034	-0.192133	-0.000007	-44.000000	32.000000	1.180000	22.566123
-335.127533	-349.005554	85.243744	264.242584	-89.535255	6.430122	306.966187	-0.000039	0.000014	0.000026	-0.179753	-0.169994	-0.169411	0.185646	-0.192133	-0.000007	-44.000000	32.000000	1.180000	22.569519
-340.713013	-352.651031	85.063133	262.665558	-88.286758	6.624973	307.286255	0.162962	0.000014	0.000026	-0.179753	0.000021	-0.169452	0.000034	-0.192133	-0.000007	-44.000000	32.000000	1.180000	22.574220
-389.540710	-386.995148	94.093193	255.130798	-117.002243	6.624973	318.649445	-0.000039	0.000014	0.000026	-0.000013	0.000021	-0.000003	0.185646	-0.192133	-0.000007	-44.000000	36.000000	1.180000	22.996849
-389.180389	-387.954498	93.731995	256.006927	-117.537315	7.014675	318.969543	0.162962	0.000014	0.000026	-0.000013	0.000021	-0.000003	0.000034	-0.192133	-0.000007	-44.000000	36.000000	1.180000	22.994283
-389.540710	-388.146362	94.996201	257.408752	-115.040314	7.014675	319.609741	-0.000039	0.000014	0.000026	-0.000048	0.000021	-0.169411	0.000034	-0.192133	-0.000007	-44.000000	36.000000	1.180000	23.017866
-390.441589	-390.256897	94.093193	259.336243	-117.358955	7.014675	320.249908	-0.000039	0.000014	0.000026	-0.179753	0.000021	-0.169411	0.000034	-0.192133	-0.000007	-44.000000	36.000000	1.180000	23.041423
-441.071075	-426.711578	99.511230	245.493286	-145.361023	7.014675	330.172668	0.162962	0.000014	0.000026	-0.000013	0.000021	-0.000003	0.000034	-0.192133	-0.000007	-44.000000	40.000000	1.180000	23.403534
-441.611603	-426.903442	100.233635	245.668533	-143.934158	7.014675	330.652802	-0.000039	0.000014	0.000026	-0.179753	0.000021	-0.000003	0.000034	-0.192133	-0.000007	-44.000000	40.000000	1.180000	23.420914
-441.431458	-427.862793	100.775436	245.493286	-144.647598	6.819824	330.492767	-0.000039	-0.000016	0.000026	-0.000013	-0.169994	-0.169411	0.000034	-0.192133	0.175631	-44.000000	40.000000	1.180000	23.422173
-440.530579	-426.519714	98.247017	243.916245	-148.036377	7.014675	331.292999	0.162962	-0.159415	0.000026	-0.000013	0.000021	0.169742	0.000034	-0.192133	-0.000007	-44.000000	40.000000	1.180000	23.444067
-482.511597	-460.671967	99.511230	226.043076	-182.102585	7.209527	339.615326	0.162962	-0.159415	0.000026	-0.000048	0.000021	-0.169411	0.000034	-0.192133	0.175631	-44.000000	44.000000	1.180000	23.736041
-480.709839	-459.137024	100.956039	226.743988	-179.962280	7.209527	338.975159	-0.000039	0.000014	0.000026	-0.000013	0.000021	-0.000003	0.185646	-0.192133	0.175631	-44.000000	44.000000	1.180000	23.713174
-484.313354	-462.398773	98.788826	225.342148	-183.529434	7.209527	337.694824	0.162962	0.000014	0.000026	-0.000013	-0.169994	-0.000003	0.000034	-0.192133	0.175631	-44.000000	44.000000	1.180000	23.667373
-478.007172	-456.642761	99.872429	225.517380	-177.643646	7.209527	336.574493	0.162962	0.000014	0.000026	-0.000048	-0.169994	-0.169411	0.000034	-0.192133	0.175667	-44.000000	44.000000	1.180000	23.627224
139.675476	-415.007690	-401.236237	153.674240	-156.419159	6.430122	302.004791	-0.000039	0.000014	0.000026	-0.000048	0.000021	-0.000003	0.000034	-0.192133	-0.000007	-40.000000	-44.000000	1.180000	22.382449
139.892532	-414.240204	-400.078125	152.798096	-158.024368	6.430122	300.884460	0.162962	0.000014	0.000026	-0.179753	-0.169994	-0.000003	0.000034	-0.192133	-0.000007	-40.000000	-44.000000	1.180000	22.339990
138.267975	-409.635437	-398.169250	153.849457	-157.132584	6.235271	299.444061	0.162962	-0.000016	0.000026	-0.179753	0.000021	-0.169411	0.000034	-0.192133	0.175631	-40.000000	-44.000000	1.180000	22.292691
137.545944	-408.100494	-395.463043	151.746735	-155.527374	6.235271	298.803894	-0.000039	-0.000016	0.000026	-0.179753	0.000021	-0.338822	0.000034	-0.192133	0.175631	-40.000000	-44.000000	1.180000	22.268342
137.004425	-356.680237	-352.885834	166.816269	-112.037247	6.040420	279.438446	0.162962	-0.159415	0.000026	-0.000048	-0.169994	-0.000003	0.000034	-0.192133	-0.000007	-40.000000	-40.000000	1.180000	21.526414
136.101898	-359.750092	-353.427063	164.713547	-114.505241	6.040420	278.798279	0.162962	-0.159415	0.000026	-0.179753	0.000021	-0.000003	0.185606	-0.192133	-0.000007	-40.000000	-40.000000	1.180000	21.501197
135.921387	-355.529022	-351.262146	164.713547	-113.256744	6.040420	277.837982	-0.000039	0.000014	0.000026	-0.179753	0.000021	-0.000003	0.000034	-0.192133	0.175631	-40.000000	-40.000000	1.180000	21.463314
137.365433	-353.994080	-350.720886	165.414459	-112.186607	5.845570	277.357849	0.162962	-0.000016	0.000026	-0.000013	-0.169994	-0.169411	0.000034	-0.192133	0.175631	-40.000000	-40.000000	1.180000	21.452046
133.394302	-308.329803	-324.561157	175.928085	-75.801758	5.455867	263.593994	0.162962	-0.000016	0.000026	-0.000013	0.000021	-0.169411	0.185606	-0.192133	0.175631	-40.000000	-36.000000	1.180000	20.917032
133.755310	-310.056610	-327.086914	175.752869	-76.336830	5.455867	263.914093	-0.000039	-0.000016	0.000026	-0.000048	0.000021	-0.169411	0.000034	-0.192133	0.175631	-40.000000	-36.000000	1.180000	20.929997
134.622635	-308.329803	-322.035400	176.804230	-74.750961	5.455867	264.234161	-0.000039	0.000014	0.000026	-0.000048	0.000021	-0.000003	0.000034	-0.192133	-0.000007	-40.000000	-36.000000	1.180000	20.942953
134.838348	-309.097290	-329.973511	176.453766	-76.336830	5.455867	265.034424	0.162962	0.000014	0.000026	-0.000013	0.000021	-0.000003	0.000034	-0.192133	0.175631	-40.000000	-36.000000	1.180000	20.975310
142.743286	-309.097290	-329.973511	207.994675	-51.736942	5.845570	281.358978	0.162962	0.000014	0.000026	-0.179753	0.000021	-0.000003	0.000034	-0.192133	-0.000007	-40.000000	-32.000000	1.180000	21.609532
144.006516	-307.946075	-335.025055	206.943314	-51.010124	6.040420	281.999176	0.162962	-0.000016	0.000026	-0.000048	0.000021	-0.169411	0.000034	-0.192133	0.175631	-40.000000	-32.000000	1.180000	21.626991
144.908798	-307.178619	-335.205475	208.169891	-51.380135	6.040420	282.479279	0.162962	0.000014	0.000026	-0.179753	0.000021	-0.000003	0.000034	-0.192133	-0.000007	-40.000000	-32.000000	1.180000	21.645796
144.946701	-309.672882	-337.190002	207.118530	-52.793694	5.845570	282.799408	0.162962	0.000014	0.167537	-0.179753	0.000021	-0.000003	0.000034	-0.192133	-0.000007	-40.000000	-32.000000	1.180000	21.665947
145.127228	-309.481018	-322.937469	235.505341	-30.855774	6.430122	296.563263	0.162962	0.000014	0.000026	-0.000048	0.000021	-0.000003	0.185606	-0.192133	0.175631	-40.000000	-28.000000	1.180000	22.175462
146.352478	-310.248474	-323.298279	237.783295	-28.366116	6.235271	296.883362	0.162962	0.000014	0.000026	-0.000048	0.000021	-0.000003	0.000034	-0.192133	0.175631	-40.000000	-28.000000	1.180000	22.195132
145.488235	-310.632202	-322.576630	237.432846	-26.225279	6.430122	297.523529	0.162962	0.000014	0.000026	-0.179753	0.000021	-0.000003	0.000034	-0.192133	0.175631	-40.000000	-28.000000	1.180000	22.212129
146.390762	-308.137939	-323.117859	239.185120	-28.901325	6.235271	298.323730	-0.000039	0.000014	0.000026	-0.000048	0.000021	-0.000003	0.000034	-0.192133	-0.000007	-40.000000	-28.000000	1.180000	22.250061
146.932281	-313.126495	-302.370483	268.623260	-4.815642	6.430122	315.288513	0.162962	-0.000016	0.000026	-0.179753	0.000021	-0.000003	0.000034	-0.192133	0.175631	-40.000000	-24.000000	1.180000	22.879878
143.683182	-315.428864	-301.829254	269.148956	-6.242497	6.430122	316.088745	-0.000039	0.000014	0.000026	-0.000048	0.000021	-0.000003	0.000034	-0.192133	0.175631	-40.000000	-24.000000	1.180000	22.909499
144.728333	-314.469513	-300.025146	268.097595	-4.816888	6.819824	316.728912	-0.000039	0.000014	0.000026	-0.000048	0.000021	-0.000003	0.000034	-0.192133	0.175631	-40.000000	-24.000000	1.180000	22.918762
144.224686	-313.702087	-301.288025	270.200317	-6.064141	6.819824	317.369110	0.162962	0.000014	0.000026	-0.000048	0.000021	-0.000003	0.000034	-0.192133	0.175631	-40.000000	-24.000000	1.180000	22.942422
138.448486	-312.550873	-268.633453	295.783508	16.630281	7.209527	330.172668	0.162962	-0.159415	0.000026	-0.179753	-0.169994	-0.000003	0.185606	-0.192133	0.175631	-40.000000	-20.000000	1.180000	23.396477
137.509964	-318.114990	-274.587036	297.535767	13.050464	7.209527	330.812866	-0.000039	0.000014	0.000026	-0.000048	0.000021	-0.000003	0.000034	-0.192133	0.175631	-40.000000	-20.000000	1.180000	23.419655
136.823929	-317.347534	-272.061249	298.937592	14.126802	7.014675	331.132965	0.162962	0.000014	0.000026	-0.000048	0.000021	-0.000003	0.000034	-0.192133	0.175631	-40.000000	-20.000000	1.180000	23.438281
139.531525	-316.196320	-271.159210	297.360565	15.557362	7.014675	331.613098	0.162962	-0.000016	0.000026	-0.000048	0.000021	-0.000003	0.185606	-0.192133	0.175631	-40.000000	-20.000000	1.180000	23.455635
126.174034	-314.277649	-236.520096	317.862122	29.147680	7.209527	339.615326	-0.000039	-0.159415	0.000026	-0.179753	0.000021	-0.000003	0.185606	-0.192133	0.175631	-40.000000	-16.000000	1.180000	23.736041
125.452011	-310.824097	-231.107742	318.037354	31.651159	7.014675	338.495026	0.162962	-0.000016	0.167537	-0.000048	0.000021	-0.000003	0.000034	-0.192133	0.175631	-40.000000	-16.000000	1.180000	23.702977
124.007965	-310.824097	-232.551056	316.460327	28.790039	7.404377	337.214661	0.162962	-0.000016	0.000026	-0.000048	0.000021	-0.000003	0.185606	-0.192133	0.175631	-40.000000	-16.000000	1.180000	23.643191
125.452011	-307.754211	-229.484039	315.058472	32.902897	7.209527	336.094360	-0.000039	-0.000016	0.000026	-0.000048	0.000021	-0.000003	0.000034	-0.192133	0.175631	-40.000000	-16.000000	1.180000	23.609996
101.057205	-278.974182	-176.262512	304.019196	42.369328	6.430122	313.688049	0.162962	0.000014	0.167537	-0.179753	0.000021	-0.000003	0.000034	-0.192133	0.175631	-40.000000	-12.000000	1.180000	22.820521
100.542114	-277.247375	-176.984161	304.895325	39.698059	6.430122	312.727814	-0.000039	-0.000016	0.000026	-0.000048	0.000021	-0.000003	0.185606	-0.192133	0.175631	-40.000000	-12.000000	1.180000	22.784834
98.376038	-278.398590	-176.803757	301.566010	38.803959	6.624973	312.087616	0.162962	-0.000016	0.000026	-0.000048	0.000021	-0.169452	0.185646	-0.192133	0.175631	-40.000000	-12.000000	1.180000	22.753754
99.278564	-276.288055	-174.458389	300.164185	42.022717	6.430122	311.447418	0.162962	-0.000016	0.000026	-0.000048	0.000021	-0.000003	0.185606	-0.192133	0.175631	-40.000000	-12.000000	1.180000	22.737161
73.646637	-253.647797	-127.010040	287.547821	45.956757	6.235271	290.641602	0.162962	-0.000016	0.000026	-0.000048	0.000021	-0.000003	0.000034	-0.192133	0.175631	-40.000000	-8.000000	1.180000	21.955515
71.661072	-252.304733	-125.025513	285.620331	45.241474	6.235271	290.161469	0.162962	-0.000016	0.000026	-0.000048	0.000021	-0.000003	0.185606	-0.192133	0.175631	-40.000000	-8.000000	1.180000	21.936975
70.217018	-254.031525	-125.566750	284.218506	44.347378	6.430122	289.681335	-0.000039	-0.000016	0.000026	-0.000048	0.000021	-0.000003	0.185606	-0.192133	0.175631	-40.000000	-8.000000	1.180000	21.910883
73.466133	-251.729126	-126.107979	284.218506	46.123573	6.040420	288.881104	0.162962	-0.000016	0.000026	-0.000048	0.000021	-0.000003	0.000034	-0.192133	0.175631	-40.000000	-8.000000	1.180000	21.895000
46.919437	-236.379791	-86.778160	272.478271	49.162727	5.650718	274.797150	0.162962	-0.000016	0.000026	-0.179753	0.000021	-0.000003	0.000034	-0.192133	0.175631	-40.000000	-4.000000	1.180000	21.358380
44.753925	-238.490326	-88.041046	273.529633	47.732540	6.040420	274.317017	0.162962	-0.000016	0.000026	-0.179753	0.000021	-0.000003	0.000034	-0.192133	0.175631	-40.000000	-4.000000	1.180000	21.323839
46.209652	-238.298447	-90.386398	273.529633	45.599121	5.845570	273.516815	0.162962	-0.000016	0.000026	-0.000048	0.000021	-0.000003	0.185606	-0.192133	0.175631	-40.000000	-4.000000	1.180000	21.299767
46.919437	-234.652985	-85.876106	270.550781	49.341503	6.040420	272.556519	0.162962	-0.000016	0.000026	-0.000048	0.000021	-0.000003	0.000034	-0.192133	0.175631	-40.000000	-4.000000	1.180000	21.253758
19.314180	-234.652985	-59.535950	268.623260	46.123573	5.650718	269.035553	-0.000039	-0.000016	0.000026	-0.179753	0.000021	-0.000003	0.185606	-0.192133	0.175631	-40.000000	0.000000	1.180000	21.128534
17.509115	-234.077377	-57.371010	270.025116	45.944801	5.845570	269.675720	0.162962	-0.159415	0.000026	-0.179753	0.000021	-0.000003	0.000034	-0.192133	0.175631	-40.000000	0.000000	1.180000	21.146388
14.797694	-235.420456	-57.371010	270.550781	45.229710	5.650718	270.475922	0.162962	-0.159415	0.000026	-0.000048	-0.169994	-0.000003	0.000034	-0.192080	0.175631	-40.000000	0.000000	1.180000	21.186228
16.967596	-236.187912	-58.273071	271.076477	45.956757	5.845570	270.956055	0.162962	-0.000016	0.000026	-0.179753	0.000021	-0.000003	0.185606	-0.192133	0.175631	-40.000000	0.000000	1.180000	21.197636
-12.071797	-253.455933	-30.850451	288.949646	45.956757	6.040420	288.561005	0.162962	-0.159415	0.000026	-0.179753	0.000021	-0.000003	0.185606	-0.192133	0.175631	-40.000000	4.000000	1.180000	21.882607
-13.333029	-254.798996	-31.572098	288.949646	44.872162	6.235271	289.361237	0.162962	-0.000016	0.000026	-0.000048	0.000021	-0.000003	0.185606	-0.192133	0.175631	-40.000000	4.000000	1.180000	21.906039
-14.233911	-257.677002	-33.015396	291.227600	44.705017	6.040420	289.681335	0.162962	-0.000016	0.000026	-0.179753	0.000021	-0.000003	0.185606	-0.192133	0.175631	-40.000000	4.000000	1.180000	21.925951
-14.233911	-258.636322	-33.015396	292.454193	44.157066	5.845570	290.641602	0.162962	-0.000016	0.000026	-0.179753	0.000021	-0.000003	0.185606	-0.192133	0.175631	-40.000000	4.000000	1.180000	21.970551
-48.107014	-272.258850	-3.427828	308.049408	43.978294	6.430122	306.966187	-0.000039	-0.000016	0.000026	-0.000048	0.000021	-0.000003	0.000034	0.000024	0.175631	-40.000000	8.000000	1.180000	22.569519
-49.007896	-272.642578	-2.164944	307.874176	44.693390	6.430122	307.446289	0.162962	-0.159415	0.000026	-0.000048	0.000021	-0.000003	0.185606	-0.192133	0.175631	-40.000000	8.000000	1.180000	22.587539
-51.170013	-273.985657	-2.164944	309.626434	44.335842	6.430122	308.246552	-0.000039	-0.000016	0.000026	-0.000048	0.000021	-0.000003	0.371169	-0.192080	0.175631	-40.000000	8.000000	1.180000	22.617544
-52.611420	-275.520599	-3.608240	308.224640	42.190559	6.819824	308.726685	-0.000039	-0.159415	0.000026	-0.000048	0.000021	-0.000003	0.185606	-0.192080	0.175631	-40.000000	8.000000	1.180000	22.620932
-94.952797	-290.486206	25.284161	322.418030	41.128616	7.014675	322.490540	0.162962	-0.159415	0.000026	-0.000048	0.000021	-0.000003	0.185606	-0.192133	0.175631	-40.000000	12.000000	1.180000	23.123686
-93.511398	-287.224457	26.006567	321.191437	41.296688	6.624973	323.290741	0.162962	-0.000016	0.000026	-0.000048	0.000021	-0.000003	0.185606	-0.192133	0.175631	-40.000000	12.000000	1.180000	23.167254
-93.331215	-287.800079	28.354380	322.067566	43.799519	6.819824	323.770874	0.162962	-0.159415	0.000026	-0.179753	-0.169994	-0.000003	0.185606	-0.192133	0.175631	-40.000000	12.000000	1.180000	23.177687
-96.934738	-289.334991	29.076786	324.871216	43.620747	6.624973	324.251038	-0.000039	-0.000016	0.000026	-0.000048	0.000021	-0.000003	0.185606	-0.192080	0.175631	-40.000000	12.000000	1.180000	23.202355
-140.537354	-300.847015	57.972969	331.179413	39.330181	7.209527	335.454193	0.162962	-0.000016	0.000026	-0.179753	0.000021	-0.000003	0.185606	-0.192080	0.175631	-40.000000	16.000000	1.180000	23.587007
-147.384048	-304.492493	58.695370	333.282135	34.503296	7.209527	336.254395	0.162962	-0.000016	0.000026	-0.000048	-0.169994	-0.000003	0.185606	-0.192133	0.175631	-40.000000	16.000000	1.180000	23.615740
-141.077866	-302.190063	57.611767	333.632568	37.552219	7.209527	337.054626	0.162962	-0.000016	0.000026	-0.179753	0.000021	-0.000003	0.185606	-0.192133	0.175631	-40.000000	16.000000	1.180000	23.644439
-141.077866	-301.038879	59.959579	333.457367	37.721218	7.209527	337.374695	0.162962	-0.000016	0.000026	-0.179753	0.000021	-0.000003	0.185606	-0.192080	0.175631	-40.000000	16.000000	1.180000	23.655908
-184.860672	-295.282867	82.895927	313.656677	24.134426	7.014675	323.930939	0.162962	-0.000016	-0.167106	-0.000048	0.000021	-0.169452	0.371169	-0.384268	0.175631	-40.000000	20.000000	1.180000	23.176415
-177.113098	-290.102478	82.534721	312.430084	27.173576	6.624973	323.450806	-0.000039	-0.159415	0.000026	-0.179753	0.000021	-0.000003	0.185606	0.000024	0.000002	-40.000000	20.000000	1.180000	23.173108
-181.617508	-292.213013	81.992920	311.904388	23.776880	7.014675	322.490540	-0.000039	-0.000016	0.000026	-0.000048	0.000021	-0.000003	0.185606	-0.192133	0.175631	-40.000000	20.000000	1.180000	23.123686
-181.257141	-292.021149	83.076523	313.131012	26.279709	6.624973	321.530243	-0.000039	-0.159415	0.000026	-0.179753	0.000021	-0.000003	0.185606	-0.192133	0.175631	-40.000000	20.000000	1.180000	23.102765
-206.842163	-275.328735	102.762047	282.290985	13.408011	6.624973	299.924194	0.162962	-0.159415	0.000026	-0.000048	0.000021	-0.169411	0.185606	-0.192133	0.175631	-40.000000	24.000000	1.180000	22.296128
-210.265503	-277.631134	100.414238	283.868042	10.729223	6.430122	299.284027	0.162962	-0.159415	0.000026	-0.179753	-0.169994	-0.000003	0.185606	-0.192133	0.175631	-40.000000	24.000000	1.180000	22.279196
-211.346558	-278.974182	98.608223	281.940552	10.368860	6.819824	298.323730	0.162962	-0.000016	0.000026	-0.000048	-0.169994	-0.000003	0.185606	-0.192133	0.175631	-40.000000	24.000000	1.180000	22.227785
-209.184448	-277.247375	97.524620	281.064423	10.011314	6.624973	297.843597	0.162962	-0.159415	0.000026	-0.179753	0.000021	-0.000003	0.185606	-0.192133	0.175631	-40.000000	24.000000	1.180000	22.216906
-234.589279	-272.258850	106.735275	253.203293	-5.352098	6.430122	280.718811	0.162962	-0.000016	0.000026	-0.179753	0.000021	-0.000003	0.185606	-0.192080	0.175631	-40.000000	28.000000	1.180000	21.561449
-236.391037	-272.718536	107.277077	254.955551	-7.314534	6.040420	279.918579	0.162962	-0.159415	0.000026	-0.000048	0.000021	-0.000003	0.185606	-0.192080	0.175631	-40.000000	28.000000	1.180000	21.545308
-232.066818	-268.613373	108.902489	253.553741	-4.995292	6.235271	279.118347	0.162962	-0.000016	0.000026	-0.000048	0.000021	-0.000003	0.185606	-0.192133	0.175631	-40.000000	28.000000	1.180000	21.506132
-230.445251	-268.613373	108.180084	253.378510	-3.389663	6.040420	278.638245	0.162962	-0.000016	0.000026	-0.000048	0.000021	-0.000003	0.185606	-0.192133	0.175631	-40.000000	28.000000	1.180000	21.494889
-261.795868	-271.683258	108.541290	227.094437	-24.619648	5.261016	264.394226	0.162962	-0.000016	0.000026	-0.179753	0.000021	-0.000003	0.185606	-0.192080	0.175631	-40.000000	32.000000	1.180000	20.957310
-260.534637	-270.340179	108.721878	227.269653	-22.294634	5.261016	263.754028	0.162962	-0.000016	0.000026	-0.000048	0.000021	-0.000003	0.185606	-0.192133	0.175631	-40.000000	32.000000	1.180000	20.931406
-260.894989	-269.956451	107.277077	226.743988	-24.976456	5.455867	263.433960	0.162962	-0.159415	0.000026	-0.179753	0.000021	-0.169411	0.185606	-0.192133	0.175631	-40.000000	32.000000	1.180000	20.910548
-260.714813	-269.956451	109.083092	226.218292	-22.657213	5.650718	263.273926	0.162962	-0.000016	0.000026	-0.179753	-0.169994	-0.169411	0.185606	-0.192133	0.175631	-40.000000	32.000000	1.180000	20.896160
-314.947845	-311.975281	118.293747	224.290817	-48.347282	6.235271	278.478180	0.162962	-0.000016	0.000026	-0.000048	0.000021	-0.000003	0.185606	-0.192133	0.175631	-40.000000	36.000000	1.180000	21.480891
-312.785706	-308.799530	119.738556	223.765121	-47.276863	6.235271	278.958313	0.162962	-0.000016	0.000026	-0.000048	0.000021	-0.000003	0.185606	-0.192080	0.175631	-40.000000	36.000000	1.180000	21.499825
-313.686584	-310.248474	121.002769	224.641266	-46.206440	6.040420	279.278412	0.162962	-0.000016	0.000026	-0.000048	0.000021	-0.169411	0.185606	-0.192133	0.175631	-40.000000	36.000000	1.180000	21.520113
-311.884827	-308.521667	120.460960	224.290817	-46.907909	6.040420	279.918579	0.162962	-0.000016	0.000026	-0.179753	-0.169994	-0.000003	0.185606	-0.192133	0.175631	-40.000000	36.000000	1.180000	21.545308
-365.216949	-352.267303	126.601402	219.033966	-78.140625	6.235271	294.962799	0.162962	-0.159415	0.000026	-0.000048	-0.169994	-0.000003	0.185606	-0.192133	0.175631	-40.000000	40.000000	1.180000	22.121680
-366.478180	-355.145294	126.420799	221.662399	-80.617401	6.235271	295.602997	0.162962	-0.000016	0.000026	-0.179753	0.000021	-0.169411	0.185606	-0.192133	0.175631	-40.000000	40.000000	1.180000	22.146191
-369.360992	-357.063965	126.601402	220.611023	-82.065491	6.624973	296.403229	0.162962	-0.000016	0.000026	-0.000048	0.000021	-0.000003	0.185606	-0.192080	0.175631	-40.000000	40.000000	1.180000	22.161895
-364.496246	-352.459167	126.962601	220.260590	-78.140625	6.430122	296.723297	0.162962	-0.159415	0.000026	-0.000048	0.000021	-0.000003	0.185606	-0.192080	0.175631	-40.000000	40.000000	1.180000	22.181577
-418.549042	-399.466492	132.922440	211.499222	-116.318924	6.819824	314.168182	0.162962	-0.000016	0.000026	-0.179753	-0.169994	-0.000003	0.185606	-0.192133	0.175631	-40.000000	44.000000	1.180000	22.823878
-419.449982	-399.658356	132.741837	210.973541	-112.929260	6.819824	314.648315	0.162962	-0.000016	0.000026	-0.000048	-0.169994	-0.000003	0.185606	-0.192080	0.175631	-40.000000	44.000000	1.180000	22.841699
-421.972412	-401.960754	132.019424	212.200119	-117.746147	6.624973	315.128479	0.162962	-0.000016	0.000026	-0.179753	0.000021	-0.169411	0.185606	-0.192080	0.175631	-40.000000	44.000000	1.180000	22.866729
-422.332764	-404.071289	130.394028	213.601944	-118.281357	6.624973	315.768646	0.162962	-0.159415	0.000026	-0.000048	-0.169994	-0.169411	0.185606	-0.192080	0.175631	-40.000000	44.000000	1.180000	22.890442
183.755615	-442.444611	-419.999084	158.580597	-139.689743	7.014675	328.252136	0.162962	-0.159415	0.000026	-0.000048	-0.000034	-0.169411	0.185606	-0.192133	0.175631	-36.000000	-44.000000	1.180000	23.333887
187.546249	-446.214355	-422.344452	159.807190	-140.224960	7.014675	328.412170	0.162962	-0.159415	0.000026	-0.000048	0.000021	-0.169411	0.185606	-0.192080	0.175631	-36.000000	-44.000000	1.180000	23.339698
187.365738	-448.392487	-425.952698	159.281509	-144.290878	7.014675	328.892334	0.162962	-0.000016	0.000026	-0.000048	0.000021	-0.000003	0.185606	-0.192080	0.175631	-36.000000	-44.000000	1.180000	23.357126
186.282700	-446.281952	-421.803223	157.704468	-140.760178	7.404377	329.372467	0.162962	-0.159415	0.000026	-0.000048	0.000021	-0.000003	0.185606	-0.192080	0.175631	-36.000000	-44.000000	1.180000	23.360407
203.250320	-434.123413	-414.947571	194.326950	-103.652298	6.819824	338.495026	0.162962	-0.000016	0.000026	-0.000048	-0.169994	-0.000003	0.185606	-0.192080	0.175631	-36.000000	-40.000000	1.180000	23.709942
200.181717	-431.124512	-412.241394	193.976486	-103.830688	7.014675	337.534729	0.162962	-0.159415	0.000026	-0.000048	-0.000034	-0.000003	0.185606	-0.192080	0.175631	-36.000000	-40.000000	1.180000	23.668618
199.459686	-429.325378	-408.091888	194.502167	-101.154648	7.014675	336.094360	0.162962	-0.000016	0.000026	-0.000048	-0.169994	-0.000003	0.185606	-0.192080	0.175631	-36.000000	-40.000000	1.180000	23.616989
198.196136	-427.670929	-405.926971	191.172852	-101.333046	7.014675	335.134064	0.162962	-0.159415	0.000026	-0.179753	0.000021	-0.169411	0.185606	-0.192080	0.175631	-36.000000	-40.000000	1.180000	23.582505
188.809799	-354.092682	-349.638428	203.789215	-54.234589	6.430122	310.327118	0.162962	-0.000016	0.000026	-0.000048	0.000021	-0.000003	0.185606	-0.192080	0.175631	-36.000000	-36.000000	1.180000	22.695367
190.073349	-353.610352	-349.818848	203.789215	-53.520977	6.430122	309.686920	0.162962	-0.159415	0.000026	-0.179753	-0.000034	-0.000003	0.185606	-0.192080	0.175631	-36.000000	-36.000000	1.180000	22.671449
188.629288	-354.185944	-347.293060	202.212173	-52.985767	6.430122	308.726685	0.162962	-0.159415	0.000026	-0.000048	0.000021	-0.000003	0.185606	-0.192133	0.175631	-36.000000	-36.000000	1.180000	22.635527
188.087769	-351.499817	-346.932220	202.387390	-52.093754	6.430122	308.086487	0.162962	-0.159415	0.000026	-0.000048	-0.000034	-0.169411	0.185606	-0.192080	0.175631	-36.000000	-36.000000	1.180000	22.611545
180.325989	-293.939789	-311.932312	211.674438	-13.558646	6.235271	291.441803	0.162962	-0.000016	0.000026	-0.000048	-0.000034	-0.000003	0.185606	-0.192080	0.175631	-36.000000	-32.000000	1.180000	21.986380
180.506500	-296.242218	-313.195190	210.623077	-16.591503	6.430122	291.121735	0.162962	-0.159415	0.000026	-0.000048	-0.000034	-0.000003	0.185606	-0.192080	0.175631	-36.000000	-32.000000	1.180000	21.966524
179.964981	-295.748962	-312.473541	210.798294	-15.521085	6.235271	290.321503	0.162962	-0.000016	0.000026	-0.000048	0.000021	-0.000003	0.371169	-0.192080	0.175631	-36.000000	-32.000000	1.180000	21.943156
178.701431	-293.939789	-309.586975	209.396484	-14.450663	5.845570	289.681335	0.162962	-0.000016	0.000026	-0.000048	-0.169994	-0.000003	0.185606	-0.192080	0.175631	-36.000000	-32.000000	1.180000	21.933480
167.510025	-256.981079	-272.422089	216.580795	13.408011	6.040420	275.597351	0.162962	-0.000016	0.000026	-0.179753	0.000021	-0.169411	0.185606	-0.192080	0.175631	-36.000000	-28.000000	1.180000	21.374662
166.065979	-255.182739	-268.813843	216.405579	15.732067	6.040420	274.637115	0.162962	-0.000016	0.000026	-0.000048	-0.000034	-0.000003	0.185606	-0.192080	0.175631	-36.000000	-28.000000	1.180000	21.336557
166.246475	-256.789185	-272.061249	215.178986	13.586785	5.845570	273.836884	0.162962	-0.000016	0.000026	-0.000048	0.000021	-0.169411	0.185606	-0.192080	0.175631	-36.000000	-28.000000	1.180000	21.312497
166.787994	-253.264069	-268.633453	215.879913	14.838200	5.845570	273.036652	0.162962	-0.159415	0.000026	-0.179753	0.000021	-0.000003	0.185606	-0.192080	0.175631	-36.000000	-28.000000	1.180000	21.280654
157.582169	-237.405228	-232.911880	229.372375	37.542442	5.650718	271.756287	0.162962	-0.159415	-0.000006	-0.000048	-0.169994	-0.169411	0.185606	-0.192080	0.175631	-36.000000	-24.000000	1.180000	21.237382
154.874573	-236.379791	-228.581985	229.722824	38.257538	5.650718	272.716553	0.162962	-0.159415	0.000026	-0.179753	-0.169994	-0.000003	0.185606	-0.384162	0.175631	-36.000000	-24.000000	1.180000	21.275666
156.318619	-237.597153	-231.829407	231.650330	37.899990	5.455867	273.516815	0.162962	-0.159415	0.000026	-0.000048	0.000021	-0.000003	0.185606	-0.192080	0.175631	-36.000000	-24.000000	1.180000	21.315266
157.943176	-239.833389	-234.174759	232.701721	37.721218	5.845570	274.317017	0.162962	-0.159415	0.000026	-0.179753	0.000021	-0.000003	0.185606	-0.192080	0.175631	-36.000000	-24.000000	1.180000	21.331581
157.582169	-241.435562	-207.293381	262.490356	61.498104	6.040420	293.202301	0.162962	-0.000016	0.000026	-0.000048	0.000021	-0.000003	0.185606	-0.192080	0.175631	-36.000000	-20.000000	1.180000	22.061620
157.582169	-243.738617	-209.277908	263.016022	61.319328	6.235271	294.002533	0.162962	-0.000016	0.000026	-0.000048	0.000021	-0.000003	0.185606	-0.192080	0.175631	-36.000000	-20.000000	1.180000	22.084862
156.679626	-241.627487	-204.587204	263.541718	63.464611	6.430122	294.642731	0.162962	-0.000016	-0.000006	-0.000048	0.000021	-0.169411	0.185606	-0.192080	0.175631	-36.000000	-20.000000	1.180000	22.101945
158.484695	-241.051727	-207.473785	265.644440	63.107063	6.430122	295.442932	0.162962	-0.000016	0.000026	-0.179753	0.000021	-0.000003	0.185606	-0.192080	0.175631	-36.000000	-20.000000	1.180000	22.132606
152.527985	-245.082031	-180.231583	289.300079	82.414619	6.819824	311.127350	0.162962	-0.000016	0.000026	-0.000048	0.000021	-0.000003	0.185606	-0.192080	0.175631	-36.000000	-16.000000	1.180000	22.710691
151.444946	-245.589386	-179.329529	290.526672	82.950935	6.819824	311.767517	0.162962	-0.159415	0.000026	-0.000048	-0.169994	-0.000003	0.185606	-0.192080	0.175631	-36.000000	-16.000000	1.180000	22.734566
152.889008	-247.960831	-182.937759	289.300079	81.341972	6.819824	312.087616	0.162962	-0.000016	-0.000006	-0.000048	0.000021	-0.000003	0.185606	-0.192080	0.175631	-36.000000	-16.000000	1.180000	22.746495
152.708496	-246.617401	-180.051163	291.402832	82.950935	7.014675	312.727814	0.162962	-0.000016	-0.000006	-0.000048	-0.169994	-0.000003	0.371169	-0.192080	0.175631	-36.000000	-16.000000	1.180000	22.763081
143.141647	-248.851135	-144.690430	312.955750	101.543388	7.209527	325.371338	0.162962	-0.000016	0.000026	-0.000048	-0.000034	-0.000003	0.185606	-0.192080	0.175631	-36.000000	-12.000000	1.180000	23.221914
143.322159	-249.688126	-143.427536	313.481445	103.152351	7.014675	325.691437	0.162962	-0.159415	0.000026	-0.179753	0.000021	-0.000003	0.185606	-0.192080	0.175631	-36.000000	-12.000000	1.180000	23.240699
143.141647	-250.839630	-144.870834	311.553955	101.722160	7.209527	326.491669	0.162962	-0.159415	0.000026	-0.179753	-0.169994	-0.169411	0.185606	-0.192080	0.175631	-36.000000	-12.000000	1.180000	23.262763
143.683182	-249.234863	-144.510010	315.058472	103.867439	6.819824	326.971802	0.162962	-0.159415	0.000026	-0.000048	-0.169994	-0.000003	0.185606	-0.192080	0.175631	-36.000000	-12.000000	1.180000	23.294430
123.827454	-252.566925	-103.917297	330.653717	115.845276	7.209527	335.614227	0.162962	-0.159415	0.000026	-0.000048	0.000021	-0.000003	0.185606	-0.192080	0.175631	-36.000000	-8.000000	1.180000	23.592756
123.285934	-254.678055	-107.164719	328.901459	114.236320	7.014675	335.774261	0.162962	-0.000016	0.000026	-0.000048	-0.169994	-0.000003	0.185606	-0.384162	0.175631	-36.000000	-8.000000	1.180000	23.605500
122.383400	-255.061890	-105.901840	329.952820	114.951401	7.404377	336.254395	0.162962	-0.159415	-0.000006	-0.179753	-0.169994	0.000031	0.185606	-0.192080	0.175631	-36.000000	-8.000000	1.180000	23.608746
125.090996	-252.758835	-106.262657	329.777557	117.633003	7.209527	336.414429	0.162962	-0.159415	-0.000006	-0.179753	-0.169994	-0.169411	0.185606	-0.192080	0.175631	-36.000000	-8.000000	1.180000	23.621482
86.823616	-236.637558	-58.994717	314.357605	116.024048	6.624973	316.408813	0.162962	-0.000016	-0.000006	-0.179753	0.000021	-0.000003	0.185606	-0.192080	0.175631	-36.000000	-4.000000	1.180000	22.914130
89.711723	-232.734314	-57.371010	313.306213	118.169334	6.819824	315.448547	0.162962	-0.000016	0.000026	-0.000048	-0.000034	-0.000003	0.185606	-0.192080	0.175631	-36.000000	-4.000000	1.180000	22.871369
88.267670	-233.501785	-56.288540	311.203491	114.593857	6.819824	314.168182	0.162962	-0.000016	0.000026	-0.179753	-0.169994	-0.000003	0.185606	-0.192080	0.175631	-36.000000	-4.000000	1.180000	22.823878
89.711723	-234.526428	-60.979248	313.306213	114.236320	6.624973	312.887848	0.162962	-0.159415	0.000026	-0.000048	-0.169994	-0.000003	0.371169	-0.384162	0.175631	-36.000000	-4.000000	1.180000	22.783538
54.332443	-215.910187	-17.499962	291.052368	108.873100	6.040420	291.761902	0.162962	-0.159415	0.000026	-0.000048	-0.169994	-0.000003	0.185606	-0.192080	0.175631	-36.000000	0.000000	1.180000	22.006220
53.971428	-216.869781	-19.484495	290.176239	105.833954	6.430122	291.281769	0.162962	-0.000016	0.000026	-0.000048	-0.000034	-0.169411	0.185606	-0.192080	0.175631	-36.000000	0.000000	1.180000	21.972697
53.068901	-218.021286	-22.731913	289.300079	103.867439	6.040420	290.161469	0.162962	-0.159415	0.000026	-0.000048	0.000021	-0.000003	0.185606	-0.192080	0.175631	-36.000000	0.000000	1.180000	21.944501
53.249405	-215.910187	-20.386555	289.650543	103.509895	6.040420	289.681335	0.162962	-0.159415	-0.000006	-0.000048	-0.000034	-0.000003	0.185606	-0.192080	0.000002	-36.000000	0.000000	1.180000	21.925951
24.007349	-203.243439	10.113666	272.828735	99.040558	6.040420	273.676849	0.162962	-0.159415	0.000026	-0.000048	0.000021	-0.000003	0.185606	-0.192080	0.175631	-36.000000	4.000000	1.180000	21.298382
24.909883	-203.051514	9.391261	271.952606	98.683006	5.845570	273.196686	0.162962	-0.000016	-0.000006	-0.000048	-0.169994	-0.000003	0.185606	-0.192080	0.175631	-36.000000	4.000000	1.180000	21.287026
22.743805	-204.970718	8.127053	271.777374	96.716499	5.650718	272.396484	0.162962	-0.000016	0.000026	-0.000048	-0.000034	-0.000003	0.185606	-0.192080	0.175631	-36.000000	4.000000	1.180000	21.262913
22.563297	-204.778793	8.490480	271.426910	96.001404	5.845570	271.596252	0.162962	-0.159415	0.000026	-0.000048	-0.169994	-0.169411	0.185606	-0.192080	0.175678	-36.000000	4.000000	1.180000	21.223215
-8.107924	-205.738403	33.772415	268.798523	90.459427	5.650718	269.675720	0.162962	-0.159415	-0.000006	-0.000048	-0.169994	-0.000003	0.185606	-0.192080	0.175631	-36.000000	8.000000	1.180000	21.154196
-7.747571	-205.546478	35.949055	271.426910	91.353294	5.845570	270.155853	0.162962	-0.159415	0.000026	-0.000048	-0.000034	-0.169411	0.185606	-0.384162	0.175678	-36.000000	8.000000	1.180000	21.165621
-7.207044	-205.738403	34.865162	270.726013	92.783485	5.845570	270.956055	0.162962	-0.000016	0.000026	-0.179753	-0.169994	-0.000003	0.185606	-0.192080	0.175678	-36.000000	8.000000	1.180000	21.197636
-8.288100	-204.203033	37.032944	270.200317	92.247162	6.235271	271.596252	0.162962	-0.159415	0.000026	-0.000048	0.000021	-0.000003	0.185606	-0.384162	0.175678	-36.000000	8.000000	1.180000	21.207649
-44.143139	-217.061707	66.117348	285.445099	95.107536	6.040420	287.600739	0.162962	-0.000016	0.000026	-0.179753	-0.000034	-0.000003	0.185606	-0.192080	0.175631	-36.000000	12.000000	1.180000	21.845386
-42.161205	-214.950562	68.646423	285.970795	98.146690	5.845570	288.400970	0.162962	-0.159415	0.000026	-0.179753	-0.169994	-0.000003	0.185606	-0.192080	0.175631	-36.000000	12.000000	1.180000	21.883954
-43.962967	-217.384964	67.725426	287.898285	96.001404	6.040420	289.201172	0.162962	-0.000016	-0.000006	-0.000048	-0.000034	0.000031	0.185606	-0.192080	0.175631	-36.000000	12.000000	1.180000	21.907385
-45.404377	-218.597076	66.280624	287.547821	93.677345	6.430122	289.841370	0.162962	-0.159415	-0.000006	-0.000048	-0.000034	-0.000003	0.185606	-0.192080	0.175631	-36.000000	12.000000	1.180000	21.917072
-87.925934	-230.688019	95.021111	299.288025	91.353294	6.624973	303.765289	0.162962	-0.000016	-0.000006	-0.179753	-0.000034	-0.000003	0.185606	-0.192080	0.175631	-36.000000	16.000000	1.180000	22.441650
-86.484528	-231.199387	95.176804	299.463287	93.141022	6.624973	304.245422	0.162962	-0.000016	-0.000006	-0.000048	-0.000034	0.000031	0.185606	-0.384162	0.175631	-36.000000	16.000000	1.180000	22.459774
-88.286285	-230.879959	96.827599	298.762360	91.710838	6.624973	304.725555	0.162962	-0.159415	0.000026	-0.179753	-0.000034	-0.000003	0.185606	-0.384162	0.175631	-36.000000	16.000000	1.180000	22.477883
-88.826813	-231.263794	97.344009	300.339386	93.677345	6.430122	305.045624	0.162962	-0.000016	-0.000006	-0.000048	-0.169994	-0.000003	0.185606	-0.192080	0.175631	-36.000000	16.000000	1.180000	22.497288
-138.375244	-246.233566	124.828110	305.420990	85.096222	7.014675	315.128479	0.162962	-0.000016	0.000026	-0.000048	-0.169994	-0.000003	0.185606	-0.192080	0.175631	-36.000000	20.000000	1.180000	22.852282
-138.555420	-247.001251	123.892380	305.946686	81.878288	6.819824	315.448547	0.162962	-0.000016	-0.000006	-0.000048	-0.169994	-0.169411	0.185606	-0.192080	0.175631	-36.000000	20.000000	1.180000	22.871369
-138.735611	-246.617401	124.828110	304.720093	84.738670	6.819824	316.088745	0.162962	-0.000016	0.000026	-0.000048	-0.169994	-0.000003	0.185606	-0.192080	0.175678	-36.000000	20.000000	1.180000	22.895078
-139.816666	-246.356857	125.550705	305.420990	86.168854	6.819824	316.408813	0.162962	-0.000016	0.000026	-0.000048	-0.169994	-0.000003	0.185606	-0.192080	0.175631	-36.000000	20.000000	1.180000	22.906923
-188.464188	-263.890228	149.576950	306.121918	71.330650	7.014675	327.131836	0.162962	-0.159415	0.000026	-0.000048	-0.169994	-0.169411	0.185606	-0.192080	0.175678	-36.000000	24.000000	1.180000	23.293163
-189.905609	-266.960937	148.854355	308.224640	70.973099	7.014675	327.611969	0.162962	-0.159415	-0.000006	-0.000048	-0.169994	-0.000003	0.185606	-0.192080	0.175631	-36.000000	24.000000	1.180000	23.310625
-188.103836	-264.465973	149.757614	306.822815	73.297165	6.624973	327.772003	0.162962	-0.159415	-0.000006	-0.000048	-0.169994	0.000031	0.185606	-0.384162	0.175678	-36.000000	24.000000	1.180000	23.330602
-191.527176	-267.152863	149.035019	307.698944	71.151878	6.819824	328.572266	0.162962	-0.000016	-0.000006	-0.000048	-0.000034	-0.169411	0.185606	-0.192080	0.000004	-36.000000	24.000000	1.180000	23.352583
-239.814377	-291.142883	165.835312	303.143036	53.989613	7.209527	338.655060	0.162962	-0.000016	0.000026	-0.000048	-0.000034	-0.000003	0.185606	-0.192080	0.175678	-36.000000	28.000000	1.180000	23.701732
-242.697205	-292.021149	169.990234	304.895325	53.989613	7.209527	338.815125	0.162962	-0.159415	-0.000006	-0.179753	-0.169994	0.000031	0.185606	-0.192080	0.175631	-36.000000	28.000000	1.180000	23.707454
-240.174744	-290.183258	167.461166	304.194397	52.559425	7.209527	338.495026	0.162962	-0.000016	-0.000006	-0.000048	-0.000034	-0.000003	0.185606	-0.192080	0.175631	-36.000000	28.000000	1.180000	23.696009
-245.580017	-294.707275	167.099869	304.720093	50.592915	7.404377	337.374695	0.162962	-0.159415	-0.000006	-0.000048	-0.000034	0.000031	0.185606	-0.384162	0.175631	-36.000000	28.000000	1.180000	23.648926
-268.282196	-291.061798	160.957809	264.943512	22.167915	6.624973	309.686920	0.162962	-0.159415	-0.000006	-0.000048	-0.000034	0.000031	0.185606	-0.192080	0.175631	-36.000000	32.000000	1.180000	22.664164
-269.183105	-290.183258	163.848190	264.242584	26.994802	6.430122	308.566620	0.162962	-0.159415	-0.000006	-0.000048	-0.169994	-0.169411	0.185606	-0.192080	0.175631	-36.000000	32.000000	1.180000	22.629533
-263.597626	-287.032593	161.680405	263.191223	25.743387	6.430122	307.766388	0.162962	-0.159415	-0.167106	-0.000048	-0.169994	-0.169411	0.185606	-0.384162	0.175631	-36.000000	32.000000	1.180000	22.599545
-267.561493	-289.607513	160.957809	262.139862	24.491974	6.624973	306.966187	0.162962	-0.159415	-0.000006	-0.000048	-0.169994	-0.000003	0.185606	-0.384162	0.000004	-36.000000	32.000000	1.180000	22.562201
-288.101593	-289.607513	156.080307	230.423752	-2.319242	6.040420	288.561005	0.162962	-0.000016	0.000026	-0.000048	-0.000034	-0.000003	0.185606	-0.192080	0.175678	-36.000000	36.000000	1.180000	21.882607
-289.542999	-289.607513	155.538361	229.372375	-3.211258	5.845570	287.920837	0.162962	-0.000016	-0.000006	-0.000048	-0.169994	-0.000003	0.185606	-0.192080	0.175678	-36.000000	36.000000	1.180000	21.865353
-286.479980	-286.265137	154.273819	227.444885	-3.032854	6.235271	287.440704	0.162962	-0.159415	-0.000006	-0.000048	-0.000034	0.000031	0.185606	-0.384162	0.175631	-36.000000	36.000000	1.180000	21.831615
-291.705109	-290.678070	154.635117	228.321014	-5.173694	6.040420	286.480408	0.162962	-0.159415	-0.000006	-0.179753	-0.000034	-0.000003	0.185606	-0.192080	0.175678	-36.000000	36.000000	1.180000	21.801882
-307.200226	-292.102478	142.892960	195.027847	-33.004604	5.650718	267.915222	0.162962	-0.000016	-0.000006	-0.000048	-0.000034	-0.169411	0.185606	-0.384162	0.175631	-36.000000	40.000000	1.180000	21.083550
-301.975159	-288.455994	144.157501	195.728775	-30.863762	5.455867	267.435089	0.162962	-0.000016	-0.000006	-0.179753	-0.000034	-0.000003	0.185606	-0.192080	0.175678	-36.000000	40.000000	1.180000	21.072080
-304.677795	-289.607513	144.518799	195.378311	-30.328550	5.650718	266.794922	0.162962	-0.159415	-0.000006	-0.000048	-0.169994	-0.000003	0.185606	-0.192080	0.175678	-36.000000	40.000000	1.180000	21.038471
-303.416565	-289.799438	143.976852	195.728775	-30.150148	5.650718	266.154724	0.162962	-0.000016	-0.000006	-0.000048	-0.169994	-0.169411	0.185606	-0.192080	0.175678	-36.000000	40.000000	1.180000	21.012668
-343.235474	-324.062866	145.422028	181.535370	-66.187607	5.845570	274.797150	0.162962	-0.000016	-0.167106	-0.179753	-0.000034	0.000031	0.185606	-0.192080	0.175678	-36.000000	44.000000	1.180000	21.350647
-343.235474	-323.103546	144.880096	182.586731	-64.225174	5.845570	275.597351	0.162962	-0.000016	-0.000006	-0.000048	-0.000034	-0.169411	0.185606	-0.384162	0.175678	-36.000000	44.000000	1.180000	21.382385
-343.415649	-324.153137	146.505936	183.462860	-64.046768	5.845570	276.237549	0.162962	-0.000016	-0.000006	-0.000048	-0.169994	0.000031	0.185606	-0.192080	0.175631	-36.000000	44.000000	1.180000	21.407743
-342.875122	-323.295410	146.325287	182.061050	-64.403580	6.040420	276.717682	0.162962	-0.159415	-0.000006	-0.000048	-0.000034	-0.169411	0.185606	-0.384162	0.000004	-36.000000	44.000000	1.180000	21.419035
197.113098	-386.911041	-364.973450	134.048782	-103.830688	6.430122	298.323730	0.162962	-0.159415	-0.167106	-0.000048	-0.169994	0.000031	0.185606	-0.192080	0.000004	-32.000000	-44.000000	1.180000	22.242638
196.571579	-385.375671	-362.808502	134.924911	-102.938675	6.430122	299.123993	0.162962	-0.000016	-0.167106	-0.179753	-0.000034	-0.169411	0.185606	-0.384162	0.175631	-32.000000	-44.000000	1.180000	22.273108
197.293594	-385.375671	-363.530151	132.997421	-104.544312	6.430122	299.284027	0.162962	-0.159415	-0.000006	-0.000048	-0.169994	0.000031	0.185606	-0.192080	0.175631	-32.000000	-44.000000	1.180000	22.279196
196.391068	-387.870636	-365.334259	133.698334	-105.971535	6.430122	299.924194	0.162962	-0.000016	-0.167106	-0.000048	-0.169994	-0.169411	0.185606	-0.192080	0.175678	-32.000000	-44.000000	1.180000	22.303533
212.456146	-367.527100	-350.360077	169.970367	-61.370720	7.014675	310.647217	0.162962	-0.000016	-0.000006	-0.000048	-0.169994	-0.000003	0.185606	-0.384162	0.175678	-32.000000	-40.000000	1.180000	22.685489
213.900192	-369.919006	-353.066254	168.568542	-62.619541	6.819824	311.127350	0.162962	-0.159415	-0.000006	-0.179753	-0.169994	0.000031	0.185606	-0.192080	0.175678	-32.000000	-40.000000	1.180000	22.710691
214.441711	-368.102844	-352.525024	169.094223	-62.084332	6.624973	311.767517	0.162962	-0.159415	-0.000006	-0.000048	-0.000034	-0.000003	0.185606	-0.192080	0.175678	-32.000000	-40.000000	1.180000	22.741828
215.163742	-371.173584	-356.854919	169.795151	-64.581978	6.624973	312.247650	0.162962	-0.000016	-0.000006	-0.000048	-0.169994	0.000031	0.185606	-0.192080	0.175631	-32.000000	-40.000000	1.180000	22.759713
228.882233	-344.880524	-338.092041	202.562637	-19.445955	6.819824	323.290741	0.162962	-0.159415	-0.000006	-0.000048	-0.169994	0.000031	0.185606	-0.192080	0.175678	-32.000000	-36.000000	1.180000	23.160125
228.882233	-345.648193	-340.256989	202.562637	-21.586796	7.014675	323.610840	0.162962	-0.159415	-0.000006	-0.000048	-0.169994	-0.169411	0.185606	-0.192080	0.175678	-32.000000	-36.000000	1.180000	23.164707
229.062744	-345.456268	-340.256989	202.562637	-20.516373	7.014675	324.251038	0.162962	-0.159415	-0.000006	-0.000048	-0.000034	-0.169411	0.185606	-0.384162	0.000004	-32.000000	-36.000000	1.180000	23.188116
227.438202	-344.112854	-339.896179	203.789215	-20.873180	7.014675	324.411072	0.162962	-0.159415	-0.000006	-0.000048	-0.169994	0.000031	0.185606	-0.192080	0.175678	-32.000000	-36.000000	1.180000	23.193964
238.268585	-314.469513	-319.509613	233.577835	21.810369	7.209527	334.653931	0.162962	-0.000016	-0.000006	-0.000048	-0.000034	0.000031	0.185606	-0.192080	0.175678	-32.000000	-32.000000	1.180000	23.558236
239.893127	-315.428864	-321.313751	235.330124	21.452822	6.819824	334.813995	0.162962	-0.159415	-0.000006	-0.000048	-0.169994	-0.169411	0.185606	-0.192080	0.000004	-32.000000	-32.000000	1.180000	23.578005
239.351608	-316.196320	-320.411682	234.453979	22.525463	6.819824	335.454193	0.162962	-0.000016	-0.167106	-0.000048	-0.169994	0.000031	0.185606	-0.384162	0.175678	-32.000000	-32.000000	1.180000	23.601004
238.629578	-316.196320	-321.494171	233.928284	21.095274	6.819824	335.454193	0.162962	-0.159415	-0.000006	-0.000048	-0.169994	0.000031	0.185606	-0.192080	0.175678	-32.000000	-32.000000	1.180000	23.601004
226.896652	-268.997131	-279.999420	247.070343	57.386311	6.819824	321.690308	0.162962	-0.159415	-0.000006	-0.000048	-0.000034	0.000031	0.185606	-0.192080	0.175678	-32.000000	-28.000000	1.180000	23.101489
225.813629	-265.159790	-276.571564	245.668533	58.280182	6.819824	320.570007	0.162962	-0.159415	-0.000006	-0.000048	-0.169994	-0.169411	0.185606	-0.192080	0.000004	-32.000000	-28.000000	1.180000	23.060355
225.633118	-266.310974	-278.375671	246.018967	56.313667	7.014675	319.449677	0.325958	-0.159415	-0.000006	-0.000048	-0.169994	0.000031	0.185606	-0.384162	0.175678	-32.000000	-28.000000	1.180000	23.011972
224.008560	-264.200470	-276.030334	245.843750	56.313667	6.819824	318.809479	0.162962	-0.000016	-0.167106	-0.000048	-0.000034	-0.169411	0.185606	-0.192080	0.175678	-32.000000	-28.000000	1.180000	22.995565
201.806274	-222.757248	-221.365494	244.617157	82.057068	6.624973	298.323730	0.325958	-0.159415	-0.000006	-0.000048	-0.000034	0.000031	0.185606	-0.192080	0.175678	-32.000000	-24.000000	1.180000	22.235213
201.445251	-221.606033	-221.726318	247.596008	81.520744	6.430122	297.363495	0.162962	-0.159415	-0.000006	-0.179753	-0.169994	-0.169411	0.185606	-0.192080	0.175678	-32.000000	-24.000000	1.180000	22.206022
200.903732	-219.687378	-217.757278	243.390579	83.844803	6.430122	296.723297	0.162962	-0.000016	-0.000006	-0.179753	-0.169994	-0.169411	0.185606	-0.192080	0.175678	-32.000000	-24.000000	1.180000	22.181577
200.903732	-222.181641	-221.726318	245.318054	81.341972	6.430122	295.923065	0.162962	-0.159415	-0.000006	-0.000048	-0.169994	0.000031	0.185606	-0.192080	0.175678	-32.000000	-24.000000	1.180000	22.150982
175.813324	-188.988708	-165.076981	243.040100	99.040558	6.040420	275.917480	0.162962	-0.000016	-0.000006	-0.000048	-0.169994	0.000031	0.185606	-0.192080	0.175678	-32.000000	-20.000000	1.180000	21.387351
175.271805	-185.151367	-161.288315	241.699768	101.364609	5.845570	275.437317	0.162962	-0.000016	-0.000006	-0.179753	-0.000034	-0.169411	0.185606	-0.192080	0.175678	-32.000000	-20.000000	1.180000	21.376041
174.730301	-188.029373	-163.994492	241.813522	97.967911	5.845570	274.797150	0.325958	-0.159415	-0.000006	-0.179753	-0.169994	-0.169411	0.185606	-0.192080	0.175678	-32.000000	-20.000000	1.180000	21.350647
175.452316	-184.959503	-161.107910	240.411713	100.291969	5.650718	274.156982	0.162962	-0.159415	-0.000006	-0.000048	-0.000034	0.000031	0.185606	-0.192080	0.175678	-32.000000	-20.000000	1.180000	21.332964
156.679626	-174.214981	-124.484283	243.565796	109.766975	5.845570	264.394226	0.162962	-0.159415	-0.167106	-0.179753	-0.169994	-0.169411	0.185606	-0.192080	0.175678	-32.000000	-16.000000	1.180000	20.933658
157.221146	-174.023117	-124.664688	242.864883	110.482071	5.650718	265.354492	0.162962	-0.159415	-0.000006	-0.000048	-0.169994	0.000031	0.185606	-0.192080	0.175678	-32.000000	-16.000000	1.180000	20.980369
156.679626	-175.174316	-124.123459	244.091476	110.839607	5.650718	265.994659	0.325958	-0.000016	-0.000006	-0.000048	-0.169994	-0.169411	0.185606	-0.192080	0.175678	-32.000000	-16.000000	1.180000	21.006211
158.665207	-173.447510	-123.401802	244.792389	112.627350	5.650718	266.634857	0.162962	0.000004	-0.000006	-0.179753	-0.169994	-0.169411	0.185606	-0.384162	0.000004	-32.000000	-16.000000	1.180000	21.032023
150.361908	-180.738434	-91.829697	269.217438	133.186310	5.845570	283.919708	0.162962	-0.159415	-0.167106	-0.000048	-0.169994	-0.169411	0.185606	-0.192080	0.175678	-32.000000	-12.000000	1.180000	21.709723
150.361908	-179.395370	-90.927643	270.025116	134.437729	6.235271	284.559875	0.162962	-0.159415	-0.000006	-0.000048	-0.169994	-0.169411	0.185606	-0.384162	0.175678	-32.000000	-12.000000	1.180000	21.719499
150.903427	-182.465240	-92.731758	273.248688	134.258942	6.235271	285.200073	0.162962	-0.159415	-0.167106	-0.179753	-0.000034	-0.169411	0.185606	-0.192080	0.175678	-32.000000	-12.000000	1.180000	21.744464
151.444946	-180.546570	-91.288467	270.444336	133.722626	6.430122	285.680206	0.325958	-0.159415	-0.167106	-0.000048	0.000032	-0.169411	0.185606	-0.192080	0.175678	-32.000000	-12.000000	1.180000	21.755580
137.726456	-184.767639	-55.927719	289.198425	149.633469	6.235271	298.254456	0.162962	-0.159415	-0.000006	-0.179753	-0.169994	0.000031	0.185606	-0.192080	0.175678	-32.000000	-8.000000	1.180000	22.247422
138.990005	-183.040833	-54.845245	288.672607	151.063660	6.235271	298.323730	0.162962	-0.159415	-0.000006	-0.179753	-0.169994	-0.169411	0.185606	-0.192080	0.000004	-32.000000	-8.000000	1.180000	22.250061
139.351013	-182.848969	-53.943180	290.877136	153.745270	6.430122	299.123993	0.325958	-0.159415	-0.000006	-0.000048	-0.169994	-0.169411	0.185606	-0.192080	0.175678	-32.000000	-8.000000	1.180000	22.273108
140.614548	-186.110703	-57.731831	290.425323	150.527344	6.430122	299.534515	0.162962	-0.159415	-0.167106	-0.179753	-0.169994	-0.169411	0.185606	-0.192080	0.175678	-32.000000	-8.000000	1.180000	22.288722
116.426682	-197.430847	-17.499962	307.173279	162.505173	6.624973	311.767517	0.325958	-0.159415	-0.000006	-0.000048	-0.000034	-0.169411	0.185606	-0.192080	0.000004	-32.000000	-4.000000	1.180000	22.741828
116.065681	-197.238983	-17.139139	307.251404	163.756592	6.624973	312.087616	0.162962	-0.159415	-0.000006	-0.179753	0.000032	-0.169411	0.185606	-0.192080	0.000004	-32.000000	-4.000000	1.180000	22.753754
116.968201	-198.198318	-19.484495	309.276001	163.041489	6.819824	312.727814	0.162962	0.000004	-0.000006	-0.000048	-0.169994	0.000031	0.185606	-0.192080	0.175678	-32.000000	-4.000000	1.180000	22.770334
116.787697	-196.279648	-16.417490	308.575073	165.186783	6.819824	313.047882	0.325958	-0.159415	-0.000006	-0.000048	-0.000034	-0.169411	0.185606	-0.384162	0.175678	-32.000000	-4.000000	1.180000	22.782243
92.960838	-201.843781	20.232634	323.294159	172.337723	6.819824	324.571136	0.162962	-0.159415	-0.000006	-0.000048	0.000032	0.000031	0.185606	-0.192080	0.175678	-32.000000	0.000000	1.180000	23.206929
96.209953	-199.541382	19.690687	321.191437	173.589142	6.819824	324.891205	0.325958	-0.159415	-0.000006	-0.000048	-0.169994	-0.169411	0.185606	-0.192080	0.175678	-32.000000	0.000000	1.180000	23.218614
92.780334	-200.308853	20.955227	322.675354	173.589142	7.014675	325.211304	0.325958	0.000004	-0.000006	-0.000048	0.000032	-0.169411	0.185606	-0.384162	0.175678	-32.000000	0.000000	1.180000	23.223185
94.404884	-202.803116	19.148741	322.850616	173.589142	6.819824	325.531372	0.162962	-0.000016	-0.000006	-0.000048	0.000032	-0.169411	0.185606	-0.192080	0.175678	-32.000000	0.000000	1.180000	23.241968
65.523849	-203.186844	57.265572	332.315277	180.024979	7.014675	333.693695	0.325958	0.000004	-0.000006	-0.000048	0.000032	-0.169411	0.185606	-0.384162	0.175678	-32.000000	4.000000	1.180000	23.530687
66.606888	-204.913635	54.194546	332.139984	178.952347	7.014675	334.173798	0.162962	0.000004	-0.167106	-0.000048	0.000032	-0.169411	0.185606	-0.384162	0.175678	-32.000000	4.000000	1.180000	23.547972
68.411949	-206.448578	53.833256	332.490540	179.131119	6.819824	334.493896	0.162962	0.000004	-0.000006	-0.000048	0.000032	-0.169411	0.185606	-0.384162	0.175678	-32.000000	4.000000	1.180000	23.566497
65.884865	-207.216049	52.749363	330.562561	175.555649	7.014675	335.134064	0.325958	-0.000016	-0.167106	-0.000048	-0.169994	0.000031	0.185606	-0.192080	0.175678	-32.000000	4.000000	1.180000	23.582505
27.797985	-202.611252	84.543495	319.870972	165.544327	7.209527	322.415619	0.162962	-0.159415	0.167543	-0.000048	-0.169994	0.000031	0.185606	-0.192080	0.175678	-32.000000	8.000000	1.180000	23.113797
27.978493	-199.541382	85.085442	318.293518	166.259430	7.014675	321.135559	0.325958	0.000004	-0.000006	-0.179753	0.170364	-0.169411	0.185606	-0.192080	0.175678	-32.000000	8.000000	1.180000	23.073974
29.061533	-201.268188	83.278954	317.417175	165.365555	6.624973	320.335510	0.162962	-0.159415	-0.167106	-0.179753	-0.169994	-0.169411	0.185606	-0.192080	0.175678	-32.000000	8.000000	1.180000	23.058898
27.797985	-196.855240	87.433876	317.417175	166.259430	7.014675	319.375458	0.162962	-0.000016	0.000026	-0.000048	-0.169994	-0.169411	0.185606	-0.192080	0.175678	-32.000000	8.000000	1.180000	23.009238
-8.107924	-179.587234	107.305214	291.578033	150.527344	6.235271	296.083099	0.325958	-0.159415	-0.000006	-0.179753	-0.169994	-0.169411	0.185606	-0.192080	0.175678	-32.000000	12.000000	1.180000	22.164556
-9.549333	-182.657104	102.969650	288.847870	144.985367	6.430122	295.374298	0.325958	-0.159415	-0.167106	-0.000048	0.170364	0.000031	0.185606	-0.192080	0.175678	-32.000000	12.000000	1.180000	22.129977
-10.270038	-181.314041	105.679367	291.301666	147.488205	6.624973	294.482666	0.162962	0.159826	-0.167106	-0.179753	-0.169994	-0.169411	0.185606	-0.192080	0.175678	-32.000000	12.000000	1.180000	22.088332
-10.630388	-181.314041	105.318077	288.599182	146.058014	6.040420	293.682434	0.162962	-0.159415	-0.167106	-0.179753	-0.169994	0.000031	0.185606	-0.192080	0.175678	-32.000000	12.000000	1.180000	22.080056
-45.764729	-172.104446	120.853851	270.970154	132.471222	6.040420	277.197815	0.325958	-0.159415	-0.167106	-0.179753	-0.000034	0.000031	0.185606	-0.192080	0.175678	-32.000000	16.000000	1.180000	21.438023
-46.485432	-172.488174	120.131256	269.918518	130.325928	6.040420	276.557648	0.325958	0.000004	-0.167106	-0.179753	0.000032	-0.169411	0.185606	-0.384162	0.175678	-32.000000	16.000000	1.180000	21.412702
-49.548424	-173.831238	121.215149	270.726013	129.253296	5.845570	275.917480	0.325958	-0.159415	-0.167106	-0.179753	-0.169994	-0.169411	0.185606	-0.384162	0.175678	-32.000000	16.000000	1.180000	21.395069
-47.926842	-168.842712	123.563576	269.217438	132.828766	5.845570	275.373352	0.325958	-0.159415	0.000026	-0.179753	-0.169994	-0.169411	0.185606	-0.384162	0.000004	-32.000000	16.000000	1.180000	21.373505
-83.061180	-166.540298	133.499237	250.049210	115.308952	5.650718	262.793793	0.162962	-0.159415	-0.167106	-0.000048	-0.169994	-0.169411	0.185606	-0.384162	0.175678	-32.000000	20.000000	1.180000	20.876679
-83.781883	-167.115906	133.679886	251.801453	114.593857	5.650718	263.113861	0.325958	-0.159415	-0.000006	-0.179753	-0.169994	-0.169411	0.185606	-0.192080	0.175678	-32.000000	20.000000	1.180000	20.889667
-86.844879	-168.842712	132.957291	250.638626	114.236320	5.650718	263.914093	0.162962	0.000004	-0.000006	-0.179753	0.000032	0.000031	0.185606	-0.192080	0.175678	-32.000000	20.000000	1.180000	20.922106
-85.944000	-169.034576	135.125076	253.442993	115.130180	5.455867	264.394226	0.325958	0.000004	-0.167106	-0.179753	0.000032	-0.169411	0.185606	-0.192080	0.175678	-32.000000	20.000000	1.180000	20.949429
-127.925026	-189.948044	156.622238	259.402222	107.264145	6.040420	278.733490	0.325958	0.000004	0.167543	-0.179753	0.000032	-0.169411	0.185606	-0.192080	0.175678	-32.000000	24.000000	1.180000	21.498643
-127.564667	-189.948044	155.899658	259.402222	107.085373	5.845570	279.533539	0.325958	-0.159415	0.167543	-0.000048	-0.169994	-0.169411	0.185606	-0.192080	0.175678	-32.000000	24.000000	1.180000	21.537825
-127.925026	-190.139908	156.802902	258.876404	107.800461	6.040420	280.013550	0.325958	0.159826	-0.000006	-0.179753	0.000032	-0.169411	0.185633	-0.192080	0.000004	-32.000000	24.000000	1.180000	21.549043
-129.726776	-190.907379	158.970688	260.629120	107.264145	5.845570	280.718811	0.325958	-0.159415	-0.167106	-0.000048	-0.169994	-0.169411	0.185606	-0.384162	0.175678	-32.000000	24.000000	1.180000	21.584412
-177.293289	-219.303635	175.770981	259.752747	92.783485	6.430122	294.962799	0.325958	0.000004	-0.000006	-0.000048	-0.169994	0.000031	0.185633	-0.192080	0.000004	-32.000000	28.000000	1.180000	22.114214
-178.914856	-220.838577	177.577469	261.088501	90.638199	6.430122	295.602997	0.325958	-0.159415	-0.000006	-0.000048	-0.000034	-0.169411	0.185606	-0.192080	0.175678	-32.000000	28.000000	1.180000	22.138734
-179.275208	-221.414169	176.312943	261.088501	90.101875	6.430122	296.243164	0.325958	-0.159415	-0.000006	-0.000048	-0.169994	-0.169411	0.185606	-0.192080	0.175678	-32.000000	28.000000	1.180000	22.163225
-182.158051	-223.140976	178.119415	262.490356	91.889618	6.235271	296.563263	0.325958	-0.159415	-0.000006	-0.000048	-0.169994	-0.169411	0.185606	-0.192080	0.175678	-32.000000	28.000000	1.180000	22.182907
-233.508224	-261.130615	192.751938	258.876404	67.218857	6.819824	309.526886	0.162962	0.159826	-0.000006	-0.179753	0.000032	-0.169411	0.185606	-0.384162	0.175678	-32.000000	32.000000	1.180000	22.650890
-232.427170	-259.020081	194.197128	258.525879	70.436783	6.430122	310.167084	0.162962	0.000004	-0.000006	-0.000048	-0.169994	-0.169411	0.185606	-0.192080	0.175678	-32.000000	32.000000	1.180000	22.689390
-233.508224	-260.171265	196.003616	259.402222	71.330650	6.430122	310.735046	0.162962	-0.159415	0.167543	-0.179753	0.000032	0.000031	0.185606	-0.384162	0.175678	-32.000000	32.000000	1.180000	22.710594
-230.265060	-258.252594	194.558426	260.804413	71.688194	7.014675	311.375092	0.162962	0.000004	0.167543	-0.000048	0.000032	-0.169411	0.185633	-0.192080	0.175678	-32.000000	32.000000	1.180000	22.712664
-286.299835	-298.736481	203.410202	248.184830	40.402824	6.819824	320.570007	0.325958	0.000004	-0.167106	-0.000048	0.000032	0.000031	0.185633	-0.192080	0.175678	-32.000000	36.000000	1.180000	23.060355
-284.678223	-299.120209	206.119934	249.762283	42.369328	6.819824	320.730042	0.325958	0.159826	-0.000006	-0.179753	-0.169994	-0.169411	0.185606	-0.384162	0.175678	-32.000000	36.000000	1.180000	23.066235
-287.921387	-302.190063	203.410202	250.288071	37.899990	7.014675	321.455597	0.325958	-0.159415	0.000026	-0.000048	0.000032	-0.169411	0.185606	-0.192080	0.175678	-32.000000	36.000000	1.180000	23.085725
-284.137726	-300.463287	205.758636	250.112823	41.654236	7.014675	321.850372	0.325958	-0.159415	-0.167106	-0.000048	0.000032	-0.169411	0.185606	-0.192080	0.175678	-32.000000	36.000000	1.180000	23.100213
-335.487915	-336.534210	212.803925	236.266342	3.575465	6.624973	332.016083	0.162962	-0.159415	0.167543	-0.179753	0.000032	0.000031	0.185606	-0.192080	0.175678	-32.000000	40.000000	1.180000	23.484258
-340.713013	-341.714600	212.803925	236.206253	1.966502	7.209527	332.336090	0.162962	0.000004	-0.167106	-0.179753	0.000032	-0.169411	0.185633	-0.384162	0.175678	-32.000000	40.000000	1.180000	23.474709
-339.812134	-338.069153	212.623276	235.740540	5.363201	6.819824	332.733398	0.325958	0.000004	-0.000006	-0.000048	0.000032	0.000031	0.185606	-0.384162	0.000004	-32.000000	40.000000	1.180000	23.503104
-337.109467	-337.877289	213.707169	236.206253	6.435841	7.014675	333.136139	0.325958	0.000004	0.167543	-0.179753	0.000032	0.000031	0.185606	-0.192080	0.175678	-32.000000	40.000000	1.180000	23.510598
-367.379059	-364.546753	203.771500	205.593781	-39.427120	7.209527	325.135742	0.325958	0.000004	-0.000006	-0.000048	0.170364	0.000031	0.185633	-0.192080	0.175678	-32.000000	44.000000	1.180000	23.213315
-363.235016	-364.930481	204.674744	203.841064	-39.070312	7.209527	323.855682	0.325958	-0.159415	-0.167106	0.180090	0.000032	-0.169411	0.185606	-0.384162	0.175678	-32.000000	44.000000	1.180000	23.166536
-365.937653	-364.930481	201.784378	202.438889	-41.032745	6.819824	322.735657	0.325958	0.000004	-0.000006	-0.000048	0.000032	-0.169411	0.185633	-0.384162	0.175678	-32.000000	44.000000	1.180000	23.139805
-363.415192	-361.476898	203.590851	204.542145	-37.464687	7.014675	321.370209	0.325958	-0.000016	-0.167106	0.180090	0.170364	0.000031	0.185606	-0.192080	0.175678	-32.000000	44.000000	1.180000	23.082590
216.427307	-359.366364	-344.406464	112.173920	-88.131210	6.040420	290.961670	0.325958	0.000004	-0.167106	0.180090	-0.169994	-0.169411	0.185606	-0.192080	0.175678	-28.000000	-44.000000	1.180000	21.975382
214.080719	-353.802216	-338.813690	114.452461	-82.779114	6.235271	290.161469	0.325958	0.000004	-0.000006	-0.000048	0.000032	-0.169411	0.185606	-0.384162	0.175678	-28.000000	-44.000000	1.180000	21.936975
214.983246	-357.831421	-341.880707	111.794937	-87.417587	6.430122	289.614044	0.325958	0.159826	0.000026	-0.179753	0.000032	-0.169411	0.185633	-0.192080	0.175678	-28.000000	-44.000000	1.180000	21.908281
212.997665	-352.842896	-336.287933	113.225563	-82.957504	6.235271	289.134003	0.162962	0.000004	0.167543	-0.179753	0.000032	0.000031	0.185633	-0.384162	0.000004	-28.000000	-44.000000	1.180000	21.897246
211.012100	-301.614471	-294.071533	135.485062	-35.680653	5.845570	274.413269	0.325958	-0.159415	0.167543	0.180090	0.000032	0.000031	0.185606	-0.384162	0.175678	-28.000000	-40.000000	1.180000	21.335404
210.290070	-303.341278	-294.973602	134.959259	-36.394264	6.040420	273.676849	0.325958	0.000004	-0.000006	-0.000039	0.000032	0.000031	0.185606	-0.384162	0.175678	-28.000000	-40.000000	1.180000	21.298382
207.401962	-299.312073	-291.726166	133.873550	-36.751072	6.040420	273.133209	0.325958	0.000004	0.167543	-0.179753	0.000032	-0.169411	0.185606	-0.192080	0.175678	-28.000000	-40.000000	1.180000	21.276740
210.109573	-299.503937	-291.726166	133.557083	-35.502251	5.845570	272.493195	0.325958	0.000004	0.167543	-0.000048	0.000032	-0.169411	0.185606	-0.192080	0.175678	-28.000000	-40.000000	1.180000	21.259001
207.401962	-258.252594	-257.808716	154.239151	4.826879	5.066165	266.252899	0.162962	0.000004	0.167543	-0.179753	0.170364	-0.169411	0.185606	-0.000003	0.000004	-28.000000	-36.000000	1.180000	21.040185
210.109573	-259.787537	-261.416962	154.764954	4.826879	5.455867	266.732910	0.325958	0.159826	-0.000006	-0.000048	0.000032	0.000031	0.185633	-0.192080	0.175678	-28.000000	-36.000000	1.180000	21.043822
208.485016	-258.444458	-257.989136	156.167145	6.793389	5.457375	267.435089	0.325958	0.000004	-0.000006	-0.000039	0.000032	-0.169411	0.185633	-0.384162	0.175678	-28.000000	-36.000000	1.180000	21.072020
211.373108	-260.554993	-261.958191	157.704453	5.720747	5.650718	268.173004	0.325958	0.000004	0.167543	-0.000048	0.000032	0.000031	0.185633	-0.192080	0.175678	-28.000000	-36.000000	1.180000	21.093909
222.745010	-237.530991	-245.540726	187.891327	45.587257	6.040420	282.733704	0.325958	0.000004	-0.000006	0.180090	0.000032	0.000031	0.185633	-0.384162	0.175678	-28.000000	-32.000000	1.180000	21.655754
223.467041	-237.914719	-246.442780	189.819321	44.693390	5.845570	283.373718	0.162962	0.000004	0.000026	-0.000039	0.000032	-0.169411	0.185606	-0.192080	0.175678	-28.000000	-32.000000	1.180000	21.688400
222.203506	-239.833389	-247.705658	186.839691	43.620747	6.040420	283.853760	0.325958	0.000004	0.000026	-0.000039	0.000032	-0.169411	0.000045	-0.384162	0.175678	-28.000000	-32.000000	1.180000	21.699541
223.286530	-236.955383	-244.999466	190.169876	46.838669	5.845570	284.173767	0.325958	0.000004	-0.000006	-0.000039	0.000032	-0.169411	0.185606	-0.384162	0.175678	-28.000000	-32.000000	1.180000	21.719638
234.116943	-212.972061	-226.236633	221.543503	85.811310	6.430122	297.614410	0.325958	0.000004	0.167543	-0.000039	0.000032	-0.169411	0.185633	-0.192080	0.000004	-28.000000	-28.000000	1.180000	22.215596
234.838974	-213.355789	-225.154160	219.559662	85.990082	6.430122	297.934448	0.325958	0.000004	0.000026	-0.179753	0.000032	0.000031	0.185633	-0.192080	0.175678	-28.000000	-28.000000	1.180000	22.227801
233.575424	-213.163925	-224.071671	219.264984	85.632538	6.430122	298.414459	0.325958	0.000004	0.167543	0.180090	0.170364	-0.169411	0.185606	-0.384162	0.175678	-28.000000	-28.000000	1.180000	22.246094
233.575424	-216.233765	-229.123215	220.141357	83.129707	6.624973	298.734467	0.325958	0.000004	0.167543	-0.000048	0.000032	-0.169411	0.185606	-0.000003	0.175678	-28.000000	-28.000000	1.180000	22.250862
232.311874	-190.523636	-197.551132	246.957916	118.705650	6.430122	308.814941	0.325958	0.000004	0.167543	0.180090	0.170364	-0.169411	0.185606	-0.192135	0.000004	-28.000000	-24.000000	1.180000	22.638831
234.777512	-189.372437	-197.190308	244.967606	120.314621	6.430122	308.974976	0.325958	0.000004	0.167543	-0.000048	0.000032	-0.169411	0.185633	-0.384162	0.175678	-28.000000	-24.000000	1.180000	22.644821
236.401642	-192.442307	-200.076904	246.018967	119.063194	6.624973	309.614990	0.162962	0.000004	0.000026	-0.000048	0.000032	-0.169411	0.185633	-0.192080	0.175678	-28.000000	-24.000000	1.180000	22.661474
234.838974	-191.482971	-198.272781	248.121704	120.135841	6.624973	309.935028	0.325958	0.000004	0.000026	-0.000048	0.000032	-0.169411	0.185633	-0.384162	0.000004	-28.000000	-24.000000	1.180000	22.673439
230.085556	-172.104446	-159.123383	272.478271	154.281601	7.016624	320.655518	0.325958	0.000004	0.167543	-0.000048	0.170364	0.000031	0.185633	-0.192080	0.175678	-28.000000	-20.000000	1.180000	23.056264
230.626938	-175.174316	-161.649155	273.880096	151.242447	6.819824	320.975555	0.325958	0.159826	0.167543	-0.000048	0.170364	0.000031	0.185633	-0.384162	0.175678	-28.000000	-20.000000	1.180000	23.075254
233.755905	-174.598709	-163.994492	273.599213	151.242447	6.821718	321.455597	0.325958	0.000004	0.167543	-0.000039	0.000032	0.000031	0.185633	-0.192080	0.000004	-28.000000	-20.000000	1.180000	23.092808
232.853394	-172.680038	-162.370804	274.650879	153.387726	7.014675	321.775604	0.325958	0.000004	0.167543	0.180090	0.000032	-0.169411	0.185633	-0.384162	0.000004	-28.000000	-20.000000	1.180000	23.097469
223.286530	-168.842712	-118.891502	296.484406	181.455170	7.404377	331.696045	0.325958	0.000004	0.167543	-0.000048	0.000032	-0.169411	0.185633	-0.192135	0.175678	-28.000000	-16.000000	1.180000	23.444549
223.828079	-167.499634	-120.334793	296.910370	182.885361	7.406436	332.176086	0.325958	0.000004	0.167543	0.180090	0.000032	0.000031	0.185633	-0.192080	0.000004	-28.000000	-16.000000	1.180000	23.461821
225.813629	-164.621643	-118.169861	296.834869	185.566971	7.209527	332.336090	0.325958	0.000004	0.167543	-0.000048	0.170364	0.000031	0.185633	-0.192135	0.175678	-28.000000	-16.000000	1.180000	23.474709
223.769485	-168.267105	-118.711090	297.710999	184.136780	7.209527	332.496124	0.325958	0.000004	0.167543	-0.000048	0.000032	0.000031	0.185633	-0.192080	0.175678	-28.000000	-16.000000	1.180000	23.480486
204.513870	-166.156570	-71.443146	310.406311	200.583954	7.014675	333.296143	0.325958	0.000004	0.000026	0.180090	0.000032	-0.169411	0.185633	-0.384162	0.000004	-28.000000	-12.000000	1.180000	23.516365
203.611328	-165.197235	-70.901909	309.705231	201.120270	7.209527	331.856079	0.325958	0.000004	0.167543	-0.000039	0.000032	-0.169411	0.185633	-0.192135	0.175678	-28.000000	-12.000000	1.180000	23.457374
201.625763	-165.389099	-70.721497	306.900879	198.081116	7.014675	330.415985	0.325958	0.000004	0.000026	-0.000039	0.000032	-0.169411	0.185633	-0.192135	0.000004	-28.000000	-12.000000	1.180000	23.412343
200.903732	-161.359894	-66.932846	305.946686	200.047638	6.819824	329.295959	0.325958	0.000004	0.167543	-0.179753	0.000032	-0.169411	0.185633	-0.192135	0.000004	-28.000000	-12.000000	1.180000	23.378831
166.246475	-147.545502	-22.010263	292.103699	195.220749	6.430122	305.454803	0.325958	0.000004	0.000026	0.180090	0.000032	-0.169411	0.185606	-0.000003	0.175678	-28.000000	-8.000000	1.180000	22.512697
165.343948	-146.586166	-20.927790	291.476959	196.114609	6.626812	304.654755	0.325958	0.000004	0.167543	0.180090	0.000032	0.000031	0.185633	-0.000003	0.000004	-28.000000	-8.000000	1.180000	22.475145
167.690521	-144.283768	-19.304085	290.877136	196.114609	6.430122	303.854706	0.325958	0.000004	0.167543	-0.000048	0.000032	-0.169411	0.185633	-0.192135	0.000004	-28.000000	-8.000000	1.180000	22.452382
165.885468	-145.243103	-20.025730	289.899506	195.578293	6.624973	303.054687	0.325958	0.000004	0.000026	0.180090	0.170364	-0.169411	0.185633	-0.384162	0.000004	-28.000000	-8.000000	1.180000	22.414800
131.408722	-134.306686	19.329390	274.055298	187.354706	6.040420	282.093658	0.325958	0.000004	0.000026	-0.000039	0.000032	-0.169411	0.185633	-0.192135	0.000004	-28.000000	-4.000000	1.180000	21.630693
132.130753	-134.114822	18.064852	273.179199	186.997162	6.235271	281.453644	0.325958	0.000004	0.000026	0.180090	0.000032	-0.169411	0.185633	-0.192135	0.175678	-28.000000	-4.000000	1.180000	21.597959
131.589233	-134.498566	18.064852	271.846497	185.030655	6.431905	280.813599	0.325958	0.000004	0.167543	-0.000039	0.000032	0.000031	0.185633	-0.384162	0.175678	-28.000000	-4.000000	1.180000	21.565104
132.130753	-131.812424	19.871336	273.354431	187.354706	6.040420	279.853577	0.325958	0.000004	0.000026	0.180090	0.000032	-0.169411	0.185633	-0.192135	0.175678	-28.000000	-4.000000	1.180000	21.542751
103.069199	-126.056435	46.968609	261.614197	179.131119	5.457375	265.292847	0.325958	0.000004	0.000026	-0.000039	0.000032	-0.169411	0.185633	-0.384162	0.000004	-28.000000	0.000000	1.180000	20.985688
102.500885	-123.562164	48.594448	259.336212	180.024979	5.650718	264.492828	0.325958	0.000004	0.167543	0.180090	0.000032	-0.169411	0.185633	-0.384162	0.000004	-28.000000	0.000000	1.180000	20.945535
100.696297	-124.137764	48.775097	258.635345	178.594803	5.455867	264.172821	0.325958	0.000004	0.000026	0.180090	0.000032	-0.169411	0.185633	-0.000003	0.175678	-28.000000	0.000000	1.180000	20.940470
102.708183	-123.754028	47.510559	257.824768	178.237259	5.457375	263.532776	0.162962	0.000004	0.167543	-0.000039	0.000032	-0.169411	0.185633	-0.192135	0.000004	-28.000000	0.000000	1.180000	20.914491
77.256775	-124.329628	73.885239	258.109650	176.807068	5.650718	263.852783	0.325958	0.000004	0.000026	0.180090	0.000032	0.000031	0.185633	-0.192135	0.175678	-28.000000	4.000000	1.180000	20.919622
79.603355	-122.602829	75.691719	260.212372	180.561310	5.650718	264.972839	0.000022	0.159826	0.000026	0.180090	0.000032	-0.169411	0.185633	-0.192135	0.000004	-28.000000	4.000000	1.180000	20.964947
78.700829	-124.521500	75.671890	261.263733	180.382538	5.652281	266.252899	0.325958	0.000004	0.167543	0.180090	0.000032	-0.169411	0.185633	-0.384162	0.175678	-28.000000	4.000000	1.180000	21.016564
78.700829	-125.288963	75.691719	262.031311	180.024979	5.455867	267.212921	0.163058	0.000004	0.000026	0.180090	0.000032	-0.169411	0.185633	-0.192135	0.175678	-28.000000	4.000000	1.180000	21.063144
54.151936	-139.103363	103.845673	278.436005	185.924515	6.042093	283.213715	0.325958	0.000004	0.000026	-0.000039	0.000032	0.000031	0.185633	-0.384162	0.175678	-28.000000	8.000000	1.180000	21.674465
54.873959	-135.266022	106.401962	277.805756	188.606125	6.040420	283.853760	0.163058	0.000004	0.000026	0.180090	0.000032	-0.169411	0.185633	-0.192135	0.175678	-28.000000	8.000000	1.180000	21.699541
53.249405	-137.376556	106.040665	279.312134	187.712250	5.845570	284.493805	0.163058	0.000004	0.000026	0.180090	0.170364	-0.169411	0.185633	-0.000003	0.175678	-28.000000	8.000000	1.180000	21.732122
56.137508	-136.647141	106.221321	279.837830	190.036316	6.040420	285.293823	0.325958	0.000004	0.167543	0.180090	0.000032	-0.169411	0.185633	-0.192135	0.175678	-28.000000	8.000000	1.180000	21.755709
19.309177	-142.748825	139.641281	291.402832	193.790558	6.237000	298.414459	0.325958	0.000004	0.167543	-0.000048	0.000032	0.000031	0.185633	-0.000003	0.175678	-28.000000	12.000000	1.180000	22.253450
18.411648	-143.708160	137.798676	290.074768	192.181595	6.237000	299.054474	0.325958	0.000004	0.000026	0.180090	0.000032	-0.169411	0.185633	-0.384162	0.000004	-28.000000	12.000000	1.180000	22.277810
17.865503	-147.737366	137.112213	292.278961	190.393860	6.430122	299.694519	0.325958	0.000004	0.167543	0.180090	0.000032	-0.169411	0.185633	-0.192135	0.175678	-28.000000	12.000000	1.180000	22.294805
18.411648	-145.818695	138.196106	291.227600	192.002808	6.430122	300.174561	0.325958	0.000004	0.000026	0.180090	0.000032	-0.169411	0.185633	-0.000003	0.175678	-28.000000	12.000000	1.180000	22.313044
-21.807009	-153.301514	167.778473	298.937592	190.036316	6.626812	312.335144	0.325958	0.000004	0.000026	0.180090	0.000032	-0.169411	0.185633	-0.384162	0.175678	-28.000000	16.000000	1.180000	22.762903
-20.359898	-152.917770	167.056076	298.937592	191.287720	6.626812	312.975189	0.163058	0.000004	0.000026	0.180090	0.000032	-0.169411	0.185633	-0.192135	0.175678	-28.000000	16.000000	1.180000	22.786719
-20.720251	-151.766571	169.042694	298.587128	191.645264	6.821718	313.135162	0.325958	0.000004	0.000026	0.180090	0.000032	-0.169411	0.185633	-0.384162	0.175678	-28.000000	16.000000	1.180000	22.785419
-20.540075	-152.150299	168.725693	299.988953	191.824051	6.624973	313.455170	0.325958	0.000004	0.000026	-0.000039	0.000032	-0.169411	0.185633	-0.192135	0.000004	-28.000000	16.000000	1.180000	22.804631
-66.845329	-159.293716	195.281021	300.164185	184.673111	6.624973	320.975555	0.000022	0.000004	0.167543	0.180090	0.000032	-0.169411	0.185633	-0.192135	0.175678	-28.000000	20.000000	1.180000	23.082409
-69.908325	-161.743637	195.822968	301.040314	183.064133	6.819824	321.935577	0.325958	0.000004	0.000026	0.180090	0.000032	-0.169411	0.185633	-0.192135	0.000004	-28.000000	20.000000	1.180000	23.110485
-65.944450	-161.743637	194.507446	301.040314	184.315552	7.211531	322.255615	0.163058	0.000004	0.167543	-0.000039	0.000032	-0.169411	0.185633	-0.000003	0.000004	-28.000000	20.000000	1.180000	23.107857
-68.106560	-162.702972	196.313461	304.720062	185.388199	7.406436	322.735657	0.163058	0.000004	0.000026	-0.000039	0.000032	-0.169411	0.185633	-0.192135	0.175678	-28.000000	20.000000	1.180000	23.118311
-121.109993	-179.970963	219.126617	299.813721	173.946686	7.406436	333.053467	0.325958	0.000004	0.000026	-0.000039	0.000032	-0.169411	0.185633	-0.192135	0.000004	-28.000000	24.000000	1.180000	23.493491
-122.699928	-182.324142	217.681427	299.813721	169.298569	7.016624	333.456146	0.163058	0.000004	0.167543	0.180090	0.000032	-0.169411	0.185633	-0.192135	0.000004	-28.000000	24.000000	1.180000	23.522060
-120.717972	-181.889633	219.430389	302.442108	172.874039	7.016624	333.936188	0.325958	0.000004	0.000026	-0.000039	0.170364	0.000031	0.185633	-0.000003	0.000004	-28.000000	24.000000	1.180000	23.539349
-123.780983	-183.091827	219.849213	302.266907	170.371216	7.211531	334.256195	0.163058	0.000004	0.167543	0.180090	0.000032	-0.169411	0.185633	-0.192135	0.175678	-28.000000	24.000000	1.180000	23.543853
-164.320602	-194.169113	223.823471	275.281921	143.018860	7.209527	321.455597	0.000022	0.000004	0.167543	0.180090	0.000032	-0.169411	0.185633	-0.192135	0.000004	-28.000000	28.000000	1.180000	23.078571
-164.140411	-195.704041	222.681213	275.632385	142.125000	7.016624	320.175537	0.325958	0.000004	0.000026	0.180090	0.170364	-0.169411	0.185633	-0.192080	0.175678	-28.000000	28.000000	1.180000	23.038616
-161.257614	-192.058578	222.197647	274.230560	144.270264	7.014675	319.215454	0.163058	0.000004	0.167543	0.180090	0.000032	-0.169411	0.185633	-0.192135	0.175678	-28.000000	28.000000	1.180000	23.003344
-161.119553	-192.250443	219.611008	273.003937	141.588669	7.016624	317.935394	0.325958	0.000004	0.000026	0.180090	0.000032	-0.169411	0.185633	-0.192135	0.000004	-28.000000	28.000000	1.180000	22.956066
-193.739960	-210.669662	211.122757	238.834656	104.403763	6.042093	296.174347	0.325958	0.000004	0.000026	-0.000039	0.000032	-0.169411	0.185633	-0.192135	0.175678	-28.000000	32.000000	1.180000	22.175428
-193.148773	-209.960632	210.816788	238.834656	102.794800	6.431905	295.534332	0.163058	0.000004	0.167543	0.180090	0.000032	-0.169411	0.185633	-0.192135	0.000004	-28.000000	32.000000	1.180000	22.136036
-192.067719	-209.518448	209.497345	238.133728	102.258484	6.431905	294.574280	0.325958	0.000004	0.000026	0.180090	0.170364	-0.169411	0.185633	-0.192135	0.000004	-28.000000	32.000000	1.180000	22.099251
-191.707367	-207.216049	210.580948	236.556702	104.046211	6.237000	293.934235	0.163058	0.000004	0.000026	0.180090	0.000032	-0.169411	0.185633	-0.192135	0.000004	-28.000000	32.000000	1.180000	22.082175
-215.670776	-230.688049	200.881119	209.396484	67.236336	6.237000	277.773437	0.163058	0.000004	0.167543	0.180090	0.000032	-0.169411	0.185633	-0.192135	0.000004	-28.000000	36.000000	1.180000	21.453001
-217.832916	-230.688049	200.339188	207.118530	67.218857	6.042093	277.293457	0.325958	0.000004	0.167543	0.180090	0.000032	-0.169411	0.185633	-0.192135	0.000004	-28.000000	36.000000	1.180000	21.441737
-216.391495	-229.856308	198.893997	206.417618	66.146217	6.042093	276.653412	0.325958	0.000004	0.000026	-0.000039	0.170364	-0.169411	0.185633	-0.192135	0.175678	-28.000000	36.000000	1.180000	21.416425
-215.670776	-229.856308	200.647873	206.943314	67.040085	5.847187	276.013367	0.325958	0.000004	0.000026	-0.000039	0.000032	-0.169411	0.185633	-0.192135	0.175678	-28.000000	36.000000	1.180000	21.398803
-238.733322	-250.002335	191.487411	180.834442	31.285370	5.652281	265.834595	0.325958	0.000004	0.000026	0.180090	0.000032	-0.169411	0.185633	-0.192135	0.000004	-28.000000	40.000000	1.180000	20.999690
-241.255798	-252.304733	191.617828	181.009674	30.220600	5.847187	266.252899	0.163058	0.000004	0.000026	-0.000039	0.000032	-0.169411	0.185633	-0.192135	0.175678	-28.000000	40.000000	1.180000	21.008703
-243.778275	-253.334625	191.848709	179.958298	30.033953	5.847187	266.892914	0.325958	0.000004	0.000026	-0.000039	0.000032	-0.169411	0.185633	-0.192135	0.000004	-28.000000	40.000000	1.180000	21.034504
-242.517029	-252.950760	192.751938	181.184906	30.749048	5.650718	267.372955	0.325958	0.159826	0.000026	0.180090	0.000032	-0.169411	0.185633	-0.192135	0.175678	-28.000000	40.000000	1.180000	21.061743
-293.146515	-305.451813	200.828476	169.444687	-7.849745	6.042093	283.759644	0.325958	0.000004	0.000026	0.180090	0.000032	-0.169411	0.185633	-0.192135	0.175678	-28.000000	44.000000	1.180000	21.695800
-291.705109	-304.492493	201.370285	171.021729	-7.314534	6.431905	284.493805	0.162962	0.000004	0.000026	-0.000039	0.000032	-0.169411	0.185633	-0.000003	0.000004	-28.000000	44.000000	1.180000	21.709245
-292.245636	-305.259949	203.176300	171.196945	-6.244112	6.042093	284.813812	0.163058	0.000004	0.167543	-0.000039	0.000032	-0.169411	0.185633	-0.192135	0.175678	-28.000000	44.000000	1.180000	21.736938
-295.128448	-307.370483	202.868256	171.196945	-9.098564	6.042093	285.613831	0.163058	0.000004	0.167543	-0.000039	0.000032	-0.169411	0.185633	-0.192135	0.000004	-28.000000	44.000000	1.180000	21.768106
249.394699	-340.947144	-347.834290	95.498795	-78.319031	6.431905	304.885559	0.325958	0.000004	0.167543	0.180090	0.000032	-0.169411	0.185633	-0.000003	0.175678	-24.000000	-44.000000	1.180000	22.491190
247.835434	-342.482086	-348.555969	95.323570	-80.281464	6.626812	305.365692	0.325958	0.000004	0.000026	0.180090	0.000032	-0.169411	0.185633	-0.000003	0.000004	-24.000000	-44.000000	1.180000	22.501936
247.409637	-341.330872	-345.849762	96.024483	-77.962219	6.626812	305.614807	0.163058	0.000004	0.000026	0.180090	0.000032	-0.169411	0.185633	-0.192135	0.175678	-24.000000	-44.000000	1.180000	22.511316
248.853317	-340.563416	-346.571411	98.302437	-76.178185	6.626812	306.325989	0.163058	0.000004	0.000026	-0.000039	0.000032	-0.169411	0.185633	-0.192135	0.000004	-24.000000	-44.000000	1.180000	22.538073
264.983551	-310.056610	-326.545685	132.296509	-24.441244	6.821718	316.088715	0.325958	0.000004	0.000026	-0.000039	0.000032	-0.169411	0.185633	-0.192135	0.175678	-24.000000	-40.000000	1.180000	22.895007
266.247101	-313.702057	-330.153931	134.224014	-25.154856	6.626812	316.888916	0.325958	0.000004	0.000026	-0.000039	0.000032	-0.169411	0.185633	-0.192135	0.000004	-24.000000	-40.000000	1.180000	22.931812
264.011902	-310.440338	-326.545685	132.471725	-24.798054	6.821718	317.209045	0.325958	0.000004	0.000026	0.180090	0.000032	-0.169411	0.185633	-0.000003	0.000004	-24.000000	-40.000000	1.180000	22.936439
267.981995	-310.056610	-328.169403	132.997406	-23.906036	6.821718	317.849213	0.325958	0.000004	0.000026	-0.000039	0.000032	-0.169411	0.185633	-0.192135	0.000004	-24.000000	-40.000000	1.180000	22.960079
277.618988	-276.288055	-301.186462	171.196945	29.318861	7.016624	328.175903	0.163058	0.000004	0.000026	0.180090	0.000032	-0.169411	0.185633	-0.000003	0.000004	-24.000000	-36.000000	1.180000	23.331047
279.170471	-281.276581	-303.712891	172.248322	29.140087	7.016624	328.495911	0.000022	0.000004	0.000026	0.180090	0.000032	-0.169411	0.185633	-0.192135	0.175678	-24.000000	-36.000000	1.180000	23.342668
282.599182	-280.779205	-306.700348	172.423538	30.570274	7.016624	329.052368	0.163058	0.000004	0.000026	0.180090	0.000032	-0.169411	0.185633	-0.192135	0.175678	-24.000000	-36.000000	1.180000	23.362861
280.687622	-279.357941	-303.633362	172.248322	31.821690	7.016624	329.372437	0.163058	0.000004	0.000026	0.180090	0.000032	-0.169411	0.185633	-0.192135	0.175678	-24.000000	-36.000000	1.180000	23.374468
287.546875	-243.286987	-270.327911	207.644211	79.932549	7.406436	336.176300	0.163058	0.000004	0.167543	-0.000039	0.000032	-0.169411	0.185633	-0.192135	0.175678	-24.000000	-32.000000	1.180000	23.605869
289.171448	-244.438187	-272.673889	204.840576	77.945274	7.211531	336.336304	0.163058	0.000004	0.000026	-0.000039	0.000032	-0.169411	0.185633	-0.192135	0.000004	-24.000000	-32.000000	1.180000	23.618608
287.546875	-240.792725	-270.257141	205.015808	80.805649	7.211531	336.414429	0.325958	0.000004	0.000026	0.180090	0.000032	-0.169411	0.185633	-0.192135	0.175678	-24.000000	-32.000000	1.180000	23.621411
288.554352	-243.862595	-273.324158	205.541489	79.911781	7.211531	336.254364	0.325958	0.000004	0.000026	0.180090	0.000032	0.000031	0.185633	-0.000003	0.175678	-24.000000	-32.000000	1.180000	23.615667
260.222260	-182.081497	-209.874084	215.003754	113.878761	6.626812	307.054871	0.163058	0.000004	0.167543	0.180090	0.000032	-0.169411	0.185633	-0.192135	0.000004	-24.000000	-28.000000	1.180000	22.565463
258.778564	-179.445343	-206.030502	212.901031	114.802444	6.431905	306.165924	0.163058	0.000004	0.000026	0.180090	0.000032	-0.169411	0.185633	-0.192135	0.175678	-24.000000	-28.000000	1.180000	22.539382
256.138733	-178.869583	-204.587204	210.272614	112.120148	6.431905	304.974762	0.163058	0.000004	0.000026	-0.000039	0.000032	-0.169411	0.185633	-0.192135	0.175678	-24.000000	-28.000000	1.180000	22.494551
257.582794	-180.930298	-204.948013	211.323990	112.269798	6.821718	304.085358	0.163058	0.000004	0.000026	-0.000039	0.170364	-0.169411	0.185633	-0.000003	0.175678	-24.000000	-28.000000	1.180000	22.446307
236.102509	-136.609100	-155.736313	217.456940	138.013199	6.042093	286.573883	0.325958	0.000004	0.000026	0.180090	0.000032	-0.169411	0.185633	-0.192135	0.000004	-24.000000	-24.000000	1.180000	21.805449
238.025757	-135.266022	-157.179993	217.982635	137.476868	6.042093	285.933838	0.163058	0.000004	0.000026	0.180090	0.000032	-0.169411	0.000021	-0.192135	0.175678	-24.000000	-24.000000	1.180000	21.780560
235.921997	-135.649765	-156.638611	217.281693	137.119324	6.042093	285.133820	0.163058	0.000004	0.000026	-0.000039	0.000032	-0.169411	0.185633	-0.192135	0.000004	-24.000000	-24.000000	1.180000	21.749410
234.658447	-134.536026	-154.793503	216.055130	136.797302	6.431905	284.493805	0.163058	0.000004	0.000026	-0.000039	0.000032	-0.169411	0.185633	-0.192135	0.000004	-24.000000	-24.000000	1.180000	21.709245
206.499435	-96.152000	-103.222679	214.302856	152.533463	5.457375	261.772675	0.162962	0.000004	0.000026	0.180090	0.000032	-0.169411	0.185633	-0.192135	0.175678	-24.000000	-20.000000	1.180000	20.843050
207.401978	-98.427620	-105.388199	213.777176	150.348572	5.457375	261.292664	0.163058	0.000004	0.167543	0.180090	0.000032	-0.169411	0.000021	-0.192135	0.000004	-24.000000	-20.000000	1.180000	20.823524
205.596909	-98.455040	-106.262657	212.550568	149.275940	5.457375	260.553131	0.163058	0.000004	0.167543	0.180090	0.000032	-0.169411	0.185633	-0.192135	0.000004	-24.000000	-20.000000	1.180000	20.793405
205.543106	-97.084557	-104.846817	212.725800	150.527344	5.457375	260.172607	0.163058	0.000004	0.000026	0.180090	0.000032	-0.169411	0.185633	-0.192135	0.000004	-24.000000	-20.000000	1.180000	20.777891
202.708801	-94.040871	-69.115891	237.958511	178.462357	5.847187	273.773254	0.163058	0.000004	0.167543	0.180090	0.000032	-0.169411	0.185633	-0.192135	0.000004	-24.000000	-16.000000	1.180000	21.309903
204.694366	-91.737831	-70.198647	236.206253	178.641174	6.042093	274.413269	0.162962	0.000004	0.000026	0.180090	0.000032	-0.169411	0.185633	-0.192135	0.000004	-24.000000	-16.000000	1.180000	21.327598
204.874878	-91.328552	-67.672218	237.783295	180.740082	5.652281	274.733307	0.163058	0.000004	0.000026	0.180090	0.000032	-0.169411	0.185633	-0.192135	0.175678	-24.000000	-16.000000	1.180000	21.355785
205.235886	-93.081268	-69.837730	238.308990	179.177643	5.847187	275.213348	0.162962	0.000004	0.000026	0.180090	0.000032	-0.169411	0.185633	-0.192135	0.000004	-24.000000	-16.000000	1.180000	21.367096
194.766525	-97.879272	-29.234396	260.387604	204.338196	6.431905	287.600739	0.163058	0.000004	0.167543	0.180090	0.170364	-0.169411	0.185633	-0.000003	0.175678	-24.000000	-12.000000	1.180000	21.830193
195.076477	-98.646957	-28.873476	261.263733	205.106537	6.042093	288.013947	0.163058	0.000004	0.167543	0.180090	0.000032	-0.169411	0.185633	-0.192135	0.000004	-24.000000	-12.000000	1.180000	21.861345
198.557144	-95.384315	-31.038988	261.263733	206.179443	6.237000	288.560974	0.163058	0.000004	0.000026	-0.000039	0.000032	0.000031	0.185633	-0.000003	0.000004	-24.000000	-12.000000	1.180000	21.874991
197.061523	-95.576233	-27.971182	260.212372	206.358261	5.847187	288.973999	0.163058	0.000004	0.000026	0.180090	0.000032	-0.169411	0.185633	-0.000003	0.000004	-24.000000	-12.000000	1.180000	21.906071
184.429382	-101.141922	11.200208	281.064423	227.101364	6.431905	302.004761	0.162962	0.000004	0.000026	0.180090	0.000032	-0.169411	0.185633	-0.192135	0.175678	-24.000000	-8.000000	1.180000	22.382380
186.463226	-100.538162	10.836086	281.940552	227.459030	6.431905	302.484894	0.163058	0.000004	0.000026	0.180090	0.000032	-0.169411	0.185633	-0.192135	0.175678	-24.000000	-8.000000	1.180000	22.400552
186.102203	-99.990402	11.558491	283.167145	229.247238	6.626812	303.054687	0.162962	0.000004	0.000026	0.180090	0.000032	-0.169411	0.185633	-0.192135	0.175678	-24.000000	-8.000000	1.180000	22.414731
188.038559	-98.455040	10.113682	281.064423	228.889587	6.431905	302.644928	0.163058	0.000004	0.000026	0.180090	0.000032	-0.169411	0.185633	-0.192135	0.000004	-24.000000	-8.000000	1.180000	22.406605
165.842072	-104.596474	51.110142	293.680756	240.512878	7.016624	309.846954	0.163058	0.000004	0.000026	0.180090	0.000032	0.000031	0.185633	-0.192135	0.175678	-24.000000	-4.000000	1.180000	22.655501
167.149017	-105.556076	49.304131	293.330322	239.976425	6.626812	309.935028	0.162962	0.000004	0.000026	0.180090	0.000032	-0.169411	0.185633	-0.192135	0.000004	-24.000000	-4.000000	1.180000	22.673371
166.065979	-104.788391	50.929539	293.680756	240.155243	6.626812	310.167023	0.163058	0.000004	0.000026	-0.000039	0.000032	-0.169411	0.185633	-0.192135	0.000004	-24.000000	-4.000000	1.180000	22.682040
164.982941	-104.020721	51.290741	294.556915	241.764618	6.821718	310.575043	0.162962	0.000004	0.000026	0.180090	0.000032	-0.169411	0.000021	-0.192135	0.175678	-24.000000	-4.000000	1.180000	22.690001
145.811096	-109.202560	89.036377	309.626434	256.249054	6.821718	322.970642	0.163058	0.000004	0.000026	0.180090	0.000032	0.000031	0.185633	-0.192135	0.175678	-24.000000	0.000000	1.180000	23.148340
147.615692	-108.434875	87.591576	307.874176	254.639679	6.626812	323.215637	0.163058	0.000004	0.000026	0.180090	0.000032	-0.169411	0.185633	-0.192135	0.000004	-24.000000	0.000000	1.180000	23.164439
147.293304	-108.434875	88.855782	307.874176	255.891403	7.016624	323.770844	0.163058	0.000004	0.000026	0.180090	0.000032	-0.169411	0.185633	-0.192135	0.000004	-24.000000	0.000000	1.180000	23.170489
148.517990	-109.586403	87.772171	308.750305	254.103195	6.821718	324.090973	0.163058	0.000004	0.000026	-0.000039	0.000032	0.000031	0.185633	-0.192135	0.000004	-24.000000	0.000000	1.180000	23.189319
120.217323	-112.657127	123.169991	318.212585	263.044220	7.211531	331.292999	0.163058	0.000004	0.000026	-0.000039	0.000032	-0.169411	0.185633	-0.192135	0.000004	-24.000000	4.000000	1.180000	23.436950
119.283600	-113.968826	124.253601	318.738281	262.507721	7.211531	331.613068	0.163058	0.000004	0.000026	0.180090	0.000032	0.000031	0.185633	-0.192135	0.000004	-24.000000	4.000000	1.180000	23.448521
121.990486	-113.040962	121.363976	318.037354	262.507721	7.211531	331.933167	0.163058	0.000004	0.000026	0.180090	0.000032	-0.169411	0.185633	-0.192135	0.175636	-24.000000	4.000000	1.180000	23.460087
119.675804	-114.352554	123.350594	318.387787	262.328918	7.016624	332.573334	0.162962	0.000004	0.167543	0.180090	0.000032	0.000031	0.185633	-0.000003	0.175678	-24.000000	4.000000	1.180000	23.490232
87.545647	-112.657127	151.343765	314.007111	258.752533	7.016624	327.291870	0.163058	0.000004	0.000026	0.180090	0.000032	-0.169411	0.185633	-0.192135	0.000004	-24.000000	8.000000	1.180000	23.298914
86.282097	-112.273277	150.801971	311.553955	254.282013	7.016624	326.171539	0.162962	0.000004	0.000026	0.180090	0.000032	-0.169411	0.185633	-0.192135	0.351265	-24.000000	8.000000	1.180000	23.258128
85.718178	-111.505608	150.982559	309.626434	253.566742	7.016624	325.211273	0.163058	0.000004	0.000026	0.180090	0.000032	0.000031	0.185633	-0.192135	0.175678	-24.000000	8.000000	1.180000	23.223112
87.883690	-111.313690	149.537750	310.502594	253.566742	7.016624	324.090973	0.163058	0.000004	0.000026	0.180090	0.000032	0.000031	0.185633	-0.192135	0.000004	-24.000000	8.000000	1.180000	23.182194
46.931686	-100.950005	167.056076	286.496460	229.783707	6.431905	300.244263	0.163058	0.000004	0.000026	0.180090	0.000032	-0.169411	0.185633	-0.192135	0.000004	-24.000000	12.000000	1.180000	22.315623
48.375729	-99.003227	165.069458	283.868042	229.068405	6.431905	299.283997	0.162962	0.000004	0.167543	0.180090	0.000032	0.000031	0.185633	-0.192135	0.175678	-24.000000	12.000000	1.180000	22.279126
47.473194	-99.962555	164.347046	283.692841	226.564911	6.431905	298.643799	0.162962	0.000004	0.000026	0.180090	0.000032	0.000031	0.185633	-0.000003	0.000004	-24.000000	12.000000	1.180000	22.254761
46.209660	-101.525757	163.082855	282.641479	225.134354	6.431905	297.683533	0.163058	0.000004	0.000026	0.180090	0.000032	-0.169411	0.185633	-0.192135	0.175678	-24.000000	12.000000	1.180000	22.218164
10.466676	-93.630951	175.544327	262.315094	205.106537	6.237000	280.878845	0.163058	0.000004	0.000026	0.180090	0.000032	0.000031	0.185633	-0.192135	0.000004	-24.000000	16.000000	1.180000	21.575325
9.744839	-94.808556	173.918915	261.614197	203.675964	6.042093	280.173584	0.162962	0.000004	0.000026	0.180090	0.000032	-0.169411	0.185633	-0.192135	0.175636	-24.000000	16.000000	1.180000	21.555270
10.649867	-91.162071	175.363724	260.212372	205.464172	6.237000	279.598480	0.162962	0.000004	0.000026	0.180090	0.000032	0.000031	0.185633	-0.192135	0.351265	-24.000000	16.000000	1.180000	21.524975
11.010888	-92.505516	174.280121	260.738068	204.570068	6.042093	278.798248	0.163058	0.000004	0.167543	-0.000039	0.000032	-0.169411	0.185633	-0.192135	0.000004	-24.000000	16.000000	1.180000	21.501130
-26.492813	-92.121681	181.865356	241.638290	182.217575	5.457375	264.332794	0.162962	0.000004	0.000026	-0.000039	0.000032	-0.169411	0.000021	-0.192135	0.175636	-24.000000	20.000000	1.180000	20.946883
-28.295044	-91.353996	181.323563	239.360352	181.323471	5.652281	263.914062	0.163058	0.000004	0.000026	-0.000039	0.000032	-0.169411	0.185633	-0.192135	0.000004	-24.000000	20.000000	1.180000	20.922042
-27.206589	-91.904152	179.878754	239.360352	178.998810	5.847187	263.273895	0.162962	0.000004	0.000026	-0.000039	0.000032	0.000031	0.185633	-0.192135	0.000004	-24.000000	20.000000	1.180000	20.888189
-26.492813	-92.505516	179.517548	239.360352	179.535278	5.457375	262.953796	0.162962	0.000004	0.000026	0.180090	0.000032	-0.169411	0.185633	-0.192135	0.175636	-24.000000	20.000000	1.180000	20.891018
-70.088501	-105.526680	203.898697	242.339188	174.528320	5.847187	276.397583	0.162962	0.000004	0.000026	-0.000039	0.000032	0.000031	0.185633	-0.192135	0.000004	-24.000000	24.000000	1.180000	21.414013
-68.286743	-102.101517	205.704712	242.163971	175.958878	5.847187	277.357849	0.162962	0.000004	0.000026	0.180090	0.000032	0.000031	0.185633	-0.192135	0.351265	-24.000000	24.000000	1.180000	21.451982
-70.268677	-107.061615	203.176300	242.864883	173.455399	6.042093	277.837952	0.162962	0.000004	0.000026	0.180090	0.000032	0.000031	0.185633	-0.192135	0.000004	-24.000000	24.000000	1.180000	21.463247
-71.169556	-105.364159	206.065918	243.390549	174.707138	5.847187	278.638214	0.162962	0.000004	0.000026	-0.000039	0.000032	-0.169411	0.185633	-0.192135	0.175636	-24.000000	24.000000	1.180000	21.502503
-121.258514	-134.690430	225.751450	240.937378	159.328613	6.431905	292.402069	0.162962	0.000004	0.000026	0.180090	0.000032	0.000031	0.185633	-0.000003	0.000004	-24.000000	28.000000	1.180000	22.015794
-122.371559	-133.768341	226.473862	241.112610	160.938004	6.431905	292.722168	0.163058	-0.000012	0.000026	-0.000039	0.000032	-0.169411	0.185633	-0.192135	0.175636	-24.000000	28.000000	1.180000	22.028112
-120.177460	-133.155487	225.932037	241.813522	160.580368	6.237000	293.362335	0.162962	0.000004	0.000026	0.180090	0.000032	-0.169411	0.185633	-0.192135	0.351265	-24.000000	28.000000	1.180000	22.060216
-122.371559	-134.882294	228.099258	243.741028	162.726196	6.431905	293.842468	0.163058	0.000004	0.000026	0.180090	0.000032	0.000031	0.185633	-0.192135	0.000004	-24.000000	28.000000	1.180000	22.071170
-172.608704	-177.668579	240.741333	234.979675	137.870224	6.626812	306.005890	0.163058	0.000004	0.167543	0.180090	0.000032	0.169775	0.185633	-0.192135	0.175678	-24.000000	32.000000	1.180000	22.526034
-175.537399	-179.253418	243.630966	235.154892	137.333755	6.626812	306.325989	0.163058	0.000004	0.000026	0.180090	0.000032	0.000031	0.000021	-0.192135	0.000004	-24.000000	32.000000	1.180000	22.538073
-173.689758	-178.627899	244.714569	235.855789	139.300781	6.626812	306.806091	0.162962	0.000004	0.167543	0.180090	0.000032	0.000031	0.185633	-0.192135	0.175636	-24.000000	32.000000	1.180000	22.556118
-172.473618	-177.284851	243.992142	236.907150	140.194885	6.821718	307.126190	0.163058	0.000004	0.000026	0.180090	0.000032	0.000031	0.185633	-0.000003	0.000004	-24.000000	32.000000	1.180000	22.560821
-222.395447	-224.546585	254.828232	221.662399	105.861450	6.626812	316.088715	0.163058	-0.000012	0.000026	0.180090	0.000032	-0.169411	0.185633	-0.192135	0.175636	-24.000000	36.000000	1.180000	22.902221
-222.517471	-224.930420	254.105820	221.311920	105.324982	6.821718	316.568848	0.162962	0.000004	0.000026	0.180090	0.000032	0.000031	0.185633	-0.192135	0.175636	-24.000000	36.000000	1.180000	22.912772
-226.180145	-229.920349	254.647614	224.466034	105.503807	6.821718	317.048981	0.163058	-0.000012	0.000026	0.180090	0.000032	-0.169411	0.000021	-0.192135	0.175636	-24.000000	36.000000	1.180000	22.930524
-222.215240	-224.162750	254.647614	222.363312	106.397903	6.821718	317.369080	0.163058	-0.000012	0.000026	0.180090	0.000032	-0.169411	0.185633	-0.192135	0.000004	-24.000000	36.000000	1.180000	22.942351
-271.776611	-271.375122	261.510468	206.067169	63.481113	6.821718	327.291870	0.163058	0.000004	0.000026	0.180090	0.000032	0.000031	0.185633	-0.192135	0.000004	-24.000000	40.000000	1.180000	23.306002
-270.083984	-270.340179	262.413452	207.118530	64.732857	7.016624	327.771973	0.162962	0.000004	0.000026	0.180090	0.000032	0.000031	0.185633	-0.192135	0.175636	-24.000000	40.000000	1.180000	23.316370
-273.507324	-274.369385	261.691071	207.994675	62.587013	7.211531	328.252106	0.162962	0.000004	0.000026	0.180090	0.000032	0.000031	0.185633	-0.192135	0.000004	-24.000000	40.000000	1.180000	23.326736
-272.857941	-274.829651	262.594086	207.994675	63.123474	7.016624	328.412170	0.162962	0.000004	0.000026	0.180090	0.000032	0.000031	0.185633	-0.192135	0.000004	-24.000000	40.000000	1.180000	23.339627
-327.379974	-325.597809	266.567291	183.287628	8.583384	6.821718	337.054596	0.162962	0.000004	0.000026	-0.000039	0.000032	0.000031	0.185633	-0.192135	0.000004	-24.000000	44.000000	1.180000	23.658334
-328.641205	-325.304657	266.747925	184.163757	12.517422	7.211531	337.214630	0.162962	0.000004	0.000026	-0.000039	0.000032	-0.169411	0.185633	-0.192135	0.175636	-24.000000	44.000000	1.180000	23.650102
-326.839447	-324.728912	266.386688	184.163757	12.696242	7.211531	336.574463	0.162962	0.000004	0.000026	0.180090	0.000032	0.000031	0.185633	-0.192135	0.175636	-24.000000	44.000000	1.180000	23.627151
-322.515228	-321.274353	267.470306	185.390350	13.947982	7.016624	335.614197	0.162962	0.000004	0.000026	-0.000039	0.000032	0.000031	0.185633	-0.192135	0.351265	-24.000000	44.000000	1.180000	23.599683
261.734436	-296.516663	-326.270294	72.544029	-69.042061	6.237000	299.764130	0.162962	-0.000012	0.000026	0.180090	0.000032	0.000031	0.185633	-0.192135	0.175636	-20.000000	-44.000000	1.180000	22.304789
260.470886	-295.940887	-325.187531	72.193573	-69.398865	6.626812	299.123962	0.163058	-0.000012	0.000026	0.180090	0.000032	0.000031	0.185633	-0.192135	0.175636	-20.000000	-44.000000	1.180000	22.265622
259.929382	-293.254028	-321.939270	71.667892	-67.971634	6.431905	298.323730	0.326097	0.000004	0.167543	-0.000039	0.000032	0.000031	0.185633	-0.192135	0.000004	-20.000000	-44.000000	1.180000	22.242569
261.485474	-293.829773	-325.007080	71.142212	-71.361305	6.431905	297.523499	0.162962	0.000004	0.000026	0.180090	0.000032	0.000031	0.185633	-0.192135	0.175636	-20.000000	-44.000000	1.180000	22.212059
251.265060	-239.708282	-276.644012	97.426292	-13.915455	5.847187	280.398682	0.162962	-0.000012	0.000026	0.180090	0.000032	0.000031	0.185633	-0.192135	0.175636	-20.000000	-40.000000	1.180000	21.571775
250.296982	-237.914719	-274.478485	97.951973	-12.309823	5.847187	279.918549	0.162962	0.000004	0.000026	0.180090	0.000032	0.000031	0.185633	-0.000003	0.175636	-20.000000	-40.000000	1.180000	21.552905
250.182022	-237.213318	-273.756653	96.199707	-12.666633	6.042093	279.278381	0.162962	-0.000012	0.000026	0.180090	0.000032	-0.169411	0.000021	-0.192135	0.175636	-20.000000	-40.000000	1.180000	21.520046
248.376953	-237.405228	-272.493439	98.652885	-11.239405	5.847187	277.998016	0.163058	-0.000012	0.000026	-0.000039	0.000032	0.000031	0.185633	-0.192135	0.175636	-20.000000	-40.000000	1.180000	21.477257
238.810104	-187.261902	-226.837250	122.308556	37.194576	5.262468	263.113831	0.162962	0.000004	0.000026	0.180090	0.170364	0.000031	0.185633	-0.192135	0.000004	-20.000000	-36.000000	1.180000	20.905410
239.712646	-188.273666	-227.919998	119.680145	35.406380	5.652281	263.754028	0.162962	-0.000012	0.000026	-0.000039	0.000032	0.000031	0.185633	-0.192135	0.175636	-20.000000	-36.000000	1.180000	20.915558
239.649887	-189.233261	-229.183212	121.081970	35.764019	5.652281	264.234161	0.162962	-0.000012	0.000026	-0.000039	0.000032	0.000031	0.185633	-0.192135	0.175636	-20.000000	-36.000000	1.180000	20.935003
240.615158	-189.425186	-229.544144	120.205841	36.479298	5.652281	265.034393	0.163058	-0.000012	0.000026	0.180090	0.000032	0.000031	0.185633	-0.192135	0.175636	-20.000000	-36.000000	1.180000	20.967372
255.236206	-161.935501	-208.430420	154.375137	83.687767	6.042093	281.198914	0.162962	0.000004	0.000026	0.180090	0.000032	0.000031	0.185633	-0.192135	0.000004	-20.000000	-32.000000	1.180000	21.595544
255.169403	-163.662308	-208.791336	154.024673	82.614853	6.042093	281.999146	0.162962	0.000004	0.000026	0.180090	0.000032	0.000031	0.185633	-0.192135	0.175636	-20.000000	-32.000000	1.180000	21.626924
257.154449	-164.046036	-210.054550	156.477859	84.224228	6.042093	282.479279	0.162962	0.000004	0.000026	0.180090	0.000032	0.000031	0.185633	-0.192135	0.175636	-20.000000	-32.000000	1.180000	21.645730
255.530304	-160.976166	-206.806274	155.426498	86.012428	5.847187	282.959412	0.162962	0.000004	0.000026	0.180090	0.000032	0.000031	0.000021	-0.192135	0.175636	-20.000000	-32.000000	1.180000	21.672141
266.427582	-128.166962	-178.835098	188.193985	130.896240	6.626812	297.363464	0.162962	0.000004	0.000026	0.180090	0.000032	0.000022	0.185633	-0.192135	0.175678	-20.000000	-28.000000	1.180000	22.198514
268.774200	-129.929947	-180.820145	188.369217	129.465683	6.237000	298.003632	0.162962	-0.000012	0.000026	-0.000039	0.000032	0.000031	0.185633	-0.192135	0.351265	-20.000000	-28.000000	1.180000	22.237799
268.162445	-127.783234	-181.000610	189.420578	131.432693	6.237000	298.163666	0.162962	0.000004	0.000026	0.180090	0.000032	0.000031	0.185633	-0.192135	0.175636	-20.000000	-28.000000	1.180000	22.243897
266.969147	-128.166962	-179.556946	187.142624	131.075058	6.237000	298.803833	0.162962	-0.000012	0.000026	-0.000039	0.000032	0.000031	0.185633	-0.192135	0.000004	-20.000000	-28.000000	1.180000	22.268273
270.327972	-91.520416	-144.186935	217.281693	173.276581	6.626812	308.726654	0.162962	-0.000012	0.000026	0.180090	0.000032	0.000031	0.185633	-0.192135	0.175636	-20.000000	-24.000000	1.180000	22.628161
270.940277	-93.247223	-146.532898	218.333084	171.488373	6.431905	308.566589	0.162962	-0.000012	0.000026	0.180090	0.000032	0.000031	0.185633	-0.192135	0.175636	-20.000000	-24.000000	1.180000	22.629465
270.940277	-91.136688	-144.006470	216.580795	173.455399	6.626812	308.726654	0.162962	-0.000012	0.000026	0.180090	0.000032	0.000031	0.185633	-0.192135	0.175636	-20.000000	-24.000000	1.180000	22.628161
271.662292	-91.545914	-145.450150	217.807388	172.918945	6.431905	308.886688	0.162962	-0.000012	0.000026	0.180090	0.000032	0.000031	0.185633	-0.192135	0.175636	-20.000000	-24.000000	1.180000	22.641449
271.301300	-67.153343	-104.485893	245.843750	211.007599	6.821718	321.050110	0.162962	0.000004	0.000026	-0.000039	0.000032	0.000031	0.185633	-0.192135	0.351265	-20.000000	-20.000000	1.180000	23.077922
270.218231	-67.537079	-102.320389	246.018967	211.365234	7.016624	321.530212	0.162962	0.000004	0.000026	0.180090	0.000032	0.000022	0.185633	-0.192135	0.175636	-20.000000	-20.000000	1.180000	23.088392
273.215302	-66.002144	-107.012329	243.565796	210.292313	6.821718	321.850342	0.162962	0.000004	0.000026	0.180090	0.000032	0.000031	0.185633	-0.192135	0.175636	-20.000000	-20.000000	1.180000	23.107289
272.023285	-66.194016	-104.846817	246.369415	212.795776	7.016624	322.490509	0.162962	-0.000012	0.000026	0.180090	0.000032	0.000022	0.185633	-0.000003	0.175636	-20.000000	-20.000000	1.180000	23.123613
262.456451	-54.298283	-59.551548	272.127838	244.983383	7.211531	332.253235	0.162962	-0.000012	0.000026	0.180090	0.000032	0.000031	0.185633	-0.192135	0.351265	-20.000000	-16.000000	1.180000	23.471646
262.817474	-54.490150	-59.732010	270.726013	243.373993	6.821718	332.253235	0.162962	-0.000012	0.000026	0.180090	0.000032	0.000031	0.185633	-0.192135	0.175636	-20.000000	-16.000000	1.180000	23.485716
266.427582	-55.257618	-63.882568	271.426910	243.195160	7.016624	332.733368	0.162962	-0.000012	0.000026	-0.000039	0.000032	0.000031	0.000021	-0.192135	0.175636	-20.000000	-16.000000	1.180000	23.496005
266.608093	-56.792549	-63.882568	273.880096	244.089279	7.016624	333.053467	0.162962	-0.000012	0.000026	0.180090	0.000032	0.000031	0.185633	-0.192135	0.175636	-20.000000	-16.000000	1.180000	23.507548
243.503281	-54.106415	-9.564339	282.641479	259.467804	6.821718	329.212402	0.162962	-0.000012	0.000026	0.180090	0.000032	0.000031	0.185633	-0.192135	0.175636	-20.000000	-12.000000	1.180000	23.375733
242.600739	-53.147079	-9.381424	281.765320	258.931366	7.211531	328.092072	0.162962	-0.000012	0.000026	0.180090	0.000032	0.000031	0.185633	-0.192135	0.175636	-20.000000	-12.000000	1.180000	23.320921
238.928070	-53.914547	-7.398829	281.765320	259.110168	7.016624	326.811737	0.162962	0.000004	0.000026	0.180090	0.000032	0.000031	0.185633	-0.192135	0.175636	-20.000000	-12.000000	1.180000	23.281443
239.893158	-53.338943	-9.744799	280.363495	257.858429	7.211531	325.691406	0.162962	0.000004	0.000026	0.180090	0.000032	0.000022	0.185633	-0.192135	0.175636	-20.000000	-12.000000	1.180000	23.233519
204.099426	-54.682014	33.050026	268.623260	250.526794	6.626812	303.285095	0.162962	-0.000012	0.000026	-0.000039	0.000032	0.000031	0.185633	-0.192135	0.175636	-20.000000	-8.000000	1.180000	22.423440
203.250320	-53.722679	35.036640	269.148956	252.493820	6.431905	302.644928	0.162962	-0.000012	0.000026	0.180090	0.000032	0.000031	0.185633	-0.000003	0.351265	-20.000000	-8.000000	1.180000	22.406605
202.167282	-55.641350	33.772430	268.448059	250.169159	6.237000	302.004761	0.162962	0.000004	0.000026	-0.000039	0.000032	0.000031	0.185633	-0.192135	0.175636	-20.000000	-8.000000	1.180000	22.389759
200.851166	-53.338943	35.397842	267.396698	250.526794	6.626812	301.204529	0.162962	0.000004	0.000026	0.180090	0.000032	0.000022	0.185633	-0.192135	0.175636	-20.000000	-8.000000	1.180000	22.344670
167.510040	-53.147079	65.197029	256.006927	239.976425	6.042093	279.118347	0.162962	-0.000012	0.000026	-0.000039	0.000032	0.000031	0.185633	-0.192135	0.351265	-20.000000	-4.000000	1.180000	21.513743
167.149033	-50.844677	65.016426	254.429886	240.870529	6.042093	278.478149	0.162962	-0.000012	0.000026	0.180090	0.000032	0.000031	0.185633	-0.192135	0.175636	-20.000000	-4.000000	1.180000	21.488510
165.885483	-52.379612	64.474625	252.677597	237.830597	6.042093	278.318115	0.162962	-0.000012	0.000026	-0.000039	0.000032	0.000031	0.185633	-0.192135	0.175636	-20.000000	-4.000000	1.180000	21.482197
166.383453	-52.187744	64.113419	253.378510	238.367065	6.042093	277.677917	0.162962	-0.000012	0.000026	0.180090	0.000032	0.000031	0.185633	-0.192135	0.175636	-20.000000	-4.000000	1.180000	21.456927
135.164001	-50.460941	89.397583	242.864883	229.783707	5.652281	263.273895	0.325962	0.000004	0.000026	0.180090	0.000032	0.000031	0.185633	-0.192135	0.175636	-20.000000	0.000000	1.180000	20.896095
135.018860	-51.228409	89.216980	243.741028	230.141342	5.262468	262.953796	0.162962	-0.000012	0.000026	0.180090	0.000032	0.000031	0.185633	-0.192135	0.175636	-20.000000	0.000000	1.180000	20.898922
135.560394	-48.350414	89.578186	241.638290	229.783707	5.457375	262.473663	0.162962	-0.000012	0.000026	0.180090	0.000032	0.000031	0.185633	-0.192135	0.351265	-20.000000	0.000000	1.180000	20.871532
134.116333	-48.926014	89.939384	241.638290	230.677795	5.652281	262.633728	0.162962	-0.000012	0.000026	0.180090	0.000032	0.000022	0.185633	-0.192135	0.351265	-20.000000	0.000000	1.180000	20.870117
116.787712	-56.025085	120.099777	257.583984	243.552826	5.847187	278.798248	0.162962	0.000004	0.000026	0.180090	0.000032	0.000022	0.185633	-0.192135	0.175636	-20.000000	4.000000	1.180000	21.508810
116.576706	-57.560017	119.738571	257.934418	243.552826	6.042093	279.438416	0.162962	0.000004	0.000026	0.180090	0.000032	0.000031	0.185633	-0.192135	0.351265	-20.000000	4.000000	1.180000	21.526347
118.412262	-55.449482	120.822182	259.686707	245.877472	6.237000	280.078583	0.162962	-0.000012	0.000026	0.180090	0.000032	0.000031	0.185633	-0.192135	0.175636	-20.000000	4.000000	1.180000	21.543869
118.953773	-56.025085	120.460968	260.387604	246.056290	6.042093	280.398682	0.162962	-0.000012	0.000026	0.180090	0.000032	0.000022	0.185633	-0.192135	0.175636	-20.000000	4.000000	1.180000	21.564118
94.404900	-61.205486	151.163162	270.025116	251.957367	6.237000	291.761871	0.162962	-0.000012	0.000026	0.180090	0.170364	0.000022	0.185633	-0.192135	0.175636	-20.000000	8.000000	1.180000	21.998647
97.112495	-58.519352	151.885574	270.550781	253.924377	6.237000	292.402069	0.162962	-0.000012	0.000026	-0.000039	0.000032	0.000022	0.185633	-0.192135	0.175636	-20.000000	8.000000	1.180000	22.023295
96.209961	-59.670551	151.704987	270.550781	253.924377	6.431905	293.202271	0.162962	-0.000012	0.000026	0.180090	0.000032	0.000031	0.185633	-0.192135	0.175636	-20.000000	8.000000	1.180000	22.046575
95.823891	-58.519352	152.607986	270.375549	255.354950	6.431905	293.682404	0.162962	0.000004	0.000026	0.180090	0.000032	0.000022	0.185633	-0.192135	0.175636	-20.000000	8.000000	1.180000	22.065023
66.967903	-58.903088	186.560989	280.013062	260.361908	6.626812	306.005890	0.162962	-0.000012	0.000026	0.180090	0.000032	0.000031	0.185633	-0.192135	0.175636	-20.000000	12.000000	1.180000	22.526034
67.148415	-61.205486	186.380402	280.889191	258.037231	6.821718	306.646057	0.162962	-0.000012	0.000026	-0.000039	0.000032	0.000022	0.185633	-0.192082	0.175636	-20.000000	12.000000	1.180000	22.542778
68.772980	-59.094952	187.463989	281.064423	260.183075	6.821718	306.806091	0.162962	-0.000012	0.000026	0.180090	0.000032	0.000022	0.185633	-0.192135	0.175636	-20.000000	12.000000	1.180000	22.548794
67.870438	-59.862419	186.019196	280.013062	258.573700	6.821718	307.446289	0.162962	-0.000012	0.000026	-0.000039	0.000032	0.000031	0.185633	-0.192135	0.175636	-20.000000	12.000000	1.180000	22.572842
31.769136	-59.670551	219.249802	286.496460	261.434814	7.016624	318.809479	0.162962	-0.000012	0.000026	0.180090	0.000032	0.000022	0.185633	-0.192135	0.175636	-20.000000	16.000000	1.180000	22.988311
30.136732	-59.094952	219.430389	285.445099	260.004272	6.626812	318.809479	0.162962	-0.000012	0.000026	0.180090	0.000032	0.000022	0.185633	-0.192135	0.175636	-20.000000	16.000000	1.180000	23.002678
31.769136	-56.792549	220.333405	285.445099	261.434814	6.626812	319.449677	0.162962	-0.000012	0.000026	0.180090	0.000032	0.000031	0.185633	-0.192135	0.175636	-20.000000	16.000000	1.180000	23.026252
30.325087	-59.478687	222.139420	288.248718	263.401855	7.211531	319.609711	0.162962	-0.000012	0.000026	0.180090	0.000032	0.000022	0.185633	-0.192135	0.175636	-20.000000	16.000000	1.180000	23.010616
-12.435400	-62.164810	248.145966	287.022156	255.712585	7.016624	328.252106	0.162962	-0.000012	0.000026	0.180090	0.000032	0.000031	0.185633	-0.192135	0.175636	-20.000000	20.000000	1.180000	23.333815
-13.516741	-62.548542	246.881790	286.321228	254.639679	7.016624	328.732269	0.162962	-0.000012	0.000026	-0.000039	0.000032	0.000031	0.000021	-0.192135	0.175636	-20.000000	20.000000	1.180000	23.351247
-13.693384	-62.164810	247.423584	285.970795	254.282013	7.211531	329.052368	0.162962	-0.000012	0.000026	-0.000039	0.000032	0.000031	0.185633	-0.192135	0.175636	-20.000000	20.000000	1.180000	23.355791
-13.336515	-61.397354	247.965378	285.620300	254.818497	7.211531	329.532471	0.162962	-0.000012	0.000026	0.180090	0.000032	0.000031	0.185633	-0.192135	0.351265	-20.000000	20.000000	1.180000	23.373205
-63.421986	-75.403618	270.540527	279.837830	240.870529	7.211531	335.294098	0.162962	-0.000012	0.000026	0.180090	0.000032	0.000031	0.185633	-0.192135	0.175636	-20.000000	24.000000	1.180000	23.581183
-58.917583	-73.484947	266.025482	276.158051	238.903519	7.016624	334.013733	0.162962	-0.000012	0.000026	0.180090	0.000032	0.000031	0.185633	-0.192135	0.175636	-20.000000	24.000000	1.180000	23.542140
-62.340931	-76.171089	265.303101	274.230560	235.684753	6.821718	332.573334	0.162962	-0.000012	0.000026	0.180090	0.000032	0.000022	0.185633	-0.192082	0.175636	-20.000000	24.000000	1.180000	23.497263
-60.178822	-73.293083	266.747925	276.158051	237.830597	7.211531	331.613068	0.162962	-0.000012	0.000026	0.180090	0.000032	0.000031	0.185633	-0.192135	0.175636	-20.000000	24.000000	1.180000	23.448521
-102.547005	-101.689362	255.978943	237.608063	192.410309	6.431905	304.725525	0.162962	-0.000012	0.000026	-0.000039	0.000032	0.000031	0.000021	-0.192135	0.175636	-20.000000	28.000000	1.180000	22.485159
-100.358078	-101.113762	253.925217	237.432846	191.516220	6.431905	303.605225	0.162962	-0.000012	0.000026	-0.000039	0.000032	0.000031	0.185633	-0.192135	0.175636	-20.000000	28.000000	1.180000	22.442896
-99.663429	-99.578827	252.661011	235.680557	192.231491	6.431905	302.804962	0.162962	-0.000012	0.000026	0.180090	0.000032	0.000031	0.185633	-0.192135	0.175636	-20.000000	28.000000	1.180000	22.412657
-101.439148	-102.073090	251.757996	235.680557	190.264465	6.626812	302.004761	0.162962	-0.000012	0.000026	0.180090	0.000032	0.000022	0.185633	-0.192135	0.175636	-20.000000	28.000000	1.180000	22.375000
-136.753662	-124.713364	243.630966	205.716705	151.639359	6.042093	283.439545	0.162962	-0.000012	0.000026	-0.000039	0.000032	0.000031	0.185633	-0.192135	0.175636	-20.000000	32.000000	1.180000	21.683293
-135.888290	-124.137764	243.089142	204.139664	151.102905	5.847187	282.799377	0.162962	-0.000012	0.000026	0.180090	0.000032	0.000031	0.185633	-0.192135	0.175636	-20.000000	32.000000	1.180000	21.665883
-135.527863	-122.410965	241.283157	201.861710	149.672333	5.847187	282.159180	0.162962	-0.000012	0.000026	0.180090	0.000032	0.000022	0.185633	-0.192135	0.351265	-20.000000	32.000000	1.180000	21.640827
-135.852768	-123.945900	241.644333	203.613983	150.566437	5.847187	281.519012	0.162962	-0.000012	0.000026	0.180090	0.000032	0.000031	0.185633	-0.192135	0.351265	-20.000000	32.000000	1.180000	21.615743
-166.122360	-151.382843	229.363464	174.351044	107.649651	5.847187	266.794891	0.162962	-0.000012	0.000026	0.180090	0.000032	0.000031	0.185633	-0.192135	0.175636	-20.000000	36.000000	1.180000	21.030555
-166.526245	-151.958435	231.350082	174.526260	107.470825	5.847187	265.994659	0.162962	-0.159452	0.000026	-0.000039	0.000032	0.000022	0.185633	-0.192082	0.175636	-20.000000	36.000000	1.180000	20.998283
-165.084473	-149.272308	229.905273	172.949219	108.186104	5.262468	265.674561	0.162962	-0.000012	0.000026	0.180090	0.000032	0.000022	0.185633	-0.192082	0.175636	-20.000000	36.000000	1.180000	21.008960
-165.762009	-149.272308	229.002258	171.722641	106.576721	5.457375	265.034393	0.162962	-0.000012	0.000026	0.180090	0.000032	0.000031	0.185633	-0.192135	0.175636	-20.000000	36.000000	1.180000	20.975249
-208.338043	-191.866714	236.587494	157.003540	70.276276	5.847187	271.116089	0.162962	-0.000012	0.000026	0.180090	0.000032	0.000022	0.185633	-0.192082	0.175636	-20.000000	40.000000	1.180000	21.203969
-208.698471	-189.180573	235.503906	154.024673	68.488075	5.847187	271.596222	0.325962	-0.000012	0.000026	0.180090	0.000032	0.000022	0.185633	-0.192082	0.175636	-20.000000	40.000000	1.180000	21.223149
-208.698471	-189.372437	237.129318	155.251282	69.739807	5.847187	272.396454	0.162962	-0.000012	0.000026	0.180090	0.000032	0.000022	0.185633	-0.192082	0.175636	-20.000000	40.000000	1.180000	21.255079
-211.582047	-193.209778	237.309921	156.828323	69.918633	6.042093	273.036621	0.162962	-0.000012	0.000026	0.180090	0.000032	0.000022	0.185633	-0.192082	0.175636	-20.000000	40.000000	1.180000	21.272826
-267.561493	-245.397522	247.849747	138.604691	24.677179	6.042093	287.600739	0.162962	-0.000012	0.000026	0.180090	0.000032	0.000031	0.185633	-0.192135	0.175636	-20.000000	44.000000	1.180000	21.845321
-267.741699	-248.083664	247.423584	141.233093	24.498360	6.042093	288.080841	0.162962	-0.159452	0.000026	-0.000039	0.000032	0.000022	0.185633	-0.192135	0.175636	-20.000000	44.000000	1.180000	21.863938
-269.183075	-245.973129	249.656250	141.057877	27.359478	6.431905	288.881073	0.162962	-0.000012	0.000026	0.180090	0.000032	0.000031	0.185633	-0.192135	0.175636	-20.000000	44.000000	1.180000	21.879840
-268.893036	-249.426727	248.687790	140.707413	23.961901	6.042093	289.521240	0.162962	-0.000012	0.000026	0.180090	0.000032	0.000022	0.185633	-0.192135	0.175636	-20.000000	44.000000	1.180000	21.919698
281.770660	-264.008606	-326.450745	45.033363	-66.705551	6.237000	306.806091	0.162962	-0.000012	0.000026	-0.000039	0.000032	0.000022	0.185633	-0.192135	0.175636	-16.000000	-44.000000	1.180000	22.570758
279.785095	-259.403809	-324.380737	43.456318	-65.813766	6.431905	307.286224	0.162962	-0.000012	0.000026	0.180090	0.000032	0.000031	0.000021	-0.192135	0.175636	-16.000000	-44.000000	1.180000	22.581465
280.146088	-264.008606	-328.255310	42.930637	-68.489120	6.626812	307.766357	0.162962	-0.000012	0.000026	-0.000039	0.000032	0.000022	0.185633	-0.192135	0.175636	-16.000000	-44.000000	1.180000	22.592167
282.673187	-264.200439	-328.074860	44.332451	-68.489120	6.626812	308.086487	0.162962	-0.000012	0.000026	0.180090	0.000032	0.000022	0.185633	-0.192082	0.351265	-16.000000	-44.000000	1.180000	22.604173
297.835724	-226.978317	-303.994202	82.181526	-8.204425	6.821718	317.849213	0.162962	-0.000012	0.000026	-0.000039	0.000032	0.000031	0.185633	-0.192135	0.175636	-16.000000	-40.000000	1.180000	22.960079
298.557770	-227.170181	-304.355011	82.181526	-8.917854	6.431905	318.329346	0.162962	-0.000012	0.000026	0.180090	0.000032	0.000031	0.185633	-0.192135	0.175636	-16.000000	-40.000000	1.180000	22.992166
298.016235	-223.908447	-302.009674	83.758568	-6.064141	6.042093	318.649414	0.162962	-0.000012	0.000026	0.180090	0.000032	0.000031	0.185633	-0.192135	0.175636	-16.000000	-40.000000	1.180000	23.018317
299.640808	-227.362045	-305.697937	82.006302	-8.739498	6.626812	318.969513	0.162962	-0.000012	0.000026	0.180090	0.000032	0.000022	0.185633	-0.192082	0.175636	-16.000000	-40.000000	1.180000	23.008573
312.456787	-186.494446	-273.034790	122.834236	54.718937	7.016624	329.212402	0.162962	-0.000012	0.000026	0.180090	0.000032	0.000022	0.185633	-0.192082	0.175636	-16.000000	-36.000000	1.180000	23.368665
312.276276	-182.848969	-272.854370	123.710381	56.685959	7.211531	329.372437	0.162962	-0.000012	0.000026	0.180090	0.000032	0.000022	0.185633	-0.192135	0.175636	-16.000000	-36.000000	1.180000	23.367402
313.359283	-185.535110	-272.854370	121.782875	54.003658	7.211531	329.852570	0.162962	-0.159452	0.000026	0.180090	0.000032	0.000022	0.185633	-0.192082	0.175636	-16.000000	-36.000000	1.180000	23.384808
314.261841	-184.383911	-274.298035	122.308556	54.003658	7.211531	330.492737	0.162962	-0.000012	0.000026	0.180090	0.000032	0.000022	0.185633	-0.192082	0.175636	-16.000000	-36.000000	1.180000	23.407996
317.149933	-141.981369	-237.664810	155.776962	110.868401	7.211531	333.853699	0.162962	-0.000012	0.000026	-0.000039	0.000032	0.000022	0.185633	-0.192082	0.351265	-16.000000	-32.000000	1.180000	23.529361
314.983856	-143.324432	-237.602570	154.024673	108.007286	7.016624	332.253235	0.162962	-0.000012	0.000026	0.180090	0.000032	0.000022	0.185633	-0.192135	0.175636	-16.000000	-32.000000	1.180000	23.478681
311.734741	-141.789505	-235.318848	153.674240	109.795486	7.016624	330.972900	0.162962	-0.000012	0.000026	0.180090	0.000032	0.000022	0.185633	-0.192082	0.175636	-16.000000	-32.000000	1.180000	23.432422
311.915253	-137.952164	-230.807358	155.251282	112.120148	7.016624	329.692535	0.162962	-0.000012	0.000026	0.180090	0.000032	0.000022	0.185633	-0.192082	0.175636	-16.000000	-32.000000	1.180000	23.386071
283.756226	-84.805092	-175.901703	166.991501	145.201843	6.821718	302.965027	0.162962	-0.000012	0.000026	0.180090	0.000032	0.000031	0.185633	-0.192135	0.175636	-16.000000	-28.000000	1.180000	22.403969
283.575745	-81.735222	-173.060410	169.444687	148.420609	6.626812	302.004761	0.162962	-0.000012	0.000026	0.180090	0.000032	0.000022	0.185633	-0.192082	0.175636	-16.000000	-28.000000	1.180000	22.375000
282.492676	-86.915611	-175.406372	167.166718	144.307739	6.431905	301.524628	0.162962	-0.000012	0.000026	-0.000039	0.000032	0.000022	0.185633	-0.192082	0.351265	-16.000000	-28.000000	1.180000	22.364193
281.951172	-86.340012	-175.360458	166.816269	144.307739	6.626812	300.724396	0.162962	-0.000012	0.000026	0.180090	0.000032	0.000031	0.185633	-0.192135	0.351265	-16.000000	-28.000000	1.180000	22.326453
260.109894	-38.948944	-124.877785	180.483994	174.170670	6.237000	284.559845	0.162962	-0.000012	0.000026	0.180090	0.000032	0.000022	0.000021	-0.192082	0.175636	-16.000000	-24.000000	1.180000	21.719430
262.456451	-40.100140	-127.912109	179.783081	173.276581	6.042093	284.079712	0.162962	-0.000012	0.000026	0.180090	0.000032	0.000022	0.185633	-0.192135	0.175636	-16.000000	-24.000000	1.180000	21.708298
260.651398	-38.948944	-126.107979	179.082184	172.203644	6.237000	283.439545	0.162962	-0.000012	0.000026	0.180090	0.000032	0.000022	0.185633	-0.192135	0.175636	-16.000000	-24.000000	1.180000	21.675674
260.470886	-39.332676	-126.829628	179.783081	172.024826	6.042093	282.319214	0.162962	-0.000012	0.000026	-0.000039	0.000032	0.000022	0.185633	-0.192082	0.351265	-16.000000	-24.000000	1.180000	21.639462
234.658447	-12.663203	-79.020447	185.390350	187.582169	5.652281	264.394196	0.325962	-0.000012	0.000026	-0.000039	0.000032	0.000022	0.185633	-0.192135	0.175636	-16.000000	-20.000000	1.180000	20.941481
235.380478	-12.855070	-79.561684	186.616943	187.582169	5.652281	263.754028	0.162962	-0.000012	0.000026	0.180090	0.000032	0.000022	0.000021	-0.192082	0.175636	-16.000000	-20.000000	1.180000	20.915558
233.394913	-12.855070	-77.777931	184.689438	187.045715	5.652281	263.273895	0.162962	-0.000012	0.000026	-0.000039	0.000032	0.000022	0.185633	-0.192082	0.175636	-16.000000	-20.000000	1.180000	20.896095
232.131363	-11.512002	-77.396744	183.638077	187.045715	5.652281	262.473663	0.162962	-0.000012	0.000026	0.180090	0.000032	0.000022	0.000021	-0.192135	0.175636	-16.000000	-20.000000	1.180000	20.863616
233.394913	-0.959334	-40.773109	209.922165	218.339188	5.652281	276.557617	0.162962	-0.000012	0.000026	-0.000039	0.000032	0.000022	0.185633	-0.192135	0.175636	-16.000000	-16.000000	1.180000	21.428056
235.019485	1.154049	-39.690636	210.623077	220.663864	6.237000	277.357849	0.162962	-0.159452	0.000026	0.180090	0.000032	0.000022	0.185633	-0.192082	0.175636	-16.000000	-16.000000	1.180000	21.436578
232.672897	0.769351	-37.345284	212.725800	223.167358	6.042093	277.998016	0.162962	-0.000012	0.000026	-0.000039	0.000032	0.000022	0.185633	-0.192135	0.175636	-16.000000	-16.000000	1.180000	21.469566
234.297455	-0.191867	-38.247337	213.426712	222.452072	5.847187	278.638214	0.162962	-0.000012	0.000026	-0.000039	0.000032	0.000022	0.185633	-0.192135	0.175636	-16.000000	-16.000000	1.180000	21.502503
229.604263	0.769351	3.612041	239.360352	251.599731	6.237000	293.842468	0.162962	-0.000012	0.000026	0.180090	0.000032	0.000022	0.185633	-0.192082	0.175636	-16.000000	-12.000000	1.180000	22.078652
231.589844	1.923444	3.070237	238.308990	250.526794	6.237000	294.162537	0.325962	-0.000012	0.000026	-0.000039	0.000032	0.000022	0.185633	-0.192082	0.175636	-16.000000	-12.000000	1.180000	22.090934
231.228836	2.308141	2.889636	237.432846	250.705643	6.431905	294.642700	0.162962	-0.000012	0.000026	-0.000039	0.000032	0.000022	0.185633	-0.192135	0.175636	-16.000000	-12.000000	1.180000	22.101874
231.228836	0.577002	3.070237	239.009872	250.526794	6.431905	294.962799	0.162962	-0.159452	0.000026	-0.000039	0.000032	0.000022	0.185633	-0.192082	0.175636	-16.000000	-12.000000	1.180000	22.114145
220.759445	-4.604801	43.355659	258.460114	273.058105	6.626812	306.486023	0.162962	-0.000012	0.000026	-0.000039	0.000032	0.000022	0.185633	-0.192135	0.175636	-16.000000	-8.000000	1.180000	22.544089
218.232376	-5.756001	45.523441	257.408752	273.773407	6.626812	306.646057	0.162962	-0.000012	0.000026	0.180090	0.000032	0.000022	0.185633	-0.192135	0.351265	-16.000000	-8.000000	1.180000	22.550105
222.022980	-4.604801	43.163689	258.985779	273.773407	6.626812	307.286224	0.162962	-0.000012	0.000026	0.180090	0.000032	0.000022	0.185633	-0.192082	0.175636	-16.000000	-8.000000	1.180000	22.574150
221.481491	-6.715335	42.441284	259.336212	272.700470	6.626812	307.446289	0.162962	-0.000012	0.000026	0.180090	0.000032	0.000022	0.185633	-0.192082	0.175636	-16.000000	-8.000000	1.180000	22.580158
203.791855	-13.622538	84.340744	275.457153	291.476593	6.821718	317.689178	0.162962	-0.000012	0.000026	0.180090	0.000032	0.000022	0.185633	-0.000003	0.175636	-16.000000	-4.000000	1.180000	22.954172
203.791855	-12.471336	84.701958	274.580994	292.013031	6.626812	318.009247	0.162962	-0.000012	0.000026	0.180090	0.000032	0.000022	0.185633	-0.192082	0.175636	-16.000000	-4.000000	1.180000	22.973177
201.445251	-14.581870	87.410973	275.632385	292.728333	6.626812	318.489380	0.162962	-0.000012	0.000026	-0.000039	0.000032	0.000022	0.185633	-0.192082	0.175636	-16.000000	-4.000000	1.180000	22.990882
205.055389	-12.087603	85.063156	276.858948	293.622406	6.626812	319.129547	0.162962	-0.000012	0.000026	0.180090	0.000032	0.000022	0.185633	-0.192135	0.175636	-16.000000	-4.000000	1.180000	23.014467
182.492081	-18.419205	125.517807	290.701904	309.537384	7.211531	332.413300	0.162962	-0.000012	0.000026	0.180090	0.000032	0.000022	0.185633	-0.192082	0.175636	-16.000000	0.000000	1.180000	23.477425
182.853088	-15.733070	125.337212	291.578033	312.398529	7.016624	332.733368	0.162962	-0.000012	0.000026	0.180090	0.000032	0.000022	0.185633	-0.192082	0.175636	-16.000000	0.000000	1.180000	23.496005
181.950562	-17.651737	125.550720	290.526672	309.537384	7.211531	333.373566	0.162962	-0.159452	0.000026	0.180090	0.000032	0.000022	0.185633	-0.192135	0.175636	-16.000000	0.000000	1.180000	23.512061
183.575104	-18.035471	124.072998	290.000977	308.643311	7.211531	333.853699	0.162962	-0.000012	0.000026	0.180090	0.000032	0.000022	0.185633	-0.192082	0.175636	-16.000000	0.000000	1.180000	23.529361
150.542419	-20.337872	153.872192	289.475311	308.464478	7.016624	330.492737	0.162962	-0.000012	0.000026	-0.000039	0.000032	0.000022	0.185633	-0.192082	0.175636	-16.000000	4.000000	1.180000	23.415050
150.181412	-21.872805	153.149780	289.300079	306.497437	6.821718	329.052368	0.162962	-0.000012	0.000026	0.180090	0.000032	0.000022	0.185633	-0.192082	0.175636	-16.000000	4.000000	1.180000	23.369930
147.293304	-19.570406	153.912537	286.496460	305.245728	7.211531	327.932037	0.162962	-0.000012	0.000026	0.180090	0.000032	0.000022	0.185633	-0.192082	0.175638	-16.000000	4.000000	1.180000	23.315105
149.278885	-18.611071	153.189941	285.970795	305.424530	7.016624	326.811737	0.162962	-0.000012	0.000026	-0.000039	0.000032	0.000022	0.185633	-0.192082	0.175636	-16.000000	4.000000	1.180000	23.281443
109.025925	-19.954140	169.628967	265.994873	281.105011	6.431905	304.725525	0.325962	-0.000012	0.000026	0.180090	0.000032	-0.169410	0.185633	-0.192082	0.175638	-16.000000	8.000000	1.180000	22.485159
109.747948	-17.076138	171.074158	267.396698	281.999115	6.626812	304.085358	0.162962	-0.000012	0.000026	0.180090	-0.000013	0.000022	0.185633	-0.192135	0.175636	-16.000000	8.000000	1.180000	22.453664
109.386940	-17.076138	171.390503	266.695770	282.177917	6.431905	303.605225	0.162962	-0.000012	0.000026	0.180090	0.000032	0.000022	0.185633	-0.192082	0.175636	-16.000000	8.000000	1.180000	22.442896
109.567444	-16.884272	169.267670	264.067383	280.926208	6.431905	302.804962	0.162962	-0.000012	0.000026	0.180090	-0.000013	0.000022	0.185633	-0.192135	0.175636	-16.000000	8.000000	1.180000	22.412657
75.451714	-11.128269	182.407166	245.142838	258.037231	5.847187	284.079712	0.162962	-0.000012	0.000026	-0.000039	0.000032	0.000022	0.185633	-0.192082	0.175636	-16.000000	12.000000	1.180000	21.715905
73.285637	-12.663203	183.129578	246.719864	257.858429	6.042093	283.439545	0.325962	-0.000012	0.000026	0.180090	0.000032	0.000022	0.185633	-0.192082	0.175636	-16.000000	12.000000	1.180000	21.683293
72.744118	-13.238804	183.490768	245.843750	257.321960	5.847187	282.639313	0.162962	-0.000012	0.000026	-0.000039	0.000032	0.000022	0.185633	-0.192082	0.351265	-16.000000	12.000000	1.180000	21.659621
72.383102	-12.087603	184.080841	245.668503	256.785492	5.652281	282.159180	0.162962	-0.000012	0.000026	0.180090	0.000032	0.000022	0.185633	-0.192135	0.351265	-16.000000	12.000000	1.180000	21.648459
38.989399	-6.715335	196.545593	228.145798	236.757660	5.847187	269.195557	0.162962	-0.000012	0.000026	0.180090	0.000032	0.000022	0.185633	-0.192082	0.175636	-16.000000	16.000000	1.180000	21.127071
39.711422	-5.756001	195.229843	225.867828	236.042389	5.652281	268.715393	0.162962	-0.000012	0.000026	-0.000039	0.000032	0.000022	0.185633	-0.192082	0.175636	-16.000000	16.000000	1.180000	21.115626
38.628384	-4.604801	197.087524	227.094437	236.221207	5.652281	268.075226	0.325962	-0.000012	0.000026	0.180090	0.000032	0.000022	0.185633	-0.192082	0.175638	-16.000000	16.000000	1.180000	21.089918
40.072437	-5.564135	195.229843	226.743988	235.327118	5.457375	267.595093	0.162962	-0.000012	0.000026	0.180090	0.000032	0.000022	0.185633	-0.192082	0.175636	-16.000000	16.000000	1.180000	21.078454
3.068601	-5.564135	218.708008	224.466034	229.962524	5.847187	275.277252	0.162962	-0.000012	0.000026	-0.000039	0.000032	0.000022	0.185633	-0.192082	0.351265	-16.000000	20.000000	1.180000	21.369631
3.249109	-7.866536	219.487961	225.166931	230.141342	5.847187	276.237549	0.162962	-0.000012	0.000026	0.180090	0.000032	0.000022	0.185633	-0.192082	0.175636	-16.000000	20.000000	1.180000	21.407679
1.985563	-6.331602	221.113785	226.043076	231.393066	5.847187	276.877716	0.162962	-0.000012	0.000026	0.180090	-0.000013	0.000022	0.185633	-0.192082	0.175636	-16.000000	20.000000	1.180000	21.433006
4.693160	-5.180401	221.475067	227.094437	233.181259	6.237000	277.837952	0.162962	-0.000012	0.000026	0.180090	0.000032	0.000022	0.185633	-0.192082	0.175636	-16.000000	20.000000	1.180000	21.455549
-39.999092	-24.942673	249.771393	228.496246	229.426071	6.431905	292.882202	0.325962	-0.000012	0.000026	0.180090	0.000032	0.000022	0.185633	-0.192082	0.351265	-16.000000	24.000000	1.180000	22.034268
-42.172234	-28.396273	248.572342	227.970551	226.564911	6.626812	293.682404	0.162962	-0.000012	0.000026	0.180090	0.000032	0.000022	0.185633	-0.192082	0.175636	-16.000000	24.000000	1.180000	22.057537
-41.981030	-27.436941	249.294937	228.496246	227.995483	6.626812	294.322601	0.162962	-0.000012	0.167543	0.180090	0.000032	0.000022	0.185633	-0.000003	0.175636	-16.000000	24.000000	1.180000	22.082119
-40.539619	-23.791471	251.101440	228.671494	230.141342	6.237000	294.802734	0.162962	-0.000012	0.000026	0.180090	-0.000013	0.000022	0.185633	-0.192082	0.175636	-16.000000	24.000000	1.180000	22.115480
-92.610512	-57.751884	274.405090	224.816483	214.583984	6.821718	309.686920	0.162962	-0.000012	0.000026	0.180090	0.000032	0.000022	0.185633	-0.192082	0.175636	-16.000000	28.000000	1.180000	22.656806
-91.012718	-56.025085	273.321198	224.115570	215.120453	6.821718	310.487152	0.325962	-0.000012	0.000026	0.180090	0.000032	0.000022	0.185633	-0.192082	0.175638	-16.000000	28.000000	1.180000	22.686718
-92.995171	-55.449482	276.211578	224.641266	216.193375	6.821718	310.967285	0.162962	-0.000012	0.000026	0.180090	0.000032	0.000022	0.185633	-0.192082	0.175638	-16.000000	28.000000	1.180000	22.704646
-91.889809	-53.722679	276.139160	225.166931	216.551010	6.626812	311.447418	0.162962	-0.000012	0.000026	-0.000039	0.000032	0.000022	0.185633	-0.192082	0.175636	-16.000000	28.000000	1.180000	22.729829
-146.161011	-89.409882	294.818359	213.426712	190.800934	7.211531	324.571106	0.162962	-0.000012	0.000026	-0.000039	0.000032	0.000022	0.185633	-0.192082	0.175636	-16.000000	32.000000	1.180000	23.192620
-146.663345	-87.491219	296.444183	213.601929	191.516220	7.211531	325.051239	0.162962	-0.000012	0.000026	0.180090	0.000032	0.000022	0.185633	-0.192082	0.175636	-16.000000	32.000000	1.180000	23.210157
-149.185806	-91.712288	296.727692	213.251480	189.012741	7.211531	325.371307	0.162962	-0.000012	0.000026	-0.000039	0.000032	0.000022	0.000021	-0.192082	0.175636	-16.000000	32.000000	1.180000	23.221841
-146.122818	-86.915611	298.973297	213.952393	192.410309	7.211531	326.171539	0.162962	-0.000012	0.000026	0.180090	-0.000013	0.000022	0.185633	-0.192082	0.175636	-16.000000	32.000000	1.180000	23.251026
-202.517944	-139.870834	309.450897	196.254440	153.248734	7.406436	337.054596	0.162962	-0.000012	0.000026	-0.000039	0.000032	0.000022	0.185633	-0.192082	0.175636	-16.000000	36.000000	1.180000	23.637379
-203.779175	-145.243103	310.354126	197.130585	152.175827	7.796249	337.694763	0.325962	-0.000012	0.000026	-0.000039	-0.000013	0.000022	0.185633	-0.192082	0.175636	-16.000000	36.000000	1.180000	23.646353
-204.139511	-141.213898	312.160614	197.305801	154.858124	7.211531	338.014862	0.162962	-0.159452	-0.167113	-0.000039	-0.000013	0.000022	0.185633	-0.192082	0.175636	-16.000000	36.000000	1.180000	23.678759
-204.319687	-139.295227	311.979980	197.130585	155.394577	7.406436	338.494995	0.162962	-0.000012	0.000026	-0.000039	0.000032	0.000022	0.000021	-0.000003	0.175636	-16.000000	36.000000	1.180000	23.688965
-238.255096	-179.779099	295.540955	160.858536	94.416969	6.626812	318.649414	0.162962	-0.000012	0.000026	0.180090	0.000032	0.000022	0.185633	-0.192082	0.175638	-16.000000	40.000000	1.180000	22.996780
-235.670334	-177.284851	291.566681	157.003540	90.482933	6.626812	317.849213	0.162962	-0.000012	0.000026	-0.000039	0.000032	0.000022	0.000021	-0.192082	0.175636	-16.000000	40.000000	1.180000	22.967273
-237.111755	-179.970963	290.121490	158.580597	93.522873	6.626812	317.209045	0.325962	-0.000012	0.000026	0.180090	-0.000013	0.000022	0.185633	-0.192082	0.175636	-16.000000	40.000000	1.180000	22.943639
-237.111755	-179.203506	291.670868	157.354004	90.840569	6.237000	316.248749	0.162962	-0.000012	0.000026	-0.000039	0.000032	0.000022	0.185633	-0.192082	0.175636	-16.000000	40.000000	1.180000	22.922558
-267.561493	-212.204590	269.708221	120.381065	32.902897	6.042093	296.243134	0.162962	-0.159452	0.000026	0.180090	0.000032	0.000022	0.185633	-0.192082	0.175638	-16.000000	44.000000	1.180000	22.178056
-266.660645	-211.820862	270.721130	118.628784	31.114700	6.042093	295.282867	0.162962	-0.159452	0.000000	0.180090	0.000032	0.000022	0.185633	-0.192082	0.175636	-16.000000	44.000000	1.180000	22.141333
-268.532593	-212.396454	271.695343	118.804008	32.902897	6.237000	294.482666	0.162962	-0.000012	0.000026	0.180090	0.000032	0.000022	0.185633	-0.192082	0.175638	-16.000000	44.000000	1.180000	22.103212
-266.660645	-212.972061	270.250153	119.504929	31.651159	6.431905	293.682404	0.162962	-0.000012	0.000026	-0.000039	-0.000013	0.000022	0.185633	-0.192082	0.175636	-16.000000	44.000000	1.180000	22.065023
260.290375	-192.250443	-287.396301	7.009056	-59.749626	5.652281	273.836853	0.162962	-0.000012	0.000026	0.180090	0.000032	0.000022	0.185633	-0.192082	0.175638	-12.000000	-44.000000	1.180000	21.320181
261.553925	-194.744705	-290.102478	8.936556	-58.857834	5.652281	273.196655	0.162962	-0.000012	0.000026	0.180090	0.000032	0.000022	0.185633	-0.192082	0.175636	-12.000000	-44.000000	1.180000	21.294719
261.553925	-196.471512	-292.087006	8.235646	-60.641407	5.847187	272.716522	0.162962	-0.000012	0.000026	-0.000039	0.000032	0.000022	0.185633	-0.192082	0.175638	-12.000000	-44.000000	1.180000	21.267837
259.568359	-190.331772	-285.411743	9.987919	-57.252621	5.847187	272.236420	0.162962	-0.000012	0.000026	0.180090	0.170360	0.000022	0.185633	-0.192082	0.175636	-12.000000	-44.000000	1.180000	21.248698
259.207336	-151.190979	-252.576782	43.281090	-3.388787	5.847187	268.235291	0.325962	-0.000012	0.000026	0.180090	0.000032	0.000022	0.185633	-0.192082	0.175636	-12.000000	-40.000000	1.180000	21.088518
260.831909	-151.382843	-253.478836	41.528812	-3.567143	5.652281	268.875458	0.162962	-0.000012	0.000026	-0.000039	-0.000013	0.000022	0.185633	-0.192082	0.175638	-12.000000	-40.000000	1.180000	21.122049
259.929382	-149.464172	-253.118027	41.879272	-4.102212	5.652281	269.515656	0.162962	-0.000012	0.000000	0.180090	0.000032	0.000022	0.185633	-0.192082	0.175636	-12.000000	-40.000000	1.180000	21.147720
261.914948	-151.190979	-255.824188	41.528812	-4.280572	6.042093	270.315857	0.162962	-0.000012	0.000026	-0.000039	-0.000013	0.000022	0.185633	-0.192082	0.175636	-12.000000	-40.000000	1.180000	21.164160
279.785095	-116.846825	-232.911880	77.800850	52.215454	6.237000	286.320343	0.162962	-0.000012	0.000026	-0.000039	0.000032	0.000022	0.185633	-0.192082	0.175636	-12.000000	-36.000000	1.180000	21.788013
278.160522	-118.573624	-231.468582	78.676987	51.857819	6.042093	286.960541	0.162962	-0.000012	0.000026	0.180090	0.000032	0.000022	0.000021	-0.192082	0.175638	-12.000000	-36.000000	1.180000	21.820472
281.770660	-119.341095	-236.880920	77.450394	49.711975	6.237000	287.600739	0.162962	-0.000012	0.000026	0.180090	-0.000013	0.000022	0.185633	-0.192082	0.175638	-12.000000	-36.000000	1.180000	21.837758
281.770660	-117.614296	-234.535583	79.202667	52.573097	6.431905	288.400940	0.162962	-0.159415	0.000026	0.180090	-0.000013	0.000022	0.185633	-0.192082	0.175638	-12.000000	-36.000000	1.180000	21.861235
295.128143	-78.857224	-210.179977	114.773788	109.259033	6.431905	304.085358	0.162962	-0.000012	0.000026	-0.000039	0.000032	0.000022	0.185633	-0.192082	0.175638	-12.000000	-32.000000	1.180000	22.461019
296.391693	-78.473488	-209.999557	114.598557	109.616669	6.431905	304.725525	0.162962	-0.000012	0.000026	-0.000039	-0.000013	0.000022	0.185633	-0.192082	0.175636	-12.000000	-32.000000	1.180000	22.485159
298.557770	-81.927094	-213.246979	114.773788	107.470825	6.431905	305.365692	0.162962	-0.000012	0.000026	0.180090	-0.000013	0.000022	0.185633	-0.192082	0.175636	-12.000000	-32.000000	1.180000	22.509274
296.933197	-80.392159	-212.525314	113.897659	107.470825	6.237000	306.165924	0.325962	-0.000012	0.000026	0.180090	0.000032	0.000022	0.185633	-0.192082	0.175636	-12.000000	-32.000000	1.180000	22.546710
306.861084	-38.948944	-185.102692	147.190811	160.580368	6.431905	318.329346	0.162962	-0.000012	0.000000	0.180090	-0.000013	0.000022	0.185633	-0.192082	0.175636	-12.000000	-28.000000	1.180000	22.992166
306.861084	-38.757076	-184.561462	147.015594	161.653275	6.431905	317.849213	0.162962	-0.000012	0.000000	-0.000039	0.000032	0.000022	0.185633	-0.192082	0.175636	-12.000000	-28.000000	1.180000	22.974463
307.763580	-40.675743	-185.824356	149.643997	161.653275	6.626812	317.689178	0.162962	-0.000012	0.000000	-0.000039	0.000032	0.000022	0.185633	-0.192082	0.175636	-12.000000	-28.000000	1.180000	22.961367
308.846649	-40.483875	-185.824356	149.643997	161.832092	6.626812	318.009247	0.162962	-0.159452	0.000026	-0.000039	0.000032	0.000022	0.185633	-0.192082	0.175638	-12.000000	-28.000000	1.180000	22.973177
312.095734	-1.534934	-151.365662	182.236267	211.186417	7.016624	332.093201	0.162962	-0.000012	0.000026	0.180090	0.000032	0.000022	0.185633	-0.192082	0.175636	-12.000000	-24.000000	1.180000	23.472904
313.720306	-0.383734	-149.922363	184.514221	212.974609	7.016624	332.413300	0.162962	-0.000012	0.000026	-0.000039	0.000032	0.000022	0.185633	-0.192082	0.175638	-12.000000	-24.000000	1.180000	23.484458
314.261841	0.384653	-148.659485	184.689438	214.226349	6.821718	333.213531	0.162962	-0.000012	0.000026	0.180090	-0.000013	0.000022	0.185633	-0.192082	0.175638	-12.000000	-24.000000	1.180000	23.520342
315.164368	-0.000044	-149.381134	185.215118	213.511078	7.016624	333.533600	0.162962	-0.000012	0.000026	0.180090	0.000032	0.000022	0.185633	-0.192082	0.175638	-12.000000	-24.000000	1.180000	23.524850
300.182343	32.891602	-100.489471	206.943314	247.486877	6.626812	327.291870	0.325962	-0.000012	0.000026	0.180090	0.000032	0.000022	0.185633	-0.192082	0.175638	-12.000000	-20.000000	1.180000	23.313089
299.460297	34.045692	-102.113182	203.613983	244.089279	6.626812	326.331604	0.162962	-0.000012	0.000026	0.180090	0.000032	0.000022	0.185633	-0.192082	0.351312	-12.000000	-20.000000	1.180000	23.278156
299.640808	31.352810	-101.571945	204.665344	243.910461	6.626812	325.371307	0.162962	-0.000012	0.000000	0.180090	0.000032	0.000022	0.185633	-0.192082	0.175636	-12.000000	-20.000000	1.180000	23.243169
297.294220	32.699253	-101.932770	201.336029	242.479889	6.821718	324.411041	0.162962	-0.000012	0.000026	0.180090	-0.000013	0.000022	0.185633	-0.192082	0.175638	-12.000000	-20.000000	1.180000	23.201013
262.456451	43.086086	-43.479286	212.901031	252.851456	6.431905	302.324860	0.162962	-0.000012	0.000026	0.180090	0.000032	0.000022	0.185633	-0.192082	0.175638	-12.000000	-16.000000	1.180000	22.394496
263.178497	45.971317	-44.922585	210.272614	252.493820	6.237000	301.364594	0.162962	-0.000012	0.000026	0.180090	-0.000013	0.000022	0.000021	-0.192082	0.175638	-12.000000	-16.000000	1.180000	22.365515
263.178497	43.855480	-45.644234	210.623077	251.778549	6.431905	300.724396	0.162962	-0.000012	0.000026	0.180090	0.000032	0.000022	0.185633	-0.192082	0.175638	-12.000000	-16.000000	1.180000	22.333849
263.178497	45.009575	-46.365879	209.046036	250.526794	6.042093	300.084229	0.325962	-0.000012	0.000000	0.180090	0.000032	0.000022	0.185633	-0.192082	0.175638	-12.000000	-16.000000	1.180000	22.324348
233.214401	42.316692	0.903263	212.725800	254.997314	5.847187	284.719910	0.162962	-0.000012	0.000026	0.180090	-0.000013	0.000022	0.185633	-0.192082	0.175638	-12.000000	-12.000000	1.180000	21.740874
232.672897	44.240177	0.180669	212.550568	255.891403	6.042093	284.079712	0.162962	-0.000012	0.000026	0.180090	-0.000013	0.000022	0.185633	-0.192082	0.175638	-12.000000	-12.000000	1.180000	21.708298
233.033905	42.893738	0.361318	213.076248	254.818497	5.847187	283.599609	0.162962	-0.000012	0.000026	0.180090	0.000032	0.000022	0.185633	-0.192082	0.175638	-12.000000	-12.000000	1.180000	21.697161
232.131363	43.470783	1.986630	210.973526	253.566742	6.042093	283.119476	0.162962	-0.000012	0.000000	0.180090	-0.000013	0.000022	0.185633	-0.192082	0.175638	-12.000000	-12.000000	1.180000	21.670780
202.708801	38.662064	39.742691	209.746933	249.275055	5.652281	269.355591	0.162962	-0.000012	0.000026	0.180090	0.000032	0.000022	0.185633	-0.192082	0.175638	-12.000000	-8.000000	1.180000	21.141305
201.986786	39.623806	40.103989	210.272614	250.169159	5.652281	268.715393	0.162962	-0.159415	0.000026	0.180090	-0.000013	0.000022	0.185633	-0.192082	0.175638	-12.000000	-8.000000	1.180000	21.115626
202.167282	38.854412	38.658798	209.746933	249.632690	5.457375	268.235291	0.162962	-0.000012	0.000026	0.180090	0.000032	0.000022	0.185633	-0.192082	0.175638	-12.000000	-8.000000	1.180000	21.104178
201.445251	38.277367	39.923340	210.326126	250.169159	5.262468	268.075226	0.162962	-0.000012	0.000000	0.180090	-0.000013	0.000022	0.185633	-0.192082	0.175638	-12.000000	-8.000000	1.180000	21.105576
184.477646	30.968113	77.136932	219.910110	261.256012	5.847187	274.316986	0.325962	-0.000012	0.000000	0.180090	-0.000013	0.000022	0.185633	-0.192082	0.175636	-12.000000	-4.000000	1.180000	21.331515
183.214111	31.929855	79.485359	221.136703	262.507721	6.042093	275.117218	0.325962	-0.000012	0.000026	0.180090	-0.000013	0.000022	0.185633	-0.192082	0.175638	-12.000000	-4.000000	1.180000	21.355551
184.838654	30.968113	78.762764	221.487152	262.686554	5.847187	276.077484	0.162962	-0.000012	0.000026	0.180090	-0.000013	0.000022	0.185633	-0.192082	0.175638	-12.000000	-4.000000	1.180000	21.401342
184.116638	32.891602	78.401466	219.734894	263.401855	5.847187	276.237549	0.325962	-0.000012	0.000026	0.180090	-0.000013	0.000022	0.185633	-0.192082	0.175638	-12.000000	-4.000000	1.180000	21.407679
167.871048	31.160461	117.602196	238.133728	285.039062	6.237000	293.682404	0.162962	-0.000012	0.000000	0.180090	-0.000013	0.000022	0.185633	-0.192082	0.175638	-12.000000	0.000000	1.180000	22.072508
168.412567	29.429321	118.866730	239.009872	283.787323	6.042093	294.482666	0.162962	-0.159415	0.000026	0.180090	-0.000013	0.000022	0.185633	-0.192082	0.175638	-12.000000	0.000000	1.180000	22.110684
166.968506	33.083950	120.131264	239.535568	288.257812	6.237000	294.962799	0.162962	-0.159452	0.000026	0.180090	0.000032	0.000022	0.185633	-0.192082	0.175638	-12.000000	0.000000	1.180000	22.121613
169.315109	30.391068	119.589325	240.937378	286.827240	6.626812	295.602966	0.162962	-0.000012	0.000026	0.180090	-0.000013	0.000022	0.185633	-0.192082	0.175638	-12.000000	0.000000	1.180000	22.131202
150.181412	32.314552	155.538376	253.553741	303.278687	6.237000	311.447418	0.162962	-0.159415	0.000026	0.180090	-0.000013	0.000022	0.185633	-0.192082	0.175638	-12.000000	4.000000	1.180000	22.744357
148.917862	29.044622	155.899673	255.306015	304.172791	6.626812	311.927521	0.162962	-0.000012	0.000026	0.180090	-0.000013	0.000022	0.185633	-0.192082	0.175638	-12.000000	4.000000	1.180000	22.747722
148.917862	30.968113	156.260971	254.144058	303.815155	6.626812	312.727783	0.162962	-0.000012	0.000026	0.180090	-0.000013	0.000022	0.185633	-0.192082	0.175638	-12.000000	4.000000	1.180000	22.777516
149.639893	29.044622	156.260971	255.130768	303.099854	6.821718	313.207916	0.162962	-0.000012	0.000026	-0.000039	-0.000013	0.000022	0.000021	-0.192082	0.175638	-12.000000	4.000000	1.180000	22.788125
125.090996	30.968113	193.655212	264.242584	313.829071	7.016624	325.211273	0.162962	-0.000012	0.000026	0.180090	-0.000013	0.000022	0.185633	-0.192082	0.175638	-12.000000	8.000000	1.180000	23.223112
125.452026	31.737507	192.571320	262.840790	312.756165	7.016624	325.531342	0.162962	-0.000012	0.000026	0.180090	-0.000013	0.000022	0.185633	-0.192082	0.175638	-12.000000	8.000000	1.180000	23.234789
125.452026	30.583416	192.390671	263.892151	313.829071	7.016624	326.171539	0.162962	-0.000012	0.000026	-0.000039	-0.000013	0.000022	0.185633	-0.192082	0.175638	-12.000000	8.000000	1.180000	23.258128
124.188477	31.737507	194.558441	265.361450	315.974915	6.821718	326.651672	0.325962	-0.159415	0.000000	0.180090	-0.000013	0.000022	0.185633	-0.192082	0.175636	-12.000000	8.000000	1.180000	23.282712
91.697296	37.700321	231.230103	271.426910	319.908966	7.211531	338.655060	0.162962	-0.000012	0.000026	0.180090	0.000032	0.000022	0.185633	-0.192082	0.175638	-12.000000	12.000000	1.180000	23.701661
89.711723	38.085018	232.494629	271.251709	320.445435	7.211531	338.494995	0.162962	-0.000012	0.000026	0.180090	0.000032	0.000022	0.185633	-0.192082	0.175638	-12.000000	12.000000	1.180000	23.695937
89.350716	36.353878	232.313980	271.426910	321.339508	7.016624	338.174927	0.162962	-0.000012	0.000000	0.180090	-0.000013	0.000022	0.000021	-0.192082	0.175638	-12.000000	12.000000	1.180000	23.691459
92.058311	37.112965	229.062317	270.375549	319.014832	7.211531	337.694763	0.162962	-0.000012	0.000000	0.180090	-0.000013	0.000022	0.000021	-0.192082	0.175638	-12.000000	12.000000	1.180000	23.667300
44.043579	39.046761	238.275391	244.792389	287.363739	6.821718	312.887817	0.162962	-0.159415	0.000026	0.180090	0.000032	0.000022	0.000021	-0.192082	0.175638	-12.000000	16.000000	1.180000	22.776218
43.682568	40.200855	238.636673	244.792389	288.794281	6.626812	311.927521	0.325962	-0.000012	0.000026	0.180090	-0.000013	0.000022	0.185633	-0.192082	0.175638	-12.000000	16.000000	1.180000	22.747722
44.946110	38.662064	236.830200	244.617142	285.754333	6.626812	310.967285	0.162962	-0.000012	0.000026	0.180090	0.000032	0.000022	0.185633	-0.192082	0.175638	-12.000000	16.000000	1.180000	22.711920
43.682568	38.843624	236.830200	243.215332	285.754333	6.626812	310.006989	0.162962	-0.159452	0.000000	0.180090	-0.000013	0.000022	0.000021	-0.192082	0.175638	-12.000000	16.000000	1.180000	22.676060
-0.000010	30.968113	242.069016	221.311920	256.606689	6.237000	292.242035	0.162962	-0.000012	0.000026	0.180090	-0.000013	0.000022	0.185633	-0.192082	0.175638	-12.000000	20.000000	1.180000	22.017136
0.180498	33.660995	242.430298	220.435806	257.321960	6.431905	291.601837	0.162962	-0.000012	0.000026	0.180090	0.000032	0.000022	0.185633	-0.192082	0.175638	-12.000000	20.000000	1.180000	21.984969
-1.801761	32.122204	241.346420	218.333084	254.460831	6.431905	291.121704	0.325962	-0.000012	0.000000	0.180090	-0.000013	0.000022	0.185633	-0.192082	0.175638	-12.000000	20.000000	1.180000	21.966453
-1.981937	32.497883	242.069016	219.209198	254.282013	6.042093	290.481537	0.162962	-0.000012	0.000000	-0.000039	-0.000013	0.000022	0.000021	-0.192082	0.175638	-12.000000	20.000000	1.180000	21.956793
-40.719803	17.503695	244.598083	197.881821	226.743729	6.042093	276.877716	0.162962	-0.000012	0.000000	0.180090	-0.000013	0.000022	0.185633	-0.192082	0.175638	-12.000000	24.000000	1.180000	21.425299
-42.161209	16.157255	245.320679	198.407654	226.922546	6.042093	276.237549	0.162962	-0.000012	0.000000	0.180090	-0.000013	0.000022	0.185633	-0.192082	0.175638	-12.000000	24.000000	1.180000	21.399963
-42.341385	18.844931	243.875488	195.378311	225.492004	6.237000	275.597351	0.162962	-0.000012	0.000000	0.180090	-0.000013	0.000022	0.185633	-0.192082	0.175638	-12.000000	24.000000	1.180000	21.366866
-41.260330	15.964905	242.972244	197.305801	224.419083	5.847187	275.277252	0.325962	-0.000012	0.000026	-0.000039	-0.000013	-0.169410	0.185633	-0.192082	0.175638	-12.000000	24.000000	1.180000	21.369631
-79.818016	-2.111121	246.765869	177.505127	196.701996	5.847187	267.114960	0.162962	-0.000012	0.000000	0.180090	-0.000013	-0.169410	0.185633	-0.192082	0.175638	-12.000000	28.000000	1.180000	21.043448
-79.097305	-2.110534	245.140030	176.628998	195.092621	5.847187	267.755157	0.162962	-0.000012	0.000026	0.180090	-0.000013	0.000022	0.185633	-0.192082	0.175638	-12.000000	28.000000	1.180000	21.069214
-80.358543	-2.110534	247.669098	177.725571	197.238449	6.042093	268.555359	0.162962	-0.159415	0.000000	0.180090	-0.169996	0.000022	0.185633	-0.192082	0.175638	-12.000000	28.000000	1.180000	21.093548
-81.259422	-3.453601	247.127151	176.804230	194.556152	5.847187	269.195557	0.162962	-0.159415	0.000000	0.180090	-0.000013	0.000022	0.185633	-0.192082	0.175638	-12.000000	28.000000	1.180000	21.127071
-128.825912	-36.272907	271.334076	169.269455	177.568253	6.042093	287.600739	0.325962	-0.000012	0.000026	-0.000039	-0.000013	0.000022	0.185633	-0.192082	0.351312	-12.000000	32.000000	1.180000	21.845321
-129.366440	-37.605877	272.959900	171.372177	179.714096	6.237000	288.400940	0.162962	-0.159415	0.000026	0.180090	-0.000013	0.000022	0.185633	-0.192082	0.175638	-12.000000	32.000000	1.180000	21.868790
-129.006088	-36.454674	271.876007	169.619904	179.177643	6.237000	288.881073	0.162962	-0.000012	0.000026	-0.000039	-0.000013	0.000022	0.185633	-0.192082	0.175638	-12.000000	32.000000	1.180000	21.887388
-130.988022	-37.222141	274.947052	171.547409	180.071732	6.431905	289.681305	0.162962	-0.000012	0.000000	0.180090	-0.000013	0.000022	0.185633	-0.192082	0.175638	-12.000000	32.000000	1.180000	21.910813
-182.518387	-84.613228	291.024750	154.550369	145.738297	6.431905	305.525726	0.162962	-0.159415	0.000026	0.180090	-0.000013	0.000022	0.000021	-0.192082	0.175638	-12.000000	36.000000	1.180000	22.515298
-181.257156	-83.078293	293.011871	157.704453	148.957062	6.431905	306.486023	0.162962	-0.159452	0.000026	0.180090	-0.000013	0.000022	0.185633	-0.192082	0.175638	-12.000000	36.000000	1.180000	22.551414
-183.058914	-83.270157	295.721588	157.529236	149.851166	6.626812	307.126190	0.162962	-0.000012	0.000026	0.180090	-0.000013	0.000022	0.185633	-0.192082	0.175638	-12.000000	36.000000	1.180000	22.568141
-182.698563	-82.310822	292.831238	154.900818	146.811218	6.431905	307.766357	0.162962	-0.000012	0.000000	0.180090	0.000032	0.000022	0.000021	-0.192082	0.175638	-12.000000	36.000000	1.180000	22.599477
-236.751389	-134.882294	307.102448	132.822189	99.781570	7.016624	320.249878	0.162962	-0.000012	0.000000	0.180090	-0.000013	0.000022	0.185633	-0.192082	0.175638	-12.000000	40.000000	1.180000	23.041350
-239.273865	-136.609100	306.199219	133.698334	98.529831	6.626812	320.890045	0.162962	-0.000012	0.000026	0.180090	-0.000013	0.000022	0.185633	-0.192082	0.175638	-12.000000	40.000000	1.180000	23.079202
-233.868561	-131.236816	306.379852	131.804367	100.675667	7.016624	321.370178	0.162962	-0.000012	0.000000	0.180090	-0.000013	0.000022	0.185633	-0.192082	0.351312	-12.000000	40.000000	1.180000	23.082518
-237.291916	-132.579895	308.728302	130.544235	98.529831	6.821718	322.010376	0.162962	-0.000012	0.000026	-0.000039	-0.000013	0.000022	0.185633	-0.192082	0.175638	-12.000000	40.000000	1.180000	23.113158
-296.286987	-193.593506	318.483307	104.435387	40.592155	7.016624	334.333832	0.162962	-0.159415	0.000000	-0.000039	-0.000013	0.000022	0.185633	-0.192082	0.175638	-12.000000	44.000000	1.180000	23.553660
-293.687042	-191.482971	317.941376	103.059792	40.234516	6.821718	334.973999	0.162962	-0.000012	0.000000	-0.000039	-0.169996	-0.169410	0.000021	-0.192082	0.175638	-12.000000	44.000000	1.180000	23.583687
-291.344757	-187.505997	319.928497	104.084930	43.989738	7.016624	335.614197	0.162962	-0.159415	0.000000	-0.000039	-0.000013	0.000022	0.185633	-0.192082	0.175638	-12.000000	44.000000	1.180000	23.599683
-297.110382	-196.087784	319.928497	104.961067	40.413338	7.016624	335.934296	0.162962	-0.000012	0.000000	-0.000039	-0.000013	0.000022	0.185633	-0.192082	0.175638	-12.000000	44.000000	1.180000	23.611175
303.250946	-171.528839	-329.612701	-32.343002	-64.386909	6.821718	311.927521	0.162962	-0.000012	0.000026	0.180090	-0.000013	0.000022	0.185633	-0.192082	0.175638	-8.000000	-44.000000	1.180000	22.740459
303.611938	-172.488174	-330.334351	-30.245077	-63.851837	6.626812	310.967285	0.162962	-0.000012	0.000000	0.180090	-0.000013	0.000022	0.185633	-0.192082	0.175638	-8.000000	-44.000000	1.180000	22.711920
302.167877	-171.528839	-327.808594	-30.419903	-62.068264	6.626812	310.006989	0.162962	-0.000012	0.000000	0.180090	-0.000013	0.000022	0.185633	-0.192082	0.175638	-8.000000	-44.000000	1.180000	22.676060
300.182343	-170.569504	-326.004456	-30.594730	-62.960049	6.626812	309.046722	0.325962	-0.000012	0.000000	0.180090	-0.000013	0.000022	0.185633	-0.192082	0.175638	-8.000000	-44.000000	1.180000	22.640144
287.546875	-118.030891	-273.865387	11.740191	0.894123	6.237000	291.281738	0.162962	-0.000012	0.000000	-0.000039	-0.000013	0.000022	0.185633	-0.192082	0.175638	-8.000000	-40.000000	1.180000	21.980143
285.561279	-117.614296	-271.880859	11.392652	2.145863	6.042093	290.801605	0.162962	-0.000012	0.000000	-0.000039	-0.000013	0.000022	0.185633	-0.192082	0.175638	-8.000000	-40.000000	1.180000	21.969143
286.644348	-120.333931	-272.061249	13.142008	1.788224	6.042093	290.161438	0.162962	-0.000012	0.000000	0.180090	-0.000013	0.000022	0.185633	-0.192082	0.175638	-8.000000	-40.000000	1.180000	21.944435
285.380798	-118.573624	-273.143738	10.866836	-0.356716	6.237000	289.841339	0.162962	-0.000012	0.000000	-0.000039	-0.000013	0.000022	0.185633	-0.192082	0.175638	-8.000000	-40.000000	1.180000	21.924537
274.550385	-72.161972	-228.040741	42.930637	51.857819	5.847187	277.037750	0.162962	-0.000012	0.000000	0.180090	-0.000013	0.000022	0.185633	-0.192082	0.175638	-8.000000	-36.000000	1.180000	21.439333
271.842804	-69.263878	-220.824265	45.208584	55.434212	6.235266	276.717651	0.162962	-0.159415	0.000000	-0.000039	-0.000013	0.000022	0.185633	-0.192082	0.175638	-8.000000	-36.000000	1.180000	21.411322
274.008881	-71.374413	-224.612930	44.507683	53.467194	6.042093	275.917450	0.162962	-0.000012	0.000000	-0.000039	-0.000013	0.000022	0.185633	-0.192082	0.175638	-8.000000	-36.000000	1.180000	21.387283
272.925842	-70.606949	-225.154160	43.806770	51.857819	6.235266	275.597351	0.325962	-0.000012	0.000026	0.180090	-0.000013	0.000022	0.185633	-0.192082	0.175638	-8.000000	-36.000000	1.180000	21.366935
259.207336	-29.547474	-180.411987	73.438858	99.781570	5.652281	264.874359	0.325962	-0.000012	0.000000	0.180090	-0.000013	0.000022	0.185633	-0.192082	0.175638	-8.000000	-32.000000	1.180000	20.960903
261.914948	-32.041740	-183.298584	72.544029	96.920448	5.847187	265.514526	0.325962	-0.000012	0.000000	0.180090	-0.000013	0.000022	0.185633	-0.192082	0.175638	-8.000000	-32.000000	1.180000	20.978897
261.914948	-31.082407	-182.035706	74.121078	99.066284	5.652281	266.154694	0.325962	-0.000012	0.000026	0.180090	-0.000013	0.000022	0.185633	-0.192082	0.175638	-8.000000	-32.000000	1.180000	21.012604
263.178497	-32.242584	-184.922287	74.665764	99.066284	6.042093	266.794891	0.162962	-0.000012	0.000000	0.180090	-0.000013	0.000022	0.185633	-0.192082	0.175638	-8.000000	-32.000000	1.180000	21.022700
277.980042	3.654583	-162.190384	107.939926	150.208801	6.237000	283.759644	0.325962	-0.000012	0.000000	0.180090	-0.000013	0.000022	0.185633	-0.192082	0.175638	-8.000000	-28.000000	1.180000	21.688185
279.424072	3.077537	-162.190384	107.616859	148.957062	6.237000	284.559845	0.162962	-0.000012	0.000000	0.180090	-0.000013	0.000022	0.185633	-0.192082	0.175638	-8.000000	-28.000000	1.180000	21.719430
278.882538	5.384273	-161.829559	107.764702	150.924072	6.042093	285.039978	0.325962	-0.000012	0.000000	0.180090	-0.000013	0.000022	0.185633	-0.192082	0.175638	-8.000000	-28.000000	1.180000	21.745753
279.604584	2.500490	-162.190384	108.816071	149.493515	6.042093	285.680176	0.162962	-0.000012	0.000000	0.180090	-0.000013	0.000022	0.185633	-0.192082	0.175638	-8.000000	-28.000000	1.180000	21.770688
289.893433	38.469715	-133.324463	140.882645	198.490189	6.430117	301.364594	0.162962	-0.000012	0.000000	0.180090	-0.000013	0.000022	0.185633	-0.192082	0.175638	-8.000000	-24.000000	1.180000	22.358196
289.893433	40.008503	-132.422409	142.985367	201.351318	6.624968	302.004761	0.162962	-0.000012	0.000000	0.180090	-0.000013	-0.169410	0.185633	-0.192082	0.175638	-8.000000	-24.000000	1.180000	22.375069
291.156982	40.585552	-134.406937	142.459686	201.172501	6.237000	302.804962	0.162962	-0.000012	0.000000	0.180090	-0.000013	0.000022	0.185633	-0.192082	0.175638	-8.000000	-24.000000	1.180000	22.420026
291.698517	40.008503	-132.422409	142.495956	200.993683	6.237000	303.285095	0.162962	-0.000012	0.000000	0.180090	-0.000013	-0.169410	0.000021	-0.192082	0.175638	-8.000000	-24.000000	1.180000	22.438167
293.864594	71.918381	-98.685356	174.395416	247.129227	6.626812	315.448547	0.162962	-0.159415	0.000000	0.180090	-0.000013	0.000022	0.185633	-0.192082	0.175638	-8.000000	-20.000000	1.180000	22.878520
293.142578	69.610840	-98.144119	174.175827	245.698654	6.821718	315.608582	0.162962	-0.000012	0.000000	0.180090	-0.000013	0.000022	0.185633	-0.192082	0.175638	-8.000000	-20.000000	1.180000	22.877228
296.391693	69.822571	-100.489471	174.351044	244.983383	7.016624	315.768616	0.162962	-0.000012	0.000000	0.180090	-0.000013	0.000022	0.185633	-0.192082	0.175638	-8.000000	-20.000000	1.180000	22.875936
295.850189	68.283783	-98.685356	174.876724	242.658707	7.014670	315.768616	0.325962	-0.000012	0.000000	0.180090	-0.000013	0.000022	0.185633	-0.192082	0.175638	-8.000000	-20.000000	1.180000	22.876008
294.947632	87.878876	-58.092659	204.892700	281.820282	7.016624	328.892303	0.325962	-0.000012	0.000000	0.180090	-0.000013	0.000022	0.185633	-0.192082	0.175638	-8.000000	-16.000000	1.180000	23.357054
294.767120	88.095734	-60.257603	204.016342	282.714386	6.626812	329.532471	0.162962	-0.000012	0.000000	0.180090	-0.000013	0.000022	0.185633	-0.192082	0.175638	-8.000000	-16.000000	1.180000	23.394396
295.669647	85.979866	-57.010185	206.119598	281.999115	7.209521	330.172668	0.325962	-0.000012	0.000000	0.180090	-0.000013	0.000022	0.185633	-0.192082	0.175638	-8.000000	-16.000000	1.180000	23.396477
293.864594	88.263466	-57.731831	205.366257	285.396698	7.016624	330.332703	0.162962	-0.000012	0.000000	0.180090	-0.000013	0.000022	0.185633	-0.192082	0.175638	-8.000000	-16.000000	1.180000	23.409258
279.604584	92.712074	-8.659775	223.765091	306.676270	7.209521	332.253235	0.162962	-0.159415	0.000000	0.180090	-0.169996	0.000022	0.000021	-0.192082	0.175638	-8.000000	-12.000000	1.180000	23.471718
278.341034	90.955589	-8.118540	222.538528	301.848145	7.209521	330.812836	0.162962	-0.000012	0.000000	0.180090	-0.000013	0.000022	0.185633	-0.192082	0.175638	-8.000000	-12.000000	1.180000	23.419654
277.077484	94.032318	-8.840187	220.786255	304.351624	7.016624	329.532471	0.162962	-0.000012	0.000000	0.180090	-0.000013	0.000022	0.185633	-0.192082	0.175638	-8.000000	-12.000000	1.180000	23.380270
274.189392	92.878548	-7.036067	219.089706	302.384583	7.016624	328.092072	0.162962	-0.000012	0.000000	0.180090	-0.000013	0.000022	0.185633	-0.192082	0.175638	-8.000000	-12.000000	1.180000	23.328002
235.380478	85.571335	36.852314	214.006836	290.940094	6.431905	304.405426	0.162962	-0.000012	0.000000	0.180090	-0.000013	0.000022	0.185633	-0.192082	0.175638	-8.000000	-8.000000	1.180000	22.473092
234.838974	84.802155	40.103989	215.934830	291.118927	6.821718	303.925293	0.162962	-0.159415	0.000000	0.180090	-0.000013	0.000022	0.000021	-0.192082	0.175638	-8.000000	-8.000000	1.180000	22.440263
233.936432	85.402824	37.936203	213.130478	289.330750	6.624968	302.965027	0.162962	-0.000012	0.000000	0.180090	-0.000013	0.000022	0.185633	-0.192082	0.175638	-8.000000	-8.000000	1.180000	22.411410
233.755936	83.456085	37.394260	213.656281	288.257812	6.626812	302.484894	0.325962	-0.000012	0.000000	0.180090	-0.000013	0.000022	0.185633	-0.192082	0.175638	-8.000000	-8.000000	1.180000	22.393177
197.113098	76.341164	79.846657	206.768066	279.495636	6.431905	286.480408	0.325962	-0.000012	0.000000	-0.000039	-0.000013	0.000022	0.185633	-0.192082	0.175638	-8.000000	-4.000000	1.180000	21.786658
196.210571	74.610512	79.485359	206.820694	278.601532	6.430117	285.840210	0.162962	-0.159415	0.000000	0.180090	-0.000013	0.000022	0.185633	-0.192082	0.175638	-8.000000	-4.000000	1.180000	21.761811
195.488556	76.148872	79.666008	206.119598	279.674469	6.431905	285.360107	0.325962	-0.000012	0.000000	0.180090	-0.000013	0.000022	0.000021	-0.192082	0.175638	-8.000000	-4.000000	1.180000	21.743037
195.127533	75.379692	80.930542	206.417618	278.243896	6.042093	284.879944	0.325962	-0.000012	0.000000	0.180090	-0.000013	0.000022	0.185633	-0.192082	0.175638	-8.000000	-4.000000	1.180000	21.739516
160.831284	67.687889	108.389122	196.780121	264.295929	6.235266	268.555359	0.162962	-0.000012	0.000000	0.180090	-0.000013	0.000022	0.185633	-0.192082	0.175638	-8.000000	0.000000	1.180000	21.085785
159.928757	66.726410	108.208466	195.953827	262.865387	5.652281	267.915192	0.162962	-0.000012	0.000000	0.180090	-0.000013	0.000022	0.185633	-0.192082	0.175638	-8.000000	0.000000	1.180000	21.083487
159.206741	67.495590	109.111717	196.129105	264.832397	6.042093	267.114960	0.325962	-0.000012	0.000000	0.180090	-0.000013	0.000022	0.185633	-0.192082	0.175638	-8.000000	0.000000	1.180000	21.035598
159.026230	69.437874	109.111717	194.726944	263.223022	5.652281	266.794891	0.325962	-0.000012	0.000000	0.180090	-0.000013	0.000022	0.185633	-0.192082	0.175638	-8.000000	0.000000	1.180000	21.038408
126.354546	64.034279	133.137955	187.668304	252.851456	5.261012	255.271652	0.325962	-0.159415	0.000000	0.180090	-0.000013	0.000022	0.185633	-0.192082	0.175638	-8.000000	4.000000	1.180000	20.585112
125.271515	62.688217	134.763794	188.942963	254.460831	5.067563	256.071869	0.162962	-0.159415	0.000000	0.180090	-0.000013	0.000022	0.185633	-0.192082	0.175638	-8.000000	4.000000	1.180000	20.625979
126.174042	64.611168	134.944443	189.070129	254.997314	5.262468	256.552002	0.162962	-0.159415	-0.167113	0.180090	-0.000013	0.000022	0.185633	-0.192082	0.175638	-8.000000	4.000000	1.180000	20.637695
128.159622	65.188057	134.402496	188.767685	254.997314	5.457375	257.192169	0.325962	-0.159415	0.000000	0.180090	-0.000013	0.000022	0.185633	-0.192082	0.175638	-8.000000	4.000000	1.180000	20.655971
104.874275	71.149200	171.254791	201.737808	272.521667	5.652281	276.557617	0.162962	-0.000012	0.000000	0.180090	-0.000013	0.000022	0.185633	-0.192082	0.175638	-8.000000	8.000000	1.180000	21.428056
107.220856	71.169014	169.990265	203.139984	273.236938	5.650713	277.357849	0.325962	-0.000012	0.000000	0.180090	-0.000013	0.000022	0.185633	-0.192082	0.175638	-8.000000	8.000000	1.180000	21.459742
106.679344	69.226250	170.712860	204.490128	273.594574	5.457375	277.998016	0.325962	-0.000012	0.000000	0.180090	-0.000013	0.000022	0.185633	-0.192082	0.175638	-8.000000	8.000000	1.180000	21.492634
106.679344	69.033958	171.796738	206.119598	274.488678	5.845565	278.798248	0.162962	-0.000012	0.000000	-0.000039	-0.000013	-0.169410	0.000021	-0.192082	0.175638	-8.000000	8.000000	1.180000	21.508875
75.090698	76.725761	206.300598	211.849670	283.072021	6.624968	293.682404	0.325962	-0.000012	0.000000	-0.000039	-0.000013	-0.169410	0.185633	-0.192082	0.175638	-8.000000	12.000000	1.180000	22.057607
74.188164	78.264114	208.107086	212.604660	285.396698	6.237000	294.322601	0.325962	-0.000012	0.000000	0.180090	-0.000013	0.000022	0.185633	-0.192082	0.175638	-8.000000	12.000000	1.180000	22.097074
75.090698	78.456413	207.926437	213.305740	286.648437	6.431905	294.962799	0.325962	-0.000012	0.000000	-0.000039	-0.000013	0.000022	0.185633	-0.192082	0.175638	-8.000000	12.000000	1.180000	22.114145
75.812729	76.341164	208.649033	215.058456	285.933167	6.237000	295.923035	0.325962	-0.159415	0.000000	-0.000039	-0.000013	0.000022	0.185633	-0.192082	0.175638	-8.000000	12.000000	1.180000	22.158368
34.476734	82.879204	244.056122	220.141357	293.443604	6.819819	309.686920	0.162962	-0.159415	0.000000	0.180090	-0.000013	0.000022	0.000021	-0.192082	0.175638	-8.000000	16.000000	1.180000	22.656877
35.379269	83.840675	242.249649	218.388611	292.728333	6.237000	310.327118	0.325962	-0.000012	0.000000	0.180090	-0.000013	0.000022	0.185633	-0.192082	0.175638	-8.000000	16.000000	1.180000	22.702577
33.935215	85.186737	244.417435	218.563889	293.801239	6.431905	310.807220	0.162962	-0.159415	0.000000	-0.000039	-0.000013	0.000022	0.185633	-0.192082	0.175638	-8.000000	16.000000	1.180000	22.713220
34.296227	84.802155	244.056122	218.213333	293.801239	6.819819	311.447418	0.162962	-0.000012	0.000000	-0.000039	-0.000013	0.000022	0.185633	-0.192082	0.175638	-8.000000	16.000000	1.180000	22.722631
-11.891622	79.225594	276.934174	219.264984	294.695312	7.016624	325.051239	0.162962	-0.000012	0.000000	0.180090	-0.000013	0.000022	0.185633	-0.192082	0.175638	-8.000000	20.000000	1.180000	23.217272
-10.990744	77.516525	276.392212	220.316635	293.443604	7.014670	325.691406	0.325962	-0.000012	0.000000	-0.000039	-0.000013	0.000022	0.185633	-0.192082	0.175638	-8.000000	20.000000	1.180000	23.240698
-12.792503	79.033302	278.379364	220.842422	294.695312	7.014670	326.171539	0.162962	-0.000012	0.000000	-0.000039	-0.000013	0.000022	0.185633	-0.192082	0.175638	-8.000000	20.000000	1.180000	23.258199
-14.233912	78.285950	279.824554	220.842422	295.589447	7.016624	326.651672	0.325962	-0.000012	0.000000	0.180090	-0.000013	0.000022	0.185633	-0.192082	0.175638	-8.000000	20.000000	1.180000	23.275616
-64.142693	68.072479	305.476624	212.604660	282.535583	7.016624	335.934296	0.162962	-0.159415	0.000000	0.180090	-0.000013	0.000022	0.185633	-0.192082	0.175638	-8.000000	24.000000	1.180000	23.611175
-61.800404	69.226250	305.295990	213.831558	283.608521	7.211531	336.254364	0.162962	-0.000012	0.000000	0.180090	-0.000013	0.000022	0.185633	-0.192082	0.175638	-8.000000	24.000000	1.180000	23.615667
-59.638287	67.880180	303.670135	214.006836	282.356750	7.404373	337.054596	0.162962	-0.000012	0.000000	0.180090	-0.000013	0.000022	0.185633	-0.192082	0.175638	-8.000000	24.000000	1.180000	23.637454
-61.620228	68.841660	305.657257	214.883194	284.144958	7.404373	337.374664	0.162962	-0.000012	0.000000	-0.000039	-0.000013	0.000022	0.185633	-0.192082	0.175638	-8.000000	24.000000	1.180000	23.648926
-104.682312	40.381981	299.876526	184.035355	238.545883	7.014670	318.009247	0.325962	-0.000012	0.000000	0.180090	-0.000013	0.000022	0.185633	-0.192082	0.175638	-8.000000	28.000000	1.180000	22.958864
-103.601257	41.728050	298.792633	182.761948	238.188232	7.014670	317.048981	0.162962	-0.000012	0.000000	0.180090	-0.000013	0.000022	0.185633	-0.192082	0.175638	-8.000000	28.000000	1.180000	22.923391
-104.862495	42.112640	299.334564	183.462860	237.830597	6.819819	316.248749	0.162962	-0.000012	0.000000	0.180090	-0.000013	0.000022	0.185633	-0.192082	0.175638	-8.000000	28.000000	1.180000	22.901000
-100.718445	44.227886	296.444183	182.107361	239.261154	6.626812	315.608582	0.162962	-0.000012	0.000000	0.180090	-0.000013	0.000022	0.185633	-0.192082	0.175638	-8.000000	28.000000	1.180000	22.884447
-138.915771	2.692142	285.063354	149.682083	187.939804	6.237000	296.083099	0.325962	-0.000012	0.000000	0.180090	-0.000013	0.000022	0.185633	-0.192082	0.175638	-8.000000	32.000000	1.180000	22.164489
-139.095947	3.269027	286.508545	148.630463	188.655106	6.624968	294.962799	0.162962	-0.000012	0.000000	0.180090	-0.000013	0.000022	0.185633	-0.192082	0.175638	-8.000000	32.000000	1.180000	22.106745
-139.095947	2.692142	285.605286	148.630463	187.582169	6.235266	294.162537	0.325962	-0.159415	0.000000	0.180090	-0.000013	0.000022	0.185633	-0.192082	0.175638	-8.000000	32.000000	1.180000	22.091001
-136.573486	2.692142	282.714935	148.592636	186.866898	6.624968	293.362335	0.325962	-0.000012	0.000000	0.180090	-0.000013	0.000022	0.000021	-0.192082	0.351312	-8.000000	32.000000	1.180000	22.045306
-168.644821	-37.232510	271.876007	116.380447	136.082016	5.845565	278.158051	0.325962	-0.159415	0.000000	0.180090	-0.000013	0.000022	0.185633	-0.192082	0.175638	-8.000000	36.000000	1.180000	21.483636
-167.924118	-35.505226	271.876007	117.957893	138.049042	5.847187	277.677917	0.325962	-0.000012	0.000000	-0.000039	-0.000013	0.000022	0.185633	-0.192082	0.175638	-8.000000	36.000000	1.180000	21.464623
-168.104294	-36.080986	272.237305	115.854630	136.260849	5.652281	277.037750	0.325962	-0.000012	0.000000	0.180090	-0.000013	0.000022	0.000021	-0.192082	0.175638	-8.000000	36.000000	1.180000	21.447036
-164.680954	-33.777946	270.069519	116.029900	137.691406	5.652281	276.557617	0.325962	-0.000012	0.000000	0.180090	-0.000013	0.000022	0.185633	-0.192082	0.175638	-8.000000	36.000000	1.180000	21.428056
-194.229828	-73.697342	261.398407	87.263123	88.158264	5.650713	264.234161	0.162962	-0.000012	0.000000	0.180090	-0.000013	0.000022	0.185633	-0.192082	0.175638	-8.000000	40.000000	1.180000	20.935066
-195.851410	-73.505417	261.037079	85.686073	87.085350	5.455863	264.074097	0.325962	-0.000012	0.000000	0.180090	-0.000013	0.000022	0.185633	-0.192082	0.175638	-8.000000	40.000000	1.180000	20.936475
-193.689301	-71.778130	260.314514	85.006798	88.158264	5.652281	263.914062	0.325962	-0.000012	0.000000	0.180090	-0.000013	0.000022	0.185633	-0.192082	0.175638	-8.000000	40.000000	1.180000	20.922042
-195.491074	-74.848854	259.411255	85.707886	85.833611	5.455863	264.234161	0.325962	-0.000012	0.000000	0.180090	-0.000013	-0.169410	0.185633	-0.192082	0.175638	-8.000000	40.000000	1.180000	20.942953
-245.399841	-120.142014	277.476105	55.561134	36.121658	6.430117	281.198914	0.325962	-0.000012	0.000000	0.180090	-0.000013	0.000022	0.185633	-0.192082	0.175638	-8.000000	44.000000	1.180000	21.580311
-247.381790	-121.835365	278.198700	57.839676	37.373398	6.235266	281.999146	0.325962	-0.000012	0.000000	0.180090	-0.000013	0.000022	0.185633	-0.192082	0.175638	-8.000000	44.000000	1.180000	21.619353
-247.201614	-120.333931	277.476105	56.262226	35.942837	6.235266	282.639313	0.162962	-0.000012	0.000000	-0.000039	-0.000013	0.000022	0.185633	-0.192082	0.175638	-8.000000	44.000000	1.180000	21.644432
-247.201614	-118.990494	276.572876	54.158966	34.691101	6.235266	283.119476	0.162962	-0.000012	0.000000	0.180090	-0.000013	-0.169410	0.185633	-0.192082	0.175638	-8.000000	44.000000	1.180000	21.663224
298.738281	-118.798576	-319.870422	-74.126663	-56.539196	6.430117	303.605225	0.162962	-0.000012	0.000000	-0.000039	-0.000013	0.000022	0.185633	-0.192082	0.175638	-4.000000	-44.000000	1.180000	22.442964
299.279785	-117.647057	-322.215820	-76.224586	-58.501122	6.624968	304.405426	0.325962	-0.000012	0.000000	0.180090	-0.000013	0.000022	0.185633	-0.192082	0.175638	-4.000000	-44.000000	1.180000	22.465810
298.738281	-118.798576	-321.133331	-75.525276	-56.895908	6.237000	305.045593	0.162962	-0.000012	0.000000	-0.000039	-0.000013	0.000022	0.185633	-0.192082	0.175638	-4.000000	-44.000000	1.180000	22.504561
298.557770	-120.909691	-321.494171	-75.874931	-59.214550	6.624968	305.685791	0.325962	-0.000012	0.000000	0.180090	-0.000013	0.000022	0.185633	-0.192082	0.175638	-4.000000	-44.000000	1.180000	22.514057
319.677032	-79.646858	-306.519958	-32.343002	5.901083	7.014670	320.409912	0.162962	-0.000012	0.000000	0.180090	-0.169996	0.000022	0.185633	-0.192082	0.175638	-4.000000	-40.000000	1.180000	23.047307
318.774475	-79.646858	-305.617889	-35.140232	4.112883	7.209521	320.890045	0.162962	-0.159415	0.000000	0.180090	-0.000013	-0.169410	0.185633	-0.192082	0.175638	-4.000000	-40.000000	1.180000	23.057794
317.691437	-79.646858	-302.190063	-32.343002	7.331643	6.626812	321.050110	0.325962	-0.000012	0.000000	0.180090	-0.000013	0.000022	0.185633	-0.192082	0.175638	-4.000000	-40.000000	1.180000	23.085079
318.774475	-79.838783	-305.437469	-34.790577	6.079903	7.014670	321.690277	0.162962	-0.000012	-0.167113	0.180090	-0.000013	0.000022	0.185633	-0.192082	0.175638	-4.000000	-40.000000	1.180000	23.094339
328.882874	-37.040588	-272.602509	9.990477	68.666893	7.209521	333.053467	0.325962	-0.000012	0.000000	0.180090	-0.000013	0.000022	0.185633	-0.192082	0.175638	-4.000000	-36.000000	1.180000	23.500593
330.868439	-36.464828	-275.669525	9.464663	69.382172	7.016624	333.533600	0.162962	-0.000012	0.000000	0.180090	-0.000013	0.000022	0.185633	-0.192082	0.175638	-4.000000	-36.000000	1.180000	23.524850
331.951477	-38.767872	-278.195282	7.887216	65.269318	7.211531	334.013733	0.325962	-0.000012	0.000000	0.180090	-0.000013	0.000022	0.185633	-0.192082	0.175638	-4.000000	-36.000000	1.180000	23.535124
332.312469	-36.656750	-277.293213	8.938847	67.772789	7.016624	334.493866	0.325962	-0.159415	0.000000	0.180090	-0.000013	0.000022	0.185633	0.000016	0.175638	-4.000000	-36.000000	1.180000	23.559418
321.482086	7.307225	-227.138687	50.653530	126.604561	7.014670	325.691406	0.325962	-0.000012	0.000000	-0.000039	-0.000013	0.000022	0.185633	-0.192082	0.175638	-4.000000	-32.000000	1.180000	23.240698
320.218536	5.385754	-225.334579	49.601898	124.816360	6.821718	324.731140	0.325962	-0.159415	0.000000	0.180090	-0.000013	0.000022	0.185633	-0.192082	0.175638	-4.000000	-32.000000	1.180000	23.212702
320.399048	5.384273	-221.906738	54.860050	127.141022	6.819819	323.610809	0.325962	-0.159415	0.000000	0.180090	-0.169996	-0.169410	0.185633	-0.192082	0.175638	-4.000000	-32.000000	1.180000	23.171834
317.871979	5.768864	-223.710846	50.302986	124.279907	7.404373	322.810608	0.325962	-0.000012	0.000000	0.180090	-0.000013	0.000022	0.185633	-0.192082	0.175638	-4.000000	-32.000000	1.180000	23.121135
294.225586	42.124374	-168.865631	83.779900	165.408493	6.235266	301.364594	0.162962	-0.000012	0.000000	-0.000039	-0.000013	0.000022	0.000021	-0.192082	0.175638	-4.000000	-28.000000	1.180000	22.365581
295.669647	41.535751	-170.128510	84.831528	164.156769	6.624968	300.724396	0.325962	-0.000012	0.000000	0.180090	-0.000013	0.000022	0.185633	-0.192082	0.175638	-4.000000	-28.000000	1.180000	22.326522
296.211182	40.189690	-170.850159	82.903534	161.474457	6.430117	299.764130	0.162962	-0.000012	0.000000	0.180090	-0.000013	0.000022	0.185633	-0.192082	0.175638	-4.000000	-28.000000	1.180000	22.297450
294.586639	40.958866	-169.406860	83.429352	161.832092	6.430117	298.803833	0.325962	-0.000012	0.000000	-0.000039	-0.000013	0.000022	0.185633	-0.192082	0.175638	-4.000000	-28.000000	1.180000	22.260923
275.272430	70.399643	-121.056450	110.947021	193.790543	5.847187	283.439545	0.325962	-0.000012	0.000000	0.180090	-0.000013	0.000022	0.185633	-0.192082	0.175638	-4.000000	-24.000000	1.180000	21.690908
273.647858	68.668510	-121.417274	110.947021	193.125595	6.430117	282.799377	0.325962	-0.159415	0.000000	0.180090	-0.000013	0.000022	0.185633	0.000021	0.175638	-4.000000	-24.000000	1.180000	21.643070
273.828369	69.033958	-122.319328	109.544853	192.231491	6.040416	282.479279	0.162962	-0.159415	0.000000	0.180090	-0.000013	0.000022	0.000021	-0.192082	0.175638	-4.000000	-24.000000	1.180000	21.645796
273.647858	69.803131	-121.597687	110.245941	192.767960	6.040416	281.839081	0.325962	-0.159415	0.000000	0.180090	-0.169996	-0.169410	0.185633	-0.192082	0.175638	-4.000000	-24.000000	1.180000	21.620717
255.055695	89.442177	-79.561684	130.226913	215.422150	5.457375	269.035522	0.325962	-0.159415	0.000000	0.180090	-0.000013	0.000022	0.185633	-0.192082	0.175638	-4.000000	-20.000000	1.180000	21.136287
253.792145	88.480431	-79.381271	128.298920	212.795776	5.845565	268.555359	0.325962	-0.000012	0.000000	0.180090	-0.000013	0.000022	0.185633	-0.192082	0.175638	-4.000000	-20.000000	1.180000	21.101442
254.514175	87.518692	-80.824570	129.350555	213.276871	5.652281	268.235291	0.162962	-0.000012	0.000000	0.180090	-0.000013	0.000022	0.185633	-0.192082	0.175638	-4.000000	-20.000000	1.180000	21.096349
252.167603	86.749290	-78.659630	128.649475	212.382996	6.040416	267.595093	0.325962	-0.000012	0.000000	0.180090	-0.000013	0.000022	0.185633	-0.192082	0.175638	-4.000000	-20.000000	1.180000	21.055000
248.557465	103.839363	-44.922585	150.520126	241.228165	6.040416	273.516754	0.162962	-0.000012	0.000000	-0.000039	-0.000013	0.000022	0.185633	-0.192082	0.175638	-4.000000	-16.000000	1.180000	21.292011
248.737961	103.483643	-46.907116	149.682083	241.406982	5.845565	273.996918	0.162962	-0.000012	0.000000	-0.000039	-0.169996	0.000022	0.185633	-0.192082	0.175638	-4.000000	-16.000000	1.180000	21.318861
248.557465	100.954941	-46.185471	151.084259	240.870529	6.040416	274.797119	0.325962	-0.159415	0.000000	0.180090	-0.000013	-0.169410	0.000021	-0.192082	0.175638	-4.000000	-16.000000	1.180000	21.342911
249.820999	102.877892	-47.087532	149.506821	240.691696	6.430117	275.597351	0.325962	-0.000012	0.000000	0.180090	-0.000013	0.000022	0.185633	-0.192082	0.175638	-4.000000	-16.000000	1.180000	21.359205
249.279480	115.569366	-8.659775	175.622314	275.025146	6.430117	292.882202	0.325962	-0.000012	0.000000	0.180090	-0.000013	0.000022	0.185633	-0.192082	0.175638	-4.000000	-12.000000	1.180000	22.034337
248.918472	115.953964	-7.757715	175.752853	276.098053	6.235266	293.362335	0.325962	-0.000012	0.000000	0.180090	-0.000013	0.000022	0.185633	-0.192082	0.175638	-4.000000	-12.000000	1.180000	22.060282
250.001511	116.371010	-9.922659	174.395416	275.668854	6.430117	294.002502	0.325962	-0.000012	0.000000	0.180090	-0.000013	0.000022	0.185633	-0.192082	0.175638	-4.000000	-12.000000	1.180000	22.077383
252.348083	118.294495	-10.463896	175.797577	277.349792	6.819819	294.642700	0.325962	-0.000012	0.000000	0.180090	-0.000013	0.000022	0.185633	-0.192082	0.175638	-4.000000	-12.000000	1.180000	22.086996
242.781250	119.448586	33.419991	194.902206	301.233459	6.819819	310.487152	0.325962	-0.000012	0.000000	0.180090	-0.000013	0.000022	0.185633	-0.192082	0.175638	-4.000000	-8.000000	1.180000	22.686789
241.156708	121.915100	33.239346	192.448395	302.742218	6.819819	310.967285	0.325962	-0.159415	0.000000	0.180090	-0.000013	0.000022	0.185633	-0.192082	0.175638	-4.000000	-8.000000	1.180000	22.704717
243.864288	122.333817	32.697399	193.500031	302.484894	6.819819	311.607452	0.325962	-0.000012	0.000000	0.180090	-0.000013	0.000022	0.185633	-0.192082	0.175638	-4.000000	-8.000000	1.180000	22.728599
245.669342	122.910866	32.697399	195.203079	303.457520	6.626812	312.247620	0.325962	-0.000012	0.000000	0.180090	-0.000013	0.000022	0.185633	-0.192082	0.175638	-4.000000	-8.000000	1.180000	22.759644
225.633133	127.876251	82.737038	204.717422	320.981873	7.014670	324.411041	0.325962	-0.159415	0.000000	0.180090	-0.000013	0.000022	0.185633	-0.192082	0.175638	-4.000000	-4.000000	1.180000	23.193963
224.730591	127.334892	82.014442	203.263519	320.624237	6.821718	324.975708	0.325962	-0.000012	0.000000	0.180090	-0.000013	0.000022	0.185633	0.000021	0.175638	-4.000000	-4.000000	1.180000	23.221629
227.438202	127.876251	80.930542	206.470154	321.697144	7.014670	325.211273	0.162962	-0.000012	-0.167113	-0.000039	-0.000013	0.000022	0.185633	-0.192082	0.175638	-4.000000	-4.000000	1.180000	23.223184
226.896683	126.337898	82.737038	205.067963	319.372467	7.014670	325.691406	0.162962	-0.000012	0.000000	0.180090	-0.000013	0.000022	0.185633	-0.192082	0.175638	-4.000000	-4.000000	1.180000	23.240698
201.264755	132.491348	134.402496	212.955200	332.247528	7.209521	337.854828	0.162962	-0.159415	0.000000	-0.000039	-0.000013	-0.169410	0.185633	-0.192082	0.175638	-4.000000	0.000000	1.180000	23.673102
202.347794	132.299042	132.596024	214.006836	336.451874	7.599224	338.334961	0.325962	-0.000012	0.000000	0.180090	-0.000013	0.000022	0.185633	-0.192082	0.175638	-4.000000	0.000000	1.180000	23.676340
202.708801	133.874741	132.957321	213.831558	336.988190	7.404373	338.815094	0.162962	-0.159415	0.000000	0.180090	-0.000013	0.000022	0.185633	-0.192082	0.175638	-4.000000	0.000000	1.180000	23.700488
203.611328	135.413528	132.054062	211.849670	336.896851	7.209521	339.135162	0.325962	-0.000012	0.000000	0.180090	-0.000013	0.000022	0.185633	0.000021	0.175638	-4.000000	0.000000	1.180000	23.718891
153.250015	125.219048	166.196640	198.882843	314.283966	7.014670	315.855255	0.325962	-0.000012	0.000000	-0.000039	-0.000013	0.000022	0.185633	0.000021	0.175638	-4.000000	4.000000	1.180000	22.879218
156.138138	123.068886	163.667557	200.686172	312.219696	7.209521	314.648285	0.162962	-0.159415	0.000000	0.180090	-0.000013	0.000022	0.185633	-0.192082	0.175638	-4.000000	4.000000	1.180000	22.827234
152.708511	123.645767	164.390152	197.005463	310.967957	7.209521	313.688049	0.162962	-0.000012	0.000000	0.180090	-0.000013	0.000022	0.185633	-0.192082	0.175638	-4.000000	4.000000	1.180000	22.791558
152.166992	123.068886	163.486908	197.656265	310.431488	7.014670	312.335083	0.325962	-0.000012	0.000000	0.180090	-0.000013	0.000022	0.185633	-0.192082	0.175638	-4.000000	4.000000	1.180000	22.748455
107.401367	115.601616	185.887329	187.891327	290.328278	6.430117	293.362335	0.325962	-0.000012	0.000000	0.180090	-0.000013	0.000022	0.185633	-0.192082	0.175638	-4.000000	8.000000	1.180000	22.052796
109.025925	117.332748	184.803436	187.014969	290.685822	6.235266	292.722168	0.325962	-0.000012	0.000000	0.180090	-0.000013	0.000022	0.185633	-0.192082	0.175638	-4.000000	8.000000	1.180000	22.035676
107.762383	115.024567	185.345383	187.716064	290.507050	6.430117	291.921906	0.325962	-0.000012	0.000000	0.180090	-0.000013	0.000022	0.185633	-0.192082	0.175638	-4.000000	8.000000	1.180000	21.997372
109.206429	113.678131	182.996948	186.616943	287.542542	6.237000	291.534058	0.162962	-0.159415	0.000000	0.180090	-0.000013	0.000022	0.185633	0.000021	0.175638	-4.000000	8.000000	1.180000	21.989869
65.884865	109.638809	201.603745	177.855576	272.164032	5.845565	277.773407	0.325962	-0.000012	0.000000	0.180090	-0.000013	-0.169410	0.185633	-0.192082	0.175638	-4.000000	12.000000	1.180000	21.468458
67.870438	109.608223	200.700500	177.680359	271.985199	6.040416	277.037750	0.325962	-0.159415	0.000000	0.180090	-0.000013	0.000022	0.185633	-0.192082	0.175638	-4.000000	12.000000	1.180000	21.431695
66.967903	108.646751	199.977905	177.024490	271.269928	6.235266	276.557617	0.162962	-0.159415	0.000000	0.180090	-0.000013	0.000022	0.000021	-0.192082	0.175638	-4.000000	12.000000	1.180000	21.404987
66.065376	109.061745	200.158554	177.329895	270.733459	5.845565	276.077484	0.325962	-0.000012	0.000000	0.180090	-0.000013	0.000022	0.000021	-0.192082	0.175638	-4.000000	12.000000	1.180000	21.401407
27.075968	104.445381	212.442657	165.631821	255.288651	5.650713	264.234161	0.325962	-0.000012	0.000000	0.180090	-0.000013	0.000022	0.185633	-0.192082	0.175638	-4.000000	16.000000	1.180000	20.935066
26.895460	104.830078	213.165253	166.290588	254.460831	5.650713	264.714294	0.325962	-0.159415	0.000000	0.180090	-0.000013	0.000022	0.185633	-0.192082	0.351312	-4.000000	16.000000	1.180000	20.954493
28.159008	105.377731	213.707184	167.517181	255.712585	6.040416	265.514526	0.325962	-0.000012	0.000000	0.180090	-0.000013	0.000022	0.185633	-0.192082	0.175638	-4.000000	16.000000	1.180000	20.971091
26.714956	105.762314	214.429779	166.508179	256.361298	5.845565	266.154694	0.325962	-0.000012	0.000000	0.180090	-0.000013	0.000022	0.185633	-0.192082	0.175638	-4.000000	16.000000	1.180000	21.004807
-12.071798	102.877892	246.765869	169.663071	261.971283	6.430117	284.719910	0.325962	-0.000012	0.000000	0.180090	-0.000013	0.000022	0.185633	-0.192082	0.175638	-4.000000	20.000000	1.180000	21.718140
-12.251975	102.906593	247.488464	170.539429	263.333466	6.430117	285.680176	0.325962	-0.000012	0.000000	0.180090	-0.000013	-0.169410	0.000021	-0.192082	0.175638	-4.000000	20.000000	1.180000	21.755578
-14.414089	103.675987	249.114304	170.539429	263.512238	6.430117	286.320343	0.325962	-0.000012	0.000000	-0.000039	-0.000013	0.000022	0.185633	-0.192082	0.175638	-4.000000	20.000000	1.180000	21.780501
-12.251975	105.185432	248.753006	170.364151	263.580658	6.040416	286.800476	0.325962	-0.159415	0.000000	0.180090	-0.000013	0.000022	0.185633	-0.192082	0.175638	-4.000000	20.000000	1.180000	21.814319
-56.034767	100.983109	280.005188	166.991501	260.719543	6.819819	303.694672	0.325962	-0.000012	0.000000	0.180090	-0.000013	-0.169410	0.185633	0.000021	0.175638	-4.000000	24.000000	1.180000	22.431623
-56.395123	102.685600	280.185822	166.465820	261.256012	6.430117	304.014679	0.325962	-0.000012	0.000000	0.180090	-0.000013	0.000022	0.185633	-0.192082	0.175638	-4.000000	24.000000	1.180000	22.458420
-54.413185	101.367805	278.740631	167.341949	260.361908	6.624968	304.974731	0.325962	-0.000012	0.000000	0.180090	-0.000013	0.000022	0.000021	0.000021	0.175638	-4.000000	24.000000	1.180000	22.487276
-55.494240	99.829010	279.643890	167.341949	260.294342	6.819819	305.525726	0.325962	-0.000012	0.000000	-0.000039	-0.000013	0.000022	0.185633	0.000021	0.175638	-4.000000	24.000000	1.180000	22.500693
-106.123718	79.802483	305.476624	154.725586	244.089279	7.209521	318.329346	0.325962	-0.159415	0.000000	0.180090	-0.000013	0.000022	0.185633	-0.192082	0.175638	-4.000000	28.000000	1.180000	22.963487
-106.303894	79.994774	304.754028	155.426498	244.983383	7.014670	319.215424	0.325962	-0.000012	0.000000	0.180090	-0.000013	0.000022	0.185633	-0.192082	0.175638	-4.000000	28.000000	1.180000	23.003343
-106.664246	80.187065	306.560516	156.477859	247.129227	7.209521	319.535431	0.162962	-0.000012	0.000000	0.180090	-0.000013	-0.169410	0.000021	-0.192082	0.175638	-4.000000	28.000000	1.180000	23.007954
-103.961609	81.748230	305.657257	154.900818	248.137726	7.014670	320.015442	0.325962	-0.000012	0.000000	-0.000039	-0.000013	0.000022	0.185633	0.000021	0.175638	-4.000000	28.000000	1.180000	23.032798
-158.194611	44.240211	322.638214	133.172638	213.868713	7.209521	330.735992	0.325962	-0.000012	0.000000	0.180090	-0.000013	0.000022	0.185633	0.000021	0.175638	-4.000000	32.000000	1.180000	23.416873
-158.374786	42.304935	322.999542	135.100143	213.689896	7.209521	331.292999	0.325962	-0.000012	0.000000	0.180090	-0.000013	-0.169410	0.185633	-0.192082	0.175638	-4.000000	32.000000	1.180000	23.437022
-158.194611	41.932026	323.722137	135.801041	214.762802	7.014670	331.856018	0.325962	-0.000012	0.000000	0.180090	-0.000013	0.000022	0.185633	-0.192082	0.175638	-4.000000	32.000000	1.180000	23.464410
-157.654083	44.047863	324.444733	134.082901	216.316010	7.014670	332.253235	0.325962	-0.000012	0.000000	0.180090	-0.000013	0.000022	0.185633	0.000021	0.175638	-4.000000	32.000000	1.180000	23.478752
-205.580917	-0.575761	326.793152	101.657616	162.862717	7.209521	331.132935	0.325962	-0.159415	0.000000	-0.000039	-0.000013	0.000022	0.185633	-0.192082	0.175638	-4.000000	36.000000	1.180000	23.431234
-205.220566	-1.343441	325.528595	102.858337	163.399048	7.209521	330.255951	0.325962	-0.000012	0.000000	0.180090	-0.000013	0.000022	0.185633	0.000021	0.175638	-4.000000	36.000000	1.180000	23.399494
-207.022339	-1.535361	326.793152	103.384018	165.766129	7.209521	329.295898	0.325962	-0.000012	0.000000	0.180090	-0.000013	0.000022	0.185633	0.192531	0.175638	-4.000000	36.000000	1.180000	23.364698
-203.418808	1.538778	325.347961	100.781258	163.935364	7.404373	328.252106	0.325962	-0.159415	0.000000	0.180090	-0.000013	-0.169410	0.185633	-0.192082	0.175638	-4.000000	36.000000	1.180000	23.319729
-228.283112	-41.070911	302.766907	59.767662	98.683006	6.819819	303.765259	0.325962	-0.159415	0.000000	-0.000039	-0.000013	0.000022	0.185633	0.000021	0.175638	-4.000000	40.000000	1.180000	22.434290
-226.661545	-39.919392	300.960419	59.577213	98.529831	6.430117	302.644928	0.325962	-0.000012	0.000000	0.180090	-0.000013	0.000022	0.185633	-0.192082	0.175638	-4.000000	40.000000	1.180000	22.406673
-229.364166	-41.838593	301.141083	61.695652	99.781570	6.624968	301.844727	0.325962	-0.159415	0.000000	0.180090	-0.000013	-0.169410	0.185633	-0.192082	0.175638	-4.000000	40.000000	1.180000	22.369007
-227.382233	-42.414352	297.708740	60.644028	96.026344	6.624968	301.364594	0.162962	-0.000012	0.000000	0.180090	-0.000013	0.000022	0.185633	-0.192082	0.175638	-4.000000	40.000000	1.180000	22.350809
-254.768997	-79.646858	283.798798	20.331512	35.575928	6.235266	285.680176	0.325962	-0.000012	0.000000	0.180090	-0.000013	0.000022	0.000021	-0.192082	0.175638	-4.000000	44.000000	1.180000	21.763167
-255.129364	-82.717583	284.160095	21.728138	36.121658	6.235266	285.039978	0.325962	-0.000012	0.000000	0.180090	-0.000013	0.000022	0.185633	-0.192082	0.175638	-4.000000	44.000000	1.180000	21.738224
-254.228485	-81.757980	283.979462	18.929338	35.218384	6.430117	284.399811	0.325962	-0.000012	0.000000	0.180090	-0.000013	0.000022	0.000021	0.000021	0.175638	-4.000000	44.000000	1.180000	21.705646
-251.886200	-81.182228	282.534271	20.151093	34.691101	6.430117	284.079712	0.325962	-0.000012	0.000000	0.180090	-0.000013	0.000022	0.185633	-0.192082	0.175638	-4.000000	44.000000	1.180000	21.693145
259.207336	-61.414448	-277.293213	-104.896217	-47.621342	5.845565	264.074097	0.162962	-0.000012	0.000000	0.180090	-0.000013	-0.169410	0.185633	-0.192082	0.175638	0.000000	-44.000000	1.180000	20.920696
262.456451	-61.222530	-280.179810	-104.196907	-46.384850	6.040416	264.394196	0.162962	-0.159415	0.000000	0.180090	-0.000013	0.000022	0.185633	0.000021	0.175638	0.000000	-44.000000	1.180000	20.925768
260.651398	-59.495247	-278.556091	-104.896217	-45.849636	5.650713	265.034393	0.162962	-0.000012	0.000000	0.180090	-0.000013	0.000022	0.185633	-0.192082	0.175638	0.000000	-44.000000	1.180000	20.967435
262.095459	-61.414448	-279.819000	-104.721397	-47.086266	5.845565	265.834595	0.325962	-0.000012	0.000000	0.180090	-0.000013	0.000022	0.185633	-0.192082	0.175638	0.000000	-44.000000	1.180000	20.991889
282.492676	-26.484980	-270.978790	-70.804947	7.689282	6.430117	284.653748	0.325962	-0.000012	0.000000	0.180090	-0.000013	0.000022	0.185633	0.000021	0.175638	0.000000	-40.000000	1.180000	21.715558
283.575745	-28.212261	-271.159210	-67.832893	10.192762	6.235266	285.200043	0.325962	-0.000012	0.000000	0.180090	-0.000013	0.000022	0.185633	-0.192082	0.175638	0.000000	-40.000000	1.180000	21.744463
286.102814	-29.363781	-275.308685	-70.979774	7.689282	6.235266	285.840210	0.325962	-0.000012	0.000000	0.180090	-0.000013	0.000022	0.000021	-0.192082	0.175638	0.000000	-40.000000	1.180000	21.769398
284.839294	-28.404181	-273.865387	-69.755989	8.046922	6.235266	286.640442	0.325962	-0.159415	0.000000	0.180090	-0.000013	-0.169410	0.185633	-0.192082	0.175638	0.000000	-40.000000	1.180000	21.800528
301.987396	11.156218	-253.659256	-32.867481	67.397621	6.624968	303.285095	0.325962	-0.159415	0.000000	0.180090	-0.000013	0.000022	0.000021	-0.192082	0.175638	0.000000	-36.000000	1.180000	22.423509
300.904327	9.425078	-253.298431	-31.468866	67.397621	6.819819	303.925293	0.325962	-0.159415	0.000000	0.180090	-0.000013	0.000022	0.185633	-0.192082	0.175638	0.000000	-36.000000	1.180000	22.440334
302.889923	10.963869	-255.282959	-33.391964	66.861305	7.014670	304.565460	0.325962	-0.000012	0.000000	0.180090	-0.000013	0.000022	0.185633	-0.192082	0.175638	0.000000	-36.000000	1.180000	22.457145
301.806885	10.579171	-252.576782	-33.741615	67.755173	6.819819	305.205658	0.325962	-0.000012	0.000000	0.180090	-0.000013	0.000022	0.185633	-0.192082	0.175638	0.000000	-36.000000	1.180000	22.488635
314.983856	45.586651	-226.417038	11.042108	126.214127	6.819819	318.009247	0.325962	-0.000012	0.000000	-0.000039	-0.000013	0.000022	0.000021	0.000021	0.175638	0.000000	-32.000000	1.180000	22.966055
316.608429	44.624908	-228.762390	10.864051	124.458725	7.014670	318.895416	0.162962	-0.000012	0.000000	0.180090	-0.000013	0.000022	0.185633	-0.192082	0.175638	0.000000	-32.000000	1.180000	22.991551
316.247406	45.394302	-228.581985	9.287005	124.605164	7.014670	319.289581	0.325962	-0.000012	-0.167113	0.180090	-0.000013	0.000022	0.185633	0.000021	0.175638	0.000000	-32.000000	1.180000	23.006075
318.413483	46.920013	-227.319107	12.265868	127.856293	7.014670	319.609711	0.325962	-0.000012	0.000000	0.180090	-0.000013	0.000022	0.185633	-0.192082	0.175638	0.000000	-32.000000	1.180000	23.017865
324.370178	83.671707	-191.777939	52.581520	183.600449	7.209521	332.176056	0.325962	-0.000012	0.000000	0.180090	-0.000013	0.000022	0.185633	0.000021	0.175638	0.000000	-28.000000	1.180000	23.468931
327.438812	83.287018	-196.288254	51.691990	182.575226	7.014670	332.656097	0.325962	-0.159415	0.000000	0.180090	-0.000013	0.000022	0.185633	0.000021	0.175638	0.000000	-28.000000	1.180000	23.493289
326.897278	85.402855	-194.664536	52.217670	185.615158	7.209521	333.456116	0.325962	-0.159415	0.000000	0.180090	-0.000013	0.000022	0.000021	0.000021	0.175638	0.000000	-28.000000	1.180000	23.515108
328.702332	83.287018	-196.468658	51.516762	182.706589	7.404373	333.936157	0.162962	-0.159415	0.000000	0.180090	-0.000013	0.000022	0.185633	0.000021	0.175638	0.000000	-28.000000	1.180000	23.525385
317.330444	111.946991	-148.839890	92.695160	225.075928	7.014670	326.971771	0.162962	-0.000012	0.000000	0.180090	-0.000013	0.000022	0.185633	-0.192082	0.175638	0.000000	-24.000000	1.180000	23.287339
315.344879	113.870476	-146.133713	91.819016	224.003296	7.014670	325.691406	0.162962	-0.000012	0.000000	0.180090	-0.000013	0.000022	0.185633	-0.192082	0.175638	0.000000	-24.000000	1.180000	23.240698
314.622833	111.177597	-145.953308	90.767654	221.557983	7.014670	324.571106	0.325962	-0.000012	0.000000	0.180090	-0.000013	0.000022	0.185633	-0.192082	0.175638	0.000000	-24.000000	1.180000	23.199811
314.081329	113.870476	-145.051239	92.169479	223.645737	7.014670	323.055603	0.325962	-0.000012	0.000000	0.180090	-0.000013	0.000022	0.185633	0.000021	0.175638	0.000000	-24.000000	1.180000	23.144386
286.283325	126.180801	-95.798767	115.474693	240.092911	6.819819	301.294556	0.325962	-0.159415	0.000000	0.180090	-0.169996	0.000022	0.185633	0.000021	0.175638	0.000000	-20.000000	1.180000	22.340764
284.658752	127.142548	-92.370941	117.957893	241.701874	6.819819	300.244263	0.325962	-0.000012	0.000000	0.180090	-0.000013	0.000022	0.185633	0.000021	0.175638	0.000000	-20.000000	1.180000	22.300887
281.409637	125.988441	-93.633820	115.649918	240.986771	6.624968	299.854492	0.325962	-0.000012	0.000000	0.180090	-0.000013	0.000022	0.185633	0.000021	0.175638	0.000000	-20.000000	1.180000	22.293479
281.048645	126.757835	-91.829697	117.752647	242.658707	6.624968	299.054443	0.325962	-0.000012	0.000000	0.180090	-0.000013	0.000022	0.185633	-0.192082	0.175638	0.000000	-20.000000	1.180000	22.263045
259.387848	134.259445	-49.613297	133.523102	252.493820	6.040416	284.173737	0.162962	-0.000012	0.000000	0.180090	-0.000013	-0.169410	0.185633	0.000021	0.175638	0.000000	-16.000000	1.180000	21.712034
258.124298	134.259445	-48.891651	131.946045	252.136185	6.235266	283.533691	0.325962	-0.000012	0.000000	0.180090	-0.000013	0.000022	0.185633	0.000021	0.175638	0.000000	-16.000000	1.180000	21.679422
256.860748	132.335968	-48.711235	130.719467	249.031586	6.235266	283.213684	0.325962	-0.000012	0.000000	0.180090	-0.000013	0.000022	0.000021	0.000021	0.175638	0.000000	-16.000000	1.180000	21.666909
257.943787	133.490051	-50.334942	131.420364	250.104218	6.235266	282.733643	0.325962	-0.000012	0.000000	0.180090	-0.000013	0.000022	0.185633	0.000021	0.175638	0.000000	-16.000000	1.180000	21.648125
228.521240	131.181870	-10.644307	138.779907	253.143372	5.845565	267.212921	0.325962	-0.159415	0.000000	0.180090	-0.000013	0.000022	0.185633	0.000021	0.175638	0.000000	-12.000000	1.180000	21.047459
227.799225	131.566574	-10.103071	137.202866	251.778549	5.650713	266.572876	0.162962	-0.000012	0.000000	0.180090	-0.000013	0.000022	0.185633	0.000021	0.175638	0.000000	-12.000000	1.180000	21.029525
227.799225	131.181870	-11.365955	136.852402	250.347977	6.040416	265.834595	0.325962	-0.000012	0.000000	0.180090	-0.000013	0.000022	0.185633	-0.192082	0.175638	0.000000	-12.000000	1.180000	20.984021
226.174652	130.989517	-9.381424	134.924911	248.316498	5.845565	265.194427	0.325962	-0.000012	0.000000	0.180090	-0.000013	0.000022	0.185633	-0.192082	0.175638	0.000000	-12.000000	1.180000	20.966029
219.315399	139.645218	28.181187	149.118317	273.523560	6.040416	279.853516	0.325962	-0.000012	0.000000	0.180090	-0.000013	0.000022	0.185633	-0.192082	0.175638	0.000000	-8.000000	1.180000	21.542749
220.578949	140.799301	27.819889	148.767868	273.523560	6.040416	280.973572	0.325962	-0.000012	0.000000	0.180090	-0.000013	0.000022	0.185633	0.192531	0.175638	0.000000	-8.000000	1.180000	21.586765
221.842499	140.222260	28.903778	150.695374	274.596222	6.040416	281.453583	0.325962	-0.000012	0.000000	0.180090	-0.000013	0.000022	0.185633	0.000021	0.175638	0.000000	-8.000000	1.180000	21.605601
221.120468	140.029907	30.168322	150.870590	274.953735	6.040416	282.159180	0.325962	-0.000012	0.000000	0.180090	-0.000013	0.000022	0.185633	-0.192082	0.175638	0.000000	-8.000000	1.180000	21.633260
207.582474	153.109634	74.788498	157.704453	296.227814	6.430117	299.534485	0.325962	-0.000012	0.000000	0.180090	-0.000013	0.000022	0.185633	0.192531	0.175638	0.000000	-4.000000	1.180000	22.288721
207.762985	153.879013	74.788498	158.580597	298.194305	6.235266	300.084229	0.325962	-0.000012	0.000000	0.180090	-0.000013	0.000022	0.185633	-0.192082	0.175638	0.000000	-4.000000	1.180000	22.317014
208.846024	155.994858	74.065910	158.230133	298.730652	6.430117	301.044464	0.162962	-0.000012	0.000000	0.180090	-0.000013	0.000022	0.185633	0.000021	0.175638	0.000000	-4.000000	1.180000	22.346059
209.387543	155.417801	75.149796	160.508087	300.518372	6.235266	301.454559	0.325962	-0.000012	0.000000	0.180090	-0.000013	0.000022	0.185633	0.000021	0.175638	0.000000	-4.000000	1.180000	22.368990
187.546249	165.227615	122.118401	163.662170	313.568848	7.014670	315.375244	0.325962	-0.000012	0.000000	0.180090	-0.000013	0.000022	0.185633	0.000021	0.175638	0.000000	0.000000	1.180000	22.861431
187.546249	167.535797	121.757111	162.085129	315.714111	6.819819	316.175262	0.325962	-0.000012	0.000000	0.180090	-0.000013	-0.169410	0.000021	0.000021	0.175638	0.000000	0.000000	1.180000	22.898281
188.268280	167.151093	123.202293	163.837402	314.462708	7.014670	316.495300	0.325962	-0.159415	-0.167113	0.180090	-0.000013	0.000022	0.185633	0.000021	0.175638	0.000000	0.000000	1.180000	22.902913
188.268280	166.766403	121.034515	163.662170	315.177826	7.014670	316.975342	0.325962	-0.159415	-0.167113	0.180090	-0.000013	-0.169410	0.185633	0.000021	0.175638	0.000000	0.000000	1.180000	22.920669
160.109268	171.767471	170.170898	173.299683	327.334412	7.404373	329.372437	0.325962	-0.000012	0.000000	0.180090	-0.000013	0.000022	0.185633	-0.192082	0.175638	0.000000	4.000000	1.180000	23.360407
161.553314	173.690948	169.087006	172.073074	328.228271	7.209521	330.095947	0.325962	-0.000012	0.000000	0.180090	-0.000013	0.000022	0.185633	0.000021	0.175638	0.000000	4.000000	1.180000	23.393698
160.109268	175.806793	171.254791	170.320816	328.943359	7.404373	330.415985	0.325962	-0.000012	0.000000	0.180090	-0.000013	0.000022	0.185633	0.000021	0.175638	0.000000	4.000000	1.180000	23.398234
161.733826	175.229736	170.351562	172.248322	330.194794	7.209521	330.895996	0.325962	-0.159415	0.000000	0.180090	-0.000013	0.000022	0.185633	-0.192082	0.175638	0.000000	4.000000	1.180000	23.422663
123.646950	174.652695	208.107086	174.876724	329.300903	7.209521	332.816071	0.325962	-0.000012	0.000000	0.180090	-0.000013	0.000022	0.185633	0.000021	0.175638	0.000000	8.000000	1.180000	23.492030
120.217323	176.383835	210.816818	174.526260	330.015991	7.209521	331.773102	0.325962	-0.000012	0.000000	0.180090	-0.000013	0.000022	0.000021	-0.192082	0.175638	0.000000	8.000000	1.180000	23.454376
121.119865	172.152161	209.552277	177.505127	328.585846	7.404373	330.735992	0.325962	-0.159415	0.000000	0.180090	-0.000013	-0.169410	0.185633	0.000021	0.175638	0.000000	8.000000	1.180000	23.409821
120.758842	173.883301	209.913574	176.628998	326.798096	7.404373	329.775940	0.325962	-0.000012	0.000000	-0.000039	-0.000013	0.000022	0.185633	0.000021	0.175638	0.000000	8.000000	1.180000	23.375040
71.661072	157.725998	224.004150	167.867630	300.697144	6.624968	305.205658	0.325962	-0.000012	0.000000	0.180090	-0.000013	0.000022	0.185633	-0.192082	0.175638	0.000000	12.000000	1.180000	22.495977
72.022087	156.956604	223.462219	167.166718	298.015533	6.624968	304.654724	0.325962	-0.000012	0.000000	0.180090	-0.000013	0.000022	0.185633	0.000021	0.175638	0.000000	12.000000	1.180000	22.475213
72.202599	157.918350	223.462219	165.940140	298.551880	6.819819	303.765259	0.325962	-0.000012	0.000000	0.180090	-0.000013	0.000022	0.185633	0.000021	0.175638	0.000000	12.000000	1.180000	22.434290
71.841591	158.303040	222.920258	165.940140	299.803284	6.819819	303.054626	0.325962	-0.000012	0.000000	-0.000039	-0.000013	0.000022	0.185633	0.000021	0.175638	0.000000	12.000000	1.180000	22.407429
28.520020	141.184006	232.675293	156.127411	273.881104	6.430117	287.533905	0.325962	-0.159415	0.000000	0.180090	-0.000013	0.000022	0.185633	0.000021	0.175638	0.000000	16.000000	1.180000	21.827668
26.173437	142.530441	234.481766	156.127411	277.635376	6.430117	287.053864	0.325962	-0.000012	0.000000	0.180090	-0.000013	0.000022	0.185633	0.000021	0.175638	0.000000	16.000000	1.180000	21.809023
27.797995	143.107498	233.217224	155.776947	275.847626	6.235266	286.413849	0.325962	-0.000012	0.000000	-0.000039	-0.000013	0.000022	0.185633	0.000021	0.175638	0.000000	16.000000	1.180000	21.791718
27.978500	142.722794	232.133331	154.900818	274.417419	6.430117	286.000275	0.325962	-0.000012	0.000000	0.180090	-0.000013	0.000022	0.185633	-0.192082	0.175638	0.000000	16.000000	1.180000	21.768044
-12.071798	132.143600	239.178619	138.604691	250.461777	6.040416	272.236420	0.325962	-0.000012	0.000000	0.180090	-0.000013	0.000022	0.185633	0.000021	0.175638	0.000000	20.000000	1.180000	21.240991
-12.071798	129.643066	236.649551	138.429459	249.567886	6.040416	271.373108	0.325962	-0.000012	0.000000	0.180090	-0.000013	0.000022	0.185633	0.000021	0.175638	0.000000	20.000000	1.180000	21.206519
-11.711448	130.027771	237.372147	138.955139	249.746689	6.040416	270.573059	0.162962	-0.159415	0.000000	0.180090	-0.000013	0.000022	0.185633	0.000021	0.175638	0.000000	20.000000	1.180000	21.174523
-11.891622	129.450729	236.107605	138.079010	248.495270	6.040416	269.613007	0.325962	-0.000012	0.000000	0.180090	-0.000013	0.000022	0.185633	0.000021	0.175638	0.000000	20.000000	1.180000	21.136065
-48.647549	122.910866	254.353104	125.462646	236.338669	6.235266	275.373322	0.325962	-0.000012	0.000000	0.180090	-0.000013	0.000022	0.185633	0.000021	0.175638	0.000000	24.000000	1.180000	21.358048
-49.728603	120.602692	254.533752	126.514008	236.338669	6.040416	276.173340	0.325962	-0.000012	0.000000	0.180090	-0.000013	0.000022	0.185633	0.000021	0.175638	0.000000	24.000000	1.180000	21.397487
-49.188076	123.872620	256.701538	127.390137	237.590088	6.430117	276.973389	0.325962	-0.000012	0.000000	0.180090	-0.000013	0.000022	0.185633	0.000021	0.175638	0.000000	24.000000	1.180000	21.413732
-51.530365	122.718513	257.604767	126.864471	236.696198	6.235266	277.613403	0.325962	-0.159415	0.000000	-0.000039	-0.000013	0.000022	0.185633	0.000021	0.175638	0.000000	24.000000	1.180000	21.446747
-97.475266	103.868340	283.076202	114.773781	224.360825	6.430117	295.374268	0.325962	-0.000012	0.000000	0.180090	-0.000013	0.000022	0.185633	0.000021	0.175638	0.000000	28.000000	1.180000	22.129976
-95.673515	106.176521	284.340759	113.897652	227.936279	6.430117	296.083099	0.325962	-0.000012	0.000000	0.180090	-0.000013	0.000022	0.185633	0.000021	0.175638	0.000000	28.000000	1.180000	22.157104
-98.916679	105.022430	284.882690	115.299469	227.221207	6.430117	296.563232	0.325962	-0.000012	0.000000	0.180090	-0.000013	0.000022	0.185633	0.192531	0.175638	0.000000	28.000000	1.180000	22.175460
-98.556328	105.599472	285.785950	115.474693	226.506119	6.430117	297.523499	0.325962	-0.000012	0.000000	0.180090	-0.000013	0.000022	0.185633	0.000021	0.175638	0.000000	28.000000	1.180000	22.212128
-150.266861	79.055344	307.644409	91.118118	202.192902	6.819819	312.815094	0.325962	-0.000012	0.000000	0.180090	-0.000013	0.000022	0.185633	0.000021	0.175638	0.000000	32.000000	1.180000	22.773582
-150.627213	77.131851	306.379852	90.767654	201.120270	6.819819	312.975128	0.325962	-0.159415	0.000000	0.180090	-0.000013	-0.169410	0.185633	0.000021	0.175638	0.000000	32.000000	1.180000	22.779537
-149.906525	77.516548	307.825043	92.169479	202.550461	7.014670	313.775146	0.325962	-0.000012	0.000000	0.180090	-0.000013	0.000022	0.000021	0.000021	0.175638	0.000000	32.000000	1.180000	22.802039
-151.347916	78.478294	309.270233	92.169479	203.444321	6.819819	314.255188	0.325962	-0.000012	0.000000	0.180090	-0.000013	0.000022	0.185633	0.000021	0.175638	0.000000	32.000000	1.180000	22.827109
-203.058456	41.739674	322.999542	60.453354	161.790070	7.014670	326.415771	0.325962	-0.000012	-0.167113	-0.000039	-0.000013	0.000022	0.185633	0.000021	0.175638	0.000000	36.000000	1.180000	23.267097
-203.779175	43.086117	324.264069	61.329483	162.505173	7.209521	326.895782	0.325962	-0.000012	0.000000	0.180090	-0.000013	0.000022	0.185633	-0.192082	0.175638	0.000000	36.000000	1.180000	23.277481
-205.040405	41.162628	324.083405	61.329483	161.790070	6.819819	327.215790	0.162962	-0.000012	0.000000	0.180090	-0.000013	0.000022	0.185633	0.000021	0.175638	0.000000	36.000000	1.180000	23.303305
-206.301620	39.623840	324.986664	61.504719	162.683945	7.404373	328.015839	0.325962	-0.000012	0.000000	0.180090	-0.000013	0.000022	0.185633	0.000021	0.175638	0.000000	36.000000	1.180000	23.311141
-261.976044	-3.070723	337.090118	24.882227	109.230652	7.404373	339.536407	0.325962	-0.000012	0.000000	0.180090	-0.000013	0.000022	0.185633	-0.192082	0.175638	0.000000	40.000000	1.110000	24.462954
-260.354462	-0.959601	337.451416	23.830864	110.303284	7.404373	338.576385	0.325962	-0.000012	0.000000	0.180090	-0.000013	0.000022	0.185633	0.000021	0.175638	0.000000	40.000000	1.180000	23.691951
-262.156219	-4.798004	336.367523	20.501547	106.012718	7.404373	337.456299	0.325962	-0.000012	0.000000	0.180090	-0.000013	0.000022	0.185633	0.000021	0.175638	0.000000	40.000000	1.180000	23.651851
-260.174286	-2.494962	333.838440	21.903364	106.012718	7.599224	336.496277	0.162962	-0.000012	0.000000	-0.000039	-0.000013	0.000022	0.000021	0.000021	0.175638	0.000000	40.000000	1.180000	23.610435
-281.975586	-42.402542	309.992828	-22.377859	39.330173	6.624968	310.254974	0.325962	-0.000012	0.000000	0.180090	-0.000013	-0.169410	0.000021	0.000021	0.175638	0.000000	44.000000	1.180000	22.685395
-281.795410	-43.565872	310.715424	-22.203033	38.625137	6.819819	309.454956	0.162962	-0.000012	0.000000	0.180090	-0.000013	0.000022	0.185633	0.000021	0.175638	0.000000	44.000000	1.180000	22.648199
-282.155762	-45.676998	308.005707	-19.930283	38.615082	6.819819	308.494904	0.325962	-0.000012	0.000000	0.180090	-0.000013	0.000022	0.185633	0.000021	0.175638	0.000000	44.000000	1.180000	22.612247
-279.993652	-44.896812	309.270233	-21.328897	39.866493	6.819819	307.854858	0.325962	-0.000012	0.000000	0.180090	-0.000013	0.000022	0.185633	0.000021	0.175638	0.000000	44.000000	1.180000	22.588246
279.604584	-21.878899	-296.958130	-154.721924	-44.957623	6.430117	285.360107	0.325962	-0.000012	0.000000	0.180090	-0.000013	0.000022	0.185633	0.000021	0.175638	4.000000	-44.000000	1.180000	21.743107
280.146088	-21.878899	-298.221008	-155.246414	-45.492828	6.430117	284.813751	0.325962	-0.000012	0.000000	0.180090	-0.000013	0.000022	0.185633	0.000021	0.175638	4.000000	-44.000000	1.180000	21.721802
279.063049	-22.070818	-297.679779	-154.721924	-44.410912	6.430117	284.333710	0.325962	-0.000012	0.000000	0.180090	-0.000013	0.000022	0.185633	0.000021	0.175638	4.000000	-44.000000	1.180000	21.703065
277.799530	-20.721605	-295.514832	-154.547104	-44.065605	6.235266	283.853729	0.325962	-0.000012	0.000000	0.180090	-0.000013	0.000022	0.185633	0.000021	0.175638	4.000000	-44.000000	1.180000	21.691929
265.344574	11.733264	-256.004608	-108.392754	9.653760	5.845565	268.972992	0.325962	-0.000012	0.000000	0.180090	-0.000013	0.000022	0.185633	0.000021	0.175638	4.000000	-40.000000	1.180000	21.118208
265.344574	11.156218	-254.200485	-106.120003	10.011308	5.845565	268.172943	0.325962	-0.000012	0.000000	0.180090	-0.000013	0.000022	0.185633	0.000021	0.175638	4.000000	-40.000000	1.180000	21.086078
263.358978	10.771521	-250.772644	-104.546570	10.726401	5.650713	267.372894	0.162962	-0.000012	0.000000	0.180090	-0.000013	0.000022	0.185633	0.000021	0.175638	4.000000	-40.000000	1.180000	21.061740
262.636963	11.348566	-251.855118	-103.322784	11.977818	5.845565	266.572876	0.325962	-0.159415	0.000000	0.180090	-0.000013	0.000022	0.185633	0.000021	0.175638	4.000000	-40.000000	1.180000	21.021673
275.091919	44.432560	-232.190231	-68.182541	63.822159	6.040416	277.933411	0.325962	-0.000012	0.000000	0.180090	-0.000013	0.000022	0.185633	0.000021	0.175638	4.000000	-36.000000	1.180000	21.467082
276.174957	44.047863	-231.829407	-65.385315	66.146210	6.040416	278.798248	0.325962	-0.159415	-0.167113	0.180090	-0.000013	0.000022	0.185633	0.000021	0.175638	4.000000	-36.000000	1.180000	21.501196
274.369904	45.586651	-231.288147	-69.231506	65.609894	6.040416	279.693512	0.325962	-0.000012	0.000000	0.180090	-0.000013	0.000022	0.185633	0.000021	0.175638	4.000000	-36.000000	1.180000	21.536453
278.160522	45.201954	-233.994339	-68.707024	65.073570	6.235266	280.493530	0.325962	-0.000012	0.000000	0.180090	-0.000013	0.000022	0.185633	0.000021	0.175638	4.000000	-36.000000	1.180000	21.560253
293.864594	79.824738	-215.411911	-35.839546	119.241959	6.624968	298.003662	0.325962	-0.000012	0.000000	0.180090	-0.169996	0.000022	0.185633	0.000021	0.175638	4.000000	-32.000000	1.180000	22.223010
295.850189	78.093597	-215.411911	-33.217136	117.811768	6.624968	298.574432	0.325962	-0.159415	0.000000	0.180090	-0.000013	0.000022	0.185633	0.000021	0.175638	4.000000	-32.000000	1.180000	22.244766
295.128143	79.055344	-213.246979	-33.391968	119.957054	6.819819	299.374451	0.325962	-0.000012	0.000000	0.180090	-0.169996	0.000022	0.185633	0.000021	0.175638	4.000000	-32.000000	1.180000	22.267809
297.294220	77.901253	-217.576859	-34.615753	117.990555	6.624968	299.924194	0.325962	-0.000012	0.000000	-0.000039	-0.000013	0.000022	0.185633	0.000021	0.175638	4.000000	-32.000000	1.180000	22.296128
310.110168	113.870476	-186.004761	9.287005	174.483002	6.819819	314.095154	0.325962	-0.000012	0.000000	0.180090	-0.000013	0.000022	0.185633	0.000021	0.175638	4.000000	-28.000000	1.180000	22.821167
309.568665	113.101082	-187.989288	7.709960	173.589142	7.014670	314.895203	0.325962	-0.000012	0.000000	0.180090	-0.000013	0.000022	0.185633	0.000021	0.175638	4.000000	-28.000000	1.180000	22.843629
310.471191	111.369942	-187.267654	10.688823	173.946686	7.209521	315.288513	0.325962	-0.159415	0.000000	0.180090	-0.000013	0.000022	0.185633	0.000021	0.175638	4.000000	-28.000000	1.180000	22.850990
310.832214	112.524033	-188.350113	8.936551	174.661774	7.014670	316.175262	0.325962	-0.000012	0.000000	0.180090	-0.000013	0.000022	0.185633	0.000021	0.175638	4.000000	-28.000000	1.180000	22.891068
316.066895	144.453934	-149.381134	54.495628	225.791016	7.014670	328.335876	0.162962	-0.000012	0.000000	-0.000039	-0.000013	0.000022	0.000021	0.000021	0.175638	4.000000	-24.000000	1.180000	23.336928
316.066895	145.608017	-152.087311	50.815853	224.897141	7.209521	328.655884	0.162962	-0.000012	0.000000	0.180090	-0.000013	0.000022	0.185633	0.000021	0.175638	4.000000	-24.000000	1.180000	23.341472
318.413483	147.339157	-149.922363	56.423122	227.221207	7.209521	329.295898	0.325962	-0.000012	0.000000	0.180090	-0.000013	0.000022	0.185633	0.000021	0.175638	4.000000	-24.000000	1.180000	23.364698
316.427917	146.954468	-152.989365	51.867218	228.293839	7.014670	329.935944	0.325962	-0.159415	0.000000	0.180090	-0.000013	-0.169410	0.185633	0.000021	0.175638	4.000000	-24.000000	1.180000	23.394961
316.608429	170.228668	-112.035851	92.519928	264.942444	7.404373	335.454163	0.162962	-0.000012	-0.167113	-0.000039	-0.000013	-0.169410	0.185633	0.000021	0.175638	4.000000	-20.000000	1.180000	23.580005
312.095734	170.036331	-108.968842	92.344704	266.015076	7.404373	334.333862	0.325962	-0.000012	0.000000	0.180090	-0.000013	-0.169410	0.185633	0.000021	0.175638	4.000000	-20.000000	1.180000	23.539707
310.832214	169.651627	-108.247200	92.169479	265.121216	7.404373	332.816071	0.162962	-0.000012	0.000000	0.180090	-0.000013	0.000022	0.185633	0.000021	0.175638	4.000000	-20.000000	1.180000	23.485001
311.373718	168.305176	-109.510078	92.169479	262.797150	7.599224	331.856018	0.325962	-0.000012	-0.167113	0.180090	-0.000013	-0.169410	0.185633	0.000021	0.175638	4.000000	-20.000000	1.180000	23.443289
275.633453	172.536865	-57.190598	114.773781	270.841980	6.624968	307.126221	0.325962	-0.000012	0.000000	0.180090	-0.000013	0.000022	0.185633	0.000021	0.175638	4.000000	-16.000000	1.180000	22.568211
273.828369	171.190414	-55.566891	113.547188	268.339111	6.819819	306.325989	0.325962	-0.000012	0.000000	0.180090	-0.169996	0.000022	0.185633	0.000021	0.175638	4.000000	-16.000000	1.180000	22.530814
274.730896	172.729202	-55.025654	114.773781	269.769318	6.624968	305.685791	0.325962	-0.000012	0.000000	0.180090	-0.000013	0.000022	0.185633	0.000021	0.175638	4.000000	-16.000000	1.180000	22.514057
273.647858	171.382767	-55.747307	113.371971	267.087708	6.430117	304.814728	0.325962	-0.000012	0.000000	0.180090	-0.000013	0.000022	0.185633	0.000021	0.175638	4.000000	-16.000000	1.180000	22.488589
246.932892	169.459274	-13.711311	124.411285	268.339111	6.624968	289.133972	0.325962	-0.159415	0.000000	0.180090	-0.000013	-0.169410	0.185633	0.000021	0.175638	4.000000	-12.000000	1.180000	21.882158
244.586319	170.036331	-13.711311	122.483780	267.981598	6.235266	288.333923	0.325962	-0.159415	0.000000	0.180090	-0.000013	0.000022	0.185633	0.000021	0.175638	4.000000	-12.000000	1.180000	21.866260
244.405807	169.266937	-12.989663	123.009460	267.445251	6.430117	287.533905	0.325962	-0.159415	0.000000	0.180090	-0.000013	-0.169410	0.000021	0.000021	0.175638	4.000000	-12.000000	1.180000	21.827668
244.405807	170.613358	-11.726779	123.710381	269.411774	6.430117	287.120605	0.325962	-0.159415	0.000000	0.180090	-0.000013	0.000022	0.185633	0.000021	0.175638	4.000000	-12.000000	1.180000	21.811616
213.358688	164.458206	28.000538	118.979233	263.333466	6.040416	274.156982	0.325962	-0.000012	0.000000	0.180090	-0.000013	0.000022	0.185633	0.000021	0.175638	4.000000	-8.000000	1.180000	21.317478
212.817169	165.035248	26.374701	118.804008	265.121216	6.040416	273.453217	0.325962	-0.159415	0.000000	0.180090	-0.000013	-0.169410	0.185633	0.000021	0.175638	4.000000	-8.000000	1.180000	21.289482
212.095154	163.688812	27.097296	118.628784	263.154724	6.040416	272.653168	0.325962	-0.000012	0.000000	0.180090	-0.000013	0.000022	0.185633	0.000021	0.175638	4.000000	-8.000000	1.180000	21.257611
210.651093	163.496460	28.723133	118.103104	262.797150	6.040416	271.693115	0.325962	-0.159415	0.000000	0.180090	-0.000013	-0.169410	0.185633	0.000021	0.175638	4.000000	-8.000000	1.180000	21.219303
188.448792	168.689880	64.852829	112.671051	266.908966	6.040416	272.876617	0.325962	-0.000012	0.000000	0.180090	-0.169996	0.000022	0.185633	0.000021	0.175638	4.000000	-4.000000	1.180000	21.266517
188.268280	170.228668	65.756073	113.021523	268.875458	5.845565	273.773224	0.325962	-0.000012	0.000000	0.180090	-0.000013	0.000022	0.185633	0.000021	0.175638	4.000000	-4.000000	1.180000	21.309967
188.990311	169.266937	65.756073	114.072884	269.948090	6.235266	274.573242	0.325962	-0.000012	0.000000	0.180090	-0.000013	0.000022	0.185633	0.000021	0.175638	4.000000	-4.000000	1.180000	21.326278
189.351334	171.382767	66.478668	112.320602	269.948090	6.040416	275.373322	0.325962	-0.000012	0.000000	0.180090	-0.000013	0.000022	0.185633	0.000021	0.351312	4.000000	-4.000000	1.180000	21.365778
173.827759	188.117111	110.556892	113.547188	290.685822	6.624968	293.774200	0.325962	-0.000012	0.000000	0.180090	-0.000013	0.000022	0.000021	0.000021	0.175638	4.000000	0.000000	1.180000	22.061134
173.827759	187.347717	111.460144	116.175613	293.009888	6.624968	294.414246	0.325962	-0.000012	0.000000	-0.000039	-0.000013	0.000022	0.185633	0.000021	0.175638	4.000000	0.000000	1.180000	22.085707
174.188782	189.271210	111.098846	114.598557	293.188660	6.819819	295.214264	0.325962	-0.000012	0.000000	0.180090	-0.000013	0.000022	0.185633	0.000021	0.175638	4.000000	0.000000	1.180000	22.108915
173.647263	187.924759	111.640785	116.175613	292.652344	6.235266	295.694305	0.325962	-0.159415	0.000000	0.180090	-0.000013	0.000022	0.000021	0.000021	0.175638	4.000000	0.000000	1.180000	22.149685
149.098358	197.157501	159.151352	123.710381	307.848083	7.014670	310.254974	0.325962	-0.000012	0.000000	0.180090	-0.000013	0.000022	0.185633	0.000021	0.175638	4.000000	4.000000	1.180000	22.670832
150.361908	199.465683	156.983566	121.782875	308.563202	7.014670	310.735016	0.325962	-0.159415	0.000000	0.180090	-0.000013	0.000022	0.185633	0.000021	0.175638	4.000000	4.000000	1.180000	22.688769
149.278885	199.850388	159.873932	122.308556	311.066010	6.624968	311.215027	0.325962	-0.000012	0.000000	0.180090	-0.169996	0.000022	0.185633	0.000021	0.175638	4.000000	4.000000	1.180000	22.721231
150.000916	199.850388	158.248093	120.731514	309.993378	6.624968	311.767517	0.325962	-0.000012	0.000000	0.180090	-0.000013	0.000022	0.185633	0.000021	0.175638	4.000000	4.000000	1.180000	22.741828
118.592773	205.236160	204.132812	132.646957	319.289581	7.014670	323.215637	0.325962	-0.000012	0.000000	0.180090	-0.000013	0.000022	0.185633	0.000021	0.175638	4.000000	8.000000	1.180000	23.150245
118.051254	206.390244	206.300598	132.822189	319.289581	6.819819	323.855652	0.325962	-0.159415	0.000000	0.180090	-0.000013	-0.169410	0.185633	0.000021	0.175638	4.000000	8.000000	1.180000	23.180786
117.329224	206.005554	205.758667	131.069916	320.541016	7.014670	324.335663	0.325962	-0.000012	0.000000	0.180090	-0.000013	0.000022	0.000021	0.000021	0.175638	4.000000	8.000000	1.180000	23.191209
117.690231	206.390244	206.300598	132.646957	318.753265	7.014670	324.815704	0.325962	-0.000012	0.000000	0.180090	-0.000013	0.000022	0.185633	0.000021	0.175638	4.000000	8.000000	1.180000	23.208744
77.617790	207.929031	246.946503	148.417404	329.122131	7.404373	336.816284	0.325962	-0.000012	0.000000	0.180090	-0.000013	0.000022	0.185633	0.000021	0.175638	4.000000	12.000000	1.180000	23.628908
78.159309	208.506088	247.307816	147.541275	328.764618	7.209521	337.456299	0.325962	-0.000012	0.000000	0.180090	-0.000013	0.000022	0.185633	0.000021	0.175638	4.000000	12.000000	1.180000	23.658831
78.700829	209.275482	248.933655	149.819229	330.552338	7.209521	337.936340	0.325962	-0.159415	0.000000	0.180090	-0.000013	0.000022	0.185633	0.000021	0.175638	4.000000	12.000000	1.180000	23.676020
78.159309	209.660172	248.391708	148.066956	329.837250	7.404373	338.495026	0.325962	-0.000012	0.000000	0.180090	-0.000013	0.000022	0.000021	0.000021	0.175638	4.000000	12.000000	1.180000	23.689040
29.783566	188.886505	258.146729	143.335831	301.412231	7.209521	317.209045	0.325962	-0.159415	0.000000	0.180090	-0.000013	0.000022	0.185633	0.000021	0.175638	4.000000	16.000000	1.180000	22.922105
28.520020	189.078842	257.604767	142.284454	301.233459	7.404373	316.175262	0.325962	-0.000012	0.000000	0.180090	-0.000013	-0.169410	0.185633	0.000021	0.175638	4.000000	16.000000	1.180000	22.876637
27.978500	187.924759	257.243500	143.511047	300.518372	7.014670	315.055206	0.325962	-0.000012	0.000000	0.180090	-0.000013	0.000022	0.185633	0.000021	0.175638	4.000000	16.000000	1.180000	22.849564
29.603058	187.347717	255.436981	141.758774	298.015533	7.014670	313.935181	0.325962	-0.000012	0.000000	0.180090	-0.000013	0.000022	0.185633	0.000021	0.175638	4.000000	16.000000	1.180000	22.807986
-14.233912	170.036331	258.869324	124.761742	267.445251	6.040416	295.442932	0.325962	-0.159415	0.000000	0.180090	-0.000013	0.000022	0.185633	0.000021	0.175638	4.000000	20.000000	1.180000	22.147523
-13.333031	169.459274	256.520905	122.659012	266.015076	6.235266	294.574219	0.325962	-0.000012	0.000000	0.180090	-0.000013	0.000022	0.185633	0.000021	0.175638	4.000000	20.000000	1.180000	22.106789
-14.233912	170.613358	258.869324	123.359917	268.517914	6.040416	293.774200	0.325962	-0.159415	0.000000	0.180090	-0.000013	0.000022	0.000021	0.192531	0.175638	4.000000	20.000000	1.180000	22.083578
-14.053735	167.920486	256.882172	123.359917	265.121216	6.235266	293.134155	0.325962	-0.159415	0.000000	0.180090	-0.000013	0.000022	0.185633	0.000021	0.175638	4.000000	20.000000	1.180000	22.051515
-53.512302	146.185074	257.966095	100.580376	234.193375	6.235266	279.213470	0.325962	-0.000012	0.000000	0.180090	-0.000013	0.000022	0.185633	0.000021	0.175638	4.000000	24.000000	1.180000	21.509880
-54.233006	146.762115	258.327362	99.704247	234.193375	6.235266	278.733459	0.325962	-0.000012	0.000000	0.180090	-0.000013	0.000022	0.185633	0.000021	0.175638	4.000000	24.000000	1.180000	21.490960
-50.449310	147.723862	257.062836	100.405159	235.444778	6.430117	277.998047	0.325962	-0.159415	0.000000	0.180090	-0.000013	0.000022	0.185633	0.000021	0.175638	4.000000	24.000000	1.180000	21.454245
-53.692478	147.146820	257.243500	99.704247	234.550934	6.235266	277.453400	0.325962	-0.159415	0.000000	0.180090	-0.000013	-0.169410	0.185633	0.000021	0.175638	4.000000	24.000000	1.180000	21.440424
-87.745758	121.564423	256.520905	74.471527	201.656586	5.845565	266.572876	0.325962	-0.000012	0.000000	0.180090	-0.000013	0.000022	0.185633	0.000021	0.175638	4.000000	28.000000	1.180000	21.021673
-88.286285	122.141479	257.424133	74.821983	202.729218	6.040416	267.435089	0.325962	-0.000012	-0.167113	0.180090	-0.000013	-0.169410	0.185633	0.000021	0.175638	4.000000	28.000000	1.180000	21.048559
-88.466469	122.526169	257.785431	74.646751	203.980652	6.040416	268.012939	0.162962	-0.000012	0.000000	0.180090	-0.000013	0.000022	0.185633	0.000021	0.175638	4.000000	28.000000	1.180000	21.071812
-87.745758	124.064957	258.508026	75.172432	204.874512	6.235266	268.875488	0.325962	-0.159415	0.000000	0.180090	-0.000013	0.000022	0.185633	0.000021	0.175638	4.000000	28.000000	1.180000	21.098648
-137.114014	101.752502	280.005188	50.640625	183.600449	6.624968	287.280640	0.325962	-0.000012	0.000000	0.180090	-0.000013	0.000022	0.185633	0.000021	0.175638	4.000000	32.000000	1.180000	21.810263
-140.177002	103.675987	283.618164	50.465401	184.315536	6.430117	288.080872	0.325962	-0.000012	0.000000	0.180090	-0.000013	0.000022	0.185633	0.000021	0.175638	4.000000	32.000000	1.180000	21.848894
-137.114014	102.906593	281.450378	50.290173	184.851868	6.235266	288.813965	0.325962	-0.159415	0.000000	0.180090	-0.000013	0.000022	0.185633	0.000021	0.175638	4.000000	32.000000	1.180000	21.884857
-136.753662	102.906593	282.714935	50.290173	185.745728	6.624968	289.681305	0.162962	-0.000012	0.000000	0.180090	-0.000013	0.000022	0.185633	0.000021	0.175638	4.000000	32.000000	1.180000	21.903345
-195.491074	75.400719	304.573395	19.625412	153.030167	6.624968	306.165955	0.325962	-0.159415	0.000000	0.180090	-0.000013	0.000022	0.185633	0.000021	0.175638	4.000000	36.000000	1.180000	22.532123
-193.509125	74.823669	303.128204	18.574047	150.169785	6.624968	306.734833	0.325962	-0.000012	0.000000	0.180090	-0.000013	0.000022	0.185633	0.000021	0.175638	4.000000	36.000000	1.180000	22.553509
-192.968597	77.901253	304.212097	16.471321	152.851410	6.624968	307.446289	0.325962	-0.000012	0.000000	0.180090	-0.000013	0.000022	0.185633	0.000021	0.175638	4.000000	36.000000	1.180000	22.580227
-198.554047	75.400719	307.102448	19.099730	153.208954	6.819819	307.694855	0.325962	-0.000012	0.000000	0.180090	-0.000013	-0.169410	0.000021	0.000021	0.175638	4.000000	36.000000	1.180000	22.582243
-250.084412	37.700352	318.844604	-24.825439	102.258476	7.014670	320.249908	0.325962	-0.000012	0.000000	0.180090	-0.000013	0.000022	0.185633	0.000021	0.175638	4.000000	40.000000	1.180000	23.041423
-247.922302	43.470814	318.302673	-20.979244	107.264137	7.209521	320.495483	0.325962	-0.159415	0.000000	0.180090	-0.000013	0.000022	0.185633	0.000021	0.175638	4.000000	40.000000	1.180000	23.043288
-252.606888	40.008537	321.012390	-22.028206	107.442909	7.404373	321.295502	0.325962	-0.159415	0.000000	0.180090	-0.000013	0.000022	0.185633	0.000021	0.175638	4.000000	40.000000	1.180000	23.065535
-254.048309	38.085049	322.818878	-22.552687	104.403755	7.014670	321.690308	0.325962	-0.000012	0.000000	0.180090	-0.000013	0.000022	0.185633	0.000021	0.351312	4.000000	40.000000	1.180000	23.094340
-304.677765	-5.180401	332.754578	-68.532196	46.123569	7.014670	334.333862	0.325962	-0.000012	0.000000	0.180090	-0.000013	-0.169410	0.185633	0.000021	0.175638	4.000000	44.000000	1.180000	23.553732
-306.119171	-4.988535	335.102997	-73.077705	43.799515	7.209521	335.134064	0.325962	-0.000012	0.000000	0.180090	-0.000013	0.169800	0.000021	0.000021	0.175638	4.000000	44.000000	1.180000	23.575502
-302.515656	-3.837335	333.296478	-73.252525	43.978287	7.404373	335.614197	0.325962	-0.000012	0.000000	0.180090	-0.000013	0.000022	0.185633	0.000021	0.175638	4.000000	44.000000	1.180000	23.585755
-311.344299	-5.372268	337.451416	-71.329430	44.872158	7.599224	336.016235	0.325962	-0.000012	0.000000	0.180090	-0.000013	0.000022	0.185633	0.000021	0.175638	4.000000	44.000000	1.180000	23.593199
298.738281	15.387892	-330.153931	-216.610703	-47.990475	6.819819	311.855072	0.325962	-0.000012	0.000000	0.180090	-0.000013	0.000022	0.000021	0.000021	0.175638	8.000000	-44.000000	1.180000	22.737830
299.099274	16.349636	-333.040527	-219.582733	-50.309719	6.624968	311.055023	0.325962	-0.159415	-0.167113	-0.000039	-0.000013	-0.169410	0.185633	0.000021	0.175638	8.000000	-44.000000	1.180000	22.715262
296.030670	14.810845	-329.612701	-214.862442	-48.347282	6.430117	310.254974	0.325962	-0.159415	-0.167113	0.180090	-0.000013	0.000022	0.185633	0.000021	0.175638	8.000000	-44.000000	1.180000	22.692673
297.835724	13.849101	-327.628174	-212.240021	-46.920059	6.624968	309.294952	0.325962	-0.000012	0.000000	0.180090	-0.000013	0.000022	0.185633	0.000021	0.175638	8.000000	-44.000000	1.180000	22.649503
285.200287	47.702488	-279.638580	-161.015701	11.799044	6.624968	292.562134	0.325962	-0.000012	0.000000	0.180090	-0.000013	0.000022	0.185633	0.192531	0.175638	8.000000	-40.000000	1.180000	22.014524
284.117249	47.702488	-278.556091	-158.568115	12.871685	6.430117	291.921936	0.325962	-0.000012	0.000000	0.180090	-0.000013	0.000022	0.185633	0.000021	0.175638	8.000000	-40.000000	1.180000	21.997374
281.770660	47.125443	-275.669525	-159.442261	12.156590	6.624968	291.054077	0.325962	-0.159415	0.000000	0.180090	-0.000013	0.000022	0.185633	0.000021	0.175638	8.000000	-40.000000	1.180000	21.956394
283.936737	47.702488	-278.556091	-158.917770	12.335363	6.430117	290.414032	0.325962	-0.159415	0.000000	0.180090	-0.000013	-0.169410	0.185633	0.000021	0.175638	8.000000	-40.000000	1.180000	21.939204
271.301300	78.285950	-230.927322	-111.015167	64.179703	6.040416	276.973389	0.325962	-0.000012	0.000000	0.180090	-0.000013	0.000022	0.185633	0.000021	0.175638	8.000000	-36.000000	1.180000	21.429149
268.413177	77.516548	-229.303619	-112.938263	62.928284	6.235266	276.653351	0.325962	-0.000012	0.000000	0.180090	-0.000013	0.000022	0.185633	0.000021	0.175638	8.000000	-36.000000	1.180000	21.408777
269.857239	76.362457	-230.205673	-109.266907	63.643379	6.430117	276.013336	0.325962	-0.000012	0.000000	0.180090	-0.000013	0.000022	0.185633	0.000021	0.175638	8.000000	-36.000000	1.180000	21.375704
270.759735	74.631325	-233.272705	-109.966202	62.391968	6.040416	275.373322	0.325962	-0.159415	0.000000	-0.000039	-0.000013	0.000022	0.185633	0.000021	0.175638	8.000000	-36.000000	1.180000	21.365778
262.997986	99.444313	-193.221252	-67.133583	106.549042	5.845565	269.292999	0.325962	-0.159415	0.000000	0.180090	-0.000013	0.000022	0.185633	0.000021	0.175638	8.000000	-32.000000	1.180000	21.131046
264.983551	102.521896	-192.319183	-67.133583	109.051872	5.845565	269.933014	0.325962	-0.000012	0.000000	0.180090	-0.000013	-0.169410	0.185633	0.000021	0.175638	8.000000	-32.000000	1.180000	21.156698
262.275940	100.598412	-190.875885	-65.385315	109.945747	6.040416	270.893066	0.325962	-0.000012	0.000000	0.180090	-0.000013	0.000022	0.185633	0.000021	0.175638	8.000000	-32.000000	1.180000	21.187327
265.344574	101.944847	-192.860428	-67.658066	109.409416	5.845565	271.533112	0.325962	-0.159415	0.000000	0.180090	-0.000013	0.000022	0.185633	0.000021	0.175638	8.000000	-32.000000	1.180000	21.220695
281.770660	132.912994	-169.587280	-29.196112	161.074982	6.430117	289.933990	0.325962	-0.000012	0.000000	0.180090	-0.000013	0.000022	0.185633	0.192531	0.175638	8.000000	-28.000000	1.180000	21.920653
281.951172	131.758911	-170.850159	-29.895424	159.823563	6.430117	290.734039	0.325962	-0.159415	0.000000	0.180090	-0.000013	0.169800	0.185633	0.000021	0.175638	8.000000	-28.000000	1.180000	21.951562
281.770660	132.335968	-170.308914	-30.594730	160.717438	6.430117	291.441803	0.325962	-0.159415	0.000000	0.180090	-0.000013	0.000022	0.185633	0.000021	0.175638	8.000000	-28.000000	1.180000	21.978868
282.673187	134.067108	-170.128510	-28.846462	163.577805	6.624968	292.174103	0.325962	-0.159415	0.000000	0.180090	-0.000013	0.000022	0.185633	0.000021	0.175638	8.000000	-28.000000	1.180000	21.999581
292.962067	164.458206	-140.180115	11.740186	208.092438	6.624968	308.406586	0.325962	-0.000012	0.000000	0.180090	-0.000013	0.169800	0.185633	0.000021	0.175638	8.000000	-24.000000	1.180000	22.616239
294.947632	165.035248	-143.968765	11.039277	209.165070	6.624968	308.886719	0.325962	-0.000012	0.000000	0.180090	-0.000013	0.000022	0.185633	0.000021	0.175638	8.000000	-24.000000	1.180000	22.634223
292.601044	166.189346	-140.901779	9.987914	210.952805	6.624968	309.366852	0.325962	-0.159415	0.000000	0.180090	-0.000013	0.000022	0.185633	0.000021	0.175638	8.000000	-24.000000	1.180000	22.652193
292.962067	164.265854	-142.345062	11.039277	209.880173	6.624968	309.774963	0.325962	-0.000012	0.000000	0.180090	-0.000013	0.000022	0.185633	0.000021	0.175638	8.000000	-24.000000	1.180000	22.667456
296.572174	193.502869	-105.180183	51.867218	250.461777	6.624968	322.330505	0.325962	-0.000012	0.000000	0.180090	-0.000013	0.000022	0.000021	0.000021	0.175638	8.000000	-20.000000	1.180000	23.132102
297.655243	193.887573	-104.819366	53.093807	252.249512	6.819819	322.970673	0.325962	-0.159415	0.000000	-0.000039	-0.000013	0.000014	0.185633	0.000021	0.175638	8.000000	-20.000000	1.180000	23.148410
298.557770	193.887573	-106.262657	51.867218	250.998077	6.819819	323.215637	0.325962	-0.000012	0.000000	0.180090	-0.000013	-0.169410	0.185633	0.000021	0.175638	8.000000	-20.000000	1.180000	23.157377
297.655243	194.656967	-106.803894	51.691990	251.891968	7.209521	324.015656	0.325962	-0.000012	0.000000	0.180090	-0.000013	0.000022	0.185633	0.000021	0.175638	8.000000	-20.000000	1.180000	23.172387
296.752686	217.354126	-63.685429	91.468567	288.361755	7.599224	336.734528	0.325962	-0.159415	0.000000	0.180090	-0.000013	0.000014	0.185633	0.000021	0.175638	8.000000	-16.000000	1.180000	23.618985
296.572174	219.469955	-62.422546	90.767654	288.004242	7.404373	336.976288	0.325962	-0.159415	0.000000	0.180090	-0.000013	-0.169410	0.185633	0.000021	0.175638	8.000000	-16.000000	1.180000	23.634646
298.377258	218.315872	-64.587486	90.417206	288.004242	7.404373	337.694794	0.325962	-0.000012	0.000000	0.180090	-0.000013	0.169800	0.185633	0.000021	0.175638	8.000000	-16.000000	1.180000	23.660395
295.850189	217.931168	-63.865841	89.891525	288.719330	7.404373	338.014893	0.325962	-0.159415	0.000000	0.180090	-0.000013	0.000022	0.185633	0.000021	0.175638	8.000000	-16.000000	1.180000	23.671858
263.178497	215.622986	-15.335019	99.704247	288.540527	7.014670	317.849243	0.325962	-0.000012	0.000000	0.180090	-0.000013	0.169800	0.185633	0.000021	0.175638	8.000000	-12.000000	1.180000	22.952957
261.914948	213.699493	-13.530900	100.054695	286.574036	7.404373	316.728912	0.325962	-0.000012	0.000000	0.180090	-0.000013	0.000022	0.185633	0.000021	0.175638	8.000000	-12.000000	1.180000	22.897138
260.290375	213.122452	-14.432960	99.003342	286.931580	7.014670	315.535248	0.325962	-0.000012	0.000000	0.180090	-0.000013	0.000022	0.185633	0.000021	0.175638	8.000000	-12.000000	1.180000	22.867361
260.651398	211.776016	-15.515430	98.127197	283.177338	7.014670	314.648315	0.325962	-0.000012	0.000000	0.180090	-0.000013	0.000022	0.185633	0.000021	0.175638	8.000000	-12.000000	1.180000	22.834468
223.647552	207.351990	31.071562	89.365837	279.780640	6.430117	296.014313	0.325962	-0.000012	0.000000	0.180090	-0.000013	-0.169410	0.185633	0.000021	0.175638	8.000000	-8.000000	1.180000	22.154473
224.550079	205.236160	29.445724	90.241974	277.635376	6.624968	295.374268	0.325962	-0.000012	-0.167113	0.180090	-0.000013	0.000022	0.185633	0.000021	0.175638	8.000000	-8.000000	1.180000	22.122513
224.550079	205.620850	29.987673	89.190613	276.205170	6.430117	294.642731	0.325962	-0.000012	0.000000	0.180090	-0.000013	0.000022	0.185633	0.000021	0.175638	8.000000	-8.000000	1.180000	22.101945
222.384018	206.582596	30.890913	87.964027	279.601868	6.430117	294.322601	0.325962	-0.000012	0.000000	0.180090	-0.000013	0.000022	0.000021	0.000021	0.175638	8.000000	-8.000000	1.180000	22.089667
187.907272	199.658035	67.743210	75.347664	271.020721	6.235266	280.078613	0.325962	-0.000012	0.000000	0.180090	-0.000013	0.000022	0.185633	0.000021	0.175638	8.000000	-4.000000	1.180000	21.543938
187.185257	199.465683	67.562561	75.172432	269.948090	6.430117	279.373505	0.325962	-0.000012	0.000000	0.180158	-0.000013	0.000022	0.185633	0.000021	0.175638	8.000000	-4.000000	1.180000	21.508508
187.365753	197.926895	66.659317	76.223801	268.517914	6.235266	279.118347	0.325962	-0.000012	0.000000	0.180090	-0.000013	0.169800	0.185633	0.000021	0.175638	8.000000	-4.000000	1.180000	21.506132
187.546249	198.696289	66.839966	76.048576	269.054230	6.235266	278.413452	0.325962	-0.000012	0.000000	0.180090	-0.000013	0.000022	0.185633	0.000021	0.175638	8.000000	-4.000000	1.180000	21.478337
151.264450	190.809998	98.453453	68.513802	258.506561	5.650713	262.633728	0.162962	-0.000012	0.000000	0.180090	-0.000013	0.000022	0.185633	0.000021	0.175638	8.000000	0.000000	1.180000	20.870180
150.903442	190.040604	98.092155	69.740387	258.864136	5.650713	262.252655	0.162962	-0.159415	0.000000	0.180090	-0.169996	0.000022	0.185633	0.000021	0.175638	8.000000	0.000000	1.180000	20.854700
150.722931	190.232941	97.550209	67.812897	257.433929	5.455863	261.772644	0.325962	-0.159415	0.000000	0.180090	-0.000013	0.000022	0.185633	0.192531	0.175638	8.000000	0.000000	1.180000	20.843109
150.000916	190.040604	98.092155	68.163345	257.791473	5.455863	261.193329	0.325962	-0.159415	-0.167113	0.180090	0.170375	0.000022	0.185633	0.000021	0.175638	8.000000	0.000000	1.180000	20.819542
127.979111	195.618713	136.028351	70.966980	264.048584	5.650713	266.092834	0.162962	-0.159415	-0.167113	0.180158	-0.000013	0.000022	0.185633	0.000021	0.175638	8.000000	4.000000	1.180000	21.010171
128.520630	197.157501	136.750931	70.791756	265.657532	5.845565	267.052887	0.325962	-0.000012	0.000000	0.180090	-0.000013	-0.169410	0.185633	0.000021	0.175638	8.000000	4.000000	1.180000	21.041015
128.520630	196.965149	136.208984	69.389946	264.584869	5.845565	267.692932	0.325962	-0.000012	0.000000	0.180158	-0.000013	0.000022	0.185633	0.000021	0.175638	8.000000	4.000000	1.180000	21.066778
129.784164	196.580460	136.208984	72.018341	265.657532	5.845565	268.332947	0.325962	-0.159415	0.000000	0.180090	-0.000013	0.000022	0.185633	0.000021	0.175638	8.000000	4.000000	1.180000	21.092508
108.303894	208.698425	182.996948	81.480614	280.316956	6.235266	286.893860	0.325962	-0.000012	-0.167113	0.180158	-0.000013	-0.169410	0.185633	0.000021	0.175638	8.000000	8.000000	1.180000	21.810377
108.845428	207.929031	182.996948	81.305389	280.495758	6.624968	287.213898	0.325962	-0.159415	0.000000	0.180090	-0.000013	0.169800	0.185633	0.000021	0.175638	8.000000	8.000000	1.180000	21.807670
108.303894	208.121384	182.455002	80.779701	280.316956	6.430117	287.920837	0.325962	-0.159415	0.000000	0.180090	-0.000013	0.169800	0.185633	0.000021	0.175638	8.000000	8.000000	1.180000	21.842686
108.303894	209.852524	185.164734	81.130165	281.389618	6.235266	288.721039	0.325962	-0.159415	0.000000	-0.000039	-0.000013	0.000022	0.000021	0.000021	0.175638	8.000000	8.000000	1.180000	21.881258
76.715263	214.468887	222.378311	96.374931	289.434387	6.430117	302.324860	0.325962	-0.000012	0.000000	0.180090	0.170375	-0.169410	0.185633	0.000021	0.175638	8.000000	12.000000	1.180000	22.394564
77.256775	214.468887	220.752472	95.849251	289.791962	6.430117	303.125092	0.325962	-0.000012	0.000000	0.180090	-0.000013	0.000022	0.185633	0.000021	0.175638	8.000000	12.000000	1.180000	22.424826
79.242348	216.777084	223.100906	96.725380	290.685822	6.624968	303.925323	0.325962	-0.159415	0.000000	0.180158	-0.000013	0.000022	0.185633	0.000021	0.175638	8.000000	12.000000	1.180000	22.447693
77.437286	216.584732	224.184814	96.374931	293.367432	6.819819	304.174713	0.325962	-0.159415	-0.167113	0.180158	-0.000013	0.000014	0.000021	0.000021	0.175638	8.000000	12.000000	1.180000	22.449751
36.101295	218.508194	257.604767	111.444466	295.691498	6.819819	317.529144	0.162962	-0.159415	0.000000	0.180090	-0.000013	-0.169410	0.185633	0.000021	0.175638	8.000000	16.000000	1.180000	22.948333
35.740280	220.816406	258.327362	108.991295	296.406586	6.624968	318.169312	0.325962	-0.159415	-0.167113	-0.000039	0.170375	-0.169410	0.000021	0.000021	0.175638	8.000000	16.000000	1.180000	22.979148
39.169907	219.854660	255.798294	108.115150	294.440063	6.819819	318.969543	0.162962	-0.000012	0.000000	0.180090	-0.000013	0.169800	0.185633	0.000021	0.175638	8.000000	16.000000	1.180000	23.001463
34.657242	219.277618	257.785431	109.166512	294.082550	7.014670	319.129578	0.325962	-0.159415	0.000000	0.180090	-0.000013	0.169800	0.185633	0.000021	0.175638	8.000000	16.000000	1.180000	23.000180
-16.035671	221.201111	291.386047	103.208786	295.870270	7.209521	332.016052	0.325962	-0.000012	0.000000	0.180158	-0.000013	0.000022	0.185633	0.000021	0.175638	8.000000	20.000000	1.180000	23.463152
-16.576199	220.431702	290.302155	104.435379	295.870270	7.209521	332.253265	0.325962	-0.000012	0.000000	0.180158	-0.000013	0.000022	0.185633	0.000021	0.175638	8.000000	20.000000	1.180000	23.471719
-15.855498	218.123520	289.760223	103.909698	294.797638	7.404373	333.053497	0.325962	-0.000012	0.000000	0.180090	-0.000013	0.000022	0.185633	0.000021	0.175638	8.000000	20.000000	1.180000	23.493567
-12.432153	221.778152	289.940857	104.260147	296.227814	7.404373	333.373596	0.325962	-0.000012	0.000000	0.180090	-0.000013	0.169800	0.185633	0.000021	0.175638	8.000000	20.000000	1.180000	23.505111
-65.403923	201.004471	303.308838	83.408112	272.808472	7.209521	330.492767	0.325962	-0.000012	0.000000	0.180090	-0.000013	0.000022	0.185633	0.000021	0.175638	8.000000	24.000000	1.180000	23.408069
-63.962513	200.619781	302.224945	83.057663	270.841980	7.209521	329.532501	0.325962	-0.000012	0.000000	0.180090	-0.000013	0.000022	0.185633	0.000021	0.175638	8.000000	24.000000	1.180000	23.373278
-62.521103	201.773865	300.599121	82.882431	271.557068	7.014670	328.092102	0.325962	-0.000012	0.000000	0.180090	-0.000013	0.169800	0.185633	0.000021	0.175638	8.000000	24.000000	1.180000	23.328074
-65.584106	201.389175	300.779755	82.707207	271.199493	6.819819	326.971802	0.325962	-0.159415	0.000000	0.180090	0.170375	0.000022	0.185633	0.000021	0.351312	8.000000	24.000000	1.180000	23.294430
-103.961609	166.574036	289.760223	48.537899	227.221207	6.819819	305.845856	0.325962	-0.000012	0.000000	0.180158	-0.000013	0.000022	0.185633	0.000021	0.175638	8.000000	28.000000	1.180000	22.512747
-103.961609	166.381699	289.579559	47.136082	225.075928	6.819819	305.205658	0.325962	-0.000012	0.000000	0.180090	-0.000013	0.000014	0.000021	0.000021	0.175638	8.000000	28.000000	1.180000	22.488635
-102.520203	166.189346	288.315033	47.661766	226.506119	6.819819	304.565491	0.325962	-0.159415	0.000000	0.180090	-0.000013	0.169800	0.185633	0.000021	0.175638	8.000000	28.000000	1.180000	22.464498
-104.141785	164.650558	288.856964	48.537899	224.897141	6.624968	303.765289	0.325962	-0.000012	0.000000	0.180158	-0.000013	0.169800	0.185633	0.000021	0.175638	8.000000	28.000000	1.180000	22.441650
-136.393295	132.143600	275.850281	13.667686	180.561295	6.430117	285.200043	0.325962	-0.159415	0.000000	0.180090	-0.000013	0.169800	0.185633	0.000021	0.175638	8.000000	32.000000	1.180000	21.736867
-136.213135	131.758911	276.572876	14.193367	181.455170	6.430117	284.399841	0.325962	-0.000012	0.000000	0.180090	0.170375	0.000022	0.185633	0.000021	0.175638	8.000000	32.000000	1.180000	21.705647
-137.474350	132.143600	276.392212	14.018141	180.203751	6.430117	283.919708	0.325962	-0.000012	0.000000	0.180090	-0.000013	0.169800	0.185633	0.000021	0.175638	8.000000	32.000000	1.180000	21.686893
-136.753662	132.335968	274.585724	11.564960	179.309891	6.040416	283.279541	0.325962	-0.000012	0.000000	0.180158	-0.000013	0.000022	0.185633	0.000021	0.175638	8.000000	32.000000	1.180000	21.677104
-168.644821	100.021362	264.830719	-20.629591	131.756119	6.040416	269.835754	0.162962	-0.000012	0.000000	0.180090	-0.000013	0.000014	0.185633	0.000021	0.175638	8.000000	36.000000	1.180000	21.144994
-169.545700	99.444313	265.372650	-20.279936	132.649979	5.845565	269.355621	0.325962	-0.000006	0.000000	0.180090	0.170375	-0.169410	0.185633	0.000021	0.175638	8.000000	36.000000	1.180000	21.133557
-168.825012	99.444313	264.650055	-20.629591	133.007538	5.845565	268.875488	0.325962	-0.000012	0.000000	0.180090	-0.169996	0.169800	0.185633	0.000021	0.175638	8.000000	36.000000	1.180000	21.114295
-169.005173	98.290222	264.288788	-18.881321	132.292435	5.845565	268.395355	0.325962	-0.000012	0.000000	0.180090	0.170375	0.000022	0.185633	0.000021	0.175638	8.000000	36.000000	1.180000	21.095015
-212.787979	69.822601	272.959900	-55.420170	90.280640	5.845565	274.637115	0.325962	-0.000006	0.000000	0.180090	-0.000013	0.000022	0.185633	0.000021	0.175638	8.000000	40.000000	1.180000	21.344295
-213.508667	67.899109	272.779266	-57.343269	88.671684	6.040416	275.437317	0.325962	-0.000012	0.000000	0.180090	-0.000013	0.169800	0.185633	0.000021	0.175638	8.000000	40.000000	1.180000	21.368316
-213.869034	70.014946	274.405090	-58.042576	91.174515	6.235266	276.397614	0.325962	-0.000012	0.000000	0.180090	-0.000013	0.000014	0.185633	0.000021	0.175638	8.000000	40.000000	1.180000	21.398652
-214.589722	68.860855	274.043793	-56.993614	90.459419	6.040416	277.197815	0.325962	-0.000012	-0.167113	0.180090	-0.000013	0.000022	0.185633	0.000021	0.175638	8.000000	40.000000	1.180000	21.438023
-260.714813	39.431492	290.121490	-104.371742	42.190552	6.624968	292.882233	0.325962	-0.000012	0.000000	0.180158	-0.000013	0.169800	0.185633	0.000021	0.175638	8.000000	44.000000	1.180000	22.026843
-260.894989	37.892700	290.302155	-103.147957	41.654232	6.430117	293.362366	0.325962	-0.159415	0.000000	0.180090	0.170375	0.000022	0.185633	0.000021	0.175638	8.000000	44.000000	1.180000	22.052797
-263.237274	36.353909	290.844086	-102.973122	41.117908	6.624968	294.002533	0.325962	0.159816	0.000000	0.180090	-0.000013	0.000022	0.185633	0.000021	0.175638	8.000000	44.000000	1.180000	22.069903
-265.219208	36.738605	292.831238	-104.896217	40.045269	6.430117	294.962799	0.325962	-0.000012	0.000000	0.180090	-0.000013	0.169800	0.185633	0.000021	0.175638	8.000000	44.000000	1.180000	22.114214
292.962067	49.625977	-341.519897	-260.841919	-49.774509	6.819819	315.128479	0.488959	-0.000012	0.000000	0.180090	0.170375	0.000022	0.185633	0.000021	0.175638	12.000000	-44.000000	1.180000	22.859507
293.142578	49.048931	-342.602356	-264.163635	-51.201733	7.209521	316.088745	0.325962	0.159816	0.000000	0.180090	0.170375	0.000022	0.185633	0.192531	0.175638	12.000000	-44.000000	1.180000	22.880649
293.684082	46.933094	-342.061127	-261.191589	-49.774509	7.014670	316.568878	0.325962	0.159816	0.000000	0.180090	0.170375	0.000022	0.185633	0.000021	0.175638	12.000000	-44.000000	1.180000	22.905635
294.947632	49.818325	-344.767303	-265.562256	-51.201733	7.014670	317.048981	0.325962	-0.000012	0.000000	0.180158	-0.000013	0.169800	0.185633	0.000021	0.175638	12.000000	-44.000000	1.180000	22.923391
310.471191	89.057480	-321.674561	-230.247192	12.871685	7.014670	330.492767	0.325962	-0.000012	0.167543	0.180090	-0.000013	0.000014	0.185633	0.000021	0.175638	12.000000	-40.000000	1.180000	23.415122
309.929687	88.095734	-321.674561	-229.373047	13.765553	7.014670	330.972900	0.325962	-0.000012	0.000000	0.180090	-0.000013	0.169800	0.185633	0.000021	0.175638	12.000000	-40.000000	1.180000	23.432493
311.193237	88.672783	-323.659088	-231.645813	9.832534	7.014670	331.453064	0.325962	-0.000012	0.000000	0.180090	-0.000013	0.169800	0.185633	0.000021	0.175638	12.000000	-40.000000	1.180000	23.449852
311.554230	89.826874	-321.854980	-229.198242	13.408005	7.209521	331.613098	0.325962	0.159816	-0.167113	-0.000039	0.170375	0.000022	0.185633	0.000021	0.175638	12.000000	-40.000000	1.180000	23.448594
318.052490	126.180801	-286.855072	-188.113892	72.403282	7.599224	335.614197	0.325962	-0.000012	0.000000	0.180090	-0.000013	0.169800	0.185633	0.000021	0.175638	12.000000	-36.000000	1.180000	23.578753
317.330444	126.373138	-287.035461	-187.764236	72.403282	7.209521	334.173798	0.325962	-0.159415	-0.167113	0.180090	-0.000013	0.169800	0.185633	0.000021	0.175638	12.000000	-36.000000	1.180000	23.540958
314.622833	123.295563	-280.179810	-180.071838	74.548569	7.209521	332.893433	0.325962	0.159816	-0.167113	0.180090	0.170375	0.000022	0.185633	0.192531	0.175638	12.000000	-36.000000	1.180000	23.494821
314.081329	122.718513	-281.623108	-179.897018	72.760834	7.016615	331.773132	0.325962	0.159816	0.000000	0.180158	-0.000013	0.000022	0.185633	0.000021	0.175638	12.000000	-36.000000	1.180000	23.461347
291.518005	144.453934	-223.891266	-121.679619	119.420731	7.014670	308.246552	0.325962	-0.000012	0.000000	0.180158	-0.000013	0.000014	0.185633	0.000021	0.175638	12.000000	-32.000000	1.180000	22.595630
291.337494	142.915146	-221.726318	-118.008247	120.672150	6.624968	307.446289	0.325962	-0.000012	0.000000	0.180158	-0.000013	0.169800	0.185633	0.000021	0.175638	12.000000	-32.000000	1.180000	22.580227
293.323090	143.876892	-224.973755	-119.406876	119.420731	6.819819	306.966187	0.325962	-0.000012	0.000000	0.180090	-0.000013	0.169800	0.185633	0.000021	0.175638	12.000000	-32.000000	1.180000	22.554881
291.337494	145.223328	-223.891266	-123.427879	117.990555	7.014670	306.165955	0.325962	-0.159415	0.000000	0.180158	-0.000013	0.169800	0.185633	0.000021	0.175638	12.000000	-32.000000	1.180000	22.517461
272.564850	157.341309	-174.999634	-70.630119	152.851410	6.236991	288.400970	0.325962	-0.000006	0.000000	0.180158	-0.000013	0.169800	0.185633	0.000021	0.175638	12.000000	-28.000000	1.180000	21.868791
270.398743	156.571915	-171.571808	-69.231506	153.924026	6.235266	287.600739	0.325962	-0.000012	0.000000	-0.000039	-0.000013	0.169800	0.185633	0.000021	0.175638	12.000000	-28.000000	1.180000	21.837826
270.218262	154.840775	-171.571808	-68.881859	152.136307	6.235266	286.640472	0.325962	0.159816	0.000000	0.180090	0.170375	0.000022	0.185633	0.000021	0.175638	12.000000	-28.000000	1.180000	21.800529
269.676727	156.379562	-172.473862	-70.280464	152.136307	6.040416	286.160339	0.325962	-0.000006	0.000000	0.180090	0.170375	0.000022	0.185633	0.000021	0.175638	12.000000	-28.000000	1.180000	21.789437
251.626083	166.766403	-127.190460	-25.524748	177.879700	6.040416	271.436188	0.325962	-0.000012	0.000000	0.180090	-0.000013	0.169800	0.000021	0.000021	0.175638	12.000000	-24.000000	1.180000	21.209040
251.265060	165.997009	-127.731697	-25.874401	177.164597	6.040416	270.635986	0.325962	-0.000012	0.000000	0.180090	-0.000013	0.169800	0.185633	0.000021	0.175638	12.000000	-24.000000	1.180000	21.177041
250.182022	165.419952	-126.829628	-23.951305	176.807053	6.040416	270.155853	0.325962	-0.000012	0.000000	0.180158	-0.000013	0.169800	0.185633	0.192531	0.175638	12.000000	-24.000000	1.180000	21.157819
250.543030	165.035248	-126.107979	-23.601648	176.270737	5.845565	269.675720	0.325962	-0.000012	0.000000	0.180090	0.170375	0.000022	0.185633	0.000021	0.175638	12.000000	-24.000000	1.180000	21.146389
245.849869	183.693085	-89.123520	12.265868	205.768372	6.235266	272.876617	0.325962	0.159816	0.000000	0.180090	0.170375	0.000022	0.185633	0.000021	0.175638	12.000000	-20.000000	1.180000	21.258751
245.669342	183.693085	-88.762695	13.317231	206.841019	6.040416	273.836884	0.325962	-0.000012	0.000000	0.180158	-0.000013	0.000022	0.185633	0.000021	0.175638	12.000000	-20.000000	1.180000	21.304749
247.835434	184.270126	-90.386406	11.039277	205.410828	6.040416	274.637115	0.325962	-0.000012	0.167543	0.180090	0.170375	0.169800	0.185633	0.000021	0.175638	12.000000	-20.000000	1.180000	21.336557
247.293930	184.654831	-90.566818	11.564960	207.734894	6.235266	275.437317	0.325962	-0.000006	0.000000	0.180090	0.170375	0.000022	0.185633	0.192531	0.175638	12.000000	-20.000000	1.180000	21.360587
247.654922	209.275482	-52.139061	43.806763	239.556580	6.430117	290.641602	0.325962	-0.000012	0.167543	0.180090	-0.000013	0.169800	0.185633	0.000021	0.175638	12.000000	-16.000000	1.180000	21.947993
249.459991	212.160706	-51.237003	45.033356	242.595734	6.624968	291.441803	0.325962	-0.159415	0.000000	0.180158	-0.000013	0.169800	0.185633	0.000021	0.175638	12.000000	-16.000000	1.180000	21.971354
249.459991	211.006622	-51.056595	44.332447	239.914108	6.430117	292.081970	0.325962	-0.000012	0.000000	0.180090	0.170375	0.169800	0.185633	0.000021	0.175638	12.000000	-16.000000	1.180000	22.003538
248.557465	212.737762	-51.237003	42.229717	241.701874	6.624968	292.562134	0.325962	-0.000012	-0.167113	0.180090	-0.000013	0.169800	0.185633	0.000021	0.175638	12.000000	-16.000000	1.180000	22.014524
244.405807	233.511414	-8.479363	53.969944	267.802826	6.819819	307.286255	0.162962	-0.159415	0.167543	0.180090	-0.000013	0.169800	0.185633	0.000021	0.175638	12.000000	-12.000000	1.180000	22.566904
244.405807	233.703766	-6.134007	56.773582	271.199493	6.624968	308.086487	0.163048	-0.159415	0.000000	0.180158	-0.000013	0.169800	0.185633	0.000021	0.175638	12.000000	-12.000000	1.180000	22.604241
244.225311	234.857880	-7.938128	55.021309	271.557068	6.821710	308.726685	0.325962	0.159816	0.000000	0.180158	-0.169996	0.000022	0.185633	0.000021	0.175638	12.000000	-12.000000	1.180000	22.620861
245.127838	234.473160	-7.938128	55.897442	272.272156	6.819819	309.366852	0.325962	-0.000012	0.000000	0.180090	-0.000013	0.169800	0.185633	0.000021	0.351312	12.000000	-12.000000	1.180000	22.644902
235.380478	253.323349	37.213612	51.166306	296.227814	7.209521	323.130707	0.325962	-0.159415	0.000000	0.180158	-0.000013	0.169800	0.000021	0.000021	0.175638	12.000000	-8.000000	1.180000	23.140000
236.283035	252.553955	35.045830	49.764492	293.724976	7.014670	323.610840	0.325962	-0.000012	0.167543	0.180090	0.170375	0.169800	0.185633	0.000021	0.175638	12.000000	-8.000000	1.180000	23.164707
236.824539	253.900391	35.045830	49.238811	295.691498	7.211522	324.251038	0.325962	0.159816	0.000000	0.180158	-0.000013	-0.169410	0.185633	0.000021	0.175638	12.000000	-8.000000	1.180000	23.180921
234.838974	252.553955	36.491016	48.888355	295.512726	7.209521	324.731171	0.162962	-0.000012	0.000000	0.180090	0.170375	0.000022	0.000021	0.000021	0.175638	12.000000	-8.000000	1.180000	23.198540
218.051880	266.980133	83.098328	38.374725	315.714111	7.404373	335.614197	0.325962	-0.000012	0.000000	0.180090	0.170375	0.169800	0.000021	0.000021	0.175638	12.000000	-4.000000	1.180000	23.585755
217.329819	265.130646	84.724167	42.404949	315.177826	7.404373	336.254395	0.325962	-0.159415	0.167543	0.180090	-0.000013	0.000014	0.185633	0.000021	0.175638	12.000000	-4.000000	1.180000	23.608747
218.412857	267.941864	84.724167	40.126995	317.501862	7.404373	336.734528	0.325962	-0.159415	0.000000	0.180158	-0.000013	0.000014	0.185633	0.000021	0.351312	12.000000	-4.000000	1.180000	23.625976
218.051849	268.518921	84.543518	39.426086	318.395721	7.209521	337.054626	0.325962	-0.000012	0.000000	0.180158	-0.000013	0.169800	0.185633	0.000021	0.175638	12.000000	-4.000000	1.180000	23.644439
180.145493	259.093811	124.828140	37.498589	312.317444	7.209521	321.530243	0.325962	-0.159415	0.000000	0.180158	-0.000013	0.169800	0.185633	0.000021	0.175638	12.000000	0.000000	1.180000	23.081312
180.326004	259.863190	123.563591	38.374725	309.635834	7.209521	320.730042	0.325962	-0.000012	0.167543	0.180090	-0.000013	0.169800	0.185633	0.000021	0.175638	12.000000	0.000000	1.180000	23.051913
178.701431	258.709137	123.382950	38.374725	310.172150	7.014670	319.769775	0.325962	-0.000012	0.000000	0.180158	-0.000013	0.169800	0.185633	0.000021	0.175638	12.000000	0.000000	1.180000	23.023757
178.881943	258.132050	123.563591	38.374725	309.278290	7.016615	318.809479	0.325962	0.159816	0.000000	0.180158	-0.169996	-0.169410	0.000021	0.000021	0.175638	12.000000	0.000000	1.180000	22.988312
138.990005	243.128876	152.467346	36.972904	290.507050	6.430117	298.483795	0.325962	-0.000012	0.167543	0.180090	-0.000013	0.169800	0.185633	0.000021	0.175638	12.000000	4.000000	1.180000	22.248736
139.892532	243.898270	153.009308	37.673813	288.898102	6.430117	297.683563	0.325962	-0.159415	0.000000	0.180158	-0.000013	0.169800	0.185633	0.000021	0.175638	12.000000	4.000000	1.180000	22.218234
138.628998	242.167130	151.925415	37.849041	288.183014	6.430117	296.723297	0.325962	0.159816	0.000000	0.180158	0.170375	0.000022	0.185633	0.000021	0.175638	12.000000	4.000000	1.180000	22.181577
136.643417	238.512482	153.149796	39.075630	286.395264	6.626803	295.923065	0.325962	-0.000012	0.000000	0.180158	-0.000013	0.000014	0.185633	0.000021	0.175638	12.000000	4.000000	1.180000	22.143456
105.957321	225.817474	174.506470	41.003132	267.266479	6.235266	280.878876	0.325962	0.159816	0.000000	0.180090	0.170375	0.169800	0.185633	0.000021	0.175638	12.000000	8.000000	1.180000	21.575395
105.235291	225.432770	174.325821	40.477451	269.233002	6.235266	280.398712	0.325962	-0.000006	0.000000	0.180090	0.170375	0.000014	0.185633	0.000021	0.175638	12.000000	8.000000	1.180000	21.556526
103.791245	224.471024	175.409714	40.827904	268.517914	6.430117	279.758545	0.325962	-0.000006	0.000000	0.180158	0.170375	0.169800	0.185633	0.000021	0.175638	12.000000	8.000000	1.180000	21.523674
104.513260	225.817474	174.687119	39.951771	267.802826	6.430117	279.438446	0.325962	-0.159415	0.167543	0.180090	0.170375	0.169800	0.185633	0.000021	0.175638	12.000000	8.000000	1.180000	21.511067
70.397530	210.621918	189.680939	49.939716	250.104218	5.845565	266.794891	0.163048	-0.159415	0.000000	0.180158	-0.000013	0.169800	0.185633	0.000021	0.175638	12.000000	12.000000	1.180000	21.030621
70.758545	210.621918	188.777695	49.063580	248.674026	5.650713	266.314758	0.325962	-0.000012	0.167543	0.180090	0.170375	0.169800	0.185633	0.000021	0.175638	12.000000	12.000000	1.180000	21.019121
71.841591	210.237228	188.235748	49.063580	248.852798	5.650713	265.994659	0.325962	-0.159415	0.000000	0.180158	-0.169996	0.000014	0.185633	0.000021	0.175638	12.000000	12.000000	1.180000	21.006211
70.397530	210.237228	188.597046	48.713127	248.852798	5.847179	265.194458	0.325962	-0.000006	0.000000	0.180158	0.170375	0.169800	0.000021	0.000021	0.175638	12.000000	12.000000	1.180000	20.965965
37.545345	214.276550	216.540802	61.679939	250.640549	6.236991	277.837982	0.325962	-0.000006	0.000000	0.180158	0.170375	0.169800	0.185633	0.000021	0.175638	12.000000	16.000000	1.180000	21.455551
37.003834	214.468887	216.778214	62.731304	250.819321	5.845565	278.478180	0.325962	-0.000006	0.000000	0.180090	0.170375	0.169800	0.185633	0.000021	0.175638	12.000000	16.000000	1.180000	21.496260
38.086864	215.045944	217.681458	63.081764	253.143372	6.040416	279.118347	0.163048	-0.159415	0.000000	0.180158	-0.000013	0.169800	0.185633	0.000021	0.175638	12.000000	16.000000	1.180000	21.513809
37.003826	215.430634	219.069214	63.957890	253.143372	6.236991	279.918579	0.325962	-0.159415	0.000000	0.180158	-0.000013	0.169800	0.185633	0.000021	0.175638	12.000000	16.000000	1.180000	21.537574
-3.963875	220.239365	248.507202	57.824947	255.824982	6.626803	296.403198	0.325962	0.159816	0.000000	0.180158	0.170375	0.169800	0.185633	0.000021	0.175638	12.000000	20.000000	1.180000	22.161824
-3.963875	218.700577	247.849747	58.701080	255.288651	6.430117	296.883362	0.325962	-0.000012	0.000000	0.180158	-0.000013	0.169800	0.185633	0.000021	0.175638	12.000000	20.000000	1.180000	22.187691
-3.062994	221.840103	248.391708	57.124035	256.182526	6.430117	297.683563	0.325962	-0.159415	0.000000	0.180158	-0.000013	0.169800	0.185633	0.000021	0.175638	12.000000	20.000000	1.180000	22.218234
-4.144050	219.854660	249.294937	59.577213	257.970276	6.624968	298.323730	0.325962	-0.000012	0.000000	0.180158	-0.000013	0.169800	0.185633	0.000021	0.175638	12.000000	20.000000	1.180000	22.235213
-55.854591	216.584732	277.114807	39.075630	251.534409	7.014670	313.367981	0.163048	-0.159415	0.000000	0.180158	-0.000013	0.000014	0.000021	0.000021	0.175638	12.000000	24.000000	1.180000	22.786902
-57.115822	215.045944	277.114807	39.776539	251.713181	7.014670	313.848114	0.325962	-0.000012	0.167543	0.180090	-0.000013	0.169800	0.185633	0.000021	0.175638	12.000000	24.000000	1.180000	22.804751
-59.097759	217.030029	278.198700	39.776539	252.249512	7.209521	314.328247	0.325962	-0.000012	0.167543	0.180090	-0.000013	0.169800	0.185633	0.000021	0.175638	12.000000	24.000000	1.180000	22.815350
-58.557232	217.931168	279.931793	41.178356	253.858459	6.821710	315.288513	0.325962	0.159816	0.000000	0.180158	0.170375	0.000014	0.185633	0.000021	0.175638	12.000000	24.000000	1.180000	22.865369
-112.790245	203.312668	302.145752	9.812687	234.729706	7.014670	326.971802	0.325962	-0.000012	0.000000	0.180158	-0.000013	0.000014	0.185633	0.000021	0.175638	12.000000	28.000000	1.180000	23.287340
-111.529007	203.889709	301.965118	7.009051	234.372147	7.016615	327.611969	0.325962	0.159816	0.000000	0.180158	0.170375	0.169800	0.185633	0.000021	0.175638	12.000000	28.000000	1.180000	23.310555
-113.150589	202.543259	301.062134	9.287005	234.193375	7.211522	327.932068	0.325962	-0.000006	0.000000	0.180158	0.170375	0.000022	0.185633	0.000021	0.175638	12.000000	28.000000	1.180000	23.315106
-114.772171	204.659103	304.493561	9.111778	236.517426	7.406428	328.732269	0.325962	0.159816	0.000000	0.180158	-0.000013	0.169800	0.185709	0.000021	0.175638	12.000000	28.000000	1.180000	23.337096
-172.969055	184.462494	322.638214	-36.364025	204.874512	7.209521	339.775360	0.325962	-0.000012	0.167543	0.180090	0.170375	0.000014	0.000021	0.000021	0.175638	12.000000	32.000000	1.180000	23.741754
-171.707825	184.270126	321.108856	-34.266102	204.516968	7.404373	339.135193	0.000010	-0.159415	0.000000	0.180158	-0.000013	0.000014	0.185633	0.000021	0.175638	12.000000	32.000000	1.180000	23.711931
-171.167282	184.706421	321.734985	-33.916447	205.947159	7.404373	338.174927	0.325962	-0.000012	0.167543	0.180090	0.170375	0.169800	0.185633	0.000021	0.175638	12.000000	32.000000	1.180000	23.677586
-169.545700	185.808914	320.025238	-34.615753	204.338196	7.406428	336.894562	0.325962	-0.159415	0.000000	0.180158	-0.000013	0.169800	0.185633	0.000021	0.175638	12.000000	32.000000	1.180000	23.631641
-203.058456	145.223328	304.573395	-74.825974	148.203278	7.014670	313.367981	0.325962	-0.000006	0.000026	0.180090	0.170375	0.000014	0.185633	0.000021	0.175638	12.000000	36.000000	1.180000	22.786902
-201.256699	144.494293	301.683014	-74.301491	146.415543	6.819819	312.247650	0.325962	-0.000012	0.167543	0.180158	-0.000013	0.169800	0.185633	0.000021	0.175638	12.000000	36.000000	1.180000	22.752457
-200.355835	145.223328	299.617310	-75.350449	145.879227	6.821710	310.967316	0.325962	-0.000006	0.000000	0.180158	0.170375	0.000022	0.185709	0.000021	0.175638	12.000000	36.000000	1.180000	22.704647
-200.355835	143.107498	298.611969	-68.707024	147.309418	7.014670	310.007019	0.325962	-0.000012	0.167543	0.180090	0.170375	0.169800	0.185633	0.000021	0.175638	12.000000	36.000000	1.180000	22.661561
-223.958893	104.830078	282.279633	-105.595535	90.995735	6.431898	291.281769	0.325962	0.159816	0.000000	0.180158	-0.000013	0.000014	0.185633	0.000021	0.175638	12.000000	40.000000	1.180000	21.972629
-223.958893	105.984169	283.002014	-103.672432	92.247154	6.236991	290.481537	0.325962	0.159816	0.000000	0.180158	0.170375	0.169800	0.185633	0.000021	0.175638	12.000000	40.000000	1.180000	21.949269
-223.598526	104.060684	282.895569	-105.420708	90.995735	6.624968	289.681305	0.325962	-0.000006	0.167543	0.180090	0.170375	0.169800	0.185633	0.000021	0.175638	12.000000	40.000000	1.180000	21.903345
-223.958893	104.830078	281.811676	-105.071045	90.101868	6.235266	289.361237	0.163048	-0.000012	-0.167113	0.180158	-0.000013	0.000014	0.185633	0.000021	0.175638	12.000000	40.000000	1.180000	21.906039
-244.202454	66.937370	269.166290	-136.365082	37.184895	5.847179	275.597351	0.325962	-0.000006	0.000000	0.180158	0.170375	0.000022	0.185633	0.000021	0.175638	12.000000	44.000000	1.180000	21.382322
-245.039505	66.745018	266.817841	-132.518890	38.972626	6.235266	275.117218	0.325962	-0.159415	0.167543	0.180158	-0.000013	0.169800	0.185633	0.000021	0.175638	12.000000	44.000000	1.180000	21.347884
-246.300705	66.937370	267.901733	-136.714752	36.827347	6.040416	274.477051	0.325962	0.159816	0.167543	0.180090	0.170375	0.000014	0.185633	0.000021	0.175638	12.000000	44.000000	1.180000	21.330198
-245.219650	68.476158	267.359802	-135.490952	38.615082	6.040416	274.156982	0.325962	-0.159415	0.167543	0.180158	0.170375	0.000014	0.185633	0.000021	0.175638	12.000000	44.000000	1.180000	21.317478
242.961761	70.207298	-305.257080	-262.765015	-46.563251	5.845565	272.236420	0.325962	-0.159415	0.167543	0.180158	-0.000013	0.169800	0.185633	0.000021	0.175638	16.000000	-44.000000	1.180000	21.248763
242.059219	69.245552	-304.896240	-263.464355	-47.455269	5.845565	273.196686	0.163048	-0.000012	0.000000	0.180158	-0.000013	0.169800	0.185633	0.000021	0.175638	16.000000	-44.000000	1.180000	21.287027
244.225311	69.822601	-306.339539	-263.464355	-48.525684	6.040416	273.836884	0.325962	-0.000012	0.167543	0.180158	-0.000013	0.169800	0.185633	0.000021	0.175638	16.000000	-44.000000	1.180000	21.304749
241.878708	69.630249	-303.633362	-263.114655	-46.741653	5.845565	274.637115	0.325962	-0.159415	0.000000	0.180158	-0.000013	0.000014	0.185633	0.000021	0.175638	16.000000	-44.000000	1.180000	21.344295
264.442047	106.176521	-291.004517	-238.289230	7.150930	6.430117	292.081970	0.325962	-0.000006	0.000000	0.180158	0.170375	0.169800	0.185709	0.000021	0.175638	16.000000	-40.000000	1.180000	22.003538
264.081024	105.791824	-289.741638	-239.862671	6.793382	6.042085	292.722168	0.325962	0.159816	0.000000	0.180090	0.170375	0.169800	0.185633	0.000021	0.175638	16.000000	-40.000000	1.180000	22.043104
264.983551	109.061745	-295.875641	-247.205414	5.363194	6.624968	293.682434	0.325962	-0.000006	0.167543	0.180158	0.170375	0.169800	0.185633	0.000021	0.175638	16.000000	-40.000000	1.180000	22.057608
264.442047	108.869400	-291.726166	-241.785782	8.938665	6.431898	294.162567	0.325962	-0.000006	0.000000	0.180090	0.170375	0.169800	0.185633	0.000021	0.175638	16.000000	-40.000000	1.180000	22.083458
282.312195	143.492187	-271.700439	-214.163116	60.783009	7.209521	310.167053	0.163048	-0.000012	0.000000	0.180158	-0.169996	0.169800	0.185633	0.000021	0.175638	16.000000	-36.000000	1.180000	22.660259
284.478241	143.532272	-278.195282	-218.883438	57.743851	6.819819	310.807251	0.325962	-0.159415	0.000026	0.180158	0.170375	0.169800	0.185633	0.000021	0.175638	16.000000	-36.000000	1.180000	22.698743
284.478241	144.301880	-273.684998	-213.114166	62.749516	6.430117	311.287384	0.325962	-0.159415	0.000026	0.180090	0.170375	0.169800	0.185633	0.000021	0.175638	16.000000	-36.000000	1.180000	22.731195
285.380798	143.876892	-274.406647	-213.288971	62.570740	6.821710	311.767517	0.325962	0.159816	0.000000	0.180158	0.170375	0.169800	0.185709	0.000021	0.175638	16.000000	-36.000000	1.180000	22.734496
295.850189	177.730270	-246.442780	-171.505325	115.130173	6.821710	323.290741	0.325962	-0.000006	-0.167113	0.180158	0.170375	0.000014	0.185633	0.000021	0.175638	16.000000	-32.000000	1.180000	23.160056
292.420563	177.922623	-244.819046	-174.652206	114.415085	7.016615	323.450806	0.325962	-0.000006	0.000000	0.180158	0.170375	0.169800	0.185709	0.000021	0.175638	16.000000	-32.000000	1.180000	23.158781
295.308655	176.383835	-243.736588	-169.757050	116.381577	7.016615	324.090973	0.325962	0.159816	-0.167113	0.180090	0.170375	0.000014	0.185633	0.000021	0.175638	16.000000	-32.000000	1.180000	23.182196
295.308655	177.922623	-247.525238	-177.099792	113.342430	7.209521	324.891205	0.325962	0.159816	0.167543	0.180090	0.000042	0.169800	0.185633	0.000021	0.175638	16.000000	-32.000000	1.180000	23.204386
306.139038	211.968353	-215.592316	-131.994415	166.616959	7.601334	336.894562	0.325962	-0.000006	0.000000	0.180158	0.170375	0.169800	0.000047	0.000021	0.175638	16.000000	-28.000000	1.180000	23.624650
304.694977	210.429565	-215.772720	-134.441986	163.935364	7.406428	337.534729	0.325962	0.159816	0.000000	0.180158	-0.000013	0.000014	0.185709	0.000021	0.175638	16.000000	-28.000000	1.180000	23.654587
306.680542	211.065552	-217.216034	-132.344070	165.007996	7.599224	338.014893	0.325962	-0.000006	-0.167113	0.180158	0.170375	0.169800	0.185633	0.000021	0.175638	16.000000	-28.000000	1.180000	23.664881
307.041565	211.198959	-215.592316	-130.420959	165.544312	7.404373	338.655060	0.163048	-0.000012	0.167543	0.180158	-0.000013	0.169800	0.185633	0.000021	0.175638	16.000000	-28.000000	1.180000	23.694765
281.951172	217.931168	-157.680084	-78.497345	192.717911	7.016615	317.689178	0.325962	0.159816	0.000000	0.180158	0.170375	0.169800	0.185709	0.000021	0.175638	16.000000	-24.000000	1.180000	22.946976
280.146088	215.430634	-156.597610	-77.098724	189.857529	7.016615	316.248779	0.163048	0.159816	0.000000	0.180158	0.170375	0.169800	0.185633	0.000021	0.175638	16.000000	-24.000000	1.180000	22.893718
280.687622	215.238281	-153.711014	-74.651146	189.499985	6.626803	315.128479	0.325962	0.159816	0.000000	0.180158	-0.000013	0.169800	0.185709	0.000021	0.175638	16.000000	-24.000000	1.180000	22.866661
278.882538	216.068024	-158.221329	-80.070786	189.499985	6.819819	314.328247	0.325962	-0.159415	0.000026	0.180158	0.170375	0.000014	0.185633	0.000021	0.175638	16.000000	-24.000000	1.180000	22.829821
253.070145	217.738831	-97.061646	-30.769554	204.159409	6.431898	295.282898	0.325962	0.159816	-0.167113	0.180158	0.170375	0.169800	0.185709	0.000021	0.175638	16.000000	-20.000000	1.180000	22.126409
253.250626	216.584732	-98.144119	-29.545769	206.125916	6.626803	294.642731	0.163048	-0.000012	-0.167113	0.180158	-0.000013	0.000014	0.185633	0.000021	0.351269	16.000000	-20.000000	1.180000	22.094402
252.889633	218.569260	-96.700821	-30.245073	205.589600	6.624968	293.682434	0.325962	-0.000012	0.167543	0.180158	0.170375	0.169800	0.185633	0.000021	0.175638	16.000000	-20.000000	1.180000	22.057608
251.265060	215.683212	-96.700821	-28.321981	205.232056	6.430117	293.522400	0.325962	-0.000006	0.167543	0.180090	0.170375	0.169800	0.185633	0.000021	0.175638	16.000000	-20.000000	1.180000	22.058946
228.701752	220.239365	-47.099857	0.350419	216.137253	6.236991	279.278412	0.325962	0.159816	0.000000	0.180158	0.170375	0.000014	0.185633	0.000021	0.351269	16.000000	-16.000000	1.180000	21.512370
228.521240	221.585800	-45.283405	1.577008	215.958450	6.042085	278.638245	0.325962	0.159816	0.167543	0.180158	0.170375	0.169800	0.185709	0.000021	0.175638	16.000000	-16.000000	1.180000	21.494822
227.979736	219.277618	-44.922585	2.277918	214.349503	6.236991	278.158081	0.325962	0.159816	0.167543	0.180158	0.170375	0.000014	0.185709	0.000021	0.175638	16.000000	-16.000000	1.180000	21.468190
227.438202	219.723663	-45.463825	0.350419	213.634415	6.040416	277.517914	0.163048	-0.000012	0.167543	0.180158	-0.000013	0.169800	0.185633	0.000021	0.175638	16.000000	-16.000000	1.180000	21.450673
199.459686	220.239365	-0.360918	4.030189	220.785355	5.457366	264.554260	0.325962	-0.000006	0.000000	0.180158	0.170375	0.000014	0.185709	0.000021	0.175638	16.000000	-12.000000	1.180000	20.955841
200.362228	219.338852	0.722615	8.060415	221.321686	5.845565	265.194458	0.163048	-0.159415	0.000000	0.180158	0.170375	0.169800	0.185633	0.000021	0.175638	16.000000	-12.000000	1.180000	20.966030
201.625763	220.047012	0.180634	7.534733	222.394333	5.847179	265.994659	0.163048	0.159816	0.000000	0.180158	0.170375	0.169800	0.185633	0.000021	0.351269	16.000000	-12.000000	1.180000	20.998284
201.264755	220.493286	0.180669	7.359507	222.215546	6.040416	266.634857	0.163048	-0.000012	0.000026	0.180158	0.170375	0.000014	0.185633	0.000021	0.175638	16.000000	-12.000000	1.180000	21.016315
195.669052	241.465149	40.103989	0.700873	249.567886	6.430117	284.239807	0.325962	-0.159415	0.000026	-0.000016	0.170375	0.000014	0.185633	0.000021	0.175638	16.000000	-8.000000	1.180000	21.699398
196.752090	242.744171	38.829277	-0.524481	248.674026	6.236991	284.719910	0.325962	-0.000006	0.000000	0.180158	0.170375	0.000014	0.185709	0.000021	0.175638	16.000000	-8.000000	1.180000	21.725674
195.669052	243.389160	39.200745	-1.398616	250.640549	6.430117	285.200043	0.163048	-0.000012	0.167543	0.180158	0.170375	0.000014	0.185633	0.000021	0.175638	16.000000	-8.000000	1.180000	21.736867
197.293610	243.389160	37.394260	-0.174826	247.780167	6.430117	286.000305	0.163048	-0.000012	0.167543	0.180158	-0.000013	0.169800	0.185633	0.000021	0.175638	16.000000	-8.000000	1.180000	21.768045
186.463226	260.247925	78.762764	-4.195849	273.523560	6.819819	302.164825	0.325962	0.159816	0.000000	0.180158	0.170375	0.000014	0.185633	0.000021	0.175638	16.000000	-4.000000	1.180000	22.373751
186.102219	261.017303	78.922729	-4.370675	275.490082	6.431898	302.804993	0.325962	0.159816	0.000000	0.180158	0.170375	0.000014	0.185709	0.000021	0.175638	16.000000	-4.000000	1.180000	22.412659
186.824234	260.128204	78.762764	-3.671368	274.417419	6.624968	303.285126	0.325962	0.159816	0.167543	0.180158	0.170375	0.169800	0.185633	0.000021	0.175638	16.000000	-4.000000	1.180000	22.423511
184.658157	260.513000	79.124062	-5.594465	274.667480	6.624968	303.765289	0.325962	-0.000012	0.000026	0.180158	0.170375	0.169800	0.185633	0.000021	0.175638	16.000000	-4.000000	1.180000	22.441650
167.510040	274.097015	116.487762	-6.643428	292.116028	7.016615	314.008148	0.325962	-0.000006	-0.167113	0.180158	0.170375	0.169800	0.185709	0.000021	0.175638	16.000000	0.000000	1.180000	22.810626
167.871048	274.097015	117.602196	-4.545503	291.222137	7.016615	314.488281	0.325962	0.159816	-0.167113	0.180158	0.170375	0.169800	0.185709	0.000021	0.175638	16.000000	0.000000	1.180000	22.828457
168.051559	274.943176	117.751976	-5.069984	293.188660	7.016615	314.808350	0.163048	0.159816	0.000000	0.180158	-0.000013	0.169800	0.185633	0.000021	0.351269	16.000000	0.000000	1.180000	22.840336
169.856613	275.251099	117.210175	-3.671368	293.009888	7.016615	315.288513	0.163048	0.159816	-0.167113	0.180158	0.170375	0.169800	0.185633	0.000021	0.175638	16.000000	0.000000	1.180000	22.858144
145.307739	284.755707	157.164200	-2.272752	305.245728	7.014670	325.691437	0.325962	-0.000012	0.167543	0.180158	0.170375	0.169800	0.000021	0.000037	0.175638	16.000000	4.000000	1.180000	23.240699
147.112793	284.563324	156.220016	-2.097924	300.875916	6.821710	326.491669	0.163048	-0.000006	0.000000	0.180158	0.170375	0.169800	0.185633	0.000021	0.351269	16.000000	4.000000	1.180000	23.276887
147.834824	285.637970	156.581223	-0.524481	304.630188	7.406428	327.131836	0.325962	-0.000006	0.000000	0.180158	0.170375	0.169800	0.185709	0.000021	0.175638	16.000000	4.000000	1.180000	23.278906
148.015350	285.253235	154.815781	-2.272752	303.557526	7.406428	327.611969	0.325962	0.159816	0.000000	-0.000016	0.170375	0.169800	0.185709	0.000021	0.175638	16.000000	4.000000	1.180000	23.296378
123.827454	293.991058	192.029373	-1.048962	309.895020	7.599224	338.975159	0.163048	0.159816	0.167543	0.180158	0.170375	0.169800	0.185633	0.000021	0.175638	16.000000	8.000000	1.180000	23.699244
122.202904	294.870667	195.229858	0.175191	309.993378	7.601334	339.295258	0.325962	0.159816	0.000000	0.180158	0.170375	0.000014	0.000047	0.000021	0.175638	16.000000	8.000000	1.180000	23.710611
121.841888	294.101288	195.281036	-0.174826	312.496216	7.406428	339.615326	0.325962	0.159816	0.167543	0.180090	0.170375	0.169800	0.185709	0.000021	0.175638	16.000000	8.000000	1.180000	23.729010
123.285950	294.293640	191.979050	-2.097924	309.635834	7.406428	339.455292	0.325962	0.159816	0.000000	0.180158	0.170375	0.169800	0.185709	0.000021	0.175638	16.000000	8.000000	1.180000	23.723294
81.047417	268.786285	205.343536	11.915414	279.316833	7.014670	312.887848	0.163048	0.159816	0.167543	0.180158	0.170375	0.169800	0.185633	0.000021	0.175638	16.000000	12.000000	1.180000	22.769038
80.505898	267.557159	203.898727	9.987914	277.992889	7.016615	311.767517	0.325962	0.159816	0.000000	0.180158	0.170375	0.169800	0.185709	0.000021	0.351269	16.000000	12.000000	1.180000	22.727230
80.144882	267.824280	204.674774	11.564960	278.422699	6.819819	311.127350	0.163048	-0.000006	0.167543	0.180158	0.000042	0.169800	0.185633	0.000021	0.175638	16.000000	12.000000	1.180000	22.710691
80.866920	266.595428	204.440521	12.791550	275.847626	7.016615	310.327118	0.325962	0.159816	0.000000	0.180158	0.170375	0.169800	0.185709	0.000021	0.175638	16.000000	12.000000	1.180000	22.673456
38.267372	245.505615	213.887833	25.057455	251.957367	6.430117	293.522400	0.163048	-0.000006	0.167543	-0.000016	0.170375	0.000014	0.185633	0.000021	0.175638	16.000000	16.000000	1.180000	22.058946
38.086864	244.090591	212.567566	23.480410	252.070740	6.431898	293.042267	0.325962	-0.000006	0.000000	0.180158	0.170375	0.000014	0.000047	0.000021	0.351269	16.000000	16.000000	1.180000	22.040424
39.350414	244.735977	210.274872	21.377682	248.738602	6.624968	292.562134	0.163048	0.159816	0.000026	0.180158	0.170375	0.169800	0.185633	0.000021	0.175638	16.000000	16.000000	1.180000	22.014524
38.989399	245.698013	211.664566	23.129955	251.063278	6.430117	291.761902	0.163048	0.159816	0.000026	0.180158	0.170375	0.169800	0.185633	0.000021	0.175638	16.000000	16.000000	1.180000	21.991207
-3.964912	220.239365	216.721405	16.296093	224.539597	6.042085	275.917450	0.325962	-0.000006	0.000000	0.180158	0.170375	0.169800	0.185709	0.000021	0.175638	16.000000	20.000000	1.180000	21.387283
-2.342289	221.840103	216.179596	16.997004	225.791016	6.235266	275.117218	0.325962	-0.000006	0.167543	0.180158	0.170375	0.000014	0.185633	0.000021	0.175638	16.000000	20.000000	1.180000	21.347884
-1.981937	219.338852	214.373581	16.821775	223.109406	6.236991	274.477051	0.163048	-0.000006	0.000026	0.180158	0.170375	0.169800	0.185633	0.000021	0.175638	16.000000	20.000000	1.180000	21.322386
-2.522466	219.662323	213.651169	15.770411	222.394333	6.042085	273.836884	0.163048	-0.000006	0.000000	0.180158	0.170375	0.169800	0.185633	0.000021	0.351269	16.000000	20.000000	1.180000	21.304682
-46.125084	200.675827	224.004150	-4.895156	200.941498	6.042085	267.275055	0.325962	-0.000006	0.167543	0.180158	0.170375	0.169800	0.185633	0.000037	0.175638	16.000000	24.000000	1.180000	21.042047
-47.206139	201.773865	226.112656	-2.447578	203.318329	6.042085	268.075256	0.163048	0.159816	0.000000	0.180158	0.170375	0.169800	0.185633	0.000021	0.351269	16.000000	24.000000	1.180000	21.074250
-47.386314	201.773865	225.029053	-4.545503	201.835358	5.847179	268.715424	0.325962	0.159816	0.000000	0.180158	0.170375	0.169800	0.185709	0.000021	0.175638	16.000000	24.000000	1.180000	21.107805
-46.845783	202.158569	225.932053	-3.496540	202.908005	6.042085	269.515686	0.163048	-0.000006	0.000000	0.180158	0.170375	0.169800	0.000047	0.000021	0.175638	16.000000	24.000000	1.180000	21.132095
-100.718445	200.483414	255.731232	-31.643692	193.611771	6.236991	288.240936	0.163048	-0.000006	0.167543	0.180158	0.170375	0.169800	0.185633	0.192531	0.351269	16.000000	28.000000	1.180000	21.862588
-100.177917	200.235077	255.911850	-29.196112	194.505630	6.626803	289.041138	0.163048	0.159816	0.000000	0.180158	0.170375	0.169800	0.185633	0.000021	0.351269	16.000000	28.000000	1.180000	21.878491
-98.762321	200.619781	255.370056	-31.294043	193.075455	6.626803	289.841370	0.325962	0.159816	0.167543	0.180158	0.000042	0.169800	0.185709	0.000021	0.175638	16.000000	28.000000	1.180000	21.909466
-103.961609	199.906219	258.801453	-31.294043	194.556152	6.236991	290.481537	0.163048	0.159816	0.167543	0.180158	0.170375	0.169800	0.185633	0.000021	0.351269	16.000000	28.000000	1.180000	21.949269
-155.672150	193.118179	280.292999	-77.972862	171.622635	6.431898	305.845856	0.325962	0.159851	0.000000	0.180158	0.170375	0.169800	0.185709	0.000021	0.175638	16.000000	32.000000	1.180000	22.527346
-157.293732	193.941742	281.557190	-77.098724	173.231583	7.016615	306.325989	0.163048	-0.000006	0.167543	0.180158	0.170375	0.169800	0.185633	0.000021	0.351269	16.000000	32.000000	1.180000	22.523411
-155.311798	192.348785	282.172974	-75.700104	175.198090	6.819819	306.966187	0.325962	-0.000006	0.167543	0.180158	0.000042	0.169800	0.185709	0.000021	0.175638	16.000000	32.000000	1.180000	22.554881
-154.230743	193.556931	281.015411	-77.098724	173.813034	6.819819	307.606354	0.163048	0.159816	0.167543	0.180158	0.170375	0.169800	0.185633	0.000037	0.175638	16.000000	32.000000	1.180000	22.578921
-211.166382	177.010315	300.700928	-120.280998	142.661301	7.016615	319.289612	0.163048	-0.000006	0.167543	0.180158	0.170375	0.169800	0.185633	0.000021	0.175638	16.000000	36.000000	1.180000	23.006005
-208.878693	178.884369	299.075500	-121.854446	142.661301	7.016615	320.089874	0.325962	-0.000006	0.167543	0.180158	0.170375	0.169800	0.185709	0.000021	0.175638	16.000000	36.000000	1.180000	23.035465
-211.582062	175.422089	299.978516	-123.602722	138.907059	7.016615	320.249908	0.325962	0.159816	0.000000	0.180158	0.170375	0.169800	0.185709	0.000021	0.175638	16.000000	36.000000	1.180000	23.041352
-211.887100	177.922623	300.700928	-124.127197	141.588669	7.016615	320.570007	0.163048	-0.000006	0.000000	0.180158	0.170375	0.169800	0.185709	0.000021	0.351269	16.000000	36.000000	1.180000	23.053122
-265.219208	153.301987	314.426605	-174.827042	94.749985	7.406428	332.733398	0.325962	0.159816	0.000000	0.180158	0.170375	0.169800	0.185709	0.000021	0.175638	16.000000	40.000000	1.180000	23.481943
-263.486328	153.109634	314.787811	-175.351517	94.928757	7.211522	333.213531	0.325962	0.159816	0.167543	0.180158	0.170375	0.169800	0.185709	0.000021	0.175638	16.000000	40.000000	1.180000	23.506292
-264.387451	154.456070	315.149017	-170.106705	98.683006	7.211522	333.853729	0.163048	0.159851	0.000000	0.180158	0.170375	0.169800	0.185709	0.000021	0.175638	16.000000	40.000000	1.180000	23.529362
-264.138153	152.959991	315.329620	-173.603256	95.643852	7.209521	334.333862	0.325962	0.159816	0.167543	0.180158	0.170375	0.169800	0.185633	0.192602	0.175638	16.000000	40.000000	1.180000	23.546720
-305.038116	114.062820	309.550385	-214.163116	37.721210	7.406428	326.491669	0.163048	0.159816	0.000000	0.180158	0.170375	0.000014	0.185709	0.000021	0.175638	16.000000	44.000000	1.180000	23.255589
-298.371613	115.601616	305.035370	-212.939331	38.972626	7.406428	325.211304	0.163048	0.159816	0.000000	0.180158	0.170375	0.169800	0.185709	0.000021	0.351269	16.000000	44.000000	1.180000	23.208885
-300.251892	115.986313	305.396576	-214.163116	35.039608	7.016615	324.090973	0.325962	-0.000008	0.167543	0.180158	0.170375	0.169800	0.185709	0.000021	0.175638	16.000000	44.000000	1.180000	23.182196
-298.449646	115.793961	302.506958	-211.191055	38.436306	7.406428	322.970673	0.325962	0.159851	0.167543	0.180158	0.170375	0.169800	0.185709	0.000021	0.175638	16.000000	44.000000	1.180000	23.126925
243.322769	100.790756	-340.256989	-313.814514	-56.018623	6.626803	295.282898	0.163048	0.159816	0.000000	0.180158	0.170375	0.169800	0.185709	0.000021	0.175638	20.000000	-44.000000	1.180000	22.118943
243.142258	98.510094	-337.190002	-311.716583	-56.018623	6.430117	294.802765	0.163048	0.159816	0.167543	0.180158	0.170375	0.169800	0.185633	0.000021	0.175638	20.000000	-44.000000	1.180000	22.108080
245.488861	100.598412	-344.767303	-318.010345	-58.694672	6.431898	294.002533	0.325962	-0.000006	0.167543	0.180158	0.170375	0.169800	0.185709	0.000021	0.175638	20.000000	-44.000000	1.180000	22.077316
243.503281	99.636658	-338.633301	-313.989349	-56.375435	6.626803	293.522400	0.325962	0.159851	0.167543	0.180158	0.170375	0.169800	0.185709	0.000021	0.175638	20.000000	-44.000000	1.180000	22.051388
233.575424	121.179726	-283.862366	-259.792969	-4.816891	6.042085	276.077515	0.163048	0.159816	0.000000	0.180158	0.170375	0.169800	0.185709	0.000021	0.351269	20.000000	-40.000000	1.180000	21.393625
234.297455	120.636391	-284.329285	-259.268494	-4.281680	5.845565	275.597351	0.163048	0.159816	0.167543	0.180158	0.170375	0.169800	0.185633	0.000021	0.175638	20.000000	-40.000000	1.180000	21.382386
233.575424	121.790802	-283.066406	-259.268494	-4.638486	5.847179	274.797150	0.325962	0.159816	0.167543	0.180158	0.170375	0.169800	0.185633	0.000037	0.175638	20.000000	-40.000000	1.180000	21.350584
232.492386	121.213593	-280.179810	-256.471252	-1.605632	5.847179	274.317017	0.163048	0.159816	0.167543	0.180158	0.170375	0.169800	0.185633	0.000021	0.351269	20.000000	-40.000000	1.180000	21.331518
229.423782	144.301880	-242.473694	-216.960342	40.224041	5.650713	266.954956	0.000010	0.159816	0.167543	0.180158	0.170375	0.169800	0.185633	0.192531	0.175638	20.000000	-36.000000	1.180000	21.044917
229.965302	144.646286	-243.736588	-217.135162	39.151398	5.847179	267.595123	0.325962	0.159816	0.167543	0.180158	0.170375	0.000014	0.185709	0.000021	0.175638	20.000000	-36.000000	1.180000	21.062778
230.326294	144.686707	-243.014938	-216.610703	41.654232	6.042085	268.395355	0.325962	0.159816	0.167543	0.180158	0.170375	0.169800	0.185633	0.000037	0.175638	20.000000	-36.000000	1.180000	21.087118
231.409363	144.494293	-244.277817	-216.435852	42.905643	6.042085	269.195587	0.163048	0.159816	0.167543	0.180158	0.170375	0.169800	0.185633	0.000021	0.175638	20.000000	-36.000000	1.180000	21.119254
247.474442	178.114975	-229.303619	-192.484558	86.526398	6.431898	288.080872	0.325962	0.159816	0.167543	0.180158	0.000042	0.000014	0.185709	0.192531	0.175638	20.000000	-32.000000	1.180000	21.848825
247.474411	179.319153	-229.844864	-193.533524	87.420265	6.236991	288.400970	0.163048	0.159816	0.167543	0.180158	0.170375	0.169800	0.185633	0.000021	0.351269	20.000000	-32.000000	1.180000	21.868791
249.459991	180.473557	-231.829407	-194.757324	87.241493	6.235266	289.361237	0.325962	0.159816	0.167543	0.180158	0.170375	0.169800	0.185633	0.000037	0.175638	20.000000	-32.000000	1.180000	21.906039
250.001511	177.972336	-229.484039	-190.036987	87.599037	6.236991	290.001434	0.325962	0.159816	0.167543	0.180158	0.170375	0.169800	0.185633	0.192602	0.175638	20.000000	-32.000000	1.180000	21.930724
259.026855	208.756729	-201.031586	-157.344330	131.041031	6.626803	304.885590	0.163048	-0.000006	0.167543	0.180158	0.170375	0.169800	0.185633	0.000021	0.351269	20.000000	-28.000000	1.180000	22.483847
260.109894	211.450363	-204.767609	-161.540176	130.683472	6.821710	305.525757	0.325962	0.159816	0.167543	0.180158	0.170375	0.000014	0.185709	0.000021	0.175638	20.000000	-28.000000	1.180000	22.500623
259.748840	211.065552	-206.752151	-162.589142	129.074509	6.626803	305.845856	0.325962	0.159816	0.167543	0.180158	0.170375	0.169800	0.185633	0.000037	0.175638	20.000000	-28.000000	1.180000	22.520012
260.831909	210.873154	-205.128433	-161.889832	129.789597	7.014670	306.646088	0.325962	0.159816	0.167543	-0.000016	0.170375	0.169800	0.185633	0.000021	0.175638	20.000000	-28.000000	1.180000	22.535524
266.969147	241.782410	-162.593765	-125.350983	174.304230	6.821710	319.929810	0.163048	0.159816	0.167543	0.180158	0.170375	0.169800	0.185709	0.000021	0.351269	20.000000	-24.000000	1.180000	23.036746
267.330139	240.118332	-161.829559	-123.427879	171.622635	7.016615	320.249908	0.325962	-0.000006	0.167543	0.180158	0.170375	0.169800	0.185633	0.000021	0.175638	20.000000	-24.000000	1.180000	23.041352
267.871643	240.887939	-166.881088	-127.973389	170.236633	7.016615	321.050110	0.163048	-0.000006	0.000026	0.180158	0.170375	0.000014	0.185633	0.000021	0.175638	20.000000	-24.000000	1.180000	23.070765
267.691162	240.243622	-165.661575	-127.798569	171.622635	7.406428	321.530243	0.325962	0.159851	0.167543	0.180158	0.170375	0.000014	0.185709	0.000021	0.175638	20.000000	-24.000000	1.180000	23.074081
269.496216	267.824280	-110.231735	-86.714211	209.934662	7.211522	334.653931	0.163048	0.159816	0.000026	0.180158	0.170375	0.000014	0.185633	0.000021	0.175638	20.000000	-20.000000	1.180000	23.558165
269.857239	267.824280	-108.456001	-83.742149	211.365234	7.211522	335.134064	0.163048	-0.000006	0.167543	0.180158	0.000042	0.169800	0.185709	0.000021	0.351269	20.000000	-20.000000	1.180000	23.575431
271.662292	269.865356	-110.982430	-87.238693	210.416489	7.211522	335.774261	0.325962	0.159851	0.167543	0.180158	0.170375	0.169800	0.185709	0.000021	0.175638	20.000000	-20.000000	1.180000	23.598432
269.315704	270.902740	-109.538757	-88.287659	211.544052	7.211522	336.414429	0.163048	0.159816	0.167543	0.180158	0.170375	0.000014	0.185633	0.000021	0.351269	20.000000	-20.000000	1.180000	23.621411
245.849869	272.634369	-49.084911	-52.448109	229.724030	7.211522	322.330505	0.163048	-0.000006	0.167543	0.180158	0.170375	0.169800	0.185709	0.192531	0.351269	20.000000	-16.000000	1.180000	23.110603
244.766830	273.019165	-51.237003	-56.119484	227.757523	7.016615	321.210175	0.325962	0.159816	0.167543	0.180158	0.170375	0.169800	0.185709	0.000021	0.175638	20.000000	-16.000000	1.180000	23.076644
243.142258	271.864746	-50.334942	-56.469131	227.101364	6.821710	320.089874	0.163048	-0.000006	0.167543	0.180158	0.170375	0.169800	0.185633	0.000037	0.175638	20.000000	-16.000000	1.180000	23.042634
242.781250	270.902740	-49.793709	-55.420170	226.743729	7.016615	319.289612	0.163048	0.159816	0.167543	0.180158	0.170375	0.000014	0.185633	0.000021	0.351269	20.000000	-16.000000	1.180000	23.006005
211.373138	265.323059	-1.082472	-43.007454	230.439133	6.821710	300.084229	0.325962	0.159851	0.167543	0.180158	0.170375	0.169800	0.185709	0.000021	0.175638	20.000000	-12.000000	1.180000	22.294733
213.178192	266.018372	-1.804592	-43.531933	230.260361	6.626803	299.604126	0.163048	-0.000006	0.000000	0.180158	0.170375	0.169800	0.185709	0.000021	0.351269	20.000000	-12.000000	1.180000	22.283890
210.651093	263.591431	-0.721648	-41.783661	231.869324	6.626803	298.803864	0.325962	0.159816	0.167543	0.180158	0.170375	0.000014	0.185633	0.000037	0.175638	20.000000	-12.000000	1.180000	22.253435
210.651108	262.748444	-0.721837	-41.084354	229.902832	6.626803	298.003662	0.325962	0.159851	0.000026	0.180158	0.170375	0.169800	0.185709	0.000021	0.175638	20.000000	-12.000000	1.180000	22.222941
180.687012	255.631531	33.591846	-43.007454	230.081604	6.431898	282.319244	0.325962	-0.000008	0.167543	0.180158	0.170375	0.000014	0.185709	0.000021	0.175638	20.000000	-8.000000	1.180000	21.624192
180.867523	254.356110	32.155453	-41.958492	228.830170	6.431898	281.198944	0.325962	-0.000006	0.167543	0.180158	0.170375	0.169800	0.185709	0.000037	0.175638	20.000000	-8.000000	1.180000	21.580243
178.881943	253.778915	32.508240	-42.482971	229.426071	6.236991	280.398712	0.163048	0.159816	0.000026	0.180158	0.170375	0.169800	0.185709	0.000021	0.351269	20.000000	-8.000000	1.180000	21.556458
178.520935	255.125732	32.155453	-42.308140	229.783707	6.236991	279.438446	0.163048	-0.000006	0.167543	0.180158	0.170375	0.000014	0.000021	0.192602	0.175638	20.000000	-8.000000	1.180000	21.518673
151.625458	243.773972	60.501419	-38.986431	225.134354	5.847179	265.514557	0.163048	0.159816	0.167543	0.180158	0.170375	0.169800	0.185709	0.000021	0.351269	20.000000	-4.000000	1.180000	20.978899
150.542419	242.427155	60.320812	-39.161255	225.791016	5.847179	265.034424	0.163048	0.159816	0.167543	0.180158	0.170375	0.169800	0.185709	0.000021	0.351269	20.000000	-4.000000	1.180000	20.959495
150.000916	243.004379	60.320812	-39.161255	225.433487	5.652272	264.554260	0.325962	0.159851	0.167543	0.180158	0.170375	0.169800	0.185709	0.000021	0.175638	20.000000	-4.000000	1.180000	20.947957
149.820389	241.657562	61.043217	-38.287125	226.028458	5.652272	264.074127	0.163048	-0.000006	0.167543	0.180158	0.170375	0.169800	0.185633	0.000037	0.175638	20.000000	-4.000000	1.180000	20.928524
124.729996	232.357330	85.243774	-33.566792	221.679214	5.067554	253.031021	0.325962	0.159851	0.167543	0.180158	0.170375	0.000014	0.185709	0.000021	0.175638	20.000000	0.000000	1.180000	20.500660
124.729996	232.807037	84.701965	-32.692654	221.915619	5.067554	252.550888	0.163048	0.159816	0.167543	0.180158	0.170375	0.169800	0.185709	0.000021	0.351269	20.000000	0.000000	1.180000	20.480803
125.090996	232.549698	84.701965	-33.566792	219.712723	5.067554	252.230804	0.163048	0.159816	0.167543	0.180158	0.170375	0.169800	0.185709	0.000021	0.351269	20.000000	0.000000	1.180000	20.467554
123.827454	232.807037	84.340767	-34.615753	220.785355	5.262460	251.750687	0.163048	0.159816	0.167543	0.180158	0.170375	0.169800	0.185709	0.000021	0.351269	20.000000	0.000000	1.180000	20.439585
111.733521	248.776443	114.681763	-35.489891	235.266006	6.042085	268.395355	0.325962	0.159851	0.167543	0.180158	0.170375	0.000014	0.185709	0.000021	0.175638	20.000000	4.000000	1.180000	21.087118
110.469978	247.622025	116.668365	-34.965408	236.159897	6.042085	269.035522	0.325962	0.159816	0.167543	0.180158	0.170375	0.169800	0.000047	0.000021	0.175638	20.000000	4.000000	1.180000	21.112830
112.094536	249.353653	117.029572	-34.790585	237.651779	6.042085	269.835754	0.163048	-0.000006	0.167543	0.180158	0.170375	0.169800	0.185633	0.000021	0.351269	20.000000	4.000000	1.180000	21.144926
111.372520	249.738464	117.029572	-35.489891	237.590088	6.042085	270.475922	0.325962	0.159851	0.167543	0.180158	0.170375	0.169800	0.185709	0.000021	0.175638	20.000000	4.000000	1.180000	21.170568
94.585403	266.403046	148.995972	-37.412987	248.202148	6.431898	286.640472	0.163048	0.159816	0.167543	0.180158	0.170375	0.000014	0.185633	0.000037	0.175638	20.000000	8.000000	1.180000	21.792884
94.765907	265.323059	145.602707	-39.860569	246.056290	6.236991	287.280640	0.163048	0.159816	0.167543	0.180158	0.170375	0.169800	0.185709	0.000037	0.175638	20.000000	8.000000	1.180000	21.825333
95.848953	264.745850	148.815369	-36.364025	247.780167	6.236991	287.920837	0.325962	0.159851	0.167543	0.180158	0.170375	0.169800	0.185709	0.000021	0.175638	20.000000	8.000000	1.180000	21.850177
96.209969	265.130646	148.995972	-36.014370	248.852798	6.236991	288.561005	0.325962	0.159851	0.167543	0.180158	0.170375	0.169800	0.000047	0.000021	0.175638	20.000000	8.000000	1.180000	21.874992
70.939056	276.867187	179.698166	-33.391968	253.500931	6.626803	303.605255	0.325962	0.159851	0.167543	0.180158	0.170375	0.169800	0.185709	0.000021	0.175638	20.000000	12.000000	1.180000	22.435537
72.202606	276.482422	180.059372	-32.343002	254.573563	7.016615	304.085358	0.325962	0.159851	0.167543	0.180158	0.000042	0.000014	0.000047	0.000021	0.175638	20.000000	12.000000	1.180000	22.438948
73.105125	277.174561	178.253357	-33.916447	252.136185	6.821710	304.725555	0.163048	0.159816	0.167543	0.180158	0.170375	0.169800	0.185633	0.000037	0.175638	20.000000	12.000000	1.180000	22.470464
71.480576	277.252014	181.142975	-31.643692	253.209106	6.821710	305.525757	0.163048	0.159816	0.167543	0.180158	0.170375	0.169800	0.185709	0.000037	0.175638	20.000000	12.000000	1.180000	22.500623
37.003826	282.831696	209.858551	-24.825439	251.534409	7.016615	317.849243	0.325962	0.159851	0.167543	0.180158	0.170375	0.169800	0.185709	0.000021	0.351269	20.000000	16.000000	1.180000	22.952886
37.364838	282.062073	211.122772	-23.426825	252.964600	7.016615	318.489410	0.163048	-0.000008	0.167543	0.180158	0.170375	0.169800	0.185709	0.000021	0.351269	20.000000	16.000000	1.180000	22.976510
38.267380	282.446869	210.580963	-25.699575	252.428268	6.821710	318.969543	0.163048	0.159851	0.167543	0.180158	0.170375	0.169800	0.185709	0.000021	0.351269	20.000000	16.000000	1.180000	23.001394
37.906357	281.484863	210.761566	-23.951305	252.672638	7.016615	319.449677	0.163048	0.159816	0.167543	0.180158	0.170375	0.169800	0.185709	0.000021	0.351269	20.000000	16.000000	1.180000	23.011901
-10.270039	283.024109	240.921936	-33.042309	246.950409	7.016615	331.292999	0.163048	0.159816	0.167543	0.180158	0.170375	0.169800	0.185633	0.000037	0.175638	20.000000	20.000000	1.180000	23.443997
-10.630389	282.752716	242.727951	-30.594730	246.950409	7.406428	332.093231	0.163048	-0.000006	0.167543	0.180158	0.000042	0.169800	0.185709	0.000037	0.175638	20.000000	20.000000	1.180000	23.458828
-10.990744	283.024109	241.644363	-33.217136	247.844513	7.406428	332.413300	0.163048	0.159816	0.167543	0.180158	0.170375	0.169800	0.185633	0.000021	0.351269	20.000000	20.000000	1.180000	23.470388
-10.270039	283.024109	241.644363	-30.944386	246.413925	7.406428	332.893433	0.325962	-0.000006	0.167543	0.180158	0.170375	0.169800	0.185633	0.000037	0.175638	20.000000	20.000000	1.180000	23.487718
-66.124634	265.900269	259.885071	-61.539116	224.003296	7.211522	330.492767	0.163048	0.159851	0.167543	0.180158	0.170375	0.000014	0.185709	0.000021	0.175638	20.000000	24.000000	1.180000	23.407997
-64.142693	265.515472	257.898468	-59.441193	221.379166	7.016615	329.052368	0.163048	0.159816	0.167543	0.180158	0.170375	0.169800	0.000021	0.000021	0.351269	20.000000	24.000000	1.180000	23.362862
-70.467278	267.631897	259.704468	-63.811871	221.857986	7.016615	328.252136	0.163048	0.159851	0.167543	0.180158	0.170375	0.169800	0.000047	0.000021	0.175638	20.000000	24.000000	1.180000	23.333817
-65.043571	264.168640	256.634247	-60.839809	223.167358	6.821710	327.131836	0.163048	-0.000006	0.167543	0.180158	0.170375	0.169800	0.185709	0.000037	0.175638	20.000000	24.000000	1.180000	23.300183
-117.474808	230.113388	254.467041	-84.616287	181.097626	6.626803	303.125092	0.163048	0.159851	0.167543	0.180158	0.170375	0.169800	0.185709	0.000021	0.351269	20.000000	28.000000	1.180000	22.417392
-114.411827	227.612167	253.925247	-80.595268	180.787018	6.431898	302.324860	0.163048	-0.000006	0.167543	0.180158	0.170375	0.169800	0.185633	0.000037	0.175638	20.000000	28.000000	1.180000	22.394497
-114.081299	227.996979	253.022247	-80.770088	181.097626	6.431898	301.364624	0.325962	-0.000008	0.000026	0.180158	0.170375	0.000014	0.185709	0.000021	0.175638	20.000000	28.000000	1.180000	22.358130
-114.952354	227.612167	252.661026	-80.595268	180.561295	7.016615	300.884460	0.163048	0.159851	0.167543	0.180158	0.170375	0.169800	0.185709	0.000021	0.351269	20.000000	28.000000	1.180000	22.317731
-154.771271	200.483414	249.410217	-114.511711	143.413635	6.236991	285.520172	0.163048	-0.000006	0.167543	0.180158	0.170375	0.169800	0.185709	0.000021	0.351269	20.000000	32.000000	1.180000	21.756868
-151.528107	199.136597	248.687790	-112.064125	143.771271	6.236991	284.879974	0.163048	0.159816	0.167543	0.180158	0.170375	0.169800	0.185633	0.000021	0.351269	20.000000	32.000000	1.180000	21.731917
-153.369965	198.559387	248.326584	-111.364830	142.840073	6.236991	284.239807	0.325962	0.159851	0.167543	0.180158	0.170375	0.169800	0.185709	0.000037	0.175638	20.000000	32.000000	1.180000	21.706939
-153.730408	197.597382	248.868408	-112.938263	142.840073	6.236991	283.599609	0.325962	0.159851	0.167543	0.180158	0.170375	0.169800	0.185709	0.000021	0.175638	20.000000	32.000000	1.180000	21.681931
-183.106781	170.083832	240.560760	-141.959564	104.940079	6.042085	269.355621	0.163048	-0.000008	0.167543	0.180158	0.170375	0.000014	0.185709	0.000021	0.351269	20.000000	36.000000	1.180000	21.125675
-182.698563	170.853424	238.574127	-145.630920	102.973572	6.042085	268.235291	0.163048	0.159816	0.167543	0.180158	0.170375	0.000014	0.185709	0.000021	0.175638	20.000000	36.000000	1.180000	21.080685
-184.320145	169.506607	239.296539	-144.057480	102.794800	6.236991	267.435089	0.325962	-0.000006	0.167543	0.180158	0.000042	0.000014	0.185709	0.000037	0.175638	20.000000	36.000000	1.180000	21.040642
-181.617508	168.737015	237.309937	-142.309204	102.463867	5.847179	266.794891	0.163048	0.159816	0.167543	0.180158	0.170375	0.169800	0.185633	0.000037	0.175638	20.000000	36.000000	1.180000	21.030556
-223.238190	151.805588	247.423584	-182.869080	67.593971	6.236991	277.357849	0.163048	0.159816	0.167543	0.180158	0.170375	0.169800	0.185709	0.000037	0.175638	20.000000	40.000000	1.180000	21.436578
-226.661545	153.152405	250.313217	-185.666321	69.006592	6.431898	278.158081	0.163048	0.159816	0.167543	0.180158	0.170375	0.169800	0.185709	0.000037	0.175638	20.000000	40.000000	1.180000	21.460496
-227.382233	153.344818	250.493805	-183.043900	69.542908	6.236991	279.118347	0.163048	0.159851	0.167543	0.180158	0.170375	0.169800	0.185709	0.192531	0.351269	20.000000	40.000000	1.180000	21.506063
-226.901031	154.071381	249.771423	-185.141830	69.364136	6.042085	279.758545	0.325962	0.159851	0.167543	0.180158	0.170375	0.169800	0.185709	0.000021	0.351269	20.000000	40.000000	1.180000	21.538946
-281.254883	137.567795	264.761292	-237.589935	24.670742	6.431898	297.043396	0.163048	0.159816	0.167543	0.180158	0.170375	0.169800	0.185709	0.000037	0.175638	20.000000	44.000000	1.180000	22.193735
-286.299805	137.952606	267.650909	-237.240280	26.107738	6.236991	297.843597	0.163048	0.159816	0.167543	0.180158	0.170375	0.169800	0.185633	0.000021	0.351269	20.000000	44.000000	1.180000	22.231700
-282.155762	136.990585	264.761292	-233.394089	25.392458	6.821710	298.483795	0.163048	0.159816	0.167543	0.180158	0.170375	0.169800	0.185709	0.000037	0.175638	20.000000	44.000000	1.180000	22.233814
-285.293335	136.990585	266.747925	-234.792679	26.458477	6.431898	299.284027	0.325962	-0.000008	0.167543	0.180158	0.170375	0.000014	0.185709	0.000021	0.175638	20.000000	44.000000	1.180000	22.279128
241.517700	129.102097	-392.396057	-373.255707	-78.319031	6.821710	318.649445	0.163048	0.159816	0.000026	0.180158	0.170375	0.169800	0.185709	0.000037	0.351269	24.000000	-44.000000	1.180000	22.989597
240.434677	126.408455	-392.137939	-371.857086	-78.319031	6.626803	319.289612	0.163048	0.159816	0.000026	0.180158	0.170375	0.169800	0.185709	0.000021	0.351269	24.000000	-44.000000	1.180000	23.020360
242.420258	126.985664	-398.530090	-376.052948	-82.243912	6.821710	319.609741	0.163048	-0.000006	0.000026	0.180158	0.170375	0.000014	0.185633	0.000021	0.351269	24.000000	-44.000000	1.180000	23.024969
241.156708	129.294495	-396.725952	-376.227753	-80.103065	7.016615	320.249908	0.325962	0.159816	0.167543	0.180158	0.170375	0.169800	0.185709	0.000037	0.175638	24.000000	-44.000000	1.180000	23.041352
259.929382	167.390198	-364.973450	-348.605103	-22.835619	7.211522	332.733398	0.163048	0.159816	0.167543	0.180158	0.170375	0.169800	0.185709	0.000021	0.351269	24.000000	-40.000000	1.180000	23.488976
260.290375	170.083832	-367.499207	-353.675079	-25.154863	7.406428	333.053497	0.163048	0.159816	0.167543	0.180158	0.170375	0.169800	0.185709	0.000037	0.175638	24.000000	-40.000000	1.180000	23.493492
261.192902	168.882233	-361.545624	-346.681976	-21.229988	7.406428	333.693695	0.163048	0.159851	0.167543	0.180158	0.170375	0.000014	0.185709	0.000021	0.351269	24.000000	-40.000000	1.180000	23.516574
261.373444	168.159790	-366.597137	-349.654053	-21.408394	7.601334	334.173798	0.163048	0.159816	0.167543	0.180158	0.170375	0.169800	0.185709	0.192602	0.175638	24.000000	-40.000000	1.180000	23.526849
259.207367	196.058167	-321.854980	-305.772461	28.067436	7.016615	326.491669	0.163048	-0.000008	0.167543	0.180158	0.170375	0.000014	0.185709	0.000021	0.175638	24.000000	-36.000000	1.180000	23.269791
259.568359	195.426346	-316.262207	-300.702484	30.041777	7.211522	325.371338	0.000010	0.159816	0.000026	0.180158	0.170375	0.000014	0.185633	0.000037	0.175638	24.000000	-36.000000	1.180000	23.221842
255.777725	190.478485	-313.096802	-297.205963	28.603758	7.406428	324.090973	0.163048	0.159816	0.167543	0.180158	0.170375	0.000014	0.185709	0.000021	0.351269	24.000000	-36.000000	1.180000	23.167940
255.236206	191.055695	-310.028992	-294.583557	31.114697	7.211522	322.810608	0.163048	0.159816	0.000026	0.180158	0.170375	0.169800	0.185709	0.000021	0.351269	24.000000	-36.000000	1.180000	23.128202
239.893158	202.792252	-258.530365	-239.163376	65.967438	6.821710	301.044495	0.325962	0.159816	0.167543	0.180158	0.170375	0.169800	0.185709	0.000021	0.175638	24.000000	-32.000000	1.180000	22.331204
239.712646	203.369461	-259.139465	-238.988556	66.861305	6.626803	300.084229	0.163048	0.159851	0.167543	0.180158	0.170375	0.000014	0.185709	0.000021	0.351269	24.000000	-32.000000	1.180000	22.302141
238.268585	202.215042	-257.628296	-237.589935	67.415154	6.626803	299.604126	0.163048	-0.000006	0.167543	0.180158	0.170375	0.169800	0.185709	0.192602	0.351269	24.000000	-32.000000	1.180000	22.283890
236.644028	202.215042	-256.071655	-237.589935	65.269318	6.626803	298.963928	0.163048	0.159816	0.167543	0.180158	0.170375	0.169800	0.185709	0.000021	0.351269	24.000000	-32.000000	1.180000	22.259530
223.647552	211.775986	-204.587204	-185.841141	99.245110	6.236991	284.079742	0.163048	0.159816	0.167543	0.180158	0.170375	0.169800	0.185709	0.000037	0.175638	24.000000	-28.000000	1.180000	21.700689
224.189102	209.718735	-204.226379	-185.491486	97.967911	6.236991	283.599609	0.163048	0.159851	0.000026	0.180158	0.170375	0.169800	0.185709	0.192531	0.175638	24.000000	-28.000000	1.180000	21.681931
222.023010	210.488342	-203.865555	-186.715286	97.789131	6.236991	282.959442	0.325962	0.159851	0.167543	0.180158	0.170375	0.000014	0.185709	0.000021	0.175638	24.000000	-28.000000	1.180000	21.656895
222.925537	209.141525	-201.212051	-182.869080	98.351006	6.236991	282.479279	0.163048	-0.000006	0.167543	0.180158	0.170375	0.169800	0.000047	0.000021	0.351269	24.000000	-28.000000	1.180000	21.638097
204.694382	214.528793	-148.839890	-143.183350	119.809395	5.847179	266.794891	0.163048	0.159816	0.167543	0.180158	0.170375	0.169800	0.185709	0.000037	0.175638	24.000000	-24.000000	1.180000	21.030556
206.138428	213.314789	-149.381134	-140.910599	119.988213	5.652272	266.154724	0.163048	-0.000006	0.000026	0.180158	0.170375	0.169800	0.185709	0.000037	0.351269	24.000000	-24.000000	1.180000	21.012605
205.416412	212.604782	-148.479080	-140.211288	119.630577	5.847179	265.674591	0.163048	-0.000006	0.167543	0.180158	0.170375	0.169800	0.185709	0.192602	0.175638	24.000000	-24.000000	1.180000	20.985363
205.416412	212.027573	-146.314133	-137.588867	119.630577	5.652272	265.034424	0.163048	0.159816	0.167543	0.180158	0.170375	0.169800	0.185709	0.000037	0.175638	24.000000	-24.000000	1.180000	20.967373
206.499451	237.039886	-105.388191	-113.287910	152.136307	6.236991	279.278412	0.163048	0.159851	0.000026	0.180158	0.000042	0.169800	0.185709	0.000021	0.351269	24.000000	-20.000000	1.180000	21.512370
206.679962	238.194305	-104.458542	-112.938263	153.387726	6.236991	280.078613	0.163048	-0.000006	0.000026	0.180158	0.000042	0.169800	0.185709	0.000037	0.175638	24.000000	-20.000000	1.180000	21.543870
207.221481	238.771515	-106.470947	-114.511711	152.712280	6.236991	280.558746	0.163048	0.159816	0.167543	0.180158	0.170375	0.000014	0.185709	0.000037	0.351269	24.000000	-20.000000	1.180000	21.562748
208.304520	238.194305	-103.403137	-111.539650	154.102814	6.236991	281.679077	0.163048	-0.000008	0.167543	0.180158	0.170375	0.000014	0.000047	0.000021	0.351269	24.000000	-20.000000	1.180000	21.606735
208.846024	269.865326	-66.391609	-99.826233	188.297455	6.626803	298.803864	0.163048	0.159816	0.167543	0.180158	0.170375	0.169800	0.185709	0.000037	0.351269	24.000000	-16.000000	1.180000	22.253435
208.665527	265.900269	-64.423943	-98.427620	185.436340	6.821710	299.604126	0.163048	0.159816	0.167543	0.180158	0.170375	0.169800	0.185709	0.000021	0.351269	24.000000	-16.000000	1.180000	22.276476
209.748566	269.363525	-62.438892	-97.728310	189.191559	6.821710	300.244293	0.163048	0.159816	0.167543	0.180158	0.170375	0.000014	0.185709	0.000021	0.351269	24.000000	-16.000000	1.180000	22.300816
208.304504	267.439484	-62.077976	-97.728310	189.191559	6.431898	300.564362	0.163048	-0.000008	0.167543	0.180158	0.170375	0.000014	0.185709	0.192531	0.351269	24.000000	-16.000000	1.180000	22.327777
202.347794	291.682190	-22.737864	-94.056953	215.779678	6.821710	314.648315	0.325962	0.159851	0.167543	0.180158	0.000042	0.000014	0.185709	0.000021	0.351269	24.000000	-12.000000	1.180000	22.841629
202.528305	292.836609	-25.625212	-95.980034	216.494812	7.211522	315.448547	0.163048	-0.000008	0.167543	0.180158	0.170375	0.000014	0.185709	0.000021	0.175638	24.000000	-12.000000	1.180000	22.856851
201.445267	290.335388	-20.030973	-92.483505	217.388641	6.821710	315.608612	0.163048	-0.000008	0.167543	0.180158	0.170375	0.169800	0.185709	0.000021	0.175638	24.000000	-12.000000	1.180000	22.877229
202.528305	292.836609	-22.557404	-94.056953	217.445099	7.211522	316.088745	0.163048	0.159816	0.167543	0.180158	0.170375	0.169800	0.000047	0.000021	0.351269	24.000000	-12.000000	1.180000	22.880575
187.004730	310.835602	18.421349	-98.952095	239.439972	7.406428	328.732269	0.163048	0.159816	0.167543	0.180158	0.170375	0.169800	0.185709	0.000037	0.175638	24.000000	-8.000000	1.180000	23.337096
187.546265	310.922455	16.073534	-99.826233	240.807999	7.406428	329.372467	0.163048	0.159851	0.167543	0.180158	0.170375	0.169800	0.185709	0.000021	0.351269	24.000000	-8.000000	1.180000	23.360333
190.434372	311.499664	16.795938	-97.553490	238.903519	7.406428	329.852600	0.163048	-0.000008	0.000026	0.180158	0.170375	0.169800	0.185709	0.000021	0.351269	24.000000	-8.000000	1.180000	23.377744
187.004730	312.846466	18.060148	-100.875198	241.228165	7.211522	330.012634	0.163048	-0.000008	0.167543	0.180158	0.170375	0.169800	0.185709	0.192531	0.351269	24.000000	-8.000000	1.180000	23.390608
166.427002	319.772949	57.973000	-98.952095	256.718842	7.406428	334.974030	0.325962	-0.000008	0.167543	0.180158	0.170375	0.169800	0.185709	0.192531	0.175638	24.000000	-4.000000	1.180000	23.562668
164.802444	319.195770	57.069992	-98.427620	256.540070	7.211522	333.853729	0.163048	0.159851	0.167543	0.180158	0.000042	0.169800	0.185709	0.000021	0.351269	24.000000	-4.000000	1.180000	23.529362
165.163452	318.041351	55.625183	-97.553490	253.566742	7.406428	332.733398	0.163048	0.159851	0.167543	0.180158	0.170375	0.000014	0.185709	0.000021	0.351269	24.000000	-4.000000	1.180000	23.481943
163.899902	315.451996	57.807537	-96.854172	253.209106	7.211522	331.292999	0.163048	0.159816	0.167543	0.180158	0.170375	0.000014	0.185709	0.000037	0.175638	24.000000	-4.000000	1.180000	23.436950
127.798607	293.413818	81.089943	-87.063866	240.271683	7.016615	306.486053	0.163048	0.159851	0.167543	0.180158	0.000042	0.000014	0.185709	0.000021	0.351269	24.000000	0.000000	1.180000	22.529433
127.257088	292.562500	82.354156	-83.916977	241.585800	6.821710	305.845856	0.163048	-0.000006	0.167543	0.180158	0.000042	0.169800	0.185709	0.000037	0.175638	24.000000	0.000000	1.180000	22.512676
126.535057	293.331879	83.257164	-84.791115	241.049347	6.626803	305.205658	0.163048	0.159816	0.167543	0.180158	0.170375	0.000014	0.185709	0.000037	0.351269	24.000000	0.000000	1.180000	22.495908
128.159622	290.527771	83.798958	-82.868011	240.271683	6.626803	304.245422	0.163048	-0.000008	0.167543	0.180158	0.170375	0.169800	0.185709	0.000021	0.351269	24.000000	0.000000	1.180000	22.459705
100.000603	278.983643	104.206894	-77.623207	229.902832	6.236991	288.881104	0.163048	0.159851	0.000026	0.180158	0.170375	0.169800	0.185709	0.192602	0.351269	24.000000	4.000000	1.180000	21.887389
100.181107	276.097595	103.484482	-76.049767	229.247223	6.431898	288.240936	0.163048	0.159816	0.167543	0.180158	0.170375	0.169800	0.185709	0.000021	0.351269	24.000000	4.000000	1.180000	21.855033
100.000595	276.405182	103.123283	-76.923897	227.995483	6.626803	287.920837	0.163048	0.159816	0.167543	0.180158	0.000042	0.169800	0.185709	0.000037	0.175638	24.000000	4.000000	1.180000	21.835053
99.820091	275.135590	102.581482	-76.749069	225.849640	6.626803	287.280640	0.163048	0.159816	0.167543	0.180158	0.170375	0.169800	0.185709	0.000021	0.351269	24.000000	4.000000	1.180000	21.810192
71.841591	259.863190	121.364006	-69.930817	211.007584	5.652272	272.876617	0.163048	0.159816	0.167543	0.180158	0.170375	0.000014	0.185709	0.000037	0.351269	24.000000	8.000000	1.180000	21.281978
71.119560	258.973785	120.641586	-70.630119	211.489136	5.652272	271.916351	0.163048	-0.000008	0.167543	0.180158	0.000042	0.000014	0.185709	0.000037	0.175638	24.000000	8.000000	1.180000	21.243706
71.841591	258.204163	121.544594	-68.357376	211.667908	5.847179	270.956055	0.163048	0.159851	0.167543	0.180158	0.000042	0.169800	0.185709	0.000021	0.175638	24.000000	8.000000	1.180000	21.197573
70.397530	258.204163	120.460999	-69.755989	210.828766	5.847179	270.315887	0.163048	0.159816	0.167543	0.180158	0.170375	0.169800	0.185709	0.000037	0.351269	24.000000	8.000000	1.180000	21.171964
44.765614	258.973785	143.939133	-68.182541	205.642990	6.236991	274.317017	0.163048	0.159851	0.000026	0.180158	0.170375	0.169800	0.185709	0.000021	0.351269	24.000000	12.000000	1.180000	21.316025
44.404602	259.358582	145.564545	-66.434273	206.125916	6.236991	275.117218	0.163048	0.159851	0.167543	0.180158	0.170375	0.169800	0.185709	0.000037	0.351269	24.000000	12.000000	1.180000	21.347814
42.960545	260.128204	144.661545	-68.707024	206.125916	6.236991	275.917450	0.163048	0.159851	0.167543	0.180158	0.170375	0.169800	0.185709	0.000021	0.351269	24.000000	12.000000	1.180000	21.379558
44.585110	261.667419	144.661545	-69.231506	206.841019	6.042085	276.397614	0.325962	0.159851	0.000026	0.180158	0.170375	0.000014	0.185709	0.000037	0.351269	24.000000	12.000000	1.180000	21.406301
12.635454	270.710327	176.086136	-67.832893	207.610016	6.431898	293.202301	0.163048	0.159851	0.000026	0.180158	0.170375	0.000014	0.185709	0.000021	0.351269	24.000000	16.000000	1.180000	22.046577
14.621018	271.788818	177.350357	-65.734962	208.682922	6.431898	294.162567	0.163048	-0.000006	0.167543	0.180158	0.170375	0.000014	0.185709	0.000037	0.175638	24.000000	16.000000	1.180000	22.083458
12.996468	273.211548	178.072754	-66.259445	209.219391	6.431898	294.802765	0.163048	-0.000008	0.167543	0.180158	0.170375	0.169800	0.185709	0.000037	0.175638	24.000000	16.000000	1.180000	22.108012
13.357473	273.904633	177.892151	-66.609100	209.577026	6.431898	295.442932	0.163048	-0.000006	0.000026	0.180158	0.170375	0.000014	0.185709	0.000037	0.351269	24.000000	16.000000	1.180000	22.132538
-29.909229	279.290436	204.259918	-74.476318	203.318329	6.821710	310.327118	0.163048	0.159816	0.167543	0.180158	0.170375	0.169800	0.185709	0.000037	0.351269	24.000000	20.000000	1.180000	22.680739
-31.899511	278.214020	207.330139	-74.825974	204.159409	6.821710	310.807251	0.163048	-0.000008	0.167543	0.180158	0.000042	0.169800	0.185709	0.000037	0.351269	24.000000	20.000000	1.180000	22.698672
-29.909229	278.021606	205.524139	-72.378395	203.497147	6.821710	311.287384	0.163048	0.159851	0.167543	0.180158	0.170375	0.169800	0.185709	0.000021	0.351269	24.000000	20.000000	1.180000	22.716591
-32.251522	278.521027	207.510742	-74.825974	204.391251	7.016615	311.607483	0.163048	-0.000006	0.000026	0.180158	0.170375	0.169800	0.185709	0.000037	0.175638	24.000000	20.000000	1.180000	22.721262
-88.466469	277.252014	234.059128	-108.043106	189.678757	7.211522	323.770874	0.163048	0.159851	0.167543	0.180158	0.170375	0.169800	0.185709	0.000021	0.351269	24.000000	24.000000	1.180000	23.163361
-94.232094	277.829224	236.406937	-111.015167	189.370377	7.016615	324.571136	0.163048	0.159816	0.167543	0.180158	0.170375	0.000014	0.185709	0.000037	0.351269	24.000000	24.000000	1.180000	23.199742
-92.634735	278.983643	236.406937	-107.343803	191.108932	7.211522	325.051239	0.163048	0.159851	0.167543	0.180158	0.170375	0.169800	0.185709	0.000021	0.351269	24.000000	24.000000	1.180000	23.210157
-94.412277	280.907654	236.948730	-110.840340	191.695038	7.406428	325.691437	0.163048	0.159851	0.167543	0.180158	0.170375	0.169800	0.185709	0.000021	0.351269	24.000000	24.000000	1.180000	23.226410
-160.536896	273.788788	262.594086	-150.700897	170.951920	7.406428	338.014893	0.163048	0.159816	0.167543	0.180158	0.170375	0.169800	0.185709	0.000037	0.351323	24.000000	28.000000	1.180000	23.671783
-157.834259	273.135254	263.497101	-149.302292	172.740112	7.406428	338.655060	0.163048	0.159816	0.000026	0.180158	0.170375	0.169800	0.185709	0.000037	0.351269	24.000000	28.000000	1.180000	23.694690
-159.455841	274.674042	264.400085	-151.225388	172.740112	7.601334	338.975159	0.163048	0.159816	0.167543	0.180158	0.170375	0.169800	0.185709	0.000037	0.351269	24.000000	28.000000	1.180000	23.699167
-161.077423	274.943176	264.580719	-152.973648	170.594284	7.601334	339.615326	0.163048	0.159851	0.167543	0.180158	0.170375	0.169800	0.185709	0.000021	0.351269	24.000000	28.000000	1.180000	23.722048
-199.094589	237.743073	255.189438	-179.372528	129.253281	6.626803	314.168182	0.163048	0.159851	0.167543	0.180158	0.170375	0.169800	0.185709	0.000037	0.351269	24.000000	32.000000	1.180000	22.831044
-196.391937	236.588989	254.467041	-177.624268	128.929214	7.211522	313.528015	0.163048	0.159816	0.167543	0.180158	0.170375	0.000014	0.185709	0.000037	0.351269	24.000000	32.000000	1.180000	22.785533
-195.001526	233.961441	254.105835	-175.001862	129.286865	7.016615	312.407684	0.163048	-0.000008	0.167543	0.180158	0.000042	0.000014	0.185709	0.000021	0.351269	24.000000	32.000000	1.180000	22.751088
-194.049652	234.731064	252.841629	-172.729111	129.644501	7.016615	311.607483	0.163048	0.159816	0.167543	0.180158	0.000042	0.169800	0.185709	0.000021	0.351269	24.000000	32.000000	1.180000	22.721262
-218.013077	202.350891	242.908569	-199.302826	90.482925	6.431898	293.842468	0.163048	0.159816	0.167543	0.180158	0.170375	0.000014	0.185709	0.192602	0.351269	24.000000	36.000000	1.180000	22.071171
-218.373428	202.022644	242.727951	-197.904205	90.840569	6.431898	293.042267	0.163048	0.159851	0.167543	0.180158	0.170375	0.000014	0.185709	0.000021	0.351323	24.000000	36.000000	1.180000	22.040424
-219.274307	202.215042	243.450378	-201.400757	91.174515	6.431898	292.562134	0.163048	0.159816	0.167543	0.180158	0.170375	0.169800	0.185709	0.000037	0.351269	24.000000	36.000000	1.180000	22.021955
-216.031143	201.389160	242.186157	-198.778351	90.482925	6.236991	291.761902	0.163048	-0.000006	0.167543	0.180158	0.170375	0.169800	0.185709	0.000037	0.175638	24.000000	36.000000	1.180000	21.998648
-239.814377	171.430649	231.891907	-220.806549	51.844326	6.042085	278.318115	0.163048	0.159851	0.167543	0.180158	0.170375	0.169800	0.185709	0.000021	0.351269	24.000000	40.000000	1.180000	21.482197
-239.454025	171.045837	231.891907	-218.184128	52.751915	6.431898	277.677948	0.163048	0.159816	0.167543	0.180158	0.170375	0.169800	0.185709	0.000037	0.351269	24.000000	40.000000	1.180000	21.441527
-239.454025	170.853424	233.336700	-217.484802	54.361294	6.236991	277.197815	0.163048	0.159816	0.167543	0.180158	0.170375	0.169800	0.185709	0.000037	0.351269	24.000000	40.000000	1.180000	21.430250
-236.452866	168.352203	229.905289	-216.785507	51.308006	6.236991	276.717682	0.163048	0.159851	0.000026	0.180158	0.170375	0.169800	0.185709	0.000021	0.351269	24.000000	40.000000	1.180000	21.411255
-262.516571	140.838638	220.333420	-246.680923	11.083949	5.652272	266.634857	0.163048	0.159816	0.167543	0.180158	0.170375	0.169800	0.185709	0.000037	0.351269	24.000000	44.000000	1.180000	21.031960
-261.435516	140.838638	221.236435	-243.883698	12.517420	6.042085	267.595123	0.163048	-0.000006	0.167543	0.180158	0.170375	0.169800	0.185709	0.192531	0.351269	24.000000	44.000000	1.180000	21.054934
-261.684113	142.185455	220.694641	-246.331284	11.799044	6.042085	268.395355	0.163048	0.159851	0.167543	0.180158	0.170375	0.169800	0.185709	0.000037	0.351269	24.000000	44.000000	1.180000	21.087118
-263.846802	143.147476	223.223038	-247.205414	12.871685	6.042085	269.195587	0.163048	0.159851	0.167543	0.180158	0.170375	0.169800	0.185709	0.000021	0.351269	24.000000	44.000000	1.180000	21.119254
199.820709	135.605865	-379.586823	-364.689178	-88.309608	6.431898	294.802765	0.163048	-0.000008	0.000026	0.180158	0.000042	0.169800	0.185709	0.000037	0.351312	28.000000	-44.000000	1.180000	22.108012
201.084244	135.990555	-380.308472	-364.864014	-86.525581	6.236991	295.442932	0.163048	-0.000006	0.167543	0.180158	0.170375	0.169800	0.185709	0.000037	0.175638	28.000000	-44.000000	1.180000	22.139999
202.528305	137.144669	-380.669281	-366.787109	-86.882385	6.626803	296.243164	0.163048	0.159816	0.167543	0.180158	0.170375	0.169800	0.185709	0.192602	0.526899	28.000000	-44.000000	1.180000	22.155703
202.167297	135.451370	-381.490845	-364.339539	-86.882385	6.431898	296.883362	0.163048	0.159851	0.167543	0.180158	0.170375	0.169800	0.185709	0.000021	0.351269	28.000000	-44.000000	1.180000	22.187624
219.134918	172.585052	-362.267273	-349.654053	-41.746365	6.626803	311.447418	0.163048	0.159816	0.167543	0.180158	0.170375	0.169800	0.185709	0.000037	0.351269	28.000000	-40.000000	1.180000	22.729829
220.037430	172.007858	-366.332245	-351.402313	-43.708801	6.626803	311.927551	0.163048	-0.000008	0.167543	0.180158	0.170375	0.169800	0.185709	0.000021	0.351269	28.000000	-40.000000	1.180000	22.747723
219.856918	172.007858	-366.873627	-355.598175	-47.455269	7.211522	312.407684	0.163048	0.159851	0.167543	0.180158	0.170375	0.169800	0.185709	0.000021	0.351269	28.000000	-40.000000	1.180000	22.743826
219.495911	172.969864	-365.514679	-352.975769	-43.887203	6.821710	312.887848	0.163048	0.159851	0.167543	0.180158	0.170375	0.169800	0.185709	0.000037	0.351269	28.000000	-40.000000	1.180000	22.776219
232.492386	207.987122	-343.413940	-332.520996	0.536482	6.821710	325.531372	0.163048	-0.000008	0.167543	0.180158	0.000042	0.000014	0.185709	0.000037	0.351269	28.000000	-36.000000	1.180000	23.241899
233.755936	208.698410	-342.061127	-331.646881	0.536309	7.211522	326.011505	0.163048	-0.000008	0.000026	0.180158	0.170375	0.169800	0.185709	0.000037	0.351269	28.000000	-36.000000	1.180000	23.245192
232.672897	209.333939	-346.030182	-333.395142	-1.605632	6.821710	326.811737	0.163048	-0.000008	0.167543	0.180158	0.170375	0.000014	0.185709	0.000037	0.351269	28.000000	-36.000000	1.180000	23.288537
235.561005	207.159622	-346.662201	-332.346161	-0.713615	6.821710	327.291870	0.163048	0.159816	0.167543	0.180158	0.170375	0.000014	0.185709	0.000037	0.351269	28.000000	-36.000000	1.180000	23.306002
243.864288	242.042343	-320.495605	-307.171082	42.369328	7.406428	339.935425	0.163048	0.159851	0.167543	0.180158	0.170375	0.000014	0.185709	0.000037	0.351269	28.000000	-32.000000	1.180000	23.740439
244.947327	241.974747	-320.856537	-305.248016	43.632095	7.406428	339.775360	0.163048	-0.000006	0.167543	0.180158	0.170375	0.169800	0.185709	0.000037	0.351269	28.000000	-32.000000	1.180000	23.734725
243.322769	243.513535	-321.036987	-307.345917	45.062656	7.406428	339.135193	0.163048	-0.000006	0.167543	0.180158	0.170375	0.169800	0.185709	0.000037	0.351269	28.000000	-32.000000	1.180000	23.711856
242.059219	241.974747	-321.217438	-306.996246	42.559174	7.211522	338.174927	0.163048	0.159851	0.000026	0.180158	0.170375	0.169800	0.185709	0.000037	0.351269	28.000000	-32.000000	1.180000	23.684487
220.398468	242.551804	-242.112885	-243.534058	75.462051	6.626803	311.287384	0.163048	-0.000006	0.167543	0.180158	0.170375	0.169800	0.185709	0.000037	0.351269	28.000000	-28.000000	1.180000	22.723861
219.495911	242.744141	-239.947937	-241.610947	76.892609	7.016615	310.327118	0.163048	-0.000008	0.167543	0.180158	0.170375	0.169800	0.185709	0.000037	0.351269	28.000000	-28.000000	1.180000	22.673456
220.037430	243.966385	-241.454468	-241.785782	77.429070	6.821710	309.366852	0.163048	0.159851	0.167543	0.180158	0.170375	0.000014	0.185709	0.000037	0.351269	28.000000	-28.000000	1.180000	22.644831
220.578979	242.619568	-241.454468	-241.785782	76.872627	6.821710	308.886719	0.163048	0.159851	0.167543	0.180158	0.170375	0.169800	0.185709	0.000021	0.351269	28.000000	-28.000000	1.180000	22.626855
200.362228	244.543610	-180.459229	-190.736298	102.258476	6.626803	292.081970	0.163048	-0.000008	0.000026	0.180158	0.170375	0.000014	0.185709	0.000037	0.351269	28.000000	-24.000000	1.180000	21.995961
200.362228	244.543610	-181.000610	-192.309738	102.794800	6.431898	291.441803	0.163048	0.159851	0.167543	0.180158	0.170375	0.169800	0.185709	0.000021	0.351269	28.000000	-24.000000	1.180000	21.978800
200.903748	242.744141	-179.509933	-190.036987	102.285049	6.626803	290.801636	0.163048	0.159816	0.167543	0.180158	0.170375	0.169800	0.185709	0.000037	0.351269	28.000000	-24.000000	1.180000	21.946577
200.362228	242.619568	-179.917847	-190.211807	100.828285	6.431898	290.001434	0.163048	0.159851	0.167543	0.360335	0.170375	0.169800	0.185709	0.000037	0.351269	28.000000	-24.000000	1.180000	21.923192
184.116638	245.120789	-128.847885	-151.749863	123.028160	6.042085	276.717682	0.163048	0.159851	0.167543	0.180158	0.170375	0.169800	0.185709	0.000037	0.351269	28.000000	-20.000000	1.180000	21.418968
182.131058	245.244675	-125.599625	-149.651947	124.279907	6.236991	276.237549	0.163048	0.159851	0.000026	0.180158	0.170375	0.000014	0.185709	0.192602	0.351269	28.000000	-20.000000	1.180000	21.392243
181.950562	243.966385	-124.336411	-148.253326	125.174011	6.042085	275.277283	0.163048	0.159851	0.167543	0.180158	0.000042	0.169800	0.185709	0.000021	0.351323	28.000000	-20.000000	1.180000	21.361902
182.311569	243.898239	-124.877785	-148.253326	123.922256	6.042085	274.317017	0.163048	-0.000006	0.167543	0.180158	0.170375	0.169800	0.000047	0.000037	0.351269	28.000000	-20.000000	1.180000	21.323773
159.387253	240.310745	-77.417007	-121.329956	135.903198	5.652272	259.592865	0.163048	-0.000008	0.167543	0.180158	0.170375	0.169800	0.185709	0.000037	0.351269	28.000000	-16.000000	1.180000	20.746272
160.289780	239.474213	-78.319305	-121.155136	136.260834	5.652272	259.112732	0.163048	-0.000008	0.167543	0.180158	0.170375	0.169800	0.185709	0.000037	0.351269	28.000000	-16.000000	1.180000	20.726650
161.011810	238.579117	-76.153793	-118.183075	135.724380	5.652272	258.632599	0.163048	0.159851	0.000026	0.180158	0.170375	0.000014	0.185709	0.000037	0.351323	28.000000	-16.000000	1.180000	20.707009
159.026245	236.847488	-76.334259	-119.057213	134.080170	5.652272	258.152496	0.163048	0.159851	0.167543	0.180158	0.170375	0.169800	0.185709	0.000037	0.351269	28.000000	-16.000000	1.180000	20.687351
148.015335	248.899307	-41.144703	-113.462753	151.460541	5.847179	262.313660	0.163048	0.159816	0.167543	0.180158	0.170375	0.169800	0.185709	0.000037	0.351269	28.000000	-12.000000	1.180000	20.849196
147.834824	250.508072	-42.227459	-114.686539	152.175827	5.652272	263.113861	0.163048	0.159851	0.167543	0.180158	0.170375	0.000014	0.185709	0.000037	0.351323	28.000000	-12.000000	1.180000	20.889604
147.834824	251.399841	-42.768837	-116.085152	153.248734	5.847179	263.754028	0.163048	-0.000008	0.167543	0.180158	0.170375	0.169800	0.185709	0.000037	0.351269	28.000000	-12.000000	1.180000	20.907661
149.098358	251.592209	-41.144703	-115.036186	153.606369	5.847179	264.394226	0.163048	0.159816	0.167543	0.180158	0.170375	0.169800	0.185709	0.000037	0.351269	28.000000	-12.000000	1.180000	20.933594
137.184952	273.596375	-9.022962	-121.854446	174.707138	6.042085	282.319244	0.163048	0.159851	0.167543	0.180158	0.170375	0.169800	0.185709	0.000037	0.351269	28.000000	-8.000000	1.180000	21.639463
139.170517	272.942902	-11.188473	-122.204094	173.813034	6.236991	282.959442	0.163048	-0.000008	0.167543	0.180158	0.170375	0.000014	0.185709	0.000037	0.351269	28.000000	-8.000000	1.180000	21.656895
139.351028	276.482422	-8.662044	-121.155136	177.925888	6.042085	283.599609	0.163048	-0.000008	0.167543	0.180158	0.170375	0.000014	0.185709	0.000037	0.351269	28.000000	-8.000000	1.180000	21.689548
140.073044	276.982239	-8.842503	-120.980309	178.104706	6.236991	284.559875	0.163048	0.159816	0.167543	0.180158	0.170375	0.169800	0.185709	0.000037	0.351269	28.000000	-8.000000	1.180000	21.719431
122.202904	292.370148	25.284193	-126.574783	193.840866	6.626803	298.963928	0.163048	0.159851	0.167543	0.180158	0.170375	0.000014	0.185709	0.000037	0.351269	28.000000	-4.000000	1.180000	22.259530
122.022400	294.568237	26.367802	-127.274078	197.059631	6.626803	299.444061	0.163048	0.159851	0.000026	0.180158	0.170375	0.169800	0.185709	0.000037	0.351323	28.000000	-4.000000	1.180000	22.277802
120.758842	292.754822	26.548401	-126.749603	195.092621	6.431898	299.924194	0.163048	0.159851	0.167543	0.180158	0.170375	0.000014	0.185709	0.000037	0.351269	28.000000	-4.000000	1.180000	22.303466
122.744431	294.375824	27.270805	-127.448906	196.344345	6.431898	300.724426	0.163048	-0.000008	0.167543	0.180158	0.170375	0.000014	0.185709	0.000037	0.351269	28.000000	-4.000000	1.180000	22.333851
100.000595	309.489197	60.682014	-131.469925	211.544052	7.016615	314.488281	0.163048	0.159851	0.167543	0.180158	0.170375	0.169800	0.185709	0.000037	0.351269	28.000000	0.000000	1.180000	22.828457
99.820091	309.296814	59.417805	-132.693726	211.544052	7.016615	315.128479	0.163048	-0.000008	0.167543	0.180158	0.170375	0.000014	0.185709	0.000037	0.351269	28.000000	0.000000	1.180000	22.852210
102.708206	310.450928	58.876007	-130.945450	211.544052	7.211522	315.768646	0.163048	0.159851	0.167543	0.180158	0.170375	0.169800	0.185709	0.000037	0.351269	28.000000	0.000000	1.180000	22.868716
101.444649	311.307281	58.695404	-133.043381	210.649948	7.016615	316.248779	0.163048	0.159851	0.167543	0.180158	0.170375	0.169800	0.185709	0.000021	0.351323	28.000000	0.000000	1.180000	22.893718
78.339813	323.530640	91.203606	-136.539917	220.663864	7.211522	328.572235	0.163048	0.159851	0.167543	0.180158	0.170375	0.169800	0.185709	0.000037	0.351323	28.000000	4.000000	1.180000	23.338363
79.603363	323.722992	91.384209	-136.365082	222.988541	7.211522	329.212433	0.163048	0.159851	0.167543	0.180158	0.170375	0.169800	0.185709	0.000037	0.351323	28.000000	4.000000	1.180000	23.361598
78.339821	322.851410	94.454430	-134.616806	222.273254	7.211522	329.372467	0.163048	0.159851	0.167543	0.360335	0.170375	0.169800	0.185709	0.000021	0.351269	28.000000	4.000000	1.180000	23.367403
81.227936	325.261780	93.190216	-134.791656	223.167358	7.211522	330.012634	0.163048	0.159851	0.167543	0.180158	0.170375	0.169800	0.185709	0.000037	0.351323	28.000000	4.000000	1.180000	23.390608
52.527393	329.878143	124.253616	-135.840607	224.597900	7.211522	337.694794	0.163048	0.159851	0.000026	0.180158	0.170375	0.169800	0.185709	0.000037	0.351269	28.000000	8.000000	1.180000	23.667301
50.180801	328.147003	123.711815	-135.840607	220.485046	7.211522	336.094360	0.163048	-0.000008	0.000026	0.180158	0.170375	0.169800	0.185709	0.000037	0.351269	28.000000	8.000000	1.180000	23.609925
50.902832	328.238678	123.892418	-136.539917	222.630890	7.211522	335.134064	0.163048	-0.000008	0.167543	0.180158	0.170375	0.169800	0.185709	0.000037	0.351269	28.000000	8.000000	1.180000	23.575431
53.790939	326.314636	122.808807	-136.190262	221.379166	7.406428	334.013763	0.163048	0.159851	0.000026	0.180158	0.170375	0.000014	0.185709	0.000037	0.351269	28.000000	8.000000	1.180000	23.528105
14.982038	298.031464	141.049530	-120.280998	194.913803	6.821710	310.487183	0.163048	-0.000008	0.000026	0.180158	0.170375	0.169800	0.185709	0.000037	0.351269	28.000000	12.000000	1.180000	22.686719
11.732914	301.410522	142.855545	-121.679619	196.344345	6.626803	309.686920	0.163048	0.159816	0.000026	0.180158	0.170375	0.169800	0.000047	0.000037	0.351269	28.000000	12.000000	1.180000	22.664095
13.718493	299.378296	140.146515	-120.805481	195.986710	6.626803	308.886719	0.163048	-0.000008	0.167543	0.180158	0.170375	0.000014	0.185709	0.000037	0.351269	28.000000	12.000000	1.180000	22.634154
13.357473	298.332947	139.062912	-120.980309	193.483231	6.626803	308.246552	0.163048	0.159851	0.167543	0.180158	0.170375	0.169800	0.185709	0.000037	0.351323	28.000000	12.000000	1.180000	22.610173
-26.305710	273.981171	153.330399	-110.315865	173.097763	6.236991	288.080872	0.163048	-0.000008	0.167543	0.180158	0.170375	0.169800	0.185709	0.000037	0.351323	28.000000	16.000000	1.180000	21.856383
-26.125536	274.481720	154.052811	-108.392769	173.634216	6.236991	287.600739	0.163048	0.159851	0.167543	0.180158	0.170375	0.169800	0.185709	0.000037	0.351269	28.000000	16.000000	1.180000	21.837758
-25.945358	274.289368	153.511002	-109.266907	175.064774	6.431898	286.800507	0.163048	0.159851	0.167543	0.180158	0.170375	0.169800	0.185709	0.000037	0.351323	28.000000	16.000000	1.180000	21.799107
-24.690580	271.596466	150.982590	-109.092064	170.236633	6.431898	286.000305	0.163048	-0.000008	0.167543	0.180158	0.170375	0.169800	0.185709	0.000037	0.351269	28.000000	16.000000	1.180000	21.767976
-63.799015	253.708023	162.541061	-106.994141	151.460541	6.042085	272.396484	0.163048	-0.000008	0.000026	0.180158	0.000042	0.000014	0.185709	0.000037	0.351269	28.000000	20.000000	1.180000	21.247309
-61.259876	251.015137	162.721649	-103.497604	150.387619	6.236991	271.916351	0.163048	0.159851	0.167543	0.180158	0.170375	0.169800	0.185709	0.000037	0.351269	28.000000	20.000000	1.180000	21.220367
-57.130756	248.776443	161.276840	-100.875198	150.029984	6.236991	271.436188	0.163048	0.159851	0.167543	0.180158	0.170375	0.169800	0.185709	0.000037	0.351269	28.000000	20.000000	1.180000	21.201183
-61.079697	251.399841	162.902252	-102.273819	152.175827	5.847179	270.635986	0.163048	0.159816	0.167543	0.180158	0.170375	0.169800	0.185709	0.192602	0.351269	28.000000	20.000000	1.180000	21.184773
-105.403023	239.474213	177.530960	-118.008247	131.432693	6.042085	269.835754	0.163048	0.159851	0.167543	0.180158	0.170375	0.169800	0.185709	0.000037	0.351269	28.000000	24.000000	1.180000	21.144926
-106.872368	239.733521	178.795166	-115.910324	131.611511	6.042085	270.475922	0.163048	0.159851	0.167543	0.180158	0.170375	0.169800	0.185709	0.192602	0.351269	28.000000	24.000000	1.180000	21.170568
-106.123718	240.628311	178.614563	-115.560677	131.432693	6.042085	271.276154	0.326084	0.159851	0.167543	0.180158	0.170375	0.169800	0.185709	0.000037	0.351269	28.000000	24.000000	1.180000	21.202577
-105.583191	240.435959	181.142975	-115.910324	133.399734	6.042085	271.756287	0.163048	0.159851	0.167543	0.180158	0.170375	0.169800	0.185709	0.000037	0.351323	28.000000	24.000000	1.180000	21.221759
-165.985580	241.590057	204.801727	-165.736023	115.875351	6.431898	287.280640	0.163048	0.159851	0.167543	0.180158	0.170375	0.169800	0.185709	0.000037	0.351269	28.000000	28.000000	1.180000	21.817764
-164.363571	242.234756	204.801727	-165.910858	115.308952	6.236991	287.920837	0.163048	-0.000008	0.167543	0.180158	0.170375	0.000014	0.185709	0.000037	0.351269	28.000000	28.000000	1.180000	21.850177
-164.500778	242.936493	204.982315	-166.085678	116.769463	6.626803	288.721039	0.163048	0.159851	0.167543	0.180158	0.170375	0.169800	0.185709	0.000037	0.351269	28.000000	28.000000	1.180000	21.866089
-165.805359	243.581573	205.162933	-165.036713	116.233002	6.626803	289.201172	0.163048	0.159851	0.167543	0.180158	0.170375	0.000014	0.185709	0.000037	0.351323	28.000000	28.000000	1.180000	21.884689
-216.628296	239.925934	226.112656	-207.344849	97.814552	6.821710	304.565491	0.163048	0.159851	0.167543	0.180158	0.170375	0.169800	0.185709	0.192602	0.351269	28.000000	32.000000	1.180000	22.464427
-221.256241	240.887939	226.293274	-210.841400	95.847527	6.626803	305.045624	0.163048	0.159851	0.167543	0.180158	0.170375	0.169800	0.185709	0.000037	0.351269	28.000000	32.000000	1.180000	22.489878
-222.157135	240.310745	225.932053	-213.114166	94.416962	6.431898	305.845856	0.163048	0.159851	0.167543	0.180158	0.170375	0.169800	0.185709	0.000037	0.351323	28.000000	32.000000	1.180000	22.527346
-222.215210	241.849960	229.002289	-212.414841	98.351006	6.626803	306.325989	0.163048	0.159851	0.000026	0.180158	0.170375	0.169800	0.185709	0.000037	0.351269	28.000000	32.000000	1.180000	22.538073
-266.189697	234.346252	240.741348	-258.744019	68.488075	7.016615	320.089874	0.163048	0.159851	0.167543	0.180158	0.170375	0.000014	0.000047	0.000037	0.351269	28.000000	36.000000	1.180000	23.035465
-268.102020	233.511414	242.186157	-257.345367	70.276268	7.211522	320.570007	0.163048	0.159851	0.000026	0.180158	0.170375	0.169800	0.185709	0.000037	0.351269	28.000000	36.000000	1.180000	23.045956
-260.894989	231.203201	240.018936	-255.597107	68.845711	7.211522	320.890076	0.163048	-0.000008	0.167543	0.180158	0.170375	0.169800	0.185709	0.000037	0.351323	28.000000	36.000000	1.180000	23.057723
-268.893036	232.229843	241.644363	-259.967804	66.521049	7.016615	321.210175	0.163048	0.159851	0.167543	0.180158	0.000042	0.169800	0.185709	0.000037	0.351269	28.000000	36.000000	1.180000	23.076644
-316.028870	217.546448	252.119232	-301.226959	34.154636	7.211522	332.413300	0.163048	-0.000008	0.167543	0.180158	0.000042	0.169800	0.185709	0.000037	0.351269	28.000000	40.000000	1.180000	23.477425
-316.749573	219.146469	253.744629	-301.751465	36.121658	7.016615	332.733398	0.163048	-0.000008	0.167543	0.180158	0.170375	0.169800	0.185709	0.000037	0.351323	28.000000	40.000000	1.170000	23.596204
-315.390625	217.992035	253.202835	-307.171082	32.545258	7.016615	333.373596	0.163048	0.159851	0.167543	0.180158	0.170375	0.000014	0.185709	0.000037	0.351269	28.000000	40.000000	1.170000	23.619382
-318.551331	219.277588	255.189438	-306.471802	34.333454	7.211522	334.013763	0.163048	0.159851	0.167543	0.180158	0.170375	0.169800	0.185709	0.192602	0.351323	28.000000	40.000000	1.170000	23.635489
-348.371460	187.784851	244.895172	-340.388214	-8.741761	7.211522	325.691437	0.163048	0.159851	0.167543	0.180158	0.170375	0.169800	0.185709	0.192602	0.351269	28.000000	44.000000	1.170000	23.332598
-347.290131	185.283630	242.547363	-338.639954	-9.455374	6.821710	324.731171	0.163048	0.159851	0.167543	0.180158	0.170375	0.169800	0.185709	0.000037	0.351269	28.000000	44.000000	1.170000	23.311692
-344.406555	184.321609	244.353378	-338.814789	-9.098568	7.016615	323.610840	0.163048	0.159851	0.167543	0.180158	0.170375	0.169800	0.185709	0.192602	0.351269	28.000000	44.000000	1.170000	23.263420
-346.389038	184.270126	240.560760	-338.989624	-12.131421	6.821710	322.810608	0.163048	0.159851	0.167543	0.180158	0.170375	0.169800	0.185709	0.000037	0.351269	28.000000	44.000000	1.170000	23.241169
173.286240	149.304352	-389.431030	-381.122925	-106.506737	6.431898	293.362366	0.163048	0.159851	0.000026	0.180158	0.000042	0.169800	0.185709	0.000037	0.351323	32.000000	-44.000000	1.170000	22.146771
172.203217	149.111954	-387.987366	-381.472565	-107.041946	6.236991	292.722168	0.163048	0.159851	0.000026	0.180158	0.170375	0.169800	0.185709	0.000037	0.351269	32.000000	-44.000000	1.170000	22.129578
172.564224	148.685577	-386.363220	-377.626373	-103.295486	6.431898	292.081970	0.163048	-0.000008	0.167543	0.180158	0.170375	0.169800	0.185709	0.000037	0.351323	32.000000	-44.000000	1.170000	22.097302
170.578644	148.534744	-389.250580	-381.297729	-107.755562	6.236991	291.601868	0.163048	0.159851	0.167543	0.180158	0.170375	0.169800	0.185709	0.000037	0.351323	32.000000	-44.000000	1.170000	22.086267
170.037140	165.273758	-345.759888	-334.793762	-63.333153	6.236991	277.357849	0.163048	0.159851	0.167543	0.180158	0.170375	0.169800	0.185709	0.000037	0.351269	32.000000	-40.000000	1.170000	21.527992
168.954086	164.650528	-347.203583	-335.842712	-65.652397	5.847179	276.877747	0.163048	0.159851	0.167543	0.180158	0.170375	0.169800	0.000047	0.000037	0.351323	32.000000	-40.000000	1.170000	21.524408
170.217636	162.964935	-343.053009	-331.122375	-61.905930	6.042085	276.077515	0.163048	-0.000008	0.000026	0.180158	0.170375	0.169800	0.185709	0.000037	0.351269	32.000000	-40.000000	1.170000	21.484856
168.051559	163.496445	-343.413940	-332.346161	-63.333153	5.847179	275.597351	0.163048	0.159851	0.167543	0.180158	0.170375	0.169800	0.185709	0.000037	0.351269	32.000000	-40.000000	1.170000	21.473505
164.441437	176.960861	-303.532440	-288.639435	-24.798054	5.847179	262.633728	0.163048	0.159851	0.167543	0.180158	0.000042	0.000014	0.185709	0.000037	0.351269	32.000000	-36.000000	1.170000	20.951167
163.899918	176.960861	-303.712891	-288.989075	-26.403687	5.847179	262.793793	0.163048	0.159851	0.167543	0.180158	0.170375	0.169800	0.185709	0.000037	0.351323	32.000000	-36.000000	1.170000	20.957695
165.343964	177.587524	-304.254272	-289.688385	-25.333265	5.652272	262.953827	0.163048	0.159851	0.167543	0.180158	0.170375	0.169800	0.185709	0.000037	0.351269	32.000000	-36.000000	1.170000	20.972165
164.802429	176.383820	-303.532440	-289.163910	-26.760489	5.847179	263.433960	0.163048	-0.000008	0.167543	0.180158	0.170375	0.169800	0.185709	0.000037	0.351269	32.000000	-36.000000	1.170000	20.983787
174.730301	209.083115	-289.998016	-276.926025	5.722262	6.236991	280.238678	0.163048	0.159851	0.167543	0.180158	0.170375	0.000014	0.185709	0.000037	0.351269	32.000000	-32.000000	1.170000	21.642064
176.354858	209.911148	-293.607178	-279.723236	4.828162	6.042085	281.038910	0.163048	0.159851	0.167543	0.180158	0.170375	0.000014	0.185709	0.000037	0.351269	32.000000	-32.000000	1.170000	21.681329
177.798920	211.065552	-297.216370	-281.821167	6.078288	6.236991	281.839111	0.163048	0.159851	0.167543	0.180158	0.170375	0.169800	0.185709	0.192602	0.351269	32.000000	-32.000000	1.170000	21.705177
178.340439	210.429550	-294.689941	-280.947021	6.437541	6.236991	282.639343	0.163048	0.159816	0.167543	0.180158	0.170375	0.169800	0.185709	0.192602	0.351269	32.000000	-32.000000	1.170000	21.736666
185.560684	242.936493	-260.402679	-263.114655	42.201534	6.626803	298.803864	0.163048	0.159851	0.167543	0.180158	0.170375	0.169800	0.185709	0.000037	0.351269	32.000000	-28.000000	1.170000	22.348333
185.019165	243.128845	-263.470490	-263.639160	40.413334	6.626803	299.284027	0.163048	-0.000008	0.167543	0.180158	0.170375	0.169800	0.185709	0.000037	0.351269	32.000000	-28.000000	1.170000	22.366689
185.019165	244.282928	-263.109589	-265.562256	41.128616	6.626803	299.924194	0.163048	0.159851	0.167543	0.180158	0.170375	0.000014	0.185709	0.000037	0.351323	32.000000	-28.000000	1.170000	22.391138
185.199692	243.321198	-260.944061	-264.338440	41.307434	6.626803	300.564362	0.326084	0.159851	0.167543	0.180158	0.000042	0.169800	0.185709	0.000037	0.351269	32.000000	-28.000000	1.170000	22.415561
188.268295	270.827057	-227.559097	-245.631973	72.422104	7.016615	314.008148	0.163048	-0.000008	0.167543	0.180158	0.170375	0.169800	0.185709	0.000037	0.351269	32.000000	-24.000000	1.170000	22.907900
187.365753	271.981171	-227.559097	-245.631973	72.064468	6.821710	314.648315	0.163048	0.159816	0.167543	0.180158	0.170375	0.169800	0.185709	0.192602	0.351269	32.000000	-24.000000	1.170000	22.939035
188.990311	272.173492	-225.032669	-241.960587	76.177330	6.821710	315.128479	0.163048	0.159851	0.167543	-0.000016	0.170375	0.169800	0.185709	0.000037	0.351269	32.000000	-24.000000	1.170000	22.956919
188.990311	273.788788	-226.837280	-244.058548	76.872627	7.016615	315.608612	0.163048	0.159851	0.000026	0.180158	0.170375	0.000014	0.185709	0.000037	0.351269	32.000000	-24.000000	1.170000	22.967536
185.199692	298.717651	-183.346573	-221.855499	108.007286	7.211522	326.651703	0.163048	0.159851	0.167543	0.180158	0.170375	0.169800	0.185709	0.000037	0.351269	32.000000	-20.000000	1.170000	23.367747
185.921707	298.140594	-186.594849	-223.778610	106.219086	7.211522	327.131836	0.163048	0.159851	0.167543	0.180158	0.170375	0.000014	0.185709	0.000037	0.351269	32.000000	-20.000000	1.170000	23.385302
186.643738	298.910004	-185.331635	-222.904465	106.576721	7.406428	327.772003	0.163048	0.159851	0.167543	0.180158	0.170375	0.169800	0.185709	0.000037	0.351323	32.000000	-20.000000	1.170000	23.401569
185.380188	297.563538	-185.331635	-222.729630	104.967346	7.211522	328.092102	0.163048	0.159851	0.167543	0.180158	0.170375	0.169800	0.185709	0.000037	0.351269	32.000000	-20.000000	1.170000	23.420372
174.369278	319.298981	-133.720291	-210.491745	131.075058	7.406428	338.975159	0.163048	-0.000008	0.000026	0.180158	0.170375	0.169800	0.185709	0.000037	0.351269	32.000000	-16.000000	1.170000	23.807229
175.271820	319.298981	-135.524872	-210.666595	130.717422	7.211522	338.334991	0.163048	0.159851	0.167543	0.180158	0.170375	0.169800	0.185709	0.000037	0.351269	32.000000	-16.000000	1.170000	23.791239
175.452332	319.491333	-134.622589	-209.792450	132.684448	7.211522	337.214661	0.163048	0.159851	0.167543	0.180158	0.170375	0.169800	0.185709	0.192602	0.351269	32.000000	-16.000000	1.170000	23.750957
172.203217	317.952545	-135.344437	-211.540726	131.253876	7.211522	335.934326	0.163048	-0.000008	0.000026	0.180158	0.170375	0.169800	0.185709	0.000037	0.351269	32.000000	-16.000000	1.170000	23.704838
141.336594	299.871765	-81.026199	-183.043900	133.757370	6.821710	308.886719	0.163048	0.159851	0.000026	0.180158	0.170375	0.169800	0.185709	0.000037	0.351323	32.000000	-12.000000	1.170000	22.723346
142.780655	297.755890	-79.402061	-180.071838	135.187912	6.626803	307.926422	0.163048	-0.000008	0.167543	0.180158	0.170375	0.169800	0.185709	0.000037	0.351269	32.000000	-12.000000	1.170000	22.694539
142.058624	298.140594	-81.928490	-182.344589	133.757370	6.626803	307.286255	0.163048	0.159851	0.167543	0.180158	0.170375	0.000014	0.185709	0.000037	0.351269	32.000000	-12.000000	1.170000	22.670417
140.795074	296.024750	-79.041145	-181.295639	133.757370	6.626803	306.325989	0.163048	0.159851	0.167543	0.180158	0.170375	0.169800	0.185709	0.192602	0.351269	32.000000	-12.000000	1.170000	22.634184
112.275055	284.676178	-35.370007	-163.463287	140.016068	6.431898	289.041138	0.163048	0.159851	0.000026	0.180158	0.170375	0.169800	0.185709	0.000037	0.526899	32.000000	-8.000000	1.170000	21.979371
112.636070	284.676178	-36.994144	-163.812927	139.121964	6.431898	288.080872	0.163048	-0.000008	0.167543	0.180158	0.170375	0.169800	0.185709	0.000037	0.351269	32.000000	-8.000000	1.170000	21.941998
111.914040	283.329742	-37.355061	-163.638107	137.333755	6.431898	287.440674	0.163048	0.159851	0.167543	0.180158	0.170375	0.169800	0.185709	0.000037	0.351323	32.000000	-8.000000	1.170000	21.917046
110.650490	283.714447	-37.715977	-163.987762	136.439667	6.431898	286.960541	0.163048	0.159851	0.000026	0.180158	0.170375	0.169800	0.000047	0.000037	0.351323	32.000000	-8.000000	1.170000	21.898314
82.491470	270.827057	-1.804592	-150.875732	138.227859	6.042085	273.356720	0.163048	0.159851	0.167543	0.180158	0.170375	0.169800	0.185709	0.192602	0.351323	32.000000	-4.000000	1.170000	21.376344
85.379585	271.019440	0.903039	-147.728836	141.446609	6.431898	272.876617	0.163048	0.159851	0.167543	0.180158	0.170375	0.169800	0.185709	0.000037	0.351269	32.000000	-4.000000	1.170000	21.341534
84.477043	269.865326	0.541837	-148.253326	141.446609	6.042085	272.236420	0.163048	0.159851	0.167543	0.180158	0.170375	0.169800	0.371373	0.192602	0.351269	32.000000	-4.000000	1.170000	21.331504
82.671974	270.442383	0.361236	-148.952637	141.267792	6.042085	271.596252	0.163048	0.159851	0.167543	0.180158	0.170375	0.169800	0.185709	0.000037	0.526899	32.000000	-4.000000	1.170000	21.305838
58.664608	271.211792	29.618620	-145.630920	144.307739	6.042085	272.076385	0.163048	0.159851	0.167543	0.180158	0.170375	0.169800	0.185709	0.000037	0.351323	32.000000	0.000000	1.170000	21.325091
60.108669	269.865326	28.535013	-146.330231	145.023026	6.236991	272.876617	0.163048	0.159851	0.167543	0.180158	0.170375	0.000014	0.185709	0.000037	0.351323	32.000000	0.000000	1.170000	21.349338
60.469677	270.827057	29.979822	-146.330231	145.738297	6.431898	273.676819	0.163048	-0.000008	0.167543	0.180158	0.170375	0.169800	0.185709	0.000037	0.351269	32.000000	0.000000	1.170000	21.373557
61.733223	272.942902	29.257420	-145.106445	146.811218	6.042085	274.317017	0.163048	-0.000008	0.000026	0.180158	0.170375	0.169800	0.185709	0.000037	0.351269	32.000000	0.000000	1.170000	21.414706
37.906357	290.061951	59.237209	-154.197449	155.931030	6.431898	291.761902	0.163048	0.159851	0.167543	0.180158	0.170375	0.169800	0.185709	0.000037	0.351269	32.000000	4.000000	1.170000	22.084918
38.808895	289.869598	58.876007	-154.721924	156.288681	6.626803	292.562134	0.163048	0.159851	0.167543	0.180158	0.170375	0.169800	0.185709	0.000037	0.351269	32.000000	4.000000	1.170000	22.108332
38.267372	291.023682	59.598412	-155.596054	156.825134	6.431898	293.202301	0.163048	0.159851	0.000026	0.180158	0.170375	0.000014	0.185709	0.000037	0.351269	32.000000	4.000000	1.170000	22.140593
37.364838	291.793091	60.140217	-156.470200	158.076874	6.821710	293.842468	0.163048	0.159851	0.167543	0.180158	0.170375	0.169800	0.185709	0.000037	0.351269	32.000000	4.000000	1.170000	22.150254
7.220259	307.181000	90.842407	-162.938797	161.116821	6.821710	309.046753	0.163048	-0.000008	0.167543	0.180158	0.170375	0.169800	0.185709	0.000037	0.351269	32.000000	8.000000	1.170000	22.729364
7.220259	307.181000	89.578194	-164.512238	162.368561	6.821710	309.686920	0.163048	0.159851	0.167543	0.180158	0.170375	0.169800	0.185709	0.000037	0.351269	32.000000	8.000000	1.170000	22.753424
8.844810	307.565674	89.939400	-164.162598	161.653275	6.821710	310.167053	0.163048	0.159851	0.167543	0.180158	0.170375	0.169800	0.185709	0.192602	0.351323	32.000000	8.000000	1.170000	22.771452
8.303298	307.181000	89.397598	-165.386383	160.759186	6.821710	310.647217	0.326084	0.159851	0.167543	0.180158	0.170375	0.169800	0.185709	0.192602	0.526899	32.000000	8.000000	1.170000	22.789468
-30.990292	316.798431	121.002800	-169.407410	158.255707	7.211522	322.330505	0.163048	-0.000008	0.167543	0.180158	0.170375	0.169800	0.185709	0.000037	0.351269	32.000000	12.000000	1.170000	23.209156
-28.467821	317.567841	121.725197	-167.309479	161.116821	7.016615	322.970673	0.163048	0.159851	0.167543	0.180158	0.170375	0.169800	0.185709	0.000037	0.351323	32.000000	12.000000	1.170000	23.239889
-29.376385	318.144867	122.267014	-168.183609	162.010910	7.406428	323.130707	0.163048	-0.000008	0.167543	0.180158	0.170375	0.169800	0.185709	0.000037	0.351323	32.000000	12.000000	1.170000	23.231436
-28.648001	316.413727	122.447601	-168.358444	159.865067	7.211522	323.770874	0.163048	0.159851	0.167543	0.180158	0.170375	0.169800	0.185709	0.000037	0.351269	32.000000	12.000000	1.170000	23.262139
-74.592903	323.915344	151.885590	-177.973923	156.288681	7.211522	336.094360	0.326084	0.159851	0.167543	0.180158	0.170375	0.169800	0.185709	0.000037	0.351323	32.000000	16.000000	1.170000	23.710607
-74.432190	323.145935	153.149796	-176.225647	157.182770	7.211522	336.734528	0.163048	0.159851	0.167543	0.180158	0.170375	0.169800	0.185709	0.000037	0.351323	32.000000	16.000000	1.170000	23.733672
-77.856430	325.838837	151.163177	-179.372528	156.288681	7.406428	337.054626	0.163048	0.159851	0.167543	0.180158	0.170375	0.169800	0.185709	0.000037	0.351269	32.000000	16.000000	1.170000	23.738180
-79.838882	327.377625	154.414017	-177.274612	160.222717	7.406428	337.534729	0.163048	0.159851	0.167543	0.180158	0.170375	0.169800	0.185709	0.192602	0.351269	32.000000	16.000000	1.170000	23.755460
-120.929771	298.140594	165.069473	-171.155670	133.042084	7.016615	316.408813	0.163048	0.159851	0.167543	0.180158	0.170375	0.000014	0.185709	0.000037	0.351269	32.000000	20.000000	1.170000	22.997295
-117.865982	295.722656	162.541061	-169.757050	132.505615	7.211522	314.968414	0.163048	0.159851	0.167543	0.180158	0.170375	0.169800	0.185709	0.000037	0.351323	32.000000	20.000000	1.170000	22.936438
-116.754112	296.024750	161.457458	-169.757050	132.684448	7.016615	314.328247	0.163048	0.159851	0.167543	0.180158	0.170375	0.169800	0.185709	0.000037	0.351269	32.000000	20.000000	1.170000	22.919840
-119.307770	295.063019	163.805267	-169.582230	133.042084	7.016615	313.207947	0.163048	0.159851	0.167543	0.180158	0.170375	0.169800	0.185709	0.192602	0.351269	32.000000	20.000000	1.170000	22.878025
-156.613968	265.441315	171.209915	-170.456360	105.324982	6.626803	294.642731	0.163048	-0.000008	0.000026	0.180158	0.170375	0.169800	0.185709	0.000037	0.351269	32.000000	24.000000	1.170000	22.188621
-155.712845	266.595398	171.209915	-168.533264	107.828468	6.626803	294.002533	0.163048	0.159851	0.167543	0.180158	0.170375	0.169800	0.185709	0.000037	0.526899	32.000000	24.000000	1.170000	22.163947
-157.113556	266.403046	171.751724	-169.582230	107.649643	6.626803	293.362366	0.163048	0.159851	0.000026	0.180158	0.170375	0.169800	0.185709	0.000037	0.351269	32.000000	24.000000	1.170000	22.139247
-154.991959	265.248962	172.474121	-167.309479	108.722565	6.431898	292.722168	0.163048	0.159851	0.167543	0.180158	0.170375	0.169800	0.185709	0.000037	0.351323	32.000000	24.000000	1.170000	22.122050
-192.968597	239.858917	175.002548	-186.540451	79.932549	6.042085	278.478180	0.163048	-0.000008	0.167543	0.180158	0.170375	0.169800	0.185709	0.000037	0.351269	32.000000	28.000000	1.170000	21.580147
-191.036606	239.281876	175.183136	-185.666321	80.647827	6.236991	277.998047	0.163048	0.159851	0.167543	0.180158	0.170375	0.000014	0.185709	0.000037	0.351269	32.000000	28.000000	1.170000	21.553394
-188.103851	238.704819	173.918930	-183.568390	80.469009	6.042085	277.517914	0.163048	-0.000008	0.167543	0.180158	0.170375	0.169800	0.185709	0.000037	0.351323	32.000000	28.000000	1.170000	21.542081
-189.545258	237.935425	175.002548	-183.743225	81.005470	6.236991	276.877747	0.326084	0.159851	0.167543	0.180158	0.170375	0.169800	0.185709	0.000037	0.351323	32.000000	28.000000	1.170000	21.508923
-217.529419	215.430618	174.641327	-206.995209	54.718933	6.236991	266.314758	0.163048	0.159851	0.167543	0.180158	0.170375	0.169800	0.185709	0.000037	0.351269	32.000000	32.000000	1.170000	21.085003
-217.832886	215.622955	173.918930	-209.967270	53.288376	5.847179	266.794891	0.163048	0.159851	0.000026	0.180158	0.170375	0.169800	0.185709	0.000037	0.351323	32.000000	32.000000	1.170000	21.120239
-218.430527	216.777054	175.905548	-208.044174	55.434212	5.847179	267.595123	0.163048	0.159851	0.167543	0.180158	0.170375	0.169800	0.185709	0.192602	0.351323	32.000000	32.000000	1.170000	21.152598
-220.052536	217.738800	177.396805	-208.743484	56.685951	5.847179	268.395355	0.163048	0.159851	0.167543	0.180158	0.170375	0.000014	0.185709	0.000037	0.351323	32.000000	32.000000	1.170000	21.184908
-267.020966	213.699478	192.520844	-258.044678	31.293518	6.431898	286.640472	0.163048	0.159851	0.167543	0.180158	0.170375	0.169800	0.185709	0.192602	0.351269	32.000000	36.000000	1.170000	21.885818
-270.804687	214.468872	191.617844	-259.093658	29.326498	6.431898	287.280640	0.163048	0.159851	0.167543	0.180158	0.170375	0.169800	0.185709	0.000037	0.351269	32.000000	36.000000	1.170000	21.910804
-271.885742	215.045914	195.410461	-261.366425	31.829979	6.236991	288.080872	0.163048	-0.000008	0.167543	0.180158	0.170375	0.000014	0.185709	0.000037	0.351269	32.000000	36.000000	1.170000	21.949588
-269.073242	215.238266	193.062653	-259.618134	30.041777	6.431898	288.721039	0.163048	0.159851	0.167543	0.180158	0.000042	0.169800	0.185709	0.000037	0.351269	32.000000	36.000000	1.170000	21.966920
-316.209045	206.582581	204.440521	-311.017273	-3.389663	6.626803	304.885590	0.163048	-0.000008	0.167543	0.180158	0.170375	0.169800	0.185709	0.192602	0.351323	32.000000	40.000000	1.170000	22.579727
-316.652191	206.774933	205.885330	-309.618652	-1.070422	6.626803	305.685791	0.163048	0.159851	0.167543	0.180158	0.170375	0.169800	0.185709	0.000037	0.351269	32.000000	40.000000	1.170000	22.609997
-320.256653	206.967270	207.149551	-310.143158	-1.427228	6.821710	306.486053	0.163048	-0.000008	0.167543	0.180158	0.170375	0.000014	0.000047	0.000037	0.351269	32.000000	40.000000	1.170000	22.632868
-320.076416	206.582581	206.968933	-310.317993	-2.319245	6.821710	306.806122	0.163048	0.159851	0.000026	0.180158	0.170375	0.169800	0.185709	0.000037	0.351269	32.000000	40.000000	1.170000	22.644952
-365.853119	187.540054	210.761566	-356.996796	-41.924767	7.211522	318.969543	0.163048	0.159851	0.167543	0.180158	0.170375	0.169800	0.185709	0.000037	0.351269	32.000000	44.000000	1.170000	23.085054
-369.360992	190.809982	211.483963	-360.318512	-41.567959	6.821710	319.289612	0.163048	0.159851	0.167543	0.180158	0.170375	0.169800	0.185709	0.000037	0.351323	32.000000	44.000000	1.170000	23.111321
-368.820465	190.232925	211.664566	-358.745056	-40.319134	6.626803	319.929810	0.163048	0.159851	0.167543	0.180158	0.170375	0.169800	0.185709	0.192602	0.351269	32.000000	44.000000	1.170000	23.142184
-370.622253	190.040573	214.249115	-358.570221	-39.427120	7.016615	320.409943	0.163048	0.159851	0.167543	0.180158	0.170375	0.169800	0.185709	0.000037	0.351323	32.000000	44.000000	1.170000	23.145520
164.260925	183.116013	-468.652588	-465.564392	-152.177963	7.406428	337.694794	0.163048	0.159851	0.167543	0.180158	0.170375	0.169800	0.185709	0.000037	0.351323	36.000000	-44.000000	1.170000	23.761218
163.719406	182.538971	-471.539948	-466.963043	-152.891602	7.406428	338.334991	0.163048	-0.000008	0.167543	0.180158	0.170375	0.169800	0.185709	0.000037	0.351323	36.000000	-44.000000	1.170000	23.784235
164.982941	184.270126	-473.885895	-470.984070	-155.389236	7.406428	338.815125	0.163048	0.159851	0.167543	0.180158	0.170375	0.169800	0.185709	0.192602	0.351269	36.000000	-44.000000	1.170000	23.801483
165.524475	183.308365	-468.291718	-465.914062	-153.248383	7.016615	339.135193	0.163048	0.159851	0.167543	0.180158	0.170375	0.169800	0.185709	0.192602	0.351269	36.000000	-44.000000	1.170000	23.826961
157.401672	195.233994	-423.176910	-409.444916	-106.506737	6.821710	313.207947	0.163048	0.159851	0.000026	0.180158	0.170375	0.169800	0.185709	0.000037	0.351323	36.000000	-40.000000	1.170000	22.885304
158.123703	196.003387	-421.191864	-408.395935	-104.901115	6.821710	312.407684	0.163048	0.159851	0.167543	0.180158	0.170375	0.169800	0.185709	0.192602	0.351269	36.000000	-40.000000	1.170000	22.855397
157.943192	194.079910	-421.733246	-408.745575	-106.863556	7.016615	311.447418	0.163048	-0.000008	0.167543	0.180158	0.170375	0.169800	0.185709	0.000037	0.351269	36.000000	-40.000000	1.170000	22.812158
157.582184	193.502853	-419.026367	-405.249054	-103.473892	6.821710	310.327118	0.163048	0.159851	0.167543	0.180158	0.170375	0.169800	0.185709	0.000037	0.351323	36.000000	-40.000000	1.170000	22.777459
149.098373	206.774933	-372.648315	-357.696106	-67.079620	6.431898	293.202301	0.163048	0.159851	0.167543	0.180158	0.170375	0.169800	0.185709	0.000037	0.351269	36.000000	-36.000000	1.170000	22.140593
150.000916	205.813187	-368.317291	-354.374390	-66.366013	6.821710	292.402100	0.163048	0.159851	0.167543	0.180158	0.170375	0.169800	0.185709	0.192602	0.351269	36.000000	-36.000000	1.170000	22.094606
149.459396	204.466736	-370.482819	-354.024719	-67.258034	6.431898	291.601868	0.163048	0.159851	0.167543	0.180158	0.000042	0.169800	0.185709	0.000037	0.351323	36.000000	-36.000000	1.170000	22.078724
149.639893	205.043793	-367.234558	-352.800934	-64.938789	6.431898	290.961670	0.163048	0.159851	0.167543	0.180158	0.170375	0.169800	0.185709	0.192602	0.351323	36.000000	-36.000000	1.170000	22.053927
143.141663	212.737732	-311.111725	-298.080109	-27.295700	6.042085	277.037781	0.163048	0.159851	0.167543	0.180158	0.170375	0.169800	0.185709	0.192602	0.351269	36.000000	-32.000000	1.170000	21.523023
143.502670	212.160690	-314.540436	-300.877319	-29.436537	6.431898	276.717682	0.163048	0.159851	0.167543	0.180158	0.170375	0.169800	0.185709	0.000037	0.351323	36.000000	-32.000000	1.170000	21.494813
144.405212	212.737732	-310.570343	-296.681458	-26.938890	6.236991	276.237549	0.326084	0.159851	0.167543	0.180158	0.170375	0.000014	0.185709	0.000037	0.351323	36.000000	-32.000000	1.170000	21.483468
143.141663	211.006592	-311.653107	-297.555603	-28.544523	6.236991	275.597351	0.163048	0.159851	0.167543	0.360335	0.170375	0.169800	0.185709	0.000037	0.351323	36.000000	-32.000000	1.170000	21.457983
137.365448	222.162811	-265.094604	-260.667084	1.251764	6.042085	267.755157	0.163048	0.159851	0.167543	0.180158	0.170375	0.000014	0.185709	0.000037	0.351323	36.000000	-28.000000	1.170000	21.151189
137.365448	223.124557	-261.665894	-258.918823	1.967043	6.042085	268.235291	0.163048	0.159851	0.167543	0.180158	0.170375	0.000014	0.185709	0.000037	0.351269	36.000000	-28.000000	1.170000	21.170581
137.906967	222.547531	-263.650940	-260.667084	1.072942	6.042085	269.355621	0.163048	0.159851	0.000026	0.180158	0.170375	0.169800	0.185709	0.192602	0.351323	36.000000	-28.000000	1.170000	21.215763
138.087479	224.855698	-269.245178	-263.813995	1.072942	6.236991	269.995789	0.163048	0.159851	0.167543	0.180158	0.170375	0.169800	0.000047	0.000037	0.351269	36.000000	-28.000000	1.170000	21.233693
142.600143	253.515671	-234.597015	-252.799881	28.432398	6.626803	287.920837	0.163048	0.159851	0.167543	0.360335	0.170375	0.169800	0.185709	0.000037	0.351323	36.000000	-24.000000	1.170000	21.928167
140.795074	255.054459	-232.070587	-253.848831	27.001839	6.236991	288.881104	0.163048	0.159851	0.167543	0.180158	0.170375	0.169800	0.185709	0.000037	0.351269	36.000000	-24.000000	1.170000	21.980726
142.239120	255.823853	-234.416550	-255.597107	28.611217	6.431898	289.521271	0.163048	-0.000008	0.167543	0.180158	0.170375	0.169800	0.185709	0.000037	0.351323	36.000000	-24.000000	1.170000	21.998034
142.600143	257.170319	-238.928040	-258.394348	28.253580	6.236991	290.321503	0.163048	-0.000008	0.167543	0.180158	0.170375	0.000014	0.185709	0.000037	0.351323	36.000000	-24.000000	1.170000	22.036663
138.628998	283.522095	-205.903992	-248.953690	49.175514	6.821710	306.325989	0.163048	0.159851	0.167543	0.180158	0.170375	0.169800	0.185709	0.192602	0.351269	36.000000	-20.000000	1.170000	22.626823
136.462921	284.291504	-207.528122	-250.002640	49.890793	6.626803	306.966187	0.163048	0.159851	0.167543	0.180158	0.170375	0.169800	0.185709	0.000037	0.351323	36.000000	-20.000000	1.170000	22.658346
138.809509	283.522095	-205.001694	-248.254395	50.427254	6.821710	307.446289	0.163048	0.159851	0.167543	0.180158	0.170375	0.169800	0.185709	0.000037	0.351323	36.000000	-20.000000	1.170000	22.669101
138.809509	284.676178	-205.182144	-249.652985	52.215454	6.626803	307.766388	0.163048	0.159851	0.167543	0.180158	0.000042	0.169800	0.185709	0.000037	0.351269	36.000000	-20.000000	1.170000	22.688511
129.964691	306.219269	-169.270752	-245.981628	73.495033	7.211522	319.929810	0.163048	0.159851	0.167543	0.180158	0.170375	0.169800	0.185709	0.000037	0.351323	36.000000	-16.000000	1.170000	23.120579
130.145203	306.603943	-163.315613	-243.009567	74.567955	6.821710	320.730042	0.163048	-0.000008	0.167543	0.180158	0.170375	0.169800	0.185709	0.000037	0.351269	36.000000	-16.000000	1.170000	23.164530
128.881653	307.181000	-166.563873	-246.331284	74.925591	7.016615	321.050110	0.163048	0.159851	0.167543	0.180158	0.170375	0.169800	0.185709	0.192602	0.351323	36.000000	-16.000000	1.170000	23.169148
129.964691	306.219269	-167.466171	-244.757843	72.064468	6.821710	321.530243	0.163048	0.159851	0.167543	0.360335	0.000042	0.169800	0.185709	0.000037	0.351269	36.000000	-16.000000	1.170000	23.194036
114.621635	324.107697	-126.682373	-243.184402	88.694733	7.406428	334.013763	0.326084	0.159851	0.167543	0.180158	0.170375	0.169800	0.185709	0.000037	0.351269	36.000000	-12.000000	1.170000	23.628439
116.968224	327.377625	-126.862839	-243.009567	92.628769	7.601334	334.333862	0.163048	0.159851	0.167543	0.180158	0.170375	0.169800	0.185709	0.192602	0.351323	36.000000	-12.000000	1.170000	23.632967
113.899612	326.992920	-128.486969	-246.506119	92.092308	7.406428	334.813995	0.163048	0.159851	0.167543	0.180158	0.170375	0.169800	0.185709	0.000037	0.351323	36.000000	-12.000000	1.170000	23.657368
114.982651	329.493439	-129.569733	-246.855759	93.165230	7.406428	335.134064	0.163048	0.159851	0.167543	0.180158	0.170375	0.169800	0.185709	0.000037	0.351269	36.000000	-12.000000	1.170000	23.668928
88.989708	319.491333	-77.958389	-227.624771	103.536781	7.211522	321.370209	0.326084	0.159851	0.167543	0.180158	0.170375	0.169800	0.185709	0.000037	0.351269	36.000000	-8.000000	1.170000	23.173765
86.462616	316.990784	-78.138847	-228.498917	102.106224	7.211522	320.089874	0.163048	0.159851	0.167543	0.180158	0.170375	0.169800	0.185709	0.000037	0.351323	36.000000	-8.000000	1.170000	23.126496
84.657555	316.798431	-80.484818	-228.498917	97.456902	6.821710	319.129578	0.163048	-0.000008	0.167543	0.360335	0.170375	0.169800	0.185709	0.000037	0.526997	36.000000	-8.000000	1.170000	23.105402
84.838058	314.490265	-78.319305	-225.876526	99.960388	7.016615	317.849243	0.163048	0.159851	0.167543	0.180158	0.170375	0.169800	0.185709	0.000037	0.351269	36.000000	-8.000000	1.170000	23.050767
55.776512	297.948242	-34.828629	-205.946259	104.252068	6.626803	297.843597	0.163048	0.159851	0.000026	0.180158	0.170375	0.169800	0.185709	0.000037	0.351269	36.000000	-4.000000	1.170000	22.311577
53.971447	297.371216	-34.467712	-206.295898	101.569763	6.431898	297.203430	0.163048	0.159851	0.167543	0.180158	0.170375	0.169800	0.185709	0.000037	0.351269	36.000000	-4.000000	1.170000	22.294514
54.332455	296.024750	-33.565418	-204.547623	102.642685	6.626803	296.563232	0.163048	0.159851	0.167543	0.180158	0.170375	0.169800	0.185709	0.000037	0.351323	36.000000	-4.000000	1.170000	22.262476
53.068913	297.371216	-34.648174	-206.470749	102.821510	6.626803	296.083099	0.163048	0.159851	0.167543	0.180158	0.170375	0.000014	0.185709	0.000037	0.351269	36.000000	-4.000000	1.170000	22.244035
25.090403	281.021576	1.264241	-189.862167	100.318024	6.236991	281.519043	0.163048	0.159851	0.000026	0.180158	0.170375	0.000014	0.185709	0.000037	0.351269	36.000000	0.000000	1.170000	21.692570
25.270910	280.829224	-0.360918	-191.085953	101.927406	6.236991	280.878876	0.163048	0.159851	0.167543	0.180158	0.170375	0.169800	0.185709	0.000037	0.351269	36.000000	0.000000	1.170000	21.667332
25.090403	279.675110	0.361236	-189.862167	100.854492	6.431898	280.238678	0.163048	0.159851	0.167543	0.180158	0.170375	0.169800	0.185709	0.000037	0.351323	36.000000	0.000000	1.170000	21.634366
25.812431	278.713348	2.347848	-187.064926	100.496841	6.236991	279.758545	0.163048	-0.000008	0.167543	0.180158	0.170375	0.169800	0.185709	0.000037	0.526899	36.000000	0.000000	1.170000	21.623094
-1.081339	263.325470	28.354412	-172.729111	97.814552	5.847179	263.754028	0.163048	0.159851	0.167543	0.180158	0.170375	0.169800	0.185709	0.000037	0.351269	36.000000	4.000000	1.170000	20.996819
-0.180223	262.748413	28.535013	-173.078766	98.708649	5.652272	263.593994	0.163048	0.159851	0.167543	0.180158	0.170375	0.000014	0.185709	0.000037	0.351323	36.000000	4.000000	1.170000	20.998238
-1.441786	265.056610	26.194019	-176.050827	97.278084	5.652272	263.914093	0.163048	-0.000008	0.000026	0.180158	0.170375	0.169800	0.185709	0.000037	0.351323	36.000000	4.000000	1.170000	21.011263
-0.900881	264.671936	26.729002	-174.652206	97.814552	5.457366	264.714325	0.163048	-0.000008	0.167543	0.180158	0.170375	0.169800	0.185709	0.000037	0.351323	36.000000	4.000000	1.170000	21.051705
-29.376385	280.252167	55.263981	-182.519424	101.927406	6.236991	282.639343	0.326084	0.159851	0.167543	0.180158	0.170375	0.169800	0.185709	0.000037	0.351269	36.000000	8.000000	1.170000	21.736666
-30.457724	282.560364	56.889389	-183.043900	104.609703	6.236991	283.599609	0.163048	0.159851	0.167543	0.180158	0.170375	0.169800	0.185709	0.192602	0.351269	36.000000	8.000000	1.170000	21.774391
-30.629938	282.945038	53.819176	-184.967010	102.642685	6.431898	284.239807	0.163048	0.159851	0.167543	0.180158	0.170375	0.169800	0.185709	0.000037	0.351323	36.000000	8.000000	1.170000	21.791864
-32.071346	284.291504	55.625183	-185.141830	102.463867	6.431898	284.879974	0.163048	0.159851	0.167543	0.180158	0.000042	0.000014	0.185709	0.000037	0.351323	36.000000	8.000000	1.170000	21.816958
-69.926605	297.178864	84.521362	-193.183868	101.033310	6.626803	301.684692	0.163048	0.159851	0.167543	0.180158	0.170375	0.169800	0.185709	0.000037	0.351269	36.000000	12.000000	1.170000	22.458238
-70.106827	298.525299	88.855797	-193.009048	105.682625	6.626803	302.324860	0.163048	-0.000008	0.167543	0.180158	0.170375	0.169800	0.185709	0.192602	0.351323	36.000000	12.000000	1.170000	22.482588
-70.647499	299.679382	85.063171	-194.932144	103.000328	6.821710	302.965057	0.163048	-0.000008	0.000026	0.180158	0.170375	0.169800	0.185709	0.000037	0.351323	36.000000	12.000000	1.170000	22.499510
-68.124374	299.679382	86.146774	-194.757324	104.430885	6.821710	303.765289	0.163048	0.159851	0.167543	0.180158	0.170375	0.169800	0.185709	0.000037	0.351323	36.000000	12.000000	1.170000	22.529888
-122.011108	308.912140	114.139946	-211.016235	96.562805	7.016615	316.248779	0.163048	0.159851	0.167543	0.180158	0.170375	0.000014	0.185709	0.000037	0.351269	36.000000	16.000000	1.170000	22.991346
-116.604424	308.527435	114.531128	-208.918320	99.066284	7.016615	316.728912	0.163048	0.159851	0.167543	0.180158	0.170375	0.169800	0.185709	0.192602	0.351323	36.000000	16.000000	1.170000	23.009188
-118.015350	308.142731	113.236938	-209.617615	97.099266	7.016615	317.048981	0.163048	-0.000008	0.167543	0.180158	0.170375	0.000014	0.185709	0.000037	0.351323	36.000000	16.000000	1.160000	23.120091
-119.668221	309.489197	113.778755	-211.365891	98.351006	7.016615	317.849243	0.163048	0.159851	0.167543	0.180158	0.170375	0.000014	0.185709	0.000037	0.351323	36.000000	16.000000	1.160000	23.149910
-171.707825	313.720856	141.230133	-225.876526	87.621811	7.211522	330.012634	0.163048	-0.000008	0.167543	0.180158	0.170375	0.169800	0.185709	0.192602	0.351323	36.000000	20.000000	1.160000	23.591389
-174.275848	312.951477	141.952530	-225.002396	88.158264	7.016615	330.492767	0.163048	0.159851	0.000026	0.180158	0.170375	0.169800	0.185709	0.000037	0.351269	36.000000	20.000000	1.160000	23.616044
-175.357193	314.297913	142.133118	-225.177200	88.158264	7.211522	331.292999	0.163048	0.159851	0.167543	0.180158	0.170375	0.169800	0.185709	0.000037	0.351269	36.000000	20.000000	1.160000	23.638130
-173.735184	315.067291	143.254242	-226.400986	89.052368	7.211522	331.613098	0.163048	0.159851	0.167543	0.180158	0.170375	0.169800	0.185709	0.000037	0.351323	36.000000	20.000000	1.160000	23.649801
-221.133881	301.795227	161.861038	-237.939575	71.170372	7.016615	329.532501	0.163048	0.159851	0.000026	0.180158	0.170375	0.169800	0.185709	0.000037	0.351323	36.000000	24.000000	1.160000	23.580965
-212.843613	297.755890	160.012650	-236.715790	70.097450	7.211522	328.252136	0.163048	0.159851	0.167543	0.180158	0.170375	0.169800	0.185709	0.000037	0.351323	36.000000	24.000000	1.170000	23.426211
-214.465622	298.332947	159.651443	-234.617874	71.706833	7.211522	326.971802	0.163048	0.159851	0.167543	0.180158	0.170375	0.000014	0.185709	0.000037	0.351269	36.000000	24.000000	1.170000	23.379452
-216.267853	297.371216	160.373840	-234.792679	71.349190	7.016615	325.691437	0.163048	0.159851	0.167543	0.180158	0.170375	0.169800	0.185709	0.000037	0.351269	36.000000	24.000000	1.170000	23.339737
-241.138672	262.748413	161.276840	-239.862671	45.777935	6.431898	302.965057	0.163048	0.159851	0.167543	0.180158	0.170375	0.169800	0.185709	0.000037	0.351269	36.000000	28.000000	1.170000	22.514313
-242.697205	262.940765	161.457458	-239.163376	46.314396	6.821710	302.164825	0.163048	0.159851	0.000026	0.180158	0.170375	0.000014	0.185709	0.000037	0.351323	36.000000	28.000000	1.170000	22.469090
-243.842010	263.517822	159.512604	-240.212341	44.883839	6.821710	301.364624	0.163048	0.159851	0.167543	0.360335	0.170375	0.169800	0.185709	0.192602	0.351323	36.000000	28.000000	1.170000	22.438631
-237.894638	262.171387	159.470840	-236.366150	46.314396	7.016615	300.564362	0.163048	0.159851	0.167543	0.180158	0.170375	0.169800	0.185709	0.000037	0.351269	36.000000	28.000000	1.160000	22.497040
-264.387451	232.934357	157.164185	-253.674026	18.776119	6.236991	285.200043	0.163048	0.159851	0.167543	0.180158	0.170375	0.169800	0.185709	0.000037	0.351323	36.000000	32.000000	1.160000	21.931046
-264.498535	233.896103	159.151306	-249.303345	22.352520	6.236991	284.719910	0.163048	0.159851	0.167543	0.180158	0.170375	0.000014	0.185709	0.000037	0.351323	36.000000	32.000000	1.160000	21.912164
-264.858856	231.780273	158.748428	-253.324371	20.564320	6.431898	284.399841	0.163048	-0.000008	0.167543	0.180158	0.170375	0.169800	0.185709	0.000037	0.351323	36.000000	32.000000	1.160000	21.891896
-264.207214	231.395569	157.303619	-252.275406	19.670219	6.236991	283.439575	0.163048	0.159851	0.167543	0.180158	0.170375	0.169800	0.371233	0.000037	0.351269	36.000000	32.000000	1.160000	21.861735
-283.491119	203.889694	154.233414	-268.883972	-5.530503	5.847179	269.355621	0.163048	0.159851	0.167543	0.180158	0.170375	0.169800	0.185709	0.000037	0.351323	36.000000	36.000000	1.160000	21.314899
-280.427307	203.312637	152.427399	-268.534332	-5.887309	6.042085	268.875488	0.163048	0.159851	0.167543	0.180158	0.170375	0.169800	0.185709	0.192602	0.351269	36.000000	36.000000	1.160000	21.287580
-279.165741	202.927948	152.427399	-266.786041	-6.065711	5.847179	268.395355	0.163048	0.159851	0.167543	0.180158	0.170375	0.169800	0.185709	0.192602	0.351269	36.000000	36.000000	1.160000	21.276026
-278.805328	201.581497	152.286667	-267.485352	-6.600922	5.847179	267.595123	0.163048	0.159851	0.167543	0.180158	0.170375	0.169800	0.185709	0.000037	0.351323	36.000000	36.000000	1.160000	21.243577
-314.489502	188.501785	157.303619	-301.926270	-32.469395	6.431898	274.156982	0.163048	0.159851	0.000026	0.180158	0.170375	0.169800	0.185709	0.000037	0.351269	36.000000	40.000000	1.160000	21.484762
-314.587463	186.962997	157.123016	-303.324890	-34.431828	6.236991	274.797150	0.163048	0.159851	0.167543	0.180158	0.170375	0.169800	0.185709	0.000037	0.351323	36.000000	40.000000	1.160000	21.518242
-315.570862	189.078842	158.567841	-304.548676	-32.647797	6.236991	275.437317	0.163048	0.159851	0.167543	0.180158	0.170375	0.169800	0.185709	0.000037	0.351269	36.000000	40.000000	1.160000	21.543873
-318.371155	189.463531	159.651443	-304.723511	-32.469395	6.042085	276.237549	0.326084	0.159851	0.000026	0.180158	0.170375	0.169800	0.185709	0.000037	0.351269	36.000000	40.000000	1.160000	21.583657
-362.248657	176.960861	163.805267	-350.528198	-67.079620	6.431898	291.761902	0.163048	-0.000008	0.167543	0.180158	0.170375	0.169800	0.185709	0.000037	0.351269	36.000000	44.000000	1.160000	22.179908
-364.676422	175.999115	164.570770	-353.500244	-69.934082	6.626803	292.722168	0.163048	0.159851	0.167543	0.180158	0.170375	0.169800	0.185709	0.000037	0.351323	36.000000	44.000000	1.160000	22.209635
-365.937653	177.153214	164.708267	-354.898865	-69.577271	6.431898	293.042267	0.163048	0.159851	0.167543	0.180158	0.170375	0.169800	0.185709	0.000037	0.351269	36.000000	44.000000	1.160000	22.229616
-369.541199	178.307297	165.791885	-354.724030	-67.971642	6.431898	293.682434	0.163048	-0.000008	0.167543	0.180158	0.170375	0.169800	0.185709	0.000037	0.351269	36.000000	44.000000	1.160000	22.254428
115.524162	176.383820	-442.305542	-444.585144	-174.835175	6.821710	311.927551	0.163048	0.159851	0.167543	0.180158	0.000042	0.169800	0.185709	0.000037	0.351323	40.000000	-44.000000	1.160000	22.935661
115.343666	176.576157	-441.764160	-443.711029	-173.943161	6.821710	312.247650	0.163048	0.159851	0.167543	0.180158	0.170375	0.169800	0.185709	0.000037	0.351269	40.000000	-44.000000	1.160000	22.947689
116.426712	177.345551	-442.666473	-445.634125	-176.084015	7.016615	312.727783	0.163048	0.159851	0.167543	0.180158	0.170375	0.169800	0.185709	0.000037	0.351323	40.000000	-44.000000	1.160000	22.958402
115.524162	176.576157	-444.290588	-446.158600	-175.905594	6.626803	313.207947	0.163048	0.159851	0.167543	0.180158	0.170375	0.169800	0.371233	0.000037	0.351323	40.000000	-44.000000	1.160000	22.991046
124.910507	208.890747	-463.960663	-452.802032	-150.393936	7.406428	325.371338	0.163048	0.159851	0.167543	0.180158	0.170375	0.000014	0.371233	0.000037	0.351269	40.000000	-40.000000	1.160000	23.413999
126.715576	211.391296	-464.321594	-454.025818	-150.929169	7.016615	325.851471	0.163048	0.159851	0.167543	0.180158	0.170375	0.169800	0.185709	0.000037	0.351323	40.000000	-40.000000	1.160000	23.446008
124.729996	209.467804	-465.043457	-454.725128	-154.140411	7.016615	326.331604	0.163048	0.159851	0.167543	0.180158	0.170375	0.000014	0.371233	0.192602	0.351323	40.000000	-40.000000	1.160000	23.463655
125.813042	209.852509	-463.960663	-453.151703	-150.750763	7.406428	326.971802	0.163048	0.159851	0.167543	0.180158	0.000042	0.169800	0.185709	0.000037	0.351323	40.000000	-40.000000	1.160000	23.472852
131.589249	240.820663	-454.035431	-443.536224	-125.595886	7.211522	338.815125	0.163048	-0.000008	0.000026	0.180158	0.170375	0.169800	0.185709	0.000037	0.351269	40.000000	-36.000000	1.160000	23.910884
131.769745	241.013000	-455.298615	-443.711029	-123.455048	7.211522	339.295258	0.163048	0.159851	0.167543	0.180158	0.170375	0.169800	0.371233	0.000037	0.351323	40.000000	-36.000000	1.160000	23.928188
132.672287	242.359451	-455.118164	-444.060669	-123.633453	7.406428	339.295258	0.163048	0.159851	0.167543	0.180158	0.170375	0.169800	0.185709	0.000037	0.351269	40.000000	-36.000000	1.160000	23.921165
132.852798	242.744141	-450.606689	-440.389313	-120.957413	7.406428	338.495026	0.163048	0.159851	0.167543	0.180158	0.170375	0.169800	0.185709	0.000037	0.351323	40.000000	-36.000000	1.160000	23.892308
124.368996	242.167099	-374.813843	-366.612274	-76.356598	6.626803	311.287384	0.163048	0.159851	0.167543	0.180158	0.170375	0.169800	0.185709	0.000037	0.351269	40.000000	-32.000000	1.160000	22.918919
122.202904	242.551804	-378.423035	-368.710205	-79.032646	6.626803	310.167053	0.163048	0.159851	0.167543	0.180158	0.170375	0.169800	0.185709	0.000037	0.351269	40.000000	-32.000000	1.160000	22.876741
119.495316	239.666565	-376.077057	-369.234680	-84.563148	6.626803	309.526886	0.163048	0.159851	0.000026	0.180158	0.170375	0.169800	0.185709	0.000037	0.351323	40.000000	-32.000000	1.160000	22.852604
123.827461	238.897171	-370.302368	-363.465393	-74.750961	6.626803	308.726685	0.163048	0.159851	0.167543	0.180158	0.170375	0.169800	0.371233	0.000037	0.351323	40.000000	-32.000000	1.160000	22.822398
113.358101	244.282928	-316.525513	-316.961395	-46.741653	6.431898	291.281769	0.163048	0.159851	0.167543	0.180158	0.170375	0.169800	0.185709	0.000037	0.351323	40.000000	-28.000000	1.160000	22.161238
114.621635	242.744141	-310.028992	-311.541779	-42.103168	6.431898	290.801636	0.163048	0.159851	0.167543	0.180158	0.170375	0.000014	0.185709	0.000037	0.351269	40.000000	-28.000000	1.160000	22.142553
112.275055	244.282928	-312.014008	-312.940369	-44.422413	6.236991	290.001434	0.163048	0.159851	0.167543	0.180158	0.170375	0.000014	0.185709	0.192602	0.351269	40.000000	-28.000000	1.160000	22.118974
112.455551	242.167099	-313.096802	-313.115204	-44.422413	6.431898	289.521271	0.163048	-0.000008	0.167543	0.180158	0.000042	0.000014	0.185709	0.000037	0.351269	40.000000	-28.000000	1.160000	22.092649
99.820107	241.397705	-250.838348	-268.883972	-18.910748	5.457366	272.236420	0.326084	0.159851	0.000026	0.180158	0.170375	0.169800	0.371233	0.192602	0.351323	40.000000	-24.000000	1.160000	21.446769
100.000603	240.051270	-253.725708	-269.758118	-20.159571	5.652272	271.436188	0.163048	0.159851	0.167543	0.180158	0.170375	0.169800	0.185709	0.192602	0.351323	40.000000	-24.000000	1.160000	21.406731
97.654022	239.666565	-253.184311	-271.331543	-22.122005	5.652272	271.116089	0.163048	0.159851	0.167543	0.180158	0.170375	0.169800	0.185709	0.192602	0.351269	40.000000	-24.000000	1.160000	21.393836
100.542130	239.474213	-252.101562	-268.359497	-18.732344	5.652272	270.475922	0.163048	0.159851	0.167543	0.180158	0.170375	0.169800	0.185709	0.192602	0.351269	40.000000	-24.000000	1.160000	21.368025
89.892242	250.245743	-206.264908	-247.380249	1.251764	6.236991	270.956055	0.163048	0.159851	0.167543	0.360335	0.170375	0.169800	0.185709	0.000037	0.351323	40.000000	-20.000000	1.160000	21.363805
89.711731	253.130997	-209.332703	-251.226456	1.251764	6.236991	271.756287	0.163048	0.159851	0.167543	0.180158	0.170375	0.169800	0.185709	0.000037	0.351323	40.000000	-20.000000	1.160000	21.396071
90.072746	252.169235	-205.362595	-249.827820	1.967043	6.042085	272.556519	0.163048	-0.000008	0.167543	0.180158	0.170375	0.169800	0.185709	0.000037	0.351323	40.000000	-20.000000	1.160000	21.436129
90.975281	253.515671	-208.610886	-251.226456	2.145863	6.236991	273.196686	0.163048	-0.000008	0.167543	0.180158	0.170375	0.169800	0.371233	0.192602	0.351323	40.000000	-20.000000	1.160000	21.454028
80.505905	278.136322	-181.902908	-256.646088	16.093821	6.431898	290.961670	0.163048	0.159851	0.167543	0.180158	0.000042	0.169800	0.371233	0.000037	0.351323	40.000000	-16.000000	1.160000	22.148783
81.588943	279.675110	-184.609787	-258.219513	15.914999	6.626803	291.921936	0.163048	0.159851	0.167543	0.180158	0.170375	0.169800	0.185709	0.192602	0.351269	40.000000	-16.000000	1.160000	22.178552
82.671982	280.059814	-185.512085	-257.520233	14.842079	6.431898	292.242065	0.163048	-0.000008	0.167543	0.180158	0.170375	0.169800	0.185709	0.000037	0.351323	40.000000	-16.000000	1.160000	22.198562
81.227936	281.406250	-185.331635	-259.093658	16.451460	6.626803	293.042267	0.163048	0.159851	0.167543	0.180158	0.170375	0.169800	0.185709	0.000037	0.351323	40.000000	-16.000000	1.160000	22.222056
66.065384	299.487030	-150.503006	-262.065704	28.074757	6.821710	306.966187	0.326084	0.159851	0.167543	0.180158	0.170375	0.169800	0.185709	0.192602	0.351269	40.000000	-12.000000	1.160000	22.748417
65.704369	301.218170	-154.613083	-264.338440	27.359478	6.821710	307.286255	0.163048	0.159851	0.167543	0.180158	0.170375	0.169800	0.185709	0.000037	0.351323	40.000000	-12.000000	1.160000	22.760543
66.606895	301.410522	-153.751266	-263.988800	28.253580	7.016615	307.766388	0.163048	0.159851	0.167543	0.180158	0.170375	0.169800	0.185709	0.000037	0.351323	40.000000	-12.000000	1.160000	22.771344
65.704369	301.987579	-156.277695	-265.737091	25.928919	6.626803	308.566620	0.163048	0.159851	0.167543	0.180158	0.170375	0.169800	0.185709	0.000037	0.351323	40.000000	-12.000000	1.160000	22.816351
45.487640	318.914276	-115.493904	-268.709137	41.128616	7.211522	321.530243	0.326084	0.159851	0.167543	0.180158	0.170375	0.169800	0.185709	0.000037	0.351323	40.000000	-8.000000	1.160000	23.279365
46.209663	318.721924	-116.215744	-269.408447	42.380356	7.016615	321.850342	0.163048	-0.000008	0.000026	0.180158	0.000042	0.000014	0.371233	0.000037	0.351269	40.000000	-8.000000	1.160000	23.298429
44.946121	320.453064	-117.298492	-271.681213	43.632095	7.211522	322.490540	0.163048	-0.000008	0.167543	0.180158	0.170375	0.169800	0.185709	0.000037	0.351323	40.000000	-8.000000	1.160000	23.314899
43.863083	321.799500	-117.809036	-271.506378	43.989738	7.211522	322.970673	0.163048	-0.000008	0.167543	0.180158	0.170375	0.000014	0.185709	0.000037	0.351323	40.000000	-8.000000	1.160000	23.332645
15.884572	335.263916	-79.582520	-280.772217	51.500172	7.016615	335.934326	0.163048	-0.000008	0.000026	0.180158	0.170375	0.000014	0.185709	0.000037	0.351323	40.000000	-4.000000	1.160000	23.813852
16.245584	337.572113	-83.011246	-282.345642	49.890793	7.601334	336.574493	0.163048	0.159851	0.167543	0.180158	0.170375	0.169800	0.185709	0.192602	0.351323	40.000000	-4.000000	1.160000	23.815858
16.606598	334.494507	-76.875633	-279.023956	52.394276	7.406428	337.054626	0.326084	0.159851	0.167543	0.180158	0.170375	0.169800	0.185709	0.192602	0.351323	40.000000	-4.000000	1.160000	23.840280
15.523559	337.572113	-79.582520	-282.520477	51.857815	7.406428	337.054626	0.163048	0.159851	0.000026	0.180158	0.170375	0.169800	0.371233	0.000037	0.351323	40.000000	-4.000000	1.160000	23.840280
-15.138751	317.183105	-40.231873	-259.268494	51.500172	6.626803	317.849243	0.163048	-0.000008	0.000026	0.180158	0.170375	0.169800	0.185709	0.000037	0.351323	40.000000	0.000000	1.160000	23.164421
-16.039867	317.760193	-36.813683	-258.569183	52.751915	6.821710	316.568878	0.163048	0.159851	0.167543	0.180158	0.170375	0.169800	0.185709	0.000037	0.351323	40.000000	0.000000	1.160000	23.109453
-15.138751	316.413727	-38.076897	-258.569183	53.824833	6.821710	315.768646	0.163048	0.159851	0.167543	0.180158	0.170375	0.169800	0.185709	0.000037	0.351323	40.000000	0.000000	1.160000	23.079582
-16.400314	314.874939	-36.994144	-256.995728	52.394276	6.626803	314.808350	0.163048	0.159851	0.167543	0.180158	0.000042	0.169800	0.185709	0.000037	0.351323	40.000000	0.000000	1.160000	23.050976
-43.433800	297.371216	-3.247416	-236.715790	54.182476	6.626803	296.723297	0.163048	0.159851	0.167543	0.180158	0.170375	0.169800	0.185709	0.000037	0.351323	40.000000	4.000000	1.160000	22.364400
-42.172237	295.255371	-4.331022	-233.568893	52.215454	6.431898	295.923065	0.163048	0.159851	0.167543	0.180158	0.170375	0.169800	0.185709	0.000037	0.351323	40.000000	4.000000	1.160000	22.341055
-44.154686	295.255371	-5.413777	-235.492004	49.711975	6.431898	295.282898	0.163048	0.159851	0.000026	0.180158	0.170375	0.169800	0.185709	0.000037	0.351323	40.000000	4.000000	1.160000	22.316339
-41.631561	294.101288	-0.902296	-231.820648	55.076576	6.431898	294.802765	0.163048	0.159851	0.167543	0.180158	0.170375	0.169800	0.185709	0.000037	0.351269	40.000000	4.000000	1.160000	22.297784
-71.548615	278.136322	21.858458	-218.358948	46.135574	6.236991	278.158081	0.163048	0.159851	0.167543	0.180158	0.000042	0.169800	0.185709	0.192602	0.351323	40.000000	8.000000	1.160000	21.652470
-71.728844	275.635773	21.852772	-216.610703	44.705017	6.236991	277.197815	0.163048	-0.000008	0.167543	0.180158	0.000042	0.000014	0.185709	0.000037	0.351323	40.000000	8.000000	1.160000	21.614204
-70.467278	275.635773	21.491568	-215.911377	44.705017	6.042085	276.397614	0.163048	-0.000008	0.167543	0.180158	0.170375	0.169800	0.185709	0.000037	0.351269	40.000000	8.000000	1.160000	21.590049
-71.368393	275.443420	24.561789	-214.163116	48.639053	6.042085	275.597351	0.163048	0.159851	0.167543	0.180158	0.170375	0.169800	0.371233	0.000037	0.351323	40.000000	8.000000	1.160000	21.558072
-96.239197	261.786682	45.150318	-202.799362	43.632095	5.652272	264.074127	0.163048	0.159851	0.167543	0.180158	0.170375	0.169800	0.185709	0.000037	0.351269	40.000000	12.000000	1.160000	21.108172
-99.122765	261.786682	45.704060	-204.197983	41.665077	5.847179	264.714325	0.163048	0.159851	0.167543	0.180158	0.170375	0.169800	0.185709	0.192602	0.351323	40.000000	12.000000	1.160000	21.126350
-100.384331	263.710175	47.317532	-203.848328	44.705017	6.236991	265.354492	0.163048	0.159851	0.167543	0.180158	0.170375	0.169800	0.185709	0.192602	0.351323	40.000000	12.000000	1.160000	21.136563
-98.041428	262.748413	47.136932	-202.799362	43.810913	6.042085	266.154724	0.163048	0.159851	0.167543	0.360335	0.170375	0.000014	0.371233	0.192602	0.351323	40.000000	12.000000	1.160000	21.177112
-141.294998	276.020508	72.782295	-219.407913	39.519238	6.236991	284.559875	0.163048	0.159851	0.167543	0.180158	0.170375	0.000014	0.185709	0.000037	0.351323	40.000000	16.000000	1.160000	21.905867
-145.079697	277.559296	72.240486	-222.904465	38.446316	6.431898	285.360107	0.163048	0.159851	0.167543	0.180158	0.170375	0.169800	0.185709	0.000037	0.351323	40.000000	16.000000	1.160000	21.929677
-145.800583	278.328674	73.685303	-222.554794	38.625137	6.236991	286.000305	0.163048	0.159851	0.167543	0.180158	0.170375	0.169800	0.185709	0.000037	0.351323	40.000000	16.000000	1.160000	21.962480
-144.719238	278.713348	72.059891	-223.953415	37.194576	6.431898	286.960541	0.163048	0.159851	0.000026	0.180158	0.170375	0.169800	0.185709	0.192602	0.351323	40.000000	16.000000	1.160000	21.992501
-197.524643	286.792023	95.924339	-247.030579	26.465378	6.626803	302.164825	0.163048	0.159851	0.167543	0.180158	0.170375	0.169800	0.185709	0.000037	0.351323	40.000000	20.000000	1.160000	22.573177
-194.821289	288.523163	95.176834	-245.457138	29.684137	6.431898	302.804993	0.163048	0.159851	0.167543	0.180158	0.170375	0.169800	0.185709	0.000037	0.351323	40.000000	20.000000	1.160000	22.605046
-196.211777	287.753754	97.911469	-244.932648	28.790039	6.821710	303.285126	0.163048	0.159851	0.167543	0.180158	0.170375	0.169800	0.185709	0.000037	0.351323	40.000000	20.000000	1.160000	22.608490
-197.524643	288.523163	95.718636	-244.757843	28.611217	6.626803	303.765289	0.326084	0.159851	0.167543	0.180158	0.000042	0.169800	0.185709	0.000037	0.351269	40.000000	20.000000	1.160000	22.634216
-246.184906	288.907867	117.751976	-268.184662	14.663260	6.821710	316.888947	0.163048	0.159851	0.167543	0.180158	0.170375	0.169800	0.185709	0.000037	0.351323	40.000000	24.000000	1.160000	23.121390
-249.789368	289.484894	118.113182	-270.282562	13.947981	7.016615	317.369110	0.163048	0.159851	0.167543	0.180158	0.170375	0.169800	0.185709	0.192602	0.351269	40.000000	24.000000	1.160000	23.132024
-250.870712	292.562500	118.324753	-272.904999	14.484440	7.016615	318.009277	0.163048	0.159851	0.167543	0.180158	0.170375	0.000014	0.185709	0.000037	0.351323	40.000000	24.000000	1.160000	23.155869
-251.771820	291.023682	119.377388	-272.904999	13.947981	7.406428	318.489410	0.163048	0.159851	0.167543	0.180158	0.170375	0.169800	0.185709	0.000037	0.351269	40.000000	24.000000	1.160000	23.159231
-302.594757	289.677246	138.521103	-303.499725	-1.962439	7.211522	331.453064	0.163048	0.159851	0.167543	0.180158	0.170375	0.169800	0.185709	0.000037	0.351323	40.000000	28.000000	1.160000	23.643966
-301.513428	288.715515	140.183228	-304.024200	-3.032857	7.211522	332.093231	0.163048	-0.000008	0.167543	0.180158	0.170375	0.169800	0.371233	0.000037	0.351323	40.000000	28.000000	1.160000	23.667296
-303.315674	288.138458	137.798706	-306.296936	-5.708905	7.406428	332.253265	0.163048	0.159851	0.167543	0.180158	0.170375	0.169800	0.185709	0.000037	0.351323	40.000000	28.000000	1.160000	23.666025
-305.938995	289.677246	138.557388	-310.317993	-6.600922	7.406428	333.053497	0.163048	-0.000008	0.000026	0.180158	0.170375	0.169800	0.185709	0.192602	0.351323	40.000000	28.000000	1.160000	23.695157
-337.017426	267.941864	145.203354	-326.576874	-26.760489	7.211522	328.092102	0.163048	-0.000008	0.167543	0.180158	0.170375	0.169800	0.185709	0.000037	0.351323	40.000000	32.000000	1.160000	23.521105
-340.261444	267.364777	145.383957	-327.101379	-27.830910	7.211522	326.811737	0.163048	0.159851	0.167543	0.180158	0.170375	0.000014	0.185709	0.192602	0.351269	40.000000	32.000000	1.160000	23.474132
-338.098755	265.825989	142.892944	-324.828613	-28.722925	7.211522	325.691437	0.163048	0.159851	0.167543	0.180158	0.170375	0.169800	0.371233	0.000037	0.351323	40.000000	32.000000	1.160000	23.432953
-336.116302	264.094849	144.119736	-323.430023	-27.652510	7.016615	324.571136	0.163048	-0.000008	0.167543	0.180158	0.170375	0.169800	0.185709	0.000037	0.351323	40.000000	32.000000	1.160000	23.398885
-344.406555	230.241486	138.701706	-330.597931	-50.488121	6.626803	303.605255	0.163048	0.159851	0.167543	0.180158	0.170375	0.169800	0.185709	0.192602	0.351323	40.000000	36.000000	1.160000	22.628120
-345.668121	228.510345	139.279984	-327.975525	-49.239296	6.431898	302.644958	0.163048	0.159851	0.167543	0.180158	0.170375	0.169800	0.185709	0.000037	0.351323	40.000000	36.000000	1.160000	22.598942
-344.586792	227.933273	140.146515	-325.527924	-47.633671	6.431898	302.164825	0.163048	0.159851	0.000026	0.180158	0.170375	0.000014	0.185709	0.000037	0.351323	40.000000	36.000000	1.160000	22.580620
-343.685669	228.317993	137.654144	-325.702759	-48.704086	6.821710	301.204529	0.163048	0.159851	0.167543	0.180158	0.170375	0.000014	0.185709	0.000037	0.351323	40.000000	36.000000	1.160000	22.529016
-351.795715	197.349838	131.692749	-336.192383	-70.826096	6.431898	286.000305	0.163048	0.159851	0.167543	0.180158	0.170375	0.169800	0.371233	0.000037	0.351323	40.000000	40.000000	1.160000	21.954829
-348.191254	195.811035	131.297073	-334.444092	-70.826096	6.236991	285.040009	0.163048	0.159851	0.167543	0.180158	0.170375	0.169800	0.371233	0.000037	0.351323	40.000000	40.000000	1.160000	21.924754
-352.696808	196.003387	131.150787	-336.716858	-72.431725	6.236991	283.919708	0.163048	0.159851	0.167543	0.180158	0.170375	0.169800	0.185709	0.000037	0.351323	40.000000	40.000000	1.160000	21.880660
-350.442505	194.079910	129.344315	-333.045502	-72.610130	6.042085	282.959442	0.163048	0.159851	0.167543	0.180158	0.170375	0.169800	0.185709	0.000037	0.351323	40.000000	40.000000	1.160000	21.850486
-354.766754	162.919403	118.293777	-341.786835	-94.018524	5.652272	267.435089	0.163048	0.159851	0.167543	0.180158	0.170375	0.000014	0.185709	0.000037	0.351323	40.000000	44.000000	1.160000	21.244992
-355.400177	163.304092	119.950584	-340.737885	-91.699272	5.652272	266.794891	0.163048	0.159851	0.167543	0.180158	0.170375	0.169800	0.185709	0.000037	0.351323	40.000000	44.000000	1.160000	21.218998
-352.877045	162.919403	120.822189	-341.262360	-91.164055	5.652272	266.634857	0.163048	0.159851	0.167543	0.180158	0.170375	0.169800	0.185709	0.192602	0.351269	40.000000	44.000000	1.160000	21.212495
-351.615479	162.727051	118.866707	-339.863770	-93.304901	5.652272	265.994659	0.163048	0.159851	0.167543	0.180158	0.170375	0.000014	0.185709	0.000037	0.351323	40.000000	44.000000	1.160000	21.186462
68.592476	163.881134	-413.612579	-415.389008	-196.778778	6.042085	284.239807	0.163048	-0.000008	0.167543	0.180158	0.170375	0.169800	0.371233	0.192602	0.351323	44.000000	-44.000000	1.160000	21.900942
69.133995	163.111740	-408.559692	-409.444916	-194.281143	6.236991	285.200043	0.163048	0.159851	0.167543	0.180158	0.170375	0.169800	0.371233	0.000037	0.351323	44.000000	-44.000000	1.160000	21.931046
69.675507	164.458191	-415.958557	-416.787659	-194.637939	6.236991	286.000305	0.163048	0.159851	0.167543	0.180158	0.170375	0.169800	0.371233	0.000037	0.351323	44.000000	-44.000000	1.160000	21.962480
70.397537	165.227585	-415.778076	-416.088348	-194.816345	6.042085	286.800507	0.326084	0.159851	0.167543	0.180158	0.170375	0.169800	0.185709	0.000037	0.351323	44.000000	-44.000000	1.160000	22.001506
77.076286	194.849304	-438.155029	-430.074493	-181.079300	6.626803	301.524658	0.163048	0.159851	0.167543	0.180158	0.170375	0.169800	0.371233	0.000037	0.351323	44.000000	-40.000000	1.160000	22.548716
77.617798	195.233994	-440.140045	-432.696899	-182.328125	6.626803	302.004791	0.163048	0.159851	0.167543	0.180158	0.170375	0.169800	0.185709	0.192602	0.351323	44.000000	-40.000000	1.160000	22.567064
79.061852	196.195740	-437.072235	-427.801727	-177.332840	6.821710	302.484924	0.163048	0.159851	0.167543	0.180158	0.170375	0.169800	0.185709	0.192602	0.351323	44.000000	-40.000000	1.160000	22.577957
78.700836	195.618698	-441.944641	-433.221405	-182.328125	6.626803	303.125092	0.163048	0.159851	0.167543	0.180158	0.170375	0.169800	0.185709	0.192602	0.351323	44.000000	-40.000000	1.160000	22.609820
83.394005	226.586853	-435.989502	-425.179352	-158.065277	7.016615	316.568878	0.163048	0.159851	0.167543	0.180158	0.170375	0.000014	0.185709	0.000037	0.351323	44.000000	-36.000000	1.160000	23.102182
82.310966	226.971558	-436.169922	-427.452118	-162.703781	7.016615	317.209045	0.326084	0.159851	0.167543	0.180158	0.170375	0.169800	0.371233	0.000037	0.351323	44.000000	-36.000000	1.160000	23.126058
84.116035	228.317993	-438.335480	-428.850708	-160.562927	7.211522	317.689178	0.163048	0.159851	0.167543	0.180158	0.170375	0.000014	0.185709	0.000037	0.351323	44.000000	-36.000000	1.160000	23.136688
85.560081	227.740952	-438.876831	-429.550018	-160.919754	7.211522	318.329376	0.163048	0.159851	0.167543	0.180158	0.170375	0.169800	0.185709	0.000037	0.526997	44.000000	-36.000000	1.160000	23.160529
88.087181	258.901459	-426.425171	-422.382111	-139.154556	7.211522	331.132965	0.163048	0.159851	0.167543	0.180158	0.170375	0.169800	0.185709	0.000037	0.351323	44.000000	-32.000000	1.160000	23.632293
88.448196	258.324402	-426.064240	-422.207275	-137.370499	7.211522	331.933197	0.163048	-0.000008	0.000026	0.180158	0.170375	0.000014	0.185709	0.000037	0.351323	44.000000	-32.000000	1.160000	23.661466
88.628693	259.093781	-423.718292	-420.109344	-136.478485	7.406428	332.413300	0.163048	0.159851	0.167543	0.180158	0.170375	0.169800	0.185709	0.192602	0.351323	44.000000	-32.000000	1.160000	23.671854
86.823631	257.747345	-423.898743	-419.934540	-140.046570	7.211522	332.893433	0.163048	0.159851	0.167543	0.180158	0.170375	0.000014	0.185709	0.192602	0.351323	44.000000	-32.000000	1.160000	23.696425
82.130463	276.405182	-384.197723	-392.486694	-108.647575	7.211522	329.852600	0.163048	0.159851	0.167543	0.180158	0.170375	0.169800	0.185709	0.000037	0.351323	44.000000	-28.000000	1.160000	23.585541
83.394005	274.096985	-375.716125	-387.591522	-105.436333	7.211522	328.732269	0.163048	0.159851	0.167543	0.180158	0.170375	0.169800	0.371233	0.192602	0.351323	44.000000	-28.000000	1.160000	23.544556
80.686409	271.981171	-378.603485	-388.640472	-109.717995	7.211522	327.291870	0.163048	0.159851	0.167543	0.180158	0.170375	0.169800	0.185709	0.000037	0.351323	44.000000	-28.000000	1.160000	23.491758
82.491470	271.981171	-377.881622	-387.067047	-107.755562	7.211522	326.331604	0.163048	0.159851	0.000026	0.180158	0.170375	0.000014	0.185709	0.192602	0.351323	44.000000	-28.000000	1.160000	23.456493
69.133995	269.672974	-312.374939	-339.164429	-78.497437	6.821710	305.045624	0.163048	0.159851	0.167543	0.180158	0.170375	0.169800	0.185709	0.000037	0.351323	44.000000	-24.000000	1.160000	22.675519
68.953491	269.095917	-308.404846	-336.367218	-74.929375	6.626803	304.085358	0.163048	-0.000008	0.167543	0.180158	0.170375	0.169800	0.371233	0.000037	0.351323	44.000000	-24.000000	1.160000	22.646403
68.050949	267.941864	-310.209442	-336.192383	-76.713402	6.626803	303.445160	0.163048	0.159851	0.167543	0.180158	0.170375	0.169800	0.185709	0.000037	0.351323	44.000000	-24.000000	1.160000	22.622020
69.133995	266.018341	-310.209442	-335.143433	-75.999786	6.821710	302.644958	0.326084	0.159851	0.167543	0.180158	0.170375	0.169800	0.185709	0.000037	0.351323	44.000000	-24.000000	1.160000	22.584067
54.151955	262.171387	-249.755600	-297.380768	-54.056190	6.431898	285.840240	0.163048	0.159851	0.167543	0.180158	0.170375	0.000014	0.185709	0.000037	0.351323	44.000000	-20.000000	1.160000	21.948543
54.512962	261.979034	-245.424576	-295.108032	-51.736942	6.236991	284.559875	0.163048	0.159851	0.000026	0.180158	0.170375	0.169800	0.185709	0.000037	0.351323	44.000000	-20.000000	1.160000	21.905867
54.873978	261.786682	-246.687790	-294.933197	-51.915352	6.431898	283.919708	0.163048	0.159851	0.167543	0.180158	0.170375	0.169800	0.185709	0.000037	0.351323	44.000000	-20.000000	1.180000	21.686824
53.610432	259.093781	-246.507324	-294.233887	-52.807365	6.236991	283.119476	0.163048	-0.000008	0.167543	0.180158	0.170375	0.169800	0.000047	0.000037	0.351323	44.000000	-20.000000	1.180000	21.663156
37.364849	255.823853	-198.866074	-268.883972	-38.713509	5.847179	268.555389	0.163048	-0.000008	0.167543	0.180158	0.170375	0.169800	0.185709	0.000037	0.351269	44.000000	-16.000000	1.180000	21.101378
37.364849	255.246811	-194.535049	-266.086731	-35.859055	6.042085	267.915222	0.163048	0.159851	0.167543	0.360335	0.170375	0.169800	0.185709	0.000037	0.351323	44.000000	-16.000000	1.180000	21.067814
39.169910	254.092712	-192.910919	-263.988800	-34.967041	5.847179	267.595123	0.163048	-0.000008	0.167543	0.180158	0.170375	0.169800	0.185709	0.000037	0.351323	44.000000	-16.000000	1.180000	21.062778
39.169910	254.669785	-193.452301	-264.862946	-34.431828	6.042085	267.114990	0.163048	0.159851	0.167543	0.180158	0.170375	0.169800	0.185709	0.192602	0.351323	44.000000	-16.000000	1.180000	21.035600
21.660780	252.746277	-153.751266	-247.729904	-23.014023	5.262460	259.432831	0.163048	0.159851	0.167543	0.180158	0.170375	0.169800	0.371233	0.192602	0.351323	44.000000	-12.000000	1.180000	20.755655
21.480272	255.439178	-154.834030	-248.953690	-20.873182	5.457366	260.233063	0.163048	0.159851	0.167543	0.180158	0.170375	0.169800	0.185709	0.192602	0.351323	44.000000	-12.000000	1.180000	20.780356
21.119261	256.016205	-157.499664	-251.401260	-24.262842	5.262460	261.193329	0.163048	0.159851	0.167543	0.180158	0.170375	0.169800	0.185709	0.000037	0.351323	44.000000	-12.000000	1.180000	20.827413
20.397234	255.631531	-157.360458	-250.527130	-24.976456	5.652272	261.993530	0.163048	0.159851	0.167543	0.180158	0.170375	0.169800	0.185709	0.000037	0.351323	44.000000	-12.000000	1.180000	20.844104
0.361012	276.597534	-132.817993	-265.212585	-19.624359	6.042085	279.278412	0.163048	0.159851	0.167543	0.180158	0.170375	0.169800	0.185709	0.000037	0.351323	44.000000	-8.000000	1.180000	21.520047
1.444050	277.174561	-132.457077	-264.513306	-18.375536	6.042085	280.078613	0.163048	0.159851	0.167543	0.180158	0.170375	0.000014	0.185709	0.000037	0.351323	44.000000	-8.000000	1.180000	21.551536
0.722024	278.521027	-132.061584	-265.212585	-18.375536	6.236991	280.558746	0.326084	0.159851	0.167543	0.180158	0.170375	0.169800	0.185709	0.000037	0.351323	44.000000	-8.000000	1.180000	21.562748
-0.000002	277.943970	-131.520340	-263.988800	-18.732344	6.042085	281.198944	0.326084	0.159851	0.167543	0.180158	0.170375	0.169800	0.185709	0.192602	0.351323	44.000000	-8.000000	1.180000	21.595545
-26.132366	294.678314	-105.360596	-278.324615	-16.056295	6.236991	296.243164	0.326084	0.159851	0.167543	0.180158	0.170375	0.169800	0.185709	0.000037	0.351323	44.000000	-4.000000	1.180000	22.170608
-25.231251	296.217102	-105.721428	-278.674286	-12.131421	6.626803	296.883362	0.163048	0.159851	0.167543	0.180158	0.170375	0.169800	0.185709	0.000037	0.351323	44.000000	-4.000000	1.180000	22.180177
-25.591698	296.217102	-106.984306	-278.499451	-16.413101	6.821710	297.683563	0.326084	0.159851	0.167543	0.180158	0.170375	0.169800	0.371233	0.000037	0.351323	44.000000	-4.000000	1.180000	22.203292
-24.330133	295.832428	-104.097717	-277.800171	-15.342683	6.431898	298.003662	0.163048	0.159851	0.167543	0.180158	0.170375	0.169800	0.185709	0.000037	0.351323	44.000000	-4.000000	1.180000	22.230372
-56.409863	310.258575	-75.431953	-287.765289	-11.417809	6.821710	312.407684	0.163048	0.159851	0.167543	0.180158	0.170375	0.169800	0.185709	0.000037	0.351323	44.000000	0.000000	1.180000	22.758346
-57.310982	311.412689	-73.807823	-287.940125	-10.525792	6.626803	312.727783	0.163048	-0.000008	0.167543	0.180158	0.170375	0.169800	0.185709	0.000037	0.351323	44.000000	0.000000	1.180000	22.777516
-56.770313	312.182068	-74.168739	-288.989075	-10.168986	6.821710	313.528015	0.163048	0.159851	0.167543	0.180158	0.170375	0.169800	0.185709	0.000037	0.351323	44.000000	0.000000	1.180000	22.800026
-57.130756	312.374390	-76.153793	-289.338715	-10.347391	6.821710	314.008148	0.163048	0.159851	0.167543	0.180158	0.170375	0.169800	0.371233	0.000037	0.351323	44.000000	0.000000	1.180000	22.817865
-95.878746	326.415863	-44.742172	-299.653534	-7.671343	7.211522	325.851471	0.326084	-0.000008	0.167543	0.180158	0.170375	0.169800	0.371233	0.192602	0.351323	44.000000	4.000000	1.180000	23.239357
-94.617195	323.915344	-40.953522	-298.779388	-8.920163	7.016615	326.171539	0.163048	0.159851	0.167543	0.180158	0.170375	0.000014	0.185709	0.000037	0.351323	44.000000	4.000000	1.180000	23.258129
-96.058968	326.031189	-42.035992	-299.653534	-6.244115	7.211522	326.811737	0.163048	0.159851	0.167543	0.180158	0.170375	0.169800	0.371233	0.000037	0.351323	44.000000	4.000000	1.180000	23.274348
-95.878746	325.838837	-44.392971	-300.352844	-8.384955	7.211522	327.131836	0.163048	0.159851	0.167543	0.180158	0.170375	0.169800	0.371233	0.000037	0.351323	44.000000	4.000000	1.180000	23.286001
-136.248749	333.917480	-11.008014	-305.772461	-8.741761	7.211522	336.894562	0.163048	0.159851	0.000026	0.180158	0.170375	0.000014	0.185621	0.000037	0.351323	44.000000	8.000000	1.180000	23.638630
-133.545395	334.109833	-13.895360	-306.646606	-10.525792	7.406428	337.534729	0.163048	0.159851	0.000026	0.180158	0.000042	0.169800	0.371233	0.192602	0.351323	44.000000	8.000000	1.180000	23.654587
-135.708084	335.456268	-18.587299	-310.143158	-14.093860	7.211522	337.534729	0.163048	0.159851	0.167543	0.180158	0.170375	0.000014	0.371233	0.000037	0.351323	44.000000	8.000000	1.180000	23.661569
-133.545395	334.686859	-13.895360	-308.045227	-9.633779	7.211522	338.014893	0.163048	-0.000008	0.167543	0.180158	0.170375	0.169800	0.185709	0.000037	0.351323	44.000000	8.000000	1.180000	23.678760
-164.003128	311.027985	12.645384	-286.541504	-15.342683	6.821710	317.529144	0.163048	0.159851	0.167543	0.180158	0.170375	0.169800	0.185709	0.000037	0.526997	44.000000	12.000000	1.180000	22.948263
-165.805359	311.797363	13.725720	-285.142883	-11.596213	7.016615	316.888947	0.163048	0.159851	0.167543	0.360335	0.170375	0.169800	0.185709	0.000037	0.351323	44.000000	12.000000	1.180000	22.917403
-165.985580	311.797363	15.897057	-286.017029	-10.704197	7.016615	315.928680	0.326084	0.159851	0.167543	0.180158	0.170375	0.169800	0.371233	0.192602	0.351323	44.000000	12.000000	1.180000	22.881866
-162.200897	309.873871	13.545119	-285.142883	-12.666633	7.016615	314.968414	0.326084	0.159851	0.167543	0.180158	0.170375	0.169800	0.185709	0.000037	0.351323	44.000000	12.000000	1.180000	22.846274
-185.990356	281.790955	34.856056	-264.688141	-20.694778	6.626803	293.202301	0.163048	0.159851	0.167543	0.180158	0.170375	0.169800	0.185709	0.000037	0.351323	44.000000	16.000000	1.180000	22.039083
-187.612366	281.213898	34.865147	-266.436401	-23.549231	6.431898	292.081970	0.326084	0.159851	0.167543	0.180158	0.170375	0.169800	0.371233	0.000037	0.351323	44.000000	16.000000	1.180000	22.003470
-187.792587	283.329742	34.494850	-265.212585	-20.159571	6.236991	291.761902	0.163048	0.159851	0.167543	0.180158	0.170375	0.169800	0.185709	0.192602	0.351323	44.000000	16.000000	1.180000	21.998648
-185.449692	282.175659	34.503853	-263.289490	-18.910748	6.431898	291.121735	0.163048	0.159851	0.167543	0.360335	0.170375	0.169800	0.185709	0.000037	0.351323	44.000000	16.000000	1.180000	21.966456
-212.663406	261.017273	52.207401	-259.268494	-28.366121	6.042085	276.717682	0.163048	0.159851	0.167543	0.180158	0.170375	0.169800	0.371233	0.000037	0.351323	44.000000	20.000000	1.180000	21.418968
-208.518265	259.863190	53.291298	-256.296448	-26.225279	6.042085	276.237549	0.163048	0.159851	0.167543	0.180158	0.170375	0.169800	0.185709	0.000037	0.351323	44.000000	20.000000	1.180000	21.399963
-207.977585	258.709106	54.917130	-253.674026	-24.798054	6.042085	275.437317	0.163048	0.159851	0.167543	0.180158	0.170375	0.169800	0.371233	0.192602	0.351323	44.000000	20.000000	1.180000	21.368250
-211.221603	259.478485	51.123512	-256.296448	-27.830910	6.042085	274.957184	0.163048	0.159851	0.167543	0.180158	0.170375	0.169800	0.371233	0.000037	0.351323	44.000000	20.000000	1.180000	21.349199
-232.127502	238.320129	65.558243	-252.974701	-35.323849	5.457366	262.953827	0.326084	-0.000008	0.167543	0.180158	0.170375	0.169800	0.185709	0.000037	0.351323	44.000000	24.000000	1.180000	20.891019
-231.586838	238.127777	66.117332	-252.974701	-35.145443	5.652272	263.593994	0.163048	-0.000008	0.167543	0.180158	0.170375	0.000014	0.185709	0.000037	0.351323	44.000000	24.000000	1.180000	20.909073
-234.650620	240.051270	65.756042	-255.247452	-34.967041	5.847179	263.914093	0.163048	0.159851	0.167543	0.180158	0.170375	0.000014	0.371233	0.000037	0.351323	44.000000	24.000000	1.180000	20.914148
-234.109955	239.089523	66.839928	-254.373322	-35.680653	5.847179	264.554260	0.163048	0.159851	0.167543	0.180158	0.170375	0.000014	0.371233	0.000037	0.351323	44.000000	24.000000	1.180000	20.940072
-285.653809	243.513535	80.006332	-289.863220	-54.948204	6.042085	281.679077	0.163048	0.159851	0.167543	0.180158	0.170375	0.169800	0.185709	0.192602	0.351323	44.000000	28.000000	1.180000	21.614378
-285.473572	243.898239	80.749863	-289.338715	-53.877789	6.042085	282.319244	0.163048	0.159851	0.167543	0.180158	0.170375	0.169800	0.371233	0.000037	0.351323	44.000000	28.000000	1.180000	21.639463
-285.834015	243.898239	81.270546	-290.212860	-54.234589	6.236991	282.959442	0.163048	0.159851	0.167543	0.180158	0.170375	0.169800	0.185709	0.000037	0.351323	44.000000	28.000000	1.180000	21.656895
-285.653809	245.629379	82.375702	-291.611481	-53.164169	6.236991	283.759674	0.163048	0.159851	0.000026	0.180158	0.170375	0.169800	0.185709	0.000037	0.351323	44.000000	28.000000	1.180000	21.688186
-337.377869	242.936493	94.840446	-325.702759	-74.037354	6.626803	299.924194	0.163048	0.159851	0.167543	0.180158	0.170375	0.000014	0.371233	0.000037	0.351323	44.000000	32.000000	1.180000	22.296059
-339.540527	245.437027	93.937210	-331.472046	-75.286171	6.431898	300.404327	0.163048	-0.000008	0.167543	0.180158	0.170375	0.169800	0.371233	0.000037	0.351323	44.000000	32.000000	1.180000	22.321702
-338.639435	243.898239	94.273827	-330.947571	-76.891808	6.626803	301.044495	0.326084	0.159851	0.167543	0.180158	0.170375	0.169800	0.371233	0.192602	0.351323	44.000000	32.000000	1.180000	22.338600
-336.116302	243.705887	93.575912	-326.576874	-76.534996	6.431898	301.844757	0.163048	0.159851	0.167543	0.180158	0.170375	0.169800	0.185709	0.000037	0.351323	44.000000	32.000000	1.180000	22.376322
-386.218353	237.550735	104.956764	-370.108826	-100.797844	6.626803	315.128479	0.163048	0.159851	0.167543	0.180158	0.170375	0.169800	0.371233	0.000037	0.351323	44.000000	36.000000	1.180000	22.866661
-382.613892	236.204285	102.608337	-369.933990	-103.473892	6.821710	315.928680	0.163048	0.159851	0.167543	0.180158	0.170375	0.000014	0.185709	0.000037	0.351323	44.000000	36.000000	1.180000	22.889083
-387.479919	237.935425	102.942680	-373.255707	-103.295486	7.016615	316.088745	0.326084	0.159851	0.167543	0.180158	0.170375	0.169800	0.185709	0.000037	0.351323	44.000000	36.000000	1.180000	22.887793
-388.020569	238.512482	102.608337	-369.409515	-102.581871	6.626803	316.728912	0.326084	0.159851	0.167543	0.180158	0.170375	0.169800	0.371233	0.000037	0.351323	44.000000	36.000000	1.180000	22.925898
-425.326782	224.278671	106.943901	-413.815582	-135.408066	7.016615	328.412170	0.326084	-0.000008	0.167543	0.180158	0.170375	0.169800	0.371233	0.000037	0.351323	44.000000	40.000000	1.180000	23.339628
-433.256622	226.009811	108.360710	-417.312134	-133.802444	6.821710	328.892334	0.163048	0.159851	0.167543	0.180158	0.170375	0.169800	0.185709	0.000037	0.351323	44.000000	40.000000	1.180000	23.364126
-433.076416	223.316910	109.111679	-419.934540	-135.764877	6.821710	329.212433	0.163048	0.159851	0.000026	0.180158	0.170375	0.169800	0.371233	0.000037	0.351323	44.000000	40.000000	1.180000	23.375734
-429.471924	223.124557	107.485840	-416.088348	-137.370499	7.016615	330.012634	0.163048	0.159851	0.167543	0.180158	0.000042	0.169800	0.185709	0.000037	0.351323	44.000000	40.000000	1.180000	23.397669
-466.778107	203.120285	103.845688	-454.899994	-167.163849	7.211522	335.934326	0.326084	0.159851	0.167543	0.180158	0.170375	0.169800	0.185709	0.192602	0.351323	44.000000	44.000000	1.180000	23.604180
-467.016418	203.697342	103.692223	-459.095825	-169.126282	7.211522	334.493896	0.163048	-0.000008	0.167543	0.180158	0.170375	0.169800	0.185709	0.192602	0.351323	44.000000	44.000000	1.180000	23.552407
-465.696777	202.927948	102.247040	-453.676208	-166.985443	7.211522	333.213531	0.163048	0.159851	0.167543	0.180158	0.170375	0.169800	0.371233	0.000037	0.351323	44.000000	44.000000	1.180000	23.506292
-463.052551	203.312637	102.942680	-448.955872	-162.703781	7.211522	332.093231	0.326084	0.159851	0.167543	0.180158	0.170375	0.000014	0.185709	0.000037	0.351323	44.000000	44.000000	1.180000	23.465868
