P1 (Top)	P2 (Left)	P3 (Bottom)	P4 (Right)	P5 (Center)	Pstatic (P)	Ptot_ref (P0)	 Alpha 	 Beta	Density	Flow Velocity	C Alpha	C Beta	C p0	Cp
92.238831	-374.436188	-377.520752	140.392685	-166.985443	5.457366	268.555389	-44	-44	1.18	21.117028	2.248	-2.463	-2.084	-1.825
93.141357	-369.919006	-374.452911	139.341049	-165.022995	5.457366	267.915222	-44	-44	1.18	21.091321	2.257	-2.458	-2.090	-1.823
90.794769	-375.011963	-377.881622	138.955139	-164.666214	5.652272	267.435089	-44	-44	1.18	21.06418	2.213	-2.427	-2.040	-1.804
91.5168	-375.587738	-381.129913	137.763611	-167.163849	5.457366	266.954956	-44	-44	1.18	21.052702	2.238	-2.431	-2.056	-1.817
102.347191	-372.796997	-385.641418	165.94014	-146.647476	5.847179	275.597351	-44	-40	1.18	21.382322	2.098	-2.316	-1.816	-1.656
102.708206	-374.244293	-383.836792	165.631821	-146.112259	5.847179	276.237549	-44	-40	1.18	21.40768	2.089	-2.318	-1.813	-1.652
102.527695	-379.426117	-386.724152	165.281281	-146.825882	6.042085	277.197815	-44	-40	1.18	21.437957	2.071	-2.306	-1.795	-1.647
101.444656	-378.274628	-388.709198	166.816269	-150.21553	6.042085	277.998047	-44	-40	1.18	21.469567	2.101	-2.337	-1.836	-1.670
111.91404	-374.523804	-390.694244	195.603302	-126.131111	6.431898	292.882233	-44	-36	1.18	22.03427	1.960	-2.223	-1.634	-1.517
114.982651	-372.516998	-395.386169	198.758179	-125.774292	6.236991	293.682434	-44	-36	1.18	22.072509	1.977	-2.213	-1.625	-1.511
114.982651	-376.739258	-387.524933	198.357162	-126.131111	6.236991	294.162567	-44	-36	1.18	22.090936	1.963	-2.246	-1.642	-1.517
114.080116	-374.628113	-397.371246	199.058075	-127.915138	6.431898	294.962799	-44	-36	1.18	22.114146	1.982	-2.223	-1.639	-1.521
114.441132	-376.355408	-393.762054	227.795319	-106.506737	6.431898	309.366852	-44	-32	1.18	22.659415	1.824	-2.169	-1.493	-1.405
117.329224	-378.082703	-397.371246	229.547607	-106.149933	6.236991	309.846985	-44	-32	1.18	22.684647	1.828	-2.158	-1.477	-1.399
117.690239	-375.29129	-395.205719	229.255463	-105.436333	6.042085	310.487183	-44	-32	1.18	22.715824	1.833	-2.161	-1.486	-1.398
116.787712	-377.698822	-395.747101	229.781281	-106.149933	6.431898	311.12735	-44	-32	1.18	22.725162	1.827	-2.165	-1.487	-1.401
115.704681	-382.39035	-382.754059	261.154968	-87.774399	7.211522	325.211304	-44	-28	1.18	23.216001	1.691	-2.183	-1.401	-1.322
115.163162	-385.567596	-383.475891	259.051697	-88.488014	7.211522	325.371338	-44	-28	1.18	23.221842	1.684	-2.178	-1.398	-1.323
116.968224	-381.921082	-381.93219	261.154968	-87.239189	6.626803	325.851471	-44	-28	1.18	23.26067	1.693	-2.182	-1.402	-1.319
113.899612	-381.921082	-380.04715	260.804413	-87.239189	7.016615	326.331604	-44	-28	1.18	23.263961	1.682	-2.188	-1.408	-1.321
112.275055	-377.315002	-358.211578	287.796265	-67.793236	7.406428	336.894562	-44	-24	1.18	23.631641	1.568	-2.217	-1.349	-1.251
111.91404	-376.739258	-354.782837	289.198425	-64.581978	7.211522	337.374695	-44	-24	1.18	23.655837	1.550	-2.211	-1.335	-1.238
111.011505	-381.345337	-360.282715	289.023163	-68.685257	7.211522	338.014893	-44	-24	1.18	23.67876	1.560	-2.219	-1.346	-1.251
111.011505	-381.729156	-360.557556	289.899506	-69.220467	7.211522	338.174927	-44	-24	1.18	23.684487	1.562	-2.225	-1.349	-1.253
90.433762	-342.385529	-299.562347	286.218781	-49.774509	6.626803	317.209045	-44	-20	1.18	22.943639	1.438	-2.318	-1.353	-1.208
90.072746	-340.082489	-295.334412	284.290833	-49.417706	6.626803	316.408813	-44	-20	1.18	22.914062	1.437	-2.327	-1.364	-1.209
92.058319	-341.425934	-297.577271	282.991913	-46.206448	6.626803	315.608612	-44	-20	1.18	22.884449	1.426	-2.285	-1.324	-1.193
91.5168	-337.395599	-292.343964	283.765015	-43.887203	6.626803	315.128479	-44	-20	1.18	22.866661	1.417	-2.292	-1.325	-1.186
70.939056	-305.920715	-242.537216	275.527222	-33.896618	6.042085	295.122864	-44	-16	1.18	22.135208	1.304	-2.419	-1.369	-1.166
70.578049	-304.769196	-240.669586	276.333252	-32.469395	6.042085	294.162567	-44	-16	1.18	22.098412	1.296	-2.419	-1.360	-1.160
69.856026	-302.573822	-237.664825	274.826141	-31.398972	6.042085	293.5224	-44	-16	1.18	22.073848	1.288	-2.419	-1.361	-1.157
71.841591	-301.422607	-238.386658	273.248688	-29.971746	6.042085	292.4021	-44	-16	1.18	22.030796	1.293	-2.395	-1.344	-1.150
50.902832	-275.021545	-189.121277	268.69162	-19.624359	5.652272	278.318115	-44	-12	1.18	21.497569	1.130	-2.559	-1.402	-1.119
53.610432	-275.981171	-190.875885	266.763641	-18.01873	5.652272	277.677948	-44	-12	1.18	21.472318	1.135	-2.520	-1.373	-1.110
50.722328	-275.789246	-190.875885	267.464722	-22.657213	5.847179	277.197815	-44	-12	1.18	21.44566	1.147	-2.579	-1.423	-1.135
50.722328	-276.365021	-191.417114	267.99054	-19.981167	5.847179	276.717682	-44	-12	1.18	21.426679	1.132	-2.545	-1.387	-1.121
30.325092	-260.746857	-152.307587	259.686707	-15.164278	5.067554	264.55426	-44	-8	1.18	20.971599	0.954	-2.720	-1.462	-1.106
32.491173	-258.516449	-149.922363	258.175323	-11.596213	5.652272	264.074127	-44	-8	1.18	20.928524	0.947	-2.682	-1.431	-1.090
31.227625	-261.130615	-152.848969	257.583984	-13.201843	5.457366	263.593994	-44	-8	1.18	20.916972	0.950	-2.677	-1.428	-1.096
32.130157	-259.667938	-152.80896	258.701141	-14.985873	5.26246	263.754028	-44	-8	1.18	20.931348	0.967	-2.710	-1.457	-1.106
9.386337	-275.21347	-130.618286	278.682129	-12.309826	5.652272	279.758545	-44	-4	1.18	21.554278	0.735	-2.906	-1.532	-1.094
9.025324	-276.940765	-129.930649	278.857391	-10.168986	5.847179	280.398712	-44	-4	1.18	21.571778	0.719	-2.876	-1.503	-1.083
8.844818	-278.974182	-134.261673	280.434845	-14.629067	6.042085	281.03891	-44	-4	1.18	21.589264	0.745	-2.914	-1.540	-1.108
9.927856	-278.782318	-133.144043	281.486481	-13.023438	6.236991	281.679077	-44	-4	1.18	21.606735	0.742	-2.904	-1.527	-1.100
-20.725672	-297.009674	-109.177841	298.838379	-14.450666	6.626803	298.163696	-44	0	1.18	22.229043	0.469	-3.159	-1.657	-1.112
-19.644329	-296.708527	-108.816917	299.013641	-15.342683	6.236991	298.803864	-44	0	1.18	22.268274	0.476	-3.179	-1.676	-1.115
-19.103661	-296.132782	-107.734169	299.539459	-12.131421	6.431898	299.284027	-44	0	1.18	22.279128	0.467	-3.138	-1.641	-1.098
-20.185001	-301.038879	-111.314201	300.24057	-13.380244	6.431898	300.244293	-44	0	1.18	22.315625	0.473	-3.119	-1.627	-1.103
-60.014336	-317.347534	-81.567574	316.716095	-18.910748	6.431898	314.968414	-44	4	1.18	22.867953	0.119	-3.512	-1.849	-1.140
-56.590088	-314.940948	-81.185394	316.190277	-19.267553	6.82171	315.768646	-44	4	1.18	22.883157	0.138	-3.530	-1.874	-1.146
-56.950539	-316.388184	-81.387115	314.963379	-18.553942	6.626803	316.568878	-44	4	1.18	22.919982	0.136	-3.501	-1.858	-1.140
-57.310982	-317.819733	-82.267868	316.891357	-19.089149	6.626803	317.048981	-44	4	1.18	22.937726	0.138	-3.508	-1.858	-1.142
-102.727242	-333.365295	-51.056591	327.933502	-22.835619	7.016615	328.572235	-44	8	1.18	23.34544	-0.265	-3.388	-1.800	-1.153
-102.547005	-332.597595	-49.252472	327.933502	-24.084442	7.211522	329.212433	-44	8	1.18	23.361598	-0.275	-3.414	-1.826	-1.162
-101.105217	-333.272461	-50.709045	330.036743	-23.370829	7.016615	329.8526	-44	8	1.18	23.391872	-0.260	-3.422	-1.822	-1.157
-100.564552	-333.848083	-50.334946	329.510925	-22.300407	6.82171	330.172668	-44	8	1.18	23.41052	-0.258	-3.403	-1.808	-1.149
-141.655441	-335.766754	-18.045923	333.542206	-27.2957	7.211522	335.294128	-44	12	1.18	23.581184	-0.585	-3.166	-1.715	-1.163
-149.044586	-337.203674	-18.041201	331.964752	-30.68536	7.211522	334.013763	-44	12	1.18	23.535125	-0.617	-3.150	-1.717	-1.178
-142.736786	-333.94104	-16.23708	332.315308	-26.760489	7.211522	332.573364	-44	12	1.18	23.483202	-0.598	-3.149	-1.698	-1.161
-141.835663	-333.749146	-16.597902	332.140015	-26.760489	7.016615	331.132965	-44	12	1.18	23.438212	-0.593	-3.155	-1.696	-1.160
-174.816513	-311.678314	10.838899	305.148163	-32.112591	6.431898	309.366852	-44	16	1.18	22.659415	-0.879	-2.921	-1.617	-1.183
-172.113174	-308.713562	10.116304	303.395447	-31.577379	6.626803	308.086487	-44	16	1.18	22.604173	-0.873	-2.931	-1.626	-1.183
-174.095627	-309.5672	9.755009	302.519073	-34.253426	6.431898	307.126221	-44	16	1.18	22.575461	-0.886	-2.949	-1.645	-1.196
-170.310944	-306.49646	11.200196	301.467468	-29.436537	6.626803	306.165955	-44	16	1.18	22.532055	-0.869	-2.909	-1.606	-1.173
-196.803741	-289.799408	31.432827	278.682129	-36.751072	6.042085	288.40097	-44	20	1.18	21.876343	-1.105	-2.752	-1.574	-1.207
-195.722412	-287.112518	32.697369	277.735107	-35.323849	6.042085	287.920837	-44	20	1.18	21.857735	-1.108	-2.741	-1.568	-1.201
-198.425751	-289.223663	29.806992	276.929413	-39.962334	6.236991	287.440674	-44	20	1.18	21.831546	-1.120	-2.777	-1.606	-1.227
-199.326889	-288.647888	32.878017	277.279968	-37.107876	6.042085	286.480408	-44	20	1.18	21.801816	-1.122	-2.736	-1.564	-1.209
-224.918579	-280.395355	54.555832	258.175323	-44.957623	5.847179	273.35672	-44	24	1.18	21.293333	-1.346	-2.593	-1.533	-1.245
-225.999924	-279.243805	52.749348	256.59787	-46.920059	5.652272	272.876617	-44	24	1.18	21.281978	-1.355	-2.605	-1.555	-1.256
-227.081253	-279.627655	51.846107	256.247314	-46.741653	5.652272	272.396484	-44	24	1.18	21.262851	-1.350	-2.594	-1.545	-1.254
-225.819687	-280.58725	50.58157	255.195709	-46.206448	5.652272	271.916351	-44	24	1.18	21.243706	-1.335	-2.588	-1.537	-1.251
-245.46402	-273.486206	62.143074	233.11145	-58.337868	5.457366	257.032166	-44	28	1.18	20.649406	-1.529	-2.519	-1.568	-1.317
-245.46402	-271.875122	63.768906	231.825562	-55.661816	5.457366	256.712067	-44	28	1.18	20.636265	-1.523	-2.481	-1.539	-1.301
-245.824463	-272.910461	62.143074	231.884552	-59.229881	5.26246	256.071899	-44	28	1.18	20.617971	-1.539	-2.522	-1.575	-1.322
-245.283798	-271.107666	63.029827	230.482391	-57.44585	5.26246	255.591766	-44	28	1.18	20.598227	-1.536	-2.499	-1.559	-1.312
-290.880249	-299.395416	76.414307	228.37912	-76.713402	5.847179	267.595123	-44	32	1.18	21.062778	-1.682	-2.416	-1.576	-1.378
-291.781403	-301.122711	76.414307	230.248505	-79.746262	5.457366	268.235291	-44	32	1.18	21.104178	-1.699	-2.452	-1.606	-1.393
-294.845184	-302.573822	77.678841	231.358749	-77.783821	5.457366	269.035522	-44	32	1.18	21.136287	-1.686	-2.417	-1.570	-1.377
-294.845184	-302.765686	79.30468	231.183487	-75.642982	5.652272	269.67572	-44	32	1.18	21.154133	-1.677	-2.393	-1.547	-1.364
-347.650574	-345.072418	91.227478	231.534012	-100.44104	6.042085	287.600739	-44	36	1.18	21.845321	-1.785	-2.345	-1.578	-1.433
-349.45282	-346.415863	91.046829	232.235107	-104.009102	5.847179	288.40097	-44	36	1.18	21.883892	-1.806	-2.372	-1.609	-1.450
-349.272614	-346.319427	90.504883	232.235107	-104.365906	6.236991	289.041138	-44	36	1.18	21.893585	-1.807	-2.377	-1.616	-1.454
-352.696808	-347.951233	92.311371	232.936172	-103.117081	5.847179	289.84137	-44	36	1.18	21.939601	-1.800	-2.350	-1.590	-1.441
-400.816437	-387.294861	95.924339	224.991699	-132.018417	6.431898	303.925323	-44	40	1.18	22.454981	-1.896	-2.337	-1.664	-1.528
-404.961578	-391.79184	93.575912	226.976944	-138.797729	6.431898	304.565491	-44	40	1.18	22.479128	-1.921	-2.384	-1.708	-1.559
-406.403351	-392.092865	95.563042	226.275848	-137.013702	6.431898	305.365723	-44	40	1.18	22.509276	-1.914	-2.358	-1.687	-1.547
-407.845154	-394.094238	93.93721	225.399475	-137.905716	6.626803	305.845856	-44	40	1.18	22.520012	-1.907	-2.355	-1.687	-1.549
-449.476685	-427.670929	93.756561	214.532654	-168.947876	6.626803	318.48941	-44	44	1.18	22.990883	-2.015	-2.382	-1.808	-1.651
-456.144928	-434.315308	91.588776	214.707916	-171.623947	7.016615	319.129578	-44	44	1.18	23.00011	-2.002	-2.372	-1.794	-1.653
-454.883392	-433.42691	91.588776	214.357376	-170.196701	6.626803	319.609741	-44	44	1.18	23.032142	-1.995	-2.365	-1.788	-1.645
-456.144928	-436.234497	92.130722	216.931244	-173.58638	6.82171	320.249908	-44	44	1.18	23.048519	-2.011	-2.396	-1.812	-1.662
155.235596	-461.567963	-448.441193	172.993225	-175.370407	7.016615	337.534729	-40	-44	1.18	23.668549	2.159	-2.269	-1.834	-1.652
153.972046	-464.062958	-448.621643	172.292145	-173.764786	7.406428	337.854828	-40	-44	1.18	23.666052	2.132	-2.252	-1.811	-1.641
155.416107	-467.325592	-452.230804	171.766342	-176.084015	6.82171	338.334991	-40	-44	1.18	23.704154	2.142	-2.253	-1.813	-1.645
154.874588	-467.709442	-453.133118	174.220139	-177.154434	7.016615	338.815125	-40	-44	1.18	23.71435	2.146	-2.266	-1.821	-1.650
155.235596	-409.173767	-400.334198	187.843536	-127.558319	6.82171	316.088745	-40	-40	1.18	22.895008	2.004	-2.154	-1.600	-1.485
153.430542	-407.716766	-398.995392	189.644058	-125.952705	6.82171	315.448547	-40	-40	1.18	22.871299	1.991	-2.153	-1.591	-1.479
153.611038	-404.951508	-394.483887	187.014984	-124.168678	7.211522	314.488281	-40	-40	1.18	22.82122	1.989	-2.148	-1.592	-1.477
155.777115	-404.375732	-398.273529	188.066605	-126.4879	6.626803	313.528015	-40	-40	1.18	22.80727	2.016	-2.156	-1.601	-1.484
150.903442	-353.133087	-356.767914	198.057098	-84.206345	6.236991	295.602997	-40	-36	1.18	22.146125	1.875	-2.036	-1.403	-1.334
150.542419	-351.405792	-360.557556	198.232376	-84.384735	6.236991	294.802765	-40	-36	1.18	22.115481	1.882	-2.024	-1.396	-1.334
150.903442	-350.156769	-359.474792	198.407654	-85.811966	6.236991	294.162567	-40	-36	1.18	22.090936	1.897	-2.039	-1.413	-1.342
148.01535	-353.324982	-359.113892	196.079208	-84.919952	6.431898	293.842468	-40	-36	1.18	22.071171	1.869	-2.025	-1.396	-1.337
141.517105	-301.314636	-326.089844	203.315247	-48.525684	5.847179	276.237549	-40	-32	1.18	21.40768	1.763	-1.903	-1.225	-1.205
141.878128	-304.19342	-330.420868	201.737808	-50.666531	5.847179	275.437317	-40	-32	1.18	21.375978	1.771	-1.897	-1.223	-1.212
142.419647	-301.890381	-325.007111	200.510895	-50.666531	5.847179	274.957184	-40	-32	1.18	21.356935	1.779	-1.912	-1.239	-1.215
141.517105	-303.233826	-331.236389	200.635117	-53.342575	5.847179	274.317017	-40	-32	1.18	21.331518	1.791	-1.909	-1.242	-1.224
131.408752	-273.026306	-288.19342	210.623062	-24.798054	5.652272	264.55426	-40	-28	1.18	20.947957	1.640	-1.891	-1.131	-1.119
128.52063	-277.13269	-289.095703	212.25412	-27.117298	5.847179	265.354492	-40	-28	1.18	20.972432	1.631	-1.912	-1.142	-1.129
129.423172	-275.136841	-287.471588	211.499207	-25.868475	5.847179	266.314758	-40	-28	1.18	21.011199	1.632	-1.905	-1.144	-1.124
128.881653	-275.981171	-287.110657	212.429382	-24.798054	5.847179	266.794891	-40	-28	1.18	21.030556	1.620	-1.902	-1.136	-1.119
130.145203	-284.346466	-273.215271	243.277237	-7.136132	6.042085	285.84024	-40	-24	1.18	21.776918	1.485	-1.942	-1.079	-1.049
130.686722	-282.811523	-272.85437	244.50412	-6.600922	6.042085	286.640472	-40	-24	1.18	21.808037	1.488	-1.944	-1.081	-1.047
131.228226	-284.922058	-273.937134	244.854675	-5.530503	6.042085	287.28064	-40	-24	1.18	21.8329	1.479	-1.934	-1.069	-1.042
132.852798	-286.728699	-276.751984	245.731018	-7.492939	6.236991	288.080872	-40	-24	1.18	21.856383	1.494	-1.942	-1.078	-1.050
126.715576	-288.839813	-249.690186	270.794891	12.338601	6.431898	302.804993	-40	-20	1.18	22.412659	1.337	-1.987	-1.031	-0.979
127.076591	-286.648865	-247.229172	274.055298	14.126801	6.236991	303.285126	-40	-20	1.18	22.438168	1.332	-1.995	-1.029	-0.972
129.062149	-288.183807	-249.936066	274.300323	14.66326	6.236991	303.765289	-40	-20	1.18	22.456296	1.336	-1.983	-1.019	-0.970
125.452026	-293.829742	-253.364777	274.300323	10.550402	6.236991	304.405457	-40	-20	1.18	22.480442	1.333	-1.999	-1.034	-0.985
117.870743	-291.142853	-217.216034	297.611481	30.041777	6.82171	318.329376	-40	-16	1.18	22.977795	1.179	-2.071	-1.014	-0.918
119.495316	-289.415588	-215.953156	299.288025	29.684137	6.626803	318.809479	-40	-16	1.18	23.002678	1.188	-2.085	-1.024	-0.918
118.231773	-293.364197	-219.618896	300.065277	27.717119	6.82171	319.289612	-40	-16	1.18	23.013183	1.189	-2.088	-1.026	-0.926
119.495316	-294.981262	-219.561386	299.013641	30.041777	6.82171	319.609741	-40	-16	1.18	23.024969	1.180	-2.067	-1.008	-0.919
106.318329	-298.627747	-190.69548	320.572083	41.665077	7.016615	333.53363	-40	-12	1.18	23.524853	1.037	-2.163	-1.019	-0.879
104.874283	-295.173157	-183.298584	321.0979	45.777935	7.016615	334.013763	-40	-12	1.18	23.542143	1.011	-2.162	-1.011	-0.864
109.38694	-295.474731	-187.677612	321.974243	47.208496	6.82171	334.333862	-40	-12	1.18	23.560673	1.029	-2.138	-0.994	-0.860
105.235291	-299.011597	-189.973831	320.922607	42.916817	7.211522	334.97403	-40	-12	1.18	23.569677	1.027	-2.157	-1.016	-0.876
79.964386	-283.65799	-141.623413	320.922607	51.500172	7.211522	325.051239	-40	-8	1.18	23.210157	0.839	-2.289	-1.036	-0.832
80.86692	-282.890289	-140.036377	319.169891	52.930733	7.211522	323.770874	-40	-8	1.18	23.163361	0.836	-2.277	-1.024	-0.827
82.49147	-282.698364	-139.855911	316.015015	53.467194	7.016615	322.810608	-40	-8	1.18	23.135343	0.840	-2.261	-1.017	-0.825
80.686409	-282.811523	-143.465088	316.716095	49.533154	7.016615	321.690308	-40	-8	1.18	23.094269	0.853	-2.282	-1.036	-0.838
48.917263	-263.122528	-98.504944	300.766357	51.678993	6.431898	302.164825	-40	-4	1.18	22.388441	0.634	-2.425	-1.077	-0.805
50.722328	-261.514343	-97.447983	300.415802	52.394276	6.431898	301.364624	-40	-4	1.18	22.35813	0.639	-2.423	-1.074	-0.802
49.63929	-264.200439	-100.489479	302.343811	49.354336	6.626803	300.88446	-40	-4	1.18	22.332528	0.648	-2.445	-1.086	-0.816
49.278278	-260.363129	-96.365227	299.364197	52.573093	6.626803	300.244293	-40	-4	1.18	22.308222	0.631	-2.424	-1.072	-0.801
19.855715	-244.890091	-60.07719	282.466217	48.281414	5.847179	282.479279	-40	0	1.18	21.65336	0.398	-2.627	-1.167	-0.789
18.772676	-245.082016	-61.340076	282.362823	47.566132	5.652272	281.679077	-40	0	1.18	21.629656	0.399	-2.627	-1.166	-0.791
17.148117	-245.205658	-60.979248	279.312134	47.029678	5.652272	281.198944	-40	0	1.18	21.610836	0.390	-2.621	-1.170	-0.793
19.314194	-243.930496	-61.159664	279.733734	46.135574	6.042085	280.398712	-40	0	1.18	21.564119	0.405	-2.636	-1.179	-0.798
-11.714509	-233.950653	-29.046329	267.046234	42.022717	5.652272	267.11499	-40	4	1.18	21.051298	0.100	-2.887	-1.297	-0.790
-11.714509	-234.077377	-29.587564	266.763641	42.201534	5.847179	266.634857	-40	4	1.18	21.024106	0.103	-2.878	-1.290	-0.791
-12.615625	-235.486023	-32.113331	267.815277	39.519238	5.652272	266.154724	-40	4	1.18	21.012605	0.112	-2.904	-1.308	-0.805
-11.173841	-234.142578	-31.75251	266.413116	40.770977	5.457366	265.674591	-40	4	1.18	21.001099	0.118	-2.881	-1.295	-0.797
-43.794243	-247.001221	-3.067004	280.610107	40.413334	5.847179	277.998047	-40	8	1.18	21.47726	-0.219	-2.840	-1.279	-0.814
-45.416248	-246.548721	-3.248266	277.981018	40.949799	5.847179	278.958313	-40	8	1.18	21.515117	-0.226	-2.806	-1.273	-0.812
-45.596474	-247.576981	-2.70618	279.383209	40.413334	6.042085	279.438446	-40	8	1.18	21.526348	-0.229	-2.818	-1.278	-0.816
-43.974468	-248.083664	-3.427828	280.434845	40.234516	5.652272	280.398712	-40	8	1.18	21.579433	-0.218	-2.837	-1.289	-0.814
-84.164238	-260.435638	25.652077	294.456573	40.949799	6.236991	296.403198	-40	12	1.18	22.176725	-0.515	-2.602	-1.198	-0.837
-86.146698	-262.857391	25.832726	297.786743	38.088676	6.236991	297.20343	-40	12	1.18	22.207284	-0.527	-2.637	-1.219	-0.850
-86.867592	-263.433014	26.194019	297.786743	39.161594	6.431898	297.683563	-40	12	1.18	22.218166	-0.528	-2.619	-1.206	-0.847
-86.507141	-264.657867	25.471428	298.487854	39.698055	6.431898	298.32373	-40	12	1.18	22.24257	-0.520	-2.616	-1.201	-0.845
-132.283844	-278.974182	53.833244	309.529938	31.472338	6.82171	312.407684	-40	16	1.18	22.758346	-0.785	-2.482	-1.185	-0.896
-131.022278	-276.173096	58.168804	309.179413	36.300476	6.626803	312.727783	-40	16	1.18	22.777516	-0.789	-2.440	-1.152	-0.876
-130.842056	-280.395355	54.013893	310.581604	35.942837	6.82171	313.528015	-40	16	1.18	22.800026	-0.765	-2.446	-1.149	-0.879
-131.022278	-277.708435	56.166988	309.705231	34.691097	6.82171	314.168182	-40	16	1.18	22.823808	-0.783	-2.457	-1.169	-0.883
-188.69371	-297.860077	84.724136	318.118286	21.816059	6.82171	327.932068	-40	20	1.18	23.32927	-1.031	-2.324	-1.155	-0.943
-186.350815	-294.405487	87.433861	317.862122	23.604259	6.82171	328.732269	-40	20	1.18	23.35832	-1.037	-2.319	-1.156	-0.936
-185.269455	-295.365112	89.059692	321.273163	27.538298	7.016615	328.892334	-40	20	1.18	23.357057	-1.024	-2.302	-1.125	-0.923
-185.089233	-298.928345	85.266083	320.572083	25.750097	7.016615	329.692566	-40	20	1.18	23.386073	-1.010	-2.314	-1.135	-0.930
-238.61554	-312.062164	114.711784	318.644073	10.371581	7.016615	338.014893	-40	24	1.18	23.685735	-1.237	-2.208	-1.147	-0.988
-235.551758	-310.910645	113.989189	317.943024	11.086862	7.211522	336.574493	-40	24	1.18	23.627152	-1.229	-2.212	-1.145	-0.986
-236.633087	-310.526794	115.073082	317.06665	11.444501	7.016615	335.134064	-40	24	1.18	23.582436	-1.234	-2.202	-1.136	-0.984
-234.290176	-308.41568	115.43438	316.540802	11.444501	7.016615	333.853729	-40	24	1.18	23.536381	-1.237	-2.210	-1.140	-0.984
-260.963226	-298.435822	121.215134	280.713959	-6.600922	6.236991	310.007019	-40	28	1.18	22.690624	-1.399	-2.121	-1.159	-1.047
-262.044556	-300.847015	120.131241	281.311188	-8.563356	6.431898	309.366852	-40	28	1.18	22.659415	-1.401	-2.133	-1.165	-1.055
-257.178528	-296.625946	121.395775	279.032684	-5.530503	6.626803	308.56662	-40	28	1.18	22.622166	-1.395	-2.121	-1.157	-1.045
-256.097198	-296.132782	120.67318	280.434845	-7.314534	6.431898	307.926422	-40	28	1.18	22.605479	-1.402	-2.145	-1.173	-1.051
-282.95047	-293.062073	124.466805	250.463379	-23.014023	6.236991	291.281769	-40	32	1.18	21.980144	-1.537	-2.051	-1.186	-1.110
-284.392242	-295.748962	120.853836	250.463379	-25.868475	6.236991	290.321503	-40	32	1.18	21.943089	-1.534	-2.067	-1.197	-1.122
-287.456024	-295.557037	121.034477	248.535385	-28.544523	6.431898	289.201172	-40	32	1.18	21.892236	-1.553	-2.069	-1.208	-1.133
-283.491119	-292.980469	119.769943	247.83429	-28.187714	6.236991	288.40097	-40	32	1.18	21.868791	-1.551	-2.080	-1.217	-1.132
-304.937683	-298.435822	119.950584	219.209198	-47.812073	6.042085	272.876617	-40	36	1.18	21.266451	-1.674	-2.039	-1.263	-1.212
-300.972748	-295.365112	119.047348	218.508301	-46.206448	5.652272	272.396484	-40	36	1.18	21.262851	-1.667	-2.039	-1.264	-1.206
-305.11792	-297.201538	120.311882	219.96608	-45.314426	5.847179	271.596252	-40	36	1.18	21.223152	-1.663	-2.021	-1.239	-1.200
-302.955231	-296.516632	118.866707	218.858749	-46.206448	5.652272	271.116089	-40	36	1.18	21.211757	-1.664	-2.033	-1.252	-1.205
-334.314056	-318.011688	118.505409	200.16037	-71.539703	5.457366	269.355621	-40	40	1.18	21.149118	-1.778	-2.035	-1.339	-1.302
-335.575623	-320.314697	116.879562	200.635117	-74.929375	5.652272	270.475922	-40	40	1.18	21.186166	-1.788	-2.059	-1.365	-1.318
-333.412933	-318.971283	118.505409	201.387253	-73.14534	5.847179	271.116089	-40	40	1.18	21.20397	-1.786	-2.056	-1.360	-1.312
-336.116302	-320.609253	119.228004	201.562531	-73.323738	5.847179	271.916351	-40	40	1.18	21.23593	-1.785	-2.047	-1.354	-1.310
-387.479919	-366.465393	121.395775	195.72876	-107.577164	6.236991	289.521271	-40	44	1.18	21.912162	-1.889	-2.087	-1.474	-1.422
-391.805267	-370.981659	120.131241	194.677399	-110.25322	6.236991	290.001434	-40	44	1.18	21.930724	-1.888	-2.086	-1.476	-1.430
-392.526154	-371.941254	120.131241	195.027847	-109.361206	5.847179	290.641602	-40	44	1.18	21.97049	-1.879	-2.078	-1.466	-1.422
-396.491089	-375.395782	119.769943	197.706558	-112.037247	6.042085	291.281769	-40	44	1.18	21.987658	-1.885	-2.092	-1.472	-1.431
175.091324	-425.678864	-403.145935	150.558456	-135.408066	6.626803	311.927551	-36	-44	1.18	22.747723	2.073	-2.065	-1.603	-1.509
175.632843	-423.183929	-402.785034	151.084259	-136.835297	6.431898	312.407684	-36	-44	1.18	22.772858	2.095	-2.080	-1.627	-1.519
176.53537	-424.025421	-401.52182	150.383179	-134.694458	6.626803	313.047882	-36	-44	1.18	22.789422	2.079	-2.066	-1.610	-1.508
176.174362	-427.022339	-405.024902	149.819229	-138.619324	6.82171	313.528015	-36	-44	1.18	22.800026	2.095	-2.079	-1.630	-1.524
195.488556	-416.65863	-397.988831	187.493073	-98.300194	7.016615	327.451935	-36	-40	1.18	23.304736	1.920	-1.955	-1.378	-1.341
194.225006	-417.618225	-395.102234	185.963348	-96.694565	7.016615	328.092102	-36	-40	1.18	23.328004	1.903	-1.949	-1.372	-1.335
192.78096	-413.204071	-394.561005	187.843536	-97.40818	7.016615	328.892334	-36	-40	1.18	23.357057	1.916	-1.961	-1.391	-1.341
196.571594	-417.693817	-398.45401	189.293518	-97.764984	7.016615	329.212433	-36	-40	1.18	23.368668	1.918	-1.956	-1.376	-1.338
206.860458	-393.244385	-385.100006	223.296234	-58.159462	7.406428	339.615326	-36	-36	1.18	23.72901	1.788	-1.863	-1.202	-1.198
205.596909	-393.244385	-383.656342	220.316635	-58.694672	7.016615	338.815125	-36	-36	1.18	23.71435	1.787	-1.861	-1.205	-1.199
207.401993	-390.557495	-382.292999	219.615524	-58.337868	7.211522	337.694794	-36	-36	1.18	23.667301	1.797	-1.860	-1.207	-1.200
206.679962	-393.43631	-384.999176	219.96608	-60.478706	7.211522	336.574493	-36	-36	1.18	23.627152	1.800	-1.866	-1.208	-1.206
193.863998	-319.074341	-334.751892	227.678055	-15.342683	6.431898	312.087616	-36	-32	1.18	22.760944	1.697	-1.755	-1.051	-1.070
193.683487	-319.649933	-333.669128	224.69841	-16.234697	6.626803	311.287384	-36	-32	1.18	22.723861	1.699	-1.754	-1.055	-1.074
190.25386	-315.516724	-329.432281	226.218292	-12.309826	6.82171	310.807251	-36	-32	1.18	22.698672	1.676	-1.747	-1.042	-1.062
191.156387	-315.516724	-327.808594	223.765091	-14.985873	6.626803	309.846985	-36	-32	1.18	22.67008	1.692	-1.758	-1.059	-1.070
177.076889	-273.026306	-287.832489	230.131836	14.30562	6.042085	291.761902	-36	-28	1.18	22.006155	1.577	-1.707	-0.941	-0.972
176.53537	-272.066986	-285.666992	229.080185	15.914999	6.236991	290.641602	-36	-28	1.18	21.955448	1.568	-1.700	-0.932	-0.967
176.174362	-273.410065	-287.471588	227.502777	14.48444	6.042085	289.681305	-36	-28	1.18	21.925885	1.572	-1.698	-0.933	-0.971
175.27182	-270.415497	-284.690094	228.904922	15.73618	6.042085	288.721039	-36	-28	1.18	21.888738	1.568	-1.702	-0.931	-0.967
156.860153	-239.641525	-233.514267	229.781281	36.836937	5.847179	274.317017	-36	-24	1.18	21.331518	1.428	-1.717	-0.869	-0.887
157.221176	-240.217117	-234.777481	230.657654	36.121658	5.652272	273.676819	-36	-24	1.18	21.313819	1.433	-1.721	-0.868	-0.889
156.679642	-238.172913	-231.288177	230.131836	38.267494	5.652272	273.35672	-36	-24	1.18	21.301088	1.421	-1.715	-0.861	-0.881
157.221176	-237.021378	-230.987839	230.482391	38.803955	5.847179	272.716553	-36	-24	1.18	21.267839	1.423	-1.714	-0.857	-0.879
142.780655	-218.152435	-186.233932	238.369598	57.758873	5.847179	266.474792	-36	-20	1.18	21.017653	1.266	-1.756	-0.803	-0.800
143.863693	-219.495499	-189.482193	238.019073	56.328316	5.652272	267.435089	-36	-20	1.18	21.06418	1.278	-1.754	-0.809	-0.806
143.683182	-220.454834	-189.482193	240.82341	56.864777	5.847179	268.235291	-36	-20	1.18	21.088519	1.272	-1.762	-0.807	-0.805
144.405212	-221.667755	-191.958374	239.947067	56.328316	6.042085	269.035522	-36	-20	1.18	21.11283	1.278	-1.754	-0.808	-0.809
141.517105	-225.059647	-165.842026	266.763641	77.786713	6.236991	286.320374	-36	-16	1.18	21.788015	1.125	-1.800	-0.763	-0.738
140.614578	-226.786438	-165.300659	266.237823	76.17733	6.236991	287.120605	-36	-16	1.18	21.819118	1.124	-1.811	-0.775	-0.743
139.712051	-226.465775	-164.398361	267.99054	76.713791	6.042085	287.600739	-36	-16	1.18	21.845321	1.117	-1.817	-0.775	-0.740
141.336594	-227.362045	-167.646622	268.69162	75.819687	6.431898	288.240936	-36	-16	1.18	21.855033	1.130	-1.815	-0.777	-0.746
131.047729	-234.652985	-136.21106	292.87915	91.198204	6.431898	303.44516	-36	-12	1.18	22.436852	0.966	-1.907	-0.767	-0.694
132.130768	-232.799149	-133.504868	291.476959	94.95343	6.431898	304.245422	-36	-12	1.18	22.467058	0.955	-1.885	-0.753	-0.682
133.935822	-233.501785	-134.622589	292.87915	96.026344	6.431898	304.725555	-36	-12	1.18	22.485162	0.959	-1.879	-0.745	-0.680
133.033295	-234.334488	-136.391464	293.404938	94.059326	6.431898	305.365723	-36	-12	1.18	22.509276	0.964	-1.889	-0.756	-0.686
115.704681	-242.778992	-100.515793	313.911743	106.576721	7.016615	319.769775	-36	-8	1.18	23.023686	0.777	-2.001	-0.766	-0.642
118.592773	-240.984589	-99.948242	314.788086	110.868401	6.82171	320.249908	-36	-8	1.18	23.048519	0.777	-1.975	-0.744	-0.630
119.314804	-243.286987	-101.959465	315.664459	110.510765	7.211522	320.890076	-36	-8	1.18	23.057723	0.782	-1.974	-0.743	-0.635
118.592773	-244.630051	-102.834831	316.891357	110.510765	6.82171	321.370209	-36	-8	1.18	23.089674	0.779	-1.975	-0.742	-0.635
90.433762	-252.18306	-60.07719	332.49054	121.418793	7.016615	333.213531	-36	-4	1.18	23.513319	0.542	-2.107	-0.763	-0.588
92.780342	-250.64772	-61.175682	331.263641	122.491707	6.82171	333.693695	-36	-4	1.18	23.537636	0.553	-2.090	-0.759	-0.585
95.12693	-252.496597	-64.587494	332.315308	120.167046	6.82171	334.173798	-36	-4	1.18	23.554915	0.573	-2.098	-0.768	-0.593
90.433762	-254.415268	-63.144196	332.140015	119.272942	7.016615	334.813995	-36	-4	1.18	23.570931	0.552	-2.110	-0.775	-0.596
61.913731	-243.478851	-23.273148	323.025879	119.451759	6.626803	324.731171	-36	0	1.18	23.219818	0.337	-2.241	-0.812	-0.554
59.567146	-242.327652	-21.469028	325.479675	118.557663	6.82171	323.770874	-36	0	1.18	23.177618	0.324	-2.267	-0.819	-0.554
60.289177	-241.368317	-22.731913	321.623718	118.02121	6.82171	322.810608	-36	0	1.18	23.14248	0.332	-2.251	-0.819	-0.555
59.567146	-241.051697	-22.551498	322.500061	117.663567	7.016615	321.850342	-36	0	1.18	23.100141	0.329	-2.259	-0.818	-0.556
25.090403	-228.896973	7.948523	302.519073	105.324982	6.236991	303.285126	-36	4	1.18	22.438168	0.079	-2.463	-0.917	-0.541
23.285337	-227.745773	8.671117	303.220184	104.609703	6.431898	302.644958	-36	4	1.18	22.406607	0.068	-2.479	-0.925	-0.542
25.631924	-225.50618	10.477602	301.642731	107.649643	6.236991	301.524658	-36	4	1.18	22.371579	0.070	-2.450	-0.901	-0.529
24.548883	-226.40271	9.755009	301.817993	105.682625	6.236991	300.724426	-36	4	1.18	22.341245	0.069	-2.468	-0.911	-0.535
-9.732056	-215.082565	36.310337	282.187561	93.880508	6.042085	284.079742	-36	8	1.18	21.7083	-0.223	-2.411	-0.922	-0.574
-5.767144	-213.990967	36.310337	282.538116	96.562805	6.431898	283.599609	-36	8	1.18	21.674312	-0.204	-2.405	-0.906	-0.563
-6.848483	-214.315125	33.419964	281.135925	94.95343	6.042085	282.639343	-36	8	1.18	21.651996	-0.196	-2.411	-0.913	-0.567
-8.110045	-213.223297	35.949039	282.362823	94.238144	6.042085	281.999176	-36	8	1.18	21.626925	-0.215	-2.419	-0.916	-0.570
-41.631561	-200.500717	61.601128	266.413116	87.621811	5.652272	267.435089	-36	12	1.18	21.06418	-0.495	-2.237	-0.862	-0.607
-41.271118	-198.198318	62.504372	264.6604	87.442986	5.457366	266.794891	-36	12	1.18	21.046258	-0.501	-2.234	-0.866	-0.604
-42.532681	-198.006454	63.046318	264.134552	87.800629	5.457366	266.314758	-36	12	1.18	21.026915	-0.507	-2.221	-0.858	-0.604
-40.009552	-197.677765	61.601128	264.309845	87.621811	5.652272	265.834625	-36	12	1.18	20.999691	-0.492	-2.238	-0.863	-0.603
-77.495979	-204.913635	87.975807	272.898163	85.29715	6.042085	277.037781	-36	16	1.18	21.431629	-0.731	-2.110	-0.847	-0.650
-80.199333	-208.175369	86.530617	274.125061	82.972488	5.847179	277.837982	-36	16	1.18	21.470943	-0.734	-2.123	-0.858	-0.660
-80.199333	-208.559113	85.808029	273.599243	83.508949	5.847179	278.318115	-36	16	1.18	21.489885	-0.728	-2.116	-0.855	-0.659
-80.199333	-208.425293	87.253212	275.527222	84.224228	6.042085	278.958313	-36	16	1.18	21.507438	-0.733	-2.118	-0.852	-0.658
-126.336472	-222.949112	117.421516	284.641357	81.00547	6.236991	294.162567	-36	20	1.18	22.090936	-0.953	-1.986	-0.834	-0.708
-127.59803	-225.635239	115.615028	284.290833	77.96553	6.236991	294.962799	-36	20	1.18	22.121613	-0.955	-2.003	-0.852	-0.718
-126.156258	-225.314255	115.795677	284.991913	78.323166	6.626803	295.602997	-36	20	1.18	22.131203	-0.952	-2.009	-0.855	-0.718
-129.039825	-227.170181	117.421516	286.569336	78.859627	6.431898	296.083099	-36	20	1.18	22.157036	-0.959	-1.999	-0.845	-0.718
-176.979187	-248.083664	141.086456	291.652222	70.276268	6.626803	310.647217	-36	24	1.18	22.699974	-1.125	-1.908	-0.850	-0.775
-176.258301	-248.851135	141.26712	294.281311	69.382172	6.82171	311.12735	-36	24	1.18	22.71062	-1.126	-1.926	-0.857	-0.778
-178.060532	-249.042999	141.989716	293.229706	69.739807	6.626803	311.607483	-36	24	1.18	22.735796	-1.130	-1.914	-0.854	-0.777
-179.682556	-249.30426	142.892944	293.404938	69.203354	6.431898	312.24765	-36	24	1.18	22.766902	-1.137	-1.913	-0.857	-0.779
-234.109955	-280.011475	159.873901	294.106049	46.672035	6.82171	324.891205	-36	28	1.18	23.218545	-1.297	-1.890	-0.916	-0.869
-235.191284	-280.011475	161.499741	293.930756	48.460236	6.82171	325.691437	-36	28	1.18	23.247734	-1.296	-1.875	-0.906	-0.864
-234.65062	-280.2034	160.596497	294.631866	47.923779	6.82171	326.011505	-36	28	1.18	23.259399	-1.294	-1.883	-0.911	-0.865
-232.848389	-279.627655	159.873901	294.807129	49.890793	7.211522	326.331604	-36	28	1.18	23.256859	-1.283	-1.876	-0.903	-0.861
-288.897827	-310.05661	178.661362	286.043549	28.611217	7.211522	334.493896	-36	32	1.18	23.552407	-1.425	-1.817	-0.932	-0.935
-286.915344	-308.329803	176.312927	285.342438	25.57128	7.406428	334.813995	-36	32	1.18	23.556911	-1.433	-1.837	-0.957	-0.944
-293.763824	-314.469513	177.216171	287.796265	26.107738	7.211522	335.134064	-36	32	1.18	23.575431	-1.426	-1.824	-0.936	-0.943
-288.17691	-310.334869	176.312927	286.744629	26.465378	7.211522	335.614197	-36	32	1.18	23.592683	-1.426	-1.833	-0.949	-0.941
-318.2742	-315.708649	173.603195	251.339722	-3.746469	6.82171	316.248779	-36	36	1.18	22.900931	-1.570	-1.810	-1.022	-1.034
-319.175323	-315.324799	174.867737	252.216095	-3.389663	6.626803	316.408813	-36	36	1.18	22.914062	-1.574	-1.808	-1.019	-1.032
-320.256653	-315.516724	174.687073	250.813904	-7.671343	6.82171	315.448547	-36	36	1.18	22.871299	-1.595	-1.826	-1.042	-1.047
-321.157776	-316.388184	173.422546	250.112823	-4.103275	6.431898	314.648315	-36	36	1.18	22.856087	-1.572	-1.800	-1.013	-1.033
-334.314056	-316.284393	162.764297	214.883194	-34.788639	6.431898	293.842468	-36	40	1.18	22.071171	-1.711	-1.828	-1.131	-1.142
-330.889832	-313.126465	162.583633	214.532654	-34.253426	6.042085	293.042267	-36	40	1.18	22.055407	-1.715	-1.834	-1.137	-1.140
-334.854706	-315.620728	161.499741	214.006836	-33.718216	6.042085	292.562134	-36	40	1.18	22.036951	-1.703	-1.817	-1.119	-1.136
-330.889832	-313.405609	159.693268	213.656296	-36.215862	6.042085	291.601868	-36	40	1.18	21.999992	-1.716	-1.843	-1.146	-1.148
-344.046112	-321.466248	148.673706	182.983719	-65.473999	5.847179	277.677948	-36	44	1.18	21.464625	-1.843	-1.887	-1.284	-1.267
-345.307678	-324.153137	146.867218	183.334274	-67.258034	6.042085	277.357849	-36	44	1.18	21.444282	-1.840	-1.897	-1.288	-1.274
-343.865875	-322.233917	148.673706	181.406281	-65.830803	5.847179	276.717682	-36	44	1.18	21.426679	-1.843	-1.885	-1.282	-1.268
-343.865875	-321.568604	147.409164	182.808456	-63.511562	5.847179	276.077515	-36	44	1.18	21.401344	-1.825	-1.874	-1.261	-1.258
167.871048	-336.53421	-311.833557	114.627731	-91.520874	5.067554	256.391968	-32	-44	1.18	20.639128	2.062	-1.939	-1.495	-1.415
166.968521	-334.61554	-310.209442	114.452461	-90.272041	5.457366	255.751816	-32	-44	1.18	20.596793	2.056	-1.934	-1.491	-1.412
166.427002	-334.807404	-309.848511	114.452461	-91.342468	4.872647	255.271652	-32	-44	1.18	20.601094	2.062	-1.945	-1.501	-1.417
166.427002	-334.231812	-310.849854	113.722412	-93.126503	4.677742	254.791519	-32	-44	1.18	20.589358	2.080	-1.953	-1.517	-1.426
179.423462	-311.870239	-297.21637	141.093765	-55.661816	5.067554	261.193329	-32	-40	1.18	20.835342	1.915	-1.820	-1.273	-1.244
177.979416	-310.824097	-294.689941	142.320679	-54.05619	5.067554	261.833496	-32	-40	1.18	20.861364	1.901	-1.822	-1.270	-1.238
178.701447	-312.934631	-296.855469	141.444321	-55.661816	5.067554	262.793793	-32	-40	1.18	20.900338	1.908	-1.823	-1.278	-1.244
181.770065	-313.893921	-296.59729	142.846481	-53.342575	5.652272	263.43396	-32	-40	1.18	20.902586	1.899	-1.813	-1.258	-1.234
197.654633	-299.120209	-291.26123	176.148132	-17.305119	5.652272	281.679077	-32	-36	1.18	21.629656	1.759	-1.710	-1.076	-1.083
198.196152	-300.655151	-292.163513	177.199768	-17.305119	6.042085	282.479279	-32	-36	1.18	21.64573	1.757	-1.712	-1.074	-1.084
198.737671	-301.122711	-294.432373	178.251389	-18.553942	6.042085	283.279541	-32	-36	1.18	21.677038	1.766	-1.717	-1.081	-1.088
201.264755	-302.082306	-298.040588	179.127747	-19.624359	6.236991	284.079742	-32	-36	1.18	21.700689	1.780	-1.716	-1.083	-1.092
212.997681	-281.084717	-286.388794	209.099228	18.060839	6.431898	298.643829	-32	-32	1.18	22.254763	1.655	-1.624	-0.930	-0.961
212.095154	-281.163025	-286.388794	211.027222	18.418478	6.042085	299.284027	-32	-32	1.18	22.293951	1.650	-1.629	-0.929	-0.959
211.914642	-281.084717	-285.306061	209.099228	18.418478	6.236991	299.76416	-32	-32	1.18	22.30479	1.649	-1.625	-0.933	-0.960
213.358688	-281.852203	-287.035461	209.099228	17.703199	6.431898	300.244293	-32	-32	1.18	22.315625	1.656	-1.625	-0.935	-0.963
220.03743	-263.049286	-272.132538	241.173965	54.182476	7.016615	313.528015	-32	-28	1.18	22.792781	1.530	-1.567	-0.806	-0.853
220.578979	-264.200439	-271.952087	240.648148	55.613033	6.626803	314.008148	-32	-28	1.18	22.825103	1.522	-1.560	-0.798	-0.849
221.481491	-261.203308	-270.79837	241.524506	56.328316	6.82171	314.488281	-32	-28	1.18	22.83569	1.527	-1.560	-0.801	-0.846
220.578979	-262.281799	-272.312988	241.349243	56.14949	6.82171	315.128479	-32	-28	1.18	22.859436	1.524	-1.557	-0.801	-0.847
221.662003	-251.031555	-245.72113	270.093811	88.158264	7.211522	328.252136	-32	-24	1.18	23.326737	1.389	-1.549	-0.713	-0.759
220.03743	-246.809296	-241.030411	272.02179	90.840569	7.016615	328.892334	-32	-24	1.18	23.357057	1.377	-1.550	-0.711	-0.750
220.398468	-249.11235	-243.014938	272.02179	89.767647	7.211522	329.692566	-32	-24	1.18	23.379009	1.380	-1.552	-0.714	-0.754
223.828079	-248.536591	-244.097397	273.774506	91.734673	7.016615	330.012634	-32	-24	1.18	23.397669	1.384	-1.545	-0.705	-0.749
212.817184	-238.748657	-205.489258	297.962006	118.200027	7.406428	339.135193	-32	-20	1.18	23.711856	1.229	-1.577	-0.649	-0.674
216.607819	-237.339127	-208.791321	296.559845	118.02121	7.211522	338.014893	-32	-20	1.18	23.67876	1.247	-1.565	-0.645	-0.675
213.539215	-233.885513	-201.933868	296.20929	119.630577	7.211522	336.734528	-32	-20	1.18	23.632892	1.231	-1.570	-0.643	-0.667
212.275665	-233.693649	-200.437729	294.631866	121.06115	7.016615	335.454163	-32	-20	1.18	23.593936	1.221	-1.563	-0.634	-0.663
181.048035	-204.913635	-142.886292	284.991913	130.538605	6.431898	310.807251	-32	-16	1.18	22.713222	1.064	-1.609	-0.592	-0.592
183.214111	-203.9543	-144.69043	285.692993	130.717422	6.626803	310.007019	-32	-16	1.18	22.676061	1.075	-1.605	-0.588	-0.593
183.214111	-206.448578	-146.314133	285.692993	129.108032	6.626803	309.366852	-32	-16	1.18	22.652124	1.079	-1.611	-0.590	-0.599
179.603973	-203.435364	-141.082184	284.290833	130.180969	6.626803	308.406586	-32	-16	1.18	22.61617	1.060	-1.613	-0.589	-0.591
156.138138	-186.110703	-95.437943	276.929413	137.154938	6.236991	290.96167	-32	-12	1.18	21.967799	0.905	-1.666	-0.553	-0.529
154.694077	-184.383911	-94.355469	274.650879	136.439667	6.431898	290.001434	-32	-12	1.18	21.923192	0.903	-1.664	-0.557	-0.529
153.611038	-181.505905	-90.747231	272.197052	136.439667	6.042085	288.881104	-32	-12	1.18	21.894935	0.897	-1.665	-0.559	-0.522
152.889023	-182.46524	-91.829704	274.826141	136.439667	6.236991	288.080872	-32	-12	1.18	21.856383	0.894	-1.671	-0.554	-0.524
127.437607	-169.849335	-52.680298	264.309845	135.187912	6.042085	273.036652	-32	-8	1.18	21.272827	0.731	-1.762	-0.559	-0.476
127.076591	-166.77861	-50.876179	266.237823	138.585495	5.652272	272.396484	-32	-8	1.18	21.262851	0.719	-1.750	-0.541	-0.463
127.076591	-168.458969	-51.958649	263.433472	135.903198	5.847179	271.756287	-32	-8	1.18	21.229541	0.727	-1.755	-0.552	-0.472
127.257088	-166.540298	-49.793709	264.485107	137.333755	5.847179	271.436188	-32	-8	1.18	21.216759	0.721	-1.756	-0.546	-0.464
101.083641	-168.842712	-14.974195	266.413116	141.088974	5.652272	269.995789	-32	-4	1.18	21.166952	0.498	-1.868	-0.553	-0.419
100.54213	-167.691498	-13.711311	265.186188	140.910156	5.847179	270.796021	-32	-4	1.18	21.191174	0.493	-1.869	-0.561	-0.417
101.805672	-168.842712	-13.170074	267.815277	142.877182	5.652272	271.596252	-32	-4	1.18	21.230932	0.492	-1.867	-0.550	-0.413
103.249725	-170.04126	-15.335019	269.042175	142.877182	5.847179	272.23642	-32	-4	1.18	21.248699	0.503	-1.864	-0.549	-0.418
85.01857	-177.668579	15.53576	287.621002	152.175827	6.431898	289.84137	-32	0	1.18	21.917004	0.298	-1.995	-0.590	-0.375
85.199074	-176.51738	19.329378	288.84787	155.752213	6.042085	290.161469	-32	0	1.18	21.944436	0.281	-1.986	-0.574	-0.361
83.75502	-178.101898	18.426136	290.600616	154.858124	6.236991	290.96167	-32	0	1.18	21.967799	0.278	-1.997	-0.580	-0.367
86.462616	-177.092972	18.606785	288.497345	154.142838	6.431898	291.761902	-32	0	1.18	21.991139	0.291	-1.995	-0.590	-0.367
59.206131	-189.041351	48.594433	302.168518	159.149796	6.431898	306.165955	-32	4	1.18	22.539384	0.046	-2.142	-0.641	-0.334
61.733223	-187.070038	49.858974	303.570709	162.368561	6.431898	306.806122	-32	4	1.18	22.563441	0.051	-2.124	-0.625	-0.325
60.289177	-190.907379	48.775082	306.199799	161.116821	6.431898	307.286255	-32	4	1.18	22.581467	0.050	-2.141	-0.630	-0.334
61.552723	-188.029373	50.220272	305.673981	162.547379	6.431898	308.086487	-32	4	1.18	22.611479	0.049	-2.133	-0.629	-0.325
28.520025	-198.96579	84.543488	319.520447	165.944946	6.82171	322.010406	-32	8	1.18	23.113159	-0.223	-2.064	-0.621	-0.366
26.89547	-202.99498	82.014404	320.046265	164.87204	6.82171	322.330505	-32	8	1.18	23.124893	-0.218	-2.068	-0.623	-0.375
29.964081	-200.692581	83.278946	318.819366	165.050858	6.82171	323.130707	-32	8	1.18	23.154199	-0.213	-2.075	-0.631	-0.368
29.783573	-202.035645	83.278946	321.0979	165.229675	7.016615	323.770874	-32	8	1.18	23.170491	-0.213	-2.081	-0.631	-0.371
-12.79585	-206.064835	119.769943	329.686218	166.481415	7.211522	335.294128	-32	12	1.18	23.581184	-0.480	-1.942	-0.612	-0.423
-13.516741	-207.216049	120.853836	330.913116	166.481415	7.406428	335.934326	-32	12	1.18	23.597181	-0.485	-1.944	-0.612	-0.425
-14.233912	-206.832306	121.937729	332.315308	168.984894	7.016615	336.414429	-32	12	1.18	23.628402	-0.487	-1.929	-0.599	-0.421
-13.152854	-209.13472	118.866707	331.964752	166.123764	7.406428	336.894562	-32	12	1.18	23.631641	-0.476	-1.952	-0.616	-0.428
-55.508751	-197.622711	139.641281	312.509583	150.566437	6.626803	321.05011	-32	16	1.18	23.085079	-0.704	-1.841	-0.615	-0.481
-54.427414	-195.566635	141.447754	311.983765	152.354645	6.82171	320.089874	-32	16	1.18	23.042634	-0.706	-1.830	-0.605	-0.475
-57.491207	-197.102005	140.905823	312.159027	150.387619	6.626803	319.129578	-32	16	1.18	23.014468	-0.714	-1.834	-0.608	-0.482
-56.049419	-197.430847	139.82193	310.055756	149.672333	6.82171	318.329376	-32	16	1.18	22.977795	-0.709	-1.836	-0.610	-0.483
-96.419418	-189.180573	151.564072	285.692993	129.286865	6.626803	300.404327	-32	20	1.18	22.314301	-0.911	-1.745	-0.629	-0.549
-95.15786	-186.878174	153.912521	286.569336	130.180969	6.431898	299.924194	-32	20	1.18	22.303466	-0.918	-1.746	-0.626	-0.544
-97.500755	-186.878174	153.37056	285.692993	130.717422	6.626803	299.123993	-32	20	1.18	22.265623	-0.919	-1.732	-0.617	-0.545
-92.995171	-185.918839	151.564072	285.342438	130.538605	6.431898	298.483795	-32	20	1.18	22.248668	-0.906	-1.745	-0.622	-0.540
-128.318939	-186.302567	156.622238	258.000031	105.324982	6.042085	280.078613	-32	24	1.18	21.551536	-1.085	-1.692	-0.665	-0.622
-129.039825	-188.60498	155.357697	259.051697	104.609703	6.042085	279.758545	-32	24	1.18	21.538946	-1.080	-1.699	-0.665	-0.626
-126.877144	-185.151367	156.441589	258.525879	104.788528	6.042085	279.118347	-32	24	1.18	21.513743	-1.086	-1.701	-0.668	-0.621
-128.499146	-185.53511	156.441589	257.474243	104.967346	5.847179	278.47818	-32	24	1.18	21.496196	-1.088	-1.691	-0.662	-0.622
-160.536896	-194.360977	159.151306	235.915817	80.469009	5.652272	265.834625	-32	28	1.18	20.999691	-1.239	-1.668	-0.719	-0.710
-160.578888	-193.401642	160.777145	235.039459	82.25721	5.652272	265.514557	-32	28	1.18	20.98677	-1.240	-1.653	-0.707	-0.705
-159.677765	-192.250443	159.512604	233.987823	82.614845	5.652272	265.034424	-32	28	1.18	20.967373	-1.234	-1.648	-0.705	-0.702
-161.299774	-194.744705	156.622238	232.936172	79.574913	5.457366	264.394226	-32	28	1.18	20.949368	-1.234	-1.660	-0.717	-0.712
-209.058929	-229.088852	175.229034	233.46199	62.229366	6.042085	279.438446	-32	32	1.18	21.526348	-1.366	-1.644	-0.772	-0.800
-208.46373	-228.513245	175.590332	234.163101	62.587013	6.042085	280.238678	-32	32	1.18	21.557829	-1.366	-1.646	-0.774	-0.799
-212.48317	-232.350586	176.312927	234.864197	59.725891	6.236991	280.878876	-32	32	1.18	21.575326	-1.378	-1.656	-0.784	-0.810
-209.239151	-229.856308	176.493561	234.513641	62.408192	6.236991	281.358978	-32	32	1.18	21.594176	-1.368	-1.647	-0.777	-0.801
-261.435516	-269.839722	191.66803	230.131836	36.836937	6.431898	296.723297	-32	36	1.18	22.181509	-1.498	-1.653	-0.859	-0.899
-261.684113	-268.805237	191.66803	230.307114	38.625137	6.236991	297.20343	-32	36	1.18	22.207284	-1.492	-1.643	-0.851	-0.893
-264.387451	-272.066986	193.113235	232.585632	36.836937	6.236991	298.003662	-32	36	1.18	22.2378	-1.500	-1.654	-0.856	-0.900
-262.404999	-269.956451	193.474533	233.286728	38.803955	6.236991	298.643829	-32	36	1.18	22.262183	-1.495	-1.650	-0.852	-0.893
-318.454437	-311.015961	205.939285	223.296234	6.795182	6.626803	313.367981	-32	40	1.18	22.801322	-1.631	-1.662	-0.953	-0.999
-318.81485	-310.910645	205.397324	222.244598	4.112882	6.431898	314.008148	-32	40	1.18	22.832339	-1.643	-1.671	-0.972	-1.007
-320.076416	-311.975281	205.21669	221.718796	3.576422	6.626803	314.488281	-32	40	1.18	22.842923	-1.644	-1.670	-0.973	-1.010
-324.762238	-316.388184	205.21669	224.172607	3.039962	6.82171	315.128479	-32	40	1.18	22.859436	-1.638	-1.670	-0.964	-1.012
-374.864288	-365.889801	208.829651	205.593796	-42.103168	6.82171	328.41217	-32	44	1.18	23.346704	-1.778	-1.741	-1.129	-1.149
-373.602722	-367.143219	208.829651	206.995956	-41.924767	7.211522	328.732269	-32	44	1.18	23.344173	-1.773	-1.748	-1.129	-1.150
-376.666504	-365.99173	210.997437	208.047592	-38.713509	6.82171	329.052368	-32	44	1.18	23.36993	-1.767	-1.726	-1.106	-1.137
-377.026978	-366.567474	208.649002	208.22287	-41.746365	6.82171	329.532501	-32	44	1.18	23.387335	-1.775	-1.742	-1.125	-1.147
240.434677	-398.042389	-384.457947	125.669861	-95.267334	7.016615	326.171539	-28	-44	1.18	23.258129	2.111	-1.769	-1.424	-1.346
240.976196	-397.850464	-386.262054	125.494583	-96.872971	7.211522	325.211304	-28	-44	1.18	23.216001	2.125	-1.773	-1.430	-1.353
240.79567	-396.780365	-384.638367	125.494583	-96.694565	7.016615	324.251038	-28	-44	1.18	23.188046	2.127	-1.776	-1.432	-1.353
239.351639	-393.326752	-380.04715	126.546204	-92.056084	7.016615	323.130707	-28	-44	1.18	23.147065	2.102	-1.764	-1.409	-1.336
232.672897	-335.57489	-329.251862	148.630463	-40.675945	6.431898	304.085358	-28	-40	1.18	22.46102	1.926	-1.660	-1.182	-1.161
233.394913	-331.062256	-324.921967	149.156265	-38.713509	6.626803	303.125092	-28	-40	1.18	22.417392	1.930	-1.660	-1.182	-1.157
231.048325	-330.486511	-324.741577	148.630463	-38.713509	6.431898	302.164825	-28	-40	1.18	22.388441	1.924	-1.658	-1.180	-1.156
232.311874	-331.161926	-325.643616	147.578827	-40.675945	6.431898	300.88446	-28	-40	1.18	22.339923	1.939	-1.664	-1.187	-1.164
222.203506	-276.671783	-277.654022	165.456558	5.006982	5.847179	283.599609	-28	-36	1.18	21.697162	1.771	-1.567	-0.987	-1.003
220.939957	-275.21347	-274.767456	163.879105	5.364622	6.236991	283.279541	-28	-36	1.18	21.669417	1.768	-1.566	-0.991	-1.003
220.398468	-272.334686	-273.143738	166.858719	6.795182	6.042085	282.319244	-28	-36	1.18	21.639463	1.766	-1.571	-0.986	-0.997
221.842529	-274.445801	-275.128265	163.703827	4.291702	6.042085	281.679077	-28	-36	1.18	21.614378	1.781	-1.570	-0.994	-1.006
211.553635	-223.908447	-231.829407	180.529922	44.168556	5.652272	269.035522	-28	-32	1.18	21.128471	1.630	-1.487	-0.827	-0.858
211.914642	-225.443375	-233.994339	179.828842	41.486256	5.847179	268.555389	-28	-32	1.18	21.101378	1.644	-1.494	-0.837	-0.869
212.095154	-225.443375	-232.370636	178.251389	42.916817	5.652272	268.075256	-28	-32	1.18	21.089919	1.635	-1.485	-0.828	-0.863
210.470596	-224.484039	-231.649002	177.900848	43.095638	5.652272	267.595123	-28	-32	1.18	21.070617	1.630	-1.484	-0.828	-0.862
214.26123	-197.814575	-208.01503	201.913086	77.250252	5.847179	273.996918	-28	-28	1.18	21.318797	1.507	-1.427	-0.702	-0.745
213.719711	-196.85524	-207.293381	202.964722	77.96553	6.042085	274.79715	-28	-28	1.18	21.342846	1.503	-1.428	-0.703	-0.743
214.983261	-196.663376	-207.83461	204.717438	78.680809	5.847179	275.277283	-28	-28	1.18	21.369633	1.505	-1.429	-0.700	-0.741
216.246796	-199.92511	-209.999557	204.016342	77.786713	6.042085	276.077515	-28	-28	1.18	21.393625	1.508	-1.429	-0.701	-0.746
222.745041	-180.930298	-188.169708	232.936172	111.94133	6.042085	292.562134	-28	-24	1.18	22.036951	1.386	-1.396	-0.609	-0.643
221.842529	-180.354706	-185.643951	233.11145	113.193069	6.236991	293.202301	-28	-24	1.18	22.054067	1.376	-1.396	-0.608	-0.639
222.564529	-179.779099	-186.004761	234.688919	114.444801	6.042085	294.002533	-28	-24	1.18	22.092274	1.374	-1.394	-0.604	-0.635
223.106049	-179.779099	-186.185181	235.74054	114.981262	6.042085	294.322601	-28	-24	1.18	22.104548	1.374	-1.395	-0.602	-0.634
224.189102	-167.115906	-156.59761	263.95929	147.347672	6.626803	308.886719	-28	-20	1.18	22.634154	1.232	-1.394	-0.522	-0.545
221.662003	-165.964706	-154.613083	264.134552	149.13588	6.626803	309.366852	-28	-20	1.18	22.652124	1.216	-1.390	-0.518	-0.539
224.189102	-169.993912	-159.664612	262.381836	146.095947	6.626803	310.007019	-28	-20	1.18	22.676061	1.235	-1.391	-0.527	-0.551
224.369583	-167.30777	-157.13884	264.6604	148.420609	6.626803	310.647217	-28	-20	1.18	22.699974	1.228	-1.391	-0.522	-0.544
216.607819	-169.610168	-119.793564	288.497345	173.634216	6.82171	322.810608	-28	-16	1.18	23.14248	1.057	-1.439	-0.469	-0.476
215.705307	-167.691498	-115.824501	288.322052	175.780045	6.82171	323.290741	-28	-16	1.18	23.160056	1.044	-1.436	-0.465	-0.468
217.871368	-168.650833	-118.530678	290.074768	175.243591	6.82171	323.770874	-28	-16	1.18	23.177618	1.055	-1.439	-0.466	-0.472
217.510345	-166.540298	-114.200798	291.827484	178.462341	7.016615	323.930939	-28	-16	1.18	23.176344	1.040	-1.438	-0.456	-0.462
204.874893	-165.389099	-68.556557	312.860107	204.570068	7.211522	335.294128	-28	-12	1.18	23.581184	0.850	-1.487	-0.407	-0.386
205.77742	-169.802032	-71.80397	313.210663	201.530136	7.211522	335.934326	-28	-12	1.18	23.60418	0.861	-1.498	-0.417	-0.397
206.679962	-168.075241	-73.608093	313.385925	203.139511	7.211522	336.414429	-28	-12	1.18	23.621411	0.865	-1.486	-0.411	-0.395
207.943512	-166.732178	-71.623558	313.911743	205.285355	7.406428	336.894562	-28	-12	1.18	23.631641	0.862	-1.481	-0.406	-0.390
172.925247	-154.452698	-20.02573	307.076141	206.358261	6.626803	320.249908	-28	-8	1.18	23.055685	0.657	-1.572	-0.388	-0.320
173.28624	-156.563232	-23.092735	305.673981	203.497147	6.82171	319.609741	-28	-8	1.18	23.024969	0.669	-1.576	-0.396	-0.329
173.28624	-153.301514	-22.551498	303.570709	204.212433	7.016615	318.969543	-28	-8	1.18	22.994212	0.670	-1.564	-0.393	-0.325
172.564224	-153.301514	-21.649439	302.694336	203.675964	6.82171	318.169312	-28	-8	1.18	22.971891	0.667	-1.566	-0.393	-0.324
138.087479	-141.213898	19.329378	285.342438	195.271439	6.431898	295.923065	-28	-4	1.18	22.150915	0.464	-1.665	-0.393	-0.263
136.282425	-143.516296	19.148729	287.095154	194.556152	6.236991	294.802765	-28	-4	1.18	22.115481	0.456	-1.677	-0.390	-0.266
137.906967	-140.63829	19.329378	286.744629	195.807892	6.431898	294.322601	-28	-4	1.18	22.089599	0.462	-1.666	-0.384	-0.262
137.184952	-143.324432	16.980947	285.342438	192.946777	6.431898	293.682434	-28	-4	1.18	22.065025	0.469	-1.674	-0.393	-0.272
109.206444	-130.661224	50.58157	274.826141	189.549194	6.042085	279.118347	-28	0	1.18	21.513743	0.255	-1.766	-0.390	-0.201
107.76239	-128.358841	51.665459	273.073425	190.800934	5.847179	278.47818	-28	0	1.18	21.496196	0.245	-1.752	-0.383	-0.193
108.484413	-129.510025	50.762218	270.970154	187.760986	5.457366	277.837982	-28	0	1.18	21.486323	0.254	-1.763	-0.397	-0.197
108.664909	-129.701889	50.762218	272.72287	188.65509	6.431898	277.517914	-28	0	1.18	21.435201	0.254	-1.764	-0.390	-0.201
79.603371	-123.9459	74.246521	259.92804	178.283524	5.457366	264.714325	-28	4	1.18	20.962313	0.026	-1.890	-0.425	-0.149
77.978813	-121.835365	74.788467	257.474243	178.462341	5.847179	263.754028	-28	4	1.18	20.907661	0.016	-1.878	-0.422	-0.145
79.061852	-122.219093	74.607819	259.402222	178.462341	5.652272	263.113861	-28	4	1.18	20.889604	0.022	-1.887	-0.419	-0.146
79.964386	-121.067894	74.065872	258.000031	178.283524	5.652272	262.793793	-28	4	1.18	20.876615	0.029	-1.879	-0.419	-0.144
53.971447	-133.53923	103.150284	273.248688	185.257523	6.042085	279.118347	-28	8	1.18	21.513743	-0.219	-1.808	-0.417	-0.204
51.985874	-133.347351	104.595467	273.599243	184.184586	6.042085	279.438446	-28	8	1.18	21.526348	-0.234	-1.810	-0.424	-0.208
54.69347	-133.155487	104.595467	274.826141	185.615158	5.847179	280.398712	-28	8	1.18	21.571778	-0.222	-1.814	-0.422	-0.200
54.512962	-132.579895	105.679359	273.774506	186.866898	6.042085	281.198944	-28	8	1.18	21.595545	-0.226	-1.799	-0.418	-0.200
18.05065	-139.67897	140.363861	289.023163	193.125595	6.236991	298.003662	-28	12	1.18	22.2378	-0.482	-1.688	-0.413	-0.264
21.841288	-142.365097	138.015442	290.600616	192.946777	6.431898	298.643829	-28	12	1.18	22.254763	-0.459	-1.710	-0.417	-0.263
20.758247	-142.365097	138.196091	290.074768	191.158569	6.431898	299.444061	-28	12	1.18	22.285215	-0.466	-1.716	-0.430	-0.267
21.841288	-141.213898	137.654144	290.074768	192.76796	6.236991	300.084229	-28	12	1.18	22.316948	-0.459	-1.708	-0.425	-0.261
-18.382767	-151.958435	169.086975	302.343811	191.337387	6.626803	314.80835	-28	16	1.18	22.854794	-0.678	-1.643	-0.447	-0.332
-18.382767	-148.696701	169.990219	301.467468	193.483231	6.82171	315.288513	-28	16	1.18	22.865369	-0.680	-1.625	-0.440	-0.326
-21.987234	-151.574707	170.351517	301.642731	191.337387	6.626803	315.608612	-28	16	1.18	22.884449	-0.692	-1.630	-0.447	-0.336
-21.987234	-151.574707	170.532181	303.921265	193.483231	6.82171	315.92868	-28	16	1.18	22.889083	-0.687	-1.625	-0.437	-0.334
-68.124374	-160.976166	198.171387	306.725616	186.509247	6.626803	328.092102	-28	20	1.18	23.34216	-0.885	-1.554	-0.470	-0.403
-69.926605	-160.208694	199.25528	306.550323	187.224533	6.82171	328.732269	-28	20	1.18	23.35832	-0.890	-1.544	-0.468	-0.403
-68.845268	-162.127365	199.074631	307.952515	187.403351	6.82171	329.052368	-28	20	1.18	23.36993	-0.885	-1.552	-0.468	-0.404
-67.926384	-162.319229	198.893982	309.179413	186.68808	7.211522	329.692566	-28	20	1.18	23.379009	-0.884	-1.562	-0.474	-0.405
-120.929771	-174.790573	220.571808	300.94162	173.276581	7.016615	334.493896	-28	24	1.18	23.55942	-1.063	-1.481	-0.502	-0.482
-115.853226	-171.528839	219.668564	300.766357	174.349487	7.016615	333.213531	-28	24	1.18	23.513319	-1.055	-1.485	-0.500	-0.474
-119.127548	-174.214981	218.223373	299.188904	172.024826	7.601334	332.4133	-28	24	1.18	23.463349	-1.059	-1.485	-0.503	-0.484
-120.208885	-174.598709	218.765305	299.714752	172.024826	7.211522	331.132965	-28	24	1.18	23.431163	-1.061	-1.485	-0.498	-0.484
-158.776657	-182.273376	212.081314	263.258179	133.936188	6.431898	306.646088	-28	28	1.18	22.55743	-1.218	-1.463	-0.567	-0.581
-153.910629	-179.011627	210.816788	262.557129	135.72438	6.431898	305.845856	-28	28	1.18	22.527346	-1.207	-1.461	-0.563	-0.572
-155.532639	-179.587234	211.178085	262.907684	135.009094	6.431898	304.88559	-28	28	1.18	22.491192	-1.212	-1.462	-0.561	-0.575
-155.352417	-179.587234	209.552246	260.62912	133.220901	6.626803	304.245422	-28	28	1.18	22.459705	-1.214	-1.464	-0.569	-0.579
-187.612366	-200.308853	206.842514	234.338364	101.03331	6.042085	287.600739	-28	32	1.18	21.845321	-1.337	-1.473	-0.632	-0.678
-187.612366	-199.157654	205.939285	231.183487	99.24511	6.042085	287.120605	-28	32	1.18	21.826687	-1.345	-1.471	-0.642	-0.681
-187.972809	-198.96579	204.855392	230.482391	98.351006	6.042085	286.480408	-28	32	1.18	21.801816	-1.346	-1.472	-0.645	-0.684
-186.711243	-196.85524	205.397324	230.307114	99.602745	5.847179	285.84024	-28	32	1.18	21.784502	-1.346	-1.466	-0.639	-0.678
-213.924942	-222.757248	199.616577	205.067963	64.554031	5.847179	272.876617	-28	36	1.18	21.274216	-1.462	-1.512	-0.736	-0.792
-213.744736	-222.373505	198.171387	204.016342	64.911674	6.042085	272.396484	-28	36	1.18	21.247309	-1.456	-1.507	-0.733	-0.792
-212.663406	-219.687378	197.62944	202.438889	65.984589	6.042085	271.916351	-28	36	1.18	21.22815	-1.454	-1.496	-0.730	-0.788
-213.023834	-220.646713	198.352036	202.088364	65.448135	5.847179	271.436188	-28	36	1.18	21.216759	-1.457	-1.498	-0.730	-0.789
-249.248703	-255.758331	198.171387	185.08699	29.326498	5.652272	272.23642	-28	40	1.18	21.25647	-1.588	-1.564	-0.862	-0.916
-248.347595	-254.607132	199.25528	184.73645	28.790039	5.652272	273.036652	-28	40	1.18	21.28835	-1.597	-1.568	-0.871	-0.917
-249.248703	-255.950195	199.977875	187.716064	32.36644	5.652272	273.996918	-28	40	1.18	21.326543	-1.576	-1.557	-0.848	-0.906
-250.690475	-256.333923	201.603714	187.014984	31.293518	5.652272	274.637115	-28	40	1.18	21.351967	-1.588	-1.557	-0.854	-0.910
-301.152985	-309.864746	213.165207	175.096497	-9.098568	6.042085	292.722168	-28	44	1.18	22.043104	-1.735	-1.636	-1.018	-1.051
-305.038116	-312.742737	212.081314	174.570694	-11.417809	6.236991	293.202301	-28	44	1.18	22.054067	-1.738	-1.638	-1.024	-1.059
-302.155304	-310.824097	211.539383	175.447052	-8.563356	6.236991	293.842468	-28	44	1.18	22.078652	-1.724	-1.632	-1.015	-1.050
-304.937683	-311.783417	212.261978	175.972855	-8.206551	6.042085	294.642731	-28	44	1.18	22.116818	-1.723	-1.625	-1.009	-1.047
255.958237	-348.046234	-355.050781	99.729637	-79.211052	6.626803	315.608612	-24	-44	1.18	22.884449	2.244	-1.644	-1.450	-1.315
256.680267	-353.03476	-359.561066	98.678001	-81.887093	6.626803	315.92868	-24	-44	1.18	22.896298	2.246	-1.646	-1.450	-1.323
256.499756	-353.99408	-360.282715	97.976913	-82.243912	6.82171	316.728912	-24	-44	1.18	22.918692	2.244	-1.644	-1.451	-1.324
258.124298	-354.569702	-360.463135	100.781258	-80.995079	6.626803	317.209045	-24	-44	1.18	22.943639	2.237	-1.647	-1.440	-1.317
275.091919	-320.993011	-339.715759	138.464691	-24.976456	6.626803	329.052368	-24	-40	1.18	23.376998	2.013	-1.505	-1.159	-1.103
275.994446	-321.952332	-340.798248	139.516327	-25.333265	6.82171	329.532501	-24	-40	1.18	23.387335	2.015	-1.508	-1.160	-1.105
278.521545	-325.789673	-344.226074	140.217407	-26.046877	7.016615	329.8526	-24	-40	1.18	23.391872	2.016	-1.508	-1.152	-1.107
278.160553	-325.405945	-342.963196	140.567963	-23.549231	6.82171	330.332733	-24	-40	1.18	23.416314	2.000	-1.500	-1.139	-1.098
281.229156	-284.346466	-308.504486	172.6427	27.895939	7.211522	333.373596	-24	-36	1.18	23.512062	1.818	-1.409	-0.942	-0.936
283.756256	-282.427795	-307.602448	174.220139	30.399418	6.82171	331.933197	-24	-36	1.18	23.474165	1.817	-1.403	-0.927	-0.928
282.492706	-281.852203	-306.700378	173.168503	29.862959	7.016615	330.9729	-24	-36	1.18	23.432424	1.818	-1.404	-0.929	-0.930
281.951172	-279.549805	-305.07666	172.292145	29.862959	7.211522	329.692566	-24	-36	1.18	23.379009	1.822	-1.402	-0.931	-0.930
262.636963	-221.797913	-247.344833	188.241882	71.885651	6.431898	305.845856	-24	-32	1.18	22.527346	1.664	-1.338	-0.763	-0.786
262.27597	-219.303635	-244.999481	186.664429	72.779747	6.431898	304.88559	-24	-32	1.18	22.491192	1.664	-1.331	-0.761	-0.782
261.012421	-220.26297	-245.72113	186.839706	71.170372	6.82171	304.245422	-24	-32	1.18	22.452349	1.666	-1.338	-0.766	-0.788
259.748871	-218.728043	-243.736588	187.190247	72.064468	6.626803	303.44516	-24	-32	1.18	22.429489	1.660	-1.338	-0.763	-0.784
244.947342	-170.569504	-195.02536	198.407654	105.682625	6.431898	287.760803	-24	-28	1.18	21.836407	1.525	-1.279	-0.631	-0.656
242.600769	-167.691498	-192.138779	199.985092	107.292007	6.236991	287.120605	-24	-28	1.18	21.819118	1.514	-1.280	-0.626	-0.648
242.600769	-167.691498	-192.319183	198.232376	106.397903	6.431898	286.640472	-24	-28	1.18	21.792884	1.519	-1.278	-0.629	-0.651
243.683792	-170.185776	-194.484131	198.758179	104.430885	6.236991	286.000305	-24	-28	1.18	21.775562	1.528	-1.287	-0.633	-0.658
225.091614	-124.905228	-147.035767	207.697052	132.863266	6.042085	272.716553	-24	-24	1.18	21.260071	1.384	-1.237	-0.520	-0.528
224.55011	-127.399498	-148.659485	206.470154	131.432693	5.847179	272.396484	-24	-24	1.18	21.255082	1.385	-1.239	-0.523	-0.534
223.106049	-129.318161	-148.118256	205.769058	130.180969	5.847179	271.596252	-24	-24	1.18	21.223152	1.381	-1.246	-0.526	-0.538
222.925552	-127.783234	-148.29866	204.8927	129.823334	5.847179	270.796021	-24	-24	1.18	21.191174	1.386	-1.242	-0.526	-0.537
215.163757	-101.49749	-108.788429	223.296234	159.328613	5.847179	273.996918	-24	-20	1.18	21.318797	1.225	-1.228	-0.434	-0.420
215.52478	-103.224297	-108.066788	223.296234	158.613342	6.042085	274.156982	-24	-20	1.18	21.317411	1.225	-1.236	-0.437	-0.423
215.705307	-104.567352	-110.231735	225.048965	158.434525	5.847179	274.637115	-24	-20	1.18	21.344231	1.226	-1.240	-0.437	-0.426
215.52478	-103.608025	-110.051323	224.172607	158.79216	6.042085	275.117218	-24	-20	1.18	21.355551	1.226	-1.234	-0.438	-0.425
218.05188	-101.49749	-76.133858	254.494614	191.51622	6.236991	294.162567	-24	-16	1.18	22.090936	1.049	-1.270	-0.366	-0.339
218.593369	-101.49749	-74.510147	254.494614	191.695038	6.236991	294.802765	-24	-16	1.18	22.115481	1.048	-1.273	-0.369	-0.337
218.77388	-103.416161	-75.412209	255.546249	191.873856	6.431898	295.442932	-24	-16	1.18	22.132538	1.046	-1.276	-0.368	-0.341
220.398468	-100.730026	-76.133858	254.669876	192.052673	6.626803	296.403198	-24	-16	1.18	22.161824	1.057	-1.267	-0.372	-0.339
213.178192	-106.10228	-31.93292	283.063904	223.167358	6.82171	311.767517	-24	-12	1.18	22.734496	0.839	-1.332	-0.303	-0.260
210.831604	-106.294151	-29.587564	281.661743	222.63089	6.626803	312.087616	-24	-12	1.18	22.753685	0.827	-1.335	-0.308	-0.257
213.539215	-103.799896	-30.489624	281.486481	224.240265	6.431898	312.567719	-24	-12	1.18	22.778812	0.837	-1.322	-0.303	-0.253
214.080719	-105.718552	-33.195805	283.239197	223.524994	6.626803	313.207947	-24	-12	1.18	22.795374	0.844	-1.328	-0.306	-0.260
198.557159	-108.788422	12.826034	302.694336	245.341019	7.016615	325.371338	-24	-8	1.18	23.228954	0.633	-1.403	-0.273	-0.187
200.54274	-107.637215	13.187329	303.395447	245.698654	7.211522	326.011505	-24	-8	1.18	23.245192	0.640	-1.403	-0.274	-0.186
199.27919	-109.555885	13.729275	304.447052	246.235107	7.016615	326.651703	-24	-8	1.18	23.275618	0.631	-1.407	-0.273	-0.187
199.640213	-110.898956	13.367978	304.9729	245.877472	7.016615	326.971802	-24	-8	1.18	23.28727	0.632	-1.411	-0.275	-0.189
180.326004	-118.38176	55.459076	322.850616	262.507721	7.211522	339.455292	-24	-4	1.18	23.730256	0.425	-1.501	-0.262	-0.132
180.326004	-115.503754	55.639725	320.572083	261.971283	7.211522	339.455292	-24	-4	1.18	23.730256	0.427	-1.494	-0.265	-0.127
183.0336	-115.31189	53.833244	319.69574	261.256012	7.211522	338.65506	-24	-4	1.18	23.701661	0.442	-1.490	-0.265	-0.130
180.506516	-116.846825	54.555832	319.69574	261.256012	7.016615	337.694794	-24	-4	1.18	23.67428	0.431	-1.493	-0.261	-0.131
143.322174	-106.677887	83.820892	299.714752	244.625748	7.016615	311.767517	-24	0	1.18	22.72723	0.232	-1.587	-0.262	-0.072
141.517105	-104.567352	83.820892	294.631866	242.837524	6.626803	310.487183	-24	0	1.18	22.693999	0.228	-1.577	-0.267	-0.067
141.517105	-104.95108	83.820892	296.034027	243.373993	6.626803	309.68692	-24	0	1.18	22.664095	0.227	-1.579	-0.261	-0.068
141.156097	-103.032425	83.640244	293.404938	243.016342	6.626803	308.886719	-24	0	1.18	22.634154	0.228	-1.569	-0.261	-0.065
108.123398	-98.235756	106.763245	280.7854	231.571884	6.236991	291.121735	-24	4	1.18	21.973973	0.006	-1.667	-0.262	-0.009
108.664909	-94.974022	107.847137	277.805756	230.856613	6.236991	290.641602	-24	4	1.18	21.955448	0.004	-1.661	-0.266	0.001
107.220863	-97.084557	107.305199	278.857391	229.783707	6.236991	290.161469	-24	4	1.18	21.936908	0.000	-1.673	-0.269	-0.005
105.776817	-97.084557	106.943901	276.75415	228.353119	6.236991	289.681305	-24	4	1.18	21.91835	-0.005	-1.669	-0.274	-0.008
76.173744	-90.944817	128.079773	263.784027	216.372192	6.042085	276.237549	-24	8	1.18	21.399963	-0.232	-1.585	-0.268	-0.060
74.549187	-94.398422	126.995888	264.835663	214.226349	6.042085	275.437317	-24	8	1.18	21.36825	-0.234	-1.603	-0.273	-0.071
73.285645	-93.055351	126.63459	262.557129	214.226349	6.042085	275.117218	-24	8	1.18	21.355551	-0.238	-1.587	-0.272	-0.071
73.105133	-94.014687	126.815231	263.258179	212.974609	5.847179	274.79715	-24	8	1.18	21.350584	-0.240	-1.599	-0.277	-0.073
41.697002	-88.834282	146.686569	253.793533	202.066589	5.652272	268.235291	-24	12	1.18	21.096349	-0.465	-1.519	-0.293	-0.130
42.780041	-87.107483	148.673706	255.721527	204.748886	5.847179	269.035522	-24	12	1.18	21.120652	-0.467	-1.511	-0.283	-0.123
43.502068	-86.723747	149.396301	255.896805	205.464172	6.042085	269.835754	-24	12	1.18	21.144926	-0.466	-1.509	-0.283	-0.122
43.502068	-87.874947	149.215637	256.247314	205.285355	5.652272	270.475922	-24	12	1.18	21.186166	-0.465	-1.513	-0.287	-0.122
11.913428	-94.590286	178.480698	268.341095	208.86174	6.042085	288.881104	-24	16	1.18	21.894935	-0.666	-1.451	-0.320	-0.189
8.844818	-94.014687	180.467834	269.743256	210.47113	6.236991	289.361237	-24	16	1.18	21.905972	-0.678	-1.437	-0.312	-0.193
11.552415	-93.055351	182.093674	271.320709	213.511078	6.236991	290.321503	-24	16	1.18	21.943089	-0.671	-1.433	-0.302	-0.185
11.010896	-94.590286	181.009781	271.495972	212.259323	6.431898	291.121735	-24	16	1.18	21.966456	-0.669	-1.441	-0.310	-0.190
-32.800629	-100.538162	212.623276	279.207916	212.616959	6.236991	307.446289	-24	20	1.18	22.594783	-0.879	-1.360	-0.340	-0.261
-32.620403	-103.032425	212.261978	280.434845	211.007584	6.626803	308.406586	-24	20	1.18	22.61617	-0.878	-1.375	-0.349	-0.267
-32.800629	-103.416161	212.803909	281.135925	210.649948	6.82171	308.726685	-24	20	1.18	22.620861	-0.881	-1.380	-0.352	-0.269
-34.963306	-102.840561	214.068451	280.434845	212.080505	6.431898	309.526886	-24	20	1.18	22.6654	-0.886	-1.364	-0.347	-0.268
-85.245583	-118.38176	238.817291	280.610107	201.887772	7.016615	321.530243	-24	24	1.18	23.088395	-1.067	-1.314	-0.394	-0.358
-83.781883	-118.957359	237.552765	280.610107	200.81485	7.016615	322.170441	-24	24	1.18	23.111881	-1.063	-1.322	-0.402	-0.359
-84.682762	-117.80616	238.456009	279.909027	202.424225	7.016615	322.49054	-24	24	1.18	23.123615	-1.064	-1.310	-0.395	-0.357
-84.885132	-120.108559	240.081833	282.888641	203.318329	6.626803	323.290741	-24	24	1.18	23.167187	-1.063	-1.318	-0.392	-0.357
-140.537354	-152.534042	259.049927	278.857391	184.005768	7.406428	335.774261	-24	28	1.18	23.591432	-1.209	-1.305	-0.459	-0.466
-139.276123	-152.150299	258.869263	278.156311	184.005768	7.016615	336.09436	-24	28	1.18	23.61692	-1.208	-1.305	-0.461	-0.463
-141.438232	-152.150299	259.411224	276.929413	182.754044	7.406428	336.734528	-24	28	1.18	23.625901	-1.216	-1.302	-0.467	-0.468
-142.917007	-154.068954	258.688629	278.331573	182.217575	7.211522	337.374695	-24	28	1.18	23.655837	-1.214	-1.307	-0.469	-0.471
-181.797684	-182.657104	254.353088	245.380478	146.095947	6.82171	319.129578	-24	32	1.18	23.007289	-1.328	-1.304	-0.527	-0.576
-182.025452	-183.61644	250.740097	243.101959	140.731339	6.626803	317.849243	-24	32	1.18	22.967274	-1.338	-1.319	-0.547	-0.586
-180.536453	-180.54657	251.643341	242.225586	143.234818	6.82171	316.888947	-24	32	1.18	22.924609	-1.335	-1.306	-0.536	-0.579
-178.73468	-179.587234	249.836868	240.648148	141.625443	7.016615	315.768646	-24	32	1.18	22.875938	-1.336	-1.310	-0.543	-0.580
-209.419357	-206.640442	239.178604	210.326126	98.529823	6.236991	296.403198	-24	36	1.18	22.176725	-1.463	-1.360	-0.645	-0.699
-204.553345	-200.116989	236.649536	206.995956	100.139206	6.236991	295.442932	-24	36	1.18	22.139999	-1.459	-1.346	-0.646	-0.690
-204.913803	-201.268188	237.552765	208.748672	101.03331	6.431898	295.122864	-24	36	1.18	22.120279	-1.455	-1.348	-0.638	-0.689
-205.995148	-202.803101	238.094696	208.57341	98.887466	6.236991	294.482666	-24	36	1.18	22.103212	-1.464	-1.356	-0.645	-0.695
-233.56929	-230.431915	228.700974	177.199768	54.003651	5.847179	280.398712	-24	40	1.18	21.571778	-1.616	-1.425	-0.792	-0.832
-230.445221	-227.937653	226.171906	176.32341	54.361294	6.042085	280.238678	-24	40	1.18	21.557829	-1.610	-1.426	-0.797	-0.830
-232.787506	-230.431915	225.629959	178.076126	55.791851	6.236991	279.758545	-24	40	1.18	21.531276	-1.595	-1.421	-0.779	-0.828
-232.427155	-230.623779	224.00412	177.550293	55.076576	5.847179	279.438446	-24	40	1.18	21.53402	-1.593	-1.424	-0.783	-0.828
-253.033386	-252.112869	211.539383	146.527191	9.656301	5.652272	264.234161	-24	44	1.18	20.935003	-1.772	-1.520	-0.971	-0.985
-252.066345	-249.618591	210.636139	146.351913	12.159781	5.457366	263.914093	-24	44	1.18	20.929937	-1.759	-1.506	-0.957	-0.975
-255.736725	-253.072205	211.358734	145.826111	10.19276	5.457366	264.074127	-24	44	1.18	20.936415	-1.765	-1.508	-0.960	-0.982
-252.426712	-250.002335	212.261978	145.650833	10.908041	5.457366	264.394226	-24	44	1.18	20.949368	-1.773	-1.509	-0.967	-0.979
251.26506	-285.881409	-313.55603	69.758156	-67.436432	6.042085	288.240936	-20	-44	1.18	21.870143	2.432	-1.531	-1.531	-1.316
253.792145	-287.032593	-315.179749	68.881798	-68.685257	6.236991	288.881104	-20	-44	1.18	21.887389	2.448	-1.531	-1.538	-1.322
252.167603	-285.689545	-313.73645	70.283974	-66.901222	6.042085	289.681305	-20	-44	1.18	21.925885	2.431	-1.529	-1.532	-1.313
253.431152	-289.718719	-317.525085	69.758156	-67.436432	6.236991	290.321503	-20	-44	1.18	21.943089	2.417	-1.522	-1.515	-1.312
272.745361	-259.979401	-301.468445	107.616859	-13.201843	6.236991	305.685791	-20	-40	1.18	22.528656	2.146	-1.374	-1.192	-1.073
274.008881	-261.130615	-302.731323	105.864143	-15.164278	6.431898	306.325989	-20	-40	1.18	22.545401	2.162	-1.376	-1.205	-1.081
274.189392	-260.171265	-302.009674	106.915771	-13.737054	6.236991	306.806122	-20	-40	1.18	22.57076	2.155	-1.373	-1.199	-1.075
274.189392	-263.624878	-303.633362	106.039413	-15.342683	6.431898	307.446289	-20	-40	1.18	22.587472	2.154	-1.378	-1.203	-1.081
290.615479	-230.048187	-282.164337	144.423935	42.201534	6.82171	319.449677	-20	-36	1.18	23.019077	1.920	-1.255	-0.929	-0.881
289.893463	-228.513245	-280.901459	143.021759	42.201534	7.016615	319.92981	-20	-36	1.18	23.029576	1.922	-1.251	-0.935	-0.881
291.698517	-229.856308	-283.246826	143.722839	40.949799	6.82171	320.730042	-20	-36	1.18	23.066166	1.933	-1.256	-0.940	-0.885
291.879028	-231.583115	-283.607635	144.599197	41.486256	6.626803	321.05011	-20	-36	1.18	23.085079	1.924	-1.258	-0.935	-0.883
301.806885	-188.796844	-246.081955	183.158997	101.390945	7.211522	333.373596	-20	-32	1.18	23.512062	1.718	-1.167	-0.728	-0.705
304.514496	-194.360977	-251.674698	182.282639	97.099266	7.211522	334.013763	-20	-32	1.18	23.535125	1.737	-1.177	-0.740	-0.719
303.431458	-194.744705	-250.772644	182.107361	98.529823	7.211522	334.493896	-20	-32	1.18	23.552407	1.725	-1.173	-0.734	-0.716
305.778046	-195.704041	-252.215958	184.561172	99.066284	7.016615	334.813995	-20	-32	1.18	23.570931	1.727	-1.177	-0.730	-0.715
289.712952	-141.597626	-198.272781	203.665802	140.910156	6.82171	322.010406	-20	-28	1.18	23.113159	1.570	-1.111	-0.583	-0.569
288.449402	-140.63829	-199.535675	202.614166	137.870224	6.626803	320.730042	-20	-28	1.18	23.073326	1.585	-1.115	-0.594	-0.574
286.283356	-140.446426	-195.747025	202.263611	139.300781	6.82171	319.769775	-20	-28	1.18	23.030858	1.568	-1.115	-0.587	-0.569
285.741791	-139.67897	-196.107834	199.459274	138.227859	6.626803	318.649445	-20	-28	1.18	22.996781	1.574	-1.108	-0.589	-0.570
261.553955	-86.531883	-139.458466	208.748672	166.481415	6.042085	298.483795	-20	-24	1.18	22.263511	1.435	-1.057	-0.472	-0.426
261.012421	-89.026154	-141.803833	208.92395	165.408493	6.042085	297.683563	-20	-24	1.18	22.233029	1.434	-1.061	-0.471	-0.433
261.914948	-89.409882	-142.886292	207.346512	163.441483	6.042085	297.043396	-20	-24	1.18	22.208615	1.448	-1.061	-0.478	-0.437
259.207367	-87.874947	-140.540939	206.119598	163.083832	6.236991	296.403198	-20	-24	1.18	22.176725	1.442	-1.060	-0.481	-0.434
238.449097	-59.286819	-92.010117	215.233734	184.899872	5.847179	281.679077	-20	-20	1.18	21.622019	1.268	-1.054	-0.371	-0.313
237.185547	-61.589207	-92.91217	214.707916	182.932861	6.042085	281.198944	-20	-20	1.18	21.595545	1.269	-1.062	-0.378	-0.320
237.907578	-60.054287	-93.092583	214.883194	183.290497	5.652272	280.878876	-20	-20	1.18	21.598281	1.274	-1.058	-0.376	-0.316
236.102509	-56.600685	-89.845169	213.481018	184.184586	6.042085	280.238678	-20	-20	1.18	21.557829	1.266	-1.049	-0.373	-0.308
210.651108	-44.129345	-47.809177	215.584274	192.76796	5.457366	264.234161	-20	-16	1.18	20.942892	1.083	-1.088	-0.299	-0.215
211.012115	-45.472412	-48.711239	216.635925	192.410309	5.457366	264.074127	-20	-16	1.18	20.936415	1.084	-1.094	-0.299	-0.219
210.651108	-43.745609	-47.267941	215.93483	193.840866	5.652272	264.55426	-20	-16	1.18	20.947957	1.078	-1.085	-0.295	-0.214
210.651108	-43.745609	-46.907116	216.811188	194.556152	5.457366	264.874359	-20	-16	1.18	20.968782	1.074	-1.086	-0.293	-0.212
208.124008	-45.472412	-6.494831	243.277237	223.882629	6.042085	283.279541	-20	-12	1.18	21.677038	0.859	-1.156	-0.238	-0.128
209.748566	-47.007343	-8.479363	244.50412	223.167358	6.042085	284.079742	-20	-12	1.18	21.7083	0.870	-1.162	-0.243	-0.135
211.553635	-46.239876	-9.201012	245.205215	225.134354	6.236991	284.879974	-20	-12	1.18	21.731917	0.873	-1.153	-0.236	-0.134
211.012115	-45.280544	-7.036067	248.009567	227.280182	6.042085	285.680206	-20	-12	1.18	21.770689	0.860	-1.157	-0.230	-0.127
203.430832	-56.408817	34.142555	270.794891	251.778549	6.042085	302.32486	-20	-8	1.18	22.409244	0.644	-1.245	-0.192	-0.065
205.055389	-55.257618	33.781258	271.671265	253.566742	6.042085	302.804993	-20	-8	1.18	22.427394	0.648	-1.237	-0.186	-0.063
204.513885	-53.338943	34.684502	269.743256	252.49382	6.042085	303.605255	-20	-8	1.18	22.457612	0.649	-1.234	-0.195	-0.059
204.513885	-58.327484	32.155418	271.320709	251.242096	5.847179	304.405457	-20	-8	1.18	22.495133	0.652	-1.247	-0.201	-0.072
187.907288	-62.356674	71.898087	288.14679	269.839355	6.82171	316.568878	-20	-4	1.18	22.912774	0.438	-1.322	-0.176	-0.008
188.268295	-62.74041	73.523926	289.023163	270.554626	6.82171	317.048981	-20	-4	1.18	22.930524	0.433	-1.327	-0.175	-0.005
187.004745	-60.246155	75.691711	289.198425	273.058105	7.016615	317.849243	-20	-4	1.18	22.952886	0.420	-1.317	-0.169	0.003
190.073364	-60.438019	74.065872	290.074768	273.952209	7.211522	318.329376	-20	-4	1.18	22.963414	0.434	-1.312	-0.166	-0.001
169.315109	-66.194016	111.460106	304.096527	287.721375	7.211522	330.9729	-20	0	1.18	23.425373	0.218	-1.397	-0.163	0.058
169.495621	-65.618408	111.460106	304.797607	288.436646	7.211522	331.453064	-20	0	1.18	23.442738	0.219	-1.395	-0.162	0.059
168.051559	-65.23468	113.266594	305.498718	289.867187	7.601334	332.253265	-20	0	1.18	23.457568	0.206	-1.395	-0.159	0.062
169.315109	-64.659081	111.640762	306.550323	291.118927	7.406428	332.733398	-20	0	1.18	23.481943	0.216	-1.387	-0.155	0.060
137.00444	-64.659081	144.518784	304.096527	289.151917	7.016615	328.252136	-20	4	1.18	23.333817	-0.030	-1.458	-0.155	0.115
137.184952	-64.850945	141.989716	302.869629	287.184875	7.016615	326.651703	-20	4	1.18	23.275618	-0.019	-1.465	-0.157	0.116
134.838364	-65.81028	142.712296	301.642731	284.681427	7.016615	325.851471	-20	4	1.18	23.246464	-0.031	-1.469	-0.165	0.110
136.282425	-65.042809	141.086456	301.116913	283.966156	7.016615	324.571136	-20	4	1.18	23.199742	-0.019	-1.474	-0.164	0.115
98.556557	-57.943752	158.248077	278.506866	263.759491	6.626803	302.484924	-20	8	1.18	22.393179	-0.245	-1.382	-0.159	0.056
98.737061	-59.670551	155.899643	277.104675	260.004272	6.431898	301.524658	-20	8	1.18	22.364196	-0.238	-1.400	-0.173	0.054
98.01503	-58.13562	156.260941	275.982819	260.54071	6.626803	300.724426	-20	8	1.18	22.326454	-0.242	-1.389	-0.167	0.055
97.834534	-61.397343	155.718994	278.857391	260.898346	6.626803	300.404327	-20	8	1.18	22.314301	-0.239	-1.402	-0.163	0.048
62.094238	-53.914547	173.603195	259.92804	240.155243	6.042085	285.200043	-20	12	1.18	21.75199	-0.472	-1.329	-0.191	-0.008
64.62133	-49.50161	174.687073	260.103302	242.301071	6.042085	284.879974	-20	12	1.18	21.739517	-0.469	-1.319	-0.181	0.006
63.17728	-50.652809	173.422546	258.876404	240.334061	5.847179	284.239807	-20	12	1.18	21.722153	-0.471	-1.322	-0.188	0.002
63.538288	-50.844677	173.061249	258.876404	241.764618	5.847179	283.599609	-20	12	1.18	21.697162	-0.465	-1.316	-0.178	0.002
27.256481	-44.896812	184.622742	240.122314	219.412125	5.652272	267.755157	-20	16	1.18	21.077053	-0.690	-1.249	-0.212	-0.063
27.436987	-45.856144	183.177551	238.369598	216.729828	5.457366	267.11499	-20	16	1.18	21.059143	-0.689	-1.258	-0.223	-0.065
26.89547	-41.826942	184.984055	238.544876	219.054474	5.652272	266.634857	-20	16	1.18	21.03196	-0.698	-1.238	-0.210	-0.058
27.436987	-42.786278	184.622742	238.895416	219.412125	5.652272	266.154724	-20	16	1.18	21.012605	-0.692	-1.240	-0.206	-0.059
-7.028707	-40.10014	194.558426	223.822067	201.530136	5.457366	256.872101	-20	20	1.18	20.642836	-0.896	-1.172	-0.246	-0.129
-8.648453	-43.17001	194.558426	225.048965	200.099564	5.457366	257.832397	-20	20	1.18	20.682222	-0.899	-1.187	-0.255	-0.139
-7.567396	-42.402542	194.016479	224.523132	200.81485	5.26246	258.792664	-20	20	1.18	20.729501	-0.893	-1.182	-0.257	-0.134
-8.830939	-42.786278	195.642319	226.275848	201.887772	5.26246	259.752899	-20	20	1.18	20.76872	-0.898	-1.182	-0.254	-0.136
-49.381161	-56.792549	224.00412	233.46199	200.81485	6.042085	278.958313	-20	24	1.18	21.507438	-1.077	-1.143	-0.308	-0.233
-50.989834	-57.560017	224.00412	232.585632	199.741928	5.847179	279.59848	-20	24	1.18	21.540317	-1.083	-1.142	-0.314	-0.237
-50.989834	-59.286819	222.739594	232.760895	198.490189	6.042085	280.558746	-20	24	1.18	21.570407	-1.079	-1.151	-0.324	-0.241
-50.809658	-55.64135	226.352554	234.163101	202.424225	5.847179	281.198944	-20	24	1.18	21.603192	-1.084	-1.134	-0.308	-0.231
-99.457207	-93.439087	248.75296	233.227386	188.118622	6.236991	296.563232	-20	28	1.18	22.182839	-1.224	-1.148	-0.381	-0.361
-100.02388	-92.671616	248.572311	230.307114	186.330429	6.431898	296.883362	-20	28	1.18	22.187624	-1.233	-1.143	-0.391	-0.364
-98.942543	-94.014687	248.75296	232.760895	186.866898	6.236991	297.843597	-20	28	1.18	22.2317	-1.227	-1.153	-0.392	-0.363
-99.302994	-92.479752	249.656204	232.585632	187.582169	6.236991	298.32373	-20	28	1.18	22.249995	-1.231	-1.147	-0.391	-0.360
-152.649063	-130.085617	267.359741	223.296234	164.514404	6.82171	311.927551	-20	32	1.18	22.74046	-1.373	-1.155	-0.482	-0.484
-150.266861	-125.097099	270.972717	225.750031	169.163712	6.82171	312.567719	-20	32	1.18	22.764305	-1.373	-1.143	-0.467	-0.471
-153.870377	-132.579895	266.637177	224.466019	163.26265	6.626803	313.047882	-20	32	1.18	22.789422	-1.372	-1.165	-0.489	-0.489
-152.28862	-129.510025	269.888855	225.574753	166.302597	6.626803	313.528015	-20	32	1.18	22.80727	-1.374	-1.156	-0.479	-0.480
-204.553345	-178.244171	283.256836	212.078842	132.863266	7.406428	327.29187	-20	36	1.18	23.284731	-1.504	-1.204	-0.600	-0.613
-208.824097	-182.081497	285.966583	212.9552	131.075058	7.016615	327.772003	-20	36	1.18	23.316372	-1.515	-1.210	-0.602	-0.620
-207.617157	-181.122162	285.243988	210.676666	130.538605	7.016615	328.572235	-20	36	1.18	23.34544	-1.517	-1.206	-0.610	-0.620
-211.582062	-186.110703	287.411743	214.182098	131.432693	7.211522	329.052368	-20	36	1.18	23.355791	-1.511	-1.212	-0.598	-0.624
-267.811707	-240.600861	296.263519	192.974228	82.793671	7.211522	339.615326	-20	40	1.18	23.73597	-1.674	-1.287	-0.762	-0.776
-267.741699	-241.368317	296.986115	195.603302	85.475975	7.211522	339.615326	-20	40	1.18	23.73597	-1.661	-1.285	-0.747	-0.770
-264.027008	-238.490326	293.553772	193.850586	83.151306	6.82171	338.65506	-20	40	1.18	23.715594	-1.667	-1.293	-0.764	-0.772
-262.516571	-235.996048	295.721558	193.675308	87.621811	7.211522	337.854828	-20	40	1.18	23.673031	-1.657	-1.275	-0.743	-0.761
-289.618713	-267.654053	268.263	152.661713	25.750097	6.626803	310.647217	-20	44	1.18	22.699974	-1.833	-1.381	-0.936	-0.937
-284.858429	-259.211945	266.637177	148.630463	26.107738	6.82171	309.526886	-20	44	1.18	22.650819	-1.850	-1.368	-0.951	-0.935
-284.031799	-261.898071	265.733917	148.981003	25.034819	6.82171	308.726685	-20	44	1.18	22.620861	-1.845	-1.379	-0.952	-0.939
-285.653809	-261.322479	266.275879	150.032623	27.001839	6.626803	307.606354	-20	44	1.18	22.586165	-1.837	-1.369	-0.934	-0.932
258.665833	-240.025253	-300.927185	39.611412	-64.760384	6.042085	282.959442	-16	-44	1.18	21.664521	2.720	-1.359	-1.690	-1.344
261.192902	-240.600861	-302.550903	41.714672	-62.976353	5.847179	282.319244	-16	-44	1.18	21.647095	2.703	-1.353	-1.655	-1.330
257.04126	-239.449661	-296.416901	41.889946	-59.765095	6.042085	281.679077	-16	-44	1.18	21.614378	2.659	-1.352	-1.640	-1.316
258.485321	-239.833389	-298.942657	41.539402	-61.90593	6.236991	281.03891	-16	-44	1.18	21.581611	2.687	-1.356	-1.653	-1.328
251.26506	-190.139908	-254.741714	70.634514	-5.887309	5.652272	268.075256	-16	-40	1.18	21.089919	2.337	-1.204	-1.265	-1.053
251.084564	-188.413101	-256.004608	69.407616	-6.779326	5.652272	267.435089	-16	-40	1.18	21.06418	2.354	-1.197	-1.273	-1.058
250.362534	-191.099243	-255.282959	69.758156	-7.671343	5.652272	267.11499	-16	-40	1.18	21.051298	2.346	-1.210	-1.275	-1.062
250.182022	-190.715515	-257.087067	68.881798	-9.81218	5.847179	266.474792	-16	-40	1.18	21.017653	2.369	-1.213	-1.291	-1.073
261.914948	-153.301514	-229.484039	103.410339	46.493214	6.042085	276.557648	-16	-36	1.18	21.412635	2.066	-1.079	-0.967	-0.830
262.997986	-156.94696	-231.829407	103.760887	45.777935	6.042085	277.517914	-16	-36	1.18	21.450607	2.060	-1.086	-0.965	-0.835
263.359009	-154.452698	-231.288177	102.533981	45.777935	5.847179	278.158081	-16	-36	1.18	21.483573	2.073	-1.077	-0.974	-0.833
264.80304	-158.09816	-235.618042	103.059792	43.453274	6.236991	279.118347	-16	-36	1.18	21.506063	2.082	-1.087	-0.981	-0.845
278.160553	-125.097099	-208.195435	138.990509	97.635727	5.847179	294.642731	-16	-32	1.18	22.124285	1.840	-0.999	-0.745	-0.653
279.243591	-127.207634	-212.164505	138.464691	95.847527	5.847179	295.122864	-16	-32	1.18	22.142669	1.851	-1.001	-0.750	-0.661
280.146088	-125.480835	-210.179977	139.866867	97.814552	6.431898	295.763031	-16	-32	1.18	22.144791	1.846	-0.999	-0.745	-0.656
281.590149	-127.207634	-213.246979	137.938889	95.311066	6.236991	296.403198	-16	-32	1.18	22.176725	1.864	-0.999	-0.757	-0.665
290.615479	-88.258682	-182.576935	172.817963	148.241791	6.82171	310.807251	-16	-28	1.18	22.698672	1.668	-0.920	-0.573	-0.501
291.698517	-88.066818	-182.757355	173.694336	149.493515	6.626803	311.607483	-16	-28	1.18	22.735796	1.665	-0.919	-0.569	-0.499
291.157013	-87.683083	-182.937759	172.116867	149.493515	6.626803	312.24765	-16	-28	1.18	22.759645	1.665	-0.912	-0.571	-0.498
293.684082	-87.107483	-182.035706	175.271774	151.281723	6.82171	312.567719	-16	-28	1.18	22.764305	1.664	-0.918	-0.564	-0.495
299.640808	-45.08868	-145.592484	208.57341	199.920746	7.016615	326.651703	-16	-24	1.18	23.275618	1.508	-0.859	-0.429	-0.347
300.362854	-49.50161	-149.200714	205.944321	198.132553	6.82171	327.29187	-16	-24	1.18	23.306002	1.511	-0.859	-0.434	-0.357
299.82132	-50.269077	-148.659485	205.24324	197.238449	7.016615	327.932068	-16	-24	1.18	23.322189	1.512	-0.861	-0.440	-0.359
302.167908	-45.472412	-148.118256	207.52179	201.172501	6.82171	328.252136	-16	-24	1.18	23.340894	1.511	-0.849	-0.426	-0.348
301.626404	-13.046937	-103.917305	236.79216	241.764618	7.211522	338.975159	-16	-20	1.18	23.713103	1.351	-0.832	-0.324	-0.219
301.626404	-15.924937	-107.705956	235.565262	238.903519	7.211522	339.455292	-16	-20	1.18	23.730256	1.361	-0.836	-0.334	-0.230
302.167908	-14.58187	-105.180183	238.895416	242.301071	7.211522	339.135193	-16	-20	1.18	23.718822	1.348	-0.839	-0.320	-0.222
299.82132	-14.006269	-103.015244	237.317978	242.301071	7.211522	338.334991	-16	-20	1.18	23.690214	1.339	-0.835	-0.319	-0.218
262.817505	-2.878	-44.381348	240.122314	249.096237	6.626803	313.688049	-16	-16	1.18	22.813215	1.126	-0.891	-0.237	-0.111
263.178497	-0.767466	-45.102993	238.544876	248.380966	6.626803	312.887848	-16	-16	1.18	22.78347	1.136	-0.882	-0.238	-0.109
262.636963	-1.918667	-44.381348	237.317978	247.129227	6.82171	311.927551	-16	-16	1.18	22.74046	1.136	-0.885	-0.240	-0.111
261.373444	-3.453601	-44.922585	236.79216	246.592743	6.82171	311.12735	-16	-16	1.18	22.71062	1.131	-0.887	-0.238	-0.115
230.506805	1.34641	1.445177	236.266357	248.559784	6.236991	292.08197	-16	-12	1.18	22.010975	0.927	-0.950	-0.176	-0.020
229.062775	1.731107	2.890365	235.565262	248.380966	6.236991	291.441803	-16	-12	1.18	21.986313	0.919	-0.950	-0.175	-0.016
227.438202	0.577014	1.806474	234.278732	247.308044	6.236991	290.321503	-16	-12	1.18	21.943089	0.917	-0.950	-0.175	-0.020
227.25769	-0.191867	2.890365	234.453949	245.698654	6.431898	289.84137	-16	-12	1.18	21.917004	0.918	-0.960	-0.181	-0.021
197.835144	-5.947868	37.574879	231.884552	244.983383	5.652272	275.597351	-16	-8	1.18	21.390045	0.699	-1.038	-0.134	0.044
196.571594	-6.331602	40.284603	231.709274	244.625748	5.652272	274.957184	-16	-8	1.18	21.364667	0.687	-1.046	-0.133	0.050
198.196152	-5.180401	39.020065	232.585632	244.089279	5.457366	274.317017	-16	-8	1.18	21.346998	0.701	-1.047	-0.133	0.050
196.210587	-4.988535	39.200714	230.482391	244.44693	5.847179	273.836884	-16	-8	1.18	21.312434	0.691	-1.036	-0.129	0.050
171.120163	-10.360803	70.091606	228.37912	242.122253	5.652272	265.034424	-16	-4	1.18	20.967373	0.476	-1.125	-0.108	0.114
170.578644	-11.703869	70.99485	230.482391	243.373993	5.652272	265.674591	-16	-4	1.18	20.993232	0.466	-1.133	-0.104	0.112
171.120163	-11.703869	71.717438	231.124664	244.268112	5.652272	266.474792	-16	-4	1.18	21.02551	0.464	-1.133	-0.104	0.114
172.022705	-11.895736	71.356148	232.876923	245.162201	5.847179	267.275055	-16	-4	1.18	21.049896	0.467	-1.136	-0.103	0.111
153.250031	-14.773737	105.137413	244.679398	259.467804	5.847179	279.918579	-16	0	1.18	21.552907	0.225	-1.211	-0.095	0.184
154.152573	-12.279469	106.763245	246.256836	262.328918	5.847179	280.878876	-16	0	1.18	21.590633	0.220	-1.202	-0.086	0.192
156.318649	-14.006269	106.221306	247.308456	261.79245	6.042085	281.519043	-16	0	1.18	21.608103	0.232	-1.212	-0.091	0.186
155.777115	-11.512002	106.943901	247.133194	263.759491	6.042085	281.679077	-16	0	1.18	21.614378	0.226	-1.197	-0.083	0.193
135.560394	-16.88427	141.628418	262.381836	280.032104	6.626803	299.444061	-16	4	1.18	22.277802	-0.027	-1.265	-0.088	0.239
136.643433	-18.611071	141.447754	264.309845	280.032104	6.626803	300.244293	-16	4	1.18	22.308222	-0.022	-1.280	-0.091	0.237
136.101898	-15.541203	142.531647	264.242584	282.35675	6.431898	300.564362	-16	4	1.18	22.327777	-0.029	-1.260	-0.082	0.242
137.00444	-14.773737	141.628418	265.712006	284.144958	6.431898	301.204529	-16	4	1.18	22.352061	-0.021	-1.258	-0.076	0.245
112.094551	-17.459871	176.674225	275.001404	290.046021	6.626803	313.848114	-16	8	1.18	22.819161	-0.266	-1.205	-0.098	0.168
112.094551	-18.227337	176.493561	275.702484	290.940094	6.82171	314.648315	-16	8	1.18	22.841629	-0.264	-1.205	-0.097	0.164
114.982651	-17.076138	175.229034	274.826141	291.476593	6.82171	315.288513	-16	8	1.18	22.865369	-0.248	-1.204	-0.098	0.174
111.37252	-17.268003	175.95163	274.300323	290.761292	6.82171	315.608612	-16	8	1.18	22.877229	-0.265	-1.196	-0.102	0.165
81.949959	-13.430671	211.900681	283.239197	297.198822	7.016615	327.29187	-16	12	1.18	23.298915	-0.494	-1.128	-0.114	0.104
84.296539	-12.85507	211.178085	282.81665	297.019989	7.211522	327.932068	-16	12	1.18	23.315106	-0.486	-1.132	-0.118	0.109
83.935524	-14.006269	212.081314	284.744171	296.662354	7.016615	328.572235	-16	12	1.18	23.34544	-0.490	-1.142	-0.122	0.107
83.574516	-13.814403	212.984573	284.641357	298.450562	7.211522	328.892334	-16	12	1.18	23.349983	-0.491	-1.132	-0.115	0.105
45.126625	-9.401469	248.572311	287.372589	296.662354	7.211522	339.135193	-16	16	1.18	23.718822	-0.730	-1.064	-0.152	0.038
45.848652	-6.715335	247.669083	284.568939	295.231781	7.211522	338.975159	-16	16	1.18	23.713103	-0.732	-1.057	-0.159	0.045
47.473209	-5.756001	246.765839	284.919403	297.019989	7.016615	338.014893	-16	16	1.18	23.685735	-0.722	-1.053	-0.148	0.050
46.02916	-6.715335	246.946487	285.342438	297.914093	7.016615	336.894562	-16	16	1.18	23.645617	-0.722	-1.050	-0.140	0.045
2.888103	-2.878	249.114273	254.144089	260.898346	6.626803	310.167053	-16	20	1.18	22.682041	-0.944	-0.985	-0.189	-0.025
1.624557	-2.494267	247.127121	252.040817	258.5737	6.626803	308.726685	-16	20	1.18	22.628162	-0.948	-0.983	-0.194	-0.027
0.90253	-4.221067	247.849716	253.267715	258.394867	6.82171	307.446289	-16	20	1.18	22.572842	-0.950	-0.990	-0.189	-0.033
2.166077	-4.221067	243.875458	249.587006	255.35495	6.626803	306.00592	-16	20	1.18	22.526035	-0.943	-0.990	-0.198	-0.030
-40.189777	-21.872805	246.043243	225.574753	223.346176	6.431898	288.721039	-16	24	1.18	21.873642	-1.125	-0.973	-0.257	-0.147
-38.74799	-20.529737	245.320648	225.574753	224.776718	6.236991	288.080872	-16	24	1.18	21.856383	-1.117	-0.967	-0.249	-0.141
-37.116276	-18.227337	243.333511	224.523132	225.313187	6.431898	287.600739	-16	24	1.18	21.830194	-1.109	-0.960	-0.246	-0.135
-40.369999	-22.832138	243.333511	223.822067	221.736801	6.236991	286.800507	-16	24	1.18	21.806682	-1.120	-0.974	-0.257	-0.149
-78.556778	-37.797745	243.152863	199.058075	192.052673	5.652272	273.35672	-16	28	1.18	21.301088	-1.286	-0.947	-0.325	-0.255
-81.439598	-40.483875	243.152863	199.058075	189.191559	5.847179	272.716553	-16	28	1.18	21.267839	-1.298	-0.958	-0.334	-0.267
-80.199333	-40.483875	240.623795	197.18074	189.012741	5.847179	272.23642	-16	28	1.18	21.248699	-1.287	-0.953	-0.334	-0.265
-78.016243	-39.908276	239.178604	196.780121	187.939804	5.847179	271.756287	-16	28	1.18	21.229541	-1.285	-0.959	-0.339	-0.262
-118.916222	-62.74041	242.610916	175.622314	156.825134	5.652272	267.435089	-16	32	1.18	21.06418	-1.460	-0.962	-0.447	-0.390
-121.438683	-66.961479	243.694824	178.206024	155.93103	5.847179	268.075256	-16	32	1.18	21.082087	-1.460	-0.980	-0.448	-0.400
-119.848434	-62.932278	244.417419	176.498672	157.540421	5.847179	268.715424	-16	32	1.18	21.107805	-1.463	-0.962	-0.447	-0.391
-121.258514	-66.577744	244.598053	177.375031	157.003952	5.847179	269.195587	-16	32	1.18	21.127074	-1.458	-0.972	-0.447	-0.398
-172.113174	-111.474556	264.469391	167.209274	129.823334	6.042085	286.640472	-16	36	1.18	21.808037	-1.607	-1.026	-0.577	-0.544
-170.851608	-113.968826	262.301605	167.559799	128.213943	6.042085	287.28064	-16	36	1.18	21.8329	-1.601	-1.040	-0.588	-0.549
-172.969055	-113.585091	265.914581	168.436172	129.644501	6.042085	288.080872	-16	36	1.18	21.863939	-1.608	-1.033	-0.581	-0.547
-172.608704	-114.16069	266.456512	168.96199	130.180969	6.042085	288.721039	-16	36	1.18	21.888738	-1.605	-1.035	-0.580	-0.546
-226.121002	-165.964706	280.005157	152.2724	88.33709	6.82171	302.965057	-16	40	1.18	22.40397	-1.780	-1.119	-0.755	-0.713
-227.021866	-164.621643	280.908386	150.558456	88.158264	6.626803	303.765289	-16	40	1.18	22.441581	-1.789	-1.110	-0.759	-0.713
-227.441696	-163.278564	281.630981	151.084259	89.767647	6.626803	304.565491	-16	40	1.18	22.471779	-1.785	-1.103	-0.753	-0.708
-229.784607	-169.22644	282.534241	151.960617	87.264168	6.626803	305.365723	-16	40	1.18	22.501937	-1.787	-1.120	-0.761	-0.719
-287.200714	-226.786438	291.386017	128.967178	32.724075	6.82171	317.36911	-16	44	1.18	22.942352	-1.997	-1.228	-0.982	-0.911
-286.554901	-224.867783	291.205353	129.000015	34.154636	6.82171	318.009277	-16	44	1.18	22.965987	-1.993	-1.221	-0.979	-0.906
-286.47998	-222.757248	291.386017	128.824753	36.121658	6.82171	318.329376	-16	44	1.18	22.977795	-1.988	-1.209	-0.971	-0.899
-288.17691	-227.553909	293.553772	129.000015	34.154636	6.82171	318.809479	-16	44	1.18	22.995496	-1.992	-1.221	-0.975	-0.906
317.510956	-237.530991	-357.215729	8.588305	-72.61013	7.211522	335.294128	-12	-44	1.18	23.581184	3.002	-1.095	-1.815	-1.355
319.31604	-240.600861	-359.200256	10.516295	-72.074913	7.211522	335.934326	-12	-44	1.18	23.60418	2.978	-1.102	-1.791	-1.348
321.662598	-241.176453	-363.349731	8.06249	-76.713402	7.406428	336.414429	-12	-44	1.18	23.614417	3.037	-1.105	-1.832	-1.373
321.121094	-240.984589	-361.726044	10.165751	-73.14534	7.211522	337.054626	-12	-44	1.18	23.644368	2.992	-1.101	-1.797	-1.352
307.763611	-178.244171	-303.092133	47.148098	-4.638486	6.431898	317.849243	-12	-40	1.18	22.974465	2.588	-0.955	-1.366	-1.047
306.139038	-181.314041	-304.89624	48.024456	-5.352098	6.626803	316.888947	-12	-40	1.18	22.931813	2.570	-0.965	-1.355	-1.050
303.972961	-176.709244	-297.860168	48.375	-2.676051	6.626803	315.608612	-12	-40	1.18	22.884449	2.565	-0.959	-1.357	-1.040
303.972961	-177.860428	-299.483887	47.498638	-5.708905	6.431898	314.80835	-12	-40	1.18	22.86202	2.590	-0.967	-1.376	-1.052
286.463837	-119.341095	-241.391235	78.852203	52.394276	6.236991	295.351471	-12	-36	1.18	22.136498	2.268	-0.851	-1.044	-0.802
286.283356	-121.643494	-243.736588	78.697021	50.784893	5.847179	294.482666	-12	-36	1.18	22.118153	2.270	-0.858	-1.044	-0.808
283.936737	-120.87603	-242.834518	78.326515	51.142536	5.847179	293.202301	-12	-36	1.18	22.069042	2.261	-0.855	-1.039	-0.806
286.463837	-122.027229	-244.638641	76.944298	48.817875	6.042085	292.08197	-12	-36	1.18	22.018478	2.288	-0.857	-1.048	-0.816
268.052155	-72.333748	-192.680008	104.785835	97.099266	6.042085	275.597351	-12	-32	1.18	21.374596	2.007	-0.771	-0.777	-0.603
266.788635	-68.112679	-189.071777	104.637245	99.066284	6.042085	274.957184	-12	-32	1.18	21.349199	2.002	-0.759	-0.773	-0.591
268.232697	-70.798813	-190.69548	106.362877	98.529823	6.042085	274.477051	-12	-32	1.18	21.330132	2.002	-0.773	-0.767	-0.597
267.510651	-67.728943	-191.23671	103.410339	97.278084	5.847179	273.516785	-12	-32	1.18	21.299702	2.023	-0.755	-0.777	-0.597
255.416718	-37.222141	-155.154312	124.968765	133.399734	5.847179	265.514557	-12	-28	1.18	20.978899	1.788	-0.706	-0.575	-0.444
255.958237	-33.192944	-155.154312	125.287415	135.545563	5.457366	266.154724	-12	-28	1.18	21.020464	1.790	-0.690	-0.569	-0.434
258.30481	-34.727875	-157.499664	125.319313	134.830276	5.652272	266.954956	-12	-28	1.18	21.044854	1.800	-0.693	-0.572	-0.441
257.582794	-33.768539	-156.417191	124.41127	135.545563	5.457366	267.595123	-12	-28	1.18	21.078455	1.795	-0.686	-0.573	-0.436
269.676727	0.192448	-130.437881	157.043503	182.217575	5.847179	284.239807	-12	-24	1.18	21.722153	1.618	-0.634	-0.412	-0.287
271.481812	1.154061	-130.437881	158.796219	183.648132	5.847179	285.040009	-12	-24	1.18	21.753349	1.619	-0.635	-0.408	-0.284
270.398743	-1.343067	-130.798706	157.744598	183.111679	6.042085	286.000305	-12	-24	1.18	21.783146	1.610	-0.638	-0.413	-0.289
270.218262	-2.686134	-131.159531	156.692963	180.787018	5.847179	286.640472	-12	-24	1.18	21.81561	1.620	-0.643	-0.427	-0.294
276.716492	28.283211	-92.731758	190.695679	227.101364	6.431898	302.32486	-12	-20	1.18	22.394497	1.425	-0.626	-0.290	-0.149
277.077484	27.698196	-93.814232	191.172836	227.45903	6.431898	302.804993	-12	-20	1.18	22.412659	1.424	-0.628	-0.289	-0.152
279.063049	27.513601	-95.618355	189.819321	225.492004	6.431898	302.965057	-12	-20	1.18	22.418711	1.444	-0.625	-0.298	-0.156
277.980042	30.391077	-93.633827	190.695679	229.247223	6.626803	303.44516	-12	-20	1.18	22.429489	1.425	-0.615	-0.284	-0.147
277.257996	40.970261	-51.958649	221.487152	266.084137	7.211522	317.048981	-12	-16	1.18	22.916113	1.212	-0.665	-0.188	-0.047
276.716492	40.008518	-51.597828	220.141357	264.117126	7.016615	317.849243	-12	-16	1.18	22.952886	1.216	-0.667	-0.199	-0.047
276.53598	41.558983	-47.98959	222.069321	267.693542	6.82171	318.48941	-12	-16	1.18	22.983697	1.198	-0.666	-0.188	-0.037
278.160553	39.81617	-49.07206	222.363281	266.620575	6.82171	318.969543	-12	-16	1.18	23.001394	1.206	-0.673	-0.193	-0.042
268.7742	45.971329	-1.082472	244.50412	296.125916	7.211522	329.372467	-12	-12	1.18	23.367403	0.986	-0.725	-0.121	0.056
270.398743	45.201935	-2.164944	246.607391	296.483551	7.016615	329.8526	-12	-12	1.18	23.391872	0.991	-0.732	-0.121	0.053
268.954712	44.240192	1.806474	246.369415	296.125916	6.82171	330.332733	-12	-12	1.18	23.416314	0.978	-0.740	-0.125	0.059
272.203796	44.047844	-2.525768	247.308456	295.589447	7.211522	330.332733	-12	-12	1.18	23.402202	1.000	-0.740	-0.126	0.049
248.196442	40.981777	47.510544	258.810547	307.212738	7.211522	331.613098	-12	-8	1.18	23.448522	0.763	-0.828	-0.093	0.141
246.932892	41.932003	48.233135	257.123688	306.318634	7.016615	330.172668	-12	-8	1.18	23.403464	0.761	-0.824	-0.091	0.146
246.571899	40.777912	45.70406	255.130768	303.278687	7.406428	329.212433	-12	-8	1.18	23.354526	0.772	-0.824	-0.100	0.138
247.835434	40.970261	43.897572	256.072052	303.099854	7.016615	327.611969	-12	-8	1.18	23.310555	0.782	-0.825	-0.094	0.136
202.528305	32.314564	86.530617	242.926682	288.436646	6.431898	302.004791	-12	-4	1.18	22.382382	0.507	-0.920	-0.059	0.231
202.167297	32.131264	84.543488	242.576126	288.436646	6.431898	300.724426	-12	-4	1.18	22.333851	0.511	-0.915	-0.053	0.226
201.264755	30.391077	85.266083	240.648148	285.933167	6.431898	300.404327	-12	-4	1.18	22.321702	0.509	-0.922	-0.063	0.225
200.001221	31.352823	85.62738	239.886017	285.933167	6.236991	299.924194	-12	-4	1.18	22.31087	0.503	-0.917	-0.062	0.230
163.719406	29.630028	113.989189	230.307114	275.740417	6.236991	285.520172	-12	0	1.18	21.756868	0.244	-0.984	-0.048	0.322
163.538895	29.245226	115.43438	232.000778	276.276886	6.042085	284.879974	-12	0	1.18	21.739517	0.236	-0.994	-0.042	0.325
163.538895	29.429333	114.16983	230.307114	275.561615	6.042085	284.239807	-12	0	1.18	21.714547	0.242	-0.986	-0.043	0.323
164.802444	27.898407	112.00206	231.183487	274.131042	6.236991	283.759674	-12	0	1.18	21.688186	0.259	-0.996	-0.047	0.312
128.701141	28.090811	134.583115	218.739166	261.613647	5.652272	268.395355	-12	4	1.18	21.102778	-0.032	-1.041	-0.037	0.397
129.964691	27.698196	132.776642	217.862808	259.646637	5.652272	267.595123	-12	4	1.18	21.070617	-0.016	-1.052	-0.044	0.405
127.257088	27.321199	135.125061	217.862808	260.004272	5.847179	266.954956	-12	4	1.18	21.037005	-0.043	-1.043	-0.038	0.391
127.437607	25.967056	132.415344	217.161743	258.5737	5.847179	266.154724	-12	4	1.18	21.004743	-0.027	-1.051	-0.042	0.390
107.401375	30.399639	163.486877	223.239426	266.084137	6.042085	275.757416	-12	8	1.18	21.380941	-0.284	-0.978	-0.049	0.319
107.581879	27.698196	162.944931	224.347885	265.905304	5.847179	276.717682	-12	8	1.18	21.426679	-0.279	-0.992	-0.055	0.312
107.76239	27.505848	163.667526	225.692596	267.872345	5.847179	277.517914	-12	8	1.18	21.458306	-0.279	-0.990	-0.048	0.309
107.220863	29.245226	165.112717	226.275848	269.48172	5.847179	278.158081	-12	8	1.18	21.483573	-0.288	-0.979	-0.043	0.310
81.588943	33.862885	201.061768	237.958511	280.38974	6.431898	295.763031	-12	12	1.18	22.144791	-0.537	-0.917	-0.069	0.230
80.505905	33.478081	202.506958	238.720154	280.568573	6.626803	296.563232	-12	12	1.18	22.167943	-0.546	-0.918	-0.072	0.225
81.047424	34.440094	201.423065	237.317978	279.495636	6.626803	297.043396	-12	12	1.18	22.186291	-0.543	-0.915	-0.079	0.231
81.588943	35.402103	203.229538	238.369598	281.820282	6.626803	297.683563	-12	12	1.18	22.21073	-0.545	-0.909	-0.071	0.232
45.307133	39.623821	235.023697	244.44191	285.933167	6.431898	312.087616	-12	16	1.18	22.760944	-0.779	-0.841	-0.107	0.148
42.238522	41.547306	238.456009	244.091476	285.933167	6.431898	312.407684	-12	16	1.18	22.772858	-0.804	-0.830	-0.108	0.145
44.946121	42.893749	238.456009	244.328857	287.721375	6.626803	313.047882	-12	16	1.18	22.789422	-0.794	-0.826	-0.104	0.153
43.502068	40.212166	237.733414	244.328857	286.290802	6.82171	313.528015	-12	16	1.18	22.800026	-0.795	-0.835	-0.111	0.143
-2.342902	36.364117	271.153381	244.328857	284.860229	6.626803	325.691437	-12	20	1.18	23.254839	-1.021	-0.776	-0.152	0.039
-2.342289	35.199799	270.972717	245.142838	285.039062	7.016615	326.171539	-12	20	1.18	23.258129	-1.018	-0.782	-0.153	0.035
-0.90088	36.161541	270.61145	245.380478	284.681427	7.211522	326.651703	-12	20	1.18	23.26852	-1.017	-0.783	-0.157	0.039
0.180504	37.133728	271.875977	248.18483	288.973083	7.016615	327.131836	-12	20	1.18	23.293093	-1.005	-0.781	-0.141	0.043
-53.332123	22.697126	300.418427	244.328857	275.740417	7.211522	338.65506	-12	24	1.18	23.701661	-1.215	-0.761	-0.216	-0.077
-52.611416	24.819967	298.250671	240.586914	276.992157	7.211522	338.334991	-12	24	1.18	23.690214	-1.206	-0.742	-0.211	-0.073
-54.787857	22.895943	299.1539	241.349243	273.952209	7.211522	337.534729	-12	24	1.18	23.661569	-1.221	-0.754	-0.219	-0.080
-52.43124	24.435162	296.624817	240.236465	274.309845	7.016615	336.254395	-12	24	1.18	23.622662	-1.211	-0.749	-0.215	-0.073
-93.716072	5.579718	284.340698	204.016342	226.028458	6.626803	309.366852	-12	28	1.18	22.652124	-1.400	-0.735	-0.309	-0.188
-92.274284	3.462246	281.992279	202.614166	222.988541	6.626803	307.766388	-12	28	1.18	22.592169	-1.400	-0.745	-0.317	-0.191
-91.529457	5.770432	280.005157	201.036728	222.988541	6.626803	306.325989	-12	28	1.18	22.538073	-1.397	-0.734	-0.313	-0.186
-92.79068	4.231642	281.811646	202.737839	223.703812	6.236991	305.525757	-12	28	1.18	22.522635	-1.398	-0.741	-0.305	-0.189
-128.28537	-27.628805	271.695312	169.444672	178.819992	6.431898	289.201172	-12	32	1.18	21.892236	-1.558	-0.767	-0.430	-0.329
-129.726791	-28.971872	272.417908	169.970352	177.925888	6.431898	288.561005	-12	32	1.18	21.86744	-1.563	-0.773	-0.430	-0.333
-129.726791	-28.588139	272.598572	170.539429	178.283524	6.236991	287.760803	-12	32	1.18	21.843969	-1.563	-0.773	-0.425	-0.332
-129.006088	-28.780006	271.334045	169.795135	177.568253	6.431898	287.28064	-12	32	1.18	21.817764	-1.561	-0.774	-0.428	-0.333
-160.176544	-64.659081	259.772522	138.815247	131.253876	5.847179	271.436188	-12	36	1.18	21.216759	-1.723	-0.835	-0.575	-0.485
-158.776657	-64.083481	257.7854	137.237793	129.465683	5.847179	271.116089	-12	36	1.18	21.20397	-1.729	-0.836	-0.588	-0.487
-158.194611	-62.356674	259.230591	138.289413	131.611511	5.847179	270.796021	-12	36	1.18	21.191174	-1.726	-0.830	-0.575	-0.480
-158.554962	-63.891609	257.604736	139.130356	131.611511	5.652272	269.995789	-12	36	1.18	21.166952	-1.714	-0.836	-0.570	-0.481
-199.815292	-108.788422	261.037048	112.846275	83.508949	6.042085	272.556519	-12	40	1.18	21.253691	-1.938	-0.932	-0.795	-0.674
-199.995468	-105.142952	263.385498	114.101906	87.264168	6.042085	272.716553	-12	40	1.18	21.260071	-1.932	-0.914	-0.773	-0.661
-200.04776	-109.364021	262.120972	115.504089	85.29715	6.042085	273.35672	-12	40	1.18	21.285574	-1.926	-0.937	-0.784	-0.670
-201.617035	-109.17215	263.0242	115.825142	86.191246	5.847179	273.836884	-12	40	1.18	21.312434	-1.923	-0.931	-0.777	-0.667
-252.787064	-158.290024	278.740601	88.139244	35.048737	6.042085	290.001434	-12	44	1.18	21.938255	-2.209	-1.024	-1.060	-0.879
-255.850052	-161.935501	276.934143	90.615501	36.121658	6.042085	290.96167	-12	44	1.18	21.975317	-2.175	-1.031	-1.040	-0.877
-255.669876	-161.359894	279.282562	90.767654	35.227554	6.042085	291.761902	-12	44	1.18	22.006155	-2.195	-1.034	-1.052	-0.880
-259.813904	-163.470428	281.992279	90.241974	34.691097	6.236991	292.722168	-12	44	1.18	22.035609	-2.199	-1.030	-1.047	-0.884
303.611938	-174.598709	-331.958038	-30.944386	-64.046776	6.626803	312.087616	-8	-44	1.18	22.753685	3.359	-0.759	-1.988	-1.373
304.333984	-174.982437	-331.777649	-31.294039	-65.473999	6.626803	312.567719	-8	-44	1.18	22.77156	3.385	-0.765	-2.012	-1.384
303.79245	-171.720703	-331.777649	-31.643696	-63.333153	6.626803	312.887848	-8	-44	1.18	22.78347	3.373	-0.743	-1.997	-1.371
305.056	-172.680038	-336.107544	-33.391968	-65.830803	6.626803	313.367981	-8	-44	1.18	22.801322	3.400	-0.739	-2.011	-1.384
315.344879	-130.853088	-307.782867	8.936546	-0.713615	6.626803	322.970673	-8	-40	1.18	23.155476	2.850	-0.639	-1.481	-1.034
317.871979	-128.742554	-310.669434	7.711946	0.000022	7.016615	323.930939	-8	-40	1.18	23.176344	2.861	-0.621	-1.474	-1.032
317.691437	-133.922958	-311.210663	8.237761	-2.14084	7.016615	324.891205	-8	-40	1.18	23.211431	2.853	-0.645	-1.484	-1.042
320.218536	-134.882294	-313.55603	8.413033	-2.14084	7.211522	325.531372	-8	-40	1.18	23.227681	2.854	-0.645	-1.475	-1.042
330.868439	-86.723747	-280.540649	52.042442	63.659931	7.211522	338.65506	-8	-36	1.18	23.701661	2.472	-0.561	-1.112	-0.772
333.034515	-84.229492	-281.081879	53.457882	65.805771	7.211522	338.573608	-8	-36	1.18	23.698748	2.472	-0.554	-1.098	-0.764
334.8396	-87.874947	-282.885986	53.107338	64.732849	7.016615	338.014893	-8	-36	1.18	23.685735	2.470	-0.564	-1.093	-0.769
332.673492	-90.944817	-283.607635	52.217667	62.408192	7.211522	337.132904	-8	-36	1.18	23.647173	2.468	-0.573	-1.100	-0.779
304.875488	-36.26281	-222.267563	82.027184	112.298965	6.626803	309.846985	-8	-32	1.18	22.67008	2.182	-0.490	-0.818	-0.563
304.695007	-34.344139	-221.726318	83.078812	113.908348	6.626803	309.11853	-8	-32	1.18	22.642832	2.176	-0.485	-0.807	-0.557
303.972961	-33.960407	-220.102615	82.377724	113.193069	6.82171	308.406586	-8	-32	1.18	22.608865	2.182	-0.484	-0.813	-0.557
302.889954	-36.070942	-220.102615	83.95517	113.014252	6.82171	307.606354	-8	-32	1.18	22.57885	2.169	-0.498	-0.807	-0.560
282.312195	2.886083	-169.58728	108.668495	149.851151	6.236991	289.201172	-8	-28	1.18	21.899778	1.938	-0.454	-0.598	-0.384
281.951172	5.001037	-168.685211	109.895401	152.354645	6.236991	288.240936	-8	-28	1.18	21.862588	1.924	-0.448	-0.580	-0.376
280.868134	5.96278	-167.061508	108.991295	151.818176	6.431898	287.507446	-8	-28	1.18	21.826572	1.928	-0.443	-0.584	-0.374
279.604584	6.156925	-166.520264	110.070663	152.354645	6.236991	286.800507	-8	-28	1.18	21.806682	1.919	-0.447	-0.578	-0.372
260.109894	32.900871	-123.22139	128.474197	178.641174	6.042085	270.218567	-8	-24	1.18	21.160263	1.713	-0.427	-0.409	-0.229
258.485321	33.661007	-119.973969	127.565361	178.283524	6.042085	269.195587	-8	-24	1.18	21.119254	1.709	-0.424	-0.411	-0.222
257.402283	32.891609	-120.695633	127.565361	178.104706	5.652272	268.075256	-8	-24	1.18	21.089919	1.703	-0.426	-0.405	-0.223
255.416718	31.938858	-121.597687	125.287415	176.495346	5.847179	267.275055	-8	-24	1.18	21.049896	1.703	-0.422	-0.410	-0.229
256.499756	59.067612	-84.61322	152.836975	212.795776	6.042085	273.036652	-8	-20	1.18	21.272827	1.512	-0.416	-0.267	-0.083
255.777725	56.566383	-85.695694	151.785355	210.649948	5.847179	273.836884	-8	-20	1.18	21.312434	1.516	-0.423	-0.281	-0.091
256.499756	58.08931	-85.515282	153.148544	212.438141	5.652272	274.477051	-8	-20	1.18	21.345613	1.512	-0.420	-0.274	-0.086
256.860748	58.875206	-84.974052	154.024673	214.226349	6.042085	275.277283	-8	-20	1.18	21.361902	1.504	-0.419	-0.269	-0.084
258.846344	73.497803	-50.334946	180.7052	249.096237	6.431898	289.681305	-8	-16	1.18	21.910814	1.302	-0.451	-0.171	0.022
259.929382	75.614227	-48.169998	182.808456	252.315002	6.236991	290.321503	-8	-16	1.18	21.943089	1.291	-0.449	-0.159	0.031
261.192902	74.43895	-50.334946	180.880478	249.096237	6.431898	290.801636	-8	-16	1.18	21.954103	1.314	-0.449	-0.176	0.024
261.012421	76.383835	-48.530823	182.808456	252.49382	6.236991	291.281769	-8	-16	1.18	21.980144	1.298	-0.446	-0.163	0.032
256.319244	78.307861	-7.036067	206.645432	281.820282	6.82171	306.165955	-8	-12	1.18	22.524722	1.070	-0.521	-0.099	0.117
257.04126	79.63237	-6.494831	207.819427	283.966156	6.82171	306.646088	-8	-12	1.18	22.542779	1.065	-0.518	-0.092	0.120
257.402283	80.209412	-8.11854	207.697052	285.217865	6.626803	306.966187	-8	-12	1.18	22.562132	1.066	-0.512	-0.087	0.118
256.860748	78.885071	-9.201012	205.366241	280.926208	6.236991	307.5177	-8	-12	1.18	22.597461	1.081	-0.514	-0.108	0.116
243.503281	82.540718	39.381359	223.589874	303.993988	6.82171	318.40329	-8	-8	1.18	22.980521	0.840	-0.580	-0.059	0.223
246.210892	83.310333	38.29747	224.641235	303.278687	6.82171	318.969543	-8	-8	1.18	23.001394	0.857	-0.583	-0.065	0.223
245.127838	83.11792	40.645901	225.750031	304.530426	7.016615	318.969543	-8	-8	1.18	22.994212	0.843	-0.588	-0.060	0.226
246.752411	83.094643	38.478119	225.51738	303.993988	7.016615	319.609741	-8	-8	1.18	23.017795	0.856	-0.586	-0.064	0.221
226.896683	82.348312	91.227478	239.421249	323.127716	7.016615	331.773132	-8	-4	1.18	23.461347	0.574	-0.665	-0.037	0.338
225.452652	82.733116	92.853317	239.886017	325.631195	7.406428	332.253265	-8	-4	1.18	23.464608	0.558	-0.661	-0.028	0.338
226.896683	82.155914	90.685532	240.937378	325.094727	7.211522	332.970764	-8	-4	1.18	23.497539	0.571	-0.665	-0.033	0.332
227.077194	83.310333	91.950073	239.77179	325.631195	7.211522	333.053497	-8	-4	1.18	23.500522	0.568	-0.657	-0.031	0.338
193.502991	81.963509	130.247559	236.731934	320.624237	6.82171	324.48642	-8	0	1.18	23.203766	0.295	-0.721	-0.018	0.463
193.683487	80.616692	129.163666	235.74054	318.478394	6.82171	323.130707	-8	0	1.18	23.154199	0.302	-0.726	-0.022	0.459
190.614868	81.386299	129.344315	232.876923	315.617249	6.626803	322.010406	-8	0	1.18	23.120305	0.291	-0.721	-0.030	0.470
189.531845	80.039482	130.06691	233.227386	315.080811	7.016615	321.124695	-8	0	1.18	23.073504	0.283	-0.729	-0.029	0.467
147.112808	75.400696	155.538345	218.563889	295.589447	6.042085	299.123993	-8	4	1.18	22.287867	-0.046	-0.777	-0.019	0.571
146.751801	74.631294	154.273804	216.986465	296.125916	6.431898	298.32373	-8	4	1.18	22.24257	-0.041	-0.768	-0.012	0.562
146.210266	72.920593	155.357697	217.687546	293.443604	6.042085	297.683563	-8	4	1.18	22.233029	-0.050	-0.787	-0.023	0.563
146.210266	75.400696	155.718994	218.038086	295.589447	6.236991	296.883362	-8	4	1.18	22.195066	-0.051	-0.772	-0.007	0.566
107.220863	74.246597	174.867737	206.417618	277.17099	6.236991	281.679077	-8	8	1.18	21.606735	-0.363	-0.709	-0.024	0.453
106.679344	73.497803	174.32579	205.769058	276.634521	6.431898	280.878876	-8	8	1.18	21.56767	-0.363	-0.709	-0.023	0.448
106.318329	71.766174	174.32579	206.820694	275.91925	6.042085	280.558746	-8	8	1.18	21.570407	-0.364	-0.723	-0.025	0.444
106.679344	71.95858	173.241898	205.593796	274.66748	6.042085	280.078613	-8	8	1.18	21.551536	-0.359	-0.721	-0.029	0.449
68.050949	70.034554	186.429245	192.224213	254.997314	5.26246	263.273926	-8	12	1.18	20.911901	-0.637	-0.657	-0.045	0.343
67.870445	70.804161	184.622742	189.468781	253.387924	5.652272	262.793793	-8	12	1.18	20.876615	-0.634	-0.645	-0.051	0.346
67.50943	69.053185	184.622742	190.822388	253.030273	5.26246	262.31366	-8	12	1.18	20.872949	-0.634	-0.659	-0.050	0.341
65.523865	70.591972	185.70665	190.471939	254.639648	5.652272	261.833496	-8	12	1.18	20.837597	-0.644	-0.643	-0.039	0.334
30.5056	71.188972	200.881119	182.107361	243.552811	5.457366	257.1922	-8	16	1.18	20.655973	-0.884	-0.576	-0.071	0.236
31.769144	71.553726	201.423065	182.061035	243.016342	5.067554	258.152496	-8	16	1.18	20.71129	-0.887	-0.577	-0.079	0.243
30.325092	73.092506	202.687607	182.282639	243.910461	5.457366	258.632599	-8	16	1.18	20.714984	-0.897	-0.568	-0.077	0.241
30.325092	72.900162	203.410202	183.287613	244.983383	5.067554	259.592865	-8	16	1.18	20.770143	-0.895	-0.571	-0.076	0.241
-8.290269	68.495338	236.83017	189.11824	251.778549	6.236991	277.837982	-8	20	1.18	21.455551	-1.106	-0.544	-0.118	0.108
-8.290269	67.725723	236.83017	188.7677	250.526794	6.431898	278.47818	-8	20	1.18	21.473132	-1.110	-0.548	-0.127	0.105
-7.927748	69.264946	237.914047	190.471939	252.49382	5.847179	279.183167	-8	20	1.18	21.523972	-1.108	-0.546	-0.120	0.112
-9.909685	68.283791	239.359238	192.574661	253.209106	6.042085	279.59848	-8	20	1.18	21.532648	-1.113	-0.555	-0.118	0.103
-53.512295	64.070076	263.746796	184.338974	244.44693	6.236991	290.96167	-8	24	1.18	21.967799	-1.327	-0.503	-0.194	-0.004
-50.088951	66.360306	264.288727	185.39035	245.698654	6.042085	291.601868	-8	24	1.18	21.999992	-1.323	-0.501	-0.193	0.009
-50.809658	64.262482	263.927429	185.565567	244.44693	6.042085	291.989746	-8	24	1.18	22.014928	-1.324	-0.510	-0.200	0.003
-52.251068	63.859768	265.191986	187.014984	245.698654	5.847179	292.562134	-8	24	1.18	22.044445	-1.323	-0.513	-0.195	0.000
-98.55632	47.317772	286.869812	176.103317	229.068405	6.626803	304.245422	-8	28	1.18	22.459705	-1.513	-0.506	-0.295	-0.127
-100.384331	47.138657	287.592407	176.498672	228.889587	6.236991	305.045624	-8	28	1.18	22.504562	-1.518	-0.506	-0.298	-0.129
-99.997734	48.471867	288.134338	176.148132	230.32016	6.626803	305.525757	-8	28	1.18	22.507963	-1.516	-0.499	-0.294	-0.126
-99.483215	49.062683	289.037598	176.498672	230.856613	6.431898	306.00592	-8	28	1.18	22.533366	-1.517	-0.498	-0.293	-0.124
-148.3237	13.275817	304.753998	157.043503	200.81485	6.431898	315.92868	-8	32	1.18	22.903512	-1.688	-0.536	-0.429	-0.276
-150.666611	11.544195	305.837891	160.89949	202.066589	6.82171	316.248779	-8	32	1.18	22.900931	-1.681	-0.550	-0.420	-0.281
-149.405045	11.736597	304.212036	158.971497	199.56311	7.016615	316.568878	-8	32	1.18	22.905564	-1.690	-0.549	-0.436	-0.283
-146.122818	14.810824	303.670135	159.106262	202.78186	7.016615	317.12262	-8	32	1.18	22.926042	-1.676	-0.538	-0.426	-0.271
-197.344421	-30.698673	314.689667	133.381821	158.434525	7.016615	321.530243	-8	36	1.18	23.088395	-1.879	-0.602	-0.599	-0.444
-195.542191	-30.314939	313.967072	133.206543	157.898056	6.626803	318.969543	-8	36	1.18	23.008574	-1.881	-0.604	-0.595	-0.441
-190.986649	-27.436937	308.908905	130.894684	157.003952	6.82171	317.849243	-8	36	1.18	22.960081	-1.878	-0.595	-0.604	-0.436
-196.391937	-32.617344	311.618652	131.420364	155.93103	6.431898	316.642395	-8	36	1.18	22.929905	-1.878	-0.607	-0.594	-0.447
-243.121124	-83.270157	321.554321	100.781258	103.179146	7.016615	325.211304	-8	40	1.18	23.223115	-2.120	-0.691	-0.834	-0.639
-243.95842	-82.310822	321.373688	102.709251	105.86145	7.016615	326.171539	-8	40	1.18	23.258129	-2.102	-0.688	-0.819	-0.633
-242.336853	-81.735222	320.651093	101.982193	103.715599	7.211522	327.047729	-8	40	1.18	23.28294	-2.118	-0.691	-0.840	-0.637
-242.940887	-82.502693	322.096252	104.286697	104.967346	7.406428	327.451935	-8	40	1.18	23.290556	-2.111	-0.698	-0.831	-0.636
-294.664978	-136.417221	330.225433	67.129082	44.526192	7.211522	335.934326	-8	44	1.18	23.60418	-2.403	-0.783	-1.121	-0.857
-292.966309	-135.457886	328.238281	65.376366	42.916817	7.211522	335.211914	-8	44	1.18	23.578229	-2.416	-0.781	-1.137	-0.861
-294.407745	-138.335892	328.057648	66.060616	41.486256	6.82171	333.771179	-8	44	1.18	23.540425	-2.414	-0.793	-1.134	-0.866
-291.885254	-136.033493	326.431824	64.13311	41.486256	7.016615	332.490509	-8	44	1.18	23.487245	-2.421	-0.784	-1.139	-0.865
291.518005	-117.998024	-316.262207	-71.32943	-55.483414	6.431898	298.803864	-4	-44	1.18	22.260856	3.760	-0.289	-2.192	-1.383
293.32309	-116.463089	-318.246735	-76.224586	-59.408283	6.236991	297.843597	-4	-44	1.18	22.2317	3.872	-0.255	-2.262	-1.416
291.157013	-119.916695	-315.720978	-71.853912	-57.089046	6.431898	297.20343	-4	-44	1.18	22.199845	3.776	-0.299	-2.204	-1.395
293.503601	-117.038689	-316.803436	-71.853912	-55.305012	6.236991	296.403198	-4	-44	1.18	22.176725	3.776	-0.280	-2.176	-1.381
278.160553	-72.52562	-268.813843	-27.27302	2.324682	5.847179	280.398712	-4	-40	1.18	21.571778	3.162	-0.262	-1.607	-1.020
277.438507	-69.839485	-268.994263	-29.021288	2.861142	5.652272	279.59848	-4	-40	1.18	21.547983	3.172	-0.237	-1.606	-1.016
276.897003	-71.566284	-267.911804	-27.622669	3.039962	5.847179	278.863007	-4	-40	1.18	21.511362	3.153	-0.254	-1.596	-1.016
274.550415	-68.112679	-265.746857	-28.496807	3.218782	5.847179	278.318115	-4	-40	1.18	21.489885	3.175	-0.233	-1.617	-1.015
263.178497	-28.780006	-222.267563	8.235638	52.930733	5.457366	264.874359	-4	-36	1.18	20.968782	2.720	-0.207	-1.188	-0.734
261.192902	-27.053207	-221.004684	9.111773	54.003651	5.652272	264.55426	-4	-36	1.18	20.947957	2.708	-0.203	-1.183	-0.728
262.997986	-29.931208	-221.906738	10.864046	54.003651	5.26246	263.914093	-4	-36	1.18	20.937827	2.695	-0.227	-1.167	-0.729
261.553955	-29.73934	-221.004684	9.639936	52.751915	5.652272	263.914093	-4	-36	1.18	20.922043	2.709	-0.221	-1.185	-0.736
280.146088	5.387315	-202.241852	45.044838	106.397903	5.847179	281.679077	-4	-32	1.18	21.622019	2.355	-0.194	-0.856	-0.509
279.785095	6.734133	-200.798553	46.435169	108.901398	6.042085	282.704987	-4	-32	1.18	21.654565	2.334	-0.193	-0.844	-0.501
279.965607	6.539827	-200.257309	45.921196	108.543747	6.042085	283.119476	-4	-32	1.18	21.67078	2.338	-0.192	-0.850	-0.501
280.326599	6.732176	-200.618134	44.694294	108.722565	6.042085	283.759674	-4	-32	1.18	21.695801	2.338	-0.185	-0.851	-0.501
294.767151	41.174179	-174.458389	84.130447	161.295639	6.431898	299.444061	-4	-28	1.18	22.285215	2.059	-0.188	-0.606	-0.321
295.850189	42.328598	-174.819229	84.284248	162.189728	6.431898	299.833771	-4	-28	1.18	22.30003	2.060	-0.184	-0.603	-0.318
296.391693	40.970261	-174.097565	85.532623	162.905014	6.431898	300.244293	-4	-28	1.18	22.315625	2.050	-0.194	-0.599	-0.318
296.752686	44.252621	-174.999634	85.532623	165.050858	6.626803	301.044495	-4	-28	1.18	22.3386	2.047	-0.179	-0.590	-0.312
305.958557	75.229424	-144.149185	118.834267	211.901688	6.82171	314.488281	-4	-24	1.18	22.83569	1.827	-0.177	-0.416	-0.168
304.875488	77.324181	-143.066711	121.288055	215.835724	6.626803	315.128479	-4	-24	1.18	22.866661	1.801	-0.177	-0.399	-0.159
306.680542	76.191437	-144.870834	121.638603	214.583984	6.82171	315.608612	-4	-24	1.18	22.877229	1.814	-0.183	-0.406	-0.165
306.500061	77.516533	-143.607941	123.184685	216.193375	6.626803	316.248779	-4	-24	1.18	22.908143	1.806	-0.183	-0.401	-0.159
311.012726	106.783432	-105.721428	155.641327	260.719543	6.82171	329.212433	-4	-20	1.18	23.375734	1.602	-0.188	-0.263	-0.024
311.193237	104.859406	-106.443069	157.529221	262.328918	7.016615	330.012634	-4	-20	1.18	23.397669	1.587	-0.200	-0.257	-0.030
308.846649	103.897392	-105.180183	156.302628	260.719543	6.82171	330.56955	-4	-20	1.18	23.424883	1.584	-0.201	-0.267	-0.029
311.193237	106.176498	-106.262657	158.971497	265.01123	6.82171	331.132965	-4	-20	1.18	23.445257	1.575	-0.199	-0.249	-0.026
301.265381	119.097191	-63.144196	181.885803	292.013031	7.016615	334.091339	-4	-16	1.18	23.544935	1.380	-0.238	-0.159	0.079
298.918793	123.103195	-60.618423	180.354645	293.622406	6.82171	332.4133	-4	-16	1.18	23.491491	1.370	-0.218	-0.148	0.093
300.362854	120.217964	-61.700901	183.334274	292.5495	7.016615	331.132965	-4	-16	1.18	23.438212	1.375	-0.240	-0.147	0.084
299.099304	120.059204	-62.242134	180.354645	290.224823	7.016615	330.172668	-4	-16	1.18	23.403464	1.383	-0.231	-0.153	0.084
261.192902	114.447502	-13.891724	183.158997	287.542542	6.626803	307.126221	-4	-12	1.18	22.568142	1.159	-0.290	-0.083	0.184
259.748871	114.47953	-12.448427	183.684814	288.794281	6.431898	306.325989	-4	-12	1.18	22.545401	1.145	-0.291	-0.074	0.188
260.651398	114.639854	-14.613371	182.061035	287.542542	6.626803	305.685791	-4	-12	1.18	22.513988	1.159	-0.284	-0.076	0.183
258.846344	116.403557	-12.628839	181.710571	287.542542	6.626803	304.796295	-4	-12	1.18	22.480481	1.152	-0.277	-0.073	0.192
225.813644	108.515053	28.903749	180.354645	280.38974	6.236991	288.561005	-4	-8	1.18	21.874992	0.930	-0.339	-0.039	0.295
223.467041	110.023483	32.155418	179.607849	281.105011	6.236991	287.440674	-4	-8	1.18	21.831546	0.911	-0.331	-0.030	0.309
224.189102	108.707443	29.265045	177.855576	277.528625	6.431898	286.640472	-4	-8	1.18	21.792884	0.935	-0.332	-0.044	0.300
223.106049	108.515053	28.723101	177.855576	277.349792	6.236991	285.586456	-4	-8	1.18	21.75945	0.931	-0.332	-0.039	0.299
187.004745	103.127785	67.923828	169.619888	266.441772	5.847179	270.058502	-4	-4	1.18	21.161659	0.658	-0.368	-0.020	0.440
187.907288	103.32019	68.104477	171.240509	267.157074	6.042085	269.355621	-4	-4	1.18	21.125675	0.660	-0.374	-0.012	0.439
187.185257	100.626556	68.465775	170.539429	264.653595	6.042085	268.875488	-4	-4	1.18	21.106405	0.659	-0.388	-0.023	0.436
187.004745	101.396156	68.646423	171.021713	265.01123	5.652272	268.297577	-4	-4	1.18	21.098851	0.658	-0.387	-0.018	0.441
164.802444	106.975838	106.763245	173.299667	271.985199	5.847179	273.196686	-4	0	1.18	21.286963	0.352	-0.402	-0.007	0.612
164.260925	106.398621	107.48584	174.701492	273.058105	5.652272	274.156982	-4	0	1.18	21.332902	0.342	-0.411	-0.007	0.610
164.982941	108.322662	107.305199	173.650131	273.952209	5.847179	274.860962	-4	0	1.18	21.353116	0.347	-0.393	-0.005	0.614
165.704971	106.783432	107.666496	175.40239	274.66748	5.847179	275.597351	-4	0	1.18	21.382322	0.347	-0.410	-0.006	0.605
143.322174	112.363113	153.189911	187.540787	291.297729	6.236991	292.4021	-4	4	1.18	22.023297	-0.060	-0.460	-0.007	0.744
143.683182	115.441551	152.467316	184.911713	291.476593	6.042085	293.042267	-4	4	1.18	22.055407	-0.054	-0.429	-0.010	0.763
145.127243	116.211159	152.286667	185.565567	291.297729	6.042085	293.750671	-4	4	1.18	22.08261	-0.045	-0.432	-0.015	0.776
143.863693	116.018753	154.093155	186.616928	293.980042	6.042085	294.162567	-4	4	1.18	22.098412	-0.062	-0.430	-0.001	0.755
111.733521	118.327576	190.042206	194.677399	298.629364	6.042085	302.555176	-4	8	1.18	22.417952	-0.427	-0.416	-0.021	0.594
111.733521	120.636414	191.487396	194.551666	300.23877	6.236991	303.285126	-4	8	1.18	22.438168	-0.433	-0.402	-0.017	0.597
112.455551	119.674393	190.584152	194.376389	299.881134	6.236991	303.605255	-4	8	1.18	22.450256	-0.425	-0.406	-0.020	0.597
110.65049	120.828819	192.932587	195.203079	302.563416	6.626803	303.835815	-4	8	1.18	22.444244	-0.440	-0.398	-0.007	0.584
74.910202	129.871735	232.31395	203.613983	315.438446	6.626803	320.249908	-4	12	1.18	23.055685	-0.739	-0.346	-0.023	0.449
77.978813	127.911919	231.230072	204.490112	313.292603	6.82171	320.890076	-4	12	1.18	23.072045	-0.729	-0.364	-0.036	0.457
76.354256	129.871735	234.120438	206.119598	317.047852	6.82171	321.370209	-4	12	1.18	23.089674	-0.737	-0.356	-0.020	0.450
76.715271	129.643051	232.675247	205.366241	317.58429	6.82171	321.690308	-4	12	1.18	23.101419	-0.727	-0.353	-0.019	0.449
32.671677	131.41095	267.721069	208.92395	321.339508	7.211522	333.693695	-4	16	1.18	23.523597	-0.982	-0.324	-0.052	0.313
30.686104	133.334976	269.888855	209.396484	323.664154	7.016615	334.091339	-4	16	1.18	23.544935	-0.990	-0.315	-0.043	0.310
32.310665	132.565369	267.540405	207.293747	320.087769	7.211522	334.731659	-4	16	1.18	23.560961	-0.990	-0.314	-0.062	0.317
34.296238	131.988159	267.179108	209.274506	320.266602	7.211522	334.813995	-4	16	1.18	23.563922	-0.982	-0.326	-0.061	0.320
-15.13479	121.983231	282.714874	192.623672	299.881134	7.211522	326.491669	-4	20	1.18	23.262691	-1.209	-0.287	-0.108	0.188
-13.873558	122.718498	281.269714	192.79895	299.165833	7.016615	325.371338	-4	20	1.18	23.228954	-1.206	-0.286	-0.107	0.194
-15.13479	123.522453	281.992279	190.695679	296.662354	7.016615	324.251038	-4	20	1.18	23.188046	-1.225	-0.277	-0.114	0.195
-14.594263	123.137642	281.630981	190.99762	298.092926	7.016615	323.365814	-4	20	1.18	23.155671	-1.215	-0.278	-0.104	0.194
-56.214939	107.55304	279.282562	166.290588	261.256012	6.626803	303.355591	-4	24	1.18	22.426104	-1.424	-0.249	-0.179	0.081
-56.950539	104.474602	278.559967	166.157639	257.500763	6.626803	302.644958	-4	24	1.18	22.399234	-1.435	-0.264	-0.193	0.073
-55.133884	105.022408	276.572815	166.115356	258.037231	6.431898	302.004791	-4	24	1.18	22.382382	-1.423	-0.262	-0.189	0.079
-54.607632	106.783432	276.572815	164.930725	258.5737	6.431898	301.364624	-4	24	1.18	22.35813	-1.425	-0.250	-0.184	0.085
-90.268227	78.500267	269.888855	138.779907	217.445099	5.652272	282.639343	-4	28	1.18	21.667247	-1.613	-0.270	-0.292	-0.052
-91.192947	78.500267	270.069489	137.763611	218.16037	6.236991	281.999176	-4	28	1.18	21.619286	-1.609	-0.264	-0.284	-0.056
-92.250153	76.961044	269.346893	137.553314	215.656906	5.847179	280.783997	-4	28	1.18	21.586909	-1.619	-0.271	-0.292	-0.060
-90.268227	78.500267	266.637177	136.010895	214.405167	5.847179	279.59848	-4	28	1.18	21.540317	-1.620	-0.261	-0.296	-0.053
-121.650673	44.82983	257.966034	108.843758	172.024826	4.872647	264.55426	-4	32	1.18	20.979474	-1.804	-0.304	-0.440	-0.206
-123.633133	43.867813	258.507996	109.019028	172.024826	5.26246	263.914093	-4	32	1.18	20.937827	-1.803	-0.307	-0.434	-0.213
-120.717972	45.201935	256.34021	107.764694	170.594284	5.26246	263.273926	-4	32	1.18	20.911901	-1.810	-0.300	-0.445	-0.206
-123.780975	42.713398	257.062805	108.290375	170.773102	5.26246	262.694702	-4	32	1.18	20.888414	-1.802	-0.310	-0.435	-0.217
-167.924118	9.425059	273.501801	87.788788	138.227859	6.042085	275.757416	-4	36	1.18	21.380941	-2.030	-0.360	-0.632	-0.392
-167.968048	11.15939	272.959869	87.438339	138.227859	6.042085	276.237549	-4	36	1.18	21.399963	-2.035	-0.352	-0.637	-0.390
-170.086227	10.38978	275.85022	85.883163	138.764328	6.042085	276.942017	-4	36	1.18	21.427842	-2.040	-0.345	-0.632	-0.393
-170.671387	8.273353	274.224396	87.81115	137.691391	5.847179	277.197815	-4	36	1.18	21.44566	-2.033	-0.363	-0.637	-0.398
-217.832886	-28.780006	289.218231	55.736412	94.238144	6.236991	290.161469	-4	40	1.18	21.936908	-2.331	-0.389	-0.901	-0.595
-218.013077	-29.547474	289.218231	56.247894	94.059326	6.431898	290.549011	-4	40	1.18	21.944349	-2.328	-0.394	-0.902	-0.598
-219.151428	-31.466141	290.302124	59.066578	95.847527	6.236991	291.281769	-4	40	1.18	21.980144	-2.304	-0.409	-0.884	-0.595
-219.454483	-29.931208	290.663422	58.000168	96.383987	6.431898	291.761902	-4	40	1.18	21.991139	-2.307	-0.398	-0.884	-0.593
-270.083954	-77.514153	301.682983	23.12995	39.876877	6.626803	303.995911	-4	44	1.18	22.450288	-2.676	-0.471	-1.236	-0.844
-272.606415	-80.584023	302.94754	21.733688	38.088676	6.431898	304.245422	-4	44	1.18	22.467058	-2.681	-0.477	-1.240	-0.853
-272.246094	-80.584023	301.682983	23.480404	38.982777	6.431898	304.796295	-4	44	1.18	22.487828	-2.665	-0.483	-1.234	-0.849
-270.695282	-78.089752	303.489441	23.66168	41.128616	6.431898	305.365723	-4	44	1.18	22.509276	-2.664	-0.472	-1.226	-0.839
314.983856	-75.211754	-339.715759	-128.497864	-57.98106	6.82171	319.289612	0	-44	1.18	23.013183	3.717	0.303	-2.142	-1.368
315.886383	-74.060555	-340.798248	-128.323044	-57.089046	6.626803	319.844025	0	-44	1.18	23.040761	3.700	0.306	-2.124	-1.359
315.705902	-75.211754	-339.535339	-128.148224	-58.159462	7.016615	319.92981	0	-44	1.18	23.029576	3.730	0.301	-2.152	-1.371
316.427917	-74.636154	-341.519897	-128.323044	-57.98106	6.82171	320.324249	0	-44	1.18	23.051252	3.718	0.303	-2.138	-1.366
325.633759	-32.04174	-315.720978	-83.742149	9.298661	7.016615	329.532501	0	-40	1.18	23.380272	3.068	0.247	-1.532	-0.989
322.565155	-30.314939	-315.540558	-85.315598	8.583382	7.016615	329.8526	0	-40	1.18	23.391872	3.053	0.263	-1.537	-0.993
327.077789	-34.919743	-319.870422	-85.14077	5.364622	7.016615	330.089294	0	-40	1.18	23.400445	3.112	0.242	-1.562	-1.008
323.467682	-30.506807	-312.473541	-81.644226	11.98096	6.82171	330.652802	0	-40	1.18	23.427895	3.042	0.245	-1.524	-0.975
327.077789	9.617408	-280.540649	-36.364025	71.170372	7.016615	329.212433	0	-36	1.18	23.368668	2.646	0.200	-1.124	-0.721
326.897278	11.348546	-279.819	-37.238155	70.991554	7.016615	328.092102	0	-36	1.18	23.328004	2.643	0.212	-1.120	-0.721
320.760071	11.15939	-273.865387	-37.412987	70.812729	7.211522	326.72757	0	-36	1.18	23.271283	2.626	0.214	-1.130	-0.719
319.135498	10.38978	-273.865387	-37.412987	70.455093	7.211522	325.531372	0	-36	1.18	23.227681	2.623	0.211	-1.128	-0.720
296.752686	44.432541	-215.592316	8.06249	116.233002	6.431898	299.444061	0	-32	1.18	22.285215	2.329	0.165	-0.833	-0.501
295.128143	45.022228	-214.149033	10.341023	119.272942	6.236991	298.32373	0	-32	1.18	22.249995	2.303	0.157	-0.810	-0.489
296.391693	44.82983	-214.509857	8.936546	116.94828	6.236991	297.752686	0	-32	1.18	22.228234	2.325	0.163	-0.823	-0.496
294.406128	44.252621	-212.164505	8.938848	116.769463	6.431898	297.043396	0	-32	1.18	22.193735	2.320	0.162	-0.825	-0.495
274.008881	71.95858	-163.092438	45.570652	155.215759	6.431898	279.983582	0	-28	1.18	21.532463	2.043	0.123	-0.583	-0.305
274.550415	69.457344	-163.633682	46.259941	152.891098	6.042085	279.183167	0	-28	1.18	21.516296	2.071	0.110	-0.597	-0.306
273.8284	70.591972	-163.272858	44.869564	152.71228	5.847179	278.318115	0	-28	1.18	21.489885	2.063	0.121	-0.593	-0.307
273.467346	70.996567	-162.731613	45.033348	152.533463	6.042085	277.742432	0	-28	1.18	21.459475	2.064	0.123	-0.592	-0.307
254.875214	90.980949	-117.267799	76.243217	180.429367	5.652272	261.513428	0	-24	1.18	20.824576	1.852	0.073	-0.404	-0.130
253.792145	91.968445	-116.185318	75.542122	180.787018	5.26246	261.193329	0	-24	1.18	20.827413	1.840	0.082	-0.400	-0.127
253.792145	90.429214	-115.824501	75.7174	178.462341	5.457366	261.033295	0	-24	1.18	20.812966	1.862	0.074	-0.416	-0.129
253.792145	90.62162	-116.546143	76.06794	180.250549	5.457366	261.193329	0	-24	1.18	20.819481	1.847	0.073	-0.404	-0.128
261.914948	115.056732	-88.582291	106.565231	220.663864	6.042085	275.91745	0	-20	1.18	21.387283	1.656	0.040	-0.261	0.014
262.095459	115.633942	-87.499817	106.915771	221.915619	6.042085	276.717682	0	-20	1.18	21.418968	1.647	0.041	-0.258	0.017
262.27597	115.633942	-86.417336	108.668495	223.167358	6.236991	277.357849	0	-20	1.18	21.436578	1.644	0.033	-0.256	0.023
261.734436	115.249146	-86.056519	107.063782	222.094437	6.042085	278.062592	0	-20	1.18	21.472115	1.644	0.039	-0.265	0.021
266.788635	133.719772	-53.401947	135.976273	256.964325	6.431898	292.790131	0	-16	1.18	22.030728	1.477	-0.010	-0.165	0.156
266.066589	136.02861	-52.680298	136.361435	259.289001	6.431898	293.362366	0	-16	1.18	22.052729	1.465	-0.002	-0.157	0.162
265.705597	136.798218	-52.86071	135.485077	260.54071	6.431898	293.842468	0	-16	1.18	22.071171	1.453	0.006	-0.152	0.159
267.149658	136.413406	-52.319477	137.378082	261.077179	6.431898	294.162567	0	-16	1.18	22.083458	1.459	-0.004	-0.151	0.163
261.914948	147.957565	-16.417492	154.550369	284.860229	6.431898	306.237061	0	-12	1.18	22.542058	1.270	-0.030	-0.098	0.271
263.359009	147.957565	-16.417492	157.394043	288.257812	6.431898	306.646088	0	-12	1.18	22.55743	1.257	-0.042	-0.083	0.267
261.914948	147.572769	-14.43296	157.394043	288.794281	6.236991	307.126221	0	-12	1.18	22.582775	1.244	-0.044	-0.082	0.271
261.012421	148.919586	-13.350487	157.879669	291.118927	6.626803	307.357635	0	-12	1.18	22.576831	1.228	-0.040	-0.073	0.274
249.640503	153.922043	28.542452	167.384537	305.960999	6.82171	317.689178	0	-8	1.18	22.954172	1.030	-0.063	-0.055	0.393
249.098984	154.648407	30.348938	169.795135	311.325592	6.626803	318.08313	0	-8	1.18	22.975902	1.000	-0.069	-0.031	0.392
249.279495	154.69165	31.071529	170.364151	310.073853	6.82171	318.48941	0	-8	1.18	22.983697	1.005	-0.072	-0.039	0.396
248.918472	154.114456	31.071529	169.838348	311.862061	6.82171	318.809479	0	-8	1.18	22.995496	0.994	-0.072	-0.032	0.391
227.979736	163.926971	78.943382	174.52626	325.452362	7.016615	329.372467	0	-4	1.18	23.374471	0.731	-0.052	-0.019	0.561
228.340714	166.381714	80.569214	174.52626	327.24057	6.82171	329.929199	0	-4	1.18	23.401705	0.725	-0.040	-0.013	0.572
227.438202	165.466202	78.762733	174.175812	325.988831	7.211522	330.332733	0	-4	1.18	23.402202	0.729	-0.043	-0.021	0.564
230.145813	167.005402	78.401436	173.299667	326.346466	7.211522	331.049774	0	-4	1.18	23.428154	0.745	-0.031	-0.023	0.567
197.113113	173.739502	125.1894	170.671265	330.816956	7.211522	330.729614	0	0	1.18	23.41657	0.393	0.017	0.000	0.769
195.488556	171.238266	125.370041	169.795135	327.955841	6.82171	328.808624	0	0	1.18	23.36109	0.389	0.008	-0.005	0.780
194.947037	170.468658	125.731339	170.320816	327.777008	7.016615	327.207825	0	0	1.18	23.295858	0.385	0.001	0.003	0.784
194.766525	169.31424	123.202263	167.559799	323.127716	7.211522	325.531372	0	0	1.18	23.227681	0.403	0.010	-0.014	0.777
148.737366	158.539703	153.731857	156.477859	300.23877	6.626803	302.164825	0	4	1.18	22.381061	-0.034	0.014	-0.013	0.989
146.932297	156.230881	154.81575	157.353989	297.556458	6.82171	301.364624	0	4	1.18	22.34335	-0.054	-0.008	-0.026	0.992
146.932297	159.501724	152.828613	153.148544	298.629364	6.431898	300.79425	0	4	1.18	22.336501	-0.040	0.043	-0.015	0.966
146.210266	157.577698	154.093155	156.653091	298.092926	6.431898	299.833771	0	4	1.18	22.30003	-0.054	0.006	-0.012	0.989
104.874283	150.266403	177.216171	149.468765	279.853271	6.042085	282.319244	0	8	1.18	21.639463	-0.474	0.005	-0.016	0.793
104.152252	148.149979	177.577469	150.908997	279.674469	6.042085	281.519043	0	8	1.18	21.608103	-0.478	-0.018	-0.012	0.782
102.347191	149.496796	177.577469	148.767868	278.243896	6.042085	280.783997	0	8	1.18	21.579255	-0.493	0.005	-0.017	0.783
102.708206	146.033539	175.95163	149.331543	277.17099	6.042085	279.758545	0	8	1.18	21.538946	-0.479	-0.022	-0.017	0.774
61.913731	137.183029	192.390625	143.511047	257.858429	5.652272	262.31366	0	12	1.18	20.857116	-0.824	-0.040	-0.028	0.593
63.718803	137.183029	190.764801	143.197037	257.858429	5.847179	261.99353	0	12	1.18	20.83618	-0.807	-0.038	-0.026	0.601
63.357788	134.681793	189.861557	144.387177	256.964325	5.847179	261.99353	0	12	1.18	20.83618	-0.801	-0.061	-0.032	0.590
62.094238	135.643799	191.848694	144.562408	257.679596	5.457366	262.054382	0	12	1.18	20.854501	-0.817	-0.056	-0.028	0.588
27.617495	140.261459	223.823471	149.682098	265.726501	5.847179	277.037781	0	16	1.18	21.439335	-1.079	-0.052	-0.062	0.430
27.436987	140.069061	224.726715	150.520126	267.157074	5.847179	277.677948	0	16	1.18	21.464625	-1.076	-0.057	-0.057	0.425
25.631924	141.22348	227.255783	151.434814	268.22998	5.652272	278.318115	0	16	1.18	21.497569	-1.091	-0.055	-0.055	0.421
27.798002	139.491867	226.894501	151.610077	267.872345	5.652272	279.118347	0	16	1.18	21.529092	-1.081	-0.066	-0.061	0.423
-13.513207	142.377884	255.617599	148.104645	269.839355	6.431898	293.5224	0	20	1.18	22.058878	-1.310	-0.028	-0.115	0.282
-13.336519	143.107498	256.159546	149.293549	268.766449	6.431898	293.842468	0	20	1.18	22.071171	-1.322	-0.030	-0.123	0.287
-12.792503	146.418335	258.327332	149.857361	270.196991	6.431898	294.002533	0	20	1.18	22.077316	-1.333	-0.017	-0.117	0.297
-14.233912	144.109512	258.146698	149.994446	271.448761	6.236991	294.551056	0	20	1.18	22.105834	-1.319	-0.028	-0.112	0.284
-58.91758	137.760223	283.618134	138.429459	260.004272	6.626803	305.596741	0	24	1.18	22.510636	-1.553	-0.003	-0.207	0.149
-57.656349	138.337433	282.895538	139.130356	261.256012	6.626803	306.00592	0	24	1.18	22.526035	-1.542	-0.004	-0.203	0.153
-55.31406	138.529846	281.811646	138.289413	261.256012	6.626803	306.486053	0	24	1.18	22.544091	-1.534	0.001	-0.206	0.159
-57.836525	139.68425	284.160065	140.04213	263.223022	6.82171	307.126221	0	24	1.18	22.560822	-1.538	-0.002	-0.197	0.153
-105.222839	118.135185	304.212036	120.030594	241.5858	6.82171	317.923065	0	28	1.18	22.962805	-1.741	-0.008	-0.325	-0.002
-106.664246	118.904785	306.199188	121.638603	243.731644	7.211522	318.169312	0	28	1.18	22.957507	-1.738	-0.012	-0.313	-0.005
-107.02459	119.097191	306.921783	122.339699	244.625748	7.211522	318.809479	0	28	1.18	22.981126	-1.735	-0.014	-0.311	-0.005
-108.826355	116.980759	306.921783	122.659004	244.268112	7.016615	319.36377	0	28	1.18	23.008737	-1.731	-0.024	-0.313	-0.012
-158.194611	87.73558	321.373688	94.822021	211.186417	7.016615	328.892334	0	32	1.18	23.357057	-1.946	-0.029	-0.478	-0.171
-159.455841	90.429214	322.818848	92.344704	211.365234	7.016615	329.288849	0	32	1.18	23.371439	-1.961	-0.008	-0.480	-0.169
-160.21843	88.312798	323.541443	94.296204	211.901688	7.211522	329.372467	0	32	1.18	23.367403	-1.952	-0.024	-0.474	-0.174
-160.939331	90.429214	323.722107	92.368217	211.186417	7.016615	329.8526	0	32	1.18	23.391872	-1.967	-0.008	-0.482	-0.172
-209.544785	50.217094	330.586731	61.69566	165.944946	7.016615	333.213531	0	36	1.18	23.513319	-2.199	-0.047	-0.681	-0.353
-211.706924	49.639889	329.683472	62.747288	163.26265	7.211522	332.253265	0	36	1.18	23.471647	-2.216	-0.054	-0.692	-0.361
-204.499863	51.948719	326.793121	64.30835	165.587311	6.82171	331.209869	0	36	1.18	23.448037	-2.197	-0.051	-0.685	-0.344
-204.319687	50.794304	325.709229	60.979023	162.547379	7.016615	330.089294	0	36	1.18	23.400445	-2.215	-0.043	-0.700	-0.350
-232.307709	6.349328	301.50235	21.558416	99.066284	6.431898	303.125092	0	40	1.18	22.42476	-2.517	-0.072	-0.962	-0.563
-232.848389	8.08095	300.779755	20.331516	96.920448	6.626803	302.395081	0	40	1.18	22.389778	-2.550	-0.059	-0.982	-0.569
-233.147873	4.2329	300.779755	22.078587	96.562805	6.431898	301.594666	0	40	1.18	22.366848	-2.530	-0.085	-0.972	-0.573
-229.964828	6.734133	298.973236	19.805698	95.132248	6.626803	300.564362	0	40	1.18	22.320378	-2.558	-0.063	-0.994	-0.572
-250.444778	-33.576675	277.656738	-17.133049	35.942837	5.847179	278.158081	0	44	1.18	21.483573	-2.968	-0.092	-1.361	-0.831
-253.1474	-34.727875	277.837372	-13.46168	38.625137	6.042085	277.677948	0	44	1.18	21.456928	-2.909	-0.116	-1.309	-0.822
-250.084412	-34.152275	276.030884	-13.63651	38.982777	5.847179	277.037781	0	44	1.18	21.439335	-2.905	-0.113	-1.314	-0.817
-249.904236	-32.617344	275.85022	-16.783396	37.552216	6.042085	276.301697	0	44	1.18	21.402503	-2.940	-0.089	-1.335	-0.824
259.207367	-21.297207	-277.112793	-144.931625	-43.708801	5.457366	264.394226	4	-44	1.18	20.949368	3.205	0.739	-1.841	-1.294
259.929382	-21.680937	-278.556091	-147.728836	-46.206448	5.457366	265.194458	4	-44	1.18	20.981715	3.226	0.755	-1.865	-1.309
260.109894	-22.832138	-278.556091	-144.407135	-43.530392	5.652272	265.834625	4	-44	1.18	20.999691	3.207	0.724	-1.842	-1.293
259.929382	-22.064671	-276.571564	-143.53299	-42.81678	5.26246	266.314758	4	-44	1.18	21.03477	3.208	0.726	-1.848	-1.287
276.174957	11.929	-266.288086	-111.015167	9.835121	6.042085	278.958313	4	-40	1.18	21.507438	2.733	0.619	-1.356	-0.981
275.27243	13.468219	-264.123138	-110.315865	12.338601	6.042085	279.343262	4	-40	1.18	21.522601	2.703	0.620	-1.338	-0.968
276.53598	9.812572	-265.927277	-108.567589	10.908041	6.042085	279.663422	4	-40	1.18	21.535203	2.738	0.597	-1.356	-0.975
277.438507	10.197377	-267.370575	-109.441727	10.19276	6.042085	280.238678	4	-40	1.18	21.557829	2.743	0.602	-1.360	-0.979
288.810425	47.331062	-245.360306	-73.777008	65.448135	6.042085	290.96167	4	-36	1.18	21.975317	2.374	0.538	-1.002	-0.736
288.088409	47.138657	-244.819046	-72.02874	66.8787	6.236991	291.121735	4	-36	1.18	21.973973	2.365	0.529	-0.995	-0.731
288.088409	47.908268	-243.736588	-71.504257	67.951607	6.431898	291.441803	4	-36	1.18	21.9788	2.358	0.529	-0.991	-0.727
287.005341	48.485477	-244.819046	-75.525284	65.984589	6.236991	292.08197	4	-36	1.18	22.010975	2.352	0.548	-1.000	-0.736
299.640808	81.001495	-217.757278	-32.867485	120.345863	6.431898	302.32486	4	-32	1.18	22.394497	2.106	0.464	-0.741	-0.536
300.182343	80.017097	-219.922211	-34.266102	119.809395	6.431898	302.804993	4	-32	1.18	22.412659	2.107	0.463	-0.741	-0.541
299.640808	80.424286	-218.118103	-34.790585	120.167046	6.236991	303.285126	4	-32	1.18	22.438168	2.099	0.467	-0.743	-0.538
300.182343	79.462273	-217.937683	-32.867485	119.094116	6.431898	303.765289	4	-32	1.18	22.44894	2.119	0.459	-0.755	-0.539
306.31955	110.246674	-185.102707	9.462229	170.773102	6.82171	311.839935	4	-28	1.18	22.737195	1.900	0.390	-0.546	-0.366
306.139038	111.978302	-186.185181	8.588305	173.455399	6.626803	312.24765	4	-28	1.18	22.759645	1.877	0.394	-0.529	-0.364
306.139038	109.669479	-186.72641	6.660316	170.773102	6.431898	312.567719	4	-28	1.18	22.778812	1.890	0.395	-0.544	-0.370
306.861084	112.52404	-183.659409	9.639936	173.276581	7.016615	312.727783	4	-28	1.18	22.763008	1.885	0.395	-0.536	-0.361
312.276276	140.261459	-149.381134	53.107338	220.842682	7.016615	324.411072	4	-24	1.18	23.193894	1.716	0.324	-0.385	-0.205
313.720306	142.185501	-151.546082	52.392895	222.452072	7.016615	324.891205	4	-24	1.18	23.211431	1.710	0.330	-0.377	-0.208
312.998291	143.147507	-150.463593	52.743347	223.167358	6.82171	325.211304	4	-24	1.18	23.230225	1.704	0.332	-0.375	-0.205
312.81778	142.955093	-149.741959	51.166306	223.167358	6.626803	325.767059	4	-24	1.18	23.257594	1.698	0.337	-0.377	-0.205
315.705902	171.045868	-110.953377	91.141312	266.084137	7.406428	336.414429	4	-20	1.18	23.614417	1.546	0.290	-0.255	-0.063
314.983856	169.699036	-111.314201	93.396065	267.514709	7.211522	336.652649	4	-20	1.18	23.629956	1.542	0.276	-0.250	-0.058
317.510956	171.575119	-110.772972	94.272202	267.514709	7.211522	336.894562	4	-20	1.18	23.63863	1.553	0.280	-0.252	-0.056
318.413483	170.27626	-111.675026	95.498795	267.693542	7.211522	336.492584	4	-20	1.18	23.624214	1.560	0.271	-0.249	-0.055
278.160553	171.430679	-56.829777	115.153557	269.48172	6.431898	307.926422	4	-16	1.18	22.605479	1.394	0.234	-0.160	0.095
273.647858	170.083862	-56.28854	112.671051	267.693542	6.626803	307.286255	4	-16	1.18	22.574151	1.378	0.240	-0.165	0.090
274.911407	169.891449	-57.731838	113.576111	268.22998	6.431898	306.165955	4	-16	1.18	22.539384	1.384	0.234	-0.158	0.089
273.8284	169.121841	-58.092659	113.225563	268.766449	6.236991	305.685791	4	-16	1.18	22.528656	1.376	0.232	-0.153	0.088
245.127838	168.929443	-14.613371	123.184685	267.872345	6.042085	287.120605	4	-12	1.18	21.826687	1.216	0.214	-0.090	0.226
244.405823	167.005402	-14.793784	123.391319	267.693542	6.042085	286.480408	4	-12	1.18	21.801816	1.215	0.204	-0.088	0.226
240.79567	166.381714	-11.90719	120.906731	264.832397	5.847179	285.906616	4	-12	1.18	21.787084	1.201	0.216	-0.100	0.231
243.142288	166.620605	-13.170074	121.638603	264.474762	6.236991	285.200043	4	-12	1.18	21.744395	1.219	0.214	-0.099	0.228
209.387558	159.309311	27.097263	117.577423	258.394867	5.652272	268.937927	4	-8	1.18	21.124556	0.980	0.224	-0.057	0.358
208.485016	159.694107	25.471428	115.85463	256.427856	5.652272	267.595123	4	-8	1.18	21.070617	0.985	0.236	-0.060	0.350
207.762985	159.501724	25.652077	114.948997	255.176132	5.652272	265.994659	4	-8	1.18	21.006148	0.985	0.241	-0.059	0.350
206.679962	158.732101	26.194019	115.124237	254.460831	5.457366	264.935852	4	-8	1.18	20.971267	0.982	0.237	-0.057	0.355
182.311569	163.926971	65.033447	109.51696	262.150085	5.652272	267.11499	4	-4	1.18	21.051298	0.671	0.311	-0.028	0.467
182.853088	165.273788	64.67215	108.493225	261.256012	5.652272	267.755157	4	-4	1.18	21.077053	0.677	0.325	-0.037	0.463
185.921707	166.043396	63.588257	110.421211	262.507721	6.042085	268.395355	4	-4	1.18	21.087118	0.697	0.317	-0.034	0.461
184.658157	165.08139	64.130203	109.51696	262.686554	5.652272	268.875488	4	-4	1.18	21.122051	0.685	0.316	-0.035	0.462
168.232071	181.050797	106.763245	109.867416	283.966156	6.236991	285.906616	4	0	1.18	21.771915	0.350	0.405	-0.011	0.581
170.03714	180.281189	106.943901	111.648117	283.429687	6.042085	286.640472	4	0	1.18	21.808037	0.362	0.394	-0.018	0.593
168.232071	181.769608	108.208443	110.947021	286.290802	6.236991	287.347382	4	0	1.18	21.827924	0.340	0.401	-0.006	0.585
170.03714	179.511581	108.208443	112.846275	284.144958	6.236991	287.987701	4	0	1.18	21.85277	0.356	0.384	-0.022	0.601
144.946732	190.286118	152.828613	118.628784	297.198822	6.82171	300.79425	4	4	1.18	22.321705	-0.048	0.433	-0.022	0.755
145.849258	191.440536	152.467316	117.927864	297.556458	6.626803	301.044495	4	4	1.18	22.3386	-0.040	0.444	-0.021	0.756
147.29332	191.825333	151.925369	117.752647	298.092926	6.431898	301.75473	4	4	1.18	22.372912	-0.028	0.447	-0.022	0.762
144.044205	192.348785	153.189911	116.906273	300.059937	6.626803	302.07489	4	4	1.18	22.377656	-0.054	0.445	-0.012	0.730
114.621635	198.503952	196.726212	128.61673	309.537384	6.626803	312.800415	4	8	1.18	22.780218	-0.437	0.372	-0.017	0.612
115.524162	199.906235	196.364914	127.773125	309.537384	7.016615	313.207947	4	8	1.18	22.780878	-0.430	0.384	-0.020	0.610
112.275055	198.751831	199.25528	129.843323	308.643311	6.82171	313.440735	4	8	1.18	22.796782	-0.464	0.367	-0.026	0.609
115.163162	198.696304	197.087509	129.525833	308.285675	6.82171	314.24115	4	8	1.18	22.826517	-0.441	0.372	-0.032	0.621
77.437294	201.966232	235.565628	140.882645	315.796082	6.82171	324.891205	4	12	1.18	23.218545	-0.765	0.296	-0.044	0.495
76.715271	201.445465	236.468857	142.284454	317.58429	6.626803	324.966644	4	12	1.18	23.228411	-0.768	0.284	-0.035	0.494
76.53476	203.312668	238.997955	144.036728	319.372467	6.82171	325.286804	4	12	1.18	23.232979	-0.777	0.283	-0.028	0.495
74.729698	201.196838	238.456009	143.686264	317.405487	7.016615	326.011505	4	12	1.18	23.252297	-0.786	0.276	-0.041	0.491
31.227625	197.92691	264.469391	147.015579	310.073853	7.016615	327.611969	4	16	1.18	23.310555	-1.056	0.230	-0.079	0.372
31.408133	197.982208	264.469391	145.789001	310.610321	7.211522	327.688049	4	16	1.18	23.306234	-1.050	0.235	-0.077	0.367
32.130157	195.673386	263.204834	147.190811	310.073853	7.211522	328.168304	4	16	1.18	23.323691	-1.048	0.220	-0.082	0.374
30.144588	197.734558	266.456512	147.929382	312.398529	6.82171	327.932068	4	16	1.18	23.32927	-1.058	0.223	-0.070	0.368
-18.738314	194.71138	293.011871	139.656036	302.20578	6.82171	332.4133	4	20	1.18	23.491491	-1.290	0.228	-0.125	0.222
-19.639194	192.017731	290.663422	138.114151	300.775208	6.626803	331.453064	4	20	1.18	23.463866	-1.285	0.223	-0.127	0.218
-19.639194	191.055725	289.579529	136.501953	297.556458	7.016615	330.089294	4	20	1.18	23.400445	-1.293	0.228	-0.136	0.215
-18.017609	191.964096	288.495636	137.378082	299.344635	7.211522	328.968689	4	20	1.18	23.352754	-1.279	0.228	-0.124	0.219
-60.719341	164.696579	285.243988	110.393105	259.825439	6.236991	305.916901	4	24	1.18	22.537348	-1.472	0.231	-0.196	0.079
-59.097759	163.88118	282.895538	110.393105	256.785492	6.431898	305.27655	4	24	1.18	22.505919	-1.480	0.231	-0.210	0.083
-59.638287	163.734573	282.714874	109.341736	255.891403	6.431898	304.476135	4	24	1.18	22.475759	-1.482	0.235	-0.210	0.080
-59.458107	163.734573	282.353577	108.290375	257.143127	6.626803	303.515656	4	24	1.18	22.432152	-1.469	0.238	-0.199	0.076
-93.331207	130.641342	269.16626	78.501747	212.080505	5.847179	279.59848	4	28	1.18	21.540317	-1.652	0.238	-0.308	-0.060
-92.250153	130.064133	266.81781	77.275154	210.292313	5.847179	279.118347	4	28	1.18	21.521419	-1.649	0.242	-0.316	-0.061
-92.610512	130.448929	268.443665	77.645386	212.259323	6.236991	279.278412	4	28	1.18	21.51237	-1.643	0.240	-0.305	-0.062
-92.430336	130.448929	267.901703	79.57338	212.616959	6.042085	278.958313	4	28	1.18	21.507438	-1.645	0.232	-0.303	-0.057
-125.762917	101.396156	260.675781	48.199726	170.594284	5.652272	264.874359	4	32	1.18	20.960903	-1.846	0.254	-0.450	-0.212
-123.780975	99.856941	257.604736	48.537895	170.773102	5.652272	264.295532	4	32	1.18	20.937488	-1.830	0.246	-0.449	-0.208
-125.042206	100.598419	259.411224	48.187443	171.130737	5.652272	263.975372	4	32	1.18	20.924525	-1.835	0.250	-0.443	-0.210
-124.321503	99.279739	257.7854	49.601902	170.773102	5.457366	263.273926	4	32	1.18	20.904	-1.836	0.239	-0.444	-0.206
-172.248337	74.26741	270.972717	16.646544	135.36673	6.042085	274.317017	4	36	1.18	21.323773	-2.079	0.270	-0.652	-0.393
-172.788864	73.690201	272.237274	18.749271	137.333755	6.042085	274.860962	4	36	1.18	21.345379	-2.076	0.256	-0.642	-0.387
-173.689758	72.728188	272.779205	19.450178	136.797302	6.042085	275.437317	4	36	1.18	21.36825	-2.087	0.249	-0.648	-0.389
-172.788864	74.823677	273.321167	18.048361	137.691391	6.042085	276.141632	4	36	1.18	21.396164	-2.074	0.264	-0.644	-0.388
-222.936111	42.316734	288.134338	-19.755455	94.416962	6.431898	288.948181	4	40	1.18	21.88244	-2.369	0.288	-0.902	-0.592
-222.157104	41.751389	287.231079	-18.182013	94.416962	6.626803	289.748596	4	40	1.18	21.905877	-2.374	0.279	-0.910	-0.591
-225.400299	41.94379	290.12146	-16.958221	96.920448	6.431898	290.001434	4	40	1.18	21.923192	-2.364	0.270	-0.885	-0.585
-225.58046	42.328598	288.856934	-19.4058	95.311066	6.431898	290.709106	4	40	1.18	21.950531	-2.362	0.283	-0.897	-0.592
-276.029755	2.500502	303.128174	-64.686005	39.519238	6.431898	303.125092	4	44	1.18	22.42476	-2.760	0.320	-1.256	-0.842
-277.183319	0.769655	303.670135	-62.937733	42.201534	6.431898	303.925323	4	44	1.18	22.454981	-2.736	0.300	-1.233	-0.831
-275.849579	1.731667	302.04425	-63.462208	41.128616	6.236991	304.316071	4	44	1.18	22.477072	-2.742	0.309	-1.249	-0.834
-276.930664	2.116472	304.573364	-63.637039	43.095638	6.431898	305.045624	4	44	1.18	22.497222	-2.725	0.308	-1.228	-0.828
306.861084	15.00744	-337.190002	-219.058273	-47.633671	6.431898	319.609741	8	-44	1.18	23.039313	2.794	1.016	-1.593	-1.235
306.31955	16.546659	-340.978668	-223.77861	-51.736942	6.431898	320.089874	8	-44	1.18	23.056967	2.807	1.042	-1.612	-1.252
307.763611	12.121403	-344.767303	-225.526855	-55.483414	6.82171	320.484344	8	-44	1.18	23.057137	2.841	1.035	-1.637	-1.271
307.583099	14.430232	-339.17453	-220.631714	-49.417706	6.626803	320.890076	8	-44	1.18	23.079203	2.806	1.020	-1.607	-1.243
319.857544	55.396458	-318.787964	-184.44252	13.05388	6.82171	330.409454	8	-40	1.18	23.41909	2.413	0.906	-1.199	-0.976
321.662598	54.257545	-320.411682	-185.841141	11.444501	7.016615	330.812866	8	-40	1.18	23.426635	2.427	0.908	-1.207	-0.983
320.399048	50.601902	-318.968384	-178.673233	13.2327	6.82171	331.209869	8	-40	1.18	23.448037	2.440	0.875	-1.213	-0.976
321.662598	53.680344	-316.983856	-183.743225	12.69624	6.82171	331.613098	8	-40	1.18	23.462606	2.428	0.903	-1.212	-0.978
319.496552	89.082397	-278.375671	-133.917511	71.706833	7.016615	325.606995	8	-36	1.18	23.23755	2.152	0.803	-0.914	-0.767
317.330444	87.73558	-274.045807	-131.819595	71.170372	6.82171	324.326324	8	-36	1.18	23.197918	2.157	0.801	-0.924	-0.765
314.983856	87.350777	-273.324158	-131.469925	71.885651	6.82171	322.810608	8	-36	1.18	23.14248	2.145	0.798	-0.915	-0.763
313.900848	86.388763	-272.422119	-129.197174	70.812729	7.016615	321.530243	8	-36	1.18	23.088395	2.159	0.794	-0.923	-0.765
291.157013	111.016296	-214.149033	-72.553223	119.272942	6.431898	297.523529	8	-32	1.18	22.212061	1.924	0.699	-0.679	-0.570
287.727386	109.831161	-212.52533	-74.476318	118.378845	6.236991	296.883362	8	-32	1.18	22.195066	1.910	0.704	-0.682	-0.572
288.26889	110.246674	-210.179977	-72.378387	119.809395	6.431898	296.151886	8	-32	1.18	22.159667	1.909	0.699	-0.675	-0.566
285.741791	110.246674	-210.360382	-73.252525	120.345863	6.236991	295.191376	8	-32	1.18	22.130368	1.892	0.700	-0.667	-0.565
270.03775	126.757851	-162.551208	-28.671631	153.427551	6.042085	278.798279	8	-28	1.18	21.501131	1.737	0.624	-0.503	-0.408
270.398743	127.178093	-163.453262	-29.895424	152.533463	5.847179	277.902527	8	-28	1.18	21.47349	1.741	0.630	-0.503	-0.411
268.232697	126.793297	-160.92749	-27.797501	153.606369	6.042085	277.357849	8	-28	1.18	21.444282	1.731	0.623	-0.499	-0.405
266.608093	125.831276	-160.566666	-28.496807	152.71228	5.652272	276.942017	8	-28	1.18	21.443253	1.728	0.624	-0.502	-0.405
249.459991	141.608276	-117.628624	12.269012	178.819992	5.457366	261.513428	8	-24	1.18	20.832506	1.586	0.559	-0.357	-0.251
249.098984	140.606979	-117.989449	10.688819	177.210617	5.457366	261.353363	8	-24	1.18	20.825994	1.590	0.563	-0.364	-0.256
248.196442	141.184006	-116.546143	11.564955	178.819992	5.457366	261.894318	8	-24	1.18	20.847995	1.577	0.560	-0.359	-0.251
251.084564	140.261459	-119.071915	10.513592	176.674164	5.457366	262.374542	8	-24	1.18	20.867507	1.603	0.562	-0.371	-0.259
257.221802	165.227615	-91.649284	46.259941	216.014542	6.431898	277.902527	8	-20	1.18	21.450402	1.461	0.498	-0.259	-0.122
255.777725	166.043396	-90.386406	47.661762	218.875656	6.431898	278.47818	8	-20	1.18	21.473132	1.441	0.493	-0.248	-0.116
258.124298	166.043396	-91.829704	44.869564	216.729828	6.431898	279.278412	8	-20	1.18	21.504691	1.457	0.504	-0.260	-0.125
258.846344	166.381714	-92.370941	45.033348	217.087463	6.431898	279.983582	8	-20	1.18	21.532463	1.459	0.504	-0.261	-0.125
259.026855	187.732437	-54.845245	80.429245	251.063278	6.431898	294.230896	8	-16	1.18	22.08608	1.317	0.450	-0.181	0.027
259.568359	189.901306	-55.927719	79.398102	251.778549	6.431898	294.962799	8	-16	1.18	22.114146	1.314	0.460	-0.180	0.022
261.012421	189.708908	-56.829777	79.027428	250.526794	6.431898	295.442932	8	-16	1.18	22.132538	1.328	0.462	-0.188	0.019
261.192902	192.210144	-56.829777	78.501747	251.778549	6.431898	296.151886	8	-16	1.18	22.159667	1.320	0.472	-0.184	0.018
253.792145	208.506104	-13.711311	96.374924	279.674469	6.626803	307.357635	8	-12	1.18	22.576831	1.122	0.470	-0.116	0.146
253.431152	208.75676	-12.448427	96.550156	278.780334	6.82171	307.766388	8	-12	1.18	22.584856	1.123	0.474	-0.122	0.149
255.236206	207.794739	-12.448427	97.601517	279.674469	6.82171	308.406586	8	-12	1.18	22.608865	1.129	0.465	-0.121	0.151
256.499756	208.75676	-15.515432	97.776741	279.13797	6.626803	308.79837	8	-12	1.18	22.630846	1.143	0.466	-0.125	0.145
243.683792	222.609726	30.168289	96.750008	297.73526	6.82171	318.649445	8	-8	1.18	22.989597	0.911	0.537	-0.089	0.242
242.059219	222.739899	31.794127	95.674011	298.987	6.82171	319.36377	8	-8	1.18	23.015914	0.894	0.540	-0.087	0.242
242.600769	223.764145	29.806992	95.69838	301.311676	7.211522	319.609741	8	-8	1.18	23.010617	0.892	0.537	-0.077	0.233
244.586319	222.609726	30.890881	96.750008	299.165833	7.016615	320.249908	8	-8	1.18	23.041352	0.908	0.535	-0.090	0.241
221.481491	237.358414	78.943382	89.365837	319.730133	7.016615	330.729614	8	-4	1.18	23.423623	0.605	0.628	-0.047	0.327
220.578979	236.781372	78.582085	88.840149	319.908936	7.211522	331.209869	8	-4	1.18	23.433944	0.601	0.626	-0.048	0.324
221.662003	239.925949	79.846626	88.4897	321.697144	7.211522	331.690094	8	-4	1.18	23.451305	0.597	0.638	-0.042	0.324
222.203506	238.194321	78.040138	86.759521	318.478394	7.211522	331.933197	8	-4	1.18	23.460088	0.611	0.641	-0.057	0.318
186.824234	234.665512	120.67318	84.809929	319.372467	6.626803	325.606995	8	0	1.18	23.251761	0.305	0.692	-0.029	0.444
187.726761	235.115906	119.769943	82.882431	316.869019	6.82171	324.326324	8	0	1.18	23.197918	0.315	0.706	-0.035	0.438
186.463226	234.088486	120.311882	84.284248	316.511383	7.016615	323.365814	8	0	1.18	23.155671	0.309	0.699	-0.032	0.445
185.199692	233.384277	120.131241	84.634697	317.405487	6.626803	321.850342	8	0	1.18	23.114437	0.303	0.692	-0.021	0.445
144.585724	221.393448	153.912521	79.903564	297.914093	6.236991	302.875336	8	4	1.18	22.422686	-0.050	0.762	-0.027	0.571
145.849258	221.393448	152.828613	80.449738	294.51651	6.431898	302.164825	8	4	1.18	22.388441	-0.038	0.777	-0.042	0.588
144.405212	220.816406	153.37056	79.92392	298.808197	6.626803	301.524658	8	4	1.18	22.356808	-0.048	0.755	-0.015	0.565
142.600143	218.569275	153.37056	79.903564	297.019989	6.236991	300.79425	8	4	1.18	22.343894	-0.058	0.746	-0.020	0.565
106.137833	207.409943	181.551727	79.377884	277.886261	6.042085	285.520172	8	8	1.18	21.764459	-0.407	0.692	-0.041	0.468
106.318329	206.390259	179.745255	78.676979	276.276886	6.431898	284.946136	8	8	1.18	21.726897	-0.400	0.695	-0.047	0.468
108.123398	205.870712	179.56459	80.254021	276.276886	6.042085	283.825531	8	8	1.18	21.698373	-0.392	0.690	-0.041	0.484
106.137833	205.101105	178.480698	79.377884	274.309845	5.847179	282.865051	8	8	1.18	21.668453	-0.398	0.692	-0.047	0.479
69.675507	190.670914	195.100357	84.985161	258.394867	5.847179	268.075256	8	12	1.18	21.082087	-0.693	0.584	-0.053	0.395
69.675507	190.863327	194.739059	84.284248	256.964325	5.652272	267.595123	8	12	1.18	21.070617	-0.695	0.592	-0.059	0.396
69.675507	189.51651	194.016479	85.510841	256.070221	5.652272	267.11499	8	12	1.18	21.051298	-0.697	0.583	-0.062	0.403
68.411964	189.655914	193.113235	84.656258	253.566742	5.457366	266.634857	8	12	1.18	21.039813	-0.704	0.593	-0.074	0.401
31.227625	191.771759	223.462173	95.674011	257.858429	6.042085	276.781952	8	16	1.18	21.421511	-0.989	0.494	-0.097	0.295
31.949652	194.134171	225.088028	96.574738	258.752502	6.042085	277.517914	8	16	1.18	21.450607	-0.993	0.502	-0.096	0.299
31.769144	193.17215	225.810623	97.075836	260.004272	6.042085	278.542847	8	16	1.18	21.491061	-0.992	0.491	-0.095	0.298
33.393703	192.979752	224.00412	97.25106	258.5737	5.847179	279.118347	8	16	1.18	21.521419	-0.986	0.495	-0.106	0.308
-11.351094	196.635391	255.978912	94.447426	261.971283	6.236991	293.590576	8	20	1.18	22.068982	-1.213	0.464	-0.143	0.160
-11.891622	196.058197	255.798248	92.718758	260.898346	6.431898	294.162567	8	20	1.18	22.083458	-1.214	0.469	-0.151	0.154
-11.531271	193.17215	254.533722	93.595116	260.719543	6.431898	294.482666	8	20	1.18	22.095739	-1.211	0.453	-0.154	0.157
-12.612326	197.212601	257.604736	93.220833	262.865356	6.236991	294.871216	8	20	0	Inf	-1.214	0.467	-0.144	0.153
-60.539169	191.055725	283.618134	79.027428	255.533768	6.626803	309.846985	8	24	1.18	22.67008	-1.397	0.455	-0.221	0.011
-61.440048	190.478516	283.979431	77.976067	256.427856	6.82171	310.647217	8	24	1.18	22.692697	-1.392	0.453	-0.218	0.006
-60.178814	191.964096	283.437469	77.976067	255.35495	6.431898	311.35968	8	24	1.18	22.733824	-1.394	0.463	-0.227	0.010
-61.079697	193.17215	285.063293	77.275154	256.606689	6.431898	311.607483	8	24	1.18	22.74306	-1.393	0.466	-0.221	0.007
-111.889351	177.395157	306.74115	51.516758	240.691696	7.016615	323.450806	8	28	1.18	23.158781	-1.545	0.465	-0.306	-0.137
-110.98848	177.395157	306.560486	49.414032	240.691696	6.82171	324.326324	8	28	1.18	23.197918	-1.538	0.471	-0.308	-0.139
-110.808296	176.576202	305.837891	49.063576	239.797607	7.016615	324.966644	8	28	1.18	23.214185	-1.539	0.471	-0.315	-0.140
-112.819725	177.537933	309.450867	50.114941	241.5858	6.431898	325.531372	8	28	1.18	23.256109	-1.547	0.467	-0.308	-0.138
-167.383591	154.69165	327.335052	13.317227	210.47113	7.211522	337.613129	8	32	1.18	23.664377	-1.721	0.492	-0.442	-0.293
-170.266418	156.187225	329.141571	13.671187	211.72287	7.406428	337.854828	8	32	1.18	23.666052	-1.722	0.491	-0.435	-0.296
-167.924118	156.187225	328.599609	14.193363	214.047531	7.211522	338.573608	8	32	1.18	23.698748	-1.707	0.488	-0.428	-0.289
-167.203415	160.271332	330.586731	14.894272	215.656906	7.016615	338.975159	8	32	1.18	23.720068	-1.706	0.498	-0.423	-0.285
-202.157578	115.441551	310.354095	-24.65061	155.394577	6.626803	315.041565	8	36	1.18	22.86344	-1.907	0.521	-0.594	-0.447
-201.076523	118.135185	309.450867	-25.874401	154.500488	6.626803	314.328247	8	36	1.18	22.836985	-1.905	0.537	-0.596	-0.448
-201.797211	116.018753	308.908905	-26.398884	154.142838	6.82171	313.367981	8	36	1.18	22.794077	-1.904	0.531	-0.594	-0.451
-199.094589	118.102165	307.102417	-26.224056	153.785187	6.626803	312.96051	8	36	1.18	22.786173	-1.900	0.542	-0.597	-0.448
-226.301178	77.708908	291.747314	-61.713947	97.99337	6.236991	295.991791	8	40	1.18	22.160998	-2.141	0.576	-0.818	-0.621
-229.003799	76.554817	293.553772	-64.511177	95.668709	6.236991	295.351471	8	40	1.18	22.136498	-2.156	0.582	-0.824	-0.631
-230.985764	75.614227	293.734467	-64.161522	95.132248	6.236991	294.711151	8	40	1.18	22.111971	-2.162	0.576	-0.822	-0.634
-223.598526	76.191437	289.579529	-62.937733	95.311066	6.236991	293.842468	8	40	1.18	22.078652	-2.151	0.583	-0.832	-0.627
-247.381775	34.247688	273.321167	-93.532463	38.446316	5.847179	276.301697	8	44	1.18	21.41022	-2.493	0.612	-1.139	-0.844
-245.580017	37.710934	273.682465	-97.378662	39.519238	5.847179	275.981537	8	44	1.18	21.397543	-2.461	0.640	-1.121	-0.840
-245.039474	35.209702	271.695312	-98.602448	36.121658	6.042085	275.277283	8	44	1.18	21.361902	-2.485	0.644	-1.150	-0.855
-245.399841	37.123318	271.153381	-98.42762	37.194576	6.042085	274.700867	8	44	1.18	21.339022	-2.470	0.648	-1.136	-0.851
241.878738	40.019764	-280.901459	-216.785507	-43.887203	5.652272	259.432831	12	-44	1.18	20.739734	2.551	1.253	-1.480	-1.242
241.698227	39.442558	-280.17981	-214.337952	-42.103168	5.652272	260.073029	12	-44	1.18	20.765877	2.544	1.237	-1.473	-1.233
241.5177	39.442558	-278.556091	-213.988297	-41.746365	5.26246	260.713196	12	-44	1.18	20.807867	2.543	1.239	-1.479	-1.230
244.225311	39.827362	-282.525177	-216.610703	-42.103168	5.26246	261.513428	12	-44	1.18	20.840434	2.539	1.236	-1.463	-1.228
262.997986	74.631332	-270.79837	-193.009048	9.656301	6.236991	278.863007	12	-40	1.18	21.495999	2.210	1.108	-1.114	-0.986
265.164062	73.305397	-273.504578	-193.533524	8.22574	6.042085	279.59848	12	-40	1.18	21.532648	2.228	1.104	-1.123	-0.991
266.788635	74.054283	-275.128265	-195.456635	7.331642	6.042085	280.078613	12	-40	1.18	21.551536	2.234	1.111	-1.124	-0.995
263.53949	73.112991	-272.963348	-194.407654	7.689281	6.236991	280.783997	12	-40	1.18	21.571599	2.223	1.108	-1.131	-0.994
281.048645	110.792915	-250.231415	-161.190536	64.375214	6.431898	296.472046	12	-36	1.18	22.171908	1.967	1.007	-0.859	-0.785
284.117249	111.785896	-255.463364	-164.861893	63.123474	6.431898	297.043396	12	-36	1.18	22.193735	1.974	1.012	-0.856	-0.793
282.853699	109.86187	-253.659256	-162.239502	62.944656	6.626803	297.592621	12	-36	1.18	22.20726	1.981	1.004	-0.866	-0.792
286.102814	111.016296	-256.184998	-163.463287	62.944656	6.626803	298.393036	12	-36	1.18	22.237784	1.988	1.006	-0.863	-0.794
297.29425	144.879135	-229.484039	-120.630661	120.882324	6.626803	312.887848	12	-32	1.18	22.78347	1.780	0.897	-0.649	-0.614
297.474731	146.377441	-229.664444	-123.602722	121.239975	6.82171	313.440735	12	-32	1.18	22.796782	1.770	0.906	-0.645	-0.616
300.543335	147.723877	-232.009827	-125.875465	118.200027	6.82171	313.92099	12	-32	1.18	22.814628	1.792	0.921	-0.659	-0.625
298.196747	146.185089	-231.649002	-124.826508	120.524681	7.016615	314.721405	12	-32	1.18	22.837109	1.773	0.907	-0.650	-0.620
309.207642	176.048325	-203.50473	-86.189735	167.911972	6.82171	326.331604	12	-28	1.18	23.271059	1.639	0.838	-0.507	-0.485
307.222076	177.345596	-198.814026	-82.518356	172.918945	6.82171	327.047729	12	-28	1.18	23.297123	1.614	0.829	-0.492	-0.470
307.583099	176.625534	-197.370712	-81.819054	172.203644	7.016615	327.451935	12	-28	1.18	23.304736	1.619	0.829	-0.498	-0.470
308.124603	177.779953	-199.535675	-81.993881	172.918945	6.82171	327.848145	12	-28	1.18	23.326221	1.618	0.828	-0.494	-0.470
314.803345	208.17955	-165.076981	-37.937466	219.769775	6.82171	339.213959	12	-24	1.18	23.735557	1.494	0.766	-0.372	-0.337
312.998291	207.159653	-161.649155	-33.566792	221.915619	7.016615	338.733704	12	-24	1.18	23.71144	1.485	0.753	-0.366	-0.327
312.81778	205.870712	-162.009979	-35.31506	217.623917	7.406428	337.613129	12	-24	1.18	23.657396	1.501	0.763	-0.379	-0.335
311.193237	205.870712	-160.747086	-35.140232	218.518005	7.211522	336.574493	12	-24	1.18	23.627152	1.491	0.762	-0.373	-0.332
282.492706	211.583664	-105.721428	9.990479	234.254166	6.82171	313.440735	12	-20	1.18	22.796782	1.376	0.715	-0.281	-0.194
280.687622	209.660187	-102.834831	12.265863	233.538895	6.82171	312.480255	12	-20	1.18	22.761048	1.376	0.708	-0.283	-0.187
281.590149	209.08313	-106.082253	9.464664	231.750702	6.82171	311.67984	12	-20	1.18	22.731227	1.384	0.713	-0.285	-0.197
278.160553	209.08313	-103.55648	10.516295	233.538895	6.82171	310.71933	12	-20	1.18	22.695389	1.363	0.709	-0.276	-0.190
248.015961	210.488373	-53.041126	42.229717	239.797607	6.236991	290.96167	12	-16	1.18	21.967799	1.228	0.686	-0.209	-0.047
249.098984	210.873184	-52.139065	45.559032	239.976425	6.236991	290.321503	12	-16	1.18	21.943089	1.238	0.680	-0.207	-0.039
248.196442	211.450394	-53.041126	44.507668	241.049347	6.431898	289.681305	12	-16	1.18	21.910814	1.228	0.681	-0.198	-0.044
248.376953	209.08313	-51.958649	45.909489	238.903519	6.431898	289.268341	12	-16	1.18	21.894836	1.241	0.674	-0.208	-0.039
217.690857	207.987137	-6.675243	49.063576	239.61879	5.652272	274.860962	12	-12	1.18	21.36085	1.027	0.728	-0.161	0.071
218.77388	209.333969	-7.21648	49.601902	240.155243	5.652272	274.156982	12	-12	1.18	21.332902	1.032	0.729	-0.155	0.071
217.329819	208.75676	-5.231948	49.063576	240.512878	5.847179	273.740387	12	-12	1.18	21.308597	1.018	0.731	-0.152	0.074
218.593369	208.890793	-6.494831	50.114941	239.797607	5.847179	272.939972	12	-12	1.18	21.27674	1.033	0.728	-0.152	0.073
194.044495	208.313736	32.697369	43.806763	242.301071	5.457366	265.576172	12	-8	1.18	20.997127	0.791	0.806	-0.114	0.161
193.502991	208.75676	32.336071	42.930622	244.268112	5.457366	266.376617	12	-8	1.18	21.029408	0.780	0.803	-0.107	0.156
195.308044	208.698441	32.155418	44.332447	242.837524	5.847179	266.856873	12	-8	1.18	21.033053	0.797	0.803	-0.117	0.158
192.78096	210.295975	33.419964	41.178356	245.341019	5.652272	267.595123	12	-8	1.18	21.070617	0.766	0.813	-0.107	0.152
183.394623	227.740982	73.523926	33.293129	268.766449	6.431898	283.825531	12	-4	1.18	21.683144	0.510	0.903	-0.070	0.218
184.29715	230.049164	74.246521	34.519718	269.660522	6.042085	284.625977	12	-4	1.18	21.729613	0.511	0.908	-0.070	0.225
185.560699	229.151413	73.885223	35.921539	267.872345	6.236991	285.200043	12	-4	1.18	21.744395	0.524	0.907	-0.081	0.229
185.199692	230.690643	74.788467	34.870174	271.448761	6.236991	286.000305	12	-4	1.18	21.775562	0.510	0.904	-0.067	0.224
168.954102	245.120819	116.518272	35.921539	290.403656	6.626803	301.594666	12	0	1.18	22.359462	0.245	0.977	-0.052	0.325
168.051559	245.62941	118.144112	36.271992	291.834229	6.626803	302.07489	12	0	1.18	22.377656	0.233	0.975	-0.048	0.329
169.134598	246.275238	117.24086	35.395855	293.622406	6.431898	302.71524	12	0	1.18	22.409265	0.239	0.970	-0.042	0.322
170.398148	247.36055	118.505409	36.271992	292.5495	6.431898	303.355591	12	0	1.18	22.433469	0.241	0.981	-0.050	0.330
146.932297	256.785645	162.403	41.704037	307.391541	6.431898	316.642395	12	4	1.18	22.929905	-0.073	1.009	-0.043	0.412
147.834824	258.781403	160.596497	38.900398	307.749207	6.626803	316.80246	12	4	1.18	22.928617	-0.060	1.026	-0.042	0.405
148.917877	258.588989	161.499741	39.951763	307.928009	6.82171	317.602875	12	4	1.18	22.950985	-0.059	1.024	-0.045	0.410
148.917877	259.670868	160.957794	39.776535	307.391541	6.82171	317.923065	12	4	1.18	22.962805	-0.057	1.032	-0.049	0.411
121.661385	264.479584	201.423065	45.383808	313.650238	7.211522	329.8526	12	8	1.18	23.384809	-0.347	0.952	-0.070	0.332
122.744431	266.980133	201.784363	44.157215	313.471436	7.016615	330.24939	12	8	1.18	23.406242	-0.344	0.969	-0.073	0.332
122.202904	268.209137	205.397324	47.136078	315.617249	6.82171	330.889709	12	8	1.18	23.436463	-0.360	0.957	-0.066	0.337
123.105446	267.054718	203.590836	46.610394	314.186707	6.82171	331.209869	12	8	1.18	23.448037	-0.351	0.961	-0.074	0.340
86.282112	262.36377	232.494598	60.803799	307.391541	7.211522	330.172668	12	12	1.18	23.396405	-0.625	0.862	-0.097	0.284
84.296539	260.824982	231.230072	59.577213	304.530426	7.016615	328.968689	12	12	1.18	23.359827	-0.632	0.865	-0.105	0.279
85.921097	261.282623	229.242935	57.82494	305.245728	7.016615	328.168304	12	12	1.18	23.330772	-0.614	0.872	-0.098	0.278
82.310966	261.786713	232.133316	58.701073	307.033905	7.016615	326.971802	12	12	1.18	23.28727	-0.633	0.859	-0.084	0.268
41.155483	232.807053	233.036545	67.287201	270.912262	6.626803	303.195496	12	16	1.18	22.420054	-0.886	0.764	-0.149	0.220
42.419029	233.319092	232.494598	67.287201	271.627563	6.626803	302.395081	12	16	1.18	22.389778	-0.877	0.766	-0.142	0.222
41.697002	234.665512	233.397842	66.411079	273.773407	6.626803	301.75473	12	16	1.18	22.365528	-0.872	0.766	-0.127	0.216
42.238522	234.731094	232.133316	65.184479	271.448761	6.431898	300.88446	12	16	1.18	22.339923	-0.872	0.779	-0.135	0.217
-3.243169	212.353058	237.372131	55.371761	246.592743	6.236991	285.426392	12	20	1.18	21.753215	-1.091	0.712	-0.176	0.090
-4.504403	211.25798	238.27536	56.262234	245.877472	6.042085	284.71991	12	20	1.18	21.733276	-1.104	0.705	-0.177	0.090
-4.14405	210.81427	235.926941	55.897442	244.089279	6.042085	284.145721	12	20	1.18	21.710875	-1.100	0.710	-0.184	0.091
-3.423346	210.488373	236.468857	55.897442	245.341019	6.236991	283.665466	12	20	1.18	21.684505	-1.095	0.706	-0.175	0.091
-45.584549	186.438065	236.468857	35.746307	216.55101	5.847179	270.378662	12	24	1.18	21.174477	-1.274	0.680	-0.243	-0.049
-45.944904	186.438065	236.468857	36.096764	216.193375	5.652272	269.835754	12	24	1.18	21.160543	-1.277	0.680	-0.243	-0.048
-48.287193	186.578323	237.552765	36.105976	215.835724	5.847179	269.098022	12	24	1.18	21.12316	-1.288	0.678	-0.240	-0.054
-47.566486	183.744431	235.20433	36.797672	213.868713	5.847179	268.075256	12	24	1.18	21.082087	-1.290	0.670	-0.247	-0.051
-94.051918	170.85347	253.630493	9.812683	196.344345	6.042085	275.021057	12	28	1.18	21.351734	-1.458	0.675	-0.330	-0.202
-94.232094	172.969894	254.172409	9.462229	197.238449	5.847179	275.821472	12	28	1.18	21.391203	-1.454	0.682	-0.328	-0.201
-94.232094	172.007874	253.811127	9.289392	196.523163	6.236991	276.621857	12	28	1.18	21.407462	-1.456	0.681	-0.335	-0.204
-93.511391	173.690964	255.617599	10.338365	199.56311	6.042085	277.262177	12	28	1.18	21.440501	-1.448	0.677	-0.322	-0.198
-144.861572	161.425751	278.921265	-27.622673	179.177643	6.042085	294.642731	12	32	1.18	22.116818	-1.597	0.712	-0.435	-0.348
-147.564209	162.387741	281.450348	-24.65061	180.787018	6.042085	295.122864	12	32	1.18	22.135208	-1.607	0.701	-0.428	-0.345
-143.23999	163.111786	279.101929	-26.224054	180.965836	6.236991	296.151886	12	32	1.18	22.167119	-1.590	0.713	-0.434	-0.342
-146.843521	163.496475	282.534241	-29.196112	182.217575	6.236991	296.723297	12	32	1.18	22.188953	-1.589	0.713	-0.424	-0.349
-200.716156	143.724701	300.779755	-74.825974	145.917114	6.431898	311.607483	12	36	1.18	22.74306	-1.768	0.770	-0.584	-0.508
-203.598999	145.030991	303.128174	-73.077705	148.599426	6.431898	312.32019	12	36	1.18	22.769602	-1.766	0.760	-0.571	-0.505
-202.157578	145.415695	299.695831	-73.60218	146.990036	6.431898	312.64035	12	36	1.18	22.781514	-1.762	0.769	-0.581	-0.507
-202.517944	145.223343	301.682983	-75.525276	147.526489	6.82171	313.440735	12	36	1.18	22.796782	-1.760	0.770	-0.579	-0.509
-254.408646	118.327576	316.676788	-123.253059	101.03331	7.211522	325.211304	12	40	1.18	23.216001	-1.970	0.833	-0.773	-0.676
-254.949173	117.750374	315.231628	-120.805481	100.139206	7.016615	325.691437	12	40	1.18	23.240629	-1.980	0.828	-0.783	-0.677
-254.048309	118.712387	315.231628	-119.756523	101.927406	7.211522	326.011505	12	40	1.18	23.245192	-1.971	0.826	-0.776	-0.672
-256.277405	115.986328	317.580048	-122.029274	98.887466	7.016615	326.887665	12	40	1.18	23.284208	-1.992	0.826	-0.792	-0.681
-312.065002	81.578705	330.586731	-171.505325	43.632095	7.211522	339.053894	12	44	1.18	23.715917	-2.252	0.887	-1.035	-0.872
-308.461487	81.771103	328.780243	-167.309479	46.850853	7.016615	338.975159	12	44	1.18	23.720068	-2.238	0.875	-1.026	-0.860
-305.938995	81.386299	327.335052	-172.204636	42.380356	7.016615	337.933289	12	44	1.18	23.682815	-2.250	0.901	-1.050	-0.874
-306.379486	81.171188	326.973785	-171.15567	42.916817	7.211522	336.972809	12	44	1.18	23.641435	-2.248	0.896	-1.044	-0.873
268.954712	76.362473	-339.715759	-289.51355	-51.201733	6.236991	302.71524	16	-44	1.18	22.416634	2.311	1.389	-1.344	-1.218
265.525085	77.538254	-336.648773	-291.261841	-51.736942	6.236991	302.07489	16	-44	1.18	22.392413	2.296	1.406	-1.349	-1.221
268.052155	76.768639	-338.452881	-290.387695	-53.699379	6.431898	301.044495	16	-44	1.18	22.345993	2.326	1.408	-1.361	-1.231
264.442047	78.863007	-335.385895	-291.786316	-52.272156	6.431898	300.314026	16	-44	1.18	22.318273	2.295	1.418	-1.349	-1.225
258.846344	104.859406	-286.133423	-236.016495	6.616361	6.236991	285.200043	16	-40	1.18	21.744395	2.036	1.273	-1.041	-0.999
257.402283	104.282204	-285.050934	-235.84166	5.364622	6.236991	284.399841	16	-40	1.18	21.713186	2.041	1.280	-1.050	-1.003
255.958237	103.32019	-283.246826	-234.443054	5.364622	6.236991	283.825531	16	-40	1.18	21.690759	2.041	1.278	-1.054	-1.003
256.499756	101.973373	-286.313843	-234.268219	3.934063	6.236991	283.599609	16	-40	1.18	21.681931	2.054	1.273	-1.058	-1.009
236.463547	118.486862	-226.056213	-175.176682	50.069614	5.067554	258.952698	16	-36	1.18	20.744007	1.845	1.171	-0.833	-0.820
233.575424	118.327576	-225.875809	-179.547379	46.493214	5.457366	257.352234	16	-36	1.18	20.662537	1.844	1.195	-0.846	-0.835
232.672897	118.904785	-222.989197	-176.050827	49.175514	5.457366	256.291412	16	-36	1.18	20.618983	1.832	1.186	-0.833	-0.824
232.672897	117.140419	-220.46344	-171.330505	50.963715	5.26246	255.330933	16	-36	1.18	20.587493	1.836	1.169	-0.828	-0.815
249.821014	151.570847	-206.391327	-146.155411	96.920448	6.042085	273.420227	16	-32	1.18	21.288102	1.670	1.090	-0.646	-0.667
250.362534	151.613205	-206.571732	-145.80574	97.814552	6.042085	273.996918	16	-32	1.18	21.311047	1.668	1.085	-0.643	-0.665
252.167603	152.147888	-209.458328	-148.428146	96.562805	6.042085	275.021057	16	-32	1.18	21.351734	1.676	1.091	-0.648	-0.671
251.987091	151.378494	-208.736664	-145.805756	96.383987	5.847179	275.821472	16	-32	1.18	21.391203	1.684	1.086	-0.656	-0.669
266.608093	182.346664	-187.087234	-115.036186	141.625443	6.626803	293.750671	16	-28	1.18	22.060159	1.550	1.016	-0.520	-0.539
266.608093	184.129242	-187.267654	-116.259972	142.340729	6.431898	294.482666	16	-28	1.18	22.095739	1.543	1.021	-0.517	-0.538
267.149658	184.847198	-189.793411	-116.95929	143.771271	6.236991	295.191376	16	-28	1.18	22.130368	1.538	1.016	-0.510	-0.537
265.525085	184.270142	-187.087234	-117.134109	143.592453	6.82171	295.671631	16	-28	1.18	22.126367	1.531	1.019	-0.514	-0.537
275.452942	212.160721	-151.004852	-74.301491	186.866898	6.626803	310.559265	16	-24	1.18	22.696691	1.424	0.956	-0.413	-0.398
277.077484	211.642792	-152.267731	-72.72805	188.118622	6.626803	311.03949	16	-24	1.18	22.714614	1.428	0.946	-0.409	-0.396
276.174957	212.412399	-155.334732	-76.749069	186.866898	6.626803	311.607483	16	-24	1.18	22.735796	1.425	0.955	-0.412	-0.405
277.257996	212.160721	-154.432678	-76.574242	187.045715	6.626803	312.160095	16	-24	1.18	22.756385	1.427	0.954	-0.414	-0.404
279.785095	240.503174	-108.788429	-33.566795	226.207275	6.82171	324.251038	16	-20	1.18	23.195168	1.307	0.922	-0.330	-0.262
278.160553	241.974792	-107.525543	-35.839542	227.637848	7.211522	324.966644	16	-20	1.18	23.207068	1.289	0.928	-0.325	-0.264
281.229156	241.205383	-108.427612	-31.81852	228.531952	7.016615	325.446899	16	-20	1.18	23.23171	1.305	0.914	-0.325	-0.258
280.146088	243.321228	-108.968842	-36.538849	227.995483	6.82171	326.087219	16	-20	1.18	23.262157	1.294	0.931	-0.326	-0.265
278.882568	268.903625	-60.438015	-2.622406	260.183075	7.601334	338.573608	16	-16	1.18	23.684804	1.163	0.931	-0.269	-0.134
277.619019	267.941864	-56.829777	-0.699309	260.54071	7.406428	339.053894	16	-16	1.18	23.708951	1.156	0.929	-0.271	-0.125
276.174957	268.711273	-57.912251	-5.069984	259.467804	7.211522	339.053894	16	-16	1.18	23.715917	1.148	0.941	-0.274	-0.133
276.716492	266.595428	-56.829777	-1.048962	259.646637	7.211522	338.093384	16	-16	1.18	23.681569	1.156	0.927	-0.272	-0.125
235.019485	257.819397	-0.180412	7.009048	259.646637	6.82171	311.519775	16	-12	1.18	22.725259	0.918	0.979	-0.202	-0.013
234.477966	258.324432	0.722583	5.433414	257.500763	7.016615	310.39917	16	-12	1.18	22.676149	0.919	0.994	-0.208	-0.015
233.214417	256.857361	1.08388	7.184274	258.216064	7.016615	309.526886	16	-12	1.18	22.643527	0.914	0.983	-0.202	-0.011
235.561005	257.626984	0.180638	7.885183	256.606689	7.016615	308.958466	16	-12	1.18	22.622243	0.932	0.989	-0.207	-0.012
201.264755	252.047318	40.284603	-1.398616	256.427856	6.236991	291.761902	16	-8	1.18	21.998648	0.679	1.069	-0.149	0.056
201.80629	250.053436	38.839417	-0.874135	254.103195	6.431898	291.349426	16	-8	1.18	21.975238	0.693	1.067	-0.158	0.053
199.459686	249.353683	40.284603	-0.874135	253.924377	6.236991	290.549011	16	-8	1.18	21.951874	0.680	1.068	-0.156	0.058
199.27919	248.322296	40.103954	-0.699309	253.566742	6.236991	290.001434	16	-8	1.18	21.930724	0.681	1.065	-0.156	0.058
170.217636	242.234787	72.620682	-4.021022	251.420914	5.847179	276.461792	16	-4	1.18	21.416556	0.450	1.134	-0.115	0.131
169.676117	241.397736	73.343277	-3.846194	250.169159	6.042085	276.141632	16	-4	1.18	21.396164	0.447	1.138	-0.121	0.133
170.03714	239.925949	73.162628	-1.573444	250.705612	5.847179	275.501312	16	-4	1.18	21.378515	0.451	1.124	-0.115	0.139
169.315109	239.925949	72.801331	-2.972061	251.242096	6.042085	274.637115	16	-4	1.18	21.33649	0.446	1.123	-0.108	0.133
137.906967	228.766602	98.272766	-2.272752	240.691696	5.457366	259.332977	16	0	1.18	20.743617	0.206	1.199	-0.097	0.221
139.351028	228.318008	97.188881	-1.048962	240.512878	5.457366	258.852753	16	0	1.18	20.723989	0.219	1.192	-0.095	0.221
137.906967	227.933334	97.008232	-2.272752	241.406982	5.26246	258.372498	16	0	1.18	20.712316	0.211	1.186	-0.087	0.217
138.809509	227.356262	95.382393	-2.622406	239.976425	5.457366	257.732178	16	0	1.18	20.678115	0.224	1.188	-0.092	0.211
114.802132	223.31694	120.311882	-0.349654	236.936478	5.067554	252.870987	16	4	1.18	20.494044	-0.031	1.245	-0.089	0.290
114.802132	222.547546	121.034477	-0.349654	235.684753	5.067554	253.730118	16	4	1.18	20.529539	-0.035	1.249	-0.101	0.292
114.621635	223.571732	121.576431	-0.174828	238.367065	5.26246	254.471436	16	4	1.18	20.552082	-0.038	1.235	-0.089	0.287
115.343666	224.855728	123.021606	0.350414	240.155243	5.067554	255.330933	16	4	1.18	20.595515	-0.042	1.231	-0.083	0.290
99.820107	240.118362	157.164185	2.45314	251.599731	5.847179	273.740387	16	8	1.18	21.308597	-0.286	1.186	-0.110	0.226
99.098076	240.0513	158.248077	3.504504	253.209106	5.847179	274.380707	16	8	1.18	21.334048	-0.293	1.172	-0.105	0.225
99.27858	239.925949	158.067413	2.45314	253.387924	5.652272	275.021057	16	8	1.18	21.3672	-0.290	1.173	-0.107	0.223
101.444656	241.205383	156.441589	0.876095	253.74556	5.652272	275.661377	16	8	1.18	21.392581	-0.271	1.186	-0.108	0.225
75.99324	251.085312	188.777664	11.039273	259.825439	5.847179	290.549011	16	12	1.18	21.966918	-0.521	1.110	-0.142	0.174
76.715271	251.854904	189.319611	11.2145	260.361908	6.236991	291.189331	16	12	1.18	21.97658	-0.520	1.112	-0.142	0.174
75.99324	252.432129	190.764801	12.090637	261.077179	5.847179	291.829651	16	12	1.18	22.016268	-0.529	1.107	-0.142	0.176
75.812737	252.361618	189.861557	10.688819	259.825439	6.042085	292.309906	16	12	1.18	22.027249	-0.527	1.116	-0.150	0.172
41.335991	258.901489	219.668564	23.12995	262.865356	6.626803	306.55722	16	16	1.18	22.546766	-0.773	1.022	-0.189	0.111
40.072445	257.555054	221.655685	25.407906	262.686554	6.431898	307.357635	16	16	1.18	22.584146	-0.790	1.010	-0.194	0.114
39.71143	258.01181	220.752457	23.305178	263.580658	6.82171	307.997955	16	16	1.18	22.593543	-0.780	1.011	-0.191	0.106
38.808895	259.86322	222.920242	24.356541	264.295929	6.431898	308.638306	16	16	1.18	22.632151	-0.791	1.012	-0.191	0.108
-6.306162	257.555054	250.559464	15.419953	260.719543	7.016615	321.444855	16	20	1.18	23.08526	-1.003	0.945	-0.237	-0.010
-4.684578	260.055573	249.656204	12.791546	260.898346	7.016615	322.085175	16	20	1.18	23.108754	-0.990	0.963	-0.238	-0.012
-5.225105	259.478516	250.920746	15.419953	261.79245	6.431898	322.405334	16	20	1.18	23.141915	-0.998	0.951	-0.236	-0.005
-4.684578	259.286163	251.462708	15.945635	261.256012	6.626803	322.725494	16	20	1.18	23.146501	-1.002	0.952	-0.240	-0.004
-60.719341	250.245773	278.379333	-6.993083	250.526794	7.406428	334.091339	16	24	1.18	23.530899	-1.192	0.905	-0.294	-0.145
-61.259869	251.20752	278.921265	-8.042045	251.778549	7.016615	334.251404	16	24	1.18	23.550695	-1.188	0.905	-0.288	-0.145
-62.340923	250.630478	279.64386	-9.265835	250.347977	7.211522	334.731659	16	24	1.18	23.560961	-1.195	0.908	-0.295	-0.150
-61.440048	251.085312	280.366455	-5.769293	251.778549	7.211522	335.371979	16	24	1.18	23.583981	-1.198	0.900	-0.293	-0.143
-112.610062	221.585831	282.895538	-36.189198	214.047531	7.016615	322.085175	16	28	1.18	23.108754	-1.371	0.894	-0.375	-0.282
-111.889351	221.262909	283.437469	-35.489887	214.226349	6.82171	321.28479	16	28	1.18	23.086539	-1.373	0.892	-0.372	-0.280
-113.330757	221.585831	282.895538	-34.965405	214.047531	7.016615	320.64444	16	28	1.18	23.055858	-1.375	0.890	-0.370	-0.282
-114.411827	220.685715	283.437469	-38.287121	214.226349	6.82171	319.844025	16	28	1.18	23.03359	-1.369	0.891	-0.363	-0.286
-152.969498	186.578323	273.140503	-76.574234	167.733154	6.431898	297.683533	16	32	1.18	22.218165	-1.508	0.931	-0.460	-0.429
-147.924576	186.245667	270.069489	-71.504257	167.733154	6.626803	296.723297	16	32	1.18	22.174061	-1.507	0.929	-0.465	-0.419
-149.546158	187.54007	270.61145	-73.60218	169.342529	6.431898	296.083099	16	32	1.18	22.157036	-1.496	0.930	-0.451	-0.420
-150.266861	186.385986	272.598572	-72.902878	169.878998	6.236991	295.511536	16	32	1.18	22.142625	-1.502	0.921	-0.446	-0.419
-183.779617	154.456085	262.662903	-105.420708	123.385796	5.847179	280.558746	16	36	1.18	21.578064	-1.666	0.970	-0.586	-0.561
-182.698563	154.071381	262.120972	-106.469666	123.02816	6.042085	280.143677	16	36	1.18	21.554094	-1.662	0.974	-0.587	-0.563
-180.716614	153.344833	260.13382	-105.770355	121.776428	6.236991	279.503326	16	36	1.18	21.521228	-1.663	0.978	-0.595	-0.564
-182.698563	152.917297	260.675781	-104.721397	121.955246	6.236991	279.023102	16	36	1.18	21.50231	-1.669	0.970	-0.591	-0.564
-206.842163	123.87262	250.740097	-135.490952	78.859627	5.652272	266.376617	16	40	1.18	21.021552	-1.830	1.037	-0.750	-0.707
-207.382675	121.983231	251.282059	-136.889572	77.607895	5.847179	266.056458	16	40	1.18	21.000778	-1.837	1.037	-0.755	-0.713
-206.661972	122.368027	249.114273	-139.162323	75.640869	5.652272	265.256012	16	40	1.18	20.976328	-1.834	1.052	-0.763	-0.718
-206.481796	122.368027	250.198151	-135.840607	78.501984	5.067554	264.775787	16	40	1.18	20.980549	-1.829	1.034	-0.746	-0.706
-251.345657	98.674934	259.591858	-181.470474	31.293518	6.236991	276.781952	16	44	1.18	21.413799	-2.063	1.131	-0.991	-0.899
-251.706009	98.12532	260.495117	-178.848053	32.902897	6.042085	277.262177	16	44	1.18	21.440501	-2.064	1.116	-0.985	-0.892
-254.228455	97.163307	261.217712	-179.547379	32.008797	6.042085	278.062592	16	44	1.18	21.472115	-2.071	1.112	-0.989	-0.896
-254.588821	99.251976	261.217712	-178.498413	32.36644	5.847179	279.023102	16	44	1.18	21.517668	-2.072	1.116	-0.991	-0.893
250.001511	101.780968	-353.787903	-325.003448	-60.657108	6.626803	302.07489	20	-44	1.18	22.377656	2.166	1.531	-1.301	-1.241
250.543045	100.213722	-355.95285	-326.402039	-62.619541	6.431898	302.555176	20	-44	1.18	22.403211	2.177	1.532	-1.311	-1.248
250.362534	100.02137	-351.803375	-322.031403	-58.694672	6.82171	303.355591	20	-44	1.18	22.418737	2.164	1.517	-1.301	-1.235
252.053146	103.127785	-354.870392	-324.653809	-59.765095	6.431898	303.835815	20	-44	1.18	22.451603	2.168	1.528	-1.299	-1.236
272.023315	140.799316	-337.009583	-304.898346	-6.42252	6.82171	319.449646	20	-40	1.18	23.019076	1.936	1.417	-1.036	-1.042
272.56485	141.993088	-333.942596	-302.101105	-5.530503	6.82171	320.004089	20	-40	1.18	23.039479	1.941	1.421	-1.042	-1.040
271.191833	141.80069	-333.401337	-302.101135	-4.460082	6.82171	320.324249	20	-40	1.18	23.051252	1.930	1.417	-1.037	-1.036
270.940277	142.338104	-332.860107	-303.32489	-4.638486	6.82171	320.9646	20	-40	1.18	23.074782	1.926	1.422	-1.039	-1.037
290.434998	181.192566	-314.818909	-279.198761	49.711975	7.211522	338.093384	20	-36	1.18	23.681569	1.746	1.328	-0.832	-0.877
291.518005	181.000214	-312.653961	-276.40155	51.142536	7.406428	338.733704	20	-36	1.18	23.697503	1.748	1.323	-0.832	-0.873
289.893463	180.807861	-314.09726	-279.548401	47.029678	7.601334	338.573608	20	-36	1.18	23.684804	1.757	1.339	-0.848	-0.885
290.79599	180.281189	-314.458099	-277.625336	50.069614	7.601334	338.093384	20	-36	1.18	23.667615	1.749	1.323	-0.832	-0.877
272.925842	197.597412	-254.56131	-213.638641	96.20517	6.82171	319.36377	20	-32	1.18	23.015914	1.597	1.245	-0.676	-0.729
271.662292	197.349869	-251.674698	-211.191055	96.383987	6.82171	318.72345	20	-32	1.18	22.992325	1.596	1.246	-0.678	-0.727
274.441833	197.405014	-258.891205	-218.009323	93.701691	7.016615	318.08313	20	-32	1.18	22.96152	1.606	1.251	-0.676	-0.739
272.023315	196.772812	-255.824188	-215.561752	93.880508	7.211522	317.529114	20	-32	1.18	22.933862	1.602	1.251	-0.679	-0.737
251.445572	203.754288	-198.633606	-156.4702	126.783379	6.431898	294.711151	20	-28	1.18	22.1045	1.479	1.184	-0.552	-0.605
250.247589	203.120331	-197.731537	-156.29538	124.81636	6.431898	293.590576	20	-28	1.18	22.061497	1.484	1.191	-0.559	-0.608
249.640503	201.830261	-198.453186	-156.120544	124.995178	6.431898	292.790131	20	-28	1.18	22.030728	1.482	1.184	-0.555	-0.608
249.821014	201.966232	-196.107834	-154.372269	122.849342	6.236991	291.669586	20	-28	1.18	21.995091	1.496	1.195	-0.566	-0.609
229.243271	205.23616	-136.752289	-104.196922	148.599426	6.042085	273.900452	20	-24	1.18	21.307211	1.360	1.150	-0.466	-0.470
228.160233	205.620865	-137.834763	-105.595535	147.705307	6.236991	272.939972	20	-24	1.18	21.261207	1.358	1.155	-0.465	-0.475
227.979736	203.697372	-136.21106	-103.84726	146.274765	5.847179	272.459747	20	-24	1.18	21.257604	1.368	1.155	-0.474	-0.473
227.858917	202.98468	-135.850235	-103.147957	146.990036	6.042085	271.819397	20	-24	1.18	21.224279	1.365	1.149	-0.468	-0.471
217.871368	218.700577	-88.041046	-69.755989	169.521347	5.847179	270.378662	20	-20	1.18	21.174477	1.231	1.161	-0.406	-0.341
219.31543	218.315872	-86.95858	-66.783936	172.203644	5.847179	271.179077	20	-20	1.18	21.206487	1.230	1.145	-0.397	-0.332
219.495911	218.761688	-87.680222	-69.056679	170.236633	6.042085	271.819397	20	-20	1.18	21.224279	1.236	1.158	-0.409	-0.340
220.03743	219.085297	-88.041046	-68.182541	170.415466	6.431898	272.779907	20	-20	1.18	21.247055	1.240	1.156	-0.412	-0.340
222.384018	246.014114	-46.185471	-48.601913	204.391251	6.042085	287.987701	20	-16	1.18	21.860328	1.067	1.170	-0.332	-0.212
220.03743	245.24472	-43.47929	-49.126396	203.675964	6.236991	288.788086	20	-16	1.18	21.883787	1.054	1.178	-0.340	-0.210
221.30098	246.206451	-43.659702	-47.028473	206.89473	6.431898	289.588501	20	-16	1.18	21.907224	1.050	1.163	-0.328	-0.205
222.02301	244.860016	-42.577229	-45.280205	205.64299	6.431898	290.068756	20	-16	1.18	21.925794	1.060	1.163	-0.338	-0.202
215.220154	269.865356	-3.788652	-45.629856	232.465988	6.626803	304.316071	20	-12	1.18	22.46237	0.852	1.227	-0.279	-0.122
214.983261	268.518921	-3.067004	-45.280205	233.181259	6.626803	304.95639	20	-12	1.18	22.486515	0.847	1.219	-0.279	-0.120
215.581268	269.480652	-1.443296	-45.280205	233.002441	6.626803	305.596741	20	-12	1.18	22.510636	0.847	1.228	-0.283	-0.117
216.607819	270.827087	-3.247416	-45.804687	233.89653	6.82171	306.237061	20	-12	1.18	22.527397	0.851	1.225	-0.280	-0.121
205.596909	290.720215	35.226444	-50.000534	258.931366	6.82171	319.683929	20	-8	1.18	23.027699	0.640	1.279	-0.228	-0.053
203.972366	289.484955	37.574879	-48.776741	260.004272	7.211522	320.64444	20	-8	1.18	23.048693	0.626	1.274	-0.228	-0.048
205.77742	291.793121	35.949039	-51.399151	259.467804	7.211522	321.210144	20	-8	1.18	23.069483	0.636	1.284	-0.231	-0.056
205.957932	293.716614	35.407093	-52.622936	261.077179	7.406428	321.850311	20	-8	1.18	23.085834	0.632	1.284	-0.225	-0.059
186.282715	305.257538	74.607819	-52.273281	282.35675	7.211522	332.170349	20	-4	1.18	23.468653	0.412	1.318	-0.184	0.015
185.921707	305.44989	73.523926	-55.944653	280.926208	7.406428	332.490509	20	-4	1.18	23.473175	0.413	1.328	-0.189	0.005
187.004745	307.950409	74.969116	-53.322243	285.039062	7.211522	333.213501	20	-4	1.18	23.506291	0.409	1.317	-0.176	0.013
186.643738	308.142761	74.607819	-55.245338	283.966156	7.211522	333.611084	20	-4	1.17	23.620922	0.408	1.325	-0.181	0.009
159.206741	304.295776	104.956764	-49.301228	283.250854	6.431898	326.087219	20	0	1.18	23.276355	0.212	1.384	-0.168	0.084
157.943192	301.025848	105.318062	-48.776741	281.641479	6.82171	325.12674	20	0	1.18	23.22714	0.208	1.381	-0.172	0.085
158.304214	301.98761	105.498711	-46.853645	283.787323	6.82171	323.8461	20	0	1.18	23.180368	0.208	1.371	-0.157	0.088
157.040665	299.871765	105.679359	-47.203297	282.714386	6.626803	323.045654	20	0	1.18	23.15822	0.203	1.369	-0.159	0.089
125.271515	281.790985	125.911995	-41.259182	264.117126	6.626803	302.234985	20	4	1.18	22.383718	-0.003	1.454	-0.172	0.159
122.744431	278.905731	126.092636	-42.832626	264.295929	6.626803	301.274506	20	4	1.18	22.347324	-0.015	1.434	-0.165	0.149
124.549492	277.944031	125.731339	-39.336082	261.971283	6.431898	300.314026	20	4	1.17	22.413448	-0.005	1.446	-0.175	0.165
123.466446	278.713409	124.828102	-41.783665	262.150085	6.431898	299.353516	20	4	1.17	22.37679	-0.006	1.448	-0.168	0.155
92.058319	261.979065	143.976837	-38.287121	244.089279	6.042085	282.865051	20	8	1.17	21.753199	-0.239	1.382	-0.179	0.096
93.141357	261.859863	143.434891	-37.412987	241.764618	5.847179	282.064667	20	8	1.17	21.729396	-0.235	1.399	-0.188	0.103
92.599846	259.86322	143.434891	-35.489887	241.764618	5.847179	281.584412	20	8	1.17	21.710498	-0.238	1.385	-0.187	0.107
91.336296	261.017303	144.338135	-36.71368	243.731644	6.042085	280.944061	20	8	1.17	21.67759	-0.245	1.376	-0.172	0.098
63.538288	245.24472	158.428711	-26.224054	224.240265	5.652272	267.977417	20	12	1.17	21.175907	-0.462	1.320	-0.213	0.063
64.440819	243.705917	157.525482	-27.098192	223.167358	5.652272	267.497192	20	12	1.17	21.156515	-0.455	1.324	-0.217	0.064
63.17728	243.51358	157.88678	-28.147154	224.240265	5.847179	266.794891	20	12	1.17	21.120239	-0.458	1.314	-0.206	0.056
64.260315	242.744186	157.344818	-26.224054	222.452072	5.847179	266.376617	20	12	1.17	21.103305	-0.458	1.322	-0.216	0.065
34.476742	245.052368	182.454971	-18.531666	219.233307	5.847179	274.700867	20	16	1.17	21.437793	-0.700	1.248	-0.263	0.010
34.11573	244.860016	180.829132	-21.328899	217.445099	5.847179	275.277252	20	16	1.17	21.460761	-0.695	1.261	-0.274	0.003
34.476742	244.860016	181.551727	-20.279938	219.054474	5.847179	275.661377	20	16	1.17	21.476053	-0.694	1.251	-0.267	0.006
34.837753	247.36055	182.454971	-20.105108	217.981552	6.042085	276.301697	20	16	1.17	21.493772	-0.701	1.270	-0.277	0.006
-6.846692	250.438126	213.345871	-26.049231	218.875656	6.431898	292.950226	20	20	1.18	22.036885	-0.936	1.175	-0.315	-0.097
-6.846692	250.053436	213.52652	-25.874401	218.696838	6.236991	293.430481	20	20	1.18	22.062833	-0.938	1.174	-0.318	-0.096
-6.666514	252.169266	213.165207	-26.398884	219.054474	6.431898	294.162537	20	20	1.18	22.083457	-0.933	1.182	-0.319	-0.097
-5.405282	253.323364	212.623276	-24.825439	218.875656	6.236991	294.711151	20	20	1.18	22.111971	-0.932	1.189	-0.324	-0.091
-62.340923	252.169266	243.514175	-57.168438	208.682922	6.82171	310.006989	20	24	1.18	22.668775	-1.139	1.152	-0.377	-0.248
-60.178814	250.630478	244.23674	-55.420177	212.080505	6.626803	310.80722	20	24	1.18	22.705947	-1.128	1.134	-0.366	-0.239
-62.340923	250.630478	244.417419	-57.518101	210.113495	6.82171	311.199585	20	24	1.18	22.713315	-1.136	1.141	-0.374	-0.247
-61.440048	253.515701	245.501297	-57.343262	211.72287	6.82171	312.000031	20	24	1.18	22.743161	-1.132	1.147	-0.370	-0.244
-125.582733	243.705917	270.792084	-88.637306	192.052673	7.016615	323.8461	20	28	1.18	23.173242	-1.325	1.111	-0.441	-0.381
-124.141319	245.821762	269.346893	-91.084892	192.589127	7.016615	324.73114	20	28	1.18	23.205586	-1.311	1.122	-0.440	-0.382
-124.501678	245.437057	271.514679	-87.938004	195.450256	7.211522	325.286804	20	28	1.18	23.218757	-1.313	1.105	-0.430	-0.376
-124.501678	245.437057	270.972717	-88.812141	192.76796	7.211522	325.606995	20	28	1.18	23.23044	-1.321	1.116	-0.444	-0.380
-185.941727	237.358414	294.998962	-136.889572	168.806076	7.211522	337.292969	20	32	1.18	23.652909	-1.456	1.133	-0.510	-0.511
-185.040848	237.550766	293.553772	-136.889572	169.70018	7.211522	338.014832	20	32	1.18	23.678758	-1.447	1.132	-0.509	-0.509
-187.743484	237.93544	295.540924	-137.763718	168.984894	7.406428	338.573608	20	32	1.18	23.691777	-1.457	1.133	-0.511	-0.513
-185.941727	237.232315	294.637695	-143.008514	168.627258	7.406428	338.893799	20	32	1.18	23.703227	-1.443	1.142	-0.511	-0.516
-219.454483	201.966232	282.172943	-171.505325	121.239975	7.016615	316.4823	20	36	1.18	22.902361	-1.584	1.179	-0.616	-0.639
-219.994995	201.389191	282.353577	-166.435349	122.849342	6.626803	315.361725	20	36	1.18	22.875304	-1.589	1.164	-0.609	-0.632
-215.850967	200.427444	278.921265	-171.505325	119.630577	6.626803	314.328217	20	36	1.18	22.836984	-1.579	1.187	-0.621	-0.639
-214.950089	197.734558	278.1987	-168.708084	119.630577	6.626803	313.120575	20	36	1.18	22.792125	-1.583	1.177	-0.621	-0.637
-240.354919	161.380646	262.662903	-194.932129	72.422104	6.236991	292.722168	20	40	1.18	22.035609	-1.734	1.228	-0.759	-0.772
-241.255798	160.995941	263.204834	-195.98111	72.422104	6.431898	292.08197	20	40	1.18	22.00347	-1.733	1.227	-0.755	-0.773
-237.652267	161.425751	261.037048	-192.834229	72.064468	6.431898	291.349426	20	40	1.18	21.975238	-1.736	1.233	-0.763	-0.772
-237.291916	160.034195	260.856415	-192.484573	71.885651	6.431898	290.96167	20	40	1.18	21.960279	-1.737	1.229	-0.764	-0.772
-261.615692	129.102112	245.86261	-218.533813	24.855999	5.847179	276.781952	20	44	1.18	21.429221	-1.916	1.312	-0.951	-0.928
-264.858856	130.641342	248.211029	-219.407913	26.107738	6.042085	276.141632	20	44	1.18	21.396164	-1.913	1.305	-0.932	-0.925
-259.633759	128.332504	246.223892	-215.561752	26.823019	5.847179	275.821472	20	44	1.18	21.391203	-1.913	1.301	-0.942	-0.921
-258.552704	126.985687	244.598053	-212.764496	27.180656	5.652272	275.341217	20	44	1.18	21.379894	-1.914	1.293	-0.944	-0.918
205.055389	108.100021	-328.169403	-314.863495	-66.009209	5.652272	269.515656	24	-44	1.18	21.14772	2.087	1.655	-1.313	-1.280
205.235916	108.869415	-331.416809	-314.68866	-64.40358	5.847179	270.378662	24	-44	1.18	21.174477	2.075	1.638	-1.294	-1.272
205.957932	109.446457	-333.762146	-318.709686	-67.793236	5.847179	271.276123	24	-44	1.18	21.210365	2.088	1.657	-1.312	-1.285
206.679962	110.600555	-331.236389	-315.912445	-64.40358	5.847179	271.819397	24	-44	1.18	21.23206	2.076	1.646	-1.297	-1.271
226.716202	145.992737	-314.999329	-301.22699	-19.267553	6.042085	289.361206	24	-40	1.18	21.91351	1.875	1.548	-1.068	-1.088
225.452652	145.030991	-318.787964	-305.248016	-22.122005	6.236991	290.161438	24	-40	1.18	21.936906	1.877	1.553	-1.077	-1.098
226.775604	145.263931	-315.179749	-302.62558	-19.624359	6.236991	290.801605	24	-40	1.18	21.961623	1.873	1.548	-1.073	-1.089
227.25769	144.838638	-320.231293	-304.548706	-22.835619	6.042085	291.509491	24	-40	1.18	21.996433	1.891	1.552	-1.086	-1.100
243.683792	182.539001	-298.401428	-284.268738	26.28656	6.236991	307.5177	24	-36	1.18	22.597461	1.707	1.470	-0.885	-0.937
243.864288	182.923706	-300.927185	-285.667389	26.644199	6.626803	307.997955	24	-36	1.18	22.600853	1.703	1.465	-0.879	-0.937
245.127838	186.193634	-301.829254	-285.667389	29.326498	6.626803	308.886688	24	-36	1.18	22.634153	1.693	1.461	-0.865	-0.930
244.586319	183.6931	-297.318939	-283.044952	29.326498	6.626803	309.11853	24	-36	1.18	22.642832	1.696	1.461	-0.876	-0.929
253.972656	215.045959	-277.473633	-258.044708	69.560989	6.82171	321.60495	24	-32	1.18	23.098288	1.575	1.402	-0.747	-0.814
255.416718	217.931183	-281.442688	-258.918854	71.885651	7.016615	322.085175	24	-32	1.18	23.108754	1.569	1.394	-0.731	-0.810
255.303085	217.354126	-281.081879	-258.918854	69.203354	7.211522	322.405334	24	-32	1.18	23.113347	1.581	1.404	-0.746	-0.817
255.122559	217.161789	-279.097321	-256.995728	72.064468	7.016615	323.20575	24	-32	1.18	23.149812	1.571	1.394	-0.738	-0.809
262.525238	248.322296	-245.72113	-223.428955	116.054184	7.211522	335.371979	24	-28	1.18	23.583981	1.450	1.345	-0.625	-0.690
263.359009	248.706985	-246.44278	-225.177231	112.477783	7.016615	336.012329	24	-28	1.18	23.613976	1.464	1.361	-0.642	-0.697
264.261536	249.476379	-243.375763	-220.631729	116.233002	7.406428	336.414429	24	-28	1.18	23.614417	1.458	1.350	-0.632	-0.687
263.53949	250.438126	-249.509766	-226.925507	114.623619	7.406428	336.734497	24	-28	1.18	23.6259	1.454	1.353	-0.629	-0.696
246.391373	256.977997	-177.525391	-168.882919	145.201843	6.82171	319.929779	24	-24	1.18	23.036745	1.331	1.337	-0.549	-0.565
243.864288	252.93866	-175.360458	-168.358444	143.950104	6.82171	318.563385	24	-24	1.18	22.986424	1.327	1.334	-0.553	-0.566
241.581024	253.131012	-175.360458	-169.057739	142.161911	6.82171	317.44278	24	-24	1.18	22.945073	1.326	1.343	-0.558	-0.569
242.059219	254.862152	-176.442932	-168.183609	145.023026	6.626803	316.408783	24	-24	1.18	22.914061	1.319	1.333	-0.540	-0.564
216.607819	251.976913	-110.231735	-122.728584	162.547379	6.626803	296.151886	24	-20	1.18	22.152212	1.171	1.343	-0.479	-0.441
217.510345	252.55397	-110.051323	-121.679619	161.832092	6.431898	295.351471	24	-20	1.18	22.129036	1.180	1.348	-0.481	-0.440
217.329819	251.976913	-108.2472	-119.581696	162.726196	6.431898	294.711151	24	-20	1.18	22.1045	1.177	1.343	-0.477	-0.435
216.78833	248.322296	-110.59256	-120.281013	158.434525	6.431898	294.322601	24	-20	1.18	22.089599	1.195	1.346	-0.496	-0.445
193.863998	248.706985	-59.896782	-91.43454	174.885956	6.236991	279.983582	24	-16	1.18	21.540131	1.013	1.358	-0.419	-0.327
194.947037	247.745239	-60.07719	-92.13385	172.024826	6.236991	279.343262	24	-16	1.18	21.514924	1.028	1.370	-0.433	-0.332
192.78096	247.937592	-55.927719	-90.210754	175.601227	6.236991	278.958282	24	-16	1.18	21.499755	1.000	1.360	-0.416	-0.319
193.683487	248.899338	-57.010185	-89.511444	175.601227	6.236991	278.478149	24	-16	1.18	21.480821	1.007	1.360	-0.413	-0.319
170.217636	243.51358	-18.221611	-76.574234	180.250549	5.457366	263.273895	24	-12	1.18	20.903999	0.828	1.406	-0.365	-0.232
169.315109	243.128876	-17.319551	-75.874939	179.356461	5.26246	262.534637	24	-12	1.18	20.881919	0.826	1.412	-0.368	-0.230
166.29007	242.744186	-17.139139	-78.672165	182.038757	5.457366	261.894318	24	-12	1.18	20.847995	0.798	1.398	-0.347	-0.232
168.095612	241.397736	-18.221611	-75.874939	178.99881	5.847179	261.253967	24	-12	1.18	20.806077	0.824	1.404	-0.364	-0.234
144.623611	237.358414	12.464735	-71.679092	184.005768	4.872647	251.488983	24	-8	1.18	20.444896	0.619	1.447	-0.316	-0.161
144.946732	238.897202	12.464735	-71.853912	185.793976	4.872647	252.129303	24	-8	1.18	20.471421	0.615	1.442	-0.308	-0.160
145.488251	238.32016	13.729275	-71.679092	187.224533	4.872647	252.769623	24	-8	1.18	20.497911	0.609	1.434	-0.303	-0.157
147.473816	240.243652	10.838899	-72.553215	184.005768	5.067554	253.570053	24	-8	1.18	20.522931	0.636	1.456	-0.324	-0.167
135.560394	262.940796	43.536274	-78.672165	209.934662	6.042085	272.779907	24	-4	1.18	21.262596	0.404	1.502	-0.276	-0.104
138.448502	262.36377	42.452385	-77.273552	209.219391	6.042085	273.740387	24	-4	1.18	21.300844	0.424	1.499	-0.285	-0.103
137.365448	263.133148	44.07822	-77.448372	211.007584	5.847179	274.380707	24	-4	1.18	21.334048	0.410	1.496	-0.278	-0.099
138.087479	262.556091	44.258869	-76.749062	210.292313	6.236991	275.181122	24	-4	1.18	21.350351	0.414	1.498	-0.286	-0.099
121.661385	279.67514	77.678841	-79.196648	229.247223	6.236991	290.709106	24	0	1.18	21.958053	0.191	1.560	-0.267	-0.030
123.31826	279.290466	78.401436	-77.972862	228.353119	6.431898	291.349426	24	0	1.18	21.975238	0.197	1.566	-0.276	-0.027
123.105446	280.636871	79.124031	-79.371475	229.962524	6.431898	291.989746	24	0	1.18	21.999918	0.191	1.565	-0.270	-0.028
122.0224	279.482819	78.220787	-78.672165	228.353119	6.431898	292.562103	24	0	1.18	22.021954	0.192	1.567	-0.281	-0.029
104.152252	294.485992	107.305199	-84.266632	240.155243	6.431898	306.646057	24	4	1.18	22.557428	-0.014	1.645	-0.289	0.015
105.596306	295.832458	109.653633	-83.567322	243.731644	6.431898	307.037445	24	4	1.18	22.572128	-0.017	1.630	-0.272	0.020
104.901772	296.217133	109.292336	-84.266632	244.268112	6.626803	307.677795	24	4	1.18	22.588845	-0.019	1.626	-0.271	0.016
107.040359	296.601837	109.292336	-83.217674	244.089279	6.431898	308.086456	24	4	1.18	22.611478	-0.010	1.636	-0.276	0.024
82.310966	306.026917	139.82193	-87.413521	248.023331	7.016615	321.60495	24	8	1.18	23.091137	-0.230	1.570	-0.294	-0.038
82.671982	306.988678	141.447754	-87.588341	249.63269	7.211522	322.405334	24	8	1.18	23.113347	-0.233	1.565	-0.289	-0.038
82.49147	308.91217	141.447754	-87.413521	249.275055	7.211522	322.970642	24	8	1.18	23.134065	-0.234	1.574	-0.293	-0.038
82.852486	310.450958	142.531647	-86.88903	250.347977	6.82171	323.365814	24	8	1.18	23.162803	-0.236	1.574	-0.289	-0.035
49.63929	316.798462	172.158005	-90.910065	248.738602	6.82171	333.931244	24	12	1.18	23.546187	-0.455	1.514	-0.316	-0.102
51.80537	314.682648	174.687073	-85.840073	249.63269	6.82171	334.813965	24	12	1.18	23.577936	-0.461	1.502	-0.319	-0.089
51.80537	315.8367	172.699951	-88.812141	247.665695	6.82171	335.051819	24	12	1.18	23.586484	-0.454	1.520	-0.328	-0.095
50.902832	316.798462	175.770966	-87.938004	251.242096	7.016615	335.532074	24	12	1.18	23.596735	-0.463	1.500	-0.312	-0.095
10.28887	298.332977	193.474533	-75.874939	225.84964	6.82171	321.530212	24	16	1.18	23.095546	-0.708	1.447	-0.370	-0.153
12.815961	297.371246	191.848694	-76.923897	225.134354	6.82171	320.64444	24	16	1.18	23.063021	-0.696	1.455	-0.371	-0.151
13.899001	295.832458	191.848694	-74.476311	225.670822	6.626803	319.929779	24	16	1.18	23.043915	-0.695	1.447	-0.368	-0.144
12.093934	293.716614	191.848694	-73.777016	225.134354	6.626803	319.04361	24	16	1.18	23.011302	-0.702	1.436	-0.367	-0.146
-27.56694	267.172485	198.893982	-70.455292	196.523163	6.626803	299.673706	24	20	1.18	22.286536	-0.922	1.375	-0.420	-0.227
-29.368702	267.941864	198.893982	-70.455292	196.523163	6.431898	298.553101	24	20	1.18	22.251308	-0.926	1.373	-0.414	-0.229
-30.810112	267.557159	197.810089	-72.203568	196.701981	6.431898	297.592621	24	20	1.18	22.214697	-0.921	1.369	-0.406	-0.233
-27.74712	265.056641	196.18425	-70.105644	194.913803	6.431898	296.472046	24	20	1.18	22.171908	-0.918	1.375	-0.416	-0.227
-75.313606	239.281906	205.397324	-91.084892	166.302597	5.847179	280.238647	24	24	1.18	21.565489	-1.125	1.324	-0.457	-0.357
-75.673958	240.0513	204.313431	-91.784203	165.766129	5.847179	279.823486	24	24	1.18	21.549168	-1.122	1.330	-0.457	-0.359
-75.493782	238.897202	203.048904	-91.259712	165.408493	5.847179	279.023102	24	24	1.18	21.517668	-1.120	1.327	-0.457	-0.359
-75.854134	237.743118	203.229538	-90.560402	163.441483	5.847179	278.702942	24	24	1.18	21.505056	-1.132	1.331	-0.467	-0.361
-120.177444	215.045959	207.203812	-113.637573	135.545563	5.847179	266.056458	24	28	1.18	21.000778	-1.297	1.302	-0.517	-0.486
-119.09639	213.507172	205.758621	-112.588615	133.578552	6.042085	265.256012	24	28	1.18	20.960573	-1.302	1.307	-0.528	-0.489
-119.997284	213.699509	206.481216	-114.686539	135.545563	5.847179	265.095947	24	28	1.18	20.961983	-1.291	1.299	-0.512	-0.487
-119.456757	213.507172	205.577988	-114.861366	134.472641	5.652272	264.714264	24	28	1.18	20.954429	-1.292	1.305	-0.518	-0.488
-174.590637	209.852524	226.894501	-161.190536	113.908348	6.042085	280.623901	24	32	1.18	21.572967	-1.425	1.317	-0.592	-0.617
-174.410446	212.160721	227.617096	-157.868805	115.696533	6.042085	281.519012	24	32	1.18	21.608101	-1.426	1.313	-0.588	-0.611
-173.329391	211.391327	228.159058	-158.393295	116.054184	6.431898	281.999146	24	32	1.18	21.611644	-1.424	1.312	-0.589	-0.611
-174.230286	211.776031	229.423569	-157.34433	117.305931	5.847179	282.544891	24	32	1.18	21.655927	-1.426	1.304	-0.584	-0.606
-224.679581	206.197906	247.849716	-202.799362	92.628769	6.236991	297.592621	24	36	1.18	22.222131	-1.542	1.335	-0.669	-0.718
-221.256241	205.043808	246.585175	-201.225937	92.986404	6.431898	297.752686	24	36	1.18	22.220803	-1.538	1.335	-0.673	-0.715
-223.778702	205.043808	248.030365	-201.925232	93.16523	6.431898	297.752686	24	36	1.18	22.220803	-1.542	1.330	-0.669	-0.717
-222.517471	203.50502	246.043243	-205.421783	90.12529	6.236991	297.752686	24	36	1.18	22.228234	-1.541	1.345	-0.683	-0.724
-268.10202	189.078857	254.353088	-247.729904	53.824833	6.431898	307.286224	24	40	1.18	22.581466	-1.676	1.401	-0.813	-0.848
-269.363251	190.617645	256.159546	-244.233383	56.685951	6.626803	307.677795	24	40	1.18	22.588845	-1.676	1.387	-0.801	-0.840
-271.705536	190.425308	258.507996	-245.806808	57.580051	6.82171	308.15802	24	40	1.18	22.599546	-1.676	1.379	-0.792	-0.840
-270.624481	190.040604	259.049927	-244.058548	58.652973	6.626803	308.638306	24	40	1.18	22.624852	-1.676	1.374	-0.791	-0.835
-324.497162	171.767487	268.624298	-300.352844	13.2327	6.82171	323.365814	24	44	1.18	23.162803	-1.821	1.450	-0.952	-0.980
-326.479065	172.729218	269.527527	-300.87735	12.875061	7.016615	323.686005	24	44	1.18	23.167387	-1.825	1.450	-0.952	-0.982
-327.56012	172.344513	268.985596	-298.254944	13.947981	7.016615	324.16626	24	44	1.18	23.184948	-1.825	1.440	-0.949	-0.979
-322.695374	172.92157	267.901703	-300.352844	12.51742	7.016615	324.966644	24	44	1.18	23.214185	-1.823	1.461	-0.964	-0.983
227.618713	152.147888	-437.499084	-416.263153	-100.44104	6.626803	336.332489	28	-44	1.18	23.639442	2.037	1.741	-1.338	-1.328
227.858917	152.532593	-435.153717	-413.291107	-99.905823	6.82171	335.134033	28	-44	1.18	23.589437	2.044	1.745	-1.341	-1.329
224.970078	151.763199	-431.004272	-412.067322	-99.192207	6.82171	333.611084	28	-44	1.18	23.534661	2.035	1.749	-1.343	-1.329
228.160233	152.34024	-436.597015	-413.465912	-98.4786	6.626803	332.490509	28	-44	1.18	23.501306	2.036	1.733	-1.320	-1.322
216.246796	170.228683	-361.906464	-347.381317	-42.99519	6.236991	308.318115	28	-40	1.18	22.627459	1.855	1.661	-1.127	-1.158
215.039597	170.036331	-359.741486	-347.381317	-42.81678	6.431898	307.357635	28	-40	1.18	22.584146	1.850	1.665	-1.127	-1.158
214.983261	169.843979	-358.839447	-344.758942	-42.99519	6.431898	306.486023	28	-40	1.18	22.551415	1.858	1.666	-1.132	-1.160
214.80275	170.228683	-358.478607	-346.157532	-42.459976	6.626803	305.756805	28	-40	1.18	22.516661	1.850	1.667	-1.124	-1.158
205.596909	184.462494	-302.009674	-291.961151	1.609402	6.236991	287.920807	28	-36	1.18	21.850176	1.700	1.596	-0.959	-1.015
205.416412	182.346664	-299.303467	-289.688385	1.072942	6.431898	287.027191	28	-36	1.18	21.807917	1.708	1.597	-0.967	-1.018
205.055389	182.731354	-297.679779	-288.4646	2.324682	6.431898	286.546936	28	-36	1.18	21.789247	1.702	1.595	-0.962	-1.014
204.152863	184.077789	-300.927185	-291.611481	-0.535211	5.847179	286.000275	28	-36	1.18	21.790727	1.708	1.609	-0.969	-1.022
196.03006	193.310547	-252.757202	-241.960617	34.869919	5.652272	272.619812	28	-32	1.18	21.27175	1.590	1.542	-0.842	-0.896
194.766525	194.656982	-255.102539	-244.757843	35.227554	6.042085	271.979492	28	-32	1.18	21.230671	1.578	1.541	-0.830	-0.898
195.308044	193.502884	-254.200485	-243.708893	34.154636	5.847179	271.499237	28	-32	1.18	21.219278	1.588	1.544	-0.838	-0.900
194.456467	193.887573	-252.035553	-241.436127	37.015759	6.042085	270.956024	28	-32	1.18	21.189778	1.574	1.534	-0.824	-0.891
188.990311	210.429581	-208.375854	-208.568649	65.805771	5.847179	267.977417	28	-28	1.18	21.078154	1.449	1.528	-0.737	-0.781
191.336899	211.391327	-208.01503	-208.219009	67.236336	5.847179	268.715393	28	-28	1.18	21.107803	1.450	1.524	-0.732	-0.777
191.697922	211.968369	-210.540802	-210.66658	67.236336	5.847179	269.67569	28	-28	1.18	21.146323	1.448	1.521	-0.729	-0.779
190.434372	210.621933	-208.556259	-209.09314	65.984589	5.652272	270.475891	28	-28	1.18	21.186165	1.452	1.527	-0.744	-0.780
198.196152	241.78244	-180.772812	-189.862167	101.569763	6.431898	287.987701	28	-24	1.18	21.845211	1.321	1.505	-0.650	-0.668
196.75209	242.744186	-180.051163	-191.260773	100.496841	6.236991	288.881073	28	-24	1.18	21.887388	1.317	1.517	-0.658	-0.671
199.098679	242.744186	-178.968704	-188.813202	102.82151	6.626803	289.428436	28	-24	1.18	21.893488	1.319	1.505	-0.651	-0.664
200.234177	244.860016	-184.381058	-193.883194	100.675667	6.431898	290.068756	28	-24	1.18	21.925794	1.327	1.514	-0.654	-0.675
200.362228	270.827087	-144.69043	-171.505325	134.115005	6.626803	306.325989	28	-20	1.18	22.538073	1.181	1.514	-0.589	-0.564
202.708817	272.365875	-145.051239	-171.15567	134.293823	6.626803	306.966156	28	-20	1.18	22.562131	1.189	1.517	-0.591	-0.563
201.084259	272.173553	-145.231659	-172.903931	135.187912	6.626803	307.5177	28	-20	1.18	22.582838	1.177	1.513	-0.586	-0.563
201.986786	272.558228	-144.69043	-172.729111	135.545563	6.626803	307.83786	28	-20	1.18	22.594849	1.178	1.513	-0.586	-0.562
198.067535	296.601837	-97.422478	-154.197449	168.269608	6.82171	320.569977	28	-16	1.18	23.060284	1.005	1.533	-0.518	-0.451
198.376663	296.986542	-97.061653	-152.624008	167.375519	6.82171	321.124695	28	-16	1.18	23.080661	1.011	1.539	-0.526	-0.451
198.01564	296.217133	-98.865768	-154.547104	166.481415	6.431898	321.60495	28	-16	1.18	23.112586	1.013	1.537	-0.529	-0.454
197.474121	296.601837	-96.520409	-153.847794	165.766129	6.236991	322.010345	28	-16	1.18	23.134586	1.010	1.548	-0.537	-0.452
185.560699	318.529602	-55.025654	-152.099533	193.662048	6.82171	334.091339	28	-12	1.18	23.551948	0.809	1.583	-0.472	-0.371
186.102219	317.760223	-54.664833	-152.099533	190.264465	6.82171	334.813965	28	-12	1.18	23.577936	0.820	1.600	-0.492	-0.375
185.921707	318.529602	-55.025654	-151.924698	192.231491	6.82171	335.211914	28	-12	1.18	23.592235	0.815	1.591	-0.484	-0.373
185.560699	319.299011	-49.252472	-150.001602	194.377335	7.016615	335.934296	28	-12	1.18	23.611176	0.799	1.596	-0.481	-0.363
157.081818	312.374451	-10.644307	-141.435074	199.384293	6.82171	322.330475	28	-8	1.18	23.124892	0.609	1.648	-0.446	-0.301
155.777115	312.182098	-12.087603	-142.309204	199.026657	6.82171	320.804535	28	-8	1.18	23.068903	0.608	1.645	-0.441	-0.304
155.235596	311.027985	-12.448427	-142.484039	197.596085	6.626803	319.769745	28	-8	1.18	23.038028	0.610	1.649	-0.444	-0.306
155.055099	309.296844	-12.087603	-140.386108	194.73497	6.431898	318.72345	28	-8	1.18	23.006689	0.617	1.660	-0.458	-0.305
119.495316	291.408417	27.097263	-126.399956	195.092621	6.431898	297.2034	28	-4	1.18	22.199844	0.378	1.707	-0.417	-0.229
120.397835	290.254333	25.471428	-124.826508	192.589127	6.431898	296.472046	28	-4	1.18	22.171908	0.392	1.713	-0.429	-0.232
120.036835	289.484955	25.290779	-125.700645	191.337387	6.236991	295.671631	28	-4	1.18	22.148751	0.392	1.719	-0.432	-0.234
119.346077	290.061981	25.832726	-125.001335	192.76796	6.431898	295.031311	28	-4	1.18	22.116771	0.386	1.713	-0.422	-0.231
91.540787	274.674103	54.736481	-113.637573	187.760986	5.847179	280.718781	28	0	1.18	21.584348	0.169	1.788	-0.428	-0.163
92.238831	275.635803	53.110649	-114.336891	189.549194	6.042085	280.303741	28	0	1.18	21.560387	0.178	1.771	-0.412	-0.166
91.336296	276.020508	53.471947	-114.162064	189.549194	5.847179	279.663422	28	0	1.18	21.542872	0.172	1.774	-0.410	-0.165
91.155785	274.674103	54.194542	-113.812401	189.90683	6.042085	279.118347	28	0	1.18	21.513743	0.168	1.768	-0.406	-0.163
67.888237	259.286163	74.969116	-102.798294	178.104706	5.652272	264.295532	28	4	1.18	20.937488	-0.036	1.852	-0.441	-0.118
65.721588	259.286163	76.053009	-103.84726	178.641174	5.652272	263.815308	28	4	1.18	20.918041	-0.052	1.837	-0.431	-0.125
64.982346	258.709137	76.233658	-104.896217	179.714096	5.652272	263.655212	28	4	1.18	20.911554	-0.056	1.821	-0.420	-0.128
66.245888	258.516785	76.233658	-102.448647	179.356461	5.457366	263.975372	28	4	1.18	20.932418	-0.051	1.828	-0.429	-0.119
42.238522	276.020508	106.582603	-111.714478	187.939804	6.042085	281.744507	28	8	1.18	21.616943	-0.289	1.741	-0.421	-0.183
44.043587	275.251129	106.401947	-109.616554	188.118622	5.847179	282.479279	28	8	1.18	21.65336	-0.282	1.742	-0.427	-0.175
44.765614	276.405212	105.137413	-110.665512	185.43634	6.431898	283.439545	28	8	1.18	21.668053	-0.276	1.772	-0.449	-0.180
44.055134	277.559296	106.582603	-112.064125	187.939804	6.626803	283.825531	28	8	1.18	21.675524	-0.282	1.756	-0.432	-0.183
15.523559	289.677277	137.292847	-115.385849	191.51622	6.82171	300.954346	28	12	1.18	22.327783	-0.504	1.678	-0.453	-0.235
11.552415	291.793121	140.002563	-116.434814	193.483231	6.626803	301.594666	28	12	1.18	22.359462	-0.522	1.660	-0.440	-0.240
13.541538	291.985474	136.931549	-116.95929	190.622101	6.626803	302.32486	28	12	1.18	22.38712	-0.509	1.688	-0.461	-0.241
13.899001	292.562531	138.557388	-116.95929	191.51622	6.626803	303.035431	28	12	1.18	22.414003	-0.513	1.685	-0.459	-0.239
-31.170465	301.410553	168.725677	-121.679619	189.549194	6.82171	316.728882	28	16	1.18	22.918691	-0.752	1.591	-0.478	-0.313
-29.909229	302.372314	167.822449	-123.95237	190.085648	6.82171	317.209015	28	16	1.18	22.936438	-0.741	1.597	-0.476	-0.314
-28.828175	302.564667	169.448288	-121.504799	190.443283	7.016615	317.602875	28	16	1.18	22.943788	-0.746	1.597	-0.479	-0.309
-29.008348	302.179962	169.809586	-121.679619	190.800934	7.016615	318.009247	28	16	1.18	22.958793	-0.747	1.593	-0.478	-0.309
-81.439598	305.642242	197.990738	-130.07132	182.038757	6.82171	330.409454	28	20	1.18	23.41909	-0.971	1.514	-0.516	-0.391
-75.854134	306.026917	197.990738	-126.749603	183.469315	7.016615	330.729614	28	20	1.18	23.423623	-0.962	1.520	-0.517	-0.380
-81.259415	305.834595	197.448807	-130.07132	180.787018	6.82171	331.690094	28	20	1.18	23.465387	-0.973	1.522	-0.527	-0.393
-79.277481	305.834595	199.074631	-129.896484	183.111679	7.211522	331.850189	28	20	1.18	23.457089	-0.968	1.515	-0.517	-0.389
-134.771713	291.985474	216.597549	-145.980576	157.18277	7.211522	328.892273	28	24	1.18	23.349981	-1.181	1.472	-0.577	-0.496
-128.825897	290.254333	216.236237	-142.134384	158.79216	7.016615	327.848145	28	24	1.18	23.31914	-1.173	1.469	-0.574	-0.484
-134.231186	290.639038	216.236237	-143.18335	158.076874	7.211522	326.887665	28	24	1.18	23.277113	-1.181	1.462	-0.569	-0.492
-132.429428	288.138489	215.513641	-146.330231	157.18277	7.211522	326.087219	28	24	1.18	23.247952	-1.173	1.465	-0.570	-0.494
-174.05011	253.515701	215.874954	-173.952896	121.955246	6.431898	302.395081	28	28	1.18	22.397155	-1.318	1.444	-0.610	-0.610
-174.770813	255.246841	214.791046	-176.050827	121.776428	6.626803	301.75473	28	28	1.18	22.365528	-1.311	1.451	-0.606	-0.613
-171.888	251.976913	213.887802	-174.302567	119.988213	6.431898	301.11441	28	28	1.18	22.348644	-1.316	1.454	-0.618	-0.613
-174.230286	252.93866	214.429764	-173.952896	121.239975	6.431898	300.314026	28	28	1.18	22.318273	-1.316	1.445	-0.606	-0.611
-204.680054	223.70166	211.900681	-194.932129	89.946472	6.042085	285.360077	28	32	1.18	21.758224	-1.438	1.445	-0.674	-0.710
-204.860229	224.278687	211.720032	-194.232834	91.019386	6.042085	284.625977	28	32	1.18	21.729613	-1.434	1.440	-0.666	-0.708
-203.238632	221.970505	208.287704	-197.55455	87.264168	6.042085	284.079712	28	32	1.18	21.708298	-1.431	1.458	-0.684	-0.718
-202.337753	222.739899	208.649002	-194.058014	88.515915	5.847179	283.505371	28	32	1.18	21.693481	-1.433	1.454	-0.680	-0.712
-225.220123	196.772812	203.7715	-215.911392	59.010616	5.847179	269.738342	28	36	1.18	21.148834	-1.534	1.476	-0.754	-0.810
-221.976959	195.234024	203.048904	-215.736557	58.116508	5.652272	269.355591	28	36	1.18	21.141305	-1.535	1.484	-0.763	-0.811
-222.697647	194.272293	201.784363	-216.261047	56.507133	5.457366	268.555359	28	36	1.18	21.117026	-1.538	1.488	-0.768	-0.815
-221.796783	193.887573	201.965012	-214.163116	58.295334	5.847179	267.497192	28	36	1.18	21.058837	-1.534	1.477	-0.757	-0.810
-259.453583	180.615524	209.190948	-250.701965	28.611217	5.847179	276.397583	28	40	1.18	21.414015	-1.652	1.520	-0.873	-0.920
-262.696747	181.384918	210.45549	-252.275421	28.074757	5.847179	277.422272	28	40	1.18	21.454528	-1.657	1.519	-0.873	-0.922
-260.894989	181.000214	211.178085	-249.82782	29.505318	5.652272	277.902527	28	40	1.18	21.48118	-1.657	1.512	-0.872	-0.916
-260.894989	181.000214	210.816788	-252.450241	27.895939	5.847179	278.702942	28	40	1.18	21.505056	-1.658	1.523	-0.881	-0.923
-314.947815	168.497543	223.462173	-311.891418	-7.314534	6.431898	296.563202	28	44	1.18	22.175392	-1.759	1.569	-0.993	-1.045
-312.60553	168.882248	222.558929	-307.171112	-6.779326	6.431898	297.043365	28	44	1.18	22.193734	-1.766	1.571	-1.002	-1.044
-315.127991	170.228683	223.823471	-312.590759	-7.492939	6.431898	297.843597	28	44	1.18	22.22427	-1.759	1.576	-0.997	-1.045
-313.146057	168.497543	222.739594	-311.017303	-8.384955	6.431898	298.393036	28	44	1.18	22.245211	-1.765	1.579	-1.010	-1.049
187.414856	161.380646	-429.380524	-419.5849	-117.746147	6.82171	318.169281	32	-44	1.18	22.97189	2.011	1.894	-1.421	-1.406
186.5121	162.534729	-426.133118	-416.088348	-114.891701	6.626803	318.649414	32	-44	1.18	22.99678	2.001	1.890	-1.416	-1.397
187.726761	161.765335	-432.086731	-422.556976	-120.422188	6.626803	319.04361	32	-44	1.18	23.011302	2.020	1.904	-1.432	-1.414
187.956528	162.534729	-429.380524	-420.63382	-119.173386	7.016615	319.769745	32	-44	1.18	23.023685	2.019	1.907	-1.435	-1.413
202.167297	197.157516	-425.591888	-409.095245	-81.708694	7.016615	332.093201	32	-40	1.18	23.472905	1.870	1.806	-1.233	-1.264
202.167297	196.580475	-422.885712	-406.82251	-79.38945	7.211522	332.733368	32	-40	1.18	23.488975	1.863	1.799	-1.229	-1.258
202.167297	198.119263	-424.32901	-409.794586	-81.351883	7.016615	332.970764	32	-40	1.18	23.504567	1.866	1.811	-1.234	-1.263
203.069824	198.311615	-420.179504	-405.598724	-76.178192	7.016615	333.611084	32	-40	1.18	23.527643	1.851	1.794	-1.217	-1.247
201.498062	221.393448	-382.473419	-366.087799	-34.253426	7.406428	326.087219	32	-36	1.18	23.240846	1.717	1.728	-1.060	-1.123
200.723236	219.469971	-379.045563	-362.416443	-34.431828	6.82171	325.531342	32	-36	1.18	23.241898	1.724	1.730	-1.070	-1.123
201.445267	218.315872	-381.39093	-364.339539	-35.323849	7.211522	324.73114	32	-36	1.18	23.198467	1.727	1.726	-1.067	-1.126
201.445267	218.508224	-378.143524	-360.843018	-32.647797	7.016615	323.610809	32	-36	1.18	23.164636	1.721	1.720	-1.058	-1.118
188.087784	223.124619	-314.999329	-300.702515	4.291702	6.236991	300.88443	32	-32	1.18	22.347314	1.612	1.678	-0.950	-1.006
187.414856	223.894012	-310.669434	-296.681458	8.046922	6.431898	299.924164	32	-32	1.18	22.303465	1.598	1.670	-0.936	-0.995
187.185257	223.509293	-312.653961	-299.478729	7.331642	6.236991	299.444031	32	-32	1.18	22.292624	1.595	1.669	-0.932	-0.997
187.185257	222.739899	-314.277679	-297.730438	6.974002	6.236991	298.393036	32	-32	1.18	22.252634	1.602	1.663	-0.931	-0.998
176.354858	229.664474	-246.623184	-247.030609	40.770977	6.042085	283.665466	32	-28	1.18	21.692121	1.471	1.658	-0.845	-0.879
174.730301	229.472122	-248.427307	-251.051636	37.731037	6.042085	282.959412	32	-28	1.18	21.664519	1.472	1.672	-0.853	-0.890
175.813339	229.27977	-245.360306	-247.904739	39.519238	6.042085	282.799347	32	-28	1.18	21.658257	1.472	1.668	-0.850	-0.883
175.452332	229.472122	-243.736588	-247.030609	40.592155	6.042085	282.064667	32	-28	1.18	21.629491	1.466	1.666	-0.844	-0.879
159.790131	231.01091	-192.499603	-206.121078	62.587013	5.457366	267.595093	32	-24	1.18	21.078454	1.345	1.669	-0.783	-0.782
158.88736	229.664474	-189.973831	-204.722458	63.659931	5.652272	266.794861	32	-24	1.18	21.038406	1.337	1.664	-0.778	-0.778
159.026245	230.049164	-190.51506	-204.197998	63.659931	5.652272	265.896362	32	-24	1.18	21.002182	1.339	1.664	-0.775	-0.778
159.206741	229.664474	-191.597534	-205.072098	61.514091	5.652272	265.354462	32	-24	1.18	20.980305	1.350	1.673	-0.784	-0.785
158.304214	254.477448	-157.499664	-187.589417	90.482925	6.042085	278.382782	32	-20	1.18	21.484748	1.201	1.681	-0.714	-0.679
158.123703	254.6698	-158.762558	-189.512512	89.946472	5.847179	279.343262	32	-20	1.18	21.530274	1.200	1.682	-0.717	-0.682
158.665222	254.477448	-159.845032	-189.512512	90.661751	5.652272	279.983582	32	-20	1.18	21.563124	1.200	1.673	-0.714	-0.680
158.845718	255.05452	-156.236786	-187.589417	92.092308	5.847179	280.878845	32	-20	1.18	21.590632	1.193	1.677	-0.715	-0.673
154.734619	281.021606	-121.05645	-184.092865	114.265984	6.431898	298.003632	32	-16	1.18	22.230371	1.034	1.743	-0.689	-0.596
155.777115	282.175659	-121.236862	-184.96701	114.981262	6.431898	298.87326	32	-16	1.18	22.263498	1.033	1.743	-0.686	-0.595
156.540161	283.906799	-122.319328	-185.841141	117.663567	6.82171	299.76413	32	-16	1.18	22.282562	1.026	1.729	-0.670	-0.592
156.138138	283.714478	-122.138924	-186.190796	115.696533	6.431898	300.084229	32	-16	1.18	22.309546	1.031	1.741	-0.683	-0.595
146.02977	304.872833	-79.381271	-184.2677	140.016068	6.82171	314.56131	32	-12	1.18	22.8384	0.829	1.799	-0.642	-0.510
144.76622	306.411621	-83.169922	-187.064926	138.049042	6.82171	315.288483	32	-12	1.18	22.865367	0.834	1.807	-0.649	-0.520
145.849258	305.065186	-81.365807	-184.96701	137.870224	7.016615	315.608582	32	-12	1.18	22.870008	0.838	1.808	-0.656	-0.517
143.863693	306.604004	-78.298805	-185.666321	140.552521	6.626803	315.92865	32	-12	1.18	22.896297	0.815	1.806	-0.643	-0.509
125.813042	323.53067	-44.742172	-190.736298	156.288681	7.211522	328.572205	32	-8	1.18	23.338362	0.622	1.877	-0.629	-0.456
126.535057	323.723022	-42.216404	-189.512512	157.003952	7.406428	328.968689	32	-8	1.18	23.34568	0.618	1.881	-0.630	-0.452
125.813042	324.492432	-44.200935	-191.260773	157.18277	7.406428	329.532471	32	-8	1.18	23.366136	0.618	1.876	-0.627	-0.455
125.452026	326.031219	-44.200935	-191.785263	156.646317	7.211522	329.929199	32	-8	1.18	23.387585	0.618	1.885	-0.631	-0.456
97.654022	329.878174	-2.886592	-188.988022	170.057816	7.211522	332.970764	32	-4	1.18	23.497539	0.378	1.951	-0.612	-0.388
98.376045	327.76236	-2.886592	-187.939072	167.911972	7.406428	331.933167	32	-4	1.18	23.453045	0.385	1.958	-0.623	-0.390
97.473518	328.531738	-1.80412	-187.239746	171.130737	7.016615	330.409454	32	-4	1.18	23.412037	0.374	1.942	-0.600	-0.382
97.473518	325.454163	-2.525768	-186.190796	166.481415	7.016615	329.692535	32	-4	1.18	23.386072	0.383	1.962	-0.626	-0.389
63.899303	302.564667	29.626343	-167.309479	159.149796	6.626803	304.885559	32	0	1.18	22.483846	0.150	2.061	-0.639	-0.331
66.065384	301.795258	31.252178	-164.337418	160.580368	6.626803	304.155975	32	0	1.18	22.45633	0.153	2.052	-0.632	-0.322
63.538288	301.025848	30.348938	-165.561203	159.149796	6.431898	303.285095	32	0	1.18	22.430805	0.146	2.058	-0.636	-0.327
63.17728	300.25647	33.058666	-165.036728	161.653275	6.431898	302.484894	32	0	1.18	22.400553	0.132	2.044	-0.619	-0.318
33.393703	286.599701	56.542969	-156.120544	152.175827	6.236991	287.600708	32	4	1.18	21.837757	-0.108	2.073	-0.634	-0.317
34.657246	286.407349	57.446209	-155.071594	153.069916	6.236991	286.867096	32	4	1.18	21.809269	-0.107	2.070	-0.627	-0.312
39.350418	284.868561	56.181671	-150.351257	151.996994	6.431898	286.320343	32	4	1.18	21.780432	-0.081	2.097	-0.647	-0.298
36.642822	283.137421	56.904266	-152.099533	150.924072	6.236991	285.680176	32	4	1.18	21.7631	-0.097	2.086	-0.646	-0.307
7.581272	269.095947	78.040138	-142.309204	140.194885	5.847179	271.276123	32	8	1.18	21.210365	-0.339	1.982	-0.632	-0.353
5.5957	267.364838	78.401436	-142.658875	138.764328	6.042085	270.635956	32	8	1.18	21.176973	-0.351	1.978	-0.636	-0.360
7.942285	266.018372	78.943382	-140.386108	140.552521	6.042085	269.995789	32	8	1.18	21.151339	-0.343	1.965	-0.626	-0.349
8.847139	266.595428	78.582085	-138.463013	141.446609	5.847179	269.035492	32	8	1.18	21.120651	-0.338	1.964	-0.619	-0.343
-21.260777	269.673004	102.788986	-141.085419	138.227859	6.042085	274.47702	32	12	1.18	21.330131	-0.565	1.872	-0.621	-0.398
-23.06254	270.442413	104.414818	-141.784729	137.512573	5.847179	275.437286	32	12	1.18	21.375977	-0.580	1.874	-0.627	-0.401
-22.161659	271.788849	105.498711	-140.560928	139.658417	5.847179	276.077454	32	12	1.18	21.401342	-0.578	1.866	-0.617	-0.395
-21.801308	271.981201	103.692223	-141.959564	138.406677	6.042085	276.877716	32	12	1.18	21.425299	-0.570	1.879	-0.629	-0.399
-63.602161	281.983337	132.415344	-153.148483	137.154938	6.431898	293.682404	32	16	1.18	22.065024	-0.798	1.772	-0.638	-0.468
-62.521103	284.868561	134.221817	-151.749863	140.373703	6.431898	294.6427	32	16	1.18	22.101876	-0.795	1.764	-0.623	-0.459
-66.665154	285.63797	134.763763	-152.973663	138.764328	6.431898	295.351471	32	16	1.18	22.129036	-0.810	1.764	-0.630	-0.468
-67.746208	286.215027	135.30571	-154.896759	139.300781	6.431898	295.671631	32	16	1.18	22.141293	-0.810	1.760	-0.624	-0.470
-114.051468	287.36911	160.596497	-163.638107	131.253876	6.626803	306.325989	32	20	1.18	22.538073	-1.017	1.670	-0.648	-0.539
-113.691116	287.753815	160.235199	-164.512238	130.180969	6.431898	306.55722	32	20	1.18	22.554091	-1.017	1.680	-0.655	-0.540
-114.952354	288.907898	158.790009	-164.512238	129.644501	6.626803	307.12619	32	20	1.18	22.568141	-1.016	1.683	-0.659	-0.543
-115.67305	287.753815	160.415848	-164.687073	130.717422	6.431898	307.446289	32	20	1.18	22.587472	-1.019	1.670	-0.652	-0.541
-170.626755	287.561462	185.164703	-184.96701	115.875351	7.016615	316.888916	32	24	1.18	22.917402	-1.212	1.609	-0.684	-0.629
-173.689758	286.984406	185.526001	-184.96701	116.411827	7.016615	317.369049	32	24	1.18	22.93515	-1.215	1.596	-0.680	-0.630
-172.788864	288.330841	186.248581	-185.31665	115.875351	7.211522	317.849213	32	24	1.18	22.945687	-1.217	1.606	-0.685	-0.632
-168.464645	287.36911	182.454971	-185.31665	114.802444	6.626803	318.169281	32	24	1.18	22.97908	-1.203	1.620	-0.697	-0.629
-226.84169	283.329773	206.300568	-221.855515	94.774612	7.016615	326.971771	32	28	1.18	23.287269	-1.357	1.583	-0.728	-0.725
-224.859756	282.560394	204.494095	-220.806549	94.238144	7.601334	327.611938	32	28	1.18	23.289286	-1.354	1.588	-0.736	-0.727
-229.904709	281.983337	206.842514	-222.72966	93.880508	7.211522	327.932037	32	28	1.18	23.315105	-1.364	1.576	-0.731	-0.729
-229.724518	283.329773	207.38446	-226.401016	94.774612	7.211522	328.328369	32	28	1.18	23.329506	-1.354	1.579	-0.723	-0.729
-278.552246	271.01944	218.945969	-268.184662	66.521049	6.82171	334.013733	32	32	1.18	23.549156	-1.464	1.586	-0.787	-0.824
-277.651367	269.673004	219.307266	-266.960876	67.236336	7.211522	332.573334	32	32	1.18	23.483201	-1.464	1.580	-0.781	-0.823
-273.327148	266.403076	214.429764	-266.261597	63.302296	6.626803	331.209869	32	32	1.18	23.45508	-1.464	1.599	-0.804	-0.830
-276.209961	265.248993	218.042709	-263.28952	66.521049	7.016615	329.692535	32	32	1.18	23.386072	-1.470	1.572	-0.783	-0.823
-285.579102	226.779221	202.868256	-275.35257	30.757059	6.626803	303.605194	32	36	1.18	22.435535	-1.569	1.613	-0.877	-0.922
-285.759277	226.586868	201.784363	-273.953949	31.293518	6.431898	302.234985	32	36	1.18	22.391096	-1.567	1.609	-0.871	-0.920
-285.21875	225.240433	201.423065	-277.275665	30.220596	6.431898	301.364563	32	36	1.18	22.358128	-1.562	1.613	-0.871	-0.924
-276.570312	222.739899	200.339172	-269.233612	32.008797	6.626803	300.474091	32	36	1.18	22.31695	-1.564	1.614	-0.880	-0.917
-292.605988	190.425308	189.138962	-284.793243	-1.962439	5.847179	281.999146	32	40	1.18	21.63456	-1.680	1.657	-0.990	-1.027
-293.326691	189.848251	189.138962	-284.968079	-1.427228	6.042085	281.679047	32	40	1.18	21.614377	-1.677	1.650	-0.984	-1.026
-294.047394	190.809998	188.597031	-285.842194	-2.14084	6.236991	281.198914	32	40	1.18	21.587893	-1.677	1.656	-0.984	-1.029
-292.425812	189.27121	187.332474	-284.443573	-3.032857	6.042085	280.718781	32	40	1.18	21.576694	-1.681	1.660	-0.994	-1.032
-298.551788	155.994873	175.229034	-293.709442	-30.506958	5.652272	262.534637	32	44	1.18	20.866093	-1.784	1.693	-1.103	-1.136
-295.4888	155.802521	174.145142	-291.611481	-31.22057	5.457366	262.153564	32	44	1.18	20.858531	-1.790	1.706	-1.118	-1.140
-295.308594	156.187225	172.8806	-293.359772	-32.647797	5.457366	262.313599	32	44	1.18	20.865032	-1.789	1.718	-1.127	-1.146
-301.074249	157.148956	174.867737	-295.982178	-31.577379	5.457366	262.374542	32	44	1.18	20.867507	-1.783	1.697	-1.101	-1.139
138.26799	155.033127	-387.344513	-385.493622	-123.098251	6.042085	284.079712	36	-44	1.18	21.708298	1.996	2.053	-1.546	-1.490
138.26799	155.417816	-388.968262	-387.067047	-125.239098	6.042085	284.71991	36	-44	1.18	21.733276	2.006	2.064	-1.560	-1.500
139.748657	155.610168	-390.23114	-388.290863	-124.347061	6.236991	285.520142	36	-44	1.18	21.756867	2.001	2.053	-1.547	-1.493
139.712051	155.802521	-391.313599	-389.689453	-125.239098	6.236991	286.000275	36	-44	1.18	21.775561	2.002	2.056	-1.550	-1.496
150.181427	186.001282	-402.679565	-389.514648	-98.4786	6.431898	299.123932	36	-40	1.18	22.273038	1.858	1.934	-1.336	-1.352
150.000916	186.385986	-399.973358	-389.339813	-98.656998	6.236991	299.444031	36	-40	1.18	22.292624	1.858	1.945	-1.345	-1.354
151.625473	187.54007	-407.731079	-394.75943	-100.797844	6.431898	299.924164	36	-40	1.18	22.303465	1.862	1.938	-1.334	-1.357
151.625473	187.54007	-404.844513	-391.612579	-99.727417	6.626803	300.404297	36	-40	1.18	22.314299	1.864	1.940	-1.340	-1.356
159.387253	217.354126	-389.8703	-374.479492	-65.295593	6.626803	309.75885	36	-36	1.18	22.666785	1.733	1.868	-1.184	-1.227
159.067917	217.354126	-393.298126	-377.101929	-68.150047	6.626803	310.327087	36	-36	1.18	22.68802	1.742	1.875	-1.194	-1.236
158.345703	217.354126	-395.282654	-380.423615	-69.220467	6.431898	310.80722	36	-36	1.18	22.713221	1.738	1.876	-1.193	-1.237
159.567749	217.161789	-390.952789	-375.178833	-66.544411	6.82171	310.879425	36	-36	1.18	22.701367	1.739	1.871	-1.192	-1.232
164.484528	245.437057	-365.514679	-351.402344	-34.610229	6.82171	319.129547	36	-32	1.18	23.007288	1.637	1.843	-1.092	-1.128
164.982941	245.821762	-365.695099	-351.926849	-33.718216	7.016615	319.929779	36	-32	1.18	23.029575	1.632	1.839	-1.088	-1.125
165.343964	245.052368	-368.220886	-353.150635	-35.145443	6.82171	320.569977	36	-32	1.18	23.060284	1.639	1.838	-1.093	-1.129
166.109512	246.591156	-366.957977	-351.926849	-30.68536	7.016615	321.05011	36	-32	1.18	23.070765	1.621	1.821	-1.070	-1.115
166.470627	270.827087	-326.545685	-323.080353	1.788224	6.82171	327.29187	36	-28	1.18	23.306002	1.510	1.818	-0.997	-1.015
169.17894	271.596497	-324.741577	-321.681732	2.861142	6.82171	327.771973	36	-28	1.18	23.323454	1.515	1.819	-0.996	-1.012
164.441437	270.442413	-329.612701	-326.402069	-3.032857	7.211522	327.611938	36	-28	1.18	23.303467	1.520	1.837	-1.017	-1.032
166.831726	271.404175	-324.561157	-323.255188	1.788224	7.016615	328.252106	36	-28	1.18	23.333816	1.509	1.826	-1.002	-1.016
161.914337	293.139557	-272.963348	-296.157013	32.36644	7.211522	333.5336	36	-24	1.18	23.517829	1.372	1.859	-0.950	-0.921
161.01181	292.562531	-278.916901	-300.178009	28.790039	7.016615	332.733368	36	-24	1.18	23.496006	1.382	1.862	-0.955	-0.932
160.873459	291.216064	-275.849915	-297.555603	28.790039	7.211522	331.613068	36	-24	1.18	23.448521	1.384	1.866	-0.960	-0.932
161.415115	291.216064	-276.391144	-297.031158	28.790039	6.82171	330.172668	36	-24	1.18	23.41052	1.388	1.864	-0.955	-0.930
139.026443	280.636871	-202.963501	-244.932678	52.751915	6.626803	304.725525	36	-20	1.18	22.477813	1.236	1.899	-0.911	-0.833
137.00444	281.213959	-205.850082	-247.904739	50.248436	6.431898	303.605194	36	-20	1.18	22.442896	1.237	1.909	-0.914	-0.842
137.040359	278.905731	-200.257309	-243.883728	51.857815	6.431898	302.804962	36	-20	1.18	22.412658	1.231	1.908	-0.916	-0.834
135.560394	278.521057	-203.143906	-244.932678	50.606071	6.431898	302.004761	36	-20	1.18	22.382381	1.233	1.906	-0.915	-0.839
114.441132	268.134216	-145.772888	-210.316925	64.196388	6.042085	279.438416	36	-16	1.18	21.526347	1.074	1.975	-0.889	-0.760
113.538589	266.403076	-144.69043	-210.14209	64.01757	6.042085	278.638214	36	-16	1.18	21.494821	1.070	1.974	-0.889	-0.760
112.275055	265.826019	-144.51001	-210.66658	62.765831	5.847179	277.837952	36	-16	1.18	21.470941	1.068	1.982	-0.895	-0.763
114.621635	264.479584	-143.066711	-208.568649	65.269318	5.847179	277.197784	36	-16	1.18	21.445659	1.069	1.962	-0.879	-0.754
90.975281	254.6698	-96.700821	-185.666321	73.316216	5.26246	260.713165	36	-12	1.18	20.807866	0.875	2.053	-0.874	-0.683
91.155785	254.092758	-98.865768	-186.890106	71.528015	5.26246	260.133423	36	-12	1.18	20.784241	0.886	2.057	-0.880	-0.691
91.155785	254.862152	-97.602882	-186.890106	73.316216	5.457366	259.973328	36	-12	1.18	20.769761	0.876	2.049	-0.866	-0.685
90.457466	254.477448	-98.865768	-186.890106	70.812729	5.457366	260.393097	36	-12	1.18	20.786882	0.886	2.065	-0.887	-0.694
75.451721	271.01944	-65.850372	-189.512512	87.08535	5.652272	273.420227	36	-8	1.18	21.303614	0.658	2.144	-0.868	-0.621
75.090706	272.173553	-67.113258	-192.134918	85.654793	6.042085	274.220612	36	-8	1.18	21.319941	0.661	2.157	-0.876	-0.630
74.910202	274.097015	-66.752434	-192.659393	86.727707	6.042085	274.700867	36	-8	1.18	21.339022	0.655	2.157	-0.869	-0.627
76.193718	272.173553	-64.767906	-190.911133	88.33709	6.236991	275.117218	36	-8	1.18	21.347814	0.652	2.142	-0.864	-0.620
54.151955	284.483887	-32.654568	-195.281815	97.278084	6.236991	285.360077	36	-4	1.18	21.750631	0.411	2.271	-0.890	-0.569
52.902271	283.906799	-32.113331	-196.330765	98.172188	6.236991	285.520142	36	-4	1.18	21.756867	0.400	2.261	-0.882	-0.567
53.790939	286.022675	-32.293743	-196.5056	98.529823	6.431898	286.000275	36	-4	1.18	21.767975	0.404	2.266	-0.880	-0.567
52.721714	285.830322	-31.93292	-197.03006	99.24511	6.042085	286.480408	36	-4	1.18	21.801816	0.396	2.259	-0.876	-0.564
26.180307	298.140625	-1.623708	-203.149017	106.397903	6.626803	297.843597	36	0	1.18	22.216836	0.133	2.401	-0.917	-0.522
27.624737	296.601837	-1.623708	-201.400742	105.503807	6.626803	298.393036	36	0	1.18	22.237784	0.141	2.406	-0.932	-0.522
25.812431	298.910034	1.264529	-203.323853	107.470825	6.431898	298.87326	36	0	1.18	22.263498	0.118	2.409	-0.918	-0.515
27.617495	299.294739	-1.082472	-203.848312	106.934364	6.431898	299.353516	36	0	1.18	22.281771	0.137	2.403	-0.919	-0.520
-6.486339	310.450958	29.98764	-211.01622	110.510765	6.82171	311.287354	36	4	1.18	22.71659	-0.166	2.378	-0.916	-0.527
-3.062994	311.41272	31.974771	-207.344864	114.623619	6.82171	311.607452	36	4	1.18	22.728528	-0.159	2.360	-0.896	-0.510
-3.963873	311.989746	31.613478	-208.568649	113.72953	6.82171	312.087585	36	4	1.18	22.746423	-0.162	2.366	-0.902	-0.514
-6.306162	312.566772	31.794127	-211.01622	114.265984	6.82171	312.407654	36	4	1.18	22.758345	-0.171	2.349	-0.889	-0.518
-38.918034	321.222504	60.878532	-213.288986	111.762497	6.82171	322.490509	36	8	1.18	23.130756	-0.420	2.247	-0.886	-0.559
-36.575748	321.414856	61.781776	-210.841415	114.265984	7.016615	322.810608	36	8	1.18	23.135343	-0.413	2.237	-0.876	-0.549
-36.75592	321.222504	62.504372	-212.589691	116.590645	6.626803	323.29071	36	8	1.18	23.167186	-0.411	2.213	-0.857	-0.544
-38.737858	322.184235	60.155933	-213.463821	113.014252	6.82171	323.770844	36	8	1.18	23.177617	-0.414	2.240	-0.881	-0.556
-80.899063	329.4935	92.672668	-218.883453	109.080215	7.406428	333.693665	36	12	1.18	23.516573	-0.670	2.118	-0.867	-0.607
-80.718887	331.801666	92.672668	-221.156189	113.193069	7.211522	334.333832	36	12	1.18	23.546647	-0.656	2.094	-0.837	-0.599
-81.079239	330.839935	94.298508	-219.233109	113.908348	7.211522	334.653931	36	12	1.18	23.558165	-0.664	2.083	-0.836	-0.596
-79.097305	329.685822	94.479156	-218.708618	112.120148	7.406428	335.134033	36	12	1.18	23.568422	-0.665	2.101	-0.854	-0.599
-116.393753	304.680481	110.014931	-207.519699	95.847527	6.626803	312.887787	36	16	1.18	22.783468	-0.878	1.987	-0.842	-0.654
-115.312698	302.756989	112.905296	-206.121078	97.99337	6.626803	312.087585	36	16	1.18	22.753684	-0.882	1.967	-0.828	-0.647
-113.330757	301.218201	112.543999	-202.974182	96.20517	6.431898	311.127319	36	16	1.18	22.725161	-0.888	1.982	-0.845	-0.647
-113.150589	300.448822	111.640762	-201.051102	97.099266	6.82171	309.918945	36	16	1.18	22.665483	-0.884	1.973	-0.837	-0.645
-149.726334	275.443481	123.924858	-197.204895	77.071434	6.236991	290.801605	36	20	1.18	21.961623	-1.092	1.887	-0.853	-0.717
-148.465103	276.212891	124.828102	-196.85524	78.680809	6.431898	290.321472	36	20	1.18	21.93556	-1.087	1.882	-0.842	-0.713
-148.284927	274.866425	124.286156	-194.582504	77.42907	6.431898	289.041107	36	20	1.18	21.886039	-1.095	1.886	-0.850	-0.715
-147.023682	274.097015	124.105507	-193.708359	78.501984	6.236991	288.560974	36	20	1.18	21.874991	-1.089	1.880	-0.844	-0.710
-176.932922	248.706985	132.776642	-193.883194	59.189434	5.847179	273.35672	36	24	1.18	21.293333	-1.266	1.809	-0.876	-0.782
-179.455399	249.668732	133.860519	-192.659393	60.619991	5.847179	272.716522	36	24	1.18	21.267838	-1.270	1.793	-0.860	-0.778
-176.932922	249.476379	134.221817	-191.085953	62.408192	5.652272	272.076355	36	24	1.18	21.250088	-1.263	1.788	-0.851	-0.770
-178.374344	248.706985	132.957275	-193.708359	60.262356	5.652272	271.436157	36	24	1.18	21.224541	-1.264	1.796	-0.857	-0.778
-211.346558	234.280838	141.086456	-210.841415	41.307434	5.652272	269.035492	36	28	1.18	21.128469	-1.396	1.764	-0.902	-0.859
-213.328491	235.050232	141.989716	-212.589691	40.770977	5.847179	269.995789	36	28	1.18	21.159148	-1.400	1.764	-0.903	-0.862
-216.391479	236.396667	142.712296	-213.638641	41.307434	5.847179	270.315857	36	28	1.18	21.171963	-1.401	1.756	-0.893	-0.862
-215.670776	237.358414	142.892944	-211.54071	42.737995	5.652272	271.276123	36	28	1.18	21.21815	-1.399	1.751	-0.892	-0.855
-269.903809	233.896118	159.512604	-255.597137	19.31258	6.236991	286.707031	36	32	1.18	21.803049	-1.522	1.735	-0.948	-0.954
-271.52536	235.050232	158.970673	-258.219543	18.954939	6.236991	287.440643	36	32	1.18	21.831545	-1.517	1.738	-0.946	-0.955
-267.381317	236.396667	159.512604	-253.674026	21.100779	6.236991	287.920807	36	32	1.18	21.850176	-1.516	1.740	-0.947	-0.947
-269.723602	235.242584	161.138443	-255.597137	21.2796	6.236991	288.307861	36	32	1.18	21.865183	-1.517	1.729	-0.940	-0.947
-313.686584	228.510376	171.977356	-301.751465	-6.779326	6.431898	302.164795	36	36	1.18	22.388439	-1.614	1.762	-1.027	-1.044
-322.335052	230.433868	173.964493	-306.821442	-7.136132	6.236991	302.644928	36	36	1.18	22.413976	-1.614	1.748	-1.008	-1.043
-318.371155	229.472122	173.061249	-303.324921	-6.244115	6.82171	303.285095	36	36	1.18	22.416072	-1.613	1.749	-1.016	-1.043
-319.272034	230.433868	173.964493	-304.548706	-5.887309	6.626803	303.605194	36	36	1.18	22.435535	-1.612	1.748	-1.011	-1.041
-360.712524	214.276566	180.287186	-345.283386	-36.751072	6.626803	313.688049	36	40	1.18	22.813215	-1.711	1.769	-1.108	-1.137
-362.514313	215.430649	180.467834	-346.332367	-36.929474	6.82171	314.488251	36	40	1.18	22.835689	-1.710	1.769	-1.107	-1.138
-365.036743	216.200043	179.925888	-349.129578	-38.356701	6.626803	314.488251	36	40	1.18	22.842922	-1.710	1.774	-1.107	-1.141
-362.874634	215.815338	180.829132	-347.905792	-37.999897	6.82171	314.80835	36	40	1.18	22.847565	-1.713	1.776	-1.112	-1.141
-408.639374	197.157516	180.829132	-394.234955	-77.962219	7.016615	325.691406	36	44	1.18	23.240628	-1.822	1.828	-1.248	-1.263
-405.035858	195.811081	181.19043	-389.864288	-75.286171	7.016615	326.011475	36	44	1.18	23.252296	-1.820	1.818	-1.246	-1.255
-407.558319	196.772812	182.63562	-394.934296	-76.891808	6.626803	326.491608	36	44	1.18	23.28398	-1.820	1.824	-1.244	-1.257
-405.936737	197.349869	183.177551	-393.885315	-75.642982	7.016615	326.971771	36	44	1.18	23.287269	-1.817	1.823	-1.242	-1.255
119.856323	185.231888	-468.169098	-470.809204	-183.933746	6.626803	329.212402	40	-44	1.18	23.382798	2.059	2.297	-1.797	-1.667
120.75885	183.116058	-464.560883	-466.088867	-180.722504	6.626803	327.771973	40	-44	1.18	23.330535	2.057	2.281	-1.787	-1.658
119.675804	183.885452	-467.447449	-469.060944	-180.900894	6.82171	326.331573	40	-44	1.18	23.271058	2.043	2.272	-1.765	-1.653
120.75885	184.270142	-460.411346	-462.41745	-176.976028	6.626803	325.211273	40	-44	1.18	23.237334	2.043	2.274	-1.766	-1.645
116.426712	192.541153	-426.674347	-417.836639	-138.619324	6.431898	302.004761	40	-40	1.18	22.382381	1.915	2.152	-1.553	-1.511
116.787712	193.695236	-427.576385	-418.535919	-137.72731	6.431898	301.204529	40	-40	1.18	22.352061	1.908	2.146	-1.538	-1.505
113.719101	192.541153	-420.720734	-412.067322	-136.121689	6.431898	300.244263	40	-40	1.18	22.315624	1.907	2.157	-1.557	-1.509
114.621635	192.156448	-420.901154	-412.416992	-135.943283	6.236991	299.604095	40	-40	1.18	22.298708	1.908	2.154	-1.552	-1.506
111.943367	201.389191	-371.287872	-360.143677	-97.40818	6.042085	282.639313	40	-36	1.18	21.651994	1.801	2.093	-1.416	-1.386
111.553024	200.812149	-373.452789	-361.192657	-97.94339	5.847179	281.679047	40	-36	1.18	21.622018	1.800	2.086	-1.409	-1.385
112.275055	200.235092	-372.189911	-359.444397	-97.051376	6.236991	280.558716	40	-36	1.18	21.562747	1.803	2.082	-1.405	-1.384
112.99707	199.465698	-368.942505	-356.472321	-94.732124	6.042085	279.758514	40	-36	1.18	21.538945	1.798	2.075	-1.397	-1.376
106.137833	204.082077	-313.375641	-304.723511	-61.727528	5.457366	262.534637	40	-32	1.18	20.874007	1.696	2.057	-1.311	-1.272
104.540665	204.851471	-314.638519	-305.248016	-62.441139	5.652272	262.473663	40	-32	1.18	20.863616	1.694	2.061	-1.313	-1.275
105.776817	204.851471	-315.360168	-305.772491	-62.619541	5.067554	262.473663	40	-32	1.18	20.887353	1.698	2.059	-1.311	-1.273
102.527695	204.659119	-316.623047	-308.220062	-65.652397	5.652272	262.633728	40	-32	1.18	20.870117	1.699	2.078	-1.330	-1.289
109.054504	234.47319	-299.303467	-300.178009	-40.675945	6.042085	280.078583	40	-28	1.18	21.551535	1.576	2.064	-1.238	-1.180
109.747955	233.896118	-300.385956	-301.401794	-40.497543	6.236991	280.718781	40	-28	1.18	21.569037	1.575	2.056	-1.234	-1.179
108.484413	235.050232	-303.272552	-303.499725	-42.81678	5.847179	281.198914	40	-28	1.18	21.603191	1.580	2.067	-1.243	-1.187
109.776726	237.166061	-303.092133	-304.199066	-41.389557	6.236991	282.15918	40	-28	1.18	21.625557	1.574	2.064	-1.234	-1.182
109.776726	262.171417	-272.782928	-293.010101	-16.234697	6.431898	295.442902	40	-24	1.18	22.132537	1.435	2.082	-1.169	-1.085
107.610085	261.979065	-272.963348	-294.233887	-19.802761	6.236991	296.083099	40	-24	1.18	22.164489	1.443	2.108	-1.197	-1.099
107.76239	263.710205	-277.293213	-297.555603	-19.624359	6.236991	296.403168	40	-24	1.18	22.176723	1.438	2.096	-1.180	-1.097
109.747955	263.710205	-277.293213	-296.157013	-18.910748	6.626803	297.043365	40	-24	1.18	22.18629	1.445	2.091	-1.180	-1.095
101.444656	284.099182	-239.226303	-286.366699	1.609402	6.626803	307.12619	40	-20	1.18	22.568141	1.288	2.158	-1.155	-1.019
101.805672	285.060913	-237.782974	-285.842194	1.967043	6.431898	307.446289	40	-20	1.18	22.587472	1.287	2.164	-1.158	-1.017
100.54213	284.676208	-240.489182	-288.639465	-1.248823	6.431898	307.766357	40	-20	1.18	22.599478	1.295	2.177	-1.174	-1.029
100.749031	286.022675	-243.375763	-289.338745	-1.605632	6.431898	308.24649	40	-20	1.18	22.617475	1.300	2.173	-1.170	-1.030
86.64312	305.642242	-207.83461	-286.891174	13.411521	6.82171	318.649414	40	-16	1.18	22.989596	1.129	2.272	-1.171	-0.975
86.823631	306.026917	-206.030502	-287.065979	14.66326	7.014666	319.129547	40	-16	1.18	23.000179	1.121	2.271	-1.166	-0.971
88.809204	306.219269	-204.226379	-284.618408	16.093821	6.82171	319.449646	40	-16	1.18	23.019076	1.125	2.268	-1.164	-0.964
88.628693	306.411621	-202.963501	-285.317719	16.630281	6.626803	320.089844	40	-16	1.18	23.0498	1.118	2.269	-1.164	-0.962
69.874329	323.145966	-164.896561	-284.618408	30.935879	7.406428	329.372437	40	-12	1.18	23.360332	0.918	2.377	-1.167	-0.908
69.152115	322.184235	-166.159454	-285.142914	28.25358	6.82171	329.532471	40	-12	1.18	23.387334	0.927	2.392	-1.187	-0.916
68.77298	323.145966	-165.61821	-285.842194	29.147676	6.82171	330.012604	40	-12	1.18	23.404725	0.920	2.389	-1.180	-0.912
69.314499	322.376556	-163.272858	-284.968079	30.399418	7.016615	330.492737	40	-12	1.18	23.415051	0.914	2.386	-1.179	-0.908
45.680119	329.301147	-122.138924	-281.121857	40.592155	7.404368	333.213501	40	-8	1.18	23.499338	0.693	2.520	-1.208	-0.863
43.863083	329.108795	-119.071915	-279.198792	41.128616	7.211522	331.773102	40	-8	1.18	23.454304	0.678	2.532	-1.210	-0.859
44.055134	327.76236	-119.071915	-280.072906	40.055698	7.016615	330.652771	40	-8	1.18	23.420843	0.681	2.537	-1.213	-0.862
44.58511	327.377655	-123.401802	-280.772217	38.803955	6.82171	329.372437	40	-8	1.18	23.381534	0.697	2.525	-1.206	-0.867
14.805414	305.642242	-69.278198	-251.750931	47.744957	6.626803	305.525726	40	-4	1.18	22.507962	0.404	2.676	-1.238	-0.803
15.523559	303.911102	-71.262733	-250.876801	46.135574	6.626803	304.885559	40	-4	1.18	22.483846	0.419	2.677	-1.249	-0.809
15.166523	303.141693	-69.999855	-250.527145	46.493214	6.626803	303.925293	40	-4	1.18	22.447622	0.412	2.678	-1.245	-0.807
15.162544	304.680481	-70.541084	-250.177505	47.744957	6.82171	303.285095	40	-4	1.18	22.416072	0.412	2.666	-1.228	-0.803
-10.450212	281.406281	-32.654568	-225.177231	47.029678	6.236991	282.15918	40	0	1.18	21.625557	0.126	2.879	-1.336	-0.768
-12.612326	280.636871	-33.556629	-226.750671	46.493214	6.236991	281.358978	40	0	1.18	21.594176	0.119	2.872	-1.330	-0.772
-12.792503	280.636871	-33.376217	-227.100311	46.314396	6.042085	280.558716	40	0	1.18	21.570406	0.117	2.876	-1.327	-0.772
-12.071798	278.328705	-34.278278	-225.002396	43.810913	6.042085	279.758514	40	0	1.18	21.538945	0.128	2.902	-1.360	-0.782
-38.19733	266.403076	-5.051536	-211.191071	46.314396	5.847179	265.034393	40	4	1.18	20.959494	-0.194	2.793	-1.279	-0.763
-37.656803	264.09491	-3.969064	-208.568649	45.599113	5.847179	264.394196	40	4	1.18	20.933593	-0.200	2.802	-1.297	-0.764
-36.575748	261.979065	-3.788652	-206.820374	43.453274	5.652272	263.914062	40	4	1.18	20.922042	-0.199	2.839	-1.335	-0.771
-38.017159	263.3255	-3.788652	-208.568649	44.883839	5.457366	263.273895	40	4	1.18	20.903999	-0.204	2.806	-1.299	-0.766
-70.448853	275.443481	23.664942	-215.037262	47.029678	5.847179	275.917419	40	8	1.18	21.395004	-0.496	2.585	-1.206	-0.783
-68.827271	274.866425	23.122995	-214.163116	46.850853	5.652272	276.557617	40	8	1.18	21.428056	-0.488	2.596	-1.220	-0.781
-67.926384	275.635803	23.845591	-213.988281	47.744957	5.847179	277.197784	40	8	1.18	21.445659	-0.486	2.595	-1.216	-0.778
-68.827271	277.366943	23.303646	-215.561752	48.817875	5.847179	277.677917	40	8	1.18	21.464624	-0.482	2.581	-1.198	-0.775
-107.7453	286.215027	50.58157	-223.0793	47.387314	6.042085	290.161438	40	12	1.18	21.944435	-0.744	2.393	-1.141	-0.806
-108.285828	287.36911	48.775082	-225.177231	47.029678	6.042085	290.641571	40	12	1.18	21.962969	-0.735	2.398	-1.140	-0.808
-108.105659	288.138489	51.304161	-222.72966	47.923779	6.042085	291.281738	40	12	1.18	21.987657	-0.747	2.395	-1.141	-0.804
-107.7453	286.984406	52.026752	-224.303085	47.387314	5.847179	291.761871	40	12	1.18	22.013659	-0.749	2.396	-1.145	-0.805
-156.392853	295.255402	76.414307	-238.638901	39.876877	6.236991	304.245392	40	16	1.18	22.474407	-0.981	2.249	-1.114	-0.858
-156.212662	296.601837	77.859489	-237.764771	42.201534	6.626803	304.56546	40	16	1.18	22.471777	-0.979	2.234	-1.097	-0.851
-156.212662	296.986542	75.691711	-238.988556	40.770977	6.236991	305.045593	40	16	1.18	22.504561	-0.973	2.248	-1.109	-0.855
-154.59108	295.832458	76.775604	-238.638901	40.234516	6.236991	305.525726	40	16	1.18	22.522634	-0.977	2.257	-1.120	-0.856
-206.842163	301.410553	101.163147	-256.121613	29.862959	6.82171	317.048981	40	20	1.18	22.930524	-1.179	2.133	-1.099	-0.912
-208.643906	301.410553	102.788986	-258.219543	30.935879	6.82171	317.529114	40	20	1.18	22.948262	-1.178	2.117	-1.084	-0.909
-211.526733	302.372314	101.524445	-259.967804	28.432398	7.016615	317.849213	40	20	1.18	22.952885	-1.185	2.129	-1.096	-0.919
-208.103394	301.98761	99.356659	-260.142639	27.538298	6.626803	318.009247	40	20	1.18	22.973177	-1.175	2.148	-1.110	-0.920
-259.633759	298.717682	123.744209	-281.296692	14.30562	7.016615	326.971771	40	24	1.18	23.287269	-1.346	2.037	-1.098	-0.974
-259.99411	301.025848	122.660309	-281.471527	15.19972	7.211522	327.29187	40	24	1.18	23.291824	-1.338	2.037	-1.091	-0.972
-260.354462	300.833527	123.56356	-282.870148	15.557362	7.016615	327.771973	40	24	1.18	23.316371	-1.337	2.033	-1.087	-0.970
-259.633759	301.025848	123.744209	-284.268768	12.875061	7.016615	328.092072	40	24	1.18	23.328003	-1.346	2.055	-1.107	-0.979
-304.857941	289.677277	137.834793	-307.345917	-6.42252	6.82171	335.134033	40	28	1.18	23.589437	-1.477	1.992	-1.140	-1.044
-307.920929	290.83139	138.196091	-310.842468	-4.993999	6.82171	334.173798	40	28	1.18	23.554915	-1.466	1.977	-1.114	-1.039
-300.533722	290.061981	138.015442	-305.772491	-4.28168	7.016615	333.213501	40	28	1.18	23.513318	-1.467	1.994	-1.129	-1.038
-302.695831	287.946136	138.015442	-304.373871	-3.568068	7.016615	331.933167	40	28	1.18	23.467127	-1.469	1.975	-1.118	-1.035
-315.848694	249.476379	136.389603	-303.150085	-23.014023	6.626803	304.885559	40	32	1.18	22.483846	-1.579	1.929	-1.145	-1.103
-311.524475	248.514648	132.200043	-301.22699	-26.93889	6.626803	304.085358	40	32	1.18	22.453664	-1.588	1.967	-1.185	-1.120
-312.785706	246.783508	133.860519	-302.101135	-25.333265	6.431898	302.965027	40	32	1.18	22.41871	-1.583	1.946	-1.164	-1.113
-310.623596	246.591156	133.318573	-298.080109	-25.511665	6.431898	302.004761	40	32	1.18	22.382381	-1.592	1.953	-1.175	-1.115
-324.13678	215.238297	128.441071	-306.996277	-47.812073	5.847179	284.239777	40	36	1.18	21.722152	-1.690	1.950	-1.240	-1.200
-323.055725	214.084213	126.453934	-305.597656	-48.882496	6.042085	283.439545	40	36	1.18	21.683293	-1.693	1.958	-1.252	-1.207
-321.253998	214.468903	127.718483	-303.674561	-46.741653	6.042085	282.799347	40	36	1.18	21.658257	-1.690	1.950	-1.240	-1.199
-319.812561	213.122467	128.260422	-302.800415	-46.563251	5.847179	282.319214	40	36	1.18	21.647094	-1.692	1.949	-1.242	-1.198
-332.424896	185.616592	124.105507	-316.262115	-65.992119	5.457366	267.435059	40	40	1.18	21.072019	-1.767	1.943	-1.291	-1.277
-329.181732	184.077789	121.757072	-313.464874	-67.240616	5.652272	266.954895	40	40	1.18	21.044852	-1.775	1.958	-1.315	-1.287
-329.361908	183.116058	121.034477	-313.464874	-68.685257	5.650709	266.154694	40	40	1.18	21.012668	-1.782	1.965	-1.325	-1.294
-326.479065	182.539001	119.228004	-311.716614	-69.755669	5.457366	265.674561	40	40	1.18	21.001097	-1.788	1.982	-1.345	-1.302
-359.991852	165.035263	120.492538	-347.206512	-94.910538	5.652272	269.995789	40	44	1.18	21.166952	-1.857	1.980	-1.411	-1.389
-358.910797	164.265869	119.228004	-346.157532	-96.312828	5.652272	270.475891	40	44	1.18	21.186165	-1.866	1.992	-1.432	-1.398
-360.532349	166.189362	120.492538	-347.381317	-95.088943	5.652272	271.276123	40	44	1.18	21.21815	-1.858	1.984	-1.415	-1.389
-361.973785	166.189362	119.950584	-347.730988	-96.159348	6.042085	271.916321	40	44	1.18	21.228149	-1.863	1.987	-1.423	-1.395
71.480576	168.497543	-424.14859	-425.354156	-196.421967	6.431898	292.882202	44	-44	1.18	22.034269	2.171	2.601	-2.143	-1.888
70.217033	168.112839	-423.78775	-425.529022	-197.849197	6.431898	293.202271	44	-44	1.18	22.046576	2.178	2.617	-2.165	-1.901
69.856026	167.535797	-423.246521	-425.703827	-199.454819	6.431898	294.002502	44	-44	1.18	22.077315	2.191	2.636	-2.193	-1.915
71.661087	168.689896	-425.411469	-426.577942	-197.670792	6.431898	294.482635	44	-44	1.18	22.095737	2.177	2.607	-2.156	-1.894
78.881348	197.157516	-441.28772	-434.619995	-181.0793	6.431898	306.325989	44	-40	1.18	22.545401	2.025	2.459	-1.897	-1.730
79.082573	197.542221	-442.911407	-436.018585	-181.0793	6.82171	306.646057	44	-40	1.18	22.542778	2.020	2.452	-1.888	-1.727
77.818703	198.119263	-446.880524	-438.641022	-181.614517	6.042085	307.12619	44	-40	1.18	22.590087	2.009	2.438	-1.872	-1.719
77.978813	199.273346	-448.684631	-441.263428	-185.360992	6.042085	307.766357	44	-40	1.18	22.61409	2.029	2.467	-1.899	-1.737
83.032997	227.548615	-440.566071	-429.724884	-157.351669	7.016615	317.529114	44	-36	1.18	22.941063	1.885	2.366	-1.709	-1.592
80.888115	227.933334	-440.024841	-430.948639	-161.811768	6.82171	318.009247	44	-36	1.18	22.965986	1.903	2.408	-1.753	-1.616
83.054756	227.356262	-441.1073	-432.696899	-163.7742	6.626803	318.329346	44	-36	1.18	22.984982	1.919	2.417	-1.765	-1.624
84.477043	226.202194	-438.401123	-429.724884	-157.708481	7.016615	318.969513	44	-36	1.18	22.994211	1.892	2.373	-1.725	-1.596
85.01857	255.05452	-419.818695	-416.437988	-136.478485	6.82171	327.451904	44	-32	1.18	23.311821	1.792	2.384	-1.647	-1.509
85.199074	255.439194	-419.999084	-416.962463	-135.764877	6.626803	328.092072	44	-32	1.18	23.342159	1.787	2.378	-1.641	-1.504
85.943619	255.439194	-419.999084	-416.437988	-135.943283	7.016615	328.572205	44	-32	1.18	23.345438	1.792	2.380	-1.646	-1.506
83.394005	254.862152	-423.78775	-418.710754	-138.262512	7.211522	328.892273	44	-32	1.18	23.349981	1.792	2.380	-1.651	-1.514
84.499191	280.636871	-386.803284	-398.255981	-107.577164	7.406428	336.414429	44	-28	1.18	23.614417	1.654	2.382	-1.558	-1.404
83.394005	280.44455	-389.148651	-399.479767	-107.22036	7.211522	335.454132	44	-28	1.18	23.586933	1.646	2.368	-1.542	-1.399
81.769447	278.713409	-391.494019	-402.102203	-110.966827	7.211522	334.333832	44	-28	1.18	23.546647	1.656	2.382	-1.558	-1.413
83.574516	275.828156	-382.292999	-392.836365	-107.22036	7.016615	333.213501	44	-28	1.18	23.513318	1.662	2.385	-1.571	-1.407
68.429901	270.057709	-312.293121	-339.688934	-78.319031	6.236991	307.286224	44	-24	1.18	22.588779	1.537	2.462	-1.557	-1.341
69.332664	270.442413	-313.375641	-339.514099	-75.821388	6.042085	306.806091	44	-24	1.18	22.578076	1.527	2.434	-1.527	-1.327
67.888237	269.2883	-313.014771	-339.688934	-76.891808	6.236991	305.845825	44	-24	1.18	22.534675	1.527	2.441	-1.534	-1.333
68.068794	268.326569	-309.947784	-338.814819	-78.854233	6.236991	304.885559	44	-24	1.18	22.498533	1.540	2.473	-1.563	-1.347
54.69347	263.902557	-249.329361	-298.604584	-54.769802	6.042085	287.440643	44	-20	1.18	21.83911	1.387	2.566	-1.561	-1.277
53.971447	263.3255	-249.87059	-298.080109	-54.05619	6.042085	286.480408	44	-20	1.18	21.801816	1.382	2.553	-1.548	-1.273
54.707809	262.556091	-248.607712	-297.205963	-54.05619	5.847179	285.84021	44	-20	1.18	21.784501	1.386	2.558	-1.553	-1.274
54.166145	261.786713	-246.44278	-295.457672	-52.807365	6.430112	284.71991	44	-20	1.18	21.71814	1.378	2.554	-1.547	-1.272
37.194088	254.285095	-198.092361	-266.436401	-38.356701	5.847179	266.634827	44	-16	1.18	21.024105	1.213	2.685	-1.573	-1.228
36.642822	253.131012	-192.860428	-264.163635	-36.394264	5.847179	266.154694	44	-16	1.18	21.004742	1.195	2.693	-1.575	-1.220
35.920795	252.55397	-194.123306	-264.688141	-36.394264	5.847179	265.514526	44	-16	1.18	20.978898	1.192	2.680	-1.564	-1.219
35.198769	252.361618	-194.303711	-264.163635	-38.713509	5.457366	264.714264	44	-16	1.18	20.962311	1.205	2.711	-1.593	-1.232
21.841288	266.210724	-162.190384	-262.415405	-25.690067	5.847179	273.35672	44	-12	1.18	21.293333	0.986	2.833	-1.602	-1.169
20.758247	266.403076	-165.79863	-264.513306	-29.793346	5.847179	273.996918	44	-12	1.18	21.318797	1.006	2.864	-1.639	-1.192
21.841288	267.364838	-165.979034	-264.688141	-27.110279	5.847179	274.637085	44	-12	1.18	21.344229	0.998	2.827	-1.603	-1.175
20.397234	267.172485	-164.174911	-265.212616	-29.436537	5.847179	274.957153	44	-12	1.18	21.356934	0.996	2.874	-1.643	-1.190
2.707595	285.445587	-133.504868	-272.555359	-17.840326	6.236991	290.161438	44	-8	1.18	21.936906	0.736	3.013	-1.663	-1.130
0.000002	286.984406	-137.113113	-274.128784	-20.337973	6.430112	290.641571	44	-8	1.18	21.947992	0.740	3.028	-1.678	-1.144
1.263544	287.36911	-136.932693	-274.65329	-18.375536	6.236991	291.281738	44	-8	1.18	21.980143	0.737	2.999	-1.652	-1.131
-1.081055	287.176727	-137.834763	-276.576385	-23.549231	6.430112	291.601837	44	-8	1.18	21.985038	0.745	3.070	-1.716	-1.163
-27.206593	300.833527	-107.525543	-282.170837	-17.126713	6.624963	303.285095	44	-4	1.18	22.423509	0.452	3.280	-1.803	-1.134
-27.74712	301.602905	-106.623482	-284.443573	-15.160352	6.236991	303.605194	44	-4	1.18	22.450254	0.437	3.249	-1.767	-1.119
-27.74712	303.526398	-106.262657	-285.842194	-13.55514	6.236991	304.085358	44	-4	1.18	22.468372	0.430	3.229	-1.741	-1.108
-26.485886	302.372314	-106.984306	-286.366699	-16.769907	6.819815	304.56546	44	-4	1.18	22.464497	0.447	3.272	-1.786	-1.131
-59.998642	314.682648	-74.329735	-292.135986	-11.239408	7.014666	316.088715	44	0	1.18	22.887864	0.083	3.528	-1.903	-1.106
-62.521103	316.60611	-78.65963	-297.730438	-14.450666	6.626803	316.408783	44	0	1.18	22.914061	0.093	3.536	-1.904	-1.121
-60.719341	315.8367	-76.31427	-293.884247	-11.596213	7.014666	317.048981	44	0	1.18	22.923391	0.090	3.514	-1.894	-1.107
-60.358986	316.413788	-74.329735	-294.583557	-11.593212	6.82171	317.529114	44	0	1.18	22.948262	0.081	3.535	-1.904	-1.107
-96.394211	326.99295	-43.298874	-299.653534	-7.849745	7.016615	327.451904	44	4	1.18	23.304735	-0.279	3.295	-1.763	-1.078
-93.871735	325.646515	-43.298874	-301.22699	-9.098568	7.014666	327.932037	44	4	1.18	23.322258	-0.268	3.326	-1.788	-1.086
-93.691566	327.377655	-47.448353	-300.87735	-11.417809	7.211522	328.252106	44	4	1.18	23.326736	-0.249	3.380	-1.827	-1.100
-95.313156	328.147034	-44.200935	-300.352844	-8.384955	7.209517	328.252106	44	4	1.18	23.326809	-0.270	3.318	-1.777	-1.082
-133.150131	331.801666	-12.809251	-305.597656	-11.061003	7.406428	336.574463	44	8	1.18	23.620159	-0.578	3.060	-1.669	-1.089
-137.114014	333.340454	-14.793784	-307.695587	-11.774615	7.406428	335.774231	44	8	1.18	23.59143	-0.581	3.043	-1.650	-1.091
-137.47435	332.95575	-16.597902	-306.821442	-11.417809	7.406428	334.813965	44	8	1.18	23.55691	-0.574	3.036	-1.643	-1.089
-135.492432	327.570007	-14.974195	-303.324921	-14.450666	7.211522	333.693665	44	8	1.18	23.523596	-0.588	3.078	-1.699	-1.106
-158.014435	302.564667	13.00668	-278.149811	-12.666633	6.626803	308.886688	44	12	1.18	22.634153	-0.833	2.827	-1.565	-1.094
-161.257614	303.141693	12.103437	-279.023956	-14.272262	6.236991	307.926392	44	12	1.18	22.612783	-0.842	2.828	-1.565	-1.100
-158.915314	301.410553	15.53576	-276.40155	-10.879783	6.236991	307.12619	44	12	1.18	22.582774	-0.844	2.794	-1.538	-1.083
-159.636017	301.98761	12.103437	-276.576385	-11.95302	6.431898	306.486023	44	12	1.18	22.551415	-0.833	2.806	-1.545	-1.089
-180.176086	275.251129	36.310337	-256.471283	-16.591503	6.042085	285.039978	44	16	1.18	21.745753	-1.073	2.636	-1.495	-1.112
-181.257156	276.405212	32.697369	-258.918854	-19.445955	6.235262	284.399811	44	16	1.18	21.713253	-1.066	2.668	-1.514	-1.128
-179.635559	273.135284	34.684502	-256.471283	-20.15435	6.042085	283.759644	44	16	1.18	21.6958	-1.083	2.676	-1.536	-1.132
-178.013977	272.558228	36.129688	-254.198517	-16.943924	6.042085	283.119476	44	16	1.18	21.67078	-1.075	2.645	-1.507	-1.115
-201.617035	251.592224	49.497677	-247.380249	-26.753561	5.652272	267.755157	44	20	1.18	21.077053	-1.270	2.523	-1.489	-1.164
-200.53598	250.630478	50.58157	-246.855759	-26.582087	5.652272	267.275024	44	20	1.18	21.057739	-1.274	2.524	-1.491	-1.164
-202.517944	250.82283	49.497677	-248.254395	-26.582087	5.847179	266.634827	44	20	1.18	21.024105	-1.268	2.510	-1.475	-1.163
-202.157578	250.438126	51.48481	-246.506119	-24.798054	5.457366	265.994659	44	20	1.18	21.01401	-1.271	2.491	-1.457	-1.152
-241.255798	245.62941	68.104477	-265.037781	-37.286285	5.847179	272.396454	44	24	1.18	21.255081	-1.433	2.366	-1.435	-1.200
-241.976486	247.168198	67.201233	-264.163635	-36.751072	6.236991	273.196655	44	24	1.18	21.271436	-1.429	2.364	-1.433	-1.199
-243.417908	247.552902	68.465775	-265.737091	-37.990059	5.847179	273.676788	44	24	1.18	21.306067	-1.440	2.370	-1.439	-1.202
-243.598083	248.899338	69.188362	-266.086761	-36.394264	5.847179	274.316986	44	24	1.18	21.331516	-1.432	2.357	-1.422	-1.193
-292.786163	247.745239	81.653107	-297.730438	-56.018623	6.236991	287.120575	44	28	1.18	21.819117	-1.565	2.280	-1.434	-1.260
-288.461914	247.552902	82.014404	-294.408722	-54.769802	5.847179	287.440643	44	28	1.18	21.846672	-1.565	2.290	-1.446	-1.256
-292.966309	248.706985	83.278946	-296.681458	-54.412991	6.042085	288.40094	44	28	1.18	21.876342	-1.565	2.269	-1.426	-1.251
-290.083527	250.053436	84.001541	-295.807373	-52.272156	5.847179	288.721039	44	28	1.18	21.896284	-1.554	2.268	-1.417	-1.241
-338.010345	243.51358	90.324234	-329.548981	-79.38945	6.431898	301.684662	44	32	1.18	22.370258	-1.684	2.253	-1.498	-1.337
-336.749115	243.705917	90.324234	-330.073425	-80.260689	6.236991	302.32486	44	32	1.18	22.401871	-1.687	2.267	-1.511	-1.342
-340.893188	244.090622	93.756561	-329.723785	-76.891808	6.431898	302.804962	44	32	1.18	22.412658	-1.682	2.221	-1.469	-1.322
-339.992279	245.24472	91.745377	-333.220337	-80.281464	6.236991	303.285095	44	32	1.18	22.438167	-1.684	2.257	-1.496	-1.338
-389.000183	237.550766	102.066391	-370.108856	-102.760277	7.016615	314.488251	44	36	1.18	22.828456	-1.774	2.195	-1.507	-1.397
-383.414734	235.434937	102.24704	-369.234711	-103.473892	6.82171	314.80835	44	36	1.18	22.847565	-1.780	2.216	-1.533	-1.404
-385.757019	236.781372	102.427689	-367.48645	-101.15464	6.626803	315.288483	44	36	1.18	22.87259	-1.772	2.194	-1.512	-1.391
-385.576843	236.973724	101.524445	-368.710236	-102.760277	7.014666	315.608582	44	36	1.18	22.870079	-1.775	2.207	-1.525	-1.400
-422.332764	222.355194	106.040649	-409.095245	-132.375214	7.406428	324.090942	44	40	1.18	23.167939	-1.865	2.229	-1.611	-1.493
-425.03537	221.585831	106.943901	-406.647675	-130.23439	7.211522	324.411041	44	40	1.18	23.18677	-1.863	2.200	-1.592	-1.481
-431.161407	221.970505	106.763245	-411.892517	-132.018417	7.211522	324.73114	44	40	1.18	23.198467	-1.858	2.189	-1.578	-1.481
-424.134521	221.585831	104.595467	-410.319061	-133.767807	7.016615	325.051239	44	40	1.18	23.217273	-1.865	2.229	-1.619	-1.497
-463.412903	201.966232	105.498711	-450.529266	-163.952576	7.016615	334.013733	44	44	1.18	23.542141	-1.942	2.227	-1.699	-1.583
-463.95343	201.196838	104.026253	-456.823029	-168.769485	7.209517	334.653931	44	44	1.18	23.558238	-1.948	2.256	-1.726	-1.603
-465.755219	201.966232	105.318062	-455.424408	-166.628647	7.016615	334.813965	44	44	1.18	23.57093	-1.943	2.236	-1.706	-1.591
-466.11554	201.004486	102.788986	-458.746094	-171.26712	7.016615	335.134033	44	44	1.18	23.582435	-1.954	2.266	-1.739	-1.612
