solid CATIA STL
  facet normal  0.000000e+00  7.729810e-01 -6.344292e-01
    outer loop
      vertex -1.504272e+01 -2.121233e-01  2.121408e-01
      vertex -1.404272e+01 -2.494323e-01  1.666839e-01
      vertex -1.504272e+01 -2.494323e-01  1.666839e-01
    endloop
  endfacet
  facet normal  0.000000e+00  8.818945e-01 -4.714467e-01
    outer loop
      vertex -1.504272e+01 -2.494323e-01  1.666839e-01
      vertex -1.404272e+01 -2.494323e-01  1.666839e-01
      vertex -1.404272e+01 -2.771567e-01  1.148222e-01
    endloop
  endfacet
  facet normal  0.000000e+00  8.818945e-01 -4.714467e-01
    outer loop
      vertex -1.504272e+01 -2.494323e-01  1.666839e-01
      vertex -1.404272e+01 -2.771567e-01  1.148222e-01
      vertex -1.504272e+01 -2.771567e-01  1.148222e-01
    endloop
  endfacet
  facet normal  0.000000e+00  9.569208e-01 -2.903490e-01
    outer loop
      vertex -1.504272e+01 -2.771567e-01  1.148222e-01
      vertex -1.404272e+01 -2.771567e-01  1.148222e-01
      vertex -1.404272e+01 -2.942314e-01  5.854834e-02
    endloop
  endfacet
  facet normal  0.000000e+00  9.569208e-01 -2.903490e-01
    outer loop
      vertex -1.504272e+01 -2.771567e-01  1.148222e-01
      vertex -1.404272e+01 -2.942314e-01  5.854834e-02
      vertex -1.504272e+01 -2.942314e-01  5.854834e-02
    endloop
  endfacet
  facet normal  0.000000e+00  9.951811e-01 -9.805331e-02
    outer loop
      vertex -1.504272e+01 -2.942314e-01  5.854834e-02
      vertex -1.404272e+01 -2.942314e-01  5.854834e-02
      vertex -1.404272e+01 -3.000000e-01 -7.347881e-17
    endloop
  endfacet
  facet normal -2.428254e-06  9.951771e-01 -9.809439e-02
    outer loop
      vertex -1.504272e+01 -2.942314e-01  5.854834e-02
      vertex -1.404272e+01 -3.000000e-01 -7.347881e-17
      vertex -1.504272e+01 -3.000000e-01  2.475426e-05
    endloop
  endfacet
  facet normal  0.000000e+00  7.729810e-01 -6.344292e-01
    outer loop
      vertex -1.404272e+01 -2.494323e-01  1.666839e-01
      vertex -1.504272e+01 -2.121233e-01  2.121408e-01
      vertex -1.404272e+01 -2.121233e-01  2.121408e-01
    endloop
  endfacet
  facet normal  0.000000e+00  6.343654e-01 -7.730333e-01
    outer loop
      vertex -1.404272e+01 -2.121233e-01  2.121408e-01
      vertex -1.504272e+01 -2.121233e-01  2.121408e-01
      vertex -1.504272e+01 -1.666633e-01  2.494460e-01
    endloop
  endfacet
  facet normal  0.000000e+00  6.343654e-01 -7.730333e-01
    outer loop
      vertex -1.404272e+01 -2.121233e-01  2.121408e-01
      vertex -1.504272e+01 -1.666633e-01  2.494460e-01
      vertex -1.404272e+01 -1.666633e-01  2.494460e-01
    endloop
  endfacet
  facet normal  0.000000e+00  4.713740e-01 -8.819335e-01
    outer loop
      vertex -1.404272e+01 -1.666633e-01  2.494460e-01
      vertex -1.504272e+01 -1.666633e-01  2.494460e-01
      vertex -1.504272e+01 -1.147993e-01  2.771662e-01
    endloop
  endfacet
  facet normal  0.000000e+00  4.713740e-01 -8.819335e-01
    outer loop
      vertex -1.404272e+01 -1.666633e-01  2.494460e-01
      vertex -1.504272e+01 -1.147993e-01  2.771662e-01
      vertex -1.404272e+01 -1.147993e-01  2.771662e-01
    endloop
  endfacet
  facet normal  0.000000e+00  2.902700e-01 -9.569448e-01
    outer loop
      vertex -1.404272e+01 -1.147993e-01  2.771662e-01
      vertex -1.504272e+01 -1.147993e-01  2.771662e-01
      vertex -1.504272e+01 -5.852406e-02  2.942362e-01
    endloop
  endfacet
  facet normal  0.000000e+00  2.902700e-01 -9.569448e-01
    outer loop
      vertex -1.404272e+01 -1.147993e-01  2.771662e-01
      vertex -1.504272e+01 -5.852406e-02  2.942362e-01
      vertex -1.404272e+01 -5.852406e-02  2.942362e-01
    endloop
  endfacet
  facet normal  0.000000e+00  9.801228e-02 -9.951852e-01
    outer loop
      vertex -1.404272e+01 -5.852406e-02  2.942362e-01
      vertex -1.504272e+01 -5.852406e-02  2.942362e-01
      vertex -1.504272e+01  3.583020e-16  3.000000e-01
    endloop
  endfacet
  facet normal  2.678861e-17  9.801228e-02 -9.951852e-01
    outer loop
      vertex -1.404272e+01 -5.852406e-02  2.942362e-01
      vertex -1.504272e+01  3.583020e-16  3.000000e-01
      vertex -1.404272e+01  8.498308e-17  3.000000e-01
    endloop
  endfacet
  facet normal -9.981868e-04 -2.902845e-01 -9.569398e-01
    outer loop
      vertex -1.504272e+01  1.026112e-01  2.819059e-01
      vertex -1.404272e+01  1.148050e-01  2.771639e-01
      vertex -1.404272e+01  5.852710e-02  2.942356e-01
    endloop
  endfacet
  facet normal  8.558666e-04 -4.226390e-01 -9.062977e-01
    outer loop
      vertex -1.404272e+01  1.148050e-01  2.771639e-01
      vertex -1.504272e+01  1.026112e-01  2.819059e-01
      vertex -1.504272e+01  1.500071e-01  2.598035e-01
    endloop
  endfacet
  facet normal -1.283697e-03 -4.713965e-01 -8.819205e-01
    outer loop
      vertex -1.504272e+01  1.500071e-01  2.598035e-01
      vertex -1.404272e+01  1.666711e-01  2.494409e-01
      vertex -1.404272e+01  1.148050e-01  2.771639e-01
    endloop
  endfacet
  facet normal  1.070101e-03 -5.736026e-01 -8.191330e-01
    outer loop
      vertex -1.404272e+01  1.666711e-01  2.494409e-01
      vertex -1.504272e+01  1.500071e-01  2.598035e-01
      vertex -1.504272e+01  1.928447e-01  2.298063e-01
    endloop
  endfacet
  facet normal -1.426607e-03 -6.343926e-01 -7.730098e-01
    outer loop
      vertex -1.504272e+01  1.928447e-01  2.298063e-01
      vertex -1.404272e+01  2.121320e-01  2.121320e-01
      vertex -1.404272e+01  1.666711e-01  2.494409e-01
    endloop
  endfacet
  facet normal  1.141715e-03 -7.071354e-01 -7.070773e-01
    outer loop
      vertex -1.404272e+01  2.121320e-01  2.121320e-01
      vertex -1.504272e+01  1.928447e-01  2.298063e-01
      vertex -1.504272e+01  2.298222e-01  1.928257e-01
    endloop
  endfacet
  facet normal -1.426885e-03 -7.730098e-01 -6.343926e-01
    outer loop
      vertex -1.504272e+01  2.298222e-01  1.928257e-01
      vertex -1.404272e+01  2.494409e-01  1.666711e-01
      vertex -1.404272e+01  2.121320e-01  2.121320e-01
    endloop
  endfacet
  facet normal  1.070644e-03 -8.191805e-01 -5.735347e-01
    outer loop
      vertex -1.504272e+01  2.598159e-01  1.499857e-01
      vertex -1.404272e+01  2.494409e-01  1.666711e-01
      vertex -1.504272e+01  2.298222e-01  1.928257e-01
    endloop
  endfacet
  facet normal -1.284496e-03 -8.819205e-01 -4.713964e-01
    outer loop
      vertex -1.404272e+01  2.771639e-01  1.148050e-01
      vertex -1.404272e+01  2.494409e-01  1.666711e-01
      vertex -1.504272e+01  2.598159e-01  1.499857e-01
    endloop
  endfacet
  facet normal  8.569497e-04 -9.063325e-01 -4.225644e-01
    outer loop
      vertex -1.504272e+01  2.819144e-01  1.025880e-01
      vertex -1.404272e+01  2.771639e-01  1.148050e-01
      vertex -1.504272e+01  2.598159e-01  1.499857e-01
    endloop
  endfacet
  facet normal -9.995344e-04 -9.569398e-01 -2.902845e-01
    outer loop
      vertex -1.404272e+01  2.942356e-01  5.852710e-02
      vertex -1.404272e+01  2.771639e-01  1.148050e-01
      vertex -1.504272e+01  2.819144e-01  1.025880e-01
    endloop
  endfacet
  facet normal  4.991294e-04 -2.588318e-01 -9.659223e-01
    outer loop
      vertex -1.504272e+01  1.026112e-01  2.819059e-01
      vertex -1.404272e+01  5.852710e-02  2.942356e-01
      vertex -1.504272e+01  5.209716e-02  2.954418e-01
    endloop
  endfacet
  facet normal -5.701955e-04 -9.801727e-02 -9.951845e-01
    outer loop
      vertex -1.504272e+01  5.209716e-02  2.954418e-01
      vertex -1.404272e+01  5.852710e-02  2.942356e-01
      vertex -1.404272e+01  8.498308e-17  3.000000e-01
    endloop
  endfacet
  facet normal -2.382269e-17 -8.716077e-02 -9.961944e-01
    outer loop
      vertex -1.504272e+01  5.209716e-02  2.954418e-01
      vertex -1.404272e+01  8.498308e-17  3.000000e-01
      vertex -1.504272e+01  3.583020e-16  3.000000e-01
    endloop
  endfacet
  facet normal  5.007279e-04 -9.659435e-01 -2.587526e-01
    outer loop
      vertex -1.504272e+01  2.819144e-01  1.025880e-01
      vertex -1.504272e+01  2.954462e-01  5.207278e-02
      vertex -1.404272e+01  2.942356e-01  5.852710e-02
    endloop
  endfacet
  facet normal -6.439421e-04 -9.962012e-01 -8.707812e-02
    outer loop
      vertex -1.404272e+01  2.942356e-01  5.852710e-02
      vertex -1.504272e+01  2.954462e-01  5.207278e-02
      vertex -1.504272e+01  3.000000e-01 -2.475426e-05
    endloop
  endfacet
  facet normal  2.426346e-06 -9.951847e-01 -9.801729e-02
    outer loop
      vertex -1.404272e+01  2.942356e-01  5.852710e-02
      vertex -1.504272e+01  3.000000e-01 -2.475426e-05
      vertex -1.404272e+01  3.000000e-01  1.699662e-16
    endloop
  endfacet
  facet normal -2.428378e-06 -9.951766e-01  9.809938e-02
    outer loop
      vertex -1.404272e+01  3.000000e-01  1.699662e-16
      vertex -1.504272e+01  3.000000e-01 -2.475426e-05
      vertex -1.504272e+01  2.942308e-01 -5.855137e-02
    endloop
  endfacet
  facet normal  2.425092e-06 -9.951847e-01  9.801729e-02
    outer loop
      vertex -1.404272e+01  3.000000e-01  1.699662e-16
      vertex -1.504272e+01  2.942308e-01 -5.855137e-02
      vertex -1.404272e+01  2.942356e-01 -5.852710e-02
    endloop
  endfacet
  facet normal -2.429398e-06 -9.569164e-01  2.903637e-01
    outer loop
      vertex -1.404272e+01  2.942356e-01 -5.852710e-02
      vertex -1.504272e+01  2.942308e-01 -5.855137e-02
      vertex -1.504272e+01  2.771544e-01 -1.148279e-01
    endloop
  endfacet
  facet normal  2.429293e-06 -9.569404e-01  2.902847e-01
    outer loop
      vertex -1.404272e+01  2.942356e-01 -5.852710e-02
      vertex -1.504272e+01  2.771544e-01 -1.148279e-01
      vertex -1.404272e+01  2.771639e-01 -1.148050e-01
    endloop
  endfacet
  facet normal -2.426337e-06 -8.818823e-01  4.714696e-01
    outer loop
      vertex -1.404272e+01  2.771639e-01 -1.148050e-01
      vertex -1.504272e+01  2.771544e-01 -1.148279e-01
      vertex -1.504272e+01  2.494271e-01 -1.666916e-01
    endloop
  endfacet
  facet normal  2.429101e-06 -8.819211e-01  4.713968e-01
    outer loop
      vertex -1.404272e+01  2.771639e-01 -1.148050e-01
      vertex -1.504272e+01  2.494271e-01 -1.666916e-01
      vertex -1.404272e+01  2.494409e-01 -1.666711e-01
    endloop
  endfacet
  facet normal -2.425088e-06 -7.729582e-01  6.344571e-01
    outer loop
      vertex -1.404272e+01  2.494409e-01 -1.666711e-01
      vertex -1.504272e+01  2.494271e-01 -1.666916e-01
      vertex -1.504272e+01  2.121145e-01 -2.121495e-01
    endloop
  endfacet
  facet normal  2.436486e-06 -7.730106e-01  6.343932e-01
    outer loop
      vertex -1.404272e+01  2.494409e-01 -1.666711e-01
      vertex -1.504272e+01  2.121145e-01 -2.121495e-01
      vertex -1.404272e+01  2.121320e-01 -2.121320e-01
    endloop
  endfacet
  facet normal -2.417541e-06 -6.343296e-01  7.730628e-01
    outer loop
      vertex -1.404272e+01  2.121320e-01 -2.121320e-01
      vertex -1.504272e+01  2.121145e-01 -2.121495e-01
      vertex -1.504272e+01  1.666505e-01 -2.494546e-01
    endloop
  endfacet
  facet normal  2.423051e-06 -6.343932e-01  7.730106e-01
    outer loop
      vertex -1.404272e+01  2.121320e-01 -2.121320e-01
      vertex -1.504272e+01  1.666505e-01 -2.494546e-01
      vertex -1.404272e+01  1.666711e-01 -2.494409e-01
    endloop
  endfacet
  facet normal -2.431132e-06 -4.713241e-01  8.819600e-01
    outer loop
      vertex -1.404272e+01  1.666711e-01 -2.494409e-01
      vertex -1.504272e+01  1.666505e-01 -2.494546e-01
      vertex -1.504272e+01  1.147822e-01 -2.771733e-01
    endloop
  endfacet
  facet normal  2.420792e-06 -4.713968e-01  8.819211e-01
    outer loop
      vertex -1.404272e+01  1.666711e-01 -2.494409e-01
      vertex -1.504272e+01  1.147822e-01 -2.771733e-01
      vertex -1.404272e+01  1.148050e-01 -2.771639e-01
    endloop
  endfacet
  facet normal -2.433491e-06 -2.902056e-01  9.569643e-01
    outer loop
      vertex -1.404272e+01  1.148050e-01 -2.771639e-01
      vertex -1.504272e+01  1.147822e-01 -2.771733e-01
      vertex -1.504272e+01  5.850282e-02 -2.942404e-01
    endloop
  endfacet
  facet normal  2.427364e-06 -2.902847e-01  9.569404e-01
    outer loop
      vertex -1.404272e+01  1.148050e-01 -2.771639e-01
      vertex -1.504272e+01  5.850282e-02 -2.942404e-01
      vertex -1.404272e+01  5.852710e-02 -2.942356e-01
    endloop
  endfacet
  facet normal -2.427124e-06 -9.793519e-02  9.951928e-01
    outer loop
      vertex -1.404272e+01  5.852710e-02 -2.942356e-01
      vertex -1.504272e+01  5.850282e-02 -2.942404e-01
      vertex -1.504272e+01 -2.475426e-05 -3.000000e-01
    endloop
  endfacet
  facet normal  2.426346e-06 -9.801729e-02  9.951847e-01
    outer loop
      vertex -1.404272e+01  5.852710e-02 -2.942356e-01
      vertex -1.504272e+01 -2.475426e-05 -3.000000e-01
      vertex -1.404272e+01  2.818897e-14 -3.000000e-01
    endloop
  endfacet
  facet normal -2.428378e-06  9.809938e-02  9.951766e-01
    outer loop
      vertex -1.404272e+01  2.818897e-14 -3.000000e-01
      vertex -1.504272e+01 -2.475426e-05 -3.000000e-01
      vertex -1.504272e+01 -5.855137e-02 -2.942308e-01
    endloop
  endfacet
  facet normal  2.425092e-06  9.801729e-02  9.951847e-01
    outer loop
      vertex -1.404272e+01  2.818897e-14 -3.000000e-01
      vertex -1.504272e+01 -5.855137e-02 -2.942308e-01
      vertex -1.404272e+01 -5.852710e-02 -2.942356e-01
    endloop
  endfacet
  facet normal -2.429398e-06  2.903637e-01  9.569164e-01
    outer loop
      vertex -1.404272e+01 -5.852710e-02 -2.942356e-01
      vertex -1.504272e+01 -5.855137e-02 -2.942308e-01
      vertex -1.504272e+01 -1.148279e-01 -2.771544e-01
    endloop
  endfacet
  facet normal  2.429293e-06  2.902847e-01  9.569404e-01
    outer loop
      vertex -1.404272e+01 -5.852710e-02 -2.942356e-01
      vertex -1.504272e+01 -1.148279e-01 -2.771544e-01
      vertex -1.404272e+01 -1.148050e-01 -2.771639e-01
    endloop
  endfacet
  facet normal -2.426337e-06  4.714696e-01  8.818823e-01
    outer loop
      vertex -1.404272e+01 -1.148050e-01 -2.771639e-01
      vertex -1.504272e+01 -1.148279e-01 -2.771544e-01
      vertex -1.504272e+01 -1.666916e-01 -2.494271e-01
    endloop
  endfacet
  facet normal  2.429101e-06  4.713968e-01  8.819211e-01
    outer loop
      vertex -1.404272e+01 -1.148050e-01 -2.771639e-01
      vertex -1.504272e+01 -1.666916e-01 -2.494271e-01
      vertex -1.404272e+01 -1.666711e-01 -2.494409e-01
    endloop
  endfacet
  facet normal -2.425088e-06  6.344571e-01  7.729582e-01
    outer loop
      vertex -1.404272e+01 -1.666711e-01 -2.494409e-01
      vertex -1.504272e+01 -1.666916e-01 -2.494271e-01
      vertex -1.504272e+01 -2.121495e-01 -2.121145e-01
    endloop
  endfacet
  facet normal  2.436486e-06  6.343932e-01  7.730106e-01
    outer loop
      vertex -1.404272e+01 -1.666711e-01 -2.494409e-01
      vertex -1.504272e+01 -2.121495e-01 -2.121145e-01
      vertex -1.404272e+01 -2.121320e-01 -2.121320e-01
    endloop
  endfacet
  facet normal -2.417541e-06  7.730628e-01  6.343296e-01
    outer loop
      vertex -1.404272e+01 -2.121320e-01 -2.121320e-01
      vertex -1.504272e+01 -2.121495e-01 -2.121145e-01
      vertex -1.504272e+01 -2.494546e-01 -1.666505e-01
    endloop
  endfacet
  facet normal  2.423051e-06  7.730106e-01  6.343932e-01
    outer loop
      vertex -1.404272e+01 -2.121320e-01 -2.121320e-01
      vertex -1.504272e+01 -2.494546e-01 -1.666505e-01
      vertex -1.404272e+01 -2.494409e-01 -1.666711e-01
    endloop
  endfacet
  facet normal -2.431132e-06  8.819600e-01  4.713241e-01
    outer loop
      vertex -1.404272e+01 -2.494409e-01 -1.666711e-01
      vertex -1.504272e+01 -2.494546e-01 -1.666505e-01
      vertex -1.504272e+01 -2.771733e-01 -1.147822e-01
    endloop
  endfacet
  facet normal  2.420792e-06  8.819211e-01  4.713968e-01
    outer loop
      vertex -1.404272e+01 -2.494409e-01 -1.666711e-01
      vertex -1.504272e+01 -2.771733e-01 -1.147822e-01
      vertex -1.404272e+01 -2.771639e-01 -1.148050e-01
    endloop
  endfacet
  facet normal -2.433491e-06  9.569643e-01  2.902056e-01
    outer loop
      vertex -1.404272e+01 -2.771639e-01 -1.148050e-01
      vertex -1.504272e+01 -2.771733e-01 -1.147822e-01
      vertex -1.504272e+01 -2.942404e-01 -5.850282e-02
    endloop
  endfacet
  facet normal  2.427364e-06  9.569404e-01  2.902847e-01
    outer loop
      vertex -1.404272e+01 -2.771639e-01 -1.148050e-01
      vertex -1.504272e+01 -2.942404e-01 -5.850282e-02
      vertex -1.404272e+01 -2.942356e-01 -5.852710e-02
    endloop
  endfacet
  facet normal -2.427124e-06  9.951928e-01  9.793519e-02
    outer loop
      vertex -1.404272e+01 -2.942356e-01 -5.852710e-02
      vertex -1.504272e+01 -2.942404e-01 -5.850282e-02
      vertex -1.504272e+01 -3.000000e-01  2.475426e-05
    endloop
  endfacet
  facet normal  2.426346e-06  9.951847e-01  9.801729e-02
    outer loop
      vertex -1.404272e+01 -2.942356e-01 -5.852710e-02
      vertex -1.504272e+01 -3.000000e-01  2.475426e-05
      vertex -1.404272e+01 -3.000000e-01 -7.347881e-17
    endloop
  endfacet
  facet normal -1.000000e+00  0.000000e+00  -0.000000e+00
    outer loop
      vertex -4.000000e+01 -3.914867e-02 -1.262805e+00
      vertex -4.000000e+01 -2.475426e-05 -3.000000e-01
      vertex -4.000000e+01 -1.829256e-12 -1.260050e+00
    endloop
  endfacet
  facet normal -1.000000e+00  0.000000e+00  0.000000e+00
    outer loop
      vertex -4.000000e+01 -2.475426e-05 -3.000000e-01
      vertex -4.000000e+01  3.914867e-02 -1.262800e+00
      vertex -4.000000e+01 -1.829256e-12 -1.260050e+00
    endloop
  endfacet
  facet normal -1.000000e+00  0.000000e+00  0.000000e+00
    outer loop
      vertex -4.000000e+01 -5.543140e-01 -2.948345e+00
      vertex -4.000000e+01 -1.008712e+00 -2.825332e+00
      vertex -4.000000e+01 -1.438272e+00 -2.632750e+00
    endloop
  endfacet
  facet normal -9.999999e-01  0.000000e+00  0.000000e+00
    outer loop
      vertex -4.000000e+01  2.493824e-01 -1.403048e+00
      vertex -4.000000e+01  1.577242e+00 -2.985092e-01
      vertex -4.000000e+01  1.284544e+00 -2.711078e+00
    endloop
  endfacet
  facet normal -1.000000e+00  0.000000e+00  0.000000e+00
    outer loop
      vertex -4.000000e+01  2.493824e-01 -1.403048e+00
      vertex -4.000000e+01  2.120823e-01 -1.354287e+00
      vertex -4.000000e+01  1.577242e+00 -2.985092e-01
    endloop
  endfacet
  facet normal -1.000000e+00  0.000000e+00  0.000000e+00
    outer loop
      vertex -4.000000e+01  1.284544e+00 -2.711078e+00
      vertex -4.000000e+01  2.770988e-01 -1.458679e+00
      vertex -4.000000e+01  2.493824e-01 -1.403048e+00
    endloop
  endfacet
  facet normal -1.000000e+00  0.000000e+00  0.000000e+00
    outer loop
      vertex -4.000000e+01  1.284544e+00 -2.711078e+00
      vertex -4.000000e+01  2.941666e-01 -1.519044e+00
      vertex -4.000000e+01  2.770988e-01 -1.458679e+00
    endloop
  endfacet
  facet normal -1.000000e+00  0.000000e+00  0.000000e+00
    outer loop
      vertex -4.000000e+01  1.284544e+00 -2.711078e+00
      vertex -4.000000e+01  2.999296e-01 -1.581821e+00
      vertex -4.000000e+01  2.941666e-01 -1.519044e+00
    endloop
  endfacet
  facet normal -1.000000e+00  0.000000e+00  -0.000000e+00
    outer loop
      vertex -4.000000e+01  2.941666e-01 -1.644600e+00
      vertex -4.000000e+01  2.999296e-01 -1.581821e+00
      vertex -4.000000e+01  1.284544e+00 -2.711078e+00
    endloop
  endfacet
  facet normal -1.000000e+00  0.000000e+00  0.000000e+00
    outer loop
      vertex -4.000000e+01  2.120823e-01 -1.354287e+00
      vertex -4.000000e+01 -2.475426e-05 -3.000000e-01
      vertex -4.000000e+01  1.577242e+00 -2.985092e-01
    endloop
  endfacet
  facet normal -1.000000e+00  0.000000e+00  0.000000e+00
    outer loop
      vertex -4.000000e+01 -1.510336e+00  2.962621e-01
      vertex -4.000000e+01 -1.556953e+00  2.999546e-01
      vertex -4.000000e+01  2.475426e-05  3.000000e-01
    endloop
  endfacet
  facet normal -1.000000e+00  0.000000e+00  0.000000e+00
    outer loop
      vertex -4.000000e+01 -5.850282e-02  2.942404e-01
      vertex -4.000000e+01 -1.510336e+00  2.962621e-01
      vertex -4.000000e+01  2.475426e-05  3.000000e-01
    endloop
  endfacet
  facet normal -1.000000e+00  0.000000e+00  0.000000e+00
    outer loop
      vertex -4.000000e+01 -1.902523e-01 -1.333085e+00
      vertex -4.000000e+01 -2.120823e-01 -1.354312e+00
      vertex -4.000000e+01 -2.475426e-05 -3.000000e-01
    endloop
  endfacet
  facet normal -1.000000e+00  -0.000000e+00  0.000000e+00
    outer loop
      vertex -4.000000e+01 -2.475426e-05 -3.000000e-01
      vertex -4.000000e+01 -1.665866e-01 -1.314258e+00
      vertex -4.000000e+01 -1.902523e-01 -1.333085e+00
    endloop
  endfacet
  facet normal -9.999999e-01  -0.000000e+00  0.000000e+00
    outer loop
      vertex -4.000000e+01 -2.475426e-05 -3.000000e-01
      vertex -4.000000e+01 -1.413618e-01 -1.298041e+00
      vertex -4.000000e+01 -1.665866e-01 -1.314258e+00
    endloop
  endfacet
  facet normal -1.000000e+00  -0.000000e+00  0.000000e+00
    outer loop
      vertex -4.000000e+01 -2.475426e-05 -3.000000e-01
      vertex -4.000000e+01 -1.147781e-01 -1.284551e+00
      vertex -4.000000e+01 -1.413618e-01 -1.298041e+00
    endloop
  endfacet
  facet normal -1.000000e+00  -0.000000e+00  0.000000e+00
    outer loop
      vertex -4.000000e+01 -2.475426e-05 -3.000000e-01
      vertex -4.000000e+01 -7.762750e-02 -1.271019e+00
      vertex -4.000000e+01 -1.147781e-01 -1.284551e+00
    endloop
  endfacet
  facet normal -1.000000e+00  -0.000000e+00  0.000000e+00
    outer loop
      vertex -4.000000e+01 -2.475426e-05 -3.000000e-01
      vertex -4.000000e+01 -3.914867e-02 -1.262805e+00
      vertex -4.000000e+01 -7.762750e-02 -1.271019e+00
    endloop
  endfacet
  facet normal -1.000000e+00  -0.000000e+00  0.000000e+00
    outer loop
      vertex -4.000000e+01  2.475426e-05  3.000000e-01
      vertex -4.000000e+01  1.556894e+00  2.999388e-01
      vertex -4.000000e+01  1.510278e+00  2.962471e-01
    endloop
  endfacet
  facet normal -1.000000e+00  0.000000e+00  0.000000e+00
    outer loop
      vertex -4.000000e+01  1.510278e+00  2.962471e-01
      vertex -4.000000e+01  5.855137e-02  2.942308e-01
      vertex -4.000000e+01  2.475426e-05  3.000000e-01
    endloop
  endfacet
  facet normal -1.000000e+00  0.000000e+00  0.000000e+00
    outer loop
      vertex -4.000000e+01  1.577242e+00 -2.985092e-01
      vertex -4.000000e+01 -2.475426e-05 -3.000000e-01
      vertex -4.000000e+01  5.850282e-02 -2.942404e-01
    endloop
  endfacet
  facet normal -1.000000e+00  0.000000e+00  0.000000e+00
    outer loop
      vertex -4.000000e+01  1.902550e-01 -1.333065e+00
      vertex -4.000000e+01 -2.475426e-05 -3.000000e-01
      vertex -4.000000e+01  2.120823e-01 -1.354287e+00
    endloop
  endfacet
  facet normal -1.000000e+00  0.000000e+00  0.000000e+00
    outer loop
      vertex -4.000000e+01  1.665925e-01 -1.314243e+00
      vertex -4.000000e+01 -2.475426e-05 -3.000000e-01
      vertex -4.000000e+01  1.902550e-01 -1.333065e+00
    endloop
  endfacet
  facet normal -1.000000e+00  0.000000e+00  0.000000e+00
    outer loop
      vertex -4.000000e+01  1.413649e-01 -1.298026e+00
      vertex -4.000000e+01 -2.475426e-05 -3.000000e-01
      vertex -4.000000e+01  1.665925e-01 -1.314243e+00
    endloop
  endfacet
  facet normal -1.000000e+00  0.000000e+00  0.000000e+00
    outer loop
      vertex -4.000000e+01  1.147781e-01 -1.284538e+00
      vertex -4.000000e+01 -2.475426e-05 -3.000000e-01
      vertex -4.000000e+01  1.413649e-01 -1.298026e+00
    endloop
  endfacet
  facet normal -1.000000e+00  0.000000e+00  0.000000e+00
    outer loop
      vertex -4.000000e+01  7.762750e-02 -1.271010e+00
      vertex -4.000000e+01 -2.475426e-05 -3.000000e-01
      vertex -4.000000e+01  1.147781e-01 -1.284538e+00
    endloop
  endfacet
  facet normal -9.999999e-01  0.000000e+00  0.000000e+00
    outer loop
      vertex -4.000000e+01  3.914867e-02 -1.262800e+00
      vertex -4.000000e+01 -2.475426e-05 -3.000000e-01
      vertex -4.000000e+01  7.762750e-02 -1.271010e+00
    endloop
  endfacet
  facet normal -9.999999e-01  0.000000e+00  0.000000e+00
    outer loop
      vertex -4.000000e+01  3.854809e-05  1.310963e+00
      vertex -4.000000e+01  1.556894e+00  2.999388e-01
      vertex -4.000000e+01  2.475426e-05  3.000000e-01
    endloop
  endfacet
  facet normal -9.999999e-01  -0.000000e+00  0.000000e+00
    outer loop
      vertex -4.000000e+01  3.854809e-05  1.310963e+00
      vertex -4.000000e+01  2.475426e-05  3.000000e-01
      vertex -4.000000e+01 -1.556953e+00  2.999546e-01
    endloop
  endfacet
  facet normal -1.000000e+00  0.000000e+00  0.000000e+00
    outer loop
      vertex -4.000000e+01  3.854809e-05  1.310963e+00
      vertex -4.000000e+01 -1.556953e+00  2.999546e-01
      vertex -4.000000e+01 -6.232759e-02  1.316883e+00
    endloop
  endfacet
  facet normal -1.000000e+00  0.000000e+00  0.000000e+00
    outer loop
      vertex -4.000000e+01 -8.626673e-02 -2.998760e+00
      vertex -4.000000e+01 -5.543140e-01 -2.948345e+00
      vertex -4.000000e+01 -1.438272e+00 -2.632750e+00
    endloop
  endfacet
  facet normal -1.000000e+00  0.000000e+00  0.000000e+00
    outer loop
      vertex -4.000000e+01 -8.626673e-02 -2.998760e+00
      vertex -4.000000e+01 -1.438272e+00 -2.632750e+00
      vertex -4.000000e+01 -3.914871e-02 -1.900878e+00
    endloop
  endfacet
  facet normal -1.000000e+00  0.000000e+00  -0.000000e+00
    outer loop
      vertex -4.000000e+01 -8.626673e-02 -2.998760e+00
      vertex -4.000000e+01 -3.914871e-02 -1.900878e+00
      vertex -4.000000e+01 -3.921755e-08 -1.903629e+00
    endloop
  endfacet
  facet normal -1.000000e+00  0.000000e+00  -0.000000e+00
    outer loop
      vertex -4.000000e+01 -8.626673e-02 -2.998760e+00
      vertex -4.000000e+01 -3.921755e-08 -1.903629e+00
      vertex -4.000000e+01  3.914864e-02 -1.900874e+00
    endloop
  endfacet
  facet normal -1.000000e+00  0.000000e+00  -0.000000e+00
    outer loop
      vertex -4.000000e+01 -8.626673e-02 -2.998760e+00
      vertex -4.000000e+01  3.914864e-02 -1.900874e+00
      vertex -4.000000e+01  7.762747e-02 -1.892659e+00
    endloop
  endfacet
  facet normal -1.000000e+00  0.000000e+00  -0.000000e+00
    outer loop
      vertex -4.000000e+01 -8.626673e-02 -2.998760e+00
      vertex -4.000000e+01  7.762747e-02 -1.892659e+00
      vertex -4.000000e+01  1.147781e-01 -1.879127e+00
    endloop
  endfacet
  facet normal -1.000000e+00  0.000000e+00  -0.000000e+00
    outer loop
      vertex -4.000000e+01 -8.626673e-02 -2.998760e+00
      vertex -4.000000e+01  1.147781e-01 -1.879127e+00
      vertex -4.000000e+01  1.413618e-01 -1.865638e+00
    endloop
  endfacet
  facet normal -1.000000e+00  0.000000e+00  -0.000000e+00
    outer loop
      vertex -4.000000e+01 -8.626673e-02 -2.998760e+00
      vertex -4.000000e+01  1.413618e-01 -1.865638e+00
      vertex -4.000000e+01  1.665866e-01 -1.849420e+00
    endloop
  endfacet
  facet normal -1.000000e+00  0.000000e+00  -0.000000e+00
    outer loop
      vertex -4.000000e+01 -8.626673e-02 -2.998760e+00
      vertex -4.000000e+01  1.665866e-01 -1.849420e+00
      vertex -4.000000e+01  1.902522e-01 -1.830593e+00
    endloop
  endfacet
  facet normal -1.000000e+00  0.000000e+00  -0.000000e+00
    outer loop
      vertex -4.000000e+01 -8.626673e-02 -2.998760e+00
      vertex -4.000000e+01  1.902522e-01 -1.830593e+00
      vertex -4.000000e+01  2.120823e-01 -1.809366e+00
    endloop
  endfacet
  facet normal -1.000000e+00  0.000000e+00  -0.000000e+00
    outer loop
      vertex -4.000000e+01 -8.626673e-02 -2.998760e+00
      vertex -4.000000e+01  2.120823e-01 -1.809366e+00
      vertex -4.000000e+01  2.493823e-01 -1.760601e+00
    endloop
  endfacet
  facet normal -1.000000e+00  0.000000e+00  -0.000000e+00
    outer loop
      vertex -4.000000e+01 -8.626673e-02 -2.998760e+00
      vertex -4.000000e+01  2.493823e-01 -1.760601e+00
      vertex -4.000000e+01  2.770988e-01 -1.704966e+00
    endloop
  endfacet
  facet normal -9.999999e-01  0.000000e+00  -0.000000e+00
    outer loop
      vertex -4.000000e+01 -8.626673e-02 -2.998760e+00
      vertex -4.000000e+01  2.770988e-01 -1.704966e+00
      vertex -4.000000e+01  3.839047e-01 -2.975335e+00
    endloop
  endfacet
  facet normal -1.000000e+00  -0.000000e+00  0.000000e+00
    outer loop
      vertex -4.000000e+01  1.606763e+00 -2.999542e-01
      vertex -4.000000e+01  2.948345e+00 -5.543140e-01
      vertex -4.000000e+01  2.825332e+00 -1.008712e+00
    endloop
  endfacet
  facet normal -1.000000e+00  -0.000000e+00  0.000000e+00
    outer loop
      vertex -4.000000e+01  1.606763e+00 -2.999542e-01
      vertex -4.000000e+01  2.825332e+00 -1.008712e+00
      vertex -4.000000e+01  2.632750e+00 -1.438272e+00
    endloop
  endfacet
  facet normal -9.999999e-01  -0.000000e+00  0.000000e+00
    outer loop
      vertex -4.000000e+01  1.606763e+00 -2.999542e-01
      vertex -4.000000e+01  2.632750e+00 -1.438272e+00
      vertex -4.000000e+01  2.375341e+00 -1.832418e+00
    endloop
  endfacet
  facet normal -1.000000e+00  -0.000000e+00  0.000000e+00
    outer loop
      vertex -4.000000e+01  1.606763e+00 -2.999542e-01
      vertex -4.000000e+01  2.375341e+00 -1.832418e+00
      vertex -4.000000e+01  2.059443e+00 -2.181443e+00
    endloop
  endfacet
  facet normal -9.999999e-01  -0.000000e+00  0.000000e+00
    outer loop
      vertex -4.000000e+01  1.606763e+00 -2.999542e-01
      vertex -4.000000e+01  2.059443e+00 -2.181443e+00
      vertex -4.000000e+01  1.692835e+00 -2.476754e+00
    endloop
  endfacet
  facet normal -1.000000e+00  -0.000000e+00  0.000000e+00
    outer loop
      vertex -4.000000e+01  1.606763e+00 -2.999542e-01
      vertex -4.000000e+01  1.692835e+00 -2.476754e+00
      vertex -4.000000e+01  1.284544e+00 -2.711078e+00
    endloop
  endfacet
  facet normal -1.000000e+00  0.000000e+00  0.000000e+00
    outer loop
      vertex -4.000000e+01  1.606763e+00 -2.999542e-01
      vertex -4.000000e+01  1.284544e+00 -2.711078e+00
      vertex -4.000000e+01  1.577242e+00 -2.985092e-01
    endloop
  endfacet
  facet normal -1.000000e+00  0.000000e+00  0.000000e+00
    outer loop
      vertex -4.000000e+01  1.438272e+00  2.632750e+00
      vertex -4.000000e+01  2.714417e-01  1.466492e+00
      vertex -4.000000e+01  2.889372e-01  1.508979e+00
    endloop
  endfacet
  facet normal -1.000000e+00  0.000000e+00  0.000000e+00
    outer loop
      vertex -4.000000e+01  1.438272e+00  2.632750e+00
      vertex -4.000000e+01  2.889372e-01  1.508979e+00
      vertex -4.000000e+01  2.983406e-01  1.553507e+00
    endloop
  endfacet
  facet normal -1.000000e+00  0.000000e+00  0.000000e+00
    outer loop
      vertex -4.000000e+01  1.438272e+00  2.632750e+00
      vertex -4.000000e+01  2.983406e-01  1.553507e+00
      vertex -4.000000e+01  2.993887e-01  1.598828e+00
    endloop
  endfacet
  facet normal -1.000000e+00  0.000000e+00  0.000000e+00
    outer loop
      vertex -4.000000e+01  1.438272e+00  2.632750e+00
      vertex -4.000000e+01  2.993887e-01  1.598828e+00
      vertex -4.000000e+01  2.920521e-01  1.643673e+00
    endloop
  endfacet
  facet normal -1.000000e+00  0.000000e+00  0.000000e+00
    outer loop
      vertex -4.000000e+01  1.438272e+00  2.632750e+00
      vertex -4.000000e+01  2.920521e-01  1.643673e+00
      vertex -4.000000e+01  2.765362e-01  1.686786e+00
    endloop
  endfacet
  facet normal -1.000000e+00  0.000000e+00  0.000000e+00
    outer loop
      vertex -4.000000e+01  1.438272e+00  2.632750e+00
      vertex -4.000000e+01  2.765362e-01  1.686786e+00
      vertex -4.000000e+01  2.532757e-01  1.726959e+00
    endloop
  endfacet
  facet normal -1.000000e+00  0.000000e+00  0.000000e+00
    outer loop
      vertex -4.000000e+01  1.438272e+00  2.632750e+00
      vertex -4.000000e+01  2.532757e-01  1.726959e+00
      vertex -4.000000e+01  2.229220e-01  1.763067e+00
    endloop
  endfacet
  facet normal -9.999999e-01  0.000000e+00  0.000000e+00
    outer loop
      vertex -4.000000e+01  1.438272e+00  2.632750e+00
      vertex -4.000000e+01  2.229220e-01  1.763067e+00
      vertex -4.000000e+01  2.008347e-01  1.783022e+00
    endloop
  endfacet
  facet normal -1.000000e+00  0.000000e+00  0.000000e+00
    outer loop
      vertex -4.000000e+01  1.438272e+00  2.632750e+00
      vertex -4.000000e+01  2.008347e-01  1.783022e+00
      vertex -4.000000e+01  1.765690e-01  1.800794e+00
    endloop
  endfacet
  facet normal -1.000000e+00  0.000000e+00  0.000000e+00
    outer loop
      vertex -4.000000e+01  1.438272e+00  2.632750e+00
      vertex -4.000000e+01  1.765690e-01  1.800794e+00
      vertex -4.000000e+01  1.501186e-01  1.816331e+00
    endloop
  endfacet
  facet normal -1.000000e+00  0.000000e+00  0.000000e+00
    outer loop
      vertex -4.000000e+01  1.438272e+00  2.632750e+00
      vertex -4.000000e+01  1.501186e-01  1.816331e+00
      vertex -4.000000e+01  1.220074e-01  1.829274e+00
    endloop
  endfacet
  facet normal -1.000000e+00  0.000000e+00  0.000000e+00
    outer loop
      vertex -4.000000e+01  1.438272e+00  2.632750e+00
      vertex -4.000000e+01  1.220074e-01  1.829274e+00
      vertex -4.000000e+01  6.236614e-02  1.846774e+00
    endloop
  endfacet
  facet normal -1.000000e+00  0.000000e+00  0.000000e+00
    outer loop
      vertex -4.000000e+01  1.438272e+00  2.632750e+00
      vertex -4.000000e+01  6.236614e-02  1.846774e+00
      vertex -4.000000e+01  2.331044e-09  1.852695e+00
    endloop
  endfacet
  facet normal -1.000000e+00  0.000000e+00  0.000000e+00
    outer loop
      vertex -4.000000e+01  1.556894e+00  2.999388e-01
      vertex -4.000000e+01  3.854809e-05  1.310963e+00
      vertex -4.000000e+01  6.240384e-02  1.316880e+00
    endloop
  endfacet
  facet normal -1.000000e+00  0.000000e+00  0.000000e+00
    outer loop
      vertex -4.000000e+01  1.556894e+00  2.999388e-01
      vertex -4.000000e+01  6.240384e-02  1.316880e+00
      vertex -4.000000e+01  9.357411e-02  1.324466e+00
    endloop
  endfacet
  facet normal -1.000000e+00  0.000000e+00  0.000000e+00
    outer loop
      vertex -4.000000e+01  1.556894e+00  2.999388e-01
      vertex -4.000000e+01  9.357411e-02  1.324466e+00
      vertex -4.000000e+01  1.236607e-01  1.335033e+00
    endloop
  endfacet
  facet normal -1.000000e+00  0.000000e+00  0.000000e+00
    outer loop
      vertex -4.000000e+01  1.556894e+00  2.999388e-01
      vertex -4.000000e+01  1.236607e-01  1.335033e+00
      vertex -4.000000e+01  1.507845e-01  1.347649e+00
    endloop
  endfacet
  facet normal -9.999999e-01  0.000000e+00  0.000000e+00
    outer loop
      vertex -4.000000e+01  1.556894e+00  2.999388e-01
      vertex -4.000000e+01  1.507845e-01  1.347649e+00
      vertex -4.000000e+01  1.763484e-01  1.362689e+00
    endloop
  endfacet
  facet normal -1.000000e+00  0.000000e+00  0.000000e+00
    outer loop
      vertex -4.000000e+01  1.556894e+00  2.999388e-01
      vertex -4.000000e+01  1.763484e-01  1.362689e+00
      vertex -4.000000e+01  2.143478e-01  1.392308e+00
    endloop
  endfacet
  facet normal -1.000000e+00  0.000000e+00  0.000000e+00
    outer loop
      vertex -4.000000e+01  1.556894e+00  2.999388e-01
      vertex -4.000000e+01  2.143478e-01  1.392308e+00
      vertex -4.000000e+01  2.463443e-01  1.427235e+00
    endloop
  endfacet
  facet normal -9.999999e-01  0.000000e+00  0.000000e+00
    outer loop
      vertex -4.000000e+01  1.556894e+00  2.999388e-01
      vertex -4.000000e+01  2.463443e-01  1.427235e+00
      vertex -4.000000e+01  2.714417e-01  1.466492e+00
    endloop
  endfacet
  facet normal -1.000000e+00  0.000000e+00  0.000000e+00
    outer loop
      vertex -4.000000e+01  1.556894e+00  2.999388e-01
      vertex -4.000000e+01  2.714417e-01  1.466492e+00
      vertex -4.000000e+01  1.438272e+00  2.632750e+00
    endloop
  endfacet
  facet normal -1.000000e+00  0.000000e+00  0.000000e+00
    outer loop
      vertex -4.000000e+01  1.556894e+00  2.999388e-01
      vertex -4.000000e+01  1.438272e+00  2.632750e+00
      vertex -4.000000e+01  1.832418e+00  2.375341e+00
    endloop
  endfacet
  facet normal -1.000000e+00  0.000000e+00  0.000000e+00
    outer loop
      vertex -4.000000e+01  1.556894e+00  2.999388e-01
      vertex -4.000000e+01  1.832418e+00  2.375341e+00
      vertex -4.000000e+01  1.586415e+00  2.984937e-01
    endloop
  endfacet
  facet normal -9.999999e-01  0.000000e+00  -0.000000e+00
    outer loop
      vertex -4.000000e+01  1.586415e+00  2.984937e-01
      vertex -4.000000e+01  1.832418e+00  2.375341e+00
      vertex -4.000000e+01  2.181443e+00  2.059443e+00
    endloop
  endfacet
  facet normal -1.000000e+00  0.000000e+00  -0.000000e+00
    outer loop
      vertex -4.000000e+01  1.586415e+00  2.984937e-01
      vertex -4.000000e+01  2.181443e+00  2.059443e+00
      vertex -4.000000e+01  2.476754e+00  1.692835e+00
    endloop
  endfacet
  facet normal -1.000000e+00  0.000000e+00  -0.000000e+00
    outer loop
      vertex -4.000000e+01  1.586415e+00  2.984937e-01
      vertex -4.000000e+01  2.476754e+00  1.692835e+00
      vertex -4.000000e+01  2.711078e+00  1.284544e+00
    endloop
  endfacet
  facet normal -1.000000e+00  0.000000e+00  -0.000000e+00
    outer loop
      vertex -4.000000e+01  1.586415e+00  2.984937e-01
      vertex -4.000000e+01  2.711078e+00  1.284544e+00
      vertex -4.000000e+01  2.878648e+00  8.446231e-01
    endloop
  endfacet
  facet normal -1.000000e+00  0.000000e+00  -0.000000e+00
    outer loop
      vertex -4.000000e+01  1.586415e+00  2.984937e-01
      vertex -4.000000e+01  2.878648e+00  8.446231e-01
      vertex -4.000000e+01  2.975335e+00  3.839047e-01
    endloop
  endfacet
  facet normal -1.000000e+00  0.000000e+00  -0.000000e+00
    outer loop
      vertex -4.000000e+01 -1.438272e+00 -2.632750e+00
      vertex -4.000000e+01 -2.999296e-01 -1.581857e+00
      vertex -4.000000e+01 -2.941666e-01 -1.644635e+00
    endloop
  endfacet
  facet normal -1.000000e+00  0.000000e+00  -0.000000e+00
    outer loop
      vertex -4.000000e+01 -1.438272e+00 -2.632750e+00
      vertex -4.000000e+01 -2.941666e-01 -1.644635e+00
      vertex -4.000000e+01 -2.770989e-01 -1.704999e+00
    endloop
  endfacet
  facet normal -1.000000e+00  0.000000e+00  -0.000000e+00
    outer loop
      vertex -4.000000e+01 -1.438272e+00 -2.632750e+00
      vertex -4.000000e+01 -2.770989e-01 -1.704999e+00
      vertex -4.000000e+01 -2.493824e-01 -1.760631e+00
    endloop
  endfacet
  facet normal -1.000000e+00  0.000000e+00  -0.000000e+00
    outer loop
      vertex -4.000000e+01 -1.438272e+00 -2.632750e+00
      vertex -4.000000e+01 -2.493824e-01 -1.760631e+00
      vertex -4.000000e+01 -2.120823e-01 -1.809391e+00
    endloop
  endfacet
  facet normal -1.000000e+00  0.000000e+00  -0.000000e+00
    outer loop
      vertex -4.000000e+01 -1.438272e+00 -2.632750e+00
      vertex -4.000000e+01 -2.120823e-01 -1.809391e+00
      vertex -4.000000e+01 -1.902550e-01 -1.830613e+00
    endloop
  endfacet
  facet normal -1.000000e+00  0.000000e+00  -0.000000e+00
    outer loop
      vertex -4.000000e+01 -1.438272e+00 -2.632750e+00
      vertex -4.000000e+01 -1.902550e-01 -1.830613e+00
      vertex -4.000000e+01 -1.665925e-01 -1.849436e+00
    endloop
  endfacet
  facet normal -1.000000e+00  0.000000e+00  -0.000000e+00
    outer loop
      vertex -4.000000e+01 -1.438272e+00 -2.632750e+00
      vertex -4.000000e+01 -1.665925e-01 -1.849436e+00
      vertex -4.000000e+01 -1.413650e-01 -1.865653e+00
    endloop
  endfacet
  facet normal -1.000000e+00  0.000000e+00  -0.000000e+00
    outer loop
      vertex -4.000000e+01 -1.438272e+00 -2.632750e+00
      vertex -4.000000e+01 -1.413650e-01 -1.865653e+00
      vertex -4.000000e+01 -1.147781e-01 -1.879141e+00
    endloop
  endfacet
  facet normal -1.000000e+00  0.000000e+00  -0.000000e+00
    outer loop
      vertex -4.000000e+01 -1.438272e+00 -2.632750e+00
      vertex -4.000000e+01 -1.147781e-01 -1.879141e+00
      vertex -4.000000e+01 -7.762754e-02 -1.892669e+00
    endloop
  endfacet
  facet normal -1.000000e+00  0.000000e+00  -0.000000e+00
    outer loop
      vertex -4.000000e+01 -1.438272e+00 -2.632750e+00
      vertex -4.000000e+01 -7.762754e-02 -1.892669e+00
      vertex -4.000000e+01 -3.914871e-02 -1.900878e+00
    endloop
  endfacet
  facet normal -9.999999e-01  0.000000e+00  0.000000e+00
    outer loop
      vertex -4.000000e+01 -2.975335e+00 -3.839047e-01
      vertex -4.000000e+01 -2.998760e+00  8.626673e-02
      vertex -4.000000e+01 -1.871205e+00  5.851774e-02
    endloop
  endfacet
  facet normal -9.999999e-01  0.000000e+00  0.000000e+00
    outer loop
      vertex -4.000000e+01 -2.975335e+00 -3.839047e-01
      vertex -4.000000e+01 -1.871205e+00  5.851774e-02
      vertex -4.000000e+01 -1.881830e+00  1.083208e-10
    endloop
  endfacet
  facet normal -1.000000e+00  0.000000e+00  0.000000e+00
    outer loop
      vertex -4.000000e+01 -2.975335e+00 -3.839047e-01
      vertex -4.000000e+01 -1.881830e+00  1.083208e-10
      vertex -4.000000e+01 -1.882825e+00 -2.955449e-02
    endloop
  endfacet
  facet normal -1.000000e+00  0.000000e+00  -0.000000e+00
    outer loop
      vertex -4.000000e+01 -2.975335e+00 -3.839047e-01
      vertex -4.000000e+01 -1.882825e+00 -2.955449e-02
      vertex -4.000000e+01 -1.880892e+00 -5.882132e-02
    endloop
  endfacet
  facet normal -1.000000e+00  0.000000e+00  -0.000000e+00
    outer loop
      vertex -4.000000e+01 -2.975335e+00 -3.839047e-01
      vertex -4.000000e+01 -1.880892e+00 -5.882132e-02
      vertex -4.000000e+01 -1.876114e+00 -8.721944e-02
    endloop
  endfacet
  facet normal -1.000000e+00  0.000000e+00  -0.000000e+00
    outer loop
      vertex -4.000000e+01 -2.975335e+00 -3.839047e-01
      vertex -4.000000e+01 -1.876114e+00 -8.721944e-02
      vertex -4.000000e+01 -1.868532e+00 -1.147864e-01
    endloop
  endfacet
  facet normal -1.000000e+00  0.000000e+00  -0.000000e+00
    outer loop
      vertex -4.000000e+01 -2.975335e+00 -3.839047e-01
      vertex -4.000000e+01 -1.868532e+00 -1.147864e-01
      vertex -4.000000e+01 -1.854101e+00 -1.499755e-01
    endloop
  endfacet
  facet normal -1.000000e+00  0.000000e+00  -0.000000e+00
    outer loop
      vertex -4.000000e+01 -2.975335e+00 -3.839047e-01
      vertex -4.000000e+01 -1.854101e+00 -1.499755e-01
      vertex -4.000000e+01 -1.835013e+00 -1.825985e-01
    endloop
  endfacet
  facet normal -1.000000e+00  0.000000e+00  -0.000000e+00
    outer loop
      vertex -4.000000e+01 -2.975335e+00 -3.839047e-01
      vertex -4.000000e+01 -1.835013e+00 -1.825985e-01
      vertex -4.000000e+01 -1.811593e+00 -2.120971e-01
    endloop
  endfacet
  facet normal -1.000000e+00  0.000000e+00  -0.000000e+00
    outer loop
      vertex -4.000000e+01 -2.975335e+00 -3.839047e-01
      vertex -4.000000e+01 -1.811593e+00 -2.120971e-01
      vertex -4.000000e+01 -1.778340e+00 -2.426649e-01
    endloop
  endfacet
  facet normal -1.000000e+00  0.000000e+00  -0.000000e+00
    outer loop
      vertex -4.000000e+01 -2.975335e+00 -3.839047e-01
      vertex -4.000000e+01 -1.778340e+00 -2.426649e-01
      vertex -4.000000e+01 -1.740250e+00 -2.672575e-01
    endloop
  endfacet
  facet normal -1.000000e+00  0.000000e+00  -0.000000e+00
    outer loop
      vertex -4.000000e+01 -2.975335e+00 -3.839047e-01
      vertex -4.000000e+01 -1.740250e+00 -2.672575e-01
      vertex -4.000000e+01 -1.698260e+00 -2.852692e-01
    endloop
  endfacet
  facet normal -1.000000e+00  0.000000e+00  -0.000000e+00
    outer loop
      vertex -4.000000e+01 -2.975335e+00 -3.839047e-01
      vertex -4.000000e+01 -1.698260e+00 -2.852692e-01
      vertex -4.000000e+01 -1.653404e+00 -2.962565e-01
    endloop
  endfacet
  facet normal -1.000000e+00  0.000000e+00  -0.000000e+00
    outer loop
      vertex -4.000000e+01 -2.975335e+00 -3.839047e-01
      vertex -4.000000e+01 -1.653404e+00 -2.962565e-01
      vertex -4.000000e+01 -1.606787e+00 -2.999490e-01
    endloop
  endfacet
  facet normal -1.000000e+00  0.000000e+00  0.000000e+00
    outer loop
      vertex -4.000000e+01 -2.975335e+00 -3.839047e-01
      vertex -4.000000e+01 -1.606787e+00 -2.999490e-01
      vertex -4.000000e+01 -1.832418e+00 -2.375341e+00
    endloop
  endfacet
  facet normal -1.000000e+00  0.000000e+00  0.000000e+00
    outer loop
      vertex -4.000000e+01 -2.975335e+00 -3.839047e-01
      vertex -4.000000e+01 -1.832418e+00 -2.375341e+00
      vertex -4.000000e+01 -2.181443e+00 -2.059443e+00
    endloop
  endfacet
  facet normal -1.000000e+00  0.000000e+00  0.000000e+00
    outer loop
      vertex -4.000000e+01 -2.975335e+00 -3.839047e-01
      vertex -4.000000e+01 -2.181443e+00 -2.059443e+00
      vertex -4.000000e+01 -2.476754e+00 -1.692835e+00
    endloop
  endfacet
  facet normal -1.000000e+00  0.000000e+00  0.000000e+00
    outer loop
      vertex -4.000000e+01 -2.975335e+00 -3.839047e-01
      vertex -4.000000e+01 -2.476754e+00 -1.692835e+00
      vertex -4.000000e+01 -2.711078e+00 -1.284544e+00
    endloop
  endfacet
  facet normal -1.000000e+00  0.000000e+00  0.000000e+00
    outer loop
      vertex -4.000000e+01 -2.975335e+00 -3.839047e-01
      vertex -4.000000e+01 -2.711078e+00 -1.284544e+00
      vertex -4.000000e+01 -2.878648e+00 -8.446231e-01
    endloop
  endfacet
  facet normal -1.000000e+00  0.000000e+00  -0.000000e+00
    outer loop
      vertex -4.000000e+01 -1.577266e+00 -2.985044e-01
      vertex -4.000000e+01 -1.547789e+00 -2.941850e-01
      vertex -4.000000e+01 -5.855137e-02 -2.942308e-01
    endloop
  endfacet
  facet normal -1.000000e+00  0.000000e+00  -0.000000e+00
    outer loop
      vertex -4.000000e+01 -1.577266e+00 -2.985044e-01
      vertex -4.000000e+01 -5.855137e-02 -2.942308e-01
      vertex -4.000000e+01 -2.475426e-05 -3.000000e-01
    endloop
  endfacet
  facet normal -9.999999e-01  -0.000000e+00  0.000000e+00
    outer loop
      vertex -4.000000e+01 -1.577266e+00 -2.985044e-01
      vertex -4.000000e+01 -2.475426e-05 -3.000000e-01
      vertex -4.000000e+01 -2.120823e-01 -1.354312e+00
    endloop
  endfacet
  facet normal -1.000000e+00  -0.000000e+00  0.000000e+00
    outer loop
      vertex -4.000000e+01 -1.577266e+00 -2.985044e-01
      vertex -4.000000e+01 -2.120823e-01 -1.354312e+00
      vertex -4.000000e+01 -2.493824e-01 -1.403077e+00
    endloop
  endfacet
  facet normal -1.000000e+00  -0.000000e+00  0.000000e+00
    outer loop
      vertex -4.000000e+01 -1.577266e+00 -2.985044e-01
      vertex -4.000000e+01 -2.493824e-01 -1.403077e+00
      vertex -4.000000e+01 -2.770989e-01 -1.458712e+00
    endloop
  endfacet
  facet normal -1.000000e+00  -0.000000e+00  0.000000e+00
    outer loop
      vertex -4.000000e+01 -1.577266e+00 -2.985044e-01
      vertex -4.000000e+01 -2.770989e-01 -1.458712e+00
      vertex -4.000000e+01 -2.941666e-01 -1.519079e+00
    endloop
  endfacet
  facet normal -1.000000e+00  -0.000000e+00  0.000000e+00
    outer loop
      vertex -4.000000e+01 -1.577266e+00 -2.985044e-01
      vertex -4.000000e+01 -2.941666e-01 -1.519079e+00
      vertex -4.000000e+01 -2.999296e-01 -1.581857e+00
    endloop
  endfacet
  facet normal -1.000000e+00  -0.000000e+00  0.000000e+00
    outer loop
      vertex -4.000000e+01 -1.577266e+00 -2.985044e-01
      vertex -4.000000e+01 -2.999296e-01 -1.581857e+00
      vertex -4.000000e+01 -1.438272e+00 -2.632750e+00
    endloop
  endfacet
  facet normal -1.000000e+00  0.000000e+00  0.000000e+00
    outer loop
      vertex -4.000000e+01 -1.577266e+00 -2.985044e-01
      vertex -4.000000e+01 -1.438272e+00 -2.632750e+00
      vertex -4.000000e+01 -1.832418e+00 -2.375341e+00
    endloop
  endfacet
  facet normal -1.000000e+00  0.000000e+00  0.000000e+00
    outer loop
      vertex -4.000000e+01 -1.577266e+00 -2.985044e-01
      vertex -4.000000e+01 -1.832418e+00 -2.375341e+00
      vertex -4.000000e+01 -1.606787e+00 -2.999490e-01
    endloop
  endfacet
  facet normal -1.000000e+00  0.000000e+00  -0.000000e+00
    outer loop
      vertex -4.000000e+01 -2.948345e+00  5.543140e-01
      vertex -4.000000e+01 -2.825332e+00  1.008712e+00
      vertex -4.000000e+01 -2.632750e+00  1.438272e+00
    endloop
  endfacet
  facet normal -9.999999e-01  0.000000e+00  -0.000000e+00
    outer loop
      vertex -4.000000e+01 -2.948345e+00  5.543140e-01
      vertex -4.000000e+01 -2.632750e+00  1.438272e+00
      vertex -4.000000e+01 -2.375341e+00  1.832418e+00
    endloop
  endfacet
  facet normal -9.999999e-01  0.000000e+00  -0.000000e+00
    outer loop
      vertex -4.000000e+01 -2.948345e+00  5.543140e-01
      vertex -4.000000e+01 -2.375341e+00  1.832418e+00
      vertex -4.000000e+01 -2.059443e+00  2.181443e+00
    endloop
  endfacet
  facet normal -1.000000e+00  0.000000e+00  -0.000000e+00
    outer loop
      vertex -4.000000e+01 -2.948345e+00  5.543140e-01
      vertex -4.000000e+01 -2.059443e+00  2.181443e+00
      vertex -4.000000e+01 -1.692835e+00  2.476754e+00
    endloop
  endfacet
  facet normal -1.000000e+00  0.000000e+00  -0.000000e+00
    outer loop
      vertex -4.000000e+01 -2.948345e+00  5.543140e-01
      vertex -4.000000e+01 -1.692835e+00  2.476754e+00
      vertex -4.000000e+01 -1.586474e+00  2.985099e-01
    endloop
  endfacet
  facet normal -1.000000e+00  -0.000000e+00  0.000000e+00
    outer loop
      vertex -4.000000e+01 -2.948345e+00  5.543140e-01
      vertex -4.000000e+01 -1.586474e+00  2.985099e-01
      vertex -4.000000e+01 -1.615951e+00  2.941905e-01
    endloop
  endfacet
  facet normal -1.000000e+00  -0.000000e+00  0.000000e+00
    outer loop
      vertex -4.000000e+01 -2.948345e+00  5.543140e-01
      vertex -4.000000e+01 -1.615951e+00  2.941905e-01
      vertex -4.000000e+01 -1.673639e+00  2.771210e-01
    endloop
  endfacet
  facet normal -1.000000e+00  -0.000000e+00  0.000000e+00
    outer loop
      vertex -4.000000e+01 -2.948345e+00  5.543140e-01
      vertex -4.000000e+01 -1.673639e+00  2.771210e-01
      vertex -4.000000e+01 -2.998760e+00  8.626673e-02
    endloop
  endfacet
  facet normal -1.000000e+00  0.000000e+00  0.000000e+00
    outer loop
      vertex -4.000000e+01 -1.556953e+00  2.999546e-01
      vertex -4.000000e+01 -1.586474e+00  2.985099e-01
      vertex -4.000000e+01 -1.692835e+00  2.476754e+00
    endloop
  endfacet
  facet normal -1.000000e+00  0.000000e+00  0.000000e+00
    outer loop
      vertex -4.000000e+01 -1.556953e+00  2.999546e-01
      vertex -4.000000e+01 -1.692835e+00  2.476754e+00
      vertex -4.000000e+01 -1.284544e+00  2.711078e+00
    endloop
  endfacet
  facet normal -1.000000e+00  0.000000e+00  -0.000000e+00
    outer loop
      vertex -4.000000e+01 -1.556953e+00  2.999546e-01
      vertex -4.000000e+01 -1.284544e+00  2.711078e+00
      vertex -4.000000e+01 -2.993501e-01  1.564829e+00
    endloop
  endfacet
  facet normal -1.000000e+00  0.000000e+00  -0.000000e+00
    outer loop
      vertex -4.000000e+01 -1.556953e+00  2.999546e-01
      vertex -4.000000e+01 -2.993501e-01  1.564829e+00
      vertex -4.000000e+01 -2.920135e-01  1.519984e+00
    endloop
  endfacet
  facet normal -1.000000e+00  0.000000e+00  -0.000000e+00
    outer loop
      vertex -4.000000e+01 -1.556953e+00  2.999546e-01
      vertex -4.000000e+01 -2.920135e-01  1.519984e+00
      vertex -4.000000e+01 -2.764977e-01  1.476871e+00
    endloop
  endfacet
  facet normal -1.000000e+00  0.000000e+00  -0.000000e+00
    outer loop
      vertex -4.000000e+01 -1.556953e+00  2.999546e-01
      vertex -4.000000e+01 -2.764977e-01  1.476871e+00
      vertex -4.000000e+01 -2.532371e-01  1.436698e+00
    endloop
  endfacet
  facet normal -1.000000e+00  0.000000e+00  -0.000000e+00
    outer loop
      vertex -4.000000e+01 -1.556953e+00  2.999546e-01
      vertex -4.000000e+01 -2.532371e-01  1.436698e+00
      vertex -4.000000e+01 -2.228834e-01  1.400590e+00
    endloop
  endfacet
  facet normal -1.000000e+00  0.000000e+00  -0.000000e+00
    outer loop
      vertex -4.000000e+01 -1.556953e+00  2.999546e-01
      vertex -4.000000e+01 -2.228834e-01  1.400590e+00
      vertex -4.000000e+01 -2.007962e-01  1.380636e+00
    endloop
  endfacet
  facet normal -1.000000e+00  0.000000e+00  -0.000000e+00
    outer loop
      vertex -4.000000e+01 -1.556953e+00  2.999546e-01
      vertex -4.000000e+01 -2.007962e-01  1.380636e+00
      vertex -4.000000e+01 -1.765304e-01  1.362864e+00
    endloop
  endfacet
  facet normal -1.000000e+00  0.000000e+00  -0.000000e+00
    outer loop
      vertex -4.000000e+01 -1.556953e+00  2.999546e-01
      vertex -4.000000e+01 -1.765304e-01  1.362864e+00
      vertex -4.000000e+01 -1.500801e-01  1.347326e+00
    endloop
  endfacet
  facet normal -9.999999e-01  0.000000e+00  -0.000000e+00
    outer loop
      vertex -4.000000e+01 -1.556953e+00  2.999546e-01
      vertex -4.000000e+01 -1.500801e-01  1.347326e+00
      vertex -4.000000e+01 -1.219689e-01  1.334384e+00
    endloop
  endfacet
  facet normal -1.000000e+00  0.000000e+00  -0.000000e+00
    outer loop
      vertex -4.000000e+01 -1.556953e+00  2.999546e-01
      vertex -4.000000e+01 -1.219689e-01  1.334384e+00
      vertex -4.000000e+01 -6.232759e-02  1.316883e+00
    endloop
  endfacet
  facet normal -1.000000e+00  -0.000000e+00  0.000000e+00
    outer loop
      vertex -4.000000e+01 -1.284544e+00  2.711078e+00
      vertex -4.000000e+01  2.331044e-09  1.852695e+00
      vertex -4.000000e+01 -6.236529e-02  1.846777e+00
    endloop
  endfacet
  facet normal -1.000000e+00  -0.000000e+00  0.000000e+00
    outer loop
      vertex -4.000000e+01 -1.284544e+00  2.711078e+00
      vertex -4.000000e+01 -6.236529e-02  1.846777e+00
      vertex -4.000000e+01 -9.353555e-02  1.839191e+00
    endloop
  endfacet
  facet normal -1.000000e+00  -0.000000e+00  0.000000e+00
    outer loop
      vertex -4.000000e+01 -1.284544e+00  2.711078e+00
      vertex -4.000000e+01 -9.353555e-02  1.839191e+00
      vertex -4.000000e+01 -1.236222e-01  1.828625e+00
    endloop
  endfacet
  facet normal -1.000000e+00  -0.000000e+00  0.000000e+00
    outer loop
      vertex -4.000000e+01 -1.284544e+00  2.711078e+00
      vertex -4.000000e+01 -1.236222e-01  1.828625e+00
      vertex -4.000000e+01 -1.507460e-01  1.816008e+00
    endloop
  endfacet
  facet normal -1.000000e+00  -0.000000e+00  0.000000e+00
    outer loop
      vertex -4.000000e+01 -1.284544e+00  2.711078e+00
      vertex -4.000000e+01 -1.507460e-01  1.816008e+00
      vertex -4.000000e+01 -1.763099e-01  1.800969e+00
    endloop
  endfacet
  facet normal -1.000000e+00  -0.000000e+00  0.000000e+00
    outer loop
      vertex -4.000000e+01 -1.284544e+00  2.711078e+00
      vertex -4.000000e+01 -1.763099e-01  1.800969e+00
      vertex -4.000000e+01 -2.143092e-01  1.771349e+00
    endloop
  endfacet
  facet normal -1.000000e+00  -0.000000e+00  0.000000e+00
    outer loop
      vertex -4.000000e+01 -1.284544e+00  2.711078e+00
      vertex -4.000000e+01 -2.143092e-01  1.771349e+00
      vertex -4.000000e+01 -2.463057e-01  1.736422e+00
    endloop
  endfacet
  facet normal -1.000000e+00  -0.000000e+00  0.000000e+00
    outer loop
      vertex -4.000000e+01 -1.284544e+00  2.711078e+00
      vertex -4.000000e+01 -2.463057e-01  1.736422e+00
      vertex -4.000000e+01 -2.714031e-01  1.697165e+00
    endloop
  endfacet
  facet normal -1.000000e+00  -0.000000e+00  0.000000e+00
    outer loop
      vertex -4.000000e+01 -1.284544e+00  2.711078e+00
      vertex -4.000000e+01 -2.714031e-01  1.697165e+00
      vertex -4.000000e+01 -2.888986e-01  1.654678e+00
    endloop
  endfacet
  facet normal -1.000000e+00  -0.000000e+00  0.000000e+00
    outer loop
      vertex -4.000000e+01 -1.284544e+00  2.711078e+00
      vertex -4.000000e+01 -2.888986e-01  1.654678e+00
      vertex -4.000000e+01 -2.983021e-01  1.610150e+00
    endloop
  endfacet
  facet normal -1.000000e+00  -0.000000e+00  0.000000e+00
    outer loop
      vertex -4.000000e+01 -1.284544e+00  2.711078e+00
      vertex -4.000000e+01 -2.983021e-01  1.610150e+00
      vertex -4.000000e+01 -2.993501e-01  1.564829e+00
    endloop
  endfacet
  facet normal -1.000000e+00  0.000000e+00  0.000000e+00
    outer loop
      vertex -4.000000e+01 -2.998760e+00  8.626673e-02
      vertex -4.000000e+01 -1.673639e+00  2.771210e-01
      vertex -4.000000e+01 -1.727801e+00  2.494020e-01
    endloop
  endfacet
  facet normal -9.999999e-01  0.000000e+00  0.000000e+00
    outer loop
      vertex -4.000000e+01 -2.998760e+00  8.626673e-02
      vertex -4.000000e+01 -1.727801e+00  2.494020e-01
      vertex -4.000000e+01 -1.776355e+00  2.120987e-01
    endloop
  endfacet
  facet normal -1.000000e+00  0.000000e+00  0.000000e+00
    outer loop
      vertex -4.000000e+01 -2.998760e+00  8.626673e-02
      vertex -4.000000e+01 -1.776355e+00  2.120987e-01
      vertex -4.000000e+01 -1.817434e+00  1.666448e-01
    endloop
  endfacet
  facet normal -1.000000e+00  0.000000e+00  0.000000e+00
    outer loop
      vertex -4.000000e+01 -2.998760e+00  8.626673e-02
      vertex -4.000000e+01 -1.817434e+00  1.666448e-01
      vertex -4.000000e+01 -1.849461e+00  1.147868e-01
    endloop
  endfacet
  facet normal -1.000000e+00  0.000000e+00  0.000000e+00
    outer loop
      vertex -4.000000e+01 -2.998760e+00  8.626673e-02
      vertex -4.000000e+01 -1.849461e+00  1.147868e-01
      vertex -4.000000e+01 -1.871205e+00  5.851774e-02
    endloop
  endfacet
  facet normal -1.000000e+00  0.000000e+00  0.000000e+00
    outer loop
      vertex -4.000000e+01  2.331044e-09  1.852695e+00
      vertex -4.000000e+01 -1.284544e+00  2.711078e+00
      vertex -4.000000e+01 -8.446231e-01  2.878648e+00
    endloop
  endfacet
  facet normal -1.000000e+00  0.000000e+00  0.000000e+00
    outer loop
      vertex -4.000000e+01  2.331044e-09  1.852695e+00
      vertex -4.000000e+01 -8.446231e-01  2.878648e+00
      vertex -4.000000e+01 -3.839047e-01  2.975335e+00
    endloop
  endfacet
  facet normal -1.000000e+00  0.000000e+00  0.000000e+00
    outer loop
      vertex -4.000000e+01  2.331044e-09  1.852695e+00
      vertex -4.000000e+01 -3.839047e-01  2.975335e+00
      vertex -4.000000e+01  8.626673e-02  2.998760e+00
    endloop
  endfacet
  facet normal -1.000000e+00  0.000000e+00  -0.000000e+00
    outer loop
      vertex -4.000000e+01  2.331044e-09  1.852695e+00
      vertex -4.000000e+01  8.626673e-02  2.998760e+00
      vertex -4.000000e+01  5.543140e-01  2.948345e+00
    endloop
  endfacet
  facet normal -1.000000e+00  0.000000e+00  -0.000000e+00
    outer loop
      vertex -4.000000e+01  2.331044e-09  1.852695e+00
      vertex -4.000000e+01  5.543140e-01  2.948345e+00
      vertex -4.000000e+01  1.008712e+00  2.825332e+00
    endloop
  endfacet
  facet normal -9.999999e-01  0.000000e+00  -0.000000e+00
    outer loop
      vertex -4.000000e+01  2.331044e-09  1.852695e+00
      vertex -4.000000e+01  1.008712e+00  2.825332e+00
      vertex -4.000000e+01  1.438272e+00  2.632750e+00
    endloop
  endfacet
  facet normal -1.000000e+00  0.000000e+00  0.000000e+00
    outer loop
      vertex -4.000000e+01  2.998760e+00 -8.626673e-02
      vertex -4.000000e+01  2.948345e+00 -5.543140e-01
      vertex -4.000000e+01  1.868495e+00 -1.147994e-01
    endloop
  endfacet
  facet normal -1.000000e+00  0.000000e+00  0.000000e+00
    outer loop
      vertex -4.000000e+01  2.998760e+00 -8.626673e-02
      vertex -4.000000e+01  1.868495e+00 -1.147994e-01
      vertex -4.000000e+01  1.876075e+00 -8.723330e-02
    endloop
  endfacet
  facet normal -1.000000e+00  0.000000e+00  0.000000e+00
    outer loop
      vertex -4.000000e+01  2.998760e+00 -8.626673e-02
      vertex -4.000000e+01  1.876075e+00 -8.723330e-02
      vertex -4.000000e+01  1.880851e+00 -5.883594e-02
    endloop
  endfacet
  facet normal -1.000000e+00  0.000000e+00  0.000000e+00
    outer loop
      vertex -4.000000e+01  2.998760e+00 -8.626673e-02
      vertex -4.000000e+01  1.880851e+00 -5.883594e-02
      vertex -4.000000e+01  1.882783e+00 -2.956956e-02
    endloop
  endfacet
  facet normal -1.000000e+00  0.000000e+00  0.000000e+00
    outer loop
      vertex -4.000000e+01  2.998760e+00 -8.626673e-02
      vertex -4.000000e+01  1.882783e+00 -2.956956e-02
      vertex -4.000000e+01  1.881785e+00 -1.547906e-05
    endloop
  endfacet
  facet normal -1.000000e+00  0.000000e+00  0.000000e+00
    outer loop
      vertex -4.000000e+01  2.998760e+00 -8.626673e-02
      vertex -4.000000e+01  1.881785e+00 -1.547906e-05
      vertex -4.000000e+01  1.871157e+00  5.850133e-02
    endloop
  endfacet
  facet normal -9.999999e-01  0.000000e+00  0.000000e+00
    outer loop
      vertex -4.000000e+01  2.998760e+00 -8.626673e-02
      vertex -4.000000e+01  1.871157e+00  5.850133e-02
      vertex -4.000000e+01  1.849411e+00  1.147697e-01
    endloop
  endfacet
  facet normal -1.000000e+00  0.000000e+00  0.000000e+00
    outer loop
      vertex -4.000000e+01  2.998760e+00 -8.626673e-02
      vertex -4.000000e+01  1.849411e+00  1.147697e-01
      vertex -4.000000e+01  1.817381e+00  1.666272e-01
    endloop
  endfacet
  facet normal -1.000000e+00  0.000000e+00  0.000000e+00
    outer loop
      vertex -4.000000e+01  2.998760e+00 -8.626673e-02
      vertex -4.000000e+01  1.817381e+00  1.666272e-01
      vertex -4.000000e+01  1.776299e+00  2.120810e-01
    endloop
  endfacet
  facet normal -1.000000e+00  0.000000e+00  0.000000e+00
    outer loop
      vertex -4.000000e+01  2.998760e+00 -8.626673e-02
      vertex -4.000000e+01  1.776299e+00  2.120810e-01
      vertex -4.000000e+01  1.727744e+00  2.493844e-01
    endloop
  endfacet
  facet normal -1.000000e+00  0.000000e+00  0.000000e+00
    outer loop
      vertex -4.000000e+01  2.998760e+00 -8.626673e-02
      vertex -4.000000e+01  1.727744e+00  2.493844e-01
      vertex -4.000000e+01  1.673581e+00  2.771037e-01
    endloop
  endfacet
  facet normal -1.000000e+00  0.000000e+00  0.000000e+00
    outer loop
      vertex -4.000000e+01  2.975335e+00  3.839047e-01
      vertex -4.000000e+01  2.998760e+00 -8.626673e-02
      vertex -4.000000e+01  1.673581e+00  2.771037e-01
    endloop
  endfacet
  facet normal -1.000000e+00  0.000000e+00  0.000000e+00
    outer loop
      vertex -4.000000e+01  2.975335e+00  3.839047e-01
      vertex -4.000000e+01  1.673581e+00  2.771037e-01
      vertex -4.000000e+01  1.615892e+00  2.941739e-01
    endloop
  endfacet
  facet normal -1.000000e+00  0.000000e+00  0.000000e+00
    outer loop
      vertex -4.000000e+01  2.975335e+00  3.839047e-01
      vertex -4.000000e+01  1.615892e+00  2.941739e-01
      vertex -4.000000e+01  1.586415e+00  2.984937e-01
    endloop
  endfacet
  facet normal -1.000000e+00  0.000000e+00  0.000000e+00
    outer loop
      vertex -4.000000e+01  2.948345e+00 -5.543140e-01
      vertex -4.000000e+01  1.606763e+00 -2.999542e-01
      vertex -4.000000e+01  1.653380e+00 -2.962626e-01
    endloop
  endfacet
  facet normal -1.000000e+00  0.000000e+00  0.000000e+00
    outer loop
      vertex -4.000000e+01  2.948345e+00 -5.543140e-01
      vertex -4.000000e+01  1.653380e+00 -2.962626e-01
      vertex -4.000000e+01  1.698235e+00 -2.852762e-01
    endloop
  endfacet
  facet normal -1.000000e+00  0.000000e+00  0.000000e+00
    outer loop
      vertex -4.000000e+01  2.948345e+00 -5.543140e-01
      vertex -4.000000e+01  1.698235e+00 -2.852762e-01
      vertex -4.000000e+01  1.740223e+00 -2.672655e-01
    endloop
  endfacet
  facet normal -1.000000e+00  0.000000e+00  0.000000e+00
    outer loop
      vertex -4.000000e+01  2.948345e+00 -5.543140e-01
      vertex -4.000000e+01  1.740223e+00 -2.672655e-01
      vertex -4.000000e+01  1.778311e+00 -2.426741e-01
    endloop
  endfacet
  facet normal -1.000000e+00  0.000000e+00  0.000000e+00
    outer loop
      vertex -4.000000e+01  2.948345e+00 -5.543140e-01
      vertex -4.000000e+01  1.778311e+00 -2.426741e-01
      vertex -4.000000e+01  1.811561e+00 -2.121074e-01
    endloop
  endfacet
  facet normal -1.000000e+00  0.000000e+00  0.000000e+00
    outer loop
      vertex -4.000000e+01  2.948345e+00 -5.543140e-01
      vertex -4.000000e+01  1.811561e+00 -2.121074e-01
      vertex -4.000000e+01  1.834979e+00 -1.826097e-01
    endloop
  endfacet
  facet normal -1.000000e+00  0.000000e+00  0.000000e+00
    outer loop
      vertex -4.000000e+01  2.948345e+00 -5.543140e-01
      vertex -4.000000e+01  1.834979e+00 -1.826097e-01
      vertex -4.000000e+01  1.854066e+00 -1.499877e-01
    endloop
  endfacet
  facet normal -9.999999e-01  0.000000e+00  0.000000e+00
    outer loop
      vertex -4.000000e+01  2.948345e+00 -5.543140e-01
      vertex -4.000000e+01  1.854066e+00 -1.499877e-01
      vertex -4.000000e+01  1.868495e+00 -1.147994e-01
    endloop
  endfacet
  facet normal -1.000000e+00  0.000000e+00  0.000000e+00
    outer loop
      vertex -4.000000e+01  2.941666e-01 -1.644600e+00
      vertex -4.000000e+01  1.284544e+00 -2.711078e+00
      vertex -4.000000e+01  2.770988e-01 -1.704966e+00
    endloop
  endfacet
  facet normal -1.000000e+00  0.000000e+00  0.000000e+00
    outer loop
      vertex -4.000000e+01  2.770988e-01 -1.704966e+00
      vertex -4.000000e+01  1.284544e+00 -2.711078e+00
      vertex -4.000000e+01  8.446231e-01 -2.878648e+00
    endloop
  endfacet
  facet normal -1.000000e+00  -0.000000e+00  0.000000e+00
    outer loop
      vertex -4.000000e+01  2.770988e-01 -1.704966e+00
      vertex -4.000000e+01  8.446231e-01 -2.878648e+00
      vertex -4.000000e+01  3.839047e-01 -2.975335e+00
    endloop
  endfacet
  facet normal -9.999999e-01  0.000000e+00  0.000000e+00
    outer loop
      vertex -4.000000e+01 -1.385400e+00  2.426705e-01
      vertex -4.000000e+01 -1.423490e+00  2.672630e-01
      vertex -4.000000e+01 -1.666505e-01  2.494546e-01
    endloop
  endfacet
  facet normal -1.000000e+00  0.000000e+00  0.000000e+00
    outer loop
      vertex -4.000000e+01 -1.666505e-01  2.494546e-01
      vertex -4.000000e+01 -1.423490e+00  2.672630e-01
      vertex -4.000000e+01 -1.465480e+00  2.852747e-01
    endloop
  endfacet
  facet normal -1.000000e+00  0.000000e+00  0.000000e+00
    outer loop
      vertex -4.000000e+01 -1.666505e-01  2.494546e-01
      vertex -4.000000e+01 -1.465480e+00  2.852747e-01
      vertex -4.000000e+01 -1.147822e-01  2.771733e-01
    endloop
  endfacet
  facet normal -1.000000e+00  0.000000e+00  0.000000e+00
    outer loop
      vertex -4.000000e+01 -1.147822e-01  2.771733e-01
      vertex -4.000000e+01 -1.465480e+00  2.852747e-01
      vertex -4.000000e+01 -1.510336e+00  2.962621e-01
    endloop
  endfacet
  facet normal -1.000000e+00  0.000000e+00  0.000000e+00
    outer loop
      vertex -4.000000e+01 -1.147822e-01  2.771733e-01
      vertex -4.000000e+01 -1.510336e+00  2.962621e-01
      vertex -4.000000e+01 -5.850282e-02  2.942404e-01
    endloop
  endfacet
  facet normal -9.999999e-01  0.000000e+00  0.000000e+00
    outer loop
      vertex -4.000000e+01 -1.295208e+00  1.147919e-01
      vertex -4.000000e+01 -1.309639e+00  1.499811e-01
      vertex -4.000000e+01 -2.771544e-01  1.148279e-01
    endloop
  endfacet
  facet normal -1.000000e+00  0.000000e+00  0.000000e+00
    outer loop
      vertex -4.000000e+01 -2.771544e-01  1.148279e-01
      vertex -4.000000e+01 -1.309639e+00  1.499811e-01
      vertex -4.000000e+01 -1.328727e+00  1.826041e-01
    endloop
  endfacet
  facet normal -1.000000e+00  0.000000e+00  0.000000e+00
    outer loop
      vertex -4.000000e+01 -2.771544e-01  1.148279e-01
      vertex -4.000000e+01 -1.328727e+00  1.826041e-01
      vertex -4.000000e+01 -2.494271e-01  1.666916e-01
    endloop
  endfacet
  facet normal -1.000000e+00  0.000000e+00  0.000000e+00
    outer loop
      vertex -4.000000e+01 -2.494271e-01  1.666916e-01
      vertex -4.000000e+01 -1.328727e+00  1.826041e-01
      vertex -4.000000e+01 -1.352147e+00  2.121027e-01
    endloop
  endfacet
  facet normal -1.000000e+00  0.000000e+00  0.000000e+00
    outer loop
      vertex -4.000000e+01 -2.494271e-01  1.666916e-01
      vertex -4.000000e+01 -1.352147e+00  2.121027e-01
      vertex -4.000000e+01 -2.121145e-01  2.121495e-01
    endloop
  endfacet
  facet normal -1.000000e+00  -0.000000e+00  0.000000e+00
    outer loop
      vertex -4.000000e+01 -2.121145e-01  2.121495e-01
      vertex -4.000000e+01 -1.352147e+00  2.121027e-01
      vertex -4.000000e+01 -1.385400e+00  2.426705e-01
    endloop
  endfacet
  facet normal -1.000000e+00  0.000000e+00  0.000000e+00
    outer loop
      vertex -4.000000e+01 -2.121145e-01  2.121495e-01
      vertex -4.000000e+01 -1.385400e+00  2.426705e-01
      vertex -4.000000e+01 -1.666505e-01  2.494546e-01
    endloop
  endfacet
  facet normal -9.999999e-01  0.000000e+00  0.000000e+00
    outer loop
      vertex -4.000000e+01 -1.282848e+00  5.882688e-02
      vertex -4.000000e+01 -1.287626e+00  8.722500e-02
      vertex -4.000000e+01 -2.942308e-01  5.855137e-02
    endloop
  endfacet
  facet normal -1.000000e+00  0.000000e+00  0.000000e+00
    outer loop
      vertex -4.000000e+01 -2.942308e-01  5.855137e-02
      vertex -4.000000e+01 -1.287626e+00  8.722500e-02
      vertex -4.000000e+01 -1.295208e+00  1.147919e-01
    endloop
  endfacet
  facet normal -1.000000e+00  0.000000e+00  0.000000e+00
    outer loop
      vertex -4.000000e+01 -2.942308e-01  5.855137e-02
      vertex -4.000000e+01 -1.295208e+00  1.147919e-01
      vertex -4.000000e+01 -2.771544e-01  1.148279e-01
    endloop
  endfacet
  facet normal -9.999999e-01  0.000000e+00  -0.000000e+00
    outer loop
      vertex -4.000000e+01 -1.281910e+00  5.559493e-06
      vertex -4.000000e+01 -1.280915e+00  2.956005e-02
      vertex -4.000000e+01 -3.000000e-01  2.475426e-05
    endloop
  endfacet
  facet normal -1.000000e+00  0.000000e+00  0.000000e+00
    outer loop
      vertex -4.000000e+01 -3.000000e-01  2.475426e-05
      vertex -4.000000e+01 -1.280915e+00  2.956005e-02
      vertex -4.000000e+01 -1.282848e+00  5.882688e-02
    endloop
  endfacet
  facet normal -1.000000e+00  0.000000e+00  0.000000e+00
    outer loop
      vertex -4.000000e+01 -3.000000e-01  2.475426e-05
      vertex -4.000000e+01 -1.282848e+00  5.882688e-02
      vertex -4.000000e+01 -2.942308e-01  5.855137e-02
    endloop
  endfacet
  facet normal -9.999999e-01  0.000000e+00  0.000000e+00
    outer loop
      vertex -4.000000e+01 -2.494546e-01 -1.666505e-01
      vertex -4.000000e+01 -1.314279e+00 -1.147812e-01
      vertex -4.000000e+01 -2.771733e-01 -1.147822e-01
    endloop
  endfacet
  facet normal -1.000000e+00  0.000000e+00  0.000000e+00
    outer loop
      vertex -4.000000e+01 -2.771733e-01 -1.147822e-01
      vertex -4.000000e+01 -1.314279e+00 -1.147812e-01
      vertex -4.000000e+01 -1.292535e+00 -5.851218e-02
    endloop
  endfacet
  facet normal -1.000000e+00  0.000000e+00  0.000000e+00
    outer loop
      vertex -4.000000e+01 -2.771733e-01 -1.147822e-01
      vertex -4.000000e+01 -1.292535e+00 -5.851218e-02
      vertex -4.000000e+01 -2.942404e-01 -5.850282e-02
    endloop
  endfacet
  facet normal -1.000000e+00  -0.000000e+00  0.000000e+00
    outer loop
      vertex -4.000000e+01 -2.942404e-01 -5.850282e-02
      vertex -4.000000e+01 -1.292535e+00 -5.851218e-02
      vertex -4.000000e+01 -1.281910e+00  5.559493e-06
    endloop
  endfacet
  facet normal -1.000000e+00  0.000000e+00  0.000000e+00
    outer loop
      vertex -4.000000e+01 -2.942404e-01 -5.850282e-02
      vertex -4.000000e+01 -1.281910e+00  5.559493e-06
      vertex -4.000000e+01 -3.000000e-01  2.475426e-05
    endloop
  endfacet
  facet normal -1.000000e+00  0.000000e+00  0.000000e+00
    outer loop
      vertex -4.000000e+01 -1.314279e+00 -1.147812e-01
      vertex -4.000000e+01 -2.494546e-01 -1.666505e-01
      vertex -4.000000e+01 -1.346306e+00 -1.666392e-01
    endloop
  endfacet
  facet normal -1.000000e+00  0.000000e+00  0.000000e+00
    outer loop
      vertex -4.000000e+01 -1.346306e+00 -1.666392e-01
      vertex -4.000000e+01 -2.494546e-01 -1.666505e-01
      vertex -4.000000e+01 -2.121495e-01 -2.121145e-01
    endloop
  endfacet
  facet normal -1.000000e+00  0.000000e+00  0.000000e+00
    outer loop
      vertex -4.000000e+01 -1.346306e+00 -1.666392e-01
      vertex -4.000000e+01 -2.121495e-01 -2.121145e-01
      vertex -4.000000e+01 -1.387385e+00 -2.120932e-01
    endloop
  endfacet
  facet normal -1.000000e+00  0.000000e+00  0.000000e+00
    outer loop
      vertex -4.000000e+01 -1.387385e+00 -2.120932e-01
      vertex -4.000000e+01 -2.121495e-01 -2.121145e-01
      vertex -4.000000e+01 -1.666916e-01 -2.494271e-01
    endloop
  endfacet
  facet normal -9.999999e-01  0.000000e+00  0.000000e+00
    outer loop
      vertex -4.000000e+01 -1.387385e+00 -2.120932e-01
      vertex -4.000000e+01 -1.666916e-01 -2.494271e-01
      vertex -4.000000e+01 -1.435939e+00 -2.493965e-01
    endloop
  endfacet
  facet normal -1.000000e+00  0.000000e+00  0.000000e+00
    outer loop
      vertex -4.000000e+01 -1.435939e+00 -2.493965e-01
      vertex -4.000000e+01 -1.666916e-01 -2.494271e-01
      vertex -4.000000e+01 -1.148279e-01 -2.771544e-01
    endloop
  endfacet
  facet normal -9.999999e-01  0.000000e+00  0.000000e+00
    outer loop
      vertex -4.000000e+01 -1.435939e+00 -2.493965e-01
      vertex -4.000000e+01 -1.148279e-01 -2.771544e-01
      vertex -4.000000e+01 -1.490101e+00 -2.771155e-01
    endloop
  endfacet
  facet normal -1.000000e+00  0.000000e+00  0.000000e+00
    outer loop
      vertex -4.000000e+01 -1.490101e+00 -2.771155e-01
      vertex -4.000000e+01 -1.148279e-01 -2.771544e-01
      vertex -4.000000e+01 -5.855137e-02 -2.942308e-01
    endloop
  endfacet
  facet normal -1.000000e+00  0.000000e+00  0.000000e+00
    outer loop
      vertex -4.000000e+01 -1.490101e+00 -2.771155e-01
      vertex -4.000000e+01 -5.855137e-02 -2.942308e-01
      vertex -4.000000e+01 -1.547789e+00 -2.941850e-01
    endloop
  endfacet
  facet normal -1.000000e+00  0.000000e+00  0.000000e+00
    outer loop
      vertex -4.000000e+01  1.385347e+00  2.426586e-01
      vertex -4.000000e+01  1.666916e-01  2.494271e-01
      vertex -4.000000e+01  1.423435e+00  2.672501e-01
    endloop
  endfacet
  facet normal -1.000000e+00  -0.000000e+00  0.000000e+00
    outer loop
      vertex -4.000000e+01  1.423435e+00  2.672501e-01
      vertex -4.000000e+01  1.666916e-01  2.494271e-01
      vertex -4.000000e+01  1.148279e-01  2.771544e-01
    endloop
  endfacet
  facet normal -1.000000e+00  0.000000e+00  0.000000e+00
    outer loop
      vertex -4.000000e+01  1.423435e+00  2.672501e-01
      vertex -4.000000e+01  1.148279e-01  2.771544e-01
      vertex -4.000000e+01  1.465423e+00  2.852607e-01
    endloop
  endfacet
  facet normal -1.000000e+00  -0.000000e+00  0.000000e+00
    outer loop
      vertex -4.000000e+01  1.465423e+00  2.852607e-01
      vertex -4.000000e+01  1.148279e-01  2.771544e-01
      vertex -4.000000e+01  5.855137e-02  2.942308e-01
    endloop
  endfacet
  facet normal -1.000000e+00  0.000000e+00  0.000000e+00
    outer loop
      vertex -4.000000e+01  1.465423e+00  2.852607e-01
      vertex -4.000000e+01  5.855137e-02  2.942308e-01
      vertex -4.000000e+01  1.510278e+00  2.962471e-01
    endloop
  endfacet
  facet normal -1.000000e+00  0.000000e+00  0.000000e+00
    outer loop
      vertex -4.000000e+01  1.295163e+00  1.147840e-01
      vertex -4.000000e+01  2.771733e-01  1.147822e-01
      vertex -4.000000e+01  1.309592e+00  1.499722e-01
    endloop
  endfacet
  facet normal -1.000000e+00  -0.000000e+00  0.000000e+00
    outer loop
      vertex -4.000000e+01  1.309592e+00  1.499722e-01
      vertex -4.000000e+01  2.771733e-01  1.147822e-01
      vertex -4.000000e+01  2.494546e-01  1.666505e-01
    endloop
  endfacet
  facet normal -1.000000e+00  0.000000e+00  0.000000e+00
    outer loop
      vertex -4.000000e+01  1.309592e+00  1.499722e-01
      vertex -4.000000e+01  2.494546e-01  1.666505e-01
      vertex -4.000000e+01  1.328678e+00  1.825943e-01
    endloop
  endfacet
  facet normal -1.000000e+00  -0.000000e+00  0.000000e+00
    outer loop
      vertex -4.000000e+01  1.328678e+00  1.825943e-01
      vertex -4.000000e+01  2.494546e-01  1.666505e-01
      vertex -4.000000e+01  2.121495e-01  2.121145e-01
    endloop
  endfacet
  facet normal -1.000000e+00  0.000000e+00  0.000000e+00
    outer loop
      vertex -4.000000e+01  1.328678e+00  1.825943e-01
      vertex -4.000000e+01  2.121495e-01  2.121145e-01
      vertex -4.000000e+01  1.352096e+00  2.120919e-01
    endloop
  endfacet
  facet normal -1.000000e+00  0.000000e+00  0.000000e+00
    outer loop
      vertex -4.000000e+01  1.352096e+00  2.120919e-01
      vertex -4.000000e+01  2.121495e-01  2.121145e-01
      vertex -4.000000e+01  1.666916e-01  2.494271e-01
    endloop
  endfacet
  facet normal -1.000000e+00  0.000000e+00  0.000000e+00
    outer loop
      vertex -4.000000e+01  1.352096e+00  2.120919e-01
      vertex -4.000000e+01  1.666916e-01  2.494271e-01
      vertex -4.000000e+01  1.385347e+00  2.426586e-01
    endloop
  endfacet
  facet normal -9.999999e-01  0.000000e+00  0.000000e+00
    outer loop
      vertex -4.000000e+01  1.282807e+00  5.882046e-02
      vertex -4.000000e+01  2.942404e-01  5.850282e-02
      vertex -4.000000e+01  1.287583e+00  8.721782e-02
    endloop
  endfacet
  facet normal -1.000000e+00  -0.000000e+00  0.000000e+00
    outer loop
      vertex -4.000000e+01  1.287583e+00  8.721782e-02
      vertex -4.000000e+01  2.942404e-01  5.850282e-02
      vertex -4.000000e+01  2.771733e-01  1.147822e-01
    endloop
  endfacet
  facet normal -9.999999e-01  0.000000e+00  0.000000e+00
    outer loop
      vertex -4.000000e+01  1.287583e+00  8.721782e-02
      vertex -4.000000e+01  2.771733e-01  1.147822e-01
      vertex -4.000000e+01  1.295163e+00  1.147840e-01
    endloop
  endfacet
  facet normal -1.000000e+00  0.000000e+00  0.000000e+00
    outer loop
      vertex -4.000000e+01  1.281872e+00 -7.981325e-10
      vertex -4.000000e+01  3.000000e-01 -2.475426e-05
      vertex -4.000000e+01  1.280875e+00  2.955408e-02
    endloop
  endfacet
  facet normal -1.000000e+00  -0.000000e+00  0.000000e+00
    outer loop
      vertex -4.000000e+01  1.280875e+00  2.955408e-02
      vertex -4.000000e+01  3.000000e-01 -2.475426e-05
      vertex -4.000000e+01  2.942404e-01  5.850282e-02
    endloop
  endfacet
  facet normal -1.000000e+00  0.000000e+00  0.000000e+00
    outer loop
      vertex -4.000000e+01  1.280875e+00  2.955408e-02
      vertex -4.000000e+01  2.942404e-01  5.850282e-02
      vertex -4.000000e+01  1.282807e+00  5.882046e-02
    endloop
  endfacet
  facet normal -9.999999e-01  0.000000e+00  0.000000e+00
    outer loop
      vertex -4.000000e+01  1.577242e+00 -2.985092e-01
      vertex -4.000000e+01  5.850282e-02 -2.942404e-01
      vertex -4.000000e+01  1.547766e+00 -2.941893e-01
    endloop
  endfacet
  facet normal -9.999999e-01  -0.000000e+00  0.000000e+00
    outer loop
      vertex -4.000000e+01  1.547766e+00 -2.941893e-01
      vertex -4.000000e+01  5.850282e-02 -2.942404e-01
      vertex -4.000000e+01  1.147822e-01 -2.771733e-01
    endloop
  endfacet
  facet normal -1.000000e+00  0.000000e+00  0.000000e+00
    outer loop
      vertex -4.000000e+01  1.547766e+00 -2.941893e-01
      vertex -4.000000e+01  1.147822e-01 -2.771733e-01
      vertex -4.000000e+01  1.490077e+00 -2.771192e-01
    endloop
  endfacet
  facet normal -1.000000e+00  -0.000000e+00  0.000000e+00
    outer loop
      vertex -4.000000e+01  1.490077e+00 -2.771192e-01
      vertex -4.000000e+01  1.147822e-01 -2.771733e-01
      vertex -4.000000e+01  1.666505e-01 -2.494546e-01
    endloop
  endfacet
  facet normal -1.000000e+00  0.000000e+00  0.000000e+00
    outer loop
      vertex -4.000000e+01  1.490077e+00 -2.771192e-01
      vertex -4.000000e+01  1.666505e-01 -2.494546e-01
      vertex -4.000000e+01  1.435914e+00 -2.493998e-01
    endloop
  endfacet
  facet normal -9.999999e-01  -0.000000e+00  0.000000e+00
    outer loop
      vertex -4.000000e+01  1.435914e+00 -2.493998e-01
      vertex -4.000000e+01  1.666505e-01 -2.494546e-01
      vertex -4.000000e+01  2.121145e-01 -2.121495e-01
    endloop
  endfacet
  facet normal -1.000000e+00  0.000000e+00  0.000000e+00
    outer loop
      vertex -4.000000e+01  1.435914e+00 -2.493998e-01
      vertex -4.000000e+01  2.121145e-01 -2.121495e-01
      vertex -4.000000e+01  1.387359e+00 -2.120965e-01
    endloop
  endfacet
  facet normal -1.000000e+00  -0.000000e+00  0.000000e+00
    outer loop
      vertex -4.000000e+01  1.387359e+00 -2.120965e-01
      vertex -4.000000e+01  2.121145e-01 -2.121495e-01
      vertex -4.000000e+01  2.494271e-01 -1.666916e-01
    endloop
  endfacet
  facet normal -1.000000e+00  0.000000e+00  0.000000e+00
    outer loop
      vertex -4.000000e+01  1.387359e+00 -2.120965e-01
      vertex -4.000000e+01  2.494271e-01 -1.666916e-01
      vertex -4.000000e+01  1.346277e+00 -1.666427e-01
    endloop
  endfacet
  facet normal -1.000000e+00  -0.000000e+00  0.000000e+00
    outer loop
      vertex -4.000000e+01  1.346277e+00 -1.666427e-01
      vertex -4.000000e+01  2.494271e-01 -1.666916e-01
      vertex -4.000000e+01  2.771544e-01 -1.148279e-01
    endloop
  endfacet
  facet normal -1.000000e+00  0.000000e+00  0.000000e+00
    outer loop
      vertex -4.000000e+01  1.346277e+00 -1.666427e-01
      vertex -4.000000e+01  2.771544e-01 -1.148279e-01
      vertex -4.000000e+01  1.314247e+00 -1.147851e-01
    endloop
  endfacet
  facet normal -1.000000e+00  -0.000000e+00  0.000000e+00
    outer loop
      vertex -4.000000e+01  1.314247e+00 -1.147851e-01
      vertex -4.000000e+01  2.771544e-01 -1.148279e-01
      vertex -4.000000e+01  2.942308e-01 -5.855137e-02
    endloop
  endfacet
  facet normal -1.000000e+00  0.000000e+00  0.000000e+00
    outer loop
      vertex -4.000000e+01  1.314247e+00 -1.147851e-01
      vertex -4.000000e+01  2.942308e-01 -5.855137e-02
      vertex -4.000000e+01  1.292500e+00 -5.851681e-02
    endloop
  endfacet
  facet normal -1.000000e+00  -0.000000e+00  0.000000e+00
    outer loop
      vertex -4.000000e+01  1.292500e+00 -5.851681e-02
      vertex -4.000000e+01  2.942308e-01 -5.855137e-02
      vertex -4.000000e+01  3.000000e-01 -2.475426e-05
    endloop
  endfacet
  facet normal -1.000000e+00  0.000000e+00  0.000000e+00
    outer loop
      vertex -4.000000e+01  1.292500e+00 -5.851681e-02
      vertex -4.000000e+01  3.000000e-01 -2.475426e-05
      vertex -4.000000e+01  1.281872e+00 -7.981325e-10
    endloop
  endfacet
  facet normal  4.004994e-05 -2.903637e-01 -9.569164e-01
    outer loop
      vertex -4.000000e+01  1.148279e-01  2.771544e-01
      vertex -1.504272e+01  1.026112e-01  2.819059e-01
      vertex -4.000000e+01  5.855137e-02  2.942308e-01
    endloop
  endfacet
  facet normal -3.433648e-05 -4.226391e-01 -9.062980e-01
    outer loop
      vertex -1.504272e+01  1.500071e-01  2.598035e-01
      vertex -1.504272e+01  1.026112e-01  2.819059e-01
      vertex -4.000000e+01  1.148279e-01  2.771544e-01
    endloop
  endfacet
  facet normal  5.146831e-05 -4.714696e-01 -8.818823e-01
    outer loop
      vertex -4.000000e+01  1.666916e-01  2.494271e-01
      vertex -1.504272e+01  1.500071e-01  2.598035e-01
      vertex -4.000000e+01  1.148279e-01  2.771544e-01
    endloop
  endfacet
  facet normal -4.289886e-05 -5.736029e-01 -8.191335e-01
    outer loop
      vertex -1.504272e+01  1.928447e-01  2.298063e-01
      vertex -1.504272e+01  1.500071e-01  2.598035e-01
      vertex -4.000000e+01  1.666916e-01  2.494271e-01
    endloop
  endfacet
  facet normal  5.717306e-05 -6.344570e-01 -7.729581e-01
    outer loop
      vertex -4.000000e+01  2.121495e-01  2.121145e-01
      vertex -1.504272e+01  1.928447e-01  2.298063e-01
      vertex -4.000000e+01  1.666916e-01  2.494271e-01
    endloop
  endfacet
  facet normal -4.574640e-05 -7.071359e-01 -7.070777e-01
    outer loop
      vertex -4.000000e+01  2.121495e-01  2.121145e-01
      vertex -1.504272e+01  2.298222e-01  1.928257e-01
      vertex -1.504272e+01  1.928447e-01  2.298063e-01
    endloop
  endfacet
  facet normal  5.716245e-05 -7.730627e-01 -6.343296e-01
    outer loop
      vertex -1.504272e+01  2.298222e-01  1.928257e-01
      vertex -4.000000e+01  2.121495e-01  2.121145e-01
      vertex -4.000000e+01  2.494546e-01  1.666505e-01
    endloop
  endfacet
  facet normal -4.287763e-05 -8.191810e-01 -5.735350e-01
    outer loop
      vertex -4.000000e+01  2.494546e-01  1.666505e-01
      vertex -1.504272e+01  2.598159e-01  1.499857e-01
      vertex -1.504272e+01  2.298222e-01  1.928257e-01
    endloop
  endfacet
  facet normal  5.143521e-05 -8.819601e-01 -4.713241e-01
    outer loop
      vertex -1.504272e+01  2.598159e-01  1.499857e-01
      vertex -4.000000e+01  2.494546e-01  1.666505e-01
      vertex -4.000000e+01  2.771733e-01  1.147822e-01
    endloop
  endfacet
  facet normal -3.429368e-05 -9.063329e-01 -4.225646e-01
    outer loop
      vertex -4.000000e+01  2.771733e-01  1.147822e-01
      vertex -1.504272e+01  2.819144e-01  1.025880e-01
      vertex -1.504272e+01  2.598159e-01  1.499857e-01
    endloop
  endfacet
  facet normal  3.999559e-05 -9.569643e-01 -2.902056e-01
    outer loop
      vertex -1.504272e+01  2.819144e-01  1.025880e-01
      vertex -4.000000e+01  2.771733e-01  1.147822e-01
      vertex -4.000000e+01  2.942404e-01  5.850282e-02
    endloop
  endfacet
  facet normal -2.006428e-05 -2.588319e-01 -9.659224e-01
    outer loop
      vertex -1.504272e+01  1.026112e-01  2.819059e-01
      vertex -1.504272e+01  5.209716e-02  2.954418e-01
      vertex -4.000000e+01  5.855137e-02  2.942308e-01
    endloop
  endfacet
  facet normal  2.580064e-05 -8.716078e-02 -9.961943e-01
    outer loop
      vertex -4.000000e+01  5.855137e-02  2.942308e-01
      vertex -1.504272e+01  5.209716e-02  2.954418e-01
      vertex -1.504272e+01  3.583020e-16  3.000000e-01
    endloop
  endfacet
  facet normal -9.730140e-08 -9.809939e-02 -9.951766e-01
    outer loop
      vertex -4.000000e+01  5.855137e-02  2.942308e-01
      vertex -1.504272e+01  3.583020e-16  3.000000e-01
      vertex -4.000000e+01  2.475426e-05  3.000000e-01
    endloop
  endfacet
  facet normal  9.721499e-08  9.801228e-02 -9.951853e-01
    outer loop
      vertex -4.000000e+01  2.475426e-05  3.000000e-01
      vertex -1.504272e+01  3.583020e-16  3.000000e-01
      vertex -1.504272e+01 -5.852406e-02  2.942362e-01
    endloop
  endfacet
  facet normal -8.539732e-08  9.793518e-02 -9.951928e-01
    outer loop
      vertex -4.000000e+01  2.475426e-05  3.000000e-01
      vertex -1.504272e+01 -5.852406e-02  2.942362e-01
      vertex -4.000000e+01 -5.850282e-02  2.942404e-01
    endloop
  endfacet
  facet normal  8.478793e-08  2.902699e-01 -9.569448e-01
    outer loop
      vertex -4.000000e+01 -5.850282e-02  2.942404e-01
      vertex -1.504272e+01 -5.852406e-02  2.942362e-01
      vertex -1.504272e+01 -1.147993e-01  2.771662e-01
    endloop
  endfacet
  facet normal -7.367939e-08  2.902056e-01 -9.569643e-01
    outer loop
      vertex -4.000000e+01 -5.850282e-02  2.942404e-01
      vertex -1.504272e+01 -1.147993e-01  2.771662e-01
      vertex -4.000000e+01 -1.147822e-01  2.771733e-01
    endloop
  endfacet
  facet normal  7.223746e-08  4.713740e-01 -8.819335e-01
    outer loop
      vertex -4.000000e+01 -1.147822e-01  2.771733e-01
      vertex -1.504272e+01 -1.147993e-01  2.771662e-01
      vertex -1.504272e+01 -1.666633e-01  2.494460e-01
    endloop
  endfacet
  facet normal -6.098334e-08  4.713241e-01 -8.819601e-01
    outer loop
      vertex -4.000000e+01 -1.147822e-01  2.771733e-01
      vertex -1.504272e+01 -1.666633e-01  2.494460e-01
      vertex -4.000000e+01 -1.666505e-01  2.494546e-01
    endloop
  endfacet
  facet normal  6.055276e-08  6.343654e-01 -7.730333e-01
    outer loop
      vertex -4.000000e+01 -1.666505e-01  2.494546e-01
      vertex -1.504272e+01 -1.666633e-01  2.494460e-01
      vertex -1.504272e+01 -2.121233e-01  2.121408e-01
    endloop
  endfacet
  facet normal -4.862296e-08  6.343296e-01 -7.730627e-01
    outer loop
      vertex -4.000000e+01 -1.666505e-01  2.494546e-01
      vertex -1.504272e+01 -2.121233e-01  2.121408e-01
      vertex -4.000000e+01 -2.121145e-01  2.121495e-01
    endloop
  endfacet
  facet normal  4.855940e-08  7.729810e-01 -6.344291e-01
    outer loop
      vertex -4.000000e+01 -2.121145e-01  2.121495e-01
      vertex -1.504272e+01 -2.121233e-01  2.121408e-01
      vertex -1.504272e+01 -2.494323e-01  1.666839e-01
    endloop
  endfacet
  facet normal -3.654361e-08  7.729581e-01 -6.344570e-01
    outer loop
      vertex -4.000000e+01 -2.121145e-01  2.121495e-01
      vertex -1.504272e+01 -2.494323e-01  1.666839e-01
      vertex -4.000000e+01 -2.494271e-01  1.666916e-01
    endloop
  endfacet
  facet normal  3.637697e-08  8.818946e-01 -4.714467e-01
    outer loop
      vertex -4.000000e+01 -2.494271e-01  1.666916e-01
      vertex -1.504272e+01 -2.494323e-01  1.666839e-01
      vertex -1.504272e+01 -2.771567e-01  1.148222e-01
    endloop
  endfacet
  facet normal -2.490183e-08  8.818824e-01 -4.714697e-01
    outer loop
      vertex -4.000000e+01 -2.494271e-01  1.666916e-01
      vertex -1.504272e+01 -2.771567e-01  1.148222e-01
      vertex -4.000000e+01 -2.771544e-01  1.148279e-01
    endloop
  endfacet
  facet normal  2.370323e-08  9.569209e-01 -2.903490e-01
    outer loop
      vertex -4.000000e+01 -2.771544e-01  1.148279e-01
      vertex -1.504272e+01 -2.771567e-01  1.148222e-01
      vertex -1.504272e+01 -2.942314e-01  5.854834e-02
    endloop
  endfacet
  facet normal -1.246971e-08  9.569164e-01 -2.903637e-01
    outer loop
      vertex -4.000000e+01 -2.771544e-01  1.148279e-01
      vertex -1.504272e+01 -2.942314e-01  5.854834e-02
      vertex -4.000000e+01 -2.942308e-01  5.855137e-02
    endloop
  endfacet
  facet normal  1.183408e-08  9.951771e-01 -9.809440e-02
    outer loop
      vertex -4.000000e+01 -2.942308e-01  5.855137e-02
      vertex -1.504272e+01 -2.942314e-01  5.854834e-02
      vertex -1.504272e+01 -3.000000e-01  2.475426e-05
    endloop
  endfacet
  facet normal  0.000000e+00  9.951766e-01 -9.809939e-02
    outer loop
      vertex -4.000000e+01 -2.942308e-01  5.855137e-02
      vertex -1.504272e+01 -3.000000e-01  2.475426e-05
      vertex -4.000000e+01 -3.000000e-01  2.475426e-05
    endloop
  endfacet
  facet normal -1.999856e-05 -9.659436e-01 -2.587526e-01
    outer loop
      vertex -1.504272e+01  2.819144e-01  1.025880e-01
      vertex -4.000000e+01  2.942404e-01  5.850282e-02
      vertex -1.504272e+01  2.954462e-01  5.207278e-02
    endloop
  endfacet
  facet normal  2.284781e-05 -9.951928e-01 -9.793520e-02
    outer loop
      vertex -1.504272e+01  2.954462e-01  5.207278e-02
      vertex -4.000000e+01  2.942404e-01  5.850282e-02
      vertex -4.000000e+01  3.000000e-01 -2.475426e-05
    endloop
  endfacet
  facet normal  0.000000e+00 -9.962015e-01 -8.707815e-02
    outer loop
      vertex -1.504272e+01  2.954462e-01  5.207278e-02
      vertex -4.000000e+01  3.000000e-01 -2.475426e-05
      vertex -1.504272e+01  3.000000e-01 -2.475426e-05
    endloop
  endfacet
  facet normal  0.000000e+00 -9.793520e-02  9.951928e-01
    outer loop
      vertex -4.000000e+01 -2.475426e-05 -3.000000e-01
      vertex -1.504272e+01  5.850282e-02 -2.942404e-01
      vertex -4.000000e+01  5.850282e-02 -2.942404e-01
    endloop
  endfacet
  facet normal  0.000000e+00 -2.902056e-01  9.569643e-01
    outer loop
      vertex -4.000000e+01  5.850282e-02 -2.942404e-01
      vertex -1.504272e+01  5.850282e-02 -2.942404e-01
      vertex -1.504272e+01  1.147822e-01 -2.771733e-01
    endloop
  endfacet
  facet normal  0.000000e+00 -2.902056e-01  9.569643e-01
    outer loop
      vertex -4.000000e+01  5.850282e-02 -2.942404e-01
      vertex -1.504272e+01  1.147822e-01 -2.771733e-01
      vertex -4.000000e+01  1.147822e-01 -2.771733e-01
    endloop
  endfacet
  facet normal  0.000000e+00 -4.713241e-01  8.819601e-01
    outer loop
      vertex -4.000000e+01  1.147822e-01 -2.771733e-01
      vertex -1.504272e+01  1.147822e-01 -2.771733e-01
      vertex -1.504272e+01  1.666505e-01 -2.494546e-01
    endloop
  endfacet
  facet normal  0.000000e+00 -4.713241e-01  8.819601e-01
    outer loop
      vertex -4.000000e+01  1.147822e-01 -2.771733e-01
      vertex -1.504272e+01  1.666505e-01 -2.494546e-01
      vertex -4.000000e+01  1.666505e-01 -2.494546e-01
    endloop
  endfacet
  facet normal  0.000000e+00 -6.343296e-01  7.730627e-01
    outer loop
      vertex -4.000000e+01  1.666505e-01 -2.494546e-01
      vertex -1.504272e+01  1.666505e-01 -2.494546e-01
      vertex -1.504272e+01  2.121145e-01 -2.121495e-01
    endloop
  endfacet
  facet normal  0.000000e+00 -6.343296e-01  7.730627e-01
    outer loop
      vertex -4.000000e+01  1.666505e-01 -2.494546e-01
      vertex -1.504272e+01  2.121145e-01 -2.121495e-01
      vertex -4.000000e+01  2.121145e-01 -2.121495e-01
    endloop
  endfacet
  facet normal  0.000000e+00 -7.729581e-01  6.344570e-01
    outer loop
      vertex -4.000000e+01  2.121145e-01 -2.121495e-01
      vertex -1.504272e+01  2.121145e-01 -2.121495e-01
      vertex -1.504272e+01  2.494271e-01 -1.666916e-01
    endloop
  endfacet
  facet normal  0.000000e+00 -7.729581e-01  6.344570e-01
    outer loop
      vertex -4.000000e+01  2.121145e-01 -2.121495e-01
      vertex -1.504272e+01  2.494271e-01 -1.666916e-01
      vertex -4.000000e+01  2.494271e-01 -1.666916e-01
    endloop
  endfacet
  facet normal  0.000000e+00 -8.818824e-01  4.714697e-01
    outer loop
      vertex -4.000000e+01  2.494271e-01 -1.666916e-01
      vertex -1.504272e+01  2.494271e-01 -1.666916e-01
      vertex -1.504272e+01  2.771544e-01 -1.148279e-01
    endloop
  endfacet
  facet normal  0.000000e+00 -8.818824e-01  4.714697e-01
    outer loop
      vertex -4.000000e+01  2.494271e-01 -1.666916e-01
      vertex -1.504272e+01  2.771544e-01 -1.148279e-01
      vertex -4.000000e+01  2.771544e-01 -1.148279e-01
    endloop
  endfacet
  facet normal  0.000000e+00 -9.569164e-01  2.903637e-01
    outer loop
      vertex -4.000000e+01  2.771544e-01 -1.148279e-01
      vertex -1.504272e+01  2.771544e-01 -1.148279e-01
      vertex -1.504272e+01  2.942308e-01 -5.855137e-02
    endloop
  endfacet
  facet normal  0.000000e+00 -9.569164e-01  2.903637e-01
    outer loop
      vertex -4.000000e+01  2.771544e-01 -1.148279e-01
      vertex -1.504272e+01  2.942308e-01 -5.855137e-02
      vertex -4.000000e+01  2.942308e-01 -5.855137e-02
    endloop
  endfacet
  facet normal  0.000000e+00 -9.951766e-01  9.809939e-02
    outer loop
      vertex -4.000000e+01  2.942308e-01 -5.855137e-02
      vertex -1.504272e+01  2.942308e-01 -5.855137e-02
      vertex -1.504272e+01  3.000000e-01 -2.475426e-05
    endloop
  endfacet
  facet normal  0.000000e+00 -9.951766e-01  9.809939e-02
    outer loop
      vertex -4.000000e+01  2.942308e-01 -5.855137e-02
      vertex -1.504272e+01  3.000000e-01 -2.475426e-05
      vertex -4.000000e+01  3.000000e-01 -2.475426e-05
    endloop
  endfacet
  facet normal  0.000000e+00 -9.793520e-02  9.951928e-01
    outer loop
      vertex -1.504272e+01  5.850282e-02 -2.942404e-01
      vertex -4.000000e+01 -2.475426e-05 -3.000000e-01
      vertex -1.504272e+01 -2.475426e-05 -3.000000e-01
    endloop
  endfacet
  facet normal  0.000000e+00  9.809939e-02  9.951766e-01
    outer loop
      vertex -1.504272e+01 -2.475426e-05 -3.000000e-01
      vertex -4.000000e+01 -2.475426e-05 -3.000000e-01
      vertex -4.000000e+01 -5.855137e-02 -2.942308e-01
    endloop
  endfacet
  facet normal  -0.000000e+00  9.809939e-02  9.951766e-01
    outer loop
      vertex -1.504272e+01 -2.475426e-05 -3.000000e-01
      vertex -4.000000e+01 -5.855137e-02 -2.942308e-01
      vertex -1.504272e+01 -5.855137e-02 -2.942308e-01
    endloop
  endfacet
  facet normal  0.000000e+00  2.903637e-01  9.569164e-01
    outer loop
      vertex -1.504272e+01 -5.855137e-02 -2.942308e-01
      vertex -4.000000e+01 -5.855137e-02 -2.942308e-01
      vertex -4.000000e+01 -1.148279e-01 -2.771544e-01
    endloop
  endfacet
  facet normal  -0.000000e+00  2.903637e-01  9.569164e-01
    outer loop
      vertex -1.504272e+01 -5.855137e-02 -2.942308e-01
      vertex -4.000000e+01 -1.148279e-01 -2.771544e-01
      vertex -1.504272e+01 -1.148279e-01 -2.771544e-01
    endloop
  endfacet
  facet normal  0.000000e+00  4.714697e-01  8.818824e-01
    outer loop
      vertex -1.504272e+01 -1.148279e-01 -2.771544e-01
      vertex -4.000000e+01 -1.148279e-01 -2.771544e-01
      vertex -4.000000e+01 -1.666916e-01 -2.494271e-01
    endloop
  endfacet
  facet normal  -0.000000e+00  4.714697e-01  8.818824e-01
    outer loop
      vertex -1.504272e+01 -1.148279e-01 -2.771544e-01
      vertex -4.000000e+01 -1.666916e-01 -2.494271e-01
      vertex -1.504272e+01 -1.666916e-01 -2.494271e-01
    endloop
  endfacet
  facet normal  0.000000e+00  6.344570e-01  7.729581e-01
    outer loop
      vertex -1.504272e+01 -1.666916e-01 -2.494271e-01
      vertex -4.000000e+01 -1.666916e-01 -2.494271e-01
      vertex -4.000000e+01 -2.121495e-01 -2.121145e-01
    endloop
  endfacet
  facet normal  -0.000000e+00  6.344570e-01  7.729581e-01
    outer loop
      vertex -1.504272e+01 -1.666916e-01 -2.494271e-01
      vertex -4.000000e+01 -2.121495e-01 -2.121145e-01
      vertex -1.504272e+01 -2.121495e-01 -2.121145e-01
    endloop
  endfacet
  facet normal  0.000000e+00  7.730627e-01  6.343296e-01
    outer loop
      vertex -1.504272e+01 -2.121495e-01 -2.121145e-01
      vertex -4.000000e+01 -2.121495e-01 -2.121145e-01
      vertex -4.000000e+01 -2.494546e-01 -1.666505e-01
    endloop
  endfacet
  facet normal  -0.000000e+00  7.730627e-01  6.343296e-01
    outer loop
      vertex -1.504272e+01 -2.121495e-01 -2.121145e-01
      vertex -4.000000e+01 -2.494546e-01 -1.666505e-01
      vertex -1.504272e+01 -2.494546e-01 -1.666505e-01
    endloop
  endfacet
  facet normal  0.000000e+00  8.819601e-01  4.713241e-01
    outer loop
      vertex -1.504272e+01 -2.494546e-01 -1.666505e-01
      vertex -4.000000e+01 -2.494546e-01 -1.666505e-01
      vertex -4.000000e+01 -2.771733e-01 -1.147822e-01
    endloop
  endfacet
  facet normal  -0.000000e+00  8.819601e-01  4.713241e-01
    outer loop
      vertex -1.504272e+01 -2.494546e-01 -1.666505e-01
      vertex -4.000000e+01 -2.771733e-01 -1.147822e-01
      vertex -1.504272e+01 -2.771733e-01 -1.147822e-01
    endloop
  endfacet
  facet normal  0.000000e+00  9.569643e-01  2.902056e-01
    outer loop
      vertex -1.504272e+01 -2.771733e-01 -1.147822e-01
      vertex -4.000000e+01 -2.771733e-01 -1.147822e-01
      vertex -4.000000e+01 -2.942404e-01 -5.850282e-02
    endloop
  endfacet
  facet normal  -0.000000e+00  9.569643e-01  2.902056e-01
    outer loop
      vertex -1.504272e+01 -2.771733e-01 -1.147822e-01
      vertex -4.000000e+01 -2.942404e-01 -5.850282e-02
      vertex -1.504272e+01 -2.942404e-01 -5.850282e-02
    endloop
  endfacet
  facet normal  0.000000e+00  9.951928e-01  9.793520e-02
    outer loop
      vertex -1.504272e+01 -2.942404e-01 -5.850282e-02
      vertex -4.000000e+01 -2.942404e-01 -5.850282e-02
      vertex -4.000000e+01 -3.000000e-01  2.475426e-05
    endloop
  endfacet
  facet normal  -0.000000e+00  9.951928e-01  9.793520e-02
    outer loop
      vertex -1.504272e+01 -2.942404e-01 -5.850282e-02
      vertex -4.000000e+01 -3.000000e-01  2.475426e-05
      vertex -1.504272e+01 -3.000000e-01  2.475426e-05
    endloop
  endfacet
  facet normal  0.000000e+00 -8.372627e-01  5.468009e-01
    outer loop
      vertex -4.000000e+01 -2.632750e+00  1.438272e+00
      vertex -8.042720e+00 -2.632750e+00  1.438272e+00
      vertex -4.000000e+01 -2.375341e+00  1.832418e+00
    endloop
  endfacet
  facet normal  1.272870e-10 -8.372627e-01  5.468009e-01
    outer loop
      vertex -4.000000e+01 -2.375341e+00  1.832418e+00
      vertex -8.042720e+00 -2.632750e+00  1.438272e+00
      vertex -8.042720e+00 -2.375341e+00  1.832418e+00
    endloop
  endfacet
  facet normal -1.978176e-09 -7.414163e-01  6.710454e-01
    outer loop
      vertex -4.000000e+01 -2.375341e+00  1.832418e+00
      vertex -8.042720e+00 -2.375341e+00  1.832418e+00
      vertex -4.000000e+01 -2.059443e+00  2.181443e+00
    endloop
  endfacet
  facet normal  1.050006e-09 -7.414162e-01  6.710455e-01
    outer loop
      vertex -4.000000e+01 -2.059443e+00  2.181443e+00
      vertex -8.042720e+00 -2.375341e+00  1.832418e+00
      vertex -8.042720e+00 -2.059443e+00  2.181443e+00
    endloop
  endfacet
  facet normal -2.259842e-09 -6.273137e-01  7.787666e-01
    outer loop
      vertex -4.000000e+01 -2.059443e+00  2.181443e+00
      vertex -8.042720e+00 -2.059443e+00  2.181443e+00
      vertex -4.000000e+01 -1.692835e+00  2.476754e+00
    endloop
  endfacet
  facet normal  5.970412e-09 -6.273133e-01  7.787670e-01
    outer loop
      vertex -4.000000e+01 -1.692835e+00  2.476754e+00
      vertex -8.042720e+00 -2.059443e+00  2.181443e+00
      vertex -8.042720e+00 -1.692834e+00  2.476754e+00
    endloop
  endfacet
  facet normal -8.439117e-10 -4.977641e-01  8.673124e-01
    outer loop
      vertex -4.000000e+01 -1.692835e+00  2.476754e+00
      vertex -8.042720e+00 -1.692834e+00  2.476754e+00
      vertex -4.000000e+01 -1.284544e+00  2.711078e+00
    endloop
  endfacet
  facet normal  1.969430e-09 -4.977640e-01  8.673126e-01
    outer loop
      vertex -4.000000e+01 -1.284544e+00  2.711078e+00
      vertex -8.042720e+00 -1.692834e+00  2.476754e+00
      vertex -8.042720e+00 -1.284542e+00  2.711079e+00
    endloop
  endfacet
  facet normal -7.970225e-09 -3.559586e-01  9.345017e-01
    outer loop
      vertex -4.000000e+01 -1.284544e+00  2.711078e+00
      vertex -8.042720e+00 -1.284542e+00  2.711079e+00
      vertex -4.000000e+01 -8.446231e-01  2.878648e+00
    endloop
  endfacet
  facet normal  4.312888e-09 -3.559578e-01  9.345020e-01
    outer loop
      vertex -4.000000e+01 -8.446231e-01  2.878648e+00
      vertex -8.042720e+00 -1.284542e+00  2.711079e+00
      vertex -8.042720e+00 -8.446208e-01  2.878648e+00
    endloop
  endfacet
  facet normal -7.347561e-09 -2.053879e-01  9.786806e-01
    outer loop
      vertex -4.000000e+01 -8.446231e-01  2.878648e+00
      vertex -8.042720e+00 -8.446208e-01  2.878648e+00
      vertex -4.000000e+01 -3.839047e-01  2.975335e+00
    endloop
  endfacet
  facet normal  1.070299e-08 -2.053867e-01  9.786809e-01
    outer loop
      vertex -4.000000e+01 -3.839047e-01  2.975335e+00
      vertex -8.042720e+00 -8.446208e-01  2.878648e+00
      vertex -8.042720e+00 -3.839019e-01  2.975335e+00
    endloop
  endfacet
  facet normal -3.089293e-09 -4.975975e-02  9.987613e-01
    outer loop
      vertex -4.000000e+01 -3.839047e-01  2.975335e+00
      vertex -8.042720e+00 -3.839019e-01  2.975335e+00
      vertex -4.000000e+01  8.626673e-02  2.998760e+00
    endloop
  endfacet
  facet normal  1.255566e-08 -4.975868e-02  9.987612e-01
    outer loop
      vertex -4.000000e+01  8.626673e-02  2.998760e+00
      vertex -8.042720e+00 -3.839019e-01  2.975335e+00
      vertex -8.042720e+00  8.627000e-02  2.998759e+00
    endloop
  endfacet
  facet normal -3.568287e-09  1.070936e-01  9.942489e-01
    outer loop
      vertex -4.000000e+01  8.626673e-02  2.998760e+00
      vertex -8.042720e+00  8.627000e-02  2.998759e+00
      vertex -4.000000e+01  5.543140e-01  2.948345e+00
    endloop
  endfacet
  facet normal  9.868667e-09  1.070945e-01  9.942488e-01
    outer loop
      vertex -4.000000e+01  5.543140e-01  2.948345e+00
      vertex -8.042720e+00  8.627000e-02  2.998759e+00
      vertex -8.042720e+00  5.543177e-01  2.948344e+00
    endloop
  endfacet
  facet normal -8.613527e-09  2.613102e-01  9.652549e-01
    outer loop
      vertex -4.000000e+01  5.543140e-01  2.948345e+00
      vertex -8.042720e+00  5.543177e-01  2.948344e+00
      vertex -4.000000e+01  1.008712e+00  2.825332e+00
    endloop
  endfacet
  facet normal  3.839495e-09  2.613111e-01  9.652547e-01
    outer loop
      vertex -4.000000e+01  1.008712e+00  2.825332e+00
      vertex -8.042720e+00  5.543177e-01  2.948344e+00
      vertex -8.042720e+00  1.008716e+00  2.825330e+00
    endloop
  endfacet
  facet normal -1.632025e-08  4.090915e-01  9.124933e-01
    outer loop
      vertex -4.000000e+01  1.008712e+00  2.825332e+00
      vertex -8.042720e+00  1.008716e+00  2.825330e+00
      vertex -4.000000e+01  1.438272e+00  2.632750e+00
    endloop
  endfacet
  facet normal  1.466585e-08  4.090934e-01  9.124925e-01
    outer loop
      vertex -4.000000e+01  1.438272e+00  2.632750e+00
      vertex -8.042720e+00  1.008716e+00  2.825330e+00
      vertex -8.042720e+00  1.438277e+00  2.632748e+00
    endloop
  endfacet
  facet normal -8.925707e-09  5.468009e-01  8.372627e-01
    outer loop
      vertex -4.000000e+01  1.438272e+00  2.632750e+00
      vertex -8.042720e+00  1.438277e+00  2.632748e+00
      vertex -4.000000e+01  1.832418e+00  2.375341e+00
    endloop
  endfacet
  facet normal  5.352177e-09  5.468017e-01  8.372622e-01
    outer loop
      vertex -4.000000e+01  1.832418e+00  2.375341e+00
      vertex -8.042720e+00  1.438277e+00  2.632748e+00
      vertex -8.042720e+00  1.832421e+00  2.375339e+00
    endloop
  endfacet
  facet normal -1.477540e-08  6.710454e-01  7.414163e-01
    outer loop
      vertex -4.000000e+01  1.832418e+00  2.375341e+00
      vertex -8.042720e+00  1.832421e+00  2.375339e+00
      vertex -4.000000e+01  2.181443e+00  2.059443e+00
    endloop
  endfacet
  facet normal  5.774891e-09  6.710464e-01  7.414154e-01
    outer loop
      vertex -4.000000e+01  2.181443e+00  2.059443e+00
      vertex -8.042720e+00  1.832421e+00  2.375339e+00
      vertex -8.042720e+00  2.181446e+00  2.059441e+00
    endloop
  endfacet
  facet normal -1.242913e-08  7.787667e-01  6.273137e-01
    outer loop
      vertex -4.000000e+01  2.181443e+00  2.059443e+00
      vertex -8.042720e+00  2.181446e+00  2.059441e+00
      vertex -4.000000e+01  2.476754e+00  1.692835e+00
    endloop
  endfacet
  facet normal  1.315083e-08  7.787678e-01  6.273124e-01
    outer loop
      vertex -4.000000e+01  2.476754e+00  1.692835e+00
      vertex -8.042720e+00  2.181446e+00  2.059441e+00
      vertex -8.042720e+00  2.476755e+00  1.692833e+00
    endloop
  endfacet
  facet normal -2.588059e-09  8.673124e-01  4.977641e-01
    outer loop
      vertex -4.000000e+01  2.476754e+00  1.692835e+00
      vertex -8.042720e+00  2.476755e+00  1.692833e+00
      vertex -4.000000e+01  2.711078e+00  1.284544e+00
    endloop
  endfacet
  facet normal  8.496317e-09  8.673127e-01  4.977635e-01
    outer loop
      vertex -4.000000e+01  2.711078e+00  1.284544e+00
      vertex -8.042720e+00  2.476755e+00  1.692833e+00
      vertex -8.042720e+00  2.711080e+00  1.284541e+00
    endloop
  endfacet
  facet normal -5.647363e-09  9.345017e-01  3.559586e-01
    outer loop
      vertex -4.000000e+01  2.711078e+00  1.284544e+00
      vertex -8.042720e+00  2.711080e+00  1.284541e+00
      vertex -4.000000e+01  2.878648e+00  8.446231e-01
    endloop
  endfacet
  facet normal  4.312900e-09  9.345020e-01  3.559580e-01
    outer loop
      vertex -4.000000e+01  2.878648e+00  8.446231e-01
      vertex -8.042720e+00  2.711080e+00  1.284541e+00
      vertex -8.042720e+00  2.878648e+00  8.446208e-01
    endloop
  endfacet
  facet normal -7.347561e-09  9.786806e-01  2.053879e-01
    outer loop
      vertex -4.000000e+01  2.878648e+00  8.446231e-01
      vertex -8.042720e+00  2.878648e+00  8.446208e-01
      vertex -4.000000e+01  2.975335e+00  3.839047e-01
    endloop
  endfacet
  facet normal  4.765368e-09  9.786808e-01  2.053871e-01
    outer loop
      vertex -4.000000e+01  2.975335e+00  3.839047e-01
      vertex -8.042720e+00  2.878648e+00  8.446208e-01
      vertex -8.042720e+00  2.975335e+00  3.839028e-01
    endloop
  endfacet
  facet normal -4.527827e-09  9.987613e-01  4.975975e-02
    outer loop
      vertex -4.000000e+01  2.975335e+00  3.839047e-01
      vertex -8.042720e+00  2.975335e+00  3.839028e-01
      vertex -4.000000e+01  2.998760e+00 -8.626673e-02
    endloop
  endfacet
  facet normal  9.643861e-09  9.987613e-01  4.975878e-02
    outer loop
      vertex -4.000000e+01  2.998760e+00 -8.626673e-02
      vertex -8.042720e+00  2.975335e+00  3.839028e-01
      vertex -8.042720e+00  2.998759e+00 -8.626813e-02
    endloop
  endfacet
  facet normal  2.698682e-09  9.942490e-01 -1.070936e-01
    outer loop
      vertex -4.000000e+01  2.998760e+00 -8.626673e-02
      vertex -8.042720e+00  2.998759e+00 -8.626813e-02
      vertex -4.000000e+01  2.948345e+00 -5.543140e-01
    endloop
  endfacet
  facet normal  4.221727e-09  9.942489e-01 -1.070937e-01
    outer loop
      vertex -4.000000e+01  2.948345e+00 -5.543140e-01
      vertex -8.042720e+00  2.998759e+00 -8.626813e-02
      vertex -8.042720e+00  2.948344e+00 -5.543149e-01
    endloop
  endfacet
  facet normal -5.967401e-10  9.652549e-01 -2.613102e-01
    outer loop
      vertex -4.000000e+01  2.948345e+00 -5.543140e-01
      vertex -8.042720e+00  2.948344e+00 -5.543149e-01
      vertex -4.000000e+01  2.825332e+00 -1.008712e+00
    endloop
  endfacet
  facet normal -3.899029e-09  9.652550e-01 -2.613100e-01
    outer loop
      vertex -4.000000e+01  2.825332e+00 -1.008712e+00
      vertex -8.042720e+00  2.948344e+00 -5.543149e-01
      vertex -8.042720e+00  2.825332e+00 -1.008713e+00
    endloop
  endfacet
  facet normal -6.104088e-09  9.124933e-01 -4.090915e-01
    outer loop
      vertex -4.000000e+01  2.825332e+00 -1.008712e+00
      vertex -8.042720e+00  2.825332e+00 -1.008713e+00
      vertex -4.000000e+01  2.632750e+00 -1.438272e+00
    endloop
  endfacet
  facet normal  0.000000e+00  9.124932e-01 -4.090919e-01
    outer loop
      vertex -4.000000e+01  2.632750e+00 -1.438272e+00
      vertex -8.042720e+00  2.825332e+00 -1.008713e+00
      vertex -8.042720e+00  2.632750e+00 -1.438272e+00
    endloop
  endfacet
  facet normal  0.000000e+00  8.372627e-01 -5.468009e-01
    outer loop
      vertex -4.000000e+01  2.632750e+00 -1.438272e+00
      vertex -8.042720e+00  2.632750e+00 -1.438272e+00
      vertex -4.000000e+01  2.375341e+00 -1.832418e+00
    endloop
  endfacet
  facet normal  1.272870e-10  8.372627e-01 -5.468009e-01
    outer loop
      vertex -4.000000e+01  2.375341e+00 -1.832418e+00
      vertex -8.042720e+00  2.632750e+00 -1.438272e+00
      vertex -8.042720e+00  2.375341e+00 -1.832418e+00
    endloop
  endfacet
  facet normal -1.978176e-09  7.414163e-01 -6.710454e-01
    outer loop
      vertex -4.000000e+01  2.375341e+00 -1.832418e+00
      vertex -8.042720e+00  2.375341e+00 -1.832418e+00
      vertex -4.000000e+01  2.059443e+00 -2.181443e+00
    endloop
  endfacet
  facet normal  1.050006e-09  7.414162e-01 -6.710455e-01
    outer loop
      vertex -4.000000e+01  2.059443e+00 -2.181443e+00
      vertex -8.042720e+00  2.375341e+00 -1.832418e+00
      vertex -8.042720e+00  2.059443e+00 -2.181443e+00
    endloop
  endfacet
  facet normal -2.259842e-09  6.273137e-01 -7.787666e-01
    outer loop
      vertex -4.000000e+01  2.059443e+00 -2.181443e+00
      vertex -8.042720e+00  2.059443e+00 -2.181443e+00
      vertex -4.000000e+01  1.692835e+00 -2.476754e+00
    endloop
  endfacet
  facet normal  5.970412e-09  6.273133e-01 -7.787670e-01
    outer loop
      vertex -4.000000e+01  1.692835e+00 -2.476754e+00
      vertex -8.042720e+00  2.059443e+00 -2.181443e+00
      vertex -8.042720e+00  1.692834e+00 -2.476754e+00
    endloop
  endfacet
  facet normal -8.439117e-10  4.977641e-01 -8.673124e-01
    outer loop
      vertex -4.000000e+01  1.692835e+00 -2.476754e+00
      vertex -8.042720e+00  1.692834e+00 -2.476754e+00
      vertex -4.000000e+01  1.284544e+00 -2.711078e+00
    endloop
  endfacet
  facet normal  1.969430e-09  4.977640e-01 -8.673126e-01
    outer loop
      vertex -4.000000e+01  1.284544e+00 -2.711078e+00
      vertex -8.042720e+00  1.692834e+00 -2.476754e+00
      vertex -8.042720e+00  1.284542e+00 -2.711079e+00
    endloop
  endfacet
  facet normal -7.970225e-09  3.559586e-01 -9.345017e-01
    outer loop
      vertex -4.000000e+01  1.284544e+00 -2.711078e+00
      vertex -8.042720e+00  1.284542e+00 -2.711079e+00
      vertex -4.000000e+01  8.446231e-01 -2.878648e+00
    endloop
  endfacet
  facet normal  4.312888e-09  3.559578e-01 -9.345020e-01
    outer loop
      vertex -4.000000e+01  8.446231e-01 -2.878648e+00
      vertex -8.042720e+00  1.284542e+00 -2.711079e+00
      vertex -8.042720e+00  8.446208e-01 -2.878648e+00
    endloop
  endfacet
  facet normal -7.347561e-09  2.053879e-01 -9.786806e-01
    outer loop
      vertex -4.000000e+01  8.446231e-01 -2.878648e+00
      vertex -8.042720e+00  8.446208e-01 -2.878648e+00
      vertex -4.000000e+01  3.839047e-01 -2.975335e+00
    endloop
  endfacet
  facet normal  1.070299e-08  2.053867e-01 -9.786809e-01
    outer loop
      vertex -4.000000e+01  3.839047e-01 -2.975335e+00
      vertex -8.042720e+00  8.446208e-01 -2.878648e+00
      vertex -8.042720e+00  3.839019e-01 -2.975335e+00
    endloop
  endfacet
  facet normal -3.089293e-09  4.975975e-02 -9.987613e-01
    outer loop
      vertex -4.000000e+01  3.839047e-01 -2.975335e+00
      vertex -8.042720e+00  3.839019e-01 -2.975335e+00
      vertex -4.000000e+01 -8.626673e-02 -2.998760e+00
    endloop
  endfacet
  facet normal  1.255566e-08  4.975868e-02 -9.987612e-01
    outer loop
      vertex -4.000000e+01 -8.626673e-02 -2.998760e+00
      vertex -8.042720e+00  3.839019e-01 -2.975335e+00
      vertex -8.042720e+00 -8.627000e-02 -2.998759e+00
    endloop
  endfacet
  facet normal -3.568287e-09 -1.070936e-01 -9.942489e-01
    outer loop
      vertex -4.000000e+01 -8.626673e-02 -2.998760e+00
      vertex -8.042720e+00 -8.627000e-02 -2.998759e+00
      vertex -4.000000e+01 -5.543140e-01 -2.948345e+00
    endloop
  endfacet
  facet normal  9.868667e-09 -1.070945e-01 -9.942488e-01
    outer loop
      vertex -4.000000e+01 -5.543140e-01 -2.948345e+00
      vertex -8.042720e+00 -8.627000e-02 -2.998759e+00
      vertex -8.042720e+00 -5.543177e-01 -2.948344e+00
    endloop
  endfacet
  facet normal -8.613527e-09 -2.613102e-01 -9.652549e-01
    outer loop
      vertex -4.000000e+01 -5.543140e-01 -2.948345e+00
      vertex -8.042720e+00 -5.543177e-01 -2.948344e+00
      vertex -4.000000e+01 -1.008712e+00 -2.825332e+00
    endloop
  endfacet
  facet normal  3.839495e-09 -2.613111e-01 -9.652547e-01
    outer loop
      vertex -4.000000e+01 -1.008712e+00 -2.825332e+00
      vertex -8.042720e+00 -5.543177e-01 -2.948344e+00
      vertex -8.042720e+00 -1.008716e+00 -2.825330e+00
    endloop
  endfacet
  facet normal -1.632025e-08 -4.090915e-01 -9.124933e-01
    outer loop
      vertex -4.000000e+01 -1.008712e+00 -2.825332e+00
      vertex -8.042720e+00 -1.008716e+00 -2.825330e+00
      vertex -4.000000e+01 -1.438272e+00 -2.632750e+00
    endloop
  endfacet
  facet normal  1.466585e-08 -4.090934e-01 -9.124925e-01
    outer loop
      vertex -4.000000e+01 -1.438272e+00 -2.632750e+00
      vertex -8.042720e+00 -1.008716e+00 -2.825330e+00
      vertex -8.042720e+00 -1.438277e+00 -2.632748e+00
    endloop
  endfacet
  facet normal -8.925707e-09 -5.468009e-01 -8.372627e-01
    outer loop
      vertex -4.000000e+01 -1.438272e+00 -2.632750e+00
      vertex -8.042720e+00 -1.438277e+00 -2.632748e+00
      vertex -4.000000e+01 -1.832418e+00 -2.375341e+00
    endloop
  endfacet
  facet normal  5.352177e-09 -5.468017e-01 -8.372622e-01
    outer loop
      vertex -4.000000e+01 -1.832418e+00 -2.375341e+00
      vertex -8.042720e+00 -1.438277e+00 -2.632748e+00
      vertex -8.042720e+00 -1.832421e+00 -2.375339e+00
    endloop
  endfacet
  facet normal -1.477540e-08 -6.710454e-01 -7.414163e-01
    outer loop
      vertex -4.000000e+01 -1.832418e+00 -2.375341e+00
      vertex -8.042720e+00 -1.832421e+00 -2.375339e+00
      vertex -4.000000e+01 -2.181443e+00 -2.059443e+00
    endloop
  endfacet
  facet normal  5.774891e-09 -6.710464e-01 -7.414154e-01
    outer loop
      vertex -4.000000e+01 -2.181443e+00 -2.059443e+00
      vertex -8.042720e+00 -1.832421e+00 -2.375339e+00
      vertex -8.042720e+00 -2.181446e+00 -2.059441e+00
    endloop
  endfacet
  facet normal -1.242913e-08 -7.787667e-01 -6.273137e-01
    outer loop
      vertex -4.000000e+01 -2.181443e+00 -2.059443e+00
      vertex -8.042720e+00 -2.181446e+00 -2.059441e+00
      vertex -4.000000e+01 -2.476754e+00 -1.692835e+00
    endloop
  endfacet
  facet normal  1.315083e-08 -7.787678e-01 -6.273124e-01
    outer loop
      vertex -4.000000e+01 -2.476754e+00 -1.692835e+00
      vertex -8.042720e+00 -2.181446e+00 -2.059441e+00
      vertex -8.042720e+00 -2.476755e+00 -1.692833e+00
    endloop
  endfacet
  facet normal -2.588059e-09 -8.673124e-01 -4.977641e-01
    outer loop
      vertex -4.000000e+01 -2.476754e+00 -1.692835e+00
      vertex -8.042720e+00 -2.476755e+00 -1.692833e+00
      vertex -4.000000e+01 -2.711078e+00 -1.284544e+00
    endloop
  endfacet
  facet normal  8.496317e-09 -8.673127e-01 -4.977635e-01
    outer loop
      vertex -4.000000e+01 -2.711078e+00 -1.284544e+00
      vertex -8.042720e+00 -2.476755e+00 -1.692833e+00
      vertex -8.042720e+00 -2.711080e+00 -1.284541e+00
    endloop
  endfacet
  facet normal -5.647363e-09 -9.345017e-01 -3.559586e-01
    outer loop
      vertex -4.000000e+01 -2.711078e+00 -1.284544e+00
      vertex -8.042720e+00 -2.711080e+00 -1.284541e+00
      vertex -4.000000e+01 -2.878648e+00 -8.446231e-01
    endloop
  endfacet
  facet normal  4.312900e-09 -9.345020e-01 -3.559580e-01
    outer loop
      vertex -4.000000e+01 -2.878648e+00 -8.446231e-01
      vertex -8.042720e+00 -2.711080e+00 -1.284541e+00
      vertex -8.042720e+00 -2.878648e+00 -8.446208e-01
    endloop
  endfacet
  facet normal -7.347561e-09 -9.786806e-01 -2.053879e-01
    outer loop
      vertex -4.000000e+01 -2.878648e+00 -8.446231e-01
      vertex -8.042720e+00 -2.878648e+00 -8.446208e-01
      vertex -4.000000e+01 -2.975335e+00 -3.839047e-01
    endloop
  endfacet
  facet normal  4.765368e-09 -9.786808e-01 -2.053871e-01
    outer loop
      vertex -4.000000e+01 -2.975335e+00 -3.839047e-01
      vertex -8.042720e+00 -2.878648e+00 -8.446208e-01
      vertex -8.042720e+00 -2.975335e+00 -3.839028e-01
    endloop
  endfacet
  facet normal -4.527827e-09 -9.987613e-01 -4.975975e-02
    outer loop
      vertex -4.000000e+01 -2.975335e+00 -3.839047e-01
      vertex -8.042720e+00 -2.975335e+00 -3.839028e-01
      vertex -4.000000e+01 -2.998760e+00  8.626673e-02
    endloop
  endfacet
  facet normal  9.643861e-09 -9.987613e-01 -4.975878e-02
    outer loop
      vertex -4.000000e+01 -2.998760e+00  8.626673e-02
      vertex -8.042720e+00 -2.975335e+00 -3.839028e-01
      vertex -8.042720e+00 -2.998759e+00  8.626813e-02
    endloop
  endfacet
  facet normal  2.698682e-09 -9.942490e-01  1.070936e-01
    outer loop
      vertex -4.000000e+01 -2.998760e+00  8.626673e-02
      vertex -8.042720e+00 -2.998759e+00  8.626813e-02
      vertex -4.000000e+01 -2.948345e+00  5.543140e-01
    endloop
  endfacet
  facet normal  4.221727e-09 -9.942489e-01  1.070937e-01
    outer loop
      vertex -4.000000e+01 -2.948345e+00  5.543140e-01
      vertex -8.042720e+00 -2.998759e+00  8.626813e-02
      vertex -8.042720e+00 -2.948344e+00  5.543149e-01
    endloop
  endfacet
  facet normal -5.967401e-10 -9.652549e-01  2.613102e-01
    outer loop
      vertex -4.000000e+01 -2.948345e+00  5.543140e-01
      vertex -8.042720e+00 -2.948344e+00  5.543149e-01
      vertex -4.000000e+01 -2.825332e+00  1.008712e+00
    endloop
  endfacet
  facet normal -3.899029e-09 -9.652550e-01  2.613100e-01
    outer loop
      vertex -4.000000e+01 -2.825332e+00  1.008712e+00
      vertex -8.042720e+00 -2.948344e+00  5.543149e-01
      vertex -8.042720e+00 -2.825332e+00  1.008713e+00
    endloop
  endfacet
  facet normal -6.104088e-09 -9.124933e-01  4.090915e-01
    outer loop
      vertex -4.000000e+01 -2.825332e+00  1.008712e+00
      vertex -8.042720e+00 -2.825332e+00  1.008713e+00
      vertex -4.000000e+01 -2.632750e+00  1.438272e+00
    endloop
  endfacet
  facet normal  0.000000e+00 -9.124932e-01  4.090919e-01
    outer loop
      vertex -4.000000e+01 -2.632750e+00  1.438272e+00
      vertex -8.042720e+00 -2.825332e+00  1.008713e+00
      vertex -8.042720e+00 -2.632750e+00  1.438272e+00
    endloop
  endfacet
  facet normal  4.674951e-05 -3.942159e-01 -9.190180e-01
    outer loop
      vertex -4.000000e+01 -1.423490e+00  2.672630e-01
      vertex -1.895548e+01 -1.442080e+00  2.763078e-01
      vertex -4.000000e+01 -1.465480e+00  2.852747e-01
    endloop
  endfacet
  facet normal  4.215408e-05 -6.767645e-01 -7.361994e-01
    outer loop
      vertex -4.000000e+01 -1.352147e+00  2.121027e-01
      vertex -1.800000e+01 -1.364913e+00  2.250972e-01
      vertex -4.000000e+01 -1.385400e+00  2.426705e-01
    endloop
  endfacet
  facet normal -4.784442e-05 -7.526703e-01 -6.583976e-01
    outer loop
      vertex -1.800000e+01 -1.332788e+00  1.883720e-01
      vertex -1.800000e+01 -1.364913e+00  2.250972e-01
      vertex -4.000000e+01 -1.352147e+00  2.121027e-01
    endloop
  endfacet
  facet normal  1.848411e-05 -7.831791e-01 -6.217962e-01
    outer loop
      vertex -4.000000e+01 -1.328727e+00  1.826041e-01
      vertex -1.800000e+01 -1.332788e+00  1.883720e-01
      vertex -4.000000e+01 -1.352147e+00  2.121027e-01
    endloop
  endfacet
  facet normal -4.069508e-05 -4.743782e-01 -8.803211e-01
    outer loop
      vertex -1.800000e+01 -1.403274e+00  2.553525e-01
      vertex -1.895548e+01 -1.442080e+00  2.763078e-01
      vertex -4.000000e+01 -1.423490e+00  2.672630e-01
    endloop
  endfacet
  facet normal  4.358760e-05 -5.424111e-01 -8.401132e-01
    outer loop
      vertex -1.800000e+01 -1.403274e+00  2.553525e-01
      vertex -4.000000e+01 -1.423490e+00  2.672630e-01
      vertex -4.000000e+01 -1.385400e+00  2.426705e-01
    endloop
  endfacet
  facet normal -5.051893e-05 -6.192641e-01 -7.851827e-01
    outer loop
      vertex -1.800000e+01 -1.403274e+00  2.553525e-01
      vertex -4.000000e+01 -1.385400e+00  2.426705e-01
      vertex -1.800000e+01 -1.364913e+00  2.250972e-01
    endloop
  endfacet
  facet normal -3.679067e-05  8.068677e-01 -5.907324e-01
    outer loop
      vertex -2.186223e+01 -1.806465e+00  1.804975e-01
      vertex -2.189738e+01 -1.832195e+00  1.453561e-01
      vertex -4.000000e+01 -1.817434e+00  1.666448e-01
    endloop
  endfacet
  facet normal  1.458942e-04  8.755973e-01 -4.830418e-01
    outer loop
      vertex -4.000000e+01 -1.817434e+00  1.666448e-01
      vertex -2.189738e+01 -1.832195e+00  1.453561e-01
      vertex -2.193418e+01 -1.852490e+00  1.085574e-01
    endloop
  endfacet
  facet normal -3.857416e-05  8.508185e-01 -5.254598e-01
    outer loop
      vertex -4.000000e+01 -1.817434e+00  1.666448e-01
      vertex -2.193418e+01 -1.852490e+00  1.085574e-01
      vertex -4.000000e+01 -1.849461e+00  1.147868e-01
    endloop
  endfacet
  facet normal  3.837233e-05  9.386091e-01 -3.449827e-01
    outer loop
      vertex -4.000000e+01 -1.849461e+00  1.147868e-01
      vertex -2.193418e+01 -1.852490e+00  1.085574e-01
      vertex -2.198786e+01 -1.872222e+00  5.486480e-02
    endloop
  endfacet
  facet normal -2.044139e-05  9.327794e-01 -3.604475e-01
    outer loop
      vertex -4.000000e+01 -1.849461e+00  1.147868e-01
      vertex -2.198786e+01 -1.872222e+00  5.486480e-02
      vertex -4.000000e+01 -1.871205e+00  5.851774e-02
    endloop
  endfacet
  facet normal  2.057739e-05  9.849713e-01 -1.727182e-01
    outer loop
      vertex -4.000000e+01 -1.871205e+00  5.851774e-02
      vertex -2.198786e+01 -1.872222e+00  5.486480e-02
      vertex -2.204272e+01 -1.881842e+00  0.000000e+00
    endloop
  endfacet
  facet normal  6.401061e-07  9.839138e-01 -1.786442e-01
    outer loop
      vertex -4.000000e+01 -1.871205e+00  5.851774e-02
      vertex -2.204272e+01 -1.881842e+00  0.000000e+00
      vertex -4.000000e+01 -1.881830e+00  1.083208e-10
    endloop
  endfacet
  facet normal -1.354133e-06  5.732863e-01 -8.193551e-01
    outer loop
      vertex -2.179280e+01 -1.726978e+00  2.499479e-01
      vertex -2.181169e+01 -1.754010e+00  2.310340e-01
      vertex -4.000000e+01 -1.727801e+00  2.494020e-01
    endloop
  endfacet
  facet normal  1.802853e-04  6.547993e-01 -7.558028e-01
    outer loop
      vertex -4.000000e+01 -1.727801e+00  2.494020e-01
      vertex -2.181169e+01 -1.754010e+00  2.310340e-01
      vertex -2.183601e+01 -1.782074e+00  2.067143e-01
    endloop
  endfacet
  facet normal -4.322252e-05  6.092414e-01 -7.929848e-01
    outer loop
      vertex -4.000000e+01 -1.727801e+00  2.494020e-01
      vertex -2.183601e+01 -1.782074e+00  2.067143e-01
      vertex -4.000000e+01 -1.776355e+00  2.120987e-01
    endloop
  endfacet
  facet normal  2.861992e-05  7.321283e-01 -6.811668e-01
    outer loop
      vertex -4.000000e+01 -1.776355e+00  2.120987e-01
      vertex -2.183601e+01 -1.782074e+00  2.067143e-01
      vertex -2.186223e+01 -1.806465e+00  1.804975e-01
    endloop
  endfacet
  facet normal  6.342369e-05  7.419044e-01 -6.705058e-01
    outer loop
      vertex -4.000000e+01 -1.776355e+00  2.120987e-01
      vertex -2.186223e+01 -1.806465e+00  1.804975e-01
      vertex -4.000000e+01 -1.817434e+00  1.666448e-01
    endloop
  endfacet
  facet normal -6.653862e-08  4.059984e-01 -9.138738e-01
    outer loop
      vertex -2.176537e+01 -1.672846e+00  2.774723e-01
      vertex -2.177594e+01 -1.696696e+00  2.668763e-01
      vertex -4.000000e+01 -1.673639e+00  2.771210e-01
    endloop
  endfacet
  facet normal  1.266060e-04  4.879105e-01 -8.728937e-01
    outer loop
      vertex -4.000000e+01 -1.673639e+00  2.771210e-01
      vertex -2.177594e+01 -1.696696e+00  2.668763e-01
      vertex -2.179280e+01 -1.726978e+00  2.499479e-01
    endloop
  endfacet
  facet normal  6.090776e-06  4.555852e-01 -8.901922e-01
    outer loop
      vertex -4.000000e+01 -1.673639e+00  2.771210e-01
      vertex -2.179280e+01 -1.726978e+00  2.499479e-01
      vertex -4.000000e+01 -1.727801e+00  2.494020e-01
    endloop
  endfacet
  facet normal  4.012011e-06  2.436021e-01 -9.698753e-01
    outer loop
      vertex -2.174865e+01 -1.616648e+00  2.940909e-01
      vertex -2.175652e+01 -1.647711e+00  2.862888e-01
      vertex -4.000000e+01 -1.615951e+00  2.941905e-01
    endloop
  endfacet
  facet normal  1.674361e-04  3.309499e-01 -9.436483e-01
    outer loop
      vertex -4.000000e+01 -1.615951e+00  2.941905e-01
      vertex -2.175652e+01 -1.647711e+00  2.862888e-01
      vertex -2.176537e+01 -1.672846e+00  2.774723e-01
    endloop
  endfacet
  facet normal  6.122795e-06  2.837320e-01 -9.589037e-01
    outer loop
      vertex -4.000000e+01 -1.615951e+00  2.941905e-01
      vertex -2.176537e+01 -1.672846e+00  2.774723e-01
      vertex -4.000000e+01 -1.673639e+00  2.771210e-01
    endloop
  endfacet
  facet normal -2.938103e-05 -3.346820e-01 -9.423311e-01
    outer loop
      vertex -1.895548e+01 -1.442080e+00  2.763078e-01
      vertex -1.987138e+01 -1.479529e+00  2.896369e-01
      vertex -4.000000e+01 -1.465480e+00  2.852747e-01
    endloop
  endfacet
  facet normal  7.148618e-05 -2.016917e-01 -9.794490e-01
    outer loop
      vertex -4.000000e+01 -1.465480e+00  2.852747e-01
      vertex -1.987138e+01 -1.479529e+00  2.896369e-01
      vertex -2.078739e+01 -1.517300e+00  2.973480e-01
    endloop
  endfacet
  facet normal -3.134334e-05 -2.379145e-01 -9.712861e-01
    outer loop
      vertex -4.000000e+01 -1.465480e+00  2.852747e-01
      vertex -2.078739e+01 -1.517300e+00  2.973480e-01
      vertex -4.000000e+01 -1.510336e+00  2.962621e-01
    endloop
  endfacet
  facet normal  3.192287e-05 -6.750241e-02 -9.977191e-01
    outer loop
      vertex -4.000000e+01 -1.510336e+00  2.962621e-01
      vertex -2.078739e+01 -1.517300e+00  2.973480e-01
      vertex -2.174326e+01 -1.556950e+00  3.000000e-01
    endloop
  endfacet
  facet normal  2.493497e-06 -7.896106e-02 -9.968777e-01
    outer loop
      vertex -4.000000e+01 -1.510336e+00  2.962621e-01
      vertex -2.174326e+01 -1.556950e+00  3.000000e-01
      vertex -4.000000e+01 -1.556953e+00  2.999546e-01
    endloop
  endfacet
  facet normal  2.482222e-06  3.670499e-02 -9.993262e-01
    outer loop
      vertex -4.000000e+01 -1.556953e+00  2.999546e-01
      vertex -2.174326e+01 -1.556950e+00  3.000000e-01
      vertex -2.174353e+01 -1.579003e+00  2.991900e-01
    endloop
  endfacet
  facet normal  1.720548e-05  4.887707e-02 -9.988048e-01
    outer loop
      vertex -4.000000e+01 -1.556953e+00  2.999546e-01
      vertex -2.174353e+01 -1.579003e+00  2.991900e-01
      vertex -4.000000e+01 -1.586474e+00  2.985099e-01
    endloop
  endfacet
  facet normal -1.801546e-05  1.342286e-01 -9.909504e-01
    outer loop
      vertex -4.000000e+01 -1.586474e+00  2.985099e-01
      vertex -2.174353e+01 -1.579003e+00  2.991900e-01
      vertex -2.174865e+01 -1.616648e+00  2.940909e-01
    endloop
  endfacet
  facet normal  1.378723e-07  1.449868e-01 -9.894336e-01
    outer loop
      vertex -4.000000e+01 -1.586474e+00  2.985099e-01
      vertex -2.174865e+01 -1.616648e+00  2.940909e-01
      vertex -4.000000e+01 -1.615951e+00  2.941905e-01
    endloop
  endfacet
  facet normal  1.650834e-05 -9.641961e-01 -2.651905e-01
    outer loop
      vertex -4.000000e+01 -1.287626e+00  8.722500e-02
      vertex -1.800000e+01 -1.290733e+00  9.988967e-02
      vertex -4.000000e+01 -1.295208e+00  1.147919e-01
    endloop
  endfacet
  facet normal -4.349422e-05 -9.382429e-01 -3.459773e-01
    outer loop
      vertex -4.000000e+01 -1.295208e+00  1.147919e-01
      vertex -1.800000e+01 -1.290733e+00  9.988967e-02
      vertex -1.800000e+01 -1.307822e+00  1.462324e-01
    endloop
  endfacet
  facet normal  1.177210e-05 -9.252223e-01 -3.794255e-01
    outer loop
      vertex -4.000000e+01 -1.295208e+00  1.147919e-01
      vertex -1.800000e+01 -1.307822e+00  1.462324e-01
      vertex -4.000000e+01 -1.309639e+00  1.499811e-01
    endloop
  endfacet
  facet normal -1.578828e-05 -8.603418e-01 -5.097175e-01
    outer loop
      vertex -4.000000e+01 -1.309639e+00  1.499811e-01
      vertex -1.800000e+01 -1.307822e+00  1.462324e-01
      vertex -1.800000e+01 -1.332788e+00  1.883720e-01
    endloop
  endfacet
  facet normal -2.688069e-05 -8.631039e-01 -5.050265e-01
    outer loop
      vertex -4.000000e+01 -1.309639e+00  1.499811e-01
      vertex -1.800000e+01 -1.332788e+00  1.883720e-01
      vertex -4.000000e+01 -1.328727e+00  1.826041e-01
    endloop
  endfacet
  facet normal  1.350179e-05 -9.978253e-01 -6.591529e-02
    outer loop
      vertex -4.000000e+01 -1.280915e+00  2.956005e-02
      vertex -1.800000e+01 -1.282012e+00  5.067587e-02
      vertex -4.000000e+01 -1.282848e+00  5.882688e-02
    endloop
  endfacet
  facet normal -2.722215e-05 -9.846605e-01 -1.744809e-01
    outer loop
      vertex -4.000000e+01 -1.282848e+00  5.882688e-02
      vertex -1.800000e+01 -1.282012e+00  5.067587e-02
      vertex -1.800000e+01 -1.290733e+00  9.988967e-02
    endloop
  endfacet
  facet normal -4.373966e-05 -9.861401e-01 -1.659155e-01
    outer loop
      vertex -4.000000e+01 -1.282848e+00  5.882688e-02
      vertex -1.800000e+01 -1.290733e+00  9.988967e-02
      vertex -4.000000e+01 -1.287626e+00  8.722500e-02
    endloop
  endfacet
  facet normal  0.000000e+00 -9.994332e-01  3.366502e-02
    outer loop
      vertex -4.000000e+01 -1.281910e+00  5.559493e-06
      vertex -1.800000e+01 -1.281910e+00  5.559493e-06
      vertex -4.000000e+01 -1.280915e+00  2.956005e-02
    endloop
  endfacet
  facet normal -4.794659e-05 -9.999979e-01 -2.006803e-03
    outer loop
      vertex -4.000000e+01 -1.280915e+00  2.956005e-02
      vertex -1.800000e+01 -1.281910e+00  5.559493e-06
      vertex -1.800000e+01 -1.282012e+00  5.067587e-02
    endloop
  endfacet
  facet normal  3.076754e-05 -8.508194e-01  5.254583e-01
    outer loop
      vertex -4.000000e+01 -1.346306e+00 -1.666392e-01
      vertex -1.800000e+01 -1.341191e+00 -1.596457e-01
      vertex -4.000000e+01 -1.314279e+00 -1.147812e-01
    endloop
  endfacet
  facet normal -2.894372e-05 -7.616003e-01  6.480471e-01
    outer loop
      vertex -1.800000e+01 -1.379010e+00 -2.040914e-01
      vertex -1.800000e+01 -1.341191e+00 -1.596457e-01
      vertex -4.000000e+01 -1.346306e+00 -1.666392e-01
    endloop
  endfacet
  facet normal  3.857166e-05 -7.419034e-01  6.705068e-01
    outer loop
      vertex -4.000000e+01 -1.387385e+00 -2.120932e-01
      vertex -1.800000e+01 -1.379010e+00 -2.040914e-01
      vertex -4.000000e+01 -1.346306e+00 -1.666392e-01
    endloop
  endfacet
  facet normal  6.454508e-05 -4.555850e-01  8.901922e-01
    outer loop
      vertex -4.000000e+01 -1.490101e+00 -2.771155e-01
      vertex -1.891333e+01 -1.462884e+00 -2.647155e-01
      vertex -4.000000e+01 -1.435939e+00 -2.493965e-01
    endloop
  endfacet
  facet normal -3.067249e-05 -3.948264e-01  9.187558e-01
    outer loop
      vertex -4.000000e+01 -1.490101e+00 -2.771155e-01
      vertex -1.982686e+01 -1.501643e+00 -2.814023e-01
      vertex -1.891333e+01 -1.462884e+00 -2.647155e-01
    endloop
  endfacet
  facet normal -1.496876e-05  5.092259e-01  8.606330e-01
    outer loop
      vertex -2.229450e+01 -1.765861e+00 -2.517958e-01
      vertex -2.231257e+01 -1.735354e+00 -2.698467e-01
      vertex -4.000000e+01 -1.740250e+00 -2.672575e-01
    endloop
  endfacet
  facet normal  5.095406e-05  5.424116e-01  8.401129e-01
    outer loop
      vertex -4.000000e+01 -1.778340e+00 -2.426649e-01
      vertex -2.229450e+01 -1.765861e+00 -2.517958e-01
      vertex -4.000000e+01 -1.740250e+00 -2.672575e-01
    endloop
  endfacet
  facet normal -2.863564e-05  6.166475e-01  7.872394e-01
    outer loop
      vertex -4.000000e+01 -1.778340e+00 -2.426649e-01
      vertex -2.227340e+01 -1.792754e+00 -2.307302e-01
      vertex -2.229450e+01 -1.765861e+00 -2.517958e-01
    endloop
  endfacet
  facet normal  5.460791e-05  6.767644e-01  7.361997e-01
    outer loop
      vertex -2.227340e+01 -1.792754e+00 -2.307302e-01
      vertex -4.000000e+01 -1.778340e+00 -2.426649e-01
      vertex -4.000000e+01 -1.811593e+00 -2.120971e-01
    endloop
  endfacet
  facet normal -4.695016e-05  7.251926e-01  6.885460e-01
    outer loop
      vertex -4.000000e+01 -1.811593e+00 -2.120971e-01
      vertex -2.224168e+01 -1.822851e+00 -1.990292e-01
      vertex -2.227340e+01 -1.792754e+00 -2.307302e-01
    endloop
  endfacet
  facet normal  3.893253e-05  7.831806e-01  6.217942e-01
    outer loop
      vertex -2.224168e+01 -1.822851e+00 -1.990292e-01
      vertex -4.000000e+01 -1.811593e+00 -2.120971e-01
      vertex -4.000000e+01 -1.835013e+00 -1.825985e-01
    endloop
  endfacet
  facet normal -4.420906e-05  8.260183e-01  5.636432e-01
    outer loop
      vertex -4.000000e+01 -1.835013e+00 -1.825985e-01
      vertex -2.220737e+01 -1.846291e+00 -1.646747e-01
      vertex -2.224168e+01 -1.822851e+00 -1.990292e-01
    endloop
  endfacet
  facet normal  3.834751e-05  8.631038e-01  5.050264e-01
    outer loop
      vertex -2.220737e+01 -1.846291e+00 -1.646747e-01
      vertex -4.000000e+01 -1.835013e+00 -1.825985e-01
      vertex -4.000000e+01 -1.854101e+00 -1.499755e-01
    endloop
  endfacet
  facet normal -3.840875e-05  9.015998e-01  4.325712e-01
    outer loop
      vertex -4.000000e+01 -1.854101e+00 -1.499755e-01
      vertex -2.217164e+01 -1.863445e+00 -1.289168e-01
      vertex -2.220737e+01 -1.846291e+00 -1.646747e-01
    endloop
  endfacet
  facet normal -3.633357e-05 -6.392483e-01  7.690004e-01
    outer loop
      vertex -1.800000e+01 -1.423908e+00 -2.414143e-01
      vertex -1.800000e+01 -1.379010e+00 -2.040914e-01
      vertex -4.000000e+01 -1.387385e+00 -2.120932e-01
    endloop
  endfacet
  facet normal  4.544541e-05 -6.092423e-01  7.929841e-01
    outer loop
      vertex -1.800000e+01 -1.423908e+00 -2.414143e-01
      vertex -4.000000e+01 -1.387385e+00 -2.120932e-01
      vertex -4.000000e+01 -1.435939e+00 -2.493965e-01
    endloop
  endfacet
  facet normal -3.122685e-05 -5.125913e-01  8.586327e-01
    outer loop
      vertex -1.800000e+01 -1.423908e+00 -2.414143e-01
      vertex -4.000000e+01 -1.435939e+00 -2.493965e-01
      vertex -1.891333e+01 -1.462884e+00 -2.647155e-01
    endloop
  endfacet
  facet normal -2.052903e-05 -8.619553e-01  5.069842e-01
    outer loop
      vertex -1.800000e+01 -1.341191e+00 -1.596457e-01
      vertex -1.800000e+01 -1.311772e+00 -1.096283e-01
      vertex -4.000000e+01 -1.314279e+00 -1.147812e-01
    endloop
  endfacet
  facet normal  2.529067e-05 -9.374604e-01  3.480921e-01
    outer loop
      vertex -4.000000e+01 -1.314279e+00 -1.147812e-01
      vertex -1.800000e+01 -1.311772e+00 -1.096283e-01
      vertex -1.800000e+01 -1.291779e+00 -5.578488e-02
    endloop
  endfacet
  facet normal -1.263460e-05 -9.327789e-01  3.604492e-01
    outer loop
      vertex -4.000000e+01 -1.314279e+00 -1.147812e-01
      vertex -1.800000e+01 -1.291779e+00 -5.578488e-02
      vertex -4.000000e+01 -1.292535e+00 -5.851218e-02
    endloop
  endfacet
  facet normal  1.224064e-05 -9.847129e-01  1.741854e-01
    outer loop
      vertex -4.000000e+01 -1.292535e+00 -5.851218e-02
      vertex -1.800000e+01 -1.291779e+00 -5.578488e-02
      vertex -1.800000e+01 -1.281910e+00  5.559493e-06
    endloop
  endfacet
  facet normal  0.000000e+00 -9.839141e-01  1.786422e-01
    outer loop
      vertex -4.000000e+01 -1.292535e+00 -5.851218e-02
      vertex -1.800000e+01 -1.281910e+00  5.559493e-06
      vertex -4.000000e+01 -1.281910e+00  5.559493e-06
    endloop
  endfacet
  facet normal  1.163127e-05  1.187938e-01  9.929188e-01
    outer loop
      vertex -2.234064e+01 -1.648954e+00 -2.969958e-01
      vertex -2.234212e+01 -1.635021e+00 -2.986628e-01
      vertex -4.000000e+01 -1.653404e+00 -2.962565e-01
    endloop
  endfacet
  facet normal  8.685736e-05  4.731627e-02  9.988800e-01
    outer loop
      vertex -4.000000e+01 -1.653404e+00 -2.962565e-01
      vertex -2.234212e+01 -1.635021e+00 -2.986628e-01
      vertex -2.234287e+01 -1.606790e+00 -3.000000e-01
    endloop
  endfacet
  facet normal  2.892812e-06  7.896043e-02  9.968778e-01
    outer loop
      vertex -4.000000e+01 -1.653404e+00 -2.962565e-01
      vertex -2.234287e+01 -1.606790e+00 -3.000000e-01
      vertex -4.000000e+01 -1.606787e+00 -2.999490e-01
    endloop
  endfacet
  facet normal  2.878524e-06 -4.889576e-02  9.988040e-01
    outer loop
      vertex -4.000000e+01 -1.606787e+00 -2.999490e-01
      vertex -2.234287e+01 -1.606790e+00 -3.000000e-01
      vertex -2.165421e+01 -1.578381e+00 -2.986113e-01
    endloop
  endfacet
  facet normal  2.847973e-06 -4.887607e-02  9.988047e-01
    outer loop
      vertex -4.000000e+01 -1.606787e+00 -2.999490e-01
      vertex -2.165421e+01 -1.578381e+00 -2.986113e-01
      vertex -4.000000e+01 -1.577266e+00 -2.985044e-01
    endloop
  endfacet
  facet normal -3.751354e-06 -1.563974e-01  9.876942e-01
    outer loop
      vertex -4.000000e+01 -1.577266e+00 -2.985044e-01
      vertex -2.165421e+01 -1.578381e+00 -2.986113e-01
      vertex -2.074051e+01 -1.540076e+00 -2.925424e-01
    endloop
  endfacet
  facet normal -2.632023e-05 -1.449884e-01  9.894334e-01
    outer loop
      vertex -4.000000e+01 -1.577266e+00 -2.985044e-01
      vertex -2.074051e+01 -1.540076e+00 -2.925424e-01
      vertex -4.000000e+01 -1.547789e+00 -2.941850e-01
    endloop
  endfacet
  facet normal  2.985458e-05 -2.790534e-01  9.602757e-01
    outer loop
      vertex -4.000000e+01 -1.547789e+00 -2.941850e-01
      vertex -2.074051e+01 -1.540076e+00 -2.925424e-01
      vertex -1.982686e+01 -1.501643e+00 -2.814023e-01
    endloop
  endfacet
  facet normal  4.142475e-05 -2.837314e-01  9.589038e-01
    outer loop
      vertex -4.000000e+01 -1.547789e+00 -2.941850e-01
      vertex -1.982686e+01 -1.501643e+00 -2.814023e-01
      vertex -4.000000e+01 -1.490101e+00 -2.771155e-01
    endloop
  endfacet
  facet normal  3.040032e-05  2.503188e-01  9.681635e-01
    outer loop
      vertex -2.233079e+01 -1.689321e+00 -2.881352e-01
      vertex -2.233666e+01 -1.669452e+00 -2.932720e-01
      vertex -4.000000e+01 -1.698260e+00 -2.852692e-01
    endloop
  endfacet
  facet normal  1.542232e-04  1.787666e-01  9.838915e-01
    outer loop
      vertex -4.000000e+01 -1.698260e+00 -2.852692e-01
      vertex -2.233666e+01 -1.669452e+00 -2.932720e-01
      vertex -2.234064e+01 -1.648954e+00 -2.969958e-01
    endloop
  endfacet
  facet normal -1.929406e-05  2.379151e-01  9.712859e-01
    outer loop
      vertex -4.000000e+01 -1.698260e+00 -2.852692e-01
      vertex -2.234064e+01 -1.648954e+00 -2.969958e-01
      vertex -4.000000e+01 -1.653404e+00 -2.962565e-01
    endloop
  endfacet
  facet normal -1.266608e-05  3.279229e-01  9.447045e-01
    outer loop
      vertex -2.233079e+01 -1.689321e+00 -2.881352e-01
      vertex -4.000000e+01 -1.698260e+00 -2.852692e-01
      vertex -2.232254e+01 -1.713223e+00 -2.798383e-01
    endloop
  endfacet
  facet normal  5.133644e-05  3.942143e-01  9.190184e-01
    outer loop
      vertex -2.232254e+01 -1.713223e+00 -2.798383e-01
      vertex -4.000000e+01 -1.698260e+00 -2.852692e-01
      vertex -4.000000e+01 -1.740250e+00 -2.672575e-01
    endloop
  endfacet
  facet normal  1.952012e-05  4.114854e-01  9.114164e-01
    outer loop
      vertex -2.232254e+01 -1.713223e+00 -2.798383e-01
      vertex -4.000000e+01 -1.740250e+00 -2.672575e-01
      vertex -2.231257e+01 -1.735354e+00 -2.698467e-01
    endloop
  endfacet
  facet normal  2.004759e-05  9.641961e-01  2.651905e-01
    outer loop
      vertex -4.000000e+01 -1.876114e+00 -8.721944e-02
      vertex -2.214008e+01 -1.873695e+00 -9.736603e-02
      vertex -4.000000e+01 -1.868532e+00 -1.147864e-01
    endloop
  endfacet
  facet normal -2.645966e-05  9.510683e-01  3.089808e-01
    outer loop
      vertex -4.000000e+01 -1.868532e+00 -1.147864e-01
      vertex -2.214008e+01 -1.873695e+00 -9.736603e-02
      vertex -2.217164e+01 -1.863445e+00 -1.289168e-01
    endloop
  endfacet
  facet normal  3.674760e-05  9.252223e-01  3.794254e-01
    outer loop
      vertex -4.000000e+01 -1.868532e+00 -1.147864e-01
      vertex -2.217164e+01 -1.863445e+00 -1.289168e-01
      vertex -4.000000e+01 -1.854101e+00 -1.499755e-01
    endloop
  endfacet
  facet normal -3.932518e-05  9.861400e-01  1.659155e-01
    outer loop
      vertex -4.000000e+01 -1.880892e+00 -5.882132e-02
      vertex -2.214008e+01 -1.873695e+00 -9.736603e-02
      vertex -4.000000e+01 -1.876114e+00 -8.721944e-02
    endloop
  endfacet
  facet normal  2.535139e-05  9.808248e-01  1.948913e-01
    outer loop
      vertex -2.214008e+01 -1.873695e+00 -9.736603e-02
      vertex -4.000000e+01 -1.880892e+00 -5.882132e-02
      vertex -2.210786e+01 -1.880097e+00 -6.514854e-02
    endloop
  endfacet
  facet normal -2.101369e-05  9.978252e-01  6.591527e-02
    outer loop
      vertex -2.210786e+01 -1.880097e+00 -6.514854e-02
      vertex -4.000000e+01 -1.880892e+00 -5.882132e-02
      vertex -4.000000e+01 -1.882825e+00 -2.955449e-02
    endloop
  endfacet
  facet normal  1.108600e-05  9.966356e-01  8.195972e-02
    outer loop
      vertex -2.210786e+01 -1.880097e+00 -6.514854e-02
      vertex -4.000000e+01 -1.882825e+00 -2.955449e-02
      vertex -2.207531e+01 -1.882775e+00 -3.259219e-02
    endloop
  endfacet
  facet normal -8.516128e-06  9.994332e-01 -3.366099e-02
    outer loop
      vertex -2.207531e+01 -1.882775e+00 -3.259219e-02
      vertex -4.000000e+01 -1.882825e+00 -2.955449e-02
      vertex -4.000000e+01 -1.881830e+00  1.083208e-10
    endloop
  endfacet
  facet normal  6.503057e-07  9.995903e-01 -2.862429e-02
    outer loop
      vertex -2.207531e+01 -1.882775e+00 -3.259219e-02
      vertex -4.000000e+01 -1.881830e+00  1.083208e-10
      vertex -2.204272e+01 -1.881842e+00  0.000000e+00
    endloop
  endfacet
  facet normal  8.462500e-05  8.950652e-01  4.459354e-01
    outer loop
      vertex -4.000000e+01 -2.770989e-01 -1.704999e+00
      vertex -2.376737e+01 -2.688409e-01 -1.724655e+00
      vertex -4.000000e+01 -2.493824e-01 -1.760631e+00
    endloop
  endfacet
  facet normal -7.391989e-05  9.422765e-01  3.348357e-01
    outer loop
      vertex -2.370990e+01 -2.892569e-01 -1.667189e+00
      vertex -2.376737e+01 -2.688409e-01 -1.724655e+00
      vertex -4.000000e+01 -2.770989e-01 -1.704999e+00
    endloop
  endfacet
  facet normal  8.667276e-05  9.622753e-01  2.720777e-01
    outer loop
      vertex -4.000000e+01 -2.941666e-01 -1.644635e+00
      vertex -2.370990e+01 -2.892569e-01 -1.667189e+00
      vertex -4.000000e+01 -2.770989e-01 -1.704999e+00
    endloop
  endfacet
  facet normal -7.258387e-05  9.867294e-01  1.623736e-01
    outer loop
      vertex -2.370990e+01 -2.892569e-01 -1.667189e+00
      vertex -4.000000e+01 -2.941666e-01 -1.644635e+00
      vertex -2.365055e+01 -2.990195e-01 -1.607836e+00
    endloop
  endfacet
  facet normal  8.245942e-05  9.622775e-01 -2.720696e-01
    outer loop
      vertex -4.000000e+01 -2.770989e-01 -1.458712e+00
      vertex -2.081212e+01 -2.856035e-01 -1.482977e+00
      vertex -4.000000e+01 -2.941666e-01 -1.519079e+00
    endloop
  endfacet
  facet normal -4.274279e-05  9.326805e-01 -3.607035e-01
    outer loop
      vertex -1.944548e+01 -2.670562e-01 -1.435180e+00
      vertex -2.081212e+01 -2.856035e-01 -1.482977e+00
      vertex -4.000000e+01 -2.770989e-01 -1.458712e+00
    endloop
  endfacet
  facet normal  7.318361e-05  8.950759e-01 -4.459138e-01
    outer loop
      vertex -4.000000e+01 -2.493824e-01 -1.403077e+00
      vertex -1.944548e+01 -2.670562e-01 -1.435180e+00
      vertex -4.000000e+01 -2.770989e-01 -1.458712e+00
    endloop
  endfacet
  facet normal  2.112327e-05  3.422561e-01 -9.396067e-01
    outer loop
      vertex -1.800000e+01 -1.068568e-01 -1.281171e+00
      vertex -4.000000e+01 -1.147781e-01 -1.284551e+00
      vertex -4.000000e+01 -7.762750e-02 -1.271019e+00
    endloop
  endfacet
  facet normal -5.933650e-05  2.879609e-01 -9.576421e-01
    outer loop
      vertex -4.000000e+01 -7.762750e-02 -1.271019e+00
      vertex -1.800000e+01 -5.432706e-02 -1.265376e+00
      vertex -1.800000e+01 -1.068568e-01 -1.281171e+00
    endloop
  endfacet
  facet normal -5.712474e-05  8.601156e-01 -5.100993e-01
    outer loop
      vertex -1.800000e+01 -2.369226e-01 -1.384532e+00
      vertex -1.944548e+01 -2.670562e-01 -1.435180e+00
      vertex -4.000000e+01 -2.493824e-01 -1.403077e+00
    endloop
  endfacet
  facet normal  6.230292e-05  7.942857e-01 -6.075444e-01
    outer loop
      vertex -1.800000e+01 -2.369226e-01 -1.384532e+00
      vertex -4.000000e+01 -2.493824e-01 -1.403077e+00
      vertex -4.000000e+01 -2.120823e-01 -1.354312e+00
    endloop
  endfacet
  facet normal -5.006309e-05  7.543254e-01 -6.565006e-01
    outer loop
      vertex -1.800000e+01 -2.369226e-01 -1.384532e+00
      vertex -4.000000e+01 -2.120823e-01 -1.354312e+00
      vertex -1.800000e+01 -1.996902e-01 -1.341751e+00
    endloop
  endfacet
  facet normal -2.199718e-05  2.656191e-01  9.640781e-01
    outer loop
      vertex -2.393185e+01 -8.894615e-02 -1.889184e+00
      vertex -2.393975e+01 -6.016864e-02 -1.897112e+00
      vertex -4.000000e+01 -7.762754e-02 -1.892669e+00
    endloop
  endfacet
  facet normal  9.733470e-05  1.616429e-01  9.868493e-01
    outer loop
      vertex -4.000000e+01 -7.762754e-02 -1.892669e+00
      vertex -2.393975e+01 -6.016864e-02 -1.897112e+00
      vertex -2.394470e+01 -3.021431e-02 -1.902018e+00
    endloop
  endfacet
  facet normal -4.665514e-05  2.086543e-01  9.779894e-01
    outer loop
      vertex -4.000000e+01 -7.762754e-02 -1.892669e+00
      vertex -2.394470e+01 -3.021431e-02 -1.902018e+00
      vertex -4.000000e+01 -3.914871e-02 -1.900878e+00
    endloop
  endfacet
  facet normal  4.076923e-05  5.417265e-02  9.985316e-01
    outer loop
      vertex -4.000000e+01 -3.914871e-02 -1.900878e+00
      vertex -2.394470e+01 -3.021431e-02 -1.902018e+00
      vertex -2.394638e+01  5.225509e-16 -1.903658e+00
    endloop
  endfacet
  facet normal  1.785020e-06  7.008847e-02  9.975408e-01
    outer loop
      vertex -4.000000e+01 -3.914871e-02 -1.900878e+00
      vertex -2.394638e+01  5.225509e-16 -1.903658e+00
      vertex -4.000000e+01 -3.921755e-08 -1.903629e+00
    endloop
  endfacet
  facet normal -1.541969e-05  4.915096e-01  8.708722e-01
    outer loop
      vertex -2.390274e+01 -1.508278e-01 -1.860027e+00
      vertex -2.391547e+01 -1.282873e-01 -1.872749e+00
      vertex -4.000000e+01 -1.413650e-01 -1.865653e+00
    endloop
  endfacet
  facet normal  5.891004e-05  4.199816e-01  9.075326e-01
    outer loop
      vertex -4.000000e+01 -1.413650e-01 -1.865653e+00
      vertex -2.391547e+01 -1.282873e-01 -1.872749e+00
      vertex -2.392427e+01 -1.092435e-01 -1.881561e+00
    endloop
  endfacet
  facet normal -2.150101e-05  4.524323e-01  8.917987e-01
    outer loop
      vertex -4.000000e+01 -1.413650e-01 -1.865653e+00
      vertex -2.392427e+01 -1.092435e-01 -1.881561e+00
      vertex -4.000000e+01 -1.147781e-01 -1.879141e+00
    endloop
  endfacet
  facet normal  1.990399e-05  3.515695e-01  9.361617e-01
    outer loop
      vertex -4.000000e+01 -1.147781e-01 -1.879141e+00
      vertex -2.392427e+01 -1.092435e-01 -1.881561e+00
      vertex -2.393185e+01 -8.894615e-02 -1.889184e+00
    endloop
  endfacet
  facet normal  3.721540e-05  3.421550e-01  9.396436e-01
    outer loop
      vertex -4.000000e+01 -1.147781e-01 -1.879141e+00
      vertex -2.393185e+01 -8.894615e-02 -1.889184e+00
      vertex -4.000000e+01 -7.762754e-02 -1.892669e+00
    endloop
  endfacet
  facet normal -3.925624e-06  8.788410e-01  4.771149e-01
    outer loop
      vertex -2.376737e+01 -2.688409e-01 -1.724655e+00
      vertex -2.380488e+01 -2.484667e-01 -1.762184e+00
      vertex -4.000000e+01 -2.493824e-01 -1.760631e+00
    endloop
  endfacet
  facet normal  1.109227e-05  8.065985e-01  5.910996e-01
    outer loop
      vertex -4.000000e+01 -2.493824e-01 -1.760631e+00
      vertex -2.380488e+01 -2.484667e-01 -1.762184e+00
      vertex -2.384090e+01 -2.220424e-01 -1.798242e+00
    endloop
  endfacet
  facet normal  7.032880e-05  7.942585e-01  6.075799e-01
    outer loop
      vertex -4.000000e+01 -2.493824e-01 -1.760631e+00
      vertex -2.384090e+01 -2.220424e-01 -1.798242e+00
      vertex -4.000000e+01 -2.120823e-01 -1.809391e+00
    endloop
  endfacet
  facet normal -2.614005e-05  7.266569e-01  6.870005e-01
    outer loop
      vertex -4.000000e+01 -2.120823e-01 -1.809391e+00
      vertex -2.384090e+01 -2.220424e-01 -1.798242e+00
      vertex -2.386570e+01 -1.985954e-01 -1.823043e+00
    endloop
  endfacet
  facet normal  2.393496e-05  6.970958e-01  7.169780e-01
    outer loop
      vertex -4.000000e+01 -2.120823e-01 -1.809391e+00
      vertex -2.386570e+01 -1.985954e-01 -1.823043e+00
      vertex -4.000000e+01 -1.902550e-01 -1.830613e+00
    endloop
  endfacet
  facet normal -2.531161e-05  6.448168e-01  7.643371e-01
    outer loop
      vertex -4.000000e+01 -1.902550e-01 -1.830613e+00
      vertex -2.386570e+01 -1.985954e-01 -1.823043e+00
      vertex -2.388844e+01 -1.716851e-01 -1.845746e+00
    endloop
  endfacet
  facet normal  1.754220e-05  6.225210e-01  7.826030e-01
    outer loop
      vertex -4.000000e+01 -1.902550e-01 -1.830613e+00
      vertex -2.388844e+01 -1.716851e-01 -1.845746e+00
      vertex -4.000000e+01 -1.665925e-01 -1.849436e+00
    endloop
  endfacet
  facet normal -1.039116e-05  5.649543e-01  8.251222e-01
    outer loop
      vertex -4.000000e+01 -1.665925e-01 -1.849436e+00
      vertex -2.388844e+01 -1.716851e-01 -1.845746e+00
      vertex -2.390274e+01 -1.508278e-01 -1.860027e+00
    endloop
  endfacet
  facet normal  2.389438e-05  5.407403e-01  8.411897e-01
    outer loop
      vertex -4.000000e+01 -1.665925e-01 -1.849436e+00
      vertex -2.390274e+01 -1.508278e-01 -1.860027e+00
      vertex -4.000000e+01 -1.413650e-01 -1.865653e+00
    endloop
  endfacet
  facet normal -2.902996e-05  9.763592e-01 -2.161542e-01
    outer loop
      vertex -2.081212e+01 -2.856035e-01 -1.482977e+00
      vertex -2.217888e+01 -2.962709e-01 -1.530977e+00
      vertex -4.000000e+01 -2.941666e-01 -1.519079e+00
    endloop
  endfacet
  facet normal  6.766769e-05  9.971828e-01 -7.500856e-02
    outer loop
      vertex -4.000000e+01 -2.941666e-01 -1.519079e+00
      vertex -2.217888e+01 -2.962709e-01 -1.530977e+00
      vertex -2.362483e+01 -3.000000e-01 -1.581857e+00
    endloop
  endfacet
  facet normal  4.278959e-06  9.958128e-01 -9.141563e-02
    outer loop
      vertex -4.000000e+01 -2.941666e-01 -1.519079e+00
      vertex -2.362483e+01 -3.000000e-01 -1.581857e+00
      vertex -4.000000e+01 -2.999296e-01 -1.581857e+00
    endloop
  endfacet
  facet normal  4.293894e-06  9.992886e-01  3.771239e-02
    outer loop
      vertex -4.000000e+01 -2.999296e-01 -1.581857e+00
      vertex -2.362483e+01 -3.000000e-01 -1.581857e+00
      vertex -2.365055e+01 -2.990195e-01 -1.607836e+00
    endloop
  endfacet
  facet normal  8.982125e-05  9.958128e-01  9.141649e-02
    outer loop
      vertex -4.000000e+01 -2.999296e-01 -1.581857e+00
      vertex -2.365055e+01 -2.990195e-01 -1.607836e+00
      vertex -4.000000e+01 -2.941666e-01 -1.644635e+00
    endloop
  endfacet
  facet normal  1.665837e-05  6.971355e-01 -7.169393e-01
    outer loop
      vertex -4.000000e+01 -2.120823e-01 -1.354312e+00
      vertex -4.000000e+01 -1.902523e-01 -1.333085e+00
      vertex -1.800000e+01 -1.996902e-01 -1.341751e+00
    endloop
  endfacet
  facet normal -4.118434e-05  6.225645e-01 -7.825684e-01
    outer loop
      vertex -1.800000e+01 -1.996902e-01 -1.341751e+00
      vertex -4.000000e+01 -1.902523e-01 -1.333085e+00
      vertex -4.000000e+01 -1.665866e-01 -1.314258e+00
    endloop
  endfacet
  facet normal -4.221470e-05  6.221521e-01 -7.828964e-01
    outer loop
      vertex -1.800000e+01 -1.996902e-01 -1.341751e+00
      vertex -4.000000e+01 -1.665866e-01 -1.314258e+00
      vertex -1.800000e+01 -1.558515e-01 -1.306914e+00
    endloop
  endfacet
  facet normal  1.693320e-05  5.407959e-01 -8.411538e-01
    outer loop
      vertex -4.000000e+01 -1.665866e-01 -1.314258e+00
      vertex -4.000000e+01 -1.413618e-01 -1.298041e+00
      vertex -1.800000e+01 -1.558515e-01 -1.306914e+00
    endloop
  endfacet
  facet normal -6.162137e-05  4.525128e-01 -8.917580e-01
    outer loop
      vertex -1.800000e+01 -1.558515e-01 -1.306914e+00
      vertex -4.000000e+01 -1.413618e-01 -1.298041e+00
      vertex -4.000000e+01 -1.147781e-01 -1.284551e+00
    endloop
  endfacet
  facet normal -3.146625e-05  4.651200e-01 -8.852475e-01
    outer loop
      vertex -1.800000e+01 -1.558515e-01 -1.306914e+00
      vertex -4.000000e+01 -1.147781e-01 -1.284551e+00
      vertex -1.800000e+01 -1.068568e-01 -1.281171e+00
    endloop
  endfacet
  facet normal  2.975468e-05  2.087644e-01 -9.779659e-01
    outer loop
      vertex -4.000000e+01 -7.762750e-02 -1.271019e+00
      vertex -4.000000e+01 -3.914867e-02 -1.262805e+00
      vertex -1.800000e+01 -5.432706e-02 -1.265376e+00
    endloop
  endfacet
  facet normal -6.812662e-05  7.020635e-02 -9.975325e-01
    outer loop
      vertex -1.800000e+01 -5.432706e-02 -1.265376e+00
      vertex -4.000000e+01 -3.914867e-02 -1.262805e+00
      vertex -4.000000e+01 -1.829256e-12 -1.260050e+00
    endloop
  endfacet
  facet normal  0.000000e+00  9.756870e-02 -9.952288e-01
    outer loop
      vertex -1.800000e+01 -5.432706e-02 -1.265376e+00
      vertex -4.000000e+01 -1.829256e-12 -1.260050e+00
      vertex -1.800000e+01 -1.829256e-12 -1.260050e+00
    endloop
  endfacet
  facet normal -5.934090e-05 -2.878717e-01 -9.576690e-01
    outer loop
      vertex -4.000000e+01  7.762750e-02 -1.271010e+00
      vertex -1.800000e+01  1.068633e-01 -1.281161e+00
      vertex -1.800000e+01  5.433048e-02 -1.265370e+00
    endloop
  endfacet
  facet normal  1.665850e-05 -6.970958e-01 -7.169780e-01
    outer loop
      vertex -1.800000e+01  1.997006e-01 -1.341737e+00
      vertex -4.000000e+01  1.902550e-01 -1.333065e+00
      vertex -4.000000e+01  2.120823e-01 -1.354287e+00
    endloop
  endfacet
  facet normal  7.317593e-05 -8.950654e-01 -4.459350e-01
    outer loop
      vertex -4.000000e+01  2.770988e-01 -1.458679e+00
      vertex -1.944533e+01  2.670616e-01 -1.435160e+00
      vertex -4.000000e+01  2.493824e-01 -1.403048e+00
    endloop
  endfacet
  facet normal -4.273590e-05 -9.326861e-01 -3.606891e-01
    outer loop
      vertex -4.000000e+01  2.770988e-01 -1.458679e+00
      vertex -2.081185e+01  2.856061e-01 -1.482951e+00
      vertex -1.944533e+01  2.670616e-01 -1.435160e+00
    endloop
  endfacet
  facet normal  8.247023e-05 -9.622751e-01 -2.720781e-01
    outer loop
      vertex -2.081185e+01  2.856061e-01 -1.482951e+00
      vertex -4.000000e+01  2.770988e-01 -1.458679e+00
      vertex -4.000000e+01  2.941666e-01 -1.519044e+00
    endloop
  endfacet
  facet normal -2.903233e-05 -9.763622e-01 -2.161405e-01
    outer loop
      vertex -4.000000e+01  2.941666e-01 -1.519044e+00
      vertex -2.217849e+01  2.962717e-01 -1.530947e+00
      vertex -2.081185e+01  2.856061e-01 -1.482951e+00
    endloop
  endfacet
  facet normal  8.705178e-05 -7.942865e-01  6.075433e-01
    outer loop
      vertex -4.000000e+01  2.120823e-01 -1.809366e+00
      vertex -2.383588e+01  2.261789e-01 -1.793253e+00
      vertex -4.000000e+01  2.493823e-01 -1.760601e+00
    endloop
  endfacet
  facet normal -5.004945e-05 -7.543259e-01 -6.565002e-01
    outer loop
      vertex -1.800000e+01  2.369332e-01 -1.384518e+00
      vertex -1.800000e+01  1.997006e-01 -1.341737e+00
      vertex -4.000000e+01  2.120823e-01 -1.354287e+00
    endloop
  endfacet
  facet normal  6.228390e-05 -7.942593e-01 -6.075789e-01
    outer loop
      vertex -1.800000e+01  2.369332e-01 -1.384518e+00
      vertex -4.000000e+01  2.120823e-01 -1.354287e+00
      vertex -4.000000e+01  2.493824e-01 -1.403048e+00
    endloop
  endfacet
  facet normal -5.709983e-05 -8.601235e-01 -5.100859e-01
    outer loop
      vertex -1.800000e+01  2.369332e-01 -1.384518e+00
      vertex -4.000000e+01  2.493824e-01 -1.403048e+00
      vertex -1.944533e+01  2.670616e-01 -1.435160e+00
    endloop
  endfacet
  facet normal  2.975605e-05 -2.086543e-01 -9.779894e-01
    outer loop
      vertex -4.000000e+01  7.762750e-02 -1.271010e+00
      vertex -1.800000e+01  5.433048e-02 -1.265370e+00
      vertex -4.000000e+01  3.914867e-02 -1.262800e+00
    endloop
  endfacet
  facet normal -4.899434e-05 -9.745665e-02 -9.952398e-01
    outer loop
      vertex -4.000000e+01  3.914867e-02 -1.262800e+00
      vertex -1.800000e+01  5.433048e-02 -1.265370e+00
      vertex -1.800000e+01 -1.829256e-12 -1.260050e+00
    endloop
  endfacet
  facet normal  -0.000000e+00 -7.008545e-02 -9.975410e-01
    outer loop
      vertex -4.000000e+01  3.914867e-02 -1.262800e+00
      vertex -1.800000e+01 -1.829256e-12 -1.260050e+00
      vertex -4.000000e+01 -1.829256e-12 -1.260050e+00
    endloop
  endfacet
  facet normal  2.111771e-05 -3.421577e-01 -9.396425e-01
    outer loop
      vertex -4.000000e+01  7.762750e-02 -1.271010e+00
      vertex -4.000000e+01  1.147781e-01 -1.284538e+00
      vertex -1.800000e+01  1.068633e-01 -1.281161e+00
    endloop
  endfacet
  facet normal -2.589784e-05 -4.524324e-01 -8.917988e-01
    outer loop
      vertex -1.800000e+01  1.068633e-01 -1.281161e+00
      vertex -4.000000e+01  1.147781e-01 -1.284538e+00
      vertex -4.000000e+01  1.413649e-01 -1.298026e+00
    endloop
  endfacet
  facet normal -5.070900e-05 -4.650651e-01 -8.852766e-01
    outer loop
      vertex -1.800000e+01  1.068633e-01 -1.281161e+00
      vertex -4.000000e+01  1.413649e-01 -1.298026e+00
      vertex -1.800000e+01  1.558604e-01 -1.306901e+00
    endloop
  endfacet
  facet normal  1.693741e-05 -5.407401e-01 -8.411898e-01
    outer loop
      vertex -4.000000e+01  1.413649e-01 -1.298026e+00
      vertex -4.000000e+01  1.665925e-01 -1.314243e+00
      vertex -1.800000e+01  1.558604e-01 -1.306901e+00
    endloop
  endfacet
  facet normal -4.250700e-05 -6.225187e-01 -7.826050e-01
    outer loop
      vertex -1.800000e+01  1.558604e-01 -1.306901e+00
      vertex -4.000000e+01  1.665925e-01 -1.314243e+00
      vertex -4.000000e+01  1.902550e-01 -1.333065e+00
    endloop
  endfacet
  facet normal -4.152254e-05 -6.221262e-01 -7.829169e-01
    outer loop
      vertex -1.800000e+01  1.558604e-01 -1.306901e+00
      vertex -4.000000e+01  1.902550e-01 -1.333065e+00
      vertex -1.800000e+01  1.997006e-01 -1.341737e+00
    endloop
  endfacet
  facet normal  1.331869e-06 -9.902647e-01  1.391976e-01
    outer loop
      vertex -2.368842e+01  2.940336e-01 -1.645702e+00
      vertex -2.365654e+01  2.985145e-01 -1.613824e+00
      vertex -4.000000e+01  2.941666e-01 -1.644600e+00
    endloop
  endfacet
  facet normal  1.791098e-04 -9.989408e-01  4.601382e-02
    outer loop
      vertex -4.000000e+01  2.941666e-01 -1.644600e+00
      vertex -2.365654e+01  2.985145e-01 -1.613824e+00
      vertex -2.362442e+01  3.000000e-01 -1.581701e+00
    endloop
  endfacet
  facet normal  3.606718e-06 -9.958128e-01  9.141563e-02
    outer loop
      vertex -4.000000e+01  2.941666e-01 -1.644600e+00
      vertex -2.362442e+01  3.000000e-01 -1.581701e+00
      vertex -4.000000e+01  2.999296e-01 -1.581821e+00
    endloop
  endfacet
  facet normal  4.824907e-06 -9.973028e-01 -7.339747e-02
    outer loop
      vertex -4.000000e+01  2.999296e-01 -1.581821e+00
      vertex -2.362442e+01  3.000000e-01 -1.581701e+00
      vertex -2.217849e+01  2.962717e-01 -1.530947e+00
    endloop
  endfacet
  facet normal  5.656953e-05 -9.958128e-01 -9.141667e-02
    outer loop
      vertex -4.000000e+01  2.999296e-01 -1.581821e+00
      vertex -2.217849e+01  2.962717e-01 -1.530947e+00
      vertex -4.000000e+01  2.941666e-01 -1.519044e+00
    endloop
  endfacet
  facet normal -3.200514e-05 -9.410890e-01  3.381588e-01
    outer loop
      vertex -2.376021e+01  2.720459e-01 -1.717491e+00
      vertex -2.371986e+01  2.865442e-01 -1.677139e+00
      vertex -4.000000e+01  2.770988e-01 -1.704966e+00
    endloop
  endfacet
  facet normal  1.685608e-04 -9.728143e-01  2.315867e-01
    outer loop
      vertex -4.000000e+01  2.770988e-01 -1.704966e+00
      vertex -2.371986e+01  2.865442e-01 -1.677139e+00
      vertex -2.368842e+01  2.940336e-01 -1.645702e+00
    endloop
  endfacet
  facet normal  1.053747e-05 -9.622777e-01  2.720691e-01
    outer loop
      vertex -4.000000e+01  2.770988e-01 -1.704966e+00
      vertex -2.368842e+01  2.940336e-01 -1.645702e+00
      vertex -4.000000e+01  2.941666e-01 -1.644600e+00
    endloop
  endfacet
  facet normal -1.666488e-05 -8.190152e-01  5.737718e-01
    outer loop
      vertex -2.383588e+01  2.261789e-01 -1.793253e+00
      vertex -2.379873e+01  2.522407e-01 -1.756050e+00
      vertex -4.000000e+01  2.493823e-01 -1.760601e+00
    endloop
  endfacet
  facet normal  2.861242e-05 -8.895348e-01  4.568674e-01
    outer loop
      vertex -4.000000e+01  2.493823e-01 -1.760601e+00
      vertex -2.379873e+01  2.522407e-01 -1.756050e+00
      vertex -2.376021e+01  2.720459e-01 -1.717491e+00
    endloop
  endfacet
  facet normal  6.541936e-05 -8.950754e-01  4.459147e-01
    outer loop
      vertex -4.000000e+01  2.493823e-01 -1.760601e+00
      vertex -2.376021e+01  2.720459e-01 -1.717491e+00
      vertex -4.000000e+01  2.770988e-01 -1.704966e+00
    endloop
  endfacet
  facet normal  1.787720e-06 -4.708816e-02  9.988906e-01
    outer loop
      vertex -2.394638e+01  5.225509e-16 -1.903658e+00
      vertex -2.394513e+01  2.630473e-02 -1.902418e+00
      vertex -4.000000e+01 -3.921755e-08 -1.903629e+00
    endloop
  endfacet
  facet normal  1.369858e-04 -1.292697e-01  9.916095e-01
    outer loop
      vertex -4.000000e+01 -3.921755e-08 -1.903629e+00
      vertex -2.394513e+01  2.630473e-02 -1.902418e+00
      vertex -2.394254e+01  4.598616e-02 -1.899852e+00
    endloop
  endfacet
  facet normal -3.355619e-05 -7.020635e-02  9.975325e-01
    outer loop
      vertex -4.000000e+01 -3.921755e-08 -1.903629e+00
      vertex -2.394254e+01  4.598616e-02 -1.899852e+00
      vertex -4.000000e+01  3.914864e-02 -1.900874e+00
    endloop
  endfacet
  facet normal  3.708201e-05 -2.323748e-01  9.726264e-01
    outer loop
      vertex -4.000000e+01  3.914864e-02 -1.900874e+00
      vertex -2.394254e+01  4.598616e-02 -1.899852e+00
      vertex -2.393342e+01  8.416667e-02 -1.890731e+00
    endloop
  endfacet
  facet normal -3.243590e-05 -2.087673e-01  9.779654e-01
    outer loop
      vertex -4.000000e+01  3.914864e-02 -1.900874e+00
      vertex -2.393342e+01  8.416667e-02 -1.890731e+00
      vertex -4.000000e+01  7.762747e-02 -1.892659e+00
    endloop
  endfacet
  facet normal  3.506682e-05 -3.612045e-01  9.324867e-01
    outer loop
      vertex -4.000000e+01  7.762747e-02 -1.892659e+00
      vertex -2.393342e+01  8.416667e-02 -1.890731e+00
      vertex -2.391987e+01  1.192374e-01 -1.877146e+00
    endloop
  endfacet
  facet normal -2.083422e-05 -3.422562e-01  9.396067e-01
    outer loop
      vertex -4.000000e+01  7.762747e-02 -1.892659e+00
      vertex -2.391987e+01  1.192374e-01 -1.877146e+00
      vertex -4.000000e+01  1.147781e-01 -1.879127e+00
    endloop
  endfacet
  facet normal  1.254691e-05 -4.433991e-01  8.963243e-01
    outer loop
      vertex -4.000000e+01  1.147781e-01 -1.879127e+00
      vertex -2.391987e+01  1.192374e-01 -1.877146e+00
      vertex -2.391358e+01  1.319467e-01 -1.870859e+00
    endloop
  endfacet
  facet normal  2.461621e-05 -4.525094e-01  8.917596e-01
    outer loop
      vertex -4.000000e+01  1.147781e-01 -1.879127e+00
      vertex -2.391358e+01  1.319467e-01 -1.870859e+00
      vertex -4.000000e+01  1.413618e-01 -1.865638e+00
    endloop
  endfacet
  facet normal -2.835645e-05 -5.216198e-01  8.531781e-01
    outer loop
      vertex -4.000000e+01  1.413618e-01 -1.865638e+00
      vertex -2.391358e+01  1.319467e-01 -1.870859e+00
      vertex -2.389361e+01  1.645496e-01 -1.850926e+00
    endloop
  endfacet
  facet normal  1.024018e-05 -5.407989e-01  8.411518e-01
    outer loop
      vertex -4.000000e+01  1.413618e-01 -1.865638e+00
      vertex -2.389361e+01  1.645496e-01 -1.850926e+00
      vertex -4.000000e+01  1.665866e-01 -1.849420e+00
    endloop
  endfacet
  facet normal -6.006333e-06 -6.246964e-01  7.808677e-01
    outer loop
      vertex -4.000000e+01  1.665866e-01 -1.849420e+00
      vertex -2.389361e+01  1.645496e-01 -1.850926e+00
      vertex -2.387043e+01  1.934629e-01 -1.827795e+00
    endloop
  endfacet
  facet normal -1.184547e-05 -6.225622e-01  7.825704e-01
    outer loop
      vertex -4.000000e+01  1.665866e-01 -1.849420e+00
      vertex -2.387043e+01  1.934629e-01 -1.827795e+00
      vertex -4.000000e+01  1.902522e-01 -1.830593e+00
    endloop
  endfacet
  facet normal  2.522354e-05 -7.260509e-01  6.876410e-01
    outer loop
      vertex -4.000000e+01  1.902522e-01 -1.830593e+00
      vertex -2.387043e+01  1.934629e-01 -1.827795e+00
      vertex -2.383588e+01  2.261789e-01 -1.793253e+00
    endloop
  endfacet
  facet normal -1.067271e-04 -6.971353e-01  7.169396e-01
    outer loop
      vertex -4.000000e+01  1.902522e-01 -1.830593e+00
      vertex -2.383588e+01  2.261789e-01 -1.793253e+00
      vertex -4.000000e+01  2.120823e-01 -1.809366e+00
    endloop
  endfacet
  facet normal  7.917667e-05 -5.445107e-02  9.985164e-01
    outer loop
      vertex -2.234138e+01  1.634847e+00 -2.986735e-01
      vertex -4.000000e+01  1.653380e+00 -2.962626e-01
      vertex -2.234262e+01  1.611091e+00 -2.999689e-01
    endloop
  endfacet
  facet normal  1.926238e-04 -7.210316e-03  9.999741e-01
    outer loop
      vertex -4.000000e+01  1.653380e+00 -2.962626e-01
      vertex -2.234265e+01  1.606771e+00 -3.000000e-01
      vertex -2.234262e+01  1.611091e+00 -2.999689e-01
    endloop
  endfacet
  facet normal -6.334820e-05 -8.840252e-01  4.674391e-01
    outer loop
      vertex -2.222175e+01  1.837406e+00 -1.790852e-01
      vertex -2.217543e+01  1.861896e+00 -1.327634e-01
      vertex -4.000000e+01  1.854066e+00 -1.499877e-01
    endloop
  endfacet
  facet normal  1.771193e-05 -8.631210e-01  5.049973e-01
    outer loop
      vertex -4.000000e+01  1.834979e+00 -1.826097e-01
      vertex -2.222175e+01  1.837406e+00 -1.790852e-01
      vertex -4.000000e+01  1.854066e+00 -1.499877e-01
    endloop
  endfacet
  facet normal  4.276944e-05 -5.424134e-01  8.401117e-01
    outer loop
      vertex -4.000000e+01  1.740223e+00 -2.672655e-01
      vertex -2.230454e+01  1.749983e+00 -2.618648e-01
      vertex -4.000000e+01  1.778311e+00 -2.426741e-01
    endloop
  endfacet
  facet normal -1.228297e-05 -4.670226e-01  8.842454e-01
    outer loop
      vertex -2.231570e+01  1.728814e+00 -2.730454e-01
      vertex -2.230454e+01  1.749983e+00 -2.618648e-01
      vertex -4.000000e+01  1.740223e+00 -2.672655e-01
    endloop
  endfacet
  facet normal -5.748714e-06 -1.343813e-01  9.909297e-01
    outer loop
      vertex -2.234138e+01  1.634847e+00 -2.986735e-01
      vertex -2.233826e+01  1.657916e+00 -2.955451e-01
      vertex -4.000000e+01  1.653380e+00 -2.962626e-01
    endloop
  endfacet
  facet normal  2.617968e-06 -7.894390e-02  9.968791e-01
    outer loop
      vertex -4.000000e+01  1.653380e+00 -2.962626e-01
      vertex -4.000000e+01  1.606763e+00 -2.999542e-01
      vertex -2.234265e+01  1.606771e+00 -3.000000e-01
    endloop
  endfacet
  facet normal  6.468256e-05  4.555836e-01  8.901930e-01
    outer loop
      vertex -4.000000e+01  1.435914e+00 -2.493998e-01
      vertex -1.891282e+01  1.462844e+00 -2.647143e-01
      vertex -4.000000e+01  1.490077e+00 -2.771192e-01
    endloop
  endfacet
  facet normal  3.854327e-05  7.418846e-01  6.705275e-01
    outer loop
      vertex -1.800000e+01  1.378990e+00 -2.041020e-01
      vertex -4.000000e+01  1.387359e+00 -2.120965e-01
      vertex -4.000000e+01  1.346277e+00 -1.666427e-01
    endloop
  endfacet
  facet normal -2.892256e-05  7.615636e-01  6.480904e-01
    outer loop
      vertex -4.000000e+01  1.346277e+00 -1.666427e-01
      vertex -1.800000e+01  1.341166e+00 -1.596556e-01
      vertex -1.800000e+01  1.378990e+00 -2.041020e-01
    endloop
  endfacet
  facet normal  3.074195e-05  8.507972e-01  5.254942e-01
    outer loop
      vertex -1.800000e+01  1.341166e+00 -1.596556e-01
      vertex -4.000000e+01  1.346277e+00 -1.666427e-01
      vertex -4.000000e+01  1.314247e+00 -1.147851e-01
    endloop
  endfacet
  facet normal -3.113658e-05  5.126469e-01  8.585995e-01
    outer loop
      vertex -1.800000e+01  1.423894e+00 -2.414250e-01
      vertex -1.891282e+01  1.462844e+00 -2.647143e-01
      vertex -4.000000e+01  1.435914e+00 -2.493998e-01
    endloop
  endfacet
  facet normal  4.541549e-05  6.092293e-01  7.929941e-01
    outer loop
      vertex -1.800000e+01  1.423894e+00 -2.414250e-01
      vertex -4.000000e+01  1.435914e+00 -2.493998e-01
      vertex -4.000000e+01  1.387359e+00 -2.120965e-01
    endloop
  endfacet
  facet normal -3.630960e-05  6.392073e-01  7.690343e-01
    outer loop
      vertex -1.800000e+01  1.423894e+00 -2.414250e-01
      vertex -4.000000e+01  1.387359e+00 -2.120965e-01
      vertex -1.800000e+01  1.378990e+00 -2.041020e-01
    endloop
  endfacet
  facet normal  2.102531e-05 -9.978289e-01  6.585965e-02
    outer loop
      vertex -4.000000e+01  1.880851e+00 -5.883594e-02
      vertex -2.209220e+01  1.881846e+00 -4.947902e-02
      vertex -4.000000e+01  1.882783e+00 -2.956956e-02
    endloop
  endfacet
  facet normal -5.233695e-05 -9.999999e-01 -2.476750e-05
    outer loop
      vertex -4.000000e+01  1.882783e+00 -2.956956e-02
      vertex -2.209220e+01  1.881846e+00 -4.947902e-02
      vertex -2.204273e+01  1.881842e+00  1.176032e-15
    endloop
  endfacet
  facet normal  3.180560e-06 -9.994313e-01 -3.372186e-02
    outer loop
      vertex -4.000000e+01  1.882783e+00 -2.956956e-02
      vertex -2.204273e+01  1.881842e+00  1.176032e-15
      vertex -4.000000e+01  1.881785e+00 -1.547906e-05
    endloop
  endfacet
  facet normal  3.984795e-05 -9.252397e-01  3.793828e-01
    outer loop
      vertex -4.000000e+01  1.854066e+00 -1.499877e-01
      vertex -2.217543e+01  1.861896e+00 -1.327634e-01
      vertex -4.000000e+01  1.868495e+00 -1.147994e-01
    endloop
  endfacet
  facet normal -5.799388e-05 -9.559360e-01  2.935751e-01
    outer loop
      vertex -4.000000e+01  1.868495e+00 -1.147994e-01
      vertex -2.217543e+01  1.861896e+00 -1.327634e-01
      vertex -2.212718e+01  1.876724e+00 -8.447239e-02
    endloop
  endfacet
  facet normal -5.933541e-06 -9.642101e-01  2.651393e-01
    outer loop
      vertex -4.000000e+01  1.868495e+00 -1.147994e-01
      vertex -2.212718e+01  1.876724e+00 -8.447239e-02
      vertex -4.000000e+01  1.876075e+00 -8.723330e-02
    endloop
  endfacet
  facet normal  1.357116e-05 -9.894592e-01  1.448126e-01
    outer loop
      vertex -4.000000e+01  1.876075e+00 -8.723330e-02
      vertex -2.212718e+01  1.876724e+00 -8.447239e-02
      vertex -2.209220e+01  1.881846e+00 -4.947902e-02
    endloop
  endfacet
  facet normal -3.187610e-05 -9.861487e-01  1.658633e-01
    outer loop
      vertex -4.000000e+01  1.876075e+00 -8.723330e-02
      vertex -2.209220e+01  1.881846e+00 -4.947902e-02
      vertex -4.000000e+01  1.880851e+00 -5.883594e-02
    endloop
  endfacet
  facet normal -3.577936e-05 -5.760863e-01  8.173888e-01
    outer loop
      vertex -2.230454e+01  1.749983e+00 -2.618648e-01
      vertex -2.227876e+01  1.786624e+00 -2.360396e-01
      vertex -4.000000e+01  1.778311e+00 -2.426741e-01
    endloop
  endfacet
  facet normal  5.883600e-05 -6.974071e-01  7.166753e-01
    outer loop
      vertex -4.000000e+01  1.778311e+00 -2.426741e-01
      vertex -2.227876e+01  1.786624e+00 -2.360396e-01
      vertex -2.225158e+01  1.814544e+00 -2.088722e-01
    endloop
  endfacet
  facet normal -2.045171e-05 -6.767744e-01  7.361904e-01
    outer loop
      vertex -4.000000e+01  1.778311e+00 -2.426741e-01
      vertex -2.225158e+01  1.814544e+00 -2.088722e-01
      vertex -4.000000e+01  1.811561e+00 -2.121074e-01
    endloop
  endfacet
  facet normal  2.234345e-05 -7.932913e-01  6.088422e-01
    outer loop
      vertex -4.000000e+01  1.811561e+00 -2.121074e-01
      vertex -2.225158e+01  1.814544e+00 -2.088722e-01
      vertex -2.222175e+01  1.837406e+00 -1.790852e-01
    endloop
  endfacet
  facet normal -1.634975e-05 -7.831972e-01  6.217734e-01
    outer loop
      vertex -4.000000e+01  1.811561e+00 -2.121074e-01
      vertex -2.222175e+01  1.837406e+00 -1.790852e-01
      vertex -4.000000e+01  1.834979e+00 -1.826097e-01
    endloop
  endfacet
  facet normal  1.615638e-05 -2.173323e-01  9.760976e-01
    outer loop
      vertex -2.233826e+01  1.657916e+00 -2.955451e-01
      vertex -2.233279e+01  1.682460e+00 -2.900803e-01
      vertex -4.000000e+01  1.653380e+00 -2.962626e-01
    endloop
  endfacet
  facet normal  1.650344e-04 -3.028778e-01  9.530293e-01
    outer loop
      vertex -4.000000e+01  1.653380e+00 -2.962626e-01
      vertex -2.233279e+01  1.682460e+00 -2.900803e-01
      vertex -2.232525e+01  1.706076e+00 -2.825763e-01
    endloop
  endfacet
  facet normal -4.282691e-05 -2.379016e-01  9.712893e-01
    outer loop
      vertex -4.000000e+01  1.653380e+00 -2.962626e-01
      vertex -2.232525e+01  1.706076e+00 -2.825763e-01
      vertex -4.000000e+01  1.698235e+00 -2.852762e-01
    endloop
  endfacet
  facet normal  3.062191e-05 -3.865759e-01  9.222576e-01
    outer loop
      vertex -4.000000e+01  1.698235e+00 -2.852762e-01
      vertex -2.232525e+01  1.706076e+00 -2.825763e-01
      vertex -2.231570e+01  1.728814e+00 -2.730454e-01
    endloop
  endfacet
  facet normal  4.605762e-05 -3.942079e-01  9.190213e-01
    outer loop
      vertex -4.000000e+01  1.698235e+00 -2.852762e-01
      vertex -2.231570e+01  1.728814e+00 -2.730454e-01
      vertex -4.000000e+01  1.740223e+00 -2.672655e-01
    endloop
  endfacet
  facet normal -3.028501e-05  3.950198e-01  9.186726e-01
    outer loop
      vertex -1.891282e+01  1.462844e+00 -2.647143e-01
      vertex -1.982584e+01  1.501573e+00 -2.813972e-01
      vertex -4.000000e+01  1.490077e+00 -2.771192e-01
    endloop
  endfacet
  facet normal  4.436256e-05  2.794569e-01  9.601582e-01
    outer loop
      vertex -4.000000e+01  1.490077e+00 -2.771192e-01
      vertex -1.982584e+01  1.501573e+00 -2.813972e-01
      vertex -2.073898e+01  1.539984e+00 -2.925347e-01
    endloop
  endfacet
  facet normal  3.226049e-05  2.837394e-01  9.589015e-01
    outer loop
      vertex -4.000000e+01  1.490077e+00 -2.771192e-01
      vertex -2.073898e+01  1.539984e+00 -2.925347e-01
      vertex -4.000000e+01  1.547766e+00 -2.941893e-01
    endloop
  endfacet
  facet normal -2.175337e-05  1.561783e-01  9.877289e-01
    outer loop
      vertex -4.000000e+01  1.547766e+00 -2.941893e-01
      vertex -2.073898e+01  1.539984e+00 -2.925347e-01
      vertex -2.165217e+01  1.578258e+00 -2.986067e-01
    endloop
  endfacet
  facet normal -2.767767e-06  1.450011e-01  9.894314e-01
    outer loop
      vertex -4.000000e+01  1.547766e+00 -2.941893e-01
      vertex -2.165217e+01  1.578258e+00 -2.986067e-01
      vertex -4.000000e+01  1.577242e+00 -2.985092e-01
    endloop
  endfacet
  facet normal  2.605358e-06  4.887062e-02  9.988052e-01
    outer loop
      vertex -4.000000e+01  1.577242e+00 -2.985092e-01
      vertex -2.165217e+01  1.578258e+00 -2.986067e-01
      vertex -2.234265e+01  1.606771e+00 -3.000000e-01
    endloop
  endfacet
  facet normal  2.568586e-06  4.889255e-02  9.988040e-01
    outer loop
      vertex -4.000000e+01  1.577242e+00 -2.985092e-01
      vertex -2.234265e+01  1.606771e+00 -3.000000e-01
      vertex -4.000000e+01  1.606763e+00 -2.999542e-01
    endloop
  endfacet
  facet normal -2.051616e-05  8.619239e-01  5.070376e-01
    outer loop
      vertex -1.800000e+01  1.341166e+00 -1.596556e-01
      vertex -4.000000e+01  1.314247e+00 -1.147851e-01
      vertex -1.800000e+01  1.311742e+00 -1.096370e-01
    endloop
  endfacet
  facet normal  2.184096e-05  9.327607e-01  3.604961e-01
    outer loop
      vertex -1.800000e+01  1.311742e+00 -1.096370e-01
      vertex -4.000000e+01  1.314247e+00 -1.147851e-01
      vertex -4.000000e+01  1.292500e+00 -5.851681e-02
    endloop
  endfacet
  facet normal -1.093111e-05  9.374378e-01  3.481529e-01
    outer loop
      vertex -1.800000e+01  1.311742e+00 -1.096370e-01
      vertex -4.000000e+01  1.292500e+00 -5.851681e-02
      vertex -1.800000e+01  1.291745e+00 -5.579199e-02
    endloop
  endfacet
  facet normal  1.165189e-05  9.839033e-01  1.787013e-01
    outer loop
      vertex -1.800000e+01  1.291745e+00 -5.579199e-02
      vertex -4.000000e+01  1.292500e+00 -5.851681e-02
      vertex -4.000000e+01  1.281872e+00 -7.981325e-10
    endloop
  endfacet
  facet normal  -0.000000e+00  9.847018e-01  1.742480e-01
    outer loop
      vertex -1.800000e+01  1.291745e+00 -5.579199e-02
      vertex -4.000000e+01  1.281872e+00 -7.981325e-10
      vertex -1.800000e+01  1.281872e+00 -7.981325e-10
    endloop
  endfacet
  facet normal -4.789707e-05  7.526045e-01 -6.584729e-01
    outer loop
      vertex -4.000000e+01  1.352096e+00  2.120919e-01
      vertex -1.800000e+01  1.364887e+00  2.251107e-01
      vertex -1.800000e+01  1.332755e+00  1.883852e-01
    endloop
  endfacet
  facet normal  4.217975e-05  6.767746e-01 -7.361902e-01
    outer loop
      vertex -1.800000e+01  1.364887e+00  2.251107e-01
      vertex -4.000000e+01  1.352096e+00  2.120919e-01
      vertex -4.000000e+01  1.385347e+00  2.426586e-01
    endloop
  endfacet
  facet normal  4.718158e-05  3.942079e-01 -9.190212e-01
    outer loop
      vertex -1.895500e+01  1.442036e+00  2.763095e-01
      vertex -4.000000e+01  1.423435e+00  2.672501e-01
      vertex -4.000000e+01  1.465423e+00  2.852607e-01
    endloop
  endfacet
  facet normal -2.835666e-05  3.350990e-01 -9.421829e-01
    outer loop
      vertex -4.000000e+01  1.465423e+00  2.852607e-01
      vertex -1.987100e+01  1.479460e+00  2.896471e-01
      vertex -1.895500e+01  1.442036e+00  2.763095e-01
    endloop
  endfacet
  facet normal -2.038607e-05 -6.765378e-01 -7.364080e-01
    outer loop
      vertex -4.000000e+01  1.776299e+00  2.120810e-01
      vertex -2.183946e+01  1.786866e+00  2.018698e-01
      vertex -2.181832e+01  1.763884e+00  2.229830e-01
    endloop
  endfacet
  facet normal  5.468171e-05 -7.418846e-01 -6.705275e-01
    outer loop
      vertex -2.183946e+01  1.786866e+00  2.018698e-01
      vertex -4.000000e+01  1.776299e+00  2.120810e-01
      vertex -4.000000e+01  1.817381e+00  1.666272e-01
    endloop
  endfacet
  facet normal -5.348584e-05 -7.694747e-01 -6.386772e-01
    outer loop
      vertex -4.000000e+01  1.817381e+00  1.666272e-01
      vertex -2.188593e+01  1.825378e+00  1.554756e-01
      vertex -2.183946e+01  1.786866e+00  2.018698e-01
    endloop
  endfacet
  facet normal  7.553164e-05 -9.327607e-01 -3.604961e-01
    outer loop
      vertex -4.000000e+01  1.871157e+00  5.850133e-02
      vertex -2.195877e+01  1.863165e+00  8.296052e-02
      vertex -4.000000e+01  1.849411e+00  1.147697e-01
    endloop
  endfacet
  facet normal -5.055329e-05  6.191543e-01 -7.852693e-01
    outer loop
      vertex -1.800000e+01  1.403256e+00  2.553636e-01
      vertex -1.800000e+01  1.364887e+00  2.251107e-01
      vertex -4.000000e+01  1.385347e+00  2.426586e-01
    endloop
  endfacet
  facet normal  4.359181e-05  5.424134e-01 -8.401118e-01
    outer loop
      vertex -1.800000e+01  1.403256e+00  2.553636e-01
      vertex -4.000000e+01  1.385347e+00  2.426586e-01
      vertex -4.000000e+01  1.423435e+00  2.672501e-01
    endloop
  endfacet
  facet normal -4.043351e-05  4.744619e-01 -8.802760e-01
    outer loop
      vertex -1.800000e+01  1.403256e+00  2.553636e-01
      vertex -4.000000e+01  1.423435e+00  2.672501e-01
      vertex -1.895500e+01  1.442036e+00  2.763095e-01
    endloop
  endfacet
  facet normal  1.349562e-05  9.978289e-01 -6.585965e-02
    outer loop
      vertex -4.000000e+01  1.282807e+00  5.882046e-02
      vertex -1.800000e+01  1.281972e+00  5.067671e-02
      vertex -4.000000e+01  1.280875e+00  2.955408e-02
    endloop
  endfacet
  facet normal -4.796203e-05  9.999981e-01 -1.961855e-03
    outer loop
      vertex -4.000000e+01  1.280875e+00  2.955408e-02
      vertex -1.800000e+01  1.281972e+00  5.067671e-02
      vertex -1.800000e+01  1.281872e+00 -7.981325e-10
    endloop
  endfacet
  facet normal  0.000000e+00  9.994313e-01  3.372186e-02
    outer loop
      vertex -4.000000e+01  1.280875e+00  2.955408e-02
      vertex -1.800000e+01  1.281872e+00 -7.981325e-10
      vertex -4.000000e+01  1.281872e+00 -7.981325e-10
    endloop
  endfacet
  facet normal  1.651097e-05  9.642102e-01 -2.651393e-01
    outer loop
      vertex -4.000000e+01  1.295163e+00  1.147840e-01
      vertex -1.800000e+01  1.290693e+00  9.989616e-02
      vertex -4.000000e+01  1.287583e+00  8.721782e-02
    endloop
  endfacet
  facet normal -3.863383e-05  9.846631e-01 -1.744661e-01
    outer loop
      vertex -4.000000e+01  1.287583e+00  8.721782e-02
      vertex -1.800000e+01  1.290693e+00  9.989616e-02
      vertex -1.800000e+01  1.281972e+00  5.067671e-02
    endloop
  endfacet
  facet normal -2.396615e-05  9.861488e-01 -1.658634e-01
    outer loop
      vertex -4.000000e+01  1.287583e+00  8.721782e-02
      vertex -1.800000e+01  1.281972e+00  5.067671e-02
      vertex -4.000000e+01  1.282807e+00  5.882046e-02
    endloop
  endfacet
  facet normal  1.854532e-05  7.831972e-01 -6.217734e-01
    outer loop
      vertex -4.000000e+01  1.352096e+00  2.120919e-01
      vertex -1.800000e+01  1.332755e+00  1.883852e-01
      vertex -4.000000e+01  1.328678e+00  1.825943e-01
    endloop
  endfacet
  facet normal -2.522661e-05  8.603122e-01 -5.097676e-01
    outer loop
      vertex -4.000000e+01  1.328678e+00  1.825943e-01
      vertex -1.800000e+01  1.332755e+00  1.883852e-01
      vertex -1.800000e+01  1.307784e+00  1.462432e-01
    endloop
  endfacet
  facet normal -1.467708e-05  8.631209e-01 -5.049974e-01
    outer loop
      vertex -4.000000e+01  1.328678e+00  1.825943e-01
      vertex -1.800000e+01  1.307784e+00  1.462432e-01
      vertex -4.000000e+01  1.309592e+00  1.499722e-01
    endloop
  endfacet
  facet normal  1.844638e-05  9.382368e-01 -3.459935e-01
    outer loop
      vertex -4.000000e+01  1.309592e+00  1.499722e-01
      vertex -1.800000e+01  1.307784e+00  1.462432e-01
      vertex -1.800000e+01  1.290693e+00  9.989616e-02
    endloop
  endfacet
  facet normal -6.871888e-05  9.252399e-01 -3.793828e-01
    outer loop
      vertex -4.000000e+01  1.309592e+00  1.499722e-01
      vertex -1.800000e+01  1.290693e+00  9.989616e-02
      vertex -4.000000e+01  1.295163e+00  1.147840e-01
    endloop
  endfacet
  facet normal  3.650163e-05 -3.043948e-01 -9.525459e-01
    outer loop
      vertex -2.175878e+01  1.661625e+00  2.816235e-01
      vertex -2.175219e+01  1.641448e+00  2.880712e-01
      vertex -4.000000e+01  1.673581e+00  2.771037e-01
    endloop
  endfacet
  facet normal  1.595157e-04 -2.406982e-01 -9.705999e-01
    outer loop
      vertex -4.000000e+01  1.673581e+00  2.771037e-01
      vertex -2.175219e+01  1.641448e+00  2.880712e-01
      vertex -2.174723e+01  1.620620e+00  2.932372e-01
    endloop
  endfacet
  facet normal  2.428910e-05 -2.837398e-01 -9.589013e-01
    outer loop
      vertex -4.000000e+01  1.673581e+00  2.771037e-01
      vertex -2.174723e+01  1.620620e+00  2.932372e-01
      vertex -4.000000e+01  1.615892e+00  2.941739e-01
    endloop
  endfacet
  facet normal -1.148280e-05 -1.514908e-01 -9.884586e-01
    outer loop
      vertex -4.000000e+01  1.615892e+00  2.941739e-01
      vertex -2.174723e+01  1.620620e+00  2.932372e-01
      vertex -2.174301e+01  1.585212e+00  2.986639e-01
    endloop
  endfacet
  facet normal -3.376109e-07 -1.450011e-01 -9.894314e-01
    outer loop
      vertex -4.000000e+01  1.615892e+00  2.941739e-01
      vertex -2.174301e+01  1.585212e+00  2.986639e-01
      vertex -4.000000e+01  1.586415e+00  2.984937e-01
    endloop
  endfacet
  facet normal  6.205054e-06 -4.711907e-02 -9.988893e-01
    outer loop
      vertex -4.000000e+01  1.586415e+00  2.984937e-01
      vertex -2.174301e+01  1.585212e+00  2.986639e-01
      vertex -2.174249e+01  1.556887e+00  3.000000e-01
    endloop
  endfacet
  facet normal  3.329681e-06 -4.889255e-02 -9.988041e-01
    outer loop
      vertex -4.000000e+01  1.586415e+00  2.984937e-01
      vertex -2.174249e+01  1.556887e+00  3.000000e-01
      vertex -4.000000e+01  1.556894e+00  2.999388e-01
    endloop
  endfacet
  facet normal  3.375272e-06  6.665252e-02 -9.977762e-01
    outer loop
      vertex -4.000000e+01  1.556894e+00  2.999388e-01
      vertex -2.174249e+01  1.556887e+00  3.000000e-01
      vertex -2.078711e+01  1.517230e+00  2.973542e-01
    endloop
  endfacet
  facet normal  2.887220e-05  7.894454e-02 -9.968791e-01
    outer loop
      vertex -4.000000e+01  1.556894e+00  2.999388e-01
      vertex -2.078711e+01  1.517230e+00  2.973542e-01
      vertex -4.000000e+01  1.510278e+00  2.962471e-01
    endloop
  endfacet
  facet normal -1.575427e-05  1.995613e-01 -9.798853e-01
    outer loop
      vertex -4.000000e+01  1.510278e+00  2.962471e-01
      vertex -2.078711e+01  1.517230e+00  2.973542e-01
      vertex -1.987100e+01  1.479460e+00  2.896471e-01
    endloop
  endfacet
  facet normal  4.576390e-05  2.379009e-01 -9.712894e-01
    outer loop
      vertex -4.000000e+01  1.510278e+00  2.962471e-01
      vertex -1.987100e+01  1.479460e+00  2.896471e-01
      vertex -4.000000e+01  1.465423e+00  2.852607e-01
    endloop
  endfacet
  facet normal -8.591595e-06 -3.650430e-01 -9.309907e-01
    outer loop
      vertex -2.175878e+01  1.661625e+00  2.816235e-01
      vertex -4.000000e+01  1.673581e+00  2.771037e-01
      vertex -2.176668e+01  1.681011e+00  2.740223e-01
    endloop
  endfacet
  facet normal  3.519665e-05 -4.555834e-01 -8.901932e-01
    outer loop
      vertex -2.176668e+01  1.681011e+00  2.740223e-01
      vertex -4.000000e+01  1.673581e+00  2.771037e-01
      vertex -4.000000e+01  1.727744e+00  2.493844e-01
    endloop
  endfacet
  facet normal  8.565706e-05 -4.400082e-01 -8.979937e-01
    outer loop
      vertex -2.176668e+01  1.681011e+00  2.740223e-01
      vertex -4.000000e+01  1.727744e+00  2.493844e-01
      vertex -2.178163e+01  1.710810e+00  2.594192e-01
    endloop
  endfacet
  facet normal -2.086469e-05 -5.263370e-01 -8.502761e-01
    outer loop
      vertex -2.178163e+01  1.710810e+00  2.594192e-01
      vertex -4.000000e+01  1.727744e+00  2.493844e-01
      vertex -2.179894e+01  1.738494e+00  2.422832e-01
    endloop
  endfacet
  facet normal  5.044230e-05 -6.092293e-01 -7.929941e-01
    outer loop
      vertex -2.179894e+01  1.738494e+00  2.422832e-01
      vertex -4.000000e+01  1.727744e+00  2.493844e-01
      vertex -4.000000e+01  1.776299e+00  2.120810e-01
    endloop
  endfacet
  facet normal  6.419350e-05 -6.051185e-01 -7.961354e-01
    outer loop
      vertex -2.179894e+01  1.738494e+00  2.422832e-01
      vertex -4.000000e+01  1.776299e+00  2.120810e-01
      vertex -2.181832e+01  1.763884e+00  2.229830e-01
    endloop
  endfacet
  facet normal -1.796919e-05 -9.141114e-01 -4.054630e-01
    outer loop
      vertex -2.195877e+01  1.863165e+00  8.296052e-02
      vertex -2.192169e+01  1.846800e+00  1.198548e-01
      vertex -4.000000e+01  1.849411e+00  1.147697e-01
    endloop
  endfacet
  facet normal  2.120425e-05 -8.569585e-01 -5.153856e-01
    outer loop
      vertex -4.000000e+01  1.849411e+00  1.147697e-01
      vertex -2.192169e+01  1.846800e+00  1.198548e-01
      vertex -2.188593e+01  1.825378e+00  1.554756e-01
    endloop
  endfacet
  facet normal  5.209508e-05 -8.507972e-01 -5.254943e-01
    outer loop
      vertex -4.000000e+01  1.849411e+00  1.147697e-01
      vertex -2.188593e+01  1.825378e+00  1.554756e-01
      vertex -4.000000e+01  1.817381e+00  1.666272e-01
    endloop
  endfacet
  facet normal -3.951972e-05 -9.587837e-01 -2.841368e-01
    outer loop
      vertex -2.195877e+01  1.863165e+00  8.296052e-02
      vertex -4.000000e+01  1.871157e+00  5.850133e-02
      vertex -2.200026e+01  1.875404e+00  4.166620e-02
    endloop
  endfacet
  facet normal  6.502115e-05 -9.839034e-01 -1.787013e-01
    outer loop
      vertex -2.200026e+01  1.875404e+00  4.166620e-02
      vertex -4.000000e+01  1.871157e+00  5.850133e-02
      vertex -4.000000e+01  1.881785e+00 -1.547906e-05
    endloop
  endfacet
  facet normal  3.247929e-06 -9.882734e-01 -1.526942e-01
    outer loop
      vertex -2.200026e+01  1.875404e+00  4.166620e-02
      vertex -4.000000e+01  1.881785e+00 -1.547906e-05
      vertex -2.204273e+01  1.881842e+00  1.176032e-15
    endloop
  endfacet
  facet normal  5.208912e-05 -9.409202e-01 -3.386284e-01
    outer loop
      vertex -4.000000e+01  2.920521e-01  1.643673e+00
      vertex -2.037279e+01  2.836899e-01  1.669928e+00
      vertex -4.000000e+01  2.765362e-01  1.686786e+00
    endloop
  endfacet
  facet normal -4.949734e-05 -9.629444e-01 -2.696998e-01
    outer loop
      vertex -4.000000e+01  2.920521e-01  1.643673e+00
      vertex -2.041660e+01  2.959612e-01  1.626122e+00
      vertex -2.037279e+01  2.836899e-01  1.669928e+00
    endloop
  endfacet
  facet normal  5.229453e-05 -9.868804e-01 -1.614535e-01
    outer loop
      vertex -2.041660e+01  2.959612e-01  1.626122e+00
      vertex -4.000000e+01  2.920521e-01  1.643673e+00
      vertex -4.000000e+01  2.993887e-01  1.598828e+00
    endloop
  endfacet
  facet normal -4.765730e-05 -9.958631e-01 -9.086519e-02
    outer loop
      vertex -2.041660e+01  2.959612e-01  1.626122e+00
      vertex -4.000000e+01  2.993887e-01  1.598828e+00
      vertex -2.046084e+01  3.000000e-01  1.581880e+00
    endloop
  endfacet
  facet normal  4.828351e-05 -9.246731e-01  3.807619e-01
    outer loop
      vertex -4.000000e+01  2.714417e-01  1.466492e+00
      vertex -1.861503e+01  2.813280e-01  1.487789e+00
      vertex -4.000000e+01  2.889372e-01  1.508979e+00
    endloop
  endfacet
  facet normal  4.053843e-05 -7.373663e-01  6.754932e-01
    outer loop
      vertex -1.800000e+01  2.364744e-01  1.415141e+00
      vertex -4.000000e+01  2.463443e-01  1.427235e+00
      vertex -4.000000e+01  2.143478e-01  1.392308e+00
    endloop
  endfacet
  facet normal -5.046675e-05 -6.933898e-01  7.205626e-01
    outer loop
      vertex -4.000000e+01  2.143478e-01  1.392308e+00
      vertex -1.800000e+01  1.992542e-01  1.379324e+00
      vertex -1.800000e+01  2.364744e-01  1.415141e+00
    endloop
  endfacet
  facet normal -2.393983e-05 -8.976381e-01  4.407336e-01
    outer loop
      vertex -1.800000e+01  2.659188e-01  1.456439e+00
      vertex -1.861503e+01  2.813280e-01  1.487789e+00
      vertex -4.000000e+01  2.714417e-01  1.466492e+00
    endloop
  endfacet
  facet normal  3.463438e-05 -8.425353e-01  5.386413e-01
    outer loop
      vertex -1.800000e+01  2.659188e-01  1.456439e+00
      vertex -4.000000e+01  2.714417e-01  1.466492e+00
      vertex -4.000000e+01  2.463443e-01  1.427235e+00
    endloop
  endfacet
  facet normal -4.615196e-05 -8.142371e-01  5.805325e-01
    outer loop
      vertex -1.800000e+01  2.659188e-01  1.456439e+00
      vertex -4.000000e+01  2.463443e-01  1.427235e+00
      vertex -1.800000e+01  2.364744e-01  1.415141e+00
    endloop
  endfacet
  facet normal -2.316409e-05 -1.713787e-01 -9.852052e-01
    outer loop
      vertex -2.019880e+01  7.542558e-02  1.844036e+00
      vertex -2.019221e+01  3.795529e-02  1.850554e+00
      vertex -4.000000e+01  6.236614e-02  1.846774e+00
    endloop
  endfacet
  facet normal  1.201221e-04 -5.714961e-02 -9.983656e-01
    outer loop
      vertex -4.000000e+01  6.236614e-02  1.846774e+00
      vertex -2.019221e+01  3.795529e-02  1.850554e+00
      vertex -2.018999e+01 -1.617091e-15  1.852727e+00
    endloop
  endfacet
  facet normal  1.647430e-06 -9.451066e-02 -9.955239e-01
    outer loop
      vertex -4.000000e+01  6.236614e-02  1.846774e+00
      vertex -2.018999e+01 -1.617091e-15  1.852727e+00
      vertex -4.000000e+01  2.331044e-09  1.852695e+00
    endloop
  endfacet
  facet normal -1.099845e-05 -4.544441e-01 -8.907753e-01
    outer loop
      vertex -2.023109e+01  1.588635e-01  1.811625e+00
      vertex -2.021942e+01  1.359428e-01  1.823319e+00
      vertex -4.000000e+01  1.501186e-01  1.816331e+00
    endloop
  endfacet
  facet normal  5.584498e-05 -3.783665e-01 -9.256558e-01
    outer loop
      vertex -4.000000e+01  1.501186e-01  1.816331e+00
      vertex -2.021942e+01  1.359428e-01  1.823319e+00
      vertex -2.020933e+01  1.111138e-01  1.833468e+00
    endloop
  endfacet
  facet normal -3.767346e-05 -4.182129e-01 -9.083490e-01
    outer loop
      vertex -4.000000e+01  1.501186e-01  1.816331e+00
      vertex -2.020933e+01  1.111138e-01  1.833468e+00
      vertex -4.000000e+01  1.220074e-01  1.829274e+00
    endloop
  endfacet
  facet normal  4.694829e-05 -2.839241e-01 -9.588467e-01
    outer loop
      vertex -4.000000e+01  1.220074e-01  1.829274e+00
      vertex -2.020933e+01  1.111138e-01  1.833468e+00
      vertex -2.019880e+01  7.542558e-02  1.844036e+00
    endloop
  endfacet
  facet normal  5.304628e-05 -2.815534e-01 -9.595456e-01
    outer loop
      vertex -4.000000e+01  1.220074e-01  1.829274e+00
      vertex -2.019880e+01  7.542558e-02  1.844036e+00
      vertex -4.000000e+01  6.236614e-02  1.846774e+00
    endloop
  endfacet
  facet normal -1.574370e-05 -8.173755e-01 -5.761054e-01
    outer loop
      vertex -2.032671e+01  2.605947e-01  1.716037e+00
      vertex -2.030456e+01  2.449596e-01  1.738219e+00
      vertex -4.000000e+01  2.532757e-01  1.726959e+00
    endloop
  endfacet
  facet normal  5.621018e-05 -7.549118e-01 -6.558263e-01
    outer loop
      vertex -4.000000e+01  2.532757e-01  1.726959e+00
      vertex -2.030456e+01  2.449596e-01  1.738219e+00
      vertex -2.028335e+01  2.265378e-01  1.759426e+00
    endloop
  endfacet
  facet normal  2.155736e-05 -7.654670e-01 -6.434751e-01
    outer loop
      vertex -4.000000e+01  2.532757e-01  1.726959e+00
      vertex -2.028335e+01  2.265378e-01  1.759426e+00
      vertex -4.000000e+01  2.229220e-01  1.763067e+00
    endloop
  endfacet
  facet normal -9.080550e-06 -6.845154e-01 -7.289984e-01
    outer loop
      vertex -4.000000e+01  2.229220e-01  1.763067e+00
      vertex -2.028335e+01  2.265378e-01  1.759426e+00
      vertex -2.026347e+01  2.053865e-01  1.779287e+00
    endloop
  endfacet
  facet normal  1.419063e-05 -6.703722e-01 -7.420250e-01
    outer loop
      vertex -4.000000e+01  2.229220e-01  1.763067e+00
      vertex -2.026347e+01  2.053865e-01  1.779287e+00
      vertex -4.000000e+01  2.008347e-01  1.783022e+00
    endloop
  endfacet
  facet normal -1.039231e-05 -6.070021e-01 -7.947003e-01
    outer loop
      vertex -4.000000e+01  2.008347e-01  1.783022e+00
      vertex -2.026347e+01  2.053865e-01  1.779287e+00
      vertex -2.024527e+01  1.816006e-01  1.797454e+00
    endloop
  endfacet
  facet normal  1.413287e-05 -5.908684e-01 -8.067679e-01
    outer loop
      vertex -4.000000e+01  2.008347e-01  1.783022e+00
      vertex -2.024527e+01  1.816006e-01  1.797454e+00
      vertex -4.000000e+01  1.765690e-01  1.800794e+00
    endloop
  endfacet
  facet normal -8.722446e-06 -5.289368e-01 -8.486612e-01
    outer loop
      vertex -4.000000e+01  1.765690e-01  1.800794e+00
      vertex -2.024527e+01  1.816006e-01  1.797454e+00
      vertex -2.023109e+01  1.588635e-01  1.811625e+00
    endloop
  endfacet
  facet normal  1.881813e-05 -5.064956e-01 -8.622425e-01
    outer loop
      vertex -4.000000e+01  1.765690e-01  1.800794e+00
      vertex -2.023109e+01  1.588635e-01  1.811625e+00
      vertex -4.000000e+01  1.501186e-01  1.816331e+00
    endloop
  endfacet
  facet normal -1.158063e-05 -9.156290e-01 -4.020243e-01
    outer loop
      vertex -2.037279e+01  2.836899e-01  1.669928e+00
      vertex -2.034952e+01  2.734683e-01  1.693207e+00
      vertex -4.000000e+01  2.765362e-01  1.686786e+00
    endloop
  endfacet
  facet normal  2.451939e-05 -8.710480e-01 -4.911977e-01
    outer loop
      vertex -4.000000e+01  2.765362e-01  1.686786e+00
      vertex -2.034952e+01  2.734683e-01  1.693207e+00
      vertex -2.032671e+01  2.605947e-01  1.716037e+00
    endloop
  endfacet
  facet normal  4.377842e-05 -8.654040e-01 -5.010747e-01
    outer loop
      vertex -4.000000e+01  2.765362e-01  1.686786e+00
      vertex -2.032671e+01  2.605947e-01  1.716037e+00
      vertex -4.000000e+01  2.532757e-01  1.726959e+00
    endloop
  endfacet
  facet normal -2.287093e-05 -9.482812e-01  3.174314e-01
    outer loop
      vertex -1.861503e+01  2.813280e-01  1.487789e+00
      vertex -1.923021e+01  2.918414e-01  1.519152e+00
      vertex -4.000000e+01  2.889372e-01  1.508979e+00
    endloop
  endfacet
  facet normal  4.262817e-05 -9.811812e-01  1.930893e-01
    outer loop
      vertex -4.000000e+01  2.889372e-01  1.508979e+00
      vertex -1.923021e+01  2.918414e-01  1.519152e+00
      vertex -1.984547e+01  2.979804e-01  1.550483e+00
    endloop
  endfacet
  facet normal  1.351728e-05 -9.784204e-01  2.066242e-01
    outer loop
      vertex -4.000000e+01  2.889372e-01  1.508979e+00
      vertex -1.984547e+01  2.979804e-01  1.550483e+00
      vertex -4.000000e+01  2.983406e-01  1.553507e+00
    endloop
  endfacet
  facet normal -8.227334e-06 -9.979480e-01  6.403017e-02
    outer loop
      vertex -4.000000e+01  2.983406e-01  1.553507e+00
      vertex -1.984547e+01  2.979804e-01  1.550483e+00
      vertex -2.046084e+01  3.000000e-01  1.581880e+00
    endloop
  endfacet
  facet normal  5.133121e-05 -9.997328e-01  2.311971e-02
    outer loop
      vertex -4.000000e+01  2.983406e-01  1.553507e+00
      vertex -2.046084e+01  3.000000e-01  1.581880e+00
      vertex -4.000000e+01  2.993887e-01  1.598828e+00
    endloop
  endfacet
  facet normal  4.368828e-05 -6.147698e-01  7.887065e-01
    outer loop
      vertex -4.000000e+01  2.143478e-01  1.392308e+00
      vertex -4.000000e+01  1.763484e-01  1.362689e+00
      vertex -1.800000e+01  1.992542e-01  1.379324e+00
    endloop
  endfacet
  facet normal -1.238005e-04 -5.070668e-01  8.619067e-01
    outer loop
      vertex -1.800000e+01  1.992542e-01  1.379324e+00
      vertex -4.000000e+01  1.763484e-01  1.362689e+00
      vertex -4.000000e+01  1.507845e-01  1.347649e+00
    endloop
  endfacet
  facet normal  2.312919e-05 -5.543837e-01  8.322612e-01
    outer loop
      vertex -1.800000e+01  1.992542e-01  1.379324e+00
      vertex -4.000000e+01  1.507845e-01  1.347649e+00
      vertex -1.800000e+01  1.554824e-01  1.350167e+00
    endloop
  endfacet
  facet normal -1.371378e-05 -4.217524e-01  9.067110e-01
    outer loop
      vertex -1.800000e+01  1.554824e-01  1.350167e+00
      vertex -4.000000e+01  1.507845e-01  1.347649e+00
      vertex -4.000000e+01  1.236607e-01  1.335033e+00
    endloop
  endfacet
  facet normal -4.630313e-05 -4.032141e-01  9.151057e-01
    outer loop
      vertex -1.800000e+01  1.554824e-01  1.350167e+00
      vertex -4.000000e+01  1.236607e-01  1.335033e+00
      vertex -1.800000e+01  1.065983e-01  1.328628e+00
    endloop
  endfacet
  facet normal  1.768301e-05 -3.313704e-01  9.435008e-01
    outer loop
      vertex -4.000000e+01  1.236607e-01  1.335033e+00
      vertex -4.000000e+01  9.357411e-02  1.324466e+00
      vertex -1.800000e+01  1.065983e-01  1.328628e+00
    endloop
  endfacet
  facet normal -4.382606e-05 -2.364636e-01  9.716403e-01
    outer loop
      vertex -1.800000e+01  1.065983e-01  1.328628e+00
      vertex -4.000000e+01  9.357411e-02  1.324466e+00
      vertex -4.000000e+01  6.240384e-02  1.316880e+00
    endloop
  endfacet
  facet normal -2.651075e-05 -2.445506e-01  9.696366e-01
    outer loop
      vertex -1.800000e+01  1.065983e-01  1.328628e+00
      vertex -4.000000e+01  6.240384e-02  1.316880e+00
      vertex -1.800000e+01  5.420943e-02  1.315415e+00
    endloop
  endfacet
  facet normal  3.111947e-05 -9.445725e-02  9.955289e-01
    outer loop
      vertex -1.800000e+01  5.420943e-02  1.315415e+00
      vertex -4.000000e+01  6.240384e-02  1.316880e+00
      vertex -4.000000e+01  3.854809e-05  1.310963e+00
    endloop
  endfacet
  facet normal  0.000000e+00 -8.191022e-02  9.966397e-01
    outer loop
      vertex -1.800000e+01  5.420943e-02  1.315415e+00
      vertex -4.000000e+01  3.854809e-05  1.310963e+00
      vertex -1.800000e+01  3.854809e-05  1.310963e+00
    endloop
  endfacet
  facet normal  4.477241e-05  7.654672e-01  6.434749e-01
    outer loop
      vertex -1.800000e+01 -2.364404e-01  1.415187e+00
      vertex -4.000000e+01 -2.228834e-01  1.400590e+00
      vertex -4.000000e+01 -2.532371e-01  1.436698e+00
    endloop
  endfacet
  facet normal  5.292210e-05  9.784203e-01 -2.066248e-01
    outer loop
      vertex -2.041555e+01 -2.957642e-01  1.627184e+00
      vertex -4.000000e+01 -2.983021e-01  1.610150e+00
      vertex -4.000000e+01 -2.888986e-01  1.654678e+00
    endloop
  endfacet
  facet normal -5.121883e-05  9.610249e-01 -2.764619e-01
    outer loop
      vertex -4.000000e+01 -2.888986e-01  1.654678e+00
      vertex -2.037054e+01 -2.828083e-01  1.672212e+00
      vertex -2.041555e+01 -2.957642e-01  1.627184e+00
    endloop
  endfacet
  facet normal  5.322569e-05  9.246732e-01 -3.807619e-01
    outer loop
      vertex -2.037054e+01 -2.828083e-01  1.672212e+00
      vertex -4.000000e+01 -2.888986e-01  1.654678e+00
      vertex -4.000000e+01 -2.714031e-01  1.697165e+00
    endloop
  endfacet
  facet normal -5.447695e-05  8.926094e-01 -4.508307e-01
    outer loop
      vertex -4.000000e+01 -2.714031e-01  1.697165e+00
      vertex -2.032731e+01 -2.609850e-01  1.715415e+00
      vertex -2.037054e+01 -2.828083e-01  1.672212e+00
    endloop
  endfacet
  facet normal -5.412925e-05  6.993046e-01 -7.148236e-01
    outer loop
      vertex -4.000000e+01 -2.143092e-01  1.771349e+00
      vertex -2.025953e+01 -2.006355e-01  1.783231e+00
      vertex -2.029635e+01 -2.383156e-01  1.746372e+00
    endloop
  endfacet
  facet normal  1.055509e-04  8.152181e-01 -5.791541e-01
    outer loop
      vertex -2.030241e+01 -2.433035e-01  1.740308e+00
      vertex -2.032731e+01 -2.609850e-01  1.715415e+00
      vertex -4.000000e+01 -2.714031e-01  1.697165e+00
    endloop
  endfacet
  facet normal -2.215280e-05  8.425354e-01 -5.386411e-01
    outer loop
      vertex -2.030241e+01 -2.433035e-01  1.740308e+00
      vertex -4.000000e+01 -2.714031e-01  1.697165e+00
      vertex -4.000000e+01 -2.463057e-01  1.736422e+00
    endloop
  endfacet
  facet normal  2.087403e-05  7.373662e-01 -6.754932e-01
    outer loop
      vertex -2.030241e+01 -2.433035e-01  1.740308e+00
      vertex -4.000000e+01 -2.463057e-01  1.736422e+00
      vertex -4.000000e+01 -2.143092e-01  1.771349e+00
    endloop
  endfacet
  facet normal  1.355125e-04  7.722440e-01 -6.353261e-01
    outer loop
      vertex -2.030241e+01 -2.433035e-01  1.740308e+00
      vertex -4.000000e+01 -2.143092e-01  1.771349e+00
      vertex -2.029635e+01 -2.383156e-01  1.746372e+00
    endloop
  endfacet
  facet normal -2.205538e-05  9.979436e-01  6.409910e-02
    outer loop
      vertex -2.046105e+01 -3.000000e-01  1.581669e+00
      vertex -1.984583e+01 -2.979839e-01  1.550492e+00
      vertex -4.000000e+01 -2.993501e-01  1.564829e+00
    endloop
  endfacet
  facet normal  5.317410e-05  9.997327e-01 -2.311971e-02
    outer loop
      vertex -2.046105e+01 -3.000000e-01  1.581669e+00
      vertex -4.000000e+01 -2.993501e-01  1.564829e+00
      vertex -4.000000e+01 -2.983021e-01  1.610150e+00
    endloop
  endfacet
  facet normal -4.847729e-05  9.957020e-01 -9.261518e-02
    outer loop
      vertex -2.046105e+01 -3.000000e-01  1.581669e+00
      vertex -4.000000e+01 -2.983021e-01  1.610150e+00
      vertex -2.041555e+01 -2.957642e-01  1.627184e+00
    endloop
  endfacet
  facet normal -5.413235e-05  8.142952e-01  5.804510e-01
    outer loop
      vertex -1.800000e+01 -2.658880e-01  1.456498e+00
      vertex -1.800000e+01 -2.364404e-01  1.415187e+00
      vertex -4.000000e+01 -2.532371e-01  1.436698e+00
    endloop
  endfacet
  facet normal  4.669189e-05  8.654034e-01  5.010758e-01
    outer loop
      vertex -1.800000e+01 -2.658880e-01  1.456498e+00
      vertex -4.000000e+01 -2.532371e-01  1.436698e+00
      vertex -4.000000e+01 -2.764977e-01  1.476871e+00
    endloop
  endfacet
  facet normal -2.438387e-05  8.974895e-01  4.410357e-01
    outer loop
      vertex -1.800000e+01 -2.658880e-01  1.456498e+00
      vertex -4.000000e+01 -2.764977e-01  1.476871e+00
      vertex -1.861515e+01 -2.813108e-01  1.487848e+00
    endloop
  endfacet
  facet normal -2.649157e-05  2.446330e-01  9.696158e-01
    outer loop
      vertex -1.800000e+01 -1.065410e-01  1.328640e+00
      vertex -1.800000e+01 -5.414204e-02  1.315419e+00
      vertex -4.000000e+01 -6.232759e-02  1.316883e+00
    endloop
  endfacet
  facet normal  3.582553e-05  8.197843e-02  9.966341e-01
    outer loop
      vertex -4.000000e+01 -6.232759e-02  1.316883e+00
      vertex -1.800000e+01 -5.414204e-02  1.315419e+00
      vertex -1.800000e+01  3.854809e-05  1.310963e+00
    endloop
  endfacet
  facet normal  0.000000e+00  9.451067e-02  9.955239e-01
    outer loop
      vertex -4.000000e+01 -6.232759e-02  1.316883e+00
      vertex -1.800000e+01  3.854809e-05  1.310963e+00
      vertex -4.000000e+01  3.854809e-05  1.310963e+00
    endloop
  endfacet
  facet normal  5.308844e-05  2.815533e-01  9.595456e-01
    outer loop
      vertex -4.000000e+01 -6.232759e-02  1.316883e+00
      vertex -4.000000e+01 -1.219689e-01  1.334384e+00
      vertex -1.800000e+01 -1.065410e-01  1.328640e+00
    endloop
  endfacet
  facet normal -5.611376e-05  4.182128e-01  9.083490e-01
    outer loop
      vertex -1.800000e+01 -1.065410e-01  1.328640e+00
      vertex -4.000000e+01 -1.219689e-01  1.334384e+00
      vertex -4.000000e+01 -1.500801e-01  1.347326e+00
    endloop
  endfacet
  facet normal -2.089361e-05  4.033000e-01  9.150677e-01
    outer loop
      vertex -1.800000e+01 -1.065410e-01  1.328640e+00
      vertex -4.000000e+01 -1.500801e-01  1.347326e+00
      vertex -1.800000e+01 -1.554345e-01  1.350188e+00
    endloop
  endfacet
  facet normal  1.109523e-05  5.064955e-01  8.622426e-01
    outer loop
      vertex -4.000000e+01 -1.500801e-01  1.347326e+00
      vertex -4.000000e+01 -1.765304e-01  1.362864e+00
      vertex -1.800000e+01 -1.554345e-01  1.350188e+00
    endloop
  endfacet
  facet normal -1.017716e-04  5.908684e-01  8.067680e-01
    outer loop
      vertex -1.800000e+01 -1.554345e-01  1.350188e+00
      vertex -4.000000e+01 -1.765304e-01  1.362864e+00
      vertex -4.000000e+01 -2.007962e-01  1.380636e+00
    endloop
  endfacet
  facet normal  8.489887e-06  5.544667e-01  8.322060e-01
    outer loop
      vertex -1.800000e+01 -1.554345e-01  1.350188e+00
      vertex -4.000000e+01 -2.007962e-01  1.380636e+00
      vertex -1.800000e+01 -1.992144e-01  1.379357e+00
    endloop
  endfacet
  facet normal -5.083190e-06  6.703722e-01  7.420250e-01
    outer loop
      vertex -1.800000e+01 -1.992144e-01  1.379357e+00
      vertex -4.000000e+01 -2.007962e-01  1.380636e+00
      vertex -4.000000e+01 -2.228834e-01  1.400590e+00
    endloop
  endfacet
  facet normal -5.070147e-05  6.934600e-01  7.204952e-01
    outer loop
      vertex -1.800000e+01 -1.992144e-01  1.379357e+00
      vertex -4.000000e+01 -2.228834e-01  1.400590e+00
      vertex -1.800000e+01 -2.364404e-01  1.415187e+00
    endloop
  endfacet
  facet normal  3.795739e-05  9.409202e-01  3.386281e-01
    outer loop
      vertex -4.000000e+01 -2.764977e-01  1.476871e+00
      vertex -4.000000e+01 -2.920135e-01  1.519984e+00
      vertex -1.861515e+01 -2.813108e-01  1.487848e+00
    endloop
  endfacet
  facet normal  4.771652e-06  9.478090e-01  3.188388e-01
    outer loop
      vertex -1.861515e+01 -2.813108e-01  1.487848e+00
      vertex -4.000000e+01 -2.920135e-01  1.519984e+00
      vertex -1.923045e+01 -2.918436e-01  1.519168e+00
    endloop
  endfacet
  facet normal -1.731354e-06  9.868803e-01  1.614535e-01
    outer loop
      vertex -4.000000e+01 -2.920135e-01  1.519984e+00
      vertex -4.000000e+01 -2.993501e-01  1.564829e+00
      vertex -1.923045e+01 -2.918436e-01  1.519168e+00
    endloop
  endfacet
  facet normal  7.128881e-05  9.810587e-01  1.937108e-01
    outer loop
      vertex -1.923045e+01 -2.918436e-01  1.519168e+00
      vertex -4.000000e+01 -2.993501e-01  1.564829e+00
      vertex -1.984583e+01 -2.979839e-01  1.550492e+00
    endloop
  endfacet
  facet normal -1.041706e-05  1.841601e-01 -9.828963e-01
    outer loop
      vertex -2.019357e+01 -4.850037e-02  1.849165e+00
      vertex -2.019820e+01 -7.326318e-02  1.844525e+00
      vertex -4.000000e+01 -6.236529e-02  1.846777e+00
    endloop
  endfacet
  facet normal  3.240227e-05  2.584766e-01 -9.660175e-01
    outer loop
      vertex -4.000000e+01 -6.236529e-02  1.846777e+00
      vertex -2.019820e+01 -7.326318e-02  1.844525e+00
      vertex -2.020455e+01 -9.703346e-02  1.838165e+00
    endloop
  endfacet
  facet normal -8.595629e-06  2.364637e-01 -9.716403e-01
    outer loop
      vertex -4.000000e+01 -6.236529e-02  1.846777e+00
      vertex -2.020455e+01 -9.703346e-02  1.838165e+00
      vertex -4.000000e+01 -9.353555e-02  1.839191e+00
    endloop
  endfacet
  facet normal  1.138383e-05  3.403367e-01 -9.403037e-01
    outer loop
      vertex -4.000000e+01 -9.353555e-02  1.839191e+00
      vertex -2.020455e+01 -9.703346e-02  1.838165e+00
      vertex -2.021502e+01 -1.259149e-01  1.827711e+00
    endloop
  endfacet
  facet normal -5.145256e-06  3.313703e-01 -9.435008e-01
    outer loop
      vertex -4.000000e+01 -9.353555e-02  1.839191e+00
      vertex -2.021502e+01 -1.259149e-01  1.827711e+00
      vertex -4.000000e+01 -1.236222e-01  1.828625e+00
    endloop
  endfacet
  facet normal  8.006563e-06  4.288761e-01 -9.033633e-01
    outer loop
      vertex -4.000000e+01 -1.236222e-01  1.828625e+00
      vertex -2.021502e+01 -1.259149e-01  1.827711e+00
      vertex -2.022791e+01 -1.529922e-01  1.814856e+00
    endloop
  endfacet
  facet normal -4.906378e-06  4.217524e-01 -9.067111e-01
    outer loop
      vertex -4.000000e+01 -1.236222e-01  1.828625e+00
      vertex -2.022791e+01 -1.529922e-01  1.814856e+00
      vertex -4.000000e+01 -1.507460e-01  1.816008e+00
    endloop
  endfacet
  facet normal  8.332913e-06  5.133918e-01 -8.581544e-01
    outer loop
      vertex -4.000000e+01 -1.507460e-01  1.816008e+00
      vertex -2.022791e+01 -1.529922e-01  1.814856e+00
      vertex -2.024289e+01 -1.779971e-01  1.799897e+00
    endloop
  endfacet
  facet normal -3.445509e-06  5.070699e-01 -8.619050e-01
    outer loop
      vertex -4.000000e+01 -1.507460e-01  1.816008e+00
      vertex -2.024289e+01 -1.779971e-01  1.799897e+00
      vertex -4.000000e+01 -1.763099e-01  1.800969e+00
    endloop
  endfacet
  facet normal  6.947739e-06  5.928384e-01 -8.053215e-01
    outer loop
      vertex -4.000000e+01 -1.763099e-01  1.800969e+00
      vertex -2.024289e+01 -1.779971e-01  1.799897e+00
      vertex -2.025953e+01 -2.006355e-01  1.783231e+00
    endloop
  endfacet
  facet normal  4.889898e-05  6.147683e-01 -7.887077e-01
    outer loop
      vertex -4.000000e+01 -1.763099e-01  1.800969e+00
      vertex -2.025953e+01 -2.006355e-01  1.783231e+00
      vertex -4.000000e+01 -2.143092e-01  1.771349e+00
    endloop
  endfacet
  facet normal  4.297872e-05  1.097873e-01 -9.939551e-01
    outer loop
      vertex -2.019357e+01 -4.850037e-02  1.849165e+00
      vertex -4.000000e+01 -6.236529e-02  1.846777e+00
      vertex -2.019089e+01 -2.431420e-02  1.851837e+00
    endloop
  endfacet
  facet normal  7.282799e-05  9.445725e-02 -9.955289e-01
    outer loop
      vertex -2.019089e+01 -2.431420e-02  1.851837e+00
      vertex -4.000000e+01 -6.236529e-02  1.846777e+00
      vertex -4.000000e+01  2.331044e-09  1.852695e+00
    endloop
  endfacet
  facet normal  1.653743e-06  3.660471e-02 -9.993298e-01
    outer loop
      vertex -2.019089e+01 -2.431420e-02  1.851837e+00
      vertex -4.000000e+01  2.331044e-09  1.852695e+00
      vertex -2.018999e+01 -1.617091e-15  1.852727e+00
    endloop
  endfacet
  facet normal  1.230261e-01  7.331146e-01 -6.688854e-01
    outer loop
      vertex  3.275536e+00  1.124464e+00 -1.124470e+00
      vertex -8.042720e+00  2.059443e+00 -2.181443e+00
      vertex  3.166265e+00  1.233735e+00 -1.024804e+00
    endloop
  endfacet
  facet normal  1.237209e-01  6.609787e-01 -7.401354e-01
    outer loop
      vertex  3.275536e+00  1.124464e+00 -1.124470e+00
      vertex  3.143664e+00  1.001490e+00 -1.256336e+00
      vertex -8.042720e+00  2.059443e+00 -2.181443e+00
    endloop
  endfacet
  facet normal  1.227962e-01  7.728739e-01  6.225648e-01
    outer loop
      vertex  3.142264e+00  1.257736e+00  1.000012e+00
      vertex -8.042720e+00  2.476755e+00  1.692833e+00
      vertex -8.042720e+00  2.181446e+00  2.059441e+00
    endloop
  endfacet
  facet normal  1.228669e-01  8.607413e-01  4.939920e-01
    outer loop
      vertex  3.021494e+00  1.378506e+00  8.545261e-01
      vertex -8.042720e+00  2.711080e+00  1.284541e+00
      vertex -8.042720e+00  2.476755e+00  1.692833e+00
    endloop
  endfacet
  facet normal  1.238193e-01  8.116030e-01  5.709374e-01
    outer loop
      vertex  3.021494e+00  1.378506e+00  8.545261e-01
      vertex -8.042720e+00  2.476755e+00  1.692833e+00
      vertex  3.142264e+00  1.257736e+00  1.000012e+00
    endloop
  endfacet
  facet normal  1.227735e-01  9.274322e-01  3.532650e-01
    outer loop
      vertex  2.864185e+00  1.535815e+00  5.794024e-01
      vertex -8.042720e+00  2.878648e+00  8.446208e-01
      vertex -8.042720e+00  2.711080e+00  1.284541e+00
    endloop
  endfacet
  facet normal  1.236353e-01  9.101531e-01  3.953929e-01
    outer loop
      vertex  2.864185e+00  1.535815e+00  5.794024e-01
      vertex -8.042720e+00  2.711080e+00  1.284541e+00
      vertex  2.936557e+00  1.463443e+00  7.233644e-01
    endloop
  endfacet
  facet normal  1.228220e-01  9.712709e-01  2.038321e-01
    outer loop
      vertex  2.794826e+00  1.605174e+00  3.824749e-01
      vertex -8.042720e+00  2.975335e+00  3.839028e-01
      vertex -8.042720e+00  2.878648e+00  8.446208e-01
    endloop
  endfacet
  facet normal  1.238802e-01  9.488084e-01  2.905450e-01
    outer loop
      vertex  2.794826e+00  1.605174e+00  3.824749e-01
      vertex -8.042720e+00  2.878648e+00  8.446208e-01
      vertex  2.864185e+00  1.535815e+00  5.794024e-01
    endloop
  endfacet
  facet normal  1.229854e-01  9.911792e-01  4.938103e-02
    outer loop
      vertex  2.753731e+00  1.646268e+00  1.720167e-01
      vertex -8.042720e+00  2.998759e+00 -8.626813e-02
      vertex -8.042720e+00  2.975335e+00  3.839028e-01
    endloop
  endfacet
  facet normal  1.236715e-01  9.830676e-01  1.352166e-01
    outer loop
      vertex  2.753731e+00  1.646268e+00  1.720167e-01
      vertex -8.042720e+00  2.975335e+00  3.839028e-01
      vertex  2.770494e+00  1.629506e+00  2.785548e-01
    endloop
  endfacet
  facet normal  1.227980e-01  9.867241e-01 -1.062832e-01
    outer loop
      vertex  2.759049e+00  1.640951e+00 -2.118447e-01
      vertex -8.042720e+00  2.948344e+00 -5.543149e-01
      vertex -8.042720e+00  2.998759e+00 -8.626813e-02
    endloop
  endfacet
  facet normal  1.236202e-01  9.898799e-01 -6.968378e-02
    outer loop
      vertex  2.759049e+00  1.640951e+00 -2.118447e-01
      vertex -8.042720e+00  2.998759e+00 -8.626813e-02
      vertex  2.743635e+00  1.656365e+00 -2.022546e-02
    endloop
  endfacet
  facet normal  1.228001e-01  9.579493e-01 -2.593323e-01
    outer loop
      vertex  2.799106e+00  1.600894e+00 -3.978072e-01
      vertex -8.042720e+00  2.825332e+00 -1.008713e+00
      vertex -8.042720e+00  2.948344e+00 -5.543149e-01
    endloop
  endfacet
  facet normal  1.238487e-01  9.752084e-01 -1.833854e-01
    outer loop
      vertex  2.799106e+00  1.600894e+00 -3.978072e-01
      vertex -8.042720e+00  2.948344e+00 -5.543149e-01
      vertex  2.759049e+00  1.640951e+00 -2.118447e-01
    endloop
  endfacet
  facet normal  1.235866e-01  9.480510e-01 -2.931305e-01
    outer loop
      vertex  2.861285e+00  1.538715e+00 -5.726920e-01
      vertex -8.042720e+00  2.825332e+00 -1.008713e+00
      vertex  2.799106e+00  1.600894e+00 -3.978072e-01
    endloop
  endfacet
  facet normal  1.229212e-01  7.357936e-01 -6.659566e-01
    outer loop
      vertex  3.166265e+00  1.233735e+00 -1.024804e+00
      vertex -8.042720e+00  2.059443e+00 -2.181443e+00
      vertex -8.042720e+00  2.375341e+00 -1.832418e+00
    endloop
  endfacet
  facet normal  1.237415e-01  7.924644e-01 -5.972339e-01
    outer loop
      vertex  3.166265e+00  1.233735e+00 -1.024804e+00
      vertex -8.042720e+00  2.375341e+00 -1.832418e+00
      vertex  3.064835e+00  1.335165e+00 -9.112332e-01
    endloop
  endfacet
  facet normal  1.227954e-01  6.225657e-01 -7.728733e-01
    outer loop
      vertex  3.143664e+00  1.001490e+00 -1.256336e+00
      vertex -8.042720e+00  1.692834e+00 -2.476754e+00
      vertex -8.042720e+00  2.059443e+00 -2.181443e+00
    endloop
  endfacet
  facet normal  1.228806e-01  4.939916e-01 -8.607396e-01
    outer loop
      vertex  3.024060e+00  8.580472e-01 -1.375940e+00
      vertex -8.042720e+00  1.284542e+00 -2.711079e+00
      vertex -8.042720e+00  1.692834e+00 -2.476754e+00
    endloop
  endfacet
  facet normal  1.238058e-01  5.725492e-01 -8.104686e-01
    outer loop
      vertex  3.024060e+00  8.580472e-01 -1.375940e+00
      vertex -8.042720e+00  1.692834e+00 -2.476754e+00
      vertex  3.143664e+00  1.001490e+00 -1.256336e+00
    endloop
  endfacet
  facet normal  1.227730e-01  3.532649e-01 -9.274323e-01
    outer loop
      vertex  2.865646e+00  5.827467e-01 -1.534354e+00
      vertex -8.042720e+00  8.446208e-01 -2.878648e+00
      vertex -8.042720e+00  1.284542e+00 -2.711079e+00
    endloop
  endfacet
  facet normal  1.236557e-01  3.975099e-01 -9.092278e-01
    outer loop
      vertex  2.865646e+00  5.827467e-01 -1.534354e+00
      vertex -8.042720e+00  1.284542e+00 -2.711079e+00
      vertex  2.938562e+00  7.268466e-01 -1.461438e+00
    endloop
  endfacet
  facet normal  1.228306e-01  2.038315e-01 -9.712700e-01
    outer loop
      vertex  2.795726e+00  3.857545e-01 -1.604274e+00
      vertex -8.042720e+00  3.839019e-01 -2.975335e+00
      vertex -8.042720e+00  8.446208e-01 -2.878648e+00
    endloop
  endfacet
  facet normal  1.238735e-01  2.925765e-01 -9.481848e-01
    outer loop
      vertex  2.795726e+00  3.857545e-01 -1.604274e+00
      vertex -8.042720e+00  8.446208e-01 -2.878648e+00
      vertex  2.865646e+00  5.827467e-01 -1.534354e+00
    endloop
  endfacet
  facet normal  1.230009e-01  4.938084e-02 -9.911772e-01
    outer loop
      vertex  2.754102e+00  1.750919e-01 -1.645898e+00
      vertex -8.042720e+00 -8.627000e-02 -2.998759e+00
      vertex -8.042720e+00  3.839019e-01 -2.975335e+00
    endloop
  endfacet
  facet normal  1.236668e-01  1.371046e-01 -9.828066e-01
    outer loop
      vertex  2.754102e+00  1.750919e-01 -1.645898e+00
      vertex -8.042720e+00  3.839019e-01 -2.975335e+00
      vertex  2.771123e+00  2.817500e-01 -1.628877e+00
    endloop
  endfacet
  facet normal  1.227927e-01 -1.062841e-01 -9.867247e-01
    outer loop
      vertex  2.758627e+00 -2.089640e-01 -1.641373e+00
      vertex -8.042720e+00 -5.543177e-01 -2.948344e+00
      vertex -8.042720e+00 -8.627000e-02 -2.998759e+00
    endloop
  endfacet
  facet normal  1.236403e-01 -6.790789e-02 -9.900008e-01
    outer loop
      vertex  2.758627e+00 -2.089640e-01 -1.641373e+00
      vertex -8.042720e+00 -8.627000e-02 -2.998759e+00
      vertex  2.743596e+00 -1.720117e-02 -1.656404e+00
    endloop
  endfacet
  facet normal  1.228058e-01 -2.593331e-01 -9.579484e-01
    outer loop
      vertex  2.798302e+00 -3.949753e-01 -1.601698e+00
      vertex -8.042720e+00 -1.008716e+00 -2.825330e+00
      vertex -8.042720e+00 -5.543177e-01 -2.948344e+00
    endloop
  endfacet
  facet normal  1.238483e-01 -1.816583e-01 -9.755316e-01
    outer loop
      vertex  2.798302e+00 -3.949753e-01 -1.601698e+00
      vertex -8.042720e+00 -5.543177e-01 -2.948344e+00
      vertex  2.758627e+00 -2.089640e-01 -1.641373e+00
    endloop
  endfacet
  facet normal  1.235655e-01 -2.914428e-01 -9.485740e-01
    outer loop
      vertex  2.860125e+00 -5.699816e-01 -1.539875e+00
      vertex -8.042720e+00 -1.008716e+00 -2.825330e+00
      vertex  2.798302e+00 -3.949753e-01 -1.601698e+00
    endloop
  endfacet
  facet normal  1.232113e-01  8.674798e-01  4.819727e-01
    outer loop
      vertex  3.021494e+00  1.378506e+00  8.545261e-01
      vertex  2.936557e+00  1.463443e+00  7.233644e-01
      vertex -8.042720e+00  2.711080e+00  1.284541e+00
    endloop
  endfacet
  facet normal  1.229494e-01  9.722843e-01  1.988630e-01
    outer loop
      vertex  2.794826e+00  1.605174e+00  3.824749e-01
      vertex  2.770494e+00  1.629506e+00  2.785548e-01
      vertex -8.042720e+00  2.975335e+00  3.839028e-01
    endloop
  endfacet
  facet normal  1.230969e-01  9.913465e-01  4.560044e-02
    outer loop
      vertex  2.753731e+00  1.646268e+00  1.720167e-01
      vertex  2.743635e+00  1.656365e+00 -2.022546e-02
      vertex -8.042720e+00  2.998759e+00 -8.626813e-02
    endloop
  endfacet
  facet normal  1.231667e-01  4.842232e-01 -8.662320e-01
    outer loop
      vertex  3.024060e+00  8.580472e-01 -1.375940e+00
      vertex  2.938562e+00  7.268466e-01 -1.461438e+00
      vertex -8.042720e+00  1.284542e+00 -2.711079e+00
    endloop
  endfacet
  facet normal  1.229089e-01  2.008323e-01 -9.718847e-01
    outer loop
      vertex  2.795726e+00  3.857545e-01 -1.604274e+00
      vertex  2.771123e+00  2.817500e-01 -1.628877e+00
      vertex -8.042720e+00  3.839019e-01 -2.975335e+00
    endloop
  endfacet
  facet normal  1.230590e-01  4.743605e-02 -9.912651e-01
    outer loop
      vertex  2.754102e+00  1.750919e-01 -1.645898e+00
      vertex  2.743596e+00 -1.720117e-02 -1.656404e+00
      vertex -8.042720e+00 -8.627000e-02 -2.998759e+00
    endloop
  endfacet
  facet normal  1.237212e-01  7.405543e-01  6.605090e-01
    outer loop
      vertex  3.275532e+00  1.124468e+00  1.124468e+00
      vertex  3.142264e+00  1.257736e+00  1.000012e+00
      vertex -8.042720e+00  2.181446e+00  2.059441e+00
    endloop
  endfacet
  facet normal  1.229730e-01  6.659532e-01  7.357880e-01
    outer loop
      vertex  3.275532e+00  1.124468e+00  1.124468e+00
      vertex -8.042720e+00  2.181446e+00  2.059441e+00
      vertex -8.042720e+00  1.832421e+00  2.375339e+00
    endloop
  endfacet
  facet normal  1.235039e-01  6.506982e-01  7.492253e-01
    outer loop
      vertex  3.275532e+00  1.124468e+00  1.124468e+00
      vertex -8.042720e+00  1.832421e+00  2.375339e+00
      vertex  3.113251e+00  9.684159e-01  1.286749e+00
    endloop
  endfacet
  facet normal  1.230849e-01  9.055547e-01 -4.059812e-01
    outer loop
      vertex -8.042720e+00  2.632750e+00 -1.438272e+00
      vertex -8.042720e+00  2.825332e+00 -1.008713e+00
      vertex  2.861285e+00  1.538715e+00 -5.726920e-01
    endloop
  endfacet
  facet normal  1.229810e-01  9.069270e-01 -4.029380e-01
    outer loop
      vertex -8.042720e+00  2.632750e+00 -1.438272e+00
      vertex  2.861285e+00  1.538715e+00 -5.726920e-01
      vertex  2.953533e+00  1.446467e+00 -7.521673e-01
    endloop
  endfacet
  facet normal  1.236549e-01  8.516155e-01 -5.093727e-01
    outer loop
      vertex -8.042720e+00  2.632750e+00 -1.438272e+00
      vertex  2.953533e+00  1.446467e+00 -7.521673e-01
      vertex  3.064835e+00  1.335165e+00 -9.112332e-01
    endloop
  endfacet
  facet normal  1.228172e-01  8.309241e-01 -5.426612e-01
    outer loop
      vertex -8.042720e+00  2.632750e+00 -1.438272e+00
      vertex  3.064835e+00  1.335165e+00 -9.112332e-01
      vertex -8.042720e+00  2.375341e+00 -1.832418e+00
    endloop
  endfacet
  facet normal  1.231023e-01 -4.059819e-01 -9.055521e-01
    outer loop
      vertex -8.042720e+00 -1.438277e+00 -2.632748e+00
      vertex -8.042720e+00 -1.008716e+00 -2.825330e+00
      vertex  2.860125e+00 -5.699816e-01 -1.539875e+00
    endloop
  endfacet
  facet normal  1.221322e-01 -3.790250e-01 -9.172915e-01
    outer loop
      vertex -8.042720e+00 -1.438277e+00 -2.632748e+00
      vertex  2.860125e+00 -5.699816e-01 -1.539875e+00
      vertex  2.911962e+00 -6.787308e-01 -1.488038e+00
    endloop
  endfacet
  facet normal  1.235225e-01 -4.440729e-01 -8.874353e-01
    outer loop
      vertex -8.042720e+00 -1.438277e+00 -2.632748e+00
      vertex  2.911962e+00 -6.787308e-01 -1.488038e+00
      vertex  2.971165e+00 -7.805758e-01 -1.428834e+00
    endloop
  endfacet
  facet normal  1.232810e-01  5.376704e-01  8.340937e-01
    outer loop
      vertex  2.971166e+00  7.805758e-01  1.428834e+00
      vertex  3.113251e+00  9.684159e-01  1.286749e+00
      vertex -8.042720e+00  1.438277e+00  2.632748e+00
    endloop
  endfacet
  facet normal  1.231043e-01  5.426425e-01  8.308937e-01
    outer loop
      vertex -8.042720e+00  1.438277e+00  2.632748e+00
      vertex  3.113251e+00  9.684159e-01  1.286749e+00
      vertex -8.042720e+00  1.832421e+00  2.375339e+00
    endloop
  endfacet
  facet normal  1.230197e-01 -6.685300e-01 -7.334396e-01
    outer loop
      vertex  3.275536e+00 -1.124470e+00 -1.124464e+00
      vertex -8.042720e+00 -2.181446e+00 -2.059441e+00
      vertex  3.165159e+00 -1.023687e+00 -1.234841e+00
    endloop
  endfacet
  facet normal  1.237209e-01 -7.401351e-01 -6.609791e-01
    outer loop
      vertex  3.275536e+00 -1.124470e+00 -1.124464e+00
      vertex  3.143664e+00 -1.256336e+00 -1.001490e+00
      vertex -8.042720e+00 -2.181446e+00 -2.059441e+00
    endloop
  endfacet
  facet normal  1.230197e-01 -7.334401e-01  6.685295e-01
    outer loop
      vertex  3.275533e+00 -1.124467e+00  1.124467e+00
      vertex -8.042720e+00 -2.059443e+00  2.181443e+00
      vertex  3.165158e+00 -1.234842e+00  1.023686e+00
    endloop
  endfacet
  facet normal  1.237141e-01 -6.488401e-01  7.508004e-01
    outer loop
      vertex  3.275533e+00 -1.124467e+00  1.124467e+00
      vertex  3.108346e+00 -9.628853e-01  1.291654e+00
      vertex -8.042720e+00 -2.059443e+00  2.181443e+00
    endloop
  endfacet
  facet normal  1.229270e-01 -6.659570e-01 -7.357922e-01
    outer loop
      vertex  3.165159e+00 -1.023687e+00 -1.234841e+00
      vertex -8.042720e+00 -2.181446e+00 -2.059441e+00
      vertex -8.042720e+00 -1.832421e+00 -2.375339e+00
    endloop
  endfacet
  facet normal  1.227954e-01 -7.728741e-01 -6.225648e-01
    outer loop
      vertex  3.143664e+00 -1.256336e+00 -1.001490e+00
      vertex -8.042720e+00 -2.476755e+00 -1.692833e+00
      vertex -8.042720e+00 -2.181446e+00 -2.059441e+00
    endloop
  endfacet
  facet normal  1.228806e-01 -8.607399e-01 -4.939911e-01
    outer loop
      vertex  3.024060e+00 -1.375940e+00 -8.580472e-01
      vertex -8.042720e+00 -2.711080e+00 -1.284541e+00
      vertex -8.042720e+00 -2.476755e+00 -1.692833e+00
    endloop
  endfacet
  facet normal  1.238059e-01 -8.104690e-01 -5.725490e-01
    outer loop
      vertex  3.024060e+00 -1.375940e+00 -8.580472e-01
      vertex -8.042720e+00 -2.476755e+00 -1.692833e+00
      vertex  3.143664e+00 -1.256336e+00 -1.001490e+00
    endloop
  endfacet
  facet normal  1.227730e-01 -9.274322e-01 -3.532651e-01
    outer loop
      vertex  2.865646e+00 -1.534354e+00 -5.827467e-01
      vertex -8.042720e+00 -2.878648e+00 -8.446208e-01
      vertex -8.042720e+00 -2.711080e+00 -1.284541e+00
    endloop
  endfacet
  facet normal  1.236557e-01 -9.092277e-01 -3.975100e-01
    outer loop
      vertex  2.865646e+00 -1.534354e+00 -5.827467e-01
      vertex -8.042720e+00 -2.711080e+00 -1.284541e+00
      vertex  2.938562e+00 -1.461438e+00 -7.268466e-01
    endloop
  endfacet
  facet normal  1.228306e-01 -9.712698e-01 -2.038319e-01
    outer loop
      vertex  2.795726e+00 -1.604274e+00 -3.857545e-01
      vertex -8.042720e+00 -2.975335e+00 -3.839028e-01
      vertex -8.042720e+00 -2.878648e+00 -8.446208e-01
    endloop
  endfacet
  facet normal  1.238735e-01 -9.481848e-01 -2.925765e-01
    outer loop
      vertex  2.795726e+00 -1.604274e+00 -3.857545e-01
      vertex -8.042720e+00 -2.878648e+00 -8.446208e-01
      vertex  2.865646e+00 -1.534354e+00 -5.827467e-01
    endloop
  endfacet
  facet normal  1.230010e-01 -9.911773e-01 -4.938094e-02
    outer loop
      vertex  2.754102e+00 -1.645898e+00 -1.750919e-01
      vertex -8.042720e+00 -2.998759e+00  8.626813e-02
      vertex -8.042720e+00 -2.975335e+00 -3.839028e-01
    endloop
  endfacet
  facet normal  1.236668e-01 -9.828066e-01 -1.371046e-01
    outer loop
      vertex  2.754102e+00 -1.645898e+00 -1.750919e-01
      vertex -8.042720e+00 -2.975335e+00 -3.839028e-01
      vertex  2.771123e+00 -1.628877e+00 -2.817500e-01
    endloop
  endfacet
  facet normal  1.227927e-01 -9.867249e-01  1.062833e-01
    outer loop
      vertex  2.758627e+00 -1.641373e+00  2.089640e-01
      vertex -8.042720e+00 -2.948344e+00  5.543149e-01
      vertex -8.042720e+00 -2.998759e+00  8.626813e-02
    endloop
  endfacet
  facet normal  1.236403e-01 -9.900008e-01  6.790790e-02
    outer loop
      vertex  2.758627e+00 -1.641373e+00  2.089640e-01
      vertex -8.042720e+00 -2.998759e+00  8.626813e-02
      vertex  2.743596e+00 -1.656404e+00  1.720117e-02
    endloop
  endfacet
  facet normal  1.228058e-01 -9.579487e-01  2.593321e-01
    outer loop
      vertex  2.798302e+00 -1.601698e+00  3.949753e-01
      vertex -8.042720e+00 -2.825332e+00  1.008713e+00
      vertex -8.042720e+00 -2.948344e+00  5.543149e-01
    endloop
  endfacet
  facet normal  1.238482e-01 -9.755316e-01  1.816587e-01
    outer loop
      vertex  2.798302e+00 -1.601698e+00  3.949753e-01
      vertex -8.042720e+00 -2.948344e+00  5.543149e-01
      vertex  2.758627e+00 -1.641373e+00  2.089640e-01
    endloop
  endfacet
  facet normal  1.235655e-01 -9.485741e-01  2.914424e-01
    outer loop
      vertex  2.860125e+00 -1.539875e+00  5.699816e-01
      vertex -8.042720e+00 -2.825332e+00  1.008713e+00
      vertex  2.798302e+00 -1.601698e+00  3.949753e-01
    endloop
  endfacet
  facet normal  1.229270e-01 -7.357930e-01  6.659561e-01
    outer loop
      vertex  3.165158e+00 -1.234842e+00  1.023686e+00
      vertex -8.042720e+00 -2.059443e+00  2.181443e+00
      vertex -8.042720e+00 -2.375341e+00  1.832418e+00
    endloop
  endfacet
  facet normal  1.237402e-01 -7.933527e-01  5.960536e-01
    outer loop
      vertex  3.165158e+00 -1.234842e+00  1.023686e+00
      vertex -8.042720e+00 -2.375341e+00  1.832418e+00
      vertex  3.062810e+00 -1.337190e+00  9.087070e-01
    endloop
  endfacet
  facet normal  1.228902e-01 -6.225584e-01  7.728642e-01
    outer loop
      vertex  3.108346e+00 -9.628853e-01  1.291654e+00
      vertex -8.042720e+00 -1.692834e+00  2.476754e+00
      vertex -8.042720e+00 -2.059443e+00  2.181443e+00
    endloop
  endfacet
  facet normal  1.227824e-01 -4.939977e-01  8.607501e-01
    outer loop
      vertex  2.988113e+00 -8.065803e-01  1.411887e+00
      vertex -8.042720e+00 -1.284542e+00  2.711079e+00
      vertex -8.042720e+00 -1.692834e+00  2.476754e+00
    endloop
  endfacet
  facet normal  1.238118e-01 -5.434259e-01  8.302765e-01
    outer loop
      vertex  2.988113e+00 -8.065803e-01  1.411887e+00
      vertex -8.042720e+00 -1.692834e+00  2.476754e+00
      vertex  3.108346e+00 -9.628853e-01  1.291654e+00
    endloop
  endfacet
  facet normal  1.228383e-01 -3.532620e-01  9.274248e-01
    outer loop
      vertex  2.886513e+00 -6.282260e-01  1.513487e+00
      vertex -8.042720e+00 -8.446208e-01  2.878648e+00
      vertex -8.042720e+00 -1.284542e+00  2.711079e+00
    endloop
  endfacet
  facet normal  1.238634e-01 -4.369543e-01  8.909146e-01
    outer loop
      vertex  2.886513e+00 -6.282260e-01  1.513487e+00
      vertex -8.042720e+00 -1.284542e+00  2.711079e+00
      vertex  2.988113e+00 -8.065803e-01  1.411887e+00
    endloop
  endfacet
  facet normal  1.234805e-01 -3.280092e-01  9.365696e-01
    outer loop
      vertex  2.886513e+00 -6.282260e-01  1.513487e+00
      vertex  2.816966e+00 -4.558303e-01  1.583034e+00
      vertex -8.042720e+00 -8.446208e-01  2.878648e+00
    endloop
  endfacet
  facet normal  1.227637e-01 -4.938230e-02  9.912066e-01
    outer loop
      vertex  2.745823e+00 -8.215386e-02  1.654177e+00
      vertex -8.042720e+00  8.627000e-02  2.998759e+00
      vertex -8.042720e+00 -3.839019e-01  2.975335e+00
    endloop
  endfacet
  facet normal  1.237873e-01 -1.060265e-01  9.866281e-01
    outer loop
      vertex  2.745823e+00 -8.215386e-02  1.654177e+00
      vertex -8.042720e+00 -3.839019e-01  2.975335e+00
      vertex  2.769013e+00 -2.708755e-01  1.630987e+00
    endloop
  endfacet
  facet normal  1.228924e-01  1.062827e-01  9.867123e-01
    outer loop
      vertex  2.747600e+00  1.090489e-01  1.652400e+00
      vertex -8.042720e+00  5.543177e-01  2.948344e+00
      vertex -8.042720e+00  8.627000e-02  2.998759e+00
    endloop
  endfacet
  facet normal  1.237938e-01  8.070978e-03  9.922751e-01
    outer loop
      vertex  2.747600e+00  1.090489e-01  1.652400e+00
      vertex -8.042720e+00  8.627000e-02  2.998759e+00
      vertex  2.745823e+00 -8.215386e-02  1.654177e+00
    endloop
  endfacet
  facet normal  1.231557e-01  2.593218e-01  9.579065e-01
    outer loop
      vertex  2.778217e+00  3.154690e-01  1.621783e+00
      vertex -8.042720e+00  1.008716e+00  2.825330e+00
      vertex -8.042720e+00  5.543177e-01  2.948344e+00
    endloop
  endfacet
  facet normal  1.235894e-01  1.587509e-01  9.795529e-01
    outer loop
      vertex  2.778217e+00  3.154690e-01  1.621783e+00
      vertex -8.042720e+00  5.543177e-01  2.948344e+00
      vertex  2.759253e+00  2.132206e-01  1.640747e+00
    endloop
  endfacet
  facet normal  1.231667e-01 -8.662320e-01 -4.842232e-01
    outer loop
      vertex  3.024060e+00 -1.375940e+00 -8.580472e-01
      vertex  2.938562e+00 -1.461438e+00 -7.268466e-01
      vertex -8.042720e+00 -2.711080e+00 -1.284541e+00
    endloop
  endfacet
  facet normal  1.229089e-01 -9.718847e-01 -2.008323e-01
    outer loop
      vertex  2.795726e+00 -1.604274e+00 -3.857545e-01
      vertex  2.771123e+00 -1.628877e+00 -2.817500e-01
      vertex -8.042720e+00 -2.975335e+00 -3.839028e-01
    endloop
  endfacet
  facet normal  1.230590e-01 -9.912651e-01 -4.743605e-02
    outer loop
      vertex  2.754102e+00 -1.645898e+00 -1.750919e-01
      vertex  2.743596e+00 -1.656404e+00  1.720117e-02
      vertex -8.042720e+00 -2.998759e+00  8.626813e-02
    endloop
  endfacet
  facet normal  1.231695e-01 -2.038229e-01  9.712289e-01
    outer loop
      vertex  2.816966e+00 -4.558303e-01  1.583034e+00
      vertex -8.042720e+00 -3.839019e-01  2.975335e+00
      vertex -8.042720e+00 -8.446208e-01  2.878648e+00
    endloop
  endfacet
  facet normal  1.226475e-01 -2.191610e-01  9.679494e-01
    outer loop
      vertex  2.816966e+00 -4.558303e-01  1.583034e+00
      vertex  2.769013e+00 -2.708755e-01  1.630987e+00
      vertex -8.042720e+00 -3.839019e-01  2.975335e+00
    endloop
  endfacet
  facet normal  1.226216e-01  9.677651e-02  9.877238e-01
    outer loop
      vertex -8.042720e+00  5.543177e-01  2.948344e+00
      vertex  2.747600e+00  1.090489e-01  1.652400e+00
      vertex  2.759253e+00  2.132206e-01  1.640747e+00
    endloop
  endfacet
  facet normal  1.228229e-01  2.495577e-01  9.605391e-01
    outer loop
      vertex -8.042720e+00  1.008716e+00  2.825330e+00
      vertex  2.778217e+00  3.154690e-01  1.621783e+00
      vertex  2.836494e+00  5.110962e-01  1.563506e+00
    endloop
  endfacet
  facet normal  1.231023e-01 -9.055527e-01  4.059803e-01
    outer loop
      vertex -8.042720e+00 -2.632750e+00  1.438272e+00
      vertex -8.042720e+00 -2.825332e+00  1.008713e+00
      vertex  2.860125e+00 -1.539875e+00  5.699816e-01
    endloop
  endfacet
  facet normal  1.229400e-01 -9.076665e-01  4.012822e-01
    outer loop
      vertex -8.042720e+00 -2.632750e+00  1.438272e+00
      vertex  2.860125e+00 -1.539875e+00  5.699816e-01
      vertex  2.951929e+00 -1.448071e+00  7.495103e-01
    endloop
  endfacet
  facet normal  1.236743e-01 -8.526098e-01  5.077018e-01
    outer loop
      vertex -8.042720e+00 -2.632750e+00  1.438272e+00
      vertex  2.951929e+00 -1.448071e+00  7.495103e-01
      vertex  3.062810e+00 -1.337190e+00  9.087070e-01
    endloop
  endfacet
  facet normal  1.228115e-01 -8.309246e-01  5.426617e-01
    outer loop
      vertex -8.042720e+00 -2.632750e+00  1.438272e+00
      vertex  3.062810e+00 -1.337190e+00  9.087070e-01
      vertex -8.042720e+00 -2.375341e+00  1.832418e+00
    endloop
  endfacet
  facet normal  1.234756e-01  4.356743e-01  8.915949e-01
    outer loop
      vertex  2.971166e+00  7.805758e-01  1.428834e+00
      vertex -8.042720e+00  1.438277e+00  2.632748e+00
      vertex  2.897787e+00  6.512053e-01  1.502213e+00
    endloop
  endfacet
  facet normal  1.227866e-01  4.059978e-01  9.055878e-01
    outer loop
      vertex  2.897787e+00  6.512053e-01  1.502213e+00
      vertex -8.042720e+00  1.438277e+00  2.632748e+00
      vertex -8.042720e+00  1.008716e+00  2.825330e+00
    endloop
  endfacet
  facet normal  1.237098e-01  3.517920e-01  9.278676e-01
    outer loop
      vertex  2.897787e+00  6.512053e-01  1.502213e+00
      vertex -8.042720e+00  1.008716e+00  2.825330e+00
      vertex  2.836494e+00  5.110962e-01  1.563506e+00
    endloop
  endfacet
  facet normal  1.232263e-01 -5.426342e-01 -8.308811e-01
    outer loop
      vertex -8.042720e+00 -1.438277e+00 -2.632748e+00
      vertex  2.971165e+00 -7.805758e-01 -1.428834e+00
      vertex -8.042720e+00 -1.832421e+00 -2.375339e+00
    endloop
  endfacet
  facet normal  1.222277e-01 -5.180690e-01 -8.465607e-01
    outer loop
      vertex -8.042720e+00 -1.832421e+00 -2.375339e+00
      vertex  2.971165e+00 -7.805758e-01 -1.428834e+00
      vertex  3.062810e+00 -9.087070e-01 -1.337190e+00
    endloop
  endfacet
  facet normal  1.237402e-01 -5.960546e-01 -7.933520e-01
    outer loop
      vertex -8.042720e+00 -1.832421e+00 -2.375339e+00
      vertex  3.062810e+00 -9.087070e-01 -1.337190e+00
      vertex  3.165159e+00 -1.023687e+00 -1.234841e+00
    endloop
  endfacet
  facet normal -7.437246e-02  8.926839e-01  4.445045e-01
    outer loop
      vertex -1.504272e+01 -1.255065e+00 -1.579296e-01
      vertex -2.217164e+01 -1.863445e+00 -1.289168e-01
      vertex -1.504272e+01 -1.279742e+00 -1.083725e-01
    endloop
  endfacet
  facet normal -3.961803e-03  4.720836e-02  9.988772e-01
    outer loop
      vertex -2.234212e+01 -1.635021e+00 -2.986628e-01
      vertex -2.165421e+01 -1.578381e+00 -2.986113e-01
      vertex -2.234287e+01 -1.606790e+00 -3.000000e-01
    endloop
  endfacet
  facet normal -3.486716e-02  4.217952e-01  9.060205e-01
    outer loop
      vertex -1.800000e+01 -1.353928e+00 -2.798399e-01
      vertex -1.800000e+01 -1.390049e+00 -2.630238e-01
      vertex -1.504272e+01 -1.133721e+00 -2.685490e-01
    endloop
  endfacet
  facet normal -3.044505e-02  3.610740e-01  9.320401e-01
    outer loop
      vertex -1.504272e+01 -1.082099e+00 -2.885477e-01
      vertex -1.800000e+01 -1.353928e+00 -2.798399e-01
      vertex -1.504272e+01 -1.133721e+00 -2.685490e-01
    endloop
  endfacet
  facet normal -2.203762e-02  2.705821e-01  9.624447e-01
    outer loop
      vertex -1.800000e+01 -1.299783e+00 -2.950623e-01
      vertex -1.800000e+01 -1.353928e+00 -2.798399e-01
      vertex -1.504272e+01 -1.082099e+00 -2.885477e-01
    endloop
  endfacet
  facet normal -1.568919e-02  1.837268e-01  9.828522e-01
    outer loop
      vertex -1.504272e+01 -1.027681e+00 -2.987202e-01
      vertex -1.800000e+01 -1.299783e+00 -2.950623e-01
      vertex -1.504272e+01 -1.082099e+00 -2.885477e-01
    endloop
  endfacet
  facet normal -6.701688e-03  8.622858e-02  9.962529e-01
    outer loop
      vertex -1.800000e+01 -1.243336e+00 -2.999479e-01
      vertex -1.800000e+01 -1.299783e+00 -2.950623e-01
      vertex -1.504272e+01 -1.027681e+00 -2.987202e-01
    endloop
  endfacet
  facet normal -4.151370e-04  0.000000e+00  9.999999e-01
    outer loop
      vertex -1.504272e+01 -9.723195e-01 -2.987202e-01
      vertex -1.800000e+01 -1.243336e+00 -2.999479e-01
      vertex -1.504272e+01 -1.027681e+00 -2.987202e-01
    endloop
  endfacet
  facet normal  8.862372e-03 -1.012108e-01  9.948255e-01
    outer loop
      vertex -1.800000e+01 -1.187382e+00 -2.942552e-01
      vertex -1.800000e+01 -1.243336e+00 -2.999479e-01
      vertex -1.504272e+01 -9.723195e-01 -2.987202e-01
    endloop
  endfacet
  facet normal  1.484528e-02 -1.837291e-01  9.828649e-01
    outer loop
      vertex -1.504272e+01 -9.179011e-01 -2.885477e-01
      vertex -1.800000e+01 -1.187382e+00 -2.942552e-01
      vertex -1.504272e+01 -9.723195e-01 -2.987202e-01
    endloop
  endfacet
  facet normal  2.425691e-02 -2.864810e-01  9.577788e-01
    outer loop
      vertex -1.800000e+01 -1.133496e+00 -2.781376e-01
      vertex -1.800000e+01 -1.187382e+00 -2.942552e-01
      vertex -1.504272e+01 -9.179011e-01 -2.885477e-01
    endloop
  endfacet
  facet normal  2.960511e-02 -3.610831e-01  9.320636e-01
    outer loop
      vertex -1.504272e+01 -8.662785e-01 -2.685490e-01
      vertex -1.800000e+01 -1.133496e+00 -2.781376e-01
      vertex -1.504272e+01 -9.179011e-01 -2.885477e-01
    endloop
  endfacet
  facet normal  3.868765e-02 -4.599849e-01  8.870834e-01
    outer loop
      vertex -1.800000e+01 -1.083198e+00 -2.520563e-01
      vertex -1.800000e+01 -1.133496e+00 -2.781376e-01
      vertex -1.504272e+01 -8.662785e-01 -2.685490e-01
    endloop
  endfacet
  facet normal  4.331536e-02 -5.259385e-01  8.494188e-01
    outer loop
      vertex -1.504272e+01 -8.192096e-01 -2.394052e-01
      vertex -1.800000e+01 -1.083198e+00 -2.520563e-01
      vertex -1.504272e+01 -8.662785e-01 -2.685490e-01
    endloop
  endfacet
  facet normal  5.172724e-02 -6.170928e-01  7.851884e-01
    outer loop
      vertex -1.800000e+01 -1.038977e+00 -2.173022e-01
      vertex -1.800000e+01 -1.083198e+00 -2.520563e-01
      vertex -1.504272e+01 -8.192096e-01 -2.394052e-01
    endloop
  endfacet
  facet normal  5.550275e-02 -6.726566e-01  7.378702e-01
    outer loop
      vertex -1.504272e+01 -7.782973e-01 -2.021087e-01
      vertex -1.800000e+01 -1.038977e+00 -2.173022e-01
      vertex -1.504272e+01 -8.192096e-01 -2.394052e-01
    endloop
  endfacet
  facet normal  6.303851e-02 -7.532958e-01  6.546537e-01
    outer loop
      vertex -1.800000e+01 -1.002083e+00 -1.748493e-01
      vertex -1.800000e+01 -1.038977e+00 -2.173022e-01
      vertex -1.504272e+01 -7.782973e-01 -2.021087e-01
    endloop
  endfacet
  facet normal  6.580031e-02 -7.962879e-01  6.013285e-01
    outer loop
      vertex -1.504272e+01 -7.449349e-01 -1.579296e-01
      vertex -1.800000e+01 -1.002083e+00 -1.748493e-01
      vertex -1.504272e+01 -7.782973e-01 -2.021087e-01
    endloop
  endfacet
  facet normal  7.205580e-02 -8.617095e-01  5.022596e-01
    outer loop
      vertex -1.800000e+01 -9.735522e-01 -1.258994e-01
      vertex -1.800000e+01 -1.002083e+00 -1.748493e-01
      vertex -1.504272e+01 -7.449349e-01 -1.579296e-01
    endloop
  endfacet
  facet normal  7.382782e-02 -8.927206e-01  4.445217e-01
    outer loop
      vertex -1.504272e+01 -7.202584e-01 -1.083725e-01
      vertex -1.800000e+01 -9.735522e-01 -1.258994e-01
      vertex -1.504272e+01 -7.449349e-01 -1.579296e-01
    endloop
  endfacet
  facet normal  7.852815e-02 -9.398440e-01  3.324556e-01
    outer loop
      vertex -1.800000e+01 -9.547957e-01 -7.287535e-02
      vertex -1.800000e+01 -9.735522e-01 -1.258994e-01
      vertex -1.504272e+01 -7.202584e-01 -1.083725e-01
    endloop
  endfacet
  facet normal  7.931510e-02 -9.587952e-01  2.728018e-01
    outer loop
      vertex -1.504272e+01 -7.051080e-01 -5.512486e-02
      vertex -1.800000e+01 -9.547957e-01 -7.287535e-02
      vertex -1.504272e+01 -7.202584e-01 -1.083725e-01
    endloop
  endfacet
  facet normal -4.445441e-02  5.387540e-01  8.412893e-01
    outer loop
      vertex -1.800000e+01 -1.423908e+00 -2.414143e-01
      vertex -1.891333e+01 -1.462884e+00 -2.647155e-01
      vertex -2.231257e+01 -1.735354e+00 -2.698467e-01
    endloop
  endfacet
  facet normal -4.117083e-02  4.906294e-01  8.703952e-01
    outer loop
      vertex -1.800000e+01 -1.423908e+00 -2.414143e-01
      vertex -2.231257e+01 -1.735354e+00 -2.698467e-01
      vertex -2.229450e+01 -1.765861e+00 -2.517958e-01
    endloop
  endfacet
  facet normal -4.906533e-02  5.917717e-01  8.046110e-01
    outer loop
      vertex -1.800000e+01 -1.423908e+00 -2.414143e-01
      vertex -2.229450e+01 -1.765861e+00 -2.517958e-01
      vertex -2.227340e+01 -1.792754e+00 -2.307302e-01
    endloop
  endfacet
  facet normal -5.083576e-02  6.118415e-01  7.893451e-01
    outer loop
      vertex -1.800000e+01 -1.423908e+00 -2.414143e-01
      vertex -2.227340e+01 -1.792754e+00 -2.307302e-01
      vertex -1.504272e+01 -1.180790e+00 -2.394052e-01
    endloop
  endfacet
  facet normal -4.381346e-02  5.259262e-01  8.494010e-01
    outer loop
      vertex -1.800000e+01 -1.423908e+00 -2.414143e-01
      vertex -1.504272e+01 -1.180790e+00 -2.394052e-01
      vertex -1.504272e+01 -1.133721e+00 -2.685490e-01
    endloop
  endfacet
  facet normal -4.501070e-02  5.374442e-01  8.420972e-01
    outer loop
      vertex -1.800000e+01 -1.423908e+00 -2.414143e-01
      vertex -1.504272e+01 -1.133721e+00 -2.685490e-01
      vertex -1.800000e+01 -1.390049e+00 -2.630238e-01
    endloop
  endfacet
  facet normal -8.167842e-02  9.833140e-01  1.625492e-01
    outer loop
      vertex -2.210786e+01 -1.880097e+00 -6.514854e-02
      vertex -2.207531e+01 -1.882775e+00 -3.259219e-02
      vertex -1.504272e+01 -1.294892e+00 -5.512486e-02
    endloop
  endfacet
  facet normal -8.300623e-02  9.950572e-01  5.450886e-02
    outer loop
      vertex -1.504272e+01 -1.294892e+00 -5.512486e-02
      vertex -2.207531e+01 -1.882775e+00 -3.259219e-02
      vertex -2.204272e+01 -1.881842e+00  0.000000e+00
    endloop
  endfacet
  facet normal -8.248364e-02  9.923413e-01  9.195177e-02
    outer loop
      vertex -1.504272e+01 -1.294892e+00 -5.512486e-02
      vertex -2.204272e+01 -1.881842e+00  0.000000e+00
      vertex -1.504272e+01 -1.300000e+00  0.000000e+00
    endloop
  endfacet
  facet normal -7.667562e-02  9.232038e-01  3.765843e-01
    outer loop
      vertex -2.217164e+01 -1.863445e+00 -1.289168e-01
      vertex -2.214008e+01 -1.873695e+00 -9.736603e-02
      vertex -1.504272e+01 -1.279742e+00 -1.083725e-01
    endloop
  endfacet
  facet normal -7.986865e-02  9.593931e-01  2.705288e-01
    outer loop
      vertex -1.504272e+01 -1.279742e+00 -1.083725e-01
      vertex -2.214008e+01 -1.873695e+00 -9.736603e-02
      vertex -2.210786e+01 -1.880097e+00 -6.514854e-02
    endloop
  endfacet
  facet normal -7.980083e-02  9.587578e-01  2.727918e-01
    outer loop
      vertex -1.504272e+01 -1.279742e+00 -1.083725e-01
      vertex -2.210786e+01 -1.880097e+00 -6.514854e-02
      vertex -1.504272e+01 -1.294892e+00 -5.512486e-02
    endloop
  endfacet
  facet normal -7.218767e-02  8.692117e-01  4.891422e-01
    outer loop
      vertex -2.217164e+01 -1.863445e+00 -1.289168e-01
      vertex -1.504272e+01 -1.255065e+00 -1.579296e-01
      vertex -2.220737e+01 -1.846291e+00 -1.646747e-01
    endloop
  endfacet
  facet normal -6.627356e-02  7.962630e-01  6.013093e-01
    outer loop
      vertex -2.220737e+01 -1.846291e+00 -1.646747e-01
      vertex -1.504272e+01 -1.255065e+00 -1.579296e-01
      vertex -1.504272e+01 -1.221703e+00 -2.021087e-01
    endloop
  endfacet
  facet normal -6.590778e-02  7.923760e-01  6.064622e-01
    outer loop
      vertex -2.220737e+01 -1.846291e+00 -1.646747e-01
      vertex -1.504272e+01 -1.221703e+00 -2.021087e-01
      vertex -2.224168e+01 -1.822851e+00 -1.990292e-01
    endloop
  endfacet
  facet normal -5.585340e-02  6.726444e-01  7.378549e-01
    outer loop
      vertex -2.224168e+01 -1.822851e+00 -1.990292e-01
      vertex -1.504272e+01 -1.221703e+00 -2.021087e-01
      vertex -1.504272e+01 -1.180790e+00 -2.394052e-01
    endloop
  endfacet
  facet normal -5.791198e-02  6.944286e-01  7.172275e-01
    outer loop
      vertex -2.224168e+01 -1.822851e+00 -1.990292e-01
      vertex -1.504272e+01 -1.180790e+00 -2.394052e-01
      vertex -2.227340e+01 -1.792754e+00 -2.307302e-01
    endloop
  endfacet
  facet normal -2.027222e-02  2.446381e-01  9.694026e-01
    outer loop
      vertex -2.233666e+01 -1.669452e+00 -2.932720e-01
      vertex -2.233079e+01 -1.689321e+00 -2.881352e-01
      vertex -2.074051e+01 -1.540076e+00 -2.925424e-01
    endloop
  endfacet
  facet normal -2.734688e-02  3.193679e-01  9.472361e-01
    outer loop
      vertex -2.074051e+01 -1.540076e+00 -2.925424e-01
      vertex -2.233079e+01 -1.689321e+00 -2.881352e-01
      vertex -2.232254e+01 -1.713223e+00 -2.798383e-01
    endloop
  endfacet
  facet normal -2.376420e-02  2.873876e-01  9.575195e-01
    outer loop
      vertex -2.074051e+01 -1.540076e+00 -2.925424e-01
      vertex -2.232254e+01 -1.713223e+00 -2.798383e-01
      vertex -1.982686e+01 -1.501643e+00 -2.814023e-01
    endloop
  endfacet
  facet normal -3.323288e-02  3.987714e-01  9.164480e-01
    outer loop
      vertex -1.982686e+01 -1.501643e+00 -2.814023e-01
      vertex -2.232254e+01 -1.713223e+00 -2.798383e-01
      vertex -2.231257e+01 -1.735354e+00 -2.698467e-01
    endloop
  endfacet
  facet normal -3.389590e-02  4.056720e-01  9.133900e-01
    outer loop
      vertex -1.982686e+01 -1.501643e+00 -2.814023e-01
      vertex -2.231257e+01 -1.735354e+00 -2.698467e-01
      vertex -1.891333e+01 -1.462884e+00 -2.647155e-01
    endloop
  endfacet
  facet normal -9.770861e-03  1.177661e-01  9.929934e-01
    outer loop
      vertex -2.234212e+01 -1.635021e+00 -2.986628e-01
      vertex -2.234064e+01 -1.648954e+00 -2.969958e-01
      vertex -2.165421e+01 -1.578381e+00 -2.986113e-01
    endloop
  endfacet
  facet normal -1.575333e-02  1.757561e-01  9.843077e-01
    outer loop
      vertex -2.165421e+01 -1.578381e+00 -2.986113e-01
      vertex -2.234064e+01 -1.648954e+00 -2.969958e-01
      vertex -2.233666e+01 -1.669452e+00 -2.932720e-01
    endloop
  endfacet
  facet normal -1.310415e-02  1.561003e-01  9.876544e-01
    outer loop
      vertex -2.165421e+01 -1.578381e+00 -2.986113e-01
      vertex -2.233666e+01 -1.669452e+00 -2.932720e-01
      vertex -2.074051e+01 -1.540076e+00 -2.925424e-01
    endloop
  endfacet
  facet normal  8.164022e-02 -9.798854e-01  1.820974e-01
    outer loop
      vertex -1.800000e+01 -9.547957e-01 -7.287535e-02
      vertex -1.504272e+01 -7.051080e-01 -5.512486e-02
      vertex -1.800000e+01 -9.480996e-01 -3.684255e-02
    endloop
  endfacet
  facet normal  8.210894e-02 -9.923719e-01  9.195661e-02
    outer loop
      vertex -1.800000e+01 -9.480996e-01 -3.684255e-02
      vertex -1.504272e+01 -7.051080e-01 -5.512486e-02
      vertex -1.504272e+01 -7.000000e-01  3.031929e-16
    endloop
  endfacet
  facet normal  8.267614e-02 -9.946573e-01  6.181822e-02
    outer loop
      vertex -1.800000e+01 -9.480996e-01 -3.684255e-02
      vertex -1.504272e+01 -7.000000e-01  3.031929e-16
      vertex -1.800000e+01 -9.458098e-01  3.673941e-17
    endloop
  endfacet
  facet normal  7.935341e-02 -9.587924e-01 -2.728007e-01
    outer loop
      vertex -1.504272e+01 -7.202584e-01  1.083725e-01
      vertex -1.800000e+01 -9.609762e-01  9.417981e-02
      vertex -1.504272e+01 -7.051080e-01  5.512486e-02
    endloop
  endfacet
  facet normal  7.623114e-02 -9.128722e-01 -4.010653e-01
    outer loop
      vertex -1.800000e+01 -9.835997e-01  1.456734e-01
      vertex -1.800000e+01 -9.609762e-01  9.417981e-02
      vertex -1.504272e+01 -7.202584e-01  1.083725e-01
    endloop
  endfacet
  facet normal  7.388822e-02 -8.927166e-01 -4.445197e-01
    outer loop
      vertex -1.504272e+01 -7.449349e-01  1.579296e-01
      vertex -1.800000e+01 -9.835997e-01  1.456734e-01
      vertex -1.504272e+01 -7.202584e-01  1.083725e-01
    endloop
  endfacet
  facet normal  6.871416e-02 -8.224337e-01 -5.646958e-01
    outer loop
      vertex -1.800000e+01 -1.015670e+00  1.923812e-01
      vertex -1.800000e+01 -9.835997e-01  1.456734e-01
      vertex -1.504272e+01 -7.449349e-01  1.579296e-01
    endloop
  endfacet
  facet normal  6.589338e-02 -7.962830e-01 -6.013248e-01
    outer loop
      vertex -1.504272e+01 -7.782973e-01  2.021087e-01
      vertex -1.800000e+01 -1.015670e+00  1.923812e-01
      vertex -1.504272e+01 -7.449349e-01  1.579296e-01
    endloop
  endfacet
  facet normal  5.876272e-02 -7.030456e-01 -7.087129e-01
    outer loop
      vertex -1.800000e+01 -1.055600e+00  2.319915e-01
      vertex -1.800000e+01 -1.015670e+00  1.923812e-01
      vertex -1.504272e+01 -7.782973e-01  2.021087e-01
    endloop
  endfacet
  facet normal  5.561819e-02 -6.726524e-01 -7.378653e-01
    outer loop
      vertex -1.504272e+01 -8.192096e-01  2.394052e-01
      vertex -1.800000e+01 -1.055600e+00  2.319915e-01
      vertex -1.504272e+01 -7.782973e-01  2.021087e-01
    endloop
  endfacet
  facet normal  4.664361e-02 -5.575255e-01 -8.288485e-01
    outer loop
      vertex -1.800000e+01 -1.102268e+00  2.633832e-01
      vertex -1.800000e+01 -1.055600e+00  2.319915e-01
      vertex -1.504272e+01 -8.192096e-01  2.394052e-01
    endloop
  endfacet
  facet normal  4.345320e-02 -5.259354e-01 -8.494139e-01
    outer loop
      vertex -1.504272e+01 -8.662785e-01  2.685490e-01
      vertex -1.800000e+01 -1.102268e+00  2.633832e-01
      vertex -1.504272e+01 -8.192096e-01  2.394052e-01
    endloop
  endfacet
  facet normal  3.298689e-02 -3.932584e-01 -9.188360e-01
    outer loop
      vertex -1.800000e+01 -1.154356e+00  2.856765e-01
      vertex -1.800000e+01 -1.102268e+00  2.633832e-01
      vertex -1.504272e+01 -8.662785e-01  2.685490e-01
    endloop
  endfacet
  facet normal  2.977585e-02 -3.610813e-01 -9.320589e-01
    outer loop
      vertex -1.504272e+01 -9.179011e-01  2.885477e-01
      vertex -1.800000e+01 -1.154356e+00  2.856765e-01
      vertex -1.504272e+01 -8.662785e-01  2.685490e-01
    endloop
  endfacet
  facet normal  1.813493e-02 -2.149522e-01 -9.764562e-01
    outer loop
      vertex -1.800000e+01 -1.209284e+00  2.977682e-01
      vertex -1.800000e+01 -1.154356e+00  2.856765e-01
      vertex -1.504272e+01 -9.179011e-01  2.885477e-01
    endloop
  endfacet
  facet normal  1.503845e-02 -1.837285e-01 -9.828621e-01
    outer loop
      vertex -1.504272e+01 -9.723195e-01  2.987202e-01
      vertex -1.800000e+01 -1.209284e+00  2.977682e-01
      vertex -1.504272e+01 -9.179011e-01  2.885477e-01
    endloop
  endfacet
  facet normal  2.519322e-03 -2.742459e-02 -9.996207e-01
    outer loop
      vertex -1.800000e+01 -1.265507e+00  2.993107e-01
      vertex -1.800000e+01 -1.209284e+00  2.977682e-01
      vertex -1.504272e+01 -9.723195e-01  2.987202e-01
    endloop
  endfacet
  facet normal -1.996576e-04  0.000000e+00 -1.000000e+00
    outer loop
      vertex -1.504272e+01 -1.027681e+00  2.987202e-01
      vertex -1.800000e+01 -1.265507e+00  2.993107e-01
      vertex -1.504272e+01 -9.723195e-01  2.987202e-01
    endloop
  endfacet
  facet normal -1.303230e-02  1.596007e-01 -9.870956e-01
    outer loop
      vertex -1.800000e+01 -1.321439e+00  2.902673e-01
      vertex -1.800000e+01 -1.265507e+00  2.993107e-01
      vertex -1.504272e+01 -1.027681e+00  2.987202e-01
    endloop
  endfacet
  facet normal -1.544104e-02  1.837276e-01 -9.828559e-01
    outer loop
      vertex -1.504272e+01 -1.082099e+00  2.885477e-01
      vertex -1.800000e+01 -1.321439e+00  2.902673e-01
      vertex -1.504272e+01 -1.027681e+00  2.987202e-01
    endloop
  endfacet
  facet normal -2.813687e-02  3.409071e-01 -9.396757e-01
    outer loop
      vertex -1.800000e+01 -1.374311e+00  2.710858e-01
      vertex -1.800000e+01 -1.321439e+00  2.902673e-01
      vertex -1.504272e+01 -1.082099e+00  2.885477e-01
    endloop
  endfacet
  facet normal -3.017491e-02  3.610770e-01 -9.320478e-01
    outer loop
      vertex -1.504272e+01 -1.133721e+00  2.685490e-01
      vertex -1.800000e+01 -1.374311e+00  2.710858e-01
      vertex -1.504272e+01 -1.082099e+00  2.885477e-01
    endloop
  endfacet
  facet normal -6.637239e-02  7.962584e-01 -6.013045e-01
    outer loop
      vertex -1.504272e+01 -1.255065e+00  1.579296e-01
      vertex -2.186223e+01 -1.806465e+00  1.804975e-01
      vertex -1.504272e+01 -1.221703e+00  2.021087e-01
    endloop
  endfacet
  facet normal -3.955593e-02  4.769563e-01 -8.780364e-01
    outer loop
      vertex -1.800000e+01 -1.403274e+00  2.553525e-01
      vertex -1.800000e+01 -1.374311e+00  2.710858e-01
      vertex -1.504272e+01 -1.133721e+00  2.685490e-01
    endloop
  endfacet
  facet normal -4.414662e-02  5.259185e-01 -8.493886e-01
    outer loop
      vertex -1.800000e+01 -1.403274e+00  2.553525e-01
      vertex -1.504272e+01 -1.133721e+00  2.685490e-01
      vertex -1.504272e+01 -1.180790e+00  2.394052e-01
    endloop
  endfacet
  facet normal -4.756374e-02  5.736071e-01 -8.177485e-01
    outer loop
      vertex -1.800000e+01 -1.403274e+00  2.553525e-01
      vertex -1.504272e+01 -1.180790e+00  2.394052e-01
      vertex -2.181169e+01 -1.754010e+00  2.310340e-01
    endloop
  endfacet
  facet normal -4.969480e-02  5.956542e-01 -8.017023e-01
    outer loop
      vertex -1.800000e+01 -1.403274e+00  2.553525e-01
      vertex -2.181169e+01 -1.754010e+00  2.310340e-01
      vertex -2.179280e+01 -1.726978e+00  2.499479e-01
    endloop
  endfacet
  facet normal -4.188885e-02  5.051991e-01 -8.619856e-01
    outer loop
      vertex -1.800000e+01 -1.403274e+00  2.553525e-01
      vertex -2.179280e+01 -1.726978e+00  2.499479e-01
      vertex -2.177594e+01 -1.696696e+00  2.668763e-01
    endloop
  endfacet
  facet normal -3.531186e-02  4.187787e-01 -9.074014e-01
    outer loop
      vertex -1.800000e+01 -1.403274e+00  2.553525e-01
      vertex -2.177594e+01 -1.696696e+00  2.668763e-01
      vertex -2.176537e+01 -1.672846e+00  2.774723e-01
    endloop
  endfacet
  facet normal -3.813334e-02  4.598484e-01 -8.871784e-01
    outer loop
      vertex -1.800000e+01 -1.403274e+00  2.553525e-01
      vertex -2.176537e+01 -1.672846e+00  2.774723e-01
      vertex -1.895548e+01 -1.442080e+00  2.763078e-01
    endloop
  endfacet
  facet normal  8.066682e-02 -9.683722e-01 -2.361104e-01
    outer loop
      vertex -1.800000e+01 -9.609762e-01  9.417981e-02
      vertex -1.800000e+01 -9.496876e-01  4.788109e-02
      vertex -1.504272e+01 -7.051080e-01  5.512486e-02
    endloop
  endfacet
  facet normal  8.235137e-02 -9.933509e-01 -8.045015e-02
    outer loop
      vertex -1.504272e+01 -7.051080e-01  5.512486e-02
      vertex -1.800000e+01 -9.496876e-01  4.788109e-02
      vertex -1.800000e+01 -9.458098e-01  3.673941e-17
    endloop
  endfacet
  facet normal  8.248362e-02 -9.923411e-01 -9.195375e-02
    outer loop
      vertex -1.504272e+01 -7.051080e-01  5.512486e-02
      vertex -1.800000e+01 -9.458098e-01  3.673941e-17
      vertex -1.504272e+01 -7.000000e-01  3.031929e-16
    endloop
  endfacet
  facet normal -4.297313e-03  3.675775e-02 -9.993149e-01
    outer loop
      vertex -2.174326e+01 -1.556950e+00  3.000000e-01
      vertex -2.078739e+01 -1.517300e+00  2.973480e-01
      vertex -2.174353e+01 -1.579003e+00  2.991900e-01
    endloop
  endfacet
  facet normal -1.917288e-02  2.683466e-01 -9.631315e-01
    outer loop
      vertex -2.174353e+01 -1.579003e+00  2.991900e-01
      vertex -2.078739e+01 -1.517300e+00  2.973480e-01
      vertex -1.987138e+01 -1.479529e+00  2.896369e-01
    endloop
  endfacet
  facet normal -1.227356e-02  1.358555e-01 -9.906526e-01
    outer loop
      vertex -2.174353e+01 -1.579003e+00  2.991900e-01
      vertex -1.987138e+01 -1.479529e+00  2.896369e-01
      vertex -2.174865e+01 -1.616648e+00  2.940909e-01
    endloop
  endfacet
  facet normal -2.044277e-02  2.484198e-01 -9.684367e-01
    outer loop
      vertex -2.174865e+01 -1.616648e+00  2.940909e-01
      vertex -1.987138e+01 -1.479529e+00  2.896369e-01
      vertex -2.175652e+01 -1.647711e+00  2.862888e-01
    endloop
  endfacet
  facet normal -2.686595e-02  3.199905e-01 -9.470397e-01
    outer loop
      vertex -2.175652e+01 -1.647711e+00  2.862888e-01
      vertex -1.987138e+01 -1.479529e+00  2.896369e-01
      vertex -1.895548e+01 -1.442080e+00  2.763078e-01
    endloop
  endfacet
  facet normal -2.829000e-02  3.397253e-01 -9.400992e-01
    outer loop
      vertex -2.175652e+01 -1.647711e+00  2.862888e-01
      vertex -1.895548e+01 -1.442080e+00  2.763078e-01
      vertex -2.176537e+01 -1.672846e+00  2.774723e-01
    endloop
  endfacet
  facet normal -6.324783e-02  7.614398e-01 -6.451428e-01
    outer loop
      vertex -2.186223e+01 -1.806465e+00  1.804975e-01
      vertex -2.183601e+01 -1.782074e+00  2.067143e-01
      vertex -1.504272e+01 -1.221703e+00  2.021087e-01
    endloop
  endfacet
  facet normal -5.670673e-02  6.814486e-01 -7.296658e-01
    outer loop
      vertex -1.504272e+01 -1.221703e+00  2.021087e-01
      vertex -2.183601e+01 -1.782074e+00  2.067143e-01
      vertex -2.181169e+01 -1.754010e+00  2.310340e-01
    endloop
  endfacet
  facet normal -5.604872e-02  6.726366e-01 -7.378473e-01
    outer loop
      vertex -1.504272e+01 -1.221703e+00  2.021087e-01
      vertex -2.181169e+01 -1.754010e+00  2.310340e-01
      vertex -1.504272e+01 -1.180790e+00  2.394052e-01
    endloop
  endfacet
  facet normal -6.945351e-02  8.367438e-01 -5.431722e-01
    outer loop
      vertex -2.186223e+01 -1.806465e+00  1.804975e-01
      vertex -1.504272e+01 -1.255065e+00  1.579296e-01
      vertex -2.189738e+01 -1.832195e+00  1.453561e-01
    endloop
  endfacet
  facet normal -7.434455e-02  8.926859e-01 -4.445052e-01
    outer loop
      vertex -2.189738e+01 -1.832195e+00  1.453561e-01
      vertex -1.504272e+01 -1.255065e+00  1.579296e-01
      vertex -1.504272e+01 -1.279742e+00  1.083725e-01
    endloop
  endfacet
  facet normal -7.506219e-02  9.030321e-01 -4.229641e-01
    outer loop
      vertex -2.189738e+01 -1.832195e+00  1.453561e-01
      vertex -1.504272e+01 -1.279742e+00  1.083725e-01
      vertex -2.193418e+01 -1.852490e+00  1.085574e-01
    endloop
  endfacet
  facet normal -7.969025e-02  9.587667e-01 -2.727930e-01
    outer loop
      vertex -2.193418e+01 -1.852490e+00  1.085574e-01
      vertex -1.504272e+01 -1.279742e+00  1.083725e-01
      vertex -1.504272e+01 -1.294892e+00  5.512486e-02
    endloop
  endfacet
  facet normal -7.969181e-02  9.587960e-01 -2.726895e-01
    outer loop
      vertex -2.193418e+01 -1.852490e+00  1.085574e-01
      vertex -1.504272e+01 -1.294892e+00  5.512486e-02
      vertex -2.198786e+01 -1.872222e+00  5.486480e-02
    endloop
  endfacet
  facet normal -8.248708e-02  9.923410e-01 -9.195194e-02
    outer loop
      vertex -2.198786e+01 -1.872222e+00  5.486480e-02
      vertex -1.504272e+01 -1.294892e+00  5.512486e-02
      vertex -1.504272e+01 -1.300000e+00  0.000000e+00
    endloop
  endfacet
  facet normal -8.248695e-02  9.923811e-01 -9.151898e-02
    outer loop
      vertex -2.198786e+01 -1.872222e+00  5.486480e-02
      vertex -1.504272e+01 -1.300000e+00  0.000000e+00
      vertex -2.204272e+01 -1.881842e+00  0.000000e+00
    endloop
  endfacet
  facet normal -4.044486e-03  9.991214e-01  4.171316e-02
    outer loop
      vertex -2.362483e+01 -3.000000e-01 -1.581857e+00
      vertex -2.217888e+01 -2.962709e-01 -1.530977e+00
      vertex -2.365055e+01 -2.990195e-01 -1.607836e+00
    endloop
  endfacet
  facet normal -1.086737e-02  9.848855e-01  1.728654e-01
    outer loop
      vertex -2.217888e+01 -2.962709e-01 -1.530977e+00
      vertex -2.370990e+01 -2.892569e-01 -1.667189e+00
      vertex -2.365055e+01 -2.990195e-01 -1.607836e+00
    endloop
  endfacet
  facet normal  6.476184e-02  2.730891e-01 -9.598063e-01
    outer loop
      vertex -1.504272e+01 -1.083725e-01 -7.202584e-01
      vertex -1.800000e+01 -9.396926e-02 -9.156994e-01
      vertex -1.504272e+01 -5.512486e-02 -7.051080e-01
    endloop
  endfacet
  facet normal  6.269503e-02  3.864455e-01 -9.201789e-01
    outer loop
      vertex -1.800000e+01 -1.382074e-01 -9.342780e-01
      vertex -1.800000e+01 -9.396926e-02 -9.156994e-01
      vertex -1.504272e+01 -1.083725e-01 -7.202584e-01
    endloop
  endfacet
  facet normal  6.017721e-02  4.449303e-01 -8.935412e-01
    outer loop
      vertex -1.504272e+01 -1.579296e-01 -7.449349e-01
      vertex -1.800000e+01 -1.382074e-01 -9.342780e-01
      vertex -1.504272e+01 -1.083725e-01 -7.202584e-01
    endloop
  endfacet
  facet normal  5.776960e-02  5.279852e-01 -8.472863e-01
    outer loop
      vertex -1.800000e+01 -1.785324e-01 -9.594064e-01
      vertex -1.800000e+01 -1.382074e-01 -9.342780e-01
      vertex -1.504272e+01 -1.579296e-01 -7.449349e-01
    endloop
  endfacet
  facet normal  5.359922e-02  6.017683e-01 -7.968702e-01
    outer loop
      vertex -1.504272e+01 -2.021087e-01 -7.782973e-01
      vertex -1.800000e+01 -1.785324e-01 -9.594064e-01
      vertex -1.504272e+01 -1.579296e-01 -7.449349e-01
    endloop
  endfacet
  facet normal  5.081573e-02  6.675147e-01 -7.428606e-01
    outer loop
      vertex -1.504272e+01 -2.021087e-01 -7.782973e-01
      vertex -1.800000e+01 -2.203681e-01 -9.969988e-01
      vertex -1.800000e+01 -1.785324e-01 -9.594064e-01
    endloop
  endfacet
  facet normal  4.521298e-02  7.382536e-01 -6.730063e-01
    outer loop
      vertex -1.800000e+01 -2.203681e-01 -9.969988e-01
      vertex -1.504272e+01 -2.021087e-01 -7.782973e-01
      vertex -1.504272e+01 -2.394052e-01 -8.192096e-01
    endloop
  endfacet
  facet normal  4.151795e-02  7.947668e-01 -6.054932e-01
    outer loop
      vertex -1.504272e+01 -2.394052e-01 -8.192096e-01
      vertex -1.800000e+01 -2.547037e-01 -1.042068e+00
      vertex -1.800000e+01 -2.203681e-01 -9.969988e-01
    endloop
  endfacet
  facet normal  3.525124e-02  8.496884e-01 -5.261055e-01
    outer loop
      vertex -1.800000e+01 -2.547037e-01 -1.042068e+00
      vertex -1.504272e+01 -2.394052e-01 -8.192096e-01
      vertex -1.504272e+01 -2.685490e-01 -8.662785e-01
    endloop
  endfacet
  facet normal  3.073969e-02  8.941525e-01 -4.467061e-01
    outer loop
      vertex -1.504272e+01 -2.685490e-01 -8.662785e-01
      vertex -1.800000e+01 -2.798399e-01 -1.092382e+00
      vertex -1.800000e+01 -2.547037e-01 -1.042068e+00
    endloop
  endfacet
  facet normal  2.405210e-02  9.322025e-01 -3.611369e-01
    outer loop
      vertex -1.504272e+01 -2.885477e-01 -9.179011e-01
      vertex -1.800000e+01 -2.798399e-01 -1.092382e+00
      vertex -1.504272e+01 -2.685490e-01 -8.662785e-01
    endloop
  endfacet
  facet normal  1.879959e-02  9.625085e-01 -2.705994e-01
    outer loop
      vertex -1.800000e+01 -2.950623e-01 -1.146527e+00
      vertex -1.800000e+01 -2.798399e-01 -1.092382e+00
      vertex -1.504272e+01 -2.885477e-01 -9.179011e-01
    endloop
  endfacet
  facet normal  1.203930e-02  9.829019e-01 -1.837360e-01
    outer loop
      vertex -1.504272e+01 -2.987202e-01 -9.723195e-01
      vertex -1.800000e+01 -2.950623e-01 -1.146527e+00
      vertex -1.504272e+01 -2.885477e-01 -9.179011e-01
    endloop
  endfacet
  facet normal  6.311877e-03  9.962555e-01 -8.622897e-02
    outer loop
      vertex -1.800000e+01 -2.999479e-01 -1.202974e+00
      vertex -1.800000e+01 -2.950623e-01 -1.146527e+00
      vertex -1.504272e+01 -2.987202e-01 -9.723195e-01
    endloop
  endfacet
  facet normal -4.151370e-04  9.999999e-01  0.000000e+00
    outer loop
      vertex -1.504272e+01 -2.987202e-01 -1.027681e+00
      vertex -1.800000e+01 -2.999479e-01 -1.202974e+00
      vertex -1.504272e+01 -2.987202e-01 -9.723195e-01
    endloop
  endfacet
  facet normal -6.412393e-03  9.948442e-01  1.012127e-01
    outer loop
      vertex -1.800000e+01 -2.942552e-01 -1.258928e+00
      vertex -1.800000e+01 -2.999479e-01 -1.202974e+00
      vertex -1.504272e+01 -2.987202e-01 -1.027681e+00
    endloop
  endfacet
  facet normal -1.288330e-02  9.828915e-01  1.837343e-01
    outer loop
      vertex -1.504272e+01 -2.885477e-01 -1.082099e+00
      vertex -1.800000e+01 -2.942552e-01 -1.258928e+00
      vertex -1.504272e+01 -2.987202e-01 -1.027681e+00
    endloop
  endfacet
  facet normal -1.801759e-02  9.626206e-01  2.702538e-01
    outer loop
      vertex -1.504272e+01 -2.885477e-01 -1.082099e+00
      vertex -1.800000e+01 -2.817737e-01 -1.303387e+00
      vertex -1.800000e+01 -2.942552e-01 -1.258928e+00
    endloop
  endfacet
  facet normal -2.488738e-02  9.321835e-01  3.611296e-01
    outer loop
      vertex -1.800000e+01 -2.817737e-01 -1.303387e+00
      vertex -1.504272e+01 -2.885477e-01 -1.082099e+00
      vertex -1.504272e+01 -2.685490e-01 -1.133721e+00
    endloop
  endfacet
  facet normal -2.788825e-02  9.092939e-01  4.152193e-01
    outer loop
      vertex -1.504272e+01 -2.685490e-01 -1.133721e+00
      vertex -1.800000e+01 -2.624406e-01 -1.345724e+00
      vertex -1.800000e+01 -2.817737e-01 -1.303387e+00
    endloop
  endfacet
  facet normal -1.547724e-02  9.744335e-01  2.241424e-01
    outer loop
      vertex -2.081212e+01 -2.856035e-01 -1.482977e+00
      vertex -2.370990e+01 -2.892569e-01 -1.667189e+00
      vertex -2.217888e+01 -2.962709e-01 -1.530977e+00
    endloop
  endfacet
  facet normal -2.379093e-02  9.342902e-01  3.557186e-01
    outer loop
      vertex -2.376737e+01 -2.688409e-01 -1.724655e+00
      vertex -2.370990e+01 -2.892569e-01 -1.667189e+00
      vertex -2.081212e+01 -2.856035e-01 -1.482977e+00
    endloop
  endfacet
  facet normal -2.584236e-02  9.245721e-01  3.801297e-01
    outer loop
      vertex -1.944548e+01 -2.670562e-01 -1.435180e+00
      vertex -2.376737e+01 -2.688409e-01 -1.724655e+00
      vertex -2.081212e+01 -2.856035e-01 -1.482977e+00
    endloop
  endfacet
  facet normal -3.404018e-02  8.636742e-01  5.028996e-01
    outer loop
      vertex -2.380488e+01 -2.484667e-01 -1.762184e+00
      vertex -2.376737e+01 -2.688409e-01 -1.724655e+00
      vertex -1.944548e+01 -2.670562e-01 -1.435180e+00
    endloop
  endfacet
  facet normal -3.763436e-02  8.349561e-01  5.490283e-01
    outer loop
      vertex -1.800000e+01 -2.369226e-01 -1.384532e+00
      vertex -1.800000e+01 -2.624406e-01 -1.345724e+00
      vertex -1.504272e+01 -2.685490e-01 -1.133721e+00
    endloop
  endfacet
  facet normal -3.553225e-02  8.496805e-01  5.260992e-01
    outer loop
      vertex -1.800000e+01 -2.369226e-01 -1.384532e+00
      vertex -1.504272e+01 -2.685490e-01 -1.133721e+00
      vertex -1.504272e+01 -2.394052e-01 -1.180790e+00
    endloop
  endfacet
  facet normal -4.574586e-02  7.382352e-01  6.729904e-01
    outer loop
      vertex -1.800000e+01 -2.369226e-01 -1.384532e+00
      vertex -1.504272e+01 -2.394052e-01 -1.180790e+00
      vertex -1.504272e+01 -2.021087e-01 -1.221703e+00
    endloop
  endfacet
  facet normal -4.605715e-02  7.317320e-01  6.800346e-01
    outer loop
      vertex -1.800000e+01 -2.369226e-01 -1.384532e+00
      vertex -1.504272e+01 -2.021087e-01 -1.221703e+00
      vertex -2.386570e+01 -1.985954e-01 -1.823043e+00
    endloop
  endfacet
  facet normal -4.860311e-02  7.010922e-01  7.114124e-01
    outer loop
      vertex -1.800000e+01 -2.369226e-01 -1.384532e+00
      vertex -2.386570e+01 -1.985954e-01 -1.823043e+00
      vertex -2.384090e+01 -2.220424e-01 -1.798242e+00
    endloop
  endfacet
  facet normal -4.172711e-02  7.855633e-01  6.173728e-01
    outer loop
      vertex -1.800000e+01 -2.369226e-01 -1.384532e+00
      vertex -2.384090e+01 -2.220424e-01 -1.798242e+00
      vertex -2.380488e+01 -2.484667e-01 -1.762184e+00
    endloop
  endfacet
  facet normal -3.626799e-02  8.462144e-01  5.316069e-01
    outer loop
      vertex -1.800000e+01 -2.369226e-01 -1.384532e+00
      vertex -2.380488e+01 -2.484667e-01 -1.762184e+00
      vertex -1.944548e+01 -2.670562e-01 -1.435180e+00
    endloop
  endfacet
  facet normal  6.591014e-02  2.369916e-01 -9.692733e-01
    outer loop
      vertex -1.800000e+01 -9.396926e-02 -9.156994e-01
      vertex -1.800000e+01 -4.736121e-02 -9.043035e-01
      vertex -1.504272e+01 -5.512486e-02 -7.051080e-01
    endloop
  endfacet
  facet normal  6.719940e-02  7.986572e-02 -9.945379e-01
    outer loop
      vertex -1.504272e+01 -5.512486e-02 -7.051080e-01
      vertex -1.800000e+01 -4.736121e-02 -9.043035e-01
      vertex -1.800000e+01 -2.846799e-16 -9.005002e-01
    endloop
  endfacet
  facet normal  6.735632e-02  9.205863e-02 -9.934729e-01
    outer loop
      vertex -1.504272e+01 -5.512486e-02 -7.051080e-01
      vertex -1.800000e+01 -2.846799e-16 -9.005002e-01
      vertex -1.504272e+01 -3.514366e-16 -7.000000e-01
    endloop
  endfacet
  facet normal -5.703217e-02  5.371212e-01  8.415748e-01
    outer loop
      vertex -2.390274e+01 -1.508278e-01 -1.860027e+00
      vertex -2.388844e+01 -1.716851e-01 -1.845746e+00
      vertex -1.504272e+01 -1.579296e-01 -1.255065e+00
    endloop
  endfacet
  facet normal -5.337957e-02  6.171775e-01  7.850112e-01
    outer loop
      vertex -1.504272e+01 -1.579296e-01 -1.255065e+00
      vertex -2.388844e+01 -1.716851e-01 -1.845746e+00
      vertex -2.386570e+01 -1.985954e-01 -1.823043e+00
    endloop
  endfacet
  facet normal -5.407063e-02  6.017523e-01  7.968505e-01
    outer loop
      vertex -1.504272e+01 -1.579296e-01 -1.255065e+00
      vertex -2.386570e+01 -1.985954e-01 -1.823043e+00
      vertex -1.504272e+01 -2.021087e-01 -1.221703e+00
    endloop
  endfacet
  facet normal -6.213629e-02  3.953547e-01  9.164245e-01
    outer loop
      vertex -2.392427e+01 -1.092435e-01 -1.881561e+00
      vertex -2.391547e+01 -1.282873e-01 -1.872749e+00
      vertex -1.504272e+01 -1.083725e-01 -1.279742e+00
    endloop
  endfacet
  facet normal -6.008720e-02  4.646810e-01  8.834371e-01
    outer loop
      vertex -1.504272e+01 -1.083725e-01 -1.279742e+00
      vertex -2.391547e+01 -1.282873e-01 -1.872749e+00
      vertex -2.390274e+01 -1.508278e-01 -1.860027e+00
    endloop
  endfacet
  facet normal -6.065254e-02  4.449187e-01  8.935149e-01
    outer loop
      vertex -1.504272e+01 -1.083725e-01 -1.279742e+00
      vertex -2.390274e+01 -1.508278e-01 -1.860027e+00
      vertex -1.504272e+01 -1.579296e-01 -1.255065e+00
    endloop
  endfacet
  facet normal -6.555866e-02  2.482894e-01  9.664649e-01
    outer loop
      vertex -2.393975e+01 -6.016864e-02 -1.897112e+00
      vertex -2.393185e+01 -8.894615e-02 -1.889184e+00
      vertex -1.504272e+01 -5.512486e-02 -1.294892e+00
    endloop
  endfacet
  facet normal -6.422553e-02  3.297237e-01  9.418904e-01
    outer loop
      vertex -1.504272e+01 -5.512486e-02 -1.294892e+00
      vertex -2.393185e+01 -8.894615e-02 -1.889184e+00
      vertex -2.392427e+01 -1.092435e-01 -1.881561e+00
    endloop
  endfacet
  facet normal -6.506261e-02  2.730840e-01  9.597875e-01
    outer loop
      vertex -1.504272e+01 -5.512486e-02 -1.294892e+00
      vertex -2.392427e+01 -1.092435e-01 -1.881561e+00
      vertex -1.504272e+01 -1.083725e-01 -1.279742e+00
    endloop
  endfacet
  facet normal -6.684907e-02  1.504951e-01  9.863480e-01
    outer loop
      vertex -2.393975e+01 -6.016864e-02 -1.897112e+00
      vertex -1.504272e+01 -5.512486e-02 -1.294892e+00
      vertex -2.394470e+01 -3.021431e-02 -1.902018e+00
    endloop
  endfacet
  facet normal -6.749788e-02  9.205643e-02  9.934635e-01
    outer loop
      vertex -2.394470e+01 -3.021431e-02 -1.902018e+00
      vertex -1.504272e+01 -5.512486e-02 -1.294892e+00
      vertex -1.504272e+01  3.215626e-16 -1.300000e+00
    endloop
  endfacet
  facet normal -6.755789e-02  5.030878e-02  9.964461e-01
    outer loop
      vertex -2.394470e+01 -3.021431e-02 -1.902018e+00
      vertex -1.504272e+01  3.215626e-16 -1.300000e+00
      vertex -2.394638e+01  5.225509e-16 -1.903658e+00
    endloop
  endfacet
  facet normal -6.598138e-02 -2.169214e-01  9.739567e-01
    outer loop
      vertex -2.393342e+01  8.416667e-02 -1.890731e+00
      vertex -2.394254e+01  4.598616e-02 -1.899852e+00
      vertex -1.504272e+01  5.512486e-02 -1.294892e+00
    endloop
  endfacet
  facet normal -6.521459e-02 -2.730813e-01  9.597778e-01
    outer loop
      vertex -1.504272e+01  1.083725e-01 -1.279742e+00
      vertex -2.393342e+01  8.416667e-02 -1.890731e+00
      vertex -1.504272e+01  5.512486e-02 -1.294892e+00
    endloop
  endfacet
  facet normal -5.875857e-02 -4.942947e-01  8.673064e-01
    outer loop
      vertex -1.504272e+01  1.579296e-01 -1.255065e+00
      vertex -2.389361e+01  1.645496e-01 -1.850926e+00
      vertex -2.391358e+01  1.319467e-01 -1.870859e+00
    endloop
  endfacet
  facet normal -3.256252e-02 -8.754567e-01  4.821984e-01
    outer loop
      vertex -1.944533e+01  2.670616e-01 -1.435160e+00
      vertex -2.376021e+01  2.720459e-01 -1.717491e+00
      vertex -2.379873e+01  2.522407e-01 -1.756050e+00
    endloop
  endfacet
  facet normal -4.348837e-03 -9.987130e-01  5.053021e-02
    outer loop
      vertex -2.365654e+01  2.985145e-01 -1.613824e+00
      vertex -2.217849e+01  2.962717e-01 -1.530947e+00
      vertex -2.362442e+01  3.000000e-01 -1.581701e+00
    endloop
  endfacet
  facet normal -2.567253e-02 -9.241363e-01  3.811994e-01
    outer loop
      vertex -1.800000e+01  2.864808e-01 -1.289413e+00
      vertex -1.800000e+01  2.658893e-01 -1.339332e+00
      vertex -1.504272e+01  2.685490e-01 -1.133721e+00
    endloop
  endfacet
  facet normal -2.466485e-02 -9.321886e-01  3.611315e-01
    outer loop
      vertex -1.504272e+01  2.885477e-01 -1.082099e+00
      vertex -1.800000e+01  2.864808e-01 -1.289413e+00
      vertex -1.504272e+01  2.685490e-01 -1.133721e+00
    endloop
  endfacet
  facet normal -1.408094e-02 -9.774696e-01  2.106063e-01
    outer loop
      vertex -1.800000e+01  2.977682e-01 -1.237025e+00
      vertex -1.800000e+01  2.864808e-01 -1.289413e+00
      vertex -1.504272e+01  2.885477e-01 -1.082099e+00
    endloop
  endfacet
  facet normal -1.269010e-02 -9.828939e-01  1.837347e-01
    outer loop
      vertex -1.504272e+01  2.987202e-01 -1.027681e+00
      vertex -1.800000e+01  2.977682e-01 -1.237025e+00
      vertex -1.504272e+01  2.885477e-01 -1.082099e+00
    endloop
  endfacet
  facet normal -1.619574e-03 -9.996226e-01  2.742464e-02
    outer loop
      vertex -1.800000e+01  2.993107e-01 -1.180802e+00
      vertex -1.800000e+01  2.977682e-01 -1.237025e+00
      vertex -1.504272e+01  2.987202e-01 -1.027681e+00
    endloop
  endfacet
  facet normal -1.996577e-04 -1.000000e+00  0.000000e+00
    outer loop
      vertex -1.504272e+01  2.987202e-01 -9.723195e-01
      vertex -1.800000e+01  2.993107e-01 -1.180802e+00
      vertex -1.504272e+01  2.987202e-01 -1.027681e+00
    endloop
  endfacet
  facet normal  1.105474e-02 -9.871191e-01 -1.596045e-01
    outer loop
      vertex -1.800000e+01  2.902673e-01 -1.124871e+00
      vertex -1.800000e+01  2.993107e-01 -1.180802e+00
      vertex -1.504272e+01  2.987202e-01 -9.723195e-01
    endloop
  endfacet
  facet normal  1.228748e-02 -9.828990e-01 -1.837354e-01
    outer loop
      vertex -1.504272e+01  2.885477e-01 -9.179011e-01
      vertex -1.800000e+01  2.902673e-01 -1.124871e+00
      vertex -1.504272e+01  2.987202e-01 -9.723195e-01
    endloop
  endfacet
  facet normal  2.331542e-02 -9.397925e-01 -3.409494e-01
    outer loop
      vertex -1.800000e+01  2.710858e-01 -1.071999e+00
      vertex -1.800000e+01  2.902673e-01 -1.124871e+00
      vertex -1.504272e+01  2.885477e-01 -9.179011e-01
    endloop
  endfacet
  facet normal  2.432237e-02 -9.321964e-01 -3.611346e-01
    outer loop
      vertex -1.504272e+01  2.685490e-01 -8.662785e-01
      vertex -1.800000e+01  2.710858e-01 -1.071999e+00
      vertex -1.504272e+01  2.885477e-01 -9.179011e-01
    endloop
  endfacet
  facet normal  3.484469e-02 -8.585840e-01 -5.114875e-01
    outer loop
      vertex -1.800000e+01  2.423001e-01 -1.023679e+00
      vertex -1.800000e+01  2.710858e-01 -1.071999e+00
      vertex -1.504272e+01  2.685490e-01 -8.662785e-01
    endloop
  endfacet
  facet normal  3.554341e-02 -8.496796e-01 -5.261001e-01
    outer loop
      vertex -1.504272e+01  2.394052e-01 -8.192096e-01
      vertex -1.800000e+01  2.423001e-01 -1.023679e+00
      vertex -1.504272e+01  2.685490e-01 -8.662785e-01
    endloop
  endfacet
  facet normal  4.507164e-02 -7.477356e-01 -6.624650e-01
    outer loop
      vertex -1.800000e+01  2.047281e-01 -9.812713e-01
      vertex -1.800000e+01  2.423001e-01 -1.023679e+00
      vertex -1.504272e+01  2.394052e-01 -8.192096e-01
    endloop
  endfacet
  facet normal -3.625066e-02 -8.466564e-01  5.309038e-01
    outer loop
      vertex -1.800000e+01  2.369332e-01 -1.384518e+00
      vertex -1.944533e+01  2.670616e-01 -1.435160e+00
      vertex -2.379873e+01  2.522407e-01 -1.756050e+00
    endloop
  endfacet
  facet normal -4.056058e-02 -7.988656e-01  6.001404e-01
    outer loop
      vertex -1.800000e+01  2.369332e-01 -1.384518e+00
      vertex -2.379873e+01  2.522407e-01 -1.756050e+00
      vertex -2.383588e+01  2.261789e-01 -1.793253e+00
    endloop
  endfacet
  facet normal -4.569821e-02 -7.392075e-01  6.719255e-01
    outer loop
      vertex -1.800000e+01  2.369332e-01 -1.384518e+00
      vertex -2.383588e+01  2.261789e-01 -1.793253e+00
      vertex -1.504272e+01  2.021087e-01 -1.221703e+00
    endloop
  endfacet
  facet normal -4.574540e-02 -7.382352e-01  6.729904e-01
    outer loop
      vertex -1.800000e+01  2.369332e-01 -1.384518e+00
      vertex -1.504272e+01  2.021087e-01 -1.221703e+00
      vertex -1.504272e+01  2.394052e-01 -1.180790e+00
    endloop
  endfacet
  facet normal -3.553287e-02 -8.496805e-01  5.260992e-01
    outer loop
      vertex -1.800000e+01  2.369332e-01 -1.384518e+00
      vertex -1.504272e+01  2.394052e-01 -1.180790e+00
      vertex -1.504272e+01  2.685490e-01 -1.133721e+00
    endloop
  endfacet
  facet normal -3.673095e-02 -8.413885e-01  5.391812e-01
    outer loop
      vertex -1.800000e+01  2.369332e-01 -1.384518e+00
      vertex -1.504272e+01  2.685490e-01 -1.133721e+00
      vertex -1.800000e+01  2.658893e-01 -1.339332e+00
    endloop
  endfacet
  facet normal -6.720269e-02 -1.202712e-01  9.904639e-01
    outer loop
      vertex -2.394254e+01  4.598616e-02 -1.899852e+00
      vertex -2.394513e+01  2.630473e-02 -1.902418e+00
      vertex -1.504272e+01  5.512486e-02 -1.294892e+00
    endloop
  endfacet
  facet normal -6.787818e-02 -4.376865e-02  9.967330e-01
    outer loop
      vertex -1.504272e+01  5.512486e-02 -1.294892e+00
      vertex -2.394513e+01  2.630473e-02 -1.902418e+00
      vertex -2.394638e+01  5.225509e-16 -1.903658e+00
    endloop
  endfacet
  facet normal -6.735632e-02 -9.205735e-02  9.934729e-01
    outer loop
      vertex -1.504272e+01  5.512486e-02 -1.294892e+00
      vertex -2.394638e+01  5.225509e-16 -1.903658e+00
      vertex -1.504272e+01  3.215626e-16 -1.300000e+00
    endloop
  endfacet
  facet normal -6.358226e-02 -3.389965e-01  9.386366e-01
    outer loop
      vertex -2.393342e+01  8.416667e-02 -1.890731e+00
      vertex -1.504272e+01  1.083725e-01 -1.279742e+00
      vertex -2.391987e+01  1.192374e-01 -1.877146e+00
    endloop
  endfacet
  facet normal -6.067526e-02 -4.449178e-01  8.935137e-01
    outer loop
      vertex -2.391987e+01  1.192374e-01 -1.877146e+00
      vertex -1.504272e+01  1.083725e-01 -1.279742e+00
      vertex -1.504272e+01  1.579296e-01 -1.255065e+00
    endloop
  endfacet
  facet normal -6.169732e-02 -4.178570e-01  9.064155e-01
    outer loop
      vertex -2.391987e+01  1.192374e-01 -1.877146e+00
      vertex -1.504272e+01  1.579296e-01 -1.255065e+00
      vertex -2.391358e+01  1.319467e-01 -1.870859e+00
    endloop
  endfacet
  facet normal -4.818729e-02 -7.006849e-01  7.118417e-01
    outer loop
      vertex -2.383588e+01  2.261789e-01 -1.793253e+00
      vertex -2.387043e+01  1.934629e-01 -1.827795e+00
      vertex -1.504272e+01  2.021087e-01 -1.221703e+00
    endloop
  endfacet
  facet normal -5.437762e-02 -5.968312e-01  8.005222e-01
    outer loop
      vertex -1.504272e+01  2.021087e-01 -1.221703e+00
      vertex -2.387043e+01  1.934629e-01 -1.827795e+00
      vertex -2.389361e+01  1.645496e-01 -1.850926e+00
    endloop
  endfacet
  facet normal -5.409566e-02 -6.017509e-01  7.968497e-01
    outer loop
      vertex -1.504272e+01  2.021087e-01 -1.221703e+00
      vertex -2.389361e+01  1.645496e-01 -1.850926e+00
      vertex -1.504272e+01  1.579296e-01 -1.255065e+00
    endloop
  endfacet
  facet normal -9.846317e-03 -9.888121e-01  1.488411e-01
    outer loop
      vertex -2.365654e+01  2.985145e-01 -1.613824e+00
      vertex -2.368842e+01  2.940336e-01 -1.645702e+00
      vertex -2.217849e+01  2.962717e-01 -1.530947e+00
    endloop
  endfacet
  facet normal -1.742528e-02 -9.685600e-01  2.481687e-01
    outer loop
      vertex -2.217849e+01  2.962717e-01 -1.530947e+00
      vertex -2.368842e+01  2.940336e-01 -1.645702e+00
      vertex -2.371986e+01  2.865442e-01 -1.677139e+00
    endloop
  endfacet
  facet normal -1.567043e-02 -9.730723e-01  2.299669e-01
    outer loop
      vertex -2.217849e+01  2.962717e-01 -1.530947e+00
      vertex -2.371986e+01  2.865442e-01 -1.677139e+00
      vertex -2.081185e+01  2.856061e-01 -1.482951e+00
    endloop
  endfacet
  facet normal -2.430526e-02 -9.328403e-01  3.594695e-01
    outer loop
      vertex -2.081185e+01  2.856061e-01 -1.482951e+00
      vertex -2.371986e+01  2.865442e-01 -1.677139e+00
      vertex -2.376021e+01  2.720459e-01 -1.717491e+00
    endloop
  endfacet
  facet normal -2.575894e-02 -9.257199e-01  3.773318e-01
    outer loop
      vertex -2.081185e+01  2.856061e-01 -1.482951e+00
      vertex -2.376021e+01  2.720459e-01 -1.717491e+00
      vertex -1.944533e+01  2.670616e-01 -1.435160e+00
    endloop
  endfacet
  facet normal  4.553746e-02 -7.382427e-01 -6.729963e-01
    outer loop
      vertex -1.504272e+01  2.394052e-01 -8.192096e-01
      vertex -1.504272e+01  2.021087e-01 -7.782973e-01
      vertex -1.800000e+01  2.047281e-01 -9.812713e-01
    endloop
  endfacet
  facet normal  5.415883e-02 -6.017501e-01 -7.968462e-01
    outer loop
      vertex -1.800000e+01  2.047281e-01 -9.812713e-01
      vertex -1.504272e+01  2.021087e-01 -7.782973e-01
      vertex -1.504272e+01  1.579296e-01 -7.449349e-01
    endloop
  endfacet
  facet normal  5.347348e-02 -6.107122e-01 -7.900451e-01
    outer loop
      vertex -1.800000e+01  2.047281e-01 -9.812713e-01
      vertex -1.504272e+01  1.579296e-01 -7.449349e-01
      vertex -1.800000e+01  1.602294e-01 -9.468734e-01
    endloop
  endfacet
  facet normal  6.066786e-02 -4.449168e-01 -8.935147e-01
    outer loop
      vertex -1.800000e+01  1.602294e-01 -9.468734e-01
      vertex -1.504272e+01  1.579296e-01 -7.449349e-01
      vertex -1.504272e+01  1.083725e-01 -7.202584e-01
    endloop
  endfacet
  facet normal  6.031779e-02 -4.511972e-01 -8.903835e-01
    outer loop
      vertex -1.800000e+01  1.602294e-01 -9.468734e-01
      vertex -1.504272e+01  1.083725e-01 -7.202584e-01
      vertex -1.800000e+01  1.101706e-01 -9.215063e-01
    endloop
  endfacet
  facet normal  6.514878e-02 -2.730822e-01 -9.597821e-01
    outer loop
      vertex -1.800000e+01  1.101706e-01 -9.215063e-01
      vertex -1.504272e+01  1.083725e-01 -7.202584e-01
      vertex -1.504272e+01  5.512486e-02 -7.051080e-01
    endloop
  endfacet
  facet normal  6.497779e-02 -2.774202e-01 -9.585488e-01
    outer loop
      vertex -1.800000e+01  1.101706e-01 -9.215063e-01
      vertex -1.504272e+01  5.512486e-02 -7.051080e-01
      vertex -1.800000e+01  5.586885e-02 -9.057905e-01
    endloop
  endfacet
  facet normal  6.739422e-02 -9.205839e-02 -9.934704e-01
    outer loop
      vertex -1.800000e+01  5.586885e-02 -9.057905e-01
      vertex -1.504272e+01  5.512486e-02 -7.051080e-01
      vertex -1.504272e+01 -3.514366e-16 -7.000000e-01
    endloop
  endfacet
  facet normal  6.734369e-02 -9.405611e-02 -9.932865e-01
    outer loop
      vertex -1.800000e+01  5.586885e-02 -9.057905e-01
      vertex -1.504272e+01 -3.514366e-16 -7.000000e-01
      vertex -1.800000e+01 -2.846799e-16 -9.005002e-01
    endloop
  endfacet
  facet normal -7.987595e-02 -9.587521e-01 -2.727895e-01
    outer loop
      vertex -1.504272e+01  1.279742e+00  1.083725e-01
      vertex -2.195877e+01  1.863165e+00  8.296052e-02
      vertex -1.504272e+01  1.294892e+00  5.512486e-02
    endloop
  endfacet
  facet normal -7.788580e-02 -9.379919e-01 -3.377943e-01
    outer loop
      vertex -1.504272e+01  1.279742e+00  1.083725e-01
      vertex -2.192169e+01  1.846800e+00  1.198548e-01
      vertex -2.195877e+01  1.863165e+00  8.296052e-02
    endloop
  endfacet
  facet normal -4.725643e-03 -4.720407e-02 -9.988742e-01
    outer loop
      vertex -2.174301e+01  1.585212e+00  2.986639e-01
      vertex -2.078711e+01  1.517230e+00  2.973542e-01
      vertex -2.174249e+01  1.556887e+00  3.000000e-01
    endloop
  endfacet
  facet normal -1.996576e-04  0.000000e+00 -9.999999e-01
    outer loop
      vertex -1.504272e+01  9.723195e-01  2.987202e-01
      vertex -1.800000e+01  1.226112e+00  2.993107e-01
      vertex -1.504272e+01  1.027681e+00  2.987202e-01
    endloop
  endfacet
  facet normal  1.349970e-02  1.595997e-01 -9.870896e-01
    outer loop
      vertex -1.800000e+01  1.170181e+00  2.902673e-01
      vertex -1.800000e+01  1.226112e+00  2.993107e-01
      vertex -1.504272e+01  9.723195e-01  2.987202e-01
    endloop
  endfacet
  facet normal  1.510198e-02  1.837284e-01 -9.828610e-01
    outer loop
      vertex -1.504272e+01  9.179011e-01  2.885477e-01
      vertex -1.800000e+01  1.170181e+00  2.902673e-01
      vertex -1.504272e+01  9.723195e-01  2.987202e-01
    endloop
  endfacet
  facet normal  2.853537e-02  3.409033e-01 -9.396651e-01
    outer loop
      vertex -1.800000e+01  1.117309e+00  2.710858e-01
      vertex -1.800000e+01  1.170181e+00  2.902673e-01
      vertex -1.504272e+01  9.179011e-01  2.885477e-01
    endloop
  endfacet
  facet normal  2.985098e-02  3.610803e-01 -9.320568e-01
    outer loop
      vertex -1.504272e+01  8.662785e-01  2.685490e-01
      vertex -1.800000e+01  1.117309e+00  2.710858e-01
      vertex -1.504272e+01  9.179011e-01  2.885477e-01
    endloop
  endfacet
  facet normal  4.266844e-02  5.113322e-01 -8.583233e-01
    outer loop
      vertex -1.800000e+01  1.068989e+00  2.423001e-01
      vertex -1.800000e+01  1.117309e+00  2.710858e-01
      vertex -1.504272e+01  8.662785e-01  2.685490e-01
    endloop
  endfacet
  facet normal  4.359009e-02  5.259323e-01 -8.494087e-01
    outer loop
      vertex -1.504272e+01  8.192096e-01  2.394052e-01
      vertex -1.800000e+01  1.068989e+00  2.423001e-01
      vertex -1.504272e+01  8.662785e-01  2.685490e-01
    endloop
  endfacet
  facet normal  5.519340e-02  6.621276e-01 -7.473557e-01
    outer loop
      vertex -1.800000e+01  1.026581e+00  2.047281e-01
      vertex -1.800000e+01  1.068989e+00  2.423001e-01
      vertex -1.504272e+01  8.192096e-01  2.394052e-01
    endloop
  endfacet
  facet normal -3.801085e-02 -4.557314e-01 -8.893054e-01
    outer loop
      vertex -1.800000e+01  1.403256e+00  2.553636e-01
      vertex -1.895500e+01  1.442036e+00  2.763095e-01
      vertex -2.176668e+01  1.681011e+00  2.740223e-01
    endloop
  endfacet
  facet normal -3.796030e-02 -4.550213e-01 -8.896710e-01
    outer loop
      vertex -1.800000e+01  1.403256e+00  2.553636e-01
      vertex -2.176668e+01  1.681011e+00  2.740223e-01
      vertex -2.178163e+01  1.710810e+00  2.594192e-01
    endloop
  endfacet
  facet normal -4.531252e-02 -5.461243e-01 -8.364778e-01
    outer loop
      vertex -1.800000e+01  1.403256e+00  2.553636e-01
      vertex -2.178163e+01  1.710810e+00  2.594192e-01
      vertex -2.179894e+01  1.738494e+00  2.422832e-01
    endloop
  endfacet
  facet normal -4.667183e-02 -5.611354e-01 -8.264071e-01
    outer loop
      vertex -1.800000e+01  1.403256e+00  2.553636e-01
      vertex -2.179894e+01  1.738494e+00  2.422832e-01
      vertex -1.504272e+01  1.180790e+00  2.394052e-01
    endloop
  endfacet
  facet normal -4.414660e-02 -5.259185e-01 -8.493886e-01
    outer loop
      vertex -1.800000e+01  1.403256e+00  2.553636e-01
      vertex -1.504272e+01  1.180790e+00  2.394052e-01
      vertex -1.504272e+01  1.133721e+00  2.685490e-01
    endloop
  endfacet
  facet normal -3.803916e-02 -4.607352e-01 -8.867221e-01
    outer loop
      vertex -1.800000e+01  1.403256e+00  2.553636e-01
      vertex -1.504272e+01  1.133721e+00  2.685490e-01
      vertex -1.800000e+01  1.364998e+00  2.752422e-01
    endloop
  endfacet
  facet normal -8.093665e-02 -9.748527e-01 -2.076330e-01
    outer loop
      vertex -2.195877e+01  1.863165e+00  8.296052e-02
      vertex -2.200026e+01  1.875404e+00  4.166620e-02
      vertex -1.504272e+01  1.294892e+00  5.512486e-02
    endloop
  endfacet
  facet normal -8.281539e-02 -9.941601e-01 -6.919021e-02
    outer loop
      vertex -1.504272e+01  1.294892e+00  5.512486e-02
      vertex -2.200026e+01  1.875404e+00  4.166620e-02
      vertex -2.204273e+01  1.881842e+00  1.176032e-15
    endloop
  endfacet
  facet normal -8.248361e-02 -9.923412e-01 -9.195288e-02
    outer loop
      vertex -1.504272e+01  1.294892e+00  5.512486e-02
      vertex -2.204273e+01  1.881842e+00  1.176032e-15
      vertex -1.504272e+01  1.300000e+00  1.176032e-15
    endloop
  endfacet
  facet normal -5.227637e-02 -6.292940e-01 -7.754072e-01
    outer loop
      vertex -2.179894e+01  1.738494e+00  2.422832e-01
      vertex -2.181832e+01  1.763884e+00  2.229830e-01
      vertex -1.504272e+01  1.180790e+00  2.394052e-01
    endloop
  endfacet
  facet normal -5.888622e-02 -7.041904e-01 -7.075650e-01
    outer loop
      vertex -1.504272e+01  1.180790e+00  2.394052e-01
      vertex -2.181832e+01  1.763884e+00  2.229830e-01
      vertex -2.183946e+01  1.786866e+00  2.018698e-01
    endloop
  endfacet
  facet normal -5.590575e-02 -6.726421e-01 -7.378531e-01
    outer loop
      vertex -1.504272e+01  1.180790e+00  2.394052e-01
      vertex -2.183946e+01  1.786866e+00  2.018698e-01
      vertex -1.504272e+01  1.221703e+00  2.021087e-01
    endloop
  endfacet
  facet normal -6.645526e-02 -7.994524e-01 -5.970424e-01
    outer loop
      vertex -1.504272e+01  1.221703e+00  2.021087e-01
      vertex -2.183946e+01  1.786866e+00  2.018698e-01
      vertex -2.188593e+01  1.825378e+00  1.554756e-01
    endloop
  endfacet
  facet normal -6.614542e-02 -7.962702e-01 -6.013141e-01
    outer loop
      vertex -1.504272e+01  1.221703e+00  2.021087e-01
      vertex -2.188593e+01  1.825378e+00  1.554756e-01
      vertex -1.504272e+01  1.255065e+00  1.579296e-01
    endloop
  endfacet
  facet normal -7.363845e-02 -8.855655e-01 -4.586406e-01
    outer loop
      vertex -1.504272e+01  1.255065e+00  1.579296e-01
      vertex -2.188593e+01  1.825378e+00  1.554756e-01
      vertex -2.192169e+01  1.846800e+00  1.198548e-01
    endloop
  endfacet
  facet normal -7.432926e-02 -8.926867e-01 -4.445060e-01
    outer loop
      vertex -1.504272e+01  1.255065e+00  1.579296e-01
      vertex -2.192169e+01  1.846800e+00  1.198548e-01
      vertex -1.504272e+01  1.279742e+00  1.083725e-01
    endloop
  endfacet
  facet normal -2.607225e-02 -3.120186e-01 -9.497181e-01
    outer loop
      vertex -2.175219e+01  1.641448e+00  2.880712e-01
      vertex -2.175878e+01  1.661625e+00  2.816235e-01
      vertex -1.987100e+01  1.479460e+00  2.896471e-01
    endloop
  endfacet
  facet normal -3.237080e-02 -3.762440e-01 -9.259549e-01
    outer loop
      vertex -1.987100e+01  1.479460e+00  2.896471e-01
      vertex -2.175878e+01  1.661625e+00  2.816235e-01
      vertex -2.176668e+01  1.681011e+00  2.740223e-01
    endloop
  endfacet
  facet normal -2.717910e-02 -3.288130e-01 -9.440038e-01
    outer loop
      vertex -1.987100e+01  1.479460e+00  2.896471e-01
      vertex -2.176668e+01  1.681011e+00  2.740223e-01
      vertex -1.895500e+01  1.442036e+00  2.763095e-01
    endloop
  endfacet
  facet normal -1.222801e-02 -1.529029e-01 -9.881656e-01
    outer loop
      vertex -2.174301e+01  1.585212e+00  2.986639e-01
      vertex -2.174723e+01  1.620620e+00  2.932372e-01
      vertex -2.078711e+01  1.517230e+00  2.973542e-01
    endloop
  endfacet
  facet normal -2.230001e-02 -2.456766e-01 -9.690953e-01
    outer loop
      vertex -2.078711e+01  1.517230e+00  2.973542e-01
      vertex -2.174723e+01  1.620620e+00  2.932372e-01
      vertex -2.175219e+01  1.641448e+00  2.880712e-01
    endloop
  endfacet
  facet normal -1.656056e-02 -2.018461e-01 -9.792771e-01
    outer loop
      vertex -2.078711e+01  1.517230e+00  2.973542e-01
      vertex -2.175219e+01  1.641448e+00  2.880712e-01
      vertex -1.987100e+01  1.479460e+00  2.896471e-01
    endloop
  endfacet
  facet normal -2.039757e-03 -2.742462e-02 -9.996217e-01
    outer loop
      vertex -1.800000e+01  1.226112e+00  2.993107e-01
      vertex -1.800000e+01  1.282335e+00  2.977682e-01
      vertex -1.504272e+01  1.027681e+00  2.987202e-01
    endloop
  endfacet
  facet normal -1.628510e-02 -1.927852e-01 -9.811059e-01
    outer loop
      vertex -1.504272e+01  1.027681e+00  2.987202e-01
      vertex -1.800000e+01  1.282335e+00  2.977682e-01
      vertex -1.800000e+01  1.324315e+00  2.895192e-01
    endloop
  endfacet
  facet normal -1.537113e-02 -1.837278e-01 -9.828570e-01
    outer loop
      vertex -1.504272e+01  1.027681e+00  2.987202e-01
      vertex -1.800000e+01  1.324315e+00  2.895192e-01
      vertex -1.504272e+01  1.082099e+00  2.885477e-01
    endloop
  endfacet
  facet normal -2.742119e-02 -3.310089e-01 -9.432292e-01
    outer loop
      vertex -1.504272e+01  1.082099e+00  2.885477e-01
      vertex -1.800000e+01  1.324315e+00  2.895192e-01
      vertex -1.800000e+01  1.364998e+00  2.752422e-01
    endloop
  endfacet
  facet normal -3.034771e-02 -3.610751e-01 -9.320428e-01
    outer loop
      vertex -1.504272e+01  1.082099e+00  2.885477e-01
      vertex -1.800000e+01  1.364998e+00  2.752422e-01
      vertex -1.504272e+01  1.133721e+00  2.685490e-01
    endloop
  endfacet
  facet normal  5.581952e-02  6.726449e-01 -7.378571e-01
    outer loop
      vertex -1.504272e+01  8.192096e-01  2.394052e-01
      vertex -1.504272e+01  7.782973e-01  2.021087e-01
      vertex -1.800000e+01  1.026581e+00  2.047281e-01
    endloop
  endfacet
  facet normal  6.631883e-02  7.962605e-01 -6.013078e-01
    outer loop
      vertex -1.800000e+01  1.026581e+00  2.047281e-01
      vertex -1.504272e+01  7.782973e-01  2.021087e-01
      vertex -1.504272e+01  7.449349e-01  1.579296e-01
    endloop
  endfacet
  facet normal  6.553084e-02  7.894762e-01 -6.102728e-01
    outer loop
      vertex -1.800000e+01  1.026581e+00  2.047281e-01
      vertex -1.504272e+01  7.449349e-01  1.579296e-01
      vertex -1.800000e+01  9.921830e-01  1.602294e-01
    endloop
  endfacet
  facet normal  7.428910e-02  8.926898e-01 -4.445063e-01
    outer loop
      vertex -1.800000e+01  9.921830e-01  1.602294e-01
      vertex -1.504272e+01  7.449349e-01  1.579296e-01
      vertex -1.504272e+01  7.202584e-01  1.083725e-01
    endloop
  endfacet
  facet normal  7.389209e-02  8.895694e-01 -4.507840e-01
    outer loop
      vertex -1.800000e+01  9.921830e-01  1.602294e-01
      vertex -1.504272e+01  7.202584e-01  1.083725e-01
      vertex -1.800000e+01  9.668160e-01  1.101706e-01
    endloop
  endfacet
  facet normal  7.976897e-02  9.587604e-01 -2.727919e-01
    outer loop
      vertex -1.800000e+01  9.668160e-01  1.101706e-01
      vertex -1.504272e+01  7.202584e-01  1.083725e-01
      vertex -1.504272e+01  7.051080e-01  5.512486e-02
    endloop
  endfacet
  facet normal  7.957962e-02  9.575324e-01 -2.771260e-01
    outer loop
      vertex -1.800000e+01  9.668160e-01  1.101706e-01
      vertex -1.504272e+01  7.051080e-01  5.512486e-02
      vertex -1.800000e+01  9.511002e-01  5.586885e-02
    endloop
  endfacet
  facet normal  8.252142e-02  9.923381e-01 -9.195311e-02
    outer loop
      vertex -1.800000e+01  9.511002e-01  5.586885e-02
      vertex -1.504272e+01  7.051080e-01  5.512486e-02
      vertex -1.504272e+01  7.000000e-01 -8.728394e-16
    endloop
  endfacet
  facet normal  8.246819e-02  9.921554e-01 -9.395008e-02
    outer loop
      vertex -1.800000e+01  9.511002e-01  5.586885e-02
      vertex -1.504272e+01  7.000000e-01 -8.728394e-16
      vertex -1.800000e+01  9.458098e-01 -1.139293e-15
    endloop
  endfacet
  facet normal -2.315009e-03 -7.197006e-03  9.999714e-01
    outer loop
      vertex -2.234265e+01  1.606771e+00 -3.000000e-01
      vertex -2.165217e+01  1.578258e+00 -2.986067e-01
      vertex -2.234262e+01  1.611091e+00 -2.999689e-01
    endloop
  endfacet
  facet normal  7.938326e-02  9.587899e-01  2.728003e-01
    outer loop
      vertex -1.504272e+01  7.202584e-01 -1.083725e-01
      vertex -1.800000e+01  9.610090e-01 -9.396926e-02
      vertex -1.504272e+01  7.051080e-01 -5.512486e-02
    endloop
  endfacet
  facet normal  7.671806e-02  9.192755e-01  3.860661e-01
    outer loop
      vertex -1.800000e+01  9.795876e-01 -1.382074e-01
      vertex -1.800000e+01  9.610090e-01 -9.396926e-02
      vertex -1.504272e+01  7.202584e-01 -1.083725e-01
    endloop
  endfacet
  facet normal  7.379983e-02  8.927224e-01  4.445226e-01
    outer loop
      vertex -1.504272e+01  7.449349e-01 -1.579296e-01
      vertex -1.800000e+01  9.795876e-01 -1.382074e-01
      vertex -1.504272e+01  7.202584e-01 -1.083725e-01
    endloop
  endfacet
  facet normal  7.069230e-02  8.465810e-01  5.275444e-01
    outer loop
      vertex -1.800000e+01  1.004716e+00 -1.785324e-01
      vertex -1.800000e+01  9.795876e-01 -1.382074e-01
      vertex -1.504272e+01  7.449349e-01 -1.579296e-01
    endloop
  endfacet
  facet normal  6.576045e-02  7.962900e-01  6.013300e-01
    outer loop
      vertex -1.504272e+01  7.782973e-01 -2.021087e-01
      vertex -1.800000e+01  1.004716e+00 -1.785324e-01
      vertex -1.504272e+01  7.449349e-01 -1.579296e-01
    endloop
  endfacet
  facet normal  6.215741e-02  7.423833e-01  6.670858e-01
    outer loop
      vertex -1.504272e+01  7.782973e-01 -2.021087e-01
      vertex -1.800000e+01  1.042308e+00 -2.203681e-01
      vertex -1.800000e+01  1.004716e+00 -1.785324e-01
    endloop
  endfacet
  facet normal  5.549554e-02  6.726570e-01  7.378704e-01
    outer loop
      vertex -1.800000e+01  1.042308e+00 -2.203681e-01
      vertex -1.504272e+01  7.782973e-01 -2.021087e-01
      vertex -1.504272e+01  8.192096e-01 -2.394052e-01
    endloop
  endfacet
  facet normal  5.077324e-02  6.052346e-01  7.944263e-01
    outer loop
      vertex -1.504272e+01  8.192096e-01 -2.394052e-01
      vertex -1.800000e+01  1.087377e+00 -2.547037e-01
      vertex -1.800000e+01  1.042308e+00 -2.203681e-01
    endloop
  endfacet
  facet normal  4.329819e-02  5.259390e-01  8.494195e-01
    outer loop
      vertex -1.800000e+01  1.087377e+00 -2.547037e-01
      vertex -1.504272e+01  8.192096e-01 -2.394052e-01
      vertex -1.504272e+01  8.662785e-01 -2.685490e-01
    endloop
  endfacet
  facet normal  3.757499e-02  4.466008e-01  8.939440e-01
    outer loop
      vertex -1.504272e+01  8.662785e-01 -2.685490e-01
      vertex -1.800000e+01  1.137691e+00 -2.798399e-01
      vertex -1.800000e+01  1.087377e+00 -2.547037e-01
    endloop
  endfacet
  facet normal  2.958083e-02  3.610834e-01  9.320643e-01
    outer loop
      vertex -1.504272e+01  9.179011e-01 -2.885477e-01
      vertex -1.800000e+01  1.137691e+00 -2.798399e-01
      vertex -1.504272e+01  8.662785e-01 -2.685490e-01
    endloop
  endfacet
  facet normal  2.294360e-02  2.705765e-01  9.624249e-01
    outer loop
      vertex -1.800000e+01  1.191836e+00 -2.950623e-01
      vertex -1.800000e+01  1.137691e+00 -2.798399e-01
      vertex -1.504272e+01  9.179011e-01 -2.885477e-01
    endloop
  endfacet
  facet normal  1.485382e-02  1.837290e-01  9.828647e-01
    outer loop
      vertex -1.504272e+01  9.723195e-01 -2.987202e-01
      vertex -1.800000e+01  1.191836e+00 -2.950623e-01
      vertex -1.504272e+01  9.179011e-01 -2.885477e-01
    endloop
  endfacet
  facet normal  7.632939e-03  8.622800e-02  9.962462e-01
    outer loop
      vertex -1.800000e+01  1.248283e+00 -2.999479e-01
      vertex -1.800000e+01  1.191836e+00 -2.950623e-01
      vertex -1.504272e+01  9.723195e-01 -2.987202e-01
    endloop
  endfacet
  facet normal -4.151372e-04  0.000000e+00  9.999999e-01
    outer loop
      vertex -1.504272e+01  1.027681e+00 -2.987202e-01
      vertex -1.800000e+01  1.248283e+00 -2.999479e-01
      vertex -1.504272e+01  9.723195e-01 -2.987202e-01
    endloop
  endfacet
  facet normal -7.963024e-03 -1.012116e-01  9.948331e-01
    outer loop
      vertex -1.800000e+01  1.304238e+00 -2.942552e-01
      vertex -1.800000e+01  1.248283e+00 -2.999479e-01
      vertex -1.504272e+01  1.027681e+00 -2.987202e-01
    endloop
  endfacet
  facet normal -1.569773e-02 -1.837268e-01  9.828520e-01
    outer loop
      vertex -1.504272e+01  1.082099e+00 -2.885477e-01
      vertex -1.800000e+01  1.304238e+00 -2.942552e-01
      vertex -1.504272e+01  1.027681e+00 -2.987202e-01
    endloop
  endfacet
  facet normal -2.185576e-02 -2.661998e-01  9.636701e-01
    outer loop
      vertex -1.504272e+01  1.082099e+00 -2.885477e-01
      vertex -1.800000e+01  1.346351e+00 -2.826220e-01
      vertex -1.800000e+01  1.304238e+00 -2.942552e-01
    endloop
  endfacet
  facet normal -3.039682e-02 -3.610746e-01  9.320415e-01
    outer loop
      vertex -1.800000e+01  1.346351e+00 -2.826220e-01
      vertex -1.504272e+01  1.082099e+00 -2.885477e-01
      vertex -1.504272e+01  1.133721e+00 -2.685490e-01
    endloop
  endfacet
  facet normal -3.338876e-02 -4.038671e-01  9.142081e-01
    outer loop
      vertex -1.504272e+01  1.133721e+00 -2.685490e-01
      vertex -1.800000e+01  1.386629e+00 -2.648288e-01
      vertex -1.800000e+01  1.346351e+00 -2.826220e-01
    endloop
  endfacet
  facet normal -1.758628e-02 -2.135554e-01  9.767727e-01
    outer loop
      vertex -2.073898e+01  1.539984e+00 -2.925347e-01
      vertex -2.233279e+01  1.682460e+00 -2.900803e-01
      vertex -2.233826e+01  1.657916e+00 -2.955451e-01
    endloop
  endfacet
  facet normal -6.636205e-02 -7.962590e-01  6.013050e-01
    outer loop
      vertex -1.504272e+01  1.255065e+00 -1.579296e-01
      vertex -2.222175e+01  1.837406e+00 -1.790852e-01
      vertex -1.504272e+01  1.221703e+00 -2.021087e-01
    endloop
  endfacet
  facet normal -7.056129e-02 -8.509635e-01  5.204636e-01
    outer loop
      vertex -2.217543e+01  1.861896e+00 -1.327634e-01
      vertex -2.222175e+01  1.837406e+00 -1.790852e-01
      vertex -1.504272e+01  1.255065e+00 -1.579296e-01
    endloop
  endfacet
  facet normal -7.437872e-02 -8.926836e-01  4.445040e-01
    outer loop
      vertex -1.504272e+01  1.279742e+00 -1.083725e-01
      vertex -2.217543e+01  1.861896e+00 -1.327634e-01
      vertex -1.504272e+01  1.255065e+00 -1.579296e-01
    endloop
  endfacet
  facet normal -7.705395e-02 -9.289094e-01  3.622014e-01
    outer loop
      vertex -2.212718e+01  1.876724e+00 -8.447239e-02
      vertex -2.217543e+01  1.861896e+00 -1.327634e-01
      vertex -1.504272e+01  1.279742e+00 -1.083725e-01
    endloop
  endfacet
  facet normal -7.987036e-02 -9.587526e-01  2.727895e-01
    outer loop
      vertex -2.212718e+01  1.876724e+00 -8.447239e-02
      vertex -1.504272e+01  1.279742e+00 -1.083725e-01
      vertex -1.504272e+01  1.294892e+00 -5.512486e-02
    endloop
  endfacet
  facet normal -8.071038e-02 -9.714980e-01  2.228843e-01
    outer loop
      vertex -2.212718e+01  1.876724e+00 -8.447239e-02
      vertex -1.504272e+01  1.294892e+00 -5.512486e-02
      vertex -2.209220e+01  1.881846e+00 -4.947902e-02
    endloop
  endfacet
  facet normal  8.067296e-02  9.682195e-01  2.367339e-01
    outer loop
      vertex -1.800000e+01  9.610090e-01 -9.396926e-02
      vertex -1.800000e+01  9.496132e-01 -4.736121e-02
      vertex -1.504272e+01  7.051080e-01 -5.512486e-02
    endloop
  endfacet
  facet normal  8.234330e-02  9.934059e-01  7.977609e-02
    outer loop
      vertex -1.504272e+01  7.051080e-01 -5.512486e-02
      vertex -1.800000e+01  9.496132e-01 -4.736121e-02
      vertex -1.800000e+01  9.458098e-01 -1.139293e-15
    endloop
  endfacet
  facet normal  8.248362e-02  9.923411e-01  9.195375e-02
    outer loop
      vertex -1.504272e+01  7.051080e-01 -5.512486e-02
      vertex -1.800000e+01  9.458098e-01 -1.139293e-15
      vertex -1.504272e+01  7.000000e-01 -8.728394e-16
    endloop
  endfacet
  facet normal -5.004165e-02 -6.021209e-01  7.968352e-01
    outer loop
      vertex -2.227876e+01  1.786624e+00 -2.360396e-01
      vertex -1.800000e+01  1.423894e+00 -2.414250e-01
      vertex -1.504272e+01  1.180790e+00 -2.394052e-01
    endloop
  endfacet
  facet normal -4.425544e-02 -5.313249e-01  8.460114e-01
    outer loop
      vertex -1.504272e+01  1.180790e+00 -2.394052e-01
      vertex -1.800000e+01  1.423894e+00 -2.414250e-01
      vertex -1.800000e+01  1.386629e+00 -2.648288e-01
    endloop
  endfacet
  facet normal -4.390862e-02 -5.259239e-01  8.493975e-01
    outer loop
      vertex -1.504272e+01  1.180790e+00 -2.394052e-01
      vertex -1.800000e+01  1.386629e+00 -2.648288e-01
      vertex -1.504272e+01  1.133721e+00 -2.685490e-01
    endloop
  endfacet
  facet normal -4.547640e-03 -5.420865e-02  9.985192e-01
    outer loop
      vertex -2.234262e+01  1.611091e+00 -2.999689e-01
      vertex -2.165217e+01  1.578258e+00 -2.986067e-01
      vertex -2.234138e+01  1.634847e+00 -2.986735e-01
    endloop
  endfacet
  facet normal -1.330514e-02 -1.608827e-01  9.868839e-01
    outer loop
      vertex -2.234138e+01  1.634847e+00 -2.986735e-01
      vertex -2.165217e+01  1.578258e+00 -2.986067e-01
      vertex -2.073898e+01  1.539984e+00 -2.925347e-01
    endloop
  endfacet
  facet normal -1.166031e-02 -1.328278e-01  9.910705e-01
    outer loop
      vertex -2.234138e+01  1.634847e+00 -2.986735e-01
      vertex -2.073898e+01  1.539984e+00 -2.925347e-01
      vertex -2.233826e+01  1.657916e+00 -2.955451e-01
    endloop
  endfacet
  facet normal -3.744833e-02 -4.511926e-01  8.916405e-01
    outer loop
      vertex -2.230454e+01  1.749983e+00 -2.618648e-01
      vertex -2.231570e+01  1.728814e+00 -2.730454e-01
      vertex -1.891282e+01  1.462844e+00 -2.647143e-01
    endloop
  endfacet
  facet normal -3.158324e-02 -3.750627e-01  9.264612e-01
    outer loop
      vertex -1.891282e+01  1.462844e+00 -2.647143e-01
      vertex -2.231570e+01  1.728814e+00 -2.730454e-01
      vertex -2.232525e+01  1.706076e+00 -2.825763e-01
    endloop
  endfacet
  facet normal -3.409505e-02 -4.114528e-01  9.107932e-01
    outer loop
      vertex -1.891282e+01  1.462844e+00 -2.647143e-01
      vertex -2.232525e+01  1.706076e+00 -2.825763e-01
      vertex -1.982584e+01  1.501573e+00 -2.813972e-01
    endloop
  endfacet
  facet normal -2.463556e-02 -2.955856e-01  9.549986e-01
    outer loop
      vertex -1.982584e+01  1.501573e+00 -2.813972e-01
      vertex -2.232525e+01  1.706076e+00 -2.825763e-01
      vertex -2.233279e+01  1.682460e+00 -2.900803e-01
    endloop
  endfacet
  facet normal -2.343239e-02 -2.786657e-01  9.601023e-01
    outer loop
      vertex -1.982584e+01  1.501573e+00 -2.813972e-01
      vertex -2.233279e+01  1.682460e+00 -2.900803e-01
      vertex -2.073898e+01  1.539984e+00 -2.925347e-01
    endloop
  endfacet
  facet normal -4.589492e-02 -5.537200e-01  8.314372e-01
    outer loop
      vertex -2.227876e+01  1.786624e+00 -2.360396e-01
      vertex -2.230454e+01  1.749983e+00 -2.618648e-01
      vertex -1.800000e+01  1.423894e+00 -2.414250e-01
    endloop
  endfacet
  facet normal -4.425017e-02 -5.310855e-01  8.461620e-01
    outer loop
      vertex -1.800000e+01  1.423894e+00 -2.414250e-01
      vertex -2.230454e+01  1.749983e+00 -2.618648e-01
      vertex -1.891282e+01  1.462844e+00 -2.647143e-01
    endloop
  endfacet
  facet normal -6.312189e-02 -7.601745e-01  6.466455e-01
    outer loop
      vertex -2.222175e+01  1.837406e+00 -1.790852e-01
      vertex -2.225158e+01  1.814544e+00 -2.088722e-01
      vertex -1.504272e+01  1.221703e+00 -2.021087e-01
    endloop
  endfacet
  facet normal -5.562738e-02 -6.679533e-01  7.421213e-01
    outer loop
      vertex -1.504272e+01  1.221703e+00 -2.021087e-01
      vertex -2.225158e+01  1.814544e+00 -2.088722e-01
      vertex -2.227876e+01  1.786624e+00 -2.360396e-01
    endloop
  endfacet
  facet normal -5.597326e-02 -6.726400e-01  7.378499e-01
    outer loop
      vertex -1.504272e+01  1.221703e+00 -2.021087e-01
      vertex -2.227876e+01  1.786624e+00 -2.360396e-01
      vertex -1.504272e+01  1.180790e+00 -2.394052e-01
    endloop
  endfacet
  facet normal -8.262613e-02 -9.931567e-01  8.253886e-02
    outer loop
      vertex -2.209220e+01  1.881846e+00 -4.947902e-02
      vertex -1.504272e+01  1.294892e+00 -5.512486e-02
      vertex -2.204273e+01  1.881842e+00  1.176032e-15
    endloop
  endfacet
  facet normal -8.248361e-02 -9.923412e-01  9.195288e-02
    outer loop
      vertex -2.204273e+01  1.881842e+00  1.176032e-15
      vertex -1.504272e+01  1.294892e+00 -5.512486e-02
      vertex -1.504272e+01  1.300000e+00  1.176032e-15
    endloop
  endfacet
  facet normal  1.023995e-01 -2.722251e-01  9.567695e-01
    outer loop
      vertex -1.504272e+01  1.083725e-01  7.202584e-01
      vertex -1.800000e+01  9.417981e-02  1.032727e+00
      vertex -1.504272e+01  5.512486e-02  7.051080e-01
    endloop
  endfacet
  facet normal  9.818986e-02 -4.002920e-01  9.111120e-01
    outer loop
      vertex -1.800000e+01  1.456734e-01  1.055350e+00
      vertex -1.800000e+01  9.417981e-02  1.032727e+00
      vertex -1.504272e+01  1.083725e-01  7.202584e-01
    endloop
  endfacet
  facet normal  9.537276e-02 -4.437062e-01  8.910829e-01
    outer loop
      vertex -1.504272e+01  1.579296e-01  7.449349e-01
      vertex -1.800000e+01  1.456734e-01  1.055350e+00
      vertex -1.504272e+01  1.083725e-01  7.202584e-01
    endloop
  endfacet
  facet normal  8.852942e-02 -5.638112e-01  8.211452e-01
    outer loop
      vertex -1.800000e+01  1.923812e-01  1.087420e+00
      vertex -1.800000e+01  1.456734e-01  1.055350e+00
      vertex -1.504272e+01  1.579296e-01  7.449349e-01
    endloop
  endfacet
  facet normal  8.508898e-02 -6.004487e-01  7.951233e-01
    outer loop
      vertex -1.504272e+01  2.021087e-01  7.782973e-01
      vertex -1.800000e+01  1.923812e-01  1.087420e+00
      vertex -1.504272e+01  1.579296e-01  7.449349e-01
    endloop
  endfacet
  facet normal  7.573336e-02 -7.079008e-01  7.022400e-01
    outer loop
      vertex -1.800000e+01  2.319915e-01  1.127350e+00
      vertex -1.800000e+01  1.923812e-01  1.087420e+00
      vertex -1.504272e+01  2.021087e-01  7.782973e-01
    endloop
  endfacet
  facet normal  7.186357e-02 -7.370984e-01  6.719536e-01
    outer loop
      vertex -1.504272e+01  2.394052e-01  8.192096e-01
      vertex -1.800000e+01  2.319915e-01  1.127350e+00
      vertex -1.504272e+01  2.021087e-01  7.782973e-01
    endloop
  endfacet
  facet normal  6.012705e-02 -8.282503e-01  5.571231e-01
    outer loop
      vertex -1.800000e+01  2.633832e-01  1.174019e+00
      vertex -1.800000e+01  2.319915e-01  1.127350e+00
      vertex -1.504272e+01  2.394052e-01  8.192096e-01
    endloop
  endfacet
  facet normal  5.617790e-02 -8.488741e-01  5.256012e-01
    outer loop
      vertex -1.504272e+01  2.685490e-01  8.662785e-01
      vertex -1.800000e+01  2.633832e-01  1.174019e+00
      vertex -1.504272e+01  2.394052e-01  8.192096e-01
    endloop
  endfacet
  facet normal  4.251296e-02 -9.185053e-01  3.931168e-01
    outer loop
      vertex -1.800000e+01  2.856765e-01  1.226106e+00
      vertex -1.800000e+01  2.633832e-01  1.174019e+00
      vertex -1.504272e+01  2.685490e-01  8.662785e-01
    endloop
  endfacet
  facet normal  3.852498e-02 -9.317802e-01  3.609731e-01
    outer loop
      vertex -1.504272e+01  2.885477e-01  9.179011e-01
      vertex -1.800000e+01  2.856765e-01  1.226106e+00
      vertex -1.504272e+01  2.685490e-01  8.662785e-01
    endloop
  endfacet
  facet normal  2.334765e-02 -9.763505e-01  2.149290e-01
    outer loop
      vertex -1.800000e+01  2.977682e-01  1.281035e+00
      vertex -1.800000e+01  2.856765e-01  1.226106e+00
      vertex -1.504272e+01  2.885477e-01  9.179011e-01
    endloop
  endfacet
  facet normal  1.949464e-02 -9.827864e-01  1.837143e-01
    outer loop
      vertex -1.504272e+01  2.987202e-01  9.723195e-01
      vertex -1.800000e+01  2.977682e-01  1.281035e+00
      vertex -1.504272e+01  2.885477e-01  9.179011e-01
    endloop
  endfacet
  facet normal  3.184700e-03 -9.996188e-01  2.742454e-02
    outer loop
      vertex -1.800000e+01  2.993107e-01  1.337258e+00
      vertex -1.800000e+01  2.977682e-01  1.281035e+00
      vertex -1.504272e+01  2.987202e-01  9.723195e-01
    endloop
  endfacet
  facet normal -1.996576e-04 -9.999999e-01  0.000000e+00
    outer loop
      vertex -1.504272e+01  2.987202e-01  1.027681e+00
      vertex -1.800000e+01  2.993107e-01  1.337258e+00
      vertex -1.504272e+01  2.987202e-01  9.723195e-01
    endloop
  endfacet
  facet normal -1.690357e-02 -9.870386e-01 -1.595911e-01
    outer loop
      vertex -1.800000e+01  2.902673e-01  1.393190e+00
      vertex -1.800000e+01  2.993107e-01  1.337258e+00
      vertex -1.504272e+01  2.987202e-01  1.027681e+00
    endloop
  endfacet
  facet normal -1.989714e-02 -9.827785e-01 -1.837131e-01
    outer loop
      vertex -1.504272e+01  2.885477e-01  1.082099e+00
      vertex -1.800000e+01  2.902673e-01  1.393190e+00
      vertex -1.504272e+01  2.987202e-01  1.027681e+00
    endloop
  endfacet
  facet normal -3.639844e-02 -9.394248e-01 -3.408169e-01
    outer loop
      vertex -1.800000e+01  2.710858e-01  1.446061e+00
      vertex -1.800000e+01  2.902673e-01  1.393190e+00
      vertex -1.504272e+01  2.885477e-01  1.082099e+00
    endloop
  endfacet
  facet normal -3.892371e-02 -9.317656e-01 -3.609678e-01
    outer loop
      vertex -1.504272e+01  2.685490e-01  1.133721e+00
      vertex -1.800000e+01  2.710858e-01  1.446061e+00
      vertex -1.504272e+01  2.885477e-01  1.082099e+00
    endloop
  endfacet
  facet normal -8.167268e-02 -6.436730e-01 -7.609301e-01
    outer loop
      vertex -2.024527e+01  1.816006e-01  1.797454e+00
      vertex -2.026347e+01  2.053865e-01  1.779287e+00
      vertex -1.504272e+01  2.021087e-01  1.221703e+00
    endloop
  endfacet
  facet normal -7.527766e-03 -9.964842e-01 -8.344215e-02
    outer loop
      vertex -1.984547e+01  2.979804e-01  1.550483e+00
      vertex -2.041660e+01  2.959612e-01  1.626122e+00
      vertex -2.046084e+01  3.000000e-01  1.581880e+00
    endloop
  endfacet
  facet normal -4.778828e-02 -8.941528e-01 -4.452044e-01
    outer loop
      vertex -1.800000e+01  2.659188e-01  1.456439e+00
      vertex -1.800000e+01  2.710858e-01  1.446061e+00
      vertex -1.504272e+01  2.685490e-01  1.133721e+00
    endloop
  endfacet
  facet normal -5.660051e-02 -8.488544e-01 -5.255877e-01
    outer loop
      vertex -1.800000e+01  2.659188e-01  1.456439e+00
      vertex -1.504272e+01  2.685490e-01  1.133721e+00
      vertex -1.504272e+01  2.394052e-01  1.180790e+00
    endloop
  endfacet
  facet normal -5.672275e-02 -8.479807e-01 -5.269833e-01
    outer loop
      vertex -1.800000e+01  2.659188e-01  1.456439e+00
      vertex -1.504272e+01  2.394052e-01  1.180790e+00
      vertex -2.030456e+01  2.449596e-01  1.738219e+00
    endloop
  endfacet
  facet normal -5.786360e-02 -8.423018e-01 -5.358914e-01
    outer loop
      vertex -1.800000e+01  2.659188e-01  1.456439e+00
      vertex -2.030456e+01  2.449596e-01  1.738219e+00
      vertex -2.032671e+01  2.605947e-01  1.716037e+00
    endloop
  endfacet
  facet normal -4.854707e-02 -8.900004e-01 -4.533679e-01
    outer loop
      vertex -1.800000e+01  2.659188e-01  1.456439e+00
      vertex -2.032671e+01  2.605947e-01  1.716037e+00
      vertex -2.034952e+01  2.734683e-01  1.693207e+00
    endloop
  endfacet
  facet normal -4.005628e-02 -9.290150e-01 -3.678675e-01
    outer loop
      vertex -1.800000e+01  2.659188e-01  1.456439e+00
      vertex -2.034952e+01  2.734683e-01  1.693207e+00
      vertex -2.037279e+01  2.836899e-01  1.669928e+00
    endloop
  endfacet
  facet normal -4.373500e-02 -9.109190e-01 -4.102604e-01
    outer loop
      vertex -1.800000e+01  2.659188e-01  1.456439e+00
      vertex -2.037279e+01  2.836899e-01  1.669928e+00
      vertex -1.861503e+01  2.813280e-01  1.487789e+00
    endloop
  endfacet
  facet normal  1.039364e-01 -2.355994e-01  9.662765e-01
    outer loop
      vertex -1.800000e+01  9.417981e-02  1.032727e+00
      vertex -1.800000e+01  4.788109e-02  1.021438e+00
      vertex -1.504272e+01  5.512486e-02  7.051080e-01
    endloop
  endfacet
  facet normal  1.062110e-01 -8.026650e-02  9.910986e-01
    outer loop
      vertex -1.504272e+01  5.512486e-02  7.051080e-01
      vertex -1.800000e+01  4.788109e-02  1.021438e+00
      vertex -1.800000e+01  1.653830e-15  1.017560e+00
    endloop
  endfacet
  facet normal  1.063185e-01 -9.174521e-02  9.900905e-01
    outer loop
      vertex -1.504272e+01  5.512486e-02  7.051080e-01
      vertex -1.800000e+01  1.653830e-15  1.017560e+00
      vertex -1.504272e+01  1.653830e-15  7.000000e-01
    endloop
  endfacet
  facet normal -6.607488e-02 -7.850569e-01 -6.158894e-01
    outer loop
      vertex -2.030456e+01  2.449596e-01  1.738219e+00
      vertex -1.504272e+01  2.394052e-01  1.180790e+00
      vertex -2.028335e+01  2.265378e-01  1.759426e+00
    endloop
  endfacet
  facet normal -7.238017e-02 -7.370706e-01 -6.719286e-01
    outer loop
      vertex -2.028335e+01  2.265378e-01  1.759426e+00
      vertex -1.504272e+01  2.394052e-01  1.180790e+00
      vertex -1.504272e+01  2.021087e-01  1.221703e+00
    endloop
  endfacet
  facet normal -7.427213e-02 -7.188408e-01 -6.911957e-01
    outer loop
      vertex -2.028335e+01  2.265378e-01  1.759426e+00
      vertex -1.504272e+01  2.021087e-01  1.221703e+00
      vertex -2.026347e+01  2.053865e-01  1.779287e+00
    endloop
  endfacet
  facet normal -9.739928e-02 -4.102326e-01 -9.067649e-01
    outer loop
      vertex -2.020933e+01  1.111138e-01  1.833468e+00
      vertex -2.021942e+01  1.359428e-01  1.823319e+00
      vertex -1.504272e+01  1.083725e-01  1.279742e+00
    endloop
  endfacet
  facet normal -9.362206e-02 -4.898707e-01 -8.667536e-01
    outer loop
      vertex -1.504272e+01  1.083725e-01  1.279742e+00
      vertex -2.021942e+01  1.359428e-01  1.823319e+00
      vertex -2.023109e+01  1.588635e-01  1.811625e+00
    endloop
  endfacet
  facet normal -9.566419e-02 -4.436946e-01 -8.910575e-01
    outer loop
      vertex -1.504272e+01  1.083725e-01  1.279742e+00
      vertex -2.023109e+01  1.588635e-01  1.811625e+00
      vertex -1.504272e+01  1.579296e-01  1.255065e+00
    endloop
  endfacet
  facet normal -8.804239e-02 -5.658405e-01 -8.198005e-01
    outer loop
      vertex -1.504272e+01  1.579296e-01  1.255065e+00
      vertex -2.023109e+01  1.588635e-01  1.811625e+00
      vertex -2.024527e+01  1.816006e-01  1.797454e+00
    endloop
  endfacet
  facet normal -8.562328e-02 -6.004203e-01 -7.950875e-01
    outer loop
      vertex -1.504272e+01  1.579296e-01  1.255065e+00
      vertex -2.024527e+01  1.816006e-01  1.797454e+00
      vertex -1.504272e+01  2.021087e-01  1.221703e+00
    endloop
  endfacet
  facet normal -1.047440e-01 -1.882942e-01 -9.765112e-01
    outer loop
      vertex -2.019221e+01  3.795529e-02  1.850554e+00
      vertex -2.019880e+01  7.542558e-02  1.844036e+00
      vertex -1.504272e+01  5.512486e-02  1.294892e+00
    endloop
  endfacet
  facet normal -1.018951e-01 -3.099927e-01 -9.452629e-01
    outer loop
      vertex -1.504272e+01  5.512486e-02  1.294892e+00
      vertex -2.019880e+01  7.542558e-02  1.844036e+00
      vertex -2.020933e+01  1.111138e-01  1.833468e+00
    endloop
  endfacet
  facet normal -1.026822e-01 -2.722177e-01 -9.567413e-01
    outer loop
      vertex -1.504272e+01  5.512486e-02  1.294892e+00
      vertex -2.020933e+01  1.111138e-01  1.833468e+00
      vertex -1.504272e+01  1.083725e-01  1.279742e+00
    endloop
  endfacet
  facet normal -1.068625e-01 -6.303722e-02 -9.922736e-01
    outer loop
      vertex -2.019221e+01  3.795529e-02  1.850554e+00
      vertex -1.504272e+01  5.512486e-02  1.294892e+00
      vertex -2.018999e+01 -1.617091e-15  1.852727e+00
    endloop
  endfacet
  facet normal -1.063185e-01 -9.174351e-02 -9.900907e-01
    outer loop
      vertex -2.018999e+01 -1.617091e-15  1.852727e+00
      vertex -1.504272e+01  5.512486e-02  1.294892e+00
      vertex -1.504272e+01 -1.617091e-15  1.300000e+00
    endloop
  endfacet
  facet normal -1.816930e-02 -9.863721e-01 -1.635238e-01
    outer loop
      vertex -1.984547e+01  2.979804e-01  1.550483e+00
      vertex -1.923021e+01  2.918414e-01  1.519152e+00
      vertex -2.041660e+01  2.959612e-01  1.626122e+00
    endloop
  endfacet
  facet normal -3.286066e-02 -9.440740e-01 -3.280923e-01
    outer loop
      vertex -2.041660e+01  2.959612e-01  1.626122e+00
      vertex -1.923021e+01  2.918414e-01  1.519152e+00
      vertex -1.861503e+01  2.813280e-01  1.487789e+00
    endloop
  endfacet
  facet normal -2.667146e-02 -9.691991e-01 -2.448298e-01
    outer loop
      vertex -2.041660e+01  2.959612e-01  1.626122e+00
      vertex -1.861503e+01  2.813280e-01  1.487789e+00
      vertex -2.037279e+01  2.836899e-01  1.669928e+00
    endloop
  endfacet
  facet normal -7.579785e-03  9.963396e-01 -8.514569e-02
    outer loop
      vertex -2.041555e+01 -2.957642e-01  1.627184e+00
      vertex -1.984583e+01 -2.979839e-01  1.550492e+00
      vertex -2.046105e+01 -3.000000e-01  1.581669e+00
    endloop
  endfacet
  facet normal -8.911653e-02  5.501239e-01 -8.303143e-01
    outer loop
      vertex -2.024289e+01 -1.779971e-01  1.799897e+00
      vertex -2.022791e+01 -1.529922e-01  1.814856e+00
      vertex -1.504272e+01 -1.579296e-01  1.255065e+00
    endloop
  endfacet
  facet normal -4.415083e-02  9.101074e-01 -4.120136e-01
    outer loop
      vertex -1.504272e+01 -2.685490e-01  1.133721e+00
      vertex -1.800000e+01 -2.798399e-01  1.425679e+00
      vertex -1.800000e+01 -2.658880e-01  1.456498e+00
    endloop
  endfacet
  facet normal -3.919359e-02  9.317559e-01 -3.609638e-01
    outer loop
      vertex -1.504272e+01 -2.885477e-01  1.082099e+00
      vertex -1.800000e+01 -2.798399e-01  1.425679e+00
      vertex -1.504272e+01 -2.685490e-01  1.133721e+00
    endloop
  endfacet
  facet normal -2.859777e-02  9.622849e-01 -2.705366e-01
    outer loop
      vertex -1.800000e+01 -2.950623e-01  1.371534e+00
      vertex -1.800000e+01 -2.798399e-01  1.425679e+00
      vertex -1.504272e+01 -2.885477e-01  1.082099e+00
    endloop
  endfacet
  facet normal -2.014522e-02  9.827736e-01 -1.837121e-01
    outer loop
      vertex -1.504272e+01 -2.987202e-01  1.027681e+00
      vertex -1.800000e+01 -2.950623e-01  1.371534e+00
      vertex -1.504272e+01 -2.885477e-01  1.082099e+00
    endloop
  endfacet
  facet normal -8.793652e-03  9.962367e-01 -8.622718e-02
    outer loop
      vertex -1.800000e+01 -2.999479e-01  1.315087e+00
      vertex -1.800000e+01 -2.950623e-01  1.371534e+00
      vertex -1.504272e+01 -2.987202e-01  1.027681e+00
    endloop
  endfacet
  facet normal -4.151372e-04  9.999999e-01  0.000000e+00
    outer loop
      vertex -1.504272e+01 -2.987202e-01  9.723195e-01
      vertex -1.800000e+01 -2.999479e-01  1.315087e+00
      vertex -1.504272e+01 -2.987202e-01  1.027681e+00
    endloop
  endfacet
  facet normal  1.131770e-02  9.948009e-01  1.012083e-01
    outer loop
      vertex -1.800000e+01 -2.942552e-01  1.259132e+00
      vertex -1.800000e+01 -2.999479e-01  1.315087e+00
      vertex -1.504272e+01 -2.987202e-01  9.723195e-01
    endloop
  endfacet
  facet normal  1.930151e-02  9.827900e-01  1.837151e-01
    outer loop
      vertex -1.504272e+01 -2.885477e-01  9.179011e-01
      vertex -1.800000e+01 -2.942552e-01  1.259132e+00
      vertex -1.504272e+01 -2.987202e-01  9.723195e-01
    endloop
  endfacet
  facet normal  3.120159e-02  9.575943e-01  2.864258e-01
    outer loop
      vertex -1.800000e+01 -2.781376e-01  1.205247e+00
      vertex -1.800000e+01 -2.942552e-01  1.259132e+00
      vertex -1.504272e+01 -2.885477e-01  9.179011e-01
    endloop
  endfacet
  facet normal  3.835442e-02  9.317862e-01  3.609757e-01
    outer loop
      vertex -1.504272e+01 -2.685490e-01  8.662785e-01
      vertex -1.800000e+01 -2.781376e-01  1.205247e+00
      vertex -1.504272e+01 -2.885477e-01  9.179011e-01
    endloop
  endfacet
  facet normal  4.982345e-02  8.866451e-01  4.597587e-01
    outer loop
      vertex -1.800000e+01 -2.520563e-01  1.154949e+00
      vertex -1.800000e+01 -2.781376e-01  1.205247e+00
      vertex -1.504272e+01 -2.685490e-01  8.662785e-01
    endloop
  endfacet
  facet normal  5.604036e-02  8.488808e-01  5.256053e-01
    outer loop
      vertex -1.504272e+01 -2.394052e-01  8.192096e-01
      vertex -1.800000e+01 -2.520563e-01  1.154949e+00
      vertex -1.504272e+01 -2.685490e-01  8.662785e-01
    endloop
  endfacet
  facet normal  6.664021e-02  7.844940e-01  6.165455e-01
    outer loop
      vertex -1.800000e+01 -2.173022e-01  1.110728e+00
      vertex -1.800000e+01 -2.520563e-01  1.154949e+00
      vertex -1.504272e+01 -2.394052e-01  8.192096e-01
    endloop
  endfacet
  facet normal  7.174846e-02  7.371048e-01  6.719588e-01
    outer loop
      vertex -1.504272e+01 -2.021087e-01  7.782973e-01
      vertex -1.800000e+01 -2.173022e-01  1.110728e+00
      vertex -1.504272e+01 -2.394052e-01  8.192096e-01
    endloop
  endfacet
  facet normal  8.120818e-02  6.537919e-01  7.523041e-01
    outer loop
      vertex -1.800000e+01 -1.748493e-01  1.073834e+00
      vertex -1.800000e+01 -2.173022e-01  1.110728e+00
      vertex -1.504272e+01 -2.021087e-01  7.782973e-01
    endloop
  endfacet
  facet normal  8.499629e-02  6.004538e-01  7.951296e-01
    outer loop
      vertex -1.504272e+01 -1.579296e-01  7.449349e-01
      vertex -1.800000e+01 -1.748493e-01  1.073834e+00
      vertex -1.504272e+01 -2.021087e-01  7.782973e-01
    endloop
  endfacet
  facet normal  9.280289e-02  5.013962e-01  8.602265e-01
    outer loop
      vertex -1.800000e+01 -1.258994e-01  1.045303e+00
      vertex -1.800000e+01 -1.748493e-01  1.073834e+00
      vertex -1.504272e+01 -1.579296e-01  7.449349e-01
    endloop
  endfacet
  facet normal  9.531268e-02  4.437088e-01  8.910881e-01
    outer loop
      vertex -1.504272e+01 -1.083725e-01  7.202584e-01
      vertex -1.800000e+01 -1.258994e-01  1.045303e+00
      vertex -1.504272e+01 -1.579296e-01  7.449349e-01
    endloop
  endfacet
  facet normal  1.011238e-01  3.317751e-01  9.379229e-01
    outer loop
      vertex -1.800000e+01 -7.287535e-02  1.026546e+00
      vertex -1.800000e+01 -1.258994e-01  1.045303e+00
      vertex -1.504272e+01 -1.083725e-01  7.202584e-01
    endloop
  endfacet
  facet normal  1.023614e-01  2.722265e-01  9.567732e-01
    outer loop
      vertex -1.504272e+01 -5.512486e-02  7.051080e-01
      vertex -1.800000e+01 -7.287535e-02  1.026546e+00
      vertex -1.504272e+01 -1.083725e-01  7.202584e-01
    endloop
  endfacet
  facet normal -1.816385e-02  9.863787e-01 -1.634842e-01
    outer loop
      vertex -1.984583e+01 -2.979839e-01  1.550492e+00
      vertex -2.041555e+01 -2.957642e-01  1.627184e+00
      vertex -1.923045e+01 -2.918436e-01  1.519168e+00
    endloop
  endfacet
  facet normal -2.618252e-02  9.673330e-01 -2.521530e-01
    outer loop
      vertex -1.923045e+01 -2.918436e-01  1.519168e+00
      vertex -2.041555e+01 -2.957642e-01  1.627184e+00
      vertex -2.037054e+01 -2.828083e-01  1.672212e+00
    endloop
  endfacet
  facet normal -3.102795e-02  9.572321e-01 -2.876523e-01
    outer loop
      vertex -1.923045e+01 -2.918436e-01  1.519168e+00
      vertex -2.037054e+01 -2.828083e-01  1.672212e+00
      vertex -1.861515e+01 -2.813108e-01  1.487848e+00
    endloop
  endfacet
  facet normal -4.433416e-02  9.088601e-01 -4.147381e-01
    outer loop
      vertex -1.861515e+01 -2.813108e-01  1.487848e+00
      vertex -2.037054e+01 -2.828083e-01  1.672212e+00
      vertex -2.032731e+01 -2.609850e-01  1.715415e+00
    endloop
  endfacet
  facet normal -4.375974e-02  9.107708e-01 -4.105870e-01
    outer loop
      vertex -1.861515e+01 -2.813108e-01  1.487848e+00
      vertex -2.032731e+01 -2.609850e-01  1.715415e+00
      vertex -1.800000e+01 -2.658880e-01  1.456498e+00
    endloop
  endfacet
  facet normal -1.060536e-01  1.207826e-01 -9.869975e-01
    outer loop
      vertex -2.019357e+01 -4.850037e-02  1.849165e+00
      vertex -2.019089e+01 -2.431420e-02  1.851837e+00
      vertex -1.504272e+01 -5.512486e-02  1.294892e+00
    endloop
  endfacet
  facet normal -1.072293e-01  4.034144e-02 -9.934155e-01
    outer loop
      vertex -1.504272e+01 -5.512486e-02  1.294892e+00
      vertex -2.019089e+01 -2.431420e-02  1.851837e+00
      vertex -2.018999e+01 -1.617091e-15  1.852727e+00
    endloop
  endfacet
  facet normal -1.063185e-01  9.174351e-02 -9.900907e-01
    outer loop
      vertex -1.504272e+01 -5.512486e-02  1.294892e+00
      vertex -2.018999e+01 -1.617091e-15  1.852727e+00
      vertex -1.504272e+01 -1.617091e-15  1.300000e+00
    endloop
  endfacet
  facet normal -1.045282e-01  2.019923e-01 -9.737930e-01
    outer loop
      vertex -2.019357e+01 -4.850037e-02  1.849165e+00
      vertex -1.504272e+01 -5.512486e-02  1.294892e+00
      vertex -2.019820e+01 -7.326318e-02  1.844525e+00
    endloop
  endfacet
  facet normal -1.029545e-01  2.722095e-01 -9.567144e-01
    outer loop
      vertex -2.019820e+01 -7.326318e-02  1.844525e+00
      vertex -1.504272e+01 -5.512486e-02  1.294892e+00
      vertex -1.504272e+01 -1.083725e-01  1.279742e+00
    endloop
  endfacet
  facet normal -1.025574e-01  2.826114e-01 -9.537362e-01
    outer loop
      vertex -2.019820e+01 -7.326318e-02  1.844525e+00
      vertex -1.504272e+01 -1.083725e-01  1.279742e+00
      vertex -2.020455e+01 -9.703346e-02  1.838165e+00
    endloop
  endfacet
  facet normal -9.910884e-02  3.702286e-01 -9.236385e-01
    outer loop
      vertex -2.020455e+01 -9.703346e-02  1.838165e+00
      vertex -1.504272e+01 -1.083725e-01  1.279742e+00
      vertex -2.021502e+01 -1.259149e-01  1.827711e+00
    endloop
  endfacet
  facet normal -9.590405e-02  4.436841e-01 -8.910370e-01
    outer loop
      vertex -2.021502e+01 -1.259149e-01  1.827711e+00
      vertex -1.504272e+01 -1.083725e-01  1.279742e+00
      vertex -1.504272e+01 -1.579296e-01  1.255065e+00
    endloop
  endfacet
  facet normal -9.468044e-02  4.633821e-01 -8.810861e-01
    outer loop
      vertex -2.021502e+01 -1.259149e-01  1.827711e+00
      vertex -1.504272e+01 -1.579296e-01  1.255065e+00
      vertex -2.022791e+01 -1.529922e-01  1.814856e+00
    endloop
  endfacet
  facet normal -6.389458e-02  8.011426e-01 -5.950530e-01
    outer loop
      vertex -2.030241e+01 -2.433035e-01  1.740308e+00
      vertex -2.029635e+01 -2.383156e-01  1.746372e+00
      vertex -1.504272e+01 -2.394052e-01  1.180790e+00
    endloop
  endfacet
  facet normal -7.268116e-02  7.328113e-01 -6.765390e-01
    outer loop
      vertex -1.504272e+01 -2.394052e-01  1.180790e+00
      vertex -2.029635e+01 -2.383156e-01  1.746372e+00
      vertex -2.025953e+01 -2.006355e-01  1.783231e+00
    endloop
  endfacet
  facet normal -7.211850e-02  7.370844e-01 -6.719416e-01
    outer loop
      vertex -1.504272e+01 -2.394052e-01  1.180790e+00
      vertex -2.025953e+01 -2.006355e-01  1.783231e+00
      vertex -1.504272e+01 -2.021087e-01  1.221703e+00
    endloop
  endfacet
  facet normal -8.296728e-02  6.296339e-01 -7.724490e-01
    outer loop
      vertex -1.504272e+01 -2.021087e-01  1.221703e+00
      vertex -2.025953e+01 -2.006355e-01  1.783231e+00
      vertex -2.024289e+01 -1.779971e-01  1.799897e+00
    endloop
  endfacet
  facet normal -8.561983e-02  6.004211e-01 -7.950872e-01
    outer loop
      vertex -1.504272e+01 -2.021087e-01  1.221703e+00
      vertex -2.024289e+01 -1.779971e-01  1.799897e+00
      vertex -1.504272e+01 -1.579296e-01  1.255065e+00
    endloop
  endfacet
  facet normal -5.816916e-02  8.404385e-01 -5.387759e-01
    outer loop
      vertex -2.032731e+01 -2.609850e-01  1.715415e+00
      vertex -2.030241e+01 -2.433035e-01  1.740308e+00
      vertex -1.800000e+01 -2.658880e-01  1.456498e+00
    endloop
  endfacet
  facet normal -5.689793e-02  8.467346e-01 -5.289640e-01
    outer loop
      vertex -1.800000e+01 -2.658880e-01  1.456498e+00
      vertex -2.030241e+01 -2.433035e-01  1.740308e+00
      vertex -1.504272e+01 -2.394052e-01  1.180790e+00
    endloop
  endfacet
  facet normal -5.660214e-02  8.488544e-01 -5.255877e-01
    outer loop
      vertex -1.800000e+01 -2.658880e-01  1.456498e+00
      vertex -1.504272e+01 -2.394052e-01  1.180790e+00
      vertex -1.504272e+01 -2.685490e-01  1.133721e+00
    endloop
  endfacet
  facet normal  1.051810e-01  1.816923e-01  9.777141e-01
    outer loop
      vertex -1.800000e+01 -7.287535e-02  1.026546e+00
      vertex -1.504272e+01 -5.512486e-02  7.051080e-01
      vertex -1.800000e+01 -3.684255e-02  1.019850e+00
    endloop
  endfacet
  facet normal  1.059463e-01  9.174887e-02  9.901301e-01
    outer loop
      vertex -1.800000e+01 -3.684255e-02  1.019850e+00
      vertex -1.504272e+01 -5.512486e-02  7.051080e-01
      vertex -1.504272e+01  1.653830e-15  7.000000e-01
    endloop
  endfacet
  facet normal  1.065655e-01  6.167736e-02  9.923909e-01
    outer loop
      vertex -1.800000e+01 -3.684255e-02  1.019850e+00
      vertex -1.504272e+01  1.653830e-15  7.000000e-01
      vertex -1.800000e+01  1.653830e-15  1.017560e+00
    endloop
  endfacet
  facet normal  1.000000e+00  0.000000e+00  0.000000e+00
    outer loop
      vertex -1.800000e+01  2.659188e-01  1.456439e+00
      vertex -1.800000e+01  2.364744e-01  1.415141e+00
      vertex -1.800000e+01  2.710858e-01  1.446061e+00
    endloop
  endfacet
  facet normal  1.000000e+00  -0.000000e+00  0.000000e+00
    outer loop
      vertex -1.800000e+01  2.710858e-01  1.446061e+00
      vertex -1.800000e+01  2.364744e-01  1.415141e+00
      vertex -1.800000e+01  2.902673e-01  1.393190e+00
    endloop
  endfacet
  facet normal  1.000000e+00  0.000000e+00  0.000000e+00
    outer loop
      vertex -1.800000e+01  1.554824e-01  1.350167e+00
      vertex -1.800000e+01  1.065983e-01  1.328628e+00
      vertex -1.800000e+01  2.993107e-01  1.337258e+00
    endloop
  endfacet
  facet normal  9.999999e-01  0.000000e+00  0.000000e+00
    outer loop
      vertex -1.800000e+01  2.977682e-01  1.281035e+00
      vertex -1.800000e+01  2.993107e-01  1.337258e+00
      vertex -1.800000e+01  1.065983e-01  1.328628e+00
    endloop
  endfacet
  facet normal  1.000000e+00  0.000000e+00  0.000000e+00
    outer loop
      vertex -1.800000e+01  2.977682e-01  1.281035e+00
      vertex -1.800000e+01  1.065983e-01  1.328628e+00
      vertex -1.800000e+01  5.420943e-02  1.315415e+00
    endloop
  endfacet
  facet normal  9.999999e-01  0.000000e+00  -0.000000e+00
    outer loop
      vertex -1.800000e+01 -7.287535e-02  1.026546e+00
      vertex -1.800000e+01 -3.684255e-02  1.019850e+00
      vertex -1.800000e+01  4.788109e-02  1.021438e+00
    endloop
  endfacet
  facet normal  1.000000e+00  0.000000e+00  0.000000e+00
    outer loop
      vertex -1.800000e+01  1.653830e-15  1.017560e+00
      vertex -1.800000e+01  4.788109e-02  1.021438e+00
      vertex -1.800000e+01 -3.684255e-02  1.019850e+00
    endloop
  endfacet
  facet normal  1.000000e+00  -0.000000e+00  0.000000e+00
    outer loop
      vertex -1.800000e+01 -2.658880e-01  1.456498e+00
      vertex -1.800000e+01 -2.798399e-01  1.425679e+00
      vertex -1.800000e+01 -2.364404e-01  1.415187e+00
    endloop
  endfacet
  facet normal  1.000000e+00  0.000000e+00  0.000000e+00
    outer loop
      vertex -1.800000e+01 -1.065410e-01  1.328640e+00
      vertex -1.800000e+01 -2.999479e-01  1.315087e+00
      vertex -1.800000e+01 -5.414204e-02  1.315419e+00
    endloop
  endfacet
  facet normal  1.000000e+00  0.000000e+00  0.000000e+00
    outer loop
      vertex -1.800000e+01  3.854809e-05  1.310963e+00
      vertex -1.800000e+01 -5.414204e-02  1.315419e+00
      vertex -1.800000e+01 -2.999479e-01  1.315087e+00
    endloop
  endfacet
  facet normal  1.000000e+00  0.000000e+00  0.000000e+00
    outer loop
      vertex -1.800000e+01  3.854809e-05  1.310963e+00
      vertex -1.800000e+01 -2.999479e-01  1.315087e+00
      vertex -1.800000e+01 -2.942552e-01  1.259132e+00
    endloop
  endfacet
  facet normal  1.000000e+00  0.000000e+00  0.000000e+00
    outer loop
      vertex -1.800000e+01  3.854809e-05  1.310963e+00
      vertex -1.800000e+01 -2.942552e-01  1.259132e+00
      vertex -1.800000e+01  2.977682e-01  1.281035e+00
    endloop
  endfacet
  facet normal  9.999999e-01  0.000000e+00  0.000000e+00
    outer loop
      vertex -1.800000e+01  3.854809e-05  1.310963e+00
      vertex -1.800000e+01  2.977682e-01  1.281035e+00
      vertex -1.800000e+01  5.420943e-02  1.315415e+00
    endloop
  endfacet
  facet normal  1.000000e+00  0.000000e+00  0.000000e+00
    outer loop
      vertex -1.800000e+01  1.554824e-01  1.350167e+00
      vertex -1.800000e+01  2.993107e-01  1.337258e+00
      vertex -1.800000e+01  1.992542e-01  1.379324e+00
    endloop
  endfacet
  facet normal  1.000000e+00  -0.000000e+00  0.000000e+00
    outer loop
      vertex -1.800000e+01  1.992542e-01  1.379324e+00
      vertex -1.800000e+01  2.993107e-01  1.337258e+00
      vertex -1.800000e+01  2.902673e-01  1.393190e+00
    endloop
  endfacet
  facet normal  1.000000e+00  0.000000e+00  0.000000e+00
    outer loop
      vertex -1.800000e+01  1.992542e-01  1.379324e+00
      vertex -1.800000e+01  2.902673e-01  1.393190e+00
      vertex -1.800000e+01  2.364744e-01  1.415141e+00
    endloop
  endfacet
  facet normal  1.000000e+00  -0.000000e+00  0.000000e+00
    outer loop
      vertex -1.800000e+01  2.977682e-01  1.281035e+00
      vertex -1.800000e+01 -2.942552e-01  1.259132e+00
      vertex -1.800000e+01  2.856765e-01  1.226106e+00
    endloop
  endfacet
  facet normal  1.000000e+00  0.000000e+00  0.000000e+00
    outer loop
      vertex -1.800000e+01  2.856765e-01  1.226106e+00
      vertex -1.800000e+01 -2.942552e-01  1.259132e+00
      vertex -1.800000e+01 -2.781376e-01  1.205247e+00
    endloop
  endfacet
  facet normal  1.000000e+00  -0.000000e+00  0.000000e+00
    outer loop
      vertex -1.800000e+01  2.856765e-01  1.226106e+00
      vertex -1.800000e+01 -2.781376e-01  1.205247e+00
      vertex -1.800000e+01  2.633832e-01  1.174019e+00
    endloop
  endfacet
  facet normal  9.999999e-01  0.000000e+00  0.000000e+00
    outer loop
      vertex -1.800000e+01  2.633832e-01  1.174019e+00
      vertex -1.800000e+01 -2.781376e-01  1.205247e+00
      vertex -1.800000e+01 -2.520563e-01  1.154949e+00
    endloop
  endfacet
  facet normal  1.000000e+00  -0.000000e+00  0.000000e+00
    outer loop
      vertex -1.800000e+01  2.633832e-01  1.174019e+00
      vertex -1.800000e+01 -2.520563e-01  1.154949e+00
      vertex -1.800000e+01  2.319915e-01  1.127350e+00
    endloop
  endfacet
  facet normal  1.000000e+00  0.000000e+00  0.000000e+00
    outer loop
      vertex -1.800000e+01  2.319915e-01  1.127350e+00
      vertex -1.800000e+01 -2.520563e-01  1.154949e+00
      vertex -1.800000e+01 -2.173022e-01  1.110728e+00
    endloop
  endfacet
  facet normal  1.000000e+00  -0.000000e+00  0.000000e+00
    outer loop
      vertex -1.800000e+01  2.319915e-01  1.127350e+00
      vertex -1.800000e+01 -2.173022e-01  1.110728e+00
      vertex -1.800000e+01  1.923812e-01  1.087420e+00
    endloop
  endfacet
  facet normal  1.000000e+00  0.000000e+00  0.000000e+00
    outer loop
      vertex -1.800000e+01  1.923812e-01  1.087420e+00
      vertex -1.800000e+01 -2.173022e-01  1.110728e+00
      vertex -1.800000e+01 -1.748493e-01  1.073834e+00
    endloop
  endfacet
  facet normal  1.000000e+00  -0.000000e+00  0.000000e+00
    outer loop
      vertex -1.800000e+01  1.923812e-01  1.087420e+00
      vertex -1.800000e+01 -1.748493e-01  1.073834e+00
      vertex -1.800000e+01  1.456734e-01  1.055350e+00
    endloop
  endfacet
  facet normal  1.000000e+00  0.000000e+00  0.000000e+00
    outer loop
      vertex -1.800000e+01  1.456734e-01  1.055350e+00
      vertex -1.800000e+01 -1.748493e-01  1.073834e+00
      vertex -1.800000e+01 -1.258994e-01  1.045303e+00
    endloop
  endfacet
  facet normal  1.000000e+00  -0.000000e+00  0.000000e+00
    outer loop
      vertex -1.800000e+01  1.456734e-01  1.055350e+00
      vertex -1.800000e+01 -1.258994e-01  1.045303e+00
      vertex -1.800000e+01  9.417981e-02  1.032727e+00
    endloop
  endfacet
  facet normal  1.000000e+00  0.000000e+00  0.000000e+00
    outer loop
      vertex -1.800000e+01  9.417981e-02  1.032727e+00
      vertex -1.800000e+01 -1.258994e-01  1.045303e+00
      vertex -1.800000e+01 -7.287535e-02  1.026546e+00
    endloop
  endfacet
  facet normal  1.000000e+00  -0.000000e+00  0.000000e+00
    outer loop
      vertex -1.800000e+01  9.417981e-02  1.032727e+00
      vertex -1.800000e+01 -7.287535e-02  1.026546e+00
      vertex -1.800000e+01  4.788109e-02  1.021438e+00
    endloop
  endfacet
  facet normal  1.000000e+00  0.000000e+00  0.000000e+00
    outer loop
      vertex -1.800000e+01 -2.364404e-01  1.415187e+00
      vertex -1.800000e+01 -2.798399e-01  1.425679e+00
      vertex -1.800000e+01 -1.992144e-01  1.379357e+00
    endloop
  endfacet
  facet normal  1.000000e+00  0.000000e+00  0.000000e+00
    outer loop
      vertex -1.800000e+01 -1.992144e-01  1.379357e+00
      vertex -1.800000e+01 -2.798399e-01  1.425679e+00
      vertex -1.800000e+01 -2.950623e-01  1.371534e+00
    endloop
  endfacet
  facet normal  1.000000e+00  -0.000000e+00  0.000000e+00
    outer loop
      vertex -1.800000e+01 -1.992144e-01  1.379357e+00
      vertex -1.800000e+01 -2.950623e-01  1.371534e+00
      vertex -1.800000e+01 -1.554345e-01  1.350188e+00
    endloop
  endfacet
  facet normal  1.000000e+00  0.000000e+00  0.000000e+00
    outer loop
      vertex -1.800000e+01 -1.554345e-01  1.350188e+00
      vertex -1.800000e+01 -2.950623e-01  1.371534e+00
      vertex -1.800000e+01 -2.999479e-01  1.315087e+00
    endloop
  endfacet
  facet normal  1.000000e+00  0.000000e+00  0.000000e+00
    outer loop
      vertex -1.800000e+01 -1.554345e-01  1.350188e+00
      vertex -1.800000e+01 -2.999479e-01  1.315087e+00
      vertex -1.800000e+01 -1.065410e-01  1.328640e+00
    endloop
  endfacet
  facet normal  1.000000e+00  0.000000e+00  0.000000e+00
    outer loop
      vertex -1.800000e+01  1.282335e+00  2.977682e-01
      vertex -1.800000e+01  1.226112e+00  2.993107e-01
      vertex -1.800000e+01  1.170181e+00  2.902673e-01
    endloop
  endfacet
  facet normal  1.000000e+00  -0.000000e+00  0.000000e+00
    outer loop
      vertex -1.800000e+01  1.282335e+00  2.977682e-01
      vertex -1.800000e+01  1.170181e+00  2.902673e-01
      vertex -1.800000e+01  1.324315e+00  2.895192e-01
    endloop
  endfacet
  facet normal  1.000000e+00  0.000000e+00  0.000000e+00
    outer loop
      vertex -1.800000e+01  1.346351e+00 -2.826220e-01
      vertex -1.800000e+01  1.191836e+00 -2.950623e-01
      vertex -1.800000e+01  1.304238e+00 -2.942552e-01
    endloop
  endfacet
  facet normal  1.000000e+00  -0.000000e+00  0.000000e+00
    outer loop
      vertex -1.800000e+01  1.304238e+00 -2.942552e-01
      vertex -1.800000e+01  1.191836e+00 -2.950623e-01
      vertex -1.800000e+01  1.248283e+00 -2.999479e-01
    endloop
  endfacet
  facet normal  1.000000e+00  0.000000e+00  0.000000e+00
    outer loop
      vertex -1.800000e+01  1.324315e+00  2.895192e-01
      vertex -1.800000e+01  1.170181e+00  2.902673e-01
      vertex -1.800000e+01  1.364998e+00  2.752422e-01
    endloop
  endfacet
  facet normal  1.000000e+00  0.000000e+00  0.000000e+00
    outer loop
      vertex -1.800000e+01  1.364998e+00  2.752422e-01
      vertex -1.800000e+01  1.170181e+00  2.902673e-01
      vertex -1.800000e+01  1.117309e+00  2.710858e-01
    endloop
  endfacet
  facet normal  1.000000e+00  -0.000000e+00  0.000000e+00
    outer loop
      vertex -1.800000e+01  1.364998e+00  2.752422e-01
      vertex -1.800000e+01  1.117309e+00  2.710858e-01
      vertex -1.800000e+01  1.403256e+00  2.553636e-01
    endloop
  endfacet
  facet normal  1.000000e+00  0.000000e+00  0.000000e+00
    outer loop
      vertex -1.800000e+01  1.403256e+00  2.553636e-01
      vertex -1.800000e+01  1.117309e+00  2.710858e-01
      vertex -1.800000e+01  1.068989e+00  2.423001e-01
    endloop
  endfacet
  facet normal  1.000000e+00  -0.000000e+00  0.000000e+00
    outer loop
      vertex -1.800000e+01  1.403256e+00  2.553636e-01
      vertex -1.800000e+01  1.068989e+00  2.423001e-01
      vertex -1.800000e+01  1.364887e+00  2.251107e-01
    endloop
  endfacet
  facet normal  1.000000e+00  0.000000e+00  0.000000e+00
    outer loop
      vertex -1.800000e+01  1.364887e+00  2.251107e-01
      vertex -1.800000e+01  1.068989e+00  2.423001e-01
      vertex -1.800000e+01  1.026581e+00  2.047281e-01
    endloop
  endfacet
  facet normal  1.000000e+00  -0.000000e+00  0.000000e+00
    outer loop
      vertex -1.800000e+01  1.364887e+00  2.251107e-01
      vertex -1.800000e+01  1.026581e+00  2.047281e-01
      vertex -1.800000e+01  1.332755e+00  1.883852e-01
    endloop
  endfacet
  facet normal  1.000000e+00  0.000000e+00  0.000000e+00
    outer loop
      vertex -1.800000e+01  1.332755e+00  1.883852e-01
      vertex -1.800000e+01  1.026581e+00  2.047281e-01
      vertex -1.800000e+01  1.307784e+00  1.462432e-01
    endloop
  endfacet
  facet normal  9.999999e-01  0.000000e+00  0.000000e+00
    outer loop
      vertex -1.800000e+01  1.307784e+00  1.462432e-01
      vertex -1.800000e+01  1.026581e+00  2.047281e-01
      vertex -1.800000e+01  9.921830e-01  1.602294e-01
    endloop
  endfacet
  facet normal  1.000000e+00  0.000000e+00  0.000000e+00
    outer loop
      vertex -1.800000e+01  1.307784e+00  1.462432e-01
      vertex -1.800000e+01  9.921830e-01  1.602294e-01
      vertex -1.800000e+01  1.290693e+00  9.989616e-02
    endloop
  endfacet
  facet normal  1.000000e+00  0.000000e+00  0.000000e+00
    outer loop
      vertex -1.800000e+01  1.290693e+00  9.989616e-02
      vertex -1.800000e+01  9.921830e-01  1.602294e-01
      vertex -1.800000e+01  9.668160e-01  1.101706e-01
    endloop
  endfacet
  facet normal  1.000000e+00  0.000000e+00  0.000000e+00
    outer loop
      vertex -1.800000e+01  1.290693e+00  9.989616e-02
      vertex -1.800000e+01  9.668160e-01  1.101706e-01
      vertex -1.800000e+01  1.281972e+00  5.067671e-02
    endloop
  endfacet
  facet normal  1.000000e+00  0.000000e+00  0.000000e+00
    outer loop
      vertex -1.800000e+01  1.281972e+00  5.067671e-02
      vertex -1.800000e+01  9.668160e-01  1.101706e-01
      vertex -1.800000e+01  9.511002e-01  5.586885e-02
    endloop
  endfacet
  facet normal  1.000000e+00  0.000000e+00  0.000000e+00
    outer loop
      vertex -1.800000e+01  1.281972e+00  5.067671e-02
      vertex -1.800000e+01  9.511002e-01  5.586885e-02
      vertex -1.800000e+01  1.281872e+00 -7.981325e-10
    endloop
  endfacet
  facet normal  1.000000e+00  0.000000e+00  0.000000e+00
    outer loop
      vertex -1.800000e+01  1.281872e+00 -7.981325e-10
      vertex -1.800000e+01  9.511002e-01  5.586885e-02
      vertex -1.800000e+01  9.458098e-01 -1.139293e-15
    endloop
  endfacet
  facet normal  1.000000e+00  0.000000e+00  0.000000e+00
    outer loop
      vertex -1.800000e+01  1.281872e+00 -7.981325e-10
      vertex -1.800000e+01  9.458098e-01 -1.139293e-15
      vertex -1.800000e+01  1.291745e+00 -5.579199e-02
    endloop
  endfacet
  facet normal  1.000000e+00  0.000000e+00  0.000000e+00
    outer loop
      vertex -1.800000e+01  1.291745e+00 -5.579199e-02
      vertex -1.800000e+01  9.458098e-01 -1.139293e-15
      vertex -1.800000e+01  9.496132e-01 -4.736121e-02
    endloop
  endfacet
  facet normal  1.000000e+00  0.000000e+00  0.000000e+00
    outer loop
      vertex -1.800000e+01  1.291745e+00 -5.579199e-02
      vertex -1.800000e+01  9.496132e-01 -4.736121e-02
      vertex -1.800000e+01  1.311742e+00 -1.096370e-01
    endloop
  endfacet
  facet normal  9.999999e-01  0.000000e+00  0.000000e+00
    outer loop
      vertex -1.800000e+01  1.311742e+00 -1.096370e-01
      vertex -1.800000e+01  9.496132e-01 -4.736121e-02
      vertex -1.800000e+01  9.610090e-01 -9.396926e-02
    endloop
  endfacet
  facet normal  1.000000e+00  0.000000e+00  0.000000e+00
    outer loop
      vertex -1.800000e+01  1.311742e+00 -1.096370e-01
      vertex -1.800000e+01  9.610090e-01 -9.396926e-02
      vertex -1.800000e+01  1.341166e+00 -1.596556e-01
    endloop
  endfacet
  facet normal  9.999999e-01  0.000000e+00  0.000000e+00
    outer loop
      vertex -1.800000e+01  1.341166e+00 -1.596556e-01
      vertex -1.800000e+01  9.610090e-01 -9.396926e-02
      vertex -1.800000e+01  9.795876e-01 -1.382074e-01
    endloop
  endfacet
  facet normal  9.999999e-01  0.000000e+00  0.000000e+00
    outer loop
      vertex -1.800000e+01  1.341166e+00 -1.596556e-01
      vertex -1.800000e+01  9.795876e-01 -1.382074e-01
      vertex -1.800000e+01  1.004716e+00 -1.785324e-01
    endloop
  endfacet
  facet normal  1.000000e+00  -0.000000e+00  0.000000e+00
    outer loop
      vertex -1.800000e+01  1.341166e+00 -1.596556e-01
      vertex -1.800000e+01  1.004716e+00 -1.785324e-01
      vertex -1.800000e+01  1.378990e+00 -2.041020e-01
    endloop
  endfacet
  facet normal  1.000000e+00  0.000000e+00  0.000000e+00
    outer loop
      vertex -1.800000e+01  1.378990e+00 -2.041020e-01
      vertex -1.800000e+01  1.004716e+00 -1.785324e-01
      vertex -1.800000e+01  1.042308e+00 -2.203681e-01
    endloop
  endfacet
  facet normal  1.000000e+00  -0.000000e+00  0.000000e+00
    outer loop
      vertex -1.800000e+01  1.378990e+00 -2.041020e-01
      vertex -1.800000e+01  1.042308e+00 -2.203681e-01
      vertex -1.800000e+01  1.423894e+00 -2.414250e-01
    endloop
  endfacet
  facet normal  1.000000e+00  0.000000e+00  0.000000e+00
    outer loop
      vertex -1.800000e+01  1.423894e+00 -2.414250e-01
      vertex -1.800000e+01  1.042308e+00 -2.203681e-01
      vertex -1.800000e+01  1.087377e+00 -2.547037e-01
    endloop
  endfacet
  facet normal  9.999999e-01  -0.000000e+00  0.000000e+00
    outer loop
      vertex -1.800000e+01  1.423894e+00 -2.414250e-01
      vertex -1.800000e+01  1.087377e+00 -2.547037e-01
      vertex -1.800000e+01  1.386629e+00 -2.648288e-01
    endloop
  endfacet
  facet normal  9.999999e-01  0.000000e+00  0.000000e+00
    outer loop
      vertex -1.800000e+01  1.386629e+00 -2.648288e-01
      vertex -1.800000e+01  1.087377e+00 -2.547037e-01
      vertex -1.800000e+01  1.346351e+00 -2.826220e-01
    endloop
  endfacet
  facet normal  9.999999e-01  0.000000e+00  0.000000e+00
    outer loop
      vertex -1.800000e+01  1.346351e+00 -2.826220e-01
      vertex -1.800000e+01  1.087377e+00 -2.547037e-01
      vertex -1.800000e+01  1.137691e+00 -2.798399e-01
    endloop
  endfacet
  facet normal  1.000000e+00  0.000000e+00  0.000000e+00
    outer loop
      vertex -1.800000e+01  1.346351e+00 -2.826220e-01
      vertex -1.800000e+01  1.137691e+00 -2.798399e-01
      vertex -1.800000e+01  1.191836e+00 -2.950623e-01
    endloop
  endfacet
  facet normal  1.000000e+00  0.000000e+00  0.000000e+00
    outer loop
      vertex -1.800000e+01 -2.369226e-01 -1.384532e+00
      vertex -1.800000e+01 -1.996902e-01 -1.341751e+00
      vertex -1.800000e+01 -2.624406e-01 -1.345724e+00
    endloop
  endfacet
  facet normal  1.000000e+00  -0.000000e+00  0.000000e+00
    outer loop
      vertex -1.800000e+01 -2.846799e-16 -9.005002e-01
      vertex -1.800000e+01 -4.736121e-02 -9.043035e-01
      vertex -1.800000e+01  5.586885e-02 -9.057905e-01
    endloop
  endfacet
  facet normal  1.000000e+00  0.000000e+00  0.000000e+00
    outer loop
      vertex -1.800000e+01  5.586885e-02 -9.057905e-01
      vertex -1.800000e+01 -4.736121e-02 -9.043035e-01
      vertex -1.800000e+01 -9.396926e-02 -9.156994e-01
    endloop
  endfacet
  facet normal  1.000000e+00  0.000000e+00  0.000000e+00
    outer loop
      vertex -1.800000e+01  2.369332e-01 -1.384518e+00
      vertex -1.800000e+01  2.658893e-01 -1.339332e+00
      vertex -1.800000e+01  1.997006e-01 -1.341737e+00
    endloop
  endfacet
  facet normal  1.000000e+00  0.000000e+00  -0.000000e+00
    outer loop
      vertex -1.800000e+01 -2.942552e-01 -1.258928e+00
      vertex -1.800000e+01 -2.817737e-01 -1.303387e+00
      vertex -1.800000e+01 -1.068568e-01 -1.281171e+00
    endloop
  endfacet
  facet normal  1.000000e+00  0.000000e+00  -0.000000e+00
    outer loop
      vertex -1.800000e+01 -2.942552e-01 -1.258928e+00
      vertex -1.800000e+01 -1.068568e-01 -1.281171e+00
      vertex -1.800000e+01 -5.432706e-02 -1.265376e+00
    endloop
  endfacet
  facet normal  1.000000e+00  0.000000e+00  -0.000000e+00
    outer loop
      vertex -1.800000e+01 -2.942552e-01 -1.258928e+00
      vertex -1.800000e+01 -5.432706e-02 -1.265376e+00
      vertex -1.800000e+01 -1.829256e-12 -1.260050e+00
    endloop
  endfacet
  facet normal  1.000000e+00  0.000000e+00  -0.000000e+00
    outer loop
      vertex -1.800000e+01 -2.942552e-01 -1.258928e+00
      vertex -1.800000e+01 -1.829256e-12 -1.260050e+00
      vertex -1.800000e+01  2.977682e-01 -1.237025e+00
    endloop
  endfacet
  facet normal  1.000000e+00  0.000000e+00  -0.000000e+00
    outer loop
      vertex -1.800000e+01 -2.942552e-01 -1.258928e+00
      vertex -1.800000e+01  2.977682e-01 -1.237025e+00
      vertex -1.800000e+01  2.993107e-01 -1.180802e+00
    endloop
  endfacet
  facet normal  1.000000e+00  0.000000e+00  0.000000e+00
    outer loop
      vertex -1.800000e+01 -2.942552e-01 -1.258928e+00
      vertex -1.800000e+01  2.993107e-01 -1.180802e+00
      vertex -1.800000e+01 -2.999479e-01 -1.202974e+00
    endloop
  endfacet
  facet normal  1.000000e+00  0.000000e+00  0.000000e+00
    outer loop
      vertex -1.800000e+01 -2.624406e-01 -1.345724e+00
      vertex -1.800000e+01 -1.996902e-01 -1.341751e+00
      vertex -1.800000e+01 -2.817737e-01 -1.303387e+00
    endloop
  endfacet
  facet normal  1.000000e+00  0.000000e+00  0.000000e+00
    outer loop
      vertex -1.800000e+01 -2.817737e-01 -1.303387e+00
      vertex -1.800000e+01 -1.996902e-01 -1.341751e+00
      vertex -1.800000e+01 -1.558515e-01 -1.306914e+00
    endloop
  endfacet
  facet normal  9.999999e-01  0.000000e+00  -0.000000e+00
    outer loop
      vertex -1.800000e+01 -2.817737e-01 -1.303387e+00
      vertex -1.800000e+01 -1.558515e-01 -1.306914e+00
      vertex -1.800000e+01 -1.068568e-01 -1.281171e+00
    endloop
  endfacet
  facet normal  1.000000e+00  0.000000e+00  0.000000e+00
    outer loop
      vertex -1.800000e+01 -1.382074e-01 -9.342780e-01
      vertex -1.800000e+01  1.602294e-01 -9.468734e-01
      vertex -1.800000e+01 -9.396926e-02 -9.156994e-01
    endloop
  endfacet
  facet normal  1.000000e+00  0.000000e+00  0.000000e+00
    outer loop
      vertex -1.800000e+01 -9.396926e-02 -9.156994e-01
      vertex -1.800000e+01  1.602294e-01 -9.468734e-01
      vertex -1.800000e+01  1.101706e-01 -9.215063e-01
    endloop
  endfacet
  facet normal  1.000000e+00  0.000000e+00  0.000000e+00
    outer loop
      vertex -1.800000e+01 -9.396926e-02 -9.156994e-01
      vertex -1.800000e+01  1.101706e-01 -9.215063e-01
      vertex -1.800000e+01  5.586885e-02 -9.057905e-01
    endloop
  endfacet
  facet normal  1.000000e+00  0.000000e+00  0.000000e+00
    outer loop
      vertex -1.800000e+01 -2.999479e-01 -1.202974e+00
      vertex -1.800000e+01  2.993107e-01 -1.180802e+00
      vertex -1.800000e+01 -2.950623e-01 -1.146527e+00
    endloop
  endfacet
  facet normal  1.000000e+00  -0.000000e+00  0.000000e+00
    outer loop
      vertex -1.800000e+01 -2.950623e-01 -1.146527e+00
      vertex -1.800000e+01  2.993107e-01 -1.180802e+00
      vertex -1.800000e+01  2.902673e-01 -1.124871e+00
    endloop
  endfacet
  facet normal  1.000000e+00  0.000000e+00  0.000000e+00
    outer loop
      vertex -1.800000e+01 -2.950623e-01 -1.146527e+00
      vertex -1.800000e+01  2.902673e-01 -1.124871e+00
      vertex -1.800000e+01 -2.798399e-01 -1.092382e+00
    endloop
  endfacet
  facet normal  1.000000e+00  -0.000000e+00  0.000000e+00
    outer loop
      vertex -1.800000e+01 -2.798399e-01 -1.092382e+00
      vertex -1.800000e+01  2.902673e-01 -1.124871e+00
      vertex -1.800000e+01  2.710858e-01 -1.071999e+00
    endloop
  endfacet
  facet normal  1.000000e+00  0.000000e+00  0.000000e+00
    outer loop
      vertex -1.800000e+01 -2.798399e-01 -1.092382e+00
      vertex -1.800000e+01  2.710858e-01 -1.071999e+00
      vertex -1.800000e+01 -2.547037e-01 -1.042068e+00
    endloop
  endfacet
  facet normal  9.999999e-01  -0.000000e+00  0.000000e+00
    outer loop
      vertex -1.800000e+01 -2.547037e-01 -1.042068e+00
      vertex -1.800000e+01  2.710858e-01 -1.071999e+00
      vertex -1.800000e+01  2.423001e-01 -1.023679e+00
    endloop
  endfacet
  facet normal  9.999999e-01  0.000000e+00  0.000000e+00
    outer loop
      vertex -1.800000e+01 -2.547037e-01 -1.042068e+00
      vertex -1.800000e+01  2.423001e-01 -1.023679e+00
      vertex -1.800000e+01 -2.203681e-01 -9.969988e-01
    endloop
  endfacet
  facet normal  1.000000e+00  -0.000000e+00  0.000000e+00
    outer loop
      vertex -1.800000e+01 -2.203681e-01 -9.969988e-01
      vertex -1.800000e+01  2.423001e-01 -1.023679e+00
      vertex -1.800000e+01  2.047281e-01 -9.812713e-01
    endloop
  endfacet
  facet normal  1.000000e+00  0.000000e+00  0.000000e+00
    outer loop
      vertex -1.800000e+01 -2.203681e-01 -9.969988e-01
      vertex -1.800000e+01  2.047281e-01 -9.812713e-01
      vertex -1.800000e+01 -1.785324e-01 -9.594064e-01
    endloop
  endfacet
  facet normal  1.000000e+00  -0.000000e+00  0.000000e+00
    outer loop
      vertex -1.800000e+01 -1.785324e-01 -9.594064e-01
      vertex -1.800000e+01  2.047281e-01 -9.812713e-01
      vertex -1.800000e+01  1.602294e-01 -9.468734e-01
    endloop
  endfacet
  facet normal  1.000000e+00  0.000000e+00  0.000000e+00
    outer loop
      vertex -1.800000e+01 -1.785324e-01 -9.594064e-01
      vertex -1.800000e+01  1.602294e-01 -9.468734e-01
      vertex -1.800000e+01 -1.382074e-01 -9.342780e-01
    endloop
  endfacet
  facet normal  1.000000e+00  0.000000e+00  0.000000e+00
    outer loop
      vertex -1.800000e+01  1.068633e-01 -1.281161e+00
      vertex -1.800000e+01  2.864808e-01 -1.289413e+00
      vertex -1.800000e+01  5.433048e-02 -1.265370e+00
    endloop
  endfacet
  facet normal  1.000000e+00  -0.000000e+00  0.000000e+00
    outer loop
      vertex -1.800000e+01  5.433048e-02 -1.265370e+00
      vertex -1.800000e+01  2.864808e-01 -1.289413e+00
      vertex -1.800000e+01  2.977682e-01 -1.237025e+00
    endloop
  endfacet
  facet normal  9.999999e-01  0.000000e+00  0.000000e+00
    outer loop
      vertex -1.800000e+01  5.433048e-02 -1.265370e+00
      vertex -1.800000e+01  2.977682e-01 -1.237025e+00
      vertex -1.800000e+01 -1.829256e-12 -1.260050e+00
    endloop
  endfacet
  facet normal  1.000000e+00  0.000000e+00  0.000000e+00
    outer loop
      vertex -1.800000e+01  1.997006e-01 -1.341737e+00
      vertex -1.800000e+01  2.658893e-01 -1.339332e+00
      vertex -1.800000e+01  1.558604e-01 -1.306901e+00
    endloop
  endfacet
  facet normal  1.000000e+00  -0.000000e+00  0.000000e+00
    outer loop
      vertex -1.800000e+01  1.558604e-01 -1.306901e+00
      vertex -1.800000e+01  2.658893e-01 -1.339332e+00
      vertex -1.800000e+01  2.864808e-01 -1.289413e+00
    endloop
  endfacet
  facet normal  1.000000e+00  0.000000e+00  0.000000e+00
    outer loop
      vertex -1.800000e+01  1.558604e-01 -1.306901e+00
      vertex -1.800000e+01  2.864808e-01 -1.289413e+00
      vertex -1.800000e+01  1.068633e-01 -1.281161e+00
    endloop
  endfacet
  facet normal  1.000000e+00  0.000000e+00  0.000000e+00
    outer loop
      vertex -1.800000e+01 -1.209284e+00  2.977682e-01
      vertex -1.800000e+01 -1.265507e+00  2.993107e-01
      vertex -1.800000e+01 -1.321439e+00  2.902673e-01
    endloop
  endfacet
  facet normal  1.000000e+00  -0.000000e+00  0.000000e+00
    outer loop
      vertex -1.800000e+01 -1.209284e+00  2.977682e-01
      vertex -1.800000e+01 -1.321439e+00  2.902673e-01
      vertex -1.800000e+01 -1.154356e+00  2.856765e-01
    endloop
  endfacet
  facet normal  1.000000e+00  0.000000e+00  0.000000e+00
    outer loop
      vertex -1.800000e+01 -1.154356e+00  2.856765e-01
      vertex -1.800000e+01 -1.321439e+00  2.902673e-01
      vertex -1.800000e+01 -1.102268e+00  2.633832e-01
    endloop
  endfacet
  facet normal  1.000000e+00  0.000000e+00  0.000000e+00
    outer loop
      vertex -1.800000e+01 -1.102268e+00  2.633832e-01
      vertex -1.800000e+01 -1.321439e+00  2.902673e-01
      vertex -1.800000e+01 -1.374311e+00  2.710858e-01
    endloop
  endfacet
  facet normal  1.000000e+00  0.000000e+00  0.000000e+00
    outer loop
      vertex -1.800000e+01 -1.102268e+00  2.633832e-01
      vertex -1.800000e+01 -1.374311e+00  2.710858e-01
      vertex -1.800000e+01 -1.055600e+00  2.319915e-01
    endloop
  endfacet
  facet normal  1.000000e+00  0.000000e+00  0.000000e+00
    outer loop
      vertex -1.800000e+01 -1.055600e+00  2.319915e-01
      vertex -1.800000e+01 -1.374311e+00  2.710858e-01
      vertex -1.800000e+01 -1.403274e+00  2.553525e-01
    endloop
  endfacet
  facet normal  1.000000e+00  0.000000e+00  0.000000e+00
    outer loop
      vertex -1.800000e+01 -1.055600e+00  2.319915e-01
      vertex -1.800000e+01 -1.403274e+00  2.553525e-01
      vertex -1.800000e+01 -1.364913e+00  2.250972e-01
    endloop
  endfacet
  facet normal  1.000000e+00  -0.000000e+00  0.000000e+00
    outer loop
      vertex -1.800000e+01 -1.055600e+00  2.319915e-01
      vertex -1.800000e+01 -1.364913e+00  2.250972e-01
      vertex -1.800000e+01 -1.015670e+00  1.923812e-01
    endloop
  endfacet
  facet normal  1.000000e+00  0.000000e+00  0.000000e+00
    outer loop
      vertex -1.800000e+01 -1.015670e+00  1.923812e-01
      vertex -1.800000e+01 -1.364913e+00  2.250972e-01
      vertex -1.800000e+01 -1.332788e+00  1.883720e-01
    endloop
  endfacet
  facet normal  1.000000e+00  -0.000000e+00  0.000000e+00
    outer loop
      vertex -1.800000e+01 -1.015670e+00  1.923812e-01
      vertex -1.800000e+01 -1.332788e+00  1.883720e-01
      vertex -1.800000e+01 -9.835997e-01  1.456734e-01
    endloop
  endfacet
  facet normal  9.999999e-01  0.000000e+00  0.000000e+00
    outer loop
      vertex -1.800000e+01 -9.835997e-01  1.456734e-01
      vertex -1.800000e+01 -1.332788e+00  1.883720e-01
      vertex -1.800000e+01 -1.307822e+00  1.462324e-01
    endloop
  endfacet
  facet normal  1.000000e+00  0.000000e+00  0.000000e+00
    outer loop
      vertex -1.800000e+01 -9.835997e-01  1.456734e-01
      vertex -1.800000e+01 -1.307822e+00  1.462324e-01
      vertex -1.800000e+01 -9.609762e-01  9.417981e-02
    endloop
  endfacet
  facet normal  1.000000e+00  0.000000e+00  0.000000e+00
    outer loop
      vertex -1.800000e+01 -9.609762e-01  9.417981e-02
      vertex -1.800000e+01 -1.307822e+00  1.462324e-01
      vertex -1.800000e+01 -1.290733e+00  9.988967e-02
    endloop
  endfacet
  facet normal  1.000000e+00  0.000000e+00  0.000000e+00
    outer loop
      vertex -1.800000e+01 -9.609762e-01  9.417981e-02
      vertex -1.800000e+01 -1.290733e+00  9.988967e-02
      vertex -1.800000e+01 -9.496876e-01  4.788109e-02
    endloop
  endfacet
  facet normal  1.000000e+00  0.000000e+00  0.000000e+00
    outer loop
      vertex -1.800000e+01 -9.496876e-01  4.788109e-02
      vertex -1.800000e+01 -1.290733e+00  9.988967e-02
      vertex -1.800000e+01 -1.282012e+00  5.067587e-02
    endloop
  endfacet
  facet normal  1.000000e+00  0.000000e+00  0.000000e+00
    outer loop
      vertex -1.800000e+01 -9.496876e-01  4.788109e-02
      vertex -1.800000e+01 -1.282012e+00  5.067587e-02
      vertex -1.800000e+01 -9.458098e-01  3.673941e-17
    endloop
  endfacet
  facet normal  1.000000e+00  0.000000e+00  0.000000e+00
    outer loop
      vertex -1.800000e+01 -9.458098e-01  3.673941e-17
      vertex -1.800000e+01 -1.282012e+00  5.067587e-02
      vertex -1.800000e+01 -1.281910e+00  5.559493e-06
    endloop
  endfacet
  facet normal  1.000000e+00  0.000000e+00  0.000000e+00
    outer loop
      vertex -1.800000e+01 -9.458098e-01  3.673941e-17
      vertex -1.800000e+01 -1.281910e+00  5.559493e-06
      vertex -1.800000e+01 -9.480996e-01 -3.684255e-02
    endloop
  endfacet
  facet normal  1.000000e+00  0.000000e+00  0.000000e+00
    outer loop
      vertex -1.800000e+01 -9.480996e-01 -3.684255e-02
      vertex -1.800000e+01 -1.281910e+00  5.559493e-06
      vertex -1.800000e+01 -1.291779e+00 -5.578488e-02
    endloop
  endfacet
  facet normal  9.999999e-01  -0.000000e+00  0.000000e+00
    outer loop
      vertex -1.800000e+01 -9.480996e-01 -3.684255e-02
      vertex -1.800000e+01 -1.291779e+00 -5.578488e-02
      vertex -1.800000e+01 -9.547957e-01 -7.287535e-02
    endloop
  endfacet
  facet normal  1.000000e+00  0.000000e+00  0.000000e+00
    outer loop
      vertex -1.800000e+01 -9.547957e-01 -7.287535e-02
      vertex -1.800000e+01 -1.291779e+00 -5.578488e-02
      vertex -1.800000e+01 -9.735522e-01 -1.258994e-01
    endloop
  endfacet
  facet normal  1.000000e+00  0.000000e+00  0.000000e+00
    outer loop
      vertex -1.800000e+01 -9.735522e-01 -1.258994e-01
      vertex -1.800000e+01 -1.291779e+00 -5.578488e-02
      vertex -1.800000e+01 -1.311772e+00 -1.096283e-01
    endloop
  endfacet
  facet normal  1.000000e+00  0.000000e+00  0.000000e+00
    outer loop
      vertex -1.800000e+01 -9.735522e-01 -1.258994e-01
      vertex -1.800000e+01 -1.311772e+00 -1.096283e-01
      vertex -1.800000e+01 -1.002083e+00 -1.748493e-01
    endloop
  endfacet
  facet normal  1.000000e+00  0.000000e+00  0.000000e+00
    outer loop
      vertex -1.800000e+01 -1.002083e+00 -1.748493e-01
      vertex -1.800000e+01 -1.311772e+00 -1.096283e-01
      vertex -1.800000e+01 -1.341191e+00 -1.596457e-01
    endloop
  endfacet
  facet normal  9.999999e-01  0.000000e+00  0.000000e+00
    outer loop
      vertex -1.800000e+01 -1.002083e+00 -1.748493e-01
      vertex -1.800000e+01 -1.341191e+00 -1.596457e-01
      vertex -1.800000e+01 -1.038977e+00 -2.173022e-01
    endloop
  endfacet
  facet normal  9.999999e-01  0.000000e+00  0.000000e+00
    outer loop
      vertex -1.800000e+01 -1.038977e+00 -2.173022e-01
      vertex -1.800000e+01 -1.341191e+00 -1.596457e-01
      vertex -1.800000e+01 -1.379010e+00 -2.040914e-01
    endloop
  endfacet
  facet normal  1.000000e+00  0.000000e+00  0.000000e+00
    outer loop
      vertex -1.800000e+01 -1.038977e+00 -2.173022e-01
      vertex -1.800000e+01 -1.379010e+00 -2.040914e-01
      vertex -1.800000e+01 -1.083198e+00 -2.520563e-01
    endloop
  endfacet
  facet normal  1.000000e+00  0.000000e+00  0.000000e+00
    outer loop
      vertex -1.800000e+01 -1.083198e+00 -2.520563e-01
      vertex -1.800000e+01 -1.379010e+00 -2.040914e-01
      vertex -1.800000e+01 -1.423908e+00 -2.414143e-01
    endloop
  endfacet
  facet normal  1.000000e+00  0.000000e+00  0.000000e+00
    outer loop
      vertex -1.800000e+01 -1.083198e+00 -2.520563e-01
      vertex -1.800000e+01 -1.423908e+00 -2.414143e-01
      vertex -1.800000e+01 -1.133496e+00 -2.781376e-01
    endloop
  endfacet
  facet normal  1.000000e+00  0.000000e+00  0.000000e+00
    outer loop
      vertex -1.800000e+01 -1.133496e+00 -2.781376e-01
      vertex -1.800000e+01 -1.423908e+00 -2.414143e-01
      vertex -1.800000e+01 -1.390049e+00 -2.630238e-01
    endloop
  endfacet
  facet normal  9.999999e-01  0.000000e+00  0.000000e+00
    outer loop
      vertex -1.800000e+01 -1.133496e+00 -2.781376e-01
      vertex -1.800000e+01 -1.390049e+00 -2.630238e-01
      vertex -1.800000e+01 -1.353928e+00 -2.798399e-01
    endloop
  endfacet
  facet normal  1.000000e+00  -0.000000e+00  0.000000e+00
    outer loop
      vertex -1.800000e+01 -1.133496e+00 -2.781376e-01
      vertex -1.800000e+01 -1.353928e+00 -2.798399e-01
      vertex -1.800000e+01 -1.187382e+00 -2.942552e-01
    endloop
  endfacet
  facet normal  9.999999e-01  0.000000e+00  0.000000e+00
    outer loop
      vertex -1.800000e+01 -1.187382e+00 -2.942552e-01
      vertex -1.800000e+01 -1.353928e+00 -2.798399e-01
      vertex -1.800000e+01 -1.299783e+00 -2.950623e-01
    endloop
  endfacet
  facet normal  1.000000e+00  -0.000000e+00  0.000000e+00
    outer loop
      vertex -1.800000e+01 -1.187382e+00 -2.942552e-01
      vertex -1.800000e+01 -1.299783e+00 -2.950623e-01
      vertex -1.800000e+01 -1.243336e+00 -2.999479e-01
    endloop
  endfacet
  facet normal -3.347719e-05 -2.096668e-01 -9.777730e-01
    outer loop
      vertex  3.688225e+00  8.322354e-02 -7.117746e-01
      vertex  3.696975e+00  4.241732e-02 -7.030247e-01
      vertex -1.504272e+01  5.512486e-02 -7.051080e-01
    endloop
  endfacet
  facet normal  6.820196e-05 -2.736638e-01 -9.618254e-01
    outer loop
      vertex -1.504272e+01  1.083725e-01 -7.202584e-01
      vertex  3.688225e+00  8.322354e-02 -7.117746e-01
      vertex -1.504272e+01  5.512486e-02 -7.051080e-01
    endloop
  endfacet
  facet normal -3.715113e-05 -3.443744e-01 -9.388324e-01
    outer loop
      vertex -1.504272e+01  1.083725e-01 -7.202584e-01
      vertex  3.673713e+00  1.227896e-01 -7.262874e-01
      vertex  3.688225e+00  8.322354e-02 -7.117746e-01
    endloop
  endfacet
  facet normal  3.249865e-05 -7.390093e-01 -6.736952e-01
    outer loop
      vertex  3.616501e+00  2.076715e-01 -7.834993e-01
      vertex -1.504272e+01  2.021087e-01 -7.782973e-01
      vertex -1.504272e+01  2.394052e-01 -8.192096e-01
    endloop
  endfacet
  facet normal -4.512591e-05 -7.590929e-01 -6.509823e-01
    outer loop
      vertex -1.504272e+01  2.394052e-01 -8.192096e-01
      vertex  3.572257e+00  2.456166e-01 -8.277431e-01
      vertex  3.616501e+00  2.076715e-01 -7.834993e-01
    endloop
  endfacet
  facet normal  4.237611e-05 -8.502168e-01 -5.264326e-01
    outer loop
      vertex  3.572257e+00  2.456166e-01 -8.277431e-01
      vertex -1.504272e+01  2.394052e-01 -8.192096e-01
      vertex -1.504272e+01  2.685490e-01 -8.662785e-01
    endloop
  endfacet
  facet normal -8.097239e-05 -8.760497e-01 -4.822208e-01
    outer loop
      vertex -1.504272e+01  2.685490e-01 -8.662785e-01
      vertex  3.515424e+00  2.769053e-01 -8.845756e-01
      vertex  3.572257e+00  2.456166e-01 -8.277431e-01
    endloop
  endfacet
  facet normal  6.371140e-05 -9.324723e-01 -3.612414e-01
    outer loop
      vertex  3.515424e+00  2.769053e-01 -8.845756e-01
      vertex -1.504272e+01  2.685490e-01 -8.662785e-01
      vertex -1.504272e+01  2.885477e-01 -9.179011e-01
    endloop
  endfacet
  facet normal -8.612509e-05 -9.580132e-01 -2.867240e-01
    outer loop
      vertex -1.504272e+01  2.885477e-01 -9.179011e-01
      vertex  3.455728e+00  2.947773e-01 -9.442721e-01
      vertex  3.515424e+00  2.769053e-01 -8.845756e-01
    endloop
  endfacet
  facet normal  6.907913e-05 -9.829731e-01 -1.837493e-01
    outer loop
      vertex  3.455728e+00  2.947773e-01 -9.442721e-01
      vertex -1.504272e+01  2.885477e-01 -9.179011e-01
      vertex -1.504272e+01  2.987202e-01 -9.723195e-01
    endloop
  endfacet
  facet normal -8.406843e-05 -9.964124e-01 -8.463125e-02
    outer loop
      vertex -1.504272e+01  2.987202e-01 -9.723195e-01
      vertex  3.394825e+00  2.999552e-01 -1.005175e+00
      vertex  3.455728e+00  2.947773e-01 -9.442721e-01
    endloop
  endfacet
  facet normal  6.698333e-05 -1.000000e+00  0.000000e+00
    outer loop
      vertex -1.504272e+01  2.987202e-01 -1.027681e+00
      vertex  3.394825e+00  2.999552e-01 -1.005175e+00
      vertex -1.504272e+01  2.987202e-01 -9.723195e-01
    endloop
  endfacet
  facet normal -7.905621e-05 -9.928643e-01  1.192500e-01
    outer loop
      vertex  3.334044e+00  2.926598e-01 -1.065956e+00
      vertex  3.394825e+00  2.999552e-01 -1.005175e+00
      vertex -1.504272e+01  2.987202e-01 -1.027681e+00
    endloop
  endfacet
  facet normal  5.854821e-05 -9.829731e-01  1.837495e-01
    outer loop
      vertex -1.504272e+01  2.885477e-01 -1.082099e+00
      vertex  3.334044e+00  2.926598e-01 -1.065956e+00
      vertex -1.504272e+01  2.987202e-01 -1.027681e+00
    endloop
  endfacet
  facet normal -7.991544e-05 -9.435157e-01  3.313277e-01
    outer loop
      vertex  3.268542e+00  2.696637e-01 -1.131458e+00
      vertex  3.334044e+00  2.926598e-01 -1.065956e+00
      vertex -1.504272e+01  2.885477e-01 -1.082099e+00
    endloop
  endfacet
  facet normal -3.087387e-05 -8.043981e-01  5.940908e-01
    outer loop
      vertex -1.504272e+01  2.394052e-01 -1.180790e+00
      vertex  3.207127e+00  2.297811e-01 -1.192873e+00
      vertex  3.237121e+00  2.519319e-01 -1.162879e+00
    endloop
  endfacet
  facet normal  3.833324e-05 -1.064804e-01 -9.943148e-01
    outer loop
      vertex  3.696975e+00  4.241732e-02 -7.030247e-01
      vertex  3.699241e+00  2.125720e-02 -7.007586e-01
      vertex -1.504272e+01  5.512486e-02 -7.051080e-01
    endloop
  endfacet
  facet normal  1.674805e-04 -3.566030e-02 -9.993640e-01
    outer loop
      vertex -1.504272e+01  5.512486e-02 -7.051080e-01
      vertex  3.699241e+00  2.125720e-02 -7.007586e-01
      vertex  3.700000e+00 -5.873474e-16 -7.000000e-01
    endloop
  endfacet
  facet normal -1.161360e-18 -9.226815e-02 -9.957343e-01
    outer loop
      vertex -1.504272e+01  5.512486e-02 -7.051080e-01
      vertex  3.700000e+00 -5.873474e-16 -7.000000e-01
      vertex -1.504272e+01 -3.514366e-16 -7.000000e-01
    endloop
  endfacet
  facet normal -1.569485e-05 -6.544331e-01 -7.561199e-01
    outer loop
      vertex  3.616501e+00  2.076715e-01 -7.834993e-01
      vertex  3.636563e+00  1.844918e-01 -7.634373e-01
      vertex -1.504272e+01  2.021087e-01 -7.782973e-01
    endloop
  endfacet
  facet normal  1.126019e-04 -5.723127e-01 -8.200355e-01
    outer loop
      vertex -1.504272e+01  2.021087e-01 -7.782973e-01
      vertex  3.636563e+00  1.844918e-01 -7.634373e-01
      vertex  3.654760e+00  1.584211e-01 -7.452398e-01
    endloop
  endfacet
  facet normal  2.825592e-06 -6.026344e-01 -7.980174e-01
    outer loop
      vertex -1.504272e+01  2.021087e-01 -7.782973e-01
      vertex  3.654760e+00  1.584211e-01 -7.452398e-01
      vertex -1.504272e+01  1.579296e-01 -7.449349e-01
    endloop
  endfacet
  facet normal -2.055120e-06 -4.696045e-01 -8.828768e-01
    outer loop
      vertex -1.504272e+01  1.579296e-01 -7.449349e-01
      vertex  3.654760e+00  1.584211e-01 -7.452398e-01
      vertex  3.673713e+00  1.227896e-01 -7.262874e-01
    endloop
  endfacet
  facet normal  5.499545e-05 -4.457380e-01 -8.951635e-01
    outer loop
      vertex -1.504272e+01  1.579296e-01 -7.449349e-01
      vertex  3.673713e+00  1.227896e-01 -7.262874e-01
      vertex -1.504272e+01  1.083725e-01 -7.202584e-01
    endloop
  endfacet
  facet normal  1.210779e-05 -9.324722e-01  3.612414e-01
    outer loop
      vertex -1.504272e+01  2.885477e-01 -1.082099e+00
      vertex -1.504272e+01  2.685490e-01 -1.133721e+00
      vertex  3.268542e+00  2.696637e-01 -1.131458e+00
    endloop
  endfacet
  facet normal -1.331931e-05 -8.502174e-01  5.264317e-01
    outer loop
      vertex  3.268542e+00  2.696637e-01 -1.131458e+00
      vertex -1.504272e+01  2.685490e-01 -1.133721e+00
      vertex -1.504272e+01  2.394052e-01 -1.180790e+00
    endloop
  endfacet
  facet normal  1.153709e-04 -8.709462e-01  4.913785e-01
    outer loop
      vertex  3.268542e+00  2.696637e-01 -1.131458e+00
      vertex -1.504272e+01  2.394052e-01 -1.180790e+00
      vertex  3.237121e+00  2.519319e-01 -1.162879e+00
    endloop
  endfacet
  facet normal -4.110104e-05 -5.098968e-01  8.602356e-01
    outer loop
      vertex  3.131497e+00  1.337940e-01 -1.268503e+00
      vertex  3.153812e+00  1.714399e-01 -1.246188e+00
      vertex -1.504272e+01  1.579296e-01 -1.255065e+00
    endloop
  endfacet
  facet normal  8.382677e-05 -6.255541e-01  7.801809e-01
    outer loop
      vertex -1.504272e+01  1.579296e-01 -1.255065e+00
      vertex  3.153812e+00  1.714399e-01 -1.246188e+00
      vertex  3.179122e+00  2.030096e-01 -1.220878e+00
    endloop
  endfacet
  facet normal -6.342913e-06 -6.026337e-01  7.980179e-01
    outer loop
      vertex -1.504272e+01  1.579296e-01 -1.255065e+00
      vertex  3.179122e+00  2.030096e-01 -1.220878e+00
      vertex -1.504272e+01  2.021087e-01 -1.221703e+00
    endloop
  endfacet
  facet normal  4.446099e-06 -7.228433e-01  6.910120e-01
    outer loop
      vertex -1.504272e+01  2.021087e-01 -1.221703e+00
      vertex  3.179122e+00  2.030096e-01 -1.220878e+00
      vertex  3.207127e+00  2.297811e-01 -1.192873e+00
    endloop
  endfacet
  facet normal  5.631288e-05 -7.390088e-01  6.736958e-01
    outer loop
      vertex -1.504272e+01  2.021087e-01 -1.221703e+00
      vertex  3.207127e+00  2.297811e-01 -1.192873e+00
      vertex -1.504272e+01  2.394052e-01 -1.180790e+00
    endloop
  endfacet
  facet normal -8.547502e-06 -3.408320e-01  9.401242e-01
    outer loop
      vertex  3.114203e+00  9.121388e-02 -1.285797e+00
      vertex  3.122115e+00  1.130393e-01 -1.277885e+00
      vertex -1.504272e+01  1.083725e-01 -1.279742e+00
    endloop
  endfacet
  facet normal  1.266605e-05 -4.119041e-01  9.112272e-01
    outer loop
      vertex -1.504272e+01  1.083725e-01 -1.279742e+00
      vertex  3.122115e+00  1.130393e-01 -1.277885e+00
      vertex  3.131497e+00  1.337940e-01 -1.268503e+00
    endloop
  endfacet
  facet normal  6.992678e-05 -4.457389e-01  8.951631e-01
    outer loop
      vertex -1.504272e+01  1.083725e-01 -1.279742e+00
      vertex  3.131497e+00  1.337940e-01 -1.268503e+00
      vertex -1.504272e+01  1.579296e-01 -1.255065e+00
    endloop
  endfacet
  facet normal -1.633745e-05 -1.640227e-01  9.864566e-01
    outer loop
      vertex  3.102016e+00  3.472223e-02 -1.297984e+00
      vertex  3.106806e+00  6.352920e-02 -1.293194e+00
      vertex -1.504272e+01  5.512486e-02 -1.294892e+00
    endloop
  endfacet
  facet normal  2.914347e-05 -2.581298e-01  9.661102e-01
    outer loop
      vertex -1.504272e+01  5.512486e-02 -1.294892e+00
      vertex  3.106806e+00  6.352920e-02 -1.293194e+00
      vertex  3.114203e+00  9.121388e-02 -1.285797e+00
    endloop
  endfacet
  facet normal  6.216532e-05 -2.736638e-01  9.618254e-01
    outer loop
      vertex -1.504272e+01  5.512486e-02 -1.294892e+00
      vertex  3.114203e+00  9.121388e-02 -1.285797e+00
      vertex -1.504272e+01  1.083725e-01 -1.279742e+00
    endloop
  endfacet
  facet normal  0.000000e+00 -5.796510e-02  9.983185e-01
    outer loop
      vertex  3.100002e+00  2.113444e-16 -1.300000e+00
      vertex  3.102016e+00  3.472223e-02 -1.297984e+00
      vertex -1.504272e+01  3.215626e-16 -1.300000e+00
    endloop
  endfacet
  facet normal  6.592827e-05 -9.226708e-02  9.957343e-01
    outer loop
      vertex -1.504272e+01  3.215626e-16 -1.300000e+00
      vertex  3.102016e+00  3.472223e-02 -1.297984e+00
      vertex -1.504272e+01  5.512486e-02 -1.294892e+00
    endloop
  endfacet
  facet normal -1.056238e-05  9.838064e-01 -1.792339e-01
    outer loop
      vertex -1.504272e+01 -1.294892e+00  5.512486e-02
      vertex  3.106937e+00 -1.293063e+00  6.409670e-02
      vertex  3.103133e+00 -1.296867e+00  4.321646e-02
    endloop
  endfacet
  facet normal  6.199841e-05  8.951631e-01 -4.457389e-01
    outer loop
      vertex -1.504272e+01 -1.255065e+00  1.579296e-01
      vertex  3.135772e+00 -1.264228e+00  1.420570e-01
      vertex -1.504272e+01 -1.279742e+00  1.083725e-01
    endloop
  endfacet
  facet normal -3.671031e-05  8.472800e-01 -5.311463e-01
    outer loop
      vertex  3.157052e+00 -1.242948e+00  1.760006e-01
      vertex  3.135772e+00 -1.264228e+00  1.420570e-01
      vertex -1.504272e+01 -1.255065e+00  1.579296e-01
    endloop
  endfacet
  facet normal  6.706821e-05  7.980179e-01 -6.026337e-01
    outer loop
      vertex -1.504272e+01 -1.221703e+00  2.021087e-01
      vertex  3.157052e+00 -1.242948e+00  1.760006e-01
      vertex -1.504272e+01 -1.255065e+00  1.579296e-01
    endloop
  endfacet
  facet normal -3.372414e-05  7.640015e-01 -6.452143e-01
    outer loop
      vertex -1.504272e+01 -1.221703e+00  2.021087e-01
      vertex  3.185818e+00 -1.214182e+00  2.100618e-01
      vertex  3.157052e+00 -1.242948e+00  1.760006e-01
    endloop
  endfacet
  facet normal  1.443369e-05  0.000000e+00 -1.000000e+00
    outer loop
      vertex -1.504272e+01 -9.723195e-01  2.987202e-01
      vertex  3.424635e+00 -9.753650e-01  2.989868e-01
      vertex -1.504272e+01 -1.027681e+00  2.987202e-01
    endloop
  endfacet
  facet normal  6.703693e-05 -5.264326e-01 -8.502169e-01
    outer loop
      vertex -1.504272e+01 -8.192096e-01  2.394052e-01
      vertex  3.561611e+00 -8.383892e-01  2.527475e-01
      vertex -1.504272e+01 -8.662785e-01  2.685490e-01
    endloop
  endfacet
  facet normal -1.476925e-05 -5.806818e-01 -8.141305e-01
    outer loop
      vertex -1.504272e+01 -8.192096e-01  2.394052e-01
      vertex  3.586353e+00 -8.136473e-01  2.350999e-01
      vertex  3.561611e+00 -8.383892e-01  2.527475e-01
    endloop
  endfacet
  facet normal  6.578583e-05 -7.980174e-01 -6.026344e-01
    outer loop
      vertex -1.504272e+01 -7.449349e-01  1.579296e-01
      vertex  3.636043e+00 -7.639567e-01  1.851577e-01
      vertex -1.504272e+01 -7.782973e-01  2.021087e-01
    endloop
  endfacet
  facet normal -2.315773e-05 -8.271549e-01 -5.619739e-01
    outer loop
      vertex -1.504272e+01 -7.449349e-01  1.579296e-01
      vertex  3.659095e+00 -7.409050e-01  1.512276e-01
      vertex  3.636043e+00 -7.639567e-01  1.851577e-01
    endloop
  endfacet
  facet normal  3.664665e-05  9.940423e-01 -1.089948e-01
    outer loop
      vertex  3.103133e+00 -1.296867e+00  4.321646e-02
      vertex  3.100809e+00 -1.299191e+00  2.201856e-02
      vertex -1.504272e+01 -1.294892e+00  5.512486e-02
    endloop
  endfacet
  facet normal  1.697656e-04  9.993254e-01 -3.672649e-02
    outer loop
      vertex -1.504272e+01 -1.294892e+00  5.512486e-02
      vertex  3.100809e+00 -1.299191e+00  2.201856e-02
      vertex  3.100002e+00 -1.300000e+00 -4.961677e-16
    endloop
  endfacet
  facet normal -2.523323e-18  9.957343e-01 -9.226707e-02
    outer loop
      vertex -1.504272e+01 -1.294892e+00  5.512486e-02
      vertex  3.100002e+00 -1.300000e+00 -4.961677e-16
      vertex -1.504272e+01 -1.300000e+00  0.000000e+00
    endloop
  endfacet
  facet normal -1.661077e-05  9.116717e-01 -4.109192e-01
    outer loop
      vertex  3.135772e+00 -1.264228e+00  1.420570e-01
      vertex  3.118536e+00 -1.281464e+00  1.038164e-01
      vertex -1.504272e+01 -1.279742e+00  1.083725e-01
    endloop
  endfacet
  facet normal  2.073306e-05  9.599117e-01 -2.803023e-01
    outer loop
      vertex -1.504272e+01 -1.279742e+00  1.083725e-01
      vertex  3.118536e+00 -1.281464e+00  1.038164e-01
      vertex  3.106937e+00 -1.293063e+00  6.409670e-02
    endloop
  endfacet
  facet normal  3.833229e-05  9.618254e-01 -2.736638e-01
    outer loop
      vertex -1.504272e+01 -1.279742e+00  1.083725e-01
      vertex  3.106937e+00 -1.293063e+00  6.409670e-02
      vertex -1.504272e+01 -1.294892e+00  5.512486e-02
    endloop
  endfacet
  facet normal -2.911191e-05  4.523928e-01 -8.918188e-01
    outer loop
      vertex  3.280586e+00 -1.119414e+00  2.752084e-01
      vertex  3.248495e+00 -1.151505e+00  2.589307e-01
      vertex -1.504272e+01 -1.133721e+00  2.685490e-01
    endloop
  endfacet
  facet normal  1.052998e-04  5.573535e-01 -8.302752e-01
    outer loop
      vertex -1.504272e+01 -1.133721e+00  2.685490e-01
      vertex  3.248495e+00 -1.151505e+00  2.589307e-01
      vertex  3.217691e+00 -1.182309e+00  2.382486e-01
    endloop
  endfacet
  facet normal -1.006844e-05  5.264317e-01 -8.502175e-01
    outer loop
      vertex -1.504272e+01 -1.133721e+00  2.685490e-01
      vertex  3.217691e+00 -1.182309e+00  2.382486e-01
      vertex -1.504272e+01 -1.180790e+00  2.394052e-01
    endloop
  endfacet
  facet normal  7.649181e-06  6.624638e-01 -7.490940e-01
    outer loop
      vertex -1.504272e+01 -1.180790e+00  2.394052e-01
      vertex  3.217691e+00 -1.182309e+00  2.382486e-01
      vertex  3.185818e+00 -1.214182e+00  2.100618e-01
    endloop
  endfacet
  facet normal  4.445858e-05  6.736957e-01 -7.390088e-01
    outer loop
      vertex -1.504272e+01 -1.180790e+00  2.394052e-01
      vertex  3.185818e+00 -1.214182e+00  2.100618e-01
      vertex -1.504272e+01 -1.221703e+00  2.021087e-01
    endloop
  endfacet
  facet normal -5.331814e-05  2.391490e-02 -9.997141e-01
    outer loop
      vertex  3.424635e+00 -9.753650e-01  2.989868e-01
      vertex  3.361128e+00 -1.038872e+00  2.974710e-01
      vertex -1.504272e+01 -1.027681e+00  2.987202e-01
    endloop
  endfacet
  facet normal  5.370668e-05  1.977434e-01 -9.802538e-01
    outer loop
      vertex -1.504272e+01 -1.027681e+00  2.987202e-01
      vertex  3.361128e+00 -1.038872e+00  2.974710e-01
      vertex  3.320480e+00 -1.079520e+00  2.892690e-01
    endloop
  endfacet
  facet normal  1.280251e-05  1.837495e-01 -9.829730e-01
    outer loop
      vertex -1.504272e+01 -1.027681e+00  2.987202e-01
      vertex  3.320480e+00 -1.079520e+00  2.892690e-01
      vertex -1.504272e+01 -1.082099e+00  2.885477e-01
    endloop
  endfacet
  facet normal -9.642479e-06  3.324098e-01 -9.431351e-01
    outer loop
      vertex -1.504272e+01 -1.082099e+00  2.885477e-01
      vertex  3.320480e+00 -1.079520e+00  2.892690e-01
      vertex  3.280586e+00 -1.119414e+00  2.752084e-01
    endloop
  endfacet
  facet normal  5.683574e-05  3.612415e-01 -9.324723e-01
    outer loop
      vertex -1.504272e+01 -1.082099e+00  2.885477e-01
      vertex  3.280586e+00 -1.119414e+00  2.752084e-01
      vertex -1.504272e+01 -1.133721e+00  2.685490e-01
    endloop
  endfacet
  facet normal -2.720869e-05 -4.791527e-01 -8.777316e-01
    outer loop
      vertex  3.561611e+00 -8.383892e-01  2.527475e-01
      vertex  3.525196e+00 -8.748041e-01  2.726275e-01
      vertex -1.504272e+01 -8.662785e-01  2.685490e-01
    endloop
  endfacet
  facet normal  4.209654e-05 -3.554616e-01 -9.346910e-01
    outer loop
      vertex -1.504272e+01 -8.662785e-01  2.685490e-01
      vertex  3.525196e+00 -8.748041e-01  2.726275e-01
      vertex  3.487573e+00 -9.124265e-01  2.869336e-01
    endloop
  endfacet
  facet normal  2.550111e-05 -3.612415e-01 -9.324723e-01
    outer loop
      vertex -1.504272e+01 -8.662785e-01  2.685490e-01
      vertex  3.487573e+00 -9.124265e-01  2.869336e-01
      vertex -1.504272e+01 -9.179011e-01  2.885477e-01
    endloop
  endfacet
  facet normal -2.999109e-05 -1.880606e-01 -9.821575e-01
    outer loop
      vertex -1.504272e+01 -9.179011e-01  2.885477e-01
      vertex  3.487573e+00 -9.124265e-01  2.869336e-01
      vertex  3.424635e+00 -9.753650e-01  2.989868e-01
    endloop
  endfacet
  facet normal -1.611465e-05 -1.837493e-01 -9.829732e-01
    outer loop
      vertex -1.504272e+01 -9.179011e-01  2.885477e-01
      vertex  3.424635e+00 -9.753650e-01  2.989868e-01
      vertex -1.504272e+01 -9.723195e-01  2.987202e-01
    endloop
  endfacet
  facet normal -3.382747e-05 -7.447535e-01 -6.673397e-01
    outer loop
      vertex  3.636043e+00 -7.639567e-01  1.851577e-01
      vertex  3.609867e+00 -7.901328e-01  2.143716e-01
      vertex -1.504272e+01 -7.782973e-01  2.021087e-01
    endloop
  endfacet
  facet normal  7.354152e-05 -6.613064e-01 -7.501159e-01
    outer loop
      vertex -1.504272e+01 -7.782973e-01  2.021087e-01
      vertex  3.609867e+00 -7.901328e-01  2.143716e-01
      vertex  3.586353e+00 -8.136473e-01  2.350999e-01
    endloop
  endfacet
  facet normal  3.036386e-05 -6.736952e-01 -7.390093e-01
    outer loop
      vertex -1.504272e+01 -7.782973e-01  2.021087e-01
      vertex  3.586353e+00 -8.136473e-01  2.350999e-01
      vertex -1.504272e+01 -8.192096e-01  2.394052e-01
    endloop
  endfacet
  facet normal  4.316061e-05 -9.643496e-01 -2.646315e-01
    outer loop
      vertex  3.692160e+00 -7.078400e-01  6.813613e-02
      vertex  3.686044e+00 -7.139559e-01  9.042205e-02
      vertex -1.504272e+01 -7.051080e-01  5.512486e-02
    endloop
  endfacet
  facet normal  1.914636e-04 -9.413091e-01 -3.375459e-01
    outer loop
      vertex -1.504272e+01 -7.051080e-01  5.512486e-02
      vertex  3.686044e+00 -7.139559e-01  9.042205e-02
      vertex  3.678360e+00 -7.216398e-01  1.118456e-01
    endloop
  endfacet
  facet normal -2.020207e-05 -9.618254e-01 -2.736638e-01
    outer loop
      vertex -1.504272e+01 -7.051080e-01  5.512486e-02
      vertex  3.678360e+00 -7.216398e-01  1.118456e-01
      vertex -1.504272e+01 -7.202584e-01  1.083725e-01
    endloop
  endfacet
  facet normal  1.523795e-05 -8.982806e-01 -4.394225e-01
    outer loop
      vertex -1.504272e+01 -7.202584e-01  1.083725e-01
      vertex  3.678360e+00 -7.216398e-01  1.118456e-01
      vertex  3.659095e+00 -7.409050e-01  1.512276e-01
    endloop
  endfacet
  facet normal  3.315116e-05 -8.951634e-01 -4.457380e-01
    outer loop
      vertex -1.504272e+01 -7.202584e-01  1.083725e-01
      vertex  3.659095e+00 -7.409050e-01  1.512276e-01
      vertex -1.504272e+01 -7.449349e-01  1.579296e-01
    endloop
  endfacet
  facet normal -2.475821e-05 -9.852328e-01 -1.712203e-01
    outer loop
      vertex  3.692160e+00 -7.078400e-01  6.813613e-02
      vertex -1.504272e+01 -7.051080e-01  5.512486e-02
      vertex  3.698004e+00 -7.019963e-01  3.450922e-02
    endloop
  endfacet
  facet normal  6.383635e-05 -9.957343e-01 -9.226816e-02
    outer loop
      vertex  3.698004e+00 -7.019963e-01  3.450922e-02
      vertex -1.504272e+01 -7.051080e-01  5.512486e-02
      vertex -1.504272e+01 -7.000000e-01  3.031929e-16
    endloop
  endfacet
  facet normal -6.462513e-19 -9.983311e-01 -5.775115e-02
    outer loop
      vertex  3.698004e+00 -7.019963e-01  3.450922e-02
      vertex -1.504272e+01 -7.000000e-01  3.031929e-16
      vertex  3.700000e+00 -7.000000e-01  9.345669e-17
    endloop
  endfacet
  facet normal -3.347719e-05 -9.777730e-01  2.096668e-01
    outer loop
      vertex  3.688225e+00 -7.117746e-01 -8.322354e-02
      vertex  3.696975e+00 -7.030247e-01 -4.241732e-02
      vertex -1.504272e+01 -7.051080e-01 -5.512486e-02
    endloop
  endfacet
  facet normal  6.820196e-05 -9.618254e-01  2.736638e-01
    outer loop
      vertex -1.504272e+01 -7.202584e-01 -1.083725e-01
      vertex  3.688225e+00 -7.117746e-01 -8.322354e-02
      vertex -1.504272e+01 -7.051080e-01 -5.512486e-02
    endloop
  endfacet
  facet normal -3.715113e-05 -9.388324e-01  3.443744e-01
    outer loop
      vertex -1.504272e+01 -7.202584e-01 -1.083725e-01
      vertex  3.673713e+00 -7.262874e-01 -1.227896e-01
      vertex  3.688225e+00 -7.117746e-01 -8.322354e-02
    endloop
  endfacet
  facet normal  3.249865e-05 -6.736952e-01  7.390093e-01
    outer loop
      vertex  3.616501e+00 -7.834993e-01 -2.076715e-01
      vertex -1.504272e+01 -7.782973e-01 -2.021087e-01
      vertex -1.504272e+01 -8.192096e-01 -2.394052e-01
    endloop
  endfacet
  facet normal -4.512591e-05 -6.509823e-01  7.590929e-01
    outer loop
      vertex -1.504272e+01 -8.192096e-01 -2.394052e-01
      vertex  3.572257e+00 -8.277431e-01 -2.456166e-01
      vertex  3.616501e+00 -7.834993e-01 -2.076715e-01
    endloop
  endfacet
  facet normal  4.237611e-05 -5.264326e-01  8.502168e-01
    outer loop
      vertex  3.572257e+00 -8.277431e-01 -2.456166e-01
      vertex -1.504272e+01 -8.192096e-01 -2.394052e-01
      vertex -1.504272e+01 -8.662785e-01 -2.685490e-01
    endloop
  endfacet
  facet normal -8.097239e-05 -4.822208e-01  8.760497e-01
    outer loop
      vertex -1.504272e+01 -8.662785e-01 -2.685490e-01
      vertex  3.515424e+00 -8.845756e-01 -2.769053e-01
      vertex  3.572257e+00 -8.277431e-01 -2.456166e-01
    endloop
  endfacet
  facet normal  6.371140e-05 -3.612414e-01  9.324723e-01
    outer loop
      vertex  3.515424e+00 -8.845756e-01 -2.769053e-01
      vertex -1.504272e+01 -8.662785e-01 -2.685490e-01
      vertex -1.504272e+01 -9.179011e-01 -2.885477e-01
    endloop
  endfacet
  facet normal -8.612509e-05 -2.867240e-01  9.580132e-01
    outer loop
      vertex -1.504272e+01 -9.179011e-01 -2.885477e-01
      vertex  3.455728e+00 -9.442721e-01 -2.947773e-01
      vertex  3.515424e+00 -8.845756e-01 -2.769053e-01
    endloop
  endfacet
  facet normal  6.907913e-05 -1.837493e-01  9.829731e-01
    outer loop
      vertex  3.455728e+00 -9.442721e-01 -2.947773e-01
      vertex -1.504272e+01 -9.179011e-01 -2.885477e-01
      vertex -1.504272e+01 -9.723195e-01 -2.987202e-01
    endloop
  endfacet
  facet normal -8.406843e-05 -8.463125e-02  9.964124e-01
    outer loop
      vertex -1.504272e+01 -9.723195e-01 -2.987202e-01
      vertex  3.394825e+00 -1.005175e+00 -2.999552e-01
      vertex  3.455728e+00 -9.442721e-01 -2.947773e-01
    endloop
  endfacet
  facet normal  6.698333e-05  0.000000e+00  1.000000e+00
    outer loop
      vertex -1.504272e+01 -1.027681e+00 -2.987202e-01
      vertex  3.394825e+00 -1.005175e+00 -2.999552e-01
      vertex -1.504272e+01 -9.723195e-01 -2.987202e-01
    endloop
  endfacet
  facet normal -7.905621e-05  1.192500e-01  9.928643e-01
    outer loop
      vertex  3.334044e+00 -1.065956e+00 -2.926598e-01
      vertex  3.394825e+00 -1.005175e+00 -2.999552e-01
      vertex -1.504272e+01 -1.027681e+00 -2.987202e-01
    endloop
  endfacet
  facet normal  5.854821e-05  1.837495e-01  9.829731e-01
    outer loop
      vertex -1.504272e+01 -1.082099e+00 -2.885477e-01
      vertex  3.334044e+00 -1.065956e+00 -2.926598e-01
      vertex -1.504272e+01 -1.027681e+00 -2.987202e-01
    endloop
  endfacet
  facet normal -7.991544e-05  3.313277e-01  9.435157e-01
    outer loop
      vertex  3.268542e+00 -1.131458e+00 -2.696637e-01
      vertex  3.334044e+00 -1.065956e+00 -2.926598e-01
      vertex -1.504272e+01 -1.082099e+00 -2.885477e-01
    endloop
  endfacet
  facet normal -3.087387e-05  5.940908e-01  8.043981e-01
    outer loop
      vertex -1.504272e+01 -1.180790e+00 -2.394052e-01
      vertex  3.207127e+00 -1.192873e+00 -2.297811e-01
      vertex  3.237121e+00 -1.162879e+00 -2.519319e-01
    endloop
  endfacet
  facet normal  3.833324e-05 -9.943148e-01  1.064804e-01
    outer loop
      vertex  3.696975e+00 -7.030247e-01 -4.241732e-02
      vertex  3.699241e+00 -7.007586e-01 -2.125720e-02
      vertex -1.504272e+01 -7.051080e-01 -5.512486e-02
    endloop
  endfacet
  facet normal  1.674805e-04 -9.993640e-01  3.566030e-02
    outer loop
      vertex -1.504272e+01 -7.051080e-01 -5.512486e-02
      vertex  3.699241e+00 -7.007586e-01 -2.125720e-02
      vertex  3.700000e+00 -7.000000e-01  9.345669e-17
    endloop
  endfacet
  facet normal  1.032506e-18 -9.957343e-01  9.226815e-02
    outer loop
      vertex -1.504272e+01 -7.051080e-01 -5.512486e-02
      vertex  3.700000e+00 -7.000000e-01  9.345669e-17
      vertex -1.504272e+01 -7.000000e-01  3.031929e-16
    endloop
  endfacet
  facet normal -1.569485e-05 -7.561199e-01  6.544331e-01
    outer loop
      vertex  3.616501e+00 -7.834993e-01 -2.076715e-01
      vertex  3.636563e+00 -7.634373e-01 -1.844918e-01
      vertex -1.504272e+01 -7.782973e-01 -2.021087e-01
    endloop
  endfacet
  facet normal  1.126019e-04 -8.200355e-01  5.723127e-01
    outer loop
      vertex -1.504272e+01 -7.782973e-01 -2.021087e-01
      vertex  3.636563e+00 -7.634373e-01 -1.844918e-01
      vertex  3.654760e+00 -7.452398e-01 -1.584211e-01
    endloop
  endfacet
  facet normal  2.825592e-06 -7.980174e-01  6.026344e-01
    outer loop
      vertex -1.504272e+01 -7.782973e-01 -2.021087e-01
      vertex  3.654760e+00 -7.452398e-01 -1.584211e-01
      vertex -1.504272e+01 -7.449349e-01 -1.579296e-01
    endloop
  endfacet
  facet normal -2.055120e-06 -8.828768e-01  4.696045e-01
    outer loop
      vertex -1.504272e+01 -7.449349e-01 -1.579296e-01
      vertex  3.654760e+00 -7.452398e-01 -1.584211e-01
      vertex  3.673713e+00 -7.262874e-01 -1.227896e-01
    endloop
  endfacet
  facet normal  5.499545e-05 -8.951635e-01  4.457380e-01
    outer loop
      vertex -1.504272e+01 -7.449349e-01 -1.579296e-01
      vertex  3.673713e+00 -7.262874e-01 -1.227896e-01
      vertex -1.504272e+01 -7.202584e-01 -1.083725e-01
    endloop
  endfacet
  facet normal  1.210779e-05  3.612414e-01  9.324722e-01
    outer loop
      vertex -1.504272e+01 -1.082099e+00 -2.885477e-01
      vertex -1.504272e+01 -1.133721e+00 -2.685490e-01
      vertex  3.268542e+00 -1.131458e+00 -2.696637e-01
    endloop
  endfacet
  facet normal -1.331931e-05  5.264317e-01  8.502174e-01
    outer loop
      vertex  3.268542e+00 -1.131458e+00 -2.696637e-01
      vertex -1.504272e+01 -1.133721e+00 -2.685490e-01
      vertex -1.504272e+01 -1.180790e+00 -2.394052e-01
    endloop
  endfacet
  facet normal  1.153709e-04  4.913785e-01  8.709461e-01
    outer loop
      vertex  3.268542e+00 -1.131458e+00 -2.696637e-01
      vertex -1.504272e+01 -1.180790e+00 -2.394052e-01
      vertex  3.237121e+00 -1.162879e+00 -2.519319e-01
    endloop
  endfacet
  facet normal -4.110104e-05  8.602356e-01  5.098968e-01
    outer loop
      vertex  3.131497e+00 -1.268503e+00 -1.337940e-01
      vertex  3.153812e+00 -1.246188e+00 -1.714399e-01
      vertex -1.504272e+01 -1.255065e+00 -1.579296e-01
    endloop
  endfacet
  facet normal  8.382677e-05  7.801809e-01  6.255541e-01
    outer loop
      vertex -1.504272e+01 -1.255065e+00 -1.579296e-01
      vertex  3.153812e+00 -1.246188e+00 -1.714399e-01
      vertex  3.179122e+00 -1.220878e+00 -2.030096e-01
    endloop
  endfacet
  facet normal -6.342913e-06  7.980179e-01  6.026337e-01
    outer loop
      vertex -1.504272e+01 -1.255065e+00 -1.579296e-01
      vertex  3.179122e+00 -1.220878e+00 -2.030096e-01
      vertex -1.504272e+01 -1.221703e+00 -2.021087e-01
    endloop
  endfacet
  facet normal  4.446099e-06  6.910120e-01  7.228433e-01
    outer loop
      vertex -1.504272e+01 -1.221703e+00 -2.021087e-01
      vertex  3.179122e+00 -1.220878e+00 -2.030096e-01
      vertex  3.207127e+00 -1.192873e+00 -2.297811e-01
    endloop
  endfacet
  facet normal  5.631288e-05  6.736958e-01  7.390088e-01
    outer loop
      vertex -1.504272e+01 -1.221703e+00 -2.021087e-01
      vertex  3.207127e+00 -1.192873e+00 -2.297811e-01
      vertex -1.504272e+01 -1.180790e+00 -2.394052e-01
    endloop
  endfacet
  facet normal -8.547502e-06  9.401242e-01  3.408320e-01
    outer loop
      vertex  3.114203e+00 -1.285797e+00 -9.121388e-02
      vertex  3.122115e+00 -1.277885e+00 -1.130393e-01
      vertex -1.504272e+01 -1.279742e+00 -1.083725e-01
    endloop
  endfacet
  facet normal  1.266605e-05  9.112272e-01  4.119041e-01
    outer loop
      vertex -1.504272e+01 -1.279742e+00 -1.083725e-01
      vertex  3.122115e+00 -1.277885e+00 -1.130393e-01
      vertex  3.131497e+00 -1.268503e+00 -1.337940e-01
    endloop
  endfacet
  facet normal  6.992678e-05  8.951631e-01  4.457389e-01
    outer loop
      vertex -1.504272e+01 -1.279742e+00 -1.083725e-01
      vertex  3.131497e+00 -1.268503e+00 -1.337940e-01
      vertex -1.504272e+01 -1.255065e+00 -1.579296e-01
    endloop
  endfacet
  facet normal -1.633745e-05  9.864566e-01  1.640227e-01
    outer loop
      vertex  3.102016e+00 -1.297984e+00 -3.472223e-02
      vertex  3.106806e+00 -1.293194e+00 -6.352920e-02
      vertex -1.504272e+01 -1.294892e+00 -5.512486e-02
    endloop
  endfacet
  facet normal  2.914347e-05  9.661102e-01  2.581298e-01
    outer loop
      vertex -1.504272e+01 -1.294892e+00 -5.512486e-02
      vertex  3.106806e+00 -1.293194e+00 -6.352920e-02
      vertex  3.114203e+00 -1.285797e+00 -9.121388e-02
    endloop
  endfacet
  facet normal  6.216533e-05  9.618255e-01  2.736638e-01
    outer loop
      vertex -1.504272e+01 -1.294892e+00 -5.512486e-02
      vertex  3.114203e+00 -1.285797e+00 -9.121388e-02
      vertex -1.504272e+01 -1.279742e+00 -1.083725e-01
    endloop
  endfacet
  facet normal  0.000000e+00  9.983185e-01  5.796510e-02
    outer loop
      vertex  3.100002e+00 -1.300000e+00 -4.961677e-16
      vertex  3.102016e+00 -1.297984e+00 -3.472223e-02
      vertex -1.504272e+01 -1.300000e+00  0.000000e+00
    endloop
  endfacet
  facet normal  6.592827e-05  9.957343e-01  9.226708e-02
    outer loop
      vertex -1.504272e+01 -1.300000e+00  0.000000e+00
      vertex  3.102016e+00 -1.297984e+00 -3.472223e-02
      vertex -1.504272e+01 -1.294892e+00 -5.512486e-02
    endloop
  endfacet
  facet normal  3.861804e-05  5.264326e-01 -8.502169e-01
    outer loop
      vertex -1.504272e+01  8.662785e-01  2.685490e-01
      vertex  3.542028e+00  8.579718e-01  2.642499e-01
      vertex -1.504272e+01  8.192096e-01  2.394052e-01
    endloop
  endfacet
  facet normal -5.031138e-05  3.685552e-01 -9.296059e-01
    outer loop
      vertex  3.477662e+00  9.223385e-01  2.897724e-01
      vertex  3.542028e+00  8.579718e-01  2.642499e-01
      vertex -1.504272e+01  8.662785e-01  2.685490e-01
    endloop
  endfacet
  facet normal -2.488851e-05  3.612415e-01 -9.324723e-01
    outer loop
      vertex -1.504272e+01  8.662785e-01  2.685490e-01
      vertex -1.504272e+01  9.179011e-01  2.885477e-01
      vertex  3.477662e+00  9.223385e-01  2.897724e-01
    endloop
  endfacet
  facet normal  2.097724e-05  1.837493e-01 -9.829732e-01
    outer loop
      vertex  3.477662e+00  9.223385e-01  2.897724e-01
      vertex -1.504272e+01  9.179011e-01  2.885477e-01
      vertex -1.504272e+01  9.723195e-01  2.987202e-01
    endloop
  endfacet
  facet normal -7.590638e-05  1.489017e-01 -9.888520e-01
    outer loop
      vertex -1.504272e+01  9.723195e-01  2.987202e-01
      vertex  3.411168e+00  9.888324e-01  2.997902e-01
      vertex  3.477662e+00  9.223385e-01  2.897724e-01
    endloop
  endfacet
  facet normal  5.798036e-05  0.000000e+00 -1.000000e+00
    outer loop
      vertex  3.411168e+00  9.888324e-01  2.997902e-01
      vertex -1.504272e+01  9.723195e-01  2.987202e-01
      vertex -1.504272e+01  1.027681e+00  2.987202e-01
    endloop
  endfacet
  facet normal -9.925670e-05 -7.461502e-02 -9.972124e-01
    outer loop
      vertex -1.504272e+01  1.027681e+00  2.987202e-01
      vertex  3.344393e+00  1.055607e+00  2.948005e-01
      vertex  3.411168e+00  9.888324e-01  2.997902e-01
    endloop
  endfacet
  facet normal  6.953422e-05 -1.837495e-01 -9.829730e-01
    outer loop
      vertex -1.504272e+01  1.082099e+00  2.885477e-01
      vertex  3.344393e+00  1.055607e+00  2.948005e-01
      vertex -1.504272e+01  1.027681e+00  2.987202e-01
    endloop
  endfacet
  facet normal -1.019577e-04 -2.962042e-01 -9.551247e-01
    outer loop
      vertex  3.279091e+00  1.120909e+00  2.745560e-01
      vertex  3.344393e+00  1.055607e+00  2.948005e-01
      vertex -1.504272e+01  1.082099e+00  2.885477e-01
    endloop
  endfacet
  facet normal  5.310606e-05 -3.612414e-01 -9.324723e-01
    outer loop
      vertex -1.504272e+01  1.133721e+00  2.685490e-01
      vertex  3.279091e+00  1.120909e+00  2.745560e-01
      vertex -1.504272e+01  1.082099e+00  2.885477e-01
    endloop
  endfacet
  facet normal -5.329816e-05 -4.859725e-01 -8.739740e-01
    outer loop
      vertex  3.230602e+00  1.169399e+00  2.475964e-01
      vertex  3.279091e+00  1.120909e+00  2.745560e-01
      vertex -1.504272e+01  1.133721e+00  2.685490e-01
    endloop
  endfacet
  facet normal  5.293466e-05 -5.264317e-01 -8.502174e-01
    outer loop
      vertex -1.504272e+01  1.180790e+00  2.394052e-01
      vertex  3.230602e+00  1.169399e+00  2.475964e-01
      vertex -1.504272e+01  1.133721e+00  2.685490e-01
    endloop
  endfacet
  facet normal -5.706313e-05 -6.425155e-01 -7.662727e-01
    outer loop
      vertex  3.185749e+00  1.214251e+00  2.099913e-01
      vertex  3.230602e+00  1.169399e+00  2.475964e-01
      vertex -1.504272e+01  1.180790e+00  2.394052e-01
    endloop
  endfacet
  facet normal  4.416546e-05 -6.736957e-01 -7.390088e-01
    outer loop
      vertex -1.504272e+01  1.221703e+00  2.021087e-01
      vertex  3.185749e+00  1.214251e+00  2.099913e-01
      vertex -1.504272e+01  1.180790e+00  2.394052e-01
    endloop
  endfacet
  facet normal -1.976740e-05 -7.491047e-01 -6.624516e-01
    outer loop
      vertex  3.165381e+00  1.234619e+00  1.869598e-01
      vertex  3.185749e+00  1.214251e+00  2.099913e-01
      vertex -1.504272e+01  1.221703e+00  2.021087e-01
    endloop
  endfacet
  facet normal -5.393260e-06  9.871664e-01 -1.596949e-01
    outer loop
      vertex  3.694272e+00  7.057279e-01  5.832358e-02
      vertex  3.697669e+00  7.023311e-01  3.732620e-02
      vertex -1.504272e+01  7.051080e-01  5.512486e-02
    endloop
  endfacet
  facet normal  8.869612e-05  9.980559e-01 -6.232617e-02
    outer loop
      vertex -1.504272e+01  7.051080e-01  5.512486e-02
      vertex  3.697669e+00  7.023311e-01  3.732620e-02
      vertex  3.699998e+00  7.000000e-01  3.031929e-16
    endloop
  endfacet
  facet normal  5.789466e-18  9.957342e-01 -9.226815e-02
    outer loop
      vertex -1.504272e+01  7.051080e-01  5.512486e-02
      vertex  3.699998e+00  7.000000e-01  3.031929e-16
      vertex -1.504272e+01  7.000000e-01 -8.728394e-16
    endloop
  endfacet
  facet normal -2.763586e-05  9.446802e-01 -3.279930e-01
    outer loop
      vertex  3.675993e+00  7.240068e-01  1.175916e-01
      vertex  3.689440e+00  7.105600e-01  7.886103e-02
      vertex -1.504272e+01  7.202584e-01  1.083725e-01
    endloop
  endfacet
  facet normal  1.432117e-04  9.734273e-01 -2.289961e-01
    outer loop
      vertex -1.504272e+01  7.202584e-01  1.083725e-01
      vertex  3.689440e+00  7.105600e-01  7.886103e-02
      vertex  3.694272e+00  7.057279e-01  5.832358e-02
    endloop
  endfacet
  facet normal  1.490149e-05  9.618254e-01 -2.736638e-01
    outer loop
      vertex -1.504272e+01  7.202584e-01  1.083725e-01
      vertex  3.694272e+00  7.057279e-01  5.832358e-02
      vertex -1.504272e+01  7.051080e-01  5.512486e-02
    endloop
  endfacet
  facet normal -2.139077e-05  7.463797e-01 -6.655203e-01
    outer loop
      vertex  3.613091e+00  7.869090e-01  2.111671e-01
      vertex  3.634134e+00  7.658662e-01  1.875669e-01
      vertex -1.504272e+01  7.782973e-01  2.021087e-01
    endloop
  endfacet
  facet normal  1.008713e-04  8.204092e-01 -5.717768e-01
    outer loop
      vertex -1.504272e+01  7.782973e-01  2.021087e-01
      vertex  3.634134e+00  7.658662e-01  1.875669e-01
      vertex  3.656952e+00  7.430478e-01  1.548302e-01
    endloop
  endfacet
  facet normal -1.935512e-05  7.980174e-01 -6.026344e-01
    outer loop
      vertex -1.504272e+01  7.782973e-01  2.021087e-01
      vertex  3.656952e+00  7.430478e-01  1.548302e-01
      vertex -1.504272e+01  7.449349e-01  1.579296e-01
    endloop
  endfacet
  facet normal  1.439102e-05  8.903608e-01 -4.552555e-01
    outer loop
      vertex -1.504272e+01  7.449349e-01  1.579296e-01
      vertex  3.656952e+00  7.430478e-01  1.548302e-01
      vertex  3.675993e+00  7.240068e-01  1.175916e-01
    endloop
  endfacet
  facet normal  4.027031e-05  8.951634e-01 -4.457380e-01
    outer loop
      vertex -1.504272e+01  7.449349e-01  1.579296e-01
      vertex  3.675993e+00  7.240068e-01  1.175916e-01
      vertex -1.504272e+01  7.202584e-01  1.083725e-01
    endloop
  endfacet
  facet normal -5.100988e-05  5.568431e-01 -8.306177e-01
    outer loop
      vertex  3.542028e+00  8.579718e-01  2.642499e-01
      vertex  3.590514e+00  8.094863e-01  2.317424e-01
      vertex -1.504272e+01  8.192096e-01  2.394052e-01
    endloop
  endfacet
  facet normal  4.755730e-05  6.736032e-01 -7.390932e-01
    outer loop
      vertex -1.504272e+01  8.192096e-01  2.394052e-01
      vertex  3.590514e+00  8.094863e-01  2.317424e-01
      vertex  3.613091e+00  7.869090e-01  2.111671e-01
    endloop
  endfacet
  facet normal  4.784369e-05  6.736951e-01 -7.390093e-01
    outer loop
      vertex -1.504272e+01  8.192096e-01  2.394052e-01
      vertex  3.613091e+00  7.869090e-01  2.111671e-01
      vertex -1.504272e+01  7.782973e-01  2.021087e-01
    endloop
  endfacet
  facet normal -1.078737e-05 -9.275852e-01 -3.736115e-01
    outer loop
      vertex  3.117655e+00  1.282345e+00  1.013848e-01
      vertex  3.126154e+00  1.273846e+00  1.224844e-01
      vertex -1.504272e+01  1.279742e+00  1.083725e-01
    endloop
  endfacet
  facet normal  8.209734e-05 -8.807270e-01 -4.736243e-01
    outer loop
      vertex -1.504272e+01  1.279742e+00  1.083725e-01
      vertex  3.126154e+00  1.273846e+00  1.224844e-01
      vertex  3.146877e+00  1.253123e+00  1.610233e-01
    endloop
  endfacet
  facet normal -1.974406e-05 -8.951630e-01 -4.457389e-01
    outer loop
      vertex -1.504272e+01  1.279742e+00  1.083725e-01
      vertex  3.146877e+00  1.253123e+00  1.610233e-01
      vertex -1.504272e+01  1.255065e+00  1.579296e-01
    endloop
  endfacet
  facet normal  1.188597e-05 -8.140470e-01 -5.807990e-01
    outer loop
      vertex -1.504272e+01  1.255065e+00  1.579296e-01
      vertex  3.146877e+00  1.253123e+00  1.610233e-01
      vertex  3.165381e+00  1.234619e+00  1.869598e-01
    endloop
  endfacet
  facet normal  6.469751e-05 -7.980179e-01 -6.026337e-01
    outer loop
      vertex -1.504272e+01  1.255065e+00  1.579296e-01
      vertex  3.165381e+00  1.234619e+00  1.869598e-01
      vertex -1.504272e+01  1.221703e+00  2.021087e-01
    endloop
  endfacet
  facet normal -3.441131e-05 -9.798613e-01 -1.996792e-01
    outer loop
      vertex  3.102736e+00  1.297264e+00  4.035726e-02
      vertex  3.110676e+00  1.289324e+00  7.932031e-02
      vertex -1.504272e+01  1.294892e+00  5.512486e-02
    endloop
  endfacet
  facet normal  1.095382e-04 -9.534345e-01 -3.016002e-01
    outer loop
      vertex -1.504272e+01  1.294892e+00  5.512486e-02
      vertex  3.110676e+00  1.289324e+00  7.932031e-02
      vertex  3.117655e+00  1.282345e+00  1.013848e-01
    endloop
  endfacet
  facet normal  3.257846e-05 -9.618254e-01 -2.736638e-01
    outer loop
      vertex -1.504272e+01  1.294892e+00  5.512486e-02
      vertex  3.117655e+00  1.282345e+00  1.013848e-01
      vertex -1.504272e+01  1.279742e+00  1.083725e-01
    endloop
  endfacet
  facet normal  7.538097e-05 -9.977097e-01 -6.764071e-02
    outer loop
      vertex  3.102736e+00  1.297264e+00  4.035726e-02
      vertex -1.504272e+01  1.294892e+00  5.512486e-02
      vertex  3.100000e+00  1.300000e+00 -7.347881e-17
    endloop
  endfacet
  facet normal -6.354546e-18 -9.957343e-01 -9.226707e-02
    outer loop
      vertex  3.100000e+00  1.300000e+00 -7.347881e-17
      vertex -1.504272e+01  1.294892e+00  5.512486e-02
      vertex -1.504272e+01  1.300000e+00  1.176032e-15
    endloop
  endfacet
  facet normal -3.456386e-05 -9.777756e-01  2.096542e-01
    outer loop
      vertex  3.111775e+00  1.288225e+00 -8.322354e-02
      vertex  3.103025e+00  1.296975e+00 -4.241732e-02
      vertex -1.504272e+01  1.294892e+00 -5.512486e-02
    endloop
  endfacet
  facet normal  7.036437e-05 -9.618254e-01  2.736638e-01
    outer loop
      vertex -1.504272e+01  1.279742e+00 -1.083725e-01
      vertex  3.111775e+00  1.288225e+00 -8.322354e-02
      vertex -1.504272e+01  1.294892e+00 -5.512486e-02
    endloop
  endfacet
  facet normal -3.829394e-05 -9.388418e-01  3.443487e-01
    outer loop
      vertex -1.504272e+01  1.279742e+00 -1.083725e-01
      vertex  3.126287e+00  1.273713e+00 -1.227896e-01
      vertex  3.111775e+00  1.288225e+00 -8.322354e-02
    endloop
  endfacet
  facet normal  3.326821e-05 -6.736957e-01  7.390088e-01
    outer loop
      vertex  3.183499e+00  1.216501e+00 -2.076715e-01
      vertex -1.504272e+01  1.221703e+00 -2.021087e-01
      vertex -1.504272e+01  1.180790e+00 -2.394052e-01
    endloop
  endfacet
  facet normal -4.601917e-05 -6.510353e-01  7.590475e-01
    outer loop
      vertex -1.504272e+01  1.180790e+00 -2.394052e-01
      vertex  3.227743e+00  1.172257e+00 -2.456166e-01
      vertex  3.183499e+00  1.216501e+00 -2.076715e-01
    endloop
  endfacet
  facet normal  6.775552e-05 -3.612415e-01  9.324723e-01
    outer loop
      vertex -1.504272e+01  1.082099e+00 -2.885477e-01
      vertex  3.296042e+00  1.103958e+00 -2.814119e-01
      vertex -1.504272e+01  1.133721e+00 -2.685490e-01
    endloop
  endfacet
  facet normal -1.063710e-04 -2.285622e-01  9.735293e-01
    outer loop
      vertex  3.367924e+00  1.032076e+00 -2.982803e-01
      vertex  3.296042e+00  1.103958e+00 -2.814119e-01
      vertex -1.504272e+01  1.082099e+00 -2.885477e-01
    endloop
  endfacet
  facet normal  2.038004e-05 -1.837495e-01  9.829731e-01
    outer loop
      vertex -1.504272e+01  1.027681e+00 -2.987202e-01
      vertex  3.367924e+00  1.032076e+00 -2.982803e-01
      vertex -1.504272e+01  1.082099e+00 -2.885477e-01
    endloop
  endfacet
  facet normal  3.958014e-05 -9.943136e-01  1.064915e-01
    outer loop
      vertex  3.103025e+00  1.296975e+00 -4.241732e-02
      vertex  3.100759e+00  1.299241e+00 -2.125720e-02
      vertex -1.504272e+01  1.294892e+00 -5.512486e-02
    endloop
  endfacet
  facet normal  1.729961e-04 -9.993638e-01  3.566685e-02
    outer loop
      vertex -1.504272e+01  1.294892e+00 -5.512486e-02
      vertex  3.100759e+00  1.299241e+00 -2.125720e-02
      vertex  3.100000e+00  1.300000e+00 -7.347881e-17
    endloop
  endfacet
  facet normal  6.354546e-18 -9.957343e-01  9.226707e-02
    outer loop
      vertex -1.504272e+01  1.294892e+00 -5.512486e-02
      vertex  3.100000e+00  1.300000e+00 -7.347881e-17
      vertex -1.504272e+01  1.300000e+00  1.176032e-15
    endloop
  endfacet
  facet normal -1.607760e-05 -7.561316e-01  6.544197e-01
    outer loop
      vertex  3.183499e+00  1.216501e+00 -2.076715e-01
      vertex  3.163437e+00  1.236563e+00 -1.844918e-01
      vertex -1.504272e+01  1.221703e+00 -2.021087e-01
    endloop
  endfacet
  facet normal  1.153702e-04 -8.199626e-01  5.724173e-01
    outer loop
      vertex -1.504272e+01  1.221703e+00 -2.021087e-01
      vertex  3.163437e+00  1.236563e+00 -1.844918e-01
      vertex  3.145240e+00  1.254760e+00 -1.584211e-01
    endloop
  endfacet
  facet normal  2.904721e-06 -7.980180e-01  6.026337e-01
    outer loop
      vertex -1.504272e+01  1.221703e+00 -2.021087e-01
      vertex  3.145240e+00  1.254760e+00 -1.584211e-01
      vertex -1.504272e+01  1.255065e+00 -1.579296e-01
    endloop
  endfacet
  facet normal -2.112712e-06 -8.828772e-01  4.696040e-01
    outer loop
      vertex -1.504272e+01  1.255065e+00 -1.579296e-01
      vertex  3.145240e+00  1.254760e+00 -1.584211e-01
      vertex  3.126287e+00  1.273713e+00 -1.227896e-01
    endloop
  endfacet
  facet normal  5.665328e-05 -8.951630e-01  4.457389e-01
    outer loop
      vertex -1.504272e+01  1.255065e+00 -1.579296e-01
      vertex  3.126287e+00  1.273713e+00 -1.227896e-01
      vertex -1.504272e+01  1.279742e+00 -1.083725e-01
    endloop
  endfacet
  facet normal -1.668558e-05 -4.053558e-01  9.141590e-01
    outer loop
      vertex  3.296042e+00  1.103958e+00 -2.814119e-01
      vertex  3.261242e+00  1.138758e+00 -2.659818e-01
      vertex -1.504272e+01  1.133721e+00 -2.685490e-01
    endloop
  endfacet
  facet normal  2.307354e-05 -5.194505e-01  8.545005e-01
    outer loop
      vertex -1.504272e+01  1.133721e+00 -2.685490e-01
      vertex  3.261242e+00  1.138758e+00 -2.659818e-01
      vertex  3.227743e+00  1.172257e+00 -2.456166e-01
    endloop
  endfacet
  facet normal  4.317411e-05 -5.264317e-01  8.502174e-01
    outer loop
      vertex -1.504272e+01  1.133721e+00 -2.685490e-01
      vertex  3.227743e+00  1.172257e+00 -2.456166e-01
      vertex -1.504272e+01  1.180790e+00 -2.394052e-01
    endloop
  endfacet
  facet normal -2.428309e-05  4.518216e-01  8.921083e-01
    outer loop
      vertex  3.550124e+00  8.498755e-01 -2.597354e-01
      vertex  3.520576e+00  8.794245e-01 -2.747017e-01
      vertex -1.504272e+01  8.662785e-01 -2.685490e-01
    endloop
  endfacet
  facet normal  7.377353e-05  3.365515e-01  9.416651e-01
    outer loop
      vertex -1.504272e+01  8.662785e-01 -2.685490e-01
      vertex  3.520576e+00  8.794245e-01 -2.747017e-01
      vertex  3.480814e+00  9.191862e-01 -2.889094e-01
    endloop
  endfacet
  facet normal -6.851268e-06  3.612414e-01  9.324723e-01
    outer loop
      vertex -1.504272e+01  8.662785e-01 -2.685490e-01
      vertex  3.480814e+00  9.191862e-01 -2.889094e-01
      vertex -1.504272e+01  9.179011e-01 -2.885477e-01
    endloop
  endfacet
  facet normal  5.093657e-06  2.022541e-01  9.793330e-01
    outer loop
      vertex -1.504272e+01  9.179011e-01 -2.885477e-01
      vertex  3.480814e+00  9.191862e-01 -2.889094e-01
      vertex  3.440237e+00  9.597635e-01 -2.972893e-01
    endloop
  endfacet
  facet normal  4.872727e-05  1.837493e-01  9.829732e-01
    outer loop
      vertex -1.504272e+01  9.179011e-01 -2.885477e-01
      vertex  3.440237e+00  9.597635e-01 -2.972893e-01
      vertex -1.504272e+01  9.723195e-01 -2.987202e-01
    endloop
  endfacet
  facet normal -6.814807e-05  1.363395e-02  9.999070e-01
    outer loop
      vertex -1.504272e+01  9.723195e-01 -2.987202e-01
      vertex  3.440237e+00  9.597635e-01 -2.972893e-01
      vertex  3.367924e+00  1.032076e+00 -2.982803e-01
    endloop
  endfacet
  facet normal -2.389768e-05  0.000000e+00  1.000000e+00
    outer loop
      vertex -1.504272e+01  9.723195e-01 -2.987202e-01
      vertex  3.367924e+00  1.032076e+00 -2.982803e-01
      vertex -1.504272e+01  1.027681e+00 -2.987202e-01
    endloop
  endfacet
  facet normal  1.693804e-06  8.219632e-01  5.695407e-01
    outer loop
      vertex  3.654734e+00  7.452656e-01 -1.584626e-01
      vertex  3.637854e+00  7.621464e-01 -1.828249e-01
      vertex -1.504272e+01  7.449349e-01 -1.579296e-01
    endloop
  endfacet
  facet normal  1.585951e-04  7.629406e-01  6.464685e-01
    outer loop
      vertex -1.504272e+01  7.449349e-01 -1.579296e-01
      vertex  3.637854e+00  7.621464e-01 -1.828249e-01
      vertex  3.619333e+00  7.806675e-01 -2.046784e-01
    endloop
  endfacet
  facet normal -1.837253e-05  7.980174e-01  6.026344e-01
    outer loop
      vertex -1.504272e+01  7.449349e-01 -1.579296e-01
      vertex  3.619333e+00  7.806675e-01 -2.046784e-01
      vertex -1.504272e+01  7.782973e-01 -2.021087e-01
    endloop
  endfacet
  facet normal  1.813505e-05  6.659738e-01  7.459752e-01
    outer loop
      vertex -1.504272e+01  7.782973e-01 -2.021087e-01
      vertex  3.619333e+00  7.806675e-01 -2.046784e-01
      vertex  3.578586e+00  8.214137e-01 -2.410538e-01
    endloop
  endfacet
  facet normal -1.431203e-05  6.736952e-01  7.390093e-01
    outer loop
      vertex -1.504272e+01  7.782973e-01 -2.021087e-01
      vertex  3.578586e+00  8.214137e-01 -2.410538e-01
      vertex -1.504272e+01  8.192096e-01 -2.394052e-01
    endloop
  endfacet
  facet normal  9.065329e-06  5.487347e-01  8.359965e-01
    outer loop
      vertex -1.504272e+01  8.192096e-01 -2.394052e-01
      vertex  3.578586e+00  8.214137e-01 -2.410538e-01
      vertex  3.550124e+00  8.498755e-01 -2.597354e-01
    endloop
  endfacet
  facet normal  6.139811e-05  5.264326e-01  8.502169e-01
    outer loop
      vertex -1.504272e+01  8.192096e-01 -2.394052e-01
      vertex  3.550124e+00  8.498755e-01 -2.597354e-01
      vertex -1.504272e+01  8.662785e-01 -2.685490e-01
    endloop
  endfacet
  facet normal -1.195325e-05  9.316077e-01  3.634657e-01
    outer loop
      vertex  3.683453e+00  7.165471e-01 -9.824433e-02
      vertex  3.675148e+00  7.248516e-01 -1.195300e-01
      vertex -1.504272e+01  7.202584e-01 -1.083725e-01
    endloop
  endfacet
  facet normal  5.946199e-05  8.856503e-01  4.643527e-01
    outer loop
      vertex -1.504272e+01  7.202584e-01 -1.083725e-01
      vertex  3.675148e+00  7.248516e-01 -1.195300e-01
      vertex  3.654734e+00  7.452656e-01 -1.584626e-01
    endloop
  endfacet
  facet normal -3.129851e-06  8.951635e-01  4.457380e-01
    outer loop
      vertex -1.504272e+01  7.202584e-01 -1.083725e-01
      vertex  3.654734e+00  7.452656e-01 -1.584626e-01
      vertex -1.504272e+01  7.449349e-01 -1.579296e-01
    endloop
  endfacet
  facet normal -1.385862e-05  9.783714e-01  2.068559e-01
    outer loop
      vertex  3.696132e+00  7.038679e-01 -4.800364e-02
      vertex  3.690210e+00  7.097901e-01 -7.601469e-02
      vertex -1.504272e+01  7.051080e-01 -5.512486e-02
    endloop
  endfacet
  facet normal  8.514895e-05  9.567832e-01  2.908022e-01
    outer loop
      vertex -1.504272e+01  7.051080e-01 -5.512486e-02
      vertex  3.690210e+00  7.097901e-01 -7.601469e-02
      vertex  3.683453e+00  7.165471e-01 -9.824433e-02
    endloop
  endfacet
  facet normal  4.260538e-05  9.618254e-01  2.736638e-01
    outer loop
      vertex -1.504272e+01  7.051080e-01 -5.512486e-02
      vertex  3.683453e+00  7.165471e-01 -9.824433e-02
      vertex -1.504272e+01  7.202584e-01 -1.083725e-01
    endloop
  endfacet
  facet normal  2.316292e-05  9.936963e-01  1.121058e-01
    outer loop
      vertex  3.696132e+00  7.038679e-01 -4.800364e-02
      vertex -1.504272e+01  7.051080e-01 -5.512486e-02
      vertex  3.699389e+00  7.006108e-01 -1.913423e-02
    endloop
  endfacet
  facet normal  6.174638e-05  9.957342e-01  9.226815e-02
    outer loop
      vertex  3.699389e+00  7.006108e-01 -1.913423e-02
      vertex -1.504272e+01  7.051080e-01 -5.512486e-02
      vertex -1.504272e+01  7.000000e-01 -8.728394e-16
    endloop
  endfacet
  facet normal -2.002044e-18  9.994909e-01  3.190708e-02
    outer loop
      vertex  3.699389e+00  7.006108e-01 -1.913423e-02
      vertex -1.504272e+01  7.000000e-01 -8.728394e-16
      vertex  3.699998e+00  7.000000e-01  3.031929e-16
    endloop
  endfacet
  facet normal  2.772491e-05  8.502169e-01  5.264326e-01
    outer loop
      vertex -1.504272e+01 -2.685490e-01  8.662785e-01
      vertex  3.539329e+00 -2.656830e-01  8.606710e-01
      vertex -1.504272e+01 -2.394052e-01  8.192096e-01
    endloop
  endfacet
  facet normal -3.563095e-05  9.333485e-01  3.589719e-01
    outer loop
      vertex  3.474638e+00 -2.905658e-01  9.253615e-01
      vertex  3.539329e+00 -2.656830e-01  8.606710e-01
      vertex -1.504272e+01 -2.685490e-01  8.662785e-01
    endloop
  endfacet
  facet normal -4.391409e-05  9.324723e-01  3.612415e-01
    outer loop
      vertex -1.504272e+01 -2.685490e-01  8.662785e-01
      vertex -1.504272e+01 -2.885477e-01  9.179011e-01
      vertex  3.474638e+00 -2.905658e-01  9.253615e-01
    endloop
  endfacet
  facet normal  3.309852e-05  9.829732e-01  1.837493e-01
    outer loop
      vertex  3.474638e+00 -2.905658e-01  9.253615e-01
      vertex -1.504272e+01 -2.885477e-01  9.179011e-01
      vertex -1.504272e+01 -2.987202e-01  9.723195e-01
    endloop
  endfacet
  facet normal -8.529630e-05  9.903836e-01  1.383485e-01
    outer loop
      vertex -1.504272e+01 -2.987202e-01  9.723195e-01
      vertex  3.407903e+00 -2.998940e-01  9.920972e-01
      vertex  3.474638e+00 -2.905658e-01  9.253615e-01
    endloop
  endfacet
  facet normal  6.361491e-05  1.000000e+00  -0.000000e+00
    outer loop
      vertex  3.407903e+00 -2.998940e-01  9.920972e-01
      vertex -1.504272e+01 -2.987202e-01  9.723195e-01
      vertex -1.504272e+01 -2.987202e-01  1.027681e+00
    endloop
  endfacet
  facet normal -1.021732e-04  9.963087e-01 -8.584249e-02
    outer loop
      vertex -1.504272e+01 -2.987202e-01  1.027681e+00
      vertex  3.340967e+00 -2.941336e-01  1.059033e+00
      vertex  3.407903e+00 -2.998940e-01  9.920972e-01
    endloop
  endfacet
  facet normal  6.812856e-05  9.829732e-01 -1.837495e-01
    outer loop
      vertex -1.504272e+01 -2.885477e-01  1.082099e+00
      vertex  3.340967e+00 -2.941336e-01  1.059033e+00
      vertex -1.504272e+01 -2.987202e-01  1.027681e+00
    endloop
  endfacet
  facet normal -9.709784e-05  9.514506e-01 -3.078014e-01
    outer loop
      vertex  3.275611e+00 -2.729971e-01  1.124389e+00
      vertex  3.340967e+00 -2.941336e-01  1.059033e+00
      vertex -1.504272e+01 -2.885477e-01  1.082099e+00
    endloop
  endfacet
  facet normal  4.238542e-05  9.324723e-01 -3.612415e-01
    outer loop
      vertex -1.504272e+01 -2.685490e-01  1.133721e+00
      vertex  3.275611e+00 -2.729971e-01  1.124389e+00
      vertex -1.504272e+01 -2.885477e-01  1.082099e+00
    endloop
  endfacet
  facet normal -4.329152e-05  8.670468e-01 -4.982267e-01
    outer loop
      vertex  3.226794e+00 -2.449483e-01  1.173205e+00
      vertex  3.275611e+00 -2.729971e-01  1.124389e+00
      vertex -1.504272e+01 -2.685490e-01  1.133721e+00
    endloop
  endfacet
  facet normal  3.940534e-05  8.502174e-01 -5.264317e-01
    outer loop
      vertex -1.504272e+01 -2.394052e-01  1.180790e+00
      vertex  3.226794e+00 -2.449483e-01  1.173205e+00
      vertex -1.504272e+01 -2.685490e-01  1.133721e+00
    endloop
  endfacet
  facet normal -1.247173e-05  6.475638e-01 -7.620112e-01
    outer loop
      vertex  3.161571e+00 -1.820760e-01  1.238429e+00
      vertex  3.181846e+00 -2.059336e-01  1.218154e+00
      vertex -1.504272e+01 -2.021087e-01  1.221703e+00
    endloop
  endfacet
  facet normal -8.645344e-06  1.702369e-01  9.854032e-01
    outer loop
      vertex  3.693633e+00 -6.146045e-02  7.063670e-01
      vertex  3.697252e+00 -4.051188e-02  7.027479e-01
      vertex -1.504272e+01 -5.512486e-02  7.051080e-01
    endloop
  endfacet
  facet normal  7.288324e-05  6.767037e-02  9.977078e-01
    outer loop
      vertex -1.504272e+01 -5.512486e-02  7.051080e-01
      vertex  3.697252e+00 -4.051188e-02  7.027479e-01
      vertex  3.699999e+00 -5.510911e-17  7.000000e-01
    endloop
  endfacet
  facet normal  8.412902e-18  9.226815e-02  9.957342e-01
    outer loop
      vertex -1.504272e+01 -5.512486e-02  7.051080e-01
      vertex  3.699999e+00 -5.510911e-17  7.000000e-01
      vertex -1.504272e+01  1.653830e-15  7.000000e-01
    endloop
  endfacet
  facet normal -3.255832e-05  3.378637e-01  9.411950e-01
    outer loop
      vertex  3.674763e+00 -1.204381e-01  7.252371e-01
      vertex  3.688589e+00 -8.192067e-02  7.114108e-01
      vertex -1.504272e+01 -1.083725e-01  7.202584e-01
    endloop
  endfacet
  facet normal  1.206423e-04  2.393267e-01  9.709390e-01
    outer loop
      vertex -1.504272e+01 -1.083725e-01  7.202584e-01
      vertex  3.688589e+00 -8.192067e-02  7.114108e-01
      vertex  3.693633e+00 -6.146045e-02  7.063670e-01
    endloop
  endfacet
  facet normal  2.791206e-05  2.736638e-01  9.618255e-01
    outer loop
      vertex -1.504272e+01 -1.083725e-01  7.202584e-01
      vertex  3.693633e+00 -6.146045e-02  7.063670e-01
      vertex -1.504272e+01 -5.512486e-02  7.051080e-01
    endloop
  endfacet
  facet normal -2.234370e-05  6.730585e-01  7.395893e-01
    outer loop
      vertex  3.610942e+00 -2.133140e-01  7.890581e-01
      vertex  3.632215e+00 -1.899370e-01  7.677847e-01
      vertex -1.504272e+01 -2.021087e-01  7.782973e-01
    endloop
  endfacet
  facet normal  8.040087e-05  5.801354e-01  8.145201e-01
    outer loop
      vertex -1.504272e+01 -2.021087e-01  7.782973e-01
      vertex  3.632215e+00 -1.899370e-01  7.677847e-01
      vertex  3.655350e+00 -1.574580e-01  7.446495e-01
    endloop
  endfacet
  facet normal -3.023210e-06  6.026344e-01  7.980174e-01
    outer loop
      vertex -1.504272e+01 -2.021087e-01  7.782973e-01
      vertex  3.655350e+00 -1.574580e-01  7.446495e-01
      vertex -1.504272e+01 -1.579296e-01  7.449349e-01
    endloop
  endfacet
  facet normal  1.800397e-06  4.644020e-01  8.856245e-01
    outer loop
      vertex -1.504272e+01 -1.579296e-01  7.449349e-01
      vertex  3.655350e+00 -1.574580e-01  7.446495e-01
      vertex  3.674763e+00 -1.204381e-01  7.252371e-01
    endloop
  endfacet
  facet normal  4.922334e-05  4.457380e-01  8.951635e-01
    outer loop
      vertex -1.504272e+01 -1.579296e-01  7.449349e-01
      vertex  3.674763e+00 -1.204381e-01  7.252371e-01
      vertex -1.504272e+01 -1.083725e-01  7.202584e-01
    endloop
  endfacet
  facet normal -4.105808e-05  8.362225e-01  5.483902e-01
    outer loop
      vertex  3.539329e+00 -2.656830e-01  8.606710e-01
      vertex  3.588160e+00 -2.336572e-01  8.118397e-01
      vertex -1.504272e+01 -2.394052e-01  8.192096e-01
    endloop
  endfacet
  facet normal  3.337030e-05  7.458791e-01  6.660815e-01
    outer loop
      vertex -1.504272e+01 -2.394052e-01  8.192096e-01
      vertex  3.588160e+00 -2.336572e-01  8.118397e-01
      vertex  3.610942e+00 -2.133140e-01  7.890581e-01
    endloop
  endfacet
  facet normal  5.528575e-05  7.390092e-01  6.736952e-01
    outer loop
      vertex -1.504272e+01 -2.394052e-01  8.192096e-01
      vertex  3.610942e+00 -2.133140e-01  7.890581e-01
      vertex -1.504272e+01 -2.021087e-01  7.782973e-01
    endloop
  endfacet
  facet normal -1.711913e-05  7.872855e-01 -6.165888e-01
    outer loop
      vertex  3.226794e+00 -2.449483e-01  1.173205e+00
      vertex -1.504272e+01 -2.394052e-01  1.180790e+00
      vertex  3.203703e+00 -2.268641e-01  1.196297e+00
    endloop
  endfacet
  facet normal  6.459366e-05  7.390088e-01 -6.736957e-01
    outer loop
      vertex  3.203703e+00 -2.268641e-01  1.196297e+00
      vertex -1.504272e+01 -2.394052e-01  1.180790e+00
      vertex -1.504272e+01 -2.021087e-01  1.221703e+00
    endloop
  endfacet
  facet normal  1.691205e-05  7.222605e-01 -6.916211e-01
    outer loop
      vertex  3.203703e+00 -2.268641e-01  1.196297e+00
      vertex -1.504272e+01 -2.021087e-01  1.221703e+00
      vertex  3.181846e+00 -2.059336e-01  1.218154e+00
    endloop
  endfacet
  facet normal -1.152116e-05  3.524149e-01 -9.358439e-01
    outer loop
      vertex  3.115422e+00 -9.493436e-02  1.284579e+00
      vertex  3.123437e+00 -1.162188e-01  1.276563e+00
      vertex -1.504272e+01 -1.083725e-01  1.279742e+00
    endloop
  endfacet
  facet normal  3.992439e-05  4.534692e-01 -8.912719e-01
    outer loop
      vertex -1.504272e+01 -1.083725e-01  1.279742e+00
      vertex  3.123437e+00 -1.162188e-01  1.276563e+00
      vertex  3.143291e+00 -1.552437e-01  1.256709e+00
    endloop
  endfacet
  facet normal  1.507255e-05  4.457389e-01 -8.951631e-01
    outer loop
      vertex -1.504272e+01 -1.083725e-01  1.279742e+00
      vertex  3.143291e+00 -1.552437e-01  1.256709e+00
      vertex -1.504272e+01 -1.579296e-01  1.255065e+00
    endloop
  endfacet
  facet normal -8.460689e-06  5.630234e-01 -8.264410e-01
    outer loop
      vertex -1.504272e+01 -1.579296e-01  1.255065e+00
      vertex  3.143291e+00 -1.552437e-01  1.256709e+00
      vertex  3.161571e+00 -1.820760e-01  1.238429e+00
    endloop
  endfacet
  facet normal  7.005379e-05  6.026337e-01 -7.980180e-01
    outer loop
      vertex -1.504272e+01 -1.579296e-01  1.255065e+00
      vertex  3.161571e+00 -1.820760e-01  1.238429e+00
      vertex -1.504272e+01 -2.021087e-01  1.221703e+00
    endloop
  endfacet
  facet normal -3.069960e-05  1.829232e-01 -9.831272e-01
    outer loop
      vertex  3.102286e+00 -3.690990e-02  1.297714e+00
      vertex  3.108953e+00 -7.274538e-02  1.291047e+00
      vertex -1.504272e+01 -5.512486e-02  1.294892e+00
    endloop
  endfacet
  facet normal  6.830142e-05  2.798697e-01 -9.600379e-01
    outer loop
      vertex -1.504272e+01 -5.512486e-02  1.294892e+00
      vertex  3.108953e+00 -7.274538e-02  1.291047e+00
      vertex  3.115422e+00 -9.493436e-02  1.284579e+00
    endloop
  endfacet
  facet normal  5.368043e-05  2.736638e-01 -9.618254e-01
    outer loop
      vertex -1.504272e+01 -5.512486e-02  1.294892e+00
      vertex  3.115422e+00 -9.493436e-02  1.284579e+00
      vertex -1.504272e+01 -1.083725e-01  1.279742e+00
    endloop
  endfacet
  facet normal  0.000000e+00  6.180216e-02 -9.980885e-01
    outer loop
      vertex  3.100000e+00  9.184851e-17  1.300000e+00
      vertex  3.102286e+00 -3.690990e-02  1.297714e+00
      vertex -1.504272e+01 -1.617091e-15  1.300000e+00
    endloop
  endfacet
  facet normal  6.226714e-05  9.226708e-02 -9.957343e-01
    outer loop
      vertex -1.504272e+01 -1.617091e-15  1.300000e+00
      vertex  3.102286e+00 -3.690990e-02  1.297714e+00
      vertex -1.504272e+01 -5.512486e-02  1.294892e+00
    endloop
  endfacet
  facet normal -3.456386e-05 -2.096542e-01 -9.777756e-01
    outer loop
      vertex  3.111775e+00  8.322354e-02  1.288225e+00
      vertex  3.103025e+00  4.241732e-02  1.296975e+00
      vertex -1.504272e+01  5.512486e-02  1.294892e+00
    endloop
  endfacet
  facet normal  7.036437e-05 -2.736638e-01 -9.618254e-01
    outer loop
      vertex -1.504272e+01  1.083725e-01  1.279742e+00
      vertex  3.111775e+00  8.322354e-02  1.288225e+00
      vertex -1.504272e+01  5.512486e-02  1.294892e+00
    endloop
  endfacet
  facet normal -3.829394e-05 -3.443487e-01 -9.388418e-01
    outer loop
      vertex -1.504272e+01  1.083725e-01  1.279742e+00
      vertex  3.126287e+00  1.227896e-01  1.273713e+00
      vertex  3.111775e+00  8.322354e-02  1.288225e+00
    endloop
  endfacet
  facet normal  3.326821e-05 -7.390088e-01 -6.736957e-01
    outer loop
      vertex  3.183499e+00  2.076715e-01  1.216501e+00
      vertex -1.504272e+01  2.021087e-01  1.221703e+00
      vertex -1.504272e+01  2.394052e-01  1.180790e+00
    endloop
  endfacet
  facet normal -4.601917e-05 -7.590475e-01 -6.510353e-01
    outer loop
      vertex -1.504272e+01  2.394052e-01  1.180790e+00
      vertex  3.227743e+00  2.456166e-01  1.172257e+00
      vertex  3.183499e+00  2.076715e-01  1.216501e+00
    endloop
  endfacet
  facet normal  6.804085e-05 -9.324722e-01 -3.612414e-01
    outer loop
      vertex -1.504272e+01  2.885477e-01  1.082099e+00
      vertex  3.287524e+00  2.781172e-01  1.112476e+00
      vertex -1.504272e+01  2.685490e-01  1.133721e+00
    endloop
  endfacet
  facet normal -2.959609e-05 -9.511474e-01 -3.087372e-01
    outer loop
      vertex -1.504272e+01  2.885477e-01  1.082099e+00
      vertex  3.327710e+00  2.911601e-01  1.072290e+00
      vertex  3.287524e+00  2.781172e-01  1.112476e+00
    endloop
  endfacet
  facet normal  3.958014e-05 -1.064915e-01 -9.943136e-01
    outer loop
      vertex  3.103025e+00  4.241732e-02  1.296975e+00
      vertex  3.100759e+00  2.125720e-02  1.299241e+00
      vertex -1.504272e+01  5.512486e-02  1.294892e+00
    endloop
  endfacet
  facet normal  1.729961e-04 -3.566685e-02 -9.993638e-01
    outer loop
      vertex -1.504272e+01  5.512486e-02  1.294892e+00
      vertex  3.100759e+00  2.125720e-02  1.299241e+00
      vertex  3.100000e+00  9.184851e-17  1.300000e+00
    endloop
  endfacet
  facet normal  8.691025e-18 -9.226707e-02 -9.957343e-01
    outer loop
      vertex -1.504272e+01  5.512486e-02  1.294892e+00
      vertex  3.100000e+00  9.184851e-17  1.300000e+00
      vertex -1.504272e+01 -1.617091e-15  1.300000e+00
    endloop
  endfacet
  facet normal -1.607760e-05 -6.544197e-01 -7.561316e-01
    outer loop
      vertex  3.183499e+00  2.076715e-01  1.216501e+00
      vertex  3.163437e+00  1.844918e-01  1.236563e+00
      vertex -1.504272e+01  2.021087e-01  1.221703e+00
    endloop
  endfacet
  facet normal  1.153702e-04 -5.724173e-01 -8.199626e-01
    outer loop
      vertex -1.504272e+01  2.021087e-01  1.221703e+00
      vertex  3.163437e+00  1.844918e-01  1.236563e+00
      vertex  3.145240e+00  1.584211e-01  1.254760e+00
    endloop
  endfacet
  facet normal  2.904721e-06 -6.026337e-01 -7.980180e-01
    outer loop
      vertex -1.504272e+01  2.021087e-01  1.221703e+00
      vertex  3.145240e+00  1.584211e-01  1.254760e+00
      vertex -1.504272e+01  1.579296e-01  1.255065e+00
    endloop
  endfacet
  facet normal -2.112712e-06 -4.696040e-01 -8.828772e-01
    outer loop
      vertex -1.504272e+01  1.579296e-01  1.255065e+00
      vertex  3.145240e+00  1.584211e-01  1.254760e+00
      vertex  3.126287e+00  1.227896e-01  1.273713e+00
    endloop
  endfacet
  facet normal  5.665328e-05 -4.457389e-01 -8.951630e-01
    outer loop
      vertex -1.504272e+01  1.579296e-01  1.255065e+00
      vertex  3.126287e+00  1.227896e-01  1.273713e+00
      vertex -1.504272e+01  1.083725e-01  1.279742e+00
    endloop
  endfacet
  facet normal -2.191924e-05 -9.045835e-01 -4.262967e-01
    outer loop
      vertex  3.287524e+00  2.781172e-01  1.112476e+00
      vertex  3.257110e+00  2.637847e-01  1.142890e+00
      vertex -1.504272e+01  2.685490e-01  1.133721e+00
    endloop
  endfacet
  facet normal  4.217647e-05 -8.504314e-01 -5.260860e-01
    outer loop
      vertex -1.504272e+01  2.685490e-01  1.133721e+00
      vertex  3.257110e+00  2.637847e-01  1.142890e+00
      vertex  3.227743e+00  2.456166e-01  1.172257e+00
    endloop
  endfacet
  facet normal  4.317411e-05 -8.502174e-01 -5.264317e-01
    outer loop
      vertex -1.504272e+01  2.685490e-01  1.133721e+00
      vertex  3.227743e+00  2.456166e-01  1.172257e+00
      vertex -1.504272e+01  2.394052e-01  1.180790e+00
    endloop
  endfacet
  facet normal -2.435064e-05 -8.901567e-01  4.556544e-01
    outer loop
      vertex  3.551439e+00  2.589709e-01  8.485606e-01
      vertex  3.521546e+00  2.742737e-01  8.784543e-01
      vertex -1.504272e+01  2.685490e-01  8.662785e-01
    endloop
  endfacet
  facet normal  6.709682e-05 -9.404684e-01  3.398810e-01
    outer loop
      vertex -1.504272e+01  2.685490e-01  8.662785e-01
      vertex  3.521546e+00  2.742737e-01  8.784543e-01
      vertex  3.481840e+00  2.886204e-01  9.181601e-01
    endloop
  endfacet
  facet normal -1.391095e-06 -9.324723e-01  3.612415e-01
    outer loop
      vertex -1.504272e+01  2.685490e-01  8.662785e-01
      vertex  3.481840e+00  2.886204e-01  9.181601e-01
      vertex -1.504272e+01  2.885477e-01  9.179011e-01
    endloop
  endfacet
  facet normal  9.642713e-07 -9.786036e-01  2.057547e-01
    outer loop
      vertex -1.504272e+01  2.885477e-01  9.179011e-01
      vertex  3.481840e+00  2.886204e-01  9.181601e-01
      vertex  3.441308e+00  2.971424e-01  9.586923e-01
    endloop
  endfacet
  facet normal  5.155834e-05 -9.829732e-01  1.837493e-01
    outer loop
      vertex -1.504272e+01  2.885477e-01  9.179011e-01
      vertex  3.441308e+00  2.971424e-01  9.586923e-01
      vertex -1.504272e+01  2.987202e-01  9.723195e-01
    endloop
  endfacet
  facet normal -7.310974e-05 -9.998621e-01  1.660456e-02
    outer loop
      vertex -1.504272e+01  2.987202e-01  9.723195e-01
      vertex  3.441308e+00  2.971424e-01  9.586923e-01
      vertex  3.368624e+00  2.983547e-01  1.031376e+00
    endloop
  endfacet
  facet normal -1.985166e-05 -1.000000e+00  0.000000e+00
    outer loop
      vertex -1.504272e+01  2.987202e-01  9.723195e-01
      vertex  3.368624e+00  2.983547e-01  1.031376e+00
      vertex -1.504272e+01  2.987202e-01  1.027681e+00
    endloop
  endfacet
  facet normal  1.520568e-05 -9.848908e-01 -1.731765e-01
    outer loop
      vertex -1.504272e+01  2.987202e-01  1.027681e+00
      vertex  3.368624e+00  2.983547e-01  1.031376e+00
      vertex  3.327710e+00  2.911601e-01  1.072290e+00
    endloop
  endfacet
  facet normal  4.166941e-05 -9.829731e-01 -1.837495e-01
    outer loop
      vertex -1.504272e+01  2.987202e-01  1.027681e+00
      vertex  3.327710e+00  2.911601e-01  1.072290e+00
      vertex -1.504272e+01  2.885477e-01  1.082099e+00
    endloop
  endfacet
  facet normal -6.514962e-06 -5.609674e-01  8.278379e-01
    outer loop
      vertex  3.656461e+00  1.556519e-01  7.435386e-01
      vertex  3.639634e+00  1.804844e-01  7.603657e-01
      vertex -1.504272e+01  1.579296e-01  7.449349e-01
    endloop
  endfacet
  facet normal  1.368658e-04 -6.393945e-01  7.688789e-01
    outer loop
      vertex -1.504272e+01  1.579296e-01  7.449349e-01
      vertex  3.639634e+00  1.804844e-01  7.603657e-01
      vertex  3.621104e+00  2.027640e-01  7.788965e-01
    endloop
  endfacet
  facet normal -4.461790e-06 -6.026344e-01  7.980174e-01
    outer loop
      vertex -1.504272e+01  1.579296e-01  7.449349e-01
      vertex  3.621104e+00  2.027640e-01  7.788965e-01
      vertex -1.504272e+01  2.021087e-01  7.782973e-01
    endloop
  endfacet
  facet normal  4.445866e-06 -7.408283e-01  6.716945e-01
    outer loop
      vertex -1.504272e+01  2.021087e-01  7.782973e-01
      vertex  3.621104e+00  2.027640e-01  7.788965e-01
      vertex  3.580202e+00  2.398486e-01  8.197984e-01
    endloop
  endfacet
  facet normal -3.698857e-06 -7.390093e-01  6.736953e-01
    outer loop
      vertex -1.504272e+01  2.021087e-01  7.782973e-01
      vertex  3.580202e+00  2.398486e-01  8.197984e-01
      vertex -1.504272e+01  2.394052e-01  8.192096e-01
    endloop
  endfacet
  facet normal  2.328447e-06 -8.327512e-01  5.536474e-01
    outer loop
      vertex -1.504272e+01  2.394052e-01  8.192096e-01
      vertex  3.580202e+00  2.398486e-01  8.197984e-01
      vertex  3.551439e+00  2.589709e-01  8.485606e-01
    endloop
  endfacet
  facet normal  6.366541e-05 -8.502169e-01  5.264326e-01
    outer loop
      vertex -1.504272e+01  2.394052e-01  8.192096e-01
      vertex  3.551439e+00  2.589709e-01  8.485606e-01
      vertex -1.504272e+01  2.685490e-01  8.662785e-01
    endloop
  endfacet
  facet normal -1.140428e-05 -3.531339e-01  9.355727e-01
    outer loop
      vertex  3.684523e+00  9.509993e-02  7.154769e-01
      vertex  3.676454e+00  1.164780e-01  7.235460e-01
      vertex -1.504272e+01  1.083725e-01  7.202584e-01
    endloop
  endfacet
  facet normal  4.039189e-05 -4.545604e-01  8.907160e-01
    outer loop
      vertex -1.504272e+01  1.083725e-01  7.202584e-01
      vertex  3.676454e+00  1.164780e-01  7.235460e-01
      vertex  3.656461e+00  1.556519e-01  7.435386e-01
    endloop
  endfacet
  facet normal  1.254834e-05 -4.457380e-01  8.951634e-01
    outer loop
      vertex -1.504272e+01  1.083725e-01  7.202584e-01
      vertex  3.656461e+00  1.556519e-01  7.435386e-01
      vertex -1.504272e+01  1.579296e-01  7.449349e-01
    endloop
  endfacet
  facet normal -1.703573e-05 -1.960598e-01  9.805920e-01
    outer loop
      vertex  3.696643e+00  4.473953e-02  7.033572e-01
      vertex  3.691031e+00  7.280760e-02  7.089690e-01
      vertex -1.504272e+01  5.512486e-02  7.051080e-01
    endloop
  endfacet
  facet normal  6.665795e-05 -2.802179e-01  9.599364e-01
    outer loop
      vertex -1.504272e+01  5.512486e-02  7.051080e-01
      vertex  3.691031e+00  7.280760e-02  7.089690e-01
      vertex  3.684523e+00  9.509993e-02  7.154769e-01
    endloop
  endfacet
  facet normal  5.162160e-05 -2.736638e-01  9.618255e-01
    outer loop
      vertex -1.504272e+01  5.512486e-02  7.051080e-01
      vertex  3.684523e+00  9.509993e-02  7.154769e-01
      vertex -1.504272e+01  1.083725e-01  7.202584e-01
    endloop
  endfacet
  facet normal  3.686333e-05 -1.012102e-01  9.948651e-01
    outer loop
      vertex  3.696643e+00  4.473953e-02  7.033572e-01
      vertex -1.504272e+01  5.512486e-02  7.051080e-01
      vertex  3.699580e+00  1.587002e-02  7.004201e-01
    endloop
  endfacet
  facet normal  5.580935e-05 -9.226814e-02  9.957342e-01
    outer loop
      vertex  3.699580e+00  1.587002e-02  7.004201e-01
      vertex -1.504272e+01  5.512486e-02  7.051080e-01
      vertex -1.504272e+01  1.653830e-15  7.000000e-01
    endloop
  endfacet
  facet normal -2.412740e-18 -2.646162e-02  9.996499e-01
    outer loop
      vertex  3.699580e+00  1.587002e-02  7.004201e-01
      vertex -1.504272e+01  1.653830e-15  7.000000e-01
      vertex  3.699999e+00 -5.510911e-17  7.000000e-01
    endloop
  endfacet
  facet normal -1.056238e-05  1.792339e-01  9.838064e-01
    outer loop
      vertex -1.504272e+01 -5.512486e-02 -1.294892e+00
      vertex  3.106937e+00 -6.409670e-02 -1.293063e+00
      vertex  3.103133e+00 -4.321646e-02 -1.296867e+00
    endloop
  endfacet
  facet normal  6.199841e-05  4.457389e-01  8.951631e-01
    outer loop
      vertex -1.504272e+01 -1.579296e-01 -1.255065e+00
      vertex  3.135772e+00 -1.420570e-01 -1.264228e+00
      vertex -1.504272e+01 -1.083725e-01 -1.279742e+00
    endloop
  endfacet
  facet normal -3.671031e-05  5.311463e-01  8.472800e-01
    outer loop
      vertex  3.157052e+00 -1.760006e-01 -1.242948e+00
      vertex  3.135772e+00 -1.420570e-01 -1.264228e+00
      vertex -1.504272e+01 -1.579296e-01 -1.255065e+00
    endloop
  endfacet
  facet normal  6.706821e-05  6.026337e-01  7.980179e-01
    outer loop
      vertex -1.504272e+01 -2.021087e-01 -1.221703e+00
      vertex  3.157052e+00 -1.760006e-01 -1.242948e+00
      vertex -1.504272e+01 -1.579296e-01 -1.255065e+00
    endloop
  endfacet
  facet normal -3.372414e-05  6.452143e-01  7.640015e-01
    outer loop
      vertex -1.504272e+01 -2.021087e-01 -1.221703e+00
      vertex  3.185818e+00 -2.100618e-01 -1.214182e+00
      vertex  3.157052e+00 -1.760006e-01 -1.242948e+00
    endloop
  endfacet
  facet normal  1.443369e-05  1.000000e+00  0.000000e+00
    outer loop
      vertex -1.504272e+01 -2.987202e-01 -9.723195e-01
      vertex  3.424635e+00 -2.989868e-01 -9.753650e-01
      vertex -1.504272e+01 -2.987202e-01 -1.027681e+00
    endloop
  endfacet
  facet normal  6.703693e-05  8.502169e-01 -5.264326e-01
    outer loop
      vertex -1.504272e+01 -2.394052e-01 -8.192096e-01
      vertex  3.561611e+00 -2.527475e-01 -8.383892e-01
      vertex -1.504272e+01 -2.685490e-01 -8.662785e-01
    endloop
  endfacet
  facet normal -1.476925e-05  8.141305e-01 -5.806818e-01
    outer loop
      vertex -1.504272e+01 -2.394052e-01 -8.192096e-01
      vertex  3.586353e+00 -2.350999e-01 -8.136473e-01
      vertex  3.561611e+00 -2.527475e-01 -8.383892e-01
    endloop
  endfacet
  facet normal  6.578583e-05  6.026344e-01 -7.980174e-01
    outer loop
      vertex -1.504272e+01 -1.579296e-01 -7.449349e-01
      vertex  3.636043e+00 -1.851577e-01 -7.639567e-01
      vertex -1.504272e+01 -2.021087e-01 -7.782973e-01
    endloop
  endfacet
  facet normal -2.315773e-05  5.619739e-01 -8.271549e-01
    outer loop
      vertex -1.504272e+01 -1.579296e-01 -7.449349e-01
      vertex  3.659095e+00 -1.512276e-01 -7.409050e-01
      vertex  3.636043e+00 -1.851577e-01 -7.639567e-01
    endloop
  endfacet
  facet normal  3.664665e-05  1.089948e-01  9.940423e-01
    outer loop
      vertex  3.103133e+00 -4.321646e-02 -1.296867e+00
      vertex  3.100809e+00 -2.201856e-02 -1.299191e+00
      vertex -1.504272e+01 -5.512486e-02 -1.294892e+00
    endloop
  endfacet
  facet normal  1.697656e-04  3.672649e-02  9.993254e-01
    outer loop
      vertex -1.504272e+01 -5.512486e-02 -1.294892e+00
      vertex  3.100809e+00 -2.201856e-02 -1.299191e+00
      vertex  3.100002e+00  2.113444e-16 -1.300000e+00
    endloop
  endfacet
  facet normal  5.605285e-19  9.226707e-02  9.957343e-01
    outer loop
      vertex -1.504272e+01 -5.512486e-02 -1.294892e+00
      vertex  3.100002e+00  2.113444e-16 -1.300000e+00
      vertex -1.504272e+01  3.215626e-16 -1.300000e+00
    endloop
  endfacet
  facet normal -1.661077e-05  4.109192e-01  9.116717e-01
    outer loop
      vertex  3.135772e+00 -1.420570e-01 -1.264228e+00
      vertex  3.118536e+00 -1.038164e-01 -1.281464e+00
      vertex -1.504272e+01 -1.083725e-01 -1.279742e+00
    endloop
  endfacet
  facet normal  2.073306e-05  2.803023e-01  9.599117e-01
    outer loop
      vertex -1.504272e+01 -1.083725e-01 -1.279742e+00
      vertex  3.118536e+00 -1.038164e-01 -1.281464e+00
      vertex  3.106937e+00 -6.409670e-02 -1.293063e+00
    endloop
  endfacet
  facet normal  3.833229e-05  2.736638e-01  9.618254e-01
    outer loop
      vertex -1.504272e+01 -1.083725e-01 -1.279742e+00
      vertex  3.106937e+00 -6.409670e-02 -1.293063e+00
      vertex -1.504272e+01 -5.512486e-02 -1.294892e+00
    endloop
  endfacet
  facet normal -2.911191e-05  8.918188e-01  4.523928e-01
    outer loop
      vertex  3.280586e+00 -2.752084e-01 -1.119414e+00
      vertex  3.248495e+00 -2.589307e-01 -1.151505e+00
      vertex -1.504272e+01 -2.685490e-01 -1.133721e+00
    endloop
  endfacet
  facet normal  1.052998e-04  8.302752e-01  5.573535e-01
    outer loop
      vertex -1.504272e+01 -2.685490e-01 -1.133721e+00
      vertex  3.248495e+00 -2.589307e-01 -1.151505e+00
      vertex  3.217691e+00 -2.382486e-01 -1.182309e+00
    endloop
  endfacet
  facet normal -1.006844e-05  8.502175e-01  5.264317e-01
    outer loop
      vertex -1.504272e+01 -2.685490e-01 -1.133721e+00
      vertex  3.217691e+00 -2.382486e-01 -1.182309e+00
      vertex -1.504272e+01 -2.394052e-01 -1.180790e+00
    endloop
  endfacet
  facet normal  7.649181e-06  7.490940e-01  6.624638e-01
    outer loop
      vertex -1.504272e+01 -2.394052e-01 -1.180790e+00
      vertex  3.217691e+00 -2.382486e-01 -1.182309e+00
      vertex  3.185818e+00 -2.100618e-01 -1.214182e+00
    endloop
  endfacet
  facet normal  4.445858e-05  7.390088e-01  6.736957e-01
    outer loop
      vertex -1.504272e+01 -2.394052e-01 -1.180790e+00
      vertex  3.185818e+00 -2.100618e-01 -1.214182e+00
      vertex -1.504272e+01 -2.021087e-01 -1.221703e+00
    endloop
  endfacet
  facet normal -5.331814e-05  9.997141e-01  2.391490e-02
    outer loop
      vertex  3.424635e+00 -2.989868e-01 -9.753650e-01
      vertex  3.361128e+00 -2.974710e-01 -1.038872e+00
      vertex -1.504272e+01 -2.987202e-01 -1.027681e+00
    endloop
  endfacet
  facet normal  5.370668e-05  9.802538e-01  1.977434e-01
    outer loop
      vertex -1.504272e+01 -2.987202e-01 -1.027681e+00
      vertex  3.361128e+00 -2.974710e-01 -1.038872e+00
      vertex  3.320480e+00 -2.892690e-01 -1.079520e+00
    endloop
  endfacet
  facet normal  1.280251e-05  9.829730e-01  1.837495e-01
    outer loop
      vertex -1.504272e+01 -2.987202e-01 -1.027681e+00
      vertex  3.320480e+00 -2.892690e-01 -1.079520e+00
      vertex -1.504272e+01 -2.885477e-01 -1.082099e+00
    endloop
  endfacet
  facet normal -9.642479e-06  9.431351e-01  3.324098e-01
    outer loop
      vertex -1.504272e+01 -2.885477e-01 -1.082099e+00
      vertex  3.320480e+00 -2.892690e-01 -1.079520e+00
      vertex  3.280586e+00 -2.752084e-01 -1.119414e+00
    endloop
  endfacet
  facet normal  5.683574e-05  9.324723e-01  3.612415e-01
    outer loop
      vertex -1.504272e+01 -2.885477e-01 -1.082099e+00
      vertex  3.280586e+00 -2.752084e-01 -1.119414e+00
      vertex -1.504272e+01 -2.685490e-01 -1.133721e+00
    endloop
  endfacet
  facet normal -2.720869e-05  8.777316e-01 -4.791527e-01
    outer loop
      vertex  3.561611e+00 -2.527475e-01 -8.383892e-01
      vertex  3.525196e+00 -2.726275e-01 -8.748041e-01
      vertex -1.504272e+01 -2.685490e-01 -8.662785e-01
    endloop
  endfacet
  facet normal  4.209654e-05  9.346910e-01 -3.554616e-01
    outer loop
      vertex -1.504272e+01 -2.685490e-01 -8.662785e-01
      vertex  3.525196e+00 -2.726275e-01 -8.748041e-01
      vertex  3.487573e+00 -2.869336e-01 -9.124265e-01
    endloop
  endfacet
  facet normal  2.550111e-05  9.324723e-01 -3.612415e-01
    outer loop
      vertex -1.504272e+01 -2.685490e-01 -8.662785e-01
      vertex  3.487573e+00 -2.869336e-01 -9.124265e-01
      vertex -1.504272e+01 -2.885477e-01 -9.179011e-01
    endloop
  endfacet
  facet normal -2.999109e-05  9.821575e-01 -1.880606e-01
    outer loop
      vertex -1.504272e+01 -2.885477e-01 -9.179011e-01
      vertex  3.487573e+00 -2.869336e-01 -9.124265e-01
      vertex  3.424635e+00 -2.989868e-01 -9.753650e-01
    endloop
  endfacet
  facet normal -1.611465e-05  9.829732e-01 -1.837493e-01
    outer loop
      vertex -1.504272e+01 -2.885477e-01 -9.179011e-01
      vertex  3.424635e+00 -2.989868e-01 -9.753650e-01
      vertex -1.504272e+01 -2.987202e-01 -9.723195e-01
    endloop
  endfacet
  facet normal -3.382747e-05  6.673397e-01 -7.447535e-01
    outer loop
      vertex  3.636043e+00 -1.851577e-01 -7.639567e-01
      vertex  3.609867e+00 -2.143716e-01 -7.901328e-01
      vertex -1.504272e+01 -2.021087e-01 -7.782973e-01
    endloop
  endfacet
  facet normal  7.354152e-05  7.501159e-01 -6.613064e-01
    outer loop
      vertex -1.504272e+01 -2.021087e-01 -7.782973e-01
      vertex  3.609867e+00 -2.143716e-01 -7.901328e-01
      vertex  3.586353e+00 -2.350999e-01 -8.136473e-01
    endloop
  endfacet
  facet normal  3.036386e-05  7.390093e-01 -6.736952e-01
    outer loop
      vertex -1.504272e+01 -2.021087e-01 -7.782973e-01
      vertex  3.586353e+00 -2.350999e-01 -8.136473e-01
      vertex -1.504272e+01 -2.394052e-01 -8.192096e-01
    endloop
  endfacet
  facet normal  4.316061e-05  2.646315e-01 -9.643496e-01
    outer loop
      vertex  3.692160e+00 -6.813613e-02 -7.078400e-01
      vertex  3.686044e+00 -9.042205e-02 -7.139559e-01
      vertex -1.504272e+01 -5.512486e-02 -7.051080e-01
    endloop
  endfacet
  facet normal  1.914636e-04  3.375458e-01 -9.413090e-01
    outer loop
      vertex -1.504272e+01 -5.512486e-02 -7.051080e-01
      vertex  3.686044e+00 -9.042205e-02 -7.139559e-01
      vertex  3.678360e+00 -1.118456e-01 -7.216398e-01
    endloop
  endfacet
  facet normal -2.020207e-05  2.736638e-01 -9.618254e-01
    outer loop
      vertex -1.504272e+01 -5.512486e-02 -7.051080e-01
      vertex  3.678360e+00 -1.118456e-01 -7.216398e-01
      vertex -1.504272e+01 -1.083725e-01 -7.202584e-01
    endloop
  endfacet
  facet normal  1.523795e-05  4.394225e-01 -8.982806e-01
    outer loop
      vertex -1.504272e+01 -1.083725e-01 -7.202584e-01
      vertex  3.678360e+00 -1.118456e-01 -7.216398e-01
      vertex  3.659095e+00 -1.512276e-01 -7.409050e-01
    endloop
  endfacet
  facet normal  3.315116e-05  4.457380e-01 -8.951634e-01
    outer loop
      vertex -1.504272e+01 -1.083725e-01 -7.202584e-01
      vertex  3.659095e+00 -1.512276e-01 -7.409050e-01
      vertex -1.504272e+01 -1.579296e-01 -7.449349e-01
    endloop
  endfacet
  facet normal -2.475821e-05  1.712203e-01 -9.852328e-01
    outer loop
      vertex  3.692160e+00 -6.813613e-02 -7.078400e-01
      vertex -1.504272e+01 -5.512486e-02 -7.051080e-01
      vertex  3.698004e+00 -3.450922e-02 -7.019963e-01
    endloop
  endfacet
  facet normal  6.383635e-05  9.226816e-02 -9.957343e-01
    outer loop
      vertex  3.698004e+00 -3.450922e-02 -7.019963e-01
      vertex -1.504272e+01 -5.512486e-02 -7.051080e-01
      vertex -1.504272e+01 -3.514366e-16 -7.000000e-01
    endloop
  endfacet
  facet normal  7.269019e-19  5.775115e-02 -9.983311e-01
    outer loop
      vertex  3.698004e+00 -3.450922e-02 -7.019963e-01
      vertex -1.504272e+01 -3.514366e-16 -7.000000e-01
      vertex  3.700000e+00 -5.873474e-16 -7.000000e-01
    endloop
  endfacet
  facet normal  7.071068e-01 -7.071068e-01  0.000000e+00
    outer loop
      vertex  3.122115e+00 -1.277885e+00 -1.130393e-01
      vertex  3.114203e+00 -1.285797e+00 -9.121388e-02
      vertex  3.143664e+00 -1.256336e+00 -1.001490e+00
    endloop
  endfacet
  facet normal  7.071020e-01 -7.071115e-01 -2.308950e-07
    outer loop
      vertex  3.131497e+00 -1.268503e+00 -1.337940e-01
      vertex  3.122115e+00 -1.277885e+00 -1.130393e-01
      vertex  3.143664e+00 -1.256336e+00 -1.001490e+00
    endloop
  endfacet
  facet normal  7.071087e-01 -7.071050e-01 -4.517620e-08
    outer loop
      vertex  3.131497e+00 -1.268503e+00 -1.337940e-01
      vertex  3.143664e+00 -1.256336e+00 -1.001490e+00
      vertex  3.153812e+00 -1.246188e+00 -1.714399e-01
    endloop
  endfacet
  facet normal  7.071065e-01 -7.071072e-01  7.544264e-09
    outer loop
      vertex  3.275533e+00 -1.124467e+00  1.124467e+00
      vertex  3.165158e+00 -1.234842e+00  1.023686e+00
      vertex  3.157052e+00 -1.242948e+00  1.760006e-01
    endloop
  endfacet
  facet normal  7.071068e-01 -7.071067e-01 -1.062233e-07
    outer loop
      vertex  3.275533e+00 -1.124467e+00  1.124467e+00
      vertex  3.157052e+00 -1.242948e+00  1.760006e-01
      vertex  3.185818e+00 -1.214182e+00  2.100618e-01
    endloop
  endfacet
  facet normal  7.071068e-01 -7.071067e-01 -1.051568e-07
    outer loop
      vertex  3.275533e+00 -1.124467e+00  1.124467e+00
      vertex  3.185818e+00 -1.214182e+00  2.100618e-01
      vertex  3.217691e+00 -1.182309e+00  2.382486e-01
    endloop
  endfacet
  facet normal  7.071068e-01 -7.071067e-01 -1.009167e-07
    outer loop
      vertex  3.275533e+00 -1.124467e+00  1.124467e+00
      vertex  3.217691e+00 -1.182309e+00  2.382486e-01
      vertex  3.248495e+00 -1.151505e+00  2.589307e-01
    endloop
  endfacet
  facet normal  7.071055e-01 -7.071081e-01 -1.505678e-08
    outer loop
      vertex  3.275533e+00 -1.124467e+00  1.124467e+00
      vertex  3.248495e+00 -1.151505e+00  2.589307e-01
      vertex  3.280586e+00 -1.119414e+00  2.752084e-01
    endloop
  endfacet
  facet normal  7.071078e-01 -7.071058e-01  1.272888e-08
    outer loop
      vertex  3.275533e+00 -1.124467e+00  1.124467e+00
      vertex  3.280586e+00 -1.119414e+00  2.752084e-01
      vertex  3.320480e+00 -1.079520e+00  2.892690e-01
    endloop
  endfacet
  facet normal  7.071058e-01 -7.071078e-01 -2.110859e-07
    outer loop
      vertex  3.275533e+00 -1.124467e+00  1.124467e+00
      vertex  3.320480e+00 -1.079520e+00  2.892690e-01
      vertex  3.361128e+00 -1.038872e+00  2.974710e-01
    endloop
  endfacet
  facet normal  7.071078e-01 -7.071058e-01  2.063833e-07
    outer loop
      vertex  3.275533e+00 -1.124467e+00  1.124467e+00
      vertex  3.361128e+00 -1.038872e+00  2.974710e-01
      vertex  3.424635e+00 -9.753650e-01  2.989868e-01
    endloop
  endfacet
  facet normal  7.071068e-01 -7.071068e-01 -1.720231e-07
    outer loop
      vertex  3.275533e+00 -1.124467e+00  1.124467e+00
      vertex  3.424635e+00 -9.753650e-01  2.989868e-01
      vertex  4.000000e+00 -4.000000e-01  4.000000e-01
    endloop
  endfacet
  facet normal  7.075164e-01 -7.066970e-01  3.501433e-05
    outer loop
      vertex  3.100002e+00 -1.300000e+00 -4.961677e-16
      vertex  3.100809e+00 -1.299191e+00  2.201856e-02
      vertex  3.062810e+00 -1.337190e+00  9.087070e-01
    endloop
  endfacet
  facet normal  7.071050e-01 -7.071084e-01  1.342666e-06
    outer loop
      vertex  3.100002e+00 -1.300000e+00 -4.961677e-16
      vertex  3.062810e+00 -1.337190e+00  9.087070e-01
      vertex  2.951929e+00 -1.448071e+00  7.495103e-01
    endloop
  endfacet
  facet normal  7.071060e-01 -7.071075e-01  1.725897e-06
    outer loop
      vertex  3.100002e+00 -1.300000e+00 -4.961677e-16
      vertex  2.951929e+00 -1.448071e+00  7.495103e-01
      vertex  2.860125e+00 -1.539875e+00  5.699816e-01
    endloop
  endfacet
  facet normal  7.071049e-01 -7.071086e-01  8.187274e-07
    outer loop
      vertex  3.100002e+00 -1.300000e+00 -4.961677e-16
      vertex  2.860125e+00 -1.539875e+00  5.699816e-01
      vertex  2.798302e+00 -1.601698e+00  3.949753e-01
    endloop
  endfacet
  facet normal  7.071049e-01 -7.071087e-01  7.888947e-07
    outer loop
      vertex  3.100002e+00 -1.300000e+00 -4.961677e-16
      vertex  2.798302e+00 -1.601698e+00  3.949753e-01
      vertex  2.758627e+00 -1.641373e+00  2.089640e-01
    endloop
  endfacet
  facet normal  7.071049e-01 -7.071086e-01  7.343422e-07
    outer loop
      vertex  3.100002e+00 -1.300000e+00 -4.961677e-16
      vertex  2.758627e+00 -1.641373e+00  2.089640e-01
      vertex  2.743596e+00 -1.656404e+00  1.720117e-02
    endloop
  endfacet
  facet normal  7.071049e-01 -7.071087e-01 -6.455045e-07
    outer loop
      vertex  3.100002e+00 -1.300000e+00 -4.961677e-16
      vertex  2.743596e+00 -1.656404e+00  1.720117e-02
      vertex  2.754102e+00 -1.645898e+00 -1.750919e-01
    endloop
  endfacet
  facet normal  7.071049e-01 -7.071087e-01 -6.110917e-07
    outer loop
      vertex  3.100002e+00 -1.300000e+00 -4.961677e-16
      vertex  2.754102e+00 -1.645898e+00 -1.750919e-01
      vertex  2.771123e+00 -1.628877e+00 -2.817500e-01
    endloop
  endfacet
  facet normal  7.071049e-01 -7.071086e-01 -8.644690e-07
    outer loop
      vertex  3.100002e+00 -1.300000e+00 -4.961677e-16
      vertex  2.771123e+00 -1.628877e+00 -2.817500e-01
      vertex  2.795726e+00 -1.604274e+00 -3.857545e-01
    endloop
  endfacet
  facet normal  7.071052e-01 -7.071084e-01 -1.151732e-06
    outer loop
      vertex  3.100002e+00 -1.300000e+00 -4.961677e-16
      vertex  2.795726e+00 -1.604274e+00 -3.857545e-01
      vertex  2.865646e+00 -1.534354e+00 -5.827467e-01
    endloop
  endfacet
  facet normal  7.071054e-01 -7.071082e-01 -1.364368e-06
    outer loop
      vertex  3.100002e+00 -1.300000e+00 -4.961677e-16
      vertex  2.865646e+00 -1.534354e+00 -5.827467e-01
      vertex  2.938562e+00 -1.461438e+00 -7.268466e-01
    endloop
  endfacet
  facet normal  7.071053e-01 -7.071083e-01 -1.304054e-06
    outer loop
      vertex  3.100002e+00 -1.300000e+00 -4.961677e-16
      vertex  2.938562e+00 -1.461438e+00 -7.268466e-01
      vertex  3.024060e+00 -1.375940e+00 -8.580472e-01
    endloop
  endfacet
  facet normal  7.071072e-01 -7.071064e-01  2.359879e-08
    outer loop
      vertex  3.024060e+00 -1.375940e+00 -8.580472e-01
      vertex  3.143664e+00 -1.256336e+00 -1.001490e+00
      vertex  3.114203e+00 -1.285797e+00 -9.121388e-02
    endloop
  endfacet
  facet normal  7.071069e-01 -7.071066e-01  7.558950e-08
    outer loop
      vertex  3.024060e+00 -1.375940e+00 -8.580472e-01
      vertex  3.114203e+00 -1.285797e+00 -9.121388e-02
      vertex  3.106806e+00 -1.293194e+00 -6.352920e-02
    endloop
  endfacet
  facet normal  7.071124e-01 -7.071012e-01 -1.060677e-06
    outer loop
      vertex  3.024060e+00 -1.375940e+00 -8.580472e-01
      vertex  3.106806e+00 -1.293194e+00 -6.352920e-02
      vertex  3.102016e+00 -1.297984e+00 -3.472223e-02
    endloop
  endfacet
  facet normal  7.072340e-01 -7.069796e-01 -2.408223e-05
    outer loop
      vertex  3.024060e+00 -1.375940e+00 -8.580472e-01
      vertex  3.102016e+00 -1.297984e+00 -3.472223e-02
      vertex  3.100002e+00 -1.300000e+00 -4.961677e-16
    endloop
  endfacet
  facet normal  7.071072e-01 -7.071062e-01  4.784667e-06
    outer loop
      vertex  3.275536e+00 -1.124470e+00 -1.124464e+00
      vertex  4.000000e+00 -4.000000e-01 -4.000000e-01
      vertex  3.394825e+00 -1.005175e+00 -2.999552e-01
    endloop
  endfacet
  facet normal  7.071064e-01 -7.071071e-01  5.024464e-06
    outer loop
      vertex  3.275536e+00 -1.124470e+00 -1.124464e+00
      vertex  3.394825e+00 -1.005175e+00 -2.999552e-01
      vertex  3.334044e+00 -1.065956e+00 -2.926598e-01
    endloop
  endfacet
  facet normal  7.071076e-01 -7.071059e-01  4.847973e-06
    outer loop
      vertex  3.275536e+00 -1.124470e+00 -1.124464e+00
      vertex  3.334044e+00 -1.065956e+00 -2.926598e-01
      vertex  3.268542e+00 -1.131458e+00 -2.696637e-01
    endloop
  endfacet
  facet normal  7.071068e-01 -7.071068e-01  4.832545e-06
    outer loop
      vertex  3.275536e+00 -1.124470e+00 -1.124464e+00
      vertex  3.268542e+00 -1.131458e+00 -2.696637e-01
      vertex  3.237121e+00 -1.162879e+00 -2.519319e-01
    endloop
  endfacet
  facet normal  7.071115e-01 -7.071020e-01  5.247381e-06
    outer loop
      vertex  3.275536e+00 -1.124470e+00 -1.124464e+00
      vertex  3.237121e+00 -1.162879e+00 -2.519319e-01
      vertex  3.207127e+00 -1.192873e+00 -2.297811e-01
    endloop
  endfacet
  facet normal  7.071075e-01 -7.071061e-01  4.629173e-06
    outer loop
      vertex  3.275536e+00 -1.124470e+00 -1.124464e+00
      vertex  3.207127e+00 -1.192873e+00 -2.297811e-01
      vertex  3.179122e+00 -1.220878e+00 -2.030096e-01
    endloop
  endfacet
  facet normal  7.071100e-01 -7.071036e-01  5.155435e-06
    outer loop
      vertex  3.275536e+00 -1.124470e+00 -1.124464e+00
      vertex  3.179122e+00 -1.220878e+00 -2.030096e-01
      vertex  3.153812e+00 -1.246188e+00 -1.714399e-01
    endloop
  endfacet
  facet normal  7.070913e-01 -7.071223e-01  3.784803e-07
    outer loop
      vertex  3.275536e+00 -1.124470e+00 -1.124464e+00
      vertex  3.153812e+00 -1.246188e+00 -1.714399e-01
      vertex  3.143664e+00 -1.256336e+00 -1.001490e+00
    endloop
  endfacet
  facet normal  7.071068e-01 -7.071068e-01  0.000000e+00
    outer loop
      vertex  4.000000e+00 -4.000000e-01 -4.000000e-01
      vertex  4.000000e+00 -4.000000e-01  4.000000e-01
      vertex  3.700000e+00 -7.000000e-01  9.345669e-17
    endloop
  endfacet
  facet normal  7.071068e-01 -7.071067e-01 -1.540240e-09
    outer loop
      vertex  4.000000e+00 -4.000000e-01 -4.000000e-01
      vertex  3.700000e+00 -7.000000e-01  9.345669e-17
      vertex  3.699241e+00 -7.007586e-01 -2.125720e-02
    endloop
  endfacet
  facet normal  7.071057e-01 -7.071078e-01 -1.760937e-06
    outer loop
      vertex  4.000000e+00 -4.000000e-01 -4.000000e-01
      vertex  3.699241e+00 -7.007586e-01 -2.125720e-02
      vertex  3.696975e+00 -7.030247e-01 -4.241732e-02
    endloop
  endfacet
  facet normal  7.071063e-01 -7.071074e-01 -8.075545e-07
    outer loop
      vertex  4.000000e+00 -4.000000e-01 -4.000000e-01
      vertex  3.696975e+00 -7.030247e-01 -4.241732e-02
      vertex  3.688225e+00 -7.117746e-01 -8.322354e-02
    endloop
  endfacet
  facet normal  7.071078e-01 -7.071057e-01  2.372367e-06
    outer loop
      vertex  4.000000e+00 -4.000000e-01 -4.000000e-01
      vertex  3.688225e+00 -7.117746e-01 -8.322354e-02
      vertex  3.673713e+00 -7.262874e-01 -1.227896e-01
    endloop
  endfacet
  facet normal  7.071058e-01 -7.071078e-01 -2.516368e-06
    outer loop
      vertex  4.000000e+00 -4.000000e-01 -4.000000e-01
      vertex  3.673713e+00 -7.262874e-01 -1.227896e-01
      vertex  3.654760e+00 -7.452398e-01 -1.584211e-01
    endloop
  endfacet
  facet normal  7.071067e-01 -7.071069e-01  9.831390e-08
    outer loop
      vertex  4.000000e+00 -4.000000e-01 -4.000000e-01
      vertex  3.654760e+00 -7.452398e-01 -1.584211e-01
      vertex  3.636563e+00 -7.634373e-01 -1.844918e-01
    endloop
  endfacet
  facet normal  7.071068e-01 -7.071069e-01  1.033182e-07
    outer loop
      vertex  4.000000e+00 -4.000000e-01 -4.000000e-01
      vertex  3.636563e+00 -7.634373e-01 -1.844918e-01
      vertex  3.616501e+00 -7.834993e-01 -2.076715e-01
    endloop
  endfacet
  facet normal  7.071072e-01 -7.071062e-01  2.227392e-06
    outer loop
      vertex  4.000000e+00 -4.000000e-01 -4.000000e-01
      vertex  3.616501e+00 -7.834993e-01 -2.076715e-01
      vertex  3.572257e+00 -8.277431e-01 -2.456166e-01
    endloop
  endfacet
  facet normal  7.071068e-01 -7.071068e-01 -1.188842e-07
    outer loop
      vertex  4.000000e+00 -4.000000e-01 -4.000000e-01
      vertex  3.572257e+00 -8.277431e-01 -2.456166e-01
      vertex  3.515424e+00 -8.845756e-01 -2.769053e-01
    endloop
  endfacet
  facet normal  7.071064e-01 -7.071072e-01 -4.031408e-06
    outer loop
      vertex  4.000000e+00 -4.000000e-01 -4.000000e-01
      vertex  3.515424e+00 -8.845756e-01 -2.769053e-01
      vertex  3.455728e+00 -9.442721e-01 -2.947773e-01
    endloop
  endfacet
  facet normal  7.071074e-01 -7.071061e-01  7.993973e-06
    outer loop
      vertex  4.000000e+00 -4.000000e-01 -4.000000e-01
      vertex  3.455728e+00 -9.442721e-01 -2.947773e-01
      vertex  3.394825e+00 -1.005175e+00 -2.999552e-01
    endloop
  endfacet
  facet normal  7.071022e-01 -7.071114e-01  5.555030e-07
    outer loop
      vertex  3.165158e+00 -1.234842e+00  1.023686e+00
      vertex  3.106937e+00 -1.293063e+00  6.409670e-02
      vertex  3.118536e+00 -1.281464e+00  1.038164e-01
    endloop
  endfacet
  facet normal  7.071094e-01 -7.071041e-01 -1.754871e-07
    outer loop
      vertex  3.165158e+00 -1.234842e+00  1.023686e+00
      vertex  3.118536e+00 -1.281464e+00  1.038164e-01
      vertex  3.135772e+00 -1.264228e+00  1.420570e-01
    endloop
  endfacet
  facet normal  7.071068e-01 -7.071068e-01  0.000000e+00
    outer loop
      vertex  3.165158e+00 -1.234842e+00  1.023686e+00
      vertex  3.135772e+00 -1.264228e+00  1.420570e-01
      vertex  3.157052e+00 -1.242948e+00  1.760006e-01
    endloop
  endfacet
  facet normal  7.071201e-01 -7.070935e-01  1.050042e-06
    outer loop
      vertex  3.062810e+00 -1.337190e+00  9.087070e-01
      vertex  3.100809e+00 -1.299191e+00  2.201856e-02
      vertex  3.103133e+00 -1.296867e+00  4.321646e-02
    endloop
  endfacet
  facet normal  7.070984e-01 -7.071152e-01 -9.780997e-07
    outer loop
      vertex  3.062810e+00 -1.337190e+00  9.087070e-01
      vertex  3.103133e+00 -1.296867e+00  4.321646e-02
      vertex  3.106937e+00 -1.293063e+00  6.409670e-02
    endloop
  endfacet
  facet normal  7.071072e-01 -7.071064e-01 -5.216945e-08
    outer loop
      vertex  3.062810e+00 -1.337190e+00  9.087070e-01
      vertex  3.106937e+00 -1.293063e+00  6.409670e-02
      vertex  3.165158e+00 -1.234842e+00  1.023686e+00
    endloop
  endfacet
  facet normal  7.071067e-01 -7.071068e-01 -3.963375e-07
    outer loop
      vertex  4.000000e+00 -4.000000e-01  4.000000e-01
      vertex  3.424635e+00 -9.753650e-01  2.989868e-01
      vertex  3.487573e+00 -9.124265e-01  2.869336e-01
    endloop
  endfacet
  facet normal  7.071067e-01 -7.071068e-01 -3.410780e-07
    outer loop
      vertex  4.000000e+00 -4.000000e-01  4.000000e-01
      vertex  3.487573e+00 -9.124265e-01  2.869336e-01
      vertex  3.525196e+00 -8.748041e-01  2.726275e-01
    endloop
  endfacet
  facet normal  7.071061e-01 -7.071074e-01  4.023110e-06
    outer loop
      vertex  4.000000e+00 -4.000000e-01  4.000000e-01
      vertex  3.525196e+00 -8.748041e-01  2.726275e-01
      vertex  3.561611e+00 -8.383892e-01  2.527475e-01
    endloop
  endfacet
  facet normal  7.071076e-01 -7.071059e-01 -4.745298e-06
    outer loop
      vertex  4.000000e+00 -4.000000e-01  4.000000e-01
      vertex  3.561611e+00 -8.383892e-01  2.527475e-01
      vertex  3.586353e+00 -8.136473e-01  2.350999e-01
    endloop
  endfacet
  facet normal  7.071059e-01 -7.071077e-01  4.072348e-06
    outer loop
      vertex  4.000000e+00 -4.000000e-01  4.000000e-01
      vertex  3.586353e+00 -8.136473e-01  2.350999e-01
      vertex  3.609867e+00 -7.901328e-01  2.143716e-01
    endloop
  endfacet
  facet normal  7.071071e-01 -7.071065e-01 -8.912225e-07
    outer loop
      vertex  4.000000e+00 -4.000000e-01  4.000000e-01
      vertex  3.609867e+00 -7.901328e-01  2.143716e-01
      vertex  3.636043e+00 -7.639567e-01  1.851577e-01
    endloop
  endfacet
  facet normal  7.071065e-01 -7.071070e-01  9.135044e-07
    outer loop
      vertex  4.000000e+00 -4.000000e-01  4.000000e-01
      vertex  3.636043e+00 -7.639567e-01  1.851577e-01
      vertex  3.659095e+00 -7.409050e-01  1.512276e-01
    endloop
  endfacet
  facet normal  7.071074e-01 -7.071062e-01 -1.518201e-06
    outer loop
      vertex  4.000000e+00 -4.000000e-01  4.000000e-01
      vertex  3.659095e+00 -7.409050e-01  1.512276e-01
      vertex  3.678360e+00 -7.216398e-01  1.118456e-01
    endloop
  endfacet
  facet normal  7.071055e-01 -7.071081e-01  2.947415e-06
    outer loop
      vertex  4.000000e+00 -4.000000e-01  4.000000e-01
      vertex  3.678360e+00 -7.216398e-01  1.118456e-01
      vertex  3.686044e+00 -7.139559e-01  9.042205e-02
    endloop
  endfacet
  facet normal  7.071090e-01 -7.071045e-01 -4.416791e-06
    outer loop
      vertex  4.000000e+00 -4.000000e-01  4.000000e-01
      vertex  3.686044e+00 -7.139559e-01  9.042205e-02
      vertex  3.692160e+00 -7.078400e-01  6.813613e-02
    endloop
  endfacet
  facet normal  7.071055e-01 -7.071080e-01  2.082889e-06
    outer loop
      vertex  4.000000e+00 -4.000000e-01  4.000000e-01
      vertex  3.692160e+00 -7.078400e-01  6.813613e-02
      vertex  3.698004e+00 -7.019963e-01  3.450922e-02
    endloop
  endfacet
  facet normal  7.071068e-01 -7.071068e-01  3.690970e-09
    outer loop
      vertex  4.000000e+00 -4.000000e-01  4.000000e-01
      vertex  3.698004e+00 -7.019963e-01  3.450922e-02
      vertex  3.700000e+00 -7.000000e-01  9.345669e-17
    endloop
  endfacet
  facet normal  7.071068e-01  0.000000e+00 -7.071068e-01
    outer loop
      vertex  3.122115e+00  1.130393e-01 -1.277885e+00
      vertex  3.114203e+00  9.121388e-02 -1.285797e+00
      vertex  3.143664e+00  1.001490e+00 -1.256336e+00
    endloop
  endfacet
  facet normal  7.071020e-01  2.308950e-07 -7.071115e-01
    outer loop
      vertex  3.131497e+00  1.337940e-01 -1.268503e+00
      vertex  3.122115e+00  1.130393e-01 -1.277885e+00
      vertex  3.143664e+00  1.001490e+00 -1.256336e+00
    endloop
  endfacet
  facet normal  7.071087e-01  4.517620e-08 -7.071050e-01
    outer loop
      vertex  3.131497e+00  1.337940e-01 -1.268503e+00
      vertex  3.143664e+00  1.001490e+00 -1.256336e+00
      vertex  3.153812e+00  1.714399e-01 -1.246188e+00
    endloop
  endfacet
  facet normal  7.071072e-01  1.078368e-07 -7.071064e-01
    outer loop
      vertex  3.275536e+00 -1.124470e+00 -1.124464e+00
      vertex  3.165159e+00 -1.023687e+00 -1.234841e+00
      vertex  3.157052e+00 -1.760006e-01 -1.242948e+00
    endloop
  endfacet
  facet normal  7.071068e-01  0.000000e+00 -7.071068e-01
    outer loop
      vertex  3.275536e+00 -1.124470e+00 -1.124464e+00
      vertex  3.157052e+00 -1.760006e-01 -1.242948e+00
      vertex  3.185818e+00 -2.100618e-01 -1.214182e+00
    endloop
  endfacet
  facet normal  7.071068e-01  0.000000e+00 -7.071068e-01
    outer loop
      vertex  3.275536e+00 -1.124470e+00 -1.124464e+00
      vertex  3.185818e+00 -2.100618e-01 -1.214182e+00
      vertex  3.217691e+00 -2.382486e-01 -1.182309e+00
    endloop
  endfacet
  facet normal  7.071067e-01  0.000000e+00 -7.071067e-01
    outer loop
      vertex  3.275536e+00 -1.124470e+00 -1.124464e+00
      vertex  3.217691e+00 -2.382486e-01 -1.182309e+00
      vertex  3.248495e+00 -2.589307e-01 -1.151505e+00
    endloop
  endfacet
  facet normal  7.071055e-01 -8.281220e-08 -7.071081e-01
    outer loop
      vertex  3.275536e+00 -1.124470e+00 -1.124464e+00
      vertex  3.248495e+00 -2.589307e-01 -1.151505e+00
      vertex  3.280586e+00 -2.752084e-01 -1.119414e+00
    endloop
  endfacet
  facet normal  7.071078e-01 -1.115290e-07 -7.071057e-01
    outer loop
      vertex  3.275536e+00 -1.124470e+00 -1.124464e+00
      vertex  3.280586e+00 -2.752084e-01 -1.119414e+00
      vertex  3.320480e+00 -2.892690e-01 -1.079520e+00
    endloop
  endfacet
  facet normal  7.071058e-01  1.103401e-07 -7.071077e-01
    outer loop
      vertex  3.275536e+00 -1.124470e+00 -1.124464e+00
      vertex  3.320480e+00 -2.892690e-01 -1.079520e+00
      vertex  3.361128e+00 -2.974710e-01 -1.038872e+00
    endloop
  endfacet
  facet normal  7.071078e-01 -3.127010e-07 -7.071058e-01
    outer loop
      vertex  3.275536e+00 -1.124470e+00 -1.124464e+00
      vertex  3.361128e+00 -2.974710e-01 -1.038872e+00
      vertex  3.424635e+00 -2.989868e-01 -9.753650e-01
    endloop
  endfacet
  facet normal  7.071067e-01  7.525993e-08 -7.071068e-01
    outer loop
      vertex  3.275536e+00 -1.124470e+00 -1.124464e+00
      vertex  3.424635e+00 -2.989868e-01 -9.753650e-01
      vertex  4.000000e+00 -4.000000e-01 -4.000000e-01
    endloop
  endfacet
  facet normal  7.075164e-01 -3.501433e-05 -7.066970e-01
    outer loop
      vertex  3.100002e+00  2.113444e-16 -1.300000e+00
      vertex  3.100809e+00 -2.201856e-02 -1.299191e+00
      vertex  3.062810e+00 -9.087070e-01 -1.337190e+00
    endloop
  endfacet
  facet normal  7.071050e-01 -1.333274e-06 -7.071086e-01
    outer loop
      vertex  3.100002e+00  2.113444e-16 -1.300000e+00
      vertex  3.062810e+00 -9.087070e-01 -1.337190e+00
      vertex  2.971165e+00 -7.805758e-01 -1.428834e+00
    endloop
  endfacet
  facet normal  7.071066e-01 -1.881262e-06 -7.071070e-01
    outer loop
      vertex  3.100002e+00  2.113444e-16 -1.300000e+00
      vertex  2.971165e+00 -7.805758e-01 -1.428834e+00
      vertex  2.911962e+00 -6.787308e-01 -1.488038e+00
    endloop
  endfacet
  facet normal  7.071055e-01 -1.254766e-06 -7.071081e-01
    outer loop
      vertex  3.100002e+00  2.113444e-16 -1.300000e+00
      vertex  2.911962e+00 -6.787308e-01 -1.488038e+00
      vertex  2.860125e+00 -5.699816e-01 -1.539875e+00
    endloop
  endfacet
  facet normal  7.071049e-01 -8.187274e-07 -7.071086e-01
    outer loop
      vertex  3.100002e+00  2.113444e-16 -1.300000e+00
      vertex  2.860125e+00 -5.699816e-01 -1.539875e+00
      vertex  2.798302e+00 -3.949753e-01 -1.601698e+00
    endloop
  endfacet
  facet normal  7.071049e-01 -7.888947e-07 -7.071087e-01
    outer loop
      vertex  3.100002e+00  2.113444e-16 -1.300000e+00
      vertex  2.798302e+00 -3.949753e-01 -1.601698e+00
      vertex  2.758627e+00 -2.089640e-01 -1.641373e+00
    endloop
  endfacet
  facet normal  7.071049e-01 -7.343422e-07 -7.071086e-01
    outer loop
      vertex  3.100002e+00  2.113444e-16 -1.300000e+00
      vertex  2.758627e+00 -2.089640e-01 -1.641373e+00
      vertex  2.743596e+00 -1.720117e-02 -1.656404e+00
    endloop
  endfacet
  facet normal  7.071049e-01  6.455045e-07 -7.071087e-01
    outer loop
      vertex  3.100002e+00  2.113444e-16 -1.300000e+00
      vertex  2.743596e+00 -1.720117e-02 -1.656404e+00
      vertex  2.754102e+00  1.750919e-01 -1.645898e+00
    endloop
  endfacet
  facet normal  7.071049e-01  6.110917e-07 -7.071087e-01
    outer loop
      vertex  3.100002e+00  2.113444e-16 -1.300000e+00
      vertex  2.754102e+00  1.750919e-01 -1.645898e+00
      vertex  2.771123e+00  2.817500e-01 -1.628877e+00
    endloop
  endfacet
  facet normal  7.071049e-01  8.644690e-07 -7.071086e-01
    outer loop
      vertex  3.100002e+00  2.113444e-16 -1.300000e+00
      vertex  2.771123e+00  2.817500e-01 -1.628877e+00
      vertex  2.795726e+00  3.857545e-01 -1.604274e+00
    endloop
  endfacet
  facet normal  7.071052e-01  1.151732e-06 -7.071084e-01
    outer loop
      vertex  3.100002e+00  2.113444e-16 -1.300000e+00
      vertex  2.795726e+00  3.857545e-01 -1.604274e+00
      vertex  2.865646e+00  5.827467e-01 -1.534354e+00
    endloop
  endfacet
  facet normal  7.071054e-01  1.364368e-06 -7.071082e-01
    outer loop
      vertex  3.100002e+00  2.113444e-16 -1.300000e+00
      vertex  2.865646e+00  5.827467e-01 -1.534354e+00
      vertex  2.938562e+00  7.268466e-01 -1.461438e+00
    endloop
  endfacet
  facet normal  7.071053e-01  1.304054e-06 -7.071083e-01
    outer loop
      vertex  3.100002e+00  2.113444e-16 -1.300000e+00
      vertex  2.938562e+00  7.268466e-01 -1.461438e+00
      vertex  3.024060e+00  8.580472e-01 -1.375940e+00
    endloop
  endfacet
  facet normal  7.071072e-01 -2.359879e-08 -7.071064e-01
    outer loop
      vertex  3.024060e+00  8.580472e-01 -1.375940e+00
      vertex  3.143664e+00  1.001490e+00 -1.256336e+00
      vertex  3.114203e+00  9.121388e-02 -1.285797e+00
    endloop
  endfacet
  facet normal  7.071069e-01 -7.558950e-08 -7.071066e-01
    outer loop
      vertex  3.024060e+00  8.580472e-01 -1.375940e+00
      vertex  3.114203e+00  9.121388e-02 -1.285797e+00
      vertex  3.106806e+00  6.352920e-02 -1.293194e+00
    endloop
  endfacet
  facet normal  7.071124e-01  1.060677e-06 -7.071012e-01
    outer loop
      vertex  3.024060e+00  8.580472e-01 -1.375940e+00
      vertex  3.106806e+00  6.352920e-02 -1.293194e+00
      vertex  3.102016e+00  3.472223e-02 -1.297984e+00
    endloop
  endfacet
  facet normal  7.072340e-01  2.408223e-05 -7.069796e-01
    outer loop
      vertex  3.024060e+00  8.580472e-01 -1.375940e+00
      vertex  3.102016e+00  3.472223e-02 -1.297984e+00
      vertex  3.100002e+00  2.113444e-16 -1.300000e+00
    endloop
  endfacet
  facet normal  7.071072e-01 -4.867161e-06 -7.071062e-01
    outer loop
      vertex  3.275536e+00  1.124464e+00 -1.124470e+00
      vertex  4.000000e+00  4.000000e-01 -4.000000e-01
      vertex  3.394825e+00  2.999552e-01 -1.005175e+00
    endloop
  endfacet
  facet normal  7.071064e-01 -5.121337e-06 -7.071071e-01
    outer loop
      vertex  3.275536e+00  1.124464e+00 -1.124470e+00
      vertex  3.394825e+00  2.999552e-01 -1.005175e+00
      vertex  3.334044e+00  2.926598e-01 -1.065956e+00
    endloop
  endfacet
  facet normal  7.071077e-01 -4.945286e-06 -7.071059e-01
    outer loop
      vertex  3.275536e+00  1.124464e+00 -1.124470e+00
      vertex  3.334044e+00  2.926598e-01 -1.065956e+00
      vertex  3.268542e+00  2.696637e-01 -1.131458e+00
    endloop
  endfacet
  facet normal  7.071068e-01 -4.931459e-06 -7.071068e-01
    outer loop
      vertex  3.275536e+00  1.124464e+00 -1.124470e+00
      vertex  3.268542e+00  2.696637e-01 -1.131458e+00
      vertex  3.237121e+00  2.519319e-01 -1.162879e+00
    endloop
  endfacet
  facet normal  7.071115e-01 -5.348167e-06 -7.071020e-01
    outer loop
      vertex  3.275536e+00  1.124464e+00 -1.124470e+00
      vertex  3.237121e+00  2.519319e-01 -1.162879e+00
      vertex  3.207127e+00  2.297811e-01 -1.192873e+00
    endloop
  endfacet
  facet normal  7.071075e-01 -4.731964e-06 -7.071060e-01
    outer loop
      vertex  3.275536e+00  1.124464e+00 -1.124470e+00
      vertex  3.207127e+00  2.297811e-01 -1.192873e+00
      vertex  3.179122e+00  2.030096e-01 -1.220878e+00
    endloop
  endfacet
  facet normal  7.071100e-01 -5.260979e-06 -7.071035e-01
    outer loop
      vertex  3.275536e+00  1.124464e+00 -1.124470e+00
      vertex  3.179122e+00  2.030096e-01 -1.220878e+00
      vertex  3.153812e+00  1.714399e-01 -1.246188e+00
    endloop
  endfacet
  facet normal  7.070909e-01 -3.859162e-07 -7.071226e-01
    outer loop
      vertex  3.275536e+00  1.124464e+00 -1.124470e+00
      vertex  3.153812e+00  1.714399e-01 -1.246188e+00
      vertex  3.143664e+00  1.001490e+00 -1.256336e+00
    endloop
  endfacet
  facet normal  7.071068e-01  0.000000e+00 -7.071068e-01
    outer loop
      vertex  4.000000e+00  4.000000e-01 -4.000000e-01
      vertex  4.000000e+00 -4.000000e-01 -4.000000e-01
      vertex  3.700000e+00 -5.873474e-16 -7.000000e-01
    endloop
  endfacet
  facet normal  7.071068e-01  1.540240e-09 -7.071067e-01
    outer loop
      vertex  4.000000e+00  4.000000e-01 -4.000000e-01
      vertex  3.700000e+00 -5.873474e-16 -7.000000e-01
      vertex  3.699241e+00  2.125720e-02 -7.007586e-01
    endloop
  endfacet
  facet normal  7.071057e-01  1.760937e-06 -7.071078e-01
    outer loop
      vertex  4.000000e+00  4.000000e-01 -4.000000e-01
      vertex  3.699241e+00  2.125720e-02 -7.007586e-01
      vertex  3.696975e+00  4.241732e-02 -7.030247e-01
    endloop
  endfacet
  facet normal  7.071063e-01  8.075545e-07 -7.071074e-01
    outer loop
      vertex  4.000000e+00  4.000000e-01 -4.000000e-01
      vertex  3.696975e+00  4.241732e-02 -7.030247e-01
      vertex  3.688225e+00  8.322354e-02 -7.117746e-01
    endloop
  endfacet
  facet normal  7.071078e-01 -2.372367e-06 -7.071057e-01
    outer loop
      vertex  4.000000e+00  4.000000e-01 -4.000000e-01
      vertex  3.688225e+00  8.322354e-02 -7.117746e-01
      vertex  3.673713e+00  1.227896e-01 -7.262874e-01
    endloop
  endfacet
  facet normal  7.071058e-01  2.516368e-06 -7.071078e-01
    outer loop
      vertex  4.000000e+00  4.000000e-01 -4.000000e-01
      vertex  3.673713e+00  1.227896e-01 -7.262874e-01
      vertex  3.654760e+00  1.584211e-01 -7.452398e-01
    endloop
  endfacet
  facet normal  7.071067e-01 -9.831390e-08 -7.071069e-01
    outer loop
      vertex  4.000000e+00  4.000000e-01 -4.000000e-01
      vertex  3.654760e+00  1.584211e-01 -7.452398e-01
      vertex  3.636563e+00  1.844918e-01 -7.634373e-01
    endloop
  endfacet
  facet normal  7.071068e-01 -1.033182e-07 -7.071069e-01
    outer loop
      vertex  4.000000e+00  4.000000e-01 -4.000000e-01
      vertex  3.636563e+00  1.844918e-01 -7.634373e-01
      vertex  3.616501e+00  2.076715e-01 -7.834993e-01
    endloop
  endfacet
  facet normal  7.071072e-01 -2.227392e-06 -7.071062e-01
    outer loop
      vertex  4.000000e+00  4.000000e-01 -4.000000e-01
      vertex  3.616501e+00  2.076715e-01 -7.834993e-01
      vertex  3.572257e+00  2.456166e-01 -8.277431e-01
    endloop
  endfacet
  facet normal  7.071068e-01  1.188842e-07 -7.071068e-01
    outer loop
      vertex  4.000000e+00  4.000000e-01 -4.000000e-01
      vertex  3.572257e+00  2.456166e-01 -8.277431e-01
      vertex  3.515424e+00  2.769053e-01 -8.845756e-01
    endloop
  endfacet
  facet normal  7.071064e-01  4.031408e-06 -7.071072e-01
    outer loop
      vertex  4.000000e+00  4.000000e-01 -4.000000e-01
      vertex  3.515424e+00  2.769053e-01 -8.845756e-01
      vertex  3.455728e+00  2.947773e-01 -9.442721e-01
    endloop
  endfacet
  facet normal  7.071074e-01 -7.993973e-06 -7.071061e-01
    outer loop
      vertex  4.000000e+00  4.000000e-01 -4.000000e-01
      vertex  3.455728e+00  2.947773e-01 -9.442721e-01
      vertex  3.394825e+00  2.999552e-01 -1.005175e+00
    endloop
  endfacet
  facet normal  7.071024e-01 -4.481389e-07 -7.071112e-01
    outer loop
      vertex  3.165159e+00 -1.023687e+00 -1.234841e+00
      vertex  3.106937e+00 -6.409670e-02 -1.293063e+00
      vertex  3.118536e+00 -1.038164e-01 -1.281464e+00
    endloop
  endfacet
  facet normal  7.071095e-01  2.807800e-07 -7.071040e-01
    outer loop
      vertex  3.165159e+00 -1.023687e+00 -1.234841e+00
      vertex  3.118536e+00 -1.038164e-01 -1.281464e+00
      vertex  3.135772e+00 -1.420570e-01 -1.264228e+00
    endloop
  endfacet
  facet normal  7.071068e-01  1.019521e-07 -7.071067e-01
    outer loop
      vertex  3.165159e+00 -1.023687e+00 -1.234841e+00
      vertex  3.135772e+00 -1.420570e-01 -1.264228e+00
      vertex  3.157052e+00 -1.760006e-01 -1.242948e+00
    endloop
  endfacet
  facet normal  7.071201e-01 -1.050042e-06 -7.070935e-01
    outer loop
      vertex  3.062810e+00 -9.087070e-01 -1.337190e+00
      vertex  3.100809e+00 -2.201856e-02 -1.299191e+00
      vertex  3.103133e+00 -4.321646e-02 -1.296867e+00
    endloop
  endfacet
  facet normal  7.070984e-01  9.780997e-07 -7.071152e-01
    outer loop
      vertex  3.062810e+00 -9.087070e-01 -1.337190e+00
      vertex  3.103133e+00 -4.321646e-02 -1.296867e+00
      vertex  3.106937e+00 -6.409670e-02 -1.293063e+00
    endloop
  endfacet
  facet normal  7.071069e-01  9.354400e-08 -7.071068e-01
    outer loop
      vertex  3.062810e+00 -9.087070e-01 -1.337190e+00
      vertex  3.106937e+00 -6.409670e-02 -1.293063e+00
      vertex  3.165159e+00 -1.023687e+00 -1.234841e+00
    endloop
  endfacet
  facet normal  7.071067e-01  3.963375e-07 -7.071068e-01
    outer loop
      vertex  4.000000e+00 -4.000000e-01 -4.000000e-01
      vertex  3.424635e+00 -2.989868e-01 -9.753650e-01
      vertex  3.487573e+00 -2.869336e-01 -9.124265e-01
    endloop
  endfacet
  facet normal  7.071067e-01  3.410780e-07 -7.071068e-01
    outer loop
      vertex  4.000000e+00 -4.000000e-01 -4.000000e-01
      vertex  3.487573e+00 -2.869336e-01 -9.124265e-01
      vertex  3.525196e+00 -2.726275e-01 -8.748041e-01
    endloop
  endfacet
  facet normal  7.071061e-01 -4.023110e-06 -7.071074e-01
    outer loop
      vertex  4.000000e+00 -4.000000e-01 -4.000000e-01
      vertex  3.525196e+00 -2.726275e-01 -8.748041e-01
      vertex  3.561611e+00 -2.527475e-01 -8.383892e-01
    endloop
  endfacet
  facet normal  7.071076e-01  4.745298e-06 -7.071059e-01
    outer loop
      vertex  4.000000e+00 -4.000000e-01 -4.000000e-01
      vertex  3.561611e+00 -2.527475e-01 -8.383892e-01
      vertex  3.586353e+00 -2.350999e-01 -8.136473e-01
    endloop
  endfacet
  facet normal  7.071059e-01 -4.072348e-06 -7.071077e-01
    outer loop
      vertex  4.000000e+00 -4.000000e-01 -4.000000e-01
      vertex  3.586353e+00 -2.350999e-01 -8.136473e-01
      vertex  3.609867e+00 -2.143716e-01 -7.901328e-01
    endloop
  endfacet
  facet normal  7.071071e-01  8.912225e-07 -7.071065e-01
    outer loop
      vertex  4.000000e+00 -4.000000e-01 -4.000000e-01
      vertex  3.609867e+00 -2.143716e-01 -7.901328e-01
      vertex  3.636043e+00 -1.851577e-01 -7.639567e-01
    endloop
  endfacet
  facet normal  7.071065e-01 -9.135044e-07 -7.071070e-01
    outer loop
      vertex  4.000000e+00 -4.000000e-01 -4.000000e-01
      vertex  3.636043e+00 -1.851577e-01 -7.639567e-01
      vertex  3.659095e+00 -1.512276e-01 -7.409050e-01
    endloop
  endfacet
  facet normal  7.071074e-01  1.518201e-06 -7.071062e-01
    outer loop
      vertex  4.000000e+00 -4.000000e-01 -4.000000e-01
      vertex  3.659095e+00 -1.512276e-01 -7.409050e-01
      vertex  3.678360e+00 -1.118456e-01 -7.216398e-01
    endloop
  endfacet
  facet normal  7.071055e-01 -2.947415e-06 -7.071081e-01
    outer loop
      vertex  4.000000e+00 -4.000000e-01 -4.000000e-01
      vertex  3.678360e+00 -1.118456e-01 -7.216398e-01
      vertex  3.686044e+00 -9.042205e-02 -7.139559e-01
    endloop
  endfacet
  facet normal  7.071090e-01  4.416791e-06 -7.071045e-01
    outer loop
      vertex  4.000000e+00 -4.000000e-01 -4.000000e-01
      vertex  3.686044e+00 -9.042205e-02 -7.139559e-01
      vertex  3.692160e+00 -6.813613e-02 -7.078400e-01
    endloop
  endfacet
  facet normal  7.071055e-01 -2.082889e-06 -7.071080e-01
    outer loop
      vertex  4.000000e+00 -4.000000e-01 -4.000000e-01
      vertex  3.692160e+00 -6.813613e-02 -7.078400e-01
      vertex  3.698004e+00 -3.450922e-02 -7.019963e-01
    endloop
  endfacet
  facet normal  7.071068e-01 -3.690970e-09 -7.071068e-01
    outer loop
      vertex  4.000000e+00 -4.000000e-01 -4.000000e-01
      vertex  3.698004e+00 -3.450922e-02 -7.019963e-01
      vertex  3.700000e+00 -5.873474e-16 -7.000000e-01
    endloop
  endfacet
  facet normal  7.071014e-01  7.071121e-01  2.905714e-07
    outer loop
      vertex  3.126154e+00  1.273846e+00  1.224844e-01
      vertex  3.117655e+00  1.282345e+00  1.013848e-01
      vertex  3.142264e+00  1.257736e+00  1.000012e+00
    endloop
  endfacet
  facet normal  7.071088e-01  7.071047e-01  2.226198e-08
    outer loop
      vertex  3.126154e+00  1.273846e+00  1.224844e-01
      vertex  3.142264e+00  1.257736e+00  1.000012e+00
      vertex  3.146877e+00  1.253123e+00  1.610233e-01
    endloop
  endfacet
  facet normal  7.071067e-01  7.071068e-01 -1.007165e-07
    outer loop
      vertex  3.275536e+00  1.124464e+00 -1.124470e+00
      vertex  3.166265e+00  1.233735e+00 -1.024804e+00
      vertex  3.163437e+00  1.236563e+00 -1.844918e-01
    endloop
  endfacet
  facet normal  7.071092e-01  7.071044e-01  4.759015e-07
    outer loop
      vertex  3.275536e+00  1.124464e+00 -1.124470e+00
      vertex  3.163437e+00  1.236563e+00 -1.844918e-01
      vertex  3.183499e+00  1.216501e+00 -2.076715e-01
    endloop
  endfacet
  facet normal  7.071058e-01  7.071079e-01 -2.131773e-07
    outer loop
      vertex  3.275536e+00  1.124464e+00 -1.124470e+00
      vertex  3.183499e+00  1.216501e+00 -2.076715e-01
      vertex  3.227743e+00  1.172257e+00 -2.456166e-01
    endloop
  endfacet
  facet normal  7.071080e-01  7.071055e-01  4.337452e-08
    outer loop
      vertex  3.275536e+00  1.124464e+00 -1.124470e+00
      vertex  3.227743e+00  1.172257e+00 -2.456166e-01
      vertex  3.261242e+00  1.138758e+00 -2.659818e-01
    endloop
  endfacet
  facet normal  7.071068e-01  7.071068e-01  0.000000e+00
    outer loop
      vertex  3.275536e+00  1.124464e+00 -1.124470e+00
      vertex  3.261242e+00  1.138758e+00 -2.659818e-01
      vertex  3.296042e+00  1.103958e+00 -2.814119e-01
    endloop
  endfacet
  facet normal  7.071062e-01  7.071074e-01  2.836376e-08
    outer loop
      vertex  3.275536e+00  1.124464e+00 -1.124470e+00
      vertex  3.296042e+00  1.103958e+00 -2.814119e-01
      vertex  3.367924e+00  1.032076e+00 -2.982803e-01
    endloop
  endfacet
  facet normal  7.071068e-01  7.071066e-01 -1.139667e-07
    outer loop
      vertex  3.275536e+00  1.124464e+00 -1.124470e+00
      vertex  3.367924e+00  1.032076e+00 -2.982803e-01
      vertex  4.000000e+00  4.000000e-01 -4.000000e-01
    endloop
  endfacet
  facet normal  7.070807e-01  7.071329e-01  2.104434e-06
    outer loop
      vertex  3.100000e+00  1.300000e+00 -7.347881e-17
      vertex  3.100759e+00  1.299241e+00 -2.125720e-02
      vertex  3.064835e+00  1.335165e+00 -9.112332e-01
    endloop
  endfacet
  facet normal  7.071072e-01  7.071063e-01  5.846017e-08
    outer loop
      vertex  3.100000e+00  1.300000e+00 -7.347881e-17
      vertex  3.064835e+00  1.335165e+00 -9.112332e-01
      vertex  2.953533e+00  1.446467e+00 -7.521673e-01
    endloop
  endfacet
  facet normal  7.071069e-01  7.071066e-01  1.651986e-07
    outer loop
      vertex  3.100000e+00  1.300000e+00 -7.347881e-17
      vertex  2.953533e+00  1.446467e+00 -7.521673e-01
      vertex  2.861285e+00  1.538715e+00 -5.726920e-01
    endloop
  endfacet
  facet normal  7.071066e-01  7.071069e-01  3.916010e-07
    outer loop
      vertex  3.100000e+00  1.300000e+00 -7.347881e-17
      vertex  2.861285e+00  1.538715e+00 -5.726920e-01
      vertex  2.799106e+00  1.600894e+00 -3.978072e-01
    endloop
  endfacet
  facet normal  7.071071e-01  7.071064e-01 -3.114559e-07
    outer loop
      vertex  3.100000e+00  1.300000e+00 -7.347881e-17
      vertex  2.799106e+00  1.600894e+00 -3.978072e-01
      vertex  2.759049e+00  1.640951e+00 -2.118447e-01
    endloop
  endfacet
  facet normal  7.071067e-01  7.071068e-01  8.784028e-07
    outer loop
      vertex  3.100000e+00  1.300000e+00 -7.347881e-17
      vertex  2.759049e+00  1.640951e+00 -2.118447e-01
      vertex  2.743635e+00  1.656365e+00 -2.022546e-02
    endloop
  endfacet
  facet normal  7.071068e-01  7.071068e-01  0.000000e+00
    outer loop
      vertex  3.100000e+00  1.300000e+00 -7.347881e-17
      vertex  2.743635e+00  1.656365e+00 -2.022546e-02
      vertex  2.753731e+00  1.646268e+00  1.720167e-01
    endloop
  endfacet
  facet normal  7.071066e-01  7.071069e-01 -7.285105e-07
    outer loop
      vertex  3.100000e+00  1.300000e+00 -7.347881e-17
      vertex  2.753731e+00  1.646268e+00  1.720167e-01
      vertex  2.770494e+00  1.629506e+00  2.785548e-01
    endloop
  endfacet
  facet normal  7.071069e-01  7.071067e-01 -4.816269e-08
    outer loop
      vertex  3.100000e+00  1.300000e+00 -7.347881e-17
      vertex  2.770494e+00  1.629506e+00  2.785548e-01
      vertex  2.794826e+00  1.605174e+00  3.824749e-01
    endloop
  endfacet
  facet normal  7.071070e-01  7.071065e-01  2.432711e-07
    outer loop
      vertex  3.100000e+00  1.300000e+00 -7.347881e-17
      vertex  2.794826e+00  1.605174e+00  3.824749e-01
      vertex  2.864185e+00  1.535815e+00  5.794024e-01
    endloop
  endfacet
  facet normal  7.071064e-01  7.071071e-01 -2.603605e-07
    outer loop
      vertex  3.100000e+00  1.300000e+00 -7.347881e-17
      vertex  2.864185e+00  1.535815e+00  5.794024e-01
      vertex  2.936557e+00  1.463443e+00  7.233644e-01
    endloop
  endfacet
  facet normal  7.071068e-01  7.071067e-01 -8.740514e-08
    outer loop
      vertex  3.100000e+00  1.300000e+00 -7.347881e-17
      vertex  2.936557e+00  1.463443e+00  7.233644e-01
      vertex  3.021494e+00  1.378506e+00  8.545261e-01
    endloop
  endfacet
  facet normal  7.071068e-01  7.071068e-01  0.000000e+00
    outer loop
      vertex  3.021494e+00  1.378506e+00  8.545261e-01
      vertex  3.142264e+00  1.257736e+00  1.000012e+00
      vertex  3.117655e+00  1.282345e+00  1.013848e-01
    endloop
  endfacet
  facet normal  7.071025e-01  7.071111e-01 -1.099009e-06
    outer loop
      vertex  3.021494e+00  1.378506e+00  8.545261e-01
      vertex  3.117655e+00  1.282345e+00  1.013848e-01
      vertex  3.110676e+00  1.289324e+00  7.932031e-02
    endloop
  endfacet
  facet normal  7.071137e-01  7.070998e-01  1.491632e-06
    outer loop
      vertex  3.021494e+00  1.378506e+00  8.545261e-01
      vertex  3.110676e+00  1.289324e+00  7.932031e-02
      vertex  3.102736e+00  1.297264e+00  4.035726e-02
    endloop
  endfacet
  facet normal  7.070940e-01  7.071196e-01 -2.446192e-06
    outer loop
      vertex  3.021494e+00  1.378506e+00  8.545261e-01
      vertex  3.102736e+00  1.297264e+00  4.035726e-02
      vertex  3.100000e+00  1.300000e+00 -7.347881e-17
    endloop
  endfacet
  facet normal  7.071068e-01  7.071068e-01 -8.443066e-08
    outer loop
      vertex  3.275532e+00  1.124468e+00  1.124468e+00
      vertex  4.000000e+00  4.000000e-01  4.000000e-01
      vertex  3.411168e+00  9.888324e-01  2.997902e-01
    endloop
  endfacet
  facet normal  7.071065e-01  7.071071e-01 -1.535772e-07
    outer loop
      vertex  3.275532e+00  1.124468e+00  1.124468e+00
      vertex  3.411168e+00  9.888324e-01  2.997902e-01
      vertex  3.344393e+00  1.055607e+00  2.948005e-01
    endloop
  endfacet
  facet normal  7.071074e-01  7.071061e-01  5.925067e-09
    outer loop
      vertex  3.275532e+00  1.124468e+00  1.124468e+00
      vertex  3.344393e+00  1.055607e+00  2.948005e-01
      vertex  3.279091e+00  1.120909e+00  2.745560e-01
    endloop
  endfacet
  facet normal  7.071068e-01  7.071068e-01  0.000000e+00
    outer loop
      vertex  3.275532e+00  1.124468e+00  1.124468e+00
      vertex  3.279091e+00  1.120909e+00  2.745560e-01
      vertex  3.230602e+00  1.169399e+00  2.475964e-01
    endloop
  endfacet
  facet normal  7.071058e-01  7.071078e-01  1.006007e-07
    outer loop
      vertex  3.275532e+00  1.124468e+00  1.124468e+00
      vertex  3.230602e+00  1.169399e+00  2.475964e-01
      vertex  3.185749e+00  1.214251e+00  2.099913e-01
    endloop
  endfacet
  facet normal  7.071068e-01  7.071067e-01 -1.044009e-07
    outer loop
      vertex  3.275532e+00  1.124468e+00  1.124468e+00
      vertex  3.185749e+00  1.214251e+00  2.099913e-01
      vertex  3.165381e+00  1.234619e+00  1.869598e-01
    endloop
  endfacet
  facet normal  7.071068e-01  7.071067e-01 -1.022492e-07
    outer loop
      vertex  3.275532e+00  1.124468e+00  1.124468e+00
      vertex  3.165381e+00  1.234619e+00  1.869598e-01
      vertex  3.146877e+00  1.253123e+00  1.610233e-01
    endloop
  endfacet
  facet normal  7.071065e-01  7.071071e-01 -3.662342e-09
    outer loop
      vertex  3.275532e+00  1.124468e+00  1.124468e+00
      vertex  3.146877e+00  1.253123e+00  1.610233e-01
      vertex  3.142264e+00  1.257736e+00  1.000012e+00
    endloop
  endfacet
  facet normal  7.071049e-01  7.071087e-01  -0.000000e+00
    outer loop
      vertex  4.000000e+00  4.000000e-01  4.000000e-01
      vertex  4.000000e+00  4.000000e-01 -4.000000e-01
      vertex  3.699998e+00  7.000000e-01  3.031929e-16
    endloop
  endfacet
  facet normal  7.071230e-01  7.070905e-01 -2.732504e-05
    outer loop
      vertex  4.000000e+00  4.000000e-01  4.000000e-01
      vertex  3.699998e+00  7.000000e-01  3.031929e-16
      vertex  3.697669e+00  7.023311e-01  3.732620e-02
    endloop
  endfacet
  facet normal  7.071066e-01  7.071068e-01 -2.171959e-08
    outer loop
      vertex  4.000000e+00  4.000000e-01  4.000000e-01
      vertex  3.697669e+00  7.023311e-01  3.732620e-02
      vertex  3.694272e+00  7.057279e-01  5.832358e-02
    endloop
  endfacet
  facet normal  7.071075e-01  7.071060e-01 -1.671302e-06
    outer loop
      vertex  4.000000e+00  4.000000e-01  4.000000e-01
      vertex  3.694272e+00  7.057279e-01  5.832358e-02
      vertex  3.689440e+00  7.105600e-01  7.886103e-02
    endloop
  endfacet
  facet normal  7.071071e-01  7.071064e-01 -8.057328e-07
    outer loop
      vertex  4.000000e+00  4.000000e-01  4.000000e-01
      vertex  3.689440e+00  7.105600e-01  7.886103e-02
      vertex  3.675993e+00  7.240068e-01  1.175916e-01
    endloop
  endfacet
  facet normal  7.071065e-01  7.071071e-01  7.928397e-07
    outer loop
      vertex  4.000000e+00  4.000000e-01  4.000000e-01
      vertex  3.675993e+00  7.240068e-01  1.175916e-01
      vertex  3.656952e+00  7.430478e-01  1.548302e-01
    endloop
  endfacet
  facet normal  7.071068e-01  7.071069e-01 -3.914176e-08
    outer loop
      vertex  4.000000e+00  4.000000e-01  4.000000e-01
      vertex  3.656952e+00  7.430478e-01  1.548302e-01
      vertex  3.634134e+00  7.658662e-01  1.875669e-01
    endloop
  endfacet
  facet normal  7.071068e-01  7.071068e-01 -2.512629e-08
    outer loop
      vertex  4.000000e+00  4.000000e-01  4.000000e-01
      vertex  3.634134e+00  7.658662e-01  1.875669e-01
      vertex  3.613091e+00  7.869090e-01  2.111671e-01
    endloop
  endfacet
  facet normal  7.071071e-01  7.071064e-01 -1.346813e-06
    outer loop
      vertex  4.000000e+00  4.000000e-01  4.000000e-01
      vertex  3.613091e+00  7.869090e-01  2.111671e-01
      vertex  3.590514e+00  8.094863e-01  2.317424e-01
    endloop
  endfacet
  facet normal  7.071068e-01  7.071067e-01  6.134718e-08
    outer loop
      vertex  4.000000e+00  4.000000e-01  4.000000e-01
      vertex  3.590514e+00  8.094863e-01  2.317424e-01
      vertex  3.542028e+00  8.579718e-01  2.642499e-01
    endloop
  endfacet
  facet normal  7.071069e-01  7.071067e-01 -9.027176e-07
    outer loop
      vertex  4.000000e+00  4.000000e-01  4.000000e-01
      vertex  3.542028e+00  8.579718e-01  2.642499e-01
      vertex  3.477662e+00  9.223385e-01  2.897724e-01
    endloop
  endfacet
  facet normal  7.071066e-01  7.071069e-01  2.306610e-06
    outer loop
      vertex  4.000000e+00  4.000000e-01  4.000000e-01
      vertex  3.477662e+00  9.223385e-01  2.897724e-01
      vertex  3.411168e+00  9.888324e-01  2.997902e-01
    endloop
  endfacet
  facet normal  7.071102e-01  7.071033e-01  4.005458e-07
    outer loop
      vertex  3.166265e+00  1.233735e+00 -1.024804e+00
      vertex  3.111775e+00  1.288225e+00 -8.322354e-02
      vertex  3.126287e+00  1.273713e+00 -1.227896e-01
    endloop
  endfacet
  facet normal  7.071044e-01  7.071091e-01 -1.129371e-07
    outer loop
      vertex  3.166265e+00  1.233735e+00 -1.024804e+00
      vertex  3.126287e+00  1.273713e+00 -1.227896e-01
      vertex  3.145240e+00  1.254760e+00 -1.584211e-01
    endloop
  endfacet
  facet normal  7.071043e-01  7.071092e-01 -1.163002e-07
    outer loop
      vertex  3.166265e+00  1.233735e+00 -1.024804e+00
      vertex  3.145240e+00  1.254760e+00 -1.584211e-01
      vertex  3.163437e+00  1.236563e+00 -1.844918e-01
    endloop
  endfacet
  facet normal  7.071068e-01  7.071068e-01  0.000000e+00
    outer loop
      vertex  3.064835e+00  1.335165e+00 -9.112332e-01
      vertex  3.100759e+00  1.299241e+00 -2.125720e-02
      vertex  3.103025e+00  1.296975e+00 -4.241732e-02
    endloop
  endfacet
  facet normal  7.071068e-01  7.071068e-01  0.000000e+00
    outer loop
      vertex  3.064835e+00  1.335165e+00 -9.112332e-01
      vertex  3.103025e+00  1.296975e+00 -4.241732e-02
      vertex  3.111775e+00  1.288225e+00 -8.322354e-02
    endloop
  endfacet
  facet normal  7.071067e-01  7.071067e-01  0.000000e+00
    outer loop
      vertex  3.064835e+00  1.335165e+00 -9.112332e-01
      vertex  3.111775e+00  1.288225e+00 -8.322354e-02
      vertex  3.166265e+00  1.233735e+00 -1.024804e+00
    endloop
  endfacet
  facet normal  7.071071e-01  7.071065e-01  2.640131e-06
    outer loop
      vertex  4.000000e+00  4.000000e-01 -4.000000e-01
      vertex  3.367924e+00  1.032076e+00 -2.982803e-01
      vertex  3.440237e+00  9.597635e-01 -2.972893e-01
    endloop
  endfacet
  facet normal  7.071072e-01  7.071063e-01  5.203840e-06
    outer loop
      vertex  4.000000e+00  4.000000e-01 -4.000000e-01
      vertex  3.440237e+00  9.597635e-01 -2.972893e-01
      vertex  3.480814e+00  9.191862e-01 -2.889094e-01
    endloop
  endfacet
  facet normal  7.071063e-01  7.071072e-01 -3.350347e-06
    outer loop
      vertex  4.000000e+00  4.000000e-01 -4.000000e-01
      vertex  3.480814e+00  9.191862e-01 -2.889094e-01
      vertex  3.520576e+00  8.794245e-01 -2.747017e-01
    endloop
  endfacet
  facet normal  7.071073e-01  7.071064e-01  3.693001e-06
    outer loop
      vertex  4.000000e+00  4.000000e-01 -4.000000e-01
      vertex  3.520576e+00  8.794245e-01 -2.747017e-01
      vertex  3.550124e+00  8.498755e-01 -2.597354e-01
    endloop
  endfacet
  facet normal  7.071063e-01  7.071073e-01 -2.921770e-06
    outer loop
      vertex  4.000000e+00  4.000000e-01 -4.000000e-01
      vertex  3.550124e+00  8.498755e-01 -2.597354e-01
      vertex  3.578586e+00  8.214137e-01 -2.410538e-01
    endloop
  endfacet
  facet normal  7.071068e-01  7.071068e-01 -6.040152e-08
    outer loop
      vertex  4.000000e+00  4.000000e-01 -4.000000e-01
      vertex  3.578586e+00  8.214137e-01 -2.410538e-01
      vertex  3.619333e+00  7.806675e-01 -2.046784e-01
    endloop
  endfacet
  facet normal  7.071071e-01  7.071065e-01  1.296513e-06
    outer loop
      vertex  4.000000e+00  4.000000e-01 -4.000000e-01
      vertex  3.619333e+00  7.806675e-01 -2.046784e-01
      vertex  3.637854e+00  7.621464e-01 -1.828249e-01
    endloop
  endfacet
  facet normal  7.071068e-01  7.071068e-01  2.636540e-08
    outer loop
      vertex  4.000000e+00  4.000000e-01 -4.000000e-01
      vertex  3.637854e+00  7.621464e-01 -1.828249e-01
      vertex  3.654734e+00  7.452656e-01 -1.584626e-01
    endloop
  endfacet
  facet normal  7.071062e-01  7.071074e-01 -1.559187e-06
    outer loop
      vertex  4.000000e+00  4.000000e-01 -4.000000e-01
      vertex  3.654734e+00  7.452656e-01 -1.584626e-01
      vertex  3.675148e+00  7.248516e-01 -1.195300e-01
    endloop
  endfacet
  facet normal  7.071081e-01  7.071055e-01  2.903094e-06
    outer loop
      vertex  4.000000e+00  4.000000e-01 -4.000000e-01
      vertex  3.675148e+00  7.248516e-01 -1.195300e-01
      vertex  3.683453e+00  7.165471e-01 -9.824433e-02
    endloop
  endfacet
  facet normal  7.071068e-01  7.071068e-01  1.814032e-08
    outer loop
      vertex  4.000000e+00  4.000000e-01 -4.000000e-01
      vertex  3.683453e+00  7.165471e-01 -9.824433e-02
      vertex  3.690210e+00  7.097901e-01 -7.601469e-02
    endloop
  endfacet
  facet normal  7.071061e-01  7.071075e-01 -1.219667e-06
    outer loop
      vertex  4.000000e+00  4.000000e-01 -4.000000e-01
      vertex  3.690210e+00  7.097901e-01 -7.601469e-02
      vertex  3.696132e+00  7.038679e-01 -4.800364e-02
    endloop
  endfacet
  facet normal  7.071068e-01  7.071068e-01 -8.299070e-09
    outer loop
      vertex  4.000000e+00  4.000000e-01 -4.000000e-01
      vertex  3.696132e+00  7.038679e-01 -4.800364e-02
      vertex  3.699389e+00  7.006108e-01 -1.913423e-02
    endloop
  endfacet
  facet normal  7.071444e-01  7.070692e-01  5.927852e-05
    outer loop
      vertex  4.000000e+00  4.000000e-01 -4.000000e-01
      vertex  3.699389e+00  7.006108e-01 -1.913423e-02
      vertex  3.699998e+00  7.000000e-01  3.031929e-16
    endloop
  endfacet
  facet normal  7.070972e-01 -3.279273e-06  7.071164e-01
    outer loop
      vertex  2.971166e+00  7.805758e-01  1.428834e+00
      vertex  3.100000e+00  9.184851e-17  1.300000e+00
      vertex  3.100759e+00  2.125720e-02  1.299241e+00
    endloop
  endfacet
  facet normal  7.071068e-01  0.000000e+00  7.071068e-01
    outer loop
      vertex  2.971166e+00  7.805758e-01  1.428834e+00
      vertex  3.100759e+00  2.125720e-02  1.299241e+00
      vertex  3.103025e+00  4.241732e-02  1.296975e+00
    endloop
  endfacet
  facet normal  7.071068e-01  0.000000e+00  7.071068e-01
    outer loop
      vertex  2.971166e+00  7.805758e-01  1.428834e+00
      vertex  3.103025e+00  4.241732e-02  1.296975e+00
      vertex  3.111775e+00  8.322354e-02  1.288225e+00
    endloop
  endfacet
  facet normal  7.071065e-01 -9.445587e-08  7.071070e-01
    outer loop
      vertex  2.971166e+00  7.805758e-01  1.428834e+00
      vertex  3.111775e+00  8.322354e-02  1.288225e+00
      vertex  3.113251e+00  9.684159e-01  1.286749e+00
    endloop
  endfacet
  facet normal  7.071068e-01 -9.542200e-08  7.071068e-01
    outer loop
      vertex  3.275532e+00  1.124468e+00  1.124468e+00
      vertex  3.113251e+00  9.684159e-01  1.286749e+00
      vertex  3.111775e+00  8.322354e-02  1.288225e+00
    endloop
  endfacet
  facet normal  7.071120e-01 -1.735639e-06  7.071015e-01
    outer loop
      vertex  3.275532e+00  1.124468e+00  1.124468e+00
      vertex  3.111775e+00  8.322354e-02  1.288225e+00
      vertex  3.126287e+00  1.227896e-01  1.273713e+00
    endloop
  endfacet
  facet normal  7.071039e-01  6.866595e-07  7.071096e-01
    outer loop
      vertex  3.275532e+00  1.124468e+00  1.124468e+00
      vertex  3.126287e+00  1.227896e-01  1.273713e+00
      vertex  3.145240e+00  1.584211e-01  1.254760e+00
    endloop
  endfacet
  facet normal  7.071040e-01  6.616646e-07  7.071096e-01
    outer loop
      vertex  3.275532e+00  1.124468e+00  1.124468e+00
      vertex  3.145240e+00  1.584211e-01  1.254760e+00
      vertex  3.163437e+00  1.844918e-01  1.236563e+00
    endloop
  endfacet
  facet normal  7.071093e-01 -5.771555e-07  7.071044e-01
    outer loop
      vertex  3.275532e+00  1.124468e+00  1.124468e+00
      vertex  3.163437e+00  1.844918e-01  1.236563e+00
      vertex  3.183499e+00  2.076715e-01  1.216501e+00
    endloop
  endfacet
  facet normal  7.071058e-01  1.065885e-07  7.071078e-01
    outer loop
      vertex  3.275532e+00  1.124468e+00  1.124468e+00
      vertex  3.183499e+00  2.076715e-01  1.216501e+00
      vertex  3.227743e+00  2.456166e-01  1.172257e+00
    endloop
  endfacet
  facet normal  7.071097e-01 -3.234547e-07  7.071038e-01
    outer loop
      vertex  3.275532e+00  1.124468e+00  1.124468e+00
      vertex  3.227743e+00  2.456166e-01  1.172257e+00
      vertex  3.257110e+00  2.637847e-01  1.142890e+00
    endloop
  endfacet
  facet normal  7.071055e-01 -1.381856e-07  7.071081e-01
    outer loop
      vertex  3.275532e+00  1.124468e+00  1.124468e+00
      vertex  3.257110e+00  2.637847e-01  1.142890e+00
      vertex  3.287524e+00  2.781172e-01  1.112476e+00
    endloop
  endfacet
  facet normal  7.071068e-01 -9.938013e-08  7.071068e-01
    outer loop
      vertex  3.275532e+00  1.124468e+00  1.124468e+00
      vertex  3.287524e+00  2.781172e-01  1.112476e+00
      vertex  3.327710e+00  2.911601e-01  1.072290e+00
    endloop
  endfacet
  facet normal  7.071068e-01 -1.003028e-07  7.071068e-01
    outer loop
      vertex  3.275532e+00  1.124468e+00  1.124468e+00
      vertex  3.327710e+00  2.911601e-01  1.072290e+00
      vertex  3.368624e+00  2.983547e-01  1.031376e+00
    endloop
  endfacet
  facet normal  7.071068e-01 -9.920637e-08  7.071068e-01
    outer loop
      vertex  3.275532e+00  1.124468e+00  1.124468e+00
      vertex  3.368624e+00  2.983547e-01  1.031376e+00
      vertex  4.000000e+00  4.000000e-01  4.000000e-01
    endloop
  endfacet
  facet normal  7.071073e-01  6.234131e-08  7.071063e-01
    outer loop
      vertex  3.100000e+00  9.184851e-17  1.300000e+00
      vertex  2.971166e+00  7.805758e-01  1.428834e+00
      vertex  2.897787e+00  6.512053e-01  1.502213e+00
    endloop
  endfacet
  facet normal  7.071070e-01 -1.447434e-07  7.071066e-01
    outer loop
      vertex  3.100000e+00  9.184851e-17  1.300000e+00
      vertex  2.897787e+00  6.512053e-01  1.502213e+00
      vertex  2.836494e+00  5.110962e-01  1.563506e+00
    endloop
  endfacet
  facet normal  7.071069e-01 -1.214512e-07  7.071065e-01
    outer loop
      vertex  3.100000e+00  9.184851e-17  1.300000e+00
      vertex  2.836494e+00  5.110962e-01  1.563506e+00
      vertex  2.778217e+00  3.154690e-01  1.621783e+00
    endloop
  endfacet
  facet normal  7.071071e-01 -8.468029e-08  7.071066e-01
    outer loop
      vertex  3.100000e+00  9.184851e-17  1.300000e+00
      vertex  2.778217e+00  3.154690e-01  1.621783e+00
      vertex  2.759253e+00  2.132206e-01  1.640747e+00
    endloop
  endfacet
  facet normal  7.071065e-01 -1.569163e-06  7.071070e-01
    outer loop
      vertex  3.100000e+00  9.184851e-17  1.300000e+00
      vertex  2.759253e+00  2.132206e-01  1.640747e+00
      vertex  2.747600e+00  1.090489e-01  1.652400e+00
    endloop
  endfacet
  facet normal  7.071069e-01  8.789294e-07  7.071066e-01
    outer loop
      vertex  3.100000e+00  9.184851e-17  1.300000e+00
      vertex  2.747600e+00  1.090489e-01  1.652400e+00
      vertex  2.745823e+00 -8.215386e-02  1.654177e+00
    endloop
  endfacet
  facet normal  7.071070e-01  5.747626e-08  7.071066e-01
    outer loop
      vertex  3.100000e+00  9.184851e-17  1.300000e+00
      vertex  2.745823e+00 -8.215386e-02  1.654177e+00
      vertex  2.769013e+00 -2.708755e-01  1.630987e+00
    endloop
  endfacet
  facet normal  7.071069e-01  1.242421e-07  7.071066e-01
    outer loop
      vertex  3.100000e+00  9.184851e-17  1.300000e+00
      vertex  2.769013e+00 -2.708755e-01  1.630987e+00
      vertex  2.816966e+00 -4.558303e-01  1.583034e+00
    endloop
  endfacet
  facet normal  7.071072e-01 -1.472611e-07  7.071064e-01
    outer loop
      vertex  3.100000e+00  9.184851e-17  1.300000e+00
      vertex  2.816966e+00 -4.558303e-01  1.583034e+00
      vertex  2.886513e+00 -6.282260e-01  1.513487e+00
    endloop
  endfacet
  facet normal  7.071066e-01  2.584950e-07  7.071069e-01
    outer loop
      vertex  3.100000e+00  9.184851e-17  1.300000e+00
      vertex  2.886513e+00 -6.282260e-01  1.513487e+00
      vertex  2.988113e+00 -8.065803e-01  1.411887e+00
    endloop
  endfacet
  facet normal  7.070958e-01  3.307463e-06  7.071179e-01
    outer loop
      vertex  3.100000e+00  9.184851e-17  1.300000e+00
      vertex  2.988113e+00 -8.065803e-01  1.411887e+00
      vertex  3.102286e+00 -3.690990e-02  1.297714e+00
    endloop
  endfacet
  facet normal  7.071068e-01  2.521355e-07  7.071069e-01
    outer loop
      vertex  3.275533e+00 -1.124467e+00  1.124467e+00
      vertex  4.000000e+00 -4.000000e-01  4.000000e-01
      vertex  3.407903e+00 -2.998940e-01  9.920972e-01
    endloop
  endfacet
  facet normal  7.071071e-01  4.707608e-08  7.071065e-01
    outer loop
      vertex  3.275533e+00 -1.124467e+00  1.124467e+00
      vertex  3.407903e+00 -2.998940e-01  9.920972e-01
      vertex  3.340967e+00 -2.941336e-01  1.059033e+00
    endloop
  endfacet
  facet normal  7.071068e-01  1.005857e-07  7.071068e-01
    outer loop
      vertex  3.275533e+00 -1.124467e+00  1.124467e+00
      vertex  3.340967e+00 -2.941336e-01  1.059033e+00
      vertex  3.275611e+00 -2.729971e-01  1.124389e+00
    endloop
  endfacet
  facet normal  7.071068e-01  9.899261e-08  7.071067e-01
    outer loop
      vertex  3.275533e+00 -1.124467e+00  1.124467e+00
      vertex  3.275611e+00 -2.729971e-01  1.124389e+00
      vertex  3.226794e+00 -2.449483e-01  1.173205e+00
    endloop
  endfacet
  facet normal  7.071068e-01  1.016908e-07  7.071067e-01
    outer loop
      vertex  3.275533e+00 -1.124467e+00  1.124467e+00
      vertex  3.226794e+00 -2.449483e-01  1.173205e+00
      vertex  3.203703e+00 -2.268641e-01  1.196297e+00
    endloop
  endfacet
  facet normal  7.071089e-01  4.316851e-07  7.071046e-01
    outer loop
      vertex  3.275533e+00 -1.124467e+00  1.124467e+00
      vertex  3.203703e+00 -2.268641e-01  1.196297e+00
      vertex  3.181846e+00 -2.059336e-01  1.218154e+00
    endloop
  endfacet
  facet normal  7.071044e-01 -4.822160e-07  7.071092e-01
    outer loop
      vertex  3.275533e+00 -1.124467e+00  1.124467e+00
      vertex  3.181846e+00 -2.059336e-01  1.218154e+00
      vertex  3.161571e+00 -1.820760e-01  1.238429e+00
    endloop
  endfacet
  facet normal  7.071069e-01  1.045745e-07  7.071067e-01
    outer loop
      vertex  3.275533e+00 -1.124467e+00  1.124467e+00
      vertex  3.161571e+00 -1.820760e-01  1.238429e+00
      vertex  3.143291e+00 -1.552437e-01  1.256709e+00
    endloop
  endfacet
  facet normal  7.071069e-01  1.169060e-07  7.071067e-01
    outer loop
      vertex  3.275533e+00 -1.124467e+00  1.124467e+00
      vertex  3.143291e+00 -1.552437e-01  1.256709e+00
      vertex  3.123437e+00 -1.162188e-01  1.276563e+00
    endloop
  endfacet
  facet normal  7.071068e-01  1.006178e-07  7.071067e-01
    outer loop
      vertex  3.108346e+00 -9.628853e-01  1.291654e+00
      vertex  3.275533e+00 -1.124467e+00  1.124467e+00
      vertex  3.123437e+00 -1.162188e-01  1.276563e+00
    endloop
  endfacet
  facet normal  7.071120e-01 -8.396945e-08  7.071017e-01
    outer loop
      vertex  3.108346e+00 -9.628853e-01  1.291654e+00
      vertex  3.123437e+00 -1.162188e-01  1.276563e+00
      vertex  3.115422e+00 -9.493436e-02  1.284579e+00
    endloop
  endfacet
  facet normal  7.071068e-01  0.000000e+00  7.071068e-01
    outer loop
      vertex  3.108346e+00 -9.628853e-01  1.291654e+00
      vertex  3.115422e+00 -9.493436e-02  1.284579e+00
      vertex  3.108953e+00 -7.274538e-02  1.291047e+00
    endloop
  endfacet
  facet normal  7.071068e-01  0.000000e+00  7.071068e-01
    outer loop
      vertex  3.108346e+00 -9.628853e-01  1.291654e+00
      vertex  3.108953e+00 -7.274538e-02  1.291047e+00
      vertex  3.102286e+00 -3.690990e-02  1.297714e+00
    endloop
  endfacet
  facet normal  7.071068e-01  0.000000e+00  7.071068e-01
    outer loop
      vertex  3.108346e+00 -9.628853e-01  1.291654e+00
      vertex  3.102286e+00 -3.690990e-02  1.297714e+00
      vertex  2.988113e+00 -8.065803e-01  1.411887e+00
    endloop
  endfacet
  facet normal  7.071054e-01  0.000000e+00  7.071081e-01
    outer loop
      vertex  4.000000e+00 -4.000000e-01  4.000000e-01
      vertex  4.000000e+00  4.000000e-01  4.000000e-01
      vertex  3.699999e+00 -5.510911e-17  7.000000e-01
    endloop
  endfacet
  facet normal  7.071176e-01  1.829906e-05  7.070960e-01
    outer loop
      vertex  4.000000e+00 -4.000000e-01  4.000000e-01
      vertex  3.699999e+00 -5.510911e-17  7.000000e-01
      vertex  3.697252e+00 -4.051188e-02  7.027479e-01
    endloop
  endfacet
  facet normal  7.071077e-01  1.669384e-06  7.071058e-01
    outer loop
      vertex  4.000000e+00 -4.000000e-01  4.000000e-01
      vertex  3.697252e+00 -4.051188e-02  7.027479e-01
      vertex  3.693633e+00 -6.146045e-02  7.063670e-01
    endloop
  endfacet
  facet normal  7.071051e-01 -3.251066e-06  7.071086e-01
    outer loop
      vertex  4.000000e+00 -4.000000e-01  4.000000e-01
      vertex  3.693633e+00 -6.146045e-02  7.063670e-01
      vertex  3.688589e+00 -8.192067e-02  7.114108e-01
    endloop
  endfacet
  facet normal  7.071075e-01  1.647107e-06  7.071060e-01
    outer loop
      vertex  4.000000e+00 -4.000000e-01  4.000000e-01
      vertex  3.688589e+00 -8.192067e-02  7.114108e-01
      vertex  3.674763e+00 -1.204381e-01  7.252371e-01
    endloop
  endfacet
  facet normal  7.071065e-01 -8.105867e-07  7.071071e-01
    outer loop
      vertex  4.000000e+00 -4.000000e-01  4.000000e-01
      vertex  3.674763e+00 -1.204381e-01  7.252371e-01
      vertex  3.655350e+00 -1.574580e-01  7.446495e-01
    endloop
  endfacet
  facet normal  7.071067e-01  3.918713e-08  7.071068e-01
    outer loop
      vertex  4.000000e+00 -4.000000e-01  4.000000e-01
      vertex  3.655350e+00 -1.574580e-01  7.446495e-01
      vertex  3.632215e+00 -1.899370e-01  7.677847e-01
    endloop
  endfacet
  facet normal  7.071071e-01  1.209591e-06  7.071065e-01
    outer loop
      vertex  4.000000e+00 -4.000000e-01  4.000000e-01
      vertex  3.632215e+00 -1.899370e-01  7.677847e-01
      vertex  3.610942e+00 -2.133140e-01  7.890581e-01
    endloop
  endfacet
  facet normal  7.071065e-01 -1.353057e-06  7.071071e-01
    outer loop
      vertex  4.000000e+00 -4.000000e-01  4.000000e-01
      vertex  3.610942e+00 -2.133140e-01  7.890581e-01
      vertex  3.588160e+00 -2.336572e-01  8.118397e-01
    endloop
  endfacet
  facet normal  7.071071e-01  1.668594e-06  7.071065e-01
    outer loop
      vertex  4.000000e+00 -4.000000e-01  4.000000e-01
      vertex  3.588160e+00 -2.336572e-01  8.118397e-01
      vertex  3.539329e+00 -2.656830e-01  8.606710e-01
    endloop
  endfacet
  facet normal  7.071064e-01 -3.137197e-06  7.071072e-01
    outer loop
      vertex  4.000000e+00 -4.000000e-01  4.000000e-01
      vertex  3.539329e+00 -2.656830e-01  8.606710e-01
      vertex  3.474638e+00 -2.905658e-01  9.253615e-01
    endloop
  endfacet
  facet normal  7.071067e-01  4.316964e-07  7.071068e-01
    outer loop
      vertex  4.000000e+00 -4.000000e-01  4.000000e-01
      vertex  3.474638e+00 -2.905658e-01  9.253615e-01
      vertex  3.407903e+00 -2.998940e-01  9.920972e-01
    endloop
  endfacet
  facet normal  7.071065e-01  3.230776e-06  7.071071e-01
    outer loop
      vertex  4.000000e+00  4.000000e-01  4.000000e-01
      vertex  3.368624e+00  2.983547e-01  1.031376e+00
      vertex  3.441308e+00  2.971424e-01  9.586923e-01
    endloop
  endfacet
  facet normal  7.071068e-01  0.000000e+00  7.071068e-01
    outer loop
      vertex  4.000000e+00  4.000000e-01  4.000000e-01
      vertex  3.441308e+00  2.971424e-01  9.586923e-01
      vertex  3.481840e+00  2.886204e-01  9.181601e-01
    endloop
  endfacet
  facet normal  7.071072e-01 -3.776982e-06  7.071064e-01
    outer loop
      vertex  4.000000e+00  4.000000e-01  4.000000e-01
      vertex  3.481840e+00  2.886204e-01  9.181601e-01
      vertex  3.521546e+00  2.742737e-01  8.784543e-01
    endloop
  endfacet
  facet normal  7.071068e-01 -1.783045e-07  7.071068e-01
    outer loop
      vertex  4.000000e+00  4.000000e-01  4.000000e-01
      vertex  3.521546e+00  2.742737e-01  8.784543e-01
      vertex  3.551439e+00  2.589709e-01  8.485606e-01
    endloop
  endfacet
  facet normal  7.071065e-01  1.355264e-06  7.071071e-01
    outer loop
      vertex  4.000000e+00  4.000000e-01  4.000000e-01
      vertex  3.551439e+00  2.589709e-01  8.485606e-01
      vertex  3.580202e+00  2.398486e-01  8.197984e-01
    endloop
  endfacet
  facet normal  7.071066e-01  7.741079e-07  7.071070e-01
    outer loop
      vertex  4.000000e+00  4.000000e-01  4.000000e-01
      vertex  3.580202e+00  2.398486e-01  8.197984e-01
      vertex  3.621104e+00  2.027640e-01  7.788965e-01
    endloop
  endfacet
  facet normal  7.071068e-01  2.722023e-08  7.071068e-01
    outer loop
      vertex  4.000000e+00  4.000000e-01  4.000000e-01
      vertex  3.621104e+00  2.027640e-01  7.788965e-01
      vertex  3.639634e+00  1.804844e-01  7.603657e-01
    endloop
  endfacet
  facet normal  7.071068e-01  2.604468e-08  7.071068e-01
    outer loop
      vertex  4.000000e+00  4.000000e-01  4.000000e-01
      vertex  3.639634e+00  1.804844e-01  7.603657e-01
      vertex  3.656461e+00  1.556519e-01  7.435386e-01
    endloop
  endfacet
  facet normal  7.071068e-01  3.590187e-08  7.071067e-01
    outer loop
      vertex  4.000000e+00  4.000000e-01  4.000000e-01
      vertex  3.656461e+00  1.556519e-01  7.435386e-01
      vertex  3.676454e+00  1.164780e-01  7.235460e-01
    endloop
  endfacet
  facet normal  7.071075e-01 -1.466684e-06  7.071061e-01
    outer loop
      vertex  4.000000e+00  4.000000e-01  4.000000e-01
      vertex  3.676454e+00  1.164780e-01  7.235460e-01
      vertex  3.684523e+00  9.509993e-02  7.154769e-01
    endloop
  endfacet
  facet normal  7.071068e-01  0.000000e+00  7.071068e-01
    outer loop
      vertex  4.000000e+00  4.000000e-01  4.000000e-01
      vertex  3.684523e+00  9.509993e-02  7.154769e-01
      vertex  3.691031e+00  7.280760e-02  7.089690e-01
    endloop
  endfacet
  facet normal  7.071061e-01  1.229876e-06  7.071075e-01
    outer loop
      vertex  4.000000e+00  4.000000e-01  4.000000e-01
      vertex  3.691031e+00  7.280760e-02  7.089690e-01
      vertex  3.696643e+00  4.473953e-02  7.033572e-01
    endloop
  endfacet
  facet normal  7.071068e-01  8.398773e-09  7.071068e-01
    outer loop
      vertex  4.000000e+00  4.000000e-01  4.000000e-01
      vertex  3.696643e+00  4.473953e-02  7.033572e-01
      vertex  3.699580e+00  1.587002e-02  7.004201e-01
    endloop
  endfacet
  facet normal  7.071397e-01 -5.137767e-05  7.070739e-01
    outer loop
      vertex  4.000000e+00  4.000000e-01  4.000000e-01
      vertex  3.699580e+00  1.587002e-02  7.004201e-01
      vertex  3.699999e+00 -5.510911e-17  7.000000e-01
    endloop
  endfacet
  facet normal  0.000000e+00 -9.801730e-02 -9.951848e-01
    outer loop
      vertex  4.000000e+00 -1.285879e-16  3.000000e-01
      vertex -1.404272e+01  5.852710e-02  2.942356e-01
      vertex  4.000000e+00  5.852710e-02  2.942356e-01
    endloop
  endfacet
  facet normal  -0.000000e+00 -2.902847e-01 -9.569404e-01
    outer loop
      vertex  4.000000e+00  5.852710e-02  2.942356e-01
      vertex -1.404272e+01  5.852710e-02  2.942356e-01
      vertex -1.404272e+01  1.148050e-01  2.771639e-01
    endloop
  endfacet
  facet normal  0.000000e+00 -2.902847e-01 -9.569404e-01
    outer loop
      vertex  4.000000e+00  5.852710e-02  2.942356e-01
      vertex -1.404272e+01  1.148050e-01  2.771639e-01
      vertex  4.000000e+00  1.148050e-01  2.771639e-01
    endloop
  endfacet
  facet normal  -0.000000e+00 -4.713968e-01 -8.819212e-01
    outer loop
      vertex  4.000000e+00  1.148050e-01  2.771639e-01
      vertex -1.404272e+01  1.148050e-01  2.771639e-01
      vertex -1.404272e+01  1.666711e-01  2.494409e-01
    endloop
  endfacet
  facet normal  0.000000e+00 -4.713968e-01 -8.819212e-01
    outer loop
      vertex  4.000000e+00  1.148050e-01  2.771639e-01
      vertex -1.404272e+01  1.666711e-01  2.494409e-01
      vertex  4.000000e+00  1.666711e-01  2.494409e-01
    endloop
  endfacet
  facet normal  -0.000000e+00 -6.343932e-01 -7.730105e-01
    outer loop
      vertex  4.000000e+00  1.666711e-01  2.494409e-01
      vertex -1.404272e+01  1.666711e-01  2.494409e-01
      vertex -1.404272e+01  2.121320e-01  2.121320e-01
    endloop
  endfacet
  facet normal  0.000000e+00 -6.343932e-01 -7.730105e-01
    outer loop
      vertex  4.000000e+00  1.666711e-01  2.494409e-01
      vertex -1.404272e+01  2.121320e-01  2.121320e-01
      vertex  4.000000e+00  2.121320e-01  2.121320e-01
    endloop
  endfacet
  facet normal  -0.000000e+00 -7.730105e-01 -6.343932e-01
    outer loop
      vertex  4.000000e+00  2.121320e-01  2.121320e-01
      vertex -1.404272e+01  2.121320e-01  2.121320e-01
      vertex -1.404272e+01  2.494409e-01  1.666711e-01
    endloop
  endfacet
  facet normal  0.000000e+00 -7.730105e-01 -6.343932e-01
    outer loop
      vertex  4.000000e+00  2.121320e-01  2.121320e-01
      vertex -1.404272e+01  2.494409e-01  1.666711e-01
      vertex  4.000000e+00  2.494409e-01  1.666711e-01
    endloop
  endfacet
  facet normal  -0.000000e+00 -8.819212e-01 -4.713968e-01
    outer loop
      vertex  4.000000e+00  2.494409e-01  1.666711e-01
      vertex -1.404272e+01  2.494409e-01  1.666711e-01
      vertex -1.404272e+01  2.771639e-01  1.148050e-01
    endloop
  endfacet
  facet normal  0.000000e+00 -8.819212e-01 -4.713968e-01
    outer loop
      vertex  4.000000e+00  2.494409e-01  1.666711e-01
      vertex -1.404272e+01  2.771639e-01  1.148050e-01
      vertex  4.000000e+00  2.771639e-01  1.148050e-01
    endloop
  endfacet
  facet normal  -0.000000e+00 -9.569404e-01 -2.902847e-01
    outer loop
      vertex  4.000000e+00  2.771639e-01  1.148050e-01
      vertex -1.404272e+01  2.771639e-01  1.148050e-01
      vertex -1.404272e+01  2.942356e-01  5.852710e-02
    endloop
  endfacet
  facet normal  0.000000e+00 -9.569404e-01 -2.902847e-01
    outer loop
      vertex  4.000000e+00  2.771639e-01  1.148050e-01
      vertex -1.404272e+01  2.942356e-01  5.852710e-02
      vertex  4.000000e+00  2.942356e-01  5.852710e-02
    endloop
  endfacet
  facet normal  -0.000000e+00 -9.951848e-01 -9.801730e-02
    outer loop
      vertex  4.000000e+00  2.942356e-01  5.852710e-02
      vertex -1.404272e+01  2.942356e-01  5.852710e-02
      vertex -1.404272e+01  3.000000e-01  1.699662e-16
    endloop
  endfacet
  facet normal -1.249942e-19 -9.951848e-01 -9.801730e-02
    outer loop
      vertex  4.000000e+00  2.942356e-01  5.852710e-02
      vertex -1.404272e+01  3.000000e-01  1.699662e-16
      vertex  4.000000e+00  3.000000e-01  1.469576e-16
    endloop
  endfacet
  facet normal -1.160227e-18 -9.801730e-02 -9.951848e-01
    outer loop
      vertex -1.404272e+01  5.852710e-02  2.942356e-01
      vertex  4.000000e+00 -1.285879e-16  3.000000e-01
      vertex -1.404272e+01  8.498308e-17  3.000000e-01
    endloop
  endfacet
  facet normal  1.160227e-18  9.801730e-02 -9.951848e-01
    outer loop
      vertex -1.404272e+01  8.498308e-17  3.000000e-01
      vertex  4.000000e+00 -1.285879e-16  3.000000e-01
      vertex  4.000000e+00 -5.852710e-02  2.942356e-01
    endloop
  endfacet
  facet normal -1.638336e-08  9.801229e-02 -9.951851e-01
    outer loop
      vertex -1.404272e+01  8.498308e-17  3.000000e-01
      vertex  4.000000e+00 -5.852710e-02  2.942356e-01
      vertex -1.404272e+01 -5.852406e-02  2.942362e-01
    endloop
  endfacet
  facet normal  1.723442e-08  2.902847e-01 -9.569404e-01
    outer loop
      vertex -1.404272e+01 -5.852406e-02  2.942362e-01
      vertex  4.000000e+00 -5.852710e-02  2.942356e-01
      vertex  4.000000e+00 -1.148050e-01  2.771639e-01
    endloop
  endfacet
  facet normal -3.293516e-08  2.902700e-01 -9.569448e-01
    outer loop
      vertex -1.404272e+01 -5.852406e-02  2.942362e-01
      vertex  4.000000e+00 -1.148050e-01  2.771639e-01
      vertex -1.404272e+01 -1.147993e-01  2.771662e-01
    endloop
  endfacet
  facet normal  3.422220e-08  4.713968e-01 -8.819212e-01
    outer loop
      vertex -1.404272e+01 -1.147993e-01  2.771662e-01
      vertex  4.000000e+00 -1.148050e-01  2.771639e-01
      vertex  4.000000e+00 -1.666711e-01  2.494409e-01
    endloop
  endfacet
  facet normal -5.036000e-08  4.713739e-01 -8.819333e-01
    outer loop
      vertex -1.404272e+01 -1.147993e-01  2.771662e-01
      vertex  4.000000e+00 -1.666711e-01  2.494409e-01
      vertex -1.404272e+01 -1.666633e-01  2.494460e-01
    endloop
  endfacet
  facet normal  5.050601e-08  6.343932e-01 -7.730106e-01
    outer loop
      vertex -1.404272e+01 -1.666633e-01  2.494460e-01
      vertex  4.000000e+00 -1.666711e-01  2.494409e-01
      vertex  4.000000e+00 -2.121320e-01  2.121320e-01
    endloop
  endfacet
  facet normal -6.670135e-08  6.343654e-01 -7.730334e-01
    outer loop
      vertex -1.404272e+01 -1.666633e-01  2.494460e-01
      vertex  4.000000e+00 -2.121320e-01  2.121320e-01
      vertex -1.404272e+01 -2.121233e-01  2.121408e-01
    endloop
  endfacet
  facet normal  6.783912e-08  7.730106e-01 -6.343932e-01
    outer loop
      vertex -1.404272e+01 -2.121233e-01  2.121408e-01
      vertex  4.000000e+00 -2.121320e-01  2.121320e-01
      vertex  4.000000e+00 -2.494409e-01  1.666711e-01
    endloop
  endfacet
  facet normal -8.382894e-08  7.729810e-01 -6.344292e-01
    outer loop
      vertex -1.404272e+01 -2.121233e-01  2.121408e-01
      vertex  4.000000e+00 -2.494409e-01  1.666711e-01
      vertex -1.404272e+01 -2.494323e-01  1.666839e-01
    endloop
  endfacet
  facet normal  8.428378e-08  8.819212e-01 -4.713968e-01
    outer loop
      vertex -1.404272e+01 -2.494323e-01  1.666839e-01
      vertex  4.000000e+00 -2.494409e-01  1.666711e-01
      vertex  4.000000e+00 -2.771639e-01  1.148050e-01
    endloop
  endfacet
  facet normal -1.000057e-07  8.818945e-01 -4.714467e-01
    outer loop
      vertex -1.404272e+01 -2.494323e-01  1.666839e-01
      vertex  4.000000e+00 -2.771639e-01  1.148050e-01
      vertex -1.404272e+01 -2.771567e-01  1.148222e-01
    endloop
  endfacet
  facet normal  1.018311e-07  9.569404e-01 -2.902847e-01
    outer loop
      vertex -1.404272e+01 -2.771567e-01  1.148222e-01
      vertex  4.000000e+00 -2.771639e-01  1.148050e-01
      vertex  4.000000e+00 -2.942356e-01  5.852710e-02
    endloop
  endfacet
  facet normal -1.173802e-07  9.569208e-01 -2.903490e-01
    outer loop
      vertex -1.404272e+01 -2.771567e-01  1.148222e-01
      vertex  4.000000e+00 -2.942356e-01  5.852710e-02
      vertex -1.404272e+01 -2.942314e-01  5.854834e-02
    endloop
  endfacet
  facet normal  1.180258e-07  9.951848e-01 -9.801730e-02
    outer loop
      vertex -1.404272e+01 -2.942314e-01  5.854834e-02
      vertex  4.000000e+00 -2.942356e-01  5.852710e-02
      vertex  4.000000e+00 -3.000000e-01 -7.347881e-17
    endloop
  endfacet
  facet normal  0.000000e+00  9.951811e-01 -9.805331e-02
    outer loop
      vertex -1.404272e+01 -2.942314e-01  5.854834e-02
      vertex  4.000000e+00 -3.000000e-01 -7.347881e-17
      vertex -1.404272e+01 -3.000000e-01 -7.347881e-17
    endloop
  endfacet
  facet normal  -0.000000e+00  9.801730e-02  9.951848e-01
    outer loop
      vertex  4.000000e+00  9.184851e-17 -3.000000e-01
      vertex -1.404272e+01 -5.852710e-02 -2.942356e-01
      vertex  4.000000e+00 -5.852710e-02 -2.942356e-01
    endloop
  endfacet
  facet normal  0.000000e+00  2.902847e-01  9.569404e-01
    outer loop
      vertex  4.000000e+00 -5.852710e-02 -2.942356e-01
      vertex -1.404272e+01 -5.852710e-02 -2.942356e-01
      vertex -1.404272e+01 -1.148050e-01 -2.771639e-01
    endloop
  endfacet
  facet normal  -0.000000e+00  2.902847e-01  9.569404e-01
    outer loop
      vertex  4.000000e+00 -5.852710e-02 -2.942356e-01
      vertex -1.404272e+01 -1.148050e-01 -2.771639e-01
      vertex  4.000000e+00 -1.148050e-01 -2.771639e-01
    endloop
  endfacet
  facet normal  0.000000e+00  4.713968e-01  8.819212e-01
    outer loop
      vertex  4.000000e+00 -1.148050e-01 -2.771639e-01
      vertex -1.404272e+01 -1.148050e-01 -2.771639e-01
      vertex -1.404272e+01 -1.666711e-01 -2.494409e-01
    endloop
  endfacet
  facet normal  -0.000000e+00  4.713968e-01  8.819212e-01
    outer loop
      vertex  4.000000e+00 -1.148050e-01 -2.771639e-01
      vertex -1.404272e+01 -1.666711e-01 -2.494409e-01
      vertex  4.000000e+00 -1.666711e-01 -2.494409e-01
    endloop
  endfacet
  facet normal  0.000000e+00  6.343932e-01  7.730105e-01
    outer loop
      vertex  4.000000e+00 -1.666711e-01 -2.494409e-01
      vertex -1.404272e+01 -1.666711e-01 -2.494409e-01
      vertex -1.404272e+01 -2.121320e-01 -2.121320e-01
    endloop
  endfacet
  facet normal  -0.000000e+00  6.343932e-01  7.730105e-01
    outer loop
      vertex  4.000000e+00 -1.666711e-01 -2.494409e-01
      vertex -1.404272e+01 -2.121320e-01 -2.121320e-01
      vertex  4.000000e+00 -2.121320e-01 -2.121320e-01
    endloop
  endfacet
  facet normal  0.000000e+00  7.730105e-01  6.343932e-01
    outer loop
      vertex  4.000000e+00 -2.121320e-01 -2.121320e-01
      vertex -1.404272e+01 -2.121320e-01 -2.121320e-01
      vertex -1.404272e+01 -2.494409e-01 -1.666711e-01
    endloop
  endfacet
  facet normal  -0.000000e+00  7.730105e-01  6.343932e-01
    outer loop
      vertex  4.000000e+00 -2.121320e-01 -2.121320e-01
      vertex -1.404272e+01 -2.494409e-01 -1.666711e-01
      vertex  4.000000e+00 -2.494409e-01 -1.666711e-01
    endloop
  endfacet
  facet normal  0.000000e+00  8.819212e-01  4.713968e-01
    outer loop
      vertex  4.000000e+00 -2.494409e-01 -1.666711e-01
      vertex -1.404272e+01 -2.494409e-01 -1.666711e-01
      vertex -1.404272e+01 -2.771639e-01 -1.148050e-01
    endloop
  endfacet
  facet normal  -0.000000e+00  8.819212e-01  4.713968e-01
    outer loop
      vertex  4.000000e+00 -2.494409e-01 -1.666711e-01
      vertex -1.404272e+01 -2.771639e-01 -1.148050e-01
      vertex  4.000000e+00 -2.771639e-01 -1.148050e-01
    endloop
  endfacet
  facet normal  0.000000e+00  9.569404e-01  2.902847e-01
    outer loop
      vertex  4.000000e+00 -2.771639e-01 -1.148050e-01
      vertex -1.404272e+01 -2.771639e-01 -1.148050e-01
      vertex -1.404272e+01 -2.942356e-01 -5.852710e-02
    endloop
  endfacet
  facet normal  -0.000000e+00  9.569404e-01  2.902847e-01
    outer loop
      vertex  4.000000e+00 -2.771639e-01 -1.148050e-01
      vertex -1.404272e+01 -2.942356e-01 -5.852710e-02
      vertex  4.000000e+00 -2.942356e-01 -5.852710e-02
    endloop
  endfacet
  facet normal  0.000000e+00  9.951848e-01  9.801730e-02
    outer loop
      vertex  4.000000e+00 -2.942356e-01 -5.852710e-02
      vertex -1.404272e+01 -2.942356e-01 -5.852710e-02
      vertex -1.404272e+01 -3.000000e-01 -7.347881e-17
    endloop
  endfacet
  facet normal  -0.000000e+00  9.951848e-01  9.801730e-02
    outer loop
      vertex  4.000000e+00 -2.942356e-01 -5.852710e-02
      vertex -1.404272e+01 -3.000000e-01 -7.347881e-17
      vertex  4.000000e+00 -3.000000e-01 -7.347881e-17
    endloop
  endfacet
  facet normal  1.526379e-16  9.801730e-02  9.951848e-01
    outer loop
      vertex -1.404272e+01 -5.852710e-02 -2.942356e-01
      vertex  4.000000e+00  9.184851e-17 -3.000000e-01
      vertex -1.404272e+01  2.818897e-14 -3.000000e-01
    endloop
  endfacet
  facet normal -1.526379e-16 -9.801730e-02  9.951848e-01
    outer loop
      vertex -1.404272e+01  2.818897e-14 -3.000000e-01
      vertex  4.000000e+00  9.184851e-17 -3.000000e-01
      vertex  4.000000e+00  5.852710e-02 -2.942356e-01
    endloop
  endfacet
  facet normal  0.000000e+00 -9.801730e-02  9.951848e-01
    outer loop
      vertex -1.404272e+01  2.818897e-14 -3.000000e-01
      vertex  4.000000e+00  5.852710e-02 -2.942356e-01
      vertex -1.404272e+01  5.852710e-02 -2.942356e-01
    endloop
  endfacet
  facet normal  0.000000e+00 -2.902847e-01  9.569404e-01
    outer loop
      vertex -1.404272e+01  5.852710e-02 -2.942356e-01
      vertex  4.000000e+00  5.852710e-02 -2.942356e-01
      vertex  4.000000e+00  1.148050e-01 -2.771639e-01
    endloop
  endfacet
  facet normal  0.000000e+00 -2.902847e-01  9.569404e-01
    outer loop
      vertex -1.404272e+01  5.852710e-02 -2.942356e-01
      vertex  4.000000e+00  1.148050e-01 -2.771639e-01
      vertex -1.404272e+01  1.148050e-01 -2.771639e-01
    endloop
  endfacet
  facet normal  0.000000e+00 -4.713968e-01  8.819212e-01
    outer loop
      vertex -1.404272e+01  1.148050e-01 -2.771639e-01
      vertex  4.000000e+00  1.148050e-01 -2.771639e-01
      vertex  4.000000e+00  1.666711e-01 -2.494409e-01
    endloop
  endfacet
  facet normal  0.000000e+00 -4.713968e-01  8.819212e-01
    outer loop
      vertex -1.404272e+01  1.148050e-01 -2.771639e-01
      vertex  4.000000e+00  1.666711e-01 -2.494409e-01
      vertex -1.404272e+01  1.666711e-01 -2.494409e-01
    endloop
  endfacet
  facet normal  0.000000e+00 -6.343932e-01  7.730105e-01
    outer loop
      vertex -1.404272e+01  1.666711e-01 -2.494409e-01
      vertex  4.000000e+00  1.666711e-01 -2.494409e-01
      vertex  4.000000e+00  2.121320e-01 -2.121320e-01
    endloop
  endfacet
  facet normal  0.000000e+00 -6.343932e-01  7.730105e-01
    outer loop
      vertex -1.404272e+01  1.666711e-01 -2.494409e-01
      vertex  4.000000e+00  2.121320e-01 -2.121320e-01
      vertex -1.404272e+01  2.121320e-01 -2.121320e-01
    endloop
  endfacet
  facet normal  0.000000e+00 -7.730105e-01  6.343932e-01
    outer loop
      vertex -1.404272e+01  2.121320e-01 -2.121320e-01
      vertex  4.000000e+00  2.121320e-01 -2.121320e-01
      vertex  4.000000e+00  2.494409e-01 -1.666711e-01
    endloop
  endfacet
  facet normal  0.000000e+00 -7.730105e-01  6.343932e-01
    outer loop
      vertex -1.404272e+01  2.121320e-01 -2.121320e-01
      vertex  4.000000e+00  2.494409e-01 -1.666711e-01
      vertex -1.404272e+01  2.494409e-01 -1.666711e-01
    endloop
  endfacet
  facet normal  0.000000e+00 -8.819212e-01  4.713968e-01
    outer loop
      vertex -1.404272e+01  2.494409e-01 -1.666711e-01
      vertex  4.000000e+00  2.494409e-01 -1.666711e-01
      vertex  4.000000e+00  2.771639e-01 -1.148050e-01
    endloop
  endfacet
  facet normal  0.000000e+00 -8.819212e-01  4.713968e-01
    outer loop
      vertex -1.404272e+01  2.494409e-01 -1.666711e-01
      vertex  4.000000e+00  2.771639e-01 -1.148050e-01
      vertex -1.404272e+01  2.771639e-01 -1.148050e-01
    endloop
  endfacet
  facet normal  0.000000e+00 -9.569404e-01  2.902847e-01
    outer loop
      vertex -1.404272e+01  2.771639e-01 -1.148050e-01
      vertex  4.000000e+00  2.771639e-01 -1.148050e-01
      vertex  4.000000e+00  2.942356e-01 -5.852710e-02
    endloop
  endfacet
  facet normal  0.000000e+00 -9.569404e-01  2.902847e-01
    outer loop
      vertex -1.404272e+01  2.771639e-01 -1.148050e-01
      vertex  4.000000e+00  2.942356e-01 -5.852710e-02
      vertex -1.404272e+01  2.942356e-01 -5.852710e-02
    endloop
  endfacet
  facet normal  0.000000e+00 -9.951848e-01  9.801730e-02
    outer loop
      vertex -1.404272e+01  2.942356e-01 -5.852710e-02
      vertex  4.000000e+00  2.942356e-01 -5.852710e-02
      vertex  4.000000e+00  3.000000e-01  1.469576e-16
    endloop
  endfacet
  facet normal  1.249942e-19 -9.951848e-01  9.801730e-02
    outer loop
      vertex -1.404272e+01  2.942356e-01 -5.852710e-02
      vertex  4.000000e+00  3.000000e-01  1.469576e-16
      vertex -1.404272e+01  3.000000e-01  1.699662e-16
    endloop
  endfacet
  facet normal  1.000000e+00  0.000000e+00  0.000000e+00
    outer loop
      vertex  4.000000e+00 -4.000000e-01 -4.000000e-01
      vertex  4.000000e+00  4.000000e-01 -4.000000e-01
      vertex  4.000000e+00  9.184851e-17 -3.000000e-01
    endloop
  endfacet
  facet normal  1.000000e+00  0.000000e+00  0.000000e+00
    outer loop
      vertex  4.000000e+00 -4.000000e-01 -4.000000e-01
      vertex  4.000000e+00  9.184851e-17 -3.000000e-01
      vertex  4.000000e+00 -5.852710e-02 -2.942356e-01
    endloop
  endfacet
  facet normal  9.999999e-01  0.000000e+00  0.000000e+00
    outer loop
      vertex  4.000000e+00 -4.000000e-01 -4.000000e-01
      vertex  4.000000e+00 -5.852710e-02 -2.942356e-01
      vertex  4.000000e+00 -1.148050e-01 -2.771639e-01
    endloop
  endfacet
  facet normal  1.000000e+00  0.000000e+00  0.000000e+00
    outer loop
      vertex  4.000000e+00 -4.000000e-01 -4.000000e-01
      vertex  4.000000e+00 -1.148050e-01 -2.771639e-01
      vertex  4.000000e+00 -1.666711e-01 -2.494409e-01
    endloop
  endfacet
  facet normal  9.999999e-01  0.000000e+00  0.000000e+00
    outer loop
      vertex  4.000000e+00 -4.000000e-01 -4.000000e-01
      vertex  4.000000e+00 -1.666711e-01 -2.494409e-01
      vertex  4.000000e+00 -2.121320e-01 -2.121320e-01
    endloop
  endfacet
  facet normal  1.000000e+00  0.000000e+00  0.000000e+00
    outer loop
      vertex  4.000000e+00 -4.000000e-01 -4.000000e-01
      vertex  4.000000e+00 -2.121320e-01 -2.121320e-01
      vertex  4.000000e+00 -2.494409e-01 -1.666711e-01
    endloop
  endfacet
  facet normal  1.000000e+00  0.000000e+00  0.000000e+00
    outer loop
      vertex  4.000000e+00 -4.000000e-01 -4.000000e-01
      vertex  4.000000e+00 -2.494409e-01 -1.666711e-01
      vertex  4.000000e+00 -2.771639e-01 -1.148050e-01
    endloop
  endfacet
  facet normal  1.000000e+00  0.000000e+00  0.000000e+00
    outer loop
      vertex  4.000000e+00 -4.000000e-01 -4.000000e-01
      vertex  4.000000e+00 -2.771639e-01 -1.148050e-01
      vertex  4.000000e+00 -2.942356e-01 -5.852710e-02
    endloop
  endfacet
  facet normal  1.000000e+00  0.000000e+00  0.000000e+00
    outer loop
      vertex  4.000000e+00 -4.000000e-01 -4.000000e-01
      vertex  4.000000e+00 -2.942356e-01 -5.852710e-02
      vertex  4.000000e+00 -3.000000e-01 -7.347881e-17
    endloop
  endfacet
  facet normal  1.000000e+00  0.000000e+00  0.000000e+00
    outer loop
      vertex  4.000000e+00 -4.000000e-01 -4.000000e-01
      vertex  4.000000e+00 -3.000000e-01 -7.347881e-17
      vertex  4.000000e+00 -4.000000e-01  4.000000e-01
    endloop
  endfacet
  facet normal  1.000000e+00  0.000000e+00  -0.000000e+00
    outer loop
      vertex  4.000000e+00 -4.000000e-01  4.000000e-01
      vertex  4.000000e+00 -3.000000e-01 -7.347881e-17
      vertex  4.000000e+00 -2.942356e-01  5.852710e-02
    endloop
  endfacet
  facet normal  9.999999e-01  0.000000e+00  -0.000000e+00
    outer loop
      vertex  4.000000e+00 -4.000000e-01  4.000000e-01
      vertex  4.000000e+00 -2.942356e-01  5.852710e-02
      vertex  4.000000e+00 -2.771639e-01  1.148050e-01
    endloop
  endfacet
  facet normal  1.000000e+00  0.000000e+00  -0.000000e+00
    outer loop
      vertex  4.000000e+00 -4.000000e-01  4.000000e-01
      vertex  4.000000e+00 -2.771639e-01  1.148050e-01
      vertex  4.000000e+00 -2.494409e-01  1.666711e-01
    endloop
  endfacet
  facet normal  9.999999e-01  0.000000e+00  -0.000000e+00
    outer loop
      vertex  4.000000e+00 -4.000000e-01  4.000000e-01
      vertex  4.000000e+00 -2.494409e-01  1.666711e-01
      vertex  4.000000e+00 -2.121320e-01  2.121320e-01
    endloop
  endfacet
  facet normal  1.000000e+00  0.000000e+00  -0.000000e+00
    outer loop
      vertex  4.000000e+00 -4.000000e-01  4.000000e-01
      vertex  4.000000e+00 -2.121320e-01  2.121320e-01
      vertex  4.000000e+00 -1.666711e-01  2.494409e-01
    endloop
  endfacet
  facet normal  1.000000e+00  0.000000e+00  -0.000000e+00
    outer loop
      vertex  4.000000e+00 -4.000000e-01  4.000000e-01
      vertex  4.000000e+00 -1.666711e-01  2.494409e-01
      vertex  4.000000e+00 -1.148050e-01  2.771639e-01
    endloop
  endfacet
  facet normal  1.000000e+00  0.000000e+00  -0.000000e+00
    outer loop
      vertex  4.000000e+00 -4.000000e-01  4.000000e-01
      vertex  4.000000e+00 -1.148050e-01  2.771639e-01
      vertex  4.000000e+00 -5.852710e-02  2.942356e-01
    endloop
  endfacet
  facet normal  1.000000e+00  0.000000e+00  -0.000000e+00
    outer loop
      vertex  4.000000e+00 -4.000000e-01  4.000000e-01
      vertex  4.000000e+00 -5.852710e-02  2.942356e-01
      vertex  4.000000e+00 -1.285879e-16  3.000000e-01
    endloop
  endfacet
  facet normal  1.000000e+00  0.000000e+00  -0.000000e+00
    outer loop
      vertex  4.000000e+00 -4.000000e-01  4.000000e-01
      vertex  4.000000e+00 -1.285879e-16  3.000000e-01
      vertex  4.000000e+00  4.000000e-01  4.000000e-01
    endloop
  endfacet
  facet normal  1.000000e+00  -0.000000e+00  0.000000e+00
    outer loop
      vertex  4.000000e+00  4.000000e-01  4.000000e-01
      vertex  4.000000e+00 -1.285879e-16  3.000000e-01
      vertex  4.000000e+00  5.852710e-02  2.942356e-01
    endloop
  endfacet
  facet normal  9.999999e-01  -0.000000e+00  0.000000e+00
    outer loop
      vertex  4.000000e+00  4.000000e-01  4.000000e-01
      vertex  4.000000e+00  5.852710e-02  2.942356e-01
      vertex  4.000000e+00  1.148050e-01  2.771639e-01
    endloop
  endfacet
  facet normal  1.000000e+00  -0.000000e+00  0.000000e+00
    outer loop
      vertex  4.000000e+00  4.000000e-01  4.000000e-01
      vertex  4.000000e+00  1.148050e-01  2.771639e-01
      vertex  4.000000e+00  1.666711e-01  2.494409e-01
    endloop
  endfacet
  facet normal  9.999999e-01  -0.000000e+00  0.000000e+00
    outer loop
      vertex  4.000000e+00  4.000000e-01  4.000000e-01
      vertex  4.000000e+00  1.666711e-01  2.494409e-01
      vertex  4.000000e+00  2.121320e-01  2.121320e-01
    endloop
  endfacet
  facet normal  1.000000e+00  -0.000000e+00  0.000000e+00
    outer loop
      vertex  4.000000e+00  4.000000e-01  4.000000e-01
      vertex  4.000000e+00  2.121320e-01  2.121320e-01
      vertex  4.000000e+00  2.494409e-01  1.666711e-01
    endloop
  endfacet
  facet normal  1.000000e+00  -0.000000e+00  0.000000e+00
    outer loop
      vertex  4.000000e+00  4.000000e-01  4.000000e-01
      vertex  4.000000e+00  2.494409e-01  1.666711e-01
      vertex  4.000000e+00  2.771639e-01  1.148050e-01
    endloop
  endfacet
  facet normal  1.000000e+00  -0.000000e+00  0.000000e+00
    outer loop
      vertex  4.000000e+00  4.000000e-01  4.000000e-01
      vertex  4.000000e+00  2.771639e-01  1.148050e-01
      vertex  4.000000e+00  2.942356e-01  5.852710e-02
    endloop
  endfacet
  facet normal  1.000000e+00  -0.000000e+00  0.000000e+00
    outer loop
      vertex  4.000000e+00  4.000000e-01  4.000000e-01
      vertex  4.000000e+00  2.942356e-01  5.852710e-02
      vertex  4.000000e+00  3.000000e-01  1.469576e-16
    endloop
  endfacet
  facet normal  1.000000e+00  0.000000e+00  0.000000e+00
    outer loop
      vertex  4.000000e+00  4.000000e-01 -4.000000e-01
      vertex  4.000000e+00  4.000000e-01  4.000000e-01
      vertex  4.000000e+00  3.000000e-01  1.469576e-16
    endloop
  endfacet
  facet normal  1.000000e+00  0.000000e+00  0.000000e+00
    outer loop
      vertex  4.000000e+00  4.000000e-01 -4.000000e-01
      vertex  4.000000e+00  3.000000e-01  1.469576e-16
      vertex  4.000000e+00  2.942356e-01 -5.852710e-02
    endloop
  endfacet
  facet normal  9.999999e-01  0.000000e+00  0.000000e+00
    outer loop
      vertex  4.000000e+00  4.000000e-01 -4.000000e-01
      vertex  4.000000e+00  2.942356e-01 -5.852710e-02
      vertex  4.000000e+00  2.771639e-01 -1.148050e-01
    endloop
  endfacet
  facet normal  1.000000e+00  0.000000e+00  0.000000e+00
    outer loop
      vertex  4.000000e+00  4.000000e-01 -4.000000e-01
      vertex  4.000000e+00  2.771639e-01 -1.148050e-01
      vertex  4.000000e+00  2.494409e-01 -1.666711e-01
    endloop
  endfacet
  facet normal  9.999999e-01  0.000000e+00  0.000000e+00
    outer loop
      vertex  4.000000e+00  4.000000e-01 -4.000000e-01
      vertex  4.000000e+00  2.494409e-01 -1.666711e-01
      vertex  4.000000e+00  2.121320e-01 -2.121320e-01
    endloop
  endfacet
  facet normal  1.000000e+00  0.000000e+00  0.000000e+00
    outer loop
      vertex  4.000000e+00  4.000000e-01 -4.000000e-01
      vertex  4.000000e+00  2.121320e-01 -2.121320e-01
      vertex  4.000000e+00  1.666711e-01 -2.494409e-01
    endloop
  endfacet
  facet normal  1.000000e+00  0.000000e+00  0.000000e+00
    outer loop
      vertex  4.000000e+00  4.000000e-01 -4.000000e-01
      vertex  4.000000e+00  1.666711e-01 -2.494409e-01
      vertex  4.000000e+00  1.148050e-01 -2.771639e-01
    endloop
  endfacet
  facet normal  1.000000e+00  0.000000e+00  0.000000e+00
    outer loop
      vertex  4.000000e+00  4.000000e-01 -4.000000e-01
      vertex  4.000000e+00  1.148050e-01 -2.771639e-01
      vertex  4.000000e+00  5.852710e-02 -2.942356e-01
    endloop
  endfacet
  facet normal  1.000000e+00  0.000000e+00  0.000000e+00
    outer loop
      vertex  4.000000e+00  4.000000e-01 -4.000000e-01
      vertex  4.000000e+00  5.852710e-02 -2.942356e-01
      vertex  4.000000e+00  9.184851e-17 -3.000000e-01
    endloop
  endfacet
endsolid CATIA STL
