P1 (Top)	P2 (Left)	P3 (Bottom)	P4 (Right)	P5 (Center)	Pstatic (P)	Ptot_ref (P0)	 Alpha 	 Beta	Density	Flow Velocity	C Alpha	C Beta	C p0	Cp
68.231453	-440.142212	-441.648529	175.051941	-188.037033	6.430117	299.284027	-44	-44	1.18	22.279196	2.016	-2.433	-1.927	-1.769
69.314491	-440.52594	-443.452637	178.906937	-190.177872	6.430117	300.084229	-44	-44	1.18	22.309613	2.036	-2.460	-1.947	-1.781
69.133987	-443.212067	-445.437164	174.876724	-192.31871	6.430117	300.724426	-44	-44	1.18	22.333919	2.042	-2.453	-1.956	-1.789
69.85601	-445.63858	-448.323792	176.628998	-194.281143	6.430117	301.524658	-44	-44	1.18	22.364263	2.051	-2.462	-1.962	-1.794
77.256775	-437.072357	-447.060913	207.468979	-165.201416	6.819819	315.128479	-44	-40	1.18	22.859507	1.894	-2.328	-1.735	-1.621
75.090698	-439.758484	-449.58667	208.169891	-168.234268	7.01467	315.768646	-44	-40	1.18	22.876009	1.898	-2.344	-1.751	-1.634
77.437286	-439.182892	-446.339233	207.644211	-165.736633	7.01467	316.335297	-44	-40	1.18	22.896992	1.891	-2.335	-1.740	-1.624
77.61779	-441.677155	-447.962982	208.52034	-168.055862	6.819819	317.048981	-44	-40	1.18	22.930594	1.899	-2.349	-1.753	-1.632
83.03299	-427.287201	-438.581543	242.339188	-142.365799	7.209521	330.012634	-44	-36	1.18	23.39068	1.795	-2.305	-1.626	-1.515
83.755013	-425.295074	-439.483612	242.163971	-143.971436	7.209521	330.652802	-44	-36	1.18	23.413862	1.814	-2.314	-1.646	-1.524
81.588936	-434.002533	-443.993866	241.813522	-146.290665	7.01467	331.292999	-44	-36	1.18	23.444067	1.796	-2.309	-1.632	-1.524
82.130455	-430.476898	-441.28772	239.7108	-143.614624	7.209521	332.093231	-44	-36	1.18	23.46594	1.791	-2.293	-1.628	-1.516
83.393997	-398.8909	-398.16925	263.191223	-110.25322	6.430117	333.213531	-44	-32	1.18	23.534447	1.670	-2.297	-1.538	-1.405
80.686401	-404.183868	-403.581604	261.263733	-114.356499	6.819819	331.613098	-44	-32	1.18	23.462674	1.673	-2.298	-1.540	-1.419
82.310959	-400.425842	-403.220795	260.387604	-112.215652	7.01467	330.172668	-44	-32	1.18	23.403534	1.677	-2.282	-1.528	-1.412
79.783875	-395.053558	-397.628021	263.191223	-112.92926	6.624968	329.052368	-44	-32	1.18	23.377064	1.685	-2.323	-1.560	-1.422
70.578041	-344.976349	-331.416809	258.10965	-78.854233	6.235266	304.245422	-44	-28	1.18	22.474474	1.550	-2.325	-1.477	-1.328
68.592461	-344.976349	-329.071472	255.306	-78.675835	6.430117	303.605255	-44	-28	1.18	22.442965	1.539	-2.324	-1.480	-1.329
69.85601	-341.330872	-328.349823	255.656464	-78.140633	6.235266	302.804993	-44	-28	1.18	22.420093	1.551	-2.326	-1.484	-1.329
69.675507	-337.685425	-324.921967	256.707825	-77.605415	6.040416	301.844757	-44	-28	1.18	22.391144	1.555	-2.343	-1.496	-1.330
58.4841	-304.876221	-268.994263	253.028046	-52.628963	6.235266	285.6138	-44	-24	1.18	21.760582	1.398	-2.381	-1.444	-1.251
56.859543	-301.806335	-266.288086	253.37851	-51.915352	5.845565	285.040009	-44	-24	1.18	21.753412	1.392	-2.392	-1.452	-1.249
57.58157	-309.481018	-275.849915	253.553741	-56.018623	6.040416	284.399841	-44	-24	1.18	21.720858	1.409	-2.379	-1.439	-1.262
57.58157	-303.91687	-268.272614	250.925323	-52.628963	6.040416	283.759674	-44	-24	1.18	21.695867	1.396	-2.377	-1.441	-1.251
43.141048	-278.014862	-221.726318	247.596008	-36.929474	5.261012	268.172943	-44	-20	1.18	21.109558	1.244	-2.468	-1.433	-1.198
45.848644	-274.369385	-218.118103	248.997818	-35.323849	5.650713	267.275055	-44	-20	1.18	21.057803	1.252	-2.481	-1.435	-1.194
45.487633	-275.328735	-219.380981	247.771225	-34.610229	5.650713	266.634857	-44	-20	1.18	21.032023	1.245	-2.459	-1.416	-1.189
46.029152	-275.712463	-220.824265	245.493286	-33.896618	5.650713	265.674591	-44	-20	1.18	20.993295	1.245	-2.431	-1.397	-1.184
33.393696	-279.166046	-193.942886	269.324188	-25.333265	5.845565	281.29361	-44	-16	1.18	21.606969	1.076	-2.597	-1.452	-1.148
32.13015	-283.770874	-196.107834	269.674622	-26.582087	6.040416	282.319244	-44	-16	1.18	21.639529	1.070	-2.594	-1.448	-1.153
34.115723	-283.387115	-197.551132	271.952576	-23.906036	6.235266	283.119476	-44	-16	1.18	21.663224	1.070	-2.564	-1.418	-1.139
33.393696	-284.53833	-197.911957	271.777374	-23.727634	6.040416	283.599609	-44	-16	1.18	21.689613	1.063	-2.558	-1.413	-1.137
20.397228	-299.120209	-175.540878	295.082581	-15.521085	7.01467	302.32486	-44	-12	1.18	22.372432	0.883	-2.679	-1.433	-1.102
20.036213	-300.271423	-175.180054	296.659637	-15.877891	6.430117	302.965057	-44	-12	1.18	22.418778	0.880	-2.691	-1.437	-1.101
17.509123	-301.806335	-175.901703	298.937592	-18.01873	6.624968	303.765289	-44	-12	1.18	22.44165	0.876	-2.720	-1.457	-1.112
22.382799	-299.503937	-177.344986	297.360535	-16.056295	6.235266	304.245422	-44	-12	1.18	22.474474	0.898	-2.684	-1.440	-1.100
1.263536	-311.783417	-148.29866	316.460297	-8.920163	6.626803	319.129578	-44	-8	1.18	23.014468	0.676	-2.841	-1.484	-1.070
-1.621584	-312.934631	-148.47908	316.81076	-11.417809	7.209521	319.769775	-44	-8	1.18	23.016584	0.670	-2.872	-1.510	-1.085
0.180498	-310.824097	-145.953308	318.563019	-8.741761	7.01467	320.089874	-44	-8	1.18	23.035536	0.665	-2.865	-1.497	-1.072
-0.540529	-312.167145	-146.314133	319.263947	-10.882602	6.819819	320.730042	-44	-8	1.18	23.066235	0.668	-2.892	-1.519	-1.081
-25.224653	-324.830322	-114.561623	333.282104	-7.492939	7.016615	333.853729	-44	-4	1.18	23.536381	0.421	-3.101	-1.609	-1.068
-25.585005	-325.789673	-115.824501	333.457367	-7.314534	7.01467	334.653931	-44	-4	1.18	23.565245	0.423	-3.088	-1.602	-1.067
-29.368702	-328.283936	-113.659561	333.282104	-10.525792	6.626803	334.97403	-44	-4	1.18	23.590692	0.401	-3.144	-1.642	-1.082
-29.729055	-330.586334	-116.726555	335.034393	-12.309826	6.819819	335.614197	-44	-4	1.18	23.606749	0.412	-3.149	-1.646	-1.091
-56.034767	-323.679138	-78.298805	326.973938	-13.201843	6.819819	326.331604	-44	0	1.18	23.271128	0.119	-3.465	-1.808	-1.107
-57.836529	-321.568604	-73.247269	325.747345	-10.704197	6.82171	325.211304	-44	0	1.18	23.230225	0.083	-3.467	-1.799	-1.094
-55.674412	-320.801117	-75.592621	325.747345	-13.558649	7.01467	324.571136	-44	0	1.18	23.199812	0.108	-3.502	-1.831	-1.111
-56.395123	-320.609253	-74.690559	322.943726	-9.455374	7.01467	323.770874	-44	0	1.18	23.170561	0.097	-3.420	-1.771	-1.088
-75.13343	-295.666595	-35.901985	299.463257	-9.098568	6.430117	300.88446	-44	4	1.18	22.33999	-0.223	-3.376	-1.758	-1.088
-81.079239	-299.695801	-36.26281	299.463257	-11.417809	6.431898	300.404327	-44	4	1.18	22.321702	-0.250	-3.348	-1.742	-1.100
-76.394669	-295.091003	-33.556633	300.339386	-8.741761	6.235266	299.444061	-44	4	1.18	22.292691	-0.242	-3.364	-1.741	-1.085
-77.836075	-295.666595	-34.278278	297.88623	-7.314534	6.430117	298.803864	-44	4	1.18	22.260924	-0.243	-3.308	-1.706	-1.077
-101.258972	-281.084717	-5.953595	283.342346	-11.95302	6.040416	283.439575	-44	8	1.18	21.68336	-0.532	-3.149	-1.648	-1.100
-102.880554	-279.933533	-4.871124	281.414856	-12.845037	5.845565	282.799377	-44	8	1.18	21.665947	-0.549	-3.144	-1.656	-1.105
-104.502136	-283.003387	-7.21648	282.290985	-12.845037	5.845565	282.319244	-44	8	1.18	21.647159	-0.538	-3.125	-1.632	-1.103
-102.159843	-281.084717	-6.31442	281.064423	-11.061003	6.040416	281.679077	-44	8	1.18	21.614444	-0.531	-3.113	-1.621	-1.095
-129.186264	-267.845917	18.787464	267.922363	-13.380244	5.455863	268.555389	-44	12	1.18	21.117088	-0.799	-2.894	-1.523	-1.102
-126.483627	-267.078461	16.439034	265.469177	-15.521085	5.650713	267.915222	-44	12	1.18	21.08355	-0.788	-2.938	-1.564	-1.117
-129.006088	-268.229645	13.909955	265.469177	-19.267553	5.847179	266.954956	-44	12	1.18	21.037005	-0.797	-2.976	-1.596	-1.140
-125.222389	-265.15979	15.535792	263.892151	-16.234697	5.650713	265.994659	-44	12	1.18	21.006211	-0.787	-2.956	-1.577	-1.122
-165.942184	-280.700989	39.742691	275.106689	-22.657213	5.455863	280.878876	-44	16	1.18	21.605986	-1.025	-2.770	-1.513	-1.140
-165.221481	-281.084717	38.658798	275.106689	-22.835619	5.845565	281.519043	-44	16	1.18	21.615809	-1.018	-2.777	-1.519	-1.143
-165.401657	-280.700989	39.92334	277.03418	-22.300407	6.040416	282.479279	-44	16	1.18	21.645796	-1.023	-2.778	-1.518	-1.141
-166.12236	-282.427795	39.562042	275.632385	-22.657213	5.845565	283.279541	-44	16	1.18	21.68472	-1.020	-2.768	-1.517	-1.141
-217.472549	-306.986755	61.239861	286.846893	-32.826202	6.236991	301.204529	-44	20	1.18	22.359449	-1.215	-2.589	-1.456	-1.170
-216.751831	-307.946075	61.601158	288.949615	-34.075027	6.235266	302.004791	-44	20	1.18	22.389826	-1.219	-2.615	-1.472	-1.177
-218.553604	-309.289154	58.530132	289.825775	-40.319134	6.430117	302.804993	-44	20	1.18	22.412726	-1.239	-2.679	-1.535	-1.209
-220.175186	-309.864746	61.781807	289.300079	-34.075027	6.430117	303.44516	-44	20	1.18	22.436919	-1.221	-2.594	-1.461	-1.175
-277.831543	-335.766754	79.124062	292.454193	-53.699379	7.01467	319.129578	-44	24	1.18	23.00018	-1.410	-2.482	-1.473	-1.240
-269.723602	-332.121277	78.582115	292.454193	-51.380142	7.01467	319.449677	-44	24	1.18	23.011972	-1.396	-2.503	-1.486	-1.234
-273.867645	-335.382996	80.569244	294.381653	-49.596107	6.819819	319.92981	-44	24	1.18	23.036816	-1.390	-2.469	-1.449	-1.221
-268.10202	-331.545685	81.111191	294.907349	-47.633671	6.819819	320.730042	-44	24	1.18	23.066235	-1.385	-2.484	-1.461	-1.216
-330.442963	-359.1745	97.008263	292.629395	-71.004494	7.209521	333.213531	-44	28	1.18	23.506364	-1.561	-2.381	-1.476	-1.286
-329.902435	-360.325684	96.466316	293.505554	-70.826096	6.819819	333.853729	-44	28	1.18	23.543465	-1.554	-2.384	-1.475	-1.283
-332.064545	-359.941956	96.105019	292.629395	-73.68055	7.016615	334.333862	-44	28	1.18	23.553663	-1.572	-2.396	-1.498	-1.296
-329.902435	-358.982635	96.285667	294.381653	-71.718117	7.209521	334.97403	-44	28	1.18	23.569748	-1.563	-2.396	-1.491	-1.289
-369.721344	-369.919006	102.581482	274.405792	-93.304901	6.82171	329.372467	-44	32	1.18	23.381535	-1.708	-2.330	-1.529	-1.362
-369.000641	-369.535278	101.343826	271.602142	-94.37532	7.209521	328.092102	-44	32	1.18	23.320994	-1.711	-2.332	-1.537	-1.370
-365.216949	-368.000336	103.845688	272.30307	-90.272041	6.82171	327.131836	-44	32	1.18	23.300183	-1.697	-2.317	-1.510	-1.351
-362.874634	-364.162994	103.330963	272.478271	-87.774399	6.819819	325.851471	-44	32	1.18	23.253636	-1.691	-2.309	-1.500	-1.343
-370.982574	-357.831421	100.259941	234.278732	-104.901115	6.819819	303.44516	-44	36	1.18	22.422195	-1.816	-2.282	-1.574	-1.431
-371.883484	-359.941956	97.008263	234.453949	-106.863556	6.624968	302.644958	-44	36	1.18	22.399303	-1.810	-2.295	-1.581	-1.438
-371.16275	-355.91275	98.634102	233.227386	-105.971542	6.430117	301.844757	-44	36	1.18	22.376389	-1.824	-2.287	-1.583	-1.436
-372.063629	-358.982635	97.36956	233.227386	-104.901115	6.430117	301.204529	-44	36	1.18	22.352129	-1.801	-2.272	-1.558	-1.427
-379.811218	-363.395538	93.190216	203.7892	-122.74144	6.042085	285.520172	-44	40	1.18	21.764459	-1.901	-2.279	-1.641	-1.517
-377.649109	-360.517548	91.227516	201.686478	-123.990265	5.845565	284.71991	-44	40	1.18	21.740938	-1.913	-2.294	-1.668	-1.530
-379.991364	-362.436218	91.745415	200.284668	-125.952705	5.652272	284.079742	-44	40	1.18	21.723511	-1.923	-2.294	-1.672	-1.537
-377.649109	-362.244324	89.601677	200.810349	-124.525467	6.040416	283.759674	-44	40	1.18	21.695867	-1.904	-2.294	-1.664	-1.532
-371.703308	-352.459167	85.627411	172.774002	-137.370499	5.650713	270.635986	-44	44	1.18	21.19263	-2.035	-2.337	-1.816	-1.636
-372.063629	-353.802216	85.266113	172.949219	-137.548904	5.845565	269.995789	-44	44	1.18	21.159212	-2.029	-2.337	-1.808	-1.636
-371.342926	-354.185944	82.737038	171.547394	-141.295364	5.455863	269.67572	-44	44	1.18	21.162	-2.050	-2.374	-1.856	-1.663
-373.32486	-357.447693	84.543518	173.825363	-141.830597	5.652272	269.195587	-44	44	1.18	21.13489	-2.048	-2.376	-1.839	-1.660
103.610733	-405.98996	-386.983704	162.786041	-148.074722	6.430117	283.759674	-40	-44	1.18	21.680639	1.975	-2.290	-1.738	-1.622
103.791237	-408.676117	-388.787842	164.538315	-144.863449	6.235266	284.399841	-40	-44	1.18	21.713254	1.940	-2.258	-1.691	-1.595
103.430222	-406.181824	-384.999176	163.311722	-145.755463	6.042085	285.360107	-40	-44	1.18	21.758226	1.955	-2.279	-1.726	-1.608
102.527695	-410.978516	-389.329071	163.13649	-146.825882	6.235266	286.160339	-40	-44	1.18	21.781857	1.942	-2.266	-1.709	-1.604
113.177582	-411.937805	-388.968262	196.780121	-119.351791	6.626803	303.765289	-40	-40	1.18	22.441581	1.786	-2.165	-1.505	-1.448
113.899605	-412.321564	-388.787842	198.181946	-118.638161	6.430117	304.405457	-40	-40	1.18	22.473161	1.783	-2.166	-1.501	-1.444
114.080101	-414.240204	-391.494019	199.758987	-120.065399	6.624968	305.045624	-40	-40	1.18	22.489947	1.788	-2.171	-1.503	-1.448
114.982651	-415.391418	-391.313599	199.758987	-120.957413	6.624968	305.685791	-40	-40	1.18	22.514057	1.793	-2.178	-1.511	-1.452
123.466446	-391.79184	-394.921814	229.722824	-87.417595	6.430117	320.409943	-40	-36	1.18	23.068793	1.694	-2.031	-1.333	-1.307
125.271515	-390.256897	-393.658936	229.722824	-88.488014	6.626803	320.890076	-40	-36	1.18	23.079203	1.710	-2.043	-1.349	-1.313
123.466446	-390.640625	-395.282654	230.774185	-86.347176	6.82171	321.370209	-40	-36	1.18	23.089674	1.692	-2.027	-1.330	-1.304
122.563919	-386.419556	-389.8703	230.073273	-85.098358	6.624968	321.850342	-40	-36	1.18	23.114504	1.691	-2.034	-1.343	-1.303
129.423157	-368.959686	-370.205383	262.84079	-52.985767	7.209521	334.493896	-40	-32	1.18	23.552479	1.578	-1.996	-1.224	-1.190
131.228226	-367.808472	-371.829102	262.490326	-53.342575	7.209521	334.97403	-40	-32	1.18	23.569748	1.590	-1.992	-1.227	-1.191
130.867218	-369.15155	-370.927032	264.067383	-50.488121	6.82171	335.614197	-40	-32	1.18	23.606681	1.570	-1.982	-1.208	-1.179
130.50621	-369.535278	-372.009521	264.76828	-53.164169	6.819819	335.934326	-40	-32	1.18	23.618238	1.582	-1.997	-1.225	-1.189
120.036835	-342.865814	-323.298279	271.777374	-25.868475	7.01467	326.171539	-40	-28	1.18	23.258199	1.443	-2.001	-1.146	-1.107
119.675804	-333.848083	-312.473541	274.580994	-20.516376	6.819819	324.891205	-40	-28	1.18	23.218614	1.428	-2.010	-1.141	-1.090
119.495293	-335.382996	-314.999329	272.653503	-23.192425	7.01467	324.251038	-40	-28	1.18	23.188116	1.439	-2.013	-1.150	-1.100
118.953789	-330.970062	-311.571503	269.49942	-21.408394	7.016615	323.61084	-40	-28	1.18	23.164637	1.436	-2.002	-1.151	-1.095
102.88871	-296.81781	-252.757202	265.819641	-0.000013	6.431898	301.044495	-40	-24	1.18	22.345993	1.294	-2.048	-1.096	-1.023
101.083633	-297.393402	-253.839661	265.819641	-1.605632	6.626803	300.404327	-40	-24	1.18	22.314301	1.295	-2.055	-1.102	-1.030
100.181107	-294.707275	-253.118027	267.396698	-2.319245	6.626803	299.76416	-40	-24	1.18	22.289975	1.301	-2.070	-1.112	-1.033
100.54213	-290.869934	-248.607712	264.067383	1.430175	6.431898	298.963928	-40	-24	1.18	22.266949	1.288	-2.046	-1.097	-1.018
84.296532	-264.967926	-202.422256	262.139862	16.268383	6.040416	283.439575	-40	-20	1.18	21.68336	1.147	-2.109	-1.069	-0.959
83.393997	-263.24115	-201.700607	262.315094	13.944325	5.650713	282.959442	-40	-20	1.18	21.679824	1.157	-2.133	-1.092	-0.966
84.296532	-261.898071	-199.535675	262.315094	17.341022	5.845565	282.319244	-40	-20	1.18	21.647159	1.144	-2.113	-1.068	-0.954
85.37957	-259.403809	-198.272781	260.562805	19.128759	6.042085	281.839111	-40	-20	1.18	21.620652	1.144	-2.097	-1.059	-0.947
70.217026	-239.449661	-158.582153	255.656464	29.855177	5.650713	269.195587	-40	-16	1.18	21.134952	1.000	-2.163	-1.046	-0.894
68.953476	-238.874054	-156.417191	256.357361	30.391495	5.652272	268.555389	-40	-16	1.18	21.109204	0.988	-2.172	-1.044	-0.892
67.148415	-239.257782	-158.221329	257.058289	26.816023	5.845565	267.915222	-40	-16	1.18	21.075718	0.999	-2.200	-1.069	-0.907
67.328926	-236.955383	-155.154312	255.481247	29.497629	5.652272	267.275055	-40	-16	1.18	21.05774	0.986	-2.183	-1.054	-0.894
55.776505	-240.600861	-126.468803	273.880096	40.045269	5.847179	278.47818	-40	-12	1.18	21.496196	0.815	-2.301	-1.066	-0.847
57.942589	-237.530991	-123.582207	272.828735	43.978287	5.847179	279.438446	-40	-12	1.18	21.53402	0.808	-2.273	-1.049	-0.830
56.318035	-242.327652	-127.01004	274.405792	40.760365	6.042085	279.918579	-40	-12	1.18	21.545242	0.813	-2.292	-1.061	-0.846
53.068913	-244.630051	-127.370872	273.880096	40.581589	6.042085	280.878876	-40	-12	1.18	21.582981	0.796	-2.288	-1.061	-0.848
41.155476	-252.112869	-96.339996	294.556915	52.738194	6.430117	298.803864	-40	-8	1.18	22.260924	0.606	-2.409	-1.084	-0.796
38.808895	-254.798996	-97.061646	296.834869	51.308006	6.431898	299.76416	-40	-8	1.18	22.297384	0.598	-2.428	-1.093	-0.803
39.350418	-256.333923	-97.783295	297.88623	52.738194	6.431898	300.404327	-40	-8	1.18	22.321702	0.597	-2.412	-1.078	-0.798
37.725861	-256.717682	-96.520409	299.638489	51.844326	6.431898	301.044495	-40	-8	1.18	22.345993	0.588	-2.435	-1.091	-0.801
16.967604	-269.764587	-65.489548	316.985992	57.922626	6.626803	316.568878	-40	-4	1.18	22.919982	0.366	-2.601	-1.147	-0.773
16.245577	-270.340179	-65.850372	316.81076	57.386303	6.82171	317.209045	-40	-4	1.18	22.936439	0.364	-2.604	-1.152	-0.776
14.801524	-272.25885	-65.489548	316.635529	58.637722	6.624968	317.529144	-40	-4	1.18	22.955527	0.353	-2.588	-1.138	-0.771
17.328617	-271.683258	-68.015312	317.336426	57.386303	6.82171	318.169312	-40	-4	1.18	22.971891	0.376	-2.592	-1.148	-0.777
-12.251975	-284.922058	-31.399906	331.705078	59.889133	7.016615	330.492767	-40	0	1.18	23.415053	0.088	-2.828	-1.241	-0.758
-11.531271	-284.154602	-29.775774	330.478485	60.604229	7.211522	331.132965	-40	0	1.18	23.431163	0.084	-2.825	-1.243	-0.755
-12.976072	-287.032593	-31.941284	330.653717	58.99527	7.211522	331.773132	-40	0	1.18	23.454305	0.087	-2.827	-1.249	-0.763
-7.567396	-284.53833	-32.113335	333.457367	64.358475	7.209521	331.933197	-40	0	1.18	23.46016	0.110	-2.775	-1.202	-0.743
-44.143147	-290.869934	4.15386	333.8078	60.246681	7.016615	333.213531	-40	4	1.18	23.513319	-0.212	-2.743	-1.199	-0.766
-45.944904	-291.253662	4.335585	333.282104	57.565079	7.01467	332.093231	-40	4	1.18	23.472976	-0.222	-2.761	-1.214	-0.776
-43.962967	-289.143127	5.056866	331.529846	60.425461	7.016615	330.812866	-40	4	1.18	23.426635	-0.216	-2.735	-1.191	-0.765
-41.98103	-285.113922	5.959871	329.777557	60.783009	7.016615	329.8526	-40	4	1.18	23.391872	-0.214	-2.741	-1.199	-0.760
-72.25061	-270.148315	33.411243	306.297119	53.989605	6.431898	306.646088	-40	8	1.18	22.55743	-0.469	-2.560	-1.122	-0.789
-71.349731	-266.886597	36.662064	307.523712	54.7047	6.626803	305.685791	-40	8	1.18	22.513988	-0.483	-2.566	-1.121	-0.785
-68.466919	-266.694702	34.684532	302.792572	55.95612	6.431898	304.565491	-40	8	1.18	22.479128	-0.461	-2.548	-1.112	-0.778
-71.368393	-268.037781	33.411243	303.143036	52.738194	6.236991	303.765289	-40	8	1.18	22.456296	-0.471	-2.568	-1.129	-0.791
-100.925003	-252.880325	58.876007	285.970795	44.335835	6.042085	287.600739	-40	12	1.18	21.845321	-0.722	-2.436	-1.100	-0.827
-100.358078	-255.182739	54.917164	285.269867	41.307434	6.042085	287.120605	-40	12	1.18	21.826687	-0.709	-2.467	-1.122	-0.839
-99.997734	-254.031525	55.625183	284.043274	43.978287	6.042085	286.480408	-40	12	1.18	21.801816	-0.704	-2.435	-1.097	-0.828
-96.779869	-251.345398	56.889389	283.517578	45.766026	6.042085	285.84024	-40	12	1.18	21.776918	-0.699	-2.433	-1.092	-0.819
-125.042206	-242.519516	74.949509	267.221466	35.933475	5.847179	272.716553	-40	16	1.18	21.267839	-0.910	-2.320	-1.078	-0.863
-127.204323	-244.246323	75.149796	268.097595	37.184895	6.042085	272.076385	-40	16	1.18	21.234538	-0.908	-2.298	-1.054	-0.860
-126.877144	-244.438187	74.227097	266.871002	35.397156	5.847179	271.596252	-40	16	1.18	21.223152	-0.910	-2.313	-1.069	-0.866
-125.402573	-240.792725	74.588303	263.892151	34.68206	5.652272	270.956055	-40	16	1.18	21.205363	-0.918	-2.317	-1.085	-0.867
-163.78006	-252.304733	89.578194	257.759186	23.240551	5.847179	270.155853	-40	20	1.18	21.165557	-1.095	-2.205	-1.068	-0.925
-159.816193	-249.618591	89.758804	257.058289	25.743383	5.847179	270.635986	-40	20	1.18	21.184773	-1.083	-2.199	-1.063	-0.914
-166.165802	-253.455933	90.300598	257.759186	22.167912	5.847179	270.956055	-40	20	1.18	21.197573	-1.106	-2.204	-1.072	-0.930
-161.61795	-251.729126	91.745415	259.336212	27.001839	5.652272	271.596252	-40	20	1.18	21.230932	-1.084	-2.187	-1.047	-0.909
-213.328491	-277.055511	108.180122	264.943512	9.474986	6.042085	286.320374	-40	24	1.18	21.795595	-1.262	-2.128	-1.087	-0.987
-215.490601	-277.631134	109.805534	262.139862	9.65376	6.042085	286.960541	-40	24	1.18	21.820472	-1.270	-2.107	-1.082	-0.986
-217.472549	-279.549805	109.263718	265.293945	5.541968	6.236991	287.760803	-40	24	1.18	21.843969	-1.286	-2.145	-1.111	-1.003
-215.850967	-280.892853	109.444321	267.221466	10.905175	6.236991	288.40097	-40	24	1.18	21.868791	-1.255	-2.114	-1.070	-0.982
-269.363251	-303.341278	124.795418	263.191223	-12.488231	6.626803	301.044495	-40	28	1.18	22.3386	-1.439	-2.069	-1.145	-1.070
-271.235962	-306.603027	124.253616	264.76828	-10.525792	6.626803	301.844757	-40	28	1.18	22.368939	-1.421	-2.052	-1.122	-1.062
-271.885742	-307.562347	126.240234	266.345337	-9.990584	6.431898	302.804993	-40	28	1.18	22.412659	-1.423	-2.052	-1.118	-1.059
-276.282166	-310.632202	127.504433	267.571899	-9.098568	6.626803	303.925323	-40	28	1.18	22.447624	-1.420	-2.033	-1.101	-1.055
-327.740326	-335.191132	142.855545	263.716888	-31.04217	7.016615	318.649445	-40	32	1.18	22.982412	-1.566	-1.994	-1.164	-1.127
-330.529358	-337.49353	142.494339	262.315094	-29.793346	7.016615	318.969543	-40	32	1.18	22.994212	-1.555	-1.972	-1.146	-1.121
-331.524017	-338.069153	141.230133	264.242584	-31.04217	6.82171	319.609741	-40	32	1.18	23.024969	-1.556	-1.983	-1.154	-1.125
-331.163666	-337.109802	140.507721	263.892151	-31.04217	6.82171	320.089874	-40	32	1.18	23.042634	-1.556	-1.983	-1.158	-1.125
-390.183258	-370.878357	151.343781	255.306	-60.657108	7.016615	332.093231	-40	36	1.18	23.472906	-1.693	-1.958	-1.228	-1.212
-392.423553	-372.413269	151.88559	256.182129	-61.549126	7.016615	332.733398	-40	36	1.18	23.496007	-1.696	-1.959	-1.229	-1.214
-389.360535	-370.302734	152.788605	255.481247	-59.765095	7.211522	333.213531	-40	36	1.18	23.506292	-1.694	-1.955	-1.228	-1.209
-393.144257	-372.796997	152.427399	256.006927	-60.478706	7.016615	333.693695	-40	36	1.18	23.530618	-1.692	-1.950	-1.222	-1.209
-420.170685	-393.134888	147.37056	228.145767	-91.877678	7.016615	328.252136	-40	40	1.18	23.333817	-1.803	-1.974	-1.335	-1.314
-422.332794	-392.559296	149.898972	228.321014	-88.844818	7.211522	326.811737	-40	40	1.18	23.274348	-1.796	-1.949	-1.305	-1.301
-415.486084	-386.227692	147.551163	227.269653	-89.380028	7.016615	325.531372	-40	40	1.18	23.234792	-1.808	-1.970	-1.332	-1.309
-412.603271	-383.733429	149.176575	224.991699	-88.666428	6.626803	324.411072	-40	40	1.18	23.208132	-1.815	-1.967	-1.335	-1.308
-406.297089	-383.349701	134.367279	189.595795	-116.854134	6.431898	302.164825	-40	44	1.18	22.388441	-1.945	-2.061	-1.507	-1.444
-404.855682	-381.239166	133.103073	188.369217	-117.389359	6.626803	301.204529	-40	44	1.18	22.34467	-1.952	-2.066	-1.519	-1.450
-406.65744	-382.198486	134.728485	187.843536	-115.248512	6.626803	300.724426	-40	44	1.18	22.326454	-1.939	-2.042	-1.490	-1.437
-401.612518	-376.25061	133.103073	187.493073	-114.178093	6.236991	299.76416	-40	44	1.18	22.30479	-1.946	-2.052	-1.507	-1.438
138.448502	-380.087952	-355.143768	152.097183	-111.145233	6.042085	278.798279	-36	-44	1.18	21.501131	1.925	-2.075	-1.520	-1.457
137.00444	-374.140076	-349.730011	152.272415	-107.398766	5.457366	278.318115	-36	-44	1.18	21.505252	1.912	-2.068	-1.515	-1.443
138.990021	-375.866882	-352.344604	150.87059	-109.1828	6.042085	277.517914	-36	-44	1.18	21.450607	1.927	-2.066	-1.517	-1.452
137.365448	-374.715668	-349.36911	152.097183	-107.933968	5.847179	277.037781	-36	-44	1.18	21.439335	1.915	-2.073	-1.515	-1.448
134.657837	-337.877289	-310.209442	170.496033	-69.755669	5.652272	268.235291	-36	-40	1.18	21.096349	1.749	-1.999	-1.329	-1.297
137.00444	-337.685425	-307.963257	169.094223	-68.685257	5.652272	269.035522	-36	-40	1.18	21.128471	1.751	-1.994	-1.329	-1.293
135.740891	-338.261017	-310.931274	171.372177	-69.042061	5.847179	269.995789	-36	-40	1.18	21.159148	1.748	-1.994	-1.327	-1.293
138.26799	-341.7146	-312.014008	169.269455	-69.398865	5.847179	270.796021	-36	-40	1.18	21.191174	1.749	-1.985	-1.321	-1.292
149.459396	-329.43515	-318.69101	204.840561	-41.032745	6.236991	290.481537	-36	-36	1.18	21.949269	1.654	-1.888	-1.171	-1.167
152.166992	-331.545685	-317.969177	204.840561	-40.140732	6.042085	291.121735	-36	-36	1.18	21.981489	1.652	-1.885	-1.164	-1.162
150.722946	-331.737549	-316.345032	204.31488	-39.070312	5.652272	291.761902	-36	-36	1.18	22.021162	1.639	-1.881	-1.161	-1.157
150.181427	-329.818878	-317.885925	207.293747	-38.713509	5.652272	292.562134	-36	-36	1.18	22.051936	1.642	-1.884	-1.162	-1.156
158.304214	-313.126495	-307.322083	238.133728	-4.638486	6.82171	309.366852	-36	-32	1.18	22.644831	1.524	-1.804	-1.028	-1.038
157.582184	-314.853271	-309.045746	239.886017	-4.816891	6.431898	310.007019	-36	-32	1.18	22.683345	1.519	-1.806	-1.025	-1.037
157.040665	-315.045135	-307.502563	237.958511	-3.568068	6.82171	310.487183	-36	-32	1.18	22.686719	1.510	-1.797	-1.021	-1.034
158.665222	-313.318329	-306.058868	237.608063	-1.962439	6.431898	310.967316	-36	-32	1.18	22.719193	1.510	-1.790	-1.017	-1.027
161.192307	-301.230743	-281.081879	266.871002	28.611217	7.016615	323.61084	-36	-28	1.18	23.164637	1.383	-1.777	-0.923	-0.932
161.372818	-303.341278	-282.705566	266.871002	27.173571	7.016615	324.090973	-36	-28	1.18	23.182196	1.387	-1.781	-0.927	-0.937
161.372818	-301.998199	-282.344757	266.69577	27.717119	6.82171	324.571136	-36	-28	1.18	23.20686	1.387	-1.778	-0.928	-0.935
160.650787	-304.492493	-282.164337	269.148956	28.25358	6.626803	325.211304	-36	-28	1.18	23.237335	1.377	-1.784	-0.923	-0.933
158.304214	-292.213013	-247.705658	295.082581	56.492435	7.016615	338.174927	-36	-24	1.18	23.69146	1.244	-1.799	-0.863	-0.848
159.928772	-292.213013	-248.066483	295.95871	57.580051	7.016615	338.65506	-36	-24	1.18	23.708629	1.245	-1.795	-0.858	-0.846
156.138138	-290.67807	-244.341827	296.309174	57.401234	7.406428	339.295258	-36	-24	1.18	23.717576	1.233	-1.807	-0.868	-0.846
157.943192	-291.829254	-246.146393	297.88623	57.743851	7.016615	339.77536	-36	-24	1.18	23.74864	1.237	-1.805	-0.863	-0.845
136.28241	-253.647797	-189.121277	290.701904	74.925591	6.626803	316.728912	-36	-20	1.18	22.925898	1.098	-1.837	-0.816	-0.770
135.560394	-253.647797	-188.760361	289.475311	74.567955	6.431898	315.608612	-36	-20	1.18	22.891666	1.097	-1.836	-0.815	-0.770
136.823929	-252.880325	-190.925873	287.547821	74.031487	6.431898	314.328247	-36	-20	1.18	22.844217	1.108	-1.826	-0.812	-0.772
133.935822	-252.880325	-188.399445	285.795532	73.137398	6.626803	313.528015	-36	-20	1.18	22.80727	1.097	-1.834	-0.818	-0.774
113.177582	-222.181641	-135.163971	278.260773	86.906532	6.042085	294.802765	-36	-16	1.18	22.122949	0.935	-1.884	-0.783	-0.696
111.01149	-223.716568	-136.246719	280.363495	85.118324	6.431898	294.162567	-36	-16	1.18	22.083458	0.933	-1.901	-0.789	-0.703
109.747948	-222.181641	-133.900757	281.064423	86.012428	6.236991	293.682434	-36	-16	1.18	22.072509	0.923	-1.906	-0.786	-0.698
109.206429	-221.667755	-133.900757	277.384613	85.654793	6.236991	293.042267	-36	-16	1.18	22.047917	0.923	-1.894	-0.787	-0.699
91.5168	-201.843781	-89.68824	271.42691	92.628769	6.042085	278.958313	-36	-12	1.18	21.507438	0.760	-1.985	-0.782	-0.637
89.531235	-203.186844	-89.68824	271.251709	92.092308	6.042085	278.47818	-36	-12	1.18	21.488511	0.751	-1.989	-0.781	-0.639
89.531235	-202.99498	-89.868698	270.200317	92.247154	6.042085	277.837982	-36	-12	1.18	21.463248	0.752	-1.983	-0.778	-0.639
87.184647	-202.99498	-89.507782	270.550781	91.198204	5.847179	277.357849	-36	-12	1.18	21.451983	0.744	-1.994	-0.784	-0.641
68.77298	-186.302567	-50.709045	256.883057	93.880508	5.457366	261.513428	-36	-8	1.18	20.832506	0.563	-2.087	-0.789	-0.584
66.787415	-185.53511	-49.445827	256.532593	94.034889	5.457366	260.87323	-36	-8	1.18	20.806447	0.550	-2.090	-0.789	-0.581
68.231461	-184.959503	-50.167664	255.831696	94.571213	5.652272	260.393097	-36	-8	1.18	20.778934	0.558	-2.078	-0.782	-0.581
68.231461	-185.726974	-50.348125	257.583984	95.132248	5.652272	260.073029	-36	-8	1.18	20.765877	0.556	-2.080	-0.774	-0.580
48.014732	-183.040833	-18.767759	257.408722	97.456902	5.652272	258.632599	-36	-4	1.18	20.707009	0.337	-2.220	-0.813	-0.537
47.653709	-184.767639	-18.226383	258.810547	98.529823	5.652272	259.272797	-36	-4	1.18	20.733193	0.329	-2.218	-0.804	-0.536
49.63929	-184.192032	-17.865463	259.161011	98.887466	5.652272	260.233063	-36	-4	1.18	20.772407	0.338	-2.218	-0.807	-0.534
48.375736	-185.918839	-19.309137	259.511444	98.708649	5.652272	261.193329	-36	-4	1.18	20.811546	0.336	-2.213	-0.807	-0.538
30.866611	-200.364639	11.558507	279.662598	110.331947	6.042085	281.03891	-36	0	1.18	21.589264	0.094	-2.345	-0.834	-0.491
27.97851	-203.570572	11.919708	282.991913	109.080215	5.652272	281.679077	-36	0	1.18	21.629656	0.078	-2.375	-0.842	-0.495
27.436979	-202.803101	12.280911	282.816681	107.649643	6.236991	282.639343	-36	0	1.18	21.644365	0.075	-2.393	-0.862	-0.500
29.242046	-203.186844	11.739107	281.940552	110.331947	6.236991	283.439575	-36	0	1.18	21.675675	0.085	-2.354	-0.840	-0.495
4.693168	-217.384964	41.718895	299.112823	115.696533	6.431898	298.163696	-36	4	1.18	22.236472	-0.167	-2.326	-0.822	-0.508
1.624557	-219.111771	42.2607	300.339386	114.981262	6.042085	298.643829	-36	4	1.18	22.269602	-0.182	-2.322	-0.821	-0.513
0.722016	-218.728043	42.2607	296.834869	114.802444	6.236991	299.444061	-36	4	1.18	22.292625	-0.186	-2.304	-0.825	-0.515
2.888103	-217.768707	43.886112	299.638489	117.484749	6.236991	299.924194	-36	4	1.18	22.31087	-0.182	-2.300	-0.811	-0.505
-32.071346	-232.799149	73.5047	312.605316	115.875351	6.626803	313.848114	-36	8	1.18	22.819161	-0.425	-2.196	-0.797	-0.560
-29.736832	-233.309921	74.4077	312.07962	118.915298	6.82171	314.488281	-36	8	1.18	22.83569	-0.416	-2.178	-0.781	-0.552
-30.629938	-233.309921	76.033112	315.584167	119.094116	7.016615	315.128479	-36	8	1.18	22.85221	-0.425	-2.186	-0.781	-0.554
-30.277502	-232.734314	76.213715	313.481445	120.524681	6.82171	315.448547	-36	8	1.18	22.871299	-0.423	-2.167	-0.773	-0.549
-71.368393	-248.920425	106.374107	326.273041	115.875351	7.016615	329.212433	-36	12	1.18	23.368668	-0.644	-2.084	-0.773	-0.606
-71.368393	-246.932465	108.36071	325.22168	117.127113	7.016615	330.012634	-36	12	1.18	23.397669	-0.651	-2.071	-0.771	-0.601
-71.909065	-249.234863	107.096512	327.674835	116.590645	7.016615	330.332733	-36	12	1.18	23.40926	-0.646	-2.081	-0.771	-0.605
-70.827721	-251.345398	106.374107	326.798706	116.411827	7.016615	330.9729	-36	12	1.18	23.432424	-0.639	-2.083	-0.773	-0.606
-123.452896	-270.148315	135.089691	328.726196	106.397903	7.016615	339.455292	-36	16	1.18	23.737216	-0.853	-1.975	-0.769	-0.672
-123.240448	-270.723907	133.464279	329.427124	103.179146	7.016615	338.014893	-36	16	1.18	23.685735	-0.855	-1.999	-0.782	-0.680
-120.17746	-266.886597	133.464279	326.623474	105.682625	7.016615	336.734528	-36	16	1.18	23.63988	-0.848	-1.984	-0.772	-0.670
-120.208885	-266.502838	131.297073	323.995087	103.715599	7.211522	335.454163	-36	16	1.18	23.586934	-0.847	-1.988	-0.780	-0.675
-158.915314	-262.354828	139.604706	294.732147	79.932549	6.82171	311.447418	-36	20	1.18	22.72256	-1.027	-1.917	-0.797	-0.748
-153.510025	-259.211945	139.604706	295.608276	83.687767	6.82171	310.647217	-36	20	1.18	22.692697	-1.011	-1.913	-0.782	-0.735
-152.24881	-256.021484	143.397339	293.680756	86.548889	6.626803	309.846985	-36	20	1.18	22.67008	-1.017	-1.891	-0.768	-0.725
-155.352417	-258.636322	141.771927	293.855988	82.793671	6.82171	309.206818	-36	20	1.18	22.638841	-1.025	-1.907	-0.781	-0.738
-183.23909	-250.769791	146.46756	263.892151	63.659931	6.431898	289.681305	-36	24	1.18	21.910814	-1.175	-1.834	-0.805	-0.796
-179.995926	-248.467392	146.106354	262.84079	64.732849	6.431898	288.881104	-36	24	1.18	21.879842	-1.169	-1.833	-0.804	-0.791
-184.548569	-250.83963	143.939133	262.315094	60.441174	6.236991	287.920837	-36	24	1.18	21.850177	-1.181	-1.845	-0.818	-0.805
-185.221024	-251.223465	143.216736	260.738068	60.262356	6.236991	287.120605	-36	24	1.18	21.819118	-1.179	-1.838	-0.815	-0.806
-216.391495	-253.455933	146.46756	237.082367	38.803955	5.847179	273.196686	-36	28	1.18	21.286963	-1.326	-1.792	-0.856	-0.880
-214.82608	-250.96167	146.106354	235.505341	39.161594	5.847179	272.716553	-36	28	1.18	21.267839	-1.327	-1.788	-0.858	-0.878
-215.31044	-251.799225	146.286957	236.381485	37.731037	6.236991	272.23642	-36	28	1.18	21.233146	-1.333	-1.800	-0.864	-0.884
-212.968155	-250.386063	147.009369	236.031006	40.234516	5.847179	271.756287	-36	28	1.18	21.229541	-1.324	-1.789	-0.851	-0.874
-256.57074	-269.072052	150.07959	219.384415	15.557362	6.042085	271.116089	-36	32	1.18	21.196178	-1.461	-1.755	-0.918	-0.966
-256.637878	-269.380859	151.343781	220.611023	15.914999	6.042085	271.916351	-36	32	1.18	21.22815	-1.463	-1.757	-0.918	-0.965
-258.012177	-270.723907	151.925369	220.611023	17.16674	5.847179	272.876617	-36	32	1.18	21.274216	-1.456	-1.745	-0.908	-0.960
-255.015854	-268.613373	153.330399	220.611023	18.5973	5.847179	273.516785	-36	32	1.18	21.299702	-1.456	-1.745	-0.909	-0.955
-316.929749	-307.370483	166.919189	218.157852	-8.384955	6.042085	290.641602	-36	36	1.18	21.96297	-1.593	-1.730	-0.984	-1.047
-315.668518	-304.684357	168.139694	218.157852	-5.887309	6.431898	291.441803	-36	36	1.18	21.9788	-1.590	-1.718	-0.977	-1.040
-312.146606	-304.108734	167.778488	217.632156	-4.638486	6.431898	291.761902	-36	36	1.18	21.991139	-1.581	-1.719	-0.977	-1.036
-317.650452	-306.88031	168.139694	218.508301	-8.384955	5.847179	292.722168	-36	36	1.18	22.050597	-1.599	-1.729	-0.991	-1.047
-363.955688	-332.696869	176.493561	206.242386	-42.28157	6.042085	308.086487	-36	40	1.18	22.626084	-1.766	-1.761	-1.145	-1.158
-367.018707	-336.62793	176.627945	209.221252	-40.497543	6.042085	308.56662	-36	40	1.18	22.64406	-1.746	-1.753	-1.121	-1.149
-374.323639	-341.522736	176.447342	209.396484	-42.459976	6.236991	309.366852	-36	40	1.18	22.666703	-1.746	-1.746	-1.115	-1.154
-369.457581	-339.220337	177.711548	209.221252	-43.351994	6.431898	309.68692	-36	40	1.18	22.671383	-1.759	-1.764	-1.135	-1.160
-418.117889	-385.843964	183.85199	193.275574	-85.811966	6.82171	324.251038	-36	44	1.18	23.195168	-1.904	-1.832	-1.297	-1.293
-420.100311	-385.268341	182.768387	193.976486	-84.919952	6.82171	324.891205	-36	44	1.18	23.218545	-1.897	-1.823	-1.290	-1.289
-423.884979	-391.408081	181.684784	193.450806	-90.093651	7.016615	325.691437	-36	44	1.18	23.240629	-1.907	-1.842	-1.309	-1.306
-423.704773	-390.448761	180.962372	194.677399	-90.272041	7.016615	326.331604	-36	44	1.18	23.263961	-1.909	-1.847	-1.315	-1.307
206.138443	-447.625031	-415.597626	174.52626	-103.117081	7.211522	337.534729	-32	-44	1.18	23.661569	1.893	-1.894	-1.341	-1.336
205.77742	-447.625031	-413.251648	171.196945	-102.760277	6.82171	336.574493	-32	-44	1.18	23.64113	1.889	-1.889	-1.341	-1.334
203.972366	-443.719421	-409.822937	172.073074	-103.473892	7.211522	335.294128	-32	-44	1.18	23.581184	1.899	-1.905	-1.357	-1.342
203.972366	-442.444611	-409.642487	171.196945	-102.938683	7.211522	333.693695	-32	-44	1.18	23.523597	1.899	-1.899	-1.351	-1.341
194.586014	-371.941254	-340.526581	186.091263	-49.417706	6.431898	310.807251	-32	-40	1.18	22.713222	1.744	-1.819	-1.174	-1.182
193.683487	-369.062439	-337.27832	185.916031	-45.849636	6.82171	310.167053	-32	-40	1.18	22.674758	1.728	-1.806	-1.158	-1.171
193.502991	-369.446289	-338.180603	185.916031	-47.633671	6.626803	309.526886	-32	-40	1.18	22.658111	1.737	-1.814	-1.167	-1.177
195.488556	-368.000336	-337.819702	186.616943	-45.314426	6.431898	308.406586	-32	-40	1.18	22.623473	1.734	-1.803	-1.150	-1.168
181.409042	-307.370483	-290.358917	194.502167	-5.887309	6.236991	289.041138	-32	-36	1.18	21.893585	1.610	-1.713	-1.007	-1.041
182.853088	-307.370483	-291.441681	195.027847	-5.887309	6.042085	288.080872	-32	-36	1.18	21.863939	1.616	-1.712	-1.002	-1.041
181.589539	-303.617676	-288.373871	194.151703	-4.638486	6.236991	287.920837	-32	-36	1.18	21.850177	1.613	-1.708	-1.004	-1.037
181.950562	-305.259949	-289.095703	194.677399	-5.887309	5.847179	286.960541	-32	-36	1.18	21.82804	1.617	-1.716	-1.005	-1.040
171.300674	-252.374985	-244.702728	201.686478	29.862959	6.042085	273.196686	-32	-32	1.18	21.279201	1.494	-1.631	-0.874	-0.914
171.300674	-252.566895	-245.24411	201.160797	29.862959	5.847179	272.716553	-32	-32	1.18	21.267839	1.494	-1.628	-0.871	-0.914
169.676117	-253.839661	-245.785492	201.686478	29.147676	5.652272	272.23642	-32	-32	1.18	21.25647	1.489	-1.633	-0.871	-0.916
169.856628	-254.031525	-245.785492	200.810349	28.611217	5.652272	271.596252	-32	-32	1.18	21.230932	1.492	-1.633	-0.872	-0.918
166.065994	-220.324341	-210.595932	216.405579	58.652973	5.652272	269.835754	-32	-28	1.18	21.160543	1.374	-1.593	-0.770	-0.807
165.704971	-219.556641	-208.610886	216.405579	60.798817	5.652272	270.956055	-32	-28	1.18	21.205363	1.362	-1.586	-0.765	-0.799
167.871048	-221.222305	-211.317749	217.106476	60.08353	6.042085	271.596252	-32	-28	1.18	21.215367	1.372	-1.586	-0.765	-0.804
166.427002	-222.243515	-211.317749	217.106476	60.08353	5.847179	272.396484	-32	-28	1.18	21.255082	1.364	-1.587	-0.767	-0.804
168.954102	-213.223297	-188.038513	247.771225	88.694733	6.236991	289.361237	-32	-24	1.18	21.905972	1.234	-1.593	-0.694	-0.715
170.03714	-211.304092	-185.331635	248.647369	91.555847	6.236991	289.84137	-32	-24	1.18	21.924538	1.226	-1.587	-0.684	-0.706
170.578644	-211.879837	-187.497147	249.348282	91.019386	6.236991	290.801636	-32	-24	1.18	21.961624	1.232	-1.587	-0.687	-0.708
170.759171	-210.152557	-184.790253	249.173065	92.807587	6.236991	291.281769	-32	-24	1.18	21.980144	1.225	-1.582	-0.684	-0.702
167.871048	-203.435364	-152.848969	277.209412	119.094116	6.626803	307.126221	-32	-20	1.18	22.568142	1.079	-1.617	-0.633	-0.622
167.690552	-204.586884	-153.029419	275.457153	117.842384	6.431898	307.766388	-32	-20	1.18	22.599479	1.081	-1.618	-0.640	-0.624
168.412567	-201.899994	-150.503006	278.786469	122.134064	6.626803	308.086487	-32	-20	1.18	22.604173	1.069	-1.611	-0.623	-0.613
168.77359	-205.546478	-154.292633	278.611237	119.630577	6.82171	308.886719	-32	-20	1.18	22.626855	1.079	-1.616	-0.632	-0.623
158.665222	-201.324234	-112.967484	303.843933	145.201843	7.016615	323.61084	-32	-16	1.18	23.164637	0.898	-1.671	-0.590	-0.543
158.665222	-198.773911	-110.412148	304.544861	146.632401	7.016615	324.411072	-32	-16	1.18	23.193894	0.893	-1.671	-0.590	-0.537
160.470291	-197.869675	-110.080132	303.143036	147.526489	7.016615	324.731171	-32	-16	1.18	23.205587	0.897	-1.662	-0.588	-0.534
158.665222	-201.899994	-112.426109	305.245758	146.095947	7.016615	325.051239	-32	-16	1.18	23.217273	0.894	-1.672	-0.590	-0.541
143.683182	-207.849518	-67.130836	324.520752	165.408493	7.211522	336.414429	-32	-12	1.18	23.621411	0.696	-1.758	-0.565	-0.478
145.307739	-204.394958	-66.228539	324.695984	167.554337	7.406428	336.894562	-32	-12	1.18	23.631641	0.698	-1.747	-0.559	-0.471
148.01535	-203.243439	-67.293671	325.22168	167.911972	7.211522	337.054626	-32	-12	1.18	23.644368	0.710	-1.743	-0.558	-0.470
145.849258	-205.162643	-68.195732	326.273041	165.587311	7.211522	337.534729	-32	-12	1.18	23.661569	0.708	-1.758	-0.569	-0.476
116.426712	-195.37471	-20.93327	313.656677	166.660233	7.016615	320.249908	-32	-8	1.18	23.041352	0.500	-1.852	-0.559	-0.419
120.397835	-192.250443	-23.098782	312.07962	167.196701	7.016615	319.449677	-32	-8	1.18	23.011901	0.522	-1.835	-0.554	-0.417
118.773285	-194.552841	-23.27924	312.07962	166.123764	6.82171	318.48941	-32	-8	1.18	22.983697	0.516	-1.842	-0.554	-0.421
117.870743	-189.617111	-19.304083	309.976898	167.554337	6.626803	317.529144	-32	-8	1.18	22.95546	0.504	-1.837	-0.551	-0.408
90.794769	-174.647339	15.35113	294.031219	164.87204	6.431898	297.683563	-32	-4	1.18	22.218166	0.309	-1.917	-0.543	-0.352
89.711731	-174.071579	15.897057	291.928497	162.726196	6.431898	296.883362	-32	-4	1.18	22.187624	0.305	-1.927	-0.555	-0.354
91.877815	-172.15239	14.628726	291.827484	163.6203	6.236991	296.083099	-32	-4	1.18	22.164489	0.319	-1.914	-0.547	-0.351
88.809204	-170.23317	18.963154	292.629395	164.87204	6.626803	294.962799	-32	-4	1.18	22.106675	0.290	-1.925	-0.541	-0.342
60.289177	-164.283646	46.595127	278.260773	158.434525	6.236991	280.878876	-32	0	1.18	21.575326	0.063	-2.037	-0.564	-0.300
62.455254	-161.404846	47.149246	276.508514	159.149796	6.042085	280.558746	-32	0	1.18	21.570407	0.071	-2.025	-0.561	-0.292
62.455254	-162.364456	47.136932	279.383209	159.149796	6.236991	279.918579	-32	0	1.18	21.537574	0.071	-2.038	-0.557	-0.295
61.191708	-162.748291	45.692123	277.4552	157.361603	6.236991	279.438446	-32	0	1.18	21.518673	0.072	-2.039	-0.565	-0.300
34.476742	-155.071487	69.531471	263.258179	149.13588	5.652272	265.994659	-32	4	1.18	21.006148	-0.167	-1.997	-0.558	-0.315
32.671677	-155.795761	69.712074	263.191223	147.526489	5.847179	265.354492	-32	4	1.18	20.972432	-0.177	-2.004	-0.564	-0.322
34.837753	-154.111877	70.091606	262.84079	150.029984	5.847179	265.034424	-32	4	1.18	20.959495	-0.168	-1.989	-0.549	-0.312
33.032692	-153.919968	70.615074	262.381836	149.13588	5.847179	264.234161	-32	4	1.18	20.927113	-0.179	-1.986	-0.549	-0.316
5.5957	-166.15657	97.705246	275.807587	154.321655	5.847179	278.958313	-32	8	1.18	21.515117	-0.393	-1.884	-0.531	-0.367
4.873674	-167.499634	95.718636	274.756226	150.924072	6.236991	279.758545	-32	8	1.18	21.531276	-0.391	-1.904	-0.555	-0.377
4.332154	-167.546295	98.453415	276.508514	152.354645	5.847179	280.238678	-32	8	1.18	21.56549	-0.402	-1.898	-0.547	-0.374
2.346583	-169.849335	97.911469	277.910309	152.354645	6.042085	281.03891	-32	8	1.18	21.589264	-0.405	-1.896	-0.545	-0.380
-28.655491	-181.364548	128.983017	289.825775	155.394577	6.626803	296.723297	-32	12	1.18	22.174061	-0.605	-1.809	-0.543	-0.429
-30.097277	-185.202942	127.357185	290.877136	153.785187	6.236991	297.363495	-32	12	1.18	22.213391	-0.602	-1.821	-0.549	-0.436
-30.457724	-186.930222	126.453934	291.753265	151.818176	6.431898	298.163696	-32	12	1.18	22.236472	-0.602	-1.837	-0.562	-0.442
-28.114822	-182.899902	129.310455	291.827484	156.825134	6.626803	298.483795	-32	12	1.18	22.241243	-0.600	-1.810	-0.540	-0.427
-70.467278	-208.041443	156.260941	300.766357	150.387619	7.016615	313.528015	-32	16	1.18	22.792781	-0.783	-1.757	-0.563	-0.505
-71.548615	-208.041443	158.970673	302.266907	151.460541	6.626803	314.008148	-32	16	1.18	22.825103	-0.791	-1.752	-0.558	-0.503
-72.990402	-208.750977	158.387238	302.869629	151.818176	6.626803	314.488281	-32	16	1.18	22.842923	-0.791	-1.748	-0.556	-0.504
-70.827721	-207.465683	157.303619	301.116913	151.281723	6.82171	315.448547	-32	16	1.18	22.871299	-0.785	-1.751	-0.565	-0.503
-120.389107	-228.705109	182.587784	304.194397	142.340729	7.211522	327.451935	-32	20	1.18	23.297647	-0.956	-1.682	-0.584	-0.574
-123.633133	-229.536484	183.719513	305.148163	141.446609	7.016615	327.772003	-32	20	1.18	23.316372	-0.966	-1.681	-0.586	-0.577
-120.569336	-228.896973	181.865372	304.720062	140.731339	7.211522	328.252136	-32	20	1.18	23.326737	-0.959	-1.692	-0.594	-0.577
-118.406647	-227.233444	183.358215	304.369629	142.698364	7.016615	328.732269	-32	20	1.18	23.351248	-0.956	-1.685	-0.590	-0.570
-172.293396	-252.566895	206.119919	303.668701	127.677475	7.016615	340.415558	-32	24	1.18	23.771474	-1.113	-1.635	-0.626	-0.645
-176.438522	-253.71843	206.661865	302.967804	128.03511	7.211522	340.575623	-32	24	1.18	23.770232	-1.117	-1.622	-0.619	-0.648
-176.798981	-251.41539	205.939285	301.390747	125.352829	7.406428	339.77536	-32	24	1.18	23.734725	-1.127	-1.628	-0.632	-0.653
-177.339645	-254.294189	203.952133	301.467468	123.922256	7.406428	338.65506	-32	24	1.18	23.69469	-1.122	-1.636	-0.632	-0.657
-205.454483	-251.99115	201.423065	265.186188	94.416962	6.626803	314.488281	-32	28	1.18	22.842923	-1.259	-1.600	-0.681	-0.728
-209.058929	-252.75882	200.519821	265.118744	92.449944	6.236991	313.367981	-32	28	1.18	22.815806	-1.267	-1.602	-0.683	-0.733
-204.373108	-249.11235	200.158524	263.258179	94.059326	6.431898	312.407684	-32	28	1.18	22.772858	-1.261	-1.597	-0.681	-0.727
-200.227997	-246.233551	199.074631	262.490326	94.774612	6.626803	310.967316	-32	28	1.18	22.711922	-1.256	-1.600	-0.680	-0.723
-236.452866	-259.403809	191.66803	227.795319	59.725891	6.042085	290.96167	-32	32	1.18	21.975317	-1.392	-1.584	-0.752	-0.826
-237.353958	-261.395233	190.764801	230.073273	60.262356	6.042085	290.641602	-32	32	1.18	21.96297	-1.383	-1.587	-0.744	-0.825
-233.749512	-257.748749	190.94545	227.444885	61.514091	5.847179	290.001434	-32	32	1.18	21.945783	-1.382	-1.579	-0.744	-0.819
-234.830856	-258.132599	191.306747	225.867828	61.692913	6.042085	289.361237	-32	32	1.18	21.913511	-1.383	-1.571	-0.739	-0.819
-270.154572	-280.2034	181.913025	197.005463	23.783079	5.847179	275.437317	-32	36	1.18	21.375978	-1.512	-1.596	-0.842	-0.940
-262.585236	-275.597351	182.274323	198.006699	25.57128	5.847179	274.957184	-32	36	1.18	21.356935	-1.510	-1.607	-0.846	-0.933
-263.846802	-274.561249	182.274323	197.481018	27.001839	5.847179	274.477051	-32	36	1.18	21.337874	-1.506	-1.594	-0.835	-0.929
-266.00946	-278.206726	184.080811	198.057098	29.147676	5.652272	273.836884	-32	36	1.18	21.320182	-1.494	-1.581	-0.812	-0.922
-298.269409	-307.64798	174.867737	171.372177	-12.845037	5.847179	264.874359	-32	40	1.18	20.953022	-1.631	-1.651	-0.957	-1.064
-293.223175	-304.492493	175.409668	172.598755	-10.525792	5.847179	265.514557	-32	40	1.18	20.978899	-1.625	-1.655	-0.957	-1.057
-293.223175	-303.809601	176.674225	174.00058	-9.098568	5.652272	266.314758	-32	40	1.18	21.019058	-1.624	-1.651	-0.952	-1.051
-298.449646	-307.562347	176.312927	173.124451	-8.384955	5.652272	266.954956	-32	40	1.18	21.044854	-1.611	-1.632	-0.935	-1.048
-349.092377	-357.739136	185.164703	161.384216	-48.168884	6.042085	285.520172	-32	44	1.18	21.764459	-1.750	-1.701	-1.093	-1.178
-352.877045	-360.709442	186.609879	161.209	-54.05619	6.042085	286.320374	-32	44	1.18	21.795595	-1.782	-1.724	-1.124	-1.199
-349.272614	-347.567383	187.874435	160.89949	-48.704086	6.042085	286.960541	-32	44	1.18	21.820472	-1.792	-1.696	-1.120	-1.183
-353.057281	-361.001801	186.429245	162.260361	-50.844929	6.042085	287.600739	-32	44	1.18	21.845321	-1.762	-1.709	-1.105	-1.186
220.398468	-387.294861	-359.294342	144.774475	-73.323738	6.626803	310.807251	-28	-44	1.18	22.705948	1.932	-1.774	-1.281	-1.267
222.02301	-390.74942	-362.447693	145.789001	-73.858948	6.626803	311.447418	-28	-44	1.18	22.729829	1.931	-1.772	-1.273	-1.266
220.939957	-392.559296	-363.444916	143.898117	-74.572563	6.626803	312.087616	-28	-44	1.18	22.753685	1.926	-1.768	-1.274	-1.268
222.203506	-391.408081	-364.70813	145.650833	-74.572563	6.431898	312.567719	-28	-44	1.18	22.778812	1.934	-1.770	-1.276	-1.267
235.741516	-359.366364	-333.849579	180.354645	-22.478811	6.82171	324.731171	-28	-40	1.18	23.212703	1.757	-1.665	-1.071	-1.090
236.283035	-361.76947	-335.654205	180.880478	-23.370829	7.016615	325.211304	-28	-40	1.18	23.223115	1.758	-1.668	-1.071	-1.093
234.838974	-360.901306	-334.21051	181.932098	-22.300407	7.016615	325.851471	-28	-40	1.18	23.246464	1.750	-1.669	-1.070	-1.090
236.102509	-363.779266	-336.015106	182.236252	-23.370829	7.211522	326.491669	-28	-40	1.18	23.262691	1.752	-1.672	-1.071	-1.094
247.835434	-332.021851	-317.525085	215.409012	22.888979	7.211522	338.975159	-28	-36	1.18	23.713103	1.626	-1.575	-0.909	-0.955
249.279495	-331.638	-318.066315	215.584274	23.604259	7.016615	339.295258	-28	-36	1.18	23.731501	1.628	-1.570	-0.906	-0.952
251.26506	-327.799591	-316.803436	216.811188	27.001839	6.82171	339.615326	-28	-36	1.18	23.749883	1.626	-1.559	-0.895	-0.942
247.474442	-328.667664	-316.345032	217.807388	26.28656	7.016615	340.095459	-28	-36	1.18	23.76006	1.616	-1.567	-0.900	-0.945
229.243271	-259.211945	-256.004608	225.166931	67.236336	7.016615	316.248779	-28	-32	1.18	22.893718	1.494	-1.491	-0.767	-0.815
228.340714	-259.211945	-254.988907	223.471512	66.521049	6.626803	315.288513	-28	-32	1.18	22.872592	1.494	-1.492	-0.769	-0.815
228.340714	-260.363129	-254.988907	220.667175	65.805771	6.626803	314.008148	-28	-32	1.18	22.825103	1.494	-1.487	-0.767	-0.817
225.813644	-254.223404	-252.215958	224.172607	68.30925	6.431898	312.887848	-28	-32	1.18	22.790719	1.487	-1.488	-0.761	-0.808
209.929077	-205.105515	-202.061432	226.919205	95.489883	6.431898	293.842468	-28	-28	1.18	22.071171	1.378	-1.445	-0.663	-0.702
210.109589	-202.283844	-199.71608	226.976944	96.920448	6.431898	293.042267	-28	-28	1.18	22.040424	1.376	-1.441	-0.658	-0.696
208.665527	-200.500717	-198.633606	226.919205	97.635727	6.431898	292.4021	-28	-28	1.18	22.015796	1.370	-1.438	-0.655	-0.693
207.221481	-198.390182	-197.009903	226.976944	97.456902	6.431898	291.921936	-28	-28	1.18	21.997305	1.370	-1.441	-0.659	-0.692
191.697922	-160.592438	-146.674942	229.43074	121.06115	6.042085	277.998047	-28	-24	1.18	21.469567	1.232	-1.420	-0.571	-0.581
192.961456	-163.515976	-149.561539	229.255463	118.557663	5.847179	277.197815	-28	-24	1.18	21.44566	1.245	-1.428	-0.577	-0.590
191.336899	-162.364456	-148.47908	230.131836	119.094116	5.847179	276.877747	-28	-24	1.18	21.433009	1.238	-1.430	-0.575	-0.587
191.336899	-163.854172	-149.200714	228.904922	118.200027	6.236991	276.397614	-28	-24	1.18	21.398583	1.240	-1.430	-0.576	-0.592
170.398148	-132.004288	-100.128647	232.526474	135.903198	5.652272	264.55426	-28	-20	1.18	20.947957	1.074	-1.447	-0.511	-0.483
173.827774	-131.044952	-100.669891	232.585632	136.797302	5.652272	265.194458	-28	-20	1.18	20.973841	1.086	-1.439	-0.508	-0.481
171.842194	-132.579895	-100.669891	233.11145	136.797302	5.652272	265.994659	-28	-20	1.18	21.006148	1.075	-1.443	-0.510	-0.483
172.383713	-131.236816	-99.072121	234.513641	138.764328	5.652272	266.634857	-28	-20	1.18	21.03196	1.069	-1.440	-0.504	-0.476
169.676117	-131.62056	-65.326241	262.557129	165.587311	6.431898	285.520172	-28	-16	1.18	21.749276	0.890	-1.493	-0.454	-0.397
171.300674	-127.783234	-64.046249	262.315094	168.627258	6.431898	286.480408	-28	-16	1.18	21.786659	0.890	-1.475	-0.445	-0.387
171.120163	-130.853088	-66.030785	263.258179	167.375519	6.236991	287.120605	-28	-16	1.18	21.819118	0.892	-1.483	-0.450	-0.394
173.827774	-128.358841	-65.128731	265.887268	170.594284	6.431898	288.080872	-28	-16	1.18	21.848825	0.894	-1.475	-0.439	-0.386
161.01181	-141.022034	-24.896856	287.270447	189.90683	6.626803	304.725555	-28	-12	1.18	22.477814	0.681	-1.570	-0.421	-0.328
165.343964	-138.719635	-26.700975	288.322052	192.76796	6.82171	305.525757	-28	-12	1.18	22.500623	0.697	-1.550	-0.409	-0.325
167.51004	-136.992828	-27.783445	289.899506	193.662048	6.626803	306.165955	-28	-12	1.18	22.532055	0.707	-1.546	-0.408	-0.322
164.982941	-138.911499	-26.340151	288.672607	192.76796	6.236991	306.646088	-28	-12	1.18	22.56475	0.695	-1.553	-0.414	-0.323
149.820404	-146.586166	15.174462	308.127777	212.616959	6.82171	320.089874	-28	-8	1.18	23.042634	0.484	-1.634	-0.386	-0.261
151.444962	-145.051239	15.53576	307.952515	214.405167	6.626803	320.570007	-28	-8	1.18	23.067447	0.487	-1.623	-0.380	-0.256
152.528	-144.283768	16.61965	307.952515	215.299271	6.431898	321.210175	-28	-8	1.18	23.098107	0.487	-1.620	-0.379	-0.252
152.347504	-147.545502	14.813167	309.705231	214.583984	6.626803	321.690308	-28	-8	1.18	23.108569	0.490	-1.628	-0.381	-0.260
133.394318	-155.412033	52.568699	326.881866	232.28717	7.406428	334.173798	-28	-4	1.18	23.533869	0.285	-1.700	-0.359	-0.207
131.228226	-155.220169	54.91713	324.603333	230.856613	7.211522	334.653931	-28	-4	1.18	23.558165	0.272	-1.708	-0.369	-0.204
132.672287	-151.574707	57.446209	324.953888	235.327087	7.016615	335.134064	-28	-4	1.18	23.582436	0.266	-1.687	-0.353	-0.192
135.921402	-155.02829	52.93	325.654938	232.823624	7.211522	335.614197	-28	-4	1.18	23.592683	0.292	-1.693	-0.362	-0.205
104.332764	-146.586166	86.711266	317.767731	229.426071	6.82171	325.531372	-28	0	1.18	23.241899	0.068	-1.790	-0.371	-0.142
104.332764	-147.92923	84.543488	317.241913	227.280182	7.016615	324.731171	-28	0	1.18	23.205587	0.076	-1.796	-0.376	-0.149
103.610741	-145.626831	86.711266	315.489197	229.783707	6.82171	323.770874	-28	0	1.18	23.177618	0.065	-1.779	-0.363	-0.140
101.444656	-146.394302	84.543488	313.736481	225.492004	6.626803	322.650574	-28	0	1.18	23.143758	0.066	-1.794	-0.379	-0.146
70.036522	-133.922958	108.750381	292.703857	212.259323	6.236991	300.084229	-28	4	1.18	22.316948	-0.159	-1.747	-0.360	-0.156
68.953491	-134.69043	108.389084	292.353333	210.828766	6.431898	299.444061	-28	4	1.18	22.285215	-0.162	-1.752	-0.364	-0.161
71.300072	-131.236816	108.750381	290.425323	212.080505	6.236991	298.803864	-28	4	1.18	22.268274	-0.155	-1.742	-0.358	-0.150
69.856026	-132.004288	107.666496	289.023163	210.649948	6.236991	298.003662	-28	4	1.18	22.2378	-0.156	-1.742	-0.361	-0.154
36.462315	-128.550705	126.63459	273.073425	194.377335	5.847179	283.119476	-28	8	1.18	21.678401	-0.375	-1.670	-0.369	-0.216
36.281811	-130.661224	125.370041	274.125061	193.840866	6.236991	282.319244	-28	8	1.18	21.631829	-0.370	-1.679	-0.367	-0.222
37.545353	-128.550705	126.453934	274.125061	195.98671	6.236991	281.839111	-28	8	1.18	21.613011	-0.368	-1.667	-0.356	-0.214
39.350418	-127.207634	125.008751	272.72287	194.019684	5.847179	281.358978	-28	8	1.18	21.609469	-0.360	-1.681	-0.367	-0.209
5.054181	-128.166962	138.738037	257.298981	175.422409	5.652272	266.794891	-28	12	1.18	21.038408	-0.564	-1.627	-0.386	-0.284
5.234687	-126.248299	138.738037	255.546249	175.422409	5.457366	266.154724	-28	12	1.18	21.020464	-0.566	-1.618	-0.385	-0.280
6.13722	-123.3703	138.918686	252.91716	176.852982	5.652272	265.194458	-28	12	1.18	20.973841	-0.564	-1.598	-0.375	-0.273
5.5957	-123.9459	138.738037	253.092438	175.780045	5.652272	264.55426	-28	12	1.18	20.947957	-0.567	-1.605	-0.378	-0.276
-29.556608	-140.062698	164.932068	261.856018	173.276581	6.042085	279.438446	-28	16	1.18	21.526348	-0.754	-1.557	-0.411	-0.352
-25.771919	-137.952164	166.377258	262.557129	177.031799	6.236991	280.398712	-28	16	1.18	21.556458	-0.742	-1.547	-0.399	-0.340
-26.132366	-137.56842	166.557892	263.082916	177.925888	6.236991	281.198944	-28	16	1.18	21.587895	-0.742	-1.542	-0.398	-0.339
-28.655491	-141.789505	166.015961	264.485107	175.064774	6.236991	281.999176	-28	16	1.18	21.619286	-0.748	-1.561	-0.411	-0.351
-71.890259	-158.09816	194.016479	271.846527	173.991852	6.431898	299.444061	-28	20	1.18	22.285215	-0.920	-1.488	-0.434	-0.420
-75.513527	-159.441238	195.461655	272.372345	172.024826	6.626803	300.244293	-28	20	1.18	22.308222	-0.936	-1.492	-0.443	-0.429
-74.251961	-161.551773	194.377777	273.423981	170.95192	6.431898	301.044495	-28	20	1.18	22.345993	-0.930	-1.506	-0.450	-0.430
-70.287056	-158.865631	195.281021	273.599243	174.707138	6.431898	301.684692	-28	20	1.18	22.370259	-0.918	-1.495	-0.439	-0.418
-122.912231	-184.000168	219.307266	272.02179	160.580368	6.82171	315.92868	-28	24	1.18	22.889083	-1.090	-1.452	-0.495	-0.510
-125.976028	-187.070038	220.93309	274.475586	161.653275	6.82171	316.568878	-28	24	1.18	22.912774	-1.090	-1.451	-0.487	-0.513
-121.110008	-183.424576	219.307266	272.547607	161.832092	6.626803	317.048981	-28	24	1.18	22.937726	-1.084	-1.452	-0.494	-0.506
-126.156258	-189.180573	219.307266	274.125061	159.149796	6.431898	317.689178	-28	24	1.18	22.96856	-1.090	-1.462	-0.500	-0.518
-180.403442	-221.414169	238.817291	266.763641	141.267792	7.211522	329.8526	-28	28	1.18	23.384809	-1.225	-1.427	-0.551	-0.608
-181.797684	-223.908447	239.359238	267.99054	139.658417	7.016615	330.652802	-28	28	1.18	23.420844	-1.230	-1.436	-0.558	-0.613
-179.862762	-223.908447	239.901199	269.392731	141.088974	7.016615	330.9729	-28	28	1.18	23.432424	-1.224	-1.438	-0.554	-0.609
-181.257156	-222.181641	240.804428	267.114166	140.731339	7.406428	331.453064	-28	28	1.18	23.43569	-1.232	-1.429	-0.557	-0.611
-229.784607	-257.293274	246.946487	251.339722	108.722565	7.211522	332.893433	-28	32	1.18	23.494749	-1.353	-1.444	-0.636	-0.712
-235.731964	-260.938751	248.030365	250.813904	106.934364	7.016615	331.613098	-28	32	1.18	23.455566	-1.362	-1.440	-0.632	-0.719
-231.767044	-255.182739	246.946487	246.607391	107.292007	6.626803	330.652802	-28	32	1.18	23.434944	-1.365	-1.431	-0.637	-0.713
-229.784607	-255.182739	246.043243	246.957947	106.219086	7.016615	329.692566	-28	32	1.18	23.386073	-1.365	-1.440	-0.641	-0.716
-258.913025	-276.096191	231.772003	210.676666	65.090492	6.82171	305.685791	-28	36	1.18	22.50665	-1.475	-1.464	-0.723	-0.825
-253.687943	-270.340179	231.230072	207.872314	65.626953	6.626803	304.88559	-28	36	1.18	22.483847	-1.480	-1.460	-0.730	-0.820
-254.835632	-271.29953	229.784882	208.047592	64.01757	6.626803	304.085358	-28	36	1.18	22.453664	-1.482	-1.466	-0.734	-0.825
-258.980774	-276.096191	228.159058	207.52179	59.725891	6.82171	303.605255	-28	36	1.18	22.428173	-1.489	-1.478	-0.745	-0.838
-280.066895	-294.899139	216.958832	175.096497	20.027859	6.042085	287.600739	-28	40	1.18	21.845321	-1.616	-1.528	-0.870	-0.955
-280.427307	-295.282867	216.958832	175.447052	19.849039	6.042085	286.800507	-28	40	1.18	21.814255	-1.616	-1.530	-0.868	-0.955
-278.985535	-293.747925	216.958832	174.921219	22.1737	6.042085	286.160339	-28	40	1.18	21.789371	-1.607	-1.519	-0.856	-0.948
-274.119507	-288.951263	215.694275	173.168503	20.743139	6.042085	285.84024	-28	40	1.18	21.776918	-1.620	-1.529	-0.877	-0.951
-293.763824	-314.853271	201.423065	143.898117	-22.300407	5.457366	272.716553	-28	44	1.18	21.283366	-1.756	-1.627	-1.046	-1.098
-289.182648	-310.632202	202.14566	143.197037	-20.694778	5.652272	272.076385	-28	44	1.18	21.250089	-1.760	-1.625	-1.049	-1.094
-290.519836	-313.702057	201.423065	143.898117	-21.408394	5.847179	271.276154	-28	44	1.18	21.210366	-1.753	-1.630	-1.043	-1.097
-288.101593	-310.824097	200.70047	142.671219	-22.835619	5.652272	270.475922	-28	44	1.18	21.186166	-1.767	-1.639	-1.060	-1.103
223.828079	-322.33606	-308.684906	112.699738	-53.520977	6.042085	281.999176	-24	-44	1.18	21.626925	2.033	-1.661	-1.281	-1.227
225.272141	-318.11499	-305.617889	114.452461	-50.488121	6.042085	282.479279	-24	-44	1.18	21.64573	2.031	-1.655	-1.274	-1.216
225.452652	-319.458069	-308.324097	113.576111	-52.628963	6.042085	283.439575	-24	-44	1.18	21.683294	2.043	-1.657	-1.286	-1.225
226.535675	-321.37674	-309.226135	114.277184	-51.558544	6.236991	284.239807	-24	-44	1.18	21.706939	2.031	-1.652	-1.273	-1.219
245.488861	-297.393402	-292.628235	151.610077	-3.568068	6.431898	301.524658	-24	-40	1.18	22.364196	1.846	-1.541	-1.047	-1.034
244.76683	-292.021149	-288.11795	151.434814	0.536482	6.431898	302.32486	-24	-40	1.18	22.394497	1.834	-1.526	-1.038	-1.020
246.391373	-300.079529	-294.432373	152.836975	-2.319245	6.236991	302.804993	-24	-40	1.18	22.420027	1.834	-1.536	-1.035	-1.029
248.015961	-304.492493	-297.679779	151.259537	-4.460082	6.236991	303.44516	-24	-40	1.18	22.444212	1.840	-1.536	-1.038	-1.036
259.026855	-265.543518	-273.143738	187.891342	47.566132	6.82171	317.36911	-24	-36	1.18	22.942352	1.679	-1.431	-0.851	-0.871
260.470886	-265.15979	-272.061249	185.963348	47.029678	6.82171	317.849243	-24	-36	1.18	22.960081	1.687	-1.429	-0.858	-0.873
261.012421	-267.270325	-275.849915	187.891342	46.493214	6.626803	318.48941	-24	-36	1.18	22.990883	1.688	-1.431	-0.855	-0.875
260.831909	-264.967926	-272.602509	189.468781	48.460236	7.016615	318.969543	-24	-36	1.18	22.994212	1.681	-1.432	-0.853	-0.869
270.03775	-223.908447	-240.308762	223.471512	99.960388	7.016615	331.453064	-24	-32	1.18	23.449783	1.537	-1.347	-0.697	-0.720
269.315704	-225.635239	-240.308762	221.192978	99.066284	7.016615	331.453064	-24	-32	1.18	23.449783	1.535	-1.346	-0.700	-0.723
270.759766	-229.088852	-242.473694	223.64679	98.172188	7.016615	332.093231	-24	-32	1.18	23.472906	1.537	-1.356	-0.700	-0.727
271.120789	-229.664444	-244.097397	222.945694	97.278084	6.82171	332.733398	-24	-32	1.18	23.503036	1.542	-1.354	-0.705	-0.729
267.149658	-181.314041	-195.566605	245.906296	140.194885	7.016615	334.013763	-24	-28	1.18	23.542143	1.408	-1.300	-0.590	-0.595
267.149658	-183.232697	-196.288254	246.607391	139.121964	6.82171	332.573364	-24	-28	1.18	23.497264	1.409	-1.307	-0.588	-0.598
267.149658	-178.627899	-192.680008	243.277237	140.373703	7.211522	331.292999	-24	-28	1.18	23.43695	1.410	-1.294	-0.586	-0.592
264.983551	-181.314041	-193.582062	242.751404	138.406677	7.016615	330.332733	-24	-28	1.18	23.40926	1.407	-1.301	-0.589	-0.597
237.907578	-127.975098	-131.52034	241.524506	160.759186	6.431898	305.045624	-24	-24	1.18	22.497222	1.272	-1.272	-0.497	-0.469
235.380478	-127.59137	-129.896637	240.47287	159.865067	6.236991	303.925323	-24	-24	1.18	22.462335	1.266	-1.275	-0.499	-0.468
235.561005	-125.672699	-129.535812	241.699783	160.938004	6.042085	303.285126	-24	-24	1.18	22.445529	1.265	-1.273	-0.493	-0.463
235.741516	-122.219093	-127.010048	238.369598	161.116821	5.847179	302.484924	-24	-24	1.18	22.422664	1.270	-1.262	-0.495	-0.457
212.636658	-91.904152	-75.592621	243.101959	178.819992	6.236991	286.320374	-24	-20	1.18	21.788015	1.098	-1.276	-0.409	-0.343
210.831604	-92.671616	-75.592621	240.998688	178.283524	6.236991	285.680206	-24	-20	1.18	21.763101	1.091	-1.272	-0.409	-0.344
211.192612	-92.863487	-76.133858	241.699783	177.568253	6.236991	285.200043	-24	-20	1.18	21.744395	1.096	-1.277	-0.411	-0.346
210.109589	-93.247223	-76.133858	239.947067	176.852982	6.431898	284.71991	-24	-20	1.18	21.718071	1.094	-1.274	-0.412	-0.348
187.365768	-74.828018	-32.654568	239.421249	187.224533	6.042085	270.635986	-24	-16	1.18	21.176974	0.913	-1.304	-0.346	-0.248
186.643738	-77.322289	-34.097866	239.070694	185.793976	5.847179	269.67572	-24	-16	1.18	21.146324	0.914	-1.310	-0.347	-0.255
184.838669	-76.746689	-33.376217	237.493256	185.07869	6.042085	268.875488	-24	-16	1.18	21.106405	0.909	-1.309	-0.349	-0.254
182.672592	-75.979218	-30.850451	238.019073	186.509247	6.236991	268.075256	-24	-16	1.18	21.066411	0.890	-1.309	-0.340	-0.249
176.354858	-76.746689	3.251662	254.319336	205.285355	5.847179	276.877747	-24	-12	1.18	21.433009	0.715	-1.368	-0.296	-0.176
175.091324	-76.746689	4.154904	253.442993	205.464172	5.847179	277.837982	-24	-12	1.18	21.470943	0.707	-1.366	-0.299	-0.174
179.784485	-74.636154	3.793607	254.669876	207.073563	5.847179	278.638245	-24	-12	1.18	21.502506	0.726	-1.358	-0.295	-0.170
179.242966	-75.019882	4.877499	255.721527	207.788834	5.847179	279.438446	-24	-12	1.18	21.53402	0.718	-1.362	-0.295	-0.168
173.28624	-85.764412	39.923306	278.085541	229.247223	6.431898	297.043396	-24	-8	1.18	22.193735	0.529	-1.443	-0.269	-0.116
170.217636	-86.148148	41.549145	278.857391	231.393066	6.626803	297.843597	-24	-8	1.18	22.216836	0.507	-1.439	-0.262	-0.114
171.300674	-84.229492	42.994331	279.662567	233.360077	6.626803	298.32373	-24	-8	1.18	22.235143	0.505	-1.433	-0.256	-0.107
169.676117	-86.723747	42.994331	280.434845	232.28717	6.431898	299.284027	-24	-8	1.18	22.279128	0.498	-1.445	-0.264	-0.111
155.957626	-93.822823	79.846626	297.085663	253.209106	6.431898	313.848114	-24	-4	1.18	22.826398	0.293	-1.502	-0.233	-0.052
153.79155	-96.125221	80.569214	297.962006	252.672638	6.431898	314.488281	-24	-4	1.18	22.850153	0.281	-1.513	-0.237	-0.055
154.333069	-98.043892	79.846626	299.539459	252.851456	6.431898	315.128479	-24	-4	1.18	22.873884	0.284	-1.518	-0.238	-0.059
156.860153	-95.741486	78.582085	297.436188	252.672638	6.431898	315.768646	-24	-4	1.18	22.897589	0.300	-1.505	-0.242	-0.057
135.199371	-99.770691	114.16983	311.282654	268.051178	7.211522	327.772003	-24	0	1.18	23.309287	0.081	-1.576	-0.229	0.000
133.213806	-103.416161	113.808533	312.605316	266.084137	7.016615	328.252136	-24	0	1.18	23.333817	0.074	-1.595	-0.238	-0.007
136.101898	-100.154427	113.989189	312.159027	268.587616	7.016615	328.572235	-24	0	1.18	23.34544	0.085	-1.576	-0.229	0.000
133.213806	-100.538162	114.711784	311.107391	267.872345	6.82171	329.212433	-24	0	1.18	23.375734	0.071	-1.578	-0.235	0.001
105.776817	-109.17215	149.757599	326.273041	278.780334	7.211522	341.21579	-24	4	1.18	23.793044	-0.157	-1.553	-0.223	-0.032
108.845428	-107.637215	148.13176	323.201172	275.740417	7.406428	340.735657	-24	4	1.18	23.768988	-0.143	-1.566	-0.236	-0.025
104.332764	-106.869751	149.576935	323.376434	277.349792	7.406428	339.77536	-24	4	1.18	23.734725	-0.162	-1.544	-0.224	-0.031
109.02594	-104.183632	147.047867	320.221527	275.382782	7.406428	338.65506	-24	4	1.18	23.69469	-0.139	-1.555	-0.232	-0.018
69.314499	-101.305626	162.403	294.631866	250.347977	6.626803	311.447418	-24	8	1.18	22.729829	-0.350	-1.487	-0.229	-0.085
66.065384	-104.567352	162.403	295.157654	246.592743	6.82171	310.647217	-24	8	1.18	22.692697	-0.362	-1.504	-0.241	-0.098
66.967911	-100.154427	162.041702	291.652222	247.665695	6.626803	309.846985	-24	8	1.18	22.67008	-0.360	-1.483	-0.235	-0.088
66.606895	-101.305626	160.596497	291.052338	244.804565	6.626803	309.046753	-24	8	1.18	22.640146	-0.359	-1.497	-0.245	-0.091
31.408133	-98.42762	175.590332	272.30304	225.134354	6.236991	291.761902	-24	12	1.18	21.998648	-0.557	-1.433	-0.258	-0.154
34.837753	-97.276421	173.783844	270.093811	224.061447	6.236991	290.96167	-24	12	1.18	21.967799	-0.544	-1.439	-0.262	-0.147
33.393703	-96.508957	175.770966	271.42691	225.492004	6.431898	290.481537	-24	12	1.18	21.941743	-0.554	-1.431	-0.253	-0.148
32.671677	-97.084557	174.867737	270.444336	224.5979	6.042085	289.84137	-24	12	1.18	21.932071	-0.554	-1.431	-0.254	-0.149
-1.081055	-92.287888	184.622742	249.061172	202.245407	6.042085	276.077515	-24	16	1.18	21.393625	-0.746	-1.371	-0.297	-0.212
-2.162112	-94.590286	183.900146	249.587006	201.351318	5.847179	275.597351	-24	16	1.18	21.382322	-0.745	-1.378	-0.297	-0.217
-0.180223	-90.944817	183.719513	247.483734	201.351318	5.847179	274.957184	-24	16	1.18	21.356935	-0.745	-1.371	-0.298	-0.208
-2.342289	-94.782158	183.538849	248.822586	200.099564	5.847179	274.477051	-24	16	1.18	21.337874	-0.748	-1.382	-0.299	-0.219
-39.638741	-96.508957	195.822952	235.330124	185.257523	6.042085	269.355621	-24	20	1.18	21.125675	-0.929	-1.310	-0.332	-0.293
-42.172237	-101.113762	194.558426	234.513641	181.681107	5.847179	270.475922	-24	20	1.18	21.178369	-0.934	-1.325	-0.351	-0.306
-41.620678	-100.730026	196.545547	236.90715	184.184586	6.236991	271.276154	-24	20	1.18	21.194785	-0.933	-1.322	-0.341	-0.303
-38.737858	-98.619492	197.087509	237.608063	186.330429	6.042085	272.076385	-24	20	1.18	21.234538	-0.925	-1.318	-0.336	-0.293
-90.291832	-122.027229	224.546066	239.77179	178.641174	6.236991	290.481537	-24	24	1.18	21.949269	-1.105	-1.270	-0.393	-0.395
-89.187164	-120.87603	224.00412	239.535538	179.177643	6.431898	291.281769	-24	24	1.18	21.972629	-1.102	-1.268	-0.394	-0.392
-89.187164	-122.027229	224.907364	240.47287	178.819992	6.236991	291.761902	-24	24	1.18	21.998648	-1.104	-1.274	-0.397	-0.393
-89.547516	-124.329628	223.823471	240.82341	178.641174	6.042085	292.562134	-24	24	1.18	22.036951	-1.097	-1.279	-0.399	-0.396
-146.521469	-160.01683	248.030365	240.122314	163.6203	6.82171	308.726685	-24	28	1.18	22.620861	-1.245	-1.263	-0.458	-0.505
-144.681412	-158.673767	246.765839	237.493256	161.295639	6.431898	309.046753	-24	28	1.18	22.64744	-1.251	-1.266	-0.472	-0.505
-145.440125	-154.068954	249.836868	237.493256	164.514404	6.236991	309.366852	-24	28	1.18	22.666703	-1.258	-1.246	-0.461	-0.496
-144.358795	-156.179489	248.933624	238.484177	164.335587	6.431898	309.846985	-24	28	1.18	22.677365	-1.250	-1.254	-0.463	-0.498
-198.786194	-201.651917	263.566162	226.393509	133.220901	6.626803	322.24527	-24	32	1.18	23.128912	-1.387	-1.284	-0.567	-0.620
-199.867554	-202.227524	264.108093	227.502777	133.936188	6.431898	322.49054	-24	32	1.18	23.145035	-1.385	-1.283	-0.563	-0.619
-200.716156	-201.843781	266.637177	228.72966	136.797302	6.626803	323.130707	-24	32	1.18	23.161332	-1.382	-1.274	-0.551	-0.615
-202.517944	-203.9543	266.095215	229.372375	137.512573	6.82171	323.770874	-24	32	1.18	23.177618	-1.375	-1.272	-0.547	-0.616
-259.881866	-251.537262	278.1987	213.130478	98.887466	7.406428	335.934326	-24	36	1.18	23.597181	-1.517	-1.310	-0.668	-0.742
-259.16098	-254.031525	278.1987	214.532654	96.562805	7.406428	336.574493	-24	36	1.18	23.62016	-1.522	-1.327	-0.680	-0.748
-260.354462	-253.839661	278.1987	214.828522	96.741631	7.406428	337.054626	-24	36	1.18	23.63738	-1.522	-1.325	-0.679	-0.748
-261.864319	-253.072205	281.08905	215.409012	99.78157	7.406428	337.694794	-24	36	1.18	23.660321	-1.520	-1.311	-0.666	-0.741
-293.146484	-281.852203	268.263	180.354645	50.069614	7.016615	323.130707	-24	40	1.18	23.147065	-1.663	-1.369	-0.809	-0.872
-294.948273	-283.195251	268.082336	180.13353	49.175514	6.82171	322.24527	-24	40	1.18	23.121769	-1.665	-1.370	-0.807	-0.875
-292.966309	-283.387115	265.011322	179.653564	47.566132	6.431898	320.890076	-24	40	1.18	23.086359	-1.662	-1.379	-0.814	-0.877
-293.223175	-283.387115	265.733917	178.777206	47.387314	6.82171	320.089874	-24	40	1.18	23.042634	-1.665	-1.377	-0.812	-0.879
-312.50708	-303.725006	247.127121	140.567963	-2.497646	6.431898	299.924194	-24	44	1.18	22.303466	-1.831	-1.454	-0.990	-1.029
-312.065002	-302.190063	244.959335	139.341049	-3.924874	6.236991	299.123993	-24	44	1.18	22.280454	-1.837	-1.456	-0.999	-1.034
-308.281281	-299.887665	245.86261	141.269043	-2.14084	6.431898	298.483795	-24	44	1.18	22.248668	-1.835	-1.461	-0.996	-1.028
-307.740784	-299.503937	244.23674	139.130356	-3.924874	6.236991	297.683563	-24	44	1.18	22.225598	-1.842	-1.464	-1.006	-1.034
238.81012	-273.793793	-291.004517	88.161697	-41.746365	6.042085	277.517914	-20	-44	1.18	21.450607	2.202	-1.504	-1.327	-1.199
238.990616	-274.177521	-290.463287	89.388596	-40.319134	6.236991	276.717682	-20	-44	1.18	21.411255	2.188	-1.502	-1.310	-1.192
238.088089	-276.479919	-291.365356	87.63588	-43.173592	6.236991	275.757416	-20	-44	1.18	21.373214	2.199	-1.512	-1.325	-1.205
238.990616	-273.218201	-289.922058	86.584244	-42.81678	6.042085	274.637115	-20	-44	1.18	21.33649	2.215	-1.507	-1.330	-1.205
228.160233	-215.274429	-239.947937	111.472847	10.371581	5.652272	259.752899	-20	-40	1.18	20.752808	1.967	-1.373	-1.048	-0.980
228.340714	-219.687378	-241.57164	112.495827	9.477481	5.067554	259.493073	-20	-40	1.18	20.766071	1.957	-1.383	-1.041	-0.982
226.896683	-217.384964	-240.128357	110.070663	8.404561	5.457366	258.952698	-20	-40	1.18	20.728075	1.969	-1.381	-1.056	-0.988
227.077194	-216.617508	-239.045883	112.34919	10.01394	5.26246	258.472565	-20	-40	1.18	20.71641	1.960	-1.383	-1.045	-0.980
222.203506	-169.22644	-200.437729	131.804367	51.857815	5.067554	251.750687	-20	-36	1.18	20.447665	1.786	-1.272	-0.845	-0.802
223.828079	-170.185776	-202.061432	135.309799	53.288376	5.067554	252.710937	-20	-36	1.18	20.487424	1.779	-1.276	-0.833	-0.799
224.55011	-169.993912	-202.783081	133.732361	51.500172	5.26246	253.351135	-20	-36	1.18	20.505835	1.796	-1.277	-0.849	-0.806
225.994141	-172.29631	-204.948013	134.258179	51.321354	5.067554	254.311401	-20	-36	1.18	20.55352	1.796	-1.278	-0.846	-0.807
240.976196	-146.969894	-181.674881	165.589676	96.20517	5.847179	272.779907	-20	-32	1.18	21.270364	1.622	-1.200	-0.678	-0.653
241.337219	-148.121109	-182.937759	169.312531	97.099266	6.042085	273.35672	-20	-32	1.18	21.285574	1.615	-1.209	-0.671	-0.653
242.600769	-150.039764	-183.298584	167.910355	96.20517	6.042085	273.996918	-20	-32	1.18	21.311047	1.620	-1.210	-0.676	-0.657
242.059219	-148.888565	-182.035706	170.364151	97.814552	6.042085	274.637115	-20	-32	1.18	21.33649	1.611	-1.213	-0.672	-0.651
250.362534	-112.625755	-146.855362	196.955338	141.625443	6.042085	290.068756	-20	-28	1.18	21.940855	1.464	-1.141	-0.547	-0.500
255.055695	-113.393219	-150.824432	197.881821	140.552521	6.236991	290.481537	-20	-28	1.18	21.949269	1.489	-1.142	-0.550	-0.507
253.070145	-111.474556	-148.29866	198.933456	143.056	6.236991	290.96167	-20	-28	1.18	21.967799	1.471	-1.137	-0.542	-0.499
254.333664	-110.707085	-148.29866	200.284653	143.413635	6.431898	291.829651	-20	-28	1.18	21.99375	1.475	-1.140	-0.544	-0.498
259.568359	-74.060555	-111.314201	224.816483	182.932861	6.431898	306.325989	-20	-24	1.18	22.545401	1.346	-1.084	-0.448	-0.360
260.831909	-71.182549	-109.870911	227.502777	185.793976	6.431898	306.966187	-20	-24	1.18	22.569452	1.342	-1.081	-0.439	-0.351
259.748871	-71.374413	-108.788429	229.080185	188.118622	6.431898	307.446289	-20	-24	1.18	22.587472	1.325	-1.080	-0.429	-0.347
261.192902	-74.060555	-110.231735	229.956558	186.866898	6.626803	307.926422	-20	-24	1.18	22.598171	1.331	-1.090	-0.434	-0.354
260.470886	-47.007343	-60.979248	255.831696	226.564911	6.82171	320.64444	-20	-20	1.18	23.063021	1.146	-1.079	-0.335	-0.217
261.012421	-54.49015	-64.948318	254.429855	222.094437	7.211522	321.05011	-20	-20	1.18	23.063604	1.157	-1.096	-0.351	-0.238
259.929382	-56.216949	-64.226662	255.370972	222.094437	6.82171	321.370209	-20	-20	1.18	23.089674	1.148	-1.104	-0.352	-0.237
260.651398	-53.722679	-64.407074	258.460083	224.776718	7.016615	321.92511	-20	-20	1.18	23.102884	1.145	-1.100	-0.342	-0.233
255.597214	-38.373344	-15.695844	279.136902	256.606689	7.016615	333.130859	-20	-16	1.18	23.510339	0.956	-1.119	-0.270	-0.120
253.250626	-40.10014	-12.989662	280.960632	257.858429	7.016615	333.853729	-20	-16	1.18	23.536381	0.936	-1.129	-0.267	-0.118
254.514175	-38.948944	-12.809251	282.81665	258.931366	7.016615	334.013763	-20	-16	1.18	23.542143	0.939	-1.130	-0.264	-0.116
256.138763	-39.524544	-14.072135	281.837006	257.500763	7.211522	334.653931	-20	-16	1.18	23.558165	0.950	-1.130	-0.271	-0.120
238.088089	-38.181477	30.890881	291.753265	273.952209	7.211522	334.731659	-20	-12	1.18	23.560961	0.746	-1.189	-0.219	-0.039
238.990616	-35.495342	31.794127	291.578033	274.309845	6.82171	333.373596	-20	-12	1.18	23.526108	0.750	-1.184	-0.214	-0.031
236.283035	-37.030277	34.142555	290.775879	274.309845	7.016615	332.4133	-20	-12	1.18	23.484459	0.733	-1.189	-0.211	-0.031
236.283035	-36.838409	32.878017	291.652222	273.415771	7.016615	331.292999	-20	-12	1.18	23.443997	0.739	-1.193	-0.210	-0.033
200.001221	-38.757076	66.47863	274.475586	263.04422	6.626803	306.325989	-20	-8	1.18	22.538073	0.536	-1.257	-0.174	0.029
197.474121	-39.332676	67.201233	273.599243	261.613647	6.626803	305.525757	-20	-8	1.18	22.507963	0.526	-1.263	-0.177	0.030
197.835144	-38.948944	66.659279	272.653503	260.361908	6.431898	304.796295	-20	-8	1.18	22.487828	0.532	-1.264	-0.180	0.030
198.737671	-37.797745	65.936684	272.02179	261.077179	7.016615	304.245422	-20	-8	1.18	22.444992	0.538	-1.254	-0.175	0.029
162.094849	-43.361877	92.49202	261.438965	254.282013	6.236991	287.667542	-20	-4	1.18	21.840351	0.303	-1.327	-0.145	0.080
161.192322	-45.66428	93.033966	261.614166	252.672638	6.042085	286.960541	-20	-4	1.18	21.820472	0.298	-1.342	-0.150	0.077
162.275345	-42.402542	93.395264	260.913269	253.74556	6.042085	286.546936	-20	-4	1.18	21.804402	0.302	-1.329	-0.144	0.085
159.387253	-43.361877	94.117859	259.92804	253.030273	6.042085	286.000305	-20	-4	1.18	21.783146	0.287	-1.332	-0.145	0.085
127.618103	-44.513077	113.627892	250.049179	245.341019	6.042085	272.23642	-20	0	1.18	21.240924	0.066	-1.397	-0.128	0.135
127.798607	-42.786278	113.085953	247.659012	243.552811	5.847179	271.276154	-20	0	1.18	21.210366	0.071	-1.394	-0.133	0.141
127.076591	-44.129345	112.182701	246.957947	242.122253	6.042085	270.475922	-20	0	1.18	21.170568	0.072	-1.399	-0.136	0.134
126.354561	-43.553745	111.821404	246.194199	241.5858	6.042085	269.515686	-20	0	1.18	21.132095	0.070	-1.397	-0.135	0.135
104.152252	-47.582947	137.654144	251.626236	246.413925	6.042085	274.79715	-20	4	1.18	21.342846	-0.154	-1.372	-0.130	0.102
105.235291	-47.007343	138.918686	253.442993	248.380966	5.847179	275.757416	-20	4	1.18	21.388665	-0.154	-1.370	-0.125	0.106
103.069214	-46.815475	140.905823	254.254639	249.811508	5.652272	276.461792	-20	4	1.18	21.424266	-0.171	-1.358	-0.120	0.101
105.235291	-48.350414	138.738037	253.378494	247.486877	5.847179	277.262177	-20	4	1.18	21.448204	-0.153	-1.377	-0.136	0.103
80.86692	-56.025085	171.43541	267.640015	259.289001	6.431898	294.802765	-20	8	1.18	22.108012	-0.367	-1.311	-0.144	0.024
79.783875	-56.025085	172.8806	268.62326	259.467804	6.042085	295.442932	-20	8	1.18	22.147458	-0.376	-1.311	-0.145	0.024
83.032997	-55.06575	173.241898	270.550781	262.686554	6.042085	296.243164	-20	8	1.18	22.178058	-0.363	-1.309	-0.135	0.032
83.75502	-55.06575	172.158005	268.62326	261.077179	6.236991	296.792206	-20	8	1.18	22.191585	-0.358	-1.312	-0.145	0.033
52.527393	-59.670551	206.119919	278.435974	266.799408	6.626803	311.767517	-20	12	1.18	22.74176	-0.568	-1.251	-0.166	-0.038
52.166382	-58.903088	205.21669	276.683746	265.905304	6.431898	312.24765	-20	12	1.18	22.766902	-0.568	-1.246	-0.172	-0.036
51.08334	-60.438019	207.38446	279.909027	267.693542	6.82171	312.727783	-20	12	1.18	22.770263	-0.574	-1.250	-0.165	-0.042
49.819798	-63.31601	205.939285	279.558472	265.547668	6.82171	313.367981	-20	12	1.18	22.794077	-0.573	-1.259	-0.176	-0.050
12.274442	-61.972942	236.107574	280.188263	261.256012	7.016615	325.371338	-20	16	1.18	23.228954	-0.782	-1.196	-0.224	-0.111
12.454947	-60.246155	236.83017	278.611206	263.04422	6.82171	325.767059	-20	16	1.18	23.250491	-0.782	-1.181	-0.219	-0.107
10.649882	-61.397343	237.914047	280.713928	263.223022	7.016615	325.767059	-20	16	1.18	23.243386	-0.787	-1.185	-0.217	-0.112
14.440519	-58.71122	238.094696	281.135925	266.978241	7.016615	326.011505	-20	16	1.18	23.252297	-0.774	-1.175	-0.204	-0.101
-36.395569	-72.52562	267.721069	282.115784	259.289001	7.406428	339.053894	-20	20	1.18	23.708951	-0.969	-1.130	-0.254	-0.197
-38.19733	-74.444283	265.914581	279.487366	256.249054	7.406428	339.374054	-20	20	1.18	23.720392	-0.973	-1.132	-0.266	-0.204
-39.458561	-70.606949	268.624298	279.136902	257.679596	7.211522	340.014374	-20	20	1.18	23.750213	-0.985	-1.118	-0.263	-0.199
-38.737858	-71.182549	269.527527	280.538727	257.858429	7.211522	340.334534	-20	20	1.18	23.761635	-0.985	-1.124	-0.264	-0.199
-84.142235	-85.188828	266.275879	248.296921	219.590958	7.016615	321.530243	-20	24	1.18	23.088395	-1.152	-1.096	-0.335	-0.301
-84.502586	-82.886421	266.456512	248.121674	223.524994	6.82171	320.570007	-20	24	1.18	23.060285	-1.142	-1.077	-0.316	-0.295
-84.502586	-81.159622	265.37262	245.493286	221.0215	6.626803	319.523865	-20	24	1.18	23.028982	-1.151	-1.075	-0.324	-0.294
-83.06118	-80.967758	264.469391	245.142838	220.842682	6.626803	318.40329	-20	24	1.18	22.987708	-1.148	-1.077	-0.322	-0.293
-122.880096	-100.538162	257.966034	216.28537	182.217575	6.626803	299.284027	-20	28	1.18	22.271713	-1.296	-1.078	-0.398	-0.403
-123.961151	-101.305626	257.424103	215.409012	180.6082	6.626803	298.643829	-20	28	1.18	22.24734	-1.301	-1.080	-0.403	-0.407
-121.258514	-98.811356	255.978912	214.127609	179.892914	6.431898	297.912781	-20	28	1.18	22.226907	-1.301	-1.079	-0.407	-0.402
-122.880096	-101.881226	254.714371	214.127609	178.462341	6.626803	297.432526	-20	28	1.18	22.20115	-1.298	-1.087	-0.409	-0.409
-156.573029	-126.056435	251.462708	185.740799	141.446609	6.042085	283.025146	-20	32	1.18	21.667091	-1.443	-1.103	-0.501	-0.521
-157.113556	-126.248299	248.572311	183.813293	139.300781	5.847179	282.799377	-20	32	1.18	21.665884	-1.444	-1.103	-0.511	-0.525
-159.275665	-130.661224	248.933624	185.740799	139.479599	5.847179	282.064667	-20	32	1.18	21.637127	-1.435	-1.112	-0.501	-0.530
-157.113556	-127.783234	247.669083	183.462845	138.049042	6.236991	281.679077	-20	32	1.18	21.606735	-1.443	-1.110	-0.512	-0.530
-188.103851	-155.412033	237.733414	156.127411	96.20517	5.652272	267.337097	-20	36	1.18	21.060237	-1.589	-1.163	-0.639	-0.662
-189.00473	-157.138824	236.83017	155.466064	96.026344	6.042085	266.794891	-20	36	1.18	21.0227	-1.582	-1.162	-0.635	-0.666
-191.707367	-157.330704	237.552765	154.199905	92.986404	5.847179	266.154724	-20	36	1.18	21.004743	-1.605	-1.165	-0.647	-0.674
-189.234375	-156.371368	236.83017	154.900803	95.847527	5.847179	265.576172	-20	36	1.18	20.981388	-1.586	-1.159	-0.632	-0.665
-235.129807	-202.035645	246.585175	137.202866	53.288376	5.847179	277.582336	-20	40	1.18	21.46085	-1.772	-1.248	-0.825	-0.826
-238.435303	-203.762436	248.030365	138.464691	55.076576	6.042085	278.542847	-20	40	1.18	21.491061	-1.761	-1.239	-0.809	-0.822
-233.868561	-198.198318	248.211029	138.955139	57.937691	5.847179	278.638245	-20	40	1.18	21.502506	-1.760	-1.231	-0.806	-0.810
-236.391037	-200.116989	249.475555	138.604675	56.864777	6.042085	279.823486	-20	40	1.18	21.541501	-1.766	-1.231	-0.810	-0.815
-296.10675	-256.909546	261.398376	118.278328	6.258722	6.236991	294.871216	-20	44	1.18	22.118104	-1.972	-1.327	-1.021	-1.000
-297.290558	-258.444458	260.675781	119.680145	6.974002	6.236991	295.763031	-20	44	1.18	22.152248	-1.959	-1.327	-1.014	-0.997
-295.4888	-255.182739	262.301605	118.628784	7.689281	6.042085	296.472046	-20	44	1.18	22.186802	-1.971	-1.321	-1.020	-0.994
-299.632843	-260.554993	261.57901	118.834267	6.079902	5.847179	297.20343	-20	44	1.18	22.222155	-1.961	-1.326	-1.017	-0.999
289.893463	-266.502838	-326.906494	69.758156	-39.42712	6.626803	314.968414	-16	-44	1.18	22.860728	2.397	-1.307	-1.377	-1.179
292.420563	-270.915771	-332.499268	67.812881	-42.28157	7.016615	315.84198	-16	-44	1.18	22.878655	2.409	-1.306	-1.380	-1.190
293.684082	-268.613373	-331.777649	67.304352	-42.459976	6.626803	316.248779	-16	-44	1.18	22.908143	2.427	-1.303	-1.392	-1.190
289.53244	-267.270325	-328.349823	68.00544	-40.854347	6.82171	316.568878	-16	-44	1.18	22.912774	2.405	-1.305	-1.391	-1.186
306.680542	-225.635239	-304.535431	110.21788	21.637239	7.016615	329.448944	-16	-40	1.18	23.377243	2.132	-1.171	-1.074	-0.949
307.402588	-229.47258	-306.519958	108.843758	19.31258	7.211522	330.089294	-16	-40	1.18	23.393385	2.137	-1.178	-1.082	-0.958
305.958557	-226.40271	-304.174591	109.895401	22.710159	6.82171	330.652802	-16	-40	1.18	23.427895	2.119	-1.168	-1.069	-0.945
309.929687	-229.280716	-308.504486	108.640823	20.385498	7.016615	331.049774	-16	-40	1.18	23.435204	2.138	-1.168	-1.074	-0.954
322.384644	-186.494446	-273.324158	151.571487	84.760689	7.211522	341.935364	-16	-36	1.18	23.81866	1.893	-1.074	-0.817	-0.754
321.121094	-186.302567	-274.226227	149.819229	80.647827	7.016615	342.255524	-16	-36	1.18	23.836979	1.915	-1.081	-0.841	-0.763
323.467682	-186.68631	-274.587036	149.293549	82.614845	7.406428	342.816254	-16	-36	1.18	23.843054	1.909	-1.073	-0.831	-0.760
320.760071	-182.273376	-270.437561	152.622864	84.760689	7.211522	342.976288	-16	-36	1.18	23.855667	1.900	-1.076	-0.830	-0.751
299.099304	-128.166962	-208.195435	170.320816	127.856293	6.82171	318.969543	-16	-32	1.18	23.001394	1.714	-1.008	-0.646	-0.591
296.391693	-127.015762	-204.045959	171.196945	129.108032	7.016615	318.169312	-16	-32	1.18	22.964701	1.698	-1.012	-0.642	-0.586
295.489166	-122.986565	-203.143906	170.671265	130.359787	6.626803	317.44278	-16	-32	1.18	22.952271	1.699	-1.001	-0.638	-0.578
295.489166	-127.207634	-202.783081	170.889984	128.571579	6.626803	316.642395	-16	-32	1.18	22.9227	1.697	-1.015	-0.641	-0.585
275.452942	-69.091255	-149.020309	185.740799	162.905014	6.431898	298.713196	-16	-28	1.18	22.257404	1.561	-0.937	-0.499	-0.425
276.174957	-69.839485	-147.937836	182.761932	161.832092	6.236991	298.003662	-16	-28	1.18	22.2378	1.567	-0.933	-0.503	-0.425
274.550415	-69.072014	-146.314133	183.813293	161.474457	6.431898	297.112366	-16	-28	1.18	22.196369	1.564	-0.940	-0.504	-0.424
274.911407	-69.839485	-147.216187	182.411484	160.938004	6.431898	296.311951	-16	-28	1.18	22.165788	1.567	-0.936	-0.502	-0.427
251.084564	-22.064671	-95.25753	188.369217	183.111679	6.236991	278.382782	-16	-24	1.18	21.477058	1.433	-0.870	-0.394	-0.268
250.182022	-20.919296	-94.716293	188.894897	183.648132	6.042085	277.582336	-16	-24	1.18	21.453152	1.428	-0.869	-0.389	-0.264
249.821014	-20.721605	-94.896706	188.894897	183.82695	6.042085	277.102112	-16	-24	1.18	21.434173	1.427	-0.867	-0.386	-0.264
250.543045	-20.919296	-95.25753	188.018753	182.217575	5.847179	276.461792	-16	-24	1.18	21.416556	1.439	-0.869	-0.392	-0.266
229.604263	0.38485	-50.15453	193.626022	199.56311	5.847179	264.074127	-16	-20	1.18	20.920631	1.246	-0.861	-0.287	-0.137
228.882263	-0.383733	-48.169998	196.079208	199.741928	5.457366	263.754028	-16	-20	1.18	20.923455	1.237	-0.877	-0.286	-0.133
227.799225	2.886083	-45.283409	195.027832	202.424225	5.652272	263.914093	-16	-20	1.18	20.922043	1.221	-0.859	-0.275	-0.120
229.965302	0.384697	-49.07206	195.72876	200.099564	5.847179	264.615692	-16	-20	1.18	20.942558	1.243	-0.870	-0.287	-0.135
233.214417	15.969453	-7.396892	221.31192	236.400024	6.236991	282.704987	-16	-16	1.18	21.646935	1.037	-0.885	-0.199	-0.008
233.755936	14.430232	-7.938128	220.085342	233.89653	6.042085	283.439575	-16	-16	1.18	21.683294	1.048	-0.892	-0.215	-0.012
233.755936	16.354258	-8.298951	221.487152	236.578842	5.847179	283.919708	-16	-16	1.18	21.709661	1.041	-0.882	-0.204	-0.008
233.575424	13.468219	-7.036067	222.770416	236.400024	6.431898	284.559875	-16	-16	1.18	21.711826	1.032	-0.898	-0.207	-0.014
228.52124	16.739063	38.658768	244.44191	263.938293	6.431898	299.444061	-16	-12	1.18	22.285215	0.804	-0.964	-0.150	0.090
229.243271	15.00744	39.200714	245.142838	264.117126	6.431898	300.244293	-16	-12	1.18	22.315625	0.802	-0.971	-0.152	0.087
229.965302	15.772601	39.381359	246.194199	265.368866	6.626803	300.79425	-16	-12	1.18	22.329104	0.801	-0.969	-0.149	0.088
232.311874	18.278282	38.658768	244.792358	265.190033	6.431898	301.43457	-16	-12	1.18	22.360782	0.818	-0.957	-0.153	0.093
218.77388	8.07865	80.207924	265.644409	287.900177	6.626803	315.52182	-16	-8	1.18	22.881234	0.568	-1.057	-0.113	0.154
219.134918	8.270998	82.556351	267.046204	289.688385	6.626803	316.088745	-16	-8	1.18	22.902222	0.559	-1.059	-0.108	0.159
217.690857	9.232742	82.737	266.170105	289.867187	6.626803	316.80246	-16	-8	1.18	22.928617	0.553	-1.054	-0.110	0.161
218.593369	7.309254	82.917648	267.747131	289.867187	6.82171	317.529144	-16	-8	1.18	22.948263	0.554	-1.064	-0.113	0.156
200.001221	-2.110533	120.492538	282.466217	307.928009	7.016615	329.929199	-16	-4	1.18	23.394647	0.320	-1.144	-0.088	0.210
200.903748	0.769655	120.131241	281.765289	308.822113	7.016615	330.24939	-16	-4	1.18	23.406242	0.325	-1.131	-0.086	0.215
198.557159	-4.796668	123.021606	285.970764	310.789124	7.016615	330.9729	-16	-4	1.18	23.432424	0.300	-1.155	-0.080	0.207
198.737671	-3.453601	122.299011	284.568939	310.073853	6.82171	331.292999	-16	-4	1.18	23.451041	0.305	-1.149	-0.085	0.210
174.188782	-8.825869	157.525482	296.309174	327.24057	7.016615	342.255524	-16	0	1.18	23.836979	0.066	-1.207	-0.059	0.266
172.383713	-9.596007	157.525482	294.732147	325.631195	7.211522	342.656189	-16	0	1.18	23.844293	0.059	-1.209	-0.068	0.265
174.369293	-10.168937	157.525482	296.659607	326.704102	7.016615	343.055939	-16	0	1.18	23.865418	0.067	-1.213	-0.065	0.263
173.647263	-9.979847	158.067413	296.484375	325.988831	7.211522	343.696259	-16	0	1.18	23.881229	0.062	-1.216	-0.070	0.265
131.950256	-10.171768	173.422546	274.405762	302.742218	6.82171	317.76297	-16	4	1.18	22.956896	-0.171	-1.177	-0.062	0.224
131.950256	-12.663203	171.796707	273.704865	301.311676	6.82171	316.962555	-16	4	1.18	22.92733	-0.165	-1.185	-0.065	0.219
130.50621	-14.390003	172.158005	274.931458	301.490509	6.431898	316.322205	-16	4	1.18	22.918068	-0.171	-1.189	-0.061	0.212
132.130768	-13.046937	171.796707	273.179169	299.881134	6.626803	315.448547	-16	4	1.18	22.87852	-0.165	-1.191	-0.065	0.220
94.224396	-11.512002	185.164703	252.151901	276.098053	6.236991	294.802765	-16	8	1.18	22.115481	-0.387	-1.123	-0.080	0.150
93.682884	-11.515208	184.080811	251.801453	274.66748	6.042085	294.070831	-16	8	1.18	22.094893	-0.387	-1.127	-0.083	0.150
93.86338	-10.363688	184.803406	252.50238	275.203979	6.236991	293.430481	-16	8	1.18	22.062833	-0.390	-1.126	-0.078	0.152
91.697304	-11.320135	184.622742	251.626236	275.740417	6.431898	292.950226	-16	8	1.18	22.036885	-0.395	-1.116	-0.073	0.143
53.971447	-8.252565	197.268143	233.577835	252.672638	6.042085	278.542847	-16	12	1.18	21.491061	-0.624	-1.052	-0.113	0.073
54.151955	-6.141445	197.448807	232.701691	254.282013	5.847179	277.742432	-16	12	1.18	21.467171	-0.622	-1.037	-0.102	0.079
55.596004	-7.866535	195.281021	231.124664	251.242096	6.042085	277.262177	-16	12	1.18	21.440501	-0.614	-1.051	-0.114	0.078
53.971447	-8.442135	196.18425	231.475113	249.990341	5.847179	276.781952	-16	12	1.18	21.429221	-0.626	-1.056	-0.118	0.074
17.50913	-5.181844	205.577988	213.777161	230.498978	5.652272	264.295532	-16	16	1.18	20.937488	-0.838	-0.976	-0.151	0.002
14.801533	-4.796668	205.577988	212.375336	230.498978	5.457366	263.975372	-16	16	1.18	20.932418	-0.846	-0.963	-0.148	-0.002
15.162544	-5.564135	205.036026	213.076248	229.426071	5.652272	263.914093	-16	16	1.18	20.922043	-0.845	-0.973	-0.154	-0.004
16.065079	-5.181844	206.119919	214.127609	230.856613	5.652272	264.074127	-16	16	1.18	20.928524	-0.843	-0.973	-0.147	-0.001
-25.224653	-11.128269	235.565628	215.704666	231.393066	6.042085	280.303741	-16	20	1.18	21.560387	-1.045	-0.909	-0.196	-0.097
-24.8643	-11.320135	235.384979	215.704666	231.571884	6.042085	281.104156	-16	20	1.18	21.591825	-1.042	-0.909	-0.198	-0.097
-26.846237	-10.360803	236.83017	215.17897	231.214249	5.847179	281.744507	-16	20	1.18	21.624583	-1.055	-0.903	-0.202	-0.098
-23.422892	-11.320135	235.926941	216.756027	232.28717	6.236991	282.479279	-16	20	1.18	21.638097	-1.039	-0.914	-0.201	-0.095
-77.475716	-26.093874	265.733917	215.704666	226.743729	6.431898	299.19342	-16	24	1.18	22.275682	-1.232	-0.868	-0.260	-0.209
-73.511841	-24.7577	264.650024	214.478058	227.816666	6.82171	299.833771	-16	24	1.18	22.28521	-1.221	-0.864	-0.260	-0.202
-76.755013	-26.101139	265.553284	214.302841	225.492004	6.626803	300.153931	-16	24	1.18	22.304789	-1.236	-0.868	-0.270	-0.210
-75.673958	-25.7173	265.011322	214.127609	226.207275	6.431898	300.79425	-16	24	1.18	22.336501	-1.230	-0.866	-0.269	-0.206
-124.681862	-50.844677	287.231079	208.345123	208.86174	6.626803	315.681885	-16	28	1.18	22.887162	-1.389	-0.874	-0.360	-0.318
-123.600792	-52.010365	287.592407	208.870804	208.682922	6.82171	316.16214	-16	28	1.18	22.897725	-1.387	-0.880	-0.363	-0.319
-127.74485	-52.571476	289.037598	208.52034	206.89473	6.82171	316.4823	-16	28	1.18	22.909571	-1.403	-0.879	-0.369	-0.326
-129.906952	-51.036545	291.386017	207.819427	208.325287	6.82171	316.80246	-16	28	1.18	22.921411	-1.410	-0.866	-0.363	-0.326
-177.47345	-99.414642	305.295959	196.780121	176.674164	6.82171	328.732239	-16	32	1.18	23.358319	-1.532	-0.940	-0.483	-0.461
-177.113098	-97.495438	306.018555	195.553513	175.601227	6.82171	329.128784	-16	32	1.18	23.372701	-1.544	-0.937	-0.491	-0.461
-178.013977	-96.317085	306.921783	196.079208	175.958878	6.82171	329.448944	-16	32	1.18	23.384307	-1.549	-0.934	-0.490	-0.460
-176.932922	-96.700821	305.295959	195.553513	175.958878	6.82171	329.929199	-16	32	1.18	23.401705	-1.542	-0.934	-0.492	-0.459
-232.60733	-147.778519	321.373688	175.40239	133.936188	7.016615	342.095459	-16	36	1.18	23.831288	-1.709	-0.997	-0.642	-0.608
-232.60733	-146.394302	322.096252	174.175812	134.830276	7.406428	342.735779	-16	36	1.18	23.840193	-1.710	-0.988	-0.641	-0.607
-231.706451	-146.77803	321.554321	177.154678	137.333755	7.211522	342.895844	-16	36	1.18	23.852809	-1.694	-0.992	-0.629	-0.602
-232.066818	-146.969894	320.109131	176.453751	135.36673	7.211522	343.536163	-16	36	1.18	23.875548	-1.700	-0.996	-0.641	-0.606
-261.435516	-181.697769	299.334534	135.27536	72.243286	6.82171	317.529114	-16	40	1.18	22.948262	-1.909	-1.079	-0.835	-0.777
-259.453583	-177.860428	298.792603	132.997406	72.600929	6.82171	316.568848	-16	40	1.18	22.912772	-1.917	-1.067	-0.838	-0.774
-258.732849	-175.941772	298.611938	132.121277	73.137398	6.82171	315.52182	-16	40	1.18	22.874014	-1.919	-1.061	-0.834	-0.772
-258.012177	-174.790573	296.805481	134.223999	73.673851	7.016615	314.721405	-16	40	1.18	22.837109	-1.913	-1.065	-0.831	-0.770
-282.155762	-211.687927	276.392181	96.024475	14.48444	6.431898	296.311951	-16	44	1.18	22.165788	-2.137	-1.177	-1.078	-0.969
-282.876465	-213.739532	276.392181	94.973106	11.623322	6.236991	295.602997	-16	44	1.18	22.146125	-2.152	-1.188	-1.093	-0.979
-278.552246	-212.588333	275.127655	95.323563	11.98096	6.236991	294.802765	-16	44	1.18	22.115481	-2.150	-1.196	-1.098	-0.978
-277.651367	-209.576797	273.682465	96.024475	13.590342	6.236991	294.230896	-16	44	1.18	22.093557	-2.144	-1.188	-1.091	-0.971
262.997986	-190.139908	-280.901459	28.561995	-34.075027	5.847179	273.900452	-12	-44	1.18	21.314962	2.700	-1.086	-1.529	-1.198
262.456451	-188.273682	-280.360229	28.036314	-34.253426	5.847179	272.939972	-12	-44	1.18	21.27674	2.713	-1.081	-1.535	-1.200
260.651398	-186.494446	-277.473633	27.685858	-32.826202	5.847179	271.819397	-12	-44	1.18	21.23206	2.702	-1.075	-1.530	-1.194
260.358612	-188.221237	-278.736511	28.737221	-34.610229	5.847179	271.179077	-12	-44	1.18	21.206487	2.711	-1.091	-1.538	-1.203
265.705597	-149.121964	-249.509766	59.051533	18.5973	6.042085	272.939972	-12	-40	1.18	21.268975	2.364	-0.955	-1.167	-0.942
266.788635	-150.423508	-250.231415	61.504704	19.670219	6.042085	273.740387	-12	-40	1.18	21.300844	2.350	-0.963	-1.155	-0.938
265.705597	-147.92923	-248.788116	61.329483	21.2796	5.847179	274.540771	-12	-40	1.18	21.340405	2.342	-0.953	-1.153	-0.930
266.608093	-147.970428	-249.329361	62.731304	22.35252	5.847179	275.021057	-12	-40	1.18	21.359469	2.335	-0.953	-1.143	-0.925
284.117249	-110.16217	-222.087143	101.631744	81.363113	6.236991	293.270416	-12	-36	1.18	22.056684	2.045	-0.856	-0.856	-0.696
284.29776	-114.352554	-224.432526	98.828102	79.574913	6.042085	293.842468	-12	-36	1.18	22.086133	2.043	-0.856	-0.861	-0.705
286.644348	-114.384422	-225.875809	102.332649	81.184296	6.042085	294.711151	-12	-36	1.18	22.11944	2.039	-0.862	-0.850	-0.701
286.102814	-113.393219	-224.432526	99.178566	80.111366	6.236991	295.351471	-12	-36	1.18	22.136498	2.050	-0.854	-0.864	-0.703
300.983215	-73.101219	-192.499603	139.48082	137.512573	6.82171	310.559265	-12	-32	1.18	22.689412	1.826	-0.786	-0.640	-0.517
300.622101	-75.403618	-193.040833	140.0065	136.797302	6.626803	310.879425	-12	-32	1.18	22.708642	1.822	-0.795	-0.642	-0.520
302.709412	-77.706024	-195.566605	137.728546	133.578552	6.82171	311.519775	-12	-32	1.18	22.725259	1.844	-0.797	-0.659	-0.531
301.265381	-76.171089	-193.221252	141.057861	137.691391	6.626803	312.000031	-12	-32	1.18	22.750423	1.815	-0.797	-0.640	-0.519
310.471191	-28.588139	-155.875961	171.722626	187.939804	7.016615	324.16626	-12	-28	1.18	23.184948	1.665	-0.715	-0.486	-0.354
312.998291	-31.282986	-157.860504	172.073074	185.972794	6.626803	324.966644	-12	-28	1.18	23.228411	1.678	-0.725	-0.495	-0.361
311.55423	-31.658009	-159.664612	170.320816	186.509247	6.82171	325.286804	-12	-28	1.18	23.232979	1.670	-0.716	-0.492	-0.363
311.373749	-29.555702	-156.59761	172.773987	188.118622	7.016615	325.927155	-12	-28	1.18	23.249223	1.664	-0.720	-0.490	-0.356
314.261841	20.196623	-112.57708	201.686478	236.042389	7.016615	335.934296	-12	-24	1.18	23.611176	1.512	-0.643	-0.354	-0.189
314.261841	18.850182	-112.035851	202.387375	235.684753	7.211522	336.254364	-12	-24	1.18	23.615667	1.510	-0.650	-0.356	-0.191
314.081329	19.234879	-109.870911	203.7892	237.115295	7.211522	336.574463	-12	-24	1.18	23.627151	1.501	-0.653	-0.352	-0.186
315.886383	21.933929	-111.494614	204.31488	239.082336	7.016615	336.972809	-12	-24	1.18	23.648421	1.506	-0.642	-0.345	-0.182
297.474731	48.471893	-62.422546	215.354202	260.898346	7.211522	325.606995	-12	-20	1.18	23.23044	1.344	-0.623	-0.242	-0.053
297.474731	46.35606	-62.963787	213.952377	258.5737	6.82171	325.051239	-12	-20	1.18	23.224385	1.351	-0.628	-0.249	-0.057
292.962067	48.664246	-60.979248	213.952377	260.004272	7.016615	323.8461	-12	-20	1.18	23.173242	1.330	-0.621	-0.240	-0.049
293.864594	47.52346	-62.783375	212.7258	257.679596	6.82171	322.88559	-12	-20	1.18	23.145226	1.344	-0.623	-0.246	-0.054
260.470886	63.859798	-14.43296	213.426697	263.759491	6.431898	303.035431	-12	-16	1.18	22.421371	1.150	-0.626	-0.164	0.076
262.095459	65.590942	-15.154608	211.849655	261.256012	6.431898	302.234985	-12	-16	1.18	22.391096	1.175	-0.620	-0.174	0.080
259.568359	65.206238	-12.989662	214.478058	264.474762	6.626803	301.274506	-12	-16	1.18	22.347324	1.143	-0.626	-0.154	0.082
259.387848	64.821541	-14.072135	210.973526	261.434814	6.431898	300.88443	-12	-16	1.18	22.339922	1.158	-0.619	-0.167	0.080
229.784775	63.282753	29.265045	211.674423	263.401855	6.042085	285.746552	-12	-12	1.18	21.773272	0.924	-0.683	-0.103	0.185
227.979736	59.051083	32.697369	213.426697	261.971283	6.042085	285.266296	-12	-12	1.18	21.754571	0.904	-0.714	-0.108	0.184
228.340714	60.799236	32.51672	211.499207	260.361908	5.847179	284.625977	-12	-12	1.18	21.737214	0.916	-0.705	-0.114	0.191
226.896683	61.166916	30.890881	211.849655	262.507721	6.042085	284.145721	-12	-12	1.18	21.710875	0.905	-0.696	-0.100	0.185
194.766525	48.856594	65.756042	206.067154	251.957367	6.042085	267.275024	-12	-8	1.18	21.042046	0.663	-0.808	-0.079	0.263
194.947037	50.203033	65.394745	204.840561	251.957367	5.847179	266.794861	-12	-8	1.18	21.030555	0.667	-0.796	-0.076	0.268
193.192596	48.856594	66.297981	204.665344	250.705612	5.847179	266.056458	-12	-8	1.18	21.000778	0.657	-0.807	-0.079	0.268
192.600449	47.317802	66.117332	205.366241	250.705612	5.652272	265.674561	-12	-8	1.18	20.99323	0.652	-0.815	-0.077	0.263
176.896393	40.008549	103.872871	218.508301	268.22998	5.847179	278.382782	-12	-4	1.18	21.492435	0.372	-0.909	-0.052	0.337
179.242966	42.509083	103.330933	218.683533	269.124084	6.042085	279.023102	-12	-4	1.18	21.509991	0.387	-0.898	-0.050	0.341
179.242966	43.278477	103.692223	219.033966	270.912262	6.042085	279.918549	-12	-4	1.18	21.545241	0.383	-0.890	-0.046	0.342
178.881943	41.94379	104.595467	220.435806	272.342834	6.236991	280.623901	-12	-4	1.18	21.565309	0.373	-0.897	-0.042	0.337
159.387253	35.209702	143.796188	236.731934	292.5495	6.431898	297.912781	-12	0	1.18	22.226907	0.077	-0.992	-0.026	0.409
160.28978	35.392178	144.338135	238.30896	293.443604	6.626803	298.643799	-12	0	1.18	22.247338	0.078	-0.997	-0.026	0.409
161.01181	38.277409	143.073593	236.556702	293.980042	6.236991	298.87326	-12	0	1.18	22.270915	0.088	-0.975	-0.024	0.415
161.595673	36.556519	144.699432	240.236465	297.019989	6.431898	299.513611	-12	0	1.18	22.28786	0.082	-0.987	-0.012	0.408
135.379883	37.700363	179.745255	247.420776	306.497437	6.626803	312.24762	-12	4	1.18	22.759644	-0.202	-0.953	-0.026	0.363
133.935822	36.748924	181.009781	248.997818	307.749207	6.626803	312.64035	-12	4	1.18	22.774263	-0.212	-0.954	-0.022	0.354
133.394318	34.238083	180.829132	250.049179	307.212738	6.82171	313.207916	-12	4	1.18	22.788125	-0.212	-0.966	-0.027	0.345
134.296844	37.700363	182.274323	249.69873	308.822113	7.016615	313.60083	-12	4	1.18	22.795488	-0.215	-0.951	-0.021	0.354
101.986183	35.392178	216.958832	256.532593	313.471436	6.82171	325.446899	-12	8	1.18	23.238818	-0.470	-0.903	-0.049	0.253
101.986183	35.199829	216.055588	257.408722	314.544342	7.016615	326.171539	-12	8	1.18	23.258129	-0.464	-0.903	-0.047	0.250
104.513268	38.469757	216.416885	255.831696	315.438446	7.016615	326.247314	-12	8	1.18	23.26089	-0.459	-0.891	-0.044	0.264
104.693779	36.556519	215.874954	257.934418	317.941925	7.016615	326.887665	-12	8	1.18	23.284208	-0.450	-0.895	-0.036	0.257
62.274746	39.63496	250.740097	260.913269	316.869019	7.211522	338.573608	-12	12	1.18	23.698748	-0.709	-0.832	-0.082	0.165
60.650192	37.892712	253.811127	263.191223	319.5513	7.211522	338.975128	-12	12	1.18	23.713102	-0.715	-0.834	-0.072	0.156
62.996773	39.431503	251.462708	262.665527	319.908936	7.601334	339.213959	-12	12	1.18	23.707705	-0.701	-0.831	-0.072	0.162
62.094238	38.662106	251.82399	262.665527	320.445435	7.211522	339.534149	-12	12	1.18	23.733072	-0.703	-0.829	-0.071	0.160
11.732923	40.008549	266.81781	243.0401	297.73526	7.016615	327.367889	-12	16	1.18	23.30168	-0.938	-0.747	-0.109	0.069
12.093934	42.124386	265.733917	241.287827	296.841187	7.211522	326.407379	-12	16	1.18	23.25962	-0.940	-0.738	-0.110	0.074
12.274442	41.366581	264.830688	240.762161	296.483551	7.016615	325.371307	-12	16	1.18	23.228953	-0.937	-0.739	-0.107	0.073
11.371908	41.162643	265.011322	240.762161	295.589447	6.82171	324.326324	-12	16	1.18	23.197918	-0.942	-0.741	-0.107	0.072
-32.251522	35.776875	265.733917	211.674423	261.79245	6.431898	304.405426	-12	20	1.18	22.473093	-1.146	-0.676	-0.164	-0.018
-34.053284	35.776875	266.095215	211.849655	262.328918	6.236991	303.44516	-12	20	1.18	22.444212	-1.148	-0.673	-0.157	-0.021
-31.530819	38.469757	263.566162	208.870804	260.183075	6.431898	302.71524	-12	20	1.18	22.409265	-1.150	-0.664	-0.166	-0.012
-31.891167	36.930969	264.288727	211.674423	262.865356	6.626803	302.164795	-12	20	1.18	22.38106	-1.138	-0.671	-0.151	-0.016
-69.728149	25.774738	260.13382	183.988525	224.5979	6.236991	283.185211	-12	24	1.18	21.665728	-1.338	-0.642	-0.238	-0.114
-70.268677	26.928831	259.591858	182.411484	223.703812	6.042085	282.639313	-12	24	1.18	21.651994	-1.344	-0.634	-0.240	-0.113
-69.547966	26.351784	258.507996	181.184891	222.988541	6.042085	281.999146	-12	24	1.18	21.626924	-1.341	-0.633	-0.241	-0.113
-69.908325	26.351784	257.424103	181.009674	221.915619	5.847179	281.264252	-12	24	1.18	21.605754	-1.343	-0.635	-0.244	-0.113
-104.321953	-2.303042	254.895004	159.281494	186.866898	5.652272	267.977417	-12	28	1.18	21.085988	-1.496	-0.673	-0.338	-0.246
-101.439133	-1.343441	251.643341	156.828308	184.184586	5.652272	267.595093	-12	28	1.18	21.070616	-1.499	-0.671	-0.354	-0.242
-101.439133	-1.151521	252.907898	157.879669	185.972794	5.652272	266.856873	-12	28	1.18	21.040904	-1.493	-0.670	-0.341	-0.240
-101.979668	-1.726801	251.462708	156.828308	184.184586	5.652272	266.376617	-12	28	1.18	21.021552	-1.497	-0.672	-0.348	-0.244
-144.321045	-37.23251	267.721069	144.912857	158.255707	5.847179	277.837952	-12	32	1.18	21.470941	-1.655	-0.731	-0.480	-0.388
-142.519287	-34.353706	267.721069	144.912857	160.759186	6.042085	278.542847	-12	32	1.18	21.491061	-1.646	-0.719	-0.473	-0.379
-142.699463	-35.303474	268.985596	146.665131	161.653275	6.042085	279.183167	-12	32	1.18	21.516296	-1.642	-0.726	-0.469	-0.379
-143.600342	-36.080986	268.804932	146.13945	161.116821	6.042085	280.078583	-12	32	1.18	21.551535	-1.643	-0.726	-0.474	-0.382
-190.626312	-79.838783	285.243988	131.420364	126.783379	6.626803	295.122833	-12	36	1.18	22.112809	-1.816	-0.806	-0.642	-0.541
-190.626312	-76.959984	287.773041	130.193787	128.213943	6.626803	295.442902	-12	36	1.18	22.125072	-1.826	-0.791	-0.638	-0.536
-194.770355	-81.949905	288.495636	130.193787	125.710464	6.236991	296.151886	-12	36	1.18	22.167119	-1.830	-0.803	-0.645	-0.548
-191.527191	-76.000381	287.231079	129.317642	127.319839	6.236991	296.792206	-12	36	1.18	22.191585	-1.834	-0.786	-0.649	-0.536
-242.517029	-125.288963	302.405579	105.136284	78.323166	6.626803	311.447418	-12	40	1.18	22.729829	-2.078	-0.879	-0.889	-0.727
-242.517029	-125.70771	301.863617	103.38401	75.998512	6.626803	311.67984	-12	40	1.18	22.738493	-2.093	-0.881	-0.906	-0.733
-243.95842	-126.47538	300.960388	104.785835	78.323166	6.82171	312.480255	-12	40	1.18	22.761048	-2.068	-0.878	-0.889	-0.729
-245.580017	-127.6269	304.031403	106.713326	80.290184	6.626803	312.96051	-12	40	1.18	22.786173	-2.059	-0.878	-0.872	-0.724
-299.452667	-180.354706	316.315521	72.894478	16.27264	7.016615	326.491608	-12	44	1.18	23.269789	-2.404	-0.989	-1.211	-0.964
-302.515656	-182.707993	316.857452	75.172432	19.491398	6.82171	327.047729	-12	44	1.18	23.297123	-2.363	-0.984	-1.173	-0.952
-302.876007	-187.645645	317.399384	73.945839	15.19972	6.82171	327.367889	-12	44	1.18	23.308767	-2.381	-1.004	-1.199	-0.968
-299.632843	-182.324142	317.038116	74.997208	16.809099	6.82171	327.848145	-12	44	1.18	23.326221	-2.392	-0.998	-1.207	-0.961
335.200592	-189.617111	-352.525024	-9.44066	-46.38485	7.211522	341.134949	-8	-44	1.18	23.790164	3.061	-0.802	-1.725	-1.239
336.825134	-189.617111	-355.411621	-8.741354	-44.779217	7.016615	342.015991	-8	-44	1.18	23.828461	3.040	-0.794	-1.698	-1.227
337.005646	-188.849426	-355.050781	-11.538583	-46.028038	7.211522	342.095459	-8	-44	1.18	23.824355	3.063	-0.785	-1.718	-1.236
336.191223	-189.372437	-355.411621	-12.762373	-49.596107	7.211522	342.415619	-8	-44	1.18	23.835741	3.104	-0.793	-1.760	-1.255
315.066406	-126.667297	-287.757111	33.643581	26.644199	6.82171	318.009247	-8	-40	1.18	22.965986	2.578	-0.686	-1.246	-0.915
313.178802	-124.556183	-285.592163	31.891312	27.895939	6.82171	317.282715	-8	-40	1.18	22.93916	2.570	-0.672	-1.242	-0.910
314.803345	-128.394592	-289.019989	32.416992	25.213638	6.82171	316.322205	-8	-40	1.18	22.903648	2.581	-0.687	-1.244	-0.921
312.719238	-124.364265	-286.855072	30.839949	26.644199	6.82171	315.288483	-8	-40	1.18	22.865367	2.582	-0.668	-1.243	-0.915
291.879028	-73.313507	-224.793335	65.184479	80.111366	6.042085	293.362335	-8	-36	1.18	22.067702	2.255	-0.604	-0.931	-0.677
289.893463	-71.778137	-222.989197	65.885391	81.184296	6.042085	292.402069	-8	-36	1.18	22.030795	2.244	-0.602	-0.924	-0.671
287.546875	-71.58622	-220.824265	65.710159	80.826653	6.236991	291.669586	-8	-36	1.18	21.995091	2.239	-0.605	-0.929	-0.671
288.810425	-72.16198	-222.808792	65.710159	80.111366	6.236991	291.281738	-8	-36	1.18	21.980143	2.248	-0.606	-0.928	-0.675
273.106354	-23.7981	-172.834686	92.51992	123.385796	6.042085	275.021057	-8	-32	1.18	21.351734	2.011	-0.525	-0.684	-0.471
271.481812	-23.222338	-169.948105	95.498795	126.068108	5.847179	274.540771	-8	-32	1.18	21.340405	1.983	-0.533	-0.667	-0.460
269.566864	-24.181938	-168.865631	93.921745	124.995178	6.042085	273.996918	-8	-32	1.18	21.311047	1.979	-0.533	-0.673	-0.463
269.315704	-25.33346	-168.865631	95.148331	123.743439	5.847179	273.35672	-8	-32	1.18	21.293333	1.984	-0.546	-0.677	-0.466
257.943817	14.426159	-126.649216	117.752647	160.222717	5.457366	264.295532	-8	-28	1.18	20.945375	1.778	-0.478	-0.481	-0.285
259.568359	12.887369	-127.551285	118.103088	159.328613	5.847179	265.034393	-8	-28	1.18	20.959494	1.787	-0.486	-0.488	-0.292
259.455841	13.079718	-127.010048	119.154457	160.759186	5.847179	265.514526	-8	-28	1.18	20.978898	1.775	-0.487	-0.481	-0.288
260.539154	13.464415	-128.272934	118.979233	160.938004	6.042085	265.896362	-8	-28	1.18	20.986448	1.781	-0.483	-0.481	-0.291
270.83075	50.203033	-97.602882	144.562408	205.106537	5.652272	280.718781	-8	-24	1.18	21.591999	1.610	-0.412	-0.330	-0.128
271.662292	49.048943	-99.226593	143.160583	204.033615	6.042085	281.519012	-8	-24	1.18	21.608101	1.619	-0.411	-0.338	-0.136
270.940277	50.010685	-97.963707	144.562408	206.358261	5.847179	282.064667	-8	-24	1.18	21.637127	1.602	-0.410	-0.329	-0.129
270.759766	48.856594	-97.783295	144.036728	205.106537	5.847179	282.639313	-8	-24	1.18	21.659622	1.605	-0.415	-0.338	-0.132
277.438507	80.20945	-62.602955	170.671265	245.162201	6.626803	298.32373	-8	-20	1.18	22.235143	1.439	-0.383	-0.225	0.009
278.882568	80.978836	-63.324608	170.671265	246.05629	6.431898	298.963898	-8	-20	1.18	22.266948	1.443	-0.378	-0.223	0.010
277.619019	81.748238	-61.520489	171.897858	248.380966	6.236991	299.76413	-8	-20	1.18	22.304789	1.423	-0.378	-0.216	0.016
279.063049	81.748238	-61.340076	173.650131	248.380966	6.236991	300.404297	-8	-20	1.18	22.329098	1.429	-0.386	-0.218	0.017
275.164032	104.830093	-21.829851	193.45079	281.283844	6.626803	311.67984	-8	-16	1.18	22.738493	1.239	-0.370	-0.127	0.145
275.813965	104.445396	-22.731913	193.275574	280.38974	6.626803	312.24762	-8	-16	1.18	22.759644	1.246	-0.371	-0.133	0.143
278.160553	104.060699	-24.536032	193.976471	281.462646	6.236991	313.047852	-8	-16	1.18	22.803912	1.252	-0.372	-0.131	0.139
277.330658	106.368881	-22.731913	194.151703	282.35675	6.431898	313.207916	-8	-16	1.18	22.802618	1.247	-0.365	-0.128	0.147
263.789124	110.600555	24.929482	212.7258	304.709259	6.82171	322.405334	-8	-12	1.18	23.127635	1.008	-0.431	-0.075	0.257
263.178497	111.754646	24.026239	211.849655	305.960999	7.016615	323.130676	-8	-12	1.18	23.147064	1.005	-0.420	-0.072	0.256
266.678009	111.562309	21.677809	212.901016	305.42453	6.82171	323.045654	-8	-12	1.18	23.151086	1.026	-0.424	-0.074	0.250
265.886108	114.832237	23.484295	212.375336	308.285675	6.82171	323.525909	-8	-12	1.18	23.168659	1.014	-0.408	-0.064	0.261
251.626083	108.100021	71.536797	229.021942	323.842987	7.406428	335.211914	-8	-8	1.18	23.571222	0.770	-0.517	-0.049	0.352
249.459991	108.484718	74.065872	229.372375	326.346466	7.016615	335.852234	-8	-8	1.18	23.60823	0.746	-0.514	-0.040	0.358
252.167603	107.907669	72.440033	230.949417	325.27356	7.211522	336.09433	-8	-8	1.18	23.609924	0.764	-0.523	-0.046	0.353
251.26506	107.715324	73.343277	230.774185	324.379456	7.211522	336.414429	-8	-8	1.18	23.621411	0.761	-0.526	-0.051	0.356
214.317383	94.44326	116.518272	230.949417	323.842987	6.626803	327.207825	-8	-4	1.18	23.310034	0.448	-0.625	-0.015	0.453
216.066284	95.597351	114.711784	227.269653	318.120758	6.626803	325.927155	-8	-4	1.18	23.263427	0.476	-0.618	-0.037	0.463
212.275665	93.673859	117.782814	228.671463	320.087769	6.82171	324.73114	-8	-4	1.18	23.212702	0.441	-0.630	-0.022	0.461
211.373138	91.558029	116.337624	229.021942	319.193665	6.82171	323.686005	-8	-4	1.18	23.174514	0.442	-0.639	-0.021	0.451
166.607513	83.479378	144.157486	211.499207	300.059937	6.236991	300.404297	-8	0	1.18	22.329098	0.121	-0.687	-0.002	0.578
164.802444	80.017097	144.338135	212.024887	298.629364	6.431898	299.76413	-8	0	1.18	22.297383	0.110	-0.708	-0.006	0.567
165.885483	80.786491	143.61554	211.674423	298.808197	6.431898	298.713196	-8	0	1.18	22.257404	0.119	-0.701	0.001	0.567
165.704971	80.401794	143.61554	211.499207	295.947083	6.236991	298.163666	-8	0	1.18	22.243897	0.120	-0.713	-0.012	0.575
122.563927	75.016029	168.725677	199.758972	281.641479	6.236991	282.544891	-8	4	1.18	21.640667	-0.252	-0.682	-0.005	0.506
120.75885	72.130798	167.641785	199.408524	279.853271	6.042085	281.839081	-8	4	1.18	21.620651	-0.256	-0.694	-0.011	0.493
121.332169	72.707848	166.557892	198.181931	279.13797	6.042085	281.264252	-8	4	1.18	21.598108	-0.248	-0.689	-0.012	0.500
120.75885	73.861938	167.280487	198.532394	278.780334	6.236991	280.558716	-8	4	1.18	21.562747	-0.256	-0.687	-0.010	0.502
79.603371	69.43792	179.925888	182.937164	258.752502	5.847179	262.534637	-8	8	1.18	20.858176	-0.545	-0.616	-0.021	0.373
78.700836	68.091469	180.467834	183.638077	257.500763	5.26246	262.473663	-8	8	1.18	20.879445	-0.553	-0.628	-0.027	0.370
79.242355	68.86087	180.648483	183.462845	258.931366	5.457366	262.633728	-8	8	1.18	20.87803	-0.548	-0.620	-0.020	0.371
78.339821	70.014961	181.551727	184.163757	260.004272	5.26246	262.793762	-8	8	1.18	20.892433	-0.555	-0.614	-0.015	0.371
44.055134	77.90126	219.126617	195.027832	274.488678	6.042085	281.584412	-8	12	1.18	21.610666	-0.820	-0.549	-0.033	0.257
44.765614	76.554817	218.042709	194.852615	273.415771	6.042085	282.384827	-8	12	1.18	21.642032	-0.814	-0.556	-0.042	0.257
45.668148	75.785423	218.404022	196.25444	274.131042	6.236991	283.27951	-8	12	1.18	21.669416	-0.809	-0.565	-0.043	0.255
47.485657	76.17012	217.500778	195.553513	273.236938	6.042085	283.985626	-8	12	1.18	21.704625	-0.804	-0.565	-0.051	0.264
6.317726	80.978836	251.82399	198.707611	279.674469	6.236991	300.564331	-8	16	1.18	22.335171	-1.040	-0.499	-0.089	0.159
4.693168	84.056419	253.811127	198.357162	282.535583	6.431898	300.79425	-8	16	1.18	22.336501	-1.046	-0.480	-0.077	0.159
7.041601	84.633469	252.727219	197.831482	280.926208	6.236991	301.684662	-8	16	1.18	22.37764	-1.045	-0.482	-0.088	0.168
6.319385	83.864075	253.991776	199.934204	283.072021	6.431898	302.164795	-8	16	1.18	22.388439	-1.041	-0.488	-0.080	0.162
-39.458561	79.824753	280.366455	194.677399	276.098053	6.82171	312.087585	-8	20	1.18	22.746423	-1.250	-0.449	-0.141	0.052
-35.674866	82.517632	280.366455	194.677399	279.13797	6.431898	312.32019	-8	20	1.18	22.769602	-1.236	-0.439	-0.130	0.066
-36.936096	81.555893	280.185791	195.027832	277.528625	6.82171	312.887787	-8	20	1.18	22.776217	-1.243	-0.445	-0.139	0.061
-37.836975	81.171188	279.824524	193.626022	275.740417	6.82171	313.28067	-8	20	1.18	22.790831	-1.250	-0.443	-0.148	0.058
-82.340469	72.130798	303.850769	185.039886	264.653595	7.211522	326.171539	-8	24	1.18	23.251026	-1.432	-0.419	-0.228	-0.046
-86.844879	68.86087	306.560486	186.616928	264.295929	7.016615	326.491608	-8	24	1.18	23.269789	-1.440	-0.431	-0.228	-0.059
-87.385406	72.323151	308.18631	185.565567	267.514709	7.211522	327.131805	-8	24	1.18	23.286	-1.438	-0.412	-0.217	-0.054
-86.124168	72.130798	307.825043	185.916031	268.408813	7.211522	327.611938	-8	24	1.18	23.303467	-1.430	-0.413	-0.215	-0.052
-136.032959	39.8162	326.793121	170.671265	241.5858	7.211522	340.014374	-8	28	1.18	23.750213	-1.598	-0.452	-0.340	-0.191
-134.771713	41.739689	328.057648	171.547394	243.016342	7.211522	340.575592	-8	28	1.18	23.77023	-1.599	-0.448	-0.337	-0.186
-132.969955	42.509083	327.154419	172.248306	243.552811	7.406428	340.89566	-8	28	1.18	23.774692	-1.593	-0.449	-0.337	-0.182
-137.834717	39.046803	329.502838	172.073074	241.049347	7.211522	340.89566	-8	28	1.18	23.781639	-1.609	-0.458	-0.344	-0.195
-170.987106	1.731139	315.954193	137.728546	188.118622	6.82171	322.010345	-8	32	1.18	23.113157	-1.785	-0.499	-0.491	-0.335
-169.185349	2.692883	314.147705	137.903778	187.760986	7.016615	321.210144	-8	32	1.18	23.076642	-1.783	-0.499	-0.492	-0.333
-168.824997	0	315.050964	140.356949	190.622101	7.016615	320.089844	-8	32	1.18	23.035464	-1.759	-0.510	-0.471	-0.332
-167.383591	4.039325	313.786438	137.553314	189.012741	6.82171	319.04361	-8	32	1.18	23.004122	-1.778	-0.493	-0.480	-0.327
-194.950546	-32.434505	298.611938	102.157425	134.293823	6.431898	301.044464	-8	36	1.18	22.345992	-1.990	-0.543	-0.672	-0.484
-196.211761	-34.737549	297.70871	103.559242	132.863266	6.042085	300.564331	-8	36	1.18	22.342566	-1.989	-0.557	-0.675	-0.489
-195.491074	-37.23251	296.986115	104.961052	133.399734	6.042085	299.924164	-8	36	1.18	22.318271	-1.972	-0.569	-0.667	-0.490
-192.247894	-31.474903	295.721558	102.332649	133.399734	6.042085	299.123932	-8	36	1.18	22.287864	-1.990	-0.546	-0.676	-0.481
-215.310425	-69.475098	278.559967	67.46244	75.640869	6.042085	280.878845	-8	40	1.18	21.58298	-2.265	-0.628	-0.941	-0.681
-216.211319	-70.4347	279.824524	66.76152	75.819687	6.236991	280.143677	-8	40	1.18	21.546429	-2.264	-0.626	-0.932	-0.682
-214.769913	-71.58622	277.656738	66.060616	72.600929	6.236991	279.758514	-8	40	1.18	21.531275	-2.282	-0.638	-0.960	-0.692
-214.22937	-72.73774	277.837372	67.637665	72.779747	6.042085	279.118347	-8	40	1.18	21.513743	-2.275	-0.649	-0.954	-0.691
-237.652267	-105.172241	264.469391	31.365629	19.13376	5.847179	266.056458	-8	44	1.18	21.000778	-2.635	-0.717	-1.296	-0.930
-239.454025	-107.091454	262.843567	32.59222	18.5973	5.652272	265.514526	-8	44	1.18	20.986769	-2.618	-0.728	-1.287	-0.933
-239.273834	-108.434891	262.662903	31.190403	16.987921	5.652272	265.194427	-8	44	1.18	20.973839	-2.630	-0.732	-1.301	-0.941
-238.553146	-107.859123	262.662903	30.839949	16.809099	5.457366	264.55423	-8	44	1.18	20.95584	-2.638	-0.730	-1.304	-0.940
266.788635	-106.707603	-278.736511	-44.93055	-38.178299	5.847179	268.075226	-4	-44	1.18	21.082086	3.530	-0.400	-1.982	-1.285
267.400208	-105.748009	-278.916901	-47.378128	-38.178299	5.652272	268.457672	-4	-44	1.18	21.10528	3.544	-0.379	-1.989	-1.284
269.386292	-108.626808	-281.442688	-46.853649	-40.140732	5.652272	269.195526	-4	-44	1.18	21.134887	3.556	-0.399	-1.997	-1.296
268.954712	-109.586411	-280.721039	-44.755726	-37.286285	5.847179	269.835724	-4	-44	1.18	21.152736	3.482	-0.411	-1.945	-1.273
286.102814	-73.313507	-262.86026	-9.265835	21.2796	6.042085	285.520142	-4	-40	1.18	21.764458	2.899	-0.338	-1.395	-0.920
284.91391	-70.4347	-263.401489	-12.762373	20.56432	6.042085	286.480408	-4	-40	1.18	21.801816	2.925	-0.308	-1.418	-0.923
285.997253	-73.121582	-262.319031	-8.042045	22.888979	6.236991	287.120575	-4	-40	1.18	21.819117	2.877	-0.341	-1.386	-0.913
288.088409	-73.121582	-264.664368	-9.091006	21.637239	6.042085	287.760773	-4	-40	1.18	21.851529	2.901	-0.336	-1.397	-0.918
301.806885	-30.323385	-235.437637	29.96381	84.403046	6.236991	302.965027	-4	-36	1.18	22.426075	2.473	-0.277	-1.006	-0.640
304.233185	-34.161785	-237.422165	30.314266	82.614845	6.626803	303.765259	-4	-36	1.18	22.44158	2.480	-0.295	-1.013	-0.652
302.066528	-31.282986	-235.618042	31.540855	86.548889	6.626803	304.245392	-4	-36	1.18	22.459704	2.444	-0.286	-0.990	-0.637
304.153473	-33.586025	-238.143829	32.59222	85.118324	6.431898	304.885559	-4	-36	1.18	22.491191	2.454	-0.299	-0.994	-0.644
316.608429	11.733276	-208.917084	67.988121	141.625443	6.626803	318.009247	-4	-32	1.18	22.973177	2.188	-0.234	-0.734	-0.438
315.969208	13.272066	-204.948013	72.193565	145.917114	6.236991	318.169281	-4	-32	1.18	22.993451	2.155	-0.244	-0.713	-0.422
315.886383	11.15623	-205.669678	72.544022	146.095947	6.626803	318.809479	-4	-32	1.18	23.002678	2.143	-0.252	-0.710	-0.427
318.858032	10.194486	-210.360382	69.389931	141.80426	6.626803	319.129547	-4	-32	1.18	23.014467	2.188	-0.245	-0.733	-0.441
323.28717	55.396458	-167.061508	106.713326	202.424225	7.016615	330.332703	-4	-28	1.18	23.409259	1.899	-0.199	-0.495	-0.243
325.81424	56.550549	-169.40686	108.465599	204.391251	6.82171	330.652771	-4	-28	1.18	23.427894	1.899	-0.199	-0.484	-0.243
329.063385	55.588799	-173.375931	106.713326	201.530136	7.016615	331.132904	-4	-28	1.18	23.43821	1.929	-0.196	-0.498	-0.253
328.066284	57.319942	-170.12851	108.465599	203.854797	6.82171	331.613068	-4	-28	1.18	23.462605	1.914	-0.197	-0.491	-0.243
331.590454	96.174393	-126.288391	141.408325	253.387924	7.211522	341.695892	-4	-24	1.18	23.810138	1.706	-0.169	-0.329	-0.083
329.7854	97.90554	-126.107979	139.831268	254.818497	7.406428	342.015991	-4	-24	1.18	23.814593	1.695	-0.156	-0.324	-0.080
328.521851	96.174393	-123.040977	142.459686	256.785492	7.211522	342.496094	-4	-24	1.18	23.838602	1.671	-0.171	-0.317	-0.076
331.229431	95.789696	-126.829628	141.583542	254.460831	7.211522	342.816223	-4	-24	1.18	23.84998	1.697	-0.170	-0.327	-0.084
296.752686	118.29451	-68.917381	155.251266	270.018158	6.626803	317.048981	-4	-20	1.18	22.937726	1.491	-0.151	-0.192	0.074
296.933197	116.563362	-71.082321	154.024673	266.799408	6.626803	316.088715	-4	-20	1.18	22.902221	1.508	-0.153	-0.202	0.066
297.191589	117.717453	-71.623558	152.79808	265.547668	6.236991	314.968384	-4	-20	1.18	22.875173	1.521	-0.145	-0.204	0.069
296.649933	119.063904	-71.082321	152.097183	266.084137	6.431898	314.328217	-4	-20	1.18	22.844216	1.519	-0.136	-0.199	0.073
264.442047	128.488998	-25.798916	158.054901	270.375824	6.236991	294.482635	-4	-16	1.18	22.103211	1.325	-0.135	-0.110	0.206
264.622559	130.412476	-26.340151	156.828308	270.018158	6.236991	294.322601	-4	-16	1.18	22.097074	1.335	-0.121	-0.111	0.210
263.789124	130.412476	-25.798916	155.60173	270.018158	6.236991	293.682404	-4	-16	1.18	22.072508	1.330	-0.116	-0.109	0.212
260.900269	129.643082	-24.175207	157.00354	271.448761	6.236991	293.042236	-4	-16	1.18	22.047915	1.303	-0.125	-0.099	0.213
232.131363	128.488998	15.53576	158.755814	269.302887	6.042085	278.798248	-4	-12	1.18	21.50113	1.098	-0.153	-0.048	0.334
232.672897	128.681351	15.174462	158.931046	269.302887	5.652272	277.998016	-4	-12	1.18	21.484947	1.102	-0.153	-0.044	0.336
231.470001	127.142548	15.174462	158.755814	268.587616	5.847179	277.357849	-4	-12	1.18	21.451983	1.096	-0.160	-0.044	0.331
229.243271	125.411415	16.800299	158.580582	267.514709	6.042085	276.621857	-4	-12	1.18	21.415177	1.082	-0.169	-0.046	0.331
204.20636	120.987396	51.304161	158.230133	262.686554	5.457366	265.994659	-4	-8	1.18	21.01401	0.866	-0.211	-0.019	0.457
202.889313	120.410347	52.93	158.054901	263.401855	5.652272	266.794861	-4	-8	1.18	21.038406	0.849	-0.213	-0.019	0.458
203.791855	120.795044	53.110649	160.157623	265.01123	5.652272	267.435059	-4	-8	1.18	21.064179	0.846	-0.221	-0.014	0.457
204.025818	121.949135	53.291298	159.106262	265.726501	5.652272	268.075226	-4	-8	1.18	21.089918	0.846	-0.209	-0.013	0.460
193.553696	124.257324	95.021095	172.423538	284.502594	5.847179	285.520142	-4	-4	1.18	21.772046	0.563	-0.275	-0.006	0.594
190.79538	120.602692	97.188881	173.299667	284.144958	6.236991	286.320343	-4	-4	1.18	21.788013	0.534	-0.301	-0.012	0.586
192.961456	122.141487	96.646935	174.00058	286.469604	6.236991	287.120575	-4	-4	1.18	21.819117	0.544	-0.293	-0.004	0.583
191.878418	121.179741	98.272766	175.92807	288.07901	6.431898	288.080841	-4	-4	1.18	21.848824	0.525	-0.307	0.000	0.579
169.315109	123.87262	143.073593	181.360107	300.954041	6.819815	303.125061	-4	0	1.18	22.410093	0.157	-0.343	-0.013	0.756
170.262253	124.449669	141.26712	181.184891	303.993988	6.626803	303.44516	-4	0	1.18	22.429489	0.169	-0.332	0.003	0.738
170.262253	123.487923	143.073593	182.937164	303.636353	6.236991	303.44516	-4	0	1.18	22.444212	0.160	-0.349	0.001	0.746
171.300674	126.565506	142.170349	179.257385	302.20578	6.626803	304.725525	-4	0	1.18	22.477813	0.174	-0.314	-0.015	0.761
138.845886	128.296646	186.067947	188.369217	315.796082	6.431898	316.568848	-4	4	1.18	22.927186	-0.259	-0.330	-0.004	0.698
136.859787	126.180809	188.055069	190.822388	317.405487	6.431898	316.888916	-4	4	1.18	22.939014	-0.275	-0.348	0.003	0.673
137.040359	128.488998	188.416367	189.771027	317.226654	6.819815	317.689178	-4	4	1.18	22.954242	-0.279	-0.332	-0.003	0.683
137.762573	128.296646	189.138962	190.296707	317.047852	7.014666	318.169281	-4	4	1.18	22.96477	-0.279	-0.337	-0.006	0.685
96.39048	132.720673	229.242935	197.65625	326.704102	7.016615	329.052368	-4	8	1.18	23.362862	-0.626	-0.306	-0.011	0.507
99.27858	134.64415	228.641022	196.780121	327.598206	7.016615	329.372437	-4	8	1.18	23.374469	-0.614	-0.295	-0.008	0.522
97.834534	131.374222	229.724655	199.758972	328.134674	7.211522	330.012604	-4	8	1.18	23.390607	-0.618	-0.320	-0.009	0.503
99.27858	134.067108	229.242935	197.481018	325.988831	7.406428	330.332703	-4	8	1.18	23.395142	-0.621	-0.303	-0.021	0.522
54.873978	135.990601	267.721069	202.562622	335.466278	7.211522	341.695892	-4	12	1.18	23.810138	-0.887	-0.277	-0.026	0.368
52.541164	136.567642	268.263	203.263519	335.108643	7.016615	341.855927	-4	12	1.18	23.822768	-0.897	-0.277	-0.028	0.364
55.06892	138.875839	268.082336	201.686478	336.002747	7.016615	342.496094	-4	12	1.18	23.84553	-0.891	-0.263	-0.027	0.376
54.332455	137.721741	267.831482	201.686478	334.035736	7.406428	342.656158	-4	12	1.18	23.837363	-0.897	-0.269	-0.036	0.372
5.777724	126.565506	270.250122	182.061035	300.954041	7.016615	317.529114	-4	16	1.18	22.941063	-1.126	-0.236	-0.071	0.252
4.512662	125.988457	270.61145	181.535355	301.132843	6.82171	316.568848	-4	16	1.18	22.912772	-1.128	-0.235	-0.065	0.248
2.707595	126.565506	270.430786	181.360107	298.987	6.82171	315.608582	-4	16	1.18	22.877228	-1.142	-0.234	-0.071	0.247
4.15274	127.142548	269.16626	180.13353	297.377625	6.82171	314.648285	-4	16	1.18	22.841627	-1.144	-0.229	-0.075	0.254
-34.593811	112.331703	268.373291	159.807175	266.978241	6.042085	295.282867	-4	20	1.18	22.141333	-1.328	-0.208	-0.124	0.144
-33.332577	111.754646	266.998474	159.631943	264.832397	6.431898	294.6427	-4	20	1.18	22.101876	-1.331	-0.212	-0.132	0.145
-33.152401	113.101097	266.456512	157.879669	264.474762	6.236991	293.362335	-4	20	1.18	22.060216	-1.335	-0.199	-0.129	0.150
-31.891167	113.678131	265.011322	157.353989	264.117126	6.236991	292.402069	-4	20	1.18	22.023295	-1.330	-0.196	-0.127	0.155
-65.584099	93.481514	257.7854	131.420364	226.207275	5.652272	272.076355	-4	24	1.18	21.250088	-1.523	-0.179	-0.216	0.039
-64.863396	93.096817	256.882141	131.946045	225.313187	5.847179	272.076355	-4	24	1.18	21.242314	-1.523	-0.184	-0.221	0.039
-65.94445	91.750374	257.424103	132.646957	225.492004	5.847179	271.596222	-4	24	1.18	21.223151	-1.521	-0.192	-0.217	0.033
-65.22374	92.904465	256.814819	132.121277	224.955536	5.84556	271.116089	-4	24	1.18	21.204035	-1.525	-0.186	-0.219	0.038
-97.475266	69.43792	260.13382	113.371971	196.165527	5.652272	268.075226	-4	28	1.18	21.089918	-1.701	-0.209	-0.342	-0.094
-97.655441	68.86087	260.607452	112.671051	196.701981	5.652272	269.035492	-4	28	1.18	21.128469	-1.697	-0.208	-0.343	-0.095
-98.916679	68.668526	262.232849	114.248108	197.953735	5.457366	269.67569	-4	28	1.18	21.161939	-1.695	-0.214	-0.337	-0.097
-100.538261	67.899124	263.135864	114.423332	197.238449	6.040411	270.475891	-4	28	1.18	21.170634	-1.703	-0.218	-0.343	-0.105
-148.645279	44.240223	286.252808	96.199692	173.455399	6.430112	287.440643	-4	32	1.18	21.824047	-1.927	-0.230	-0.505	-0.260
-144.861572	44.817268	284.085571	95.323563	173.455399	6.042085	288.240906	-4	32	1.18	21.870141	-1.919	-0.226	-0.514	-0.251
-146.483154	45.586666	286.252808	94.797882	174.707138	6.431898	288.721039	-4	32	1.18	21.873642	-1.922	-0.219	-0.506	-0.253
-143.780518	46.740757	284.988586	96.374924	176.137695	6.236991	289.361206	-4	32	1.18	21.90597	-1.909	-0.221	-0.504	-0.244
-196.391937	9.425091	301.784515	68.163345	135.36673	6.819815	301.684662	-4	36	1.18	22.355557	-2.177	-0.257	-0.727	-0.438
-196.572128	9.425091	302.04425	69.389931	135.009094	6.431898	302.32486	-4	36	1.18	22.394497	-2.181	-0.262	-0.732	-0.438
-197.653183	6.539859	302.94754	70.966972	134.115005	6.431898	302.804962	-4	36	1.18	22.412658	-2.180	-0.281	-0.734	-0.444
-196.932465	10.579184	301.965088	68.163345	134.651459	6.431898	303.125061	-4	36	1.18	22.424758	-2.190	-0.253	-0.739	-0.437
-243.598083	-33.777946	309.730957	35.395855	82.972488	6.626803	311.287354	-4	40	1.18	22.72386	-2.496	-0.312	-1.030	-0.656
-245.039474	-35.505226	312.439972	33.293129	81.363113	6.82171	311.447418	-4	40	1.18	22.72256	-2.515	-0.310	-1.038	-0.664
-243.95842	-35.889069	310.814545	32.942673	79.932549	6.626803	311.607452	-4	40	1.18	22.735795	-2.523	-0.313	-1.054	-0.667
-245.760193	-36.080986	313.162354	34.870174	82.793671	6.236991	311.927521	-4	40	1.18	22.762239	-2.498	-0.317	-1.024	-0.658
-294.227539	-82.909508	323.541443	-6.118946	22.53134	6.626803	323.610809	-4	44	1.18	23.178892	-2.926	-0.364	-1.426	-0.925
-297.110382	-86.17215	324.264038	-5.594465	21.2796	6.626803	323.610809	-4	44	1.18	23.178892	-2.918	-0.378	-1.420	-0.931
-297.290558	-84.44487	325.167267	-6.643427	20.027859	6.431898	323.450775	-4	44	1.18	23.180167	-2.951	-0.369	-1.439	-0.936
-293.867218	-81.374146	323.360809	-8.391698	19.31258	6.626803	324.891174	-4	44	1.18	23.225657	-2.983	-0.353	-1.477	-0.939
337.455109	-88.475197	-357.035309	-107.868279	-52.093754	7.209517	338.65506	0	-44	1.18	23.701733	3.851	0.108	-2.167	-1.329
339.621735	-85.59639	-358.117798	-109.266907	-52.093754	7.016615	338.975128	0	-44	1.18	23.720067	3.842	0.130	-2.153	-1.326
339.26062	-89.818634	-359.921906	-108.392769	-54.05619	7.211522	339.455261	0	-44	1.18	23.730255	3.882	0.103	-2.185	-1.340
340.705078	-89.818634	-359.561066	-108.217941	-52.450558	7.016615	339.935394	0	-44	1.18	23.75435	3.860	0.101	-2.163	-1.328
323.191345	-31.858746	-298.581818	-54.196377	24.855999	6.82171	323.29071	0	-40	1.18	23.160055	3.090	0.111	-1.483	-0.910
322.204132	-31.474903	-298.040588	-55.944653	23.604259	6.82171	322.330475	0	-40	1.18	23.124892	3.092	0.122	-1.489	-0.916
321.121094	-32.818348	-295.154022	-51.748802	26.465378	6.626803	321.530212	0	-40	1.18	23.102697	3.083	0.095	-1.476	-0.901
318.316406	-33.777946	-294.251953	-55.944653	22.35252	6.82171	320.890045	0	-40	1.18	23.072044	3.102	0.112	-1.512	-0.921
298.997131	11.733276	-236.520096	-11.014102	81.363113	6.624963	298.483765	0	-36	1.18	22.241311	2.611	0.111	-1.058	-0.636
297.011047	10.386835	-233.994339	-10.139969	81.363113	6.431898	297.843597	0	-36	1.18	22.22427	2.610	0.101	-1.064	-0.632
298.816589	8.07865	-236.700516	-9.790316	79.038452	6.430112	297.043365	0	-36	1.18	22.193802	2.647	0.088	-1.078	-0.641
293.580536	12.310322	-230.205673	-7.517564	83.330124	6.431898	296.403168	0	-36	1.18	22.169275	2.591	0.098	-1.054	-0.620
281.048645	46.740757	-181.494461	29.613358	128.929214	6.236991	281.519012	0	-32	1.18	21.600456	2.258	0.084	-0.745	-0.401
280.039001	48.471893	-180.411987	29.262903	130.538605	6.430112	280.878845	0	-32	1.18	21.567738	2.234	0.093	-0.729	-0.398
280.219543	48.856594	-178.60788	30.664722	130.180969	6.431898	280.398682	0	-32	1.18	21.548794	2.247	0.089	-0.736	-0.394
277.691772	46.933105	-178.788284	30.13904	129.286865	6.236991	279.918549	0	-32	1.18	21.537573	2.242	0.082	-0.740	-0.396
262.27597	77.708908	-131.339935	60.102894	166.302597	5.847179	266.154694	0	-28	1.18	21.004742	1.949	0.087	-0.495	-0.205
261.553955	77.90126	-129.896637	58.525852	164.156754	5.457366	265.194427	0	-28	1.18	20.981714	1.959	0.097	-0.506	-0.206
260.290405	79.247704	-129.355392	58.000168	164.693222	5.457366	264.234161	0	-28	1.18	20.942892	1.945	0.106	-0.497	-0.205
259.816956	79.632401	-128.092514	59.051533	165.587311	5.84556	263.593964	0	-28	1.18	20.901237	1.939	0.103	-0.490	-0.202
268.844666	109.831161	-96.700821	88.664932	208.146469	5.847179	277.03775	0	-24	1.18	21.439334	1.723	0.100	-0.325	-0.046
269.747406	110.215858	-96.520409	88.664932	208.146469	6.235262	277.517883	0	-24	1.18	21.442972	1.727	0.102	-0.327	-0.048
269.927979	110.408203	-97.422478	89.190613	209.577026	6.040411	277.998016	0	-24	1.18	21.469632	1.719	0.099	-0.320	-0.048
270.650177	110.792915	-97.963707	88.840149	210.292313	6.040411	278.798248	0	-24	1.18	21.501196	1.716	0.102	-0.319	-0.049
279.316742	141.761063	-64.407074	114.948997	250.169159	6.430112	296.403168	0	-20	1.18	22.169343	1.528	0.119	-0.206	0.084
279.497314	141.9534	-64.046249	116.526054	253.566742	6.624963	297.2034	0	-20	1.18	22.192472	1.511	0.112	-0.192	0.086
282.131683	143.107498	-65.309135	116.350838	253.924377	6.626803	297.683533	0	-20	1.18	22.210729	1.521	0.117	-0.192	0.083
282.673187	141.9534	-64.767906	118.103088	253.209106	6.236991	298.483765	0	-20	1.18	22.256089	1.534	0.105	-0.200	0.090
279.604584	166.958755	-24.896856	138.604675	290.224823	6.626803	312.727753	0	-16	1.18	22.777515	1.305	0.121	-0.096	0.215
280.507111	165.804657	-26.700975	138.254227	288.257812	6.82171	313.36795	0	-16	1.18	22.794076	1.321	0.119	-0.108	0.211
280.687622	166.381714	-25.438091	138.604675	288.973083	6.626803	313.688049	0	-16	1.18	22.813215	1.317	0.120	-0.106	0.215
281.229156	166.574051	-25.618502	139.130356	289.688385	6.82171	314.328217	0	-16	1.18	22.829749	1.317	0.118	-0.106	0.214
274.008881	180.807861	15.53576	153.849442	315.796082	6.82171	326.171539	0	-12	1.18	23.265229	1.118	0.117	-0.045	0.337
273.286865	179.461426	17.522894	153.849442	314.186707	7.016615	326.971771	0	-12	1.18	23.287269	1.119	0.112	-0.056	0.344
273.177948	179.076736	18.245487	157.178772	318.478394	7.014666	327.451904	0	-12	1.18	23.304805	1.105	0.095	-0.039	0.350
275.091919	179.653778	16.980947	155.251266	315.080811	7.016615	327.932037	0	-12	1.18	23.322188	1.127	0.107	-0.056	0.345
261.261383	192.925842	64.852798	163.66217	335.823914	7.209517	339.935394	0	-8	1.18	23.747467	0.886	0.132	-0.019	0.483
259.816956	191.194702	66.839928	166.465805	338.863861	7.209517	340.415558	0	-8	1.18	23.764596	0.868	0.111	-0.007	0.493
258.485321	189.27121	69.007713	168.568527	339.40033	7.016615	341.055725	0	-8	1.18	23.794285	0.859	0.094	-0.008	0.507
260.109894	192.541153	67.381882	165.414444	337.790955	7.016615	341.535858	0	-8	1.18	23.811379	0.871	0.123	-0.017	0.494
217.206223	177.345596	106.401947	154.024673	319.193665	6.82171	320.409912	0	-4	1.18	23.054401	0.586	0.123	-0.006	0.653
216.12294	178.11499	103.84565	151.045807	317.763123	6.819815	319.289581	0	-4	1.18	23.013252	0.590	0.142	-0.008	0.634
216.78833	176.768539	105.498711	152.79808	315.617249	6.626803	318.329346	0	-4	1.18	22.984982	0.597	0.129	-0.015	0.657
215.581268	175.422104	103.511581	151.396271	314.544342	6.626803	317.369049	0	-4	1.18	22.949549	0.599	0.128	-0.015	0.646
170.759171	161.572983	139.785278	142.985367	298.450562	6.626803	298.803833	0	0	1.18	22.253434	0.197	0.118	-0.002	0.858
170.759171	165.227615	138.701675	138.429459	298.808197	6.819815	297.843597	0	0	1.18	22.209472	0.200	0.167	0.006	0.822
167.012299	160.803589	140.688278	141.934006	299.165833	7.014666	297.2034	0	0	1.18	22.177585	0.167	0.120	0.012	0.851
170.217636	163.688828	138.918686	138.429459	296.483551	6.236991	296.563202	0	0	1.18	22.182838	0.198	0.160	-0.001	0.839
124.729996	151.955551	167.959045	134.048782	283.429687	6.236991	282.319214	0	4	1.18	21.631827	-0.281	0.116	0.007	0.799
125.304352	151.955551	166.377258	132.471725	280.747375	6.236991	281.519012	0	4	1.18	21.600456	-0.270	0.128	-0.005	0.808
124.007965	151.186157	167.417252	134.574463	281.999115	6.042085	281.038879	0	4	1.18	21.589263	-0.284	0.109	0.006	0.807
125.091011	152.724945	166.333649	131.069916	281.999115	6.431898	280.398682	0	4	1.18	21.548794	-0.268	0.141	0.010	0.790
81.408432	142.530457	182.948944	128.266281	262.865356	5.26246	263.754028	0	8	1.18	20.931348	-0.643	0.090	-0.006	0.630
81.249222	141.761063	183.177551	128.791962	262.328918	5.457366	263.593964	0	8	1.18	20.916971	-0.648	0.082	-0.008	0.633
81.610329	141.9534	182.996918	129.668106	262.150085	5.26246	263.914062	0	8	1.18	20.937826	-0.648	0.078	-0.011	0.641
80.165894	141.56871	184.984055	130.369003	263.580658	5.455858	264.55423	0	8	1.18	20.9559	-0.662	0.071	-0.006	0.630
46.390171	150.032059	222.016998	137.378082	277.349792	6.042085	282.639313	0	12	1.18	21.651994	-0.947	0.068	-0.029	0.463
46.402332	150.6091	223.764816	138.955139	279.495636	6.040411	283.439545	0	12	1.18	21.683358	-0.949	0.062	-0.021	0.464
45.307133	150.801453	224.00412	138.429459	279.495636	6.042085	284.239777	0	12	1.18	21.714546	-0.952	0.066	-0.025	0.457
46.763443	150.032059	223.823471	139.831268	278.959167	6.042085	285.039978	0	12	1.18	21.745753	-0.954	0.055	-0.033	0.470
4.513846	151.378494	256.159546	142.459686	283.250854	6.042085	298.643799	0	16	1.18	22.269601	-1.200	0.043	-0.073	0.322
5.415194	152.724945	256.453613	142.284454	284.681427	6.624963	298.963898	0	16	1.18	22.259598	-1.191	0.050	-0.068	0.319
5.055509	152.34024	257.537231	143.511047	286.290802	6.430112	299.283997	0	16	1.18	22.279195	-1.191	0.042	-0.061	0.320
5.055509	151.570847	257.243439	142.634903	285.039062	6.236991	299.76413	0	16	1.18	22.304789	-1.194	0.042	-0.070	0.320
-34.954166	150.6091	278.740601	139.305588	276.634521	6.626803	306.325989	0	20	1.18	22.538073	-1.398	0.050	-0.132	0.203
-36.215393	149.262665	279.209351	139.48082	275.203979	6.819815	306.966156	0	20	1.18	22.55488	-1.411	0.044	-0.142	0.200
-35.855042	150.6091	280.366455	140.707397	276.813354	6.431898	307.286224	0	20	1.18	22.581466	-1.409	0.044	-0.136	0.205
-37.116276	150.993805	281.450348	140.882645	277.707428	6.431898	307.606323	0	20	1.18	22.593476	-1.411	0.045	-0.132	0.201
-79.457649	141.56871	305.938324	128.791962	267.693542	7.014666	322.810608	0	24	1.18	23.135413	-1.586	0.053	-0.227	0.073
-78.376595	143.29985	306.921783	128.967178	269.839355	7.016615	323.29071	0	24	1.18	23.152922	-1.576	0.059	-0.219	0.075
-80.358536	141.9534	307.644379	130.018539	268.945251	6.82171	323.770844	0	24	1.18	23.177617	-1.589	0.049	-0.225	0.074
-80.538712	142.915161	307.825043	129.142426	268.051178	7.016615	324.250977	0	24	1.18	23.188044	-1.593	0.057	-0.231	0.071
-129.546616	122.910881	329.23587	107.414238	245.698654	7.404368	336.894531	0	28	1.18	23.631714	-1.787	0.060	-0.355	-0.072
-125.582733	125.219063	327.068665	107.764694	246.950409	7.016615	337.534729	0	28	1.18	23.668549	-1.769	0.068	-0.354	-0.062
-128.645737	126.565506	329.958282	105.48674	248.023331	7.209517	337.694763	0	28	1.18	23.667372	-1.767	0.081	-0.345	-0.072
-127.204323	125.026718	328.960876	106.713326	248.202148	7.016615	338.014832	0	28	1.18	23.685733	-1.765	0.071	-0.348	-0.067
-171.527649	89.057495	328.874664	72.719246	200.636032	7.404368	330.97287	0	32	1.18	23.418395	-2.001	0.065	-0.521	-0.227
-171.347473	88.672798	329.055298	74.646751	200.457199	7.016615	330.332703	0	32	1.18	23.409259	-2.011	0.056	-0.522	-0.223
-167.023239	91.942726	324.806	73.244934	199.56311	6.82171	328.732239	0	32	1.18	23.358319	-1.996	0.076	-0.524	-0.218
-168.28447	91.365677	325.262634	71.317436	199.026657	7.014666	327.932037	0	32	1.18	23.322258	-1.994	0.081	-0.521	-0.224
-200.53598	48.856594	308.10553	31.540855	137.870224	6.82171	307.286224	0	36	1.18	22.566831	-2.287	0.078	-0.762	-0.411
-196.572128	49.241291	305.757721	30.839949	135.36673	6.819815	306.646057	0	36	1.18	22.542849	-2.302	0.084	-0.785	-0.411
-198.193695	49.048943	306.018555	33.117901	137.691391	6.626803	305.685791	0	36	1.18	22.513988	-2.289	0.072	-0.763	-0.405
-195.130707	50.203033	303.850769	33.117901	136.797302	6.626803	305.045593	0	36	1.18	22.489877	-2.291	0.078	-0.772	-0.402
-226.84169	8.463346	288.058807	-7.692389	74.746773	6.042085	287.760773	0	40	1.18	21.851529	-2.682	0.084	-1.109	-0.642
-221.436417	10.771532	287.155823	-6.293774	76.713791	6.236991	286.960541	0	40	0	Inf	-2.669	0.090	-1.103	-0.630
-222.337296	8.848044	285.785889	-7.167908	74.210304	6.236991	285.680176	0	40	1.18	21.7631	-2.689	0.085	-1.119	-0.640
-223.058014	9.040393	285.966583	-4.895158	74.746773	6.042085	284.559845	0	40	1.18	21.727034	-2.697	0.074	-1.112	-0.636
-241.79631	-25.71014	267.359741	-45.105373	17.882019	5.652272	266.794861	0	44	1.18	21.038406	-3.156	0.120	-1.543	-0.924
-240.895432	-28.212261	265.733917	-42.133312	17.52438	5.847179	266.154694	0	44	1.18	21.004742	-3.186	0.088	-1.563	-0.927
-241.435974	-29.747623	265.664276	-42.133312	16.809099	6.040411	265.674561	0	44	1.18	20.977557	-3.197	0.078	-1.569	-0.932
-239.093689	-26.676901	264.469391	-45.455029	16.987921	5.847179	264.874359	0	44	1.18	20.953022	-3.162	0.118	-1.556	-0.930
278.955658	-20.343536	-287.215881	-132.693726	-37.999897	5.847179	282.15918	4	-44	1.18	21.640828	3.293	0.653	-1.862	-1.255
279.063049	-24.942673	-288.29834	-127.798569	-37.821487	5.847179	282.959412	4	-44	1.18	21.672143	3.333	0.604	-1.884	-1.257
281.122314	-25.141539	-290.463287	-129.197174	-36.394264	6.235262	283.439545	4	-44	1.18	21.675742	3.296	0.600	-1.844	-1.246
282.492706	-25.909222	-292.808655	-128.847534	-37.990059	5.847179	283.919678	4	-44	1.18	21.70966	3.329	0.596	-1.862	-1.254
295.024933	11.733276	-272.061249	-95.105911	18.776119	6.430112	296.723267	4	-40	1.18	22.181575	2.802	0.528	-1.374	-0.939
296.211182	13.464415	-271.700439	-92.833168	22.710159	6.042085	297.2034	4	-40	1.18	22.214719	2.771	0.519	-1.339	-0.919
299.279785	14.810856	-275.849915	-94.581429	22.888979	6.430112	297.683533	4	-40	1.18	22.218233	2.764	0.526	-1.320	-0.921
297.655243	13.079718	-274.587036	-92.658325	23.425438	6.626803	298.163666	4	-40	1.18	22.229041	2.764	0.511	-1.327	-0.919
307.844269	54.627056	-243.014938	-47.028473	87.621811	6.819815	310.006989	4	-36	1.18	22.668845	2.368	0.437	-0.956	-0.653
310.733124	54.819405	-245.179901	-49.825706	86.370064	6.626803	310.487122	4	-36	1.18	22.693997	2.377	0.447	-0.958	-0.659
310.471191	55.588799	-247.705658	-50.699841	86.191246	6.626803	310.967285	4	-36	1.18	22.71192	2.371	0.452	-0.955	-0.662
308.124603	56.742897	-243.375763	-49.650879	87.621811	6.82171	311.287354	4	-36	1.18	22.71659	2.355	0.454	-0.955	-0.655
321.301605	96.751442	-210.179977	-6.818255	145.559479	6.82171	321.690277	4	-32	1.18	23.101418	2.092	0.408	-0.693	-0.454
318.593994	94.058563	-209.458328	-8.042045	144.486557	7.016615	322.17041	4	-32	1.18	23.11188	2.085	0.403	-0.702	-0.457
321.566376	95.404999	-213.788208	-11.014102	142.698364	6.82171	322.330475	4	-32	1.18	23.124892	2.099	0.417	-0.704	-0.467
318.496918	97.328491	-208.556259	-6.818255	148.420609	6.82171	322.810608	4	-32	1.18	23.14248	2.058	0.407	-0.681	-0.447
330.146393	133.297714	-173.556335	35.395855	204.391251	7.211522	335.774231	4	-28	1.18	23.598431	1.842	0.358	-0.480	-0.279
329.965881	134.64415	-172.654282	35.045403	205.053284	7.016615	335.934296	4	-28	1.18	23.611176	1.835	0.364	-0.478	-0.277
330.594055	136.182938	-173.195511	33.643581	203.318329	7.209517	336.894531	4	-28	1.18	23.638701	1.845	0.375	-0.489	-0.282
330.052368	134.067108	-172.113052	35.571083	205.64299	7.406428	337.374664	4	-28	1.18	23.648852	1.833	0.360	-0.481	-0.276
322.469116	163.111786	-123.943047	70.266068	243.373993	7.404368	331.773102	4	-24	1.18	23.447335	1.652	0.344	-0.327	-0.127
319.760803	163.688828	-124.123459	67.988121	242.837524	7.209517	330.652771	4	-24	1.18	23.413862	1.639	0.353	-0.324	-0.130
318.135834	161.957672	-123.22139	68.513802	241.406982	7.211522	329.85257	4	-24	1.18	23.384808	1.642	0.348	-0.329	-0.129
316.871948	162.15004	-121.236862	69.389931	242.301071	6.819815	329.052368	4	-24	1.18	23.369999	1.633	0.346	-0.323	-0.122
284.658752	173.883301	-70.541084	87.788788	254.282013	6.626803	304.885559	4	-20	1.18	22.483846	1.446	0.350	-0.206	0.008
283.395233	172.92157	-69.999855	88.314468	254.103195	6.431898	304.245392	4	-20	1.18	22.467057	1.443	0.345	-0.205	0.011
282.673187	173.690964	-68.917381	89.891518	256.427856	6.236991	303.605194	4	-20	1.18	22.450254	1.430	0.341	-0.192	0.017
281.229156	172.344513	-67.113258	90.241974	254.818497	6.431898	302.804962	4	-20	1.18	22.412658	1.432	0.338	-0.197	0.021
255.236206	176.768539	-26.520563	99.003334	260.361908	6.236991	286.800476	4	-16	1.18	21.806681	1.257	0.347	-0.118	0.134
253.858673	176.191498	-23.994795	101.106056	262.507721	6.430112	286.320343	4	-16	1.18	21.780501	1.241	0.335	-0.106	0.143
253.317001	175.229752	-23.27924	101.106056	260.898346	6.430112	285.84021	4	-16	1.18	21.761811	1.246	0.334	-0.112	0.146
253.250626	176.768539	-23.633972	98.828102	258.506561	6.236991	285.200012	4	-16	1.18	21.744394	1.253	0.353	-0.121	0.142
225.692291	173.883301	15.531695	103.734467	258.931366	5.84556	271.436157	4	-12	1.18	21.216823	1.055	0.352	-0.063	0.270
224.730591	173.113907	16.439001	103.734467	258.752502	6.042085	270.635956	4	-12	1.18	21.176973	1.048	0.349	-0.060	0.272
223.345093	173.113907	15.897057	102.507874	258.5737	5.847179	269.515656	4	-12	1.18	21.139909	1.041	0.354	-0.055	0.268
225.452652	174.075668	14.090572	102.332649	256.54007	5.652272	268.715393	4	-12	1.18	21.115626	1.066	0.362	-0.061	0.265
208.30452	180.615524	56.723618	102.85833	268.587616	6.236991	275.117218	4	-8	1.18	21.347814	0.803	0.412	-0.035	0.390
209.568054	181.000214	57.084915	103.38401	269.660522	5.652272	275.757385	4	-8	1.18	21.396384	0.805	0.410	-0.032	0.394
210.831604	181.192566	55.820374	103.559242	269.839355	6.042085	276.557617	4	-8	1.18	21.412634	0.815	0.408	-0.035	0.387
211.428528	183.116058	55.625149	102.332649	271.269928	6.040411	277.197784	4	-8	1.18	21.438022	0.810	0.420	-0.031	0.379
197.345337	197.349869	101.136635	100.930832	293.443604	6.236991	294.802734	4	-4	1.18	22.11548	0.500	0.501	-0.007	0.493
200.414734	197.542221	99.898605	102.683105	293.622406	6.431898	295.602966	4	-4	1.18	22.138665	0.523	0.493	-0.010	0.493
199.820709	197.92691	100.594833	101.281281	291.834229	6.236991	296.243134	4	-4	1.18	22.170607	0.520	0.506	-0.023	0.496
199.640213	199.273346	101.136635	101.281281	294.618835	6.431898	296.563202	4	-4	1.18	22.175392	0.509	0.507	-0.010	0.490
179.47049	208.698441	145.745117	102.332649	312.040894	6.624963	311.447418	4	0	1.18	22.729897	0.179	0.566	0.003	0.625
180.687012	209.08313	147.047867	103.909691	310.073853	6.431898	311.767487	4	0	1.18	22.749021	0.182	0.570	-0.009	0.645
178.928833	210.429581	148.85434	104.084923	313.471436	6.626803	312.24762	4	0	1.18	22.759644	0.161	0.569	0.007	0.641
180.373276	209.852524	146.686569	101.456512	312.756165	6.626803	313.047852	4	0	1.18	22.789421	0.179	0.574	-0.002	0.622
149.820404	214.853607	192.390625	108.465599	324.02182	6.82171	324.73114	4	4	1.18	23.212702	-0.218	0.546	-0.004	0.628
148.234695	213.507172	193.423828	110.21788	323.306519	7.014666	325.211273	4	4	1.18	23.223184	-0.233	0.532	-0.010	0.630
151.12355	215.045959	193.965622	112.320602	325.809998	7.209517	325.85144	4	4	1.18	23.239429	-0.221	0.529	0.000	0.642
150.040222	217.161789	194.197128	108.465599	326.882935	6.82171	326.491608	4	4	1.18	23.276885	-0.223	0.550	0.002	0.619
107.942894	221.008759	237.010818	120.55629	336.451874	7.406428	338.334961	4	8	1.18	23.683239	-0.581	0.452	-0.008	0.481
111.943367	221.585831	235.023697	118.804008	336.896851	7.404368	339.135162	4	8	1.18	23.71193	-0.556	0.464	-0.010	0.487
108.512848	220.816406	237.671097	122.133324	338.685059	7.599219	339.615295	4	8	1.18	23.722123	-0.578	0.442	-0.004	0.482
111.37252	222.547546	235.746262	118.45356	337.612122	7.016615	340.095428	4	8	1.18	23.760059	-0.558	0.467	-0.011	0.484
60.469677	204.851471	251.577377	121.607635	313.74762	7.016615	322.490509	4	12	1.18	23.123614	-0.858	0.374	-0.039	0.377
59.928162	206.197906	252.299805	120.731514	314.462708	7.014666	321.210144	4	12	1.18	23.076713	-0.858	0.381	-0.030	0.372
60.650192	205.620865	250.49379	119.85537	312.317444	6.82171	320.409912	4	12	1.18	23.054401	-0.855	0.386	-0.036	0.376
59.747654	206.390259	250.920746	120.030594	312.138641	6.82171	319.129547	4	12	1.18	23.007288	-0.860	0.389	-0.031	0.374
11.013785	185.42424	256.453613	112.145378	282.177917	6.430112	299.924164	4	16	1.18	22.303532	-1.113	0.332	-0.080	0.250
11.371908	184.077789	255.978912	111.794907	282.35675	6.236991	299.123932	4	16	1.18	22.280452	-1.108	0.327	-0.076	0.251
11.555446	186.193634	254.828201	109.341736	279.495636	6.235262	298.32373	4	16	1.18	22.250061	-1.111	0.351	-0.086	0.247
11.913428	183.308395	255.369995	111.269241	282.35675	6.430112	297.843597	4	16	1.18	22.224337	-1.103	0.326	-0.070	0.250
-26.485886	168.112839	257.537231	102.507874	253.566742	6.042085	283.439545	4	20	1.18	21.683293	-1.318	0.304	-0.139	0.148
-25.044477	169.074585	255.436966	101.806961	251.242096	6.042085	282.799347	4	20	1.18	21.658257	-1.318	0.316	-0.148	0.152
-26.30571	168.882248	256.634216	101.456512	252.49382	6.235262	282.319214	4	20	1.18	21.631896	-1.316	0.314	-0.139	0.146
-25.404827	167.920502	255.256317	101.281281	251.355652	6.236991	281.519012	4	20	1.18	21.600456	-1.315	0.312	-0.141	0.149
-61.079697	144.261597	251.462708	82.35675	218.696838	5.847179	265.194427	4	24	1.18	20.965964	-1.502	0.298	-0.223	0.023
-59.097759	144.838638	250.49379	80.954926	218.339188	5.84556	264.55423	4	24	1.18	20.940136	-1.493	0.308	-0.223	0.025
-59.638287	144.838638	249.771362	80.604477	216.729828	5.84556	264.074097	4	24	1.18	20.920696	-1.500	0.311	-0.230	0.022
-60.358986	145.223343	251.39679	81.305389	218.339188	6.040411	264.074097	4	24	1.18	20.912801	-1.500	0.307	-0.220	0.021
-101.439133	136.952347	274.513733	60.453342	205.053284	5.847179	281.999146	4	28	1.18	21.63456	-1.667	0.339	-0.341	-0.117
-99.277023	136.567642	272.707733	60.979023	204.033615	6.430112	282.959412	4	28	1.18	21.649335	-1.667	0.339	-0.354	-0.115
-101.7995	136.37529	277.114777	61.329483	208.86174	6.042085	283.599609	4	28	1.18	21.689548	-1.654	0.328	-0.326	-0.115
-102.700371	135.990601	275.488953	58.701073	205.464172	6.042085	284.239777	4	28	1.18	21.714546	-1.663	0.340	-0.346	-0.123
-149.185806	119.063904	296.366455	32.241768	182.932861	6.819815	301.524628	4	32	1.18	22.349489	-1.846	0.360	-0.491	-0.270
-151.347916	118.486862	298.431305	31.540855	181.859924	6.431898	302.004761	4	32	1.18	22.382381	-1.860	0.360	-0.497	-0.274
-152.248795	116.755722	298.714294	30.839949	180.965836	6.819815	302.644928	4	32	1.18	22.391929	-1.866	0.356	-0.503	-0.279
-152.42897	115.986328	299.436707	32.767448	182.932861	6.819815	303.44516	4	32	1.18	22.422195	-1.861	0.343	-0.496	-0.275
-201.977402	92.135071	314.787781	-9.790316	143.234818	6.626803	315.608582	4	36	1.18	22.884447	-2.074	0.409	-0.692	-0.452
-203.779175	89.24984	315.32959	-8.391698	140.552521	6.82171	316.248749	4	36	1.18	22.90093	-2.105	0.396	-0.712	-0.458
-202.878265	91.750374	315.871399	-8.566525	143.234818	7.014666	316.888916	4	36	1.18	22.917473	-2.084	0.403	-0.698	-0.453
-200.53598	89.826889	313.52356	-8.391698	141.446609	6.82171	317.529114	4	36	1.18	22.948262	-2.090	0.399	-0.716	-0.453
-255.850052	54.627056	329.777679	-56.469139	88.158264	7.404368	330.172668	4	40	1.18	23.389419	-2.397	0.455	-0.991	-0.669
-256.931122	53.472965	330.406097	-57.168438	87.264168	7.209517	330.812836	4	40	1.18	23.419655	-2.404	0.453	-0.997	-0.672
-259.453583	53.280613	329.416473	-54.021553	87.800629	7.209517	331.453033	4	40	1.18	23.442809	-2.408	0.439	-0.996	-0.670
-256.210419	54.819405	331.041901	-58.567062	86.906532	7.016615	331.933167	4	40	1.18	23.467127	-2.404	0.464	-1.003	-0.673
-308.641663	9.040393	342.509552	-107.868279	23.604259	7.79407	343.616425	4	44	1.18	23.857712	-2.808	0.504	-1.380	-0.932
-309.902893	7.693952	341.516754	-109.791382	21.816059	7.599219	342.816223	4	44	1.18	23.8362	-2.812	0.507	-1.386	-0.939
-307.380432	12.887369	341.606323	-109.966202	26.28656	7.599219	341.695892	4	44	1.18	23.796335	-2.762	0.523	-1.342	-0.920
-308.461487	10.386835	341.87796	-106.819321	26.823019	7.016615	340.255463	4	44	1.18	23.765766	-2.774	0.500	-1.337	-0.916
299.82132	16.734344	-310.849854	-188.988022	-42.27063	6.624963	306.165924	8	-44	1.18	22.532122	2.941	0.991	-1.678	-1.235
298.09436	15.96495	-308.865326	-184.092865	-39.070312	6.431898	305.525726	8	-44	1.18	22.5153	2.926	0.965	-1.661	-1.219
297.011047	18.657833	-305.798309	-184.792175	-38.881844	6.236991	304.56546	8	-44	1.18	22.486473	2.920	0.986	-1.664	-1.219
295.927704	20.77367	-304.174591	-183.218735	-36.20649	6.819815	304.085358	8	-44	1.18	22.446378	2.892	0.983	-1.640	-1.207
283.830597	52.703568	-259.432434	-132.169235	21.458418	6.431898	288.40094	8	-40	1.18	21.861236	2.501	0.851	-1.229	-0.931
282.747284	53.280613	-257.087067	-127.623741	25.392458	6.430112	287.760773	8	-40	1.18	21.836475	2.479	0.831	-1.205	-0.913
282.747284	53.472965	-258.959015	-131.64476	22.1737	6.430112	287.120575	8	-40	1.18	21.811615	2.491	0.851	-1.218	-0.928
282.3862	54.434708	-257.51535	-129.896484	23.425438	6.430112	286.320343	8	-40	1.18	21.780501	2.487	0.849	-1.211	-0.922
266.497437	84.441124	-212.52533	-82.168709	71.528015	5.847179	269.835724	8	-36	1.18	21.152736	2.189	0.761	-0.906	-0.700
266.066589	83.864075	-210.901627	-77.623199	74.012238	5.847179	269.195526	8	-36	1.18	21.127071	2.185	0.740	-0.894	-0.688
265.233582	84.825821	-209.638733	-79.371475	72.422104	6.040411	268.715393	8	-36	1.18	21.100044	2.189	0.757	-0.905	-0.694
265.233582	82.709984	-211.262436	-81.294571	69.918633	6.040411	268.235291	8	-36	1.18	21.080752	2.204	0.759	-0.917	-0.705
255.236206	109.831161	-171.752228	-40.21022	110.868401	5.457366	259.112701	8	-32	1.18	20.734616	1.969	0.692	-0.684	-0.514
256.205872	110.215858	-172.113052	-37.937466	113.371887	5.261007	259.752899	8	-32	1.18	20.768779	1.961	0.678	-0.670	-0.505
255.844757	109.831161	-172.158096	-38.811604	112.835419	5.455858	260.553131	8	-32	1.18	20.793467	1.960	0.681	-0.677	-0.508
257.04126	110.023521	-171.752228	-38.112297	113.371887	5.26246	261.513397	8	-32	1.18	20.840433	1.964	0.679	-0.679	-0.505
271.552948	142.338104	-142.382339	-1.048962	165.229675	6.430112	280.078583	8	-28	1.18	21.536271	1.747	0.605	-0.485	-0.330
271.372375	143.107498	-144.908752	-4.545503	163.441483	6.430112	280.558716	8	-28	1.18	21.555156	1.748	0.620	-0.492	-0.341
273.177948	144.453949	-144.51001	-2.622406	165.408493	6.235262	281.038879	8	-28	1.18	21.581678	1.748	0.615	-0.484	-0.334
274.441833	146.569778	-145.231659	-5.944119	163.799118	6.042085	281.679047	8	-28	1.18	21.614377	1.753	0.637	-0.492	-0.341
284.191711	174.652695	-110.59256	27.335402	208.504105	6.042085	296.563202	8	-24	1.18	22.190283	1.578	0.589	-0.352	-0.191
283.108398	174.460358	-109.538757	28.21154	210.649948	6.430112	297.2034	8	-24	1.18	22.199912	1.562	0.582	-0.344	-0.187
284.91391	174.845062	-110.080132	29.087677	210.649948	6.430112	297.843597	8	-24	1.18	22.224337	1.573	0.580	-0.347	-0.187
285.56131	175.422104	-111.494614	28.21154	210.774033	6.042085	298.163666	8	-24	1.18	22.251322	1.573	0.583	-0.346	-0.189
289.171448	204.466766	-69.83773	59.752438	253.030273	7.014666	312.887787	8	-20	1.18	22.769036	1.391	0.561	-0.232	-0.047
286.719482	204.851471	-67.474083	59.927666	254.997314	7.209517	313.36795	8	-20	1.18	22.779654	1.369	0.560	-0.226	-0.042
288.524994	204.851471	-68.394051	60.102894	254.103195	7.014666	313.848083	8	-20	1.18	22.80475	1.382	0.561	-0.231	-0.043
289.247223	205.620865	-69.657265	58.701073	252.49382	6.819815	314.168152	8	-20	1.18	22.823877	1.391	0.570	-0.239	-0.048
284.91391	227.740982	-22.912323	76.223801	286.82724	7.014666	326.971771	8	-16	1.18	23.287339	1.183	0.582	-0.154	0.075
284.91391	230.049164	-22.731913	74.471527	287.900177	7.014666	327.29187	8	-16	1.18	23.298985	1.174	0.594	-0.150	0.072
285.997253	229.856796	-22.371088	76.574249	288.07901	7.211522	327.771973	8	-16	1.18	23.309286	1.182	0.587	-0.152	0.076
287.261108	230.62619	-23.994795	77.09993	288.973083	7.016615	328.092072	8	-16	1.18	23.328003	1.186	0.585	-0.149	0.074
276.427917	247.745239	25.471428	86.386971	314.007904	7.406428	339.135162	8	-12	1.18	23.711855	0.972	0.625	-0.097	0.188
276.247345	246.398804	25.82596	88.840149	314.007904	7.404368	339.455261	8	-12	1.18	23.723367	0.976	0.614	-0.099	0.195
276.247345	247.36055	25.832726	89.015381	315.080811	7.599219	340.255463	8	-12	1.18	23.744982	0.972	0.615	-0.098	0.193
276.789001	249.861084	26.367765	87.613564	316.690186	7.014666	340.575592	8	-12	1.18	23.777247	0.964	0.625	-0.092	0.192
240.678238	244.282974	71.898087	73.945839	311.504395	7.209517	324.73114	8	-8	1.18	23.19854	0.707	0.714	-0.055	0.275
239.233826	244.090622	72.240456	72.894478	310.967957	7.014666	323.770844	8	-8	1.18	23.17056	0.700	0.718	-0.054	0.275
238.2686	242.359482	72.259384	74.646751	309.27829	6.82171	322.490509	8	-8	1.18	23.130756	0.704	0.711	-0.056	0.283
239.233826	241.78244	71.898087	74.471527	307.570374	7.014666	322.17041	8	-8	1.18	23.111951	0.714	0.714	-0.062	0.282
198.789764	229.087402	108.389084	61.855164	293.085968	6.430112	300.084229	8	-4	1.18	22.309613	0.435	0.804	-0.034	0.378
197.654633	230.241516	108.750381	59.401985	291.400909	6.236991	298.963898	8	-4	1.18	22.274364	0.429	0.824	-0.036	0.375
199.098694	229.27977	107.45768	60.453342	291.118927	6.624963	298.643799	8	-4	1.18	22.247408	0.442	0.815	-0.036	0.373
196.623108	229.27977	108.541275	58.876305	292.370697	6.819815	297.843597	8	-4	1.18	22.209472	0.422	0.817	-0.026	0.368
163.401215	218.508224	135.667007	55.021301	281.105011	6.042085	282.959412	8	0	1.18	21.664519	0.149	0.880	-0.010	0.481
163.0401	218.123535	133.825439	53.794712	279.674469	6.235262	282.319214	8	0	1.18	21.631896	0.157	0.884	-0.014	0.471
164.123428	217.546509	132.561234	55.196529	277.886261	6.040411	281.679047	8	0	1.18	21.614443	0.172	0.882	-0.021	0.477
161.77623	217.546509	134.909042	54.670849	280.032104	6.040411	281.198914	8	0	1.18	21.59561	0.145	0.879	-0.006	0.479
129.062149	206.967316	156.581177	51.166306	267.087708	6.040411	268.395325	8	4	1.18	21.087185	-0.155	0.880	-0.007	0.475
129.062149	205.043808	156.441589	52.918575	264.763641	5.847179	267.915192	8	4	1.18	21.075652	-0.158	0.875	-0.018	0.490
127.290443	204.082077	157.164185	54.145168	265.368866	5.652272	266.954895	8	4	1.18	21.044852	-0.171	0.858	-0.009	0.487
127.109886	203.697372	156.76178	52.918575	264.295929	5.84556	266.154694	8	4	1.18	21.004807	-0.170	0.865	-0.011	0.483
101.471252	211.198975	191.487396	61.154259	273.773407	5.84556	278.638214	8	8	1.18	21.502568	-0.468	0.780	-0.025	0.392
103.637894	211.583664	190.94545	60.803799	275.382782	6.042085	279.438416	8	8	1.18	21.526347	-0.452	0.781	-0.021	0.394
102.735123	211.391327	192.571289	63.95789	274.488678	6.430112	280.398682	8	8	1.18	21.548863	-0.470	0.771	-0.031	0.402
103.818443	213.507172	193.243225	61.679939	276.813354	6.235262	281.038879	8	8	1.18	21.581678	-0.461	0.782	-0.022	0.394
69.513222	222.547546	228.099228	74.821976	284.323792	6.624963	296.723267	8	12	1.18	22.17413	-0.747	0.696	-0.058	0.309
68.249352	221.393448	229.724655	76.749474	284.323792	6.624963	297.363464	8	12	1.18	22.198584	-0.762	0.683	-0.062	0.311
68.231461	221.393448	230.266449	76.399025	286.752808	6.431898	298.003632	8	12	1.18	22.230371	-0.756	0.676	-0.052	0.307
70.415993	222.162872	229.544037	76.048569	286.111969	6.624963	298.483765	8	12	1.18	22.241311	-0.748	0.686	-0.058	0.313
27.985842	226.779221	261.871643	79.72834	287.721375	7.014666	312.407654	8	16	1.18	22.751158	-1.000	0.629	-0.106	0.200
28.700533	227.740982	263.135864	79.903564	290.149506	6.431898	312.887787	8	16	1.18	22.790717	-0.994	0.627	-0.096	0.203
27.436987	225.4328	262.843567	81.480606	288.540527	6.626803	313.36795	8	16	1.18	22.801321	-1.006	0.615	-0.106	0.204
25.819199	226.971588	265.483673	81.130157	292.5495	6.626803	313.688049	8	16	1.18	22.813215	-1.002	0.610	-0.088	0.196
-16.035671	223.70166	288.23941	76.924706	283.892426	6.82171	324.891174	8	20	1.18	23.218544	-1.201	0.579	-0.162	0.093
-20.3599	221.970505	290.406616	79.553108	284.428772	7.404368	325.371307	8	20	1.18	23.214802	-1.219	0.559	-0.161	0.087
-20.179722	223.894012	291.129059	78.676979	284.249969	7.014666	326.011475	8	20	1.18	23.252366	-1.221	0.569	-0.164	0.087
-21.621132	225.817474	292.289246	76.924706	285.858917	6.82171	326.491608	8	20	1.18	23.276885	-1.216	0.577	-0.157	0.081
-73.8722	210.237244	314.426575	63.782669	270.196991	7.209517	338.494995	8	24	1.18	23.696009	-1.411	0.532	-0.248	-0.045
-72.25061	212.930115	314.8703	65.359711	271.378265	7.406428	339.135162	8	24	1.18	23.711855	-1.409	0.537	-0.247	-0.039
-73.331673	212.737762	315.690796	66.060616	271.627563	7.599219	339.455261	8	24	1.18	23.716405	-1.413	0.533	-0.246	-0.041
-72.971313	213.314819	316.413177	64.83403	272.808472	7.599219	340.095428	8	24	1.18	23.739269	-1.406	0.536	-0.243	-0.042
-113.871284	179.84613	307.383148	31.365629	227.816666	7.209517	319.60968	8	28	1.18	23.010689	-1.566	0.552	-0.341	-0.180
-111.348824	179.076736	302.405609	29.438129	222.809723	6.819815	318.329346	8	28	1.18	22.977864	-1.569	0.567	-0.362	-0.181
-112.610062	178.884384	305.215912	29.262903	223.703812	6.431898	317.209015	8	28	1.18	22.950837	-1.574	0.564	-0.352	-0.181
-112.249702	178.49968	305.396515	29.262903	224.776718	7.014666	316.248749	8	28	1.18	22.893788	-1.569	0.560	-0.344	-0.182
-141.077881	146.569778	289.503632	-10.314796	174.349487	6.819815	297.2034	8	32	1.18	22.18503	-1.722	0.627	-0.491	-0.330
-141.438232	148.493271	289.864838	-9.265835	175.243591	6.82171	296.403168	8	32	1.18	22.154368	-1.721	0.630	-0.483	-0.328
-140.537354	148.300919	289.684204	-5.594465	176.985825	6.626803	295.763	8	32	1.18	22.137329	-1.721	0.615	-0.475	-0.319
-141.438232	147.916229	288.058807	-7.517564	175.243591	6.624963	294.962799	8	32	1.18	22.106745	-1.720	0.622	-0.479	-0.325
-173.689758	112.908737	275.777924	-44.93055	123.564613	6.040411	280.718781	8	36	1.18	21.57676	-1.930	0.678	-0.675	-0.495
-170.266418	112.52404	275.416748	-47.902611	124.101089	5.84556	280.078583	8	36	1.18	21.559261	-1.911	0.688	-0.669	-0.493
-174.410446	111.946991	276.500336	-47.727779	124.06884	6.042085	279.59848	8	36	1.18	21.532648	-1.918	0.679	-0.661	-0.498
-170.987106	112.139343	274.585724	-45.455029	123.743439	6.430112	278.958282	8	36	1.18	21.492142	-1.921	0.679	-0.669	-0.494
-199.635101	77.324211	262.232849	-82.693184	69.382172	5.84556	264.55423	8	40	1.18	20.940136	-2.194	0.760	-0.927	-0.698
-199.27475	77.708908	261.69104	-81.644218	69.739807	5.650709	265.034393	8	40	1.18	20.967436	-2.193	0.758	-0.929	-0.695
-199.454926	78.285965	262.774658	-82.168709	70.991554	5.84556	265.994659	8	40	1.18	20.99835	-2.182	0.758	-0.921	-0.692
-200.355835	79.247704	264.400085	-81.469398	71.885651	5.652272	266.634827	8	40	1.18	21.031959	-2.184	0.755	-0.915	-0.689
-251.886169	48.471893	281.737762	-130.07132	21.2796	6.430112	284.879944	8	44	1.18	21.724384	-2.514	0.841	-1.242	-0.930
-251.706009	49.43364	282.821381	-135.490952	19.31258	6.040411	285.680176	8	44	1.18	21.770754	-2.511	0.869	-1.251	-0.938
-252.787064	48.279545	283.256836	-134.616821	19.31258	6.236991	286.480408	8	44	1.18	21.794238	-2.516	0.859	-1.254	-0.939
-252.066345	50.010685	283.904999	-135.141296	20.921959	6.235262	287.120575	8	44	1.18	21.819184	-2.498	0.863	-1.241	-0.932
295.927704	58.858727	-314.999329	-236.36615	-40.308701	6.819815	308.886688	12	-44	1.18	22.626925	2.596	1.254	-1.484	-1.200
297.191589	58.858727	-314.720917	-231.820648	-38.703484	6.624963	309.526855	12	-44	1.18	22.658178	2.609	1.239	-1.485	-1.193
293.684082	61.166916	-311.210663	-233.743759	-37.45499	6.431898	309.846954	12	-44	1.18	22.677364	2.574	1.255	-1.478	-1.187
294.844391	59.243423	-312.473541	-232.869629	-38.168415	6.431898	310.327087	12	-44	1.18	22.695299	2.590	1.246	-1.486	-1.190
309.288696	98.867279	-291.726166	-195.98111	24.677179	7.014666	322.810608	12	-40	1.18	23.135413	2.238	1.098	-1.110	-0.934
311.094238	99.829025	-292.628235	-194.932129	25.928919	7.211522	323.130676	12	-40	1.18	23.139927	2.238	1.093	-1.102	-0.931
312.177551	98.482582	-296.056061	-201.925232	18.954939	7.211522	323.610809	12	-40	1.18	23.157504	2.270	1.121	-1.137	-0.956
312.358124	100.983116	-295.514832	-200.526611	22.710159	7.404368	324.090942	12	-40	1.18	23.168015	2.245	1.114	-1.113	-0.943
324.370209	140.414612	-266.288086	-153.148483	85.29715	7.404368	336.894531	12	-36	1.18	23.631714	2.002	0.995	-0.853	-0.736
323.467682	140.222275	-267.731384	-156.4702	83.666016	7.406428	337.374664	12	-36	1.18	23.648852	1.999	1.003	-0.858	-0.742
323.106659	141.376373	-265.566437	-155.421234	85.63253	7.211522	337.854797	12	-36	1.18	23.67303	1.988	1.002	-0.852	-0.735
325.719086	142.530457	-266.829346	-154.896759	87.264168	7.209517	338.494995	12	-36	1.18	23.696009	1.988	0.998	-0.843	-0.731
309.108154	170.036331	-208.375854	-93.882126	136.797302	7.209517	321.530212	12	-32	1.18	23.081312	1.797	0.917	-0.642	-0.550
307.302582	169.45929	-207.112976	-93.357643	137.154938	7.014666	320.409912	12	-32	1.18	23.047307	1.790	0.914	-0.638	-0.547
305.677612	169.651642	-204.587204	-91.084892	138.049042	7.014666	319.60968	12	-32	1.18	23.017863	1.785	0.912	-0.635	-0.542
304.955414	167.728149	-204.640762	-91.609367	135.545563	7.014666	318.649414	12	-32	1.18	22.982482	1.796	0.914	-0.645	-0.547
283.28894	183.500748	-149.059326	-44.755726	167.017883	6.624963	299.444031	12	-28	1.18	22.27787	1.638	0.865	-0.502	-0.392
283.936737	183.500748	-150.102783	-44.406067	168.448441	6.626803	298.803833	12	-28	1.18	22.253434	1.634	0.858	-0.491	-0.391
283.830597	181.96196	-152.848969	-46.329166	166.259415	6.624963	298.163666	12	-28	1.18	22.229111	1.643	0.859	-0.496	-0.400
280.941742	181.96196	-149.059326	-48.252258	165.050858	6.624963	297.523499	12	-28	1.18	22.204692	1.631	0.873	-0.502	-0.399
263.066925	190.040604	-96.906609	-11.188931	193.254227	6.040411	283.119476	12	-24	1.18	21.670845	1.456	0.814	-0.363	-0.243
264.150238	190.425308	-96.365234	-9.615487	192.589127	6.235262	282.639313	12	-24	1.18	21.644432	1.468	0.815	-0.367	-0.241
264.622559	190.425308	-99.948242	-12.41272	190.979752	6.040411	281.999146	12	-24	1.18	21.62699	1.475	0.821	-0.368	-0.252
261.441925	189.27121	-96.906609	-12.237892	191.695038	6.040411	281.358978	12	-24	1.18	21.60189	1.455	0.818	-0.364	-0.246
239.775467	194.46463	-48.363075	15.945635	207.073563	5.650709	265.034393	12	-20	1.18	20.967436	1.290	0.800	-0.260	-0.098
238.511581	193.118179	-47.267941	17.172226	207.198563	5.652272	264.714264	12	-20	1.18	20.954429	1.286	0.792	-0.259	-0.093
238.872711	193.118179	-48.363075	15.595181	205.053284	5.650709	264.234161	12	-20	1.18	20.935068	1.297	0.802	-0.267	-0.100
237.907578	192.156448	-48.35041	16.471317	205.947144	5.84556	263.914062	12	-20	1.18	20.914212	1.290	0.792	-0.261	-0.098
241.039352	217.931183	-8.479363	30.839949	240.450439	6.042085	281.519012	12	-16	1.18	21.608101	1.088	0.816	-0.179	0.022
242.122665	219.277618	-7.938128	30.664722	240.512878	6.235262	282.319214	12	-16	1.18	21.631896	1.091	0.823	-0.182	0.022
240.497681	218.892914	-5.773184	31.015175	241.764618	6.430112	283.119476	12	-16	1.18	21.6556	1.075	0.820	-0.180	0.027
242.483765	219.85466	-7.218369	29.438129	239.61879	6.235262	283.599609	12	-16	1.18	21.681999	1.093	0.833	-0.192	0.021
237.608841	241.397736	35.578423	35.045403	269.839355	6.430112	300.404297	12	-12	1.18	22.321768	0.861	0.880	-0.130	0.123
237.789383	241.397736	35.759022	35.746307	269.124084	6.624963	300.88443	12	-12	1.18	22.332596	0.866	0.881	-0.136	0.125
240.497681	242.551834	33.419964	35.746307	269.839355	6.431898	301.524628	12	-12	1.18	22.364194	0.880	0.879	-0.135	0.120
238.990616	243.51358	35.949039	33.643581	271.914612	6.626803	302.004761	12	-12	1.18	22.375	0.856	0.885	-0.127	0.119
225.511719	259.093842	80.909309	24.006086	294.08252	6.82171	315.288483	12	-8	1.18	22.865367	0.598	0.973	-0.088	0.189
226.595047	261.402008	80.186897	22.779497	294.874146	7.014666	315.768616	12	-8	1.18	22.876008	0.602	0.980	-0.086	0.183
227.438202	261.59436	80.207924	24.706995	295.691498	7.016615	316.248749	12	-8	1.18	22.893717	0.605	0.974	-0.085	0.187
227.67836	262.171417	80.728706	24.882223	295.691498	6.82171	316.728882	12	-8	1.18	22.918691	0.605	0.977	-0.087	0.189
210.164658	280.059845	127.176529	17.52268	318.299561	7.016615	328.892273	12	-4	1.18	23.357054	0.337	1.067	-0.043	0.266
209.803528	279.482819	127.504395	16.646544	316.511383	7.404368	329.692535	12	-4	1.18	23.372016	0.337	1.075	-0.054	0.265
211.373138	279.290466	124.828102	18.574043	315.714111	7.209517	330.172668	12	-4	1.18	23.396478	0.355	1.068	-0.059	0.264
210.3452	277.366943	126.601387	19.099726	318.120758	7.404368	330.812836	12	-4	1.18	23.412603	0.341	1.053	-0.052	0.267
189.170822	289.677277	164.527649	18.574043	333.770264	7.601334	341.535858	12	0	1.18	23.790559	0.102	1.119	-0.032	0.347
190.123169	289.869629	163.082825	18.048361	332.068695	7.599219	340.575592	12	0	1.18	23.756404	0.112	1.126	-0.035	0.344
189.220398	287.641754	162.403	17.52268	329.658478	7.406428	339.455261	12	0	1.18	23.723293	0.112	1.127	-0.041	0.344
188.678741	286.599701	161.680405	19.099726	327.419373	7.209517	338.334961	12	0	1.18	23.690285	0.114	1.129	-0.046	0.351
146.390778	263.710205	179.517532	19.450178	304.272614	6.819815	312.727753	12	4	1.18	22.770332	-0.150	1.103	-0.038	0.344
146.790268	264.671936	178.253326	17.172226	303.636353	6.819815	311.767487	12	4	1.18	22.734565	-0.142	1.117	-0.037	0.339
146.609711	265.248993	178.614517	15.945635	305.881561	6.819815	311.127319	12	4	1.18	22.710689	-0.142	1.110	-0.023	0.332
146.609711	263.517853	176.808517	16.120863	303.278687	6.819815	310.167023	12	4	1.18	22.674827	-0.136	1.115	-0.031	0.336
113.026688	247.552902	195.04924	18.574043	283.072021	6.430112	293.842468	12	8	1.18	22.071239	-0.378	1.054	-0.050	0.273
111.553024	245.24472	196.674637	22.954723	282.998566	6.431898	293.362335	12	8	1.18	22.052728	-0.395	1.030	-0.048	0.282
111.37252	244.860016	194.868637	20.501541	280.495728	6.236991	292.722168	12	8	1.18	22.035609	-0.389	1.046	-0.057	0.278
111.943367	244.667664	194.739059	20.326317	280.210937	6.236991	291.921906	12	8	1.18	22.004811	-0.387	1.048	-0.055	0.280
74.027069	225.04808	205.343491	31.015175	257.679596	6.042085	274.957153	12	12	1.18	21.349198	-0.640	0.946	-0.084	0.227
76.013161	226.394547	204.259888	29.087677	256.785492	6.430112	274.156952	12	12	1.18	21.301979	-0.628	0.966	-0.085	0.226
75.652054	225.817474	203.356888	28.737221	255.891403	6.235262	273.836823	12	12	1.18	21.296994	-0.627	0.968	-0.088	0.226
75.832603	226.586868	203.229538	27.160175	256.964325	6.040411	273.036621	12	12	1.18	21.272893	-0.620	0.971	-0.078	0.221
36.101303	206.390259	211.539383	36.096764	235.863571	5.26246	261.193298	12	16	1.18	20.827412	-0.878	0.852	-0.127	0.154
37.013535	208.506104	211.303329	34.519718	235.14827	5.84556	260.553131	12	16	1.18	20.777578	-0.874	0.873	-0.127	0.150
35.379276	207.352005	210.942123	35.220627	233.657043	5.455858	260.072968	12	16	1.18	20.773888	-0.885	0.868	-0.133	0.150
35.379276	208.698441	212.025742	34.519718	234.372147	5.84556	259.592834	12	16	1.18	20.738373	-0.886	0.873	-0.126	0.146
-3.423346	207.73671	238.032303	31.716085	233.657043	6.042085	274.47702	12	20	1.18	21.330131	-1.100	0.802	-0.186	0.037
-1.981937	210.429581	238.7547	29.262903	235.327087	6.235262	275.437286	12	20	1.18	21.360586	-1.086	0.817	-0.181	0.033
-3.603521	209.467834	239.115906	29.788584	234.729706	6.235262	276.077454	12	20	1.18	21.385969	-1.095	0.811	-0.187	0.031
-0.540528	209.660187	237.914047	29.087677	235.863571	6.235262	277.03775	12	20	1.18	21.423988	-1.076	0.815	-0.186	0.036
-49.908775	207.352005	265.664276	18.9245	227.816666	6.430112	292.08197	12	24	1.18	22.003538	-1.297	0.774	-0.264	-0.090
-48.467369	207.159653	263.677643	19.274952	227.637848	6.235262	292.722168	12	24	1.18	22.035676	-1.289	0.776	-0.269	-0.086
-48.827721	206.197906	264.469391	19.625406	227.101364	6.430112	293.522369	12	24	1.18	22.058945	-1.296	0.772	-0.275	-0.087
-49.908775	208.506104	266.928467	19.274952	230.141342	6.819815	294.162537	12	24	1.18	22.068565	-1.291	0.771	-0.261	-0.090
-97.835625	200.427444	287.155823	-8.391698	211.007584	6.819815	308.726654	12	28	1.18	22.62093	-1.458	0.791	-0.370	-0.227
-98.736496	200.812149	289.142426	-7.867217	212.080505	6.819815	309.68692	12	28	1.18	22.656877	-1.462	0.786	-0.368	-0.227
-100.177902	201.389191	290.948425	-8.042045	212.795776	7.014666	310.167023	12	28	1.18	22.667544	-1.465	0.785	-0.365	-0.229
-98.195969	202.927979	289.323029	-9.615487	211.901688	6.82171	310.80722	12	28	1.18	22.698671	-1.458	0.800	-0.372	-0.228
-150.987564	188.88652	308.18634	-56.993614	182.932861	7.014666	324.891174	12	32	1.18	23.2115	-1.600	0.857	-0.495	-0.387
-152.068634	186.578323	309.550354	-55.070515	184.184586	7.404368	325.371307	12	32	1.18	23.214802	-1.604	0.840	-0.491	-0.386
-153.690216	186.193634	309.369751	-55.944653	182.754044	7.209517	325.691406	12	32	1.18	23.233593	-1.610	0.842	-0.497	-0.390
-150.807388	188.501831	309.369751	-54.895691	184.542221	7.209517	326.171539	12	32	1.18	23.251099	-1.601	0.847	-0.493	-0.383
-208.824097	167.920502	323.998444	-112.763443	143.056	7.404368	337.21463	12	36	1.18	23.643191	-1.754	0.924	-0.639	-0.554
-205.580917	169.651642	324.720825	-111.015167	144.844193	7.209517	337.374664	12	36	1.18	23.655908	-1.749	0.926	-0.635	-0.546
-209.72496	168.882248	327.791077	-108.567589	144.128922	7.404368	338.014832	12	36	1.18	23.671855	-1.772	0.915	-0.639	-0.549
-208.824097	169.843979	326.346252	-108.043106	144.128922	7.404368	338.494995	12	36	1.18	23.689039	-1.769	0.918	-0.642	-0.548
-244.859329	129.643082	310.995178	-151.924698	83.129692	7.209517	321.690277	12	40	1.18	23.087188	-1.974	1.000	-0.847	-0.730
-239.273834	131.374222	307.383148	-150.351257	84.403046	7.014666	320.089844	12	40	1.18	23.035535	-1.958	1.009	-0.844	-0.723
-240.174744	128.488998	306.480133	-150.001602	82.793671	7.014666	318.809479	12	40	1.18	22.988383	-1.967	1.002	-0.849	-0.727
-239.814377	126.373154	306.660736	-150.001602	79.932549	7.209517	317.689178	12	40	1.18	22.93985	-1.988	1.006	-0.865	-0.735
-262.336395	85.979912	285.891602	-185.31665	20.743139	6.235262	296.563202	12	44	1.18	22.182905	-2.242	1.109	-1.128	-0.941
-261.435516	85.210518	284.446777	-186.015961	19.491398	6.431898	295.923035	12	44	1.18	22.150913	-2.244	1.115	-1.137	-0.946
-257.471649	84.825821	282.279572	-179.897018	20.921959	6.430112	295.282867	12	44	1.18	22.126476	-2.253	1.105	-1.145	-0.940
-257.471649	83.287025	283.182587	-177.973923	19.849039	6.624963	294.482635	12	44	1.18	22.088331	-2.276	1.100	-1.156	-0.944
249.705917	84.633469	-278.736511	-247.205444	-35.136349	5.847179	274.637085	16	-44	1.18	21.344229	2.319	1.456	-1.360	-1.180
248.803177	83.479378	-278.556091	-246.331299	-35.849773	6.040411	274.156952	16	-44	1.18	21.317477	2.327	1.456	-1.368	-1.185
249.88649	83.671722	-280.360229	-248.604034	-37.633347	6.040411	273.516754	16	-44	1.18	21.292011	2.337	1.465	-1.372	-1.193
248.803177	82.902328	-277.834442	-245.282333	-36.20649	6.042085	272.876587	16	-44	1.18	21.266449	2.337	1.456	-1.372	-1.187
247.178192	111.177597	-243.556168	-198.079041	17.882019	6.040411	265.994659	16	-40	1.18	20.990484	2.056	1.296	-1.039	-0.950
246.817078	112.331703	-244.458221	-201.225937	15.914999	5.847179	266.474762	16	-40	1.18	21.017652	2.058	1.313	-1.049	-0.958
247.178192	111.369949	-244.883179	-201.051102	16.45146	5.84556	267.275024	16	-40	1.18	21.04996	2.055	1.305	-1.048	-0.956
247.654922	111.946991	-245.901535	-202.100037	16.27264	5.650709	267.755157	16	-40	1.18	21.077117	2.054	1.307	-1.047	-0.956
263.789124	148.108566	-227.378632	-174.127731	66.163406	6.235262	284.239777	16	-36	1.18	21.707006	1.840	1.207	-0.817	-0.775
265.414124	149.262665	-227.679916	-173.778076	66.8787	6.235262	285.039978	16	-36	1.18	21.738224	1.843	1.207	-0.815	-0.773
262.705811	149.455017	-226.417038	-173.428421	68.845711	6.235262	285.680176	16	-36	1.18	21.763167	1.820	1.201	-0.807	-0.767
266.858551	151.378494	-232.009827	-180.071838	64.911674	6.235262	286.480408	16	-36	1.18	21.794306	1.841	1.223	-0.818	-0.783
280.400085	186.770676	-202.602676	-144.75679	115.696533	6.819815	302.644928	16	-32	1.18	22.391929	1.669	1.146	-0.646	-0.624
280.039001	186.193634	-198.685608	-138.637848	118.200027	6.430112	303.285095	16	-32	1.18	22.430872	1.669	1.132	-0.645	-0.610
281.048645	185.616592	-201.700607	-141.435074	117.275444	6.431898	303.925293	16	-32	1.18	22.45498	1.671	1.132	-0.646	-0.616
280.580627	186.193634	-203.324326	-143.88266	116.233002	6.430112	304.56546	16	-32	1.18	22.479194	1.670	1.139	-0.650	-0.621
291.594421	219.085297	-161.691467	-100.525551	168.09079	7.209517	318.969513	16	-28	1.18	22.987101	1.515	1.068	-0.504	-0.462
293.219421	221.778152	-165.076981	-104.54657	167.017883	6.82171	319.129547	16	-28	1.18	23.007288	1.518	1.081	-0.504	-0.469
293.038849	220.431717	-163.633682	-103.147957	166.481415	6.819815	319.929779	16	-28	1.18	23.036815	1.523	1.079	-0.512	-0.468
293.038849	220.816406	-165.076981	-104.196922	166.481415	7.014666	320.249878	16	-28	1.18	23.041422	1.521	1.079	-0.511	-0.470
295.747162	247.36055	-112.57708	-65.21048	213.868713	7.211522	331.773102	16	-24	1.18	23.454304	1.349	1.032	-0.389	-0.317
297.913818	247.552902	-114.41114	-64.860832	212.974609	7.404368	332.093201	16	-24	1.18	23.458902	1.363	1.032	-0.394	-0.321
297.191589	249.09169	-112.937904	-67.308403	211.84668	7.406428	332.893402	16	-24	1.18	23.487717	1.358	1.048	-0.401	-0.323
298.636017	248.322296	-114.41114	-66.434273	213.813171	7.406428	333.213501	16	-24	1.18	23.499263	1.358	1.035	-0.392	-0.322
291.955536	264.287231	-61.700901	-36.014366	244.204697	7.406428	336.414429	16	-20	1.18	23.614417	1.207	1.025	-0.315	-0.192
290.330536	263.902557	-60.453842	-34.965405	245.877472	7.404368	335.134033	16	-20	1.18	23.568496	1.195	1.018	-0.304	-0.188
289.351959	262.940796	-58.994717	-33.217136	242.595734	7.016615	333.5336	16	-20	1.18	23.524852	1.207	1.026	-0.315	-0.184
288.449402	264.479584	-59.190628	-37.412987	242.837524	7.014666	332.4133	16	-20	1.18	23.484529	1.194	1.037	-0.308	-0.190
252.889633	254.285095	-4.69194	-13.286854	247.243835	6.819815	306.486023	16	-16	1.18	22.536832	1.005	1.044	-0.231	-0.062
253.136459	255.631546	-2.886592	-11.888239	248.380966	6.624963	305.525726	16	-16	1.18	22.508031	1.001	1.046	-0.223	-0.055
252.414246	252.169266	-7.03791	-14.8603	243.731644	6.430112	304.885559	16	-16	1.18	22.491258	1.019	1.048	-0.240	-0.068
249.821014	251.784592	-2.165511	-12.587548	246.235107	6.819815	303.925293	16	-16	1.18	22.440334	0.994	1.042	-0.227	-0.056
221.178436	246.591156	41.177059	-8.566525	246.950409	6.430112	287.440643	16	-12	1.18	21.824047	0.780	1.106	-0.176	0.043
220.275665	247.168198	40.82655	-11.363758	246.235107	6.430112	286.960541	16	-12	1.18	21.805396	0.775	1.117	-0.176	0.036
220.817337	246.975845	40.82655	-8.916179	246.886307	6.236991	286.320343	16	-12	1.18	21.788013	0.779	1.108	-0.171	0.042
220.275665	246.591156	40.284603	-10.66445	246.235107	6.235262	286.000275	16	-12	1.18	21.775628	0.778	1.112	-0.172	0.037
188.137085	239.474258	72.96286	-15.209952	244.625748	6.040411	272.716522	16	-8	1.18	21.260137	0.534	1.180	-0.130	0.106
188.448792	239.858948	73.685265	-16.258915	245.277313	5.847179	272.076355	16	-8	1.18	21.242314	0.530	1.183	-0.124	0.106
188.137085	240.435989	73.143456	-16.084085	244.625748	6.040411	271.596222	16	-8	1.18	21.215433	0.532	1.187	-0.125	0.104
188.859299	238.897202	71.879257	-14.8603	242.479889	5.84556	271.116089	16	-8	1.18	21.204035	0.547	1.186	-0.134	0.106
166.470627	245.437057	102.969635	-22.377861	252.851456	5.847179	271.756287	16	-4	1.18	21.229541	0.299	1.260	-0.089	0.162
166.968521	244.860016	103.484451	-20.279938	252.60704	6.040411	272.556488	16	-4	1.18	21.253757	0.301	1.257	-0.095	0.169
167.734497	246.206451	103.330933	-21.15407	253.5009	6.042085	273.516754	16	-4	1.18	21.291944	0.303	1.259	-0.094	0.165
168.998383	246.398804	102.608337	-21.328899	252.851456	6.430112	274.316986	16	-4	1.18	21.308344	0.313	1.262	-0.101	0.161
153.611038	264.479584	137.834793	-23.60165	274.059875	6.042085	291.921906	16	0	1.18	22.012316	0.073	1.328	-0.082	0.235
152.929092	265.826019	139.424072	-23.426823	277.277802	6.624963	292.722168	16	0	1.18	22.020684	0.062	1.319	-0.070	0.234
155.998505	265.441345	137.112198	-20.979246	273.236938	6.624963	293.362335	16	0	1.18	22.045306	0.088	1.331	-0.094	0.239
155.63739	264.671936	138.701675	-22.727514	276.741486	6.430112	294.162537	16	0	1.18	22.083525	0.077	1.314	-0.080	0.236
135.199371	280.636871	171.571075	-26.573711	291.937256	7.209517	310.167023	16	4	1.18	22.660259	-0.153	1.293	-0.077	0.198
136.643433	281.213959	171.390472	-26.398884	291.043365	6.626803	310.967285	16	4	1.18	22.71192	-0.147	1.304	-0.084	0.206
136.679245	280.636871	171.390472	-25.52475	292.907135	6.624963	311.287354	16	4	1.18	22.723928	-0.146	1.290	-0.077	0.206
138.30423	280.636871	171.390472	-23.776478	290.761292	6.819815	311.927521	16	4	1.18	22.74053	-0.142	1.304	-0.091	0.216
113.568352	291.793121	205.21669	-28.496807	299.165833	7.211522	324.090942	16	8	1.18	23.175068	-0.357	1.248	-0.097	0.138
113.568352	291.023743	205.524094	-27.972326	297.914093	7.211564	324.571106	16	8	1.18	23.192617	-0.360	1.250	-0.104	0.139
112.665581	292.370178	206.607712	-30.59473	301.490509	7.404368	325.051239	16	8	1.18	23.203115	-0.361	1.240	-0.090	0.129
113.568352	291.985474	206.968903	-28.671635	302.20578	7.211522	325.531342	16	8	1.18	23.22768	-0.360	1.234	-0.090	0.136
83.415871	297.371246	240.018906	-21.503727	304.172791	7.404368	338.014832	16	12	1.18	23.671855	-0.573	1.167	-0.124	0.086
85.943619	298.140625	238.574112	-22.552689	303.457489	7.209517	338.65506	16	12	1.18	23.701733	-0.562	1.180	-0.130	0.090
84.679741	297.371246	240.443146	-23.60165	305.42453	7.404368	339.135162	16	12	1.18	23.71193	-0.567	1.168	-0.123	0.084
83.032997	299.487061	241.463715	-23.426823	305.881561	7.404368	339.615295	16	12	1.18	23.729083	-0.574	1.170	-0.122	0.081
45.680119	273.712341	246.404526	-5.769293	276.813354	7.014666	318.969513	16	16	1.18	22.994282	-0.781	1.088	-0.164	0.050
44.416241	272.173553	246.339966	-3.846194	273.952209	6.819815	317.849213	16	16	1.18	22.960149	-0.796	1.088	-0.173	0.053
44.58511	270.442413	243.811523	-5.769293	273.594574	7.016615	316.888916	16	16	1.18	22.917402	-0.784	1.087	-0.170	0.049
45.499565	269.673004	243.630936	-2.797233	271.627563	7.014666	315.768616	16	16	1.18	22.876008	-0.792	1.089	-0.176	0.057
1.986094	244.667664	244.778702	-8.391698	241.228165	6.431898	296.563202	16	20	1.18	22.175392	-0.993	1.035	-0.226	-0.039
1.44405	246.206451	245.256332	-11.538583	242.595734	6.626803	296.083099	16	20	1.18	22.14958	-0.985	1.041	-0.216	-0.047
0.90253	242.936523	244.353333	-7.867217	240.807999	6.624963	295.442902	16	20	1.18	22.125142	-0.997	1.027	-0.224	-0.041
3.971142	241.013046	242.005508	-6.468602	238.841492	6.819815	294.962799	16	20	1.18	22.099274	-0.991	1.031	-0.234	-0.034
-42.521557	217.931183	242.36673	-22.203032	206.715912	6.624963	280.718781	16	24	1.18	21.553788	-1.192	1.004	-0.310	-0.163
-42.701733	216.969437	241.824921	-22.727514	207.073563	6.430112	280.398682	16	24	1.18	21.548863	-1.187	1.000	-0.306	-0.163
-44.143139	216.200043	242.186127	-22.552689	206.358261	6.430112	279.758514	16	24	1.18	21.523672	-1.195	0.996	-0.306	-0.166
-41.80085	217.931183	241.644333	-23.251997	205.947144	6.430112	279.118347	16	24	1.18	21.498452	-1.189	1.011	-0.307	-0.163
-82.160301	187.54007	236.226288	-43.706757	170.72876	5.847179	263.593964	16	28	1.18	20.901172	-1.363	0.990	-0.397	-0.294
-80.538712	191.002365	236.288223	-45.629856	171.488373	6.040411	263.914062	16	28	1.18	20.906315	-1.351	1.009	-0.394	-0.295
-80.17836	191.387054	236.768097	-45.455029	172.561295	5.84556	264.074097	16	28	1.18	20.920696	-1.347	1.006	-0.389	-0.292
-81.980125	191.002365	236.948685	-44.056412	170.371201	6.235262	264.874359	16	28	1.18	20.93732	-1.367	1.007	-0.405	-0.297
-131.168198	185.231888	260.065613	-87.588341	151.818176	6.236991	283.919678	16	32	1.18	21.694437	-1.498	1.045	-0.506	-0.443
-130.62767	188.501831	259.953186	-92.658325	151.639359	6.235262	284.559845	16	32	1.18	21.719498	-1.484	1.068	-0.505	-0.448
-132.249252	186.193634	261.329834	-89.686264	152.136292	6.042085	285.360077	16	32	1.18	21.758224	-1.496	1.049	-0.506	-0.445
-130.988022	187.924774	261.69104	-93.707291	153.964005	6.430112	286.160309	16	32	1.18	21.774273	-1.475	1.058	-0.496	-0.446
-190.986649	177.537933	282.279572	-143.88266	121.06115	6.819815	302.965027	16	36	1.18	22.40404	-1.640	1.114	-0.631	-0.604
-189.184906	178.307343	281.737762	-143.88266	121.06115	6.430112	303.765259	16	36	1.18	22.449006	-1.637	1.120	-0.635	-0.601
-186.121902	177.922623	280.834747	-144.2323	122.459877	6.82171	304.405426	16	36	1.18	22.458387	-1.623	1.120	-0.633	-0.598
-189.184906	179.653778	283.182587	-148.253326	122.638649	7.014666	305.205658	16	36	1.18	22.481291	-1.621	1.125	-0.627	-0.603
-245.580017	154.840775	294.560455	-198.953171	75.084885	7.014666	318.009247	16	40	1.18	22.958864	-1.817	1.190	-0.817	-0.771
-250.084412	155.033127	298.431335	-201.400742	74.567955	7.014666	318.649414	16	40	1.18	22.982482	-1.826	1.187	-0.813	-0.775
-248.102493	155.610168	297.26947	-200.526611	76.534973	7.014666	319.129547	16	40	1.18	23.000179	-1.813	1.184	-0.806	-0.769
-246.841248	155.610168	296.005249	-198.953171	75.104416	7.014666	319.769745	16	40	1.18	23.023756	-1.822	1.190	-0.821	-0.772
-304.677765	127.142548	304.674133	-255.597137	20.20668	7.016615	331.933167	16	44	1.18	23.467127	-2.029	1.274	-1.038	-0.956
-305.038116	124.449669	307.924957	-258.044708	16.093821	7.209517	332.893402	16	44	1.18	23.494821	-2.059	1.285	-1.064	-0.970
-304.857941	126.373154	307.744354	-255.946777	21.2796	7.209517	333.213501	16	44	1.18	23.506364	-2.031	1.267	-1.034	-0.953
-303.416534	125.988457	306.841339	-256.646088	18.060839	7.016615	333.853699	16	44	1.18	23.53638	-2.047	1.284	-1.059	-0.963
273.900146	127.911957	-347.29306	-337.591034	-48.33477	7.014666	318.649414	20	-44	1.18	22.982482	2.112	1.583	-1.248	-1.188
270.289062	126.565506	-344.045654	-337.066528	-49.404915	7.016615	317.689178	20	-44	1.18	22.946976	2.110	1.592	-1.261	-1.194
271.914062	126.565506	-343.684845	-335.318268	-47.978058	6.82171	316.408783	20	-44	1.18	22.906851	2.112	1.584	-1.250	-1.188
270.398743	125.60376	-342.963196	-334.618958	-48.513126	6.819815	315.448547	20	-44	1.18	22.871369	2.113	1.585	-1.254	-1.191
260.539154	151.378494	-286.494232	-270.457428	10.908041	6.624963	297.043365	20	-40	1.18	22.18636	1.890	1.458	-0.989	-0.985
258.914185	149.262665	-286.930206	-271.331573	9.298661	6.430112	296.403168	20	-40	1.18	22.169343	1.892	1.458	-0.995	-0.990
256.205872	149.455017	-282.885986	-268.009827	10.72922	6.819815	295.602966	20	-40	1.18	22.12381	1.884	1.459	-0.995	-0.986
257.943817	149.839706	-285.411743	-270.981903	8.22574	6.431898	295.122833	20	-40	1.18	22.120278	1.897	1.469	-1.002	-0.994
247.178192	167.920502	-236.221161	-213.638641	54.718933	6.430112	281.198914	20	-36	1.18	21.580311	1.729	1.364	-0.810	-0.827
246.275406	169.074585	-237.782974	-215.911392	54.182476	6.430112	280.558716	20	-36	1.18	21.555156	1.722	1.370	-0.806	-0.830
247.358734	168.497543	-236.520096	-212.414856	55.791851	6.430112	280.078583	20	-36	1.18	21.536271	1.727	1.359	-0.800	-0.824
246.210892	166.574051	-235.618042	-212.414856	55.598564	6.430112	279.59848	20	-36	1.18	21.51737	1.723	1.355	-0.801	-0.824
231.470001	178.49968	-188.169708	-168.533264	87.241486	5.652272	264.234161	20	-32	1.18	20.935003	1.580	1.307	-0.666	-0.693
229.664474	178.307343	-185.824356	-166.959824	89.767647	6.040411	264.394196	20	-32	1.18	20.925768	1.561	1.297	-0.656	-0.685
231.8311	180.807861	-188.350113	-169.58223	89.052368	6.040411	264.874359	20	-32	1.18	20.945205	1.568	1.307	-0.656	-0.690
232.672897	180.807861	-188.350113	-168.882919	89.052368	5.84556	265.674561	20	-32	1.18	20.985427	1.573	1.306	-0.660	-0.689
246.275406	213.122467	-157.31926	-140.386108	132.863266	6.235262	284.559845	20	-28	1.18	21.719498	1.433	1.255	-0.538	-0.551
246.03038	213.122467	-156.59761	-141.959564	132.326797	5.847179	285.360077	20	-28	1.18	21.765815	1.430	1.261	-0.543	-0.551
245.914307	213.314819	-155.334732	-140.036453	134.651459	6.042085	286.160309	20	-28	1.18	21.78937	1.421	1.252	-0.537	-0.544
246.99762	214.661255	-155.695557	-141.260239	136.260834	6.430112	286.960541	20	-28	1.18	21.805396	1.414	1.250	-0.529	-0.544
256.92807	243.705917	-116.906982	-113.113091	176.495346	6.819815	303.765259	20	-24	1.18	22.43429	1.282	1.224	-0.437	-0.418
257.289185	241.974792	-117.267799	-112.064125	174.707138	6.819815	304.56546	20	-24	1.18	22.464497	1.294	1.223	-0.449	-0.420
258.191956	244.282974	-119.613152	-116.259987	175.734406	6.82171	304.885559	20	-24	1.18	22.476498	1.286	1.228	-0.440	-0.425
256.92807	244.282974	-117.628624	-115.211029	177.568253	6.819815	305.685791	20	-24	1.18	22.506721	1.274	1.223	-0.436	-0.419
260.17804	267.941864	-67.311295	-83.916985	214.226349	7.014666	318.329346	20	-20	1.18	22.970676	1.130	1.214	-0.359	-0.285
258.55307	267.941864	-69.296349	-87.588341	214.707062	7.209517	318.969513	20	-20	1.18	22.987101	1.118	1.213	-0.356	-0.292
261.441925	269.865356	-69.115891	-86.189735	215.656906	7.209517	319.60968	20	-20	1.18	23.010689	1.127	1.214	-0.354	-0.289
262.344696	270.634766	-70.018188	-87.938004	215.120438	6.819815	319.929779	20	-20	1.18	23.036815	1.130	1.219	-0.356	-0.292
256.566986	291.600769	-13.173524	-67.658066	248.738602	7.211564	332.733368	20	-16	1.18	23.488973	0.933	1.242	-0.290	-0.165
258.011414	293.798645	-16.417492	-70.630119	248.49527	7.209517	333.373535	20	-16	1.18	23.512133	0.940	1.248	-0.291	-0.174
258.372528	293.139557	-17.685005	-70.455292	247.129227	7.404368	334.013733	20	-16	1.18	23.528179	0.948	1.249	-0.298	-0.177
258.665833	292.754883	-12.812606	-67.133583	250.461761	7.404368	334.493866	20	-16	1.18	23.545467	0.935	1.239	-0.289	-0.163
237.247726	297.948273	31.432827	-68.007721	263.04422	7.209517	328.092072	20	-12	1.18	23.320994	0.732	1.301	-0.231	-0.091
236.886597	296.986542	30.521589	-69.231506	260.719543	7.014666	326.811737	20	-12	1.18	23.281514	0.737	1.308	-0.236	-0.094
234.358871	294.101318	32.508202	-68.007721	260.361908	7.209517	325.531342	20	-12	1.18	23.227754	0.726	1.302	-0.234	-0.090
235.019485	292.370178	31.252178	-65.385307	256.54007	7.016615	324.250977	20	-12	1.18	23.188044	0.745	1.308	-0.247	-0.088
199.873077	280.252197	69.730309	-62.937733	253.566742	6.624963	302.804962	20	-8	1.18	22.405356	0.520	1.372	-0.197	-0.013
198.248093	278.713409	69.730309	-63.11256	254.103195	6.819815	302.004761	20	-8	1.18	22.367688	0.512	1.363	-0.191	-0.014
198.609192	277.366943	71.698647	-60.315323	252.851456	6.624963	301.204529	20	-8	1.18	22.34474	0.513	1.366	-0.196	-0.004
198.970322	277.944031	69.892639	-61.713947	253.387924	6.624963	300.724396	20	-8	1.18	22.326522	0.518	1.362	-0.190	-0.010
165.748413	266.980133	96.802208	-59.441185	247.665695	6.040411	285.84021	20	-4	1.18	21.776982	0.301	1.426	-0.167	0.055
165.343964	267.364838	95.538002	-59.790848	247.601395	6.236991	285.360077	20	-4	1.18	21.750631	0.304	1.424	-0.164	0.051
163.899918	265.441345	95.538002	-60.664986	247.065079	6.042085	284.71991	20	-4	1.18	21.733276	0.298	1.420	-0.164	0.050
165.206757	266.403076	96.260399	-58.741886	244.983383	6.430112	284.239777	20	-4	1.18	21.699397	0.305	1.437	-0.174	0.054
132.526505	253.708054	114.711784	-54.54604	234.611816	6.040411	268.075226	20	0	1.18	21.074316	0.087	1.507	-0.164	0.118
133.068161	251.976913	114.862328	-51.748802	234.969452	6.040411	267.595093	20	0	1.18	21.055	0.090	1.493	-0.160	0.125
132.707062	250.82283	114.139923	-52.273281	235.327087	6.040411	266.954895	20	0	1.18	21.029217	0.091	1.483	-0.155	0.122
131.623749	251.399872	113.627892	-54.54604	235.327087	5.84556	266.154694	20	0	1.18	21.004807	0.087	1.487	-0.150	0.115
105.054794	241.013046	131.838821	-47.028473	226.327332	5.26246	254.47142	20	4	1.18	20.552082	-0.136	1.460	-0.143	0.120
105.082329	239.089554	130.213425	-47.378128	224.061447	5.261007	254.151321	20	4	1.18	20.538939	-0.129	1.467	-0.154	0.121
104.513268	238.704865	130.428207	-46.50399	224.360825	5.067554	253.671204	20	4	1.18	20.527107	-0.133	1.460	-0.150	0.123
103.818443	238.127808	128.983017	-48.077435	222.988541	5.067554	253.351105	20	4	1.18	20.513888	-0.129	1.467	-0.156	0.117
82.310966	246.783508	155.678177	-53.147419	228.889587	6.040411	263.593964	20	8	1.18	20.893335	-0.342	1.400	-0.162	0.040
82.151985	248.514648	155.85878	-54.720863	229.962524	6.235262	264.234161	20	8	1.18	20.911391	-0.341	1.402	-0.158	0.035
82.332542	248.322296	155.678177	-55.769825	230.32016	5.84556	265.194427	20	8	1.18	20.966029	-0.338	1.401	-0.161	0.034
82.874207	250.053436	156.260956	-56.643963	231.214249	6.040411	265.994659	20	8	1.18	20.990484	-0.336	1.406	-0.159	0.032
59.206131	260.824982	184.393753	-59.616024	237.411301	5.650709	281.839081	20	12	1.18	21.635986	-0.527	1.349	-0.187	-0.025
58.138329	261.402008	186.019165	-59.091537	237.294113	6.040411	282.639313	20	12	1.18	21.65206	-0.538	1.348	-0.191	-0.027
59.221657	260.824982	185.657974	-58.567062	237.830597	6.235262	283.27951	20	12	1.18	21.669484	-0.532	1.345	-0.191	-0.025
61.568851	262.556091	184.080811	-60.315323	236.75766	6.235262	283.759644	20	12	1.18	21.688253	-0.519	1.367	-0.199	-0.024
26.902521	270.634766	214.068451	-57.692924	240.512878	6.235262	299.123932	20	16	1.18	22.280518	-0.731	1.283	-0.229	-0.085
27.97851	271.981201	216.721375	-53.846725	242.23819	6.431898	299.924164	20	16	1.18	22.303465	-0.740	1.277	-0.226	-0.076
28.700533	271.788849	214.192947	-58.042576	240.450439	6.626803	300.404297	20	16	1.18	22.314299	-0.727	1.293	-0.235	-0.083
28.520025	271.981201	216.236237	-55.420177	242.658707	6.431898	300.88443	20	16	1.18	22.339922	-0.733	1.278	-0.227	-0.078
-18.377962	277.174622	244.533951	-60.839809	238.545883	6.626803	315.288483	20	20	1.18	22.87259	-0.945	1.215	-0.276	-0.166
-14.77444	277.751678	242.186127	-61.539124	236.936478	6.819815	316.088715	20	20	1.18	22.895077	-0.934	1.233	-0.288	-0.163
-15.495144	275.828156	243.450317	-60.490162	238.188232	6.819815	316.568848	20	20	1.18	22.912842	-0.938	1.218	-0.284	-0.162
-15.675322	276.482422	242.36673	-59.965675	236.75766	6.431898	317.048981	20	20	1.18	22.944927	-0.940	1.225	-0.292	-0.161
-69.007439	270.827087	266.206085	-81.993881	222.094437	7.014666	328.092072	20	24	1.18	23.328073	-1.126	1.186	-0.356	-0.277
-73.151497	272.173553	268.373291	-80.595261	223.288177	6.82171	328.572205	20	24	1.18	23.352512	-1.138	1.175	-0.351	-0.279
-72.791145	272.558228	269.346924	-79.895958	222.809723	7.014666	329.052368	20	24	1.18	23.362932	-1.144	1.178	-0.355	-0.279
-72.25061	271.596497	266.928467	-83.042847	221.0215	7.016615	329.532471	20	24	1.18	23.380271	-1.136	1.187	-0.363	-0.283
-127.74485	264.479584	287.517029	-117.308952	199.690079	7.209517	340.89566	20	28	1.18	23.781711	-1.289	1.185	-0.438	-0.403
-125.402557	263.133148	286.508514	-119.232048	198.490189	7.404368	340.255463	20	28	1.18	23.751935	-1.284	1.192	-0.442	-0.404
-128.465561	261.402008	287.517029	-115.211029	197.417267	7.209517	338.975128	20	28	1.18	23.713174	-1.303	1.180	-0.443	-0.404
-128.645737	261.59436	286.43338	-119.406876	196.701981	7.404368	337.854797	20	28	1.18	23.666125	-1.294	1.188	-0.440	-0.410
-164.500778	226.586868	272.056641	-151.050568	151.460541	7.014666	312.887787	20	32	1.18	22.769036	-1.412	1.221	-0.522	-0.533
-163.960251	224.278687	270.7211	-155.071594	149.672333	7.016615	311.607452	20	32	1.18	22.721261	-1.406	1.227	-0.524	-0.539
-160.35672	223.70166	270.179291	-148.952637	151.460541	6.626803	310.647186	20	32	1.18	22.699973	-1.406	1.217	-0.520	-0.527
-161.257614	221.201111	269.818115	-150.875732	149.633469	6.819815	309.526855	20	32	1.18	22.650889	-1.410	1.217	-0.523	-0.533
-193.509125	186.770676	257.176025	-182.86908	103.509888	6.236991	291.121704	20	36	1.18	21.973972	-1.545	1.267	-0.643	-0.667
-193.148773	188.117126	254.466995	-180.771164	103.894424	6.624963	290.481537	20	36	1.18	21.934284	-1.539	1.268	-0.642	-0.666
-190.806488	187.977264	255.550613	-182.69426	105.146164	6.819815	289.841339	20	36	1.18	21.901997	-1.529	1.270	-0.633	-0.663
-190.626312	187.15538	255.731216	-177.799103	106.397903	6.624963	289.52124	20	36	1.18	21.897151	-1.536	1.256	-0.630	-0.657
-221.976959	153.109634	242.186127	-205.246948	58.295334	6.235262	276.077454	20	40	1.18	21.385969	-1.707	1.318	-0.801	-0.809
-221.796783	154.840775	242.908524	-209.442795	59.352806	5.652272	275.757385	20	40	1.18	21.396384	-1.690	1.325	-0.787	-0.805
-221.07605	155.033127	242.36673	-204.197998	61.156456	6.040411	275.117218	20	40	1.18	21.355617	-1.693	1.312	-0.781	-0.799
-219.094131	153.686691	240.018906	-207.344864	58.295334	6.040411	274.797119	20	40	1.18	21.342911	-1.691	1.330	-0.797	-0.808
-245.940384	122.141487	230.085861	-232.170303	12.338601	5.650709	266.154694	20	44	1.18	21.012668	-1.894	1.409	-1.010	-0.973
-249.904236	120.602692	231.591385	-234.792709	11.26568	5.84556	266.794861	20	44	1.18	21.03062	-1.899	1.401	-1.008	-0.979
-248.823181	120.410347	232.614258	-230.771698	13.947981	6.040411	267.595093	20	44	1.18	21.055	-1.897	1.384	-1.000	-0.969
-251.706009	121.564438	232.43367	-234.443054	12.69624	6.040411	268.235291	20	44	1.18	21.080752	-1.893	1.392	-0.999	-0.974
229.664474	133.105362	-335.927124	-341.437195	-53.863842	6.624963	291.601837	24	-44	1.18	21.977526	1.986	1.666	-1.213	-1.212
230.025558	133.682419	-342.061127	-348.954773	-58.159462	6.430112	292.242004	24	-44	1.18	22.009701	1.991	1.680	-1.219	-1.225
231.470001	134.836502	-341.067963	-348.255463	-56.18248	6.430112	292.722168	24	-44	1.18	22.028181	1.985	1.675	-1.209	-1.217
231.108887	134.25946	-339.35495	-345.108582	-54.577267	6.235262	293.362335	24	-44	1.18	22.060282	1.983	1.666	-1.210	-1.211
248.442062	172.729218	-323.743866	-326.402069	-4.993999	6.624963	308.24649	24	-40	1.18	22.610239	1.788	1.559	-0.979	-1.036
248.737991	172.344513	-327.086945	-330.423126	-8.561142	6.624963	308.886688	24	-40	1.18	22.634222	1.798	1.570	-0.991	-1.047
250.789261	172.344513	-325.282806	-327.276215	-6.420857	6.819815	309.206787	24	-40	1.18	22.638911	1.801	1.562	-0.987	-1.041
249.88649	173.498611	-324.921967	-327.45105	-5.530503	7.014666	309.846954	24	-40	1.18	22.655574	1.793	1.562	-0.984	-1.039
263.720001	208.506104	-298.581818	-295.982178	42.559174	7.211522	321.530212	24	-36	1.18	23.081238	1.655	1.484	-0.821	-0.896
262.705811	207.929047	-294.973602	-292.135986	43.453274	6.819815	321.690277	24	-36	1.18	23.101488	1.655	1.484	-0.826	-0.891
265.775208	211.391327	-296.77771	-293.884247	44.705017	7.014666	322.650543	24	-36	1.18	23.129549	1.654	1.486	-0.817	-0.889
264.330811	210.103546	-299.303467	-298.604584	42.559174	7.211522	322.970642	24	-36	1.18	23.134065	1.650	1.490	-0.821	-0.896
272.275177	243.128876	-266.829346	-262.24057	90.840569	7.599219	335.134033	24	-32	1.18	23.561489	1.517	1.422	-0.687	-0.766
272.384338	242.551834	-268.453033	-264.688141	87.956581	7.211522	335.614166	24	-32	1.18	23.592682	1.526	1.431	-0.699	-0.772
272.636261	244.860016	-264.011871	-259.618134	92.807587	7.404368	335.934296	24	-32	1.18	23.597254	1.513	1.423	-0.686	-0.759
274.261261	244.860016	-267.370575	-262.415405	91.532051	7.406428	336.574463	24	-32	1.18	23.620159	1.520	1.423	-0.688	-0.764
257.830841	254.092758	-209.999557	-214.512772	127.141022	7.209517	322.970642	24	-28	1.18	23.134139	1.378	1.381	-0.577	-0.647
257.402313	252.93866	-205.669678	-209.96727	127.498657	7.014666	321.690277	24	-28	1.18	23.094339	1.381	1.381	-0.579	-0.641
256.860748	254.092758	-206.571732	-210.14209	127.107986	7.014666	320.890045	24	-28	1.18	23.064955	1.381	1.384	-0.578	-0.642
255.66423	252.746307	-206.98674	-210.66658	125.531647	6.819815	319.60968	24	-28	1.18	23.025036	1.384	1.386	-0.580	-0.645
234.900513	252.361618	-147.07428	-160.666046	149.851151	6.430112	299.123932	24	-24	1.18	22.273105	1.258	1.360	-0.491	-0.528
234.358871	250.438126	-145.269669	-159.617081	149.493515	6.430112	298.483765	24	-24	1.18	22.248734	1.257	1.358	-0.493	-0.526
232.192215	249.668732	-144.367386	-158.917786	150.169785	6.430112	297.683533	24	-24	1.18	22.218233	1.248	1.354	-0.489	-0.524
232.192215	249.861084	-145.6306	-159.267441	149.851151	6.430112	296.883331	24	-24	1.18	22.18769	1.250	1.353	-0.486	-0.526
210.525757	248.322296	-89.484344	-113.462753	168.09079	6.430112	282.319214	24	-20	1.18	21.624261	1.113	1.342	-0.424	-0.400
212.331299	248.899338	-88.762695	-112.588615	167.554337	6.430112	281.679047	24	-20	1.18	21.599158	1.123	1.348	-0.425	-0.399
211.60907	249.284042	-88.401878	-113.637573	168.09079	6.235262	281.038879	24	-20	1.18	21.581678	1.115	1.349	-0.420	-0.399
211.789642	248.899338	-88.401878	-112.763443	168.627258	6.235262	280.558716	24	-20	1.18	21.562815	1.115	1.343	-0.416	-0.397
188.498184	241.013046	-30.678068	-86.88903	178.237244	5.650709	264.394196	24	-16	1.18	20.941545	0.925	1.383	-0.363	-0.272
187.956528	240.628342	-36.452766	-90.035927	175.243591	5.84556	263.754028	24	-16	1.18	20.907726	0.941	1.387	-0.371	-0.290
188.087784	240.820694	-35.180336	-89.161789	176.449509	6.040411	264.234161	24	-16	1.18	20.919286	0.936	1.383	-0.368	-0.286
189.581512	241.974792	-31.219446	-86.364555	178.77356	5.84556	264.714264	24	-16	1.18	20.946611	0.929	1.382	-0.362	-0.272
189.40097	264.864288	5.96139	-90.210754	203.854797	6.236991	283.27951	24	-12	1.18	21.669416	0.746	1.444	-0.323	-0.197
189.039841	266.210724	5.600092	-92.833168	205.285355	6.430112	284.079712	24	-12	1.18	21.693145	0.737	1.443	-0.317	-0.201
189.40097	266.787781	6.140436	-91.609367	205.821808	6.430112	284.71991	24	-12	1.18	21.71814	0.737	1.442	-0.317	-0.198
188.859299	266.787781	5.600092	-93.882126	205.285355	6.430112	285.360077	24	-12	1.18	21.743106	0.735	1.446	-0.321	-0.203
180.914932	288.138489	44.258869	-102.798294	229.426071	6.819815	302.644928	24	-8	1.18	22.391929	0.528	1.511	-0.283	-0.140
182.178818	289.484955	43.524872	-103.322784	227.280182	6.624963	303.285095	24	-8	1.18	22.423509	0.539	1.527	-0.296	-0.142
181.276031	288.907898	44.800816	-103.322784	230.141342	6.624963	303.925293	24	-8	1.18	22.447691	0.526	1.512	-0.284	-0.138
182.672592	291.216064	41.357658	-105.595535	229.545242	6.624963	304.405426	24	-8	1.18	22.46581	0.540	1.516	-0.286	-0.148
165.206757	304.872833	79.825699	-110.315865	246.771591	6.819815	317.529114	24	-4	1.18	22.948331	0.326	1.585	-0.270	-0.084
164.080414	307.459229	82.195053	-111.190002	249.210358	6.82171	318.009247	24	-4	1.18	22.965986	0.311	1.588	-0.261	-0.081
166.29007	307.565704	80.749863	-110.84034	247.308044	7.014666	318.48938	24	-4	1.18	22.97658	0.326	1.595	-0.271	-0.084
164.845627	307.565704	81.812309	-110.490692	248.917419	7.014666	319.129547	24	-4	1.18	23.000179	0.315	1.588	-0.267	-0.081
143.50267	322.184235	115.042915	-115.385849	264.227325	7.014666	331.933167	24	0	1.18	23.467196	0.108	1.655	-0.256	-0.027
144.08194	323.338318	116.307129	-114.336891	264.474762	6.82171	332.4133	24	0	1.18	23.491491	0.105	1.661	-0.258	-0.022
144.623611	322.184235	113.808533	-115.735497	263.04422	7.404368	332.893402	24	0	1.18	23.487791	0.117	1.659	-0.265	-0.032
143.901398	322.761292	115.795677	-115.211029	263.759491	7.404368	333.5336	24	0	1.18	23.510879	0.107	1.662	-0.265	-0.027
111.040596	317.952576	143.939102	-110.665512	260.473083	7.014666	327.131805	24	4	1.18	23.293162	-0.126	1.647	-0.256	-0.026
113.026688	316.60611	140.688278	-111.889305	259.825439	7.209517	326.171539	24	4	1.18	23.251099	-0.107	1.653	-0.256	-0.026
113.026688	318.144928	139.965881	-113.113091	259.110168	7.014666	325.371307	24	4	1.18	23.229023	-0.104	1.664	-0.256	-0.027
110.498947	314.10556	144.157486	-108.567589	259.646637	7.014666	324.571106	24	4	1.18	23.199811	-0.130	1.634	-0.251	-0.023
72.022102	290.446686	156.622238	-102.798294	234.014587	6.236991	300.244263	24	8	1.18	22.323024	-0.339	1.577	-0.266	-0.087
73.105133	287.36911	157.484192	-100.875198	234.729706	6.624963	299.444031	24	8	1.18	22.27787	-0.339	1.562	-0.260	-0.082
72.763191	289.10025	157.664795	-100.525551	233.717712	6.430112	299.123932	24	8	1.18	22.273105	-0.343	1.574	-0.264	-0.082
72.943741	286.215027	156.039383	-100.175896	232.644806	6.624963	298.163666	24	8	1.18	22.229111	-0.337	1.569	-0.266	-0.082
37.364849	268.518921	166.694855	-95.105911	212.74054	6.040411	282.15918	24	12	1.18	21.63326	-0.535	1.505	-0.287	-0.144
37.916306	269.480652	166.875458	-96.679352	212.616959	6.430112	281.679047	24	12	1.18	21.599158	-0.533	1.513	-0.285	-0.148
38.638523	268.326569	165.611237	-95.455566	211.72287	6.040411	281.038879	24	12	1.18	21.589329	-0.529	1.515	-0.289	-0.143
38.096859	266.980133	166.694855	-93.532463	211.901688	6.235262	280.238647	24	12	1.18	21.550233	-0.537	1.505	-0.285	-0.142
5.777724	245.821762	174.280106	-81.993881	190.979752	5.650709	263.754028	24	16	1.18	20.915623	-0.736	1.431	-0.318	-0.191
6.13722	246.398804	173.738281	-83.042847	191.466492	5.455858	263.593964	24	16	1.18	20.917031	-0.729	1.433	-0.314	-0.191
6.680493	246.783508	173.9189	-82.693184	191.337387	5.261007	263.754028	24	16	1.18	20.931406	-0.729	1.437	-0.316	-0.189
6.317726	247.168198	173.422546	-83.916985	191.108932	5.26246	264.074097	24	16	1.18	20.944302	-0.727	1.440	-0.317	-0.192
-33.512756	256.208588	198.661255	-93.532463	188.60611	5.84556	281.358978	24	20	1.18	21.609533	-0.921	1.387	-0.368	-0.275
-34.413631	256.593292	199.744858	-93.882126	188.65509	5.84556	282.15918	24	20	1.18	21.640892	-0.926	1.386	-0.370	-0.277
-34.954166	256.785645	201.550873	-92.483505	189.90683	6.040411	282.799347	24	20	1.18	21.658323	-0.932	1.377	-0.366	-0.275
-36.75592	258.901489	201.37027	-95.105911	190.085648	6.235262	283.759644	24	20	1.18	21.688253	-0.930	1.383	-0.366	-0.282
-87.205223	258.709137	225.029022	-118.183075	178.641174	6.430112	299.604095	24	24	1.18	22.291367	-1.110	1.340	-0.430	-0.388
-87.025055	262.556091	226.654419	-118.35791	181.09761	6.82171	300.564331	24	24	1.18	22.312975	-1.105	1.342	-0.421	-0.386
-86.664696	261.979065	226.835037	-119.232048	181.144653	6.624963	301.204529	24	24	1.18	22.34474	-1.104	1.342	-0.423	-0.386
-90.808754	262.556091	228.82164	-121.854446	181.455154	6.236991	301.684662	24	24	1.18	22.37764	-1.111	1.336	-0.418	-0.391
-145.582291	259.286163	246.520554	-159.791916	160.043884	6.624963	315.448547	24	28	1.18	22.878588	-1.254	1.340	-0.497	-0.509
-147.023682	259.86322	246.701172	-162.064667	158.970978	6.430112	315.92865	24	28	1.18	22.903576	-1.256	1.346	-0.501	-0.513
-146.843521	259.478516	248.145966	-159.267441	159.823563	6.624963	316.728882	24	28	1.18	22.925965	-1.262	1.338	-0.501	-0.510
-147.384048	259.670868	250.132584	-158.218475	162.189728	6.624963	317.048981	24	28	1.18	22.937794	-1.262	1.327	-0.492	-0.506
-205.941284	252.361618	265.30307	-211.191071	133.75737	7.014666	329.85257	24	32	1.18	23.39194	-1.377	1.354	-0.573	-0.630
-205.220566	252.361618	265.30307	-212.589691	133.75737	7.209517	330.332703	24	32	1.18	23.402274	-1.373	1.357	-0.574	-0.631
-201.256699	251.592224	266.095245	-207.519699	135.36673	7.404368	330.97287	24	32	1.18	23.418395	-1.376	1.351	-0.576	-0.623
-204.680054	253.900406	266.275909	-211.365906	135.545563	7.209517	331.292999	24	32	1.18	23.437023	-1.371	1.354	-0.570	-0.626
-253.507767	232.549698	274.694336	-258.744019	99.423927	7.211522	336.414429	24	36	1.18	23.621411	-1.486	1.382	-0.667	-0.741
-253.327591	231.780304	272.888306	-259.268494	97.99337	7.016615	335.134033	24	36	1.18	23.582435	-1.485	1.386	-0.669	-0.743
-251.345657	231.587936	271.624115	-259.967804	98.351006	7.209517	334.013733	24	36	1.18	23.535196	-1.477	1.389	-0.666	-0.743
-250.624954	230.241516	270.792114	-258.219543	96.741631	7.404368	332.893402	24	36	1.18	23.487791	-1.485	1.391	-0.672	-0.746
-271.345184	189.27121	250.854965	-270.457428	51.857815	6.624963	307.766357	24	40	1.18	22.592236	-1.618	1.424	-0.793	-0.860
-263.957977	185.231888	248.326569	-269.583313	49.711975	6.624963	306.966156	24	40	1.18	22.5622	-1.619	1.437	-0.813	-0.864
-262.516571	184.847198	247.78476	-266.261597	50.069614	6.819815	306.325989	24	40	1.18	22.530814	-1.623	1.435	-0.815	-0.862
-265.039032	187.732437	248.507156	-269.233612	51.129223	6.624963	305.525726	24	40	1.18	22.508031	-1.614	1.436	-0.799	-0.860
-280.894531	147.146835	227.376846	-280.597412	2.861142	5.650709	289.041107	24	44	1.18	21.916266	-1.792	1.508	-1.009	-1.010
-284.317871	147.531525	229.544037	-281.996002	3.755242	6.235262	288.40094	24	44	1.18	21.868857	-1.791	1.497	-0.992	-1.009
-283.236816	147.916229	229.002243	-283.569458	3.218782	6.040411	287.600708	24	44	1.18	21.845385	-1.787	1.505	-0.992	-1.010
-283.056641	147.339172	227.91864	-281.646362	5.722262	6.040411	286.960541	24	44	1.18	21.820537	-1.774	1.489	-0.976	-1.001
188.317642	130.220139	-328.349823	-338.465149	-65.473999	5.455858	264.074097	28	-44	1.18	20.936475	1.928	1.749	-1.230	-1.265
187.775986	130.027786	-325.282806	-334.618958	-63.868366	5.455858	263.273895	28	-44	1.18	20.904059	1.928	1.746	-1.229	-1.261
187.546265	130.79718	-324.561157	-334.269287	-62.781693	5.26246	262.633728	28	-44	1.18	20.88594	1.921	1.744	-1.220	-1.255
187.234314	130.412476	-323.478699	-334.269287	-62.603336	5.650709	262.153564	28	-44	1.18	20.850674	1.918	1.745	-1.220	-1.256
192.600449	155.033127	-291.726166	-301.401794	-21.581209	5.652272	262.473663	28	-40	1.18	20.863616	1.761	1.660	-1.033	-1.099
192.289825	155.802521	-291.622131	-301.22699	-20.867779	5.84556	263.113831	28	-40	1.18	20.881761	1.756	1.659	-1.031	-1.097
192.470367	156.57193	-293.530304	-304.0242	-22.294634	5.650709	264.074097	28	-40	1.18	20.928587	1.758	1.666	-1.036	-1.101
192.109268	155.994873	-293.530304	-302.975281	-22.116278	5.457366	264.714264	28	-40	1.18	20.962311	1.759	1.662	-1.039	-1.100
208.720215	191.771759	-280.253204	-286.891174	18.23966	6.235262	281.839081	28	-36	1.18	21.613078	1.620	1.586	-0.873	-0.960
210.164658	191.579391	-279.277771	-284.618408	19.491398	6.235262	282.959412	28	-36	1.18	21.656962	1.624	1.580	-0.874	-0.956
209.081329	190.809998	-279.097321	-285.842194	18.060839	6.235262	283.599609	28	-36	1.18	21.681999	1.624	1.586	-0.884	-0.961
211.192612	193.502884	-281.442688	-287.76532	18.060839	6.235262	284.239777	28	-36	1.18	21.707006	1.628	1.590	-0.879	-0.961
221.481491	224.663406	-261.056152	-262.415405	57.386299	6.624963	297.363464	28	-32	1.18	22.198584	1.512	1.526	-0.752	-0.841
221.662003	223.31694	-261.958191	-263.988831	55.076576	6.624963	297.843597	28	-32	1.18	22.216906	1.521	1.532	-0.763	-0.848
220.275665	223.31694	-258.891205	-260.492279	58.458942	6.624963	298.643799	28	-32	1.18	22.247408	1.506	1.521	-0.755	-0.837
220.997879	225.240433	-259.612854	-261.366425	59.547073	6.819815	299.123932	28	-32	1.18	22.258272	1.502	1.520	-0.749	-0.835
228.400558	253.515701	-233.633514	-236.36615	94.238144	6.626803	311.447418	28	-28	1.18	22.729829	1.403	1.488	-0.660	-0.734
227.497818	252.93866	-228.942795	-232.694794	95.489883	7.014666	311.607452	28	-28	1.18	22.721332	1.399	1.488	-0.662	-0.729
226.775604	254.285095	-229.844864	-233.219269	97.456902	6.819815	312.567719	28	-28	1.18	22.764375	1.388	1.482	-0.654	-0.724
227.136703	253.900406	-229.544159	-233.394089	96.383987	6.624963	312.727753	28	-28	1.18	22.777583	1.393	1.486	-0.660	-0.726
230.206116	280.636871	-190.51506	-208.044159	131.756104	7.014666	324.891174	28	-24	1.18	23.2115	1.271	1.476	-0.583	-0.623
230.687332	283.329773	-193.040833	-209.96727	132.113663	7.014666	325.371307	28	-24	1.18	23.229023	1.270	1.479	-0.579	-0.625
229.965302	281.598633	-189.121262	-206.470734	133.543854	7.016615	325.85144	28	-24	1.18	23.246463	1.265	1.473	-0.580	-0.618
230.928329	280.907684	-192.138779	-210.14209	131.611511	7.016615	326.171539	28	-24	1.18	23.258129	1.271	1.476	-0.585	-0.626
227.979736	303.334045	-142.164658	-182.169769	164.47168	6.82171	336.414429	28	-20	1.18	23.635391	1.133	1.486	-0.526	-0.517
228.761703	305.44989	-139.49498	-181.994949	167.554337	7.599219	336.894531	28	-20	1.18	23.624726	1.122	1.485	-0.516	-0.513
229.483902	306.411621	-146.855362	-186.190796	163.6203	7.404368	337.534729	28	-20	1.18	23.654661	1.140	1.492	-0.527	-0.527
228.220032	304.765594	-146.133713	-185.31665	164.11412	7.211522	337.694763	28	-20	1.18	23.6673	1.135	1.486	-0.526	-0.524
203.664703	302.179962	-82.108955	-158.218475	180.429367	7.014666	323.610809	28	-16	1.18	23.164706	0.951	1.532	-0.476	-0.423
206.011902	299.679413	-79.561684	-153.498138	180.787018	7.014666	322.650543	28	-16	1.18	23.129549	0.961	1.524	-0.477	-0.416
204.928589	301.795258	-83.913551	-157.16951	178.99881	7.209517	321.690277	28	-16	1.18	23.087188	0.964	1.532	-0.476	-0.426
201.498062	302.179962	-84.094002	-159.617081	178.416016	7.014666	320.569977	28	-16	1.18	23.053192	0.951	1.538	-0.473	-0.429
175.317764	288.138489	-31.572098	-139.511978	184.005768	6.819815	300.244263	28	-12	1.18	22.300887	0.768	1.587	-0.431	-0.343
173.873322	287.561462	-30.31715	-139.861633	183.111679	6.624963	299.283997	28	-12	1.18	22.271781	0.761	1.594	-0.433	-0.342
174.95665	286.215027	-32.121742	-138.463013	182.575211	6.624963	298.32373	28	-12	1.18	22.235213	0.773	1.585	-0.432	-0.343
173.512222	284.676208	-30.678068	-138.288193	180.250549	6.43194	297.523499	28	-12	1.18	22.212058	0.771	1.598	-0.443	-0.343
146.790268	275.251129	9.391257	-129.372009	182.038757	6.430112	282.15918	28	-8	1.18	21.617988	0.568	1.672	-0.414	-0.274
146.248596	273.904694	8.851766	-129.721664	180.787018	5.847179	281.519012	28	-8	1.18	21.615745	0.570	1.673	-0.418	-0.275
146.429153	273.904694	7.948523	-129.372009	180.965836	6.040411	280.878845	28	-8	1.18	21.583046	0.573	1.669	-0.413	-0.276
145.70694	272.942963	6.864633	-129.372009	178.462341	6.042085	280.398682	28	-8	1.18	21.564118	0.579	1.678	-0.425	-0.281
118.623856	264.287231	41.538261	-123.777542	180.071732	5.650709	267.915192	28	-4	1.18	21.08355	0.349	1.754	-0.397	-0.211
118.80442	262.748444	41.357658	-121.854446	178.462341	6.040411	267.435059	28	-4	1.18	21.048558	0.354	1.759	-0.407	-0.212
119.526627	263.3255	42.994331	-120.630661	180.024963	5.84556	267.11496	28	-4	1.18	21.043515	0.350	1.754	-0.398	-0.204
118.443314	261.979065	40.635254	-122.378937	177.74707	5.84556	266.634827	28	-4	1.18	21.02417	0.356	1.758	-0.407	-0.214
96.415749	271.404175	72.601654	-125.700645	187.403351	6.235262	275.757385	28	0	1.18	21.373281	0.111	1.856	-0.413	-0.153
98.917564	272.365875	73.504662	-123.253059	188.297455	6.430112	276.717651	28	0	1.18	21.403609	0.119	1.856	-0.415	-0.147
98.943497	273.712341	72.440033	-125.35099	187.403351	5.847179	277.357849	28	0	1.18	21.451983	0.124	1.866	-0.421	-0.151
98.401833	273.135284	71.717438	-125.875465	186.68808	6.235262	277.998016	28	0	1.18	21.461939	0.125	1.867	-0.427	-0.156
75.451721	290.83139	102.039635	-137.414047	197.366013	6.624963	294.802734	28	4	1.18	22.100608	-0.116	1.875	-0.427	-0.165
74.729698	291.297424	104.234169	-138.987503	201.477798	6.624963	295.602966	28	4	1.18	22.131272	-0.126	1.842	-0.403	-0.166
74.207626	291.985474	104.05352	-138.288193	199.741928	6.236991	296.243134	28	4	1.18	22.170607	-0.129	1.856	-0.416	-0.165
75.290947	293.716614	105.651665	-138.637848	199.920746	6.430112	296.883331	28	4	1.18	22.18769	-0.131	1.867	-0.419	-0.165
41.155483	307.18103	138.701675	-151.050568	208.807526	6.819815	312.087585	28	8	1.18	22.746494	-0.370	1.737	-0.392	-0.234
40.805164	307.18103	136.715057	-152.099533	204.927704	6.624963	312.887787	28	8	1.18	22.783536	-0.368	1.763	-0.414	-0.239
45.138454	307.758057	139.785278	-148.253326	208.146469	6.819815	313.527985	28	8	1.18	22.800095	-0.364	1.756	-0.406	-0.225
42.610703	308.527466	138.882278	-150.001602	208.504105	7.014666	314.168152	28	8	1.18	22.816641	-0.367	1.749	-0.403	-0.232
5.956713	314.682648	167.461151	-157.34433	206.715912	7.016615	325.85144	28	12	1.18	23.246463	-0.572	1.671	-0.422	-0.293
3.790635	317.375488	166.875458	-160.316391	207.610016	7.209517	326.331573	28	12	1.18	23.256932	-0.570	1.671	-0.415	-0.299
3.611079	319.106628	167.236649	-163.288452	207.788834	7.209517	326.651672	28	12	1.18	23.268593	-0.569	1.677	-0.413	-0.303
3.068609	318.144928	169.76506	-160.141571	209.522614	7.404368	327.131805	28	12	1.18	23.27898	-0.579	1.660	-0.408	-0.298
-43.602612	325.26181	197.035843	-167.134659	204.212433	7.209517	337.534729	28	16	1.18	23.661641	-0.777	1.591	-0.431	-0.364
-42.161205	321.991882	196.132828	-166.610168	202.78186	7.014666	337.854797	28	16	1.18	23.680075	-0.776	1.591	-0.440	-0.363
-44.86385	324.107727	196.132828	-169.931885	204.391251	7.209517	338.494995	28	16	1.18	23.696009	-0.773	1.585	-0.430	-0.368
-38.557686	324.492432	195.100357	-169.40741	205.285355	7.209517	338.815094	28	16	1.18	23.707454	-0.756	1.597	-0.432	-0.360
-88.646637	299.679413	205.524094	-159.617081	179.177643	7.209517	321.530212	28	20	1.18	23.081312	-0.970	1.514	-0.469	-0.433
-87.025055	299.871765	206.246506	-159.791916	182.038757	7.209517	320.249878	28	20	1.18	23.034255	-0.960	1.505	-0.452	-0.428
-82.340469	295.447754	202.634476	-156.4702	178.462341	7.016615	318.969513	28	20	1.18	22.994211	-0.957	1.517	-0.472	-0.424
-82.880997	295.255402	201.189667	-156.64502	177.210617	7.209517	317.849213	28	20	1.18	22.945762	-0.957	1.522	-0.474	-0.428
-123.780975	264.287231	202.092667	-158.568115	148.957062	6.819815	296.723267	28	24	1.18	22.166681	-1.123	1.457	-0.509	-0.510
-129.006088	265.441345	200.106049	-160.666046	145.559479	6.624963	295.602966	28	24	1.18	22.131272	-1.133	1.467	-0.517	-0.522
-121.438683	261.786713	201.550873	-157.16951	147.88414	6.819815	295.122833	28	24	1.18	22.10541	-1.125	1.459	-0.513	-0.509
-124.681862	264.09491	202.634476	-157.519165	148.241791	6.430112	294.6427	28	24	1.18	22.101944	-1.131	1.457	-0.506	-0.510
-158.554962	236.58902	198.661255	-175.176682	115.696533	6.235262	280.078583	28	28	1.18	21.543937	-1.264	1.457	-0.582	-0.613
-160.35672	237.358414	198.661255	-176.575317	116.054184	5.84556	279.59848	28	28	1.18	21.540381	-1.262	1.455	-0.575	-0.613
-159.09549	235.242584	198.841858	-176.750137	114.981262	6.235262	279.118347	28	28	1.18	21.506132	-1.265	1.456	-0.580	-0.616
-160.897247	236.396667	198.661255	-176.050827	114.802444	6.430112	278.638214	28	28	1.18	21.479517	-1.269	1.456	-0.578	-0.617
-184.860672	207.159653	191.979004	-195.806274	84.224228	5.650709	262.793762	28	32	1.18	20.876679	-1.373	1.468	-0.650	-0.714
-185.221024	206.967316	192.701401	-194.582504	84.224228	5.650709	262.793762	28	32	1.18	20.876679	-1.379	1.465	-0.651	-0.713
-186.121902	207.352005	191.617813	-195.456619	83.330124	5.84556	262.953796	28	32	1.18	20.875265	-1.378	1.469	-0.655	-0.717
-184.860672	207.929047	192.701401	-195.806274	84.738655	5.650709	263.433929	28	32	1.18	20.902649	-1.373	1.468	-0.650	-0.712
-233.147873	205.043808	207.691299	-246.331299	59.189434	6.040411	282.799347	28	36	1.18	21.658323	-1.475	1.510	-0.748	-0.822
-233.508224	206.582596	207.203827	-243.708893	60.441174	6.235262	283.599609	28	36	1.18	21.681999	-1.474	1.506	-0.746	-0.819
-236.210861	205.813202	208.774918	-245.981659	58.995262	6.235262	284.239777	28	36	1.18	21.707006	-1.483	1.506	-0.751	-0.824
-234.949615	206.197906	209.497314	-245.981659	60.977634	6.235262	285.039978	28	36	1.18	21.738224	-1.474	1.500	-0.743	-0.818
-280.894531	194.079941	220.152786	-291.261841	27.538298	6.624963	302.004761	28	40	1.18	22.375069	-1.598	1.548	-0.875	-0.933
-286.299805	195.041687	220.875198	-293.359772	27.180656	6.430112	302.32486	28	40	1.18	22.394564	-1.600	1.541	-0.868	-0.935
-287.380859	197.982193	221.416992	-296.331818	30.033943	6.430112	303.125061	28	40	1.18	22.424825	-1.581	1.536	-0.848	-0.927
-284.317871	194.656982	222.320007	-296.681458	26.107738	6.624963	303.925293	28	40	1.18	22.447691	-1.600	1.552	-0.877	-0.938
-335.487885	176.383835	227.376846	-339.688934	-12.306642	7.209517	317.529114	28	44	1.18	22.933936	-1.730	1.587	-1.014	-1.060
-334.767181	178.307343	227.376846	-339.86377	-12.484998	7.014666	318.009247	28	44	1.18	22.958864	-1.731	1.595	-1.017	-1.060
-334.767181	178.11499	227.79776	-341.96167	-14.268569	6.819815	318.48938	28	44	1.18	22.983766	-1.736	1.605	-1.027	-1.065
-334.226654	180.423172	227.738022	-341.087555	-11.593212	6.431898	319.129547	28	44	1.18	23.021643	-1.723	1.599	-1.014	-1.055
208.900772	175.999146	-451.571198	-458.746094	-107.398758	7.211522	336.734497	32	-44	1.18	23.632891	1.899	1.825	-1.277	-1.330
208.720215	176.383835	-455.901093	-461.71817	-110.40303	7.211522	337.21463	32	-44	1.18	23.650102	1.908	1.831	-1.285	-1.338
211.012115	177.730286	-451.210388	-457.347504	-104.901115	7.209517	337.534729	32	-44	1.18	23.661641	1.895	1.818	-1.266	-1.321
207.275787	175.614441	-448.441193	-454.550262	-105.409035	7.209517	338.174927	32	-44	1.18	23.684559	1.895	1.821	-1.282	-1.325
206.192474	196.580475	-389.689911	-396.682556	-53.150406	6.626803	322.330475	32	-40	1.18	23.132033	1.752	1.745	-1.104	-1.176
208.30452	198.696304	-387.524933	-394.40979	-50.296696	6.819815	321.05011	32	-40	1.18	23.077992	1.749	1.741	-1.090	-1.168
205.289688	197.349869	-390.05072	-397.731506	-52.793694	6.624963	319.929779	32	-40	1.18	23.043982	1.745	1.745	-1.093	-1.174
206.553574	196.19577	-381.93219	-389.864288	-50.131317	6.819815	318.969513	32	-40	1.18	23.001462	1.753	1.745	-1.099	-1.170
194.998138	209.660187	-325.368011	-328.5	-9.987997	6.430112	298.643799	32	-36	1.18	22.254829	1.642	1.698	-0.974	-1.052
195.720337	208.698441	-322.21582	-325.527924	-8.382785	6.624963	298.003632	32	-36	1.18	22.223009	1.642	1.693	-0.971	-1.048
195.359238	208.313736	-321.494171	-324.653809	-7.490999	6.624963	297.363464	32	-36	1.18	22.198584	1.638	1.689	-0.966	-1.045
194.998138	208.121399	-322.0354	-325.353119	-8.204429	6.624963	296.723267	32	-36	1.18	22.17413	1.639	1.691	-0.967	-1.047
185.609329	217.738831	-276.210754	-269.233612	27.717119	6.430112	282.319214	32	-32	1.18	21.624261	1.537	1.621	-0.847	-0.929
184.838669	215.430649	-274.045807	-268.534332	26.107738	6.430112	281.839081	32	-32	1.18	21.605436	1.543	1.627	-0.860	-0.934
184.164902	215.238297	-274.947876	-269.233612	25.750097	6.235262	281.198914	32	-32	1.18	21.587962	1.541	1.627	-0.858	-0.934
181.99826	213.507172	-271.700439	-266.086761	27.538298	6.235262	280.718781	32	-32	1.18	21.569105	1.531	1.618	-0.854	-0.928
170.262253	218.700577	-218.536148	-219.058273	55.076576	6.040411	264.874359	32	-28	1.18	20.945205	1.420	1.598	-0.766	-0.821
170.44281	219.469971	-224.130386	-222.554825	51.500172	5.84556	264.234161	32	-28	1.18	20.927178	1.436	1.608	-0.774	-0.834
170.081696	219.085297	-221.545914	-221.156189	52.930733	5.84556	264.074097	32	-28	1.18	20.920696	1.428	1.605	-0.770	-0.828
171.481201	218.700577	-222.989197	-220.806549	53.288376	5.650709	264.234161	32	-28	1.18	20.935068	1.433	1.597	-0.767	-0.827
174.95665	246.975845	-194.123306	-208.219009	82.25721	6.040411	282.319214	32	-24	1.18	21.639528	1.302	1.606	-0.706	-0.731
176.22052	249.09169	-195.256882	-209.442795	82.078384	6.040411	283.119476	32	-24	1.18	21.670845	1.306	1.612	-0.707	-0.733
176.039978	250.630478	-198.324692	-212.764496	83.508949	6.235262	284.079712	32	-24	1.18	21.700756	1.295	1.603	-0.694	-0.733
176.762192	249.668732	-198.685608	-212.065201	81.720749	5.84556	284.71991	32	-24	1.18	21.740938	1.308	1.608	-0.707	-0.736
176.942749	276.597565	-159.165039	-200.876251	110.868401	6.819815	301.844727	32	-20	1.18	22.361624	1.155	1.641	-0.657	-0.642
180.192719	279.482819	-160.608719	-200.176956	112.120148	6.624963	302.484894	32	-20	1.18	22.393247	1.165	1.640	-0.651	-0.639
179.964996	279.098083	-164.174911	-203.323853	110.839607	6.624963	303.285095	32	-20	1.18	22.423509	1.168	1.638	-0.653	-0.646
180.553818	279.290466	-163.496048	-202.624527	111.226036	6.624963	303.925293	32	-20	1.18	22.447691	1.169	1.638	-0.655	-0.645
173.151123	302.372314	-121.990433	-196.85524	136.082016	7.014666	317.369049	32	-16	1.18	22.935221	0.999	1.689	-0.613	-0.563
172.428894	302.179962	-122.860565	-198.778336	134.293823	6.819815	317.849213	32	-16	1.18	22.960149	1.001	1.698	-0.622	-0.568
173.331665	302.949341	-121.629524	-197.729385	136.260834	7.209517	318.329346	32	-16	1.18	22.963488	0.997	1.692	-0.615	-0.564
172.970566	302.756989	-122.138924	-197.90419	135.187912	6.819815	318.969513	32	-16	1.18	23.001462	1.000	1.696	-0.623	-0.565
162.678986	322.184235	-81.726631	-198.953171	156.646317	6.819815	331.613068	32	-12	1.18	23.462673	0.823	1.755	-0.589	-0.496
162.859543	322.761292	-79.742096	-198.778336	157.540421	7.014666	332.093201	32	-12	1.18	23.472975	0.817	1.757	-0.588	-0.493
163.581772	322.184235	-81.206657	-200.526611	157.540421	7.209517	332.733368	32	-12	1.18	23.489048	0.820	1.752	-0.587	-0.496
163.762314	323.723022	-80.82457	-200.002121	157.678284	7.014666	332.893402	32	-12	1.18	23.501847	0.821	1.757	-0.588	-0.495
138.845886	328.623505	-39.690636	-206.470734	164.87204	6.82171	331.292999	32	-8	1.18	23.451041	0.620	1.858	-0.578	-0.451
138.30423	325.26181	-37.174599	-202.799362	165.050858	7.014666	330.332703	32	-8	1.18	23.409328	0.616	1.853	-0.580	-0.446
136.137589	323.723022	-31.93292	-201.925232	167.332062	6.626803	329.052368	32	-8	1.18	23.376998	0.591	1.849	-0.569	-0.435
135.776474	324.107727	-33.204498	-200.876251	164.693222	7.014666	327.932037	32	-8	1.18	23.322258	0.600	1.863	-0.579	-0.440
102.374016	301.602905	10.836066	-180.771164	157.18277	6.430112	304.405426	32	-4	1.18	22.47316	0.378	1.992	-0.608	-0.377
101.832352	300.448822	13.364482	-179.372543	157.719238	6.235262	303.605194	32	-4	1.18	22.450319	0.368	1.993	-0.606	-0.371
98.58239	300.833527	14.271221	-180.421509	158.255707	6.430112	302.965027	32	-4	1.18	22.418777	0.349	1.994	-0.600	-0.371
100.749031	300.641174	13.725685	-180.596329	159.328613	6.430112	302.004761	32	-4	1.18	22.382448	0.358	1.982	-0.588	-0.370
72.040977	284.483887	45.15028	-167.309479	153.964005	6.430112	286.960541	32	0	1.18	21.805396	0.125	2.101	-0.618	-0.314
70.235443	286.215027	44.066677	-168.358444	152.175827	6.430112	286.320343	32	0	1.18	21.780501	0.122	2.121	-0.626	-0.320
69.693779	284.291534	44.969681	-166.085693	151.639359	6.237033	285.84021	32	0	1.18	21.769329	0.117	2.122	-0.632	-0.315
70.957649	283.906799	42.994331	-166.610168	151.281723	5.847179	285.200012	32	0	1.18	21.759582	0.131	2.114	-0.628	-0.317
40.794472	269.673004	68.086632	-159.791916	144.091492	5.84556	270.155823	32	4	1.18	21.165621	-0.134	2.109	-0.619	-0.321
39.902397	269.480652	69.892639	-157.693985	144.665375	6.235262	269.515656	32	4	1.18	21.124345	-0.147	2.099	-0.613	-0.320
40.252953	267.941864	69.531433	-157.693985	144.627808	6.042085	268.715393	32	4	1.18	21.099976	-0.144	2.093	-0.610	-0.318
38.999626	267.172485	68.989632	-156.99469	143.950104	6.040411	267.915192	32	4	1.18	21.06788	-0.148	2.090	-0.611	-0.320
9.208246	253.515701	87.61451	-153.148483	132.147964	5.455858	255.431671	32	8	1.18	20.583679	-0.384	1.992	-0.604	-0.379
10.472123	252.746307	88.313957	-150.700897	133.220901	5.652315	254.951538	32	8	1.18	20.555804	-0.383	1.984	-0.599	-0.373
10.108363	254.163727	89.42099	-152.099533	135.36673	5.455858	254.791504	32	8	1.18	20.557305	-0.384	1.969	-0.579	-0.370
10.291569	253.323364	87.049751	-152.973663	132.863266	5.650709	254.951538	32	8	1.18	20.55587	-0.376	1.990	-0.598	-0.377
-24.684122	269.865356	116.307129	-165.386383	136.439667	6.040411	273.996918	32	12	1.18	21.311114	-0.609	1.880	-0.594	-0.437
-23.422892	270.634766	116.84893	-163.987762	137.512573	6.235262	274.797119	32	12	1.18	21.335173	-0.607	1.880	-0.594	-0.432
-24.684122	269.555908	117.24086	-165.036728	137.154938	6.235262	275.757385	32	12	1.18	21.373281	-0.612	1.873	-0.597	-0.436
-24.684122	272.558228	117.932541	-165.910858	139.300781	6.235262	276.397583	32	12	1.18	21.39865	-0.608	1.869	-0.584	-0.433
-69.728149	282.368011	143.21669	-183.0439	135.867905	6.624963	291.441772	32	16	1.18	21.971353	-0.812	1.775	-0.593	-0.507
-71.890259	283.714478	143.577911	-184.442535	136.046677	6.82171	292.08197	32	16	1.18	21.988451	-0.816	1.772	-0.591	-0.511
-69.367798	283.408905	139.785278	-186.890106	133.186295	6.624963	292.402069	32	16	1.18	22.008361	-0.800	1.800	-0.609	-0.516
-68.286743	281.790985	144.661514	-181.470474	137.333755	6.430112	292.882202	32	16	1.18	22.034337	-0.812	1.767	-0.593	-0.501
-118.555862	288.138489	167.959045	-196.330765	129.823334	7.209517	305.685791	32	20	1.18	22.492043	-0.997	1.686	-0.612	-0.573
-118.015335	287.753815	167.236649	-198.42868	128.571579	7.014666	306.165924	32	20	1.18	22.51746	-0.995	1.695	-0.619	-0.576
-119.09639	290.83139	165.611237	-199.477661	129.074509	6.819815	306.806091	32	20	1.18	22.548865	-0.987	1.700	-0.616	-0.576
-121.97921	290.061981	166.875458	-200.701447	128.213943	7.209517	307.286224	32	20	1.18	22.552264	-0.998	1.695	-0.618	-0.582
-172.428528	289.677277	186.922165	-218.883453	116.739128	6.819815	319.60968	32	24	1.18	23.025036	-1.150	1.628	-0.649	-0.648
-173.329391	291.408417	189.089386	-222.030334	118.02121	7.014666	320.089844	32	24	1.18	23.035535	-1.148	1.626	-0.640	-0.648
-174.05011	291.408417	189.270004	-220.631729	118.526863	6.819815	320.569977	32	24	1.18	23.060354	-1.150	1.621	-0.640	-0.646
-171.167282	292.370178	189.089386	-223.60379	118.705635	7.014666	321.05011	32	24	1.18	23.070835	-1.140	1.632	-0.640	-0.647
-228.283112	285.445587	202.145676	-256.471283	93.344048	7.014666	330.97287	32	28	1.18	23.432492	-1.282	1.614	-0.708	-0.743
-227.562408	288.715515	204.079285	-256.471283	96.383987	7.014666	331.773102	32	28	1.18	23.461415	-1.276	1.611	-0.696	-0.736
-225.400299	285.830322	205.578003	-254.722992	97.814552	7.211564	332.093201	32	28	1.18	23.465865	-1.276	1.600	-0.693	-0.732
-221.616592	284.755737	205.704697	-251.925751	97.456902	7.209517	332.573334	32	28	1.18	23.483273	-1.279	1.606	-0.703	-0.730
-270.444305	272.942963	213.470535	-290.038055	69.918633	7.404368	337.694763	32	32	1.18	23.660394	-1.382	1.608	-0.765	-0.821
-267.381317	271.596497	210.761536	-289.863251	66.699875	7.209517	336.254364	32	32	1.18	23.61574	-1.385	1.626	-0.781	-0.828
-269.723602	271.596497	212.623276	-286.716339	70.276268	6.819815	334.973999	32	32	1.18	23.583755	-1.384	1.602	-0.760	-0.818
-268.282196	270.057709	211.358749	-286.716339	69.382172	7.209517	333.373535	32	32	1.18	23.512133	-1.383	1.605	-0.761	-0.821
-285.398926	232.807053	201.009064	-297.555603	35.227554	6.819815	310.327087	32	36	1.18	22.680809	-1.489	1.623	-0.842	-0.913
-285.939484	232.165009	199.744858	-294.933228	35.764015	6.626803	309.366821	32	36	1.18	22.652123	-1.489	1.616	-0.839	-0.911
-282.155762	228.318008	197.448822	-292.135986	33.796997	6.624963	308.24649	32	36	1.18	22.610239	-1.494	1.622	-0.855	-0.915
-280.714355	230.62619	198.352051	-293.709442	35.40638	6.624963	307.12619	32	36	1.18	22.56821	-1.485	1.625	-0.842	-0.911
-290.804199	193.887573	183.538879	-298.604584	1.430583	6.235262	287.920807	32	40	1.18	21.850243	-1.602	1.663	-0.967	-1.016
-291.344757	193.118179	183.129547	-296.157013	2.861142	6.430112	286.960541	32	40	1.18	21.805396	-1.600	1.650	-0.958	-1.012
-288.281769	193.887573	182.768341	-296.331818	2.682323	6.235262	286.320343	32	40	1.18	21.788081	-1.597	1.662	-0.962	-1.012
-288.281769	191.579391	182.768341	-297.905273	1.251395	6.040411	285.680176	32	40	1.18	21.770754	-1.600	1.663	-0.966	-1.016
-299.272491	160.803589	169.223267	-305.597656	-31.034136	5.847221	271.116089	32	44	1.18	21.203967	-1.726	1.718	-1.113	-1.136
-301.794952	160.611252	168.906357	-305.947327	-31.034136	6.235262	270.635956	32	44	1.18	21.169241	-1.725	1.710	-1.106	-1.137
-298.731964	162.195328	167.280487	-303.150085	-28.893845	5.84556	269.995789	32	44	1.18	21.159212	-1.713	1.711	-1.099	-1.128
-297.831085	158.880112	168.139664	-306.996277	-32.282631	6.040411	269.515656	32	44	1.18	21.132161	-1.725	1.725	-1.117	-1.142
145.70694	150.6091	-374.354858	-377.276764	-105.944099	6.235262	277.837952	36	-44	1.18	21.455618	1.927	1.956	-1.422	-1.416
146.068039	152.532593	-376.158997	-379.899139	-108.619461	6.235262	278.318085	36	-44	1.18	21.474574	1.938	1.976	-1.436	-1.426
147.512466	153.302002	-380.669281	-383.046051	-107.577164	6.235262	278.958282	36	-44	1.18	21.499824	1.926	1.955	-1.409	-1.415
147.512466	153.686691	-378.242554	-381.6474	-107.370964	6.235262	279.59848	36	-44	1.18	21.525043	1.929	1.964	-1.420	-1.417
160.151245	187.54007	-379.225983	-382.521545	-78.120399	6.626846	294.802734	36	-40	1.18	22.100537	1.782	1.883	-1.232	-1.280
158.88736	186.630447	-378.143524	-381.472595	-77.763687	6.624963	295.442902	36	-40	1.18	22.125142	1.778	1.881	-1.236	-1.279
159.790131	188.501831	-378.684753	-382.871216	-77.228615	6.430112	295.923035	36	-40	1.18	22.150981	1.774	1.882	-1.229	-1.276
159.067917	188.501831	-382.934479	-386.367737	-81.152473	6.430112	296.403168	36	-40	1.18	22.169343	1.786	1.894	-1.244	-1.289
172.067795	221.393448	-364.97345	-363.290588	-43.697487	6.819815	310.80722	36	-36	1.18	22.698742	1.676	1.825	-1.106	-1.158
172.970566	222.355194	-364.79303	-363.290588	-42.984055	6.819815	311.287354	36	-36	1.18	22.71666	1.675	1.824	-1.103	-1.155
172.022705	221.393448	-368.942505	-366.612305	-46.741653	6.819815	311.767487	36	-36	1.18	22.734565	1.685	1.832	-1.117	-1.167
172.248337	221.585831	-366.597137	-365.912994	-43.875843	6.819815	312.24762	36	-36	1.18	22.752455	1.671	1.822	-1.105	-1.157
177.664963	251.20752	-349.458008	-341.786865	-10.523069	7.014666	322.970642	36	-32	1.18	23.141274	1.573	1.770	-0.995	-1.052
177.123306	251.015167	-350.451843	-343.360291	-12.128282	7.014666	323.29071	36	-32	1.18	23.152993	1.576	1.775	-1.002	-1.057
178.387177	251.784592	-352.43689	-347.031677	-13.376783	7.014666	323.930908	36	-32	1.18	23.176414	1.578	1.780	-1.003	-1.061
177.845505	252.93866	-352.164185	-345.633057	-11.59621	6.819815	323.930908	36	-32	1.18	23.183538	1.571	1.775	-0.995	-1.055
184.477661	281.983337	-318.968384	-319.758667	25.034819	7.599219	336.414429	36	-28	1.18	23.607497	1.462	1.747	-0.904	-0.949
183.62323	282.945099	-324.019928	-325.353119	19.670219	7.404368	337.21463	36	-28	1.18	23.643191	1.474	1.766	-0.922	-0.964
182.311584	282.175659	-324.561157	-326.576904	19.670219	7.014666	337.694763	36	-28	1.18	23.674347	1.468	1.763	-0.921	-0.963
181.589539	283.986115	-322.75705	-324.828644	19.665073	7.016615	338.014832	36	-28	1.18	23.685733	1.468	1.773	-0.927	-0.963
168.276154	283.906799	-262.026794	-280.597412	46.493214	6.819815	322.17041	36	-24	1.18	23.119094	1.354	1.776	-0.867	-0.875
170.262253	284.291534	-260.402679	-276.226715	48.639053	7.014666	320.730011	36	-24	1.18	23.059074	1.359	1.768	-0.858	-0.869
166.788025	286.022675	-263.221069	-281.471527	43.095638	7.014666	319.449646	36	-24	1.18	23.011971	1.363	1.799	-0.876	-0.886
165.92897	282.368011	-257.267487	-276.576385	47.387314	6.624963	318.48938	36	-24	1.18	22.990949	1.346	1.778	-0.863	-0.870
145.887482	277.174622	-200.437729	-237.764771	62.944656	6.819815	298.003632	36	-20	1.18	22.215577	1.228	1.826	-0.833	-0.801
144.08194	276.290009	-196.829483	-235.142365	63.838749	6.624963	297.523499	36	-20	1.18	22.204692	1.218	1.828	-0.835	-0.796
145.70694	276.674835	-200.076904	-237.764771	63.838749	6.430112	296.883331	36	-20	1.18	22.18769	1.223	1.819	-0.824	-0.797
145.307739	272.942963	-197.911957	-234.268219	62.39196	6.430112	296.403168	36	-20	1.18	22.169343	1.232	1.821	-0.840	-0.799
124.582138	271.864746	-148.29866	-212.065201	74.369789	6.040411	282.15918	36	-16	1.18	21.63326	1.072	1.901	-0.816	-0.732
125.665466	267.749512	-141.119125	-206.820374	76.892609	6.43194	281.679047	36	-16	1.18	21.599086	1.063	1.892	-0.816	-0.719
124.943245	269.480652	-144.367386	-209.792435	75.640869	6.43194	281.198914	36	-16	1.18	21.580239	1.066	1.896	-0.813	-0.726
125.271515	269.2883	-145.089218	-208.918304	74.906113	6.235262	280.718781	36	-16	1.18	21.569105	1.073	1.898	-0.817	-0.727
100.568481	257.170349	-96.365234	-189.162857	81.184296	6.040411	263.273895	36	-12	1.18	20.880349	0.879	1.993	-0.813	-0.664
100.929588	258.13208	-94.535881	-189.512512	83.866592	6.040411	263.433929	36	-12	1.18	20.886843	0.865	1.982	-0.795	-0.655
101.471252	258.324432	-96.365234	-189.687332	82.078384	5.652315	263.593964	36	-12	1.18	20.909071	0.879	1.990	-0.806	-0.660
100.54213	258.709137	-97.242065	-190.561478	81.699509	6.040411	264.234161	36	-12	1.18	20.919286	0.877	1.991	-0.809	-0.665
87.207497	277.366943	-62.799812	-200.526611	94.238144	6.237033	280.558716	36	-8	1.18	21.562746	0.664	2.115	-0.825	-0.610
86.84639	278.905731	-67.491753	-204.372803	92.807587	6.235262	281.198914	36	-8	1.18	21.587962	0.675	2.113	-0.824	-0.622
88.471375	280.522858	-63.865841	-201.925232	96.180168	6.235262	281.839081	36	-8	1.18	21.613078	0.665	2.106	-0.810	-0.607
85.921097	281.983337	-63.521648	-205.246948	96.180168	6.430112	282.639313	36	-8	1.18	21.636802	0.648	2.113	-0.809	-0.611
66.082703	296.986542	-26.707966	-215.386917	105.503807	6.624963	297.363464	36	-4	1.18	22.198584	0.410	2.262	-0.847	-0.564
65.541039	297.948273	-29.414856	-218.184128	105.118843	6.624963	298.003632	36	-4	1.18	22.223009	0.415	2.255	-0.843	-0.570
66.624367	298.717682	-27.429804	-216.435883	105.146164	6.819815	298.803833	36	-4	1.18	22.246082	0.414	2.269	-0.853	-0.567
65.704369	298.717682	-28.332098	-216.785538	105.833939	6.624963	299.283997	36	-4	1.18	22.271781	0.412	2.257	-0.847	-0.566
38.999626	311.989746	9.030054	-225.352036	114.623619	7.014666	311.287354	36	0	1.18	22.70939	0.135	2.412	-0.883	-0.517
38.277409	310.643311	11.016667	-224.65274	111.047218	6.819815	311.767487	36	0	1.18	22.734565	0.125	2.457	-0.921	-0.522
37.194088	312.182098	7.765846	-228.149292	110.15313	7.016659	312.087585	36	0	1.18	22.739159	0.134	2.452	-0.916	-0.532
38.277409	311.989746	8.668852	-226.051361	111.762497	6.819815	312.567719	36	0	1.18	22.764375	0.134	2.441	-0.911	-0.524
1.263544	323.53067	44.066677	-238.289261	114.951385	7.014666	323.770844	36	4	1.18	23.17056	-0.183	2.406	-0.894	-0.538
1.444432	323.813416	44.969681	-239.513046	114.623619	7.209517	323.930908	36	4	1.18	23.169289	-0.186	2.411	-0.896	-0.540
1.44405	323.813416	42.621868	-239.513046	114.23629	7.014666	324.571106	36	4	1.18	23.199811	-0.177	2.415	-0.902	-0.540
1.985577	322.953644	44.608479	-239.338211	114.623619	7.209517	324.891174	36	4	1.18	23.204386	-0.183	2.410	-0.901	-0.540
-35.314514	335.071594	76.936081	-251.051636	115.666481	7.404368	336.414429	36	8	1.18	23.614491	-0.434	2.264	-0.853	-0.582
-37.296448	336.127167	76.936081	-253.848862	116.381577	7.014666	337.054596	36	8	1.18	23.65142	-0.436	2.252	-0.842	-0.582
-34.233456	335.263947	78.401436	-250.527145	118.915298	7.209517	337.374664	36	8	1.18	23.655908	-0.431	2.242	-0.836	-0.572
-35.494686	336.89682	79.645103	-252.450241	120.345863	7.211522	338.174927	36	8	1.18	23.684487	-0.436	2.230	-0.824	-0.572
-74.232552	317.375488	100.594833	-242.310272	106.549034	7.209517	321.370178	36	12	1.18	23.075435	-0.660	2.113	-0.811	-0.625
-72.610962	316.221436	100.41423	-238.114426	106.397903	7.014666	320.249878	36	12	1.18	23.041422	-0.661	2.118	-0.817	-0.620
-74.773079	315.540131	99.150017	-240.561996	107.26413	6.819815	319.289581	36	12	1.18	23.013252	-0.656	2.099	-0.800	-0.621
-71.890259	314.578094	99.691826	-238.464066	106.549034	6.819815	318.329346	36	12	1.18	22.977864	-0.656	2.113	-0.809	-0.619
-106.123718	290.061981	112.514511	-227.974457	87.800629	6.819815	299.604095	36	16	1.18	22.276547	-0.858	2.033	-0.831	-0.682
-110.087593	292.644226	110.889107	-231.995483	88.314133	7.014666	298.803833	36	16	1.18	22.238658	-0.852	2.023	-0.812	-0.687
-109.006538	291.216064	109.986099	-230.771698	86.548889	6.819815	298.163666	36	16	1.18	22.221681	-0.854	2.036	-0.825	-0.689
-107.925484	291.297424	112.153305	-229.023422	89.386772	6.819815	297.683533	36	16	1.18	22.203363	-0.853	2.018	-0.808	-0.680
-142.339111	268.134216	123.350571	-222.904465	72.422104	6.43194	281.679047	36	20	1.18	21.599086	-1.042	1.925	-0.820	-0.741
-142.699463	267.941864	121.395805	-225.002396	70.276268	6.43194	280.878845	36	20	1.18	21.567666	-1.039	1.940	-0.829	-0.749
-142.158936	266.595428	121.725159	-221.156189	70.455093	6.43194	279.918549	36	20	1.18	21.5299	-1.047	1.935	-0.831	-0.746
-139.095932	265.248993	121.544571	-220.282059	72.600929	6.624963	279.118347	36	20	1.18	21.49077	-1.033	1.924	-0.819	-0.738
-171.707809	243.004379	126.601387	-221.680679	52.394276	5.650709	265.194427	36	24	1.18	20.973904	-1.198	1.866	-0.854	-0.812
-171.347473	243.705917	126.815254	-221.331024	53.467194	5.847221	264.874359	36	24	1.18	20.95302	-1.194	1.862	-0.846	-0.809
-168.464645	242.359482	127.323807	-218.009323	54.897758	5.84556	264.234161	36	24	1.18	20.927178	-1.192	1.855	-0.844	-0.802
-166.302536	241.78244	126.240196	-216.435883	53.824833	5.650709	264.074097	36	24	1.18	20.928587	-1.193	1.869	-0.857	-0.804
-221.616592	246.591156	143.758514	-253.324371	39.519238	6.235262	281.519012	36	28	1.18	21.600524	-1.319	1.805	-0.874	-0.880
-219.454483	246.398804	142.31369	-254.198517	38.088676	6.430112	282.319214	36	28	1.18	21.624261	-1.316	1.821	-0.888	-0.885
-219.454483	247.622055	143.758514	-253.324371	40.592155	6.430112	283.27951	36	28	1.18	21.661862	-1.311	1.809	-0.876	-0.877
-220.715729	249.284042	143.577911	-253.674026	40.055698	6.43194	283.759644	36	28	1.18	21.680566	-1.314	1.814	-0.879	-0.879
-267.741699	247.36055	159.151337	-293.184937	21.100779	6.430112	300.084229	36	32	1.18	22.309613	-1.416	1.792	-0.925	-0.951
-269.363251	248.968872	156.581177	-297.380798	19.4863	6.624963	300.88443	36	32	1.18	22.332596	-1.406	1.804	-0.929	-0.958
-267.561493	250.630478	156.581177	-295.108032	20.56432	6.430112	301.364563	36	32	1.18	22.358195	-1.405	1.808	-0.930	-0.953
-268.462372	247.552902	158.970688	-296.681458	19.670219	6.626846	301.684662	36	32	1.18	22.36287	-1.414	1.801	-0.933	-0.957
-316.749573	242.16713	168.50087	-337.066528	-4.995292	7.014666	315.448547	36	36	1.18	22.864148	-1.507	1.799	-0.995	-1.037
-317.650452	241.080338	167.959045	-335.667908	-4.637285	6.624963	315.92865	36	36	1.18	22.896365	-1.508	1.791	-0.995	-1.035
-312.065002	240.310745	170.487473	-332.346191	-3.03207	6.624963	316.568848	36	36	1.18	22.920048	-1.512	1.794	-1.001	-1.030
-313.506378	242.936523	167.597855	-334.444122	-3.7455	6.819815	317.048981	36	36	1.18	22.930594	-1.502	1.803	-1.002	-1.033
-361.973785	226.394547	174.145172	-377.101929	-38.703484	7.211564	330.652771	36	40	1.18	23.413787	-1.621	1.824	-1.116	-1.139
-363.955688	229.087402	174.460693	-379.374664	-39.0602	7.209517	330.97287	36	40	1.18	23.425445	-1.619	1.829	-1.113	-1.139
-364.496246	230.883026	176.808517	-379.724335	-36.20649	7.209517	331.613068	36	40	1.18	23.448594	-1.611	1.818	-1.095	-1.129
-365.036743	229.343796	175.544296	-380.59848	-39.427116	7.209517	332.093201	36	40	1.18	23.46594	-1.621	1.830	-1.114	-1.140
-397.648651	206.005554	172.699966	-403.325989	-73.483116	7.211564	335.294098	36	44	1.18	23.58118	-1.744	1.863	-1.250	-1.247
-401.612518	203.50502	172.835281	-403.325989	-74.909973	7.014666	333.693665	36	44	1.18	23.530686	-1.754	1.853	-1.247	-1.250
-397.108093	203.369461	169.76506	-403.850464	-77.427017	6.819815	332.4133	36	44	1.18	23.491559	-1.755	1.880	-1.269	-1.261
-394.945984	202.927979	171.796722	-405.423889	-74.731613	6.819815	331.292999	36	44	1.18	23.451109	-1.741	1.869	-1.248	-1.251
124.040482	169.843979	-416.571289	-419.235229	-148.214737	6.624963	301.364563	40	-44	1.18	22.350808	2.005	2.184	-1.667	-1.574
122.05439	168.689896	-412.529816	-413.291107	-145.539383	6.430112	300.724396	40	-44	1.18	22.333917	1.999	2.177	-1.669	-1.568
123.137703	168.882248	-413.79303	-415.214203	-146.074448	6.43194	299.76413	40	-44	1.18	22.297381	2.000	2.176	-1.661	-1.568
122.415497	166.574051	-410.256866	-411.193207	-146.29068	6.430112	299.283997	40	-44	1.18	22.279195	2.014	2.185	-1.685	-1.578
121.512718	181.769608	-370.746643	-368.710236	-105.230675	6.040411	281.999146	40	-40	1.18	21.62699	1.861	2.081	-1.464	-1.421
120.429405	181.577271	-373.91153	-371.857086	-108.262749	6.237033	281.198914	40	-40	1.18	21.587892	1.868	2.091	-1.472	-1.433
120.068298	180.038467	-369.760956	-367.48645	-106.122459	6.042128	280.398682	40	-40	1.18	21.564117	1.866	2.086	-1.472	-1.427
118.623856	181.000214	-369.760956	-366.787109	-105.587387	6.235262	279.758514	40	-40	1.18	21.531343	1.859	2.085	-1.467	-1.426
116.998878	191.579391	-333.127747	-327.101379	-72.056259	5.84556	266.634827	40	-36	1.18	21.02417	1.744	2.010	-1.312	-1.302
115.735001	191.002365	-333.040527	-328.325195	-74.731613	6.040411	266.154694	40	-36	1.18	20.996944	1.753	2.029	-1.332	-1.316
117.509743	190.617645	-334.303406	-327.625854	-72.610123	5.650709	265.674561	40	-36	1.18	20.993295	1.749	2.006	-1.309	-1.303
115.554443	189.901276	-331.958038	-326.052429	-72.591331	6.040411	265.194427	40	-36	1.18	20.958151	1.745	2.012	-1.317	-1.307
111.762817	199.32901	-294.432373	-290.912201	-44.779221	5.066155	254.151321	40	-32	1.18	20.546976	1.639	1.978	-1.206	-1.201
110.679489	197.212585	-292.628235	-288.989105	-45.48106	5.066155	253.671204	40	-32	1.18	20.527164	1.644	1.982	-1.219	-1.206
111.401711	198.119263	-293.065796	-289.688385	-44.422409	5.84556	253.831238	40	-32	1.18	20.501578	1.638	1.975	-1.208	-1.204
110.679489	198.174591	-293.530304	-289.51355	-44.244007	5.261007	254.47142	40	-32	1.18	20.552142	1.635	1.972	-1.208	-1.200
114.621643	226.394547	-281.696869	-289.51355	-26.575203	6.042128	271.756287	40	-28	1.18	21.221758	1.530	1.992	-1.152	-1.126
115.735001	229.087402	-279.711823	-288.639465	-23.543137	5.84556	272.396454	40	-28	1.18	21.255145	1.517	1.986	-1.135	-1.113
116.276657	229.856796	-283.862366	-292.135986	-26.403683	6.040411	273.196655	40	-28	1.18	21.279267	1.530	1.995	-1.145	-1.124
115.373894	228.702728	-285.486511	-292.835297	-26.396847	6.235262	273.836823	40	-28	1.18	21.296994	1.526	1.985	-1.143	-1.124
116.818329	257.747375	-265.816467	-287.240814	-6.957727	6.624963	290.481537	40	-24	1.18	21.934284	1.419	2.022	-1.103	-1.050
115.91555	257.555054	-265.275085	-288.289764	-8.026069	6.430112	290.96167	40	-24	1.18	21.960348	1.418	2.031	-1.112	-1.054
116.787712	260.440277	-267.370575	-289.688385	-6.955926	6.430112	291.441772	40	-24	1.18	21.978867	1.415	2.026	-1.099	-1.049
116.818329	259.86322	-267.621033	-290.038055	-6.77757	6.040411	292.242004	40	-24	1.18	22.024701	1.413	2.021	-1.099	-1.047
111.582268	286.102539	-243.916992	-285.842194	9.835121	6.235262	307.12619	40	-20	1.18	22.582839	1.294	2.082	-1.082	-0.987
111.582268	283.906799	-242.1763	-283.219788	10.368849	6.430112	308.086456	40	-20	1.18	22.611544	1.296	2.077	-1.090	-0.986
112.275063	286.215027	-244.883179	-284.093933	9.835121	6.624963	308.566589	40	-20	1.18	22.622234	1.302	2.079	-1.089	-0.988
114.832237	287.36911	-243.916992	-284.793243	12.875061	6.624963	309.366821	40	-20	1.18	22.652192	1.294	2.064	-1.069	-0.977
101.651802	307.373383	-208.43042	-283.394623	27.359478	6.821752	321.370178	40	-16	1.18	23.089672	1.135	2.162	-1.076	-0.925
104.179558	306.604004	-207.528122	-278.499481	29.497622	7.014666	322.010345	40	-16	1.18	23.106081	1.144	2.147	-1.073	-0.917
102.91568	309.681549	-213.607803	-285.142914	25.928919	6.624963	322.490509	40	-16	1.18	23.137963	1.150	2.161	-1.077	-0.930
102.91568	308.719818	-210.901627	-282.695343	27.717119	6.819815	322.970642	40	-16	1.18	23.148409	1.143	2.154	-1.076	-0.924
84.838058	327.084259	-172.654282	-287.065979	38.615074	7.209517	334.173798	40	-12	1.18	23.540959	0.959	2.288	-1.101	-0.883
84.860298	327.570007	-165.842026	-284.793243	42.737995	7.211564	334.493866	40	-12	1.18	23.552404	0.935	2.284	-1.088	-0.867
87.026939	328.147034	-170.714432	-284.268768	42.737995	7.211564	335.134033	40	-12	1.18	23.575427	0.954	2.266	-1.082	-0.869
85.040848	329.008301	-172.113052	-287.065979	38.982777	6.430112	335.134033	40	-12	1.18	23.603502	0.957	2.294	-1.103	-0.879
59.40221	324.492432	-118.92263	-278.849121	47.017433	7.209517	328.092072	40	-8	1.18	23.320994	0.725	2.454	-1.143	-0.838
58.679993	321.889404	-117.448212	-277.275665	46.672035	7.209517	326.651672	40	-8	1.18	23.268593	0.722	2.455	-1.147	-0.838
58.845127	322.953644	-120.727219	-279.548431	46.493214	7.016659	325.211273	40	-8	1.18	23.223111	0.728	2.443	-1.130	-0.840
57.942596	321.79953	-121.990433	-278.324646	45.420296	7.014666	323.930908	40	-8	1.18	23.176414	0.733	2.444	-1.134	-0.844
26.541414	296.986542	-68.033134	-257.170563	45.420296	6.43194	300.404297	40	-4	1.18	22.321698	0.455	2.664	-1.226	-0.813
24.909897	299.378326	-71.642319	-259.268494	45.050926	6.040411	299.444031	40	-4	1.18	22.300096	0.459	2.654	-1.208	-0.815
27.444181	299.378326	-68.935425	-256.646088	50.05658	6.235262	298.803833	40	-4	1.18	22.268339	0.453	2.612	-1.169	-0.794
26.721968	297.948273	-72.905533	-258.219543	45.420296	6.237033	298.003632	40	-4	1.18	22.237798	0.472	2.636	-1.197	-0.814
-5.225105	282.175659	-31.941284	-243.708893	42.737995	6.040411	281.679047	40	0	1.18	21.614443	0.148	2.912	-1.323	-0.797
-3.603521	281.983337	-26.888426	-242.659912	48.281414	6.237033	281.358978	40	0	1.18	21.594175	0.127	2.866	-1.273	-0.770
-2.882817	280.829224	-31.760824	-240.911667	44.526192	6.235262	280.558716	40	0	1.18	21.562815	0.160	2.885	-1.305	-0.788
-2.882817	279.753235	-27.96386	-239.163391	46.302334	6.040411	279.918549	40	0	1.18	21.545307	0.139	2.885	-1.299	-0.776
-33.152401	264.671936	-0.721837	-226.925507	40.224037	5.455858	263.593964	40	4	1.18	20.917031	-0.190	2.887	-1.312	-0.796
-30.629938	264.287231	-0.902296	-226.401016	39.340416	5.652315	263.593964	40	4	1.18	20.909071	-0.177	2.923	-1.336	-0.799
-30.449759	263.3255	2.529088	-224.65274	43.095638	5.84556	263.754028	40	4	1.18	20.907726	-0.193	2.860	-1.293	-0.782
-30.810112	263.902557	6.142058	-224.12825	45.956757	6.042128	264.234161	40	4	1.18	20.919217	-0.213	2.814	-1.259	-0.770
-67.025505	281.29248	26.548367	-244.932678	41.117905	6.040411	281.198914	40	8	1.18	21.59561	-0.475	2.670	-1.218	-0.822
-66.304794	280.829224	27.993176	-244.583023	41.665077	6.235262	281.839081	40	8	1.18	21.613078	-0.478	2.666	-1.218	-0.820
-65.584099	281.983337	28.896179	-244.233383	42.559174	6.235262	282.639313	40	8	1.18	21.644432	-0.478	2.665	-1.216	-0.816
-65.584099	282.831696	28.354378	-245.457169	41.296677	6.235262	283.119476	40	8	1.18	21.663224	-0.477	2.684	-1.229	-0.822
-103.961609	295.447754	53.999741	-258.394348	41.843895	6.43194	298.803833	40	12	1.18	22.260853	-0.708	2.483	-1.152	-0.841
-112.069534	296.986542	54.902748	-262.415405	37.731037	6.235262	299.444031	40	12	1.18	22.29269	-0.742	2.487	-1.163	-0.860
-106.664246	295.832458	55.625149	-261.54126	40.770977	6.626846	300.244263	40	12	1.18	22.30822	-0.722	2.479	-1.154	-0.848
-108.646187	296.794189	54.180336	-262.065704	37.542435	6.819815	300.724396	40	12	1.18	22.319125	-0.730	2.507	-1.181	-0.862
-152.969498	305.7276	77.658493	-280.772217	31.642906	6.624963	313.207916	40	16	1.18	22.795441	-0.928	2.360	-1.133	-0.899
-156.392853	304.573181	79.103294	-280.772217	31.82168	6.819815	313.527985	40	16	1.18	22.800095	-0.940	2.338	-1.125	-0.900
-153.870377	306.026917	79.645103	-281.646362	33.260536	6.819815	313.848083	40	16	1.18	22.81199	-0.930	2.341	-1.118	-0.895
-155.131607	308.421234	77.658493	-286.541504	32.008797	6.819815	314.488251	40	16	1.18	22.835759	-0.921	2.353	-1.117	-0.900
-205.04039	310.922455	101.317238	-302.800415	21.810358	7.014666	327.131805	40	20	1.18	23.293162	-1.111	2.226	-1.107	-0.946
-207.202515	310.450958	99.691826	-307.171112	16.630281	6.819815	327.29187	40	20	1.18	23.306071	-1.121	2.256	-1.135	-0.964
-205.400742	311.88446	101.136635	-306.646637	21.2796	7.209517	328.252106	40	20	1.18	23.326809	-1.105	2.231	-1.107	-0.949
-204.680054	311.797394	100.259926	-307.870422	18.418478	7.211564	328.732239	40	20	1.18	23.34417	-1.110	2.256	-1.130	-0.959
-262.696747	312.46167	118.474342	-343.010651	1.608943	7.209517	340.89566	40	24	1.18	23.781711	-1.252	2.153	-1.114	-1.018
-257.83197	312.566772	118.686073	-340.213409	3.218782	7.404368	340.095428	40	24	1.18	23.746224	-1.246	2.160	-1.115	-1.014
-259.633759	312.654083	119.37735	-341.61203	4.826868	7.404368	338.975128	40	24	1.18	23.706209	-1.241	2.142	-1.094	-1.008
-255.850052	307.373383	115.945923	-338.639954	-3.03207	7.404368	337.854797	40	24	1.18	23.666125	-1.264	2.196	-1.159	-1.035
-273.507324	272.249542	117.751938	-326.926575	-15.873781	6.819815	311.287354	40	28	1.18	22.71666	-1.376	2.107	-1.151	-1.080
-273.327148	271.672363	116.668327	-324.129303	-16.408854	6.624963	310.167023	40	28	1.18	22.682109	-1.381	2.110	-1.157	-1.082
-276.029755	270.827087	116.668327	-323.255188	-16.230494	6.430112	309.366821	40	28	1.18	22.65948	-1.386	2.096	-1.149	-1.080
-271.705536	269.865356	117.571335	-320.632782	-14.446926	6.624963	308.726654	40	28	1.18	22.628229	-1.382	2.096	-1.147	-1.075
-287.380859	241.657562	117.029533	-320.807617	-30.855774	6.430112	292.08197	40	32	1.18	22.003538	-1.480	2.059	-1.182	-1.136
-289.362823	240.243652	117.571335	-322.905518	-31.390848	6.040411	291.441772	40	32	1.18	21.993888	-1.481	2.050	-1.175	-1.136
-287.741211	240.243652	117.060226	-319.059326	-30.328554	6.626846	291.121704	40	32	1.18	21.958932	-1.482	2.048	-1.177	-1.135
-283.95752	239.281906	116.84893	-316.961395	-29.607277	6.430112	290.321472	40	32	1.18	21.935628	-1.480	2.054	-1.181	-1.133
-298.551788	210.237244	111.972702	-320.807617	-51.5452	6.237033	276.077454	40	36	1.18	21.385898	-1.590	2.057	-1.269	-1.224
-296.750031	209.467834	113.627922	-318.185211	-48.691483	6.042128	275.117218	40	36	1.18	21.35555	-1.586	2.039	-1.251	-1.212
-296.750031	209.911148	111.611504	-317.13623	-49.048195	6.235262	274.47702	40	36	1.18	21.322454	-1.583	2.044	-1.254	-1.214
-299.092316	209.333939	111.792099	-316.786591	-48.691483	6.040411	273.35672	40	36	1.18	21.285641	-1.585	2.029	-1.242	-1.211
-314.046936	187.924774	111.098831	-329.723785	-67.240616	6.237033	269.67569	40	40	1.18	21.130693	-1.670	2.033	-1.323	-1.289
-317.830627	188.746872	109.805496	-333.919647	-70.27269	6.235262	270.475891	40	40	1.18	21.162832	-1.673	2.045	-1.333	-1.299
-319.452209	190.809998	111.250298	-331.122406	-67.597336	6.235262	271.436157	40	40	1.18	21.201251	-1.671	2.025	-1.316	-1.287
-321.434174	189.848251	110.918182	-334.618958	-69.915977	6.042128	272.076355	40	40	1.18	21.234535	-1.675	2.032	-1.325	-1.294
-363.595367	180.473572	114.681725	-376.227783	-100.976242	6.819815	290.801605	40	44	1.18	21.939122	-1.778	2.070	-1.457	-1.401
-367.919586	181.96196	114.681725	-383.570526	-103.982178	6.430112	291.441772	40	44	1.18	21.978867	-1.776	2.081	-1.455	-1.406
-371.342926	181.435577	114.862328	-382.346741	-104.544312	6.624963	292.08197	40	44	1.18	21.996032	-1.786	2.070	-1.457	-1.408
-366.658356	182.923706	115.073097	-379.724335	-102.376961	6.430112	292.882202	40	44	1.18	22.034337	-1.779	2.078	-1.460	-1.402
90.253265	177.922623	-451.932037	-447.20752	-191.198792	7.211564	313.527985	44	-44	1.18	22.785529	2.098	2.420	-1.953	-1.768
90.457466	179.84613	-454.757233	-450.704071	-192.268921	7.211564	313.848083	44	-44	1.18	22.797432	2.093	2.421	-1.943	-1.766
90.457466	179.319153	-453.194916	-450.529266	-193.032333	7.209517	314.488251	44	-44	1.18	22.821293	2.100	2.433	-1.961	-1.774
89.374146	179.076736	-454.396362	-449.655121	-192.804001	6.626846	314.80835	44	-44	1.18	22.854793	2.098	2.425	-1.958	-1.769
96.957405	210.621933	-463.658813	-453.501343	-170.152649	7.016659	326.811737	44	-40	1.18	23.281442	1.944	2.303	-1.723	-1.614
97.137955	210.429581	-465.404358	-455.424408	-171.757858	7.209517	327.611938	44	-40	1.18	23.30354	1.949	2.307	-1.730	-1.620
98.737068	210.621933	-464.380463	-453.151642	-168.54744	7.016659	327.932037	44	-40	1.18	23.322186	1.940	2.287	-1.711	-1.605
97.137955	211.391327	-464.862976	-455.249542	-172.471298	7.211564	328.41217	44	-40	1.18	23.332548	1.954	2.318	-1.742	-1.625
105.623985	243.705917	-456.983551	-449.829926	-146.787872	7.209517	340.89566	44	-36	1.18	23.781711	1.835	2.262	-1.591	-1.502
104.540665	244.351196	-458.787659	-451.578186	-147.53949	7.209517	340.255463	44	-36	1.18	23.758886	1.831	2.262	-1.586	-1.503
103.971756	243.51358	-460.952637	-451.927856	-146.787872	7.211564	339.455261	44	-36	1.18	23.730253	1.824	2.246	-1.570	-1.497
104.179558	242.811966	-453.375305	-446.857849	-145.182663	7.014666	338.334961	44	-36	1.18	23.697253	1.828	2.262	-1.586	-1.499
95.307442	241.78244	-390.333344	-392.486694	-110.581383	7.016659	310.80722	44	-32	1.18	22.691392	1.729	2.259	-1.501	-1.419
93.887993	240.695557	-388.607422	-392.137024	-112.572456	6.819815	309.846954	44	-32	1.18	22.662862	1.737	2.278	-1.521	-1.430
94.429649	240.695557	-384.999176	-388.116028	-108.441109	6.819815	308.886688	44	-32	1.18	22.626925	1.724	2.261	-1.501	-1.414
93.887993	239.858948	-385.280487	-389.339813	-108.262749	7.016659	308.086456	44	-32	1.18	22.58955	1.717	2.255	-1.492	-1.413
85.040848	243.321228	-328.435822	-349.304413	-79.903976	6.43194	290.96167	44	-28	1.18	21.960277	1.597	2.288	-1.432	-1.333
83.415871	241.205383	-325.187531	-346.507172	-80.816681	6.624963	290.641571	44	-28	1.18	21.940467	1.602	2.304	-1.457	-1.343
83.235313	239.733521	-327.628174	-347.905792	-84.3629	6.430112	289.841339	44	-28	1.18	21.917071	1.621	2.319	-1.477	-1.358
82.151985	240.820694	-325.909393	-347.381317	-82.22261	6.43194	289.201141	44	-28	1.18	21.892232	1.604	2.312	-1.460	-1.348
72.924637	241.013046	-275.200348	-303.499725	-58.679478	6.237033	273.676788	44	-24	1.18	21.290555	1.509	2.361	-1.441	-1.281
72.582634	238.704865	-276.463562	-304.723511	-60.463051	6.042128	272.716522	44	-24	1.18	21.260069	1.517	2.361	-1.448	-1.289
73.124298	240.503143	-276.463562	-303.849396	-58.873074	6.040411	272.076355	44	-24	1.18	21.234604	1.512	2.354	-1.431	-1.281
74.207626	238.771515	-272.061249	-298.954224	-55.840218	6.040411	271.276123	44	-24	1.18	21.202643	1.508	2.341	-1.424	-1.269
63.735497	250.123276	-239.406708	-277.100861	-41.211151	6.040411	271.916321	44	-20	1.18	21.228216	1.397	2.429	-1.443	-1.218
63.554943	250.82283	-241.274002	-279.548431	-42.984055	6.042128	272.556488	44	-20	1.18	21.253689	1.402	2.439	-1.451	-1.225
63.554943	251.399872	-241.093552	-278.849121	-41.924763	6.237033	273.35672	44	-20	1.18	21.277811	1.397	2.432	-1.446	-1.221
65.360481	252.169266	-240.371689	-277.625336	-38.881844	6.042128	274.316986	44	-20	1.18	21.32377	1.389	2.407	-1.423	-1.204
53.263378	277.751678	-222.867172	-284.443573	-32.639343	6.235262	292.242004	44	-16	1.18	22.017202	1.249	2.544	-1.470	-1.176
52.541164	280.138062	-221.784393	-285.842194	-32.290989	6.430112	293.202271	44	-16	1.18	22.046644	1.238	2.555	-1.469	-1.175
52.360611	279.867493	-221.243042	-286.541504	-34.422916	6.235262	293.682404	44	-16	1.18	22.072575	1.247	2.581	-1.495	-1.185
54.527252	280.522858	-218.716614	-284.618408	-29.079731	6.430112	294.482635	44	-16	1.18	22.095805	1.228	2.539	-1.454	-1.160
38.096859	302.264343	-194.895966	-296.681458	-24.79805	6.624963	309.366821	44	-12	1.18	22.652192	1.054	2.710	-1.512	-1.142
34.485779	300.448822	-191.106323	-296.506653	-24.791636	6.626846	310.006989	44	-12	1.18	22.676058	1.030	2.726	-1.529	-1.143
35.569103	302.649139	-196.649078	-297.905273	-26.938894	6.624963	310.487122	44	-12	1.18	22.694065	1.054	2.726	-1.531	-1.152
35.930214	302.949341	-193.993668	-298.779419	-25.683422	6.626846	311.127319	44	-12	1.18	22.71789	1.042	2.726	-1.526	-1.146
10.472123	319.580566	-162.232849	-313.989349	-22.300407	7.014666	323.930908	44	-8	1.18	23.176414	0.800	2.936	-1.604	-1.136
12.458216	319.772949	-165.842026	-313.464874	-23.370827	7.014666	324.250977	44	-8	1.18	23.188114	0.824	2.928	-1.607	-1.140
12.277662	320.157776	-159.165039	-312.940399	-20.87318	7.209517	324.73114	44	-8	1.18	23.19854	0.797	2.942	-1.606	-1.131
12.454956	321.991882	-162.052399	-313.464874	-19.61928	7.016659	325.371307	44	-8	1.18	23.228951	0.800	2.913	-1.582	-1.122
-19.999546	336.610382	-124.697327	-328.84964	-17.835709	7.211564	338.014832	44	-4	1.18	23.678756	0.501	3.185	-1.703	-1.120
-20.179722	336.995087	-127.043297	-330.947571	-19.797638	7.406471	338.65506	44	-4	1.18	23.694689	0.511	3.193	-1.713	-1.130
-18.558136	336.704407	-127.945587	-331.646912	-19.797638	7.599219	339.295227	44	-4	1.18	23.710686	0.521	3.183	-1.710	-1.130
-19.459017	337.666412	-126.321465	-330.597931	-17.12228	7.404368	339.77536	44	-4	1.18	23.734799	0.506	3.162	-1.689	-1.116
-50.809658	315.732544	-76.875641	-306.996277	-15.34268	7.014666	315.768616	44	0	1.18	22.876008	0.148	3.526	-1.875	-1.127
-50.269131	314.490295	-78.499771	-306.122131	-15.338712	6.821752	314.80835	44	0	1.18	22.847564	0.160	3.507	-1.866	-1.125
-49.728603	314.10556	-77.236549	-304.199066	-12.845034	7.014666	314.008118	44	0	1.18	22.810696	0.155	3.476	-1.838	-1.112
-49.548424	313.720886	-78.138855	-305.248016	-14.450663	7.211564	313.047852	44	0	1.18	22.767665	0.161	3.492	-1.848	-1.122
-75.313606	292.370178	-38.437817	-281.471527	-16.943924	6.430112	295.442902	44	4	1.18	22.132604	-0.228	3.554	-1.935	-1.145
-75.673958	292.836639	-39.701031	-282.170837	-14.629067	6.624963	294.6427	44	4	1.18	22.094471	-0.219	3.500	-1.882	-1.129
-76.394661	293.331909	-38.798737	-282.870148	-14.268569	6.626846	294.162537	44	4	1.18	22.075975	-0.227	3.484	-1.865	-1.126
-74.412727	292.562531	-40.422867	-279.898071	-14.268569	6.43194	293.362335	44	4	1.18	22.052725	-0.209	3.514	-1.889	-1.127
-102.520195	277.252014	-10.647095	-265.037781	-17.840326	6.430112	279.438416	44	8	1.18	21.511065	-0.554	3.268	-1.791	-1.146
-103.961609	277.252014	-8.481584	-265.037781	-15.877891	6.430112	278.958282	44	8	1.18	21.492142	-0.566	3.216	-1.749	-1.132
-103.421082	275.520416	-9.564339	-265.037781	-18.018728	6.040411	277.998016	44	8	1.18	21.469632	-0.565	3.252	-1.781	-1.145
-102.700371	275.443481	-9.744799	-265.911926	-18.370781	6.237033	277.197784	44	8	1.18	21.430248	-0.560	3.262	-1.781	-1.148
-128.645737	257.242157	13.183881	-250.00267	-21.051584	5.650709	261.99353	44	12	1.18	20.844169	-0.843	3.014	-1.682	-1.159
-129.186264	257.939728	11.200215	-250.00267	-22.116278	5.652315	261.513397	44	12	1.18	20.824573	-0.838	3.033	-1.694	-1.166
-124.681862	256.857361	14.628691	-245.282333	-16.413097	5.650709	261.193298	44	12	1.18	20.811608	-0.826	2.979	-1.647	-1.131
-125.943085	257.049744	13.725685	-247.030609	-18.375536	5.650709	260.553131	44	12	1.18	20.785524	-0.831	2.998	-1.659	-1.143
-165.401657	262.244629	32.155441	-262.065704	-27.652506	6.042128	271.596222	44	16	1.18	21.215365	-1.062	2.818	-1.608	-1.181
-166.482712	263.902557	31.794146	-263.988831	-27.466993	6.042128	272.396454	44	16	1.18	21.247306	-1.056	2.811	-1.597	-1.178
-166.302536	263.902557	31.785797	-265.387451	-29.072208	6.042128	273.196655	44	16	1.18	21.279199	-1.061	2.834	-1.618	-1.188
-166.662888	265.056641	32.155441	-265.212616	-27.466993	6.042128	273.996918	44	16	1.18	21.311046	-1.055	2.814	-1.600	-1.178
-216.932022	275.905182	48.942905	-298.779419	-42.459976	6.430112	291.441772	44	20	1.18	21.978867	-1.234	2.668	-1.550	-1.227
-214.22937	274.674103	50.40094	-297.205963	-42.627342	6.43194	291.921906	44	20	1.18	21.997302	-1.242	2.684	-1.570	-1.230
-213.508667	275.443481	48.052509	-297.205963	-44.054199	6.43194	292.402069	44	20	1.18	22.015793	-1.238	2.710	-1.592	-1.239
-216.571655	276.097595	49.845913	-297.555603	-42.103165	6.624963	293.202271	44	20	1.18	22.039152	-1.239	2.669	-1.560	-1.227
-267.381317	280.330475	65.738808	-331.297211	-59.229877	6.624963	307.12619	44	24	1.18	22.56821	-1.387	2.547	-1.526	-1.274
-261.435516	278.905731	66.100021	-328.5	-57.430984	6.43194	307.766357	44	24	1.18	22.599475	-1.379	2.557	-1.537	-1.269
-265.399384	279.867493	67.020599	-329.898621	-56.717552	6.626846	308.24649	44	24	1.18	22.610168	-1.380	2.531	-1.515	-1.263
-265.939911	280.44455	66.839951	-329.19931	-57.074265	6.43194	308.726654	44	24	1.18	22.635457	-1.384	2.535	-1.521	-1.264
-315.127991	278.905731	82.354118	-364.514374	-75.623405	7.016659	322.490509	44	28	1.18	23.123612	-1.504	2.435	-1.507	-1.313
-316.209045	279.945648	81.089905	-366.437469	-77.962227	6.624963	322.970642	44	28	1.18	23.155542	-1.509	2.454	-1.522	-1.321
-318.371155	279.560852	81.451111	-363.815063	-76.693542	6.819815	323.610809	44	28	1.18	23.171834	-1.512	2.433	-1.514	-1.316
-321.073792	282.254486	81.472481	-366.787109	-76.178185	7.014666	324.250977	44	28	1.18	23.188114	-1.503	2.424	-1.496	-1.311
-378.549988	274.866425	92.311386	-403.325989	-98.27475	7.211564	336.09433	44	32	1.18	23.609921	-1.609	2.317	-1.484	-1.360
-376.387848	275.905182	92.648384	-405.249054	-99.701614	7.404368	336.734497	44	32	1.18	23.625975	-1.611	2.340	-1.499	-1.368
-374.405914	275.13559	89.939369	-399.304932	-98.988182	7.404368	337.054596	44	32	1.18	23.637454	-1.613	2.343	-1.515	-1.370
-375.126648	274.943176	92.106575	-401.402863	-98.657005	7.404368	337.21463	44	32	1.18	23.643191	-1.613	2.335	-1.505	-1.366
-401.071991	243.51358	92.106575	-405.074249	-115.040314	7.014666	322.490509	44	36	1.18	23.123685	-1.712	2.252	-1.519	-1.424
-401.97287	243.581604	90.842377	-404.374939	-114.356483	6.819815	321.530212	44	36	1.18	23.095615	-1.706	2.243	-1.509	-1.420
-395.666718	241.272751	91.564774	-400.528748	-112.572456	6.819815	320.569977	44	36	1.18	23.060354	-1.706	2.248	-1.517	-1.418
-396.927917	242.936523	90.504906	-402.976318	-113.256744	7.211564	319.769745	44	36	1.18	23.016507	-1.700	2.253	-1.510	-1.420
-408.459198	209.08313	83.979523	-399.130127	-129.308884	6.821752	301.044464	44	40	1.18	22.331202	-1.794	2.216	-1.568	-1.496
-404.495331	207.352005	84.182205	-398.780487	-130.022308	6.821752	300.404297	44	40	1.18	22.306895	-1.799	2.232	-1.585	-1.504
-403.414276	206.447906	85.063133	-395.1091	-127.346947	6.624963	299.76413	44	40	1.18	22.290043	-1.796	2.212	-1.571	-1.493
-407.378143	207.217514	84.340729	-393.535645	-126.666306	6.624963	299.123932	44	40	1.18	22.26569	-1.796	2.194	-1.555	-1.487
-408.098877	172.777466	74.768867	-392.137024	-143.257812	6.430112	280.878845	44	44	1.18	21.567738	-1.880	2.199	-1.651	-1.583
-402.333221	172.200256	75.671875	-393.011169	-144.112518	6.430112	280.078583	44	44	1.18	21.536271	-1.885	2.229	-1.673	-1.594
-406.297089	172.585052	74.768867	-390.388794	-142.328949	6.624963	279.758514	44	44	1.18	21.515999	-1.879	2.199	-1.649	-1.582
-406.837616	172.585052	75.671875	-388.290863	-139.332947	6.235262	279.118347	44	44	1.18	21.506132	-1.869	2.172	-1.620	-1.564
