68.429916	-451.846100	-453.494049	177.024490	-195.937515	6.431931	304.316101	0.163077	0.159903	-0.000026	0.180138	0.170349	0.000016	0.185608	-0.000008	0.175672	-44.000000	-44.000000	1.180000	22.469722
70.578056	-448.968079	-451.509003	177.550308	-195.529968	6.431931	304.796326	0.163077	0.159903	-0.000026	-0.000039	0.170349	0.000016	0.000035	0.000002	-0.000002	-44.000000	-44.000000	1.180000	22.487826
70.777115	-448.008759	-451.328522	178.952484	-193.745941	6.626838	305.596741	0.163077	0.000007	-0.167113	-0.000039	0.170349	0.000016	0.185608	0.000002	-0.000002	-44.000000	-44.000000	1.180000	22.510634
68.953506	-452.421692	-451.869873	178.076126	-194.816360	6.431931	306.397156	0.163077	0.159903	-0.000026	-0.000039	0.170349	0.000016	0.000035	0.000002	0.175672	-44.000000	-44.000000	1.180000	22.548073
77.076294	-447.625031	-456.561859	210.501404	-172.025284	6.431931	319.844055	0.163077	0.159903	-0.000026	-0.000039	0.170349	0.000016	0.000035	0.000002	-0.000002	-44.000000	-40.000000	1.180000	23.047928
77.457603	-450.119293	-460.170990	209.396515	-171.802338	6.821744	320.324280	0.163077	0.000007	-0.167113	-0.000039	0.170349	0.000016	0.000035	0.000002	-0.000002	-44.000000	-40.000000	1.180000	23.051252
78.540924	-447.816895	-457.103241	212.955215	-170.954575	6.821744	320.804535	0.163077	0.000007	-0.167113	-0.000039	0.170349	0.000016	0.185698	0.000002	0.175672	-44.000000	-40.000000	1.180000	23.068902
77.638153	-448.008759	-457.825043	211.202499	-173.274414	6.821744	321.284790	0.163077	0.159903	-0.167113	-0.000039	0.170349	-0.169412	0.185608	0.000002	0.175672	-44.000000	-40.000000	1.180000	23.086537
84.679756	-435.921143	-447.719330	243.565826	-146.825882	7.016650	334.731689	0.163077	0.159903	-0.000026	-0.000039	0.170349	0.000016	0.185698	0.000002	-0.000002	-44.000000	-36.000000	1.180000	23.567970
84.657570	-431.700134	-444.290588	245.029953	-141.153519	6.821744	334.891754	0.163077	0.159903	-0.000026	-0.000039	0.170349	0.000016	0.000035	0.000002	0.175672	-44.000000	-36.000000	1.180000	23.580731
84.477066	-431.316376	-442.486023	245.555771	-142.402664	7.016650	335.852264	0.163077	0.000007	-0.167113	-0.000039	0.170349	0.000016	0.000035	0.000002	-0.000002	-44.000000	-36.000000	1.180000	23.608229
83.596436	-435.345551	-445.734283	245.493332	-145.041840	7.211556	336.492615	0.163077	0.000007	-0.000026	-0.000039	0.170349	0.000016	0.000035	0.000002	-0.000002	-44.000000	-36.000000	1.180000	23.624214
78.902039	-391.024353	-394.122955	259.577515	-109.746414	6.821744	325.606995	0.326071	0.159903	-0.167113	0.180138	0.170349	0.000016	0.185608	-0.000008	-0.000002	-44.000000	-32.000000	1.180000	23.244655
79.422882	-388.721954	-391.416077	256.597870	-112.750870	6.626838	324.806610	0.163077	0.000007	-0.167113	-0.000039	0.170349	0.000016	0.185698	0.000002	-0.000002	-44.000000	-32.000000	1.180000	23.222570
80.165909	-393.518616	-395.386169	257.408783	-110.610023	6.821744	323.686005	0.163077	0.000007	-0.000026	-0.000039	-0.000024	-0.169412	0.000035	0.000002	-0.000002	-44.000000	-32.000000	1.180000	23.174513
78.339844	-391.216217	-391.777008	254.494629	-109.389511	6.821744	322.405365	0.163077	0.159903	-0.000026	-0.000039	0.170349	0.000016	0.000035	0.000002	-0.000002	-44.000000	-32.000000	1.180000	23.127635
68.411980	-340.371552	-327.172607	252.917160	-78.696213	6.042119	299.353546	0.163077	0.000007	-0.167113	-0.000039	-0.000024	0.000016	0.000035	0.000002	-0.000002	-44.000000	-28.000000	1.180000	22.296592
68.971573	-336.726074	-321.578369	250.989166	-74.572556	6.237026	298.873291	0.163077	0.159903	-0.167113	-0.000039	0.170349	0.000016	0.000035	-0.000008	0.175672	-44.000000	-28.000000	1.180000	22.270915
68.971573	-334.999268	-322.480652	250.288101	-76.554817	6.431931	298.232971	0.163077	0.000007	-0.000026	-0.000039	-0.000024	0.000016	0.185608	-0.000008	0.175672	-44.000000	-28.000000	1.180000	22.239110
67.527138	-337.301666	-323.382965	249.762283	-75.662567	6.237026	297.112396	0.163077	0.000007	-0.000026	-0.000039	0.170349	0.000016	0.185608	0.000002	-0.000002	-44.000000	-28.000000	1.180000	22.203808
59.567158	-302.190063	-267.440582	248.535385	-49.952911	6.237026	282.224762	0.163077	0.159903	-0.000026	-0.000039	0.170349	0.000016	0.000035	0.000002	-0.000002	-44.000000	-24.000000	1.180000	21.628126
57.581593	-303.149414	-268.703796	250.288101	-53.164173	5.847213	281.584442	0.163077	0.159903	-0.000026	-0.000039	0.170349	0.000016	0.000035	0.000002	-0.000002	-44.000000	-24.000000	1.180000	21.618308
57.055019	-302.957550	-267.801514	249.061203	-52.285690	6.042119	280.944092	0.163077	0.000007	-0.000026	-0.000039	0.170349	0.000016	0.371220	-0.000008	0.175672	-44.000000	-24.000000	1.180000	21.585540
58.138340	-301.230743	-267.621033	247.834290	-52.807362	6.042119	280.303772	0.326071	0.159903	-0.000026	-0.000039	0.170349	0.000016	0.000035	0.000002	-0.000002	-44.000000	-24.000000	1.180000	21.560387
43.513485	-274.944977	-219.618896	245.555771	-36.225239	5.262494	265.256042	0.163077	0.159903	-0.000026	-0.000039	0.170349	0.000016	0.185698	0.000002	0.175672	-44.000000	-20.000000	1.180000	20.992071
42.791271	-275.520599	-219.077515	245.493332	-35.859058	5.262494	264.455658	0.163077	0.000007	-0.167113	-0.000039	0.170349	0.000016	0.185698	0.000002	-0.000002	-44.000000	-20.000000	1.180000	20.959734
41.346836	-273.793793	-218.536148	245.906296	-37.999893	5.262494	263.975403	0.163077	0.000007	-0.000026	-0.000039	-0.000024	0.000016	0.185698	-0.000008	-0.000002	-44.000000	-20.000000	1.180000	20.940307
42.791271	-272.258850	-217.092468	244.854675	-36.225239	5.457400	264.135498	0.163077	0.000007	-0.167113	-0.000039	0.170349	0.000016	0.185608	-0.000008	0.175672	-44.000000	-20.000000	1.180000	20.938898
33.393719	-283.962738	-198.324692	270.619598	-26.046873	6.042119	283.345337	0.163077	0.000007	-0.167113	-0.000039	0.170349	0.000016	0.185698	0.000002	-0.000002	-44.000000	-16.000000	1.180000	21.679609
33.763577	-285.689545	-199.227005	272.828766	-26.760487	6.431931	283.985657	0.163077	0.159903	-0.000026	-0.000039	0.170349	0.000016	0.000035	0.000002	-0.000002	-44.000000	-16.000000	1.180000	21.689399
34.305241	-284.730194	-198.144241	271.777405	-23.549231	6.042119	284.946167	0.163077	0.159903	-0.167113	-0.000039	0.170349	0.000016	0.000035	0.000002	-0.000002	-44.000000	-16.000000	1.180000	21.742096
33.754730	-287.608185	-201.392517	272.021820	-27.295696	6.237026	285.746582	0.163077	0.000007	-0.167113	-0.000039	0.170349	0.000016	0.000035	0.000002	-0.000002	-44.000000	-16.000000	1.180000	21.765684
20.216742	-303.341278	-180.820145	296.034027	-17.131147	6.237026	303.515686	0.163077	0.000007	-0.000026	-0.000039	0.170349	-0.169412	0.000035	0.000002	-0.000002	-44.000000	-12.000000	1.180000	22.446873
19.319271	-300.655151	-179.015564	296.209290	-18.201841	6.237026	304.156006	0.163077	0.159903	-0.167113	-0.000039	0.170349	-0.169412	0.000035	-0.000008	-0.000002	-44.000000	-12.000000	1.180000	22.471035
22.027580	-301.038879	-179.196030	299.013641	-16.774248	6.237026	304.796326	0.163035	0.000007	-0.167113	-0.000039	-0.000024	0.000016	0.000035	-0.000008	-0.000002	-44.000000	-12.000000	1.180000	22.495171
20.402596	-300.463287	-178.113266	298.411957	-18.197132	6.237026	305.596741	0.163077	0.000007	-0.167113	-0.000039	0.170349	-0.169412	0.000035	0.000002	-0.000002	-44.000000	-12.000000	1.180000	22.525304
-2.882818	-317.347534	-152.307602	319.964874	-13.915455	6.431931	320.484375	0.163077	0.000007	-0.167113	-0.000039	0.170349	0.000016	0.000035	0.000002	0.175672	-44.000000	-8.000000	1.180000	23.071460
-0.900880	-312.934601	-147.796112	320.221558	-12.666633	6.626838	320.804535	0.326071	0.000007	-0.167113	-0.000039	0.170349	0.000016	0.000035	-0.000008	0.175672	-44.000000	-8.000000	1.180000	23.076061
-0.180177	-313.893921	-147.074280	319.614441	-9.633776	6.237026	321.604980	0.163077	0.159903	-0.000026	-0.000039	0.170349	0.000016	0.000035	0.000002	0.175672	-44.000000	-8.000000	1.180000	23.119731
-2.342289	-316.963806	-149.781174	320.140106	-11.239405	6.431931	321.765045	0.163077	0.159903	-0.000026	-0.000039	0.170349	0.000016	0.000035	0.000002	-0.000002	-44.000000	-8.000000	1.180000	23.118453
-26.846239	-330.394470	-117.478973	334.508759	-7.849745	7.016650	334.891754	0.163077	0.159903	-0.167113	-0.000039	0.170349	0.000016	0.000035	-0.000008	-0.000002	-44.000000	-4.000000	1.180000	23.573725
-28.295044	-328.859528	-115.854836	333.542206	-11.239405	7.016650	335.532104	0.163077	0.000007	-0.167113	-0.000039	0.170349	-0.169412	0.000035	0.000002	0.175672	-44.000000	-4.000000	1.180000	23.596734
-29.917055	-330.394470	-117.118042	334.068024	-10.350068	7.406462	336.012329	0.163077	0.159903	-0.000026	-0.000039	0.170349	0.000016	0.185698	-0.000008	-0.000002	-44.000000	-4.000000	1.180000	23.599981
-29.729055	-330.970062	-116.396210	337.398163	-10.882598	7.016650	336.332520	0.163077	0.000007	-0.167113	-0.000039	0.170349	-0.169412	0.000035	0.000002	-0.000002	-44.000000	-4.000000	1.180000	23.625462
-60.178814	-324.830322	-77.056091	327.407654	-15.699486	7.211556	327.047760	0.326071	0.159903	-0.000026	-0.000039	0.170349	0.000016	0.000035	-0.000008	-0.000002	-44.000000	0.000000	1.180000	23.282940
-57.130756	-322.527924	-75.071037	326.180786	-11.953016	7.016650	326.087250	0.163077	0.159903	-0.000026	-0.000039	0.170349	0.000016	0.000035	0.000002	0.175672	-44.000000	0.000000	1.180000	23.255055
-55.508751	-322.719788	-76.514709	326.531311	-12.134562	6.821744	325.126770	0.163077	0.159903	-0.000026	-0.000039	0.170349	0.000016	0.000035	0.000002	-0.000002	-44.000000	0.000000	1.180000	23.227140
-52.791595	-317.923126	-75.071037	323.819885	-10.168986	7.016650	324.006195	0.163077	0.159903	-0.167113	-0.000039	0.170349	0.000016	0.000035	-0.000008	-0.000002	-44.000000	0.000000	1.180000	23.179094
-79.818016	-299.503937	-36.452766	303.395447	-11.599213	6.237026	300.954376	0.326071	0.000007	-0.167113	-0.000039	0.170349	-0.169412	0.000035	-0.000008	0.175672	-44.000000	4.000000	1.180000	22.349965
-79.277481	-299.120209	-36.633224	301.642731	-11.953016	6.042119	300.153961	0.163035	0.159903	-0.000026	-0.000039	0.170349	0.000016	0.000035	-0.000008	0.175672	-44.000000	4.000000	1.180000	22.326994
-76.574844	-297.393402	-38.437817	299.813751	-10.704197	6.237026	299.513611	0.163077	0.000007	-0.000026	-0.000039	0.170349	0.000016	0.000035	0.000002	-0.000002	-44.000000	4.000000	1.180000	22.295267
-79.637833	-297.777130	-37.355061	297.260925	-10.350068	6.626838	298.873291	0.163035	0.000007	-0.167113	-0.000039	0.170349	0.000016	0.000035	-0.000008	0.175672	-44.000000	4.000000	1.180000	22.256077
-102.340019	-282.619659	-5.413777	283.765015	-10.882598	6.042119	283.665497	0.326071	0.159903	-0.167113	-0.000039	-0.000024	-0.169412	0.000035	-0.000008	-0.000002	-44.000000	8.000000	1.180000	21.692121
-102.700378	-282.235931	-6.496532	283.167175	-12.845034	6.042119	283.025177	0.163077	0.000007	-0.167113	-0.000039	0.170349	0.000016	0.000035	0.000002	-0.000002	-44.000000	8.000000	1.180000	21.667091
-103.421074	-283.770874	-7.759747	282.187561	-14.093857	6.042119	282.544922	0.163077	0.000007	-0.167113	-0.000039	0.170349	0.000016	0.000035	-0.000008	-0.000002	-44.000000	8.000000	1.180000	21.648298
-100.384331	-279.166046	-4.331022	281.837006	-10.525792	6.237026	282.064697	0.163077	0.000007	-0.167113	-0.000039	0.170349	-0.169412	0.185698	0.000002	-0.000002	-44.000000	8.000000	1.180000	21.621853
-129.006088	-266.502838	18.968069	266.938934	-14.454407	5.652307	269.098022	0.326071	0.159903	-0.167113	-0.000039	0.170349	0.000016	0.000035	-0.000008	0.175672	-44.000000	12.000000	1.180000	21.130976
-128.859604	-268.229645	17.884178	266.237823	-14.807469	5.457400	268.617767	0.163077	0.000007	-0.167113	-0.000039	0.170349	0.000016	0.000035	0.000002	-0.000002	-44.000000	12.000000	1.180000	21.119529
-122.912231	-265.735382	17.703529	266.062561	-11.596210	5.457400	267.657288	0.163077	0.000007	-0.000026	-0.000039	0.170349	0.000016	0.000035	0.000002	0.175672	-44.000000	12.000000	1.180000	21.080953
-125.222374	-264.008575	18.426123	263.959290	-13.201839	5.457400	266.856903	0.326071	0.159903	-0.167113	-0.000039	0.170349	0.000016	0.000035	-0.000008	0.175672	-44.000000	12.000000	1.180000	21.048753
-169.185349	-281.084717	37.936161	273.423981	-25.154860	5.652315	279.663452	0.163077	0.159903	-0.167113	-0.000039	0.170349	0.000016	0.000035	-0.000008	0.175672	-44.000000	16.000000	1.180000	21.550537
-165.762009	-281.276581	39.200703	274.931519	-22.478809	5.847213	280.623932	0.163077	0.159903	-0.000026	-0.000039	0.170349	0.000016	0.185698	0.000002	0.175672	-44.000000	16.000000	1.180000	21.580623
-169.545715	-283.195251	36.490974	273.880127	-28.187717	6.237026	281.424347	0.163077	0.159903	-0.000026	0.180138	0.170349	0.000016	0.185698	-0.000008	0.175672	-44.000000	16.000000	1.180000	21.596740
-165.942184	-281.276581	40.645889	275.527252	-19.267551	6.042119	282.064697	0.163077	0.159903	-0.000026	-0.000039	0.170349	0.000016	0.000035	-0.000008	0.175672	-44.000000	16.000000	1.180000	21.629491
-215.850967	-305.451813	60.155930	286.569336	-33.726948	6.042128	300.314056	0.326071	0.000007	-0.000026	-0.000039	0.170349	0.000016	0.000035	-0.000008	-0.000002	-44.000000	20.000000	1.180000	22.333070
-213.869034	-305.259949	60.155930	287.022156	-33.896622	6.237026	301.114441	0.163077	0.159903	-0.000026	-0.000039	0.170349	0.000016	0.000035	0.000002	0.175672	-44.000000	20.000000	1.180000	22.356033
-214.465622	-307.562347	58.349442	287.270447	-35.502247	6.431931	301.914856	0.163077	0.159903	-0.000026	-0.000039	0.170349	0.000016	0.185698	0.000002	0.175672	-44.000000	20.000000	1.180000	22.378974
-218.733765	-310.632202	59.072037	289.023163	-35.689892	6.237026	302.555176	0.326071	0.159903	-0.167113	-0.000039	0.170349	-0.169412	0.000035	-0.000008	0.175672	-44.000000	20.000000	1.180000	22.410581
-273.146973	-335.382996	78.040123	293.930756	-52.807362	6.626838	318.243256	0.326071	0.000007	-0.000026	-0.000039	0.170349	0.000016	0.000035	-0.000008	0.175672	-44.000000	24.000000	1.180000	22.981807
-277.110809	-336.726074	76.052994	294.281311	-54.769794	6.626838	318.723480	0.326071	0.000007	-0.000026	-0.000039	0.170349	0.000016	0.185698	-0.000008	-0.000002	-44.000000	24.000000	1.180000	22.999508
-276.930634	-336.342346	79.485313	294.631866	-54.412991	6.626838	319.203735	0.163077	0.159903	-0.000026	-0.000039	0.170349	0.000016	0.000035	0.000002	-0.000002	-44.000000	24.000000	1.180000	23.017197
-274.948700	-333.464355	80.930504	292.879150	-49.952911	6.431931	319.523895	0.326071	0.159903	-0.000026	-0.000039	-0.000024	0.000016	0.000035	-0.000008	-0.000002	-44.000000	24.000000	1.180000	23.036152
-329.181732	-358.598907	95.382378	292.178040	-71.718109	7.016650	332.490540	0.163077	0.000007	-0.167113	-0.000039	-0.000024	0.000016	0.000035	0.000002	0.175672	-44.000000	28.000000	1.180000	23.487244
-327.379944	-357.447693	97.730812	294.106049	-70.826096	7.016650	332.970764	0.163077	0.000007	-0.167113	-0.000039	0.170349	0.000016	0.000035	-0.000008	0.175672	-44.000000	28.000000	1.180000	23.504565
-322.335052	-354.185944	95.743675	293.404968	-67.989243	7.016659	333.611115	0.326071	0.000007	-0.167113	-0.000039	0.170349	0.000016	0.000035	-0.000008	0.175672	-44.000000	28.000000	1.180000	23.527642
-329.001556	-359.174500	96.466270	294.631866	-72.272026	7.016650	334.091370	0.326071	0.000007	-0.167113	-0.000039	0.170349	0.000016	0.000035	-0.000008	-0.000002	-44.000000	28.000000	1.180000	23.544934
-371.883453	-371.645813	105.137398	274.475586	-90.985657	7.016650	331.690125	0.163077	0.000007	-0.167113	-0.000039	0.170349	0.000016	0.000035	0.000002	0.175672	-44.000000	32.000000	1.180000	23.458346
-370.081696	-373.564484	104.234154	274.756256	-91.520866	6.821744	330.569580	0.163077	0.159903	-0.000026	-0.000039	0.170349	0.000016	0.185698	-0.000008	0.175672	-44.000000	32.000000	1.180000	23.424883
-367.919586	-370.302734	104.414803	272.722870	-89.023224	6.431931	329.448975	0.163077	0.000007	-0.167113	-0.000039	0.170349	0.000016	0.000035	0.000002	0.175672	-44.000000	32.000000	1.180000	23.398429
-366.478180	-370.110870	104.595451	273.949799	-91.877686	6.821752	328.488495	0.163035	0.159903	-0.167113	-0.000039	0.170349	0.000016	0.000035	-0.000008	0.175672	-44.000000	32.000000	1.180000	23.349473
-375.847321	-363.880585	98.453407	234.163101	-108.112381	6.626838	305.436646	0.163077	0.159903	-0.167113	-0.000039	0.170349	0.000016	0.000035	0.000002	-0.000002	-44.000000	36.000000	1.180000	22.504606
-377.108582	-363.779266	98.272758	235.565262	-108.647591	6.626838	304.636261	0.326071	0.159903	-0.000026	-0.000039	0.170349	0.000016	0.000035	-0.000008	0.175672	-44.000000	36.000000	1.180000	22.474446
-373.865387	-361.860596	97.550163	235.039459	-106.149940	6.626838	303.515686	0.163077	0.000007	-0.000026	-0.000039	0.170349	0.000016	0.000035	0.000002	-0.000002	-44.000000	36.000000	1.180000	22.432152
-377.108582	-363.395538	97.911469	233.111450	-107.220360	6.237026	302.715271	0.326071	0.159903	-0.000026	-0.000039	0.170349	0.000016	0.000035	-0.000008	-0.000002	-44.000000	36.000000	1.180000	22.416634
-382.153473	-365.314209	91.046822	203.841080	-127.915138	6.042128	286.867126	0.326071	0.000007	-0.000026	-0.000039	0.170349	-0.169412	0.185698	-0.000008	0.175672	-44.000000	40.000000	1.180000	21.816842
-379.270691	-362.244324	91.950066	202.088364	-125.060692	6.237026	286.226807	0.326071	0.159903	-0.000026	-0.000039	0.170349	0.000016	0.000035	-0.000008	0.175672	-44.000000	40.000000	1.180000	21.784374
-382.513855	-364.930481	90.685524	201.737808	-127.201523	6.042119	285.586487	0.163077	0.159903	-0.000026	-0.000039	0.170349	0.000016	0.185698	0.000002	0.175672	-44.000000	40.000000	1.180000	21.767040
-378.910309	-360.517548	91.950066	202.088364	-122.027832	6.042128	284.946167	0.326071	0.000007	-0.167113	-0.000039	0.170349	0.000016	0.185698	-0.000008	0.175672	-44.000000	40.000000	1.180000	21.742096
-378.549957	-361.668732	84.543472	173.869598	-144.328247	5.652315	271.819427	0.326071	0.000007	-0.167113	-0.000039	0.170349	0.000016	0.000035	-0.000008	-0.000002	-44.000000	44.000000	1.180000	21.239838
-373.865387	-356.779541	84.904770	175.096497	-140.224960	5.457409	271.499268	0.326071	0.159903	-0.167113	-0.000039	0.170349	0.000016	0.000035	-0.000008	0.175672	-44.000000	44.000000	1.180000	21.234840
-372.063629	-355.912750	82.556343	173.869598	-143.079407	5.457409	270.858917	0.326071	0.000007	-0.167113	-0.000039	-0.000024	-0.169412	0.000035	-0.000008	0.175672	-44.000000	44.000000	1.180000	21.209269
-372.964508	-355.145294	83.820877	172.817963	-141.652191	5.652307	270.378693	0.326071	0.159903	-0.167113	-0.000039	0.170349	0.000016	0.000035	-0.000008	-0.000002	-44.000000	44.000000	1.180000	21.182275
103.069237	-408.597992	-389.070129	162.301666	-148.609909	5.457409	282.865082	0.326071	0.000007	-0.167113	-0.000039	0.170349	0.000016	0.000035	-0.000008	-0.000002	-40.000000	-44.000000	1.180000	21.683692
103.096245	-408.867981	-389.431030	161.425308	-148.074707	5.652307	283.665497	0.326071	0.000007	-0.167113	-0.000039	0.170349	-0.169412	0.000035	-0.000008	0.175672	-40.000000	-44.000000	1.180000	21.707344
102.554581	-407.141174	-387.626434	162.301666	-148.609909	5.847213	284.305817	0.326071	0.159903	-0.167113	-0.000039	0.170349	0.000016	0.000035	-0.000008	0.175672	-40.000000	-44.000000	1.180000	21.724727
104.540672	-410.786621	-391.777008	162.301666	-150.215546	5.652307	285.106262	0.163077	0.000007	-0.167113	-0.000039	0.170349	0.000016	0.000035	0.000002	-0.000002	-40.000000	-44.000000	1.180000	21.763519
112.485039	-409.251709	-387.626434	197.531296	-117.210945	6.431931	302.875366	0.326071	0.159903	-0.000026	-0.000039	-0.000024	0.000016	0.000035	-0.000008	-0.000002	-40.000000	-40.000000	1.180000	22.415318
113.929474	-413.472748	-389.972412	197.180756	-119.351776	6.431940	303.675781	0.326071	0.000007	-0.167113	-0.000039	0.170349	0.000016	0.000035	-0.000008	0.175672	-40.000000	-40.000000	1.180000	22.445559
113.929474	-408.981842	-385.280487	198.232376	-118.638176	6.042128	304.476166	0.326071	0.000007	-0.167113	-0.000039	0.170349	-0.169412	0.000035	-0.000008	-0.000002	-40.000000	-40.000000	1.180000	22.490452
112.665604	-418.077545	-396.829865	199.809830	-124.168663	6.626838	304.956421	0.326071	0.000007	-0.000026	-0.000039	0.170349	0.000016	0.000035	-0.000008	-0.000002	-40.000000	-40.000000	1.180000	22.486515
124.730019	-385.759491	-393.220673	229.080215	-87.774406	6.626838	319.683960	0.163077	0.000007	-0.167113	-0.000039	0.170349	0.000016	0.000035	0.000002	-0.000002	-40.000000	-36.000000	1.180000	23.034871
125.484917	-384.224121	-391.416077	230.307114	-84.741547	7.016659	320.324280	0.326071	0.159903	-0.000026	-0.000039	0.170349	0.000016	0.000035	-0.000008	0.175672	-40.000000	-36.000000	1.180000	23.044085
124.221046	-380.769592	-386.363220	231.008209	-81.530296	6.626846	320.804535	0.326071	0.000007	-0.000026	-0.000039	0.170349	-0.169412	0.000035	-0.000008	-0.000002	-40.000000	-36.000000	1.180000	23.076060
125.846031	-386.911011	-393.942505	231.884552	-85.811974	6.821744	321.284790	0.163077	0.000007	-0.167113	-0.000039	0.170349	-0.169412	0.000035	0.000002	-0.000002	-40.000000	-36.000000	1.180000	23.086537
127.798630	-372.325073	-375.174744	261.856018	-56.910637	7.016650	333.931274	0.163077	0.000007	-0.167113	-0.000039	0.170349	-0.169412	0.000035	0.000002	0.175672	-40.000000	-32.000000	1.180000	23.539171
128.012680	-366.657288	-369.400055	261.154968	-55.126610	6.821744	334.411530	0.163077	0.000007	-0.167113	-0.000039	0.170349	0.000016	0.185698	-0.000008	0.175672	-40.000000	-32.000000	1.180000	23.563466
127.979134	-371.749329	-373.550598	262.732391	-54.948204	6.821752	334.571594	0.163077	0.159903	-0.167113	-0.000039	0.170349	-0.169412	0.000035	0.000002	0.175672	-40.000000	-32.000000	1.180000	23.569222
129.095993	-371.262085	-374.272461	261.330231	-56.553833	6.821752	335.372009	0.326071	0.000007	-0.167113	-0.000039	0.170349	0.000016	0.000035	-0.000008	-0.000002	-40.000000	-32.000000	1.180000	23.597984
120.578362	-342.385559	-324.104797	276.053040	-26.403683	6.431940	328.168335	0.326071	0.000007	-0.167113	-0.000039	0.170349	0.000016	0.000035	0.000002	-0.000002	-40.000000	-28.000000	1.180000	23.352000
119.346092	-339.220337	-319.773773	275.702515	-24.441248	6.626838	327.047760	0.163077	0.000007	-0.167113	-0.000039	0.170349	0.000016	0.000035	0.000002	-0.000002	-40.000000	-28.000000	1.180000	23.304213
119.887749	-339.028473	-320.315155	272.898163	-25.154860	6.431931	326.407410	0.163077	0.000007	-0.167113	-0.000039	0.170349	0.000016	0.000035	-0.000008	-0.000002	-40.000000	-28.000000	1.180000	23.288008
119.856346	-339.122894	-320.495605	271.671265	-24.619648	6.431931	325.126770	0.163077	0.159903	-0.167113	-0.000039	-0.000024	-0.169412	0.000035	0.000002	-0.000002	-40.000000	-28.000000	1.180000	23.241358
102.527710	-295.940857	-253.906143	267.990540	0.000022	6.431931	302.644958	0.163077	0.159903	-0.167113	-0.000039	-0.000024	0.000016	0.000035	0.000002	-0.000002	-40.000000	-24.000000	1.180000	22.406605
102.554581	-296.050323	-252.823395	268.691650	0.715301	6.237033	302.074921	0.326071	0.159903	-0.167113	-0.000039	-0.000024	0.000016	0.000035	-0.000008	-0.000002	-40.000000	-24.000000	1.180000	22.392413
101.651817	-294.899139	-252.101562	266.763641	0.536479	6.042128	300.954376	0.326071	0.000007	-0.000026	-0.000039	0.170349	0.000016	0.000035	-0.000008	0.175672	-40.000000	-24.000000	1.180000	22.357354
103.457352	-294.899139	-253.364777	267.114166	-0.178405	6.626838	300.564362	0.163077	0.159903	-0.167113	-0.000039	0.170349	-0.169412	0.185698	0.000002	0.175672	-40.000000	-24.000000	1.180000	22.320376
85.401970	-261.706207	-199.768372	265.010925	18.239658	6.042119	284.946167	0.326071	0.000007	-0.167113	-0.000039	0.170349	0.000016	0.000035	0.000002	0.175672	-40.000000	-20.000000	1.180000	21.742096
84.679756	-264.200439	-202.114349	263.784027	16.630280	5.847221	284.465912	0.326071	0.000007	-0.167113	-0.000039	0.170349	0.000016	0.185698	-0.000008	0.175672	-40.000000	-20.000000	1.180000	21.730970
85.763077	-260.746857	-199.587906	260.804413	18.060839	5.652307	283.505402	0.326071	0.159903	-0.167113	-0.000039	-0.000024	-0.169412	0.000035	-0.000008	0.175672	-40.000000	-20.000000	1.180000	21.701093
85.018578	-263.241119	-201.572968	263.608734	15.736180	6.042119	283.185242	0.163077	0.000007	-0.167113	-0.000039	0.170349	0.000016	0.000035	0.000002	0.175672	-40.000000	-20.000000	1.180000	21.673350
67.888252	-240.600861	-156.999542	258.525879	27.895939	5.652307	270.058533	0.326071	0.000007	-0.167113	-0.000039	0.170349	-0.169412	0.000035	-0.000008	0.175672	-40.000000	-16.000000	1.180000	21.169462
68.068802	-240.792725	-157.901825	257.298981	27.895939	5.652307	269.578278	0.163077	0.159903	-0.167113	-0.000039	0.170349	-0.169412	0.185698	0.000002	-0.000002	-40.000000	-16.000000	1.180000	21.150228
68.953506	-239.900192	-157.540909	256.422607	29.505318	5.457409	269.098022	0.326071	0.159903	-0.167113	-0.000039	0.170349	-0.169412	0.000035	0.000002	-0.000002	-40.000000	-16.000000	1.180000	21.138792
68.772995	-239.516327	-158.443222	257.123688	28.611217	5.652315	268.457703	0.326071	0.000007	-0.167113	-0.000039	0.170349	-0.169412	0.000035	0.000002	-0.000002	-40.000000	-16.000000	1.180000	21.105280
55.249489	-239.065918	-124.877800	271.495972	41.307434	6.042119	276.621887	0.326071	0.000007	-0.167113	-0.000039	0.170349	0.000016	0.000035	-0.000008	0.175672	-40.000000	-12.000000	1.180000	21.415177
55.249489	-238.874054	-124.155960	270.970154	42.559174	5.847213	277.582367	0.163077	0.159903	-0.167113	-0.000039	0.170349	0.000016	0.000035	0.192503	0.175672	-40.000000	-12.000000	1.180000	21.460850
56.152248	-238.682190	-124.877800	273.423981	41.486256	6.237026	278.478149	0.326071	0.159903	-0.000026	-0.000039	0.170349	0.000016	0.000035	0.000002	-0.000002	-40.000000	-12.000000	1.180000	21.480820
56.513355	-240.025253	-126.682388	272.898163	40.234516	5.652315	278.863037	0.326071	0.000007	-0.167113	-0.000039	0.170349	0.000016	0.000035	-0.000008	0.175672	-40.000000	-12.000000	1.180000	21.519039
40.263515	-251.920990	-96.906601	294.982422	51.142532	6.431931	297.363495	0.163077	0.000007	-0.167113	-0.000039	0.170349	0.000016	0.000035	0.000002	-0.000002	-40.000000	-8.000000	1.180000	22.205952
40.985729	-253.264069	-97.808907	296.910400	51.500172	6.431931	297.912811	0.326071	0.000007	-0.000026	-0.000039	0.170349	-0.169412	0.000035	-0.000008	0.175672	-40.000000	-8.000000	1.180000	22.226906
40.263515	-253.072205	-98.350281	295.683472	50.427254	6.431940	299.033386	0.326071	0.159903	-0.167113	-0.000039	0.170349	0.000016	0.000035	-0.000008	-0.000002	-40.000000	-8.000000	1.180000	22.269590
41.888500	-252.304733	-98.350281	298.137299	52.751911	6.431940	299.513611	0.326071	0.000007	-0.167113	-0.000039	0.170349	0.000016	0.000035	-0.000008	0.175672	-40.000000	-8.000000	1.180000	22.287857
16.972073	-267.654053	-65.145782	316.365570	57.580051	7.016650	315.608612	0.163077	0.159903	-0.000026	-0.000039	0.170349	0.000016	0.185698	0.000002	0.175672	-40.000000	-4.000000	1.180000	22.870007
18.416502	-269.956451	-68.213593	317.417175	56.507133	6.821752	316.162170	0.326071	0.000007	-0.167113	-0.000039	0.170349	0.000016	0.000035	-0.000008	0.175672	-40.000000	-4.000000	1.180000	22.897725
16.430412	-270.340179	-66.589455	315.839752	57.043594	6.821744	316.568878	0.163077	0.000007	-0.167113	-0.000039	0.170349	0.000016	0.185698	0.000002	0.175672	-40.000000	-4.000000	1.180000	22.912772
18.958166	-269.380859	-65.145782	316.190277	60.798809	6.431931	317.122650	0.163077	0.159903	-0.167113	-0.000039	0.170349	0.000016	0.185698	-0.000008	-0.000002	-40.000000	-4.000000	1.180000	22.947645
-12.792501	-285.193359	-32.482658	330.387299	57.758873	6.821744	329.609039	0.163077	0.000007	-0.167113	-0.000039	0.170349	-0.169412	0.000035	0.000002	-0.000002	-40.000000	0.000000	1.180000	23.390107
-10.990742	-283.387115	-28.873476	330.212036	62.587013	7.016659	329.929230	0.326071	0.159903	-0.000026	-0.000039	0.170349	0.000016	0.000035	-0.000008	0.175672	-40.000000	0.000000	1.180000	23.394645
-9.188982	-283.387115	-31.399906	330.913116	63.838749	6.821752	330.409485	0.326071	0.000007	-0.167113	-0.000039	0.170349	-0.169412	0.000035	-0.000008	-0.000002	-40.000000	0.000000	1.180000	23.419090
-11.531269	-284.730194	-30.858528	331.789490	61.692913	6.626846	331.049805	0.326071	0.159903	-0.000026	-0.000039	0.170349	0.000016	0.000035	-0.000008	-0.000002	-40.000000	0.000000	1.180000	23.449295
-42.701736	-293.172333	0.361274	335.996002	58.295326	6.626846	334.411530	0.326071	0.159903	-0.167113	-0.000039	0.170349	0.000016	0.000035	-0.000008	-0.000002	-40.000000	4.000000	1.180000	23.570474
-41.620678	-288.839813	3.432299	330.913116	60.441174	6.626846	332.810699	0.326071	0.159903	-0.167113	-0.000039	0.170349	0.000016	0.000035	-0.000008	0.175672	-40.000000	4.000000	1.180000	23.512847
-41.260330	-286.265137	5.600080	331.438934	61.514091	7.016650	331.690125	0.163077	0.000007	-0.167113	-0.000039	0.170349	0.000016	0.000035	0.000002	-0.000002	-40.000000	4.000000	1.180000	23.458346
-40.899975	-287.991943	3.251650	331.438934	62.050549	6.821752	330.569580	0.326071	0.159903	-0.167113	-0.000039	0.170349	0.000016	0.000035	-0.000008	0.175672	-40.000000	4.000000	1.180000	23.424883
-69.367798	-266.886597	35.407082	306.725616	55.255394	6.237033	306.557251	0.326071	0.000007	-0.167113	-0.000039	0.170349	0.000016	0.000035	-0.000008	-0.000002	-40.000000	8.000000	1.180000	22.561412
-65.944450	-264.008575	37.213566	306.024536	56.328308	6.431931	305.756836	0.326071	0.159903	-0.000026	-0.000039	0.170349	0.000016	0.185698	-0.000008	0.175672	-40.000000	8.000000	1.180000	22.523994
-72.250610	-269.380859	32.697353	305.148163	50.248436	6.626838	304.956421	0.163077	0.000007	-0.000026	-0.000039	0.170349	0.000016	0.000035	0.000002	0.175672	-40.000000	8.000000	1.180000	22.486515
-74.412727	-269.380859	33.600597	304.972900	50.248436	6.431940	304.156006	0.326071	0.000007	-0.167113	-0.000039	0.170349	-0.169412	0.000035	-0.000008	0.175672	-40.000000	8.000000	1.180000	22.463683
-97.680977	-253.334595	56.723606	286.043549	44.883835	5.847221	287.827637	0.326071	0.000007	-0.167113	-0.000039	0.170349	0.000016	0.000035	0.000002	-0.000002	-40.000000	12.000000	1.180000	21.861676
-99.637383	-253.072205	57.446201	284.816620	45.062656	6.042128	287.187286	0.326071	0.000007	-0.167113	-0.000039	0.170349	0.000016	0.000035	-0.000008	0.175672	-40.000000	12.000000	1.180000	21.829275
-95.338081	-250.071960	57.988140	284.290833	45.777931	6.042128	286.386902	0.326071	0.000007	-0.167113	-0.000039	0.170349	-0.169412	0.000035	0.000002	-0.000002	-40.000000	12.000000	1.180000	21.798180
-99.277031	-251.799225	55.639713	280.785400	44.168556	6.042128	285.906647	0.326071	0.000007	-0.167113	-0.000039	-0.000024	-0.169412	0.000035	0.000002	0.175672	-40.000000	12.000000	1.180000	21.779501
-126.516693	-243.738586	73.162621	264.660400	35.227554	5.652315	272.619843	0.326071	0.000007	-0.000026	0.180138	-0.000024	0.000016	0.000035	0.000002	-0.000002	-40.000000	16.000000	1.180000	21.271750
-127.204330	-244.054459	74.065865	265.887268	34.691097	5.652307	272.299652	0.326071	0.000007	-0.167113	-0.000039	0.170349	0.000016	0.000035	-0.000008	-0.000002	-40.000000	16.000000	1.180000	21.258990
-129.006088	-243.670731	74.065865	265.186218	34.333454	5.457400	271.436188	0.163077	0.159903	-0.000026	-0.000039	0.170349	0.000016	0.000035	0.000002	-0.000002	-40.000000	16.000000	1.180000	21.232322
-129.006088	-245.013794	72.981972	265.887268	33.618176	6.042119	271.116089	0.163077	0.159903	-0.167113	-0.000039	0.170349	0.000016	0.000035	0.000002	-0.000002	-40.000000	16.000000	1.180000	21.196177
-165.041321	-253.264069	88.156441	258.350586	21.100777	5.652315	271.179077	0.326071	0.159903	-0.000026	-0.000039	0.170349	0.000016	0.000035	-0.000008	0.175672	-40.000000	20.000000	1.180000	21.214273
-165.221466	-253.264069	91.227470	260.103302	24.498358	5.652315	272.299652	0.326071	0.159903	-0.167113	-0.000039	0.170349	0.000016	0.000035	-0.000008	0.175672	-40.000000	20.000000	1.180000	21.258990
-169.185349	-256.525787	90.324226	262.381836	20.206676	5.652315	272.940002	0.326071	0.000007	-0.167113	-0.000039	0.170349	0.000016	0.000035	-0.000008	0.175672	-40.000000	20.000000	1.180000	21.284501
-165.401657	-254.798996	90.143578	260.278595	23.604258	5.652315	273.740417	0.326071	0.159903	-0.000026	-0.000039	0.170349	0.000016	0.000035	-0.000008	0.175672	-40.000000	20.000000	1.180000	21.316346
-219.454483	-282.122620	110.918152	267.815277	7.689281	6.042128	292.309937	0.326071	0.159903	-0.167113	-0.000039	0.170349	0.000016	0.000035	-0.000008	0.175672	-40.000000	24.000000	1.180000	22.027249
-221.976929	-285.497650	111.279449	269.918549	9.298660	6.042128	293.430481	0.326071	0.000007	-0.167113	-0.000039	0.170349	0.000016	0.000035	-0.000008	-0.000002	-40.000000	24.000000	1.180000	22.070318
-221.076050	-285.001434	113.085937	270.794891	10.192760	6.237026	293.842468	0.163077	0.000007	-0.167113	-0.000039	0.170349	-0.169412	0.000035	0.000002	0.175672	-40.000000	24.000000	1.180000	22.078651
-221.256241	-284.346466	114.711777	270.970154	12.517420	6.042128	294.711182	0.326071	0.000007	-0.167113	-0.000039	-0.000024	-0.169412	0.000035	0.192503	-0.000002	-40.000000	24.000000	1.180000	22.119440
-279.993652	-315.045135	130.970139	273.248688	-9.455374	6.626838	311.127350	0.163077	0.000007	-0.167113	-0.000039	0.170349	0.000016	0.000035	0.000002	0.175672	-40.000000	28.000000	1.180000	22.717891
-278.191864	-315.237000	129.886246	273.949799	-8.563356	7.016650	311.839935	0.326071	0.000007	-0.167113	-0.000039	-0.000024	0.000016	0.000035	-0.000008	-0.000002	-40.000000	28.000000	1.180000	22.729928
-279.453125	-315.324799	131.331436	273.949799	-9.455374	6.431940	312.640381	0.326071	0.159903	-0.167113	-0.000039	0.170349	0.000016	0.000035	-0.000008	-0.000002	-40.000000	28.000000	1.180000	22.781513
-278.912598	-316.771942	131.331436	274.475586	-7.849745	6.626838	313.120605	0.326071	0.159903	-0.167113	-0.000039	0.170349	0.000016	0.000035	-0.000008	0.175672	-40.000000	28.000000	1.180000	22.792125
-334.226654	-342.865814	146.144608	269.392731	-27.652506	6.431940	325.767090	0.326071	0.000007	-0.167113	-0.000039	0.170349	0.000016	0.185698	-0.000008	0.175672	-40.000000	32.000000	1.180000	23.264694
-340.532837	-347.567413	145.602661	269.567993	-31.577377	6.821744	326.011505	0.163077	0.159903	-0.167113	-0.000039	0.170349	0.000016	0.185698	0.000002	0.175672	-40.000000	32.000000	1.180000	23.259398
-335.127533	-342.098358	145.422028	268.516357	-30.150152	6.821752	326.727570	0.326071	0.000007	-0.000026	-0.000039	0.170349	0.000016	0.000035	-0.000008	0.175672	-40.000000	32.000000	1.180000	23.285473
-341.794067	-349.678497	145.422028	270.794891	-30.863764	7.016650	327.131836	0.163077	0.000007	-0.167113	-0.000039	0.170349	0.000016	0.000035	0.000002	-0.000002	-40.000000	32.000000	1.180000	23.293091
-397.828827	-380.001892	154.635086	260.804413	-60.835510	7.406462	339.854340	0.163077	0.000007	-0.167113	-0.000039	0.170349	0.000016	0.000035	0.000002	-0.000002	-40.000000	36.000000	1.180000	23.737544
-395.666687	-379.320496	152.106018	259.226959	-61.549126	6.821744	340.255493	0.163077	0.000007	-0.167113	-0.000039	0.170349	0.000016	0.000035	0.000002	0.175672	-40.000000	36.000000	1.180000	23.772714
-397.288300	-376.931152	152.467316	259.402222	-67.436432	7.016650	340.575623	0.163077	0.000007	-0.167113	-0.000039	0.170349	0.000016	0.000035	0.192565	-0.000002	-40.000000	36.000000	1.180000	23.777177
-401.612518	-381.622894	154.635086	261.680756	-60.835510	7.211556	341.134979	0.326071	0.000007	-0.167113	-0.000039	0.170349	-0.169412	0.000035	-0.000008	0.175672	-40.000000	36.000000	1.180000	23.790164
-403.774628	-376.163483	142.170349	220.667175	-89.380035	7.016650	316.322235	0.163077	0.000007	-0.167113	-0.000039	0.170349	-0.169412	0.000035	0.000002	0.175672	-40.000000	40.000000	1.180000	22.896435
-397.468475	-368.192200	142.892944	220.141357	-83.671127	6.626838	315.201691	0.326071	0.000007	-0.167113	-0.000039	0.170349	0.000016	0.000035	-0.000008	0.175672	-40.000000	40.000000	1.180000	22.869373
-405.576385	-376.058746	140.905807	219.790802	-87.417603	6.626846	314.081085	0.326071	0.000007	-0.167113	-0.000039	0.170349	0.000016	0.185698	-0.000008	0.175672	-40.000000	40.000000	1.180000	22.827809
-398.729706	-369.343414	143.073578	218.388641	-87.774406	6.626846	313.120605	0.326071	0.000007	-0.167113	-0.000039	0.170349	0.000016	0.185698	-0.000008	0.175672	-40.000000	40.000000	1.180000	22.792125
-391.702820	-365.506073	131.512070	183.334274	-110.253220	6.042128	293.910767	0.326071	0.159903	-0.167113	-0.000039	0.170349	0.000016	0.000035	-0.000008	-0.000002	-40.000000	44.000000	1.180000	22.088752
-392.964050	-367.335144	129.524948	182.457916	-110.253220	6.042128	293.110321	0.163077	0.000007	-0.000026	-0.000039	0.170349	0.000016	0.000035	0.000002	0.175672	-40.000000	44.000000	1.180000	22.058021
-393.684753	-369.919006	128.621704	183.509552	-114.178093	6.237026	292.630096	0.326071	0.000007	-0.167113	-0.000039	0.170349	-0.169412	0.000035	-0.000008	0.175672	-40.000000	44.000000	1.180000	22.032067
-392.243347	-368.102844	127.537811	181.231018	-114.713303	5.847221	291.989777	0.326071	0.000007	-0.000026	-0.000039	0.170349	0.000016	0.000035	-0.000008	0.175672	-40.000000	44.000000	1.180000	22.022429
134.151505	-368.384064	-343.233459	150.558456	-107.755577	5.847213	272.876617	0.163077	0.000007	-0.167113	-0.000039	0.170349	0.000016	0.000035	0.000002	0.175672	-36.000000	-44.000000	1.180000	21.274215
133.574844	-370.789734	-344.135773	148.279922	-106.863548	5.847213	272.236420	0.163077	0.159903	-0.167113	-0.000039	0.170349	0.000016	0.000035	0.000002	0.175672	-36.000000	-44.000000	1.180000	21.248698
133.429276	-368.294769	-343.053009	148.805740	-107.755577	5.652315	271.819427	0.326071	0.159903	-0.000026	-0.000039	0.170349	0.000016	0.185698	-0.000008	-0.000002	-36.000000	-44.000000	1.180000	21.239838
134.332062	-365.697937	-341.428864	148.805740	-107.041954	5.847221	271.179077	0.326071	0.159903	-0.167113	-0.000039	0.170349	0.000016	0.000035	0.192503	0.175672	-36.000000	-44.000000	1.180000	21.206485
138.448517	-344.112823	-315.623199	173.869598	-71.896515	5.847213	273.516785	0.163077	0.000007	-0.167113	-0.000039	0.170349	-0.169412	0.000035	0.000002	-0.000002	-36.000000	-40.000000	1.180000	21.299701
140.290329	-346.223938	-318.149628	174.570694	-72.253319	6.042119	274.317017	0.163077	0.000007	-0.167113	-0.000039	0.170349	0.000016	0.000035	0.000002	0.175672	-36.000000	-40.000000	1.180000	21.323771
139.929230	-347.662476	-318.510559	173.694336	-71.539711	5.847221	275.181122	0.326071	0.000007	-0.167113	-0.000039	0.170349	0.000016	0.000035	-0.000008	0.175672	-36.000000	-40.000000	1.180000	21.365817
139.531540	-352.365417	-322.119751	173.694336	-74.572556	5.847213	275.981567	0.163077	0.000007	-0.167113	-0.000039	-0.000024	-0.169412	0.000035	0.000002	-0.000002	-36.000000	-40.000000	1.180000	21.397543
151.665222	-332.313141	-318.510559	206.294876	-39.070316	6.431940	294.711182	0.326071	0.000007	-0.167113	-0.000039	0.170349	0.000016	0.000035	-0.000008	0.175672	-36.000000	-36.000000	1.180000	22.104499
150.722946	-334.324890	-321.217438	208.398148	-38.178295	6.237033	295.351501	0.326071	0.000007	-0.167113	-0.000039	0.170349	0.000016	0.185698	-0.000008	0.175672	-36.000000	-36.000000	1.180000	22.136498
152.528015	-334.708740	-321.758820	208.047592	-38.356701	6.237033	296.151886	0.326071	0.000007	-0.167113	-0.000039	0.170349	0.000016	0.000035	-0.000008	0.175672	-36.000000	-36.000000	1.180000	22.167118
152.387436	-334.807404	-321.939270	208.222870	-38.713505	6.431931	296.883331	0.163077	0.159903	-0.167113	-0.000039	0.170349	0.000016	0.000035	0.000002	0.175672	-36.000000	-36.000000	1.180000	22.187620
159.248474	-320.033661	-313.638153	239.245972	-4.460082	6.821744	312.640381	0.163077	0.000007	-0.167113	-0.000039	0.170349	0.000016	0.000035	0.000002	-0.000002	-36.000000	-32.000000	1.180000	22.767008
158.887375	-318.114990	-311.653107	240.648148	-4.460082	6.626846	313.120605	0.326071	0.000007	-0.000026	-0.000039	0.170349	0.000016	0.000035	-0.000008	0.175672	-36.000000	-32.000000	1.180000	22.792125
160.331802	-319.458069	-312.735870	239.947067	-4.460082	6.626838	313.600861	0.163077	0.000007	-0.167113	-0.000039	0.170349	0.000016	0.185698	0.000002	-0.000002	-36.000000	-32.000000	1.180000	22.809975
159.970703	-316.860168	-308.224365	239.421249	-1.427228	6.626838	314.008148	0.163077	0.159903	-0.167113	-0.000039	0.170349	0.000016	0.000035	0.000002	-0.000002	-36.000000	-32.000000	1.180000	22.825102
160.873459	-302.381958	-282.057770	270.794891	28.432398	6.626846	325.767090	0.326071	0.000007	-0.167113	-0.000039	-0.000024	0.000016	0.000035	-0.000008	0.175672	-36.000000	-28.000000	1.180000	23.257594
161.914368	-305.536896	-284.945129	270.093811	27.359476	6.821744	326.171539	0.163077	0.159903	-0.167113	-0.000039	0.170349	0.000016	0.000035	0.000002	-0.000002	-36.000000	-28.000000	1.180000	23.265228
159.748276	-303.617676	-283.320984	270.269104	26.465378	7.016650	326.887665	0.163077	0.159903	-0.167113	-0.000039	0.170349	0.000016	0.000035	0.000002	-0.000002	-36.000000	-28.000000	1.180000	23.284206
160.873459	-302.765686	-280.975037	271.671265	30.220596	7.016650	327.451935	0.163077	0.159903	-0.000026	-0.000039	0.170349	0.000016	0.185698	0.000002	-0.000002	-36.000000	-28.000000	1.180000	23.304734
158.123718	-293.829742	-248.311905	297.085663	55.791851	7.016659	339.534149	0.163077	0.000007	-0.167113	-0.000039	0.170349	0.000016	0.000035	0.000002	-0.000002	-36.000000	-24.000000	1.180000	23.740029
159.067932	-292.021149	-246.868240	298.312561	58.831791	7.406462	339.615326	0.163077	0.000007	-0.167113	-0.000039	0.170349	0.000016	0.185698	0.000002	-0.000002	-36.000000	-24.000000	1.180000	23.729009
158.526276	-296.132782	-249.755569	298.312561	57.580051	7.211564	340.654724	0.326071	0.000007	-0.167113	-0.000039	0.170349	0.000016	0.000035	-0.000008	0.175672	-36.000000	-24.000000	1.180000	23.773049
158.165161	-297.201538	-251.379715	297.436188	54.540112	7.211564	340.974884	0.326071	0.000007	-0.167113	-0.000039	0.170349	-0.169412	0.000035	-0.000008	-0.000002	-36.000000	-24.000000	1.180000	23.784460
138.845901	-252.112869	-189.121277	288.146820	76.713791	6.237033	315.681915	0.326071	0.159903	-0.167113	-0.000039	0.170349	0.000016	0.000035	-0.000008	0.175672	-36.000000	-20.000000	1.180000	22.901591
135.595932	-251.729126	-186.594849	286.569336	75.283234	6.431940	314.721405	0.326071	0.159903	-0.167113	-0.000039	0.170349	0.000016	0.000035	-0.000008	0.175672	-36.000000	-20.000000	1.180000	22.858795
133.935852	-249.112350	-183.707504	287.095154	75.819687	6.626846	313.760925	0.163077	0.000007	-0.167113	-0.000039	0.170349	-0.169412	0.000035	0.000002	-0.000002	-36.000000	-20.000000	1.180000	22.815921
133.068176	-250.002335	-185.151184	288.322052	74.925591	6.626846	312.800446	0.326071	0.159903	-0.167113	-0.000039	0.170349	0.000016	0.000035	-0.000008	-0.000002	-36.000000	-20.000000	1.180000	22.780217
111.733551	-220.708176	-134.081223	278.331573	86.370064	6.237033	293.430481	0.163077	0.000007	-0.167113	-0.000039	0.170349	0.000016	0.000035	0.000002	-0.000002	-36.000000	-16.000000	1.180000	22.062832
111.040619	-222.565369	-136.246735	280.610107	85.475967	5.847221	292.630096	0.326071	0.000007	-0.167113	-0.000039	0.170349	0.000016	0.000035	-0.000008	-0.000002	-36.000000	-16.000000	1.180000	22.047056
111.011520	-219.940491	-132.998459	277.981018	87.085350	5.847221	291.989777	0.326071	0.000007	-0.167113	-0.000039	0.170349	0.000016	0.000035	0.000002	0.175672	-36.000000	-16.000000	1.180000	22.022429
110.289490	-221.859680	-135.705338	275.877777	84.224228	6.431940	291.509521	0.326071	0.000007	-0.167113	-0.000039	0.170349	0.000016	0.000035	0.000002	0.175672	-36.000000	-16.000000	1.180000	21.981409
90.096375	-200.884445	-90.770996	270.619598	92.092308	6.042119	277.197815	0.163077	0.000007	-0.167113	-0.000039	0.170349	0.000016	0.000035	-0.000008	0.175672	-36.000000	-12.000000	1.180000	21.437955
87.184662	-200.940399	-88.605484	270.619598	90.840569	6.042128	276.621887	0.326071	0.000007	-0.167113	-0.000039	0.170349	-0.169412	0.000035	0.000002	-0.000002	-36.000000	-12.000000	1.180000	21.415177
88.471390	-199.349518	-86.800888	270.619598	92.271126	6.042119	276.237549	0.163077	0.159903	-0.167113	-0.000039	0.170349	0.000016	0.185698	-0.000008	-0.000002	-36.000000	-12.000000	1.180000	21.399962
89.735260	-198.061600	-87.703186	269.392731	92.807587	5.847221	275.597351	0.163077	0.159903	-0.167113	-0.000039	0.170349	0.000016	0.000035	0.000002	-0.000002	-36.000000	-12.000000	1.180000	21.382320
68.068802	-190.331772	-50.528584	264.485107	96.026344	5.652307	267.275055	0.326071	0.159903	-0.167113	-0.000039	0.170349	0.000016	0.000035	-0.000008	0.175672	-36.000000	-8.000000	1.180000	21.057739
67.527138	-193.401642	-52.694096	266.413116	95.311066	5.457409	267.977448	0.326071	0.000007	-0.167113	-0.000039	0.170349	0.000016	0.185698	-0.000008	0.175672	-36.000000	-8.000000	1.180000	21.093820
71.138214	-188.221237	-49.445827	265.536743	97.993370	5.847213	268.875488	0.163077	0.000007	-0.167113	-0.000039	0.170349	0.000016	0.000035	0.000002	0.175672	-36.000000	-8.000000	1.180000	21.114229
71.679878	-190.523636	-50.709045	264.485107	99.245110	5.457409	269.898437	0.326071	0.159903	-0.167113	-0.000039	0.170349	0.000016	0.000035	-0.000008	-0.000002	-36.000000	-8.000000	1.180000	21.170856
52.721729	-207.273773	-21.655109	288.322052	107.470825	6.237026	289.041138	0.163077	0.159903	-0.167113	-0.000039	0.170349	0.000016	0.000035	0.000002	0.175672	-36.000000	-4.000000	1.180000	21.893583
53.443947	-207.216049	-20.391895	289.198425	108.543747	6.042119	289.841339	0.163077	0.000007	-0.167113	-0.000039	0.170349	0.000016	0.000035	-0.000008	0.175672	-36.000000	-4.000000	1.180000	21.932069
54.512981	-205.546478	-20.391895	290.250061	110.868401	6.042128	290.709106	0.326071	0.000007	-0.167113	-0.000039	0.170349	0.000016	0.000035	0.000002	0.175672	-36.000000	-4.000000	1.180000	21.965574
56.152248	-206.256714	-20.933271	288.672607	110.868401	6.237026	291.189362	0.326071	0.000007	-0.167113	-0.000039	0.170349	0.000016	0.000035	-0.000008	-0.000002	-36.000000	-4.000000	1.180000	21.976580
30.333055	-222.949112	11.561481	307.601990	119.272942	6.431931	307.766388	0.163077	0.000007	-0.167113	-0.000039	-0.000024	0.000016	0.000035	0.000002	-0.000002	-36.000000	0.000000	1.180000	22.599477
32.860806	-221.989777	10.116293	308.303040	118.021210	6.237033	308.798370	0.326071	0.000007	-0.167113	-0.000039	0.170349	0.000016	0.371220	-0.000008	-0.000002	-36.000000	0.000000	1.180000	22.645437
29.069178	-223.140976	12.826020	309.705231	119.094116	6.237033	309.118561	0.326071	0.159903	-0.000026	-0.000039	0.170349	0.000016	0.000035	-0.000008	0.175672	-36.000000	0.000000	1.180000	22.657417
30.513611	-220.838577	13.367966	308.478333	120.524681	6.237033	309.918976	0.326071	0.000007	-0.167113	-0.000039	0.170349	-0.169412	0.000035	-0.000008	0.175672	-36.000000	0.000000	1.180000	22.687335
1.624997	-237.914719	44.620155	322.324799	123.564613	6.821744	323.045685	0.326071	0.000007	-0.167113	-0.000039	0.170349	-0.169412	0.000035	-0.000008	-0.000002	-36.000000	4.000000	1.180000	23.151086
1.083336	-236.829453	45.342751	323.025879	123.385796	6.626838	323.130707	0.163077	0.000007	-0.167113	-0.000039	0.170349	0.000016	0.000035	0.000002	0.175672	-36.000000	4.000000	1.180000	23.161331
-0.180177	-237.980988	45.523396	324.252777	123.743439	6.626846	323.846100	0.326071	0.000007	-0.167113	-0.000039	0.170349	0.000016	0.000035	-0.000008	-0.000002	-36.000000	4.000000	1.180000	23.187491
3.430536	-237.147247	46.065342	325.129150	126.783379	6.626846	324.486450	0.326071	0.000007	-0.000026	-0.000039	0.170349	-0.169412	0.000035	-0.000008	0.175672	-36.000000	4.000000	1.180000	23.210884
-34.053284	-249.426727	82.014397	335.470184	126.604561	6.821752	337.132935	0.326071	0.159903	-0.167113	-0.000039	0.170349	-0.169412	0.185698	-0.000008	-0.000002	-36.000000	8.000000	1.180000	23.661138
-35.864418	-250.263885	82.556343	336.521790	128.571579	6.626846	337.613159	0.163077	0.000007	-0.167113	-0.000039	0.170349	-0.169412	0.000035	0.000002	-0.000002	-36.000000	8.000000	1.180000	23.685307
-32.251522	-246.932465	83.278938	335.820740	128.035110	6.821752	338.253479	0.326071	0.000007	-0.167113	-0.000039	0.170349	0.000016	0.000035	-0.000008	0.175672	-36.000000	8.000000	1.180000	23.701238
-34.954163	-251.415390	79.846611	336.872345	126.425743	7.211556	338.655060	0.163077	0.000007	-0.167113	-0.000039	0.170349	0.000016	0.000035	0.000002	0.175672	-36.000000	8.000000	1.180000	23.701660
-72.250610	-243.286987	104.053505	317.592468	111.941315	6.431940	321.444885	0.326071	0.000007	-0.167113	-0.000039	0.170349	0.000016	0.000035	-0.000008	-0.000002	-36.000000	12.000000	1.180000	23.106714
-71.349731	-240.859787	104.956749	315.839752	112.477783	6.626846	320.164215	0.326071	0.000007	-0.167113	-0.000039	0.170349	0.000016	0.000035	-0.000008	-0.000002	-36.000000	12.000000	1.180000	23.052532
-70.809204	-241.627457	102.247025	314.437561	110.689583	6.821752	319.203735	0.326071	0.000007	-0.167113	-0.000039	0.170349	0.000016	0.000035	0.000002	-0.000002	-36.000000	12.000000	1.180000	23.010020
-69.187622	-238.172913	102.969620	312.860138	110.689583	7.016650	318.009277	0.163077	0.000007	-0.167113	-0.000039	0.170349	-0.169412	0.000035	0.000002	0.175672	-36.000000	12.000000	1.180000	22.958792
-102.700378	-232.350586	117.963440	290.425323	92.986404	6.626838	297.363495	0.163077	0.000007	-0.167113	-0.000039	0.170349	0.000016	0.000035	0.000002	0.175672	-36.000000	16.000000	1.180000	22.198514
-101.619324	-229.856308	117.782799	287.796265	94.774612	6.237033	296.632141	0.489109	0.000007	-0.167113	-0.000039	0.170349	0.000016	0.000035	-0.000008	0.175672	-36.000000	16.000000	1.180000	22.185471
-105.583199	-231.774979	116.337608	286.218811	90.304108	6.237026	295.763031	0.163077	0.159903	-0.167113	-0.000039	0.170349	0.000016	0.000035	-0.000008	0.175672	-36.000000	16.000000	1.180000	22.152247
-106.303894	-231.071854	117.060204	287.445709	90.840569	6.431931	295.122864	0.163077	0.000007	-0.167113	-0.000039	0.170349	0.000016	0.000035	0.000002	-0.000002	-36.000000	16.000000	1.180000	22.120277
-136.213135	-231.391251	128.441071	265.887268	76.356148	6.237026	280.878845	0.326151	0.159903	-0.167113	-0.000039	0.170349	-0.169412	0.000035	0.000002	0.175672	-36.000000	20.000000	1.180000	21.575324
-136.573471	-229.344559	129.705597	265.712006	77.429070	5.847221	280.143677	0.326071	0.159903	-0.167113	-0.000039	0.170349	0.000016	0.000035	0.000002	-0.000002	-36.000000	20.000000	1.180000	21.561754
-136.393311	-230.623779	128.260406	263.784027	76.356148	5.847221	279.823517	0.326071	0.000007	-0.167113	-0.000039	0.170349	0.000016	0.185608	-0.000008	0.175672	-36.000000	20.000000	1.180000	21.549167
-134.591537	-228.193054	128.441071	264.309845	77.250252	6.042119	279.118347	0.163077	0.000007	-0.167113	-0.000039	0.170349	0.000016	0.000035	0.000002	-0.000002	-36.000000	20.000000	1.180000	21.513741
-166.302521	-228.896973	131.873367	240.472870	57.580051	5.457400	263.593994	0.163077	0.000007	-0.167113	-0.000039	0.170349	-0.169412	0.000035	-0.000008	-0.000002	-36.000000	24.000000	1.180000	20.916971
-164.861130	-225.698090	132.957260	238.720154	57.937691	5.262503	262.793793	0.326071	0.000007	-0.167113	-0.000039	0.170349	0.000016	0.000035	0.000002	-0.000002	-36.000000	24.000000	1.180000	20.892432
-165.221466	-227.170181	130.970139	238.895416	55.613033	5.067596	262.374573	0.326071	0.000007	-0.167113	-0.000039	0.170349	0.000016	0.000035	-0.000008	0.175672	-36.000000	24.000000	1.180000	20.883331
-163.960236	-224.484039	132.234665	237.317978	56.328308	5.457400	261.833496	0.326151	0.000007	-0.167113	-0.000039	0.170349	0.000016	0.000035	0.000002	0.175672	-36.000000	24.000000	1.180000	20.845521
-206.301620	-242.327652	139.099319	227.853317	35.585197	5.652307	262.473663	0.326071	0.000007	-0.167113	-0.000039	0.170349	0.000016	0.000035	-0.000008	0.175672	-36.000000	28.000000	1.180000	20.863615
-206.121445	-242.519516	139.279968	226.801682	37.015759	5.457409	263.335083	0.326071	0.000007	-0.167113	-0.000039	0.170349	0.000016	0.000035	-0.000008	-0.000002	-36.000000	28.000000	1.180000	20.906478
-206.661972	-243.862595	141.628403	229.430740	39.161594	5.652307	264.074127	0.163077	0.000007	-0.167113	-0.000039	0.170349	-0.169412	0.000035	0.192565	-0.000002	-36.000000	28.000000	1.180000	20.928523
-204.860199	-242.587082	143.073578	229.606018	40.055698	5.262503	265.095978	0.326071	0.000007	-0.167113	-0.000039	0.170349	-0.169412	0.000035	0.000002	-0.000002	-36.000000	28.000000	1.180000	20.985607
-267.921844	-281.738770	159.693253	230.307114	17.524378	5.457409	284.399841	0.163077	0.000007	-0.167113	-0.000039	0.170349	0.000016	0.000035	0.000002	-0.000002	-36.000000	32.000000	1.180000	21.743592
-270.083954	-283.849884	159.331955	232.410370	19.312580	5.847213	285.200043	0.163077	0.000007	-0.167113	-0.000039	0.170349	-0.169412	0.000035	0.000002	-0.000002	-36.000000	32.000000	1.180000	21.759582
-264.138153	-279.243805	159.693253	230.131836	19.312580	5.652315	285.746582	0.326071	0.000007	-0.000026	-0.000039	0.170349	0.000016	0.185698	-0.000008	0.175672	-36.000000	32.000000	1.180000	21.788438
-272.065918	-284.617554	160.596497	232.585648	16.987919	6.042128	286.707062	0.326071	0.000007	-0.167113	-0.000039	-0.000024	0.000016	0.000035	-0.000008	0.175672	-36.000000	32.000000	1.180000	21.810624
-328.280823	-318.690582	173.603180	226.100586	-8.028146	6.237026	302.004791	0.326071	0.000007	-0.167113	-0.000039	0.170349	-0.169412	0.000035	0.000002	-0.000002	-36.000000	36.000000	1.180000	22.389759
-326.659271	-316.004456	171.977341	224.523163	-10.168986	6.237026	302.644958	0.163077	0.000007	-0.167113	-0.000039	0.170349	-0.169412	0.000035	0.000002	-0.000002	-36.000000	36.000000	1.180000	22.413976
-331.163666	-320.225525	172.338638	227.327499	-11.774615	6.237033	302.875366	0.326071	0.000007	-0.167113	-0.000039	0.170349	-0.169412	0.185608	-0.000008	-0.000002	-36.000000	36.000000	1.180000	22.422686
-327.560120	-317.923126	173.061234	225.574783	-7.849745	6.042128	303.835846	0.326071	0.000007	-0.167113	-0.000039	0.170349	0.000016	0.185608	-0.000008	-0.000002	-36.000000	36.000000	1.180000	22.466311
-380.531921	-349.678497	182.816254	214.532654	-43.530396	6.431940	317.442810	0.326071	0.000007	-0.167113	-0.000039	0.170349	0.000016	0.000035	-0.000008	-0.000002	-36.000000	40.000000	1.180000	22.959466
-377.829254	-346.223938	181.009766	213.656296	-46.028042	6.431931	317.689178	0.163077	0.000007	-0.167113	0.180138	-0.000024	0.000016	0.000035	0.000002	0.175672	-36.000000	40.000000	1.180000	22.968557
-384.135437	-350.540497	183.538849	215.058456	-44.422409	6.626838	318.329376	0.163077	0.000007	-0.167113	-0.000039	0.170349	-0.169412	0.000035	0.000002	-0.000002	-36.000000	40.000000	1.180000	22.984982
-384.675964	-351.789612	184.803391	216.635925	-45.492832	6.237026	319.129578	0.163077	0.000007	-0.167113	-0.000039	-0.000024	-0.169412	0.000035	0.000002	0.175672	-36.000000	40.000000	1.180000	23.028816
-433.683868	-399.961609	185.525986	198.057114	-90.093643	6.821752	332.490540	0.326071	0.000007	-0.167113	-0.000039	0.170349	-0.169412	0.000035	-0.000008	0.175672	-36.000000	44.000000	1.180000	23.494276
-432.963165	-398.426239	184.984039	199.985092	-90.093643	7.211564	333.290955	0.163077	0.159903	-0.167113	-0.000039	0.170349	-0.169412	0.000035	0.000002	-0.000002	-36.000000	44.000000	1.180000	23.509081
-430.440674	-395.547424	185.525986	199.809830	-89.915245	7.016659	333.931274	0.326071	0.000007	-0.167113	-0.000039	0.170349	-0.169412	0.000035	0.000002	-0.000002	-36.000000	44.000000	1.180000	23.539171
-428.458771	-394.203979	187.693756	198.758194	-89.736839	7.406462	334.013763	0.163077	0.000007	-0.167113	-0.000039	0.170349	-0.169412	0.185698	0.000002	0.175672	-36.000000	44.000000	1.180000	23.528104
192.470383	-422.992004	-390.513794	164.229660	-99.013809	6.626846	319.683960	0.326071	0.159903	-0.167113	-0.000039	0.170349	-0.169412	0.000035	0.000002	0.175672	-32.000000	-44.000000	1.180000	23.034871
193.192596	-418.461273	-385.641388	160.548950	-96.516159	6.431940	318.563416	0.326071	0.000007	-0.167113	-0.000039	0.170349	-0.169412	0.000035	-0.000008	0.175672	-32.000000	-44.000000	1.180000	23.000791
193.373154	-421.531158	-389.250580	163.353302	-98.121796	6.626838	317.689178	0.326071	0.000007	-0.167113	-0.000039	-0.000024	0.000016	0.000035	-0.000008	-0.000002	-32.000000	-44.000000	1.180000	22.961366
192.831497	-420.955566	-389.972412	160.724228	-100.441032	6.626838	316.888947	0.326071	0.000007	-0.167113	-0.000039	0.170349	0.000016	0.000035	-0.000008	0.175672	-32.000000	-44.000000	1.180000	22.931812
184.526016	-353.133087	-322.661102	178.076126	-44.244007	6.237033	298.232971	0.326071	0.000007	-0.167113	-0.000039	0.170349	-0.169412	0.000035	-0.000008	-0.000002	-32.000000	-40.000000	1.180000	22.246536
185.067673	-354.092682	-323.202484	177.375046	-44.957623	6.237026	297.363495	0.326151	0.000007	-0.167113	-0.000039	0.170349	0.000016	0.000035	0.000002	0.175672	-32.000000	-40.000000	1.180000	22.213390
185.970459	-351.405792	-322.480652	178.952484	-42.638378	6.237026	296.723297	0.326071	0.000007	-0.167113	-0.000039	0.170349	-0.169412	0.000035	0.000002	-0.000002	-32.000000	-40.000000	1.180000	22.188952
182.720474	-351.405792	-323.202484	179.303024	-46.563248	6.042119	296.083099	0.163077	0.000007	-0.167113	-0.000039	0.170349	-0.169412	0.000035	0.000002	-0.000002	-32.000000	-40.000000	1.180000	22.171939
174.595566	-294.131683	-279.711823	188.241898	-5.173694	6.042128	278.222687	0.489109	0.000007	-0.167113	-0.000039	0.170349	-0.169412	0.185608	-0.000008	0.175672	-32.000000	-36.000000	1.180000	21.478431
174.414993	-291.334778	-275.741699	187.190262	-2.854452	5.847221	277.422302	0.489109	0.000007	-0.167113	-0.000039	0.170349	0.000016	0.000035	-0.000008	0.175672	-32.000000	-36.000000	1.180000	21.454527
174.188797	-295.173187	-277.365845	185.262268	-5.708905	5.847221	276.942047	0.489109	0.159903	-0.167113	-0.000039	-0.000024	0.000016	0.000035	0.000002	0.175672	-32.000000	-36.000000	1.180000	21.435549
173.151123	-294.597412	-278.989990	186.664429	-7.314534	5.847221	276.461823	0.326071	0.000007	-0.167113	-0.000039	0.170349	-0.169412	0.000035	0.000002	-0.000002	-32.000000	-36.000000	1.180000	21.416554
165.387314	-243.930496	-236.942978	194.551682	29.505318	5.457409	263.975403	0.326071	0.000007	-0.167113	-0.000039	-0.000024	-0.169412	0.000035	0.000002	-0.000002	-32.000000	-32.000000	1.180000	20.932418
164.845642	-246.164993	-238.928024	194.902206	28.432398	5.652307	264.554260	0.326071	0.000007	-0.167113	-0.000039	0.170349	-0.169412	0.000035	-0.000008	-0.000002	-32.000000	-32.000000	1.180000	20.947956
164.665100	-245.589386	-239.288940	196.479660	28.253576	5.457409	265.416138	0.326071	0.000007	-0.167113	-0.000039	0.170349	0.000016	0.000035	-0.000008	0.175672	-32.000000	-32.000000	1.180000	20.990665
166.651184	-246.356857	-240.732620	198.232376	27.895939	5.457409	266.216553	0.326071	0.000007	-0.167113	-0.000039	0.170349	-0.169412	0.185608	-0.000008	0.175672	-32.000000	-32.000000	1.180000	21.022956
175.091339	-235.486023	-224.130356	231.183487	62.587013	6.042128	286.707062	0.326071	0.000007	-0.167113	-0.000039	0.170349	-0.169412	0.000035	0.000002	0.175672	-32.000000	-28.000000	1.180000	21.810624
175.859436	-234.461121	-223.589005	231.709305	64.196388	6.431940	287.507477	0.326071	0.000007	-0.167113	-0.000039	0.170349	-0.169412	0.185608	-0.000008	0.175672	-32.000000	-28.000000	1.180000	21.826571
175.317780	-233.309921	-221.603928	230.657654	65.090492	6.042119	288.080872	0.326071	0.000007	-0.167113	-0.000039	-0.000024	-0.169412	0.000035	0.000002	-0.000002	-32.000000	-28.000000	1.180000	21.863938
175.137222	-238.106583	-226.295883	232.585648	62.408188	5.847221	288.948212	0.326071	0.000007	-0.167113	-0.000039	0.170349	0.000016	0.185608	-0.000008	-0.000002	-32.000000	-28.000000	1.180000	21.905072
177.123306	-221.667755	-195.256897	260.804413	94.774612	6.821744	304.245422	0.163077	0.000007	-0.167113	-0.000039	0.170349	-0.169412	0.000035	0.000002	-0.000002	-32.000000	-24.000000	1.180000	22.452348
177.664963	-221.667755	-195.256897	261.154968	95.668701	6.431940	304.796326	0.326071	0.000007	-0.167113	0.180138	0.170349	0.000016	0.000035	-0.000008	0.175672	-32.000000	-24.000000	1.180000	22.487826
178.340454	-223.586975	-196.339645	262.381836	95.489883	6.626838	305.365723	0.163077	0.000007	-0.167113	-0.000039	0.170349	0.000016	0.000035	0.000002	-0.000002	-32.000000	-24.000000	1.180000	22.501936
177.845520	-220.516251	-194.354599	262.381836	96.383987	6.626838	305.845856	0.163077	0.000007	-0.167113	-0.000039	0.170349	-0.169412	0.000035	0.000002	-0.000002	-32.000000	-24.000000	1.180000	22.520011
173.331680	-210.861526	-157.540909	286.919891	125.710464	6.626838	319.769745	0.326151	0.000007	-0.167113	-0.000039	0.170349	-0.169412	0.000035	0.000002	-0.000002	-32.000000	-20.000000	1.180000	23.038027
173.512238	-208.559128	-154.292648	286.919891	126.425743	6.626846	320.484375	0.326071	0.000007	-0.167113	-0.000039	0.170349	0.000016	0.185608	-0.000008	0.175672	-32.000000	-20.000000	1.180000	23.064300
174.234451	-211.687912	-158.262756	288.672607	124.637543	6.626846	321.124725	0.326071	0.000007	-0.167113	-0.000039	0.170349	-0.169412	0.000035	-0.000008	-0.000002	-32.000000	-20.000000	1.180000	23.087816
174.414993	-214.758652	-161.871948	288.497345	122.312881	6.821744	321.370209	0.163077	0.000007	-0.167113	-0.000039	0.170349	0.000016	0.000035	0.000002	-0.000002	-32.000000	-20.000000	1.180000	23.089673
165.206772	-207.024170	-115.493919	315.664459	150.924072	7.016650	335.454163	0.163077	0.000007	-0.000026	-0.000039	0.170349	0.000016	0.000035	0.000002	-0.000002	-32.000000	-16.000000	1.180000	23.593934
165.704987	-207.273773	-116.757133	315.664459	151.996994	7.016659	336.012329	0.163077	0.000007	-0.167113	-0.000039	0.170349	0.000016	0.000035	0.000002	-0.000002	-32.000000	-16.000000	1.180000	23.613974
163.581772	-206.448578	-114.591621	315.138641	150.208801	7.406471	336.652679	0.326071	0.000007	-0.167113	-0.000039	0.170349	-0.169412	0.185608	-0.000008	0.175672	-32.000000	-16.000000	1.180000	23.622964
164.123444	-207.849518	-114.772079	317.241913	152.354645	7.211556	336.894562	0.326071	0.000007	-0.167113	-0.000039	0.170349	-0.169412	0.000035	0.000002	-0.000002	-32.000000	-16.000000	1.180000	23.638629
140.831985	-197.814575	-68.574509	313.736481	158.792160	6.626846	323.930939	0.326071	0.000007	-0.167113	-0.000039	-0.000024	0.000016	0.000035	0.000002	0.175672	-32.000000	-12.000000	1.180000	23.190591
139.929230	-197.293915	-65.326241	311.457947	158.970978	6.821752	322.885620	0.326071	0.000007	-0.167113	-0.000039	0.170349	-0.169412	0.185698	0.000002	0.175672	-32.000000	-12.000000	1.180000	23.145226
137.943130	-196.526245	-63.341187	311.107422	158.434525	7.016659	322.085205	0.326071	0.000007	-0.167113	-0.000039	-0.000024	-0.169412	0.185608	-0.000008	-0.000002	-32.000000	-12.000000	1.180000	23.108753
137.726486	-193.839340	-64.604408	308.478333	157.719238	6.821752	320.964630	0.326071	0.000007	-0.167113	-0.000039	-0.000024	0.000016	0.000035	0.000002	-0.000002	-32.000000	-12.000000	1.180000	23.074782
112.846146	-180.930298	-18.767761	297.611481	160.938004	6.237026	301.684692	0.489109	0.000007	-0.167113	-0.000039	0.170349	0.000016	0.000035	0.000002	0.175672	-32.000000	-8.000000	1.180000	22.377640
113.026711	-180.354706	-18.587301	295.332947	159.686249	6.237033	301.114441	0.489109	0.159903	-0.167113	-0.000039	0.170349	-0.169412	0.185608	0.000002	0.175672	-32.000000	-8.000000	1.180000	22.356033
109.054527	-180.788773	-18.587301	294.281311	158.434525	6.042128	300.153961	0.326071	0.000007	-0.167113	-0.000039	0.170349	0.000016	0.000035	0.000002	0.175672	-32.000000	-8.000000	1.180000	22.326994
111.762833	-177.476700	-19.489597	291.476959	156.646317	6.431931	299.604126	0.489109	0.000007	-0.167113	-0.000039	0.170349	0.000016	0.000035	0.000002	-0.000002	-32.000000	-8.000000	1.180000	22.291299
87.207504	-164.813507	14.271209	278.682129	154.142838	6.042119	282.479279	0.489109	0.000007	-0.167113	-0.000039	0.170349	-0.169412	0.000035	0.000002	-0.000002	-32.000000	-4.000000	1.180000	21.645729
86.124184	-164.859421	13.367966	277.630493	153.964005	5.847213	281.519043	0.163077	0.000007	-0.167113	-0.000039	0.170349	-0.169412	0.000035	0.000002	0.175672	-32.000000	-4.000000	1.180000	21.615745
87.207504	-161.788696	16.258341	278.156311	157.182770	6.237033	280.784027	0.326071	0.000007	-0.167113	-0.000039	0.170349	0.000016	0.185608	0.000002	0.175672	-32.000000	-4.000000	1.180000	21.571599
84.296555	-162.364456	15.355099	276.228302	154.679306	6.042128	279.918579	0.489109	0.000007	-0.167113	0.180138	0.170349	0.000016	0.000035	0.000002	0.175672	-32.000000	-4.000000	1.180000	21.545241
59.582775	-153.728027	43.897560	265.010925	151.639359	5.457409	266.474792	0.163077	0.000007	-0.167113	-0.000039	0.170349	-0.169412	0.000035	0.000002	0.175672	-32.000000	0.000000	1.180000	21.033363
59.763329	-153.685226	43.355618	263.082947	148.957062	5.847213	265.834625	0.326071	0.000007	-0.167113	-0.000039	0.170349	0.000016	0.000035	0.000002	-0.000002	-32.000000	0.000000	1.180000	20.991824
56.693913	-153.536118	44.439507	263.082947	149.672333	5.457409	265.416138	0.326071	0.000007	-0.167113	-0.000039	0.170349	-0.169412	0.000035	-0.000008	-0.000002	-32.000000	0.000000	1.180000	20.990665
60.124432	-152.342178	44.078209	263.608734	151.102905	5.457400	264.874359	0.326071	0.000007	-0.167113	-0.000039	0.170349	0.000016	0.000035	0.000002	-0.000002	-32.000000	0.000000	1.180000	20.968781
36.642838	-162.940201	74.788460	277.805756	159.328613	5.847221	280.878845	0.489109	0.000007	-0.167113	-0.000039	0.170349	-0.169412	0.000035	0.000002	-0.000002	-32.000000	4.000000	1.180000	21.590629
35.208008	-165.389099	72.981972	278.156311	157.540421	5.652315	281.584442	0.489109	0.159903	-0.167113	-0.000039	0.170349	-0.169412	0.000035	-0.000008	-0.000002	-32.000000	4.000000	1.180000	21.625947
35.749668	-163.324036	75.330399	280.610107	159.686249	5.847221	282.319244	0.163077	0.000007	-0.167113	-0.000039	-0.000024	-0.169412	0.000035	0.000002	-0.000002	-32.000000	4.000000	1.180000	21.647093
33.041363	-168.505890	72.981972	280.259583	156.288666	5.847221	283.119476	0.163077	0.000007	-0.167113	-0.000039	0.170349	0.000016	0.000035	0.000002	-0.000002	-32.000000	4.000000	1.180000	21.678399
5.958290	-176.517380	106.401939	295.683472	165.766129	6.237033	299.673706	0.326071	0.000007	-0.167113	-0.000039	0.170349	-0.169412	0.000035	-0.000008	-0.000002	-32.000000	8.000000	1.180000	22.301352
4.333305	-180.162842	105.860001	297.085663	165.050858	6.431940	300.314056	0.326071	0.000007	-0.167113	-0.000039	-0.000024	0.000016	0.000035	0.000002	-0.000002	-32.000000	8.000000	1.180000	22.318272
4.333305	-181.748398	103.511566	296.384583	162.368546	6.042128	300.954376	0.326071	0.000007	-0.167113	-0.000039	0.170349	0.000016	0.000035	-0.000008	-0.000002	-32.000000	8.000000	1.180000	22.357354
3.972197	-179.829193	106.401939	296.559845	165.408493	6.626838	301.524628	0.163077	0.000007	-0.167113	-0.000039	0.170349	0.000016	0.000035	0.000002	-0.000002	-32.000000	8.000000	1.180000	22.356806
-28.287647	-195.182800	134.583099	308.303040	163.262650	6.626838	315.448547	0.326071	0.000007	-0.167113	-0.000039	0.170349	-0.169412	0.000035	0.000002	-0.000002	-32.000000	12.000000	1.180000	22.878519
-30.089407	-193.209778	136.389587	307.777252	164.514404	6.237033	316.322235	0.326071	0.000007	-0.167113	-0.000039	-0.000024	-0.169412	0.000035	0.000002	-0.000002	-32.000000	12.000000	1.180000	22.925273
-29.368702	-196.334305	135.847656	309.354706	164.693222	6.431940	316.728912	0.163077	0.000007	-0.167113	-0.000039	0.170349	0.000016	0.000035	0.000002	-0.000002	-32.000000	12.000000	1.180000	22.933100
-29.736830	-196.718170	136.750885	311.633209	165.944946	6.237033	317.369080	0.163077	0.000007	-0.167113	-0.000039	0.170349	0.000016	0.000035	0.000002	-0.000002	-32.000000	12.000000	1.180000	22.963938
-78.376602	-220.071106	166.738541	316.891357	157.719238	6.821752	331.209900	0.326071	0.000007	-0.167113	-0.000039	0.170349	0.000016	0.185608	-0.000008	-0.000002	-32.000000	16.000000	1.180000	23.448037
-78.736954	-223.203140	166.015945	319.169891	158.434525	6.821752	331.690125	0.326071	0.000007	-0.167113	-0.000039	0.170349	-0.169412	0.185608	-0.000008	-0.000002	-32.000000	16.000000	1.180000	23.465387
-78.376602	-220.900085	166.557892	317.066650	158.970978	7.016659	332.093231	0.326071	0.000007	-0.167113	-0.000039	0.170349	0.000016	0.000035	0.000002	0.175672	-32.000000	16.000000	1.180000	23.472904
-79.097305	-224.100311	164.570755	318.468842	157.540421	6.821752	332.970764	0.326071	0.000007	-0.167113	-0.000039	0.170349	-0.169412	0.000035	0.000002	0.175672	-32.000000	16.000000	1.180000	23.511592
-125.222374	-232.991058	186.429230	309.705231	144.128922	7.406471	333.533600	0.163077	0.000007	-0.167113	-0.000039	-0.000024	0.000016	0.000035	0.000002	-0.000002	-32.000000	20.000000	1.180000	23.510803
-125.943100	-230.496094	187.332458	306.725616	144.844193	7.016659	332.253265	0.163077	0.000007	-0.167113	-0.000039	-0.000024	-0.169412	0.000035	0.000002	-0.000002	-32.000000	20.000000	1.180000	23.478681
-122.519753	-230.623779	183.538849	306.199799	141.804260	6.821752	331.132935	0.326071	0.000007	-0.167113	-0.000039	0.170349	0.000016	0.000035	0.000002	-0.000002	-32.000000	20.000000	1.180000	23.445255
-122.339569	-231.071854	184.803391	307.601990	141.983078	6.821752	329.769135	0.326071	0.000007	-0.167113	-0.000039	0.170349	-0.169412	0.185608	0.000002	-0.000002	-32.000000	20.000000	1.180000	23.395907
-158.735138	-226.849609	184.261444	272.722870	112.298965	6.626838	307.606354	0.326071	0.000007	-0.167113	-0.000039	-0.000024	0.000016	0.000035	0.000002	-0.000002	-32.000000	24.000000	1.180000	22.586164
-157.293716	-227.233459	186.609863	273.774536	115.160080	6.431940	306.806122	0.326071	0.000007	-0.167113	-0.000039	0.170349	-0.169412	0.000035	0.000002	-0.000002	-32.000000	24.000000	1.180000	22.563439
-158.735138	-226.978317	186.429230	273.949799	115.517715	6.237033	306.237091	0.489109	0.000007	-0.167113	-0.000039	-0.000024	-0.169412	0.000035	-0.000008	-0.000002	-32.000000	24.000000	1.180000	22.549383
-160.717072	-226.786438	185.887283	272.021820	112.298965	6.237033	305.596741	0.489109	0.000007	-0.167113	-0.000039	-0.000024	-0.169412	0.185608	-0.000008	0.175672	-32.000000	24.000000	1.180000	22.525304
-194.229828	-236.061783	183.900146	244.854675	84.045410	6.042128	289.841339	0.326071	0.000007	-0.167113	-0.000039	-0.000024	-0.169412	0.000035	0.000002	-0.000002	-32.000000	28.000000	1.180000	21.932069
-191.166840	-232.031448	185.525986	244.328857	87.085350	6.042119	288.721039	0.326151	0.000007	-0.167113	-0.000039	0.170349	0.000016	0.000035	0.000002	0.175672	-32.000000	28.000000	1.180000	21.888737
-191.347031	-231.583115	184.803391	243.277237	86.191246	6.042128	287.987732	0.326071	0.000007	-0.167113	-0.000039	0.170349	-0.169412	0.185608	-0.000008	0.175672	-32.000000	28.000000	1.180000	21.860328
-189.184891	-230.240051	182.996902	242.225586	86.012428	6.042128	286.867126	0.326071	0.000007	-0.167113	-0.000039	0.170349	0.000016	0.000035	-0.000008	-0.000002	-32.000000	28.000000	1.180000	21.816842
-222.877838	-246.617386	179.925873	214.883209	56.864769	6.042119	272.556519	0.163077	0.000007	-0.000026	-0.000039	0.170349	0.000016	0.185698	0.000002	0.175672	-32.000000	32.000000	1.180000	21.253690
-219.274307	-243.738586	180.106537	214.006836	57.580051	5.847213	272.076385	0.489109	0.000007	-0.167113	-0.000039	0.170349	0.000016	0.000035	0.000002	0.175672	-32.000000	32.000000	1.180000	21.242314
-224.319229	-245.397522	179.203278	212.779938	53.467194	5.652307	271.596222	0.489109	0.000007	-0.167113	-0.000039	0.170349	-0.169412	0.000035	0.000002	-0.000002	-32.000000	32.000000	1.180000	21.230930
-222.877838	-244.506256	178.119385	212.604660	54.003651	5.457409	270.956055	0.326071	0.000007	-0.167113	-0.000039	0.170349	-0.169412	0.185608	0.000002	0.175672	-32.000000	32.000000	1.180000	21.213150
-262.876923	-274.061951	179.022644	194.201126	24.498358	6.042119	269.355591	0.326071	0.000007	-0.167113	-0.000039	0.170349	0.000016	0.000035	0.000002	-0.000002	-32.000000	36.000000	1.180000	21.125672
-262.336395	-273.102386	179.745239	194.551682	24.498358	5.457409	270.155853	0.163077	0.000007	-0.167113	-0.000039	-0.000024	-0.169412	0.000035	0.000002	-0.000002	-32.000000	36.000000	1.180000	21.181158
-262.696747	-274.829651	181.551712	195.252762	26.644197	6.042119	270.956055	0.163077	0.000007	-0.167113	-0.000039	0.170349	-0.169412	0.000035	0.000002	-0.000002	-32.000000	36.000000	1.180000	21.189778
-264.858856	-276.940765	180.829117	195.252762	23.425438	5.847213	271.916351	0.489109	0.159903	-0.167113	-0.000039	0.170349	0.000016	0.000035	0.000002	-0.000002	-32.000000	36.000000	1.180000	21.235929
-319.992737	-326.839996	193.113220	186.664429	-10.525792	6.237026	289.201172	0.489109	0.000007	-0.167113	-0.000039	0.170349	0.000016	0.000035	0.000002	0.175672	-32.000000	40.000000	1.180000	21.899777
-321.253998	-332.021851	191.487381	187.190262	-12.488228	6.237026	290.001404	0.489109	0.000007	-0.167113	-0.000039	0.170349	-0.169412	0.000035	0.000002	0.175672	-32.000000	40.000000	1.180000	21.930722
-318.911682	-331.446106	192.932571	187.891342	-11.596210	5.847221	290.709106	0.489109	0.000007	-0.167113	-0.000039	0.170349	-0.169412	0.371220	-0.000008	-0.000002	-32.000000	40.000000	1.180000	21.973091
-323.235901	-314.173279	192.751923	188.417160	-10.704197	6.237033	291.189362	0.489109	0.000007	-0.167113	-0.000039	0.170349	0.000016	0.000035	0.000002	-0.000002	-32.000000	40.000000	1.180000	21.976580
-376.207672	-382.880707	199.255264	169.838348	-52.807362	6.237033	305.116486	0.326071	0.000007	-0.167113	-0.000039	0.170349	0.000016	0.185608	0.000002	0.175672	-32.000000	44.000000	1.180000	22.507229
-372.604156	-361.093170	199.977859	171.591064	-52.628960	6.431940	305.756836	0.326071	0.000007	-0.167113	-0.000039	0.170349	0.000016	0.185608	-0.000008	0.175672	-32.000000	44.000000	1.180000	22.523994
-374.405914	-344.688568	201.603699	172.993240	-49.060894	6.431940	306.237091	0.326071	0.000007	-0.167113	-0.000039	-0.000024	-0.169412	0.185608	0.000002	0.175672	-32.000000	44.000000	1.180000	22.542057
-377.288757	-382.880707	200.339157	173.694336	-53.877781	6.237033	306.717316	0.489109	0.000007	-0.167113	-0.000039	0.170349	-0.169412	0.000035	0.000002	0.175672	-32.000000	44.000000	1.180000	22.567424
229.483902	-407.830322	-378.783936	153.187531	-76.356598	7.016650	326.011505	0.163077	0.000007	-0.167113	-0.000039	0.170349	-0.169412	0.000035	0.000002	-0.000002	-28.000000	-44.000000	1.180000	23.252295
229.303360	-409.941437	-383.475891	151.434814	-79.746254	6.626846	326.887665	0.326071	0.000007	-0.167113	-0.000039	-0.000024	-0.169412	0.185608	0.000002	-0.000002	-28.000000	-44.000000	1.180000	23.298389
231.950897	-412.628326	-386.182770	149.857376	-82.779114	7.016659	327.367920	0.326071	0.000007	-0.167113	-0.000039	-0.000024	0.000016	0.000035	0.000002	-0.000002	-28.000000	-44.000000	1.180000	23.301679
232.372772	-414.355591	-387.445984	148.455185	-83.492729	6.821752	327.932068	0.163077	0.000007	-0.167113	-0.000039	0.170349	-0.169412	0.000035	0.000002	-0.000002	-28.000000	-44.000000	1.180000	23.329269
242.483795	-373.948212	-345.579437	189.819336	-21.408390	7.016659	338.655060	0.326071	0.000007	-0.167113	-0.000039	0.170349	-0.169412	0.000035	0.000002	0.175672	-28.000000	-40.000000	1.180000	23.708627
245.733765	-380.087952	-350.812744	187.716064	-27.117294	7.016659	339.213989	0.489109	0.000007	-0.167113	-0.000039	0.170349	0.000016	0.000035	0.000002	-0.000002	-28.000000	-40.000000	1.180000	23.728597
244.830994	-376.058746	-347.744934	189.118256	-21.229988	7.016659	339.374084	0.326071	0.000007	-0.167113	-0.000039	0.170349	-0.169412	0.000035	0.000002	-0.000002	-28.000000	-40.000000	1.180000	23.734314
244.469879	-378.850372	-350.993225	190.695694	-24.619648	7.211556	339.935425	0.163077	0.000007	-0.167113	-0.000039	0.170349	0.000016	0.000035	0.000002	-0.000002	-28.000000	-40.000000	1.180000	23.747395
231.470016	-304.001495	-291.802582	202.789444	26.644197	6.821752	317.762970	0.326071	0.000007	-0.167113	-0.000039	-0.000024	0.000016	0.000035	0.000002	0.175672	-28.000000	-36.000000	1.180000	22.956895
230.567245	-305.068085	-293.246246	202.088364	23.961899	6.626846	316.962585	0.489109	0.000007	-0.167113	-0.000039	0.170349	0.000016	0.185608	-0.000008	-0.000002	-28.000000	-36.000000	1.180000	22.934533
230.928360	-305.153046	-293.787659	202.964722	24.319538	6.626846	315.928680	0.163077	0.000007	-0.167113	-0.000039	0.170349	0.000016	0.000035	0.000002	-0.000002	-28.000000	-36.000000	1.180000	22.896296
230.747818	-304.001495	-291.802582	201.387268	23.604258	6.431940	315.201691	0.489109	0.000007	-0.167113	-0.000039	0.170349	-0.169412	0.000035	0.000002	-0.000002	-28.000000	-36.000000	1.180000	22.876594
214.678513	-242.778992	-239.108475	210.326141	62.944649	6.431931	296.563232	0.326071	0.000007	-0.167113	-0.000039	0.170349	-0.169412	0.000035	0.000002	0.175672	-28.000000	-32.000000	1.180000	22.175390
215.220169	-243.546661	-241.093552	210.851944	61.871731	6.237026	295.442932	0.163077	0.000007	-0.167113	-0.000039	0.170349	0.000016	0.000035	0.000002	-0.000002	-28.000000	-32.000000	1.180000	22.139998
215.220169	-242.011292	-239.469406	208.047592	60.619991	6.042119	294.642700	0.326151	0.000007	-0.167113	-0.000039	0.170349	-0.169412	0.000035	0.000002	-0.000002	-28.000000	-32.000000	1.180000	22.116816
213.414627	-240.408981	-237.303909	208.573410	61.692913	6.237026	293.522400	0.326071	0.000007	-0.167113	-0.000039	0.170349	-0.169412	0.000035	0.000002	-0.000002	-28.000000	-32.000000	1.180000	22.066363
199.331436	-188.273666	-186.233932	213.656296	92.628761	6.042119	277.677948	0.326151	0.000007	-0.167113	-0.000039	-0.000024	-0.169412	0.000035	0.000002	-0.000002	-28.000000	-28.000000	1.180000	21.456927
197.345337	-189.756180	-187.677612	212.604660	90.840569	5.847221	276.781982	0.326071	0.000007	-0.167113	-0.000039	-0.000024	-0.169412	0.000035	0.000002	0.175672	-28.000000	-28.000000	1.180000	21.429219
198.609207	-190.384796	-188.218979	213.656296	91.377029	5.847221	276.301727	0.326071	0.000007	-0.167113	-0.000039	0.170349	-0.169412	0.000035	-0.000008	-0.000002	-28.000000	-28.000000	1.180000	21.410218
197.164795	-188.988708	-187.316696	213.831573	91.377029	6.237026	275.917450	0.326071	0.000007	-0.167113	-0.000039	0.170349	0.000016	0.000035	0.000002	0.175672	-28.000000	-28.000000	1.180000	21.379557
180.373291	-153.685226	-139.314529	219.264984	114.087166	5.457409	263.815338	0.326071	0.000007	-0.167113	-0.000039	0.170349	-0.169412	0.185608	0.000002	0.175672	-28.000000	-24.000000	1.180000	20.925936
180.192734	-155.263397	-140.938675	220.141357	113.729530	5.262503	264.135498	0.489109	0.000007	-0.167113	-0.000039	0.170349	-0.169412	0.185608	0.000002	-0.000002	-28.000000	-24.000000	1.180000	20.946784
181.276047	-154.111893	-140.216827	220.842453	115.160080	5.652307	264.874359	0.326151	0.000007	-0.167113	-0.000039	0.170349	-0.169412	0.000035	0.000002	-0.000002	-28.000000	-24.000000	1.180000	20.960902
183.081589	-154.111893	-140.397278	219.440262	115.160080	6.042119	265.514557	0.489109	0.000007	-0.167113	-0.000039	0.170349	0.000016	0.000035	0.000002	-0.000002	-28.000000	-24.000000	1.180000	20.971023
183.984360	-142.940704	-109.899681	250.989166	145.201843	6.431931	283.919708	0.326071	0.000007	-0.167113	-0.000039	-0.000024	0.000016	0.000035	0.000002	-0.000002	-28.000000	-20.000000	1.180000	21.686822
182.901031	-141.789505	-108.275543	250.989166	146.990036	6.237033	284.626007	0.326071	0.000007	-0.167113	-0.000039	0.170349	0.000016	0.000035	0.000002	-0.000002	-28.000000	-20.000000	1.180000	21.722010
185.380203	-143.172424	-109.899681	250.463379	145.738297	5.652315	284.879974	0.163077	0.000007	-0.167113	-0.000039	0.170349	0.000016	0.000035	0.000002	-0.000002	-28.000000	-20.000000	1.180000	21.754706
183.984360	-142.596680	-108.816917	251.339722	146.990036	6.042119	285.840240	0.163077	0.000007	-0.167113	-0.000039	0.170349	-0.169412	0.000035	0.000002	0.175672	-28.000000	-20.000000	1.180000	21.776917
178.567749	-136.992828	-68.213593	276.929413	175.243591	6.431931	301.524628	0.489109	0.000007	-0.167113	-0.000039	0.170349	-0.169412	0.000035	0.000002	-0.000002	-28.000000	-16.000000	1.180000	22.364192
180.373291	-135.457886	-67.311287	277.981018	177.747070	6.042128	302.164825	0.326071	0.000007	-0.167113	-0.000039	-0.000024	0.000016	0.000035	0.000002	-0.000002	-28.000000	-16.000000	1.180000	22.403190
178.928848	-138.566345	-69.476807	278.331573	176.316513	6.626846	302.875366	0.489109	0.000007	-0.167113	-0.000039	0.170349	0.000016	0.000035	-0.000008	-0.000002	-28.000000	-16.000000	1.180000	22.407949
180.373291	-136.417221	-67.672211	279.207947	179.535278	6.431940	303.515686	0.326071	0.000007	-0.167113	-0.000039	0.170349	-0.169412	0.185608	-0.000008	-0.000002	-28.000000	-16.000000	1.180000	22.439513
170.623367	-142.173233	-24.903376	301.292175	202.424225	6.821752	317.923065	0.326071	0.000007	-0.167113	-0.000039	0.170349	0.000016	0.000035	0.000002	0.175672	-28.000000	-12.000000	1.180000	22.962804
173.151123	-141.213898	-24.903376	302.168549	204.033615	6.431940	318.403320	0.326071	0.000007	-0.167113	-0.000039	0.170349	0.000016	0.185608	-0.000008	-0.000002	-28.000000	-12.000000	1.180000	22.994892
170.984482	-145.475479	-27.610264	300.766357	200.099564	6.821744	319.289612	0.326071	0.000007	-0.167113	-0.000039	0.170349	0.000016	0.000035	0.000002	0.175672	-28.000000	-12.000000	1.180000	23.013182
170.939682	-143.172424	-25.083834	303.746002	204.391251	6.431940	319.683960	0.489109	0.000007	-0.167113	-0.000039	-0.000024	-0.169412	0.000035	0.000002	-0.000002	-28.000000	-12.000000	1.180000	23.042040
159.609604	-150.231644	13.548615	317.767731	219.590958	7.016659	331.850220	0.326071	0.000007	-0.167113	-0.000039	0.170349	-0.169412	0.000035	0.000002	-0.000002	-28.000000	-8.000000	1.180000	23.464129
155.817947	-154.687653	14.451858	322.149506	220.663864	6.821752	332.650604	0.326071	0.000007	-0.167113	-0.000039	0.170349	-0.169412	0.185608	0.000002	-0.000002	-28.000000	-8.000000	1.180000	23.500049
157.262390	-155.220169	13.187318	322.149506	220.663864	7.016659	332.810699	0.326071	0.000007	-0.167113	-0.000039	0.170349	0.000016	0.185608	-0.000008	-0.000002	-28.000000	-8.000000	1.180000	23.498793
155.817947	-153.301498	14.813153	320.572083	220.485046	6.821752	333.290955	0.326071	0.000007	-0.167113	-0.000039	-0.000024	-0.169412	0.185608	-0.000008	-0.000002	-28.000000	-8.000000	1.180000	23.523130
132.672302	-152.384598	55.459064	323.551697	230.320160	6.626846	332.093231	0.489109	0.000007	-0.167113	-0.000039	-0.000024	-0.169412	0.000035	0.000002	-0.000002	-28.000000	-4.000000	1.180000	23.486973
128.193237	-154.644562	52.929985	322.149506	227.280182	6.821752	330.492767	0.489109	0.000007	-0.167113	-0.000039	-0.000024	-0.169412	0.000035	0.000002	0.175672	-28.000000	-4.000000	1.180000	23.422104
127.832115	-154.260834	51.484798	318.644073	224.061447	6.626846	329.609039	0.326071	0.000007	-0.167113	-0.179846	0.170349	0.000016	0.000035	0.000002	-0.000002	-28.000000	-4.000000	1.180000	23.397167
129.818222	-152.534042	51.846096	318.819366	225.492004	6.821752	328.252136	0.489109	0.000007	-0.167113	-0.000039	0.170349	-0.169412	0.000035	0.000002	-0.000002	-28.000000	-4.000000	1.180000	23.340893
101.471260	-136.033493	80.388557	298.838379	218.339188	6.821744	307.926422	0.326071	0.000007	-0.167113	-0.000039	0.170349	-0.169412	0.000035	0.000002	-0.000002	-28.000000	0.000000	1.180000	22.590859
99.124062	-134.727951	82.736992	298.838379	219.233292	6.042128	307.286255	0.326071	0.000007	-0.167113	-0.000039	0.170349	0.000016	0.000035	0.000002	-0.000002	-28.000000	0.000000	1.180000	22.596090
98.221291	-137.414825	81.472450	300.240570	217.087463	6.626846	306.557251	0.489109	0.000007	-0.167113	-0.000039	0.170349	0.000016	0.000035	0.000002	-0.000002	-28.000000	0.000000	1.180000	22.546766
98.401840	-137.606750	79.846611	298.487854	215.656906	6.237033	305.685791	0.326071	0.000007	-0.167113	-0.000039	0.170349	-0.169412	0.000035	0.000002	-0.000002	-28.000000	0.000000	1.180000	22.528654
66.263268	-127.243065	103.150269	278.857391	200.636032	5.652315	286.160339	0.163077	0.000007	-0.167113	-0.000039	0.170349	-0.169412	0.000035	0.000002	-0.000002	-28.000000	4.000000	1.180000	21.804526
66.426407	-127.051147	103.150269	277.455231	199.741928	5.847221	285.520142	0.326071	0.000007	-0.167113	-0.000039	0.170349	-0.169412	0.000035	0.000002	-0.000002	-28.000000	4.000000	1.180000	21.772044
66.624374	-127.207634	101.343781	276.754150	199.920746	5.652315	284.879974	0.326071	0.000007	-0.167113	-0.000039	-0.000024	-0.169412	0.000035	0.000002	-0.000002	-28.000000	4.000000	1.180000	21.754706
64.096619	-127.783234	102.969620	277.104675	198.847824	6.237026	284.239807	0.326071	0.000007	-0.167113	-0.000039	-0.000024	-0.169412	0.000035	0.000002	-0.000002	-28.000000	4.000000	1.180000	21.706938
35.027454	-123.596565	120.853821	262.557129	186.151611	5.847213	270.956055	0.163077	-0.159452	-0.167113	-0.000039	-0.000024	0.000016	0.000035	0.000002	-0.000002	-28.000000	8.000000	1.180000	21.197572
34.846901	-123.980431	119.589287	261.856018	185.436340	5.847213	270.315887	0.489109	0.000007	-0.167113	-0.000039	0.170349	-0.169412	0.000035	0.000002	-0.000002	-28.000000	8.000000	1.180000	21.171963
35.569115	-123.370300	118.686035	262.031311	185.257523	5.652315	269.898437	0.489109	0.000007	-0.167113	-0.000039	0.170349	-0.169412	0.000035	0.000002	-0.000002	-28.000000	8.000000	1.180000	21.163052
34.124687	-124.905228	118.686035	260.804413	183.111679	5.652315	269.355591	0.489109	0.000007	-0.000026	-0.000039	0.170349	-0.169412	0.000035	0.000002	-0.000002	-28.000000	8.000000	1.180000	21.141303
5.777736	-128.778412	143.073578	262.031311	182.038757	5.652315	272.716553	0.489109	0.000007	-0.167113	-0.000039	-0.000024	0.000016	0.000035	0.000002	-0.000002	-28.000000	12.000000	1.180000	21.275602
3.972197	-130.661224	142.531647	261.856018	179.356461	6.042119	273.516785	0.326071	0.000007	-0.167113	-0.000039	-0.000024	-0.169412	0.000035	0.000002	-0.000002	-28.000000	12.000000	1.180000	21.291944
7.402720	-128.778412	142.350998	262.031311	181.681107	5.847213	273.996918	0.326151	0.000007	-0.167113	-0.000039	0.170349	-0.169412	0.000035	0.000002	-0.000002	-28.000000	12.000000	1.180000	21.318796
5.055521	-130.661224	143.254242	263.433472	181.502289	5.847221	274.700897	0.326071	0.000007	-0.167113	-0.000039	0.170349	0.000016	0.000035	0.000002	-0.000002	-28.000000	12.000000	1.180000	21.346760
-31.891171	-147.545502	171.074097	272.372345	178.641159	6.042128	291.349457	0.326071	0.000007	-0.167113	-0.000039	0.170349	0.000016	0.185608	-0.000008	0.175672	-28.000000	16.000000	1.180000	21.990265
-29.548880	-147.586594	171.796692	274.125061	180.608185	6.237033	291.989777	0.489109	0.000007	-0.167113	-0.000039	0.170349	0.000016	0.185698	0.000002	-0.000002	-28.000000	16.000000	1.180000	22.007424
-32.251522	-148.930023	172.157990	274.650879	181.144653	6.431940	292.882233	0.489109	0.000007	-0.167113	-0.000039	0.170349	-0.169412	0.000035	0.000002	-0.000002	-28.000000	16.000000	1.180000	22.034268
-32.071342	-148.930023	172.157990	273.423981	180.608185	6.237033	293.362366	0.326151	0.000007	-0.167113	-0.000039	0.170349	-0.169412	0.000035	0.000002	-0.000002	-28.000000	16.000000	1.180000	22.060216
-76.394669	-162.702972	198.352020	276.403595	174.349487	6.821744	306.325989	0.489109	0.159903	-0.167113	-0.000039	0.170349	0.000016	0.000035	0.000002	-0.000002	-28.000000	20.000000	1.180000	22.530741
-76.935196	-163.324036	199.255264	277.981018	175.422409	6.431940	307.286255	0.489109	0.000007	-0.167113	-0.000039	0.170349	0.000016	0.000035	0.000002	-0.000002	-28.000000	20.000000	1.180000	22.581465
-75.133430	-161.359894	200.700455	278.857391	178.104706	6.821744	308.086487	0.489109	0.000007	-0.167113	-0.000039	0.170349	-0.169412	0.000035	0.000002	-0.000002	-28.000000	20.000000	1.180000	22.596863
-78.736954	-166.348434	199.797211	279.909027	175.422409	6.626846	309.118561	0.326071	0.000007	-0.167113	-0.000039	-0.000024	0.000016	0.185608	-0.000008	-0.000002	-28.000000	20.000000	1.180000	22.642831
-126.123276	-189.809036	223.642807	279.207947	164.872040	6.626846	322.970673	0.489109	0.000007	-0.167113	-0.000039	0.170349	0.000016	0.000035	0.000002	0.175672	-28.000000	24.000000	1.180000	23.155473
-124.862045	-189.564316	223.823456	277.805756	162.189728	6.821744	323.610840	0.489109	0.000007	-0.167113	-0.000039	-0.000024	-0.169412	0.000035	0.000002	-0.000002	-28.000000	24.000000	1.180000	23.171764
-121.438698	-187.505997	222.197617	279.032684	163.441483	6.821752	324.090973	0.326071	0.000007	-0.167113	-0.000039	0.170349	0.000016	0.000035	0.000002	0.175672	-28.000000	24.000000	1.180000	23.189318
-125.402557	-189.756180	225.449310	280.259583	165.229675	6.431940	324.646515	0.326071	0.000007	-0.167113	-0.000039	-0.000024	-0.169412	0.185698	0.000002	0.175672	-28.000000	24.000000	1.180000	23.223840
-180.536453	-225.635239	240.443130	270.970154	140.910156	6.821752	333.130859	0.489109	0.000007	-0.167113	-0.000039	0.170349	-0.169412	0.000035	0.000002	-0.000002	-28.000000	28.000000	1.180000	23.517362
-182.158051	-224.354645	242.610916	270.093811	143.056000	7.211556	333.533600	0.489109	0.000007	-0.167113	-0.000039	0.170349	-0.169412	0.000035	0.000002	-0.000002	-28.000000	28.000000	1.180000	23.517828
-185.581390	-230.688019	240.623764	270.619598	140.552521	7.211564	334.013763	0.326151	0.000007	-0.167113	-0.000039	0.170349	-0.169412	0.000035	0.000002	-0.000002	-28.000000	28.000000	1.180000	23.535123
-186.662445	-231.263779	240.804428	272.372345	140.016052	6.626846	334.333862	0.163077	0.000007	-0.167113	-0.000039	0.170349	-0.169412	0.000035	0.000002	0.175672	-28.000000	28.000000	1.180000	23.567682
-229.544342	-255.061890	243.875458	245.029953	105.861443	7.016650	325.051239	0.326151	0.000007	-0.167113	-0.000039	-0.000024	-0.169412	0.000035	0.000002	-0.000002	-28.000000	32.000000	1.180000	23.217271
-227.922745	-254.415268	243.333511	245.029953	105.146164	6.626846	324.090973	0.326071	0.000007	-0.167113	-0.000039	-0.000024	-0.169412	0.000035	0.000002	0.175672	-28.000000	32.000000	1.180000	23.196439
-223.238174	-249.688095	242.430267	243.277237	105.324982	6.821752	323.365845	0.326071	0.000007	-0.167113	-0.000039	0.170349	-0.169412	0.185608	0.000002	-0.000002	-28.000000	32.000000	1.180000	23.162803
-230.625397	-256.405304	242.068954	243.452499	102.106224	6.626846	322.330505	0.326071	0.000007	-0.167113	-0.000039	0.170349	-0.169412	0.000035	0.000002	-0.000002	-28.000000	32.000000	1.180000	23.132033
-254.048279	-270.799316	227.075150	205.067978	60.262348	6.626846	299.513611	0.489109	0.000007	-0.167113	-0.000039	0.170349	0.000016	0.185608	-0.000008	-0.000002	-28.000000	36.000000	1.180000	22.280446
-252.246521	-268.421509	225.449310	203.490524	60.083530	6.237033	298.713226	0.326071	0.000007	-0.167113	-0.000039	0.170349	-0.169412	0.371220	0.000002	-0.000002	-28.000000	36.000000	1.180000	22.264824
-252.967224	-268.997131	226.171906	203.665802	60.977634	6.431940	298.072876	0.489109	0.000007	-0.167113	-0.000039	-0.000024	0.000016	0.185608	-0.000008	-0.000002	-28.000000	36.000000	1.180000	22.233008
-253.147400	-268.304382	223.823456	202.614166	60.798809	6.237026	297.043396	0.163077	0.000007	-0.167113	-0.000039	0.170349	-0.169412	0.185698	0.000002	-0.000002	-28.000000	36.000000	1.180000	22.201174
-273.507294	-288.455994	212.442596	171.240524	21.458418	5.847221	281.744537	0.326071	0.159859	-0.167113	-0.000039	0.170349	-0.169412	0.000035	0.000002	-0.000002	-28.000000	40.000000	1.180000	21.624582
-274.228027	-289.223663	212.081314	171.065247	19.849039	5.847221	281.104187	0.489109	0.000007	-0.167113	-0.000039	0.170349	-0.169412	0.000035	0.000002	-0.000002	-28.000000	40.000000	1.180000	21.599473
-274.047852	-287.112518	210.094177	169.663086	19.312580	5.847221	280.558746	0.489109	0.000007	-0.167113	-0.000039	-0.000024	-0.169412	0.000035	0.000002	-0.000002	-28.000000	40.000000	1.180000	21.578062
-276.390137	-290.678070	211.178070	170.714706	20.027859	5.847213	279.758545	0.326071	0.000007	-0.167113	-0.000039	0.170349	-0.169412	0.000035	0.000002	-0.000002	-28.000000	40.000000	1.180000	21.546613
-281.615234	-304.684357	196.184235	139.341064	-22.478809	5.457409	265.354492	0.489109	0.000007	-0.167113	-0.000039	0.170349	-0.169412	0.000035	0.000002	0.175672	-28.000000	44.000000	1.180000	20.988176
-282.155762	-305.153046	198.352020	139.866867	-20.694778	5.262503	264.775818	0.489109	0.000007	-0.167113	-0.000039	-0.000024	0.000016	0.371220	0.000002	0.175672	-28.000000	44.000000	1.180000	20.972674
-280.354004	-301.422607	195.642303	138.114151	-19.981167	5.457409	264.394226	0.489109	0.000007	-0.167113	-0.000039	0.170349	-0.169412	0.000035	0.000002	-0.000002	-28.000000	44.000000	1.180000	20.949367
-283.056641	-304.001495	195.642303	137.938889	-20.873180	5.652307	263.754028	0.326151	0.000007	-0.167113	-0.000039	0.170349	-0.169412	0.000035	0.000002	-0.000002	-28.000000	44.000000	1.180000	20.915557
224.550125	-320.314728	-309.487579	112.145370	-54.412991	5.652315	281.038910	0.489109	-0.159452	-0.167113	-0.000039	-0.000024	-0.169412	0.000035	0.000002	-0.000002	-24.000000	-44.000000	1.180000	21.604558
223.706192	-320.225525	-307.502533	113.050293	-51.736946	5.847221	281.839111	0.326071	0.000007	-0.167113	-0.000039	-0.000024	0.000016	0.000035	-0.192133	-0.000002	-24.000000	-44.000000	1.180000	21.628288
223.345093	-319.266205	-307.682983	114.627731	-53.699383	6.042128	282.705017	0.326071	0.000007	-0.167113	-0.000039	-0.000024	-0.169412	0.000035	0.000002	-0.000002	-24.000000	-44.000000	1.180000	21.654565
226.053391	-321.376740	-310.028992	115.854637	-51.380138	6.042128	283.759674	0.489109	0.000007	-0.167113	-0.000039	-0.000024	-0.169412	0.000035	0.000002	-0.000002	-24.000000	-44.000000	1.180000	21.695800
242.844894	-296.324707	-291.441650	151.259537	-1.784034	6.237033	301.114441	0.489109	0.000007	-0.167113	-0.000039	0.170349	-0.169412	0.185608	-0.000008	0.175672	-24.000000	-40.000000	1.180000	22.356033
244.289322	-296.242218	-290.900299	150.207901	-2.497646	6.237033	301.754761	0.326071	0.000007	-0.167113	-0.000039	0.170349	0.000016	0.185608	0.000002	-0.000002	-24.000000	-40.000000	1.180000	22.380293
246.094879	-298.243927	-294.329010	154.239166	-2.676048	6.237033	302.395081	0.489109	0.000007	-0.167113	-0.000039	0.170349	0.000016	0.000035	0.000002	-0.000002	-24.000000	-40.000000	1.180000	22.404526
245.127853	-298.819672	-293.065796	154.589691	0.000022	6.237033	302.965057	0.326151	0.000007	-0.167113	-0.000039	0.170349	0.000016	0.185698	0.000002	-0.000002	-24.000000	-40.000000	1.180000	22.426075
258.011414	-262.281799	-271.049774	185.788071	46.850853	6.626846	316.162170	0.489109	0.000007	-0.167113	-0.000039	0.170349	-0.169412	0.000035	0.000002	-0.000002	-24.000000	-36.000000	1.180000	22.904938
257.763306	-262.546783	-270.688873	187.365540	48.460236	6.821752	316.888947	0.326151	0.000007	-0.167113	-0.000039	0.170349	0.000016	0.000035	0.000002	-0.000002	-24.000000	-36.000000	1.180000	22.924607
259.387878	-263.698273	-272.312988	189.118256	48.460236	6.626846	317.122650	0.326071	0.000007	-0.167113	-0.000039	-0.000024	-0.169412	0.000035	0.000002	-0.000002	-24.000000	-36.000000	1.180000	22.940446
258.485321	-263.890198	-272.493439	188.942978	48.281414	6.821752	317.689178	0.326151	0.000007	-0.167113	-0.000039	0.170349	-0.169412	0.000035	0.000002	0.175672	-24.000000	-36.000000	1.180000	22.954171
269.386322	-224.484039	-241.093552	220.667175	97.814552	6.626846	329.852600	0.489109	0.000007	-0.167113	-0.000039	-0.000024	0.000016	0.000035	0.000002	-0.000002	-24.000000	-32.000000	1.180000	23.405988
268.483551	-225.443375	-239.830338	222.595139	98.887466	6.821752	330.332733	0.489109	0.000007	-0.167113	-0.000039	-0.000024	0.000016	0.000035	0.000002	0.175672	-24.000000	-32.000000	1.180000	23.416313
269.025208	-226.657684	-241.454468	220.491898	96.920448	7.211556	330.972900	0.326071	0.000007	-0.167113	-0.000039	0.170349	-0.169412	0.000035	0.000002	-0.000002	-24.000000	-32.000000	1.180000	23.425372
267.400238	-227.362045	-241.634903	221.192993	97.635727	7.016650	331.292999	0.489109	0.000007	-0.167113	-0.000039	0.170349	0.000016	0.000035	0.000002	-0.000002	-24.000000	-32.000000	1.180000	23.443995
269.135223	-183.667572	-197.061478	246.081573	138.943146	6.431940	334.813995	0.326151	0.000007	-0.167113	-0.000039	0.170349	-0.169412	0.000035	0.000002	-0.000002	-24.000000	-28.000000	1.180000	23.591942
267.580780	-181.748398	-195.617813	246.256836	139.479599	7.016650	333.693695	0.326151	0.000007	-0.167113	-0.000039	-0.000024	-0.169412	0.000035	0.000002	-0.000002	-24.000000	-28.000000	1.180000	23.530616
266.136353	-178.677658	-193.271851	246.607391	140.373703	6.626846	332.490540	0.489109	0.000007	-0.167113	-0.000039	0.170349	0.000016	0.185608	0.192565	0.175672	-24.000000	-28.000000	1.180000	23.501306
263.247498	-180.596863	-191.828171	243.627777	139.837234	6.626846	331.530060	0.489109	0.000007	-0.167113	-0.000039	-0.000024	-0.169412	0.185608	-0.000008	-0.000002	-24.000000	-28.000000	1.180000	23.466644
237.969940	-129.318161	-133.539841	243.627777	160.401535	6.431940	306.397156	0.489109	0.000007	-0.167113	-0.000039	0.170349	-0.169412	0.000035	0.000002	-0.000002	-24.000000	-24.000000	1.180000	22.548073
236.644058	-127.434982	-129.389282	244.504120	162.010910	6.431940	305.525757	0.326151	0.000007	-0.167113	-0.000039	0.170349	0.000016	0.000035	0.000002	-0.000002	-24.000000	-24.000000	1.180000	22.515298
236.886627	-124.905228	-128.847900	242.225586	162.010910	6.626838	304.565491	0.326071	0.000007	-0.167113	-0.000039	0.170349	-0.169412	0.000035	0.000002	-0.000002	-24.000000	-24.000000	1.180000	22.471777
237.067169	-127.243065	-130.472031	240.998688	159.686249	6.237033	303.995941	0.489109	0.000007	-0.167113	-0.000039	-0.000024	0.000016	0.000035	0.000002	-0.000002	-24.000000	-24.000000	1.180000	22.464998
209.081345	-95.933357	-75.973335	243.803055	177.925888	5.847221	287.440674	0.489109	0.000007	-0.167113	-0.000039	0.170349	-0.169412	0.000035	0.000002	-0.000002	-24.000000	-20.000000	1.180000	21.846671
211.970200	-92.863487	-76.153793	243.101959	178.104706	5.847221	286.800507	0.326071	0.000007	-0.167113	-0.000039	0.170349	-0.169412	0.000035	0.000002	-0.000002	-24.000000	-20.000000	1.180000	21.821824
210.886871	-92.505516	-75.071037	242.050339	178.104706	5.847221	286.160339	0.489109	0.000007	-0.167113	-0.000039	-0.000024	0.000016	0.000035	0.000002	-0.000002	-24.000000	-20.000000	1.180000	21.796949
210.164673	-94.424713	-76.695175	239.596527	177.031799	6.042119	285.520142	0.163077	0.000007	-0.167113	-0.000039	-0.000024	0.000016	0.000035	0.000002	-0.000002	-24.000000	-20.000000	1.180000	21.764457
186.692657	-73.868683	-30.678068	241.524506	189.906830	5.847213	271.436188	0.489109	0.000007	-0.167113	-0.000039	0.170349	-0.169412	0.000035	0.000002	-0.000002	-24.000000	-16.000000	1.180000	21.216758
185.970459	-72.929665	-30.136690	239.947067	189.370377	5.652315	270.378693	0.489109	0.000007	-0.167113	-0.000039	-0.000024	0.000016	0.000035	0.000002	-0.000002	-24.000000	-16.000000	1.180000	21.182275
185.380203	-74.848862	-31.941284	238.720154	187.045715	5.847221	269.515686	0.326071	0.000007	-0.167113	-0.000039	0.170349	-0.169412	0.000035	0.000002	-0.000002	-24.000000	-16.000000	1.180000	21.139908
185.248230	-73.889259	-30.497608	236.792160	185.615158	5.262503	268.235291	0.326071	0.000007	-0.167113	-0.000039	-0.000024	-0.169412	0.000035	0.000002	-0.000002	-24.000000	-16.000000	1.180000	21.112001
174.414993	-75.019882	4.696838	252.216095	203.497147	5.652315	274.797150	0.489109	0.000007	-0.167113	-0.000039	0.170349	-0.169412	0.000035	0.000002	-0.000002	-24.000000	-12.000000	1.180000	21.358317
174.414993	-75.211754	5.419432	253.793533	205.285355	5.847221	275.757416	0.489109	0.000007	-0.167113	-0.000039	-0.000024	0.000016	0.185608	-0.000008	-0.000002	-24.000000	-12.000000	1.180000	21.388663
177.484421	-74.848862	3.071002	252.040817	203.318329	5.847213	276.557648	0.163077	0.000007	-0.167113	-0.000039	-0.000024	-0.169412	0.000035	0.000002	-0.000002	-24.000000	-12.000000	1.180000	21.420347
176.581650	-75.019882	5.600080	254.144089	206.358261	5.847221	277.262207	0.326071	0.000007	-0.167113	-0.000039	-0.000024	-0.169412	0.185608	0.000002	-0.000002	-24.000000	-12.000000	1.180000	21.448202
168.276169	-83.845757	41.910427	275.351959	228.889587	6.237033	295.031342	0.489109	0.000007	-0.167113	-0.000039	0.170349	0.000016	0.185608	0.000002	-0.000002	-24.000000	-8.000000	1.180000	22.124237
170.442810	-83.845757	41.368481	276.228302	229.783707	6.431931	295.923065	0.489109	0.000007	-0.167113	-0.000039	0.170349	-0.169412	0.000035	0.000002	-0.000002	-24.000000	-8.000000	1.180000	22.150912
168.637283	-86.364067	40.826538	277.805756	228.889587	6.431940	296.243164	0.326071	0.000007	-0.167113	-0.000039	0.170349	-0.169412	0.000035	0.000002	-0.000002	-24.000000	-8.000000	1.180000	22.163155
168.637283	-85.764412	41.910427	278.331573	230.677795	6.237033	297.203430	0.489109	0.000007	-0.167113	-0.000039	0.170349	-0.169412	0.000035	0.000002	-0.000002	-24.000000	-8.000000	1.180000	22.207282
152.206894	-94.206551	77.136887	291.476959	246.771576	6.431940	308.406555	0.326071	0.000007	-0.167113	-0.000039	0.170349	0.000016	0.000035	0.000002	-0.000002	-24.000000	-4.000000	1.180000	22.623469
150.943008	-96.152000	78.040123	293.580231	248.380966	6.626838	309.366852	0.163077	0.000007	-0.167113	-0.000039	-0.000024	0.000016	0.000035	0.000002	0.175672	-24.000000	-4.000000	1.180000	22.652123
154.373535	-96.317085	76.052994	294.631866	247.486877	6.626838	310.487152	0.326071	0.000007	-0.167113	-0.000039	0.170349	-0.169412	0.000035	0.000002	-0.000002	-24.000000	-4.000000	1.180000	22.693997
154.012436	-94.782158	78.582069	294.807129	249.990341	6.431940	311.199615	0.489109	0.000007	-0.167113	-0.000039	0.170349	-0.169412	0.185608	-0.000008	-0.000002	-24.000000	-4.000000	1.180000	22.727855
131.623749	-99.386955	112.002045	307.777252	264.832397	6.821752	324.090973	0.489109	0.000007	-0.167113	-0.000039	0.170349	-0.169412	0.000035	-0.000008	-0.000002	-24.000000	0.000000	1.180000	23.189318
132.130783	-100.949997	113.266586	310.756866	266.084137	6.821752	324.731171	0.489109	0.000007	-0.167113	-0.000039	0.170349	-0.169412	0.000035	0.000002	-0.000002	-24.000000	0.000000	1.180000	23.212702
132.526520	-97.468292	114.892418	309.705231	267.514709	6.626846	324.966675	0.489109	0.000007	-0.167113	-0.000039	0.170349	-0.169412	0.185608	0.000002	-0.000002	-24.000000	0.000000	1.180000	23.228411
132.345963	-99.222725	114.169823	309.529968	266.262939	6.821752	325.606995	0.326071	0.000007	-0.167113	-0.000039	0.170349	-0.169412	0.185608	-0.000008	-0.000002	-24.000000	0.000000	1.180000	23.244655
106.165665	-106.131844	147.951096	320.221558	274.667480	7.016659	336.332520	0.326071	0.000007	-0.167113	-0.000039	0.170349	0.000016	0.185608	0.000002	-0.000002	-24.000000	4.000000	1.180000	23.625462
105.804550	-105.526680	147.228500	319.520447	273.594574	7.016659	337.132935	0.489109	0.000007	-0.167113	-0.000039	0.170349	-0.169412	0.185608	-0.000008	-0.000002	-24.000000	4.000000	1.180000	23.654156
106.526764	-104.567352	148.312393	319.695740	275.203949	7.016659	337.453094	0.489109	0.000007	-0.167113	-0.000039	-0.000024	-0.169412	0.185608	0.000002	0.175672	-24.000000	4.000000	1.180000	23.665624
106.707321	-103.061127	148.312393	320.221558	278.243896	6.821752	337.854828	0.489109	0.000007	-0.167113	-0.000039	0.170349	-0.169412	0.000035	0.000002	-0.000002	-24.000000	4.000000	1.180000	23.686980
68.429916	-103.224297	166.919189	301.292175	255.354950	6.431931	318.009277	0.489109	0.000007	-0.167113	-0.000039	-0.000024	-0.169412	0.185608	-0.000008	-0.000002	-24.000000	8.000000	1.180000	22.980365
69.152122	-102.456825	165.293350	299.714752	254.818466	6.431940	316.962585	0.489109	0.000007	-0.167113	-0.000039	0.170349	-0.169412	0.185608	0.000002	0.175672	-24.000000	8.000000	1.180000	22.941733
69.874344	-102.840561	164.751404	299.188904	252.315002	6.431940	315.928680	0.489109	0.000007	-0.167113	-0.000039	0.170349	0.000016	0.000035	0.000002	-0.000002	-24.000000	8.000000	1.180000	22.903509
67.166031	-99.578827	166.015945	296.559845	253.745560	6.237033	314.808350	0.489109	0.000007	-0.167113	-0.000039	0.170349	-0.169412	0.000035	0.000002	-0.000002	-24.000000	8.000000	1.180000	22.869242
34.124687	-98.646957	177.216156	274.475586	228.889587	6.237033	295.511566	0.489109	0.000007	-0.167113	-0.000039	0.170349	0.000016	0.000035	0.000002	0.175672	-24.000000	12.000000	1.180000	22.142625
33.402470	-98.455032	175.229019	272.021820	226.564911	6.042128	294.711182	0.489109	0.000007	-0.167113	-0.000039	0.170349	0.000016	0.000035	0.000002	-0.000002	-24.000000	12.000000	1.180000	22.119440
34.305241	-98.838882	174.325775	272.722870	225.849640	6.042128	293.910767	0.489109	0.000007	-0.167113	-0.000039	0.170349	0.000016	0.000035	0.000002	-0.000002	-24.000000	12.000000	1.180000	22.088752
29.610842	-99.003227	175.951614	272.898163	226.028458	5.847221	293.430481	0.489109	0.000007	-0.167113	-0.000039	0.170349	-0.169412	0.185608	0.000002	-0.000002	-24.000000	12.000000	1.180000	22.077800
1.083336	-92.671616	186.067932	251.514999	204.570068	5.847221	278.478149	0.326071	0.000007	-0.167113	-0.000039	0.170349	-0.169412	0.000035	0.000002	-0.000002	-24.000000	16.000000	1.180000	21.496193
0.722228	-92.889351	185.706635	250.638641	203.675964	5.652315	277.998047	0.326151	0.000007	-0.167113	-0.000039	0.170349	-0.169412	0.000035	0.000002	-0.000002	-24.000000	16.000000	1.180000	21.484947
-0.720705	-93.822823	185.164688	250.989166	202.603043	5.652315	277.582367	0.489109	0.000007	-0.167113	-0.000039	0.170349	0.000016	0.185608	-0.000008	-0.000002	-24.000000	16.000000	1.180000	21.468544
-0.540529	-92.671616	185.706635	250.989166	203.139511	6.042128	277.262207	0.489109	0.000007	-0.167113	-0.000039	0.170349	0.000016	0.185608	0.000002	0.175672	-24.000000	16.000000	1.180000	21.440501
-37.656803	-98.455032	190.764786	232.059830	180.608185	6.042119	266.794891	0.489109	0.000007	-0.167113	-0.000039	0.170349	-0.169412	0.000035	0.000002	-0.000002	-24.000000	20.000000	1.180000	21.022699
-38.557686	-96.343918	193.655167	232.410370	182.754028	6.042119	267.435089	0.489109	0.000007	-0.167113	-0.000039	-0.000024	0.000016	0.000035	0.000002	-0.000002	-24.000000	20.000000	1.180000	21.048490
-40.719795	-97.879272	194.919708	234.338364	183.111679	5.847213	268.395355	0.326151	0.000007	-0.167113	-0.000039	0.170349	0.000016	0.000035	0.000002	0.175672	-24.000000	20.000000	1.180000	21.094949
-41.260330	-98.646957	194.919708	234.338364	183.111679	5.847221	269.195557	0.489109	0.159903	-0.167113	-0.000039	0.170349	0.000016	0.000035	0.000002	0.175672	-24.000000	20.000000	1.180000	21.127070
-88.646645	-121.485466	220.571777	237.493256	174.885956	6.042119	287.760773	0.326151	0.000007	-0.167113	-0.000039	0.170349	-0.169412	0.000035	0.000002	-0.000002	-24.000000	24.000000	1.180000	21.851527
-89.187164	-123.404648	220.210495	237.493256	175.243591	6.042128	288.788116	0.489109	0.000007	-0.167113	-0.000039	0.170349	-0.169412	0.000035	0.000002	-0.000002	-24.000000	24.000000	1.180000	21.891334
-89.006989	-123.404648	220.933090	238.369629	175.780045	6.042128	289.361237	0.326151	0.000007	-0.167113	-0.000039	0.170349	-0.169412	0.000035	0.000002	-0.000002	-24.000000	24.000000	1.180000	21.913510
-90.088051	-124.137764	222.920212	240.122345	177.568253	6.042128	290.228851	0.489109	0.000007	-0.167113	-0.000039	0.170349	0.000016	0.000035	0.000002	0.175672	-24.000000	24.000000	1.180000	21.947037
-141.978775	-155.603897	244.417389	235.915817	161.116821	6.821744	306.165924	0.489109	0.000007	-0.167113	-0.000039	0.170349	0.000016	0.000035	0.000002	-0.000002	-24.000000	28.000000	1.180000	22.524720
-143.780518	-156.179489	245.139984	235.039459	161.295639	6.431940	306.646088	0.326071	0.000007	-0.167113	-0.000039	0.170349	-0.169412	0.000035	0.000002	-0.000002	-24.000000	28.000000	1.180000	22.557427
-145.041763	-157.566452	246.223892	237.668533	162.905014	6.626846	307.446289	0.489109	0.000007	-0.167113	-0.000039	0.170349	-0.169412	0.000035	0.000002	-0.000002	-24.000000	28.000000	1.180000	22.580157
-143.960693	-159.101822	244.959335	236.967438	161.295639	6.237033	307.517731	0.489109	0.000007	-0.167113	-0.000039	0.170349	-0.169412	0.185608	0.000002	-0.000002	-24.000000	28.000000	1.180000	22.597461
-196.932449	-201.076324	261.037048	226.275848	132.505615	6.626846	319.844055	0.489109	0.000007	-0.334219	-0.000039	0.170349	-0.169412	0.185608	-0.000008	-0.000002	-24.000000	32.000000	1.180000	23.040761
-199.635101	-200.940399	263.024170	225.925308	134.651459	6.821752	320.324280	0.489109	0.000007	-0.167113	-0.000039	-0.000024	-0.169412	0.185608	0.000002	-0.000002	-24.000000	32.000000	1.180000	23.051252
-195.310883	-199.349518	262.843536	226.626404	135.366730	7.016659	321.124725	0.489109	0.000007	-0.167113	-0.000039	0.170349	-0.169412	0.185608	0.000002	0.175672	-24.000000	32.000000	1.180000	23.073503
-200.896347	-203.243439	261.759644	226.626404	133.042084	6.821752	321.284790	0.326071	0.000007	-0.167113	-0.000039	-0.000024	-0.169412	0.000035	0.000002	-0.000002	-24.000000	32.000000	1.180000	23.086537
-256.570740	-250.263885	275.669586	213.831573	99.602745	7.406462	333.853729	0.326151	0.000007	-0.167113	-0.000039	0.170349	-0.169412	0.000035	0.000002	-0.000002	-24.000000	36.000000	1.180000	23.522339
-259.994110	-251.223465	279.101898	211.903580	98.529823	7.016659	334.333862	0.489109	0.000007	-0.167113	-0.000039	0.170349	0.000016	0.000035	0.000002	-0.000002	-24.000000	36.000000	1.180000	23.553660
-258.732849	-252.758835	279.101898	214.883209	97.456902	7.016659	334.891754	0.489109	0.000007	-0.167113	-0.000039	-0.000024	-0.169412	0.185608	0.000002	-0.000002	-24.000000	36.000000	1.180000	23.573725
-258.192352	-249.304260	279.643860	214.357376	102.106224	7.016659	335.614197	0.163077	0.000007	-0.167113	-0.000039	-0.000024	-0.169412	0.000035	0.000002	-0.000002	-24.000000	36.000000	1.180000	23.599682
-297.290558	-286.457001	269.166229	180.705200	49.175514	6.626846	322.885620	0.489109	0.000007	-0.167113	-0.000039	0.170349	-0.169412	0.185608	-0.000008	-0.000002	-24.000000	40.000000	1.180000	23.152362
-297.470703	-286.728699	268.082336	178.952484	46.672031	6.626846	321.604980	0.489109	0.000007	-0.167113	-0.000039	-0.000024	-0.169412	0.185608	0.000002	-0.000002	-24.000000	40.000000	1.180000	23.105438
-292.065430	-281.930695	263.746765	177.550308	47.208496	6.821744	320.570007	0.326071	0.000007	-0.334219	-0.000039	0.170349	-0.169412	0.000035	0.000002	-0.000002	-24.000000	40.000000	1.180000	23.060284
-292.245636	-282.890289	264.650024	177.199768	46.135574	6.626846	319.203735	0.489109	0.000007	-0.167113	-0.000039	0.170349	-0.169412	0.185608	0.000002	-0.000002	-24.000000	40.000000	1.180000	23.017197
-311.344269	-304.876221	243.694794	139.516327	-5.708905	6.237033	299.033386	0.489109	0.000007	-0.167113	-0.000039	-0.000024	-0.169412	0.000035	0.000002	-0.000002	-24.000000	44.000000	1.180000	22.277006
-312.965881	-305.643677	244.056107	138.990509	-4.638486	6.237033	298.003662	0.489109	0.000007	-0.167113	-0.000039	0.170349	0.000016	0.000035	0.000002	0.175672	-24.000000	44.000000	1.180000	22.237799
-309.182159	-304.577271	243.333511	140.392685	-3.746469	6.042128	297.592651	0.489109	0.000007	-0.167113	-0.179846	-0.000024	0.000016	0.185608	0.000002	-0.000002	-24.000000	44.000000	1.180000	22.229563
-307.380432	-299.120209	243.152863	137.938889	-3.568064	6.626838	296.723297	0.489109	0.000007	-0.167113	-0.000039	0.170349	0.000016	0.000035	0.000002	-0.000002	-24.000000	44.000000	1.180000	22.174060
238.150513	-275.597351	-292.885345	86.934792	-44.065609	5.652315	276.141663	0.489109	0.000007	-0.167113	-0.000039	0.170349	-0.169412	0.185608	0.000002	-0.000002	-20.000000	-44.000000	1.180000	21.411598
236.824570	-272.526611	-287.832489	88.512245	-40.140732	5.652315	275.277283	0.326151	0.000007	-0.167113	-0.000039	0.170349	-0.169412	0.000035	0.000002	-0.000002	-20.000000	-44.000000	1.180000	21.377359
237.789398	-270.915771	-290.358917	87.285339	-42.638378	5.847221	274.637115	0.489109	0.000007	-0.167113	-0.000039	0.170349	-0.169412	0.185608	-0.000008	-0.000002	-20.000000	-44.000000	1.180000	21.344228
237.067169	-271.183167	-288.734772	87.986427	-42.103165	5.652315	273.676819	0.326151	0.000007	-0.167113	-0.000039	0.170349	-0.169412	0.000035	0.000002	-0.000002	-20.000000	-44.000000	1.180000	21.313818
236.525528	-225.635239	-250.838348	115.854637	9.477481	5.652315	270.058533	0.489109	0.000007	-0.167113	-0.000039	-0.000024	-0.169412	0.185608	0.000002	-0.000002	-20.000000	-40.000000	1.180000	21.169462
237.067169	-225.827118	-250.838348	116.029915	9.656300	5.652315	270.858917	0.489109	0.000007	-0.167113	-0.000039	0.170349	-0.169412	0.185608	0.000002	-0.000002	-20.000000	-40.000000	1.180000	21.201479
238.872711	-226.978317	-253.545242	115.328827	8.404559	5.457409	271.436188	0.489109	0.000007	-0.167113	-0.000039	0.170349	0.000016	0.000035	-0.000008	-0.000002	-20.000000	-40.000000	1.180000	21.232322
239.775497	-228.768814	-254.447525	115.679375	7.868100	5.847221	272.396484	0.489109	0.000007	-0.167113	-0.000039	0.170349	0.000016	0.000035	0.000002	-0.000002	-20.000000	-40.000000	1.180000	21.255079
258.372528	-196.142380	-234.777481	153.538071	60.441174	6.042128	290.869202	0.489109	0.000007	-0.167113	-0.000039	0.170349	0.000016	0.000035	0.000002	0.175672	-20.000000	-36.000000	1.180000	21.971749
258.733643	-197.102005	-234.957916	155.466064	61.156456	6.237026	291.441803	0.326151	0.000007	-0.167113	-0.000039	-0.000024	-0.169412	0.000035	0.000002	-0.000002	-20.000000	-36.000000	1.180000	21.986312
257.469757	-196.142380	-233.514236	155.115524	61.514091	6.042128	292.242035	0.326151	-0.159452	-0.167113	-0.000039	-0.000024	-0.169412	0.000035	0.000002	-0.000002	-20.000000	-36.000000	1.180000	22.024636
260.290405	-199.021210	-236.762512	155.991882	60.798809	6.042128	292.882233	0.163077	0.000007	-0.167113	-0.000039	-0.000024	-0.169412	0.000035	0.000002	-0.000002	-20.000000	-36.000000	1.180000	22.049256
271.301300	-167.546295	-205.543076	188.592422	109.080215	6.431940	308.798370	0.489109	0.000007	-0.167113	-0.000039	0.170349	-0.169412	0.000035	0.000002	0.175672	-20.000000	-32.000000	1.180000	22.638142
272.745361	-167.546295	-207.528122	187.190262	108.007286	6.431940	308.886719	0.489109	0.000007	-0.167113	-0.000039	0.170349	0.000016	0.000035	0.000002	-0.000002	-20.000000	-32.000000	1.180000	22.641449
273.539032	-166.156570	-207.708572	188.592422	109.259033	6.431940	309.366852	0.489109	0.000007	-0.167113	-0.000039	0.170349	0.000016	0.185608	0.000002	-0.000002	-20.000000	-32.000000	1.180000	22.659413
274.261261	-167.499634	-206.625824	192.097870	111.226036	6.626838	309.846985	0.326151	-0.159452	-0.167113	-0.000039	-0.000024	-0.169412	0.000035	0.000002	0.175672	-20.000000	-32.000000	1.180000	22.670079
280.400085	-121.835365	-164.217911	222.069351	159.328613	7.016650	322.170410	0.489109	0.000007	-0.167113	-0.000039	0.170349	-0.169412	0.000035	0.000002	-0.000002	-20.000000	-28.000000	1.180000	23.111878
281.229156	-126.475395	-167.285706	221.368256	157.898056	6.626846	322.650574	0.489109	0.000007	-0.167113	-0.000039	0.170349	-0.169412	0.000035	0.000002	-0.000002	-20.000000	-28.000000	1.180000	23.143756
280.761200	-124.556183	-165.842041	222.595139	158.076874	7.016659	323.205780	0.326071	0.000007	-0.334219	-0.000039	0.170349	-0.169412	0.185608	0.000002	-0.000002	-20.000000	-28.000000	1.180000	23.149811
282.927856	-124.172348	-167.646637	222.069351	158.970978	7.016650	323.610840	0.326151	0.000007	-0.334219	-0.000039	0.170349	-0.169412	0.000035	0.000002	-0.000002	-20.000000	-28.000000	1.180000	23.164635
285.275055	-84.229492	-123.614571	249.411728	200.636032	7.211556	336.254395	0.326151	0.000007	-0.167113	-0.000039	-0.000024	-0.169412	0.000035	0.000002	-0.000002	-20.000000	-24.000000	1.180000	23.615667
285.455597	-87.131744	-124.697334	250.288101	200.278381	6.626846	336.812775	0.489109	0.000007	-0.167113	-0.000039	0.170349	-0.169412	0.000035	0.000002	0.175672	-20.000000	-24.000000	1.180000	23.656651
285.816711	-87.107483	-127.223763	251.164444	201.351318	6.626846	336.894562	0.489109	-0.159452	-0.167113	-0.000039	0.170349	0.000016	0.000035	0.000002	0.175672	-20.000000	-24.000000	1.180000	23.659581
287.802826	-81.543358	-121.629524	252.040817	204.748886	7.211556	337.854828	0.326151	0.000007	-0.167113	-0.000039	-0.000024	0.000016	0.000035	0.000002	-0.000002	-20.000000	-24.000000	1.180000	23.673030
257.943817	-52.969963	-63.341187	253.618256	221.557983	6.626846	318.563416	0.489109	0.000007	-0.167113	-0.000039	0.170349	-0.169412	0.000035	0.000002	-0.000002	-20.000000	-20.000000	1.180000	22.993609
259.636414	-51.420277	-64.423943	252.216095	220.127411	6.626838	317.529114	0.326151	0.000007	-0.167113	-0.000039	0.170349	0.000016	0.000035	0.000002	0.175672	-20.000000	-20.000000	1.180000	22.955457
256.205902	-48.734142	-61.536598	251.339722	221.915619	6.431940	316.162170	0.489109	0.000007	-0.167113	-0.000039	0.170349	-0.169412	0.185608	0.000002	-0.000002	-20.000000	-20.000000	1.180000	22.912147
252.594818	-47.212353	-58.468792	251.339722	221.915619	6.237033	315.521851	0.489109	0.000007	-0.167113	-0.000039	0.170349	-0.169412	0.000035	0.000002	-0.000002	-20.000000	-20.000000	1.180000	22.895667
226.233932	-33.969868	-12.632146	249.411728	228.889587	6.237033	296.472046	0.489109	0.000007	-0.167113	-0.000039	-0.000024	-0.169412	0.000035	0.000002	-0.000002	-20.000000	-16.000000	1.180000	22.179354
226.896713	-35.111607	-13.173524	248.009567	226.743729	6.042128	295.831726	0.489109	0.000007	-0.167113	-0.000039	0.170349	-0.169412	0.000035	0.000002	-0.000002	-20.000000	-16.000000	1.180000	22.162329
224.247864	-33.192940	-10.647095	248.360107	228.710770	6.237026	295.122864	0.326151	0.000007	-0.334219	-0.000039	0.170349	-0.169412	0.000035	0.000002	-0.000002	-20.000000	-16.000000	1.180000	22.127743
226.414505	-32.617344	-11.008014	248.009567	227.280182	6.042128	294.391022	0.489109	0.000007	-0.167113	-0.000039	0.170349	-0.169412	0.000035	0.000002	-0.000002	-20.000000	-16.000000	1.180000	22.107170
199.150879	-29.363783	29.084385	246.782669	231.214249	5.652315	279.823517	0.489109	0.000007	-0.334219	-0.000039	-0.000024	-0.169412	0.185608	0.000002	-0.000002	-20.000000	-12.000000	1.180000	21.556831
198.609207	-32.626427	26.735952	244.328857	227.101364	5.847221	279.118347	0.326151	0.000007	-0.167113	-0.000039	0.170349	0.000016	0.000035	0.000002	-0.000002	-20.000000	-12.000000	1.180000	21.521417
197.706451	-28.204405	28.542439	242.225586	229.247223	6.042119	278.638214	0.326151	-0.159452	-0.167113	-0.000039	0.170349	-0.169412	0.000035	0.000002	0.175672	-20.000000	-12.000000	1.180000	21.494820
197.164795	-29.739340	28.181141	242.400864	228.174301	5.652315	277.902527	0.489109	0.000007	-0.167113	-0.000039	0.170349	-0.169412	0.000035	0.000002	-0.000002	-20.000000	-12.000000	1.180000	21.481179
171.526138	-32.041740	57.446201	236.091080	226.743729	5.457409	265.416138	0.489109	0.000007	-0.167113	-0.000039	0.170349	-0.169412	0.185608	0.000002	-0.000002	-20.000000	-8.000000	1.180000	20.990665
171.706696	-31.274275	59.433334	238.544876	228.889587	5.457409	266.216553	0.489109	0.000007	-0.334219	-0.000039	0.170349	-0.169412	0.185608	0.000002	0.175672	-20.000000	-8.000000	1.180000	21.022956
171.706696	-34.737549	58.710739	239.596527	228.353119	5.847213	266.954926	0.326151	0.000007	-0.167113	-0.000039	0.170349	-0.169412	0.000035	0.000002	-0.000002	-20.000000	-8.000000	1.180000	21.037002
174.234451	-32.425476	59.072037	239.070694	228.889587	6.042119	267.915222	0.489109	-0.159452	-0.167113	-0.000039	0.170349	0.000016	0.000035	0.000002	0.175672	-20.000000	-8.000000	1.180000	21.067813
160.470306	-43.745609	92.492004	259.577515	252.315002	6.042128	286.640472	0.326151	0.000007	-0.167113	-0.000039	0.170349	-0.169412	0.000035	0.000002	-0.000002	-20.000000	-4.000000	1.180000	21.808036
162.317902	-43.373955	93.214600	261.330231	253.387924	6.042128	287.507477	0.489109	0.000007	-0.167113	-0.000039	0.170349	0.000016	0.000035	0.000002	-0.000002	-20.000000	-4.000000	1.180000	21.841702
160.873459	-42.978142	93.575897	262.031311	254.460831	6.042128	287.987732	0.489109	0.000007	-0.167113	-0.000039	0.170349	-0.169412	0.185608	0.000002	-0.000002	-20.000000	-4.000000	1.180000	21.860328
161.054016	-42.594410	93.937195	262.031311	256.427856	6.237026	288.721039	0.326151	0.000007	-0.167113	-0.000039	0.170349	0.000016	0.000035	0.000002	-0.000002	-20.000000	-4.000000	1.180000	21.881190
139.531540	-48.350414	129.344299	279.558472	275.740417	6.237033	304.885590	0.489109	0.000007	-0.167113	-0.000039	0.170349	-0.169412	0.000035	0.000002	-0.000002	-20.000000	0.000000	1.180000	22.498533
142.456970	-51.036545	126.995872	279.909027	273.773407	6.626846	306.076996	0.489109	0.000007	-0.167113	-0.000039	-0.000024	0.000016	0.185608	0.000002	-0.000002	-20.000000	0.000000	1.180000	22.528706
142.095871	-48.926010	128.260406	280.434845	276.098053	6.237033	306.397156	0.489109	0.000007	-0.167113	-0.000039	0.170349	-0.169412	0.000035	0.000002	-0.000002	-20.000000	0.000000	1.180000	22.555398
141.734756	-49.501610	128.621704	280.960663	276.992157	6.626838	307.126221	0.489109	0.000007	-0.167113	-0.000039	-0.000024	0.000016	0.000035	0.000002	-0.000002	-20.000000	0.000000	1.180000	22.568141
121.119881	-54.505322	160.054550	292.178040	287.184875	6.626846	319.129578	0.163077	0.000007	-0.167113	-0.000039	0.170349	0.000016	0.000035	0.000002	-0.000002	-20.000000	4.000000	1.180000	23.014467
120.790512	-56.216949	159.331955	291.126434	284.681427	7.016650	319.609711	0.489109	0.000007	-0.167113	-0.000039	-0.000024	-0.169412	0.000035	0.000002	-0.000002	-20.000000	4.000000	1.180000	23.017792
122.054390	-53.914547	160.957794	292.879150	288.973083	6.821744	320.089874	0.163077	0.000007	-0.167113	-0.000039	-0.000024	-0.169412	0.000035	0.000002	-0.000002	-20.000000	4.000000	1.180000	23.042633
120.790512	-55.449482	161.138428	292.879150	287.542542	7.211556	320.890076	0.326151	0.000007	-0.167113	-0.000039	0.170349	-0.169412	0.000035	0.000002	-0.000002	-20.000000	4.000000	1.180000	23.057722
90.999146	-64.083481	194.739059	304.096558	293.980042	7.016659	333.130859	0.489109	0.000007	-0.167113	-0.000039	0.170349	-0.169412	0.185608	0.000002	-0.000002	-20.000000	8.000000	1.180000	23.510337
91.360245	-62.356674	195.100342	303.395447	295.231781	6.821752	333.611115	0.489109	0.000007	-0.167113	-0.000039	0.170349	-0.169412	0.185608	0.000002	-0.000002	-20.000000	8.000000	1.180000	23.534661
93.707443	-62.932278	192.571274	301.116913	292.549500	7.211556	334.013763	0.326151	0.000007	-0.167113	-0.000039	0.170349	0.000016	0.000035	0.000002	-0.000002	-20.000000	8.000000	1.180000	23.535124
93.707443	-63.316010	193.835815	304.447052	296.304718	7.211556	334.653931	0.326151	0.000007	-0.167113	-0.000039	-0.000024	-0.169412	0.000035	0.000002	-0.000002	-20.000000	8.000000	1.180000	23.558164
53.624496	-60.246155	215.874924	288.847870	278.780334	7.016650	325.851471	0.489109	0.000007	-0.167113	-0.000039	-0.000024	-0.169412	0.000035	0.000002	-0.000002	-20.000000	12.000000	1.180000	23.246462
50.555080	-63.507877	214.971680	289.548981	276.098053	6.626846	324.486450	0.489109	-0.159452	-0.334219	-0.000039	0.170349	-0.169412	0.185608	-0.000008	0.175672	-20.000000	12.000000	1.180000	23.210884
52.541176	-61.606365	214.068451	287.621002	276.098053	6.626846	323.205780	0.489109	0.000007	-0.167113	-0.000039	-0.000024	-0.169412	0.000035	0.000002	-0.000002	-20.000000	12.000000	1.180000	23.164076
51.999516	-62.565971	212.803894	286.744629	273.952209	6.821752	322.245300	0.489109	0.000007	-0.167113	-0.000039	0.170349	-0.169412	0.000035	0.000002	-0.000002	-20.000000	12.000000	1.180000	23.121769
9.930473	-53.914547	220.391144	258.525879	244.268112	5.847221	300.794281	0.489109	0.000007	-0.334219	-0.000039	-0.000024	-0.169412	0.185608	0.000002	-0.000002	-20.000000	16.000000	1.180000	22.358673
9.930473	-53.722679	220.029861	258.175323	244.268112	6.237033	300.153961	0.489109	0.000007	-0.167113	-0.000039	-0.000024	-0.169412	0.185608	0.000002	-0.000002	-20.000000	16.000000	1.180000	22.319594
11.736012	-53.530811	218.945953	257.649506	243.910461	6.237033	299.513611	0.489109	0.000007	-0.167113	-0.000039	0.170349	0.000016	0.000035	0.000002	-0.000002	-20.000000	16.000000	1.180000	22.295267
12.638781	-53.914547	218.042709	256.948425	241.406982	6.431940	298.803864	0.489109	0.000007	-0.167113	-0.000039	0.170349	0.000016	0.000035	0.000002	-0.000002	-20.000000	16.000000	1.180000	22.260854
-30.629938	-61.013607	224.184769	235.740540	216.193375	6.237033	283.505402	0.489109	0.000007	-0.167113	-0.000039	0.170349	-0.169412	0.185608	-0.000008	-0.000002	-20.000000	20.000000	1.180000	21.678247
-29.368702	-58.903088	222.197617	233.111450	214.047531	5.847221	282.705017	0.489109	0.000007	-0.334219	-0.000039	0.170349	-0.169412	0.185608	0.000002	-0.000002	-20.000000	20.000000	1.180000	21.662190
-30.089407	-61.205475	221.294373	232.760925	212.080505	6.042119	282.224762	0.489109	0.000007	-0.167113	-0.000039	-0.000024	0.000016	0.000035	0.000002	-0.000002	-20.000000	20.000000	1.180000	21.635762
-29.729055	-57.000286	221.475021	231.358749	213.511078	5.847221	281.424347	0.489109	0.000007	-0.167113	-0.000039	-0.000024	-0.169412	0.000035	0.000002	-0.000002	-20.000000	20.000000	1.180000	21.612030
-70.088501	-68.304550	220.210495	205.243240	183.648132	5.262503	265.416138	0.489109	0.000007	-0.167113	-0.000039	0.170349	-0.169412	0.185608	0.000002	0.175672	-20.000000	24.000000	1.180000	20.998532
-69.908325	-69.091255	220.571777	206.820694	184.542221	5.652315	264.714294	0.326151	0.000007	-0.167113	-0.000039	-0.000024	0.000016	0.000035	0.000002	-0.000002	-20.000000	24.000000	1.180000	20.954429
-68.466911	-66.961479	218.765305	204.892700	183.290497	5.457409	264.135498	0.489109	0.000007	-0.167113	-0.000039	0.170349	-0.169412	0.185608	0.000002	-0.000002	-20.000000	24.000000	1.180000	20.938898
-67.385857	-65.618408	218.945953	204.542160	184.363403	5.652307	263.593994	0.326151	0.000007	-0.167113	-0.000039	-0.000024	-0.169412	0.000035	0.000002	-0.000002	-20.000000	24.000000	1.180000	20.909072
-101.619324	-82.502693	216.597519	181.055740	152.891098	4.677784	251.809158	0.489109	0.000007	-0.334219	-0.000039	-0.000024	-0.169412	0.185608	0.000002	-0.000002	-20.000000	28.000000	1.180000	20.466234
-102.159851	-84.229492	216.236237	181.055740	152.175812	4.872682	251.270554	0.489109	0.000007	-0.167113	-0.000039	-0.000024	-0.169412	0.000035	0.000002	-0.000002	-20.000000	28.000000	1.180000	20.435839
-101.619324	-81.543358	215.513641	179.828842	152.533463	4.677775	250.790390	0.489109	0.000007	-0.334219	-0.000039	0.170349	-0.169412	0.000035	0.000002	-0.000002	-20.000000	28.000000	1.180000	20.424006
-102.159851	-83.485260	216.055573	180.705200	152.354645	4.872691	250.310272	0.489109	0.000007	-0.334219	-0.000039	-0.000024	-0.169412	0.000035	0.000002	-0.000002	-20.000000	28.000000	1.180000	20.395977
-145.582291	-118.990509	232.494598	173.519058	131.432693	5.262503	265.194458	0.326151	0.000007	-0.167113	-0.000039	0.170349	-0.169412	0.000035	0.000002	-0.000002	-20.000000	32.000000	1.180000	20.989584
-149.185791	-123.788490	233.759125	174.044876	128.929214	5.457409	266.154724	0.489109	0.000007	-0.334219	-0.000039	0.170349	-0.169412	0.000035	0.000002	-0.000002	-20.000000	32.000000	1.180000	21.020463
-146.663345	-118.990509	235.384979	174.921234	133.042084	5.847221	266.794891	0.326151	0.000007	-0.167113	-0.000039	0.170349	0.000016	0.000035	0.000002	0.175672	-20.000000	32.000000	1.180000	21.030553
-150.447037	-123.370300	236.830139	176.673950	132.863266	5.457409	267.595123	0.489109	0.000007	-0.167113	-0.000039	0.170349	-0.169412	0.000035	0.000002	-0.000002	-20.000000	32.000000	1.180000	21.078454
-199.635101	-162.702972	251.462677	162.652206	102.463867	5.847221	283.185242	0.489109	0.000007	-0.167113	-0.000039	-0.000024	-0.169412	0.185608	0.000002	-0.000002	-20.000000	36.000000	1.180000	21.680969
-196.752304	-160.784302	252.004623	162.301666	101.390945	6.042128	283.985657	0.489109	0.000007	-0.167113	-0.000039	0.170349	0.000016	0.185608	0.000002	-0.000002	-20.000000	36.000000	1.180000	21.704625
-202.157578	-165.389099	253.269180	163.353302	99.423927	6.042119	284.399841	0.326151	0.000007	-0.167113	-0.000039	0.170349	-0.169412	0.000035	0.000002	-0.000002	-20.000000	36.000000	1.180000	21.720791
-200.175644	-164.667496	254.714371	165.982376	102.642685	6.042119	284.879974	0.326151	0.000007	-0.167113	-0.000039	0.170349	0.000016	0.000035	0.000002	-0.000002	-20.000000	36.000000	1.180000	21.739516
-257.651794	-219.940491	267.540405	147.929382	57.937691	6.431940	299.833801	0.489109	0.000007	-0.167113	-0.179846	-0.000024	-0.169412	0.000035	0.000002	-0.000002	-20.000000	40.000000	1.180000	22.300029
-256.030243	-215.850037	267.540405	147.403564	59.725891	6.237033	300.314056	0.489109	0.000007	-0.167113	-0.179846	-0.000024	-0.169412	0.000035	0.000002	-0.000002	-20.000000	40.000000	1.180000	22.325672
-253.327591	-214.758652	268.082336	148.455185	59.368256	6.042128	300.884460	0.489109	0.000007	-0.167113	-0.179846	-0.000024	-0.169412	0.000035	0.000002	-0.000002	-20.000000	40.000000	1.180000	22.354704
-255.489700	-217.445541	267.359741	148.981003	59.725891	6.042119	301.524628	0.326151	0.000007	-0.167113	-0.000039	0.170349	-0.169412	0.000035	0.000002	-0.000002	-20.000000	40.000000	1.180000	22.378959
-317.470276	-277.708466	279.101898	127.773125	6.616360	6.626846	315.448547	0.326151	0.000007	-0.334219	-0.000039	0.170349	-0.169412	0.000035	0.000002	-0.000002	-20.000000	44.000000	1.180000	22.878519
-318.010803	-273.678131	279.643860	125.494583	6.795180	6.431931	316.088745	0.326151	0.000007	-0.167113	-0.000039	-0.000024	-0.169412	0.000035	0.000002	-0.000002	-20.000000	44.000000	1.180000	22.909431
-319.091858	-275.789246	279.463196	124.618225	3.218781	6.431940	316.642395	0.489109	0.000007	-0.167113	-0.000039	-0.000024	-0.169412	0.000035	0.000002	-0.000002	-20.000000	44.000000	1.180000	22.929902
-320.713440	-275.213501	281.450317	123.917145	4.649341	6.626846	317.282745	0.489109	0.000007	-0.167113	-0.000039	-0.000024	-0.169412	0.000035	0.000002	-0.000002	-20.000000	44.000000	1.180000	22.946359
305.135956	-284.425659	-346.120819	74.139954	-41.211151	6.626846	332.330444	0.489109	0.000007	-0.167113	-0.000039	-0.000024	-0.169412	0.185608	0.000002	-0.000002	-16.000000	-44.000000	1.180000	23.495532
307.041595	-286.728699	-350.632294	70.283974	-46.384846	7.016659	332.970764	0.326071	0.000007	-0.167113	-0.000039	-0.000024	-0.169412	0.000035	0.000002	-0.000002	-16.000000	-44.000000	1.180000	23.504565
306.399841	-284.922058	-350.271393	70.108704	-46.741653	7.016650	333.213531	0.489109	0.000007	-0.167113	-0.000039	-0.000024	-0.169412	0.000035	0.000002	-0.000002	-16.000000	-44.000000	1.180000	23.513316
307.222107	-284.425659	-349.188599	69.933434	-46.206444	6.626846	333.693695	0.489109	0.000007	-0.167113	-0.000039	-0.000024	-0.169412	0.000035	0.000002	-0.000002	-16.000000	-44.000000	1.180000	23.544650
308.024841	-230.304184	-306.058838	108.142685	17.345560	6.626846	328.968719	0.489109	0.000007	-0.334219	-0.000039	-0.000024	-0.169412	0.185608	0.000002	-0.000002	-16.000000	-40.000000	1.180000	23.373963
305.677643	-223.908447	-303.171539	110.771759	22.352520	7.016650	327.611969	0.489109	0.000007	-0.167113	-0.000039	-0.000024	0.000016	0.000035	0.000002	-0.000002	-16.000000	-40.000000	1.180000	23.310553
303.431458	-222.819290	-301.006012	107.967415	21.994879	6.626846	326.491638	0.489109	0.000007	-0.167113	-0.000039	-0.000024	-0.169412	0.000035	0.000002	-0.000002	-16.000000	-40.000000	1.180000	23.283980
304.594330	-222.757248	-300.645111	107.967415	21.637238	6.821752	325.286835	0.489109	0.000007	-0.167113	-0.000039	-0.000024	-0.169412	0.185608	0.000002	-0.000002	-16.000000	-40.000000	1.180000	23.232979
283.650055	-161.359894	-238.206192	132.505463	74.746773	6.431931	302.004791	0.489109	0.000007	-0.167113	-0.000039	0.170349	-0.169412	0.000035	0.000002	-0.000002	-16.000000	-36.000000	1.180000	22.382380
281.663971	-160.637161	-237.664810	132.330200	73.316216	6.237033	301.274536	0.489109	0.000007	-0.167113	-0.000039	0.170349	-0.169412	0.185608	0.000002	-0.000002	-16.000000	-36.000000	1.180000	22.362101
280.761200	-159.249359	-236.221130	134.258179	75.819687	6.431940	300.404327	0.489109	0.000007	-0.167113	-0.000039	0.170349	-0.169412	0.000035	0.000002	-0.000002	-16.000000	-36.000000	1.180000	22.321700
281.844513	-160.016830	-237.845261	133.381821	73.673851	6.431931	299.924194	0.326151	0.000007	-0.167113	-0.000039	-0.000024	-0.169412	0.000035	0.000002	0.175672	-16.000000	-36.000000	1.180000	22.303464
265.525085	-112.465210	-182.985672	152.311172	113.729530	5.847221	283.665497	0.489109	-0.159452	-0.167113	-0.000039	-0.000024	-0.169412	0.000035	0.000002	-0.000002	-16.000000	-32.000000	1.180000	21.699733
264.872467	-110.737923	-182.083359	150.383179	113.193069	6.042119	282.959412	0.326151	0.000007	-0.167113	-0.000039	0.170349	0.000016	0.000035	0.000002	-0.000002	-16.000000	-32.000000	1.180000	21.664518
261.983612	-108.788422	-179.737396	151.084259	114.623619	6.431931	282.319244	0.326151	-0.159452	-0.167113	-0.000039	0.170349	-0.169412	0.000035	0.000002	-0.000002	-16.000000	-32.000000	1.180000	21.624190
262.705811	-109.555885	-180.278778	150.733734	114.444801	5.847213	281.519043	0.489109	0.000007	-0.167113	-0.000039	-0.000024	-0.169412	0.000035	0.000002	-0.000002	-16.000000	-32.000000	1.180000	21.615745
248.442062	-61.972942	-133.178909	166.683456	146.632401	6.042128	269.578278	0.489109	0.000007	-0.167113	-0.000039	0.170349	-0.169412	0.000035	0.000002	-0.000002	-16.000000	-28.000000	1.180000	21.134603
247.539291	-62.182125	-132.457077	165.281281	145.201843	5.652315	268.937927	0.489109	0.000007	-0.167113	-0.000039	0.170349	-0.169412	0.185608	0.000002	-0.000002	-16.000000	-28.000000	1.180000	21.124555
248.015961	-61.030613	-132.637543	164.930740	145.380661	5.652315	268.395355	0.326151	0.000007	-0.167113	-0.000039	0.170349	-0.169412	0.000035	0.000002	-0.000002	-16.000000	-28.000000	1.180000	21.102777
249.164276	-61.013607	-132.998459	163.703827	144.665375	5.652315	267.915222	0.489109	0.000007	-0.167113	-0.000039	0.170349	-0.169412	0.000035	0.000002	-0.000002	-16.000000	-28.000000	1.180000	21.083487
247.719864	-23.215872	-95.282471	187.891342	181.681107	6.042128	276.301727	0.489109	-0.159452	-0.167113	-0.000039	0.170349	-0.169412	0.185608	0.000002	-0.000002	-16.000000	-24.000000	1.180000	21.402503
248.803177	-20.721605	-94.019257	189.293518	184.184586	6.042119	277.037781	0.489109	0.000007	-0.167113	-0.000039	-0.000024	-0.169412	0.000035	0.000002	-0.000002	-16.000000	-24.000000	1.180000	21.431628
250.182053	-20.343536	-95.462936	188.592422	184.184586	6.042119	277.677948	0.326151	0.000007	-0.167113	-0.000039	-0.000024	-0.169412	0.000035	0.000002	-0.000002	-16.000000	-24.000000	1.180000	21.456927
251.692047	-21.489071	-95.643394	188.417160	183.648132	5.847221	278.542877	0.489109	-0.159452	-0.167113	-0.000039	0.170349	-0.169412	0.185608	0.000002	-0.000002	-16.000000	-24.000000	1.180000	21.498744
255.122559	0.769640	-54.137772	217.512299	223.882629	5.847221	294.230927	0.489109	0.000007	-0.167113	-0.000039	-0.000024	-0.169412	0.185608	0.000002	-0.000002	-16.000000	-20.000000	1.180000	22.108504
254.400345	0.000031	-53.415932	217.512299	224.061447	5.847221	294.711182	0.489109	0.000007	-0.167113	-0.000039	0.170349	-0.169412	0.185608	0.000002	-0.000002	-16.000000	-20.000000	1.180000	22.126905
256.319275	0.384835	-53.957310	217.862808	224.061447	5.847221	295.122864	0.489109	-0.159452	-0.167113	-0.000039	-0.000024	-0.169412	0.000035	0.000002	-0.000002	-16.000000	-20.000000	1.180000	22.142667
256.499786	0.577238	-53.957310	217.687546	224.419083	5.847221	295.763031	0.489109	0.000007	-0.167113	-0.000039	0.340676	-0.169412	0.000035	0.000002	-0.000002	-16.000000	-20.000000	1.180000	22.167154
254.580902	16.354242	-8.481584	243.101959	258.573700	6.431931	310.167053	0.489109	-0.159452	-0.167113	-0.000039	-0.000024	0.000016	0.000035	0.000002	-0.000002	-16.000000	-16.000000	1.180000	22.689321
254.219803	13.853010	-7.759747	242.400864	256.249054	6.821744	310.487152	0.489109	0.000007	-0.167113	-0.000039	-0.000024	-0.169412	0.000035	0.000002	-0.000002	-16.000000	-16.000000	1.180000	22.686717
257.582825	16.354242	-8.842502	243.803055	258.573700	6.626846	310.967316	0.489109	0.000007	-0.167113	-0.000039	0.170349	-0.169412	0.000035	0.000002	-0.000002	-16.000000	-16.000000	1.180000	22.711919
254.761444	14.237815	-7.218369	244.504120	258.752502	6.821744	311.447418	0.326151	0.000007	-0.334219	-0.000039	-0.000024	-0.169412	0.000035	0.000002	-0.000002	-16.000000	-16.000000	1.180000	22.722559
248.442062	17.508657	39.742645	261.505493	282.535583	6.821752	322.810608	0.489109	0.000007	-0.167113	-0.000039	-0.000024	-0.169412	0.000035	0.000002	-0.000002	-16.000000	-12.000000	1.180000	23.142479
247.178192	15.777036	41.729778	264.835663	284.323792	6.821752	323.290741	0.489109	0.000007	-0.167113	-0.000039	0.170349	-0.169412	0.185608	0.000002	-0.000002	-16.000000	-12.000000	1.180000	23.160055
250.428162	16.931450	39.381351	264.835663	283.966156	6.821752	323.450806	0.489109	-0.159452	-0.167113	-0.000039	0.170349	-0.169412	0.185608	0.000002	-0.000002	-16.000000	-12.000000	1.180000	23.165911
247.719864	16.354242	41.549129	265.186218	286.111969	6.821752	324.326355	0.489109	0.000007	-0.334219	-0.000039	0.170349	-0.169412	0.185608	0.000002	-0.000002	-16.000000	-12.000000	1.180000	23.197918
230.928360	5.002495	86.711250	284.641388	306.318634	7.016650	336.094360	0.489109	-0.159452	-0.167113	-0.000039	0.170349	-0.169412	0.000035	0.000002	-0.000002	-16.000000	-8.000000	1.180000	23.616918
233.394928	8.273338	84.362823	280.960663	304.888092	7.016659	336.652679	0.489109	0.000007	-0.167113	-0.000039	-0.000024	-0.169412	0.185698	0.000002	-0.000002	-16.000000	-8.000000	1.180000	23.636944
231.228836	4.040483	86.349960	284.115570	306.497437	7.016650	337.054626	0.326151	0.000007	-0.167113	-0.000039	-0.000024	0.000016	0.000035	0.000002	-0.000002	-16.000000	-8.000000	1.180000	23.651350
232.372772	5.964508	86.891899	285.692993	309.537384	6.821752	337.453094	0.489109	0.000007	-0.167113	-0.000039	-0.000024	-0.169412	0.000035	0.000002	-0.000002	-16.000000	-8.000000	1.180000	23.672603
193.373154	-2.302400	117.240845	275.351959	300.596405	6.431940	320.004120	0.489109	0.000007	-0.167113	-0.000039	-0.000024	-0.169412	0.185608	0.000002	0.175672	-16.000000	-4.000000	1.180000	23.053812
192.600464	-0.959333	116.698906	272.197083	297.556458	6.626846	318.649445	0.489109	0.000007	-0.167113	-0.000039	-0.000024	-0.169412	0.000035	0.000002	-0.000002	-16.000000	-4.000000	1.180000	22.996779
191.928726	-0.383840	116.879562	272.197083	297.914093	6.626838	317.529114	0.326151	0.000007	-0.167113	-0.000039	-0.000024	-0.169412	0.000035	0.000002	-0.000002	-16.000000	-4.000000	1.180000	22.955457
189.762085	-0.191866	116.698906	270.444366	297.914093	6.821744	316.728912	0.326151	0.000007	-0.334219	-0.000039	-0.000024	-0.169412	0.000035	0.000002	-0.000002	-16.000000	-4.000000	1.180000	22.918691
150.581909	-8.634002	135.847656	256.247345	281.283844	6.821744	296.403198	0.489109	0.000007	-0.167113	-0.000039	0.170349	-0.169412	0.000035	0.000002	-0.000002	-16.000000	0.000000	1.180000	22.154368
150.762451	-7.099067	134.944397	254.494629	280.568573	6.431931	295.763031	0.489109	0.000007	-0.167113	-0.000039	0.170349	0.000016	0.000035	0.000002	0.175672	-16.000000	0.000000	1.180000	22.144789
150.040237	-8.058401	135.305695	254.319351	279.853271	6.042128	295.031342	0.489109	0.000007	-0.167113	-0.000039	0.170349	0.000016	0.185608	0.000002	-0.000002	-16.000000	0.000000	1.180000	22.131702
148.595810	-6.523468	136.931549	255.546249	282.714386	6.042128	294.230927	0.489109	0.000007	-0.334219	-0.000039	0.170349	-0.169412	0.185608	0.000002	-0.000002	-16.000000	0.000000	1.180000	22.101032
116.457222	-9.785203	151.744720	241.699783	265.547668	5.457409	279.343292	0.489109	-0.159452	-0.167113	-0.179846	-0.000024	-0.169412	0.185608	-0.192133	-0.000002	-16.000000	4.000000	1.180000	21.545612
115.735008	-11.703869	151.383423	242.225586	265.011230	5.847213	278.542877	0.489109	0.000007	-0.167113	-0.000039	-0.000024	-0.169412	0.185608	0.000002	-0.000002	-16.000000	4.000000	1.180000	21.498746
115.193344	-9.977068	151.564072	239.947067	263.938293	5.652315	278.222687	0.489109	0.000007	-0.167113	-0.000039	0.170349	-0.169412	0.185608	0.000002	-0.000002	-16.000000	4.000000	1.180000	21.493806
116.276680	-9.593336	150.841476	239.070694	263.401855	5.847213	277.677948	0.326151	0.000007	-0.167113	-0.000039	-0.000024	-0.169412	0.000035	0.000002	-0.000002	-16.000000	4.000000	1.180000	21.464624
82.874214	-10.168935	168.545029	228.904938	249.811508	5.457409	266.056458	0.489109	0.000007	-0.167113	-0.000039	-0.000024	0.000016	0.185608	-0.192133	-0.000002	-16.000000	8.000000	1.180000	21.016501
84.679756	-9.977068	167.641785	228.904938	250.169159	5.457400	266.634857	0.326151	-0.159452	-0.334219	-0.000039	0.170349	0.000016	0.000035	0.000002	0.175672	-16.000000	8.000000	1.180000	21.039811
83.776985	-11.320135	168.364380	229.255463	249.811508	5.457409	267.275055	0.489109	0.000007	-0.334219	-0.000039	-0.000024	-0.169412	0.000035	0.000002	-0.000002	-16.000000	8.000000	1.180000	21.065582
84.138092	-9.404087	169.809570	230.482391	252.672638	5.262503	268.137543	0.489109	0.000007	-0.334219	-0.000039	-0.000024	-0.169412	0.000035	0.000002	-0.000002	-16.000000	8.000000	1.180000	21.108077
54.346710	-9.977068	203.229538	241.173965	260.183075	5.652315	287.027222	0.489109	0.000007	-0.167113	-0.000039	-0.000024	-0.169412	0.185608	0.000002	-0.000002	-16.000000	12.000000	1.180000	21.838192
56.152248	-9.785203	202.506943	240.472870	260.719543	6.042119	287.600739	0.489109	0.000007	-0.167113	-0.000039	0.170349	-0.169412	0.000035	0.000002	0.175672	-16.000000	12.000000	1.180000	21.845320
57.235577	-9.977068	203.048889	241.524506	261.613647	6.042128	288.467957	0.489109	0.000007	-0.167113	-0.000039	-0.000024	-0.169412	0.000035	0.000002	-0.000002	-16.000000	12.000000	1.180000	21.878937
55.971699	-11.512002	203.952118	243.277237	261.971283	6.237026	289.041138	0.326151	0.000007	-0.167113	-0.000039	0.170349	-0.169412	0.000035	0.000002	-0.000002	-16.000000	12.000000	1.180000	21.893583
17.513733	-7.290934	237.010818	245.205215	265.368866	6.821744	305.365723	0.489109	0.000007	-0.334219	-0.000039	-0.000024	-0.169412	0.000035	0.000002	-0.000002	-16.000000	16.000000	1.180000	22.494594
16.069304	-8.250268	237.914047	246.256836	264.653595	6.431940	305.916931	0.489109	0.000007	-0.334219	-0.000039	-0.000024	-0.169412	0.185608	0.000002	-0.000002	-16.000000	16.000000	1.180000	22.530017
16.610966	-5.372268	237.914047	245.205215	265.547668	6.431931	306.486053	0.489109	0.000007	-0.334219	-0.000039	-0.000024	-0.169412	0.000035	0.000002	-0.000002	-16.000000	16.000000	1.180000	22.551414
14.985980	-8.444487	239.178574	247.659012	265.905304	6.431940	307.286255	0.489109	0.000007	-0.167113	-0.000039	0.340676	-0.169412	0.000035	0.000002	-0.000002	-16.000000	16.000000	1.180000	22.581465
-30.810112	-11.703869	268.624298	243.627777	263.223022	6.626838	319.289612	0.326151	0.000007	-0.167113	-0.000039	-0.000024	-0.169412	0.185608	0.000002	-0.000002	-16.000000	20.000000	1.180000	23.020359
-28.107470	-12.663203	266.275879	243.452499	261.613647	6.431940	320.004120	0.489109	-0.159452	-0.334219	-0.000039	0.170349	-0.169412	0.185608	0.000002	-0.000002	-16.000000	20.000000	1.180000	23.053812
-31.170465	-12.663203	269.708191	244.679398	262.328918	6.431940	320.324280	0.489109	0.000007	-0.334219	-0.000039	-0.000024	-0.169412	0.185608	0.000002	-0.000002	-16.000000	20.000000	1.180000	23.065578
-27.566942	-9.977068	266.998474	243.277237	262.686554	6.821744	320.890076	0.489109	0.000007	-0.167113	-0.000039	-0.000024	-0.169412	0.000035	0.000002	-0.000002	-16.000000	20.000000	1.180000	23.072044
-83.962059	-28.971872	293.011841	235.915817	249.632690	7.016659	333.130859	0.489109	0.000007	-0.167113	-0.000039	0.170349	-0.169412	0.185608	0.000002	-0.000002	-16.000000	24.000000	1.180000	23.510337
-83.781883	-34.929470	294.095734	241.349243	251.599731	7.406462	333.853729	0.326151	0.000007	-0.167113	-0.000039	-0.000024	-0.169412	0.000035	0.000002	-0.000002	-16.000000	24.000000	1.180000	23.522339
-81.980125	-28.396273	293.553772	236.967438	251.242096	7.211556	334.173798	0.326151	-0.159452	-0.334219	-0.000039	-0.000024	-0.169412	0.000035	0.000002	-0.000002	-16.000000	24.000000	1.180000	23.540886
-85.223297	-28.588139	295.360260	238.019073	253.745560	7.016659	334.731689	0.489109	0.000007	-0.167113	-0.000039	-0.000024	-0.169412	0.000035	0.000002	-0.000002	-16.000000	24.000000	1.180000	23.567970
-132.429428	-54.490150	298.070007	214.532654	214.941620	6.626846	326.887665	0.326151	0.000007	-0.167113	-0.000039	-0.000024	-0.169412	0.000035	0.000002	-0.000002	-16.000000	28.000000	1.180000	23.298389
-132.249252	-54.682014	298.070007	214.006836	213.868713	6.626846	325.606995	0.489109	0.159859	-0.167113	-0.000039	-0.000024	-0.169412	0.185608	0.000002	-0.000002	-16.000000	28.000000	1.180000	23.251760
-130.447495	-55.065750	295.179626	214.182098	212.438141	7.016650	324.090973	0.326151	0.000007	-0.334219	-0.000039	-0.000024	-0.169412	0.000035	0.000002	-0.000002	-16.000000	28.000000	1.180000	23.182193
-128.645721	-54.298283	294.095734	212.078857	210.828766	6.821744	322.970673	0.489109	0.000007	-0.167113	-0.000039	-0.000024	-0.169412	0.000035	0.000002	-0.000002	-16.000000	28.000000	1.180000	23.148340
-161.978302	-87.874947	280.185791	179.127762	162.368546	6.237033	301.274536	0.489109	0.000007	-0.167113	-0.000039	-0.000024	-0.169412	0.185608	0.000002	-0.000002	-16.000000	32.000000	1.180000	22.362101
-159.455841	-85.188812	279.463196	178.251404	162.547379	6.431940	300.634216	0.489109	0.000007	-0.167113	-0.000039	0.170349	-0.169412	0.185608	0.000002	-0.000002	-16.000000	32.000000	1.180000	22.330426
-159.455841	-86.172150	278.198669	177.375046	161.653275	6.237033	299.833801	0.489109	0.000007	-0.167113	-0.179846	-0.000024	0.000016	0.000035	0.000002	-0.000002	-16.000000	32.000000	1.180000	22.307435
-159.455841	-86.555984	276.934113	176.849213	159.686249	6.626838	299.123962	0.326151	0.000007	-0.167113	-0.000039	-0.000024	-0.169412	0.000035	0.000002	-0.000002	-16.000000	32.000000	1.180000	22.265620
-189.905609	-117.071297	266.637146	145.300308	113.550713	6.042128	283.665497	0.489109	0.000007	-0.167113	-0.000039	0.170349	-0.169412	0.185608	0.000002	0.175672	-16.000000	36.000000	1.180000	21.692121
-193.148773	-122.636978	265.914551	147.228287	112.835419	6.042119	283.119476	0.326151	0.000007	-0.167113	-0.000039	0.170349	-0.169412	0.000035	0.000002	-0.000002	-16.000000	36.000000	1.180000	21.670779
-192.788422	-122.027229	265.733917	145.300308	111.047218	6.042128	282.544922	0.489109	0.000007	-0.167113	-0.000039	0.170349	-0.169412	0.185608	0.000002	-0.000002	-16.000000	36.000000	1.180000	21.648298
-190.265945	-120.108559	264.288727	145.300308	111.047218	6.237026	281.839111	0.326151	0.000007	-0.167113	-0.000039	-0.000024	-0.169412	0.000035	0.000002	-0.000002	-16.000000	36.000000	1.180000	21.613009
-216.571655	-148.162354	250.378799	112.699738	62.765831	5.652315	265.674591	0.326151	0.000007	-0.167113	-0.000039	0.170349	0.000016	0.000035	0.000002	-0.000002	-16.000000	40.000000	1.180000	20.993230
-213.148315	-147.545502	249.114243	113.050293	62.408188	5.457400	265.194458	0.489109	0.000007	-0.167113	-0.000039	-0.000024	0.000016	0.000035	0.000002	-0.000002	-16.000000	40.000000	1.180000	20.981714
-211.887070	-146.202438	248.752960	111.998672	62.229366	5.652315	264.615723	0.489109	0.000007	-0.334219	-0.000039	-0.000024	-0.169412	0.185608	0.000002	-0.000002	-16.000000	40.000000	1.180000	20.950442
-213.688858	-147.737366	249.294907	112.524483	62.408188	5.457400	263.754028	0.326151	0.000007	-0.167113	-0.000039	0.170349	0.000016	0.000035	0.000002	0.175672	-16.000000	40.000000	1.180000	20.923453
-263.417450	-198.061600	261.037048	90.089691	13.769160	6.042119	280.238678	0.326151	0.000007	-0.167113	-0.000039	0.170349	-0.169412	0.000035	0.000002	-0.000002	-16.000000	44.000000	1.180000	21.557828
-265.579559	-200.116989	262.843536	90.966049	13.947979	6.237026	281.038910	0.489109	0.000007	-0.167113	-0.000039	-0.000024	-0.169412	0.000035	0.000002	-0.000002	-16.000000	44.000000	1.180000	21.581610
-264.858856	-200.364639	263.746765	92.192947	15.378539	5.847221	281.679077	0.489109	-0.159452	-0.167113	-0.000039	0.170349	-0.169412	0.000035	0.000002	-0.000002	-16.000000	44.000000	1.180000	21.622017
-265.759735	-199.733246	264.288727	90.089691	13.769160	5.847221	282.384857	0.489109	0.000007	-0.167113	-0.000039	0.170349	-0.169412	0.185608	-0.192133	-0.000002	-16.000000	44.000000	1.180000	21.649662
294.122192	-215.466309	-315.984131	30.672556	-38.713505	6.626838	306.237091	0.489109	0.000007	-0.334219	-0.000039	-0.000024	-0.169412	0.000035	0.000002	-0.000002	-12.000000	-44.000000	1.180000	22.534729
293.323120	-210.920242	-313.638153	32.600544	-35.502247	6.431931	306.806122	0.326151	0.000007	-0.167113	-0.000039	0.170349	-0.169412	0.000035	0.000002	-0.000002	-12.000000	-44.000000	1.180000	22.563439
295.747192	-214.374786	-318.330078	29.620922	-40.675941	6.626838	307.286255	0.326151	0.000007	-0.334219	-0.000039	0.170349	-0.169412	0.000035	0.000002	-0.000002	-12.000000	-44.000000	1.180000	22.574150
297.835754	-214.950577	-319.954224	27.868206	-41.032749	6.237033	307.997986	0.489109	0.000007	-0.167113	-0.000039	-0.000024	-0.169412	0.000035	0.000002	-0.000002	-12.000000	-44.000000	1.180000	22.615465
311.094238	-175.749908	-293.968079	71.335609	24.319538	6.431940	320.004120	0.489109	-0.159452	-0.334219	-0.000039	-0.000024	-0.169412	0.185608	0.000002	-0.000002	-12.000000	-40.000000	1.180000	23.053812
311.373749	-173.687729	-292.885345	72.211967	26.644197	6.431940	320.484375	0.489109	-0.159452	-0.334219	-0.000039	-0.000024	-0.169412	0.000035	0.000002	-0.000002	-12.000000	-40.000000	1.180000	23.071460
311.997009	-176.325516	-294.689941	71.335609	24.140717	6.626846	321.124725	0.489109	0.000007	-0.167113	-0.000039	-0.000024	-0.169412	0.185608	0.000002	-0.000002	-12.000000	-40.000000	1.180000	23.087816
312.358124	-175.174316	-295.231323	72.562515	24.855997	6.626838	321.530243	0.489109	0.000007	-0.167113	-0.000039	0.170349	0.000016	0.000035	0.000002	-0.000002	-12.000000	-40.000000	1.180000	23.102697
323.733032	-132.004288	-257.515350	112.699738	89.588821	7.406462	333.853729	0.326151	-0.159452	-0.167113	-0.000039	-0.000024	-0.169412	0.000035	0.000002	-0.000002	-12.000000	-36.000000	1.180000	23.522339
326.441315	-133.155487	-260.944061	112.349205	87.800629	6.626846	334.571594	0.489109	-0.159452	-0.167113	-0.000039	-0.000024	-0.169412	0.185608	0.000002	-0.000002	-12.000000	-36.000000	1.180000	23.576229
325.719116	-131.812424	-258.959015	111.472847	88.873550	6.821752	334.891754	0.489109	0.000007	-0.334219	-0.000039	-0.000024	-0.169412	0.185608	0.000002	-0.000002	-12.000000	-36.000000	1.180000	23.580731
325.633759	-131.849152	-258.237152	114.452461	90.661743	6.821752	335.532104	0.489109	0.000007	-0.167113	-0.000039	0.170349	-0.169412	0.000035	0.000002	-0.000002	-12.000000	-36.000000	1.180000	23.603733
312.899780	-78.665352	-203.197098	143.547577	141.267792	7.016650	323.610840	0.489109	0.000007	-0.167113	-0.000039	0.170349	-0.169412	0.185608	0.000002	-0.000002	-12.000000	-32.000000	1.180000	23.164635
312.358124	-77.706024	-203.016632	143.547577	141.088974	6.626846	322.565460	0.489109	0.000007	-0.334219	-0.000039	-0.000024	-0.169412	0.000035	0.000002	-0.000002	-12.000000	-32.000000	1.180000	23.140639
311.094238	-77.322289	-201.753418	142.320679	140.731339	6.821752	321.444885	0.489109	0.000007	-0.334219	-0.000039	-0.000024	-0.169412	0.185608	0.000002	-0.000002	-12.000000	-32.000000	1.180000	23.092413
309.469238	-77.706024	-199.587906	144.073395	140.552521	6.821744	320.409943	0.326151	0.000007	-0.167113	-0.000039	0.170349	-0.169412	0.000035	-0.192133	-0.000002	-12.000000	-32.000000	1.180000	23.054401
285.455597	-24.750807	-142.923721	160.899490	176.316513	6.626838	299.604126	0.326151	0.000007	-0.167113	-0.000039	0.170349	-0.169412	0.000035	0.000002	-0.000002	-12.000000	-28.000000	1.180000	22.283888
286.358368	-26.285740	-143.284637	158.971512	173.455399	6.237033	298.873291	0.489109	-0.159452	-0.167113	-0.000039	-0.000024	-0.169412	0.185608	0.000002	-0.000002	-12.000000	-28.000000	1.180000	22.270915
285.094482	-24.558939	-142.382339	158.620956	174.170670	6.431931	298.323730	0.489109	0.000007	-0.167113	-0.000039	-0.000024	-0.169412	0.000035	0.000002	-0.000002	-12.000000	-28.000000	1.180000	22.242568
285.275055	-27.053205	-142.562790	158.270401	171.309555	6.237033	297.592651	0.489109	0.000007	-0.334219	-0.000039	0.170349	-0.169412	0.185608	0.000002	-0.000002	-12.000000	-28.000000	1.180000	22.222131
266.066620	13.853010	-95.462936	170.013626	196.701981	6.042128	282.544922	0.489109	-0.159452	-0.167113	-0.000039	-0.000024	-0.169412	0.000035	0.000002	-0.000002	-12.000000	-24.000000	1.180000	21.648298
263.789154	16.354242	-91.492836	171.065247	199.384293	5.847213	281.679077	0.326151	0.000007	-0.334219	-0.000039	0.170349	-0.169412	0.000035	0.000002	0.175672	-12.000000	-24.000000	1.180000	21.622018
263.969696	15.199828	-94.019257	168.611450	197.059631	5.847221	281.264252	0.489109	-0.159452	-0.167113	-0.000039	-0.000024	-0.169412	0.185608	0.000002	-0.000002	-12.000000	-24.000000	1.180000	21.605752
261.734467	15.969439	-90.229614	171.415802	198.132553	6.042128	280.623932	0.489109	0.000007	-0.334219	-0.000039	0.170349	-0.169412	0.000035	0.000002	-0.000002	-12.000000	-24.000000	1.180000	21.572967
240.317139	40.212154	-49.806747	173.694336	210.471130	5.652307	264.455658	0.489109	0.000007	-0.167113	-0.000039	-0.000024	-0.169412	0.000035	0.000002	-0.000002	-12.000000	-20.000000	1.180000	20.943967
239.414383	40.789360	-48.723991	174.745956	212.080505	5.457409	263.975403	0.489109	0.000007	-0.334219	-0.000039	-0.000024	0.000016	0.185608	0.000002	-0.000002	-12.000000	-20.000000	1.180000	20.932418
239.233826	40.019753	-49.084908	173.168518	209.755844	5.457400	263.433960	0.489109	0.000007	-0.167113	-0.000039	-0.000024	-0.169412	0.000035	0.000002	-0.000002	-12.000000	-20.000000	1.180000	20.910486
239.171158	40.981762	-48.723991	174.044876	211.365234	5.262503	263.655243	0.489109	0.000007	-0.334219	-0.000039	-0.000024	-0.169412	0.000035	0.000002	-0.000002	-12.000000	-20.000000	1.180000	20.927345
242.844894	60.029610	-12.993064	197.005478	244.625748	5.847221	281.744537	0.489109	0.000007	-0.167113	-0.000039	0.170344	-0.169412	0.185608	0.000002	-0.000002	-12.000000	-16.000000	1.180000	21.624582
243.142288	58.875191	-11.008014	200.160370	244.625748	5.847213	282.479279	0.326151	0.000007	-0.167113	-0.000039	0.170349	-0.169412	0.000035	0.000002	-0.000002	-12.000000	-16.000000	1.180000	21.653358
244.650452	59.452396	-11.910309	200.861450	245.698654	6.237026	283.279541	0.326151	-0.159452	-0.167113	-0.000039	0.170349	-0.169412	0.000035	0.000002	-0.000002	-12.000000	-16.000000	1.180000	21.669416
246.275406	60.414417	-14.256279	199.809830	245.877472	6.237026	284.079742	0.326151	0.000007	-0.167113	-0.000039	0.170349	-0.169412	0.000035	0.000002	-0.000002	-12.000000	-16.000000	1.180000	21.700688
241.698242	63.877655	32.155411	224.523163	277.170990	6.042128	301.274536	0.326151	-0.159452	-0.167113	-0.179846	0.170344	-0.169412	0.000035	0.000002	-0.000002	-12.000000	-12.000000	1.180000	22.369487
241.581024	63.685257	31.974762	223.120972	275.203949	6.237026	301.914856	0.489109	0.000007	-0.334219	-0.000039	-0.000024	-0.169412	0.185608	-0.192133	-0.000002	-12.000000	-12.000000	1.180000	22.386354
240.136597	62.723244	34.503841	225.750031	279.674469	6.626846	302.715271	0.489109	0.159859	-0.167113	-0.000039	-0.000024	-0.169412	0.185608	0.000002	-0.000002	-12.000000	-12.000000	1.180000	22.401893
240.858810	61.376427	34.865139	226.801682	278.422699	6.237026	303.285126	0.326151	0.000007	-0.334219	-0.000039	-0.000024	-0.169412	0.000035	0.000002	-0.000002	-12.000000	-12.000000	1.180000	22.438167
228.400589	55.989159	78.040123	244.153580	299.344635	6.626838	315.681915	0.489109	0.000007	-0.167113	-0.179846	-0.000024	-0.169412	0.000035	0.000002	-0.000002	-12.000000	-8.000000	1.180000	22.887162
228.039490	53.487923	79.485313	246.081573	300.238770	6.431940	316.482330	0.489109	0.000007	-0.167113	-0.000039	0.170349	-0.169412	0.185608	-0.192133	-0.000002	-12.000000	-8.000000	1.180000	22.923986
228.942261	54.834740	78.582069	243.978302	298.987000	6.431940	316.962585	0.489109	0.000007	-0.334219	-0.000039	-0.000024	-0.169412	0.185608	-0.192133	-0.000002	-12.000000	-8.000000	1.180000	22.941733
230.025574	54.449940	77.317535	244.679398	298.987000	6.431940	317.762970	0.489109	0.000007	-0.167113	-0.000039	0.170349	-0.169412	0.185608	0.000002	-0.000002	-12.000000	-8.000000	1.180000	22.971280
210.525772	47.908253	121.215118	258.175323	316.869019	7.016650	330.249390	0.489109	0.000007	-0.167113	-0.000039	0.170349	-0.169412	0.000035	-0.192133	-0.000002	-12.000000	-4.000000	1.180000	23.406240
210.470612	48.677864	121.215118	258.876404	319.193665	6.821752	330.889740	0.326151	0.000007	-0.334219	-0.000039	-0.000024	-0.169412	0.000035	0.000002	-0.000002	-12.000000	-4.000000	1.180000	23.436463
209.026550	45.407021	123.021599	260.103302	318.299561	7.016659	331.209900	0.326151	0.000007	-0.334219	-0.000039	-0.000024	-0.169412	0.000035	0.000002	-0.000002	-12.000000	-4.000000	1.180000	23.440991
210.470612	49.255070	121.937714	258.350586	319.372467	6.821752	331.690125	0.489109	0.000007	-0.334219	-0.000039	-0.000024	-0.169412	0.185608	-0.192133	-0.000002	-12.000000	-4.000000	1.180000	23.465387
179.470505	41.751369	159.873901	264.309845	327.598206	7.016650	332.810699	0.489109	-0.159452	-0.167113	-0.000039	0.170349	-0.169412	0.000035	0.000002	-0.000002	-12.000000	0.000000	1.180000	23.498793
179.289963	39.827347	157.344818	262.907684	325.631195	7.211556	331.369965	0.326151	0.000007	-0.167113	-0.000039	-0.000024	-0.169412	0.000035	0.000002	-0.000002	-12.000000	0.000000	1.180000	23.439732
175.317780	38.865337	158.248062	262.732391	324.737091	7.211556	330.012634	0.489109	0.000007	-0.334219	-0.000039	-0.000024	-0.169412	0.000035	0.000002	-0.000002	-12.000000	0.000000	1.180000	23.390607
178.928848	40.789360	156.080276	261.505493	324.200653	7.211556	328.572235	0.489109	0.000007	-0.334219	-0.000039	0.170349	-0.169412	0.000035	0.000002	-0.000002	-12.000000	0.000000	1.180000	23.338362
131.262634	35.402088	175.409668	242.751404	299.702271	6.431940	305.116486	0.489109	0.000007	-0.167113	-0.000039	-0.000024	-0.169412	0.185608	0.000002	-0.000002	-12.000000	4.000000	1.180000	22.499889
129.637650	35.209690	174.687073	240.823410	296.841187	6.431940	303.995941	0.489109	0.000007	-0.167113	-0.000039	-0.000024	-0.169412	0.000035	-0.192133	-0.000002	-12.000000	4.000000	1.180000	22.457644
130.901535	34.824883	174.325775	240.648148	297.019989	6.431931	303.515686	0.489109	0.000007	-0.167113	-0.000039	-0.000024	-0.169412	0.000035	-0.192133	-0.000002	-12.000000	4.000000	1.180000	22.439513
129.637650	33.670467	174.325775	241.173965	296.841187	5.847213	302.644958	0.326151	-0.159452	-0.334219	-0.000039	-0.000024	-0.169412	0.000035	0.000002	-0.000002	-12.000000	4.000000	1.180000	22.428710
89.374153	33.285664	191.848679	226.100586	277.349792	6.042128	286.546967	0.489109	-0.159452	-0.167113	-0.000039	-0.000024	-0.169412	0.000035	0.000002	-0.000002	-12.000000	8.000000	1.180000	21.804402
90.457481	32.708458	191.126083	226.801682	278.065063	6.237026	286.000305	0.326151	0.000007	-0.334219	-0.000039	0.170349	-0.169412	0.000035	-0.192133	-0.000002	-12.000000	8.000000	1.180000	21.775561
90.638031	32.900856	189.680893	225.399506	277.170990	6.237033	285.426422	0.489109	-0.159452	-0.167113	-0.000039	0.170344	-0.169412	0.185608	0.000002	-0.000002	-12.000000	8.000000	1.180000	21.753215
89.554710	32.323650	190.222839	225.399506	276.813354	5.847221	284.786072	0.489109	0.000007	-0.334219	-0.000039	0.170349	-0.169412	0.000035	0.000002	-0.000002	-12.000000	8.000000	1.180000	21.743452
49.652317	33.285664	199.616562	206.995972	252.672638	5.652315	268.777863	0.489109	0.000007	-0.167113	-0.000039	0.170349	-0.169412	0.185608	-0.192133	-0.000002	-12.000000	12.000000	1.180000	21.118132
51.638405	32.708458	198.713318	207.346512	252.672638	5.847213	267.977448	0.326151	-0.159452	-0.334219	-0.000039	-0.000024	-0.169412	0.000035	0.000002	-0.000002	-12.000000	12.000000	1.180000	21.078154
48.388439	33.478065	199.435913	206.294876	253.030273	6.042119	267.435089	0.326151	-0.159452	-0.167113	-0.000039	-0.000024	-0.169412	0.000035	0.000002	-0.000002	-12.000000	12.000000	1.180000	21.048490
48.917278	31.554039	198.893967	206.820694	251.242096	5.262503	266.856903	0.326151	0.000007	-0.167113	-0.000039	0.170344	-0.169412	0.000035	-0.192133	-0.000002	-12.000000	12.000000	1.180000	21.056598
10.833242	38.480530	225.810593	203.841080	251.778549	5.847213	276.397614	0.326151	-0.159452	-0.334219	-0.000039	-0.000024	-0.169412	0.000035	0.000002	-0.000002	-12.000000	16.000000	1.180000	21.414015
10.833242	37.518517	226.352554	205.593796	252.493820	5.652307	277.037781	0.326151	-0.159452	-0.167113	-0.000039	-0.000024	-0.169412	0.000035	0.000002	-0.000002	-12.000000	16.000000	1.180000	21.447036
11.374904	35.594490	225.629959	205.243240	252.136185	5.652315	278.062622	0.489109	0.000007	-0.334219	-0.000039	-0.000024	-0.169412	0.000035	-0.192133	-0.000002	-12.000000	16.000000	1.180000	21.487494
11.013797	37.710922	227.797745	206.820694	254.818466	5.652315	278.702972	0.489109	0.000007	-0.167113	-0.000039	-0.000024	-0.169412	0.185608	0.000002	-0.000002	-12.000000	16.000000	1.180000	21.512734
-30.277502	35.786896	257.424072	205.593796	254.460831	6.626838	296.632141	0.326151	0.000007	-0.334219	-0.000039	0.170349	-0.169412	0.000035	0.000002	-0.000002	-12.000000	20.000000	1.180000	22.170576
-33.152401	34.632481	260.314453	207.697052	257.500763	6.237033	297.432556	0.489109	0.000007	-0.334219	-0.000039	-0.000024	-0.169412	0.185608	0.000002	-0.000002	-12.000000	20.000000	1.180000	22.216024
-32.431698	35.209690	259.772522	207.171234	255.712585	6.237033	298.072876	0.489109	0.000007	-0.334219	-0.000039	-0.000024	-0.169412	0.185608	-0.192133	-0.000002	-12.000000	20.000000	1.180000	22.240437
-33.332581	32.323650	260.495117	208.748688	256.249054	6.626838	298.483795	0.326151	-0.159452	-0.167113	-0.000039	-0.000024	-0.169412	0.000035	0.000002	-0.000002	-12.000000	20.000000	1.180000	22.241241
-79.818016	26.359173	287.231079	201.913086	247.129227	6.626846	312.640381	0.326151	0.000007	-0.334219	-0.000039	0.170349	-0.169412	0.000035	0.000002	-0.000002	-12.000000	24.000000	1.180000	22.774263
-81.619766	25.397161	285.966553	200.686188	244.089279	6.821744	312.887817	0.326151	-0.159452	-0.167113	-0.000039	-0.000024	-0.169412	0.000035	-0.192133	-0.000002	-12.000000	24.000000	1.180000	22.776217
-81.439598	25.974367	286.689148	201.036728	245.341019	6.626838	313.440765	0.326151	0.000007	-0.334219	-0.000039	-0.000024	-0.169412	0.000035	0.000002	-0.000002	-12.000000	24.000000	1.180000	22.804026
-81.439598	22.895927	287.773010	203.841080	246.771576	6.821744	314.081085	0.489109	-0.159452	-0.167113	-0.000039	-0.000024	-0.169412	0.000035	0.000002	-0.000002	-12.000000	24.000000	1.180000	22.820573
-129.906952	-4.412934	308.728271	192.097870	226.743729	6.821752	326.567505	0.489109	0.000007	-0.167113	-0.000039	0.170349	-0.169412	0.000035	0.000002	-0.000002	-12.000000	28.000000	1.180000	23.279647
-129.906952	-7.099067	308.908905	192.097870	223.524994	7.016650	326.811737	0.326151	-0.159452	-0.334219	-0.000039	-0.000024	-0.169412	0.000035	0.000002	-0.000002	-12.000000	28.000000	1.180000	23.281442
-127.204330	-3.837334	309.812134	192.974228	227.459000	6.821752	327.688080	0.489109	0.000007	-0.167113	-0.000039	-0.000024	-0.169412	0.185608	0.000002	-0.000002	-12.000000	28.000000	1.180000	23.320404
-129.039825	-3.837334	309.631500	191.747330	226.028458	6.821752	327.848175	0.489109	0.000007	-0.167113	-0.000039	-0.000024	-0.169412	0.000035	-0.192133	-0.000002	-12.000000	28.000000	1.180000	23.326221
-177.833801	-49.309742	325.167267	176.148132	193.840866	7.211564	340.014404	0.489109	0.000007	-0.334219	-0.000039	-0.000024	-0.169412	0.185608	0.000002	-0.000002	-12.000000	32.000000	1.180000	23.750212
-180.176086	-49.309742	326.793091	177.199768	193.304413	6.821752	339.053894	0.489109	0.000007	-0.334219	-0.000039	-0.000024	-0.169412	0.185608	0.000002	-0.000002	-12.000000	32.000000	1.180000	23.729841
-177.473465	-44.513077	324.806000	174.570694	194.019684	7.016650	338.413574	0.489109	0.000007	-0.167113	-0.000039	-0.000024	-0.169412	0.000035	0.000002	-0.000002	-12.000000	32.000000	1.180000	23.699993
-176.572556	-43.553745	323.360809	174.044876	194.377335	7.016659	337.132935	0.489109	0.000007	-0.334219	-0.000039	-0.000024	-0.169412	0.185608	0.000002	-0.000002	-12.000000	32.000000	1.180000	23.654156
-201.076523	-85.380684	300.057129	135.835632	130.896240	6.237033	308.478210	0.326151	-0.159452	-0.334219	-0.000039	-0.000024	-0.169412	0.000035	0.000002	-0.000002	-12.000000	36.000000	1.180000	22.633453
-202.157578	-85.572548	298.250641	135.309799	130.359787	6.626846	307.837891	0.489109	0.000007	-0.167113	-0.000039	-0.000024	-0.169412	0.185608	-0.192133	-0.000002	-12.000000	36.000000	1.180000	22.594849
-201.436859	-86.340012	297.347412	133.907639	127.498657	6.626838	307.037476	0.489109	-0.159452	-0.334219	-0.000039	-0.000024	-0.169412	0.185608	-0.192133	-0.000002	-12.000000	36.000000	1.180000	22.564809
-199.454926	-81.735222	297.528046	133.557083	130.717422	6.626838	306.005890	0.326151	-0.159452	-0.334219	-0.000039	-0.000024	-0.169412	0.000035	-0.192133	-0.000002	-12.000000	36.000000	1.180000	22.526032
-227.562408	-117.614296	282.534241	96.399475	71.528015	6.042119	289.041138	0.652145	0.000007	-0.167113	-0.000039	-0.000024	-0.169412	0.000035	0.000002	-0.000002	-12.000000	40.000000	1.180000	21.901127
-226.301178	-118.381760	282.353577	98.853271	73.673851	6.042128	287.987732	0.489109	-0.159452	-0.167113	-0.000039	0.170349	-0.169412	0.185608	0.000002	-0.000002	-12.000000	40.000000	1.180000	21.860328
-223.958893	-116.271225	279.643860	97.626373	72.064468	6.237026	287.440674	0.489109	-0.159452	-0.334219	-0.000039	-0.000024	-0.169412	0.000035	0.000002	-0.000002	-12.000000	40.000000	1.180000	21.831545
-226.301178	-118.189896	279.824493	96.574745	71.885651	5.847221	286.707062	0.489109	-0.159452	-0.167113	-0.000039	-0.000024	-0.169412	0.185608	0.000002	-0.000002	-12.000000	40.000000	1.180000	21.818195
-243.778244	-149.121964	260.495117	61.695660	15.557360	5.457409	269.995789	0.326151	0.000007	-0.167113	-0.000039	0.340676	-0.169412	0.000035	0.000002	-0.000002	-12.000000	44.000000	1.180000	21.174753
-246.120529	-152.917755	261.398346	64.675285	16.809099	5.457409	268.937927	0.326151	0.000007	-0.167113	-0.000039	-0.000024	-0.169412	0.000035	0.000002	-0.000002	-12.000000	44.000000	1.180000	21.132373
-244.679138	-149.080429	261.398346	61.695660	15.557360	5.652307	268.075256	0.326151	0.000007	-0.167113	-0.000039	0.170349	0.000016	0.000035	0.000002	-0.000002	-12.000000	44.000000	1.180000	21.089918
-245.580017	-152.725906	259.953156	62.221478	14.484439	5.262503	267.177063	0.489109	-0.159452	-0.167113	-0.000039	0.170349	-0.169412	0.000035	0.000002	-0.000002	-12.000000	44.000000	1.180000	21.069480
271.914062	-152.917755	-285.486511	-8.916179	-37.821491	5.847213	278.702972	0.326151	0.000007	-0.334219	-0.000039	0.170349	0.000016	0.000035	0.000002	-0.000002	-8.000000	-44.000000	1.180000	21.505056
275.091919	-152.917755	-287.832489	-7.342736	-36.929470	5.847221	279.343292	0.652145	0.000007	-0.167113	-0.000039	-0.000024	-0.169412	0.000035	0.000002	-0.000002	-8.000000	-44.000000	1.180000	21.530273
275.705688	-157.522568	-289.817535	-7.867217	-38.891907	5.652307	279.983612	0.652145	0.000007	-0.334219	-0.000039	-0.000024	-0.169412	0.000035	0.000002	-0.000002	-8.000000	-44.000000	1.180000	21.563124
276.608490	-155.412033	-290.539368	-9.265831	-39.605526	6.042119	280.558746	0.489228	-0.159452	-0.167113	-0.000039	0.170349	-0.169412	0.000035	0.000002	-0.000002	-8.000000	-44.000000	1.180000	21.570406
292.601074	-117.422424	-267.260132	29.620922	23.783077	6.042128	295.191406	0.652145	0.000007	-0.167113	-0.000039	0.170349	-0.169412	0.000035	0.000002	-0.000002	-8.000000	-40.000000	1.180000	22.137831
291.774994	-119.149223	-269.425659	27.517662	22.173697	6.042119	295.831726	0.326151	0.000007	-0.334219	-0.000039	-0.000024	-0.169412	0.000035	0.000002	-0.000002	-8.000000	-40.000000	1.180000	22.162329
292.858307	-122.602829	-268.523346	33.126362	23.961899	6.042128	296.311981	0.489109	0.000007	-0.167113	-0.000039	0.170349	-0.169412	0.185608	0.000002	-0.000002	-8.000000	-40.000000	1.180000	22.180686
294.122192	-120.108559	-269.606110	29.971468	24.140717	6.237033	296.952332	0.489109	0.000007	-0.167113	-0.000039	0.170349	-0.169412	0.185608	0.000002	-0.000002	-8.000000	-40.000000	1.180000	22.197698
307.122070	-77.322289	-236.040695	69.232346	84.045410	6.237033	307.837891	0.652145	0.000007	-0.167113	-0.000039	-0.000024	-0.169412	0.185608	0.000002	-0.000002	-8.000000	-36.000000	1.180000	22.609465
307.944122	-77.706024	-235.860229	70.108704	85.833611	6.626838	308.318146	0.326151	-0.159452	-0.167113	-0.000039	0.170349	-0.169412	0.000035	0.000002	-0.000002	-8.000000	-36.000000	1.180000	22.612855
305.677643	-75.211754	-235.138382	69.933434	85.475967	6.237026	308.478210	0.326151	0.000007	-0.334219	-0.000039	-0.000024	-0.169412	0.000035	0.000002	-0.000002	-8.000000	-36.000000	1.180000	22.633453
305.056030	-77.130417	-235.860229	69.057076	86.548882	6.431931	309.206818	0.326151	0.000007	-0.334219	-0.000039	-0.000024	-0.169412	0.000035	-0.192133	-0.000002	-8.000000	-36.000000	1.180000	22.653427
314.261871	-30.890541	-199.768372	110.596489	145.380661	6.431940	319.683960	0.489109	0.000007	-0.334219	-0.000039	-0.000024	-0.169412	0.000035	-0.192133	-0.000002	-8.000000	-32.000000	1.180000	23.042040
316.427917	-30.890541	-199.948837	109.720131	143.950089	6.626838	320.164215	0.326151	0.000007	-0.334219	-0.179846	0.170349	-0.169412	0.000035	0.000002	-0.000002	-8.000000	-32.000000	1.180000	23.052533
314.803375	-30.698673	-199.948837	108.493233	143.950089	6.431931	320.570007	0.326151	0.000007	-0.167113	-0.000039	0.170349	-0.169412	0.000035	0.000002	-0.000002	-8.000000	-32.000000	1.180000	23.074605
316.510864	-33.192940	-203.197098	109.194305	142.877182	6.431931	321.124725	0.489109	-0.159452	-0.334219	-0.000039	-0.000024	-0.169412	0.185608	0.000002	-0.000002	-8.000000	-32.000000	1.180000	23.094969
323.913574	13.275803	-163.135162	146.351929	199.205475	6.821752	332.010284	0.489109	-0.159452	-0.167113	-0.000039	0.170349	0.000016	0.185608	0.000002	-0.000002	-8.000000	-28.000000	1.180000	23.476946
325.814270	15.199828	-164.217911	146.351929	199.384293	7.016659	332.490540	0.489228	0.000007	-0.167113	-0.000039	-0.000024	-0.169412	0.000035	-0.192133	-0.000002	-8.000000	-28.000000	1.180000	23.487244
326.355804	13.275803	-166.563889	144.248672	197.596085	6.821744	332.893433	0.326151	0.000007	-0.334219	-0.000039	0.170349	-0.169412	0.000035	0.000002	-0.000002	-8.000000	-28.000000	1.180000	23.508804
326.355804	13.468205	-164.037445	146.877747	199.563110	6.821744	333.290955	0.326151	-0.159452	-0.334219	-0.000039	-0.000024	-0.169412	0.000035	0.000002	-0.000002	-8.000000	-28.000000	1.180000	23.523130
316.691406	55.027145	-118.922630	165.281281	237.472931	6.821744	329.769135	0.652145	0.000007	-0.167113	-0.000039	-0.000024	-0.169412	0.000035	-0.192133	-0.000002	-8.000000	-24.000000	1.180000	23.395907
316.427917	53.872734	-118.922630	166.332916	237.472931	6.626846	328.648560	0.489109	-0.159452	-0.167113	-0.000039	0.170349	-0.169412	0.000035	0.000002	-0.000002	-8.000000	-24.000000	1.180000	23.362353
311.373749	52.718315	-114.230698	167.209274	237.115295	6.626846	327.367920	0.652145	-0.159452	-0.167113	-0.000039	-0.000024	-0.169412	0.000035	0.000002	-0.000002	-8.000000	-24.000000	1.180000	23.315852
309.649811	53.680328	-115.313454	165.982376	238.367065	6.821744	326.011505	0.326151	-0.159452	-0.334219	-0.000039	-0.000024	-0.169412	0.000035	0.000002	-0.000002	-8.000000	-24.000000	1.180000	23.259398
281.483398	80.424278	-64.063026	172.993240	248.559784	6.237033	302.875366	0.489109	-0.159452	-0.334219	-0.000039	-0.000024	-0.169412	0.185608	-0.000008	-0.000002	-8.000000	-20.000000	1.180000	22.422686
280.941772	82.155899	-60.273380	174.921234	250.705612	6.237033	302.074921	0.652145	0.000007	-0.334219	-0.000039	0.170349	-0.169412	0.000035	0.000002	-0.000002	-8.000000	-20.000000	1.180000	22.392413
278.233459	81.193886	-61.717056	174.044876	249.990341	6.237033	301.274536	0.489109	-0.159452	-0.167113	-0.000039	0.170349	-0.169412	0.185608	0.000002	-0.000002	-8.000000	-20.000000	1.180000	22.362101
279.677887	79.654663	-62.799812	172.116882	246.950394	6.042128	300.634216	0.489109	0.000007	-0.334219	-0.000039	-0.000024	-0.169412	0.185608	0.000002	-0.000002	-8.000000	-20.000000	1.180000	22.345215
247.900406	94.662056	-18.948221	174.395416	253.030273	5.457409	280.944092	0.489109	-0.159452	-0.167113	-0.000039	-0.000024	-0.169412	0.185608	-0.192133	-0.000002	-8.000000	-16.000000	1.180000	21.608484
246.636551	93.700043	-19.128679	173.343781	252.315002	5.652315	280.143677	0.489109	-0.159452	-0.334219	-0.000039	0.170349	-0.169412	0.185608	-0.000008	-0.000002	-8.000000	-16.000000	1.180000	21.569414
247.474442	93.315239	-20.752811	172.116882	249.275055	6.042119	279.023132	0.326151	-0.159452	-0.334219	-0.000039	0.170349	-0.169412	0.000035	-0.192133	-0.000002	-8.000000	-16.000000	1.180000	21.509991
246.997650	93.315239	-20.391895	173.168518	250.884430	5.652315	278.222687	0.652145	0.000007	-0.167113	-0.000039	0.170349	-0.169412	0.000035	0.000002	-0.000002	-8.000000	-16.000000	1.180000	21.493806
214.317398	92.160828	21.677797	172.817963	249.275055	5.847213	262.854828	0.489109	-0.159452	-0.334219	-0.000039	-0.000024	-0.169412	0.000035	-0.192133	-0.000002	-8.000000	-12.000000	1.180000	20.871180
216.427307	90.429207	20.413258	174.921234	248.559784	5.262503	262.534668	0.489228	-0.159452	-0.334219	-0.000039	0.170349	-0.169412	0.000035	-0.192133	-0.000002	-8.000000	-12.000000	1.180000	20.881918
216.664581	89.851997	19.690662	173.168518	246.235107	5.457400	262.214508	0.652145	0.000007	-0.334219	-0.000039	-0.000024	-0.169412	0.000035	0.000002	-0.000002	-8.000000	-12.000000	1.180000	20.861005
215.220169	91.006409	20.774553	173.694336	248.202148	5.457400	262.214508	0.652145	0.000007	-0.167113	-0.000039	-0.000024	-0.169412	0.000035	-0.192133	-0.000002	-8.000000	-12.000000	1.180000	20.861005
208.720230	91.006409	61.239815	191.572052	270.554626	5.847213	278.798279	0.326151	-0.159452	-0.167113	-0.000039	0.170349	-0.169412	0.000035	0.000002	-0.000002	-8.000000	-8.000000	1.180000	21.508811
209.984100	92.353226	61.059166	191.046234	270.018158	5.652315	279.503357	0.489109	-0.159452	-0.167113	-0.000039	-0.000024	-0.169412	0.000035	0.000002	-0.000002	-8.000000	-8.000000	1.180000	21.544241
209.081345	91.006409	61.781761	192.798950	272.164032	6.237026	280.303772	0.489109	0.000007	-0.167113	-0.000039	-0.000024	-0.169412	0.000035	0.000002	-0.000002	-8.000000	-8.000000	1.180000	21.552724
208.304535	90.814011	63.226955	192.798950	271.985199	5.847213	281.104187	0.489228	0.000007	-0.334219	-0.000039	0.170349	-0.169412	0.000035	0.000002	-0.000002	-8.000000	-8.000000	1.180000	21.599474
191.567627	87.158363	106.040649	206.645432	292.907135	6.042128	294.871246	0.652145	-0.159452	-0.167113	-0.000039	-0.000024	-0.169412	0.185608	-0.192133	-0.000002	-8.000000	-4.000000	1.180000	22.125571
192.831497	85.619141	106.401939	206.645432	290.046021	6.042119	294.962799	0.326151	0.000007	-0.334219	-0.000039	-0.000024	-0.169412	0.000035	-0.192133	-0.000002	-8.000000	-4.000000	1.180000	22.129078
195.720352	86.965958	105.498695	207.346512	290.582458	6.042119	295.671661	0.489109	-0.159452	-0.334219	-0.000039	-0.000024	-0.169412	0.000035	0.000002	-0.000002	-8.000000	-4.000000	1.180000	22.156208
194.405533	86.388748	106.401939	208.047592	291.118927	6.431931	296.311981	0.326151	0.000007	-0.167113	-0.000039	-0.000024	-0.169412	0.000035	-0.192133	-0.000002	-8.000000	-4.000000	1.180000	22.165787
169.359497	81.771095	147.770447	217.862808	305.603363	6.626838	307.997986	0.489228	0.000007	-0.334219	-0.000039	-0.000024	-0.169412	0.000035	-0.192133	-0.000002	-8.000000	0.000000	1.180000	22.600853
170.759171	81.386284	147.770447	219.264984	308.285675	6.237026	308.318146	0.326151	-0.159452	-0.334219	-0.000039	-0.000024	-0.169412	0.000035	0.000002	-0.000002	-8.000000	0.000000	1.180000	22.627459
170.262268	82.733101	148.312393	218.038086	307.749176	6.237026	309.118561	0.489228	0.000007	-0.167113	-0.000039	-0.000024	-0.169412	0.000035	0.000002	-0.000002	-8.000000	0.000000	1.180000	22.657417
171.706696	83.310310	147.047852	217.687546	308.822113	6.431931	309.438721	0.326151	0.000007	-0.167113	-0.000039	-0.000024	-0.169412	0.000035	-0.192133	-0.000002	-8.000000	0.000000	1.180000	22.662101
137.726486	83.502716	191.668030	226.976944	319.908936	6.626838	320.730042	0.326151	0.000007	-0.167113	-0.000039	-0.000024	-0.169412	0.000035	0.000002	-0.000002	-8.000000	4.000000	1.180000	23.073325
137.220917	82.925507	190.945435	226.801682	320.981873	6.626846	321.444885	0.489109	-0.159452	-0.334219	-0.000039	-0.000024	-0.169412	0.000035	-0.192133	-0.000002	-8.000000	4.000000	1.180000	23.099565
137.943130	81.386284	191.668030	229.255463	320.803070	6.626838	321.925140	0.326151	0.000007	-0.334219	-0.000039	0.170349	-0.169412	0.000035	0.000002	-0.000002	-8.000000	4.000000	1.180000	23.117178
139.929230	82.540703	189.680893	227.795380	320.266602	6.626838	322.405365	0.652145	0.000007	-0.167113	-0.000039	-0.000024	-0.169412	0.000035	0.000002	-0.000002	-8.000000	4.000000	1.180000	23.134776
99.639610	84.079926	227.436432	233.111450	325.631195	6.821752	331.530060	0.652145	0.000007	-0.167113	-0.000039	-0.000024	-0.169412	0.000035	0.000002	-0.000002	-8.000000	8.000000	1.180000	23.459605
100.361633	84.849533	225.991241	231.709305	324.379456	7.211556	332.010284	0.489228	0.000007	-0.167113	-0.000039	0.170349	0.000016	0.000035	0.000002	-0.000002	-8.000000	8.000000	1.180000	23.462871
97.860184	87.158363	229.242935	231.358749	328.134644	7.211556	332.170380	0.326151	0.000007	-0.334219	-0.000039	0.170349	-0.169412	0.000035	0.000002	-0.000002	-8.000000	8.000000	1.180000	23.468653
99.098091	85.234337	229.604218	234.338364	328.671143	6.821744	332.810699	0.489228	-0.159452	-0.334219	-0.000039	-0.000024	-0.169412	0.000035	-0.192133	-0.000002	-8.000000	8.000000	1.180000	23.505822
51.818958	87.350761	254.714371	227.502777	319.730133	7.016659	329.448975	0.652145	-0.159452	-0.167113	-0.000039	-0.000024	-0.169412	0.000035	-0.000008	-0.000002	-8.000000	12.000000	1.180000	23.377242
54.166161	88.505180	252.365936	225.224228	317.226654	7.211556	328.328400	0.489228	-0.159452	-0.334219	-0.000039	-0.000024	-0.169412	0.000035	0.000002	-0.000002	-8.000000	12.000000	1.180000	23.329506
49.832867	88.120377	253.088501	225.399506	317.405487	7.016650	327.047760	0.652145	0.000007	-0.167113	-0.000039	-0.000024	-0.169412	0.000035	0.000002	-0.000002	-8.000000	12.000000	1.180000	23.290032
51.999516	90.044395	252.185272	223.471512	316.332550	6.821744	325.927185	0.326151	0.000007	-0.167113	-0.000039	0.170349	-0.169412	0.000035	0.000002	-0.000002	-8.000000	12.000000	1.180000	23.256325
6.861058	83.695114	254.714371	199.809830	284.681427	6.431940	303.995941	0.652145	-0.159452	-0.167113	-0.000039	0.170349	-0.169412	0.000035	0.000002	-0.000002	-8.000000	16.000000	1.180000	22.457644
5.958290	83.887520	254.895004	199.284012	285.396698	6.626838	303.035431	0.489228	-0.159452	-0.167113	-0.000039	-0.000024	-0.169412	0.000035	0.000002	-0.000002	-8.000000	16.000000	1.180000	22.414001
5.236074	83.887520	253.811096	198.232376	282.535583	6.237033	301.914856	0.489109	0.000007	-0.167113	-0.000039	-0.000024	-0.169412	0.185608	-0.000008	-0.000002	-8.000000	16.000000	1.180000	22.386354
6.138843	79.847069	251.823990	198.758194	281.462646	6.626838	300.724426	0.489228	0.000007	-0.334219	-0.000039	-0.000024	-0.169412	0.000035	-0.192133	-0.000002	-8.000000	16.000000	1.180000	22.326453
-33.152401	73.305382	251.282028	174.220139	249.096237	6.042128	280.784027	0.652145	0.000007	-0.334219	-0.000039	0.170349	-0.169412	0.000035	0.000002	-0.000002	-8.000000	20.000000	1.180000	21.579255
-34.053284	73.112984	251.282028	173.694336	248.202148	5.847221	279.983612	0.652145	-0.159452	-0.334219	-0.000039	0.170349	-0.169412	0.185608	-0.000008	-0.000002	-8.000000	20.000000	1.180000	21.555462
-32.792049	73.497787	250.559433	173.869598	247.486877	6.237026	279.503357	0.652145	0.000007	-0.167113	-0.000039	0.170349	-0.169412	0.000035	-0.192133	-0.000002	-8.000000	20.000000	1.180000	21.521228
-35.674866	73.497787	251.823990	173.869598	248.559784	5.847213	278.702972	0.326151	-0.159452	-0.334219	-0.000039	-0.000024	-0.169412	0.000035	-0.192133	-0.000002	-8.000000	20.000000	1.180000	21.505056
-68.466911	59.260006	249.114243	151.259537	216.193375	5.457400	264.074127	0.489228	0.000007	-0.167113	-0.000039	-0.000024	-0.169412	0.000035	-0.192133	-0.000002	-8.000000	24.000000	1.180000	20.936414
-66.845329	60.029610	246.946457	149.682098	215.120438	5.262503	263.495178	0.652145	-0.159452	-0.334219	-0.000039	-0.000024	-0.169412	0.185608	-0.192133	-0.000002	-8.000000	24.000000	1.180000	20.920862
-67.205688	60.414417	247.127121	149.156281	215.478088	5.457400	262.854828	0.652145	-0.159452	-0.334219	-0.000039	-0.000024	-0.169412	0.000035	0.000002	-0.000002	-8.000000	24.000000	1.180000	20.887001
-65.944450	59.260006	245.320618	148.981003	214.047531	5.262494	262.534668	0.489228	-0.159452	-0.167113	-0.000039	-0.000024	-0.169412	0.000035	0.000002	-0.000002	-8.000000	24.000000	1.180000	20.881919
-106.484070	34.632481	266.275879	140.392685	197.417267	5.652315	276.621887	0.652145	-0.159452	-0.334219	-0.000039	-0.000024	-0.169412	0.185608	-0.000008	-0.000002	-8.000000	28.000000	1.180000	21.430596
-106.484070	35.209690	266.998474	140.217422	197.774918	6.042119	277.422302	0.326151	0.000007	-0.334219	-0.000039	-0.000024	-0.169412	0.000035	-0.192133	-0.000002	-8.000000	28.000000	1.180000	21.446828
-106.664253	36.556507	267.721039	141.619598	198.490189	6.042119	277.902527	0.652145	0.000007	-0.334219	-0.000039	-0.000024	-0.169412	0.000035	-0.192133	-0.000002	-8.000000	28.000000	1.180000	21.465795
-106.484070	34.440079	267.179108	141.444321	198.669006	5.847221	278.382782	0.489109	-0.159452	-0.167113	-0.000039	-0.000024	-0.169412	0.185608	-0.000008	-0.000002	-8.000000	28.000000	1.180000	21.492433
-152.068634	3.270873	287.411743	127.072029	174.349487	6.237026	291.989777	0.489228	0.000007	-0.334219	-0.000039	-0.000024	-0.169412	0.000035	0.000002	-0.000002	-8.000000	32.000000	1.180000	22.007424
-151.928162	2.116458	286.147186	127.247307	172.918945	6.431931	292.470001	0.489228	-0.159452	-0.334219	-0.000039	-0.000024	-0.169412	0.000035	0.000002	-0.000002	-8.000000	32.000000	1.180000	22.018407
-152.969498	4.040483	289.037567	127.247307	175.422409	5.652315	292.950256	0.652145	-0.159452	-0.334219	-0.179846	-0.000024	-0.169412	0.000035	-0.192133	-0.000002	-8.000000	32.000000	1.180000	22.066845
-152.068634	2.501263	287.050446	127.422577	174.170670	6.237026	293.682434	0.489228	-0.159452	-0.334219	-0.000039	-0.000024	-0.169412	0.000035	-0.192133	-0.000002	-8.000000	32.000000	1.180000	22.072508
-200.716156	-40.675743	302.766846	105.513603	132.505615	6.431940	306.557251	0.489109	-0.159452	-0.334219	-0.000039	-0.000024	-0.169412	0.185608	-0.000008	-0.000002	-8.000000	36.000000	1.180000	22.554090
-201.076523	-37.797745	304.573334	104.461975	134.115005	6.431931	307.037476	0.489228	-0.159452	-0.334219	-0.000039	-0.000024	-0.169412	0.000035	0.000002	-0.000002	-8.000000	36.000000	1.180000	22.572127
-199.094574	-34.727875	304.031403	103.760887	134.651459	6.431931	307.357635	0.326151	0.000007	-0.167113	-0.000039	-0.000024	-0.169412	0.000035	0.000002	-0.000002	-8.000000	36.000000	1.180000	22.584144
-201.797211	-35.495342	306.921753	104.987793	136.260834	6.237033	308.158051	0.652145	-0.159452	-0.334219	-0.000039	0.170349	-0.169412	0.000035	-0.000008	-0.000002	-8.000000	36.000000	1.180000	22.621462
-247.381775	-81.927094	316.496155	75.542130	85.118324	6.431940	318.723480	0.489109	-0.159452	-0.167113	-0.000039	-0.000024	-0.169412	0.000035	0.000002	-0.000002	-8.000000	40.000000	1.180000	23.006688
-247.561951	-83.462029	317.760681	78.171211	85.297150	6.821744	319.043640	0.326151	0.000007	-0.167113	-0.000039	-0.000024	-0.169412	0.000035	0.000002	-0.000002	-8.000000	40.000000	1.180000	23.004122
-247.381775	-84.229492	317.218750	76.769035	82.793663	6.431940	319.363800	0.652145	-0.159452	-0.334219	-0.000039	-0.000024	-0.169412	0.185608	-0.000008	-0.000002	-8.000000	40.000000	1.180000	23.030262
-250.084412	-84.613228	317.038086	77.294846	83.866592	6.431931	320.324280	0.489228	0.000007	-0.334219	-0.000039	-0.000024	-0.169412	0.000035	0.000002	-0.000002	-8.000000	40.000000	1.180000	23.065578
-305.218323	-141.213898	332.393188	39.611416	19.491398	6.821752	334.411530	0.652145	0.000007	-0.167113	-0.000039	-0.000024	0.000016	0.000035	-0.192133	-0.000002	-8.000000	44.000000	1.180000	23.563466
-303.056183	-139.870834	331.670593	35.755436	18.418478	6.626838	334.731689	0.326151	0.000007	-0.167113	-0.000039	0.170349	-0.169412	0.000035	0.000002	-0.000002	-8.000000	44.000000	1.180000	23.581983
-302.515656	-137.568420	332.754517	35.580166	20.206678	7.016650	335.372009	0.652145	-0.159452	-0.334219	-0.000039	0.170349	-0.169412	0.000035	-0.000008	-0.000002	-8.000000	44.000000	1.180000	23.590983
-305.938995	-138.719635	333.838379	36.982342	22.888979	6.821752	335.692169	0.652145	0.000007	-0.167113	-0.000039	0.170349	-0.169412	0.000035	-0.000008	-0.000002	-8.000000	44.000000	1.180000	23.609479
313.802551	-129.510025	-330.059937	-54.895691	-46.028042	6.237026	316.482330	0.326151	0.000007	-0.334219	-0.000039	0.170349	-0.169412	0.000035	-0.192133	-0.000002	-4.000000	-44.000000	1.180000	22.931190
313.622009	-129.893753	-331.142700	-57.343269	-48.882492	6.626838	315.361755	0.652145	-0.159452	-0.167113	-0.000039	-0.000024	-0.169412	0.000035	-0.000008	-0.000002	-4.000000	-44.000000	1.180000	22.875304
313.441437	-129.510025	-328.616272	-53.497070	-45.849636	6.821752	314.081085	0.652145	-0.159452	-0.334219	-0.000039	0.170349	-0.169412	0.000035	-0.192133	-0.000002	-4.000000	-44.000000	1.180000	22.820573
313.359314	-130.661224	-330.240387	-54.371208	-47.455269	6.431940	313.280701	0.326151	0.000007	-0.334219	-0.000039	-0.000024	-0.169412	0.000035	-0.192133	-0.000002	-4.000000	-44.000000	1.180000	22.805320
294.302734	-75.403618	-271.230225	-8.566525	23.961899	6.431931	294.230927	0.652145	0.000007	-0.167113	-0.000039	-0.000024	-0.169412	0.000035	0.000002	-0.000002	-4.000000	-40.000000	1.180000	22.086079
293.941620	-75.403618	-270.327942	-8.916179	23.067797	6.237033	293.430481	0.652145	-0.159452	-0.167113	-0.000039	0.170349	-0.169412	0.000035	-0.000008	-0.000002	-4.000000	-40.000000	1.180000	22.062832
293.323120	-75.211754	-268.884247	-10.314794	22.352520	6.042119	292.950256	0.489228	-0.159452	-0.334219	-0.000039	-0.000024	-0.169412	0.000035	0.000002	-0.000002	-4.000000	-40.000000	1.180000	22.051870
291.337524	-73.101219	-265.636017	-8.566525	24.319538	5.847213	292.309937	0.326151	-0.159452	-0.167113	-0.000039	0.170349	-0.169412	0.000035	0.000002	-0.000002	-4.000000	-40.000000	1.180000	22.034747
276.969574	-30.123074	-216.551086	28.043480	76.892609	5.847221	278.542877	0.652145	-0.159452	-0.334219	-0.000039	-0.000024	-0.169412	0.000035	-0.192133	-0.000002	-4.000000	-36.000000	1.180000	21.498744
277.150116	-29.931208	-215.829239	28.744564	77.250244	5.652315	277.742462	0.489109	-0.159452	-0.334219	-0.000039	-0.000024	-0.169412	0.000035	-0.192133	-0.000002	-4.000000	-36.000000	1.180000	21.474863
276.789001	-29.931208	-216.551086	27.692934	75.998512	5.652315	277.262207	0.489109	-0.159452	-0.334219	-0.000039	-0.000024	-0.169412	0.000035	-0.192133	-0.000002	-4.000000	-36.000000	1.180000	21.455903
277.438507	-30.890541	-218.716583	26.641304	73.673851	5.847213	276.781982	0.489228	-0.159452	-0.334219	-0.000039	-0.000024	-0.169412	0.000035	-0.192133	-0.000002	-4.000000	-36.000000	1.180000	21.429221
262.344696	11.544181	-170.173065	58.540768	119.630577	5.652307	264.295563	0.489228	-0.159452	-0.334219	-0.179846	-0.000024	-0.169412	0.000035	-0.192133	-0.000002	-4.000000	-32.000000	1.180000	20.937488
262.705811	12.313790	-168.007553	60.293484	121.776428	5.457409	265.095978	0.652145	-0.159452	-0.334219	-0.000039	-0.000024	-0.169412	0.185608	-0.192133	-0.000002	-4.000000	-32.000000	1.180000	20.977736
263.720032	12.890998	-170.533981	60.293484	121.955246	5.262503	265.736298	0.489228	-0.159452	-0.334219	-0.000039	-0.000024	-0.169412	0.000035	-0.000008	-0.000002	-4.000000	-32.000000	1.180000	21.011449
264.150269	11.351778	-169.270767	61.695660	122.670525	5.457400	266.474792	0.326151	0.000007	-0.334219	-0.179846	-0.000024	-0.169412	0.000035	-0.192133	-0.000002	-4.000000	-32.000000	1.180000	21.033363
281.048676	51.179096	-143.826004	91.316589	174.707138	6.042119	285.266327	0.489228	-0.159452	-0.334219	-0.000039	0.170349	-0.169412	0.000035	0.000002	-0.000002	-4.000000	-28.000000	1.180000	21.754571
283.288971	49.832279	-145.089218	93.945663	175.422409	5.847213	286.226807	0.489228	-0.159452	-0.334219	-0.000039	-0.000024	-0.169412	0.000035	-0.192133	-0.000002	-4.000000	-28.000000	1.180000	21.799534
280.507111	50.024681	-143.465103	95.347839	178.462341	6.431931	286.867126	0.489228	-0.159452	-0.334219	-0.179846	-0.000024	-0.169412	0.000035	-0.192133	-0.000002	-4.000000	-28.000000	1.180000	21.801694
282.492706	49.447472	-143.284637	95.873657	177.568253	6.431931	287.667542	0.489228	-0.159452	-0.334219	-0.000039	-0.000024	-0.169412	0.000035	-0.192133	-0.000002	-4.000000	-28.000000	1.180000	21.832785
294.302734	87.927971	-108.275543	125.845131	226.386093	6.431931	304.476166	0.489228	0.000007	-0.167113	-0.000039	0.170349	0.000016	0.000035	0.000002	-0.000002	-4.000000	-24.000000	1.180000	22.475758
294.586639	86.196350	-109.538757	127.597855	228.889587	6.626838	305.205658	0.326151	0.000007	-0.334219	-0.000039	0.170349	-0.169412	0.000035	-0.192133	-0.000002	-4.000000	-24.000000	1.180000	22.495906
295.850189	88.312775	-110.982430	126.721497	228.531952	6.431931	305.756836	0.489228	-0.159452	-0.334219	-0.000039	-0.000024	-0.169412	0.000035	0.000002	-0.000002	-4.000000	-24.000000	1.180000	22.523994
297.913818	88.505180	-112.065193	125.494583	227.816666	6.042128	306.397156	0.489109	-0.159452	-0.167113	-0.000039	-0.000024	-0.169412	0.185608	-0.000008	-0.000002	-4.000000	-24.000000	1.180000	22.562720
299.460327	119.866791	-72.183693	153.012253	270.018158	7.016650	319.523895	0.326151	-0.159452	-0.334219	-0.000039	0.170349	-0.169412	0.000035	0.000002	-0.000002	-4.000000	-20.000000	1.180000	23.014632
299.460327	120.059196	-73.266449	154.063889	272.164032	7.016659	320.164215	0.489109	-0.159452	-0.167113	-0.000039	-0.000024	-0.169412	0.000035	-0.192133	-0.000002	-4.000000	-20.000000	1.180000	23.038198
301.626404	118.904770	-73.988289	154.239166	270.196991	6.821744	320.644440	0.326151	-0.159452	-0.334219	-0.000039	-0.000024	-0.169412	0.000035	-0.192133	-0.000002	-4.000000	-20.000000	1.180000	23.063020
300.080475	119.097176	-71.642319	155.816605	271.985199	7.016650	321.124725	0.326151	-0.159452	-0.334219	-0.000039	-0.000024	-0.169412	0.000035	-0.192133	-0.000002	-4.000000	-20.000000	1.180000	23.073503
297.294250	145.648712	-29.234396	177.550308	306.855072	6.821744	333.451050	0.326151	-0.159452	-0.334219	-0.000039	0.170349	-0.169412	0.000035	-0.192133	-0.000002	-4.000000	-16.000000	1.180000	23.528897
299.279816	143.917099	-31.941284	175.972855	303.636322	6.626846	334.091370	0.489228	0.000007	-0.334219	-0.000039	-0.000024	-0.169412	0.000035	-0.192133	-0.000002	-4.000000	-16.000000	1.180000	23.558961
297.913818	145.263916	-29.775770	177.725571	306.497437	6.431940	334.571594	0.489109	-0.159452	-0.334219	-0.000039	-0.000024	-0.169412	0.000035	-0.192133	-0.000002	-4.000000	-16.000000	1.180000	23.583233
297.655273	143.917099	-31.038988	177.900848	308.106842	6.821744	335.211945	0.489228	-0.159452	-0.167113	-0.000039	-0.000024	-0.169412	0.000035	-0.192133	-0.000002	-4.000000	-16.000000	1.180000	23.592235
272.745361	148.534760	15.716396	185.963348	314.365540	6.821744	327.207825	0.489228	-0.159452	-0.334219	-0.000039	-0.000024	-0.169412	0.000035	0.000002	-0.000002	-4.000000	-12.000000	1.180000	23.302945
271.733521	148.342346	17.703529	186.839706	313.292603	6.821744	326.567505	0.489228	0.000007	-0.334219	-0.000039	0.170349	-0.169412	0.000035	0.000002	-0.000002	-4.000000	-12.000000	1.180000	23.279647
270.398773	147.957550	18.245474	186.138626	313.292603	6.626838	325.286835	0.489228	-0.159452	-0.334219	-0.000039	0.170349	-0.169412	0.000035	0.000002	-0.000002	-4.000000	-12.000000	1.180000	23.240088
270.108521	148.342346	15.897045	183.509552	312.040894	6.431940	324.486450	0.652145	-0.159452	-0.334219	-0.000039	-0.000024	-0.169412	0.000035	-0.000008	-0.000002	-4.000000	-12.000000	1.180000	23.217998
229.062775	133.527359	58.710739	180.004120	295.768280	6.626838	301.274536	0.489228	-0.159452	-0.167113	-0.000039	-0.000024	-0.169412	0.000035	-0.192133	-0.000002	-4.000000	-8.000000	1.180000	22.347324
228.761703	133.527359	58.710739	179.478287	296.483551	6.626838	300.634216	0.652145	-0.159452	-0.334219	-0.000039	-0.000024	-0.169412	0.000035	-0.192133	-0.000002	-4.000000	-8.000000	1.180000	22.323029
227.317276	132.372940	59.252686	179.303024	296.483551	6.042119	299.833801	0.489228	-0.159452	-0.167113	-0.000039	-0.000024	-0.169412	0.000035	-0.192133	-0.000002	-4.000000	-8.000000	1.180000	22.314838
227.257706	133.142563	58.530090	178.777206	296.304718	6.626838	299.283997	0.489228	-0.159452	-0.334219	-0.000039	0.170349	-0.169412	0.000035	-0.192133	-0.000002	-4.000000	-8.000000	1.180000	22.271711
188.809830	121.983215	96.827568	171.591064	284.860229	6.042119	284.145721	0.489228	-0.159452	-0.167113	-0.000039	0.170349	-0.169412	0.000035	-0.192133	-0.000002	-4.000000	-4.000000	1.180000	21.710874
189.170837	118.712379	96.104973	172.642700	282.893219	6.042119	283.505402	0.326151	0.000007	-0.167113	-0.000039	0.170349	-0.169412	0.000035	0.000002	-0.000002	-4.000000	-4.000000	1.180000	21.685865
188.317642	119.866791	96.285622	171.240524	282.177917	6.042119	282.865082	0.652145	0.000007	-0.167113	-0.000039	-0.000024	-0.169412	0.000035	-0.192133	-0.000002	-4.000000	-4.000000	1.180000	21.660828
189.581528	121.406013	94.298492	169.137268	280.926208	6.042128	282.384857	0.652145	-0.159452	-0.167113	-0.000039	-0.000024	-0.169412	0.000035	-0.192133	-0.000002	-4.000000	-4.000000	1.180000	21.642032
149.137466	107.937836	126.815216	162.301666	268.408813	6.042119	267.915222	0.489228	-0.159452	-0.167113	-0.000039	-0.000024	-0.169412	0.000035	-0.192133	-0.000002	-4.000000	0.000000	1.180000	21.067813
149.679123	107.168221	125.731323	161.775848	265.011230	5.847213	267.337128	0.652145	0.000007	-0.167113	-0.000039	0.170349	-0.169412	0.000035	-0.192133	-0.000002	-4.000000	0.000000	1.180000	21.052393
148.234695	107.553032	126.453918	161.250031	266.978241	5.847221	266.376648	0.652145	0.000007	-0.334219	-0.000039	-0.000024	-0.169412	0.185608	-0.000008	-0.000002	-4.000000	0.000000	1.180000	21.013693
149.137466	109.284637	124.828087	158.796234	265.190033	5.847213	265.736298	0.489228	0.000007	-0.167113	-0.000039	-0.000024	-0.169412	0.000035	-0.192133	-0.000002	-4.000000	0.000000	1.180000	20.987854
121.661407	112.555496	165.473999	167.735092	279.495636	6.237026	278.958313	0.489228	-0.159452	-0.334219	-0.000039	-0.000024	0.000016	0.000035	0.000002	-0.000002	-4.000000	4.000000	1.180000	21.499755
121.512733	113.902313	167.280487	168.085632	280.747375	6.042119	279.823517	0.652145	0.000007	-0.334219	-0.000039	-0.000024	0.000016	0.000035	0.000002	-0.000002	-4.000000	4.000000	1.180000	21.541501
121.480896	111.978271	167.280487	168.436172	280.926208	6.042119	280.784027	0.489228	0.000007	-0.334219	-0.000039	-0.000024	-0.169412	0.000035	-0.192133	-0.000002	-4.000000	4.000000	1.180000	21.579255
123.137718	114.479515	165.835297	167.559814	283.250854	6.042119	281.584442	0.652145	0.000007	-0.334219	-0.000039	-0.000024	-0.169412	0.000035	-0.192133	-0.175406	-4.000000	4.000000	1.180000	21.610666
88.471390	121.406013	209.552231	180.705200	298.629364	6.237026	299.033386	0.326151	0.000007	-0.334219	-0.000039	0.170349	-0.169412	0.000035	-0.192133	-0.000002	-4.000000	8.000000	1.180000	22.277006
88.290833	120.828796	209.371597	181.231018	297.735260	6.042128	299.833801	0.652145	-0.159452	-0.334219	-0.000039	-0.000024	-0.169412	0.000035	-0.192133	-0.000002	-4.000000	8.000000	1.180000	22.314838
88.832489	121.598404	209.552231	180.705200	298.629364	6.626838	300.474121	0.489228	-0.159452	-0.167113	-0.000039	0.170349	-0.169412	0.000035	0.000002	-0.000002	-4.000000	8.000000	1.180000	22.316950
88.809219	121.406013	210.636124	182.633194	298.987000	6.237033	301.114441	0.652145	-0.159452	-0.334219	-0.000039	-0.000024	-0.169412	0.000035	-0.000008	-0.000002	-4.000000	8.000000	1.180000	22.356033
47.473228	128.717300	247.488419	184.911713	309.000946	6.626838	314.241180	0.489228	-0.159452	-0.167113	-0.000039	-0.000024	-0.169412	0.000035	-0.192133	-0.000002	-4.000000	12.000000	1.180000	22.833752
48.207882	125.831268	248.391647	188.241898	310.252655	6.626838	314.721405	0.489228	-0.159452	-0.334219	-0.000039	-0.000024	-0.169412	0.000035	0.000002	-0.000002	-4.000000	12.000000	1.180000	22.851569
49.471760	128.909698	247.127121	184.210632	308.285675	7.016650	315.201691	0.489228	0.000007	-0.334219	-0.000039	-0.000024	-0.169412	0.000035	0.000002	-0.000002	-4.000000	12.000000	1.180000	22.854923
50.013420	129.871719	247.488419	184.210632	309.358582	6.431940	315.681915	0.652145	0.000007	-0.167113	-0.000039	-0.000024	-0.169412	0.000035	-0.000008	-0.000002	-4.000000	12.000000	1.180000	22.894377
2.166660	129.294510	280.908386	188.241898	312.040894	7.016650	327.528015	0.652145	-0.159452	-0.334219	-0.000039	-0.000024	-0.169412	0.000035	-0.192133	-0.000002	-4.000000	16.000000	1.180000	23.307501
1.624997	130.256516	281.089050	188.767700	310.789124	7.211564	328.008240	0.489109	-0.159452	-0.334219	-0.000039	-0.000024	-0.169412	0.000035	-0.192133	-0.000002	-4.000000	16.000000	1.180000	23.317872
4.513859	128.717300	280.005127	188.942978	310.789124	7.016650	328.648560	0.326151	-0.159452	-0.167113	-0.179846	0.170349	-0.169412	0.000035	-0.192133	-0.000002	-4.000000	16.000000	1.180000	23.348208
3.249982	131.988144	282.534241	190.870972	312.934967	6.821744	329.128815	0.326151	-0.159452	-0.334219	-0.000039	-0.000024	-0.169412	0.000035	-0.192133	-0.000002	-4.000000	16.000000	1.180000	23.372701
-43.062084	130.641327	309.270203	184.210632	307.391541	7.211564	339.534149	0.652145	-0.159452	-0.334219	-0.179846	-0.000024	-0.169412	0.000035	-0.192133	-0.000002	-4.000000	20.000000	1.180000	23.733070
-44.143139	128.524902	308.908905	183.334274	305.782166	7.016650	338.573639	0.489109	-0.159452	-0.334219	-0.179846	-0.000024	-0.169412	0.000035	-0.192133	-0.000002	-4.000000	20.000000	1.180000	23.705716
-40.539619	128.909698	307.102417	183.158997	305.960999	7.211556	337.933319	0.489228	-0.159452	-0.334219	-0.179846	-0.000024	-0.169412	0.000035	-0.192133	-0.000002	-4.000000	20.000000	1.180000	23.675839
-40.539619	127.178085	304.392700	182.236298	302.921051	7.211556	336.492615	0.489228	0.000007	-0.334219	-0.000039	0.170349	-0.169412	0.000035	-0.192133	-0.000002	-4.000000	20.000000	1.180000	23.624214
-76.935196	105.244202	293.915070	149.857376	256.606689	6.431940	309.758881	0.652145	0.000007	-0.334219	-0.000039	-0.000024	-0.169412	0.000035	-0.192133	-0.000002	-4.000000	24.000000	1.180000	22.674070
-76.214485	105.244202	291.205353	147.228287	254.639648	6.626838	308.798370	0.652145	-0.159452	-0.334219	-0.000039	-0.000024	-0.169412	0.000035	-0.192133	-0.000002	-4.000000	24.000000	1.180000	22.630845
-78.016251	104.859390	292.650543	148.455185	255.891403	6.237033	307.997986	0.652145	0.000007	-0.334219	-0.000039	-0.000024	-0.169412	0.000035	-0.000008	-0.000002	-4.000000	24.000000	1.180000	22.615465
-75.493790	105.244202	291.205353	150.032639	255.891403	6.626838	307.197571	0.326151	-0.159452	-0.167113	-0.000039	0.170349	0.000016	0.000035	0.000002	-0.000002	-4.000000	24.000000	1.180000	22.570820
-106.844421	75.037003	281.992279	120.937531	211.901688	5.847221	289.908691	0.652145	0.000007	-0.334219	-0.000039	-0.000024	-0.169412	0.000035	-0.000008	-0.000002	-4.000000	28.000000	1.180000	21.942199
-109.186707	73.112984	282.353577	121.112793	211.007584	6.042128	289.428436	0.489109	-0.159452	-0.334219	-0.179846	0.170349	-0.169412	0.000035	-0.192133	-0.000002	-4.000000	28.000000	1.180000	21.916108
-107.204781	73.305382	280.727722	120.061157	211.007584	5.847213	288.788116	0.489228	-0.159452	-0.334219	-0.000039	-0.000024	-0.169412	0.000035	-0.192133	-0.000002	-4.000000	28.000000	1.180000	21.898878
-107.024597	74.652199	281.089050	121.813873	212.259323	6.042119	288.147797	0.652145	-0.159452	-0.334219	-0.000039	-0.000024	-0.169412	0.000035	-0.192133	-0.000002	-4.000000	28.000000	1.180000	21.866532
-139.816666	40.019753	272.779205	92.543495	165.408493	5.652315	274.700897	0.652145	-0.159452	-0.167113	-0.000039	0.170349	-0.169412	0.000035	-0.192133	-0.000002	-4.000000	32.000000	1.180000	21.354497
-137.474365	41.366570	270.792053	93.419853	166.302582	5.847213	274.220642	0.489228	0.000007	-0.334219	-0.000039	-0.000024	-0.169412	0.000035	-0.192133	-0.000002	-4.000000	32.000000	1.180000	21.327687
-140.537354	39.057739	271.875977	93.069305	164.872040	6.042119	273.580322	0.489228	0.000007	-0.334219	-0.000039	-0.000024	-0.169412	0.000035	-0.192133	-0.000002	-4.000000	32.000000	1.180000	21.294473
-138.591660	39.442543	270.430786	92.192947	165.050858	6.042128	272.779938	0.489228	-0.159452	-0.334219	-0.000039	-0.000024	-0.169412	0.000035	-0.192133	-0.000002	-4.000000	32.000000	1.180000	21.262596
-176.572556	5.772105	269.708191	62.046207	119.272942	5.457400	271.179077	0.489228	-0.159452	-0.167113	-0.179846	0.170349	-0.169412	0.000035	0.000002	-0.000002	-4.000000	36.000000	1.180000	21.222058
-175.311356	7.311326	270.069458	62.572018	120.703499	5.457400	271.979492	0.489228	0.000007	-0.167113	-0.000039	-0.000024	-0.169412	0.000035	-0.192133	-0.000002	-4.000000	36.000000	1.180000	21.253996
-179.095032	6.156910	273.140503	62.221478	120.167030	5.457409	272.940002	0.652145	-0.159452	-0.334219	-0.000039	-0.000024	-0.169412	0.000035	-0.000008	-0.000002	-4.000000	36.000000	1.180000	21.292260
-176.392410	6.349313	272.237244	62.572018	120.345863	5.652307	273.740417	0.489228	0.000007	-0.167113	-0.000039	-0.000024	-0.169412	0.000035	-0.192133	-0.000002	-4.000000	36.000000	1.180000	21.316346
-228.463287	-32.425476	291.024719	33.476902	76.713791	5.847221	291.989777	0.652145	0.000007	-0.334219	-0.000039	-0.000024	-0.169412	0.000035	-0.000008	-0.000002	-4.000000	40.000000	1.180000	22.022429
-230.265045	-34.727875	294.818329	33.827450	79.217270	6.042128	292.950256	0.489109	-0.159452	-0.334219	-0.000039	0.170349	-0.169412	0.000035	-0.000008	-0.000002	-4.000000	40.000000	1.180000	22.051870
-228.823624	-32.041740	292.469910	33.126362	77.429070	6.042128	293.430481	0.652145	-0.159452	-0.334219	-0.000039	-0.000024	-0.169412	0.000035	-0.192133	-0.000002	-4.000000	40.000000	1.180000	22.070318
-229.364166	-31.082407	293.734436	31.373644	78.501984	5.847221	294.070862	0.489109	-0.159452	-0.334219	-0.000039	-0.000024	-0.169412	0.000035	-0.192133	-0.000002	-4.000000	40.000000	1.180000	22.102367
-283.416992	-79.432823	311.076691	-8.566525	20.206678	6.431940	309.758881	0.652145	-0.159452	-0.334219	-0.000039	-0.000024	-0.169412	0.000035	-0.192133	-0.000002	-4.000000	44.000000	1.180000	22.674070
-284.137695	-81.543358	310.173462	-5.244811	21.458418	7.016650	310.399200	0.652145	0.000007	-0.334219	-0.000039	0.170349	-0.169412	0.000035	-0.192133	-0.000002	-4.000000	44.000000	1.180000	22.676148
-282.335937	-81.543358	311.076691	-7.517560	17.524378	6.626846	310.879456	0.652145	0.000007	-0.167113	-0.000039	-0.000024	-0.169412	0.000035	-0.000008	-0.000002	-4.000000	44.000000	1.180000	22.708642
-285.398926	-83.653893	312.160583	-6.643427	19.312580	6.626838	311.359680	0.652145	-0.159452	-0.167113	-0.000039	-0.000024	-0.169412	0.000035	-0.000008	-0.000002	-4.000000	44.000000	1.180000	22.726556
326.983002	-83.845757	-346.842651	-108.043106	-51.736946	7.211556	329.128815	0.489228	-0.159452	-0.334219	-0.000039	0.170349	-0.169412	0.000035	-0.192133	-0.000002	0.000000	-44.000000	1.180000	23.358563
329.330200	-83.462029	-349.730011	-108.917244	-51.201736	7.016650	329.609039	0.652145	-0.159452	-0.334219	-0.000039	-0.000024	-0.169412	0.000035	-0.000008	-0.000002	0.000000	-44.000000	1.180000	23.383044
327.799866	-84.805092	-344.316223	-102.973129	-47.276867	7.016659	330.089294	0.652145	-0.159452	-0.167113	-0.000039	0.170349	-0.169412	0.000035	-0.192133	-0.000002	0.000000	-44.000000	1.180000	23.400443
328.607941	-85.764412	-349.369080	-107.518623	-51.915348	7.211564	330.569580	0.652145	-0.159452	-0.334219	-0.179846	0.170349	-0.169412	0.000035	-0.000008	0.175672	0.000000	-44.000000	1.180000	23.410776
334.205109	-37.989609	-311.472626	-59.965675	21.100777	7.016650	335.852264	0.652145	-0.159452	-0.334219	-0.000039	-0.000024	-0.169412	0.000035	-0.192133	-0.000002	0.000000	-40.000000	1.180000	23.608229
333.395569	-36.070942	-309.487579	-58.741882	23.961899	7.016659	334.891754	0.652145	-0.159452	-0.334219	-0.000039	-0.000024	-0.169412	0.000035	0.000002	-0.000002	0.000000	-40.000000	1.180000	23.573725
334.024597	-36.838409	-310.750793	-59.091537	23.246618	7.211556	333.931274	0.652145	0.000007	-0.167113	-0.179846	-0.000024	-0.169412	0.000035	-0.192133	-0.000002	0.000000	-40.000000	1.180000	23.532154
332.312500	-38.181477	-307.682983	-54.196377	25.750097	7.211556	332.490540	0.489228	-0.159452	-0.334219	-0.000039	0.170349	-0.169412	0.000035	-0.192133	-0.000002	0.000000	-40.000000	1.180000	23.480211
307.402618	10.582168	-242.356750	-8.391698	84.939507	6.431940	307.357635	0.652145	-0.159452	-0.334219	-0.000039	-0.000024	-0.169412	0.000035	-0.192133	-0.000002	0.000000	-36.000000	1.180000	22.584144
305.677643	8.658142	-239.649872	-5.944118	85.475967	6.431940	306.557251	0.652145	-0.159452	-0.167113	-0.000039	0.170349	-0.169412	0.000035	-0.192133	-0.000002	0.000000	-36.000000	1.180000	22.554090
306.319580	10.004960	-239.830338	-6.293774	85.297150	6.431931	305.756836	0.489228	-0.159452	-0.334219	-0.000039	-0.000024	-0.169412	0.000035	-0.192133	-0.000002	0.000000	-36.000000	1.180000	22.523994
304.413757	9.620155	-239.108475	-6.468599	85.654785	6.237033	304.956421	0.652145	-0.159452	-0.334219	-0.000039	-0.000024	-0.169412	0.000035	-0.192133	-0.000002	0.000000	-36.000000	1.180000	22.501201
288.268921	48.293056	-186.414398	28.043480	130.896240	6.042128	288.948212	0.652145	-0.159452	-0.334219	-0.000039	-0.000024	-0.169412	0.000035	-0.192133	-0.000002	0.000000	-32.000000	1.180000	21.897531
287.005371	47.331043	-187.316696	29.270380	132.326797	6.042119	288.307892	0.489228	-0.159452	-0.334219	-0.000039	0.170349	-0.169412	0.000035	-0.192133	-0.000002	0.000000	-32.000000	1.180000	21.872736
285.922333	48.293056	-184.970718	27.868206	131.075058	5.457409	287.667542	0.652145	-0.159452	-0.167113	-0.000039	-0.000024	-0.169412	0.000035	-0.000008	-0.000002	0.000000	-32.000000	1.180000	21.870580
285.455597	49.447472	-183.527039	30.497282	133.220901	6.042119	286.960541	0.489228	0.000007	-0.167113	-0.000039	-0.000024	-0.169412	0.000035	-0.192133	-0.000002	0.000000	-32.000000	1.180000	21.820470
268.664093	79.847069	-134.622589	60.644028	169.700180	5.457400	273.196686	0.489228	0.000007	-0.334219	-0.000039	-0.000024	-0.169412	0.000035	0.000002	-0.000002	0.000000	-28.000000	1.180000	21.302474
269.205750	78.885056	-135.885803	59.767670	168.627258	5.262503	272.299652	0.652145	0.000007	-0.334219	-0.000039	-0.000024	-0.169412	0.000035	-0.000008	0.175672	0.000000	-28.000000	1.180000	21.274523
268.593719	78.307846	-136.246735	58.540768	166.839066	5.457400	271.436188	0.489228	0.000007	-0.334219	-0.000039	0.170349	-0.169412	0.000035	0.000002	-0.000002	0.000000	-28.000000	1.180000	21.232322
266.316895	78.307846	-133.720291	60.468758	167.733154	5.067596	270.538757	0.652145	-0.159452	-0.167113	-0.000039	-0.000024	-0.169412	0.000035	-0.000008	-0.000002	0.000000	-28.000000	1.180000	21.212051
265.344574	107.937836	-96.906601	86.408981	203.854797	5.457409	272.459747	0.489228	0.000007	-0.334219	-0.000039	-0.000024	-0.169412	0.000035	-0.192133	-0.000002	0.000000	-24.000000	1.180000	21.273137
265.053009	107.553032	-96.184776	87.285339	205.821808	5.847213	273.420258	0.652145	-0.159452	-0.334219	-0.000039	-0.000024	-0.169412	0.000035	-0.192133	-0.000002	0.000000	-24.000000	1.180000	21.295860
265.414154	108.130226	-96.726151	87.986427	206.715912	5.847213	274.380737	0.489228	-0.159452	-0.334219	-0.000039	-0.000024	-0.169412	0.000035	0.000002	-0.000002	0.000000	-24.000000	1.180000	21.334048
265.955780	109.092247	-96.184776	86.934792	207.073547	5.652315	275.021057	0.652145	-0.159452	-0.334219	-0.000039	-0.000024	-0.169412	0.000035	-0.192133	-0.000002	0.000000	-24.000000	1.180000	21.367199
277.799530	139.684235	-64.423943	116.205177	250.169159	6.042119	293.430481	0.489228	-0.159452	-0.167113	-0.179846	-0.000024	-0.169412	0.000035	0.000002	-0.000002	0.000000	-20.000000	1.180000	22.070318
276.789001	141.608261	-63.702106	113.926659	251.242096	6.042128	294.230927	0.652145	-0.159452	-0.334219	-0.000039	-0.000024	-0.169412	0.000035	-0.192133	-0.000002	0.000000	-20.000000	1.180000	22.101032
277.077515	141.223465	-63.341187	113.926659	250.705612	6.237026	294.802765	0.489228	0.000007	-0.334219	-0.000039	-0.000024	-0.169412	0.000035	-0.192133	-0.000002	0.000000	-20.000000	1.180000	22.115480
277.980042	140.069046	-62.980270	116.205177	251.420914	5.847221	295.351501	0.652145	0.000007	-0.167113	-0.000039	0.170349	-0.169412	0.000035	0.000002	-0.000002	0.000000	-20.000000	1.180000	22.151415
278.594574	162.964935	-25.805670	138.464706	285.754333	6.237033	310.879456	0.652145	-0.159452	-0.334219	-0.000039	-0.000024	-0.169412	0.000035	-0.000008	-0.000002	0.000000	-16.000000	1.180000	22.723184
278.775116	164.119370	-26.166590	138.990509	287.542511	6.626846	311.359680	0.652145	0.000007	-0.334219	-0.000039	-0.000024	-0.169412	0.000035	-0.192133	-0.000002	0.000000	-16.000000	1.180000	22.726556
281.048676	166.620590	-27.610264	137.938889	288.615448	6.626846	311.839935	0.489228	-0.159452	-0.334219	-0.000039	-0.000024	-0.169412	0.000035	-0.000008	-0.000002	0.000000	-16.000000	1.180000	22.744456
279.785126	164.696579	-25.083834	140.217422	288.973083	6.626838	312.480286	0.489228	-0.159452	-0.334219	-0.000039	-0.000024	-0.169412	0.000035	-0.000008	-0.000002	0.000000	-16.000000	1.180000	22.768304
271.914062	178.164749	17.342234	155.115524	315.617249	6.626838	324.966675	0.652145	-0.159452	-0.334219	-0.000039	-0.000024	-0.169412	-0.185214	-0.000008	-0.000002	0.000000	-12.000000	1.180000	23.228411
272.094635	177.779938	17.161585	155.991882	316.153717	7.016659	325.446930	0.652145	-0.159452	-0.334219	-0.000039	-0.000024	-0.169412	0.000035	-0.192133	-0.000002	0.000000	-12.000000	1.180000	23.231709
272.203827	178.934341	17.884178	155.466064	315.974884	6.821744	325.767090	0.489228	-0.159452	-0.334219	-0.000039	-0.000024	-0.169412	0.000035	-0.192133	-0.000002	0.000000	-12.000000	1.180000	23.250491
272.745361	180.473572	18.245474	153.888611	314.723175	6.431940	326.407410	0.489228	-0.159452	-0.334219	-0.000039	-0.000024	-0.169412	0.000035	-0.192133	-0.000002	0.000000	-12.000000	1.180000	23.288008
258.553101	188.554474	65.575386	165.456558	336.539185	6.626846	339.213989	0.652145	0.000007	-0.334219	-0.179846	-0.000024	-0.169412	0.000035	-0.192133	-0.000002	0.000000	-8.000000	1.180000	23.742516
259.275299	189.516495	67.562515	166.683456	336.181549	6.821752	339.534149	0.652145	0.000007	-0.167113	-0.000039	-0.000024	-0.169412	0.000035	-0.000008	-0.000002	0.000000	-8.000000	1.180000	23.746986
259.568390	189.324097	66.839920	166.508179	336.360382	7.016659	340.334564	0.489228	-0.159452	-0.167113	-0.179846	-0.000024	-0.169412	0.000035	-0.192133	-0.000002	0.000000	-8.000000	1.180000	23.768584
260.651428	191.248108	66.297974	165.807098	336.718048	7.211556	340.095459	0.326151	-0.159452	-0.334219	-0.000039	-0.000024	-0.169412	0.000035	-0.192133	-0.000002	0.000000	-8.000000	1.180000	23.753105
212.150757	174.893906	104.595451	151.259537	312.398529	6.237033	313.600861	0.652145	-0.159452	-0.334219	-0.000039	-0.000024	-0.169412	0.000035	-0.192133	-0.000002	0.000000	-4.000000	1.180000	22.824453
210.164673	174.124298	104.595451	148.981003	312.219696	6.431940	312.960541	0.652145	0.000007	-0.334219	-0.000039	-0.000024	-0.169412	0.000035	-0.192133	-0.000002	0.000000	-4.000000	1.180000	22.793420
211.734161	175.086304	102.247025	146.877747	309.716217	6.626838	312.000031	0.489228	-0.159452	-0.334219	-0.000039	0.170349	-0.169412	0.000035	-0.192133	-0.000002	0.000000	-4.000000	1.180000	22.750422
210.164673	171.430664	102.427673	149.506821	309.716217	6.431940	310.879456	0.652145	-0.159452	-0.334219	-0.000039	-0.000024	-0.169412	0.000035	-0.192133	-0.000002	0.000000	-4.000000	1.180000	22.715914
168.095627	160.848526	137.112183	137.938889	295.052979	5.847221	293.590576	0.652145	-0.159452	-0.334219	-0.000039	-0.000024	-0.169412	0.000035	-0.192133	-0.000002	0.000000	0.000000	1.180000	22.083944
168.637283	159.501709	135.486359	139.165787	291.834229	6.042119	292.950256	0.489228	-0.159452	-0.334219	-0.000039	-0.000024	-0.169412	0.000035	0.000002	-0.000002	0.000000	0.000000	1.180000	22.051870
165.748428	159.694107	137.112183	138.815247	293.622406	6.042128	292.149841	0.652145	-0.159452	-0.334219	-0.000039	-0.000024	-0.169412	0.000035	-0.192133	-0.000002	0.000000	0.000000	1.180000	22.021089
165.567871	157.577667	136.570251	139.341064	292.728333	6.237026	291.829681	0.489228	0.000007	-0.334219	-0.000039	-0.000024	-0.169412	0.000035	-0.000008	-0.000002	0.000000	0.000000	1.180000	22.001258
122.415497	149.689163	165.654648	133.381821	279.495636	5.847213	277.837982	0.489228	-0.159452	-0.334219	-0.000039	-0.000024	-0.169412	0.000035	-0.192133	-0.000002	0.000000	4.000000	1.180000	21.470941
123.498825	147.765152	162.583618	131.629089	276.455688	5.847213	277.422302	0.489228	-0.159452	-0.334219	-0.179846	-0.000024	-0.169412	0.000035	-0.192133	-0.000002	0.000000	4.000000	1.180000	21.454528
122.957169	150.073990	163.667511	129.876373	278.243896	5.652307	276.717682	0.489228	0.000007	-0.334219	-0.000039	0.170349	-0.169412	0.000035	-0.192133	-0.000002	0.000000	4.000000	1.180000	21.434384
122.957169	149.304367	162.764282	129.701111	276.813354	6.042119	276.621887	0.652145	0.000007	-0.334219	-0.000039	-0.000024	-0.169412	0.000035	-0.000008	-0.000002	0.000000	4.000000	1.180000	21.415177
82.152000	142.185471	185.345337	131.629089	266.084137	5.457409	266.696808	0.652145	-0.159452	-0.334219	-0.179846	0.170349	0.000016	0.000035	-0.192133	-0.000002	0.000000	8.000000	1.180000	21.042306
79.804802	143.917099	187.693756	131.278564	266.978241	5.262503	267.657288	0.652145	-0.159452	-0.167113	-0.000039	-0.000024	-0.169412	0.000035	-0.192133	-0.000002	0.000000	8.000000	1.180000	21.088786
82.332550	143.917099	185.706635	130.402206	266.799408	5.262503	268.457703	0.489228	-0.159452	-0.334219	-0.000039	-0.000024	-0.169412	0.000035	-0.192133	-0.000002	0.000000	8.000000	1.180000	21.120927
81.790894	143.532288	186.971161	132.680725	266.620575	5.652315	269.098022	0.652145	-0.159452	-0.334219	-0.000039	-0.000024	-0.169412	0.000035	-0.192133	-0.000002	0.000000	8.000000	1.180000	21.130976
47.473228	150.843597	225.449310	141.269043	283.072021	5.847221	288.307892	0.489228	-0.159452	-0.334219	-0.000039	-0.000024	-0.169412	0.000035	-0.192133	-0.000002	0.000000	12.000000	1.180000	21.880285
45.680130	151.613190	227.797745	141.794861	283.966156	6.042119	288.948212	0.652145	-0.159452	-0.334219	-0.000039	-0.000024	-0.169412	0.000035	-0.192133	-0.175406	0.000000	12.000000	1.180000	21.897531
46.751202	152.190399	227.797745	142.320679	284.860229	6.237026	289.748627	0.489228	-0.159452	-0.334219	-0.179846	-0.000024	-0.169412	0.000035	-0.192133	-0.000002	0.000000	12.000000	1.180000	21.920952
47.666222	152.575211	227.255783	141.619598	283.608521	6.042119	290.388947	0.489228	-0.159452	-0.334219	-0.000039	-0.000024	-0.169412	0.000035	-0.192133	-0.000002	0.000000	12.000000	1.180000	21.953218
5.777736	154.691635	262.843536	146.001389	292.013031	6.626846	307.197571	0.652145	-0.159452	-0.334219	-0.000039	-0.000024	-0.169412	0.000035	-0.192133	-0.000002	0.000000	16.000000	1.180000	22.570820
4.694412	157.000458	264.469360	145.125031	293.980042	6.237033	307.837891	0.652145	-0.159452	-0.334219	-0.000039	-0.000024	-0.169412	0.000035	-0.192133	-0.000002	0.000000	16.000000	1.180000	22.609465
2.888875	154.884033	265.011322	147.578827	292.907135	6.431931	308.158051	0.652145	-0.159452	-0.334219	-0.000039	-0.000024	-0.169412	0.000035	-0.192133	-0.000002	0.000000	16.000000	1.180000	22.614159
3.790651	156.230850	265.914551	147.929382	293.980042	6.626838	308.958466	0.489228	-0.159452	-0.334219	-0.000039	-0.000024	-0.169412	0.000035	-0.192133	-0.000002	0.000000	16.000000	1.180000	22.636839
-38.197330	155.653641	292.650543	146.702469	290.224823	6.821744	321.124725	0.652145	-0.159452	-0.334219	-0.000039	-0.000024	-0.169412	0.000035	-0.192133	-0.000002	0.000000	20.000000	1.180000	23.080661
-37.486431	156.038452	293.011841	147.403564	290.403656	6.626838	321.765045	0.489228	-0.159452	-0.334219	-0.000039	-0.000024	-0.169412	0.000035	-0.192133	-0.000002	0.000000	20.000000	1.180000	23.111308
-38.557686	157.770081	293.553772	147.578827	289.151917	7.016650	322.245300	0.489228	-0.159452	-0.167113	-0.000039	0.170349	-0.169412	0.000035	-0.192133	-0.000002	0.000000	20.000000	1.180000	23.114624
-39.278385	157.000458	294.276367	146.702469	289.867187	6.821752	323.045685	0.652145	-0.159452	-0.334219	-0.000039	-0.000024	-0.169412	0.000035	-0.192133	-0.000002	0.000000	20.000000	1.180000	23.151086
-85.944000	146.610733	319.025208	132.856003	276.813354	6.821752	335.692169	0.652145	-0.159452	-0.334219	-0.000039	0.170349	-0.169412	0.000035	-0.000008	-0.000002	0.000000	24.000000	1.180000	23.609479
-85.583641	149.689163	321.192993	133.732361	279.495636	7.016650	336.172424	0.652145	0.000007	-0.334219	-0.000039	0.170349	-0.169412	0.000035	-0.192133	-0.000002	0.000000	24.000000	1.180000	23.619719
-82.700829	150.458786	319.025208	132.680725	278.601532	7.016659	336.812775	0.652145	-0.159452	-0.334219	-0.000039	0.170349	-0.169412	0.000035	-0.000008	-0.000002	0.000000	24.000000	1.180000	23.642683
-85.043114	147.380341	321.915588	133.907639	280.210937	7.211564	337.453094	0.652145	-0.159452	-0.167113	-0.000039	-0.000024	-0.169412	0.000035	-0.192133	-0.000002	0.000000	24.000000	1.180000	23.658643
-121.078339	120.443993	313.967041	101.307083	236.400024	6.821744	320.409943	0.489228	-0.159452	-0.334219	-0.000039	0.170349	-0.169412	0.000035	0.000002	-0.000002	0.000000	28.000000	1.180000	23.054401
-121.078339	119.289581	311.799286	99.904907	234.611816	6.626846	319.363800	0.652145	-0.159452	-0.334219	-0.000039	-0.000024	-0.169412	0.000035	-0.192133	-0.000002	0.000000	28.000000	1.180000	23.023089
-120.537796	116.980743	311.076691	102.183441	233.717712	6.821744	318.403320	0.489228	0.000007	-0.334219	-0.000039	-0.000024	-0.169412	0.000035	-0.192133	-0.000002	0.000000	28.000000	1.180000	22.980521
-121.470444	116.980743	310.896027	100.956543	232.823624	6.626838	317.282745	0.489228	-0.159452	-0.334219	-0.179846	-0.000024	-0.169412	0.000035	-0.192133	-0.000002	0.000000	28.000000	1.180000	22.946360
-152.969498	81.386284	295.721558	65.902176	180.965836	6.042128	297.912811	0.652145	-0.159452	-0.167113	-0.000039	-0.000024	-0.169412	0.000035	-0.192133	-0.000002	0.000000	32.000000	1.180000	22.241765
-153.690201	80.039467	294.457031	66.077454	178.819992	6.042119	297.272491	0.489228	0.000007	-0.334219	-0.000039	-0.000024	-0.169412	0.000035	0.000002	-0.000002	0.000000	32.000000	1.180000	22.217354
-151.167755	81.386284	294.457031	65.551643	180.429367	6.042119	296.472046	0.652145	-0.159452	-0.334219	-0.000039	0.170349	-0.169412	0.000035	-0.192133	-0.000002	0.000000	32.000000	1.180000	22.186801
-151.167755	81.578690	293.011841	66.077454	180.250549	6.237026	295.831726	0.652145	0.000007	-0.167113	-0.000039	0.170349	-0.169412	0.000035	-0.192133	-0.000002	0.000000	32.000000	1.180000	22.154875
-181.977859	46.753838	280.908386	28.043480	126.783379	5.457409	281.424347	0.652145	0.000007	-0.334219	-0.179846	-0.000024	-0.169412	0.000035	-0.192133	-0.000002	0.000000	36.000000	1.180000	21.627311
-181.437317	43.482994	280.366455	30.847826	125.352829	6.042119	281.038910	0.489228	-0.159452	-0.334219	-0.000039	-0.000024	-0.169412	0.000035	-0.192133	-0.000002	0.000000	36.000000	1.180000	21.589263
-180.176086	44.829811	278.921265	28.744564	123.922256	5.847213	280.463867	0.489228	0.000007	-0.334219	-0.000039	-0.000024	-0.169412	0.000035	-0.192133	-0.000002	0.000000	36.000000	1.180000	21.574336
-181.076996	44.829811	280.005127	30.322014	125.889290	5.847221	279.983612	0.652145	-0.159452	-0.334219	-0.000039	0.170349	-0.169412	0.000035	-0.192133	-0.000002	0.000000	36.000000	1.180000	21.555462
-202.878265	8.658142	264.108093	-5.944118	70.455086	5.652307	264.135498	0.652145	0.000007	-0.334219	-0.000039	-0.000024	-0.169412	0.000035	-0.192133	-0.000002	0.000000	40.000000	1.180000	20.931008
-203.598999	9.620155	262.843536	-5.069984	70.455086	5.262494	263.593994	0.652145	-0.159452	-0.334219	-0.000039	-0.000024	-0.169412	0.000035	-0.192133	-0.000002	0.000000	40.000000	1.180000	20.924866
-205.580917	9.620155	263.566132	-6.468599	70.097450	5.457400	263.815338	0.652145	0.000007	-0.334219	-0.000039	-0.000024	-0.169412	0.000035	-0.192133	-0.000002	0.000000	40.000000	1.180000	20.925936
-205.040390	8.080935	263.566132	-5.244811	71.349190	5.262503	264.135498	0.652145	-0.159452	-0.167113	-0.000039	-0.000024	-0.169412	0.000035	-0.000008	-0.000002	0.000000	40.000000	1.180000	20.946784
-258.732849	-30.314939	284.521362	-49.825706	17.882019	5.652307	283.025177	0.489228	-0.159452	-0.334219	-0.000039	-0.000024	-0.169412	0.000035	-0.192133	-0.000002	0.000000	44.000000	1.180000	21.682331
-257.651794	-31.274275	283.979431	-47.552952	17.703199	5.457409	283.985657	0.652145	-0.159452	-0.167113	-0.179846	-0.000024	-0.169412	0.000035	-0.192133	-0.000002	0.000000	44.000000	1.180000	21.727443
-259.453583	-30.506807	286.147186	-48.252262	18.776117	5.847213	284.786072	0.652145	-0.159452	-0.334219	-0.000039	0.170349	-0.169412	0.000035	-0.192133	-0.000002	0.000000	44.000000	1.180000	21.743453
-258.732849	-29.931208	286.327850	-49.126400	18.954939	5.847213	285.426422	0.489228	-0.159452	-0.334219	-0.000039	-0.000024	-0.169412	0.000035	-0.192133	-0.000002	0.000000	44.000000	1.180000	21.768397
305.597534	-29.547474	-318.149628	-142.658859	-42.995186	6.237033	308.798370	0.489228	-0.159452	-0.334219	-0.000039	-0.000024	-0.169412	0.000035	0.000002	-0.000002	4.000000	-44.000000	1.180000	22.645437
304.695007	-32.425476	-318.510559	-141.959564	-43.887199	6.431931	309.206818	0.489228	-0.159452	-0.167113	-0.000039	0.170349	-0.169412	0.000035	-0.192133	-0.000002	4.000000	-44.000000	1.180000	22.653427
307.663727	-30.123074	-322.119751	-145.456085	-45.136021	6.431931	309.758881	0.652145	-0.159452	-0.334219	-0.000039	-0.000024	-0.169412	0.000035	-0.192133	-0.000002	4.000000	-44.000000	1.180000	22.674070
306.861084	-28.396273	-319.412872	-141.959564	-40.319138	6.626838	310.167053	0.489228	-0.159452	-0.334219	-0.000039	-0.000024	-0.169412	0.000035	-0.192133	-0.000002	4.000000	-44.000000	1.180000	22.682040
320.302490	14.237815	-298.840485	-103.672424	22.352520	6.821744	322.725525	0.652145	-0.159452	-0.334219	-0.000039	-0.000024	-0.169412	0.000035	-0.192133	-0.000002	4.000000	-40.000000	1.180000	23.139363
322.288574	13.275803	-298.118652	-99.476578	26.107737	6.626846	323.365845	0.652145	-0.159452	-0.334219	-0.000039	-0.000024	-0.169412	0.000035	-0.192133	-0.000002	4.000000	-40.000000	1.180000	23.169933
324.274658	14.815023	-302.810608	-107.168976	21.816057	7.016650	324.166290	0.489228	-0.159452	-0.334219	-0.000039	-0.000024	-0.169412	0.000035	-0.192133	-0.000002	4.000000	-40.000000	1.180000	23.184946
323.467682	13.468205	-301.366913	-102.623466	23.604258	6.626838	324.411041	0.489228	-0.159452	-0.334219	-0.000039	0.170349	-0.169412	0.000035	-0.192133	-0.000002	4.000000	-40.000000	1.180000	23.208130
336.644653	60.606815	-269.245178	-55.944653	92.628761	7.016650	337.292999	0.489228	-0.159452	-0.334219	-0.000039	0.170349	-0.169412	0.000035	-0.192133	-0.000002	4.000000	-36.000000	1.180000	23.659890
335.922638	59.837212	-267.981964	-54.546032	93.522865	7.016650	337.933319	0.489228	-0.159452	-0.167113	-0.000039	0.170349	-0.169412	0.000035	-0.192133	-0.000002	4.000000	-36.000000	1.180000	23.682814
335.649567	56.951168	-270.508392	-57.343269	91.913490	7.211564	338.573639	0.652145	-0.159452	-0.167113	-0.000039	-0.000024	-0.169412	0.000035	-0.000008	-0.000002	4.000000	-36.000000	1.180000	23.698747
340.524536	57.720779	-272.312988	-54.371208	92.807587	7.211556	339.053894	0.489228	0.000007	-0.334219	-0.000039	0.170349	-0.169412	0.000035	-0.192133	-0.000002	4.000000	-36.000000	1.180000	23.715916
314.705322	94.662056	-206.445358	-5.944118	144.486557	6.626838	317.529114	0.489228	-0.159452	-0.167113	-0.000039	-0.000024	-0.169412	0.000035	-0.192133	-0.000002	4.000000	-32.000000	1.180000	22.955457
312.719238	93.507645	-206.264908	-7.867217	143.413635	6.626846	316.322235	0.652145	-0.159452	-0.167113	-0.000039	-0.000024	-0.169412	0.000035	-0.192133	-0.000002	4.000000	-32.000000	1.180000	22.910858
313.359314	93.122841	-207.528122	-9.440660	140.552521	6.626838	315.361755	0.489228	-0.159452	-0.334219	-0.000039	-0.000024	-0.169412	0.000035	-0.192133	-0.000002	4.000000	-32.000000	1.180000	22.875304
312.276276	94.084854	-204.279846	-6.643427	142.877182	6.626838	314.401245	0.489228	-0.159452	-0.167113	-0.000039	-0.000024	-0.169412	0.000035	-0.192133	-0.000002	4.000000	-32.000000	1.180000	22.839692
292.316650	119.481979	-151.946671	31.373644	180.250549	6.042119	295.831726	0.489228	-0.159452	-0.334219	-0.000039	-0.000024	0.000016	0.000035	-0.192133	-0.000002	4.000000	-28.000000	1.180000	22.162329
291.879059	116.211136	-153.209885	30.847826	178.104706	5.652315	295.351501	0.489228	-0.159452	-0.334219	-0.000039	-0.000024	0.000016	0.000035	-0.000008	-0.000002	4.000000	-28.000000	1.180000	22.158871
289.247223	117.365562	-149.420242	31.548914	179.356461	5.847213	294.871246	0.815184	0.000007	-0.167113	-0.000039	-0.000024	-0.169412	0.000035	-0.000008	-0.000002	4.000000	-28.000000	1.180000	22.133036
290.872223	118.327560	-150.683456	30.322014	177.568253	5.847221	294.230927	0.652145	-0.159452	-0.167113	-0.000039	0.170349	-0.169412	0.000035	-0.192133	-0.000002	4.000000	-28.000000	1.180000	22.108504
270.289062	138.914627	-102.861763	57.839684	206.000626	5.847213	280.718781	0.489228	-0.159452	-0.334219	-0.000039	-0.000024	-0.169412	0.000035	-0.000008	-0.000002	4.000000	-24.000000	1.180000	21.584347
269.676727	138.529831	-101.779007	58.716042	206.715912	5.457409	280.303772	0.489228	-0.159452	-0.334219	-0.000039	-0.000024	-0.169412	0.000035	-0.000008	-0.000002	4.000000	-24.000000	1.180000	21.583357
269.927979	137.183014	-101.418091	61.345119	207.252365	5.457409	279.823517	0.652145	0.000007	-0.167113	-0.000039	-0.000024	-0.169412	0.000035	-0.192133	0.175672	4.000000	-24.000000	1.180000	21.564492
269.386322	138.337418	-103.764061	58.716042	206.000626	6.042119	279.278412	0.489228	-0.159452	-0.167113	-0.000039	0.170349	-0.169412	0.000035	-0.192133	-0.000002	4.000000	-24.000000	1.180000	21.520046
246.275406	150.073990	-58.829712	79.222839	222.630890	5.652307	264.775818	0.652145	-0.159452	-0.334219	-0.000039	-0.000024	-0.169412	0.000035	-0.000008	-0.000002	4.000000	-20.000000	1.180000	20.956917
245.192093	148.342346	-58.288330	79.222839	221.557983	5.652307	263.975403	0.652145	-0.159452	-0.167113	-0.000039	0.170349	-0.169412	0.000035	0.000002	-0.000002	4.000000	-20.000000	1.180000	20.924525
246.997650	150.073990	-60.634300	77.470123	221.021500	5.262503	263.335083	0.815184	-0.159452	-0.334219	-0.000039	0.170349	-0.169412	0.000035	-0.000008	-0.000002	4.000000	-20.000000	1.180000	20.914376
245.849884	149.111969	-58.107872	77.470123	219.233292	5.457400	262.694733	0.489228	-0.159452	-0.167113	-0.000039	0.170349	-0.169412	0.000035	-0.192133	-0.000002	4.000000	-20.000000	1.180000	20.880505
239.775497	163.926956	-25.083834	94.296211	243.910446	5.262503	269.578278	0.652145	-0.159452	-0.334219	-0.000039	-0.000024	-0.169412	0.000035	-0.000008	-0.000002	4.000000	-16.000000	1.180000	21.165841
240.434692	165.850983	-24.542456	94.646759	245.341019	5.457409	270.378693	0.489228	-0.159452	-0.334219	-0.000039	0.170349	-0.169412	0.000035	-0.192133	-0.000002	4.000000	-16.000000	1.180000	21.190072
241.039368	166.428192	-24.722916	93.419853	244.804565	5.652307	271.179077	0.652145	-0.159452	-0.167113	-0.000039	0.170349	-0.169412	0.000035	-0.192133	-0.000002	4.000000	-16.000000	1.180000	21.214273
241.219910	166.813004	-23.279242	95.347839	247.129227	5.652307	271.819427	0.652145	0.000007	-0.334219	-0.000039	-0.000024	-0.169412	0.000035	-0.192133	-0.000002	4.000000	-16.000000	1.180000	21.239838
239.414383	185.476044	15.174451	108.493233	275.740417	5.652315	289.268372	0.652145	-0.159452	-0.167113	-0.000039	0.170349	-0.169412	0.000035	-0.000008	-0.000002	4.000000	-12.000000	1.180000	21.924990
239.233826	184.898834	16.258341	108.317963	275.382782	6.042119	289.908691	0.652145	0.000007	-0.334219	-0.000039	-0.000024	-0.169412	0.000035	-0.192133	-0.000002	4.000000	-12.000000	1.180000	21.934671
241.761581	185.668442	14.271209	109.895401	276.276886	6.042119	290.481537	0.652302	0.000007	-0.334219	-0.000039	0.170349	-0.169412	0.000035	-0.192133	-0.000002	4.000000	-12.000000	1.180000	21.956792
240.615189	186.245651	16.619638	109.544853	276.992157	5.847221	291.189362	0.489228	-0.159452	-0.334219	-0.000039	0.170349	-0.169412	0.000035	-0.192133	-0.000002	4.000000	-12.000000	1.180000	21.991606
230.326324	199.521423	61.239815	112.875015	297.377625	6.237033	304.316101	0.489228	0.000007	-0.334219	-0.000039	-0.000024	-0.169412	0.000035	-0.192133	-0.000002	4.000000	-8.000000	1.180000	22.477072
229.965302	199.136612	62.685005	112.875015	297.914093	6.626838	304.885590	0.489228	-0.159452	-0.334219	-0.179846	-0.000024	-0.169412	0.000035	-0.192133	-0.000002	4.000000	-8.000000	1.180000	22.483846
232.372772	200.291031	61.059166	114.101921	298.271729	6.626838	305.525757	0.489228	-0.159452	-0.334219	-0.000039	0.170349	-0.169412	0.000035	-0.192133	-0.000002	4.000000	-8.000000	1.180000	22.507962
230.747818	199.713821	63.768894	114.452461	299.881104	6.237033	305.916931	0.652145	-0.159452	-0.334219	-0.000039	-0.000024	-0.169412	0.000035	-0.192133	-0.000002	4.000000	-8.000000	1.180000	22.537348
215.400711	211.642776	107.666489	111.297569	315.438446	6.626838	319.129578	0.652145	-0.159452	-0.334219	-0.000039	0.170349	-0.169412	0.000035	-0.192133	-0.000002	4.000000	-4.000000	1.180000	23.014467
214.136841	215.490829	108.750366	106.389961	318.120758	6.626838	319.844055	0.489228	-0.159452	-0.334219	-0.000039	-0.000024	-0.169412	0.000035	-0.192133	-0.000002	4.000000	-4.000000	1.180000	23.040761
216.845154	214.528809	107.666489	109.720131	317.047852	6.431931	320.324280	0.489228	-0.159452	-0.334219	-0.179846	0.170349	-0.169412	0.000035	-0.192133	-0.000002	4.000000	-4.000000	1.180000	23.065578
216.122940	212.989594	108.569725	109.895401	316.690186	6.821744	321.124725	0.652145	-0.159452	-0.334219	-0.000039	0.170349	-0.169412	0.000035	-0.192133	-0.000002	4.000000	-4.000000	1.180000	23.080661
192.109283	220.878098	156.802872	112.875015	330.995789	7.016659	333.771210	0.652145	-0.159452	-0.334219	-0.000039	0.170349	-0.169412	0.000035	-0.192133	-0.000002	4.000000	0.000000	1.180000	23.533407
192.600464	222.609726	155.718979	109.019043	333.678101	6.821752	334.091370	0.652145	-0.159452	-0.334219	-0.000039	-0.000024	-0.169412	0.000035	-0.192133	-0.000002	4.000000	0.000000	1.180000	23.551948
191.567627	221.070480	156.983521	110.771759	331.889893	6.821752	334.571594	0.652145	-0.159452	-0.334219	-0.000039	-0.000024	-0.169412	0.000035	-0.192133	-0.000002	4.000000	0.000000	1.180000	23.569222
192.831497	222.417328	157.886765	113.400841	334.572174	7.016650	335.051849	0.652145	-0.159452	-0.334219	-0.179846	-0.000024	-0.169412	0.000035	-0.192133	-0.000002	4.000000	0.000000	1.180000	23.579479
151.484665	213.951614	193.293869	111.648117	327.240570	6.821752	328.168335	0.652145	-0.159452	-0.334219	-0.000039	-0.000024	-0.169412	0.000035	-0.192133	-0.000002	4.000000	4.000000	1.180000	23.337850
151.123566	214.721222	191.848679	109.369583	325.631195	7.016650	327.047760	0.652145	-0.159452	-0.334219	-0.179846	-0.000024	-0.169412	0.000035	-0.192133	-0.000002	4.000000	4.000000	1.180000	23.290032
149.498581	213.566803	192.751923	110.245949	325.809998	6.821752	326.247345	0.652145	-0.159452	-0.334219	-0.000039	-0.000024	-0.169412	0.000035	-0.192133	-0.000002	4.000000	4.000000	1.180000	23.267989
150.401352	214.528809	191.668030	107.441597	324.379456	6.821752	324.806610	0.652145	-0.159452	-0.334219	-0.000039	-0.000024	-0.169412	0.000035	-0.192133	-0.000002	4.000000	4.000000	1.180000	23.215456
100.749046	198.367004	211.178070	108.843773	303.099854	6.431931	304.476166	0.652145	-0.159452	-0.334219	-0.000039	-0.000024	-0.169412	0.000035	-0.192133	-0.000002	4.000000	8.000000	1.180000	22.475758
98.221291	198.367004	211.178070	106.565239	302.384583	6.237026	303.675781	0.652145	-0.159452	-0.334219	-0.000039	-0.000024	-0.169412	0.000035	-0.192133	-0.000002	4.000000	8.000000	1.180000	22.452917
98.762955	197.982208	210.816772	107.091049	301.669312	6.042128	303.035431	0.652145	-0.159452	-0.334219	-0.000039	-0.000024	-0.169412	0.000035	-0.192133	-0.000002	4.000000	8.000000	1.180000	22.436098
100.568489	196.635391	208.649002	106.915779	299.702271	6.237026	302.235016	0.652145	-0.159452	-0.167113	-0.179846	-0.000024	-0.169412	0.000035	-0.192133	-0.000002	4.000000	8.000000	1.180000	22.398471
54.332474	181.435593	220.933090	107.266319	275.203949	6.042128	283.505402	0.489228	-0.159452	-0.334219	-0.000039	-0.000024	-0.169412	0.000035	-0.192133	-0.000002	4.000000	12.000000	1.180000	21.685865
51.818958	180.473572	222.558929	108.843773	275.740417	6.042119	282.639343	0.489228	0.000007	-0.334219	-0.000039	-0.000024	-0.169412	0.000035	-0.192133	-0.000002	4.000000	12.000000	1.180000	21.651994
52.541176	180.473572	221.655685	107.616867	275.203949	5.847221	282.064697	0.652145	-0.159452	-0.334219	-0.000039	-0.000024	-0.169412	0.000035	-0.192133	-0.000002	4.000000	12.000000	1.180000	21.637126
55.068928	180.665985	220.029861	106.389961	275.382782	6.042119	281.519043	0.489228	-0.159452	-0.334219	-0.000039	-0.000024	-0.169412	0.000035	-0.192133	-0.000002	4.000000	12.000000	1.180000	21.608101
13.176989	167.967407	229.604218	99.203827	254.818466	5.457400	268.137543	0.489228	0.000007	-0.334219	-0.000039	-0.000024	-0.169412	0.000035	-0.192133	-0.000002	4.000000	16.000000	1.180000	21.100251
11.013797	166.428192	229.242935	99.554367	252.672638	5.652307	267.755157	0.489228	0.000007	-0.334219	-0.000039	-0.000024	-0.169412	0.000035	-0.192133	-0.000002	4.000000	16.000000	1.180000	21.077052
12.458227	166.428192	227.978378	98.678009	252.493820	5.262503	267.177063	0.652145	-0.159452	-0.334219	-0.000039	0.170349	-0.169412	0.000035	-0.192133	-0.000002	4.000000	16.000000	1.180000	21.069480
11.736012	166.043396	228.159027	99.203827	253.030273	5.262494	266.634857	0.489228	-0.159452	-0.334219	-0.000039	-0.000024	-0.169412	0.000035	-0.192133	-0.000002	4.000000	16.000000	1.180000	21.047661
-25.945356	164.311752	252.185272	101.657623	248.202148	6.042119	277.517914	0.489228	-0.159452	-0.334219	-0.000039	-0.000024	-0.169412	0.000035	-0.192133	-0.000002	4.000000	20.000000	1.180000	21.450605
-27.574150	162.772552	252.907867	102.183441	247.665695	5.847221	278.542877	0.489228	-0.159452	-0.334219	-0.000039	0.170349	-0.169412	0.000035	-0.192133	-0.000002	4.000000	20.000000	1.180000	21.498744
-27.386766	165.081375	253.088501	100.956543	247.844513	6.042128	279.183197	0.652145	-0.159452	-0.334219	-0.000039	-0.000024	-0.169412	0.000035	-0.192133	-0.000002	4.000000	20.000000	1.180000	21.516296
-26.666061	165.850983	253.630463	100.605995	248.917419	6.042119	279.983612	0.652145	-0.159452	-0.334219	-0.000039	-0.000024	-0.169412	0.000035	-0.192133	-0.000002	4.000000	20.000000	1.180000	21.547799
-70.989380	158.924484	280.908386	90.790779	243.373993	6.431931	295.602997	0.489228	-0.159452	-0.334219	-0.000039	0.170349	-0.169412	0.000035	-0.192133	-0.000002	4.000000	24.000000	1.180000	22.138664
-68.106567	160.848526	279.824493	89.563873	243.552811	6.237026	296.311981	0.652145	0.000007	-0.334219	-0.000039	-0.000024	-0.169412	0.000035	-0.192133	-0.000002	4.000000	24.000000	1.180000	22.173237
-69.547974	160.271301	280.727722	90.089691	244.268112	6.042128	296.792236	0.652145	-0.159452	-0.334219	-0.000039	-0.000024	-0.169412	0.000035	-0.192133	-0.000002	4.000000	24.000000	1.180000	22.199027
-70.268677	160.271301	281.450317	89.563873	242.837524	6.237026	297.523529	0.489228	-0.159452	-0.334219	-0.000039	-0.000024	-0.169412	0.000035	-0.192133	-0.000002	4.000000	24.000000	1.180000	22.219494
-112.610046	150.266373	302.224915	66.603271	227.101364	6.042119	312.160126	0.652145	-0.159452	-0.334219	-0.000039	-0.000024	-0.169412	0.000035	-0.192133	-0.000002	4.000000	28.000000	1.180000	22.778149
-114.952339	148.727173	302.586212	64.850555	226.564911	6.237033	312.800446	0.652145	-0.159452	-0.334219	-0.000039	-0.000024	-0.169412	0.000035	-0.192133	-0.000002	4.000000	28.000000	1.180000	22.794715
-117.114449	146.610733	304.031403	66.953812	224.597900	6.237026	313.367981	0.489228	-0.159452	-0.334219	-0.179846	-0.000024	-0.169412	0.000035	-0.192133	-0.000002	4.000000	28.000000	1.180000	22.815804
-114.952339	148.149963	304.212036	68.531258	226.743729	6.431940	313.760925	0.815184	-0.159452	-0.334219	-0.000039	-0.000024	-0.169412	0.000035	-0.192133	-0.000002	4.000000	28.000000	1.180000	22.823159
-164.320602	127.755287	321.915588	32.775814	197.417267	6.821744	328.092102	0.489228	0.000007	-0.334219	-0.000039	-0.000024	-0.169412	0.000035	-0.192133	-0.000002	4.000000	32.000000	1.180000	23.335081
-166.662888	126.023674	323.722076	30.497282	194.734970	6.821744	328.648560	0.489228	-0.159452	-0.334219	-0.000039	-0.000024	-0.169412	0.000035	-0.192133	-0.000002	4.000000	32.000000	1.180000	23.355282
-169.545715	126.023674	326.070496	35.054348	197.417267	6.821744	329.128815	0.489228	-0.159452	-0.334219	-0.000039	-0.000024	-0.169412	0.000035	-0.192133	-0.000002	4.000000	32.000000	1.180000	23.372701
-166.843063	124.676849	325.347900	33.652176	196.880798	7.016650	329.609039	0.652145	-0.159452	-0.334219	-0.000039	-0.000024	-0.169412	0.000035	-0.192133	-0.000002	4.000000	32.000000	1.180000	23.383044
-219.994995	95.816475	337.270721	-10.139969	153.069916	7.211564	340.334564	0.652145	-0.159452	-0.334219	-0.000039	-0.000024	-0.169412	0.000035	-0.192133	-0.000002	4.000000	36.000000	1.180000	23.761634
-218.193253	98.702507	337.993317	-12.237892	153.248734	6.626846	340.654724	0.652145	-0.159452	-0.334219	-0.000039	-0.000024	-0.169412	0.000035	-0.192133	-0.000002	4.000000	36.000000	1.180000	23.793885
-220.355362	94.277252	338.173950	-8.216869	151.281723	7.016650	339.935425	0.489228	-0.159452	-0.334219	-0.000039	-0.000024	-0.169412	0.000035	-0.000008	-0.000002	4.000000	36.000000	1.180000	23.754349
-218.733765	96.393684	336.909424	-8.042042	152.175812	6.821752	339.213989	0.652145	-0.159452	-0.334219	-0.179846	-0.000024	-0.169412	0.000035	-0.192133	-0.000002	4.000000	36.000000	1.180000	23.735557
-243.237732	50.024681	311.979919	-51.224323	81.720749	7.016650	314.168182	0.489228	-0.159452	-0.334219	-0.000039	-0.000024	-0.169412	0.000035	-0.192133	-0.000002	4.000000	40.000000	1.180000	22.816568
-243.778244	51.371498	312.702515	-51.923630	84.581863	6.626846	313.280701	0.652145	-0.159452	-0.334219	-0.000039	-0.000024	-0.169412	0.000035	-0.192133	-0.000002	4.000000	40.000000	1.180000	22.798077
-242.697189	51.948704	312.883179	-51.923630	84.224228	6.431940	312.480286	0.652145	-0.159452	-0.334219	-0.000039	-0.000024	-0.169412	0.000035	-0.192133	-0.000002	4.000000	40.000000	1.180000	22.775557
-241.976486	50.794289	310.896027	-53.671898	83.151306	6.626838	311.679840	0.652145	-0.159452	-0.334219	-0.000039	-0.000024	-0.169412	0.000035	-0.192133	-0.000002	4.000000	40.000000	1.180000	22.738492
-263.597626	8.850546	292.650543	-93.532455	19.133757	6.042128	292.470001	0.489228	0.000007	-0.334219	-0.179846	-0.000024	-0.169412	0.000035	-0.192133	-0.000002	4.000000	44.000000	1.180000	22.033406
-261.795868	8.273338	290.482758	-90.910057	19.491398	6.042119	291.669617	0.489228	-0.159452	-0.334219	-0.000039	-0.000024	-0.169412	0.000035	-0.192133	-0.000002	4.000000	44.000000	1.180000	22.002600
-260.894958	11.159375	290.482758	-91.609375	21.994879	6.042128	290.869202	0.652145	-0.159452	-0.167113	-0.179846	-0.000024	-0.169412	0.000035	-0.192133	-0.000002	4.000000	44.000000	1.180000	21.971749
-258.732849	11.736583	289.037567	-94.231773	19.133757	5.652315	289.908691	0.652145	-0.159452	-0.334219	-0.000039	-0.000024	-0.169412	0.000035	-0.192133	-0.000002	4.000000	44.000000	1.180000	21.949726
263.720032	16.161840	-272.312988	-165.736023	-36.037457	5.457409	270.155853	0.489228	-0.159452	-0.334219	-0.000039	-0.000024	-0.169412	0.000035	-0.192133	-0.000002	8.000000	-44.000000	1.180000	21.181158
263.969696	16.161840	-271.771606	-162.763962	-34.253426	5.457409	269.898437	0.652145	0.000007	-0.167113	-0.000039	0.170349	-0.169412	0.000035	-0.192133	-0.000002	8.000000	-44.000000	1.180000	21.170856
264.330811	16.161840	-272.673889	-163.288437	-35.145443	5.847213	269.515686	0.489228	-0.159452	-0.167113	-0.000039	-0.000024	-0.169412	0.000035	-0.000008	-0.000002	8.000000	-44.000000	1.180000	21.139909
262.275970	15.584632	-269.967010	-165.211563	-36.929470	5.457400	268.875488	0.489228	-0.159452	-0.334219	-0.000039	0.170349	-0.169412	0.000035	-0.192133	-0.000002	8.000000	-44.000000	1.180000	21.129868
271.662323	51.371498	-248.311905	-126.399956	20.921959	5.847213	273.836853	0.489228	-0.159452	-0.167113	-0.000039	0.170349	-0.169412	0.000035	-0.000008	-0.000002	8.000000	-40.000000	1.180000	21.312432
270.830750	50.601887	-247.951004	-124.826492	21.458418	5.847213	274.700897	0.652145	-0.159452	-0.334219	-0.000039	-0.000024	-0.169412	0.000035	-0.192133	-0.000002	8.000000	-40.000000	1.180000	21.346762
271.372406	50.601887	-249.936035	-126.399956	20.743137	5.652315	275.661407	0.652145	0.000007	-0.334219	-0.000039	-0.000024	-0.169412	0.000035	-0.192133	-0.000002	8.000000	-40.000000	1.180000	21.392581
272.636292	50.794289	-250.116501	-125.001335	21.637238	5.847213	276.461823	0.652145	-0.159452	-0.334219	-0.179846	-0.000024	-0.169412	0.000035	-0.192133	-0.000002	8.000000	-40.000000	1.180000	21.416556
287.366364	89.659592	-228.280930	-84.441460	79.574913	6.237026	292.149841	0.652145	-0.159452	-0.334219	-0.179846	0.170349	-0.169412	0.000035	-0.192133	-0.000002	8.000000	-36.000000	1.180000	22.013586
290.691650	89.274788	-232.431488	-85.840073	78.680801	6.042128	292.790161	0.652145	-0.159452	-0.334219	-0.000039	-0.000024	-0.169412	0.000035	-0.192133	-0.000002	8.000000	-36.000000	1.180000	22.045717
288.629913	90.814011	-231.890121	-91.434532	75.819687	6.042128	293.430481	0.652302	0.000007	-0.334219	-0.000039	-0.000024	-0.169412	0.000035	-0.192133	-0.000002	8.000000	-36.000000	1.180000	22.070318
290.691650	88.889984	-232.070587	-87.763176	77.607895	6.626846	294.070862	0.652145	-0.159452	-0.334219	-0.000039	-0.000024	-0.169412	0.000035	-0.192133	-0.000002	8.000000	-36.000000	1.180000	22.072455
304.514496	128.717300	-203.738480	-46.329163	132.505615	6.237033	309.278656	0.489228	-0.159452	-0.167113	-0.000039	0.170349	-0.169412	0.000035	-0.192133	-0.000002	8.000000	-32.000000	1.180000	22.663404
305.677643	129.871719	-204.640778	-46.154339	133.399719	6.431931	309.758881	0.652302	-0.159452	-0.334219	-0.000039	0.170349	-0.169412	0.000035	-0.192133	-0.000002	8.000000	-32.000000	1.180000	22.674070
305.677643	128.332489	-203.918945	-44.056416	134.830276	6.626838	310.559296	0.652145	-0.159452	-0.334219	-0.000039	-0.000024	-0.169412	0.000035	-0.192133	-0.000002	8.000000	-32.000000	1.180000	22.696691
305.236511	130.064117	-204.640778	-47.378124	135.009094	6.821744	310.967316	0.652302	0.000007	-0.167113	-0.000039	-0.000024	-0.169412	0.000035	-0.192133	-0.000002	8.000000	-32.000000	1.180000	22.704646
316.691406	165.850983	-169.270767	-5.419637	189.191559	7.016650	325.286835	0.652145	0.000007	-0.334219	-0.000039	-0.000024	-0.169412	0.000035	-0.192133	-0.000002	8.000000	-28.000000	1.180000	23.225869
315.246979	166.813004	-166.744339	-1.923097	192.589127	6.821744	325.767090	0.652145	-0.159452	-0.334219	-0.000039	-0.000024	-0.169412	0.000035	-0.192133	-0.000002	8.000000	-28.000000	1.180000	23.250491
318.052490	167.390213	-168.909851	-3.671366	190.443283	6.626846	326.087250	0.652145	-0.159452	-0.334219	-0.179846	0.170349	-0.169412	0.000035	-0.192133	-0.000002	8.000000	-28.000000	1.180000	23.269256
316.330292	165.850983	-169.992599	-4.021021	190.264465	7.211556	326.887665	0.489228	-0.159452	-0.334219	-0.000039	-0.000024	-0.169412	0.000035	-0.192133	-0.000002	8.000000	-28.000000	1.180000	23.277112
322.926178	197.597397	-127.945602	32.951088	239.618790	7.211556	337.613159	0.652302	-0.159452	-0.334219	-0.000039	0.170349	-0.169412	0.000035	-0.192133	-0.000002	8.000000	-24.000000	1.180000	23.664377
320.663574	196.827789	-126.501923	34.353260	239.797607	7.016650	338.253479	0.652145	-0.159452	-0.334219	-0.000039	-0.000024	-0.169412	0.000035	-0.192133	-0.000002	8.000000	-24.000000	1.180000	23.694268
321.843109	195.480972	-127.765137	31.198372	236.757660	7.406462	338.573639	0.489228	-0.159452	-0.334219	-0.000039	-0.000024	-0.169412	0.000035	-0.192133	-0.000002	8.000000	-24.000000	1.180000	23.691777
323.552460	196.635391	-129.389282	32.250004	237.651764	7.016659	339.213989	0.652145	-0.159452	-0.334219	-0.000039	-0.000024	-0.169412	0.000035	-0.192133	-0.000002	8.000000	-24.000000	1.180000	23.728597
295.386078	207.409927	-73.807823	59.241859	254.997314	7.016650	319.043640	0.652145	-0.159452	-0.334219	-0.179846	-0.000024	-0.169412	0.000035	-0.192133	-0.000002	8.000000	-20.000000	1.180000	22.996941
292.677734	207.794724	-70.559563	58.716042	256.070221	6.821744	318.009277	0.489228	-0.159452	-0.334219	-0.179846	-0.000024	-0.169412	0.000035	-0.192133	-0.000002	8.000000	-20.000000	1.180000	22.965986
290.796021	207.217514	-69.115883	60.468758	258.037231	6.626838	317.048981	0.489228	-0.159452	-0.334219	-0.000039	-0.000024	-0.169412	0.000035	-0.192133	-0.000002	8.000000	-20.000000	1.180000	22.937725
292.420563	207.794724	-71.642319	58.014950	253.745560	6.821744	316.482330	0.489228	-0.159452	-0.334219	-0.000039	-0.000024	-0.169412	0.000035	-0.192133	-0.000002	8.000000	-20.000000	1.180000	22.909571
258.011414	207.409927	-21.655109	67.479630	260.004272	6.237033	295.831726	0.652145	-0.159452	-0.334219	-0.179846	0.170349	-0.169412	0.000035	-0.192133	-0.000002	8.000000	-16.000000	1.180000	22.154875
258.553101	206.255508	-20.752811	68.355988	257.321960	5.652315	295.191406	0.652145	-0.159452	-0.334219	-0.000039	-0.000024	-0.169412	0.000035	-0.192133	-0.000002	8.000000	-16.000000	1.180000	22.152748
257.402313	206.447906	-20.030975	68.531258	258.573700	6.237026	294.482666	0.489228	-0.159452	-0.334219	-0.000039	0.170349	-0.169412	0.000035	-0.192133	-0.000002	8.000000	-16.000000	1.180000	22.103211
256.319275	204.908691	-19.670057	69.582886	258.931335	6.237026	293.842468	0.489228	-0.159452	-0.334219	-0.000039	-0.000024	-0.169412	0.000035	-0.192133	-0.000002	8.000000	-16.000000	1.180000	22.078651
226.355164	203.369476	23.664930	73.789413	259.110138	5.652315	279.183197	0.815184	-0.159452	-0.334219	-0.000039	-0.000024	-0.169412	0.000035	-0.192133	-0.000002	8.000000	-12.000000	1.180000	21.531643
225.872849	203.369476	24.387524	72.562515	257.500763	5.847213	278.638214	0.489228	-0.159452	-0.334219	-0.179846	-0.000024	-0.169412	0.000035	-0.192133	-0.000002	8.000000	-12.000000	1.180000	21.502503
225.633163	203.177063	24.026226	72.737778	258.752502	6.042119	278.158081	0.489228	-0.159452	-0.334219	-0.000039	-0.000024	-0.169412	-0.185214	-0.192133	-0.175406	8.000000	-12.000000	1.180000	21.475882
224.608948	201.445450	23.845579	72.913055	258.037231	6.042119	277.517914	0.489228	-0.159452	-0.334219	-0.000039	-0.000024	-0.169412	0.000035	-0.192133	-0.000002	8.000000	-12.000000	1.180000	21.450605
196.210587	199.136612	61.962410	62.221478	253.924377	5.262503	265.416138	0.489228	-0.159452	-0.334219	-0.179846	-0.000024	-0.169412	0.000035	-0.192133	-0.000002	8.000000	-8.000000	1.180000	20.998532
197.474136	200.868240	60.336578	62.046207	254.282013	5.457409	264.935883	0.652145	-0.159452	-0.334219	-0.000039	-0.000024	-0.169412	0.000035	-0.192133	-0.000002	8.000000	-8.000000	1.180000	20.971267
194.947052	198.367004	61.601112	61.870934	254.282013	5.457400	264.234161	0.489228	0.000007	-0.334219	-0.000039	0.170349	-0.169412	0.000035	-0.192133	-0.000002	8.000000	-8.000000	1.180000	20.942891
195.720352	198.944214	60.878517	61.520386	251.420914	5.457400	264.135498	0.652145	-0.159452	-0.334219	-0.179846	-0.000024	-0.169412	0.000035	-0.192133	-0.000002	8.000000	-8.000000	1.180000	20.938898
185.199692	213.951614	100.801842	56.788048	273.236938	5.847213	279.438446	0.489228	-0.159452	-0.334219	-0.000039	-0.000024	-0.169412	0.000035	-0.192133	-0.000002	8.000000	-4.000000	1.180000	21.534019
185.019180	215.683212	103.150269	56.788048	274.309845	6.237026	280.398712	0.489228	-0.159452	-0.334219	-0.000039	-0.000024	-0.169412	0.000035	-0.192133	-0.000002	8.000000	-4.000000	1.180000	21.556457
183.803802	213.951614	103.511566	56.788048	275.740417	5.847221	280.944092	0.652145	-0.159452	-0.334219	-0.000039	-0.000024	-0.169412	0.000035	-0.192133	-0.000002	8.000000	-4.000000	1.180000	21.593190
187.546280	215.298431	101.524429	58.891308	276.455688	6.237033	281.904602	0.815184	-0.159452	-0.334219	-0.000039	-0.000024	-0.169412	0.000035	-0.192133	-0.000002	8.000000	-4.000000	1.180000	21.615577
173.647278	229.151413	141.086441	60.293484	294.695312	6.237026	298.483795	0.489228	-0.159452	-0.334219	-0.000039	-0.000024	-0.169412	0.000035	-0.192133	-0.000002	8.000000	0.000000	1.180000	22.256089
171.526138	230.690613	143.434875	57.839684	297.556458	5.847221	299.193451	0.652145	-0.159452	-0.334219	-0.000039	-0.000024	-0.169412	0.000035	-0.192133	-0.000002	8.000000	0.000000	1.180000	22.297914
171.526138	229.536209	143.073578	57.839684	294.874146	6.237026	299.833801	0.815184	-0.159452	-0.334219	-0.000039	-0.000024	-0.169412	0.000035	-0.192133	-0.000002	8.000000	0.000000	1.180000	22.307435
173.151123	231.460236	143.615540	60.819302	297.914093	6.237026	300.634216	0.652145	-0.159452	-0.334219	-0.000039	-0.000024	-0.169412	0.000035	-0.192133	-0.000002	8.000000	0.000000	1.180000	22.337822
150.181442	242.234787	185.706635	61.520386	313.471436	6.431940	315.842010	0.652145	0.000007	-0.334219	-0.000039	-0.000024	-0.169412	0.000035	-0.192133	-0.000002	8.000000	4.000000	1.180000	22.900302
149.498581	242.234787	186.248581	61.520386	315.259613	6.431931	316.322235	0.489228	-0.159452	-0.334219	-0.000039	-0.000024	-0.169412	0.000035	-0.192133	-0.000002	8.000000	4.000000	1.180000	22.918067
149.859680	242.427185	185.164688	60.468758	313.113800	6.431940	316.962585	0.652145	-0.159452	-0.334219	-0.000039	-0.000024	-0.169412	0.000035	-0.192133	-0.000002	8.000000	4.000000	1.180000	22.941733
149.318024	242.234787	187.693756	63.097836	314.901978	6.626838	317.602905	0.652145	-0.159452	-0.334219	-0.179846	-0.000024	-0.169412	0.000035	-0.192133	-0.000002	8.000000	4.000000	1.180000	22.958181
118.623878	248.584061	224.726715	70.283974	321.875977	6.821752	329.128815	0.652145	-0.159452	-0.334219	-0.000039	-0.000024	-0.169412	0.000035	-0.192133	-0.000002	8.000000	8.000000	1.180000	23.372701
121.151627	249.353683	224.546051	69.407616	323.127716	6.821744	329.609039	0.652145	-0.159452	-0.334219	-0.179846	-0.000024	-0.169412	-0.185214	-0.000008	-0.000002	8.000000	8.000000	1.180000	23.390107
121.693283	249.353683	224.726715	70.809799	323.842987	7.016659	329.929230	0.652145	-0.159452	-0.334219	-0.000039	-0.000024	-0.169412	0.000035	-0.192133	-0.000002	8.000000	8.000000	1.180000	23.394645
119.134315	251.854904	226.894470	70.634521	323.306519	6.626846	330.409485	0.652145	-0.159452	-0.334219	-0.000039	-0.000024	-0.169412	0.000035	-0.192133	-0.000002	8.000000	8.000000	1.180000	23.426143
75.471512	250.508087	259.953156	85.006813	323.485352	7.016659	336.812775	0.815184	-0.159452	-0.334219	-0.000039	-0.000024	-0.169412	0.000035	-0.192133	-0.000002	8.000000	12.000000	1.180000	23.642683
75.812752	248.776459	259.230560	85.182076	322.948883	6.821752	335.532104	0.652145	-0.159452	-0.334219	-0.000039	-0.000024	-0.169412	0.000035	-0.192133	-0.000002	8.000000	12.000000	1.180000	23.603733
74.568741	248.391647	256.701477	83.254089	318.836029	7.016659	334.411530	0.652145	-0.159452	-0.334219	-0.000039	-0.000024	-0.169412	0.000035	-0.192133	-0.000002	8.000000	12.000000	1.180000	23.556455
76.193726	245.890427	255.256302	84.656258	318.478394	7.016659	332.970764	0.652145	-0.159452	-0.334219	-0.000039	-0.000024	-0.169412	0.000035	-0.192133	-0.000002	8.000000	12.000000	1.180000	23.504565
25.277548	222.224915	261.037048	81.326103	287.006073	6.626846	310.239136	0.815184	-0.159452	-0.334219	-0.000039	-0.000024	-0.169412	0.000035	-0.000008	-0.000002	8.000000	16.000000	1.180000	22.684733
26.902533	224.341339	259.411224	78.697021	284.860229	6.431940	308.958466	0.652145	-0.159452	-0.334219	-0.000039	0.170349	-0.169412	0.000035	-0.192133	-0.000002	8.000000	16.000000	1.180000	22.644134
27.798014	221.647705	256.340210	78.346481	283.250854	6.237033	307.997986	0.489228	-0.159452	-0.334219	-0.000039	-0.000024	-0.169412	0.000035	-0.192133	-0.000002	8.000000	16.000000	1.180000	22.615465
28.346964	222.417328	257.604736	78.521751	284.323792	6.431931	306.806122	0.652145	-0.159452	-0.334219	-0.000039	-0.000024	-0.169412	0.000035	-0.192133	-0.000002	8.000000	16.000000	1.180000	22.563439
-15.314969	199.136612	257.243439	68.531258	251.778549	5.847221	289.108276	0.652145	-0.159452	-0.334219	-0.179846	-0.000024	-0.169412	0.000035	-0.192133	-0.000002	8.000000	20.000000	1.180000	21.911264
-13.873560	197.982208	256.882141	69.407616	252.672638	5.847221	288.307892	0.652145	-0.318905	-0.334219	-0.000039	-0.000024	-0.169412	0.000035	-0.192133	-0.000002	8.000000	20.000000	1.180000	21.880285
-14.954615	196.635391	256.882141	70.634521	253.209106	5.847221	287.920837	0.489228	-0.159452	-0.334219	-0.179846	-0.000024	-0.169412	0.000035	-0.192133	-0.000002	8.000000	20.000000	1.180000	21.865289
-14.594264	197.212585	256.340210	69.758163	252.493820	5.847221	287.347382	0.652145	-0.159452	-0.334219	-0.179846	-0.000024	-0.169412	0.000035	-0.192133	-0.000002	8.000000	20.000000	1.180000	21.843052
-54.773533	173.162277	253.991776	52.756798	219.412109	5.652315	274.220642	0.652145	0.000007	-0.334219	-0.000039	0.170349	-0.169412	0.000035	-0.192133	-0.000002	8.000000	24.000000	1.180000	21.335430
-54.413185	171.430664	253.088501	55.035332	218.696838	5.847213	273.580322	0.815184	-0.159452	-0.334219	-0.000039	0.170349	-0.169412	0.000035	-0.192133	-0.000002	8.000000	24.000000	1.180000	21.302229
-53.332123	172.585068	253.088501	53.282616	218.518005	5.457400	273.100098	0.652145	-0.159452	-0.334219	-0.000039	-0.000024	-0.169412	0.000035	-0.192133	-0.000002	8.000000	24.000000	1.180000	21.298631
-54.593357	173.354691	253.991776	53.107342	217.981552	5.652307	272.396484	0.815184	-0.159452	-0.167113	-0.000039	0.170349	-0.169412	0.000035	-0.192133	-0.000002	8.000000	24.000000	1.180000	21.262849
-90.988922	152.382812	256.520844	26.466034	189.728012	5.847213	266.474792	0.489228	-0.159452	-0.334219	-0.000039	-0.000024	-0.169412	0.000035	-0.192133	-0.000002	8.000000	28.000000	1.180000	21.017652
-90.808762	151.998001	255.978897	25.764946	189.012726	5.652315	267.177063	0.652145	-0.159452	-0.334219	-0.179846	-0.000024	-0.169412	0.000035	-0.192133	-0.000002	8.000000	28.000000	1.180000	21.053795
-89.727692	151.998001	256.520844	27.517662	189.728012	5.067596	268.137543	0.652145	-0.159452	-0.334219	-0.000039	-0.000024	-0.169412	0.000035	-0.192133	-0.000002	8.000000	28.000000	1.180000	21.115901
-93.511398	151.613190	259.411224	27.868206	191.516220	5.652315	268.937927	0.652145	-0.159452	-0.334219	-0.000039	-0.000024	-0.169412	0.000035	-0.192133	-0.000002	8.000000	28.000000	1.180000	21.124555
-138.195068	140.838654	280.005127	-5.244811	169.521347	6.237026	287.027222	0.652145	-0.159452	-0.334219	-0.000039	-0.000024	-0.169412	0.000035	-0.192133	-0.000002	8.000000	32.000000	1.180000	21.815489
-136.753647	141.993073	280.727722	-7.517560	170.236633	6.237033	287.827637	0.652145	0.000007	-0.334219	-0.000039	-0.000024	-0.169412	0.000035	-0.192133	-0.000002	8.000000	32.000000	1.180000	21.846561
-138.735611	142.185471	281.269684	-8.391698	168.984894	5.652315	288.628052	0.815184	-0.159452	-0.334219	-0.000039	-0.000024	-0.169412	0.000035	-0.192133	-0.000002	8.000000	32.000000	1.180000	21.900226
-141.618408	142.377884	283.798767	-9.091006	170.236633	6.042128	289.428436	0.815184	-0.159452	-0.334219	-0.000039	-0.000024	-0.169412	0.000035	-0.000008	-0.000002	8.000000	32.000000	1.180000	21.916108
-191.347031	120.059196	300.237793	-51.224323	133.399719	6.431940	305.916931	0.652145	-0.159452	-0.334219	-0.000039	-0.000024	-0.169412	0.000035	-0.192133	-0.000002	8.000000	36.000000	1.180000	22.530017
-192.428085	120.828796	302.586212	-52.448109	134.293823	6.431940	306.557251	0.489228	-0.159452	-0.334219	-0.179846	-0.000024	-0.169412	0.000035	-0.192133	-0.000002	8.000000	36.000000	1.180000	22.554090
-193.148773	121.213608	302.224915	-52.622936	134.115005	6.237033	307.126221	0.652302	-0.159452	-0.334219	-0.179846	-0.000024	-0.169412	0.000035	-0.192133	-0.000002	8.000000	36.000000	1.180000	22.582774
-193.148773	123.137627	302.405548	-52.098454	135.366730	6.431940	307.677826	0.652145	-0.159452	-0.334219	-0.000039	-0.000024	-0.169412	0.000035	-0.192133	-0.000002	8.000000	36.000000	1.180000	22.596155
-242.877365	93.507645	316.676788	-106.294838	83.866592	6.431940	320.644440	0.815184	-0.159452	-0.334219	-0.000039	-0.000024	-0.169412	0.000035	-0.192133	-0.000002	8.000000	40.000000	1.180000	23.077338
-246.300705	94.084854	318.483276	-103.497604	83.866592	6.626838	320.964630	0.815184	-0.159452	-0.334219	-0.000039	-0.000024	-0.169412	0.000035	-0.192133	-0.000002	8.000000	40.000000	1.180000	23.081939
-245.039474	94.277252	320.470398	-102.623466	87.979446	6.431931	321.370209	0.652302	-0.159452	-0.334219	-0.179846	-0.000024	-0.169412	0.000035	-0.192133	-0.000002	8.000000	40.000000	1.180000	23.103975
-246.480896	92.160828	317.941345	-97.903145	84.760689	6.821744	321.925140	0.815184	-0.159452	-0.334219	-0.179846	-0.000024	-0.169412	0.000035	-0.192133	-0.000002	8.000000	40.000000	1.180000	23.110031
-292.245636	57.143574	328.960876	-157.344330	23.961899	6.821744	332.573364	0.652302	-0.159452	-0.334219	-0.000039	-0.000024	-0.169412	0.000035	-0.192133	-0.000002	8.000000	44.000000	1.180000	23.497263
-293.867218	55.411953	329.502838	-158.043640	21.100777	6.821744	333.053497	0.489228	-0.159452	-0.334219	-0.179846	0.170349	-0.169412	0.000035	-0.192133	-0.175406	8.000000	44.000000	1.180000	23.514574
-293.687042	59.452396	328.960876	-158.917786	23.783077	6.626846	333.611115	0.652145	-0.159452	-0.334219	-0.000039	-0.000024	-0.169412	0.000035	-0.192133	-0.000002	8.000000	44.000000	1.180000	23.541678
-298.011261	55.796757	329.502838	-158.917786	21.100777	6.626846	334.251434	0.652145	-0.159452	-0.334219	-0.000039	-0.000024	-0.169412	0.000035	-0.192133	-0.000002	8.000000	44.000000	1.180000	23.564717
302.788757	60.606815	-323.924316	-241.261292	-41.567963	6.431931	317.529114	0.652302	-0.159452	-0.334219	-0.000039	-0.000024	-0.169412	0.000035	-0.192133	-0.000002	12.000000	-44.000000	1.180000	22.962651
300.904358	57.913185	-322.480652	-244.408188	-44.065609	6.042119	316.568878	0.489228	-0.159452	-0.167113	-0.000039	-0.000024	-0.169412	0.000035	-0.192133	-0.000002	12.000000	-44.000000	1.180000	22.941590
300.543365	59.837212	-319.412872	-238.638901	-40.140732	6.431931	315.521851	0.489228	-0.159452	-0.334219	-0.179846	-0.000024	-0.169412	0.000035	-0.192133	-0.000002	12.000000	-44.000000	1.180000	22.888451
299.538788	60.029610	-321.217438	-242.485077	-42.459976	5.847221	314.721405	0.815184	-0.159452	-0.334219	-0.179846	-0.000024	-0.169412	0.000035	-0.192133	-0.000002	12.000000	-44.000000	1.180000	22.880462
284.913940	91.198814	-268.162445	-180.596313	21.816057	5.847221	295.191406	0.815184	-0.159452	-0.334219	-0.000039	-0.000024	-0.169412	0.000035	-0.192133	-0.000002	12.000000	-40.000000	1.180000	22.145290
281.663971	91.583618	-265.275085	-180.771164	20.743137	5.847221	294.551086	0.652145	-0.159452	-0.334219	-0.000039	-0.000024	-0.169412	0.000035	-0.192133	-0.000002	12.000000	-40.000000	1.180000	22.120772
279.316772	91.006409	-263.470490	-180.246674	21.994879	5.847221	293.590576	0.652145	-0.159452	-0.334219	-0.179846	-0.000024	-0.169412	-0.185214	-0.192133	-0.000002	12.000000	-40.000000	1.180000	22.083944
282.205658	90.044395	-264.733704	-175.526337	22.352520	5.847221	292.950256	0.815184	-0.159452	-0.334219	-0.000039	-0.000024	-0.169412	0.000035	-0.192133	-0.000002	12.000000	-40.000000	1.180000	22.059359
269.025208	117.173149	-218.355682	-124.476845	71.349190	5.847221	278.863037	0.652145	-0.159452	-0.334219	-0.179846	-0.000024	-0.169412	0.000035	-0.192133	-0.000002	12.000000	-36.000000	1.180000	21.511361
269.205750	115.249130	-218.536148	-121.504784	70.991547	6.431931	278.318115	0.815184	-0.159452	-0.334219	-0.179846	-0.000024	-0.169412	0.000035	-0.192133	-0.000002	12.000000	-36.000000	1.180000	21.466812
269.025208	117.365562	-219.618896	-126.749603	69.918633	5.457409	277.742462	0.652145	-0.159452	-0.334219	-0.000039	-0.000024	-0.169412	0.000035	-0.192133	-0.000002	12.000000	-36.000000	1.180000	21.482554
265.525085	117.365562	-216.190155	-126.399956	71.170372	6.237026	277.262207	0.489228	-0.159452	-0.334219	-0.000039	-0.000024	-0.169412	0.000035	-0.192133	-0.000002	12.000000	-36.000000	1.180000	21.432795
254.400345	138.914627	-170.894897	-78.672165	111.226036	5.652315	265.576202	0.815184	-0.159452	-0.334219	-0.179846	-0.000024	-0.169412	0.000035	-0.192133	-0.000002	12.000000	-32.000000	1.180000	20.989258
254.694687	139.684235	-170.714432	-79.546295	111.404861	5.847213	266.314758	0.652302	-0.159452	-0.334219	-0.000039	-0.000024	-0.169412	0.000035	-0.192133	-0.000002	12.000000	-32.000000	1.180000	21.011198
255.122559	140.261444	-171.797195	-79.196648	112.298965	5.457409	267.016968	0.652145	-0.159452	-0.334219	-0.000039	-0.000024	-0.169412	0.000035	-0.192133	-0.175406	12.000000	-32.000000	1.180000	21.055197
255.844788	141.993073	-171.797195	-79.721130	113.193069	5.652315	267.977448	0.815184	-0.159452	-0.334219	-0.179846	-0.000024	-0.169412	0.000035	-0.192133	-0.000002	12.000000	-32.000000	1.180000	21.085988
271.914062	174.509094	-143.826004	-42.482967	160.759186	5.847221	286.867126	0.652145	-0.159452	-0.167113	-0.179846	-0.000024	-0.169412	0.000035	-0.192133	-0.000002	12.000000	-28.000000	1.180000	21.824411
272.816833	176.817932	-144.547852	-42.832623	162.368546	5.652315	287.507477	0.815184	-0.159452	-0.167113	-0.000039	-0.000024	-0.169412	0.000035	-0.192133	-0.000002	12.000000	-28.000000	1.180000	21.856821
276.174988	174.316696	-146.713364	-39.161255	161.832092	6.237026	288.240936	0.489228	-0.159452	-0.334219	-0.000039	-0.000024	-0.169412	0.000035	-0.192133	-0.000002	12.000000	-28.000000	1.180000	21.862587
274.622375	176.048325	-147.074280	-42.308140	162.189728	5.847221	288.948212	0.815184	-0.159452	-0.334219	-0.179846	-0.000024	-0.169412	0.000035	-0.192133	-0.000002	12.000000	-28.000000	1.180000	21.905072
285.094482	204.523880	-111.704269	-15.035125	206.715912	6.042128	305.436646	0.652145	-0.159452	-0.334219	-0.000039	-0.000024	-0.169412	0.000035	-0.192133	-0.000002	12.000000	-24.000000	1.180000	22.526614
285.741821	203.177063	-112.606567	-11.713411	207.431198	6.431940	306.076996	0.815184	-0.159452	-0.334219	-0.000039	-0.000024	-0.169412	0.000035	-0.192133	-0.000002	12.000000	-24.000000	1.180000	22.536037
285.636169	202.984665	-114.230698	-15.909259	205.285355	6.042128	306.877411	0.652145	-0.159452	-0.334219	-0.179846	-0.000024	-0.169412	0.000035	-0.192133	-0.000002	12.000000	-24.000000	1.180000	22.580751
286.900024	204.331482	-113.689316	-12.587544	208.146469	6.042128	307.517731	0.815184	-0.159452	-0.334219	-0.179846	-0.000024	-0.169412	0.000035	-0.192133	-0.000002	12.000000	-24.000000	1.180000	22.604770
289.247223	233.961472	-64.063026	13.320649	246.235107	6.626838	320.324280	0.652145	-0.159452	-0.334219	-0.179846	-0.000024	-0.169412	-0.185214	-0.192133	-0.000002	12.000000	-20.000000	1.180000	23.058417
287.983368	233.576660	-62.077976	16.124996	249.453873	6.626838	320.964630	0.815184	-0.159452	-0.334219	-0.179846	-0.000024	-0.169412	0.000035	-0.192133	-0.000002	12.000000	-20.000000	1.180000	23.081939
290.073975	233.384247	-63.521648	17.702442	249.453873	6.237033	321.284790	0.652145	-0.159452	-0.334219	-0.179846	-0.000024	-0.169412	-0.185214	-0.192133	-0.000002	12.000000	-20.000000	1.180000	23.107991
289.893463	234.731064	-62.077976	16.826084	249.990341	6.042128	321.925140	0.652302	-0.159452	-0.334219	-0.000039	-0.000024	-0.169412	-0.185214	-0.192133	-0.000002	12.000000	-20.000000	1.180000	23.138603
284.297760	257.242187	-11.368932	32.074730	282.356750	6.821752	334.251434	0.652145	-0.159452	-0.334219	-0.000039	-0.000024	-0.169412	0.000035	-0.192133	-0.000002	12.000000	-16.000000	1.180000	23.557707
284.552856	259.550995	-10.286176	31.548914	284.323792	7.211556	335.134064	0.489228	-0.159452	-0.334219	-0.000039	-0.000024	-0.169412	0.000035	-0.192133	-0.000002	12.000000	-16.000000	1.180000	23.575429
285.636169	259.550995	-11.008014	32.775814	285.396698	7.016659	335.692169	0.652145	-0.159452	-0.334219	-0.000039	-0.000024	-0.169412	0.000035	-0.192133	-0.000002	12.000000	-16.000000	1.180000	23.602481
286.824860	259.550995	-11.910309	31.373644	282.893219	7.211556	335.934296	0.652302	-0.159452	-0.334219	-0.179846	-0.000024	-0.169412	0.000035	-0.192133	-0.000002	12.000000	-16.000000	1.180000	23.604178
256.680267	260.705414	35.949028	34.177990	290.403656	6.821744	323.930939	0.489228	0.000007	-0.334219	-0.000039	-0.000024	-0.169412	0.000035	-0.192133	-0.000002	12.000000	-12.000000	1.180000	23.183468
255.055725	258.973785	37.213566	36.281250	290.046021	6.821744	322.650574	0.489228	-0.159452	-0.334219	-0.000039	-0.000024	-0.169412	-0.185214	-0.192133	-0.000002	12.000000	-12.000000	1.180000	23.136618
255.597244	258.396606	37.032917	36.807068	287.900177	6.821744	321.604980	0.489228	-0.159452	-0.334219	-0.000039	-0.000024	-0.169412	0.000035	-0.192133	-0.000002	12.000000	-12.000000	1.180000	23.098288
251.511475	256.472565	37.936161	35.404892	288.615448	6.821752	320.324280	0.652145	-0.159452	-0.334219	-0.000039	-0.000024	-0.169412	0.000035	-0.192133	-0.000002	12.000000	-12.000000	1.180000	23.051252
216.303497	247.622055	75.872345	22.084238	277.349792	6.237033	299.353546	0.815184	-0.159452	-0.334219	-0.000039	-0.000024	-0.169412	0.000035	-0.192133	-0.000002	12.000000	-8.000000	1.180000	22.289182
215.761841	248.584061	76.594940	22.259508	278.959167	6.237026	298.483795	0.652302	-0.159452	-0.334219	-0.000039	0.170349	-0.169412	0.000035	-0.192133	-0.000002	12.000000	-8.000000	1.180000	22.256089
212.275681	246.082825	77.498184	23.135870	278.243896	6.237026	297.523529	0.652302	-0.159452	-0.334219	-0.000039	-0.000024	-0.169412	0.000035	-0.192133	-0.000002	12.000000	-8.000000	1.180000	22.219494
213.775742	244.351196	75.330399	24.538042	276.276886	6.042128	297.112396	0.815184	-0.159452	-0.334219	-0.000039	-0.000024	-0.169412	0.000035	-0.192133	-0.000002	12.000000	-8.000000	1.180000	22.211246
181.228561	237.809509	108.569725	17.351900	269.481720	6.042119	282.479279	0.652302	-0.159452	-0.334219	-0.000039	-0.000024	-0.169412	0.000035	-0.192133	-0.000002	12.000000	-4.000000	1.180000	21.645729
181.637146	237.232315	106.943893	16.124996	270.554626	5.652315	281.904602	0.652145	-0.159452	-0.334219	-0.000039	-0.000024	-0.169412	0.000035	-0.192133	-0.000002	12.000000	-4.000000	1.180000	21.638489
180.553833	238.386734	107.847130	17.176628	270.554626	5.847221	281.264252	0.815184	-0.159452	-0.334219	-0.179846	-0.000024	-0.169412	0.000035	-0.192133	-0.000002	12.000000	-4.000000	1.180000	21.605752
178.701462	236.270294	107.305191	16.300268	268.766449	5.652315	280.784027	0.652145	-0.159452	-0.334219	-0.000039	-0.000024	-0.169412	0.000035	-0.192133	-0.000002	12.000000	-4.000000	1.180000	21.594558
148.415253	224.533737	126.995872	16.124996	258.216064	5.652307	265.416138	0.652145	-0.159452	-0.334219	-0.000039	-0.000024	-0.169412	0.000035	-0.192133	-0.000002	12.000000	0.000000	1.180000	20.982795
146.248596	223.571732	127.176514	16.650812	257.679596	5.652307	264.714294	0.489228	-0.159452	-0.334219	-0.000039	-0.000024	-0.169412	0.000035	-0.192133	-0.000002	12.000000	0.000000	1.180000	20.954429
147.331924	223.956543	125.911980	13.671191	256.606689	5.652315	264.135498	0.815184	-0.159452	-0.334219	-0.000039	-0.000024	-0.169412	0.000035	-0.192133	-0.000002	12.000000	0.000000	1.180000	20.931008
146.970825	224.148926	127.176514	15.599181	258.394867	5.457409	264.135498	0.652145	-0.159452	-0.334219	-0.000039	-0.000024	-0.169412	0.000035	-0.192133	-0.000002	12.000000	0.000000	1.180000	20.938898
133.248734	237.039917	159.693253	17.176628	273.594574	5.847213	281.839111	0.652302	-0.159452	-0.334219	-0.000039	-0.000024	-0.169412	0.000035	-0.192133	-0.000002	12.000000	4.000000	1.180000	21.628289
134.332062	237.617111	161.138428	18.929344	275.203949	5.457409	282.865082	0.652145	-0.159452	-0.334219	-0.000039	0.170349	-0.169412	0.000035	-0.192133	-0.000002	12.000000	4.000000	1.180000	21.683692
133.609848	240.887955	161.499725	15.073366	275.561615	5.652307	283.439575	0.652145	-0.159452	-0.334219	-0.000039	-0.000024	-0.169412	0.000035	-0.192133	-0.000002	12.000000	4.000000	1.180000	21.698522
134.657867	241.849960	162.041687	15.248637	278.422699	5.847213	284.239807	0.652302	-0.159452	-0.334219	-0.000039	-0.000024	-0.169412	0.000035	-0.192133	-0.000002	12.000000	4.000000	1.180000	21.722152
113.929474	252.624512	202.145645	20.156248	290.403656	6.237033	301.434601	0.815184	-0.159452	-0.334219	-0.000039	-0.000024	0.000016	0.000035	-0.192133	-0.000002	12.000000	8.000000	1.180000	22.368166
114.441147	254.740921	201.964996	18.403530	290.761292	6.237033	302.235016	0.652145	-0.159452	-0.334219	-0.000039	-0.000024	-0.169412	-0.185214	-0.192133	-0.000002	12.000000	8.000000	1.180000	22.398471
114.080132	252.624512	201.964996	22.084238	292.013031	6.237026	302.715271	0.489228	-0.159452	-0.334219	-0.179846	-0.000024	-0.169412	0.000035	-0.192133	-0.000002	12.000000	8.000000	1.180000	22.416634
115.554459	254.548538	202.145645	19.455162	291.834229	6.237033	303.355621	0.652145	-0.159452	-0.334219	-0.000039	-0.000024	-0.169412	0.000035	-0.192133	-0.000002	12.000000	8.000000	1.180000	22.440830
82.671997	261.282623	237.372101	31.899456	296.483551	6.431940	317.282745	0.652302	-0.159452	-0.334219	-0.000039	-0.000024	-0.169412	0.000035	-0.192133	-0.000002	12.000000	12.000000	1.180000	22.953557
81.971451	261.282623	237.010818	30.847826	295.768280	6.626838	317.762970	0.652145	-0.159452	-0.334219	-0.000039	-0.000024	-0.169412	0.000035	-0.192133	-0.000002	12.000000	12.000000	1.180000	22.964089
82.693665	261.859833	237.372101	29.971468	298.092926	6.821744	318.169312	0.489228	-0.159452	-0.334219	-0.000039	-0.000024	-0.169412	0.000035	-0.192133	-0.000002	12.000000	12.000000	1.180000	22.971890
84.138092	262.052246	238.094696	31.198372	299.702271	6.431931	318.809479	0.489228	-0.159452	-0.334219	-0.000039	-0.000024	-0.169412	0.000035	-0.192133	-0.000002	12.000000	12.000000	1.180000	23.009855
41.166283	263.783875	270.069458	43.292122	297.198822	7.016650	331.132935	0.489228	-0.159452	-0.334219	-0.000039	-0.000024	-0.169412	0.000035	-0.192133	-0.000002	12.000000	16.000000	1.180000	23.438208
40.263515	263.976257	270.069458	41.539406	298.450562	6.821752	331.850220	0.652145	-0.159452	-0.334219	-0.000039	-0.000024	-0.169412	0.000035	-0.192133	-0.000002	12.000000	16.000000	1.180000	23.471168
37.374653	262.052246	272.598572	45.745930	298.092926	7.016650	332.413300	0.815184	-0.159452	-0.334219	-0.179846	-0.000024	-0.169412	0.000035	-0.192133	-0.000002	12.000000	16.000000	1.180000	23.484457
41.166283	264.168640	270.972717	43.642670	297.556458	6.821752	332.810699	0.652145	-0.159452	-0.334219	-0.000039	0.170349	-0.169412	0.000035	-0.192133	-0.000002	12.000000	16.000000	1.180000	23.505822
-7.567396	250.508087	287.231079	35.054348	282.893219	7.016650	330.332733	0.489228	-0.159452	-0.334219	-0.000039	0.170349	-0.169412	0.000035	-0.192133	-0.000002	12.000000	20.000000	1.180000	23.409258
-7.567396	248.776459	285.243958	36.807068	278.959167	6.821752	329.769135	0.815184	-0.159452	-0.334219	-0.000039	0.170349	-0.169412	0.000035	-0.192133	-0.000002	12.000000	20.000000	1.180000	23.395907
-5.765635	246.275238	283.076172	38.209244	276.455688	6.821744	328.732269	0.652302	-0.159452	-0.334219	-0.000039	-0.000024	-0.169412	0.000035	-0.192133	-0.000002	12.000000	20.000000	1.180000	23.358319
-6.486339	248.199249	283.256836	34.879078	277.528625	6.821752	328.008240	0.652145	-0.159452	-0.334219	-0.000039	-0.000024	-0.169412	0.000035	-0.192133	-0.000002	12.000000	20.000000	1.180000	23.332036
-54.052830	215.683212	275.669586	18.754074	235.327087	6.237026	304.085358	0.489228	-0.159452	-0.334219	-0.000039	-0.000024	-0.169412	0.000035	-0.192133	-0.000002	12.000000	24.000000	1.180000	22.468371
-50.809658	214.336411	273.321167	19.104618	236.221207	6.237033	303.515686	0.652145	-0.159452	-0.334219	-0.000039	-0.000024	-0.169412	0.000035	-0.192133	-0.000002	12.000000	24.000000	1.180000	22.446873
-50.462502	214.336411	273.682434	19.279888	236.578842	6.431940	302.715271	0.652145	-0.159452	-0.334219	-0.179846	-0.000024	-0.338822	0.000035	-0.192133	-0.000002	12.000000	24.000000	1.180000	22.409264
-53.512302	213.181992	273.863098	19.455162	234.969452	6.431931	301.844757	0.489228	-0.159452	-0.334219	-0.000039	-0.000024	-0.169412	0.000035	-0.192133	-0.000002	12.000000	24.000000	1.180000	22.376320
-90.628578	185.668442	266.637146	-7.517560	195.271439	6.042119	286.160339	0.489228	-0.159452	-0.334219	-0.000039	-0.000024	-0.169412	0.000035	-0.192133	-0.000002	12.000000	28.000000	1.180000	21.789370
-91.529449	185.283630	266.275879	-7.167908	195.092621	5.847213	285.520142	0.489228	-0.159452	-0.334219	-0.000039	0.170349	-0.169412	0.000035	-0.192133	-0.175406	12.000000	28.000000	1.180000	21.772045
-88.466461	185.283630	264.650024	-7.692389	195.450256	6.237026	285.200043	0.652302	-0.159452	-0.334219	-0.000039	-0.000024	-0.169412	0.000035	-0.192133	-0.000002	12.000000	28.000000	1.180000	21.744394
-89.907867	185.860840	266.456512	-6.468599	196.344345	5.847213	284.399841	0.652302	-0.159452	-0.334219	-0.000039	0.170349	-0.169412	0.000035	-0.192133	-0.000002	12.000000	28.000000	1.180000	21.728394
-123.600807	157.962479	256.701477	-44.580894	154.321655	5.457400	270.698853	0.815184	-0.159452	-0.334219	-0.000039	0.170349	-0.169412	0.000035	-0.192133	-0.000002	12.000000	32.000000	1.180000	21.202872
-120.717972	155.653641	253.449814	-43.357101	152.175812	5.457400	269.738373	0.652302	-0.159452	-0.334219	-0.000039	0.170349	-0.169412	0.000035	-0.192133	-0.000002	12.000000	32.000000	1.180000	21.164448
-121.078339	155.653641	254.714371	-44.056416	152.891098	5.652307	268.937927	0.815184	-0.159452	-0.334219	-0.179846	-0.000024	-0.169412	0.000035	-0.000008	-0.000002	12.000000	32.000000	1.180000	21.124555
-121.078339	154.884033	253.449814	-43.357101	150.566437	5.457409	268.137543	0.652145	-0.159452	-0.334219	-0.000039	-0.000024	-0.169412	0.000035	-0.192133	-0.000002	12.000000	32.000000	1.180000	21.100251
-169.185349	137.760223	265.914551	-89.686272	117.484749	5.457409	275.821503	0.652145	-0.159452	-0.334219	-0.000039	-0.000024	-0.169412	-0.185214	-0.192133	-0.000002	12.000000	36.000000	1.180000	21.406640
-170.086227	139.107040	266.275879	-87.413513	117.842384	5.652315	276.621887	0.652145	-0.159452	-0.334219	-0.000039	-0.000024	-0.169412	0.000035	-0.192133	-0.175406	12.000000	36.000000	1.180000	21.430596
-170.086227	139.299438	268.804932	-89.686272	118.915298	5.847221	277.582367	0.652145	-0.159452	-0.334219	-0.179846	-0.000024	-0.169412	0.000035	-0.192133	-0.000002	12.000000	36.000000	1.180000	21.460849
-168.284485	137.375412	266.998474	-89.336609	116.948280	5.652315	278.222687	0.652145	-0.159452	-0.334219	-0.000039	-0.000024	-0.169412	0.000035	-0.192133	-0.000002	12.000000	36.000000	1.180000	21.493806
-221.796783	116.788353	284.521362	-138.812653	74.031487	5.847221	296.151886	0.815184	-0.159452	-0.334219	-0.000039	0.170349	-0.169412	0.000035	-0.192133	-0.000002	12.000000	40.000000	1.180000	22.182015
-223.418350	118.135155	286.869781	-142.309204	75.104408	5.847221	296.952332	0.815184	-0.159452	-0.334219	-0.000039	-0.000024	-0.169412	0.000035	-0.192133	-0.000002	12.000000	40.000000	1.180000	22.212575
-224.679581	119.097176	286.327850	-137.414062	77.429070	5.847221	297.592651	0.815184	-0.159452	-0.334219	-0.000039	-0.000024	-0.169412	0.000035	-0.192133	-0.000002	12.000000	40.000000	1.180000	22.236991
-226.481354	119.481979	289.579529	-140.036453	77.786713	6.042128	298.393036	0.652145	-0.159452	-0.334219	-0.000039	-0.000024	-0.169412	0.000035	-0.192133	-0.000002	12.000000	40.000000	1.180000	22.260055
-279.453125	88.120377	302.405548	-195.106979	19.849039	6.431931	313.120605	0.815184	-0.159452	-0.334219	-0.000039	-0.000024	-0.169412	0.000035	-0.192133	-0.000002	12.000000	44.000000	1.180000	22.799370
-277.291016	86.965958	301.141022	-196.855225	16.809099	6.431940	313.760925	0.652302	-0.159452	-0.334219	-0.000039	-0.000024	-0.169412	0.000035	-0.192133	-0.000002	12.000000	44.000000	1.180000	22.823159
-277.651367	91.583618	300.599060	-194.582489	22.710157	6.626838	314.008148	0.652302	-0.159452	-0.334219	-0.000039	-0.000024	-0.169412	0.000035	-0.192133	-0.000002	12.000000	44.000000	1.180000	22.825102
-280.534180	91.006409	303.128143	-197.729355	21.816057	6.626846	314.881500	0.815184	-0.159452	-0.334219	-0.179846	-0.000024	-0.169412	0.000035	-0.192133	-0.000002	12.000000	44.000000	1.180000	22.857504
301.626404	99.472122	-343.053009	-301.576630	-42.816784	6.626838	332.650604	0.489228	-0.159452	-0.334219	-0.179846	0.170349	-0.169412	0.000035	-0.192133	-0.000002	16.000000	-44.000000	1.180000	23.507077
303.972961	100.818939	-346.481720	-304.723511	-45.314423	7.016650	332.970764	0.489228	-0.159452	-0.334219	-0.000039	0.170349	-0.169412	0.000035	-0.192133	-0.000002	16.000000	-44.000000	1.180000	23.504565
302.528931	101.396149	-346.120819	-306.996277	-45.314423	6.821744	333.213531	0.652302	-0.159452	-0.334219	-0.000039	-0.000024	-0.169412	0.000035	-0.192133	-0.000002	16.000000	-44.000000	1.180000	23.520340
304.695007	101.588554	-348.286316	-306.996277	-45.492832	6.821752	333.771210	0.652145	-0.159452	-0.334219	-0.000039	-0.000024	-0.169412	0.000035	-0.192133	-0.000002	16.000000	-44.000000	1.180000	23.540425
304.413757	135.836197	-304.795624	-249.303345	19.670218	6.626838	328.892303	0.652302	-0.159452	-0.334219	-0.179846	-0.000024	-0.169412	0.000035	-0.192133	-0.000002	16.000000	-40.000000	1.180000	23.371193
303.691528	136.028595	-305.156555	-250.701965	18.776117	6.626846	327.848175	0.815184	-0.159452	-0.334219	-0.000039	-0.000024	-0.169412	0.000035	-0.000008	-0.000002	16.000000	-40.000000	1.180000	23.333300
303.330444	136.413406	-304.434753	-250.701965	18.418478	6.821744	326.407410	0.652145	-0.159452	-0.334219	-0.000039	0.170349	-0.169412	0.000035	-0.192133	-0.000002	16.000000	-40.000000	1.180000	23.273818
301.885986	134.104584	-306.058838	-253.324371	15.557360	6.626846	325.606995	0.815184	-0.159452	-0.334219	-0.000039	-0.000024	-0.169412	0.000035	-0.192133	-0.000002	16.000000	-40.000000	1.180000	23.251760
279.677887	158.347290	-242.898117	-189.162857	69.203354	6.431931	302.484924	0.652302	-0.159452	-0.334219	-0.000039	-0.000024	-0.169412	0.000035	-0.192133	-0.000002	16.000000	-36.000000	1.180000	22.400552
280.219543	155.846054	-241.815369	-183.393570	72.064468	6.237033	301.754761	0.815184	-0.159452	-0.334219	-0.000039	-0.000024	-0.169412	0.000035	-0.192133	-0.000002	16.000000	-36.000000	1.180000	22.380293
280.039001	156.230850	-244.161362	-188.288712	67.772789	6.237033	301.274536	0.815184	-0.159452	-0.334219	-0.000039	-0.000024	-0.169412	0.000035	-0.192133	-0.000002	16.000000	-36.000000	1.180000	22.362101
278.414001	156.423264	-239.830338	-183.393570	71.349190	6.431931	300.474121	0.815184	-0.159452	-0.334219	-0.000039	-0.000024	-0.169412	0.000035	-0.192133	-0.000002	16.000000	-36.000000	1.180000	22.324349
263.428040	176.625519	-187.677612	-131.120270	113.193069	5.652315	285.106262	0.815184	-0.159452	-0.334219	-0.000039	-0.000024	-0.169412	0.000035	-0.192133	-0.000002	16.000000	-32.000000	1.180000	21.763519
263.247498	175.278702	-187.497147	-131.120270	110.868401	5.652315	284.626007	0.815184	-0.159452	-0.334219	-0.000039	-0.000024	-0.169412	0.000035	-0.192133	-0.000002	16.000000	-32.000000	1.180000	21.744810
262.344696	173.739487	-186.414398	-129.721664	111.404861	5.847221	284.145721	0.815184	-0.159452	-0.334219	-0.000039	-0.000024	-0.169412	0.000035	-0.192133	-0.000002	16.000000	-32.000000	1.180000	21.718480
261.983612	173.547089	-187.316696	-131.295105	109.080215	5.652307	283.439575	0.652302	-0.159452	-0.334219	-0.000039	-0.000024	-0.169412	0.000035	-0.192133	-0.000002	16.000000	-32.000000	1.180000	21.698522
245.669373	183.936813	-135.163971	-83.392494	141.088974	5.262503	268.457703	0.815184	-0.159452	-0.334219	-0.000039	-0.000024	-0.169412	0.000035	-0.192133	-0.000002	16.000000	-28.000000	1.180000	21.120927
243.503311	183.744415	-133.720291	-84.791115	140.194885	5.457400	267.595123	0.652302	-0.159452	-0.334219	-0.000039	-0.000024	-0.169412	0.000035	-0.192133	-0.000002	16.000000	-28.000000	1.180000	21.078454
243.025467	183.167206	-132.818008	-82.868011	140.731339	5.457400	266.794891	0.652302	-0.159452	-0.334219	-0.000039	0.170349	-0.169412	0.000035	-0.192133	-0.000002	16.000000	-28.000000	1.180000	21.046256
242.781281	183.359619	-132.998459	-84.091805	139.479599	5.262503	266.056458	0.652145	-0.159452	-0.334219	-0.000039	-0.000024	-0.169412	0.000035	-0.192133	-0.000002	16.000000	-28.000000	1.180000	21.024358
248.803177	206.063110	-95.823853	-55.594994	176.852982	5.652315	277.582367	0.652145	-0.159452	-0.334219	-0.000039	-0.000024	-0.169412	0.000035	-0.192133	-0.000002	16.000000	-24.000000	1.180000	21.468544
248.261505	206.832718	-96.004311	-58.567055	176.674164	6.237026	278.478149	0.489228	-0.159452	-0.334219	-0.000039	-0.000024	-0.169412	0.000035	-0.192133	-0.000002	16.000000	-24.000000	1.180000	21.480820
248.442062	206.640320	-94.380180	-56.818787	178.998810	6.042119	279.118347	0.652302	-0.159452	-0.334219	-0.000039	0.170349	-0.169412	0.000035	-0.000008	-0.000002	16.000000	-24.000000	1.180000	21.513741
250.608719	207.794724	-95.102013	-55.420170	178.641159	5.652307	279.983612	0.652145	-0.159452	-0.334219	-0.000039	0.170349	-0.169412	0.000035	-0.192133	-0.000002	16.000000	-24.000000	1.180000	21.563124
258.846375	234.731064	-52.874554	-29.545769	217.623917	6.237026	297.752716	0.652302	-0.159452	-0.334219	-0.000039	-0.000024	-0.169412	0.000035	-0.192133	-0.000002	16.000000	-20.000000	1.180000	22.228234
257.650330	235.115875	-52.333176	-29.370941	221.379135	5.847213	298.483795	0.489228	-0.159452	-0.167113	-0.179846	0.170349	-0.169412	0.000035	-0.192133	-0.000002	16.000000	-20.000000	1.180000	22.270928
259.748871	237.039917	-53.415932	-30.944386	219.590958	5.847221	299.033386	0.815184	-0.159452	-0.334219	-0.000039	-0.000024	-0.169412	0.000035	-0.192133	-0.000002	16.000000	-20.000000	1.180000	22.291830
259.026855	236.847504	-52.874554	-32.343002	220.842682	6.042128	299.833801	0.815184	-0.159452	-0.334219	-0.000039	-0.000024	-0.169412	0.000035	-0.192133	-0.000002	16.000000	-20.000000	1.180000	22.314838
258.372528	261.667419	-5.052859	-17.657530	252.851456	6.626838	314.241180	0.652302	-0.159452	-0.334219	-0.000039	-0.000024	-0.169412	0.000035	-0.192133	-0.000002	16.000000	-16.000000	1.180000	22.833752
258.914185	260.897827	-1.985052	-13.112026	254.997314	6.626838	314.881500	0.815184	-0.159452	-0.334219	-0.179846	0.170349	-0.169412	0.000035	-0.192133	-0.000002	16.000000	-16.000000	1.180000	22.857505
259.816986	261.667419	-5.413777	-14.335815	255.891403	6.821752	315.361755	0.652145	-0.159452	-0.334219	-0.000039	-0.000024	-0.169412	0.000035	-0.192133	-0.000002	16.000000	-16.000000	1.180000	22.868082
257.582825	261.667419	-1.804592	-14.860296	257.500763	6.821752	315.842010	0.815184	-0.159452	-0.334219	-0.000039	-0.000024	-0.169412	0.000035	-0.192133	-0.000002	16.000000	-16.000000	1.180000	22.885872
251.330933	282.062103	43.536266	-15.035125	282.356750	6.431931	328.328400	0.815184	-0.159452	-0.334219	-0.000039	-0.000024	-0.169412	0.000035	-0.192133	-0.000002	16.000000	-12.000000	1.180000	23.357808
252.414246	284.178497	42.994320	-18.356838	283.429657	6.626838	328.968719	0.652302	-0.159452	-0.334219	-0.000039	0.170349	-0.169412	0.000035	-0.192133	-0.175406	16.000000	-12.000000	1.180000	23.373964
252.955917	283.024109	44.981453	-16.084085	281.820282	6.821744	329.448975	0.652302	-0.159452	-0.334219	-0.179846	0.170349	-0.169412	0.000035	-0.192133	-0.000002	16.000000	-12.000000	1.180000	23.384307
250.789261	282.254486	44.981453	-15.734433	284.502594	6.821744	330.089294	0.652302	-0.159452	-0.334219	-0.000039	-0.000024	-0.169412	0.000035	-0.192133	-0.000002	16.000000	-12.000000	1.180000	23.407501
232.553345	297.261902	86.891899	-29.895422	300.417572	7.016650	337.054626	0.652302	-0.159452	-0.334219	-0.179846	0.170349	-0.169412	0.000035	-0.192133	-0.000002	16.000000	-8.000000	1.180000	23.651350
230.687347	296.877075	88.517738	-29.196115	301.311676	6.821752	336.012329	0.815184	-0.159452	-0.334219	-0.000039	0.170349	-0.169412	0.000035	-0.000008	-0.000002	16.000000	-8.000000	1.180000	23.620968
229.965302	295.337860	88.337090	-27.972326	301.490509	7.016659	334.731689	0.652302	0.000007	-0.334219	-0.000039	-0.000024	-0.169412	0.000035	-0.192133	-0.000002	16.000000	-8.000000	1.180000	23.567970
227.317276	292.836639	88.698387	-28.321978	299.165833	7.016650	333.611115	0.652145	-0.159452	-0.334219	-0.000039	-0.000024	-0.169412	0.000035	-0.192133	-0.000002	16.000000	-8.000000	1.180000	23.527642
187.414871	277.059631	117.060204	-26.049227	285.039062	6.431931	308.478210	0.652145	-0.159452	-0.334219	-0.000039	-0.000024	-0.169412	0.000035	-0.192133	-0.000002	16.000000	-4.000000	1.180000	22.626153
187.053772	274.750793	115.976311	-24.650612	283.966156	6.431931	307.606354	0.652302	-0.159452	-0.334219	-0.000039	-0.000024	-0.169412	0.000035	-0.192133	-0.000002	16.000000	-4.000000	1.180000	22.593475
188.137100	273.788788	114.711777	-24.300957	281.999115	6.821744	307.037476	0.652302	-0.159452	-0.334219	-0.000039	0.170349	-0.169412	0.000035	-0.192133	-0.000002	16.000000	-4.000000	1.180000	22.557487
187.414871	274.750793	114.711777	-25.874401	283.608521	6.626838	306.165924	0.652302	-0.159452	-0.334219	-0.179846	-0.000024	-0.169412	0.000035	-0.192133	-0.000002	16.000000	-4.000000	1.180000	22.532052
152.387436	263.014252	137.834778	-23.601650	274.846313	5.847221	289.588531	0.652145	-0.159452	-0.334219	-0.000039	-0.000024	-0.169412	0.000035	-0.192133	-0.000002	16.000000	0.000000	1.180000	21.929830
151.665222	261.090240	135.847656	-24.650612	272.164032	6.237026	288.948212	0.815184	-0.159452	-0.334219	-0.000039	-0.000024	-0.169412	0.000035	-0.192133	-0.000002	16.000000	0.000000	1.180000	21.889986
151.845764	260.513000	136.750885	-22.028204	270.912262	6.237026	288.561005	0.489228	-0.159452	-0.334219	-0.179846	0.170349	-0.169412	0.000035	-0.192133	-0.000002	16.000000	0.000000	1.180000	21.874991
152.748550	261.475006	135.666992	-23.426823	270.554626	5.847221	287.987732	0.815184	-0.159452	-0.334219	-0.000039	-0.000024	-0.169412	0.000035	-0.192133	-0.000002	16.000000	0.000000	1.180000	21.867882
123.105461	246.660049	150.660828	-19.930281	256.964325	5.457409	274.540802	0.652145	-0.159452	-0.334219	-0.000039	-0.000024	-0.169412	0.000035	-0.192133	-0.000002	16.000000	4.000000	1.180000	21.355879
121.332184	248.584061	152.106018	-19.930281	256.249054	5.457400	273.516785	0.489228	-0.159452	-0.334219	-0.000039	-0.000024	-0.169412	0.000035	-0.192133	-0.000002	16.000000	4.000000	1.180000	21.315205
120.248863	244.351196	151.202774	-18.531666	256.964325	5.652307	272.556519	0.815184	-0.159452	-0.334219	-0.000039	-0.000024	-0.169412	0.000035	-0.192133	-0.000002	16.000000	4.000000	1.180000	21.269227
120.429405	245.313232	151.022125	-19.580627	255.533768	5.262503	271.659332	0.815184	-0.159452	-0.334219	-0.000039	-0.000024	-0.169412	0.000035	-0.192133	-0.000002	16.000000	4.000000	1.180000	21.249001
96.390488	243.774002	172.880585	-20.279938	252.493820	5.652307	272.236420	0.652302	-0.159452	-0.334219	-0.179846	-0.000024	-0.169412	0.000035	-0.192133	-0.000002	16.000000	8.000000	1.180000	21.256469
97.318520	244.158783	173.603180	-20.105108	253.566742	5.847221	273.420258	0.815184	-0.159452	-0.334219	-0.000039	-0.000024	-0.169412	-0.185214	-0.192133	-0.000002	16.000000	8.000000	1.180000	21.295859
96.932014	245.890427	175.229019	-20.629589	254.818466	5.652307	273.996918	0.652302	-0.159452	-0.334219	-0.179846	0.170349	-0.169412	0.000035	-0.192133	-0.000002	16.000000	8.000000	1.180000	21.326541
97.137970	246.467636	175.770966	-20.804419	256.070221	6.042119	275.117218	0.652302	-0.159452	-0.334219	-0.179846	0.170349	-0.169412	0.000035	-0.192133	-0.000002	16.000000	8.000000	1.180000	21.355550
73.846527	258.973785	208.649002	-18.356838	267.335876	6.237026	293.750671	0.815184	-0.159452	-0.334219	-0.000039	-0.000024	-0.169412	-0.185214	-0.192133	-0.000002	16.000000	12.000000	1.180000	22.075128
72.744141	258.588989	209.371597	-17.657530	266.262939	6.237033	294.551086	0.815184	-0.159452	-0.334219	-0.179846	-0.000024	-0.169412	0.000035	-0.192133	-0.000002	16.000000	12.000000	1.180000	22.105834
75.652061	260.128204	211.358719	-13.461682	267.335876	6.042128	295.191406	0.815184	-0.159452	-0.334219	-0.000039	0.170349	-0.169412	0.000035	-0.192133	-0.000002	16.000000	12.000000	1.180000	22.137831
75.271233	258.781372	210.094177	-15.734433	266.262939	6.042119	295.991821	0.489228	-0.159452	-0.334219	-0.000039	-0.000024	-0.169412	0.000035	-0.192133	-0.000002	16.000000	12.000000	1.180000	22.168450
42.249607	264.745880	240.443130	-5.244811	268.945251	6.431931	310.079041	0.815184	-0.159452	-0.334219	-0.179846	-0.000024	-0.169412	0.000035	-0.192133	-0.000002	16.000000	16.000000	1.180000	22.686033
40.444069	265.515472	241.527008	-7.517560	270.554626	6.431931	310.559296	0.815184	-0.159452	-0.334219	-0.000039	0.170349	-0.169412	0.000035	-0.192133	-0.000002	16.000000	16.000000	1.180000	22.703966
42.971821	263.399048	241.165726	-1.223788	266.978241	6.821744	311.199615	0.652302	-0.159452	-0.334219	-0.000039	-0.000024	-0.169412	0.000035	-0.192133	-0.000002	16.000000	16.000000	1.180000	22.713315
41.166283	264.938263	242.972198	-3.146885	269.481720	6.626838	311.447418	0.652302	-0.159452	-0.334219	-0.179846	-0.000024	-0.169412	0.000035	-0.192133	-0.000002	16.000000	16.000000	1.180000	22.729828
-1.081057	263.591461	266.817810	-11.014102	261.256012	6.821752	323.525940	0.815184	-0.159452	-0.334219	-0.000039	-0.000024	-0.169412	-0.185214	-0.192133	-0.000002	16.000000	20.000000	1.180000	23.168659
-1.801761	264.553467	268.082336	-10.839274	264.117126	6.821752	324.166290	0.815184	-0.159452	-0.334219	-0.000039	-0.000024	-0.169412	0.000035	-0.192133	-0.000002	16.000000	20.000000	1.180000	23.192070
-0.540529	265.900269	267.359741	-11.538583	263.044189	7.016650	324.646515	0.489228	-0.159452	-0.334219	-0.000039	-0.000024	-0.169412	0.000035	-0.192133	-0.000002	16.000000	20.000000	1.180000	23.202493
-1.081057	264.938263	268.804932	-10.664450	262.686554	7.016650	325.126770	0.652302	-0.159452	-0.334219	-0.000039	-0.000024	-0.169412	0.000035	-0.192133	-0.000002	16.000000	20.000000	1.180000	23.220027
-54.593357	259.743408	291.566650	-28.496807	246.771576	7.211564	337.613159	0.815184	-0.159452	-0.334219	-0.000039	-0.000024	-0.169412	-0.185214	-0.192133	-0.000002	16.000000	24.000000	1.180000	23.664376
-52.611420	260.705414	291.024719	-30.594730	248.738602	7.211564	337.933319	0.815184	-0.159452	-0.334219	-0.000039	-0.000024	-0.169412	0.000035	-0.192133	-0.000002	16.000000	24.000000	1.180000	23.675838
-57.115822	259.358612	293.553772	-29.370941	249.632690	7.016650	338.495026	0.652302	-0.159452	-0.334219	-0.179846	-0.000024	-0.169412	0.000035	-0.192133	-0.000002	16.000000	24.000000	1.180000	23.702906
-56.395123	262.244629	292.469910	-31.119211	248.202148	7.211564	338.893799	0.815184	-0.159452	-0.334219	-0.179846	-0.000024	-0.169412	-0.185214	-0.192133	-0.000002	16.000000	24.000000	1.180000	23.710193
-102.520195	226.265381	284.701996	-58.567055	203.675964	6.431940	316.642395	0.815184	-0.159452	-0.334219	-0.000039	-0.000024	-0.169412	-0.185214	-0.192133	-0.000002	16.000000	28.000000	1.180000	22.929902
-103.601250	226.842560	284.160065	-58.217400	203.675964	6.821744	315.521851	0.815184	-0.159452	-0.334219	-0.000039	0.170349	-0.169412	0.000035	-0.192133	-0.000002	16.000000	28.000000	1.180000	22.874014
-104.141785	225.688156	284.701996	-59.441193	204.033615	6.821744	315.041595	0.815184	-0.159452	-0.334219	-0.000039	-0.000024	-0.169412	0.000035	-0.192133	-0.000002	16.000000	28.000000	1.180000	22.856214
-102.340019	224.533737	281.450317	-58.392231	200.636032	6.431940	313.760925	0.815184	-0.159452	-0.334219	-0.000039	-0.000024	-0.169412	0.000035	-0.192133	-0.000002	16.000000	28.000000	1.180000	22.823159
-138.915756	193.364548	270.972717	-97.378654	157.898056	6.042128	295.031342	0.815184	-0.159452	-0.334219	-0.000039	-0.000024	-0.169412	0.000035	-0.192133	-0.000002	16.000000	32.000000	1.180000	22.131702
-138.555420	192.979736	270.069458	-97.728317	156.288666	6.042128	294.070862	0.815184	-0.159452	-0.334219	-0.000039	-0.000024	-0.169412	0.000035	-0.000008	-0.000002	16.000000	32.000000	1.180000	22.094893
-137.834702	192.979736	268.804932	-96.329697	155.752213	6.237033	293.750671	0.815184	-0.159452	-0.334219	-0.000039	-0.000024	-0.169412	0.000035	-0.192133	-0.000002	16.000000	32.000000	1.180000	22.075128
-136.933823	192.594925	268.443634	-95.455559	157.003952	6.042128	292.950256	0.815184	-0.159452	-0.334219	-0.000039	-0.000024	-0.169412	0.000035	-0.192133	-0.000002	16.000000	32.000000	1.180000	22.051870
-173.374725	162.002930	258.869263	-133.917511	109.974304	5.652315	278.702972	0.652302	-0.159452	-0.334219	-0.179846	-0.000024	-0.169412	0.000035	-0.192133	-0.000002	16.000000	36.000000	1.180000	21.512734
-172.608704	161.618118	257.785400	-133.043381	110.689583	6.042119	278.222687	0.815184	-0.159452	-0.334219	-0.000039	-0.000024	-0.169412	0.000035	-0.192133	-0.000002	16.000000	36.000000	1.180000	21.478431
-173.149216	160.271301	257.424072	-130.595810	109.795486	5.652315	277.902527	0.652302	-0.159452	-0.334219	-0.179846	-0.000024	-0.169412	0.000035	-0.192133	-0.000002	16.000000	36.000000	1.180000	21.481179
-170.626770	161.618118	256.520844	-131.120270	110.868401	5.652315	277.262207	0.652302	-0.159452	-0.334219	-0.000039	-0.000024	-0.169412	-0.185214	-0.192133	-0.000002	16.000000	36.000000	1.180000	21.455903
-204.139511	128.140106	247.127121	-162.763962	63.123474	5.067596	265.736298	0.815184	-0.159452	-0.334219	-0.000039	-0.000024	-0.169412	0.000035	-0.192133	-0.000002	16.000000	40.000000	1.180000	21.019309
-205.220566	130.256516	248.211014	-166.610153	65.090492	5.457400	266.314758	0.652302	-0.159452	-0.334219	-0.179846	-0.000024	-0.169412	0.000035	-0.192133	-0.000002	16.000000	40.000000	1.180000	21.026914
-204.319687	131.218536	248.933609	-168.008774	65.448135	5.652307	266.954926	0.652302	-0.159452	-0.334219	-0.000039	0.170349	-0.169412	0.000035	-0.192133	-0.000002	16.000000	40.000000	1.180000	21.044852
-205.941254	129.486908	248.933609	-167.309479	63.302296	5.262503	268.137543	0.815184	-0.159452	-0.334219	-0.000039	-0.000024	-0.169412	0.000035	-0.192133	-0.000002	16.000000	40.000000	1.180000	21.108077
-261.976013	106.975815	264.650024	-219.407913	16.272640	6.042119	286.867126	0.815184	-0.159452	-0.334219	-0.000039	-0.000024	-0.169412	0.000035	-0.192133	-0.000002	16.000000	44.000000	1.180000	21.816842
-261.615692	107.745430	265.372620	-218.009293	17.524378	6.042119	287.507477	0.815184	-0.159452	-0.334219	-0.000039	-0.000024	-0.169412	0.000035	-0.192133	-0.000002	16.000000	44.000000	1.180000	21.841702
-261.075165	109.092247	264.650024	-219.407913	16.630280	5.652315	288.307892	0.815184	-0.159452	-0.334219	-0.000039	-0.000024	-0.169412	0.000035	-0.192133	-0.000002	16.000000	44.000000	1.180000	21.887833
-262.516571	107.553032	266.637146	-218.708618	17.703199	6.042119	289.041138	0.652302	-0.159452	-0.334219	-0.000039	-0.000024	-0.169412	0.000035	-0.192133	-0.000002	16.000000	44.000000	1.180000	21.901127
265.344574	124.484444	-334.751892	-326.227234	-45.314423	6.626846	311.199615	0.652302	-0.159452	-0.334219	-0.000039	-0.000024	0.000016	0.000035	-0.000008	-0.000002	20.000000	-44.000000	1.180000	22.720586
266.788635	123.714836	-336.556488	-328.500000	-46.028042	6.626838	311.607483	0.489228	-0.159452	-0.334219	-0.000039	-0.000024	-0.169412	0.000035	-0.192133	-0.000002	20.000000	-44.000000	1.180000	22.735795
267.400238	124.869247	-339.624268	-331.122375	-46.920055	7.016650	312.087616	0.652302	0.000007	-0.334219	-0.000039	-0.000024	-0.169412	0.000035	-0.192133	-0.000002	20.000000	-44.000000	1.180000	22.739160
268.122437	124.676849	-340.887512	-331.996521	-48.525681	6.821744	312.567719	0.652302	-0.159452	-0.334219	-0.000039	-0.000024	-0.169412	0.000035	0.000002	-0.000002	20.000000	-44.000000	1.180000	22.764303
284.478271	161.618118	-319.051941	-300.877319	6.795180	6.626846	325.446930	0.815184	-0.159452	-0.334219	-0.179846	0.170349	-0.169412	0.000035	-0.192133	-0.000002	20.000000	-40.000000	1.180000	23.245924
282.927856	164.311752	-314.720917	-296.681458	11.802140	6.821744	325.691437	0.652302	-0.159452	-0.334219	-0.000039	-0.000024	-0.169412	0.000035	-0.192133	-0.000002	20.000000	-40.000000	1.180000	23.247733
286.177826	163.542145	-319.412872	-297.730438	11.444499	6.237033	326.247345	0.815184	-0.159452	-0.334219	-0.000039	-0.000024	-0.169412	0.000035	-0.192133	-0.000002	20.000000	-40.000000	1.180000	23.289276
284.552856	164.504166	-318.691010	-300.527679	9.298660	6.821744	326.651672	0.489228	-0.159452	-0.334219	-0.000039	-0.000024	-0.169412	0.000035	-0.192133	-0.000002	20.000000	-40.000000	1.180000	23.282711
298.094360	201.445450	-290.358917	-261.716064	65.269318	7.211556	339.775360	0.652302	-0.159452	-0.334219	-0.000039	-0.000024	-0.169412	0.000035	-0.192133	-0.000002	20.000000	-36.000000	1.180000	23.741682
300.802673	201.830246	-292.163513	-261.541229	65.269318	7.211556	340.174500	0.489228	-0.159452	-0.334219	-0.000039	0.170349	-0.169412	0.000035	-0.192133	-0.000002	20.000000	-36.000000	1.180000	23.755925
298.636017	202.984665	-287.652008	-258.569183	68.130432	7.211556	340.095459	0.652302	-0.159452	-0.334219	-0.000039	-0.000024	-0.169412	0.000035	-0.192133	-0.000002	20.000000	-36.000000	1.180000	23.753105
299.358246	204.716293	-293.787659	-266.436401	65.090492	7.016650	339.854340	0.489228	-0.159452	-0.334219	-0.179846	0.170349	-0.169412	0.000035	-0.192133	-0.000002	20.000000	-36.000000	1.180000	23.751456
272.275177	210.103561	-225.213135	-201.400742	103.357964	6.431931	312.727783	0.489228	-0.159452	-0.334219	-0.179846	-0.000024	-0.169412	0.000035	-0.192133	-0.000002	20.000000	-32.000000	1.180000	22.784764
274.080719	210.295959	-228.461395	-203.848312	101.033310	6.626846	312.000031	0.815184	-0.159452	-0.334219	-0.179846	-0.000024	-0.169412	0.000035	-0.192133	-0.000002	20.000000	-32.000000	1.180000	22.750421
271.733521	209.333954	-223.589005	-199.302826	104.252068	6.626838	311.039520	0.652302	-0.159452	-0.334219	-0.000039	-0.000024	-0.169412	0.000035	-0.192133	-0.000002	20.000000	-32.000000	1.180000	22.714614
270.830750	210.873169	-221.062576	-198.079041	105.146164	6.042128	310.239136	0.815184	-0.159452	-0.334219	-0.000039	-0.000024	-0.169412	0.000035	-0.192133	-0.000002	20.000000	-32.000000	1.180000	22.706567
251.330933	219.338882	-160.428268	-146.505051	137.333755	5.847221	292.790161	0.815184	-0.159452	-0.334219	-0.000039	-0.000024	-0.169412	0.000035	-0.192133	-0.000002	20.000000	-28.000000	1.180000	22.053207
252.414246	217.992065	-159.525970	-144.232300	137.512573	6.042119	292.309937	0.815184	-0.159452	-0.334219	-0.179846	-0.000024	-0.169412	0.000035	-0.192133	-0.000002	20.000000	-28.000000	1.180000	22.027249
251.150375	216.452835	-158.262756	-142.134369	138.406677	5.847221	291.829681	0.815184	-0.159452	-0.334219	-0.000039	-0.000024	-0.169412	0.000035	-0.000008	-0.000002	20.000000	-28.000000	1.180000	22.016267
249.886490	217.030029	-159.886887	-145.980560	137.333755	6.042128	291.029297	0.815184	-0.159452	-0.334219	-0.000039	-0.000024	-0.169412	0.000035	-0.192133	-0.000002	20.000000	-28.000000	1.180000	21.977924
235.199997	222.417328	-105.568649	-102.273811	162.010910	5.847213	277.357849	0.489228	-0.159452	-0.334219	-0.179846	-0.000024	-0.169412	0.000035	-0.192133	-0.000002	20.000000	-24.000000	1.180000	21.451982
233.636658	220.108475	-103.944511	-100.175888	160.938004	6.042119	276.877747	0.652302	-0.159452	-0.334219	-0.000039	-0.000024	-0.169412	0.000035	-0.192133	-0.000002	20.000000	-24.000000	1.180000	21.425299
233.817215	221.840103	-104.485893	-102.623466	160.580368	5.652315	276.301727	0.815184	-0.159452	-0.334219	-0.000039	-0.000024	-0.169412	0.000035	-0.192133	-0.000002	20.000000	-24.000000	1.180000	21.417932
232.192230	220.300903	-104.124977	-101.924164	160.222717	5.847221	275.501312	0.815184	-0.159452	-0.334219	-0.000039	-0.000024	-0.169412	0.000035	-0.192133	-0.000002	20.000000	-24.000000	1.180000	21.378513
211.914658	217.992065	-56.122822	-70.105644	174.170670	5.847213	260.233032	0.489228	-0.159452	-0.334219	-0.179846	-0.000024	-0.169412	0.000035	-0.192133	-0.000002	20.000000	-20.000000	1.180000	20.764450
211.970200	217.607269	-56.303276	-69.755989	173.813034	5.262503	259.653168	0.652145	-0.159452	-0.334219	-0.000039	-0.000024	-0.169412	0.000035	-0.192133	-0.000002	20.000000	-20.000000	1.180000	20.764649
210.164673	216.452835	-53.776852	-67.483238	175.422409	5.067596	259.333008	0.815184	-0.159452	-0.334219	-0.000039	0.170349	-0.169412	0.000035	-0.192133	-0.000002	20.000000	-20.000000	1.180000	20.759536
209.442444	215.683212	-56.122822	-70.455292	172.203644	5.457400	258.692688	0.815184	-0.159452	-0.334219	-0.179846	-0.000024	-0.169412	0.000035	-0.192133	-0.000002	20.000000	-20.000000	1.180000	20.717441
207.817459	232.999466	-8.481584	-49.126400	199.920746	5.652315	266.856903	0.815184	-0.159452	-0.334219	-0.179846	-0.000024	-0.169412	0.000035	-0.192133	-0.000002	20.000000	-16.000000	1.180000	21.040904
206.553589	233.576660	-8.301125	-51.573975	200.814850	5.457409	267.497223	0.815184	-0.159452	-0.334219	-0.000039	-0.000024	-0.169412	0.000035	-0.192133	-0.000002	20.000000	-16.000000	1.180000	21.074518
207.456345	233.576660	-10.827554	-52.098454	199.384293	5.847213	268.235291	0.652302	-0.159452	-0.334219	-0.000039	-0.000024	-0.169412	0.000035	-0.192133	-0.000002	20.000000	-16.000000	1.180000	21.088518
208.665543	237.039917	-7.940206	-52.273285	203.675964	5.457409	268.937927	0.652302	-0.159452	-0.334219	-0.000039	-0.000024	-0.169412	0.000035	-0.192133	-0.000002	20.000000	-16.000000	1.180000	21.132373
206.373032	258.973785	33.961895	-54.196377	231.929535	5.847221	287.347382	0.652145	-0.159452	-0.334219	-0.000039	-0.000024	-0.169412	0.000035	-0.192133	-0.000002	20.000000	-12.000000	1.180000	21.843052
207.275803	261.282623	31.974762	-55.594994	231.750702	6.042128	287.827637	0.815184	-0.159452	-0.334219	-0.000039	0.170349	-0.169412	0.000035	-0.192133	-0.000002	20.000000	-12.000000	1.180000	21.854120
209.081345	259.935822	30.348925	-55.420170	230.141342	6.042128	288.467957	0.815184	-0.159452	-0.334219	-0.000039	-0.000024	0.000016	0.000035	-0.192133	-0.000002	20.000000	-12.000000	1.180000	21.878937
208.178574	259.743408	32.697353	-55.070515	231.750702	6.042119	289.268372	0.652302	-0.159452	-0.334219	-0.179846	-0.000024	-0.169412	0.000035	-0.192133	-0.000002	20.000000	-12.000000	1.180000	21.909918
199.331436	281.869690	70.814186	-64.860825	255.354950	5.847221	303.195526	0.815184	-0.159452	-0.334219	-0.000039	-0.000024	-0.169412	0.000035	-0.192133	-0.000002	20.000000	-8.000000	1.180000	22.449503
201.084274	282.254486	71.536781	-62.588078	256.785492	6.237026	303.765259	0.489228	-0.159452	-0.334219	-0.000039	0.170349	-0.169412	0.000035	-0.192133	-0.000002	20.000000	-8.000000	1.180000	22.456294
200.414749	281.869690	69.188354	-65.560143	254.460831	6.237033	304.476166	0.652145	-0.159452	-0.334219	-0.179846	-0.000024	-0.169412	0.000035	-0.192133	-0.000002	20.000000	-8.000000	1.180000	22.483106
200.723251	282.639313	71.717430	-63.637039	256.785492	6.237033	304.956421	0.652302	-0.159452	-0.334219	-0.000039	-0.000024	-0.169412	0.000035	-0.192133	-0.000002	20.000000	-8.000000	1.180000	22.501201
184.706573	296.492279	103.872864	-70.804947	273.236938	6.626838	318.723480	0.815184	0.000007	-0.334219	-0.000039	-0.000024	-0.169412	0.000035	-0.192133	-0.000002	20.000000	-4.000000	1.180000	22.999508
183.803802	299.763123	106.582596	-71.504257	276.455688	6.821744	319.043640	0.815184	-0.159452	-0.334219	-0.000039	-0.000024	-0.169412	0.000035	-0.192133	-0.000002	20.000000	-4.000000	1.180000	23.004122
183.033615	299.185913	106.040649	-73.077705	276.634521	6.626846	319.683960	0.815184	-0.159452	-0.334219	-0.000039	-0.000024	-0.169412	0.000035	-0.192133	-0.000002	20.000000	-4.000000	1.180000	23.034871
185.789902	298.608704	105.860001	-69.930809	275.561615	6.821752	320.644440	0.652145	-0.159452	-0.334219	-0.000039	0.170349	-0.169412	0.000035	-0.192133	-0.000002	20.000000	-4.000000	1.180000	23.063020
163.401230	312.654083	141.628403	-71.329430	292.370697	6.821744	332.810699	0.815184	-0.159452	-0.334219	-0.000039	-0.000024	-0.169412	0.000035	-0.192133	-0.000002	20.000000	0.000000	1.180000	23.505822
164.123444	314.193298	139.641266	-73.777008	293.443604	7.211556	333.290955	0.815184	-0.159452	-0.334219	-0.179846	-0.000024	-0.169412	0.000035	-0.192133	-0.000002	20.000000	0.000000	1.180000	23.509083
163.401230	314.385712	141.086441	-73.777008	292.549500	6.821752	333.611115	0.815184	-0.159452	-0.334219	-0.000039	-0.000024	-0.169412	0.000035	-0.192133	-0.000002	20.000000	0.000000	1.180000	23.534661
163.538910	313.038910	141.989700	-71.154602	294.337677	7.211556	334.091370	0.489228	-0.159452	-0.334219	-0.000039	-0.000024	-0.169412	0.000035	-0.192133	-0.000002	20.000000	0.000000	1.180000	23.537918
134.873718	309.960449	166.738541	-68.357368	287.363708	6.821744	329.448975	0.815184	-0.159452	-0.334219	-0.000039	0.170349	-0.169412	0.000035	-0.192133	-0.000002	20.000000	4.000000	1.180000	23.384307
134.116348	308.228821	165.473999	-68.357368	289.509552	6.626846	328.328400	0.652302	-0.159452	-0.167113	-0.000039	-0.000024	-0.169412	0.000035	-0.192133	-0.000002	20.000000	4.000000	1.180000	23.350735
133.574844	306.304810	165.473999	-68.007721	287.900177	6.821752	327.047760	0.815184	-0.159452	-0.334219	-0.000039	-0.000024	-0.169412	0.000035	-0.192133	-0.000002	20.000000	4.000000	1.180000	23.297123
131.950272	306.304810	164.932053	-69.231506	286.469604	6.626846	325.767090	0.489228	-0.159452	-0.334219	-0.000039	0.170349	-0.169412	0.000035	-0.192133	-0.000002	20.000000	4.000000	1.180000	23.257594
95.693542	285.525330	178.661346	-66.783928	265.368866	6.626838	305.685791	0.489228	-0.159452	-0.334219	-0.000039	-0.000024	-0.169412	0.000035	-0.192133	-0.000002	20.000000	8.000000	1.180000	22.513987
93.346336	284.563324	177.758087	-68.007721	264.474762	5.847221	304.796326	0.815184	-0.159452	-0.334219	-0.000039	-0.000024	-0.169412	0.000035	-0.192133	-0.000002	20.000000	8.000000	1.180000	22.509851
93.346336	286.872131	178.480682	-66.958755	263.759491	6.237026	303.995941	0.652302	-0.159452	-0.334219	-0.179846	-0.000024	-0.169412	0.000035	-0.192133	-0.000002	20.000000	8.000000	1.180000	22.464998
93.165787	283.024109	176.312912	-66.609100	260.719543	6.042128	303.675781	0.815184	-0.159452	-0.334219	-0.000039	-0.000024	-0.169412	0.000035	-0.192133	-0.000002	20.000000	8.000000	1.180000	22.460273
58.499447	261.282623	185.887283	-60.140499	237.651764	6.237026	284.399841	0.652302	-0.159452	-0.334219	-0.000039	-0.000024	-0.169412	0.000035	-0.192133	-0.000002	20.000000	12.000000	1.180000	21.713185
59.221668	260.897827	184.080795	-61.014637	237.472931	5.847221	283.665497	0.815184	-0.159452	-0.334219	-0.179846	-0.000024	-0.169412	0.000035	-0.192133	-0.000002	20.000000	12.000000	1.180000	21.699733
57.957790	260.128204	185.345337	-59.266361	237.472931	5.847221	283.185242	0.652145	-0.159452	-0.334219	-0.000039	-0.000024	-0.169412	0.000035	-0.192133	-0.000002	20.000000	12.000000	1.180000	21.680969
58.845142	261.090240	184.984039	-59.266361	236.936478	6.237026	282.639343	0.652302	-0.159452	-0.334219	-0.000039	0.170349	-0.169412	0.000035	-0.000008	-0.000002	20.000000	12.000000	1.180000	21.644364
24.194225	241.657562	194.739059	-45.804684	217.981552	6.042119	269.515686	0.652302	-0.159452	-0.334219	-0.000039	-0.000024	-0.169412	0.000035	-0.192133	-0.000002	20.000000	16.000000	1.180000	21.132094
24.548899	242.619598	193.655167	-48.427086	217.623917	5.652307	269.098022	0.652302	-0.159452	-0.334219	-0.000039	0.170349	-0.169412	0.000035	0.000002	-0.000002	20.000000	16.000000	1.180000	21.130976
23.833117	240.887955	194.558411	-44.580894	217.623917	5.847221	268.617767	0.815184	-0.159452	-0.334219	-0.000039	-0.000024	-0.169412	0.000035	-0.192133	-0.000002	20.000000	16.000000	1.180000	21.103881
24.909912	240.695557	194.016464	-44.231239	216.372192	5.847213	267.977448	0.652302	-0.159452	-0.334219	-0.179846	-0.000024	-0.169412	-0.185214	-0.192133	-0.000002	20.000000	16.000000	1.180000	21.078154
-14.958526	240.695557	211.358719	-50.350185	205.464172	5.652307	274.637115	0.652302	-0.159452	-0.334219	-0.000039	-0.000024	-0.169412	0.000035	-0.192133	-0.000002	20.000000	20.000000	1.180000	21.351966
-13.152855	240.118332	210.997421	-50.350185	206.358261	5.457409	275.341217	0.815184	-0.159452	-0.334219	-0.000039	0.170349	-0.169412	0.000035	-0.192133	0.175672	20.000000	20.000000	1.180000	21.387618
-14.233911	241.080368	212.261963	-49.825706	207.073547	5.652315	276.141663	0.815184	-0.159452	-0.334219	-0.000039	-0.000024	-0.169412	0.000035	-0.192133	-0.000002	20.000000	20.000000	1.180000	21.411598
-14.774442	242.234787	213.526489	-50.525009	207.610016	5.847213	277.037781	0.652302	-0.159452	-0.334219	-0.000039	0.170349	-0.169412	0.000035	-0.192133	-0.000002	20.000000	20.000000	1.180000	21.439334
-65.403923	242.811966	238.094696	-72.553223	197.774918	6.431931	292.630096	0.815184	-0.159452	-0.334219	-0.000039	-0.000024	-0.169412	0.000035	-0.000008	-0.000002	20.000000	24.000000	1.180000	22.024568
-67.025505	244.543610	238.817291	-72.378387	198.311371	6.237026	293.430481	0.815184	-0.159452	-0.334219	-0.000039	-0.000024	-0.169412	0.000035	-0.192133	-0.000002	20.000000	24.000000	1.180000	22.062832
-65.223747	243.966415	239.720535	-72.553223	198.669006	6.237033	294.070862	0.652145	-0.159452	-0.334219	-0.000039	-0.000024	-0.169412	0.000035	-0.192133	-0.000002	20.000000	24.000000	1.180000	22.087416
-64.700134	244.351196	238.817291	-73.777008	197.774918	6.042128	294.711182	0.489228	-0.159452	-0.334219	-0.000039	0.170349	-0.169412	0.000035	-0.192133	-0.000002	20.000000	24.000000	1.180000	22.119440
-116.934296	240.887955	263.566132	-107.693451	183.111679	6.626846	309.918976	0.815184	-0.159452	-0.334219	-0.000039	0.170349	-0.169412	0.000035	-0.192133	-0.000002	20.000000	28.000000	1.180000	22.672768
-116.033394	241.657562	263.024170	-107.868271	182.396393	6.626838	310.399200	0.652302	-0.159452	-0.334219	-0.000039	-0.000024	-0.169412	0.000035	-0.192133	-0.000002	20.000000	28.000000	1.180000	22.690712
-115.342857	241.657562	264.469360	-108.217941	183.826950	6.626838	310.807251	0.652302	-0.159452	-0.334219	-0.000039	-0.000024	-0.169412	0.000035	-0.192133	-0.000002	20.000000	28.000000	1.180000	22.705947
-116.213577	240.887955	263.204834	-106.469666	182.575211	6.431940	311.679840	0.815184	-0.159452	-0.334219	-0.179846	-0.000024	-0.169412	0.000035	-0.192133	-0.000002	20.000000	28.000000	1.180000	22.745754
-170.086227	232.229843	283.076172	-157.344330	157.003952	7.016650	325.606995	0.489228	-0.159452	-0.334219	-0.000039	-0.000024	-0.169412	0.000035	-0.192133	-0.000002	20.000000	32.000000	1.180000	23.237547
-171.212051	232.807053	281.992279	-161.190521	154.858124	7.016650	325.927185	0.652302	-0.159452	-0.334219	-0.000039	-0.000024	-0.169412	0.000035	-0.192133	-0.000002	20.000000	32.000000	1.180000	23.249222
-173.869934	234.538681	285.063293	-159.617081	158.255692	6.821744	326.567505	0.652145	-0.159452	-0.334219	-0.000039	-0.000024	-0.169412	0.000035	-0.192133	-0.000002	20.000000	32.000000	1.180000	23.279647
-169.950485	235.693100	282.172913	-156.645020	158.434525	6.821752	326.887665	0.652302	-0.159452	-0.334219	-0.000039	-0.000024	-0.169412	0.000035	-0.192133	-0.000002	20.000000	32.000000	1.180000	23.291299
-224.679581	216.645248	296.986084	-213.114151	120.167030	7.016659	338.253479	0.652145	-0.159452	-0.334219	-0.179846	0.170349	-0.169412	-0.185214	-0.192133	-0.000002	20.000000	36.000000	1.180000	23.694268
-227.202057	217.992065	297.166748	-216.785507	120.882324	7.016659	338.733734	0.652145	-0.159452	-0.334219	-0.000039	-0.000024	-0.169412	0.000035	-0.000008	-0.000002	20.000000	36.000000	1.180000	23.711439
-228.823624	216.837646	298.973236	-213.638641	119.630577	7.016650	338.893799	0.652302	-0.159452	-0.334219	-0.000039	-0.000024	-0.169412	0.000035	-0.192133	-0.000002	20.000000	36.000000	1.180000	23.717159
-228.643463	218.376846	299.334534	-216.261047	121.239975	7.211556	339.534149	0.815184	-0.159452	-0.334219	-0.000039	-0.000024	-0.169412	-0.185214	-0.192133	-0.000002	20.000000	36.000000	1.180000	23.733071
-254.114746	176.433121	276.211517	-238.988556	65.448135	6.821744	317.529114	0.652302	-0.159452	-0.334219	-0.000039	0.170349	-0.169412	0.000035	-0.192133	-0.000002	20.000000	40.000000	1.180000	22.948260
-256.210388	176.433121	277.114777	-239.862701	66.342224	6.821752	316.962585	0.815184	-0.159452	-0.334219	-0.000039	-0.000024	-0.169412	0.000035	-0.192133	-0.000002	20.000000	40.000000	1.180000	22.927330
-256.210388	177.010330	277.656708	-238.464066	67.951607	6.626838	315.768646	0.489228	-0.159452	-0.334219	-0.000039	0.170349	-0.169412	0.000035	-0.192133	-0.000002	20.000000	40.000000	1.180000	22.890373
-256.931122	176.048325	277.295410	-238.638901	67.415154	6.431940	315.361755	0.652145	-0.159452	-0.334219	-0.179846	-0.000024	-0.169412	0.000035	-0.192133	-0.000002	20.000000	40.000000	1.180000	22.882523
-277.291016	133.527359	254.533707	-261.191589	12.159780	6.237026	294.871246	0.652145	-0.159452	-0.334219	-0.000039	-0.000024	-0.169412	-0.185214	-0.192133	-0.000002	20.000000	44.000000	1.180000	22.118104
-274.768524	132.372940	252.727219	-258.569183	11.623320	6.431931	294.002533	0.489228	-0.159452	-0.334219	-0.179846	-0.000024	-0.169412	0.000035	-0.192133	-0.000002	20.000000	44.000000	1.180000	22.077314
-277.291016	132.565353	252.004623	-258.744019	10.729220	5.847213	293.042267	0.652302	-0.159452	-0.334219	-0.000039	-0.000024	-0.169412	0.000035	-0.192133	-0.000002	20.000000	44.000000	1.180000	22.062894
-276.209961	131.218536	252.907867	-256.646088	11.980959	5.847213	292.470001	0.652302	-0.159452	-0.334219	-0.179846	-0.000024	-0.169412	0.000035	-0.192133	-0.000002	20.000000	44.000000	1.180000	22.040902
214.859055	123.714836	-319.232391	-324.653809	-53.877781	5.652307	272.940002	0.815184	-0.159452	-0.334219	-0.000039	-0.000024	-0.169412	0.000035	-0.192133	-0.000002	24.000000	-44.000000	1.180000	21.284501
215.163773	123.714836	-316.886414	-324.129303	-53.342571	5.847213	272.236420	0.489228	-0.159452	-0.334219	-0.000039	-0.000024	-0.169412	0.000035	-0.192133	-0.000002	24.000000	-44.000000	1.180000	21.248698
213.900238	124.676849	-316.705963	-323.604828	-51.380138	5.652307	271.979492	0.652302	-0.159452	-0.334219	-0.000039	-0.000024	-0.169412	0.000035	-0.192133	-0.000002	24.000000	-44.000000	1.180000	21.246223
214.261246	125.061653	-315.803650	-322.905518	-52.093750	5.457400	271.499268	0.489228	-0.159452	-0.334219	-0.000039	-0.000024	-0.169412	0.000035	-0.192133	-0.000002	24.000000	-44.000000	1.180000	21.234840
217.928497	150.651184	-280.794556	-285.142883	-5.887306	5.457400	268.777863	0.815184	-0.159452	-0.334219	-0.000039	0.170349	-0.169412	0.000035	-0.192133	-0.000002	24.000000	-40.000000	1.180000	21.125953
218.051880	150.266373	-281.516418	-284.968079	-6.065711	5.457409	269.578278	0.652302	-0.159452	-0.334219	-0.000039	-0.000024	-0.169412	0.000035	-0.192133	-0.000002	24.000000	-40.000000	1.180000	21.158037
218.289566	149.689163	-281.516418	-286.541504	-7.314534	5.652315	270.218597	0.652145	-0.159452	-0.334219	-0.000039	-0.000024	-0.169412	0.000035	-0.192133	-0.000002	24.000000	-40.000000	1.180000	21.175869
218.470139	151.805603	-279.711823	-284.968079	-3.924871	5.652307	271.019012	0.652302	-0.159452	-0.334219	-0.000039	-0.000024	-0.169412	0.000035	-0.000008	-0.000002	24.000000	-40.000000	1.180000	21.207877
235.081070	186.630447	-263.650940	-262.765015	39.340416	5.847221	287.507477	0.815184	-0.159452	-0.334219	-0.000039	-0.000024	-0.169412	0.000035	-0.192133	-0.000002	24.000000	-36.000000	1.180000	21.849262
235.380508	187.592453	-262.929108	-262.939850	40.592152	6.042119	287.987732	0.489228	-0.159452	-0.334219	-0.000039	-0.000024	-0.169412	0.000035	-0.192133	-0.000002	24.000000	-36.000000	1.180000	21.860328
235.380508	186.630447	-263.831390	-262.939850	40.234516	6.237026	288.788116	0.652302	-0.159452	-0.334219	-0.000039	-0.000024	-0.169412	0.000035	-0.192133	-0.000002	24.000000	-36.000000	1.180000	21.883787
236.344955	187.592453	-264.011871	-265.212616	39.161594	5.847221	289.428436	0.652145	-0.159452	-0.334219	-0.000039	-0.000024	-0.169412	0.000035	-0.192133	-0.000002	24.000000	-36.000000	1.180000	21.923643
247.539291	219.916092	-240.732620	-237.764771	83.151306	6.626846	305.436646	0.815184	-0.159452	-0.334219	-0.000039	-0.000024	-0.169412	0.000035	-0.192133	-0.000002	24.000000	-32.000000	1.180000	22.504606
248.261505	220.300903	-241.454468	-237.939575	82.793663	6.821744	306.237091	0.652302	-0.159452	-0.334219	-0.000039	-0.000024	-0.169412	0.000035	-0.192133	-0.000002	24.000000	-32.000000	1.180000	22.527397
249.886490	222.224915	-240.913086	-236.715790	83.330124	6.237033	306.557251	0.652145	-0.159452	-0.334219	-0.000039	-0.000024	-0.169412	-0.185214	-0.192133	-0.000002	24.000000	-32.000000	1.180000	22.561412
249.099014	222.802109	-241.995834	-239.862701	84.760689	6.237026	307.357635	0.652302	-0.159452	-0.334219	-0.179846	-0.000024	-0.169412	0.000035	-0.192133	-0.000002	24.000000	-32.000000	1.180000	22.591457
255.777756	250.892883	-206.806290	-210.666580	125.352829	6.626846	320.964630	0.652302	-0.159452	-0.334219	-0.179846	-0.000024	-0.169412	0.000035	0.000002	-0.000002	24.000000	-28.000000	1.180000	23.081938
257.582825	253.009323	-209.693634	-212.589661	127.319839	6.821744	321.604980	0.652302	-0.159452	-0.334219	-0.000039	-0.000024	-0.169412	0.000035	0.000002	-0.000002	24.000000	-28.000000	1.180000	23.098288
258.553101	254.163727	-207.708572	-212.240005	127.319839	7.016650	322.405365	0.652145	-0.159452	-0.334219	-0.000039	-0.000024	-0.169412	-0.185214	-0.192133	-0.000002	24.000000	-28.000000	1.180000	23.120491
258.191986	253.586517	-205.362610	-209.792435	130.180969	7.016650	322.885620	0.815184	-0.159452	-0.334219	-0.179846	0.170349	-0.169412	-0.185214	-0.192133	-0.000002	24.000000	-28.000000	1.180000	23.138088
261.080841	279.368469	-166.202957	-182.519424	165.229675	7.016650	334.091370	0.652302	-0.159452	-0.334219	-0.000039	0.170349	-0.169412	0.000035	-0.192133	-0.000002	24.000000	-24.000000	1.180000	23.544934
263.247498	282.446899	-167.285706	-185.141815	166.123764	7.016650	334.731689	0.652302	-0.159452	-0.334219	-0.000039	-0.000024	-0.169412	0.000035	-0.192133	-0.000002	24.000000	-24.000000	1.180000	23.567970
263.247498	280.138062	-166.563889	-180.246674	168.627243	6.821752	335.532104	0.815184	-0.159452	-0.334219	-0.000039	-0.000024	-0.169412	0.000035	-0.192133	-0.000002	24.000000	-24.000000	1.180000	23.603733
263.247498	282.639313	-164.398376	-181.120804	170.415451	7.016650	336.012329	0.815184	-0.159452	-0.334219	-0.000039	-0.000024	-0.169412	0.000035	-0.192133	-0.000002	24.000000	-24.000000	1.180000	23.613974
241.517731	285.332947	-103.764061	-132.169235	192.231491	6.821744	323.365845	0.652302	-0.159452	-0.334219	-0.000039	-0.000024	-0.169412	0.000035	-0.192133	-0.000002	24.000000	-20.000000	1.180000	23.162803
243.142288	282.446899	-102.320381	-130.246124	191.516220	6.431931	322.085205	0.652302	-0.159452	-0.334219	-0.000039	-0.000024	-0.169412	0.000035	-0.192133	-0.000002	24.000000	-20.000000	1.180000	23.130186
240.497711	282.446899	-104.124977	-133.567871	190.622101	6.431940	321.124725	0.815184	-0.159452	-0.334219	-0.000039	0.170349	-0.169412	0.000035	-0.192133	-0.000002	24.000000	-20.000000	1.180000	23.094969
240.497711	281.100098	-103.042221	-131.469940	190.979752	6.626838	320.004120	0.815184	-0.159452	-0.334219	-0.179846	-0.000024	-0.169412	0.000035	-0.192133	-0.000002	24.000000	-20.000000	1.180000	23.046647
211.373138	270.133148	-43.129757	-102.448639	197.417267	6.237026	298.232971	0.652302	-0.159452	-0.334219	-0.000039	-0.000024	-0.169412	0.000035	-0.192133	-0.000002	24.000000	-16.000000	1.180000	22.246536
210.525772	271.095154	-41.325165	-102.798302	198.669006	6.237033	297.432556	0.815184	-0.159452	-0.334219	-0.000039	-0.000024	-0.169412	0.000035	-0.192133	-0.000002	24.000000	-16.000000	1.180000	22.216024
209.623001	268.401520	-42.046997	-102.448639	195.271439	6.431931	296.632141	0.652145	-0.159452	-0.334219	-0.000039	-0.000024	-0.169412	0.000035	-0.192133	-0.000002	24.000000	-16.000000	1.180000	22.178024
210.651108	269.748322	-42.768837	-102.798302	196.523163	6.431931	295.991821	0.489228	-0.159452	-0.334219	-0.000039	-0.000024	-0.169412	0.000035	-0.192133	-0.000002	24.000000	-16.000000	1.180000	22.153543
186.692657	260.705414	5.419432	-90.035919	201.351318	6.042119	279.983612	0.815184	-0.159452	-0.334219	-0.000039	0.170349	-0.169412	0.000035	-0.192133	-0.000002	24.000000	-12.000000	1.180000	21.547799
185.428787	261.282623	5.058135	-91.784195	200.814850	5.847213	279.503357	0.652302	-0.159452	-0.334219	-0.000039	-0.000024	-0.169412	0.000035	-0.192133	-0.000002	24.000000	-12.000000	1.180000	21.536573
185.428787	260.897827	5.600080	-90.560394	201.172501	5.847221	279.023132	0.652302	-0.159452	-0.334219	-0.000039	-0.000024	-0.169412	0.000035	-0.192133	-0.000002	24.000000	-12.000000	1.180000	21.517667
183.081589	258.588989	5.419432	-91.259712	200.278381	5.652315	278.382782	0.815184	-0.159452	-0.334219	-0.000039	0.170349	0.000016	0.000035	-0.192133	-0.000002	24.000000	-12.000000	1.180000	21.500117
160.831314	253.201721	40.284592	-85.140762	202.066589	5.847213	265.674591	0.652302	-0.159452	-0.334219	-0.000039	0.170349	-0.169412	0.000035	-0.192133	-0.000002	24.000000	-8.000000	1.180000	20.985362
160.831314	252.816910	39.923294	-85.315598	200.457199	5.652307	265.034424	0.652302	-0.159452	-0.334219	-0.000039	0.170349	-0.169412	0.000035	-0.192133	-0.000002	24.000000	-8.000000	1.180000	20.967372
159.206757	251.085281	39.923294	-85.490417	200.457199	5.652307	264.615723	0.652302	-0.159452	-0.334219	-0.000039	0.170349	-0.169412	0.000035	-0.192133	-0.000002	24.000000	-8.000000	1.180000	20.950442
158.887375	251.085281	39.200703	-85.665245	198.490189	5.652307	264.234161	0.652302	-0.159452	-0.334219	-0.000039	0.170349	-0.169412	0.000035	-0.192133	-0.000002	24.000000	-8.000000	1.180000	20.935002
146.970825	267.439514	72.259369	-90.735237	217.445099	5.652315	278.062622	0.815184	-0.159452	-0.334219	-0.000039	0.170349	-0.169412	0.000035	-0.192133	-0.000002	24.000000	-4.000000	1.180000	21.487494
145.345840	268.786316	71.898079	-93.532455	219.233292	5.847213	278.863037	0.489228	-0.159452	-0.334219	-0.000039	-0.000024	-0.169412	0.000035	-0.192133	-0.000002	24.000000	-4.000000	1.180000	21.511362
145.887497	268.209106	71.536781	-93.182808	217.623917	6.042119	279.503357	0.815184	-0.159452	-0.334219	-0.000039	-0.000024	-0.169412	0.000035	-0.192133	-0.000002	24.000000	-4.000000	1.180000	21.528902
146.248596	269.363525	72.620674	-93.882118	220.306229	5.847221	280.143677	0.652145	-0.159452	-0.334219	-0.000039	-0.000024	-0.169412	0.000035	-0.192133	-0.000002	24.000000	-4.000000	1.180000	21.561754
129.062164	287.641754	104.776100	-98.777283	235.863571	6.237026	296.952332	0.489228	-0.159452	-0.334219	-0.179846	-0.000024	-0.169412	-0.185214	-0.192133	-0.000002	24.000000	0.000000	1.180000	22.197698
128.012680	288.218964	104.956749	-102.098991	238.009415	6.042128	297.752716	0.815184	-0.159452	-0.334219	-0.000039	-0.000024	-0.169412	0.000035	-0.192133	-0.000002	24.000000	0.000000	1.180000	22.235664
128.012680	289.758179	104.053505	-103.847267	237.830597	6.042128	298.393036	0.489228	-0.159452	-0.334219	-0.000039	-0.000024	-0.169412	0.000035	-0.192133	-0.000002	24.000000	0.000000	1.180000	22.260055
128.734894	290.335419	105.498695	-100.875206	237.472931	6.431931	299.193451	0.652302	-0.159452	-0.334219	-0.000039	-0.000024	-0.169412	0.000035	-0.192133	-0.000002	24.000000	0.000000	1.180000	22.275680
107.429535	304.188354	135.847656	-107.693451	248.023331	6.821744	314.081085	0.815184	-0.159452	-0.334219	-0.179846	-0.000024	-0.169412	0.000035	-0.192133	-0.000002	24.000000	4.000000	1.180000	22.820573
106.679359	304.188354	138.376724	-106.469666	251.420914	6.626838	314.721405	0.489228	-0.159452	-0.334219	-0.000039	-0.000024	-0.169412	0.000035	-0.192133	-0.175406	24.000000	4.000000	1.180000	22.851569
107.790649	302.456757	137.834778	-103.847267	250.347977	6.626846	315.361755	0.652145	-0.159452	-0.334219	-0.179846	-0.000024	-0.169412	0.000035	-0.192133	-0.000002	24.000000	4.000000	1.180000	22.875304
108.151749	306.304810	138.015427	-107.343796	251.778549	6.431940	315.842010	0.815184	-0.159452	-0.334219	-0.000039	-0.000024	-0.169412	0.000035	-0.192133	-0.000002	24.000000	4.000000	1.180000	22.900302
78.520348	313.038910	170.532166	-110.665512	254.818466	7.016650	327.611969	0.652302	-0.159452	-0.334219	-0.000039	-0.000024	-0.169412	0.000035	-0.192133	-0.000002	24.000000	8.000000	1.180000	23.310553
80.144905	314.385712	169.086975	-112.238953	254.282013	6.821752	328.008240	0.489228	-0.159452	-0.334219	-0.179846	-0.000024	-0.169412	-0.185214	-0.192133	-0.000002	24.000000	8.000000	1.180000	23.332036
78.721474	315.347717	171.435394	-112.064140	256.249054	6.821744	328.412170	0.652302	-0.159452	-0.334219	-0.000039	-0.000024	-0.169412	0.000035	-0.192133	-0.000002	24.000000	8.000000	1.180000	23.346702
76.013168	316.886932	170.170868	-115.910309	255.354950	6.626846	328.968719	0.815184	-0.159452	-0.334219	-0.000039	-0.000024	-0.169412	0.000035	-0.192133	-0.000002	24.000000	8.000000	1.180000	23.373963
41.527393	324.583038	201.423050	-119.931351	255.533768	7.016659	339.694244	0.652145	-0.159452	-0.334219	-0.000039	0.170349	-0.169412	0.000035	-0.192133	-0.000002	24.000000	12.000000	1.180000	23.745743
44.957912	320.734985	201.964996	-114.511711	255.176132	7.016650	339.053894	0.652302	-0.159452	-0.334219	-0.000039	-0.000024	-0.169412	0.000035	-0.192133	-0.000002	24.000000	12.000000	1.180000	23.722879
45.138470	320.542572	200.158508	-115.560661	254.818466	7.211556	337.773254	0.652145	-0.159452	-0.334219	-0.000039	-0.000024	-0.169412	0.000035	-0.192133	-0.000002	24.000000	12.000000	1.180000	23.670109
39.541302	321.312225	202.868240	-115.735497	254.103195	7.211556	336.812775	0.652302	-0.159452	-0.334219	-0.179846	-0.000024	-0.169412	0.000035	-0.192133	-0.000002	24.000000	12.000000	1.180000	23.635696
0.722228	291.874634	203.590820	-107.868271	223.524994	6.821744	311.199615	0.489228	-0.159452	-0.334219	-0.000039	-0.000024	-0.169412	0.000035	-0.192133	-0.000002	24.000000	16.000000	1.180000	22.713315
1.444445	289.565765	203.590820	-106.120010	223.346176	6.821744	310.239136	0.815184	-0.159452	-0.334219	-0.000039	0.170349	-0.169412	0.000035	-0.192133	-0.000002	24.000000	16.000000	1.180000	22.677450
-0.180177	289.181000	200.700455	-105.945190	219.769775	6.626838	309.118561	0.815184	-0.159452	-0.334219	-0.000039	-0.000024	-0.169412	0.000035	-0.192133	-0.000002	24.000000	16.000000	1.180000	22.642832
2.527767	288.026581	200.158508	-103.497604	219.769775	6.431940	308.318146	0.652145	-0.159452	-0.334219	-0.000039	-0.000024	-0.169412	-0.185214	-0.000008	-0.000002	24.000000	16.000000	1.180000	22.620158
-36.035221	263.591461	207.023148	-96.154869	195.986710	5.847221	290.869202	0.652145	-0.159452	-0.334219	-0.179846	-0.000024	-0.169412	0.000035	-0.192133	-0.175406	24.000000	20.000000	1.180000	21.979265
-38.027100	262.629456	204.313416	-97.553482	192.589127	5.847213	289.908691	0.652302	-0.159452	-0.334219	-0.179846	-0.000024	-0.169412	0.000035	-0.192133	-0.000002	24.000000	20.000000	1.180000	21.942200
-38.027100	262.629456	206.481201	-96.854179	194.734970	5.847221	289.588531	0.489228	-0.318905	-0.334219	-0.000039	-0.000024	-0.169412	-0.185214	-0.192133	-0.000002	24.000000	20.000000	1.180000	21.929830
-36.215393	262.244629	205.397308	-96.504517	194.019684	6.237033	289.108276	0.652145	-0.159452	-0.334219	-0.000039	-0.000024	-0.169412	0.000035	-0.192133	-0.000002	24.000000	20.000000	1.180000	21.896182
-80.178360	238.963928	208.287704	-108.917244	165.587311	5.847213	275.181122	0.489228	-0.159452	-0.334219	-0.000039	0.170349	-0.169412	0.000035	-0.192133	-0.000002	24.000000	24.000000	1.180000	21.365818
-79.277481	238.001923	208.287704	-108.742401	165.408493	6.042119	274.957184	0.489228	-0.159452	-0.334219	-0.179846	-0.000024	-0.169412	0.000035	-0.192133	-0.000002	24.000000	24.000000	1.180000	21.349198
-80.899071	237.424698	207.203796	-108.043106	163.083832	6.042119	274.540802	0.815184	-0.159452	-0.334219	-0.000039	-0.000024	-0.169412	0.000035	-0.192133	-0.000002	24.000000	24.000000	1.180000	21.332663
-78.736954	237.232315	205.758606	-106.994148	163.620300	5.652315	273.740417	0.652302	-0.159452	-0.334219	-0.179846	-0.000024	-0.169412	0.000035	-0.192133	-0.000002	24.000000	24.000000	1.180000	21.316346
-122.880089	219.146469	210.997421	-131.644745	137.154938	5.847213	267.435089	0.652302	-0.159452	-0.334219	-0.000039	-0.000024	-0.169412	-0.185214	-0.192133	-0.000002	24.000000	28.000000	1.180000	21.056336
-119.636917	217.222458	209.913528	-131.295105	136.618484	5.652307	268.075256	0.489228	-0.159452	-0.334219	-0.000039	-0.000024	-0.169412	0.000035	-0.192133	-0.000002	24.000000	28.000000	1.180000	21.089918
-122.371559	220.108475	210.816772	-132.868546	135.903198	5.847213	268.875488	0.489228	-0.318905	-0.334219	-0.000039	-0.000024	-0.169412	0.000035	-0.192133	-0.000002	24.000000	28.000000	1.180000	21.114229
-124.501678	221.070480	211.539368	-136.539917	137.154938	5.847213	269.738373	0.489228	-0.159452	-0.334219	-0.000039	-0.000024	-0.169412	0.000035	-0.192133	-0.000002	24.000000	28.000000	1.180000	21.148834
-177.293289	219.338882	232.494598	-181.994949	118.021210	6.237026	288.147797	0.815184	-0.159452	-0.334219	-0.179846	-0.000024	-0.169412	-0.185214	-0.192133	-0.000002	24.000000	32.000000	1.180000	21.858977
-177.113098	219.146469	233.217194	-182.519424	117.663567	6.042128	289.108276	0.652145	-0.159452	-0.334219	-0.179846	-0.000024	-0.169412	0.000035	-0.192133	-0.000002	24.000000	32.000000	1.180000	21.903725
-177.833801	219.146469	233.036530	-183.043900	117.484749	6.237026	289.841339	0.652302	-0.159452	-0.334219	-0.179846	-0.000024	-0.169412	0.000035	-0.192133	-0.000002	24.000000	32.000000	1.180000	21.924536
-175.671692	219.916092	232.313950	-182.169785	117.842384	6.042128	290.549011	0.815184	-0.159452	-0.501332	-0.179846	-0.000024	-0.169412	0.000035	-0.192133	-0.000002	24.000000	32.000000	1.180000	21.959396
-229.003799	210.488358	250.559433	-238.114426	89.588821	6.237026	307.037476	0.815184	-0.159452	-0.334219	-0.000039	-0.000024	-0.169412	0.000035	-0.000008	-0.000002	24.000000	36.000000	1.180000	22.579443
-232.427155	211.642776	251.101395	-239.862701	88.694733	6.431940	307.517731	0.652302	-0.159452	-0.334219	-0.179846	-0.000024	-0.169412	0.000035	-0.192133	-0.000002	24.000000	36.000000	1.180000	22.590150
-232.427155	214.721222	251.101395	-241.261292	90.661743	6.431940	308.478210	0.652145	-0.159452	-0.334219	-0.000039	-0.000024	-0.169412	0.000035	-0.192133	-0.000002	24.000000	36.000000	1.180000	22.626153
-231.346100	213.566803	251.823990	-240.561996	90.482925	6.431940	308.958466	0.652145	-0.159452	-0.334219	-0.000039	-0.000024	-0.169412	0.000035	-0.192133	-0.000002	24.000000	36.000000	1.180000	22.644134
-281.435059	194.326553	260.675751	-285.667358	50.069614	6.626838	321.444885	0.652302	-0.159452	-0.334219	-0.000039	-0.000024	-0.169412	0.000035	-0.000008	-0.000002	24.000000	40.000000	1.180000	23.099565
-281.795410	194.134155	259.772522	-285.142883	50.069614	6.821744	321.925140	0.815184	-0.159452	-0.334219	-0.000039	-0.000024	-0.169412	0.000035	-0.192133	-0.000002	24.000000	40.000000	1.180000	23.110031
-276.209961	194.518951	259.411224	-280.947021	51.678993	6.821744	322.405365	0.652302	-0.159452	-0.334219	-0.000039	-0.000024	-0.169412	0.000035	0.000002	-0.000002	24.000000	40.000000	1.180000	23.127635
-281.074707	193.556946	262.843536	-286.891144	50.069614	7.016650	323.205780	0.489228	-0.159452	-0.334219	-0.000039	0.170349	-0.169412	0.000035	-0.192133	-0.000002	24.000000	40.000000	1.180000	23.149811
-329.542053	171.238251	265.914551	-332.171356	4.470521	6.626846	335.211945	0.652145	-0.159452	-0.334219	-0.000039	0.170349	-0.169412	0.000035	-0.192133	-0.000002	24.000000	44.000000	1.180000	23.599235
-334.226654	171.045853	266.456512	-330.947571	3.039960	6.626838	335.852264	0.652302	-0.159452	-0.334219	-0.000039	-0.000024	-0.169412	0.000035	-0.192133	-0.000002	24.000000	44.000000	1.180000	23.622219
-331.524017	169.699036	267.359741	-331.821716	1.788221	6.626846	336.492615	0.652145	-0.159452	-0.334219	-0.179846	-0.000024	-0.169412	0.000035	-0.192133	-0.000002	24.000000	44.000000	1.180000	23.645180
-335.127533	170.468643	266.275879	-332.520996	1.788221	6.626846	336.972839	0.489228	-0.159452	-0.334219	-0.000039	-0.000024	-0.169412	0.000035	-0.192133	-0.000002	24.000000	44.000000	1.180000	23.662386
222.081207	153.922028	-391.957458	-400.179077	-76.534988	6.431931	311.679840	0.652145	-0.159452	-0.334219	-0.000039	0.170349	-0.169412	0.000035	-0.192133	-0.000002	28.000000	-44.000000	1.180000	22.745754
220.817337	153.537216	-388.348267	-396.857361	-74.394157	6.431940	310.559296	0.652145	-0.159452	-0.334219	-0.000039	-0.000024	-0.169412	0.000035	-0.192133	-0.000002	28.000000	-44.000000	1.180000	22.703966
222.745041	153.537216	-390.333344	-397.556671	-74.929375	6.431931	309.918976	0.489228	-0.159452	-0.334219	-0.000039	-0.000024	-0.169412	-0.185214	-0.192133	-0.000002	28.000000	-44.000000	1.180000	22.680053
221.120499	152.767624	-389.611481	-398.605652	-76.178185	6.431940	309.118561	0.489228	-0.159452	-0.334219	-0.179846	-0.000024	-0.169412	-0.185214	-0.192133	-0.000002	28.000000	-44.000000	1.180000	22.650125
212.095169	172.392670	-322.841583	-333.045502	-22.122004	6.431931	291.601868	0.652302	-0.159452	-0.334219	-0.000039	-0.000024	-0.169412	0.000035	-0.192133	-0.000002	28.000000	-40.000000	1.180000	21.984969
213.053513	172.200272	-327.533508	-337.066498	-25.333261	5.847213	290.961670	0.652302	-0.159452	-0.334219	-0.000039	-0.000024	-0.169412	0.000035	-0.192133	-0.000002	28.000000	-40.000000	1.180000	21.982831
211.734161	170.661041	-323.022034	-333.220337	-24.619648	6.237026	290.228851	0.489228	-0.159452	-0.334219	-0.000039	-0.000024	-0.169412	0.000035	-0.000008	-0.000002	28.000000	-40.000000	1.180000	21.939509
211.970200	171.815460	-326.089844	-334.968597	-24.619648	6.042128	289.748627	0.815184	-0.159452	-0.334219	-0.000039	-0.000024	-0.169412	0.000035	-0.192133	-0.000002	28.000000	-40.000000	1.180000	21.928486
204.025833	186.630447	-273.756683	-279.548431	17.166739	5.652307	276.237549	0.652302	-0.159452	-0.334219	-0.000039	-0.000024	-0.169412	-0.185214	-0.192133	-0.000002	28.000000	-36.000000	1.180000	21.415393
204.386932	187.207657	-272.493439	-278.149811	18.776117	5.652307	275.757416	0.489228	-0.159452	-0.334219	-0.000039	-0.000024	-0.169412	0.000035	-0.192133	-0.000002	28.000000	-36.000000	1.180000	21.396384
205.055405	186.630447	-272.673889	-278.674286	18.418478	6.042119	275.181122	0.652302	-0.159452	-0.334219	-0.179846	0.170349	-0.169412	-0.185214	-0.192133	-0.000002	28.000000	-36.000000	1.180000	21.358085
204.567490	185.476044	-273.215271	-279.723236	17.166739	5.847213	274.637115	0.652302	-0.159452	-0.334219	-0.000039	-0.000024	-0.169412	-0.185214	-0.192133	-0.000002	28.000000	-36.000000	1.180000	21.344229
197.654648	201.253036	-232.972885	-235.317169	52.394276	5.847213	268.555389	0.489228	-0.159452	-0.334219	-0.000039	-0.000024	-0.169412	0.000035	-0.192133	-0.000002	28.000000	-32.000000	1.180000	21.101377
199.331436	202.984665	-235.138382	-236.540955	52.573093	5.847213	269.258118	0.652145	-0.159452	-0.334219	-0.179846	-0.000024	-0.169412	0.000035	-0.192133	-0.000002	28.000000	-32.000000	1.180000	21.129581
199.692535	201.445450	-235.138382	-236.890640	51.142532	5.847213	270.218597	0.815184	-0.159452	-0.334219	-0.179846	-0.000024	-0.169412	-0.185214	-0.192133	-0.000002	28.000000	-32.000000	1.180000	21.168068
199.692535	203.754272	-236.582062	-238.464066	51.321354	5.652315	271.019012	0.815184	-0.159452	-0.334219	-0.000039	-0.000024	-0.169412	0.000035	-0.192133	-0.000002	28.000000	-32.000000	1.180000	21.207877
212.692413	234.731064	-213.122360	-215.561722	89.052368	6.237026	289.588531	0.815184	-0.159452	-0.334219	-0.000039	-0.000024	-0.169412	0.000035	-0.000008	-0.000002	28.000000	-28.000000	1.180000	21.914762
210.525772	233.384247	-210.956848	-214.337936	89.946472	6.237026	290.388947	0.815184	-0.159452	-0.334219	-0.000039	0.170349	-0.169412	0.000035	-0.192133	-0.000002	28.000000	-28.000000	1.180000	21.945692
210.831635	234.346283	-211.678680	-215.736557	90.482925	6.237026	291.121735	0.652302	-0.159452	-0.334219	-0.000039	0.170349	-0.169412	0.000035	-0.192133	-0.000002	28.000000	-28.000000	1.180000	21.973972
212.511856	237.039917	-211.678680	-215.736557	92.092308	6.237026	291.829681	0.815184	-0.159452	-0.334219	-0.000039	-0.000024	-0.169412	0.000035	-0.192133	-0.000002	28.000000	-28.000000	1.180000	22.001258
218.773911	266.669891	-180.820145	-197.030060	126.068108	6.431940	308.478210	0.489228	-0.159452	-0.334219	-0.000039	-0.000024	-0.169412	0.000035	-0.192133	-0.000002	28.000000	-24.000000	1.180000	22.626153
217.567352	265.900269	-176.850052	-194.407669	128.035110	7.016650	309.046753	0.652302	-0.159452	-0.334219	-0.000039	-0.000024	-0.169412	0.000035	-0.192133	-0.000002	28.000000	-24.000000	1.180000	22.625548
220.398468	266.862274	-181.361542	-196.330765	125.352829	6.626846	309.598816	0.652302	-0.159452	-0.334219	-0.179846	-0.000024	-0.169412	0.000035	-0.192133	-0.000002	28.000000	-24.000000	1.180000	22.660800
218.470139	267.054687	-180.639709	-196.505569	126.962196	6.431931	309.918976	0.815184	-0.159452	-0.334219	-0.179846	-0.000024	-0.169412	0.000035	-0.192133	-0.000002	28.000000	-24.000000	1.180000	22.680053
215.400711	289.950592	-134.261673	-175.001846	157.003952	6.626846	322.245300	0.652145	-0.159452	-0.334219	-0.179846	-0.000024	-0.169412	0.000035	-0.192133	-0.000002	28.000000	-20.000000	1.180000	23.128912
218.773911	292.259430	-136.066269	-175.701172	158.255692	6.821744	323.045685	0.652302	-0.159452	-0.501332	-0.179846	-0.000024	-0.338822	-0.185214	-0.192133	-0.000002	28.000000	-20.000000	1.180000	23.151086
219.315430	292.451813	-134.261673	-175.526337	160.222717	7.016650	323.290741	0.489228	-0.159452	-0.334219	-0.179846	-0.000024	-0.169412	0.000035	-0.192133	-0.175406	28.000000	-20.000000	1.180000	23.152921
218.650696	294.953064	-135.885803	-176.750122	161.295639	7.211556	323.930939	0.489228	-0.318905	-0.501332	-0.179846	-0.000024	-0.169412	-0.185214	-0.192133	-0.000002	28.000000	-20.000000	1.180000	23.169215
213.595184	314.193298	-87.883644	-165.736023	188.476273	6.821744	336.652679	0.815184	-0.159452	-0.501332	-0.000039	-0.000024	-0.169412	-0.185214	-0.192133	-0.000002	28.000000	-16.000000	1.180000	23.643931
211.067429	314.962921	-86.079056	-165.561203	189.191559	6.821752	337.132935	0.815184	-0.159452	-0.334219	-0.000039	-0.000024	-0.169412	0.000035	-0.192133	-0.000002	28.000000	-16.000000	1.180000	23.661138
213.956299	316.694550	-86.800888	-165.386368	189.906830	7.211556	337.534729	0.652145	-0.159452	-0.334219	-0.179846	-0.000024	-0.169412	-0.185214	-0.192133	-0.000002	28.000000	-16.000000	1.180000	23.661568
215.400711	315.924927	-87.342270	-164.162582	187.760986	7.211556	338.093414	0.652145	-0.159452	-0.334219	-0.000039	-0.000024	-0.169412	0.000035	-0.192133	-0.000002	28.000000	-16.000000	1.180000	23.681569
184.706573	304.188354	-33.384956	-148.253326	193.483231	6.626846	319.203735	0.652145	-0.159452	-0.334219	-0.000039	0.170349	-0.169412	-0.185214	-0.192133	-0.000002	28.000000	-12.000000	1.180000	23.017197
183.623245	302.841553	-32.663120	-148.428146	193.662048	6.431940	317.762970	0.652145	-0.159452	-0.334219	-0.000039	-0.000024	-0.169412	0.000035	-0.192133	-0.000002	28.000000	-12.000000	1.180000	22.971280
183.081589	304.188354	-35.009090	-150.700897	191.158569	6.431931	316.962585	0.652145	-0.159452	-0.334219	-0.179846	-0.000024	-0.169412	0.000035	-0.192133	-0.000002	28.000000	-12.000000	1.180000	22.941733
183.442688	304.380768	-31.219446	-148.253326	195.092621	6.821752	316.002075	0.652145	-0.159452	-0.334219	-0.000039	-0.000024	-0.169412	0.000035	-0.192133	-0.000002	28.000000	-12.000000	1.180000	22.891799
154.554092	288.603760	9.213051	-138.987503	190.264465	6.431931	296.563232	0.489228	-0.318905	-0.334219	-0.000039	-0.000024	-0.169412	0.000035	0.000002	-0.000002	28.000000	-8.000000	1.180000	22.175390
153.109650	285.525330	9.574347	-137.414062	188.655090	6.431931	295.923065	0.652302	-0.159452	-0.334219	-0.000039	-0.000024	-0.169412	0.000035	-0.192133	-0.000002	28.000000	-8.000000	1.180000	22.150912
151.484665	287.256958	7.225917	-140.910583	189.370377	6.042128	295.191406	0.815184	-0.159452	-0.334219	-0.000039	-0.000024	-0.169412	-0.185214	-0.192133	-0.000002	28.000000	-8.000000	1.180000	22.137831
151.123566	284.948120	8.851753	-138.288177	188.118622	6.237026	294.711182	0.652145	-0.159452	-0.334219	-0.000039	-0.000024	-0.169412	0.000035	-0.192133	-0.000002	28.000000	-8.000000	1.180000	22.111971
124.943260	275.520416	42.633022	-127.973389	187.582169	5.652315	280.623932	0.815184	-0.159452	-0.334219	-0.000039	-0.000024	-0.169412	0.000035	-0.192133	-0.000002	28.000000	-4.000000	1.180000	21.588274
123.859940	274.750793	41.549129	-129.372009	186.330429	5.847213	279.918579	0.815184	-0.159452	-0.334219	-0.000039	-0.000024	-0.169412	0.000035	-0.192133	-0.000002	28.000000	-4.000000	1.180000	21.552906
123.318275	273.403992	42.271725	-128.323044	186.151611	5.652315	279.343292	0.815184	-0.159452	-0.334219	-0.000039	-0.000024	-0.169412	0.000035	-0.192133	-0.000002	28.000000	-4.000000	1.180000	21.537944
122.415497	273.403992	42.994320	-128.497879	185.257523	5.847213	278.863037	0.815184	-0.159452	-0.334219	-0.000039	-0.000024	-0.169412	0.000035	-0.192133	-0.000002	28.000000	-4.000000	1.180000	21.511362
93.346336	260.128204	68.104462	-119.581696	178.283524	5.457409	263.815338	0.815184	-0.159452	-0.334219	-0.000039	-0.000024	-0.169412	0.000035	-0.192133	-0.000002	28.000000	0.000000	1.180000	20.925936
94.224411	261.090240	68.646408	-118.707558	178.462341	5.457409	264.135498	0.489228	-0.159452	-0.334219	-0.000039	-0.000024	-0.169412	0.000035	-0.192133	-0.000002	28.000000	0.000000	1.180000	20.938898
92.780365	260.705414	69.007706	-120.280998	180.071732	5.652307	264.935883	0.652302	-0.159452	-0.334219	-0.000039	-0.000024	-0.169412	0.000035	-0.192133	-0.000002	28.000000	0.000000	1.180000	20.963389
94.249107	261.667419	67.743164	-120.805481	179.177643	5.457409	265.416138	0.815184	-0.159452	-0.334219	-0.000039	-0.000024	-0.169412	0.000035	-0.192133	-0.000002	28.000000	0.000000	1.180000	20.990665
73.304871	279.945679	99.356651	-131.644745	191.337387	5.652307	284.559875	0.489228	-0.159452	-0.334219	-0.179846	-0.000024	-0.169412	0.000035	-0.192133	-0.000002	28.000000	4.000000	1.180000	21.742233
72.221542	280.330475	102.247025	-131.469940	194.377335	6.237026	285.426422	0.652145	-0.159452	-0.334219	-0.000039	-0.000024	-0.169412	0.000035	-0.192133	-0.000002	28.000000	4.000000	1.180000	21.753215
73.846527	282.062103	101.524429	-131.295105	194.556152	5.847221	286.066742	0.815184	-0.159452	-0.334219	-0.179846	-0.000024	-0.169412	0.000035	-0.192133	-0.000002	28.000000	4.000000	1.180000	21.793309
74.929848	283.408905	101.885727	-131.295105	195.986710	6.237026	286.867126	0.489228	-0.159452	-0.334219	-0.000039	-0.000024	-0.169412	0.000035	-0.192133	-0.175406	28.000000	4.000000	1.180000	21.809269
44.957912	297.454285	132.415329	-143.008514	200.636032	6.237026	303.765259	0.815184	-0.159452	-0.334219	-0.000039	0.170349	-0.169412	0.000035	-0.192133	-0.000002	28.000000	8.000000	1.180000	22.456294
42.069054	298.416321	134.221802	-144.581970	200.993668	6.042128	304.476166	0.652145	-0.159452	-0.501332	-0.179846	-0.000024	-0.169412	0.000035	-0.192133	-0.000002	28.000000	8.000000	1.180000	22.490452
42.971821	298.608704	132.957260	-146.330215	200.993668	5.847221	305.276581	0.652145	-0.159452	-0.334219	-0.179846	-0.000024	-0.169412	0.000035	-0.192133	-0.000002	28.000000	8.000000	1.180000	22.527924
41.346836	300.340332	135.666992	-145.980560	202.781860	6.626838	305.916931	0.815184	-0.159452	-0.334219	-0.000039	-0.000024	-0.169412	0.000035	-0.192133	-0.000002	28.000000	8.000000	1.180000	22.522685
4.694412	310.152863	162.222321	-156.295380	201.887772	7.016650	318.809479	0.489228	-0.159452	-0.334219	-0.000039	-0.000024	-0.169412	0.000035	0.000002	-0.000002	28.000000	12.000000	1.180000	22.988310
7.402720	308.613647	163.848160	-156.120529	204.033615	6.821752	319.523895	0.652145	-0.159452	-0.334219	-0.000039	-0.000024	-0.169412	0.000035	-0.192133	-0.000002	28.000000	12.000000	1.180000	23.021808
4.874966	310.152863	163.848160	-156.645020	202.781860	6.821744	319.844055	0.652302	-0.159452	-0.334219	-0.000039	-0.000024	-0.169412	0.000035	-0.192133	-0.000002	28.000000	12.000000	1.180000	23.033590
3.791644	312.076904	166.196594	-155.770889	204.927704	7.211556	320.249908	0.652302	-0.159452	-0.334219	-0.000039	-0.000024	-0.169412	0.000035	-0.192133	-0.000002	28.000000	12.000000	1.180000	23.034181
-39.818920	316.694550	192.209976	-163.288437	200.993668	6.626846	332.970764	0.652145	-0.159452	-0.334219	-0.000039	-0.000024	-0.169412	0.000035	-0.192133	-0.000002	28.000000	16.000000	1.180000	23.518616
-41.260330	318.041351	193.655167	-163.987762	201.887772	7.016650	333.611115	0.815184	-0.159452	-0.334219	-0.000039	-0.000024	-0.169412	-0.185214	-0.192133	-0.000002	28.000000	16.000000	1.180000	23.527642
-41.080151	319.580566	194.377762	-163.638092	202.603043	7.016650	334.173798	0.489228	-0.159452	-0.334219	-0.179846	-0.000024	-0.169412	0.000035	-0.192133	-0.000002	28.000000	16.000000	1.180000	23.547901
-41.440502	319.772980	194.558411	-165.386368	202.960678	7.211556	334.333862	0.652302	-0.159452	-0.334219	-0.000039	-0.000024	-0.169412	-0.185214	0.000002	-0.000002	28.000000	16.000000	1.180000	23.546647
-85.763824	302.071960	208.468338	-162.589142	184.184586	6.626846	326.887665	0.652145	-0.159452	-0.334219	-0.000039	-0.000024	-0.169412	0.000035	-0.192133	-0.000002	28.000000	20.000000	1.180000	23.298389
-90.808762	300.725128	206.842499	-163.638092	180.608185	6.626846	325.606995	0.652145	-0.159452	-0.501332	-0.179846	-0.000024	-0.169412	0.000035	-0.192133	-0.000002	28.000000	20.000000	1.180000	23.251760
-91.169106	302.071960	207.384445	-163.638092	181.502289	6.626838	324.326355	0.815184	-0.159452	-0.334219	-0.179846	-0.000024	-0.169412	0.000035	-0.192133	-0.000002	28.000000	20.000000	1.180000	23.205038
-90.808762	301.302338	205.397308	-163.812927	178.998810	6.821744	323.205780	0.489228	-0.318905	-0.334219	-0.000039	-0.000024	-0.169412	0.000035	-0.192133	-0.000002	28.000000	20.000000	1.180000	23.156945
-124.501678	266.669891	203.229538	-162.589142	149.493515	6.626838	300.884460	0.489228	-0.159452	-0.334219	-0.000039	-0.000024	-0.169412	0.000035	-0.192133	-0.000002	28.000000	24.000000	1.180000	22.332527
-127.564667	266.285095	201.784348	-164.512238	146.632401	6.042128	300.314056	0.652145	-0.159452	-0.334219	-0.000039	-0.000024	-0.169412	-0.185214	-0.192133	-0.000002	28.000000	24.000000	1.180000	22.333070
-127.384514	266.669891	202.687592	-162.938797	147.705307	6.431931	299.673706	0.489228	-0.159452	-0.501332	-0.000039	-0.000024	-0.169412	0.000035	-0.192133	-0.000002	28.000000	24.000000	1.180000	22.293944
-130.087143	266.092682	202.868240	-162.239502	147.347672	6.042128	298.873291	0.652145	-0.159452	-0.334219	-0.179846	-0.000024	-0.169412	-0.185214	-0.000008	-0.000002	28.000000	24.000000	1.180000	22.278331
-161.437790	238.963928	202.326294	-178.498398	118.200027	5.847221	283.985657	0.652145	-0.159452	-0.334219	-0.179846	-0.000024	-0.169412	-0.185214	-0.192133	-0.000002	28.000000	28.000000	1.180000	21.712233
-162.518845	238.386734	202.145645	-180.596313	118.021210	6.042128	283.665497	0.652145	-0.159452	-0.334219	-0.000039	-0.000024	-0.169412	-0.185214	-0.192133	-0.000002	28.000000	28.000000	1.180000	21.692121
-162.518845	238.386734	201.603699	-179.197723	117.484749	5.847221	282.799377	0.489228	-0.159452	-0.334219	-0.000039	-0.000024	-0.169412	0.000035	-0.192133	-0.000002	28.000000	28.000000	1.180000	21.665881
-162.518845	238.194321	201.603699	-180.421509	117.127098	6.042128	282.224762	0.815184	-0.159452	-0.334219	-0.000039	-0.000024	-0.169412	0.000035	-0.192133	-0.000002	28.000000	28.000000	1.180000	21.635762
-190.085785	209.526352	196.003601	-199.302826	84.403046	5.652307	267.114960	0.652145	-0.159452	-0.334219	-0.000039	-0.000024	-0.169412	0.000035	-0.192133	-0.000002	28.000000	32.000000	1.180000	21.051295
-187.923676	209.526352	193.474518	-194.757294	84.581863	5.652307	266.314758	0.489228	-0.159452	-0.334219	-0.000039	-0.000024	-0.169412	0.000035	-0.192133	-0.000002	28.000000	32.000000	1.180000	21.019057
-189.004730	209.718750	193.293869	-198.603500	84.045410	5.847213	265.674591	0.652145	-0.159452	-0.334219	-0.000039	-0.000024	-0.169412	0.000035	-0.192133	-0.000002	28.000000	32.000000	1.180000	20.985362
-189.004730	208.371933	192.029327	-197.729355	82.614845	5.652307	265.095978	0.652145	-0.159452	-0.334219	-0.000039	-0.000024	-0.169412	0.000035	-0.192133	-0.000002	28.000000	32.000000	1.180000	20.969860
-231.886627	200.675842	205.758606	-243.534058	57.937691	6.237026	279.118347	0.652302	-0.159452	-0.334219	-0.179846	-0.000024	-0.169412	0.000035	-0.192133	-0.000002	28.000000	36.000000	1.180000	21.506062
-234.048752	202.792267	204.313416	-243.708893	57.937691	6.042119	279.983612	0.815184	-0.159452	-0.334219	-0.000039	-0.000024	-0.169412	0.000035	-0.192133	-0.000002	28.000000	36.000000	1.180000	21.547799
-231.886627	202.792267	205.577972	-242.310272	59.010616	5.652315	280.623932	0.652145	-0.159452	-0.334219	-0.179846	-0.000024	-0.169412	-0.185214	-0.192133	-0.000002	28.000000	36.000000	1.180000	21.588274
-235.670319	204.523880	207.565094	-244.058548	60.441174	5.847221	281.264252	0.815184	-0.159452	-0.334219	-0.179846	-0.000024	-0.169412	0.000035	-0.192133	-0.000002	28.000000	36.000000	1.180000	21.605752
-282.155762	192.017731	217.320114	-291.611481	25.571278	6.237026	298.963928	0.652145	-0.159452	-0.334219	-0.000039	-0.000024	-0.169412	0.000035	-0.192133	-0.000002	28.000000	40.000000	1.180000	22.274364
-281.435059	192.402527	219.668549	-292.485626	27.001839	6.042128	299.673706	0.652145	-0.159452	-0.334219	-0.000039	-0.000024	-0.169412	0.000035	-0.192133	-0.000002	28.000000	40.000000	1.180000	22.308758
-282.696289	193.941742	217.681427	-290.038055	27.359476	6.042128	300.244293	0.489228	-0.159452	-0.334219	-0.000039	-0.000024	-0.169412	0.000035	-0.192133	-0.000002	28.000000	40.000000	1.180000	22.330422
-286.840332	195.288559	220.029861	-295.807343	26.644197	6.237033	301.204529	0.652145	-0.159452	-0.334219	-0.000039	-0.000024	-0.169412	0.000035	-0.192133	-0.000002	28.000000	40.000000	1.180000	22.359448
-332.965424	176.240707	224.546051	-336.367218	-11.239405	6.431940	315.288483	0.489228	-0.159452	-0.334219	-0.000039	-0.000024	-0.169412	0.000035	-0.192133	-0.000002	28.000000	44.000000	1.180000	22.879809
-332.244720	175.471115	226.171906	-338.814789	-13.737051	6.626838	315.928680	0.652302	-0.159452	-0.334219	-0.000039	-0.000024	-0.169412	0.000035	-0.192133	-0.000002	28.000000	44.000000	1.180000	22.896297
-335.668060	175.471115	226.713837	-342.311340	-15.342680	6.431940	316.162170	0.815184	-0.159452	-0.334219	-0.000039	-0.000024	-0.169412	0.000035	-0.192133	-0.000002	28.000000	44.000000	1.180000	22.912147
-339.271576	176.048325	226.894470	-341.961670	-14.272262	6.431940	316.802490	0.652145	-0.318905	-0.334219	-0.179846	-0.000024	-0.169412	0.000035	-0.192133	-0.000002	28.000000	44.000000	1.180000	22.935818
206.373032	171.815460	-443.027405	-450.179596	-105.257927	6.626846	332.650604	0.652145	-0.159452	-0.334219	-0.000039	-0.000024	-0.169412	0.000035	-0.192133	-0.000002	32.000000	-44.000000	1.180000	23.507076
207.998016	175.086304	-447.177948	-452.452362	-104.544312	7.016659	333.130859	0.652145	-0.159452	-0.334219	-0.179846	-0.000024	-0.169412	0.000035	-0.192133	-0.000002	32.000000	-44.000000	1.180000	23.510337
207.998016	175.855911	-444.110138	-450.529266	-101.689857	6.821752	333.771210	0.652145	-0.318905	-0.334219	-0.179846	-0.000024	-0.169412	0.000035	-0.192133	-0.000002	32.000000	-44.000000	1.180000	23.540425
208.539673	173.931885	-449.523895	-453.676147	-105.436325	6.431940	334.091370	0.815184	-0.159452	-0.334219	-0.000039	-0.000024	-0.169412	0.000035	-0.000008	-0.000002	32.000000	-44.000000	1.180000	23.565970
209.261887	201.445450	-400.799957	-409.619751	-58.159466	7.016650	327.528015	0.652145	-0.159452	-0.334219	-0.000039	-0.000024	-0.169412	-0.185214	-0.192133	-0.000002	32.000000	-40.000000	1.180000	23.307501
210.109604	201.253036	-397.010315	-405.948364	-55.483414	6.626846	326.011505	0.652302	-0.159452	-0.334219	-0.000039	-0.000024	-0.169412	0.000035	-0.000008	-0.000002	32.000000	-40.000000	1.180000	23.266497
209.261887	200.483429	-398.093079	-406.647675	-55.483414	6.821752	324.806610	0.815184	-0.159452	-0.334219	-0.000039	-0.000024	-0.169412	0.000035	-0.192133	-0.000002	32.000000	-40.000000	1.180000	23.215456
207.456345	199.136612	-391.777008	-400.004242	-53.877781	6.821752	323.686005	0.815184	-0.159452	-0.334219	-0.179846	-0.000024	-0.169412	0.000035	-0.192133	-0.175406	32.000000	-40.000000	1.180000	23.174513
198.248108	210.680771	-324.465698	-327.101379	-6.244115	6.237026	301.364594	0.652302	-0.159452	-0.334219	-0.000039	-0.000024	-0.169412	0.000035	0.000002	-0.000002	32.000000	-36.000000	1.180000	22.365514
197.164795	210.295959	-327.353058	-329.548950	-9.098568	6.431931	300.564362	0.489228	-0.159452	-0.334219	-0.000039	-0.000024	-0.169412	0.000035	-0.192133	-0.000002	32.000000	-36.000000	1.180000	22.327775
195.539810	208.756744	-321.397888	-324.304138	-6.422517	6.237033	299.993896	0.652145	-0.159452	-0.334219	-0.000039	-0.000024	-0.169412	0.000035	-0.192133	-0.000002	32.000000	-36.000000	1.180000	22.313516
196.984238	210.680771	-326.992126	-329.723785	-9.098568	6.237026	299.444061	0.815184	-0.159452	-0.334219	-0.000039	-0.000024	-0.169412	0.000035	-0.192133	-0.000002	32.000000	-36.000000	1.180000	22.292624
185.789902	217.992065	-277.907227	-271.856049	26.823017	6.042128	283.759674	0.489228	-0.159452	-0.334219	-0.000039	-0.000024	-0.169412	0.000035	-0.192133	-0.000002	32.000000	-32.000000	1.180000	21.695800
185.067673	216.837646	-277.185394	-272.205688	25.750097	6.042119	283.279541	0.652145	-0.159452	-0.501332	-0.000039	-0.000024	-0.169412	0.000035	-0.192133	-0.000002	32.000000	-32.000000	1.180000	21.677037
184.477661	216.068024	-276.463531	-271.331543	25.750097	5.847221	282.479279	0.652302	-0.159452	-0.334219	-0.000039	-0.000024	-0.169412	0.000035	-0.192133	-0.000002	32.000000	-32.000000	1.180000	21.653357
183.936157	215.490829	-273.937103	-268.883972	26.644197	5.652315	281.999176	0.489228	-0.159452	-0.334219	-0.000039	0.170349	-0.169412	0.000035	0.000002	-0.000002	32.000000	-32.000000	1.180000	21.642193
171.661713	219.723663	-223.589005	-222.379974	54.003651	5.652307	265.994659	0.489228	-0.159452	-0.501332	-0.000039	-0.000024	-0.169412	-0.185214	-0.192133	-0.000002	32.000000	-28.000000	1.180000	21.006147
171.345596	220.108475	-223.228073	-222.554825	53.288376	5.652307	265.514557	0.815184	-0.159452	-0.334219	-0.000039	-0.000024	-0.169412	0.000035	-0.192133	-0.000002	32.000000	-28.000000	1.180000	20.986769
171.887253	219.338882	-226.656815	-224.128250	51.142532	5.652315	265.095978	0.652145	-0.159452	-0.334219	-0.179846	-0.000024	-0.169412	-0.185214	-0.192133	-0.000002	32.000000	-28.000000	1.180000	20.969860
169.359497	218.184464	-225.032669	-223.254120	50.963715	5.262503	264.455658	0.652145	-0.159452	-0.334219	-0.000039	-0.000024	-0.169412	0.000035	-0.192133	-0.000002	32.000000	-28.000000	1.180000	20.959733
174.234451	245.120819	-195.798279	-208.743469	79.217270	5.652315	279.183197	0.652145	-0.159452	-0.334219	-0.000039	-0.000024	-0.169412	0.000035	-0.192133	-0.000002	32.000000	-24.000000	1.180000	21.531643
175.498322	246.275238	-196.339645	-209.792435	80.111366	5.652315	280.143677	0.652145	-0.159452	-0.334219	-0.000039	-0.000024	-0.169412	0.000035	-0.192133	-0.000002	32.000000	-24.000000	1.180000	21.569414
174.234451	246.852432	-197.061478	-209.967255	80.290184	5.652315	280.784027	0.652145	-0.159452	-0.334219	-0.000039	-0.000024	-0.169412	0.000035	-0.192133	-0.000002	32.000000	-24.000000	1.180000	21.594558
175.859436	248.006866	-197.241943	-210.841385	80.826653	5.652315	281.424347	0.489228	-0.159452	-0.334219	-0.000039	-0.000024	-0.169412	0.000035	-0.192133	-0.000002	32.000000	-24.000000	1.180000	21.619672
176.896393	274.173584	-164.037445	-201.750397	107.828453	6.237026	298.963928	0.489228	-0.159452	-0.334219	-0.000039	0.170349	-0.169412	0.000035	0.000002	-0.000002	32.000000	-20.000000	1.180000	22.274364
176.220535	275.520416	-162.954697	-200.526611	107.828453	6.237026	299.604126	0.652145	-0.159452	-0.334219	-0.000039	-0.000024	-0.169412	0.000035	-0.192133	-0.000002	32.000000	-20.000000	1.180000	22.298708
177.303864	275.905212	-163.496063	-202.449692	108.364922	6.237033	300.474121	0.652145	-0.159452	-0.334219	-0.000039	-0.000024	-0.169412	0.000035	-0.192133	-0.000002	32.000000	-20.000000	1.180000	22.331747
177.123306	277.444427	-162.774231	-202.799347	109.080215	6.431931	300.884460	0.652302	-0.159452	-0.334219	-0.000039	0.170349	-0.169412	0.000035	-0.192133	-0.000002	32.000000	-20.000000	1.180000	22.339921
171.842209	299.185913	-122.531822	-198.953171	134.293823	6.431940	314.808350	0.489228	-0.159452	-0.501332	-0.000039	0.170349	-0.169412	0.000035	0.000002	-0.000002	32.000000	-16.000000	1.180000	22.862018
170.623367	299.378326	-122.892746	-197.030060	132.863266	6.431940	315.361755	0.652145	-0.159452	-0.501332	-0.000039	-0.000024	-0.169412	0.000035	-0.192133	-0.000002	32.000000	-16.000000	1.180000	22.882523
170.081711	299.763123	-123.073196	-198.428680	132.147964	6.821752	315.681915	0.652145	-0.159452	-0.334219	-0.000039	-0.000024	-0.169412	0.000035	-0.192133	-0.000002	32.000000	-16.000000	1.180000	22.879943
170.623367	298.416321	-123.975502	-198.428680	132.684448	6.626838	316.248779	0.652145	-0.159452	-0.334219	-0.000039	-0.000024	-0.169412	0.000035	-0.192133	-0.000002	32.000000	-16.000000	1.180000	22.908142
159.970703	317.656555	-75.612419	-197.379715	155.394577	7.016659	329.128815	0.815184	-0.159452	-0.501332	-0.179846	-0.000024	-0.169412	0.000035	-0.192133	-0.000002	32.000000	-12.000000	1.180000	23.365633
161.054016	319.388184	-77.236549	-197.554550	157.898056	6.626846	329.769135	0.652145	-0.159452	-0.334219	-0.000039	-0.000024	-0.338822	0.000035	-0.192133	-0.000002	32.000000	-12.000000	1.180000	23.402965
159.790146	321.889404	-78.138847	-200.176956	156.288666	6.821752	330.249390	0.652145	-0.159452	-0.334219	-0.000039	-0.000024	-0.169412	0.000035	-0.192133	-0.000002	32.000000	-12.000000	1.180000	23.413296
161.234573	322.659027	-76.334259	-199.652466	158.434525	7.211556	330.652802	0.652302	-0.159452	-0.334219	-0.000039	-0.000024	-0.169412	0.000035	-0.192133	-0.000002	32.000000	-12.000000	1.180000	23.413789
140.470886	330.739929	-35.550468	-206.820374	167.554337	7.016659	335.532104	0.652145	-0.159452	-0.501332	-0.179846	-0.000024	-0.169412	0.000035	-0.192133	-0.000002	32.000000	-8.000000	1.180000	23.596734
139.026443	328.046295	-35.009090	-204.722458	166.839066	7.211564	334.411530	0.652145	-0.159452	-0.334219	-0.179846	-0.000024	-0.338822	-0.000005	-0.192133	-0.000002	32.000000	-8.000000	1.180000	23.549441
139.207016	327.661499	-36.633224	-203.848312	165.766129	7.211556	333.053497	0.489228	-0.159452	-0.334219	-0.000039	-0.000024	-0.169412	0.000035	-0.192133	-0.000002	32.000000	-8.000000	1.180000	23.500521
137.582031	326.122253	-33.745876	-204.722458	165.587311	7.211564	331.690125	0.815184	-0.159452	-0.334219	-0.000039	-0.000024	-0.169412	0.185608	-0.192133	-0.000002	32.000000	-8.000000	1.180000	23.451304
104.721230	304.765594	9.935644	-181.994949	158.255692	6.431940	307.037476	0.652145	-0.159452	-0.334219	-0.179846	-0.000024	-0.169412	0.000035	-0.192133	-0.000002	32.000000	-4.000000	1.180000	22.572127
103.818459	303.226349	13.187318	-180.596313	161.295639	6.821744	306.005890	0.489228	-0.159452	-0.334219	-0.000039	-0.000024	-0.169412	0.000035	-0.192133	-0.000002	32.000000	-4.000000	1.180000	22.518698
102.915688	302.071960	13.909910	-180.421509	161.116821	6.431931	305.365723	0.489228	-0.159452	-0.334219	-0.000039	0.170349	-0.169412	0.000035	-0.192133	-0.000002	32.000000	-4.000000	1.180000	22.509274
102.708221	300.532715	14.090559	-179.022888	159.149796	6.237026	304.565491	0.652302	-0.159452	-0.334219	-0.000039	-0.000024	-0.169412	0.000035	-0.192133	-0.000002	32.000000	-4.000000	1.180000	22.486473
70.235451	286.294952	43.716915	-169.757050	152.533463	6.042128	288.561005	0.489228	-0.159452	-0.334219	-0.000039	-0.000024	-0.169412	0.000035	-0.000008	-0.000002	32.000000	0.000000	1.180000	21.882540
70.235451	286.679749	43.174969	-170.281540	152.354645	6.042128	287.827637	0.815184	-0.159452	-0.334219	-0.000039	-0.000024	-0.169412	0.185608	-0.192133	-0.000002	32.000000	0.000000	1.180000	21.854120
70.054893	285.910126	44.981453	-167.659134	153.248734	6.237026	287.440674	0.652145	-0.159452	-0.334219	-0.000039	-0.000024	-0.169412	0.000035	-0.192133	-0.000002	32.000000	0.000000	1.180000	21.831545
69.693787	284.370911	45.342751	-168.708084	153.606369	6.042119	286.867126	0.815184	-0.159452	-0.334219	-0.000039	-0.000024	-0.169412	0.000035	-0.192133	-0.175406	32.000000	0.000000	1.180000	21.816842
37.013550	270.517944	68.646408	-162.763962	145.023026	5.652307	271.756287	0.489228	-0.318905	-0.334219	-0.000039	-0.000024	-0.169412	0.000035	-0.192133	-0.000002	32.000000	4.000000	1.180000	21.237318
37.735764	269.171143	70.814186	-159.617081	145.023026	5.652315	271.019012	0.652145	-0.318905	-0.501332	-0.000039	-0.000024	-0.169412	0.000035	-0.192133	-0.000002	32.000000	4.000000	1.180000	21.207877
38.638531	268.209106	70.091591	-158.568115	144.307739	5.457409	270.218597	0.652145	-0.159452	-0.501332	-0.000039	-0.000024	-0.169412	0.000035	-0.192133	-0.000002	32.000000	4.000000	1.180000	21.183668
38.819088	268.978729	69.368996	-159.966736	145.023026	5.457409	269.578278	0.652145	-0.159452	-0.334219	-0.179846	-0.000024	-0.169412	0.000035	-0.192133	-0.000002	32.000000	4.000000	1.180000	21.158037
8.666596	270.902740	94.659790	-165.736023	141.983078	6.042119	274.156982	0.489228	-0.318905	-0.334219	-0.179846	-0.000024	-0.169412	0.000035	-0.192133	-0.000002	32.000000	8.000000	1.180000	21.317410
7.944382	272.249542	93.575897	-167.309479	141.625443	5.847213	274.957184	0.652302	-0.159452	-0.334219	-0.179846	-0.000024	-0.169412	0.000035	-0.192133	-0.000002	32.000000	8.000000	1.180000	21.356934
7.763827	274.558411	94.840439	-168.533264	142.877182	5.652307	275.597351	0.489228	-0.159452	-0.334219	-0.000039	-0.000024	-0.169412	0.000035	-0.192133	-0.000002	32.000000	8.000000	1.180000	21.390044
8.666596	275.135590	96.827568	-167.134644	146.274765	5.652315	276.621887	0.652145	-0.159452	-0.334219	-0.000039	-0.000024	-0.169412	0.000035	-0.192133	-0.000002	32.000000	8.000000	1.180000	21.430596
-29.548880	289.373413	126.273277	-179.897018	148.778244	6.237026	294.642700	0.489228	-0.159452	-0.334219	-0.000039	-0.000024	-0.169412	0.000035	-0.192133	-0.000002	32.000000	12.000000	1.180000	22.109346
-26.666061	288.988586	123.744194	-180.246674	145.917114	6.431931	295.282898	0.489228	-0.159452	-0.334219	-0.000039	-0.000024	-0.169412	0.000035	-0.192133	-0.000002	32.000000	12.000000	1.180000	22.126407
-29.008352	292.259430	125.370041	-182.869080	146.453583	6.042128	296.151886	0.652145	-0.159452	-0.334219	-0.000039	-0.000024	-0.169412	0.000035	-0.192133	-0.000002	32.000000	12.000000	1.180000	22.174568
-27.747120	292.259430	126.815216	-180.945969	148.599426	6.237033	296.883331	0.489228	-0.159452	-0.334219	-0.000039	-0.000024	-0.169412	0.000035	-0.192133	-0.000002	32.000000	12.000000	1.180000	22.195064
-80.358543	302.264343	153.189911	-201.575562	144.128922	6.431940	311.519775	0.652145	-0.159452	-0.334219	-0.000039	-0.000024	-0.169412	0.000035	-0.192133	-0.000002	32.000000	16.000000	1.180000	22.739789
-77.475723	300.725128	153.370544	-200.176956	144.307739	6.626838	312.247650	0.489228	-0.159452	-0.501332	-0.179846	-0.000024	-0.169412	0.000035	-0.192133	-0.000002	32.000000	16.000000	1.180000	22.759644
-75.493790	301.879547	150.480179	-202.100037	142.161911	6.626838	312.727783	0.489228	-0.159452	-0.334219	-0.000039	-0.000024	-0.169412	0.000035	0.000002	-0.000002	32.000000	16.000000	1.180000	22.777515
-81.259422	302.841553	153.912506	-201.925201	144.128922	6.626838	313.047852	0.489228	-0.159452	-0.501332	-0.179846	-0.000024	-0.169412	-0.185214	-0.192133	-0.000002	32.000000	16.000000	1.180000	22.789420
-128.105209	305.727600	175.409668	-213.638641	135.545563	6.431940	326.247345	0.652145	-0.159452	-0.334219	-0.000039	-0.000024	-0.169412	0.000035	-0.192133	-0.000002	32.000000	20.000000	1.180000	23.282182
-127.384514	306.112396	177.938751	-212.589661	137.333755	6.821752	326.567505	0.652145	-0.159452	-0.501332	-0.000039	-0.000024	-0.169412	0.000035	-0.000008	-0.000002	32.000000	20.000000	1.180000	23.279647
-131.168198	308.036438	180.106537	-212.240005	139.658417	6.821752	327.047760	0.652145	-0.159452	-0.501332	-0.000039	-0.000024	-0.169412	-0.000005	-0.000008	-0.000002	32.000000	20.000000	1.180000	23.297123
-128.105209	308.036438	178.480682	-213.288986	138.585495	6.626846	327.528015	0.652145	-0.318905	-0.334219	-0.179846	-0.000024	-0.169412	0.185608	-0.000008	-0.000002	32.000000	20.000000	1.180000	23.321670
-184.680496	307.844025	199.074615	-238.114426	121.955246	7.016650	340.255493	0.652145	-0.159452	-0.334219	-0.000039	-0.000024	-0.169412	0.000035	-0.192133	-0.000002	32.000000	24.000000	1.180000	23.765765
-186.842606	308.613647	197.448792	-239.862701	121.061142	6.821752	339.534149	0.815184	-0.159452	-0.334219	-0.000039	-0.000024	-0.169412	0.000035	-0.192133	-0.000002	32.000000	24.000000	1.180000	23.746986
-188.824554	306.112396	197.810089	-240.561996	119.630577	7.406462	338.655060	0.652145	-0.159452	-0.334219	-0.000039	-0.000024	-0.169412	0.000035	-0.192133	-0.000002	32.000000	24.000000	1.180000	23.694689
-185.941727	305.342804	197.268127	-238.289230	120.524681	7.016659	337.613159	0.652145	-0.159452	-0.334219	-0.000039	-0.000024	-0.169412	0.000035	-0.192133	-0.000002	32.000000	24.000000	1.180000	23.671355
-212.067261	268.209106	191.487381	-238.114426	91.019386	6.431940	311.127350	0.652145	-0.318905	-0.334219	-0.000039	-0.000024	-0.169412	0.000035	0.000002	-0.000002	32.000000	28.000000	1.180000	22.725160
-209.905151	267.824310	190.584137	-234.967529	90.661743	6.626838	309.846985	0.652145	-0.318905	-0.334219	-0.179846	-0.000024	-0.169412	-0.185214	-0.192133	-0.000002	32.000000	28.000000	1.180000	22.670079
-209.724960	266.285095	190.764786	-236.540955	89.410004	6.237033	309.118561	0.652145	-0.159452	-0.501332	-0.000039	-0.000024	-0.169412	0.000035	-0.192133	-0.000002	32.000000	28.000000	1.180000	22.657417
-209.004272	264.938263	190.403488	-235.142365	89.410004	6.237033	308.478210	0.815184	-0.318905	-0.334219	-0.000039	-0.000024	-0.169412	0.000035	0.000002	-0.000002	32.000000	28.000000	1.180000	22.633453
-236.571213	235.308289	187.151825	-250.352310	61.692913	6.042119	291.441803	0.489228	-0.159452	-0.334219	-0.000039	-0.000024	-0.169412	0.000035	-0.192133	-0.000002	32.000000	32.000000	1.180000	21.993824
-236.931549	235.885498	183.719498	-249.303345	59.189434	5.652315	290.549011	0.815184	-0.159452	-0.334219	-0.179846	-0.000024	-0.169412	0.000035	-0.000008	-0.000002	32.000000	32.000000	1.180000	21.974434
-235.309982	234.153870	184.622742	-247.380249	60.083530	6.626838	290.161469	0.815184	-0.159452	-0.334219	-0.000039	0.170349	-0.169412	0.000035	-0.192133	-0.000002	32.000000	32.000000	1.180000	21.921843
-235.850494	234.731064	184.803391	-251.051605	59.725891	6.431931	289.361237	0.489228	-0.159452	-0.334219	-0.000039	-0.000024	-0.169412	0.000035	-0.192133	-0.000002	32.000000	32.000000	1.180000	21.898429
-254.048279	205.293503	176.674210	-262.590210	28.968859	5.457409	276.237549	0.652145	-0.159452	-0.334219	-0.179846	-0.000024	-0.169412	0.000035	-0.192133	-0.000002	32.000000	36.000000	1.180000	21.423105
-254.228455	204.908691	176.132263	-261.366425	28.611217	5.652315	275.501312	0.652145	-0.159452	-0.334219	-0.000039	-0.000024	-0.169412	0.000035	0.000002	-0.000002	32.000000	36.000000	1.180000	21.386238
-252.246521	204.716293	177.216156	-261.016754	31.114697	5.457409	274.700897	0.652145	-0.159452	-0.334219	-0.000039	0.170349	-0.169412	0.000035	0.000002	-0.000002	32.000000	36.000000	1.180000	21.362231
-251.705994	203.369476	175.951614	-259.443298	30.041777	5.652315	274.060577	0.652145	-0.159452	-0.334219	-0.000039	-0.000024	-0.169412	-0.000005	-0.000008	-0.000002	32.000000	36.000000	1.180000	21.329071
-273.507294	180.088776	171.977341	-279.723236	0.894120	5.457400	269.195557	0.815184	-0.159452	-0.334219	-0.000039	-0.000024	-0.169412	0.000035	0.000002	-0.000002	32.000000	40.000000	1.180000	21.142702
-273.146973	180.858383	172.699936	-279.723236	1.251761	4.872691	270.218597	0.815184	-0.159452	-0.334219	-0.000039	-0.000024	-0.169412	-0.185214	-0.192133	-0.000002	32.000000	40.000000	1.180000	21.207047
-275.489258	182.397598	172.338638	-281.121857	1.609402	5.067596	271.019012	0.652145	-0.159452	-0.334219	-0.000039	-0.000024	-0.169412	0.000035	-0.192133	-0.000002	32.000000	40.000000	1.180000	21.231230
-275.669403	181.820389	173.964478	-281.121857	1.251761	5.457400	271.756287	0.489228	-0.159452	-0.501332	-0.179846	-0.000024	-0.169412	0.000035	-0.192133	-0.000002	32.000000	40.000000	1.180000	21.245095
-324.677338	168.929413	181.190414	-328.500000	-34.967037	5.847221	289.428436	0.815184	-0.159452	-0.334219	-0.000039	-0.000024	-0.169412	0.000035	0.000002	-0.000002	32.000000	44.000000	1.180000	21.923643
-323.776428	170.853455	179.925873	-333.919647	-37.464684	6.237026	290.161469	0.489228	-0.159452	-0.334219	-0.000039	-0.000024	-0.169412	0.000035	0.000002	-0.000002	32.000000	44.000000	1.180000	21.936906
-329.001556	170.853455	180.829117	-330.423096	-34.610233	6.042119	290.641602	0.489228	-0.159452	-0.334219	-0.000039	-0.000024	-0.169412	0.000035	-0.192133	-0.000002	32.000000	44.000000	1.180000	21.962969
-325.758392	170.853455	181.551712	-331.646881	-35.502247	6.042128	291.669617	0.652145	-0.159452	-0.501332	-0.179846	-0.000024	-0.169412	-0.000005	-0.192133	-0.000002	32.000000	44.000000	1.180000	22.002600
162.859558	171.430664	-433.643494	-437.242432	-123.098251	6.626846	313.440765	0.652145	-0.159452	-0.334219	-0.000039	-0.000024	-0.169412	0.000035	0.000002	-0.000002	36.000000	-44.000000	1.180000	22.804025
163.942886	170.083847	-432.019379	-436.193451	-124.347069	6.626838	313.848114	0.652145	-0.159452	-0.334219	-0.000039	-0.000024	-0.169412	0.000035	0.000002	-0.000002	36.000000	-44.000000	1.180000	22.819159
164.484543	170.661041	-432.199860	-436.018646	-122.563042	6.431940	314.401245	0.815184	-0.159452	-0.334219	-0.000039	-0.000024	-0.169412	0.185608	-0.000008	-0.000002	36.000000	-44.000000	1.180000	22.846922
163.040115	170.853455	-435.087189	-439.340332	-126.666306	6.237033	314.808350	0.652145	-0.159452	-0.334219	-0.000039	-0.000024	-0.338822	0.000035	-0.192133	-0.000002	36.000000	-44.000000	1.180000	22.869242
176.942764	205.870697	-422.635529	-423.780731	-86.882393	6.626846	327.688080	0.652145	-0.159452	-0.334219	-0.000039	-0.000024	-0.169412	0.000035	-0.192133	-0.000002	36.000000	-40.000000	1.180000	23.327485
175.678879	204.331482	-425.883789	-427.102448	-90.628853	6.626846	328.168335	0.652145	-0.159452	-0.334219	-0.000039	-0.000024	-0.169412	0.000035	-0.192133	-0.000002	36.000000	-40.000000	1.180000	23.344927
177.303864	207.409927	-424.079224	-426.927612	-87.952812	6.821752	328.808655	0.652145	-0.159452	-0.501332	-0.000039	-0.000024	-0.169412	0.000035	-0.192133	-0.000002	36.000000	-40.000000	1.180000	23.361090
178.701462	208.949142	-427.507935	-430.074524	-88.131210	6.821744	329.532501	0.489228	-0.159452	-0.334219	-0.179846	-0.000024	-0.169412	0.000035	0.000002	-0.000002	36.000000	-40.000000	1.180000	23.387334
185.067673	239.733551	-402.604553	-400.353912	-50.666527	6.626838	337.854828	0.489228	-0.159452	-0.501332	-0.179846	-0.000024	-0.169412	0.000035	-0.192133	-0.000002	36.000000	-36.000000	1.180000	23.693952
186.692657	237.039917	-396.829865	-393.710480	-47.276867	6.626838	336.812775	0.652145	-0.159452	-0.334219	-0.000039	-0.000024	-0.169412	0.000035	-0.192133	-0.000002	36.000000	-36.000000	1.180000	23.656652
183.623245	234.923477	-396.829865	-397.731506	-50.666527	6.431931	335.454163	0.652145	-0.159452	-0.501332	-0.000039	-0.000024	-0.169412	0.000035	-0.192133	-0.000002	36.000000	-36.000000	1.180000	23.614927
183.033615	238.579132	-398.995361	-395.808380	-49.417702	6.431940	334.173798	0.489228	-0.159452	-0.334219	-0.000039	-0.000024	-0.169412	0.000035	-0.192133	-0.000002	36.000000	-36.000000	1.180000	23.568934
170.803940	240.310745	-334.751892	-327.975525	-11.061003	6.431931	308.566620	0.652145	-0.159452	-0.334219	-0.000039	-0.000024	-0.169412	0.000035	-0.192133	-0.000002	36.000000	-32.000000	1.180000	22.629465
169.540054	240.118332	-332.044983	-324.478973	-9.098568	5.847221	307.837891	0.652145	-0.159452	-0.501332	-0.000039	-0.000024	-0.169412	0.000035	-0.000008	-0.000002	36.000000	-32.000000	1.180000	22.624071
169.720612	238.963928	-330.420837	-325.178284	-10.882598	6.431940	307.197571	0.652145	-0.159452	-0.334219	-0.000039	-0.000024	-0.169412	0.000035	-0.192133	-0.000002	36.000000	-32.000000	1.180000	22.578136
169.720612	238.771515	-330.420837	-322.555878	-8.920163	6.237033	306.397156	0.652145	-0.159452	-0.501332	-0.000039	-0.000024	-0.169412	0.000035	-0.192133	-0.000002	36.000000	-32.000000	1.180000	22.555398
158.123718	241.272781	-274.658966	-273.779114	18.954939	6.237026	290.001404	0.489228	-0.159452	-0.334219	-0.000039	-0.000024	-0.169412	0.000035	-0.192133	-0.000002	36.000000	-28.000000	1.180000	21.930722
157.081833	241.465149	-276.102631	-274.828094	17.703199	6.237026	289.201172	0.489228	-0.159452	-0.334219	-0.000039	-0.000024	-0.169412	0.000035	0.000002	-0.000002	36.000000	-28.000000	1.180000	21.899777
156.499161	240.695557	-273.756683	-273.779114	19.312580	5.847221	288.561005	0.489228	-0.159452	-0.501332	-0.000039	-0.000024	-0.169412	0.000035	0.000002	-0.000002	36.000000	-28.000000	1.180000	21.890087
156.179077	239.348740	-272.493439	-271.506378	16.451458	5.847221	288.147797	0.652145	-0.159452	-0.334219	-0.000039	-0.000024	-0.169412	0.000035	0.000002	-0.000002	36.000000	-28.000000	1.180000	21.874084
143.901413	243.004379	-222.686707	-236.890640	39.340416	5.847213	273.836853	0.489228	-0.159452	-0.334219	-0.000039	-0.000024	-0.169412	0.000035	-0.192133	-0.000002	36.000000	-24.000000	1.180000	21.312432
142.456970	241.657562	-223.047607	-236.715790	38.803955	6.042119	272.876617	0.489228	-0.159452	-0.334219	-0.000039	-0.000024	-0.169412	0.000035	-0.192133	-0.000002	36.000000	-24.000000	1.180000	21.266449
142.637527	242.042374	-222.686707	-236.366150	39.340416	5.652315	272.139587	0.652145	-0.159452	-0.334219	-0.000039	-0.000024	-0.169412	0.185608	-0.192133	-0.000002	36.000000	-24.000000	1.180000	21.252608
141.734756	240.118332	-218.175217	-232.694794	40.413334	5.847213	271.276154	0.652145	-0.159452	-0.501332	-0.000039	-0.000024	-0.169412	0.000035	-0.192133	-0.000002	36.000000	-24.000000	1.180000	21.210365
132.526520	250.892883	-178.835098	-213.988281	58.295326	5.652315	271.339172	0.815184	-0.159452	-0.334219	-0.179846	-0.000024	-0.169412	0.185608	-0.192133	-0.000002	36.000000	-20.000000	1.180000	21.220667
133.429276	252.624512	-182.805206	-216.610703	58.295326	5.847221	272.299652	0.815184	-0.159452	-0.334219	-0.000039	0.170349	-0.169412	0.000035	-0.192133	-0.000002	36.000000	-20.000000	1.180000	21.251218
133.609848	251.662506	-181.722458	-216.261047	58.831791	5.847221	272.940002	0.815184	-0.159452	-0.334219	-0.000039	-0.000024	-0.169412	0.185608	-0.192133	-0.000002	36.000000	-20.000000	1.180000	21.276739
135.234818	251.854904	-176.489136	-212.939316	63.481113	6.237033	273.900482	0.815184	-0.159452	-0.334219	-0.000039	-0.000024	-0.169412	0.000035	0.000002	-0.000002	36.000000	-20.000000	1.180000	21.299457
128.373779	281.292480	-151.766220	-220.981354	78.859627	6.042128	292.149841	0.815184	-0.159452	-0.334219	-0.179846	-0.000024	-0.169412	0.000035	-0.192133	-0.000002	36.000000	-16.000000	1.180000	22.021089
128.734894	280.138062	-150.142090	-219.582764	79.753731	5.847221	292.790161	0.652145	-0.159452	-0.334219	-0.000039	-0.000024	-0.169412	0.000035	-0.192133	-0.000002	36.000000	-16.000000	1.180000	22.053207
129.637650	281.292480	-150.863922	-219.058273	79.574913	6.431931	293.842468	0.652145	-0.159452	-0.334219	-0.000039	-0.000024	-0.169412	0.000035	-0.192133	-0.000002	36.000000	-16.000000	1.180000	22.071168
130.720978	282.446899	-152.848969	-220.631714	80.111366	6.042128	294.551086	0.652145	-0.159452	-0.334219	-0.000039	-0.000024	-0.169412	0.185608	-0.000008	-0.000002	36.000000	-16.000000	1.180000	22.113305
117.360001	301.109955	-111.884727	-225.526886	97.635727	6.821744	309.846985	0.489228	-0.159452	-0.334219	-0.000039	-0.000024	-0.169412	0.000035	0.000002	-0.000002	36.000000	-12.000000	1.180000	22.662791
118.443314	301.879547	-111.343353	-221.505844	98.351006	6.626838	310.327118	0.652145	-0.159452	-0.501332	-0.179846	-0.000024	-0.169412	0.000035	-0.192133	-0.000002	36.000000	-12.000000	1.180000	22.688020
118.262772	303.996002	-116.396210	-226.750671	96.026344	6.626846	311.039520	0.652145	-0.159452	-0.501332	-0.000039	-0.000024	-0.169412	0.000035	-0.000008	-0.000002	36.000000	-12.000000	1.180000	22.714613
118.804420	303.611176	-113.869781	-225.526886	97.814552	6.237033	311.359680	0.815184	-0.159452	-0.501332	-0.179846	-0.000024	-0.169412	0.185608	-0.192133	-0.000002	36.000000	-12.000000	1.180000	22.741087
100.026825	320.542572	-76.875633	-235.666840	108.722565	6.821744	324.090973	0.652302	-0.159452	-0.334219	-0.000039	-0.000024	-0.169412	0.000035	-0.192133	-0.000002	36.000000	-8.000000	1.180000	23.189318
97.318520	321.312225	-75.792877	-237.240280	109.437851	6.626838	324.571136	0.489228	-0.159452	-0.334219	-0.000039	-0.000024	-0.169412	0.000035	0.000002	-0.000002	36.000000	-8.000000	1.180000	23.213975
98.762955	321.696991	-74.168739	-236.715790	110.153130	6.821752	325.286835	0.815184	-0.159452	-0.501332	-0.000039	-0.000024	-0.169412	0.185608	-0.000008	-0.000002	36.000000	-8.000000	1.180000	23.232979
97.860184	323.043823	-78.499763	-239.338211	108.364922	7.016650	325.691437	0.489228	-0.159452	-0.334219	-0.000039	-0.000024	-0.169412	0.000035	-0.192133	-0.000002	36.000000	-8.000000	1.180000	23.240627
72.022118	337.858826	-31.580366	-249.303345	121.418793	7.016659	338.495026	0.489228	-0.159452	-0.334219	-0.000039	-0.000024	-0.169412	0.000035	0.000002	-0.000002	36.000000	-4.000000	1.180000	23.702906
72.402100	338.436035	-33.565418	-249.478180	118.021210	7.016650	338.815125	0.489228	-0.159452	-0.501332	-0.000039	-0.000024	-0.169412	0.000035	0.000002	-0.000002	36.000000	-4.000000	1.180000	23.714347
70.235451	339.975250	-34.828629	-253.848862	118.378845	7.016659	339.534149	0.652145	-0.159452	-0.334219	-0.179846	-0.000024	-0.169412	0.185608	-0.192133	-0.000002	36.000000	-4.000000	1.180000	23.740029
72.943756	337.858826	-33.204498	-248.429199	120.167030	7.211556	339.935425	0.489228	-0.159452	-0.501332	-0.179846	-0.000024	-0.169412	0.000035	0.000002	-0.000002	36.000000	-4.000000	1.180000	23.747395
39.721851	312.654083	9.393700	-227.275131	113.371887	6.431940	314.561340	0.815184	-0.159452	-0.334219	-0.000039	-0.000024	-0.169412	0.185608	-0.192133	-0.000002	36.000000	0.000000	1.180000	22.852860
36.471886	314.385712	7.406566	-230.771667	113.550713	6.626846	313.600861	0.652145	-0.159452	-0.334219	-0.000039	-0.000024	-0.169412	0.185608	-0.000008	-0.000002	36.000000	0.000000	1.180000	22.809974
36.110779	313.231293	9.213051	-228.848587	113.193069	6.431940	312.480286	0.652145	-0.159452	-0.501332	-0.000039	-0.000024	-0.169412	0.185608	-0.192133	-0.000002	36.000000	0.000000	1.180000	22.775557
35.749668	310.730072	9.935644	-226.925476	111.762497	6.626838	311.447418	0.652302	-0.159452	-0.334219	-0.000039	-0.000024	-0.169412	0.000035	0.000002	-0.000002	36.000000	0.000000	1.180000	22.729828
3.430536	293.606232	41.368481	-213.463806	105.146164	5.847221	294.230927	0.815184	-0.159452	-0.501332	-0.179846	-0.000024	-0.169412	0.185608	-0.192133	-0.000002	36.000000	4.000000	1.180000	22.108504
4.152751	293.413849	41.007183	-213.463806	106.040268	6.237026	293.522400	0.652302	-0.159452	-0.334219	-0.179846	-0.000024	-0.169412	0.000035	-0.192133	-0.000002	36.000000	4.000000	1.180000	22.066363
4.152751	291.105011	39.742645	-213.638641	104.788521	6.042119	292.882233	0.652145	-0.159452	-0.334219	-0.000039	0.170349	-0.169412	0.000035	-0.192133	-0.000002	36.000000	4.000000	1.180000	22.049256
3.249982	293.798645	40.284592	-215.386917	106.755539	6.042128	292.309937	0.815184	-0.159452	-0.334219	-0.000039	0.170349	-0.169412	0.000035	0.000002	-0.000002	36.000000	4.000000	1.180000	22.027249
-29.008352	277.636841	64.491486	-205.946243	97.635727	6.042128	278.542877	0.815184	-0.159452	-0.334219	-0.179846	-0.000024	-0.169412	0.000035	0.000002	-0.000002	36.000000	8.000000	1.180000	21.491061
-29.188528	277.059631	64.672142	-206.470734	97.099266	6.042119	277.837982	0.652145	-0.159452	-0.334219	-0.000039	-0.000024	-0.169412	0.000035	0.000002	-0.000002	36.000000	8.000000	1.180000	21.463247
-27.566942	276.097595	63.046303	-204.722458	94.953430	5.652315	277.262207	0.815184	-0.159452	-0.334219	-0.000039	-0.000024	-0.169412	0.000035	0.000002	-0.000002	36.000000	8.000000	1.180000	21.455903
-27.206593	274.558411	65.033440	-203.149017	97.099266	6.042119	276.717682	0.489228	-0.159452	-0.334219	-0.000039	-0.000024	-0.169412	0.000035	-0.192133	-0.000002	36.000000	8.000000	1.180000	21.418967
-61.079697	262.244629	80.569206	-200.002121	85.297150	5.067596	266.056458	0.815184	-0.159452	-0.334219	-0.000039	-0.000024	-0.169412	0.185608	-0.000008	-0.000002	36.000000	12.000000	1.180000	21.032213
-59.097759	263.783875	84.001526	-198.079041	89.767647	5.652307	266.794891	0.489228	-0.159452	-0.334219	-0.179846	-0.000024	-0.169412	0.000035	-0.192133	-0.000002	36.000000	12.000000	1.180000	21.038406
-60.539169	264.745880	82.556343	-200.876251	88.873550	5.847213	267.755157	0.815184	-0.159452	-0.334219	-0.000039	-0.000024	-0.169412	0.000035	-0.192133	-0.000002	36.000000	12.000000	1.180000	21.069214
-58.557232	264.745880	85.446716	-199.652466	91.377029	5.847213	268.715424	0.652302	-0.159452	-0.334219	-0.000039	-0.000024	-0.169412	0.000035	0.000002	-0.000002	36.000000	12.000000	1.180000	21.107803
-101.619324	280.330475	108.208427	-219.058273	87.085350	6.237033	288.307892	0.815184	-0.159452	-0.334219	-0.000039	-0.000024	-0.169412	0.185608	-0.000008	-0.000002	36.000000	16.000000	1.180000	21.865183
-104.141785	280.715271	107.847130	-223.079285	84.760689	6.237026	288.881104	0.652145	-0.159452	-0.334219	-0.000039	-0.000024	-0.169412	0.000035	0.000002	-0.000002	36.000000	16.000000	1.180000	21.887388
-104.321960	282.639313	108.389069	-222.729630	86.727707	6.042128	289.588531	0.815184	-0.159452	-0.334219	-0.000039	0.170349	-0.169412	0.185608	-0.000008	-0.000002	36.000000	16.000000	1.180000	21.922298
-104.862488	283.216492	110.195557	-221.855499	88.337090	6.042128	290.388947	0.815184	-0.159452	-0.334219	-0.179846	-0.000024	-0.169412	0.185608	0.000002	-0.000002	36.000000	16.000000	1.180000	21.953218
-156.573029	289.181000	132.957260	-242.834763	76.534966	6.626838	304.405457	0.652145	-0.159452	-0.334219	-0.000039	-0.000024	-0.169412	0.000035	-0.192133	-0.000002	36.000000	20.000000	1.180000	22.465741
-155.311798	288.026581	132.595963	-241.960617	77.071426	6.042128	304.636261	0.652145	-0.159452	-0.334219	-0.000039	-0.000024	-0.169412	0.000035	-0.192133	-0.000002	36.000000	20.000000	1.180000	22.496484
-156.753204	290.527802	133.499222	-243.708893	77.786713	6.431931	305.365723	0.815184	-0.159452	-0.334219	-0.179846	-0.000024	-0.169412	0.000035	-0.192133	-0.000002	36.000000	20.000000	1.180000	22.509274
-154.951431	289.950592	131.512070	-242.135437	77.786713	6.237026	305.685791	0.489228	-0.159452	-0.334219	-0.000039	-0.000024	-0.169412	0.000035	-0.192133	-0.000002	36.000000	20.000000	1.180000	22.528654
-206.301620	288.411377	149.576935	-271.156738	61.692913	6.431940	315.681915	0.652145	-0.159452	-0.501332	-0.000039	-0.000024	-0.169412	0.000035	-0.000008	-0.000002	36.000000	24.000000	1.180000	22.894377
-206.661972	288.218964	149.396286	-269.932922	60.798809	6.626846	316.322235	0.815184	-0.159452	-0.334219	-0.000039	-0.000024	-0.169412	0.000035	0.000002	-0.000002	36.000000	24.000000	1.180000	22.910858
-207.202499	288.603760	152.286652	-268.534332	63.481113	7.016650	316.888947	0.815184	-0.159452	-0.334219	-0.000039	-0.000024	-0.169412	0.000035	-0.192133	-0.000002	36.000000	24.000000	1.180000	22.917401
-207.562851	290.912598	151.202774	-272.030853	63.123474	6.821752	317.442810	0.815184	-0.159452	-0.334219	-0.000039	-0.000024	-0.169412	0.000035	0.000002	-0.000002	36.000000	24.000000	1.180000	22.945073
-257.831970	286.679749	162.944916	-303.150085	41.843895	6.821744	328.572235	0.815184	-0.159452	-0.334219	-0.000039	-0.000024	-0.169412	0.000035	-0.192133	-0.000002	36.000000	28.000000	1.180000	23.352512
-259.994110	286.487366	166.015945	-303.499725	43.989735	6.626846	329.128815	0.652145	-0.159452	-0.334219	-0.000039	-0.000024	-0.169412	0.185608	-0.000008	-0.000002	36.000000	28.000000	1.180000	23.379766
-263.237274	286.872131	166.196594	-306.471802	41.665073	6.821752	329.532501	0.652145	-0.159452	-0.334219	-0.000039	-0.000024	-0.169412	0.000035	0.000002	-0.000002	36.000000	28.000000	1.180000	23.387334
-259.813904	288.218964	167.099838	-304.898346	43.632092	6.821752	330.089294	0.815184	-0.159452	-0.334219	-0.179846	-0.000024	-0.169412	0.000035	-0.000008	-0.000002	36.000000	28.000000	1.180000	23.407501
-304.317413	274.365997	173.603180	-337.066498	18.597298	6.821752	334.411530	0.652145	-0.159452	-0.334219	-0.000039	-0.000024	-0.169412	0.185608	-0.000008	-0.000002	36.000000	32.000000	1.180000	23.563466
-301.074249	273.211578	174.687073	-331.821716	20.206678	6.626846	332.810699	0.815184	-0.159452	-0.334219	-0.000039	0.170349	-0.169412	0.000035	0.000002	-0.000002	36.000000	32.000000	1.180000	23.512847
-301.794952	272.441956	171.254761	-335.842712	16.630280	7.016650	331.453064	0.652145	-0.159452	-0.334219	-0.000039	0.170349	-0.169412	0.000035	0.000002	-0.000002	36.000000	32.000000	1.180000	23.449781
-298.551788	270.902740	171.796692	-331.821716	19.133757	6.431940	330.249390	0.815184	-0.159452	-0.334219	-0.000039	-0.000024	-0.169412	0.000035	-0.192133	-0.000002	36.000000	32.000000	1.180000	23.427401
-305.938995	232.037430	162.402985	-327.451019	-7.849745	6.042128	305.276581	0.815184	-0.159452	-0.334219	-0.000039	-0.000024	-0.169412	0.000035	0.000002	-0.000002	36.000000	36.000000	1.180000	22.520592
-305.758820	231.845047	163.848160	-324.304138	-4.638486	6.042128	304.796326	0.652145	-0.159452	-0.334219	-0.000039	-0.000024	-0.169412	-0.185214	-0.192133	-0.000002	36.000000	36.000000	1.180000	22.502513
-304.497589	230.113419	162.041687	-324.304138	-7.136129	6.042128	303.925323	0.489228	-0.159452	-0.334219	-0.179846	-0.000024	-0.169412	0.000035	0.000002	-0.000002	36.000000	36.000000	1.180000	22.469686
-302.155304	229.536209	161.499725	-323.080353	-6.779323	6.237033	303.125092	0.489228	-0.159452	-0.334219	-0.000039	0.170349	-0.169412	0.000035	-0.192133	-0.000002	36.000000	36.000000	1.180000	22.432122
-313.866760	197.597397	152.467316	-324.304138	-32.290989	6.237026	287.120605	0.652302	-0.159452	-0.334219	-0.000039	-0.000024	-0.169412	0.000035	0.000002	-0.000002	36.000000	40.000000	1.180000	21.819117
-316.028870	196.442978	152.106018	-324.478973	-33.896622	6.042119	286.480408	0.652302	-0.159452	-0.334219	-0.000039	-0.000024	-0.169412	0.000035	0.000002	-0.000002	36.000000	40.000000	1.180000	21.801815
-314.227112	197.404999	152.106018	-322.381042	-30.150152	6.042119	286.000305	0.652302	-0.159452	-0.334219	-0.000039	-0.000024	-0.169412	0.000035	0.000002	-0.000002	36.000000	40.000000	1.180000	21.783145
-312.965881	195.480972	151.022125	-324.129303	-33.361412	6.237026	285.360107	0.652302	-0.159452	-0.501332	-0.000039	-0.000024	-0.169412	0.000035	0.000002	-0.000002	36.000000	40.000000	1.180000	21.750631
-320.533264	164.504166	139.099319	-321.332092	-58.694664	5.652315	268.777863	0.815184	-0.159452	-0.501332	-0.000039	-0.000024	-0.169412	0.185608	-0.192133	-0.000002	36.000000	44.000000	1.180000	21.118132
-316.569397	163.734558	137.473480	-322.905518	-61.013916	5.847213	268.075256	0.815184	-0.159452	-0.334219	-0.179846	0.170349	-0.169412	0.000035	-0.192133	-0.000002	36.000000	44.000000	1.180000	21.082086
-318.731506	163.926956	138.738022	-322.031403	-59.765087	5.847213	267.595123	0.652302	-0.159452	-0.334219	-0.179846	-0.000024	-0.169412	0.000035	0.000002	-0.000002	36.000000	44.000000	1.180000	21.062776
-316.929749	161.810532	137.654129	-316.611755	-59.586693	5.652307	267.114960	0.489228	-0.159452	-0.334219	-0.000039	-0.000024	-0.169412	0.000035	-0.192133	-0.000002	36.000000	44.000000	1.180000	21.051295
116.096115	158.924484	-389.250580	-391.262909	-137.370514	5.847221	282.064697	0.652145	-0.159452	-0.334219	-0.000039	-0.000024	-0.169412	0.185608	-0.000008	-0.000002	40.000000	-44.000000	1.180000	21.637126
114.471130	158.539688	-385.821838	-388.290833	-138.976151	5.847221	282.865082	0.815184	-0.159452	-0.334219	-0.000039	0.170349	-0.169412	0.000035	-0.192133	-0.000002	40.000000	-44.000000	1.180000	21.668451
115.373909	160.463715	-389.972412	-392.661530	-138.440933	5.847213	283.439575	0.652302	-0.159452	-0.334219	-0.000039	-0.000024	-0.169412	0.000035	-0.192133	-0.000002	40.000000	-44.000000	1.180000	21.690909
116.968224	158.732101	-389.250580	-391.787384	-137.905716	5.262503	283.759674	0.815184	-0.318905	-0.501332	-0.000039	-0.000024	-0.169412	0.000035	0.000002	-0.000002	40.000000	-44.000000	1.180000	21.726230
127.290451	190.478500	-397.010315	-392.486694	-112.929260	6.042119	299.123962	0.652302	-0.159452	-0.334219	-0.000039	-0.000024	-0.169412	0.000035	-0.192133	-0.000002	40.000000	-40.000000	1.180000	22.287864
129.095993	191.055710	-396.468933	-391.437744	-111.680443	6.431931	299.604126	0.652302	-0.159452	-0.334219	-0.000039	-0.000024	-0.169412	0.000035	-0.192133	-0.000002	40.000000	-40.000000	1.180000	22.291299
127.832115	192.787338	-399.356293	-394.584595	-113.464470	6.237033	300.474121	0.815184	-0.159452	-0.334219	-0.000039	-0.000024	-0.169412	0.000035	-0.192133	-0.000002	40.000000	-40.000000	1.180000	22.331747
128.012680	191.055710	-400.619507	-395.633575	-115.962120	6.042128	300.794281	0.815184	-0.159452	-0.501332	-0.000039	-0.000024	-0.169412	0.000035	-0.192133	-0.000002	40.000000	-40.000000	1.180000	22.351285
136.498703	222.417328	-398.093079	-390.913239	-89.023224	6.431940	312.160126	0.652145	-0.318905	-0.334219	-0.000039	-0.000024	-0.169412	0.185608	-0.192133	-0.000002	40.000000	-36.000000	1.180000	22.763641
135.234818	220.878098	-392.137909	-383.745331	-87.596001	6.237033	312.640381	0.652145	-0.159452	-0.334219	-0.179846	-0.000024	-0.169412	-0.000005	-0.192133	-0.000002	40.000000	-36.000000	1.180000	22.788763
133.970947	222.609726	-398.093079	-390.913239	-90.272049	6.237033	313.120605	0.815184	-0.159452	-0.334219	-0.179846	-0.000024	-0.169412	-0.185214	-0.192133	-0.000002	40.000000	-36.000000	1.180000	22.806614
135.776489	224.533737	-400.258575	-391.088043	-87.239197	6.237033	313.440765	0.815184	-0.318905	-0.501332	-0.179846	-0.000024	-0.169412	0.185608	-0.192133	-0.000002	40.000000	-36.000000	1.180000	22.818508
139.929230	253.201721	-383.836792	-381.647400	-64.403580	6.626838	325.371338	0.489228	-0.159452	-0.334219	-0.000039	-0.000024	-0.169412	0.000035	-0.192133	-0.000002	40.000000	-32.000000	1.180000	23.243169
141.336609	253.394104	-382.032196	-379.024994	-61.013916	6.626846	325.691437	0.652302	-0.159452	-0.334219	-0.000039	-0.000024	-0.169412	0.000035	-0.192133	-0.000002	40.000000	-32.000000	1.180000	23.254836
140.831985	251.854904	-381.490814	-379.024994	-63.333153	7.016650	326.171539	0.815184	-0.159452	-0.334219	-0.000039	-0.000024	-0.169412	0.000035	0.000002	-0.000002	40.000000	-32.000000	1.180000	23.258127
141.734756	256.472565	-381.129913	-380.598450	-59.943493	6.626846	326.887665	0.652145	-0.159452	-0.334219	-0.000039	-0.000024	-0.169412	0.000035	-0.192133	-0.000002	40.000000	-32.000000	1.180000	23.298389
143.502686	283.408905	-357.309265	-372.031921	-33.718212	7.016659	338.413574	0.815184	-0.159452	-0.501332	-0.000039	-0.000024	-0.169412	0.000035	-0.192133	-0.000002	40.000000	-28.000000	1.180000	23.699993
140.470886	284.370911	-355.324249	-370.633301	-35.502247	7.016659	338.573639	0.652145	-0.159452	-0.334219	-0.000039	-0.000024	-0.169412	0.185608	-0.000008	-0.000002	40.000000	-28.000000	1.180000	23.705716
140.651428	284.755737	-356.046051	-371.682251	-35.859058	7.016659	338.733734	0.815184	-0.159452	-0.334219	-0.000039	0.170349	-0.169412	0.000035	-0.000008	-0.000002	40.000000	-28.000000	1.180000	23.711439
144.081955	284.563324	-355.324249	-369.409515	-32.112587	7.016659	339.053894	0.652145	-0.159452	-0.334219	-0.000039	-0.000024	-0.169412	0.185608	-0.000008	-0.000002	40.000000	-28.000000	1.180000	23.722879
124.762703	281.677277	-295.231323	-321.332092	-10.704197	6.431940	315.521851	0.815184	-0.159452	-0.501332	-0.000039	-0.000024	-0.169412	0.185608	-0.192133	-0.000002	40.000000	-24.000000	1.180000	22.888451
127.109901	280.330475	-291.802582	-316.961395	-8.920163	6.431940	314.881500	0.815184	-0.159452	-0.501332	-0.000039	-0.000024	-0.169412	0.185608	0.000002	-0.000002	40.000000	-24.000000	1.180000	22.864729
126.387688	280.330475	-288.373871	-313.639709	-6.422517	6.626846	314.081085	0.815184	-0.159452	-0.334219	-0.000039	-0.000024	-0.169412	-0.185214	-0.000008	-0.000002	40.000000	-24.000000	1.180000	22.827809
126.207138	277.059631	-288.193420	-312.940399	-8.384953	6.431940	313.280701	0.815184	-0.159452	-0.501332	-0.000039	-0.000024	-0.169412	0.185608	-0.192133	-0.000002	40.000000	-24.000000	1.180000	22.805320
108.123421	274.558411	-231.168274	-271.156738	12.517420	5.847221	295.991821	0.815184	-0.159452	-0.334219	-0.000039	-0.000024	-0.169412	0.000035	0.000002	-0.000002	40.000000	-20.000000	1.180000	22.175899
108.512856	273.981171	-232.251022	-270.981903	11.623320	6.042128	295.351501	0.815184	-0.159452	-0.334219	-0.000039	-0.000024	-0.169412	0.185608	-0.000008	-0.000002	40.000000	-20.000000	1.180000	22.143958
107.610085	271.095154	-232.611954	-270.632263	9.119840	6.237026	294.642700	0.652302	-0.159452	-0.334219	-0.000039	-0.000024	-0.169412	0.000035	-0.192133	-0.000002	40.000000	-20.000000	1.180000	22.109346
106.165665	272.634369	-233.875168	-272.030853	8.225740	6.042128	294.070862	0.815184	-0.318905	-0.334219	-0.000039	-0.000024	-0.169412	0.000035	0.000002	-0.000002	40.000000	-20.000000	1.180000	22.094893
87.568619	265.707886	-179.015564	-241.086487	24.677177	5.847221	276.461823	0.815184	-0.159452	-0.334219	-0.179846	0.170349	-0.169412	0.185608	-0.192133	-0.000002	40.000000	-16.000000	1.180000	21.416554
89.013046	263.399048	-175.767303	-238.464066	24.855997	5.847221	275.981567	0.652145	-0.159452	-0.501332	-0.000039	-0.000024	-0.169412	0.185608	-0.192133	-0.000002	40.000000	-16.000000	1.180000	21.397542
86.665848	263.014252	-175.406372	-238.813721	23.783077	5.847213	275.277283	0.489228	-0.159452	-0.334219	-0.179846	-0.000024	-0.169412	0.000035	-0.192133	-0.000002	40.000000	-16.000000	1.180000	21.369632
87.388062	263.206635	-174.323624	-238.638901	25.750097	5.847221	274.700897	0.652145	-0.159452	-0.334219	-0.179846	-0.000024	-0.169412	0.185608	-0.192133	-0.000002	40.000000	-16.000000	1.180000	21.346760
66.082710	256.857361	-131.374329	-223.254120	30.578238	5.457400	262.473663	0.652302	-0.159452	-0.334219	-0.000039	-0.000024	-0.169412	0.000035	-0.192133	-0.000002	40.000000	-12.000000	1.180000	20.871531
65.902153	257.049774	-131.193863	-223.079285	30.220596	5.262503	261.894318	0.815184	-0.159452	-0.334219	-0.000039	-0.000024	-0.169412	0.185608	0.000002	-0.000002	40.000000	-12.000000	1.180000	20.855914
67.707695	254.356140	-128.126068	-219.407913	33.260536	5.262494	261.513428	0.815184	-0.159452	-0.334219	-0.000039	-0.000024	-0.169412	0.000035	0.000002	-0.000002	40.000000	-12.000000	1.180000	20.840433
66.804932	255.895355	-128.847900	-220.456894	32.545258	5.262494	261.033295	0.815184	-0.159452	-0.334219	-0.179846	-0.000024	-0.169412	0.000035	-0.192133	-0.000002	40.000000	-12.000000	1.180000	20.820899
49.291206	268.401520	-95.643394	-228.498932	40.234516	5.457409	270.698853	0.815184	-0.159452	-0.501332	-0.000039	-0.000024	-0.169412	0.000035	-0.192133	-0.000002	40.000000	-8.000000	1.180000	21.202872
50.555080	269.555908	-96.184776	-229.373047	43.453274	5.652315	271.339172	0.652145	-0.159452	-0.334219	-0.000039	-0.000024	-0.169412	0.185608	-0.192133	-0.000002	40.000000	-8.000000	1.180000	21.220667
49.832867	268.786316	-97.628441	-229.547882	39.876873	5.457409	271.979492	0.815184	-0.159452	-0.334219	-0.000039	-0.000024	-0.169412	0.185608	0.000002	-0.000002	40.000000	-8.000000	1.180000	21.253996
50.013420	269.555908	-99.252571	-230.072372	39.519234	5.847221	272.779938	0.815184	-0.159452	-0.334219	-0.000039	-0.000024	-0.169412	0.000035	-0.192133	-0.000002	40.000000	-8.000000	1.180000	21.270362
25.999763	286.294952	-64.784866	-245.981628	45.956753	6.042128	288.467957	0.815184	-0.159452	-0.501332	-0.179846	-0.000024	-0.169412	0.000035	-0.192133	-0.000002	40.000000	-4.000000	1.180000	21.878937
22.569241	288.218964	-67.491753	-249.478180	42.559174	5.847221	288.948212	0.815184	-0.159452	-0.334219	-0.000039	-0.000024	-0.169412	-0.185214	-0.192133	-0.000002	40.000000	-4.000000	1.180000	21.905072
25.277548	288.603760	-66.228539	-250.352310	45.956753	6.042119	289.681305	0.815184	-0.159452	-0.334219	-0.000039	-0.000024	-0.169412	0.000035	-0.192133	-0.000002	40.000000	-4.000000	1.180000	21.925884
26.721979	288.796173	-64.604408	-248.953690	46.672031	6.237033	290.388947	0.815184	-0.159452	-0.334219	-0.179846	-0.000024	-0.169412	0.000035	-0.192133	-0.000002	40.000000	-4.000000	1.180000	21.945692
-6.306164	305.342804	-33.745876	-265.387421	46.672031	6.626838	305.365723	0.652302	-0.159452	-0.334219	-0.000039	-0.000024	-0.169412	0.000035	-0.192133	-0.000002	40.000000	0.000000	1.180000	22.501936
-6.306164	306.881989	-31.760824	-263.813995	51.321354	6.626838	306.005890	0.652145	-0.159452	-0.334219	-0.000039	-0.000024	-0.169412	0.000035	-0.192133	-0.000002	40.000000	0.000000	1.180000	22.526032
-3.963875	307.074402	-34.106796	-264.688141	49.533154	6.431940	306.877411	0.815184	-0.159452	-0.334219	-0.000039	-0.000024	-0.169412	0.000035	-0.192133	-0.000002	40.000000	0.000000	1.180000	22.566116
-3.603523	307.074402	-35.911385	-265.737091	46.493214	6.626838	307.126221	0.489228	-0.159452	-0.334219	-0.000039	-0.000024	-0.169412	0.000035	-0.192133	-0.000002	40.000000	0.000000	1.180000	22.568141
-42.881912	319.772980	1.264517	-278.849121	50.069614	6.431940	319.683960	0.652145	-0.159452	-0.501332	-0.000039	-0.000024	-0.169412	0.000035	-0.192133	-0.000002	40.000000	4.000000	1.180000	23.042040
-38.918037	318.041351	3.071002	-273.953949	50.248436	6.431940	320.484375	0.815184	-0.318905	-0.334219	-0.179846	-0.000024	-0.169412	-0.000005	-0.192133	-0.000002	40.000000	4.000000	1.180000	23.071460
-41.620678	320.350189	-0.360919	-278.849121	48.817871	6.626846	320.964630	0.815184	-0.159452	-0.334219	-0.000039	-0.000024	-0.169412	0.185608	-0.000008	-0.000002	40.000000	4.000000	1.180000	23.081938
-39.638741	321.119812	3.974244	-276.926025	52.036633	7.016650	321.530243	0.489228	-0.318905	-0.334219	-0.000039	-0.000024	-0.169412	0.000035	0.000002	-0.000002	40.000000	4.000000	1.180000	23.088392
-83.601707	330.162720	32.697353	-293.184937	47.744953	6.431940	332.810699	0.652145	-0.159452	-0.501332	-0.179846	-0.000024	-0.169412	0.000035	-0.192133	-0.000002	40.000000	8.000000	1.180000	23.519871
-84.142235	332.279144	32.516705	-294.583557	46.672031	6.821744	333.373566	0.652302	-0.159452	-0.501332	-0.000039	-0.000024	-0.169412	0.000035	0.000002	-0.000002	40.000000	8.000000	1.180000	23.526106
-81.439598	331.317139	32.697353	-292.660461	48.817871	6.626838	333.611115	0.815184	-0.159452	-0.334219	-0.179846	-0.000024	-0.169412	0.000035	-0.192133	-0.000002	40.000000	8.000000	1.180000	23.541679
-82.881004	332.279144	31.252167	-293.359772	49.175514	7.016650	334.173798	0.652302	-0.159452	-0.501332	-0.000039	-0.000024	-0.169412	0.000035	-0.192133	-0.000002	40.000000	8.000000	1.180000	23.547901
-121.799034	324.198242	60.697868	-288.464600	44.705013	6.626846	327.367920	0.652145	-0.159452	-0.334219	-0.000039	-0.000024	-0.169412	0.185608	-0.000008	-0.000002	40.000000	12.000000	1.180000	23.315852
-122.339569	322.659027	60.697868	-289.163910	43.095638	6.626846	326.087250	0.652145	-0.159452	-0.334219	-0.000039	0.170349	-0.169412	0.185608	-0.192133	-0.000002	40.000000	12.000000	1.180000	23.269256
-118.375687	321.889404	59.613983	-286.017029	45.062656	6.626838	325.051239	0.815184	-0.318905	-0.501332	-0.179846	-0.000024	-0.169412	-0.185214	-0.192133	-0.000002	40.000000	12.000000	1.180000	23.231496
-118.375687	320.350189	57.265553	-284.443573	42.916813	6.821752	324.166290	0.815184	-0.159452	-0.334219	-0.000039	0.170349	-0.169412	0.000035	0.000002	-0.000002	40.000000	12.000000	1.180000	23.192070
-147.744400	293.029053	76.956238	-268.184662	30.935879	6.431931	301.844757	0.652302	-0.159452	-0.501332	-0.000039	-0.000024	-0.169412	0.000035	-0.192133	-0.000002	40.000000	16.000000	1.180000	22.376320
-146.122818	292.067047	74.246513	-268.009827	30.220596	6.237026	300.884460	0.652302	-0.159452	-0.334219	-0.000039	0.170349	-0.169412	0.000035	0.000002	-0.000002	40.000000	16.000000	1.180000	22.347314
-144.501236	292.644226	72.981972	-270.107758	29.147676	6.431931	300.084229	0.652302	-0.159452	-0.334219	-0.000039	-0.000024	-0.169412	0.000035	0.000002	-0.000002	40.000000	16.000000	1.180000	22.309544
-149.185791	291.874634	74.065865	-270.457397	29.684137	6.237026	299.123962	0.652302	-0.159452	-0.334219	-0.000039	-0.000024	-0.169412	0.000035	-0.192133	-0.000002	40.000000	16.000000	1.180000	22.280452
-176.392410	269.940735	88.517738	-261.366425	18.418478	6.042119	283.919708	0.652302	-0.159452	-0.334219	-0.000039	-0.000024	-0.169412	0.000035	-0.192133	-0.000002	40.000000	20.000000	1.180000	21.702050
-174.410446	267.824310	87.795143	-260.667084	19.849039	5.847213	283.279541	0.652302	-0.159452	-0.334219	-0.000039	-0.000024	-0.169412	0.000035	0.000002	-0.000002	40.000000	20.000000	1.180000	21.684656
-176.032043	268.978729	87.433846	-263.289490	19.133757	5.652315	282.705017	0.815184	-0.159452	-0.334219	-0.000039	-0.000024	-0.169412	0.185608	-0.000008	-0.000002	40.000000	20.000000	1.180000	21.669814
-174.230270	267.247101	84.543472	-261.366425	15.020898	6.042119	282.159210	0.652302	-0.159452	-0.334219	-0.000039	-0.000024	-0.169412	-0.185214	0.000002	-0.000002	40.000000	20.000000	1.180000	21.633194
-204.139511	247.429642	94.479141	-259.443298	3.397601	5.457409	269.258118	0.652145	-0.159452	-0.501332	-0.000039	-0.000024	-0.169412	0.185608	-0.000008	-0.000002	40.000000	24.000000	1.180000	21.145209
-202.878265	246.275238	93.395248	-259.443298	1.609402	5.847213	268.875488	0.652302	-0.159452	-0.334219	-0.000039	-0.000024	-0.169412	0.000035	-0.192133	-0.000002	40.000000	24.000000	1.180000	21.114229
-202.157578	245.890427	93.575897	-260.142639	2.503501	5.847213	268.235291	0.489228	-0.159452	-0.334219	-0.179846	0.170349	-0.169412	0.000035	0.000002	-0.000002	40.000000	24.000000	1.180000	21.088518
-203.959335	245.698013	96.285622	-260.841919	4.649341	5.847213	267.977448	0.652145	-0.159452	-0.334219	-0.000039	-0.000024	-0.169412	-0.185214	-0.192133	-0.000002	40.000000	24.000000	1.180000	21.078154
-241.796310	239.348740	103.692215	-284.093933	-13.558649	5.847213	273.676819	0.815184	-0.159452	-0.334219	-0.000039	-0.000024	-0.169412	0.000035	-0.192133	-0.000002	40.000000	28.000000	1.180000	21.306067
-238.192780	238.963928	104.776100	-280.072906	-11.417809	5.652315	274.637115	0.652145	-0.159452	-0.501332	-0.000039	-0.000024	-0.169412	0.000035	0.000002	-0.000002	40.000000	28.000000	1.180000	21.351966
-243.057541	240.695557	104.414803	-286.191864	-13.737051	5.652315	275.341217	0.815184	-0.159452	-0.334219	-0.000039	0.170349	-0.169412	0.000035	-0.000008	-0.000002	40.000000	28.000000	1.180000	21.379893
-240.535080	239.348740	106.221298	-284.268738	-12.488228	5.847221	275.917450	0.652302	-0.159452	-0.334219	-0.000039	-0.000024	-0.169412	0.000035	0.000002	-0.000002	40.000000	28.000000	1.180000	21.395003
-292.966309	242.427185	117.782799	-327.451019	-33.004601	5.847221	293.590576	0.815184	-0.159452	-0.334219	-0.000039	-0.000024	-0.169412	0.185608	0.000002	-0.000002	40.000000	32.000000	1.180000	22.083944
-291.885254	241.849960	115.615013	-325.877594	-34.788635	5.847221	294.391022	0.815184	-0.159452	-0.501332	-0.000039	-0.000024	-0.169412	-0.000005	-0.192133	-0.000002	40.000000	32.000000	1.180000	22.114639
-292.065430	242.619598	117.240845	-326.751740	-33.183002	6.042128	295.031342	0.652145	-0.159452	-0.501332	-0.000039	-0.000024	-0.169412	0.185608	0.000002	-0.000002	40.000000	32.000000	1.180000	22.131702
-292.245636	244.351196	118.686035	-327.276215	-32.647797	6.237026	295.442932	0.652302	-0.159452	-0.334219	-0.000039	-0.000024	-0.169412	0.000035	-0.192133	-0.000002	40.000000	32.000000	1.180000	22.139998
-340.352631	238.386734	125.370041	-368.535400	-57.624256	6.042128	311.127350	0.652302	-0.159452	-0.334219	-0.000039	-0.000024	-0.169412	0.000035	-0.192133	-0.000002	40.000000	36.000000	1.180000	22.739693
-342.875122	239.541138	127.718468	-371.857086	-57.445850	6.237026	312.000031	0.815184	-0.318905	-0.334219	-0.000039	-0.000024	-0.169412	0.000035	-0.192133	-0.000002	40.000000	36.000000	1.180000	22.764937
-338.190521	238.001923	125.008743	-368.185730	-59.051479	6.431940	312.480286	0.815184	-0.159452	-0.501332	-0.000039	-0.000024	-0.169412	0.000035	-0.192133	-0.000002	40.000000	36.000000	1.180000	22.775557
-342.334564	238.771515	126.634575	-368.185730	-57.624256	6.042128	312.960541	0.815184	-0.159452	-0.334219	-0.000039	-0.000024	-0.169412	0.000035	0.000002	-0.000002	40.000000	36.000000	1.180000	22.807909
-381.432800	225.110962	127.357170	-408.221130	-88.131210	6.431931	321.690308	0.489228	-0.159452	-0.501332	-0.179846	-0.000024	-0.169412	0.000035	-0.192133	-0.000002	40.000000	40.000000	1.180000	23.115713
-378.730133	224.918549	131.150787	-406.123199	-84.563141	6.821744	322.330505	0.652302	-0.159452	-0.334219	-0.179846	-0.000024	-0.169412	0.000035	0.000002	-0.000002	40.000000	40.000000	1.180000	23.124892
-374.225739	224.533737	129.886246	-402.801483	-84.563141	6.626846	322.565460	0.815184	-0.159452	-0.501332	-0.000039	-0.000024	-0.169412	0.185608	-0.192133	-0.000002	40.000000	40.000000	1.180000	23.140639
-379.270691	226.650192	132.234665	-404.549774	-82.957520	6.237033	322.885620	0.815184	-0.318905	-0.501332	-0.000039	-0.000024	-0.169412	-0.000005	-0.000008	-0.000002	40.000000	40.000000	1.180000	23.166625
-420.170624	206.640320	130.066895	-437.417236	-118.281357	6.626846	332.330444	0.652145	-0.159452	-0.334219	-0.000039	-0.000024	-0.169412	0.000035	0.000002	-0.000002	40.000000	44.000000	1.180000	23.495532
-422.693085	206.063110	132.415329	-442.137573	-119.530190	6.626846	333.053497	0.815184	-0.159452	-0.334219	-0.000039	-0.000024	-0.169412	0.000035	0.000002	-0.000002	40.000000	44.000000	1.180000	23.521596
-423.593964	207.987137	131.692734	-440.039612	-116.675735	7.211556	333.533600	0.652302	-0.159452	-0.501332	-0.000039	-0.000024	-0.169412	0.000035	0.000002	-0.000002	40.000000	44.000000	1.180000	23.517828
-422.873291	207.987137	130.970139	-444.235474	-121.314217	6.821752	333.931274	0.652302	-0.159452	-0.334219	-0.000039	-0.000024	-0.169412	0.000035	-0.192133	-0.000002	40.000000	44.000000	1.180000	23.546187
87.207504	174.509094	-443.388336	-440.214478	-187.858627	6.237033	306.397156	0.652145	-0.159452	-0.334219	-0.000039	0.170349	-0.169412	0.000035	-0.192133	-0.000002	44.000000	-44.000000	1.180000	22.555398
87.749168	173.547089	-437.974548	-433.745880	-185.182587	6.237026	305.756836	0.815184	-0.159452	-0.334219	-0.000039	-0.000024	-0.169412	0.000035	0.000002	-0.000002	44.000000	-44.000000	1.180000	22.531327
88.651939	174.701508	-440.320526	-436.543091	-184.647369	6.626838	304.796326	0.815184	-0.159452	-0.334219	-0.000039	-0.000024	-0.169412	0.000035	-0.192133	-0.000002	44.000000	-44.000000	1.180000	22.480481
85.401970	172.585068	-438.155029	-434.445190	-186.609802	6.237033	303.675781	0.815184	-0.159452	-0.501332	-0.000039	0.170349	-0.169412	0.000035	-0.000008	-0.000002	44.000000	-44.000000	1.180000	22.452917
85.221413	182.782410	-399.175812	-391.787384	-148.431503	5.847213	285.266327	0.815184	-0.159452	-0.334219	-0.000039	-0.000024	-0.169412	-0.185214	-0.192133	-0.000002	44.000000	-40.000000	1.180000	21.762163
89.013046	184.706436	-399.536743	-390.563599	-143.257812	5.847221	284.786072	0.815184	-0.159452	-0.334219	-0.000039	-0.000024	-0.169412	0.000035	-0.000008	-0.000002	44.000000	-40.000000	1.180000	21.743452
86.124184	183.744415	-400.439026	-393.885315	-150.037140	5.457409	284.145721	0.652302	-0.159452	-0.334219	-0.000039	-0.000024	-0.169412	0.000035	0.000002	-0.000002	44.000000	-40.000000	1.180000	21.733686
85.401970	180.665985	-398.814911	-389.689453	-149.323532	5.457409	283.345337	0.815184	-0.159452	-0.501332	-0.179846	-0.000024	-0.169412	-0.185214	-0.192133	-0.000002	44.000000	-40.000000	1.180000	21.702454
81.971451	190.286102	-357.489746	-349.304413	-114.891701	5.457400	267.755157	0.652145	-0.159452	-0.334219	-0.179846	0.170349	-0.169412	0.000035	-0.192133	-0.000002	44.000000	-36.000000	1.180000	21.084887
82.513107	189.708893	-354.421936	-347.730957	-113.464470	5.262503	267.337128	0.815184	-0.159452	-0.334219	-0.000039	-0.000024	-0.169412	0.000035	-0.192133	-0.000002	44.000000	-36.000000	1.180000	21.075917
83.235321	190.478500	-357.850677	-351.402313	-114.534897	5.067596	266.696808	0.652145	-0.159452	-0.501332	-0.000039	-0.000024	-0.169412	0.185608	-0.000008	-0.000002	44.000000	-36.000000	1.180000	21.057999
82.152000	189.708893	-355.143768	-348.954742	-115.426910	5.262503	265.896362	0.815184	-0.159452	-0.501332	-0.179846	-0.000024	-0.169412	0.185608	-0.192133	-0.000002	44.000000	-36.000000	1.180000	21.017904
82.332550	210.103561	-335.293274	-338.465118	-95.445740	5.262503	271.019012	0.815184	-0.159452	-0.334219	-0.000039	-0.000024	-0.169412	0.185608	-0.192133	-0.000002	44.000000	-32.000000	1.180000	21.223448
81.610336	211.642776	-339.082916	-341.087555	-96.516159	5.262494	271.916351	0.489228	-0.159452	-0.334219	-0.000039	-0.000024	-0.169412	-0.185214	0.000002	-0.000002	44.000000	-32.000000	1.180000	21.259250
82.332550	212.027588	-339.985199	-342.311340	-97.051369	5.652307	272.556519	0.652145	-0.159452	-0.501332	-0.000039	-0.000024	-0.169412	0.000035	-0.192133	-0.000002	44.000000	-32.000000	1.180000	21.269227
83.415878	213.181992	-339.804718	-341.437195	-93.840118	5.262503	273.260162	0.652302	-0.159452	-0.334219	-0.179846	-0.000024	-0.169412	0.185608	-0.192133	-0.000002	44.000000	-32.000000	1.180000	21.312750
82.152000	238.963928	-325.187531	-346.157532	-83.314323	5.652307	288.400970	0.652302	-0.159452	-0.334219	-0.000039	-0.000024	-0.169412	0.000035	-0.192133	-0.000002	44.000000	-28.000000	1.180000	21.891437
83.235321	240.887955	-326.270294	-348.430298	-81.530296	5.847213	289.201172	0.815184	-0.159452	-0.501332	-0.000039	-0.000024	-0.169412	0.000035	-0.192133	-0.000002	44.000000	-28.000000	1.180000	21.914857
81.971451	240.695557	-327.713959	-350.353363	-84.741547	5.847221	289.748627	0.652145	-0.159452	-0.334219	-0.179846	-0.000024	-0.169412	0.185608	-0.000008	-0.000002	44.000000	-28.000000	1.180000	21.936016
83.415878	240.887955	-329.518555	-349.828888	-84.206337	5.847213	290.161469	0.652302	-0.159452	-0.334219	-0.000039	-0.000024	-0.169412	0.000035	-0.192133	-0.000002	44.000000	-28.000000	1.180000	21.951961
79.624245	266.862274	-309.848511	-340.388245	-67.079628	6.237026	302.965057	0.652302	-0.159452	-0.501332	-0.000039	0.170349	-0.169412	0.000035	0.000002	-0.000002	44.000000	-24.000000	1.180000	22.426075
78.540924	266.669891	-307.322083	-340.213409	-66.187607	6.237026	303.605225	0.652302	-0.159452	-0.334219	-0.000039	-0.000024	-0.169412	0.000035	0.000002	-0.000002	44.000000	-24.000000	1.180000	22.450254
78.540924	268.209106	-310.209412	-344.933746	-67.793236	6.042119	303.925323	0.652302	-0.159452	-0.501332	-0.179846	-0.000024	-0.169412	-0.185214	-0.192133	-0.000002	44.000000	-24.000000	1.180000	22.469686
79.804802	266.862274	-311.111725	-343.709961	-68.328445	6.042119	304.245422	0.652302	-0.159452	-0.334219	-0.000039	-0.000024	-0.169412	0.000035	0.000002	-0.000002	44.000000	-24.000000	1.180000	22.481756
72.221542	286.102539	-278.087677	-323.080353	-50.844929	6.237033	312.480286	0.815184	-0.159452	-0.334219	-0.000039	-0.000024	-0.169412	0.185608	-0.192133	-0.000002	44.000000	-20.000000	1.180000	22.782809
70.416008	286.872131	-279.711823	-327.276215	-50.131313	6.237026	312.640381	0.815184	-0.159452	-0.334219	-0.179846	-0.000024	-0.169412	0.000035	-0.192133	-0.000002	44.000000	-20.000000	1.180000	22.788763
71.138214	287.449371	-279.531342	-328.150360	-49.239300	6.626838	313.047852	0.652302	-0.159452	-0.334219	-0.179846	-0.000024	-0.169412	0.000035	-0.192133	-0.000002	44.000000	-20.000000	1.180000	22.789420
72.221542	287.256958	-277.907227	-325.877594	-49.239300	6.431931	313.280701	0.815184	-0.159452	-0.334219	-0.000039	-0.000024	-0.169412	0.000035	-0.192133	-0.000002	44.000000	-20.000000	1.180000	22.805320
59.402222	304.380768	-248.853287	-316.961395	-36.572670	6.821744	320.004120	0.652302	-0.159452	-0.334219	-0.000039	-0.000024	-0.169412	0.000035	-0.192133	-0.000002	44.000000	-16.000000	1.180000	23.039479
59.221668	303.418762	-245.965927	-315.912445	-35.323845	6.431940	320.324280	0.815184	-0.159452	-0.501332	-0.179846	-0.000024	-0.169412	0.000035	-0.192133	-0.000002	44.000000	-16.000000	1.180000	23.065578
57.055019	303.033966	-245.063644	-315.387970	-36.751072	6.237033	320.484375	0.815184	-0.318905	-0.501332	-0.000039	-0.000024	-0.169412	0.000035	-0.192133	-0.000002	44.000000	-16.000000	1.180000	23.078618
58.680004	304.380768	-243.980896	-315.213135	-34.253426	6.431940	320.964630	0.815184	-0.159452	-0.501332	-0.000039	-0.000024	-0.169412	0.185608	-0.192133	-0.000002	44.000000	-16.000000	1.180000	23.089094
38.457973	320.350189	-208.971786	-317.485901	-26.046873	6.431931	328.732269	0.652302	-0.159452	-0.334219	-0.179846	-0.000024	-0.169412	-0.185214	0.000002	-0.000002	44.000000	-12.000000	1.180000	23.372457
39.541302	318.426178	-211.137299	-315.737610	-26.938894	6.431931	329.212433	0.652302	-0.159452	-0.334219	-0.000039	-0.000024	-0.169412	0.000035	-0.192133	-0.000002	44.000000	-12.000000	1.180000	23.389860
35.930222	319.965393	-207.347672	-318.534851	-29.614941	6.431940	329.448975	0.815184	-0.159452	-0.501332	-0.000039	-0.000024	-0.169412	0.185608	-0.192133	-0.000002	44.000000	-12.000000	1.180000	23.398429
39.360744	319.003357	-207.528122	-317.136230	-26.938894	6.821744	329.692566	0.815184	-0.159452	-0.334219	-0.000039	0.170349	-0.169412	0.000035	-0.192133	-0.000002	44.000000	-12.000000	1.180000	23.393133
9.566858	333.433563	-171.616730	-328.849640	-22.835619	7.211556	336.254395	0.489228	-0.159452	-0.334219	-0.000039	-0.000024	-0.169412	0.000035	0.000002	-0.000002	44.000000	-8.000000	1.180000	23.615667
13.180443	330.355133	-169.451218	-324.478973	-23.014019	7.016650	335.532104	0.652302	-0.159452	-0.334219	-0.000039	-0.000024	-0.169412	0.000035	-0.192133	-0.000002	44.000000	-8.000000	1.180000	23.596734
12.097119	328.431091	-166.383423	-320.982452	-20.873180	6.821752	334.251434	0.815184	-0.159452	-0.334219	-0.000039	-0.000024	-0.169412	0.000035	-0.192133	-0.000002	44.000000	-8.000000	1.180000	23.557707
10.291581	328.815887	-166.202957	-323.954468	-20.694778	6.626846	333.130859	0.652145	-0.318905	-0.334219	-0.000039	-0.000024	-0.169412	0.185608	-0.192133	-0.000002	44.000000	-8.000000	1.180000	23.524384
-17.296906	306.689636	-114.952530	-299.129028	-17.840326	6.626838	308.726685	0.815184	-0.159452	-0.334219	-0.179846	-0.000024	-0.169412	0.000035	-0.192133	-0.000002	44.000000	-4.000000	1.180000	22.628161
-17.477083	303.611176	-113.328407	-298.429749	-18.910744	6.431931	307.926422	0.652302	-0.318905	-0.501332	-0.179846	-0.000024	-0.169412	0.000035	-0.192133	-0.000002	44.000000	-4.000000	1.180000	22.605477
-20.359898	306.881989	-119.283562	-302.450745	-20.159567	6.237026	307.126221	0.489228	-0.318905	-0.334219	-0.000039	-0.000024	-0.169412	0.000035	0.000002	-0.000002	44.000000	-4.000000	1.180000	22.582774
-16.756378	304.573181	-113.508858	-298.254913	-16.413097	6.431931	306.325989	0.815184	-0.159452	-0.334219	-0.000039	-0.000024	-0.169412	0.000035	-0.192133	-0.000002	44.000000	-4.000000	1.180000	22.545398
-43.242264	283.986115	-69.476807	-276.051880	-11.953016	5.652315	285.266327	0.815184	-0.159452	-0.334219	-0.000039	-0.000024	-0.169412	0.000035	0.000002	-0.000002	44.000000	0.000000	1.180000	21.769751
-43.782795	283.216492	-70.198639	-274.653259	-15.521085	5.652315	284.145721	0.815184	-0.159452	-0.501332	-0.000039	-0.000024	-0.169412	-0.000005	-0.000008	-0.000002	44.000000	0.000000	1.180000	21.726084
-42.521557	280.907684	-66.589455	-272.555328	-11.596210	6.237026	283.825562	0.815184	-0.159452	-0.334219	-0.000039	-0.000024	-0.169412	0.000035	-0.000008	-0.000002	44.000000	0.000000	1.180000	21.690759
-44.863850	282.639313	-70.920479	-274.828094	-14.093857	6.042128	283.025177	0.815184	-0.159452	-0.334219	-0.000039	-0.000024	-0.169412	0.185608	-0.192133	-0.000002	44.000000	0.000000	1.180000	21.667091
-70.268677	265.900269	-37.355061	-256.121582	-16.948309	5.652307	267.595123	0.652302	-0.159452	-0.501332	-0.000039	0.170349	-0.169412	0.000035	-0.192133	-0.000002	44.000000	4.000000	1.180000	21.070616
-67.926384	265.323090	-35.370007	-255.422302	-13.915455	5.652307	266.954926	0.652302	-0.159452	-0.334219	-0.179846	0.170349	-0.169412	0.000035	-0.192133	-0.000002	44.000000	4.000000	1.180000	21.044852
-69.007439	265.707886	-36.633224	-256.471252	-14.629067	5.262503	266.536713	0.652302	-0.159452	-0.501332	-0.000039	-0.000024	-0.169412	0.000035	-0.192133	-0.000002	44.000000	4.000000	1.180000	21.043708
-67.746216	263.783875	-35.911385	-252.974716	-14.450663	5.262503	265.736298	0.815184	-0.159452	-0.334219	-0.000039	-0.000024	-0.169412	0.000035	-0.192133	-0.000002	44.000000	4.000000	1.180000	21.011449
-100.538269	269.171143	-9.022962	-258.744019	-16.948309	5.067596	271.819427	0.815184	-0.159452	-0.334219	-0.000039	-0.000024	-0.169412	-0.000005	-0.000008	-0.000002	44.000000	8.000000	1.180000	21.263155
-100.898613	269.363525	-7.037910	-258.219513	-14.985873	5.457400	272.556519	0.815184	-0.159452	-0.334219	-0.000039	-0.000024	-0.169412	0.000035	0.000002	-0.000002	44.000000	8.000000	1.180000	21.276992
-100.718437	271.287537	-9.925258	-262.240570	-16.769907	5.457400	273.196686	0.815184	-0.159452	-0.334219	-0.000039	0.170349	-0.169412	0.000035	-0.192133	-0.000002	44.000000	8.000000	1.180000	21.302474
-100.177910	271.864777	-11.549391	-263.289490	-16.591503	5.457400	273.836853	0.652302	-0.159452	-0.334219	-0.000039	-0.000024	-0.169412	0.000035	-0.192133	-0.000002	44.000000	8.000000	1.180000	21.327926
-141.618408	281.869690	15.355099	-274.128784	-20.337973	5.457409	286.867126	0.652302	-0.318905	-0.501332	-0.179846	-0.000024	-0.169412	-0.185214	-0.192133	-0.175406	44.000000	12.000000	1.180000	21.839543
-141.077896	283.793732	15.897045	-272.555328	-19.981167	5.847221	287.440674	0.489228	-0.159452	-0.501332	-0.000039	-0.000024	-0.169412	0.000035	-0.192133	-0.000002	44.000000	12.000000	1.180000	21.846671
-143.780518	282.831696	15.174451	-275.002899	-22.835619	5.652315	287.987732	0.815184	-0.159452	-0.334219	-0.000039	-0.000024	-0.169412	0.185608	-0.000008	-0.000002	44.000000	12.000000	1.180000	21.875434
-143.600342	281.292480	14.813153	-273.604309	-22.835619	6.042119	288.628052	0.815184	-0.159452	-0.334219	-0.000039	-0.000024	-0.169412	0.000035	0.000002	-0.000002	44.000000	12.000000	1.180000	21.885137
-188.103836	290.720215	35.407082	-295.632507	-32.826199	6.431940	301.754761	0.815184	-0.159452	-0.334219	-0.000039	-0.000024	-0.169412	0.000035	-0.192133	-0.000002	44.000000	16.000000	1.180000	22.372911
-186.482269	292.067047	34.865139	-297.031128	-32.647797	6.042128	302.074921	0.815184	-0.159452	-0.334219	-0.000039	-0.000024	-0.169412	0.000035	-0.000008	-0.000002	44.000000	16.000000	1.180000	22.399788
-184.680496	292.067047	34.865139	-295.108032	-30.328554	6.237026	302.875366	0.815184	-0.159452	-0.334219	-0.000039	-0.000024	-0.169412	0.000035	-0.192133	-0.000002	44.000000	16.000000	1.180000	22.422686
-189.004730	293.221436	34.323193	-299.478699	-32.826199	6.237026	303.355621	0.815184	-0.159452	-0.334219	-0.000039	-0.000024	-0.169412	0.000035	-0.192133	-0.000002	44.000000	16.000000	1.180000	22.440830
-236.030670	296.299866	52.388039	-325.178284	-48.347282	6.431940	314.721405	0.815184	-0.159452	-0.501332	-0.000039	-0.000024	-0.169412	0.000035	0.000002	-0.000002	44.000000	20.000000	1.180000	22.858795
-236.931549	296.877075	53.110634	-323.255188	-44.957623	6.237033	315.201691	0.815184	-0.159452	-0.334219	-0.000039	-0.000024	-0.169412	0.000035	-0.192133	-0.000002	44.000000	20.000000	1.180000	22.883813
-228.463287	294.760681	58.530090	-319.933472	-41.924763	6.626838	315.608612	0.815184	-0.159452	-0.501332	-0.000039	-0.000024	-0.169412	0.000035	-0.192133	-0.000002	44.000000	20.000000	1.180000	22.884447
-235.850494	296.684692	54.194527	-324.129303	-45.314423	6.626838	315.608612	0.489228	-0.159452	-0.501332	-0.000039	-0.000024	-0.169412	0.000035	0.000002	-0.000002	44.000000	20.000000	1.180000	22.884447
-279.813477	296.492279	69.910942	-352.975769	-61.192310	6.626846	325.051239	0.652302	-0.318905	-0.334219	-0.179846	-0.000024	-0.169412	0.000035	0.000002	-0.000002	44.000000	24.000000	1.180000	23.231494
-278.372070	294.375854	70.091591	-350.353363	-61.727524	6.431940	325.126770	0.815184	-0.318905	-0.501332	-0.000039	-0.000024	-0.169412	0.000035	-0.192133	-0.000002	44.000000	24.000000	1.180000	23.241358
-281.975586	296.492279	69.910942	-349.654083	-59.051479	6.626838	325.851471	0.652302	-0.159452	-0.501332	-0.000039	0.170349	-0.169412	0.000035	0.000002	-0.000002	44.000000	24.000000	1.180000	23.260669
-285.759277	297.839081	68.827057	-355.598206	-65.295593	6.626846	326.407410	0.815184	-0.159452	-0.334219	-0.000039	-0.000024	-0.169412	0.185608	-0.000008	-0.000002	44.000000	24.000000	1.180000	23.280915
-338.550873	291.874634	84.543472	-383.395691	-79.924667	6.821744	335.934296	0.652302	-0.159452	-0.334219	-0.000039	-0.000024	-0.169412	0.000035	0.000002	-0.000002	44.000000	28.000000	1.180000	23.618168
-330.442963	291.874634	82.195045	-381.122925	-82.957520	6.821752	336.652679	0.815184	-0.159452	-0.334219	-0.000039	-0.000024	-0.169412	0.000035	-0.192133	-0.000002	44.000000	28.000000	1.180000	23.643931
-332.424896	292.259430	83.098289	-381.472565	-78.675835	7.016650	336.574493	0.652145	-0.159452	-0.501332	-0.000039	-0.000024	-0.169412	-0.185214	-0.192133	-0.000002	44.000000	28.000000	1.180000	23.634140
-338.911224	293.413849	86.530609	-384.969116	-78.140625	6.821744	337.132935	0.652145	-0.159452	-0.501332	-0.000039	-0.000024	-0.169412	-0.185214	-0.192133	-0.000002	44.000000	28.000000	1.180000	23.661138
-349.901947	253.586517	83.278938	-369.584320	-94.018517	6.042128	312.480286	0.815184	-0.159452	-0.334219	-0.000039	0.170349	-0.169412	0.000035	-0.192133	-0.000002	44.000000	32.000000	1.180000	22.790058
-349.001099	253.586517	85.446716	-370.808136	-91.877686	6.626838	311.679840	0.815184	-0.159452	-0.334219	-0.000039	-0.000024	-0.169412	-0.185214	-0.192133	-0.000002	44.000000	32.000000	1.180000	22.738492
-344.676849	252.816910	83.459587	-368.535400	-92.591293	6.431931	310.399200	0.652302	-0.159452	-0.334219	-0.000039	-0.000024	-0.169412	0.000035	-0.192133	-0.000002	44.000000	32.000000	1.180000	22.697990
-343.235443	251.470093	84.001526	-366.262634	-91.342476	6.237033	309.598816	0.815184	-0.159452	-0.334219	-0.000039	-0.000024	-0.169412	0.000035	-0.192133	-0.000002	44.000000	32.000000	1.180000	22.675373
-358.009888	218.761658	82.375694	-357.521271	-102.403465	5.847213	289.681305	0.815184	-0.318905	-0.501332	-0.000039	-0.000024	-0.169412	0.000035	0.000002	-0.000002	44.000000	36.000000	1.180000	21.933416
-359.451294	218.376846	81.291801	-359.794037	-103.117088	5.847213	289.361237	0.815184	-0.159452	-0.501332	-0.000039	-0.000024	-0.169412	0.000035	-0.192133	-0.000002	44.000000	36.000000	1.180000	21.921046
-355.487427	217.607269	81.653099	-355.773010	-102.403465	5.652315	288.467957	0.815184	-0.159452	-0.501332	-0.000039	-0.000024	-0.169412	0.000035	-0.192133	-0.000002	44.000000	36.000000	1.180000	21.894030
-354.046021	215.875641	81.472450	-354.898865	-101.868271	5.847221	287.827637	0.815184	-0.159452	-0.501332	-0.000039	-0.000024	-0.169412	0.185608	-0.192133	-0.000002	44.000000	36.000000	1.180000	21.861676
-363.775513	187.977280	77.678833	-354.199585	-113.821274	5.457400	272.236420	0.652302	-0.159452	-0.334219	-0.000039	0.170349	-0.169412	0.000035	0.000002	-0.000002	44.000000	40.000000	1.180000	21.264238
-364.135895	187.400070	80.027260	-355.598206	-111.323631	5.457400	271.756287	0.815184	-0.159452	-0.334219	-0.000039	-0.000024	-0.169412	0.000035	-0.192133	-0.000002	44.000000	40.000000	1.180000	21.245095
-363.595337	186.053253	76.775589	-357.346436	-115.962120	5.652315	271.179077	0.815184	-0.159452	-0.334219	-0.000039	-0.000024	-0.169412	0.000035	-0.192133	-0.000002	44.000000	40.000000	1.180000	21.214273
-365.937622	186.245651	75.691696	-357.171631	-117.032539	5.652315	270.378693	0.815184	-0.159452	-0.334219	-0.179846	-0.000024	-0.169412	-0.185214	-0.192133	-0.000002	44.000000	40.000000	1.180000	21.182275
-390.441589	164.696579	72.259369	-374.654327	-135.764877	5.262503	267.337128	0.815184	-0.159452	-0.334219	-0.000039	-0.000024	-0.169412	-0.185214	-0.000008	-0.000002	44.000000	44.000000	1.180000	21.075917
-389.180359	163.926956	70.091591	-374.654327	-139.332947	5.457400	267.755157	0.652302	-0.159452	-0.501332	-0.000039	-0.000024	-0.169412	0.000035	0.000002	-0.000002	44.000000	44.000000	1.180000	21.084887
-390.081238	165.466187	72.620674	-374.654327	-135.408081	5.457409	268.617767	0.815184	-0.159452	-0.334219	-0.179846	-0.000024	-0.169412	0.185608	-0.192133	-0.000002	44.000000	44.000000	1.180000	21.119529
-390.441589	165.081375	70.994835	-374.479492	-137.905716	5.457409	269.098022	0.815184	-0.159452	-0.334219	-0.000039	-0.000024	-0.169412	0.000035	-0.192133	-0.000002	44.000000	44.000000	1.180000	21.138792
