68.953491	-438.537567	-442.550598	174.745956	-192.982346	6.040411	299.283997	0.162965	-0.000008	-0.000039	-0.000016	0.000006	0.000005	0.185621	0.000008	-0.000010	-44.000000	-44.000000	1.180000	22.294013
69.332664	-439.566620	-443.633057	175.928070	-190.307007	6.624963	300.244263	0.162965	-0.000008	-0.000039	-0.000016	0.000006	0.000005	0.185621	0.192572	-0.000010	-44.000000	-44.000000	1.180000	22.308290
68.971558	-439.305237	-445.617584	177.680359	-191.377136	6.624963	300.564331	0.162965	-0.000008	-0.000039	-0.000016	0.000006	0.000005	0.185621	0.192572	-0.000010	-44.000000	-44.000000	1.180000	22.320446
68.610458	-444.679016	-444.831970	177.154678	-191.020432	6.431940	301.524628	0.162965	-0.000008	-0.000039	-0.000016	0.170381	0.000005	0.185621	0.192572	0.175661	-44.000000	-44.000000	1.180000	22.364192
77.818703	-435.921143	-445.256775	208.520340	-166.942215	7.014666	316.728882	0.162965	-0.000008	-0.000039	-0.179798	0.000006	0.000005	0.000008	0.000008	-0.000010	-44.000000	-40.000000	1.180000	22.911554
76.554817	-446.598175	-456.561859	209.571701	-173.006363	7.016659	317.209015	0.162965	-0.000008	-0.000039	-0.179798	0.000006	0.000005	0.185621	0.000008	-0.000010	-44.000000	-40.000000	1.180000	22.929234
77.798317	-447.365906	-455.901093	209.396484	-171.401154	7.211564	318.009247	0.162965	-0.000008	-0.000039	-0.000016	0.000006	0.000005	0.185621	0.192572	-0.000010	-44.000000	-40.000000	1.180000	22.951595
77.638145	-444.870911	-453.674500	209.571701	-171.401154	6.626846	318.329346	0.162965	-0.000011	-0.000039	-0.000016	0.000006	0.000005	0.185621	0.192572	-0.000010	-44.000000	-40.000000	1.180000	22.984981
82.151985	-421.072815	-435.514557	238.895416	-141.793884	6.819815	327.131805	0.162965	-0.000008	-0.000039	-0.000016	0.000006	-0.169452	0.185621	0.192572	-0.000010	-44.000000	-36.000000	1.180000	23.300250
79.624237	-421.147430	-429.853882	237.958511	-138.797729	7.014666	327.291870	0.000000	-0.000008	-0.000039	-0.179798	0.000006	0.000005	0.000008	0.000008	-0.175361	-44.000000	-36.000000	1.180000	23.298985
83.957527	-422.874237	-435.514557	237.783295	-139.831955	7.014666	327.771973	0.162965	-0.000008	-0.000039	-0.000016	0.170381	0.000005	0.000008	0.192572	-0.175361	-44.000000	-36.000000	1.180000	23.316441
82.332542	-424.527374	-435.809052	237.257599	-141.793884	6.821752	327.771973	0.000000	-0.000008	-0.000039	-0.000016	0.000006	0.000005	0.185621	0.192572	-0.000010	-44.000000	-36.000000	1.180000	23.323452
83.596420	-410.019165	-410.076447	267.396698	-113.791817	7.404368	338.975128	-0.000035	-0.000008	-0.000039	-0.000016	0.170381	0.000005	0.000008	0.192572	-0.000010	-44.000000	-32.000000	1.180000	23.706209
84.296547	-413.204071	-413.793030	264.593048	-116.467178	7.406471	337.694763	0.162965	0.159851	-0.000039	-0.000016	0.000006	0.000005	0.185621	0.192572	-0.000010	-44.000000	-32.000000	1.180000	23.660319
84.679741	-405.606232	-406.287781	265.994843	-110.610023	7.209517	336.574463	0.162965	-0.000008	-0.000039	-0.000016	0.000006	0.000005	0.000008	0.192572	-0.000010	-44.000000	-32.000000	1.180000	23.627224
81.429771	-404.838776	-405.205322	266.170105	-115.248497	7.209517	335.454132	0.162965	-0.000008	-0.000039	-0.000016	0.000006	0.000005	0.185621	0.192572	-0.000010	-44.000000	-32.000000	1.180000	23.587006
72.763191	-352.267303	-336.015106	264.768280	-78.140625	6.821752	313.367950	-0.162573	-0.000008	-0.000039	-0.000016	0.000006	0.000005	0.185621	0.192572	-0.000010	-44.000000	-28.000000	1.180000	22.794075
71.119568	-353.324982	-337.097870	263.608734	-80.260689	6.821752	312.407654	0.162965	-0.000008	-0.000039	-0.000016	0.000006	0.000005	0.185621	0.192572	-0.000010	-44.000000	-28.000000	1.180000	22.758344
71.119568	-350.830048	-333.488678	263.366455	-79.368904	6.821752	311.447418	0.162965	-0.000008	-0.000039	-0.000016	0.000006	0.000005	0.185621	0.192572	-0.000010	-44.000000	-28.000000	1.180000	22.722559
75.090721	-349.486572	-336.195557	260.037140	-77.585327	6.626846	310.327087	0.162965	-0.000011	-0.000039	-0.000016	0.000006	0.000005	0.185621	0.192572	-0.000010	-44.000000	-28.000000	1.180000	22.688019
59.943867	-312.254059	-278.375671	259.336212	-56.539196	6.040411	291.121704	0.162965	-0.000008	-0.000039	-0.000016	0.000006	0.000005	0.185621	0.192572	-0.000010	-44.000000	-24.000000	1.180000	21.981552
59.402210	-313.126465	-276.463562	256.883057	-52.628960	6.042128	290.481537	0.000000	-0.000008	-0.000039	-0.000016	0.000006	0.000005	0.185621	0.192572	-0.000010	-44.000000	-24.000000	1.180000	21.956792
59.041103	-310.248474	-275.019897	257.408722	-54.234585	6.040411	289.841339	0.000000	-0.000008	-0.000039	-0.000016	0.000006	0.000005	0.185621	0.192572	-0.000010	-44.000000	-24.000000	1.180000	21.932135
59.763313	-311.207825	-277.654022	257.759186	-55.661819	6.235262	289.201141	0.162965	-0.000008	-0.000039	-0.000016	0.170381	0.000005	0.185621	0.192572	-0.175361	-44.000000	-24.000000	1.180000	21.899844
44.777348	-286.536774	-228.822311	255.481216	-38.703484	6.042128	275.597351	0.162965	-0.000008	-0.000039	-0.000016	0.000006	0.000005	0.185621	0.192572	-0.000010	-44.000000	-20.000000	1.180000	21.374594
45.848663	-285.497650	-227.920029	255.020432	-38.703484	6.237033	274.957153	-0.000035	-0.000008	-0.000039	-0.000016	0.000006	0.000005	0.185621	0.000008	-0.000010	-44.000000	-20.000000	1.180000	21.341458
43.874577	-283.962738	-225.574036	256.182129	-37.990059	6.042128	274.477020	0.162965	-0.000008	-0.000039	-0.000016	0.000006	0.000005	0.185621	0.192572	-0.000010	-44.000000	-20.000000	1.180000	21.330129
45.138454	-282.811523	-225.334579	254.955551	-37.276634	5.845560	273.996918	0.162965	-0.000008	-0.000039	-0.179798	0.000006	0.000005	0.185621	0.192572	-0.000010	-44.000000	-20.000000	1.180000	21.318861
30.874706	-265.159790	-185.824356	253.203262	-25.690071	5.455858	264.074097	0.162965	-0.000008	-0.000039	-0.000016	0.000006	0.000005	0.185621	0.000008	-0.000010	-44.000000	-16.000000	1.180000	20.936475
32.491177	-266.193237	-185.331635	252.917160	-23.364780	5.847221	264.714264	0.162965	-0.000008	-0.000039	-0.000016	0.000006	-0.169452	0.000008	0.192572	-0.000010	-44.000000	-16.000000	1.180000	20.946544
32.680241	-266.310974	-186.004761	254.669876	-22.651350	5.650709	265.354462	-0.000035	-0.000008	-0.000039	-0.000016	0.000006	0.000005	0.185621	0.192572	-0.000010	-44.000000	-16.000000	1.180000	20.980369
33.041351	-265.735382	-186.414383	253.904190	-23.727633	5.455858	265.994659	0.000000	-0.000008	-0.000039	-0.000016	0.000006	0.000005	0.185621	0.192572	-0.000010	-44.000000	-16.000000	1.180000	21.014071
18.958153	-279.741669	-163.994492	278.786469	-16.052137	5.845560	284.079712	-0.000035	-0.000008	-0.000039	-0.179798	0.000006	0.000005	0.000008	0.192572	-0.000010	-44.000000	-12.000000	1.180000	21.715969
19.138706	-279.243805	-162.954681	278.611206	-13.555140	6.042128	284.559845	0.162965	-0.000008	-0.000039	-0.000016	0.000006	0.000005	0.000008	0.192572	-0.000010	-44.000000	-12.000000	1.180000	21.727033
19.499815	-279.166046	-162.052399	279.136902	-11.953016	6.040411	285.360077	0.000000	-0.000008	-0.000039	-0.000016	0.000006	0.000005	0.185621	0.192572	-0.175361	-44.000000	-12.000000	1.180000	21.758290
19.319262	-281.852203	-164.939728	281.590088	-13.915455	6.040411	286.160309	0.162965	-0.000008	-0.000039	-0.000016	0.000006	0.000005	0.185621	0.192572	-0.000010	-44.000000	-12.000000	1.180000	21.789435
-0.540528	-295.748962	-139.855911	301.565979	-9.452928	6.431940	302.644928	0.162965	-0.000008	-0.000039	-0.000016	0.000006	0.000005	0.185621	0.000008	-0.000010	-44.000000	-8.000000	1.180000	22.406604
0.000002	-296.132782	-140.938660	301.741211	-10.701427	6.626846	303.445160	0.162965	-0.000011	-0.000039	-0.000016	0.000006	0.000005	0.185621	0.192572	-0.000010	-44.000000	-8.000000	1.180000	22.429486
-1.801760	-296.625946	-138.953613	301.390747	-10.168986	6.235262	304.085358	0.000000	-0.000008	-0.000039	-0.000016	0.000006	0.000005	0.185621	0.000008	-0.000010	-44.000000	-8.000000	1.180000	22.468437
-1.261232	-296.242218	-138.051300	301.215546	-6.957727	6.430112	304.725525	0.162965	-0.000008	-0.000039	-0.000016	0.000006	0.000005	0.185621	0.192572	0.175661	-44.000000	-8.000000	1.180000	22.485227
-26.485886	-306.603027	-107.373245	315.584167	-9.633776	6.624963	315.608582	0.000000	-0.000008	-0.000039	-0.000016	0.000006	0.000005	0.185621	0.192572	0.175661	-44.000000	-4.000000	1.180000	22.884515
-25.224653	-308.223755	-108.095078	315.839752	-8.739498	6.819815	317.048981	0.162965	-0.000008	-0.000039	-0.000016	0.000006	0.000005	0.185621	0.192572	-0.000010	-44.000000	-4.000000	1.180000	22.930594
-26.666063	-313.021759	-111.523804	318.738251	-9.455374	6.626846	317.849213	0.000000	-0.000008	-0.000039	-0.000016	0.000006	0.000005	0.185621	0.192572	-0.000010	-44.000000	-4.000000	1.180000	22.967270
-26.125532	-310.718719	-108.456001	321.097900	-8.561142	6.819815	318.649414	0.162965	-0.000008	-0.000039	-0.000016	0.000006	0.000005	0.000008	0.000008	-0.000010	-44.000000	-4.000000	1.180000	22.989666
-53.512295	-326.173401	-77.056091	331.438934	-10.344713	7.599219	331.613068	0.162965	-0.000008	-0.000039	-0.000016	0.170381	0.000005	0.000008	0.192572	-0.000010	-44.000000	0.000000	1.180000	23.434505
-56.034760	-328.667664	-78.499771	333.632568	-11.774615	7.209517	331.933167	0.000000	-0.000008	-0.000039	-0.000016	0.000006	-0.169452	0.000008	0.192572	-0.000010	-44.000000	0.000000	1.180000	23.460160
-58.212097	-327.607666	-73.988289	332.230743	-9.452928	7.211564	332.413300	0.162965	0.159851	-0.000039	-0.000016	0.000006	0.000005	0.185621	0.192572	-0.000010	-44.000000	0.000000	1.180000	23.477422
-52.971767	-328.283936	-80.123901	333.983032	-10.879783	7.404368	333.053467	0.162965	-0.000008	-0.000039	-0.000016	0.170381	0.000005	0.185621	0.192572	-0.000010	-44.000000	0.000000	1.180000	23.493566
-89.727699	-329.526886	-38.437817	334.508698	-14.272262	7.209517	331.453033	0.000000	-0.000008	-0.000039	-0.000016	0.000006	0.000005	0.000008	0.192572	-0.000010	-44.000000	4.000000	1.180000	23.442809
-85.944000	-330.586334	-42.407917	332.581207	-14.446926	7.209517	330.332703	0.162965	-0.000008	-0.000039	-0.000016	0.000006	0.000005	0.185621	0.192572	-0.000010	-44.000000	4.000000	1.180000	23.402274
-87.385406	-329.051392	-42.046997	330.828949	-14.629067	7.209517	329.532471	0.000000	-0.000008	-0.000039	-0.000016	0.000006	0.000005	0.000008	0.192572	-0.000010	-44.000000	4.000000	1.180000	23.373278
-86.664696	-325.214081	-39.159653	329.251862	-11.239405	7.014666	328.412170	0.000000	-0.000008	-0.000039	-0.000016	0.000006	0.000005	0.000008	0.000008	0.175661	-44.000000	4.000000	1.180000	23.339698
-108.466011	-302.381958	-6.135614	302.792572	-11.061003	6.430112	304.885559	-0.162573	-0.000008	-0.000039	-0.000016	0.000006	0.000005	0.185621	0.000008	-0.000010	-44.000000	8.000000	1.180000	22.491258
-111.017502	-303.809601	-7.398829	302.617340	-14.090209	6.626846	304.085358	0.162965	-0.000008	-0.000039	-0.000016	0.000006	-0.169452	0.185621	0.192572	-0.000010	-44.000000	8.000000	1.180000	22.453662
-109.547066	-304.108734	-8.842502	302.967804	-12.488228	6.624963	303.285095	-0.000035	0.159851	-0.000039	-0.000016	0.000006	0.000005	0.185621	0.192572	-0.000010	-44.000000	8.000000	1.180000	22.423509
-105.042664	-300.355042	-5.774695	301.916443	-7.849745	6.624963	302.484894	0.000000	-0.000008	-0.000039	-0.000016	0.000006	0.000005	0.185621	0.192572	0.175661	-44.000000	8.000000	1.180000	22.393247
-134.591537	-284.922058	18.601915	285.269867	-14.093857	6.235262	287.120575	0.000000	-0.000008	-0.000039	-0.000016	0.000006	0.000005	0.185621	0.192572	-0.000010	-44.000000	12.000000	1.180000	21.819184
-136.753647	-284.730194	18.782515	283.868042	-15.342680	6.430112	286.480408	0.000000	-0.000008	-0.000039	-0.179798	0.000006	0.000005	0.185621	0.192572	-0.175361	-44.000000	12.000000	1.180000	21.786728
-133.330307	-283.274139	18.601915	284.393738	-15.517068	6.431940	286.000275	0.162965	0.159851	-0.000039	-0.000016	0.170381	0.000005	0.000008	0.000008	-0.000010	-44.000000	12.000000	1.180000	21.767972
-134.411377	-284.730194	17.884211	282.641449	-14.985873	6.235262	285.360077	0.000000	0.159851	-0.000039	-0.000016	0.000006	0.000005	0.000008	0.192572	-0.000010	-44.000000	12.000000	1.180000	21.750699
-158.014435	-269.764587	38.116840	265.994843	-19.981167	6.040411	272.236420	0.162965	-0.000008	-0.000039	-0.000016	0.000006	0.000005	0.185621	0.192572	0.175661	-44.000000	16.000000	1.180000	21.240991
-158.735138	-269.764587	38.287441	267.221466	-20.516373	5.650709	271.596222	0.162965	-0.000008	-0.000039	-0.000016	0.000006	0.000005	0.185621	0.192572	-0.000010	-44.000000	16.000000	1.180000	21.230995
-160.356720	-270.415497	37.384434	265.469177	-23.721493	6.042128	270.475891	0.162965	-0.000008	-0.000039	-0.000016	0.000006	0.000005	0.185621	0.192572	-0.000010	-44.000000	16.000000	1.180000	21.170565
-158.374786	-268.805237	36.481426	263.716888	-21.765196	6.040411	269.835724	0.000000	0.159851	-0.000039	-0.000016	0.170381	0.000005	0.185621	0.192572	-0.000010	-44.000000	16.000000	1.180000	21.144993
-198.373871	-279.243805	53.638538	261.438965	-33.887848	5.847221	275.117218	0.162965	-0.000008	-0.000039	-0.000016	0.000006	0.000005	0.185621	0.192572	-0.000010	-44.000000	20.000000	1.180000	21.363282
-198.734238	-279.819550	54.902748	263.366455	-34.422916	5.847221	276.077454	0.162965	-0.000008	-0.000039	-0.000016	0.000006	0.000005	0.185621	0.192572	-0.000010	-44.000000	20.000000	1.180000	21.401339
-197.292816	-280.317261	55.263947	264.417816	-31.577377	5.847221	276.717651	0.000000	0.159851	-0.000039	-0.000016	0.170381	0.000005	0.185621	0.192572	0.175661	-44.000000	20.000000	1.180000	21.426675
-196.572128	-281.354919	55.639744	265.118744	-30.677416	6.237033	277.517883	0.162965	-0.000008	-0.000039	-0.000016	0.000006	0.000005	0.185621	0.000008	-0.000010	-44.000000	20.000000	1.180000	21.442902
-252.787064	-306.794891	73.704597	272.127808	-46.741653	6.431940	295.442902	0.000000	0.159851	-0.000039	-0.000016	0.000006	0.000005	0.185621	0.192572	-0.000010	-44.000000	24.000000	1.180000	22.132534
-252.426712	-308.223755	75.310669	273.529633	-46.016129	6.430112	296.403168	0.162965	-0.000008	-0.000039	-0.179798	0.000006	0.000005	0.000008	0.000008	-0.000010	-44.000000	24.000000	1.180000	22.169343
-253.507767	-308.905426	73.865868	274.756226	-48.525681	6.624963	296.883331	0.162965	-0.000008	-0.000039	-0.000016	0.000006	0.000005	0.000008	0.192572	-0.000010	-44.000000	24.000000	1.180000	22.180246
-255.669876	-309.289154	75.511078	274.405762	-48.347282	6.235262	297.683533	0.000000	-0.000008	-0.000039	-0.000016	0.000006	0.000005	0.000008	0.192572	-0.000010	-44.000000	24.000000	1.180000	22.225664
-308.101105	-334.615540	92.467781	275.457123	-65.473999	6.624963	312.887787	0.000000	0.159851	-0.000039	-0.179798	0.170381	0.000005	0.185621	0.192572	-0.000010	-44.000000	28.000000	1.180000	22.783536
-312.785706	-337.587524	90.842377	274.756226	-69.915977	6.821752	313.527985	0.162965	-0.000008	-0.000039	-0.000016	0.000006	0.000005	0.185621	0.192572	-0.000010	-44.000000	28.000000	1.180000	22.800024
-306.659698	-334.708740	90.143608	276.158051	-66.527191	6.821752	314.008118	0.000000	-0.000008	-0.000039	-0.000016	0.000006	0.000005	0.185621	0.192572	0.175661	-44.000000	28.000000	1.180000	22.817863
-309.722717	-334.615540	92.287178	276.333252	-64.403580	7.014666	314.488251	0.162965	-0.000008	-0.000039	-0.000016	0.000006	0.000005	0.185621	0.192572	-0.000010	-44.000000	28.000000	1.180000	22.828527
-369.180817	-369.062439	101.705109	271.251678	-91.520866	7.016659	326.971771	0.000000	-0.000008	-0.000039	-0.000016	0.000006	0.000005	0.000008	0.192572	0.175661	-44.000000	32.000000	1.180000	23.287267
-363.955688	-363.496765	101.343811	271.602142	-91.877686	7.016659	327.451904	0.162965	-0.000008	-0.000039	-0.000016	0.000006	0.000005	0.000008	0.000008	-0.000010	-44.000000	32.000000	1.180000	23.304733
-368.099762	-367.527069	105.290466	271.602142	-87.573334	7.016659	327.771973	0.162965	-0.000008	-0.000039	-0.000016	0.000006	0.000005	0.000008	0.192572	-0.000010	-44.000000	32.000000	1.180000	23.316369
-366.117798	-368.294769	101.524460	272.478271	-91.140472	7.016659	327.932037	-0.000035	-0.000008	-0.000039	-0.000016	0.000006	0.000005	0.185621	0.192572	-0.000010	-44.000000	32.000000	1.180000	23.322186
-418.368896	-408.214172	109.444283	263.191223	-120.569389	7.016659	340.255463	0.162965	-0.000011	-0.000039	-0.000016	0.000006	0.000005	0.000008	0.192572	-0.000010	-44.000000	36.000000	1.180000	23.765764
-421.792236	-407.638367	108.931046	264.943481	-121.639526	7.406471	340.895660	0.162965	-0.000008	-0.000039	-0.000016	0.170381	0.000005	0.185621	0.192572	-0.000010	-44.000000	36.000000	1.180000	23.774691
-418.909424	-408.022247	108.541275	264.417816	-121.461174	7.406471	340.735626	0.162965	0.159851	-0.000039	-0.000016	0.000006	0.000005	0.185621	0.000008	-0.000010	-44.000000	36.000000	1.180000	23.768986
-420.891357	-407.333038	111.972702	263.541687	-118.459763	7.209517	340.095428	0.162965	-0.000008	-0.000039	-0.000016	0.000006	0.000005	0.000008	0.192572	-0.000010	-44.000000	36.000000	1.180000	23.753177
-420.891357	-403.111969	101.317238	221.487152	-134.516068	6.819815	313.688049	0.162965	0.159851	-0.000039	-0.000016	0.000006	0.000005	0.185621	0.192572	-0.000010	-44.000000	40.000000	1.180000	22.806044
-418.729248	-401.496948	100.233627	222.188065	-133.767807	7.014666	312.407654	0.162965	-0.000008	-0.000039	-0.000016	0.000006	0.000005	0.185621	0.192572	-0.000010	-44.000000	40.000000	1.180000	22.751158
-415.486053	-398.618164	100.053024	220.435806	-138.405090	6.821752	311.607452	0.162965	-0.000008	-0.000039	-0.000016	0.000006	0.000005	0.185621	0.192572	-0.000010	-44.000000	40.000000	1.180000	22.728527
-413.143799	-394.477966	101.136635	221.662369	-133.445648	6.819815	310.647186	0.162965	-0.000008	-0.000039	-0.000016	0.000006	0.000005	0.185621	0.192572	-0.000010	-44.000000	40.000000	1.180000	22.692766
-406.297089	-388.062561	93.214630	190.121475	-147.858017	5.847221	293.522369	0.162965	-0.000008	-0.000039	-0.000016	0.000006	0.000005	0.185621	0.000008	-0.000010	-44.000000	44.000000	1.180000	22.081327
-409.360107	-391.325195	93.731995	189.595795	-149.106522	6.042128	292.882202	0.162965	-0.000008	-0.000039	-0.000016	0.000006	0.000005	0.000008	0.192572	-0.175361	-44.000000	44.000000	1.180000	22.049255
-412.242889	-393.326752	92.467781	189.595795	-149.819946	6.040411	292.402069	0.162965	-0.000008	-0.000039	-0.000016	0.000006	0.000005	0.000008	0.000008	-0.000010	-44.000000	44.000000	1.180000	22.030859
-409.900604	-391.983704	93.912590	187.843536	-149.858749	6.430112	292.081970	0.000000	0.159851	-0.000039	-0.000016	0.170381	0.000005	0.185621	0.192572	-0.000010	-44.000000	44.000000	1.180000	22.003538
99.846260	-388.446381	-370.663269	154.550369	-140.545380	5.847221	271.276123	0.162965	-0.000008	-0.000039	-0.000016	0.000006	0.000005	0.185621	0.000008	0.175661	-40.000000	-44.000000	1.180000	21.210363
98.582390	-387.294861	-369.039154	153.849442	-139.653595	5.847221	270.315857	0.162965	0.159886	-0.000039	-0.000016	0.000006	0.000005	0.185621	0.192572	-0.000010	-40.000000	-44.000000	1.180000	21.171961
99.124046	-381.814758	-364.071381	154.024673	-136.621521	6.040411	269.515656	0.162965	-0.000008	-0.000039	-0.000016	0.000006	0.000005	0.000008	0.192572	-0.000010	-40.000000	-44.000000	1.180000	21.132161
96.751495	-383.648376	-365.334259	154.725586	-138.761810	5.847221	268.715393	0.162965	0.159851	0.167517	-0.000016	0.170381	0.000005	0.185621	0.192572	-0.000010	-40.000000	-44.000000	1.180000	21.107801
96.596298	-339.220337	-326.545685	165.063995	-98.988182	5.261007	255.111588	0.162965	0.159851	-0.000039	-0.000016	0.000006	0.000005	0.000008	0.000008	-0.000010	-40.000000	-40.000000	1.180000	20.578522
96.776848	-339.314819	-326.631226	164.012634	-98.988182	5.457409	254.631454	0.162965	-0.000008	-0.000039	-0.179798	0.000006	0.000005	0.185621	0.000008	-0.000010	-40.000000	-40.000000	1.180000	20.550642
96.054634	-340.179687	-324.741577	164.012634	-98.988182	5.261007	254.151321	0.162965	-0.000008	-0.000039	-0.000016	0.000006	0.000005	0.000008	0.000008	-0.000010	-40.000000	-40.000000	1.180000	20.538939
95.874077	-335.668335	-324.285248	164.888763	-98.274750	5.262503	253.511154	0.162965	-0.000011	-0.000039	-0.000016	0.000006	0.000005	0.185621	0.000008	-0.000010	-40.000000	-40.000000	1.180000	20.512446
101.290695	-301.230743	-316.262207	185.916031	-67.793236	5.455858	259.592834	0.162965	-0.000008	-0.000039	-0.000016	0.000006	0.000005	0.000008	0.192572	-0.000010	-40.000000	-36.000000	1.180000	20.754292
102.915680	-302.190063	-315.720978	186.441711	-67.418976	5.650709	260.393097	0.162965	-0.000008	-0.000039	-0.000016	0.000006	0.000005	0.185621	0.192572	-0.000010	-40.000000	-36.000000	1.180000	20.778998
104.901772	-308.031830	-320.315155	185.565567	-69.202545	5.652315	261.193298	0.162965	-0.000008	-0.000039	-0.000016	0.000006	0.000005	0.000008	0.192572	-0.000010	-40.000000	-36.000000	1.180000	20.811543
104.540665	-305.835541	-320.411682	187.843536	-69.380905	5.650709	261.993530	0.162965	-0.000008	-0.000039	-0.000016	0.170381	0.000005	0.185621	0.192572	-0.000010	-40.000000	-36.000000	1.180000	20.844169
108.151741	-300.463287	-306.961151	217.456909	-42.816784	6.235262	279.118347	0.000000	-0.000008	-0.000039	-0.000016	0.000006	0.000005	0.185621	0.192572	0.175661	-40.000000	-32.000000	1.180000	21.506132
109.596176	-301.506561	-308.585297	218.683533	-44.054199	6.042128	279.598480	0.162965	-0.000008	-0.000039	-0.000016	0.170381	0.000005	0.185621	0.192572	-0.000010	-40.000000	-32.000000	1.180000	21.532646
109.776726	-302.274231	-309.668060	218.333084	-44.065609	6.431940	280.238647	0.162965	-0.000008	-0.000039	-0.000016	0.000006	0.000005	0.185621	0.192572	0.175661	-40.000000	-32.000000	1.180000	21.542496
107.610085	-301.998199	-309.226135	218.858749	-44.065609	6.430112	281.038879	0.000000	0.159851	-0.000039	-0.000016	0.000006	0.000005	0.000008	0.192572	-0.000010	-40.000000	-32.000000	1.180000	21.574026
111.401711	-301.998199	-287.576721	247.070312	-19.975994	6.430112	295.442902	0.162965	-0.000008	0.167517	-0.000016	0.000006	0.000005	0.185621	0.192572	-0.000010	-40.000000	-28.000000	1.180000	22.132604
110.318382	-304.108734	-289.998016	248.121674	-22.122004	6.235262	296.083099	0.000000	-0.000008	-0.000039	-0.000016	0.000006	0.000005	0.185621	0.192572	-0.000010	-40.000000	-28.000000	1.180000	22.164556
109.928474	-303.617676	-289.095703	248.296921	-22.294634	6.237033	296.723267	0.162965	0.159851	-0.000039	-0.000016	0.170381	0.000005	0.185621	0.192572	-0.000010	-40.000000	-28.000000	1.180000	22.188951
111.943367	-304.769196	-289.380829	249.873962	-20.332710	6.430112	297.523499	0.162965	-0.000008	-0.000039	-0.000016	0.170381	0.000005	0.185621	0.192572	-0.000010	-40.000000	-28.000000	1.180000	22.212128
107.248970	-303.149414	-259.252045	277.034180	1.966490	6.430112	311.287354	0.162965	-0.000008	-0.000039	-0.000016	0.000006	0.000005	0.185621	0.192572	-0.000010	-40.000000	-24.000000	1.180000	22.731194
105.623985	-306.688385	-261.958191	276.228302	0.894123	6.819815	311.607452	0.162965	-0.000008	-0.000039	-0.000016	0.000006	0.000005	0.185621	0.192572	-0.000010	-40.000000	-24.000000	1.180000	22.728599
105.623985	-306.603027	-263.401489	276.683746	-2.319242	6.819815	312.727753	0.162965	-0.000008	-0.000039	-0.000016	0.000006	0.000005	0.000008	0.192572	-0.000010	-40.000000	-24.000000	1.180000	22.770332
106.887863	-306.112640	-262.499420	277.455231	-0.535073	6.624963	312.887787	0.162965	-0.000008	-0.000039	-0.000016	0.000006	0.000005	0.000008	0.000008	-0.000010	-40.000000	-24.000000	1.180000	22.783536
97.318504	-302.573822	-231.168274	302.519073	18.060839	7.014666	324.891174	0.162965	-0.000008	-0.000039	-0.000016	0.000006	0.000005	0.000008	0.192572	-0.175361	-40.000000	-20.000000	1.180000	23.211500
96.776848	-304.684357	-233.453110	301.215546	17.519791	7.014666	325.531342	0.162965	-0.000008	-0.000039	-0.000016	0.000006	0.000005	0.185621	0.192572	-0.000010	-40.000000	-20.000000	1.180000	23.234861
102.012917	-301.614471	-231.529205	302.792572	20.380169	7.014666	325.851440	0.162965	-0.000008	-0.000039	-0.000016	0.000006	0.000005	0.185621	0.192572	-0.000010	-40.000000	-20.000000	1.180000	23.246533
96.415749	-304.193420	-228.822311	302.617340	21.274036	6.819815	326.331573	0.000000	-0.000008	-0.000039	-0.000016	0.000006	0.000005	0.000008	0.192572	-0.175361	-40.000000	-20.000000	1.180000	23.271127
87.726166	-303.233826	-201.031586	324.252777	35.585197	7.209517	337.694763	0.162965	-0.000011	0.167517	-0.000016	0.000006	0.000005	0.000008	0.192572	-0.000010	-40.000000	-16.000000	1.180000	23.667372
86.846390	-302.082306	-199.226990	323.201172	36.836937	7.404368	338.014832	0.162965	-0.000008	-0.000039	-0.000016	0.000006	0.000005	0.185621	0.192572	-0.000010	-40.000000	-16.000000	1.180000	23.671855
86.665833	-304.108734	-199.407455	323.118958	35.754696	6.819815	338.494995	0.162965	-0.000008	-0.000039	-0.000016	0.000006	0.000005	0.000008	0.000008	-0.000010	-40.000000	-16.000000	1.180000	23.709941
85.763069	-302.573822	-196.520096	324.695984	38.436302	7.014666	339.135162	0.162965	0.159851	-0.000039	-0.000016	0.000006	0.000005	0.185621	0.192572	-0.000010	-40.000000	-16.000000	1.180000	23.725852
63.193840	-279.051880	-147.254730	314.007111	46.135574	7.016659	320.249878	0.162965	-0.000008	-0.000039	-0.000016	0.000006	0.000005	0.185621	0.000008	-0.000010	-40.000000	-12.000000	1.180000	23.041349
65.541039	-276.748840	-145.269669	314.087036	47.744957	7.016659	319.769745	0.162965	-0.000008	-0.000039	-0.000016	0.000006	0.000005	0.185621	0.000008	-0.000010	-40.000000	-12.000000	1.180000	23.023683
63.735497	-276.863647	-145.450134	311.729156	47.732529	7.014666	318.809479	0.162965	-0.000008	-0.000039	-0.000016	0.170381	0.000005	0.185621	0.192572	-0.000010	-40.000000	-12.000000	1.180000	22.988383
65.360481	-272.142761	-142.923706	310.677795	48.805172	7.014666	317.849213	0.000000	-0.000008	-0.000039	-0.000016	0.000006	0.000005	0.185621	0.192572	-0.175361	-40.000000	-12.000000	1.180000	22.952956
41.346825	-250.002335	-96.726151	294.807129	51.321354	6.624963	295.602966	0.162965	-0.000008	-0.000039	-0.000016	0.000006	0.000005	0.185621	0.192572	-0.000010	-40.000000	-8.000000	1.180000	22.131272
39.541286	-248.851135	-93.658348	292.804626	53.095734	6.235262	294.642700	0.162965	-0.000008	-0.000039	-0.000016	0.000006	0.000005	0.185621	0.192572	-0.000010	-40.000000	-8.000000	1.180000	22.109414
42.249596	-246.548721	-94.741096	290.877136	53.632053	6.430112	294.162537	0.162965	-0.000008	-0.000039	-0.000016	0.000006	0.000005	0.000008	0.000008	-0.175361	-40.000000	-8.000000	1.180000	22.083525
39.721844	-250.002335	-97.267532	292.804626	50.235355	6.430112	293.362335	0.000000	-0.000008	-0.000039	-0.000016	0.170381	0.000005	0.000008	0.192572	-0.175361	-40.000000	-8.000000	1.180000	22.052796
18.592176	-234.334488	-57.386040	278.260773	52.036636	6.042128	278.958282	0.162965	-0.000008	-0.000039	-0.000016	0.000006	0.000005	0.185621	0.192572	-0.000010	-40.000000	-4.000000	1.180000	21.507435
17.513721	-235.677948	-58.288334	278.085541	52.036636	6.040411	278.478149	0.162965	-0.000008	-0.000039	-0.000016	0.000006	0.000005	0.185621	0.192572	-0.000010	-40.000000	-4.000000	1.180000	21.488576
18.055384	-234.652985	-57.205578	277.559845	53.824833	6.040411	277.998016	0.162965	-0.000008	-0.000039	-0.000016	0.000006	0.000005	0.185621	0.192572	-0.000010	-40.000000	-4.000000	1.180000	21.469632
14.444307	-235.804184	-58.649254	276.858948	48.817875	6.235262	277.517883	0.162965	-0.000008	-0.000039	-0.000016	0.000006	0.000005	0.185621	0.192572	-0.000010	-40.000000	-4.000000	1.180000	21.442972
-6.668260	-224.162720	-22.557405	263.784027	48.817875	5.847221	263.433929	0.162965	-0.000008	-0.000039	-0.179798	0.000006	0.000005	0.185621	0.000008	-0.000010	-40.000000	0.000000	1.180000	20.894679
-8.107924	-224.930389	-24.001078	264.417816	48.639053	5.847221	263.273895	0.162965	-0.000008	-0.000039	-0.000016	0.000006	0.000005	0.185621	0.192572	-0.000010	-40.000000	0.000000	1.180000	20.888188
-6.306162	-223.203140	-22.196486	263.366455	51.142536	6.042128	263.433929	0.162965	-0.000008	0.167517	-0.179798	0.000006	0.000005	0.185621	0.192572	-0.000010	-40.000000	0.000000	1.180000	20.886774
-8.288100	-226.210846	-25.625210	263.892120	46.123562	5.845560	263.754028	0.162965	-0.000008	-0.000039	-0.000016	0.000006	0.000005	0.185621	0.000008	-0.175361	-40.000000	0.000000	1.180000	20.907726
-34.602859	-242.970917	4.334425	282.641449	51.500172	6.237033	281.358978	0.162965	-0.000011	-0.000039	-0.000016	0.000006	0.000005	0.185621	0.192572	-0.000010	-40.000000	4.000000	1.180000	21.594175
-34.413631	-244.698181	3.432330	282.991913	50.771675	6.626846	282.479279	0.162965	-0.000008	-0.000039	-0.000016	0.000006	0.000005	0.185621	0.192572	-0.000010	-40.000000	4.000000	1.180000	21.622823
-32.611874	-243.546661	4.153824	283.517578	53.646011	6.431940	283.119476	0.162965	0.159886	-0.000039	-0.000016	0.000006	0.000005	0.185621	0.192572	-0.000010	-40.000000	4.000000	1.180000	21.655529
-36.395569	-246.164993	3.250818	282.991913	49.520264	6.235262	283.759644	0.162965	-0.000008	-0.000039	-0.000016	0.170381	0.000005	0.185621	0.000008	-0.000010	-40.000000	4.000000	1.180000	21.688253
-67.566032	-262.857391	33.781277	299.813690	54.897758	6.431940	300.404297	0.162965	-0.000008	-0.000039	-0.000016	0.000006	0.000005	0.000008	0.192572	-0.000010	-40.000000	8.000000	1.180000	22.321698
-67.025505	-261.706207	32.688805	299.463257	53.453278	6.235262	301.204529	0.162965	-0.000008	-0.000039	-0.000016	0.000006	0.000005	0.185621	0.000008	-0.000010	-40.000000	8.000000	1.180000	22.359515
-68.106560	-262.930603	34.865170	302.091675	54.540112	6.237033	301.844727	0.162965	-0.000008	-0.000039	-0.000016	0.000006	0.000005	0.000008	0.192572	-0.000010	-40.000000	8.000000	1.180000	22.383699
-67.583702	-263.314453	36.300827	304.369629	55.255394	6.237033	302.644928	0.162965	-0.000008	-0.000039	-0.000016	0.000006	0.000005	0.000008	0.192572	-0.000010	-40.000000	8.000000	1.180000	22.413975
-108.466011	-276.556915	63.571602	313.561218	50.606071	6.624963	316.568848	0.162965	-0.000008	-0.000039	-0.000016	0.000006	0.000005	0.185621	0.192572	-0.000010	-40.000000	12.000000	1.180000	22.920048
-111.168648	-278.859985	64.113403	314.007111	50.069614	6.624963	317.209015	0.162965	-0.000008	-0.000039	-0.000016	0.000006	0.000005	0.000008	0.192572	-0.000010	-40.000000	12.000000	1.180000	22.943706
-106.484062	-276.173096	65.394768	314.708038	54.540112	7.016659	317.689178	0.162965	-0.000008	-0.000039	-0.179798	0.000006	0.000005	0.185621	0.192572	-0.000010	-40.000000	12.000000	1.180000	22.946973
-111.348824	-280.509125	63.390999	315.934631	47.196205	6.819815	318.009247	0.162965	-0.000008	-0.000039	-0.000016	0.000006	0.000005	0.000008	0.192572	-0.000010	-40.000000	12.000000	1.180000	22.966055
-153.329849	-295.173187	90.481163	322.768463	45.777935	7.404368	330.332703	0.162965	0.159851	-0.000039	-0.000016	0.170381	0.000005	0.185621	0.192572	-0.000010	-40.000000	16.000000	1.180000	23.395217
-155.491974	-297.092377	89.216965	322.593262	42.737995	7.209517	330.812836	0.162965	-0.000008	-0.000039	-0.000016	0.000006	0.000005	0.000008	0.000008	-0.000010	-40.000000	16.000000	1.180000	23.419655
-158.014435	-299.120209	91.588799	323.819824	46.123562	7.211564	331.292999	0.000000	-0.000008	-0.000039	-0.000016	0.000006	0.000005	0.185621	0.192572	0.175661	-40.000000	16.000000	1.180000	23.436948
-156.753189	-299.887665	90.324257	325.396881	44.335831	6.819815	331.933167	0.000000	-0.000008	-0.000039	-0.000016	0.000006	0.000005	0.185621	0.192572	0.175661	-40.000000	16.000000	1.180000	23.474232
-204.499863	-313.405609	108.931046	319.088715	26.816017	7.016659	334.813965	0.162965	-0.000008	-0.000039	-0.000016	0.000006	0.000005	0.000008	0.192572	0.175661	-40.000000	20.000000	1.180000	23.570928
-206.842163	-312.445984	111.821426	316.810760	27.001839	7.601377	333.533600	0.162965	0.159851	-0.000039	-0.000016	0.000006	0.000005	0.185621	0.192572	-0.000010	-40.000000	20.000000	1.180000	23.503776
-200.896347	-310.632202	109.083092	318.212585	29.140074	7.014666	332.253235	0.000000	-0.000008	0.167517	-0.000016	0.170381	0.000005	0.185621	0.192572	0.175661	-40.000000	20.000000	1.180000	23.478752
-201.977402	-309.481018	108.902489	314.708038	29.505318	7.209517	331.292999	0.162965	-0.000008	-0.000039	-0.000016	0.000006	0.000005	0.185621	0.192572	-0.000010	-40.000000	20.000000	1.180000	23.437023
-231.526276	-297.777130	118.654945	282.641449	12.159781	6.624963	306.486023	0.162965	-0.000008	-0.000039	-0.000016	0.000006	0.000005	0.185621	0.192572	-0.000010	-40.000000	24.000000	1.180000	22.544158
-232.787506	-296.516632	118.293747	281.765289	7.331642	6.821752	305.845825	0.162965	0.159886	-0.000039	-0.000016	0.170381	0.000005	0.185621	0.192572	-0.000010	-40.000000	24.000000	1.180000	22.512674
-230.084885	-295.748962	117.571335	280.188263	11.086862	6.626846	305.045593	0.162965	-0.000011	-0.000039	-0.000016	0.000006	0.000005	0.185621	0.192572	-0.000010	-40.000000	24.000000	1.180000	22.489876
-230.985764	-296.050323	117.421524	280.538727	11.441489	6.430112	304.245392	0.000000	-0.000008	-0.000039	-0.000016	0.000006	0.000005	0.185621	0.000008	0.175661	-40.000000	24.000000	1.180000	22.467124
-254.949173	-288.264069	120.131256	252.852829	-9.809640	6.042128	287.600708	0.162965	-0.000008	-0.000039	-0.000016	0.000006	0.000005	0.185621	0.192572	-0.000010	-40.000000	28.000000	1.180000	21.845319
-258.372528	-289.223663	120.280357	251.100540	-7.847712	6.430112	287.280609	0.162965	-0.000008	-0.000039	-0.000016	0.000006	0.000005	0.185621	0.192572	-0.000010	-40.000000	28.000000	1.180000	21.817832
-253.327591	-286.344849	121.905762	251.451019	-5.350715	6.237033	286.800476	0.162965	-0.000011	-0.000039	-0.000016	0.000006	0.000005	0.185621	0.192572	-0.000010	-40.000000	28.000000	1.180000	21.806679
-251.886169	-284.730194	120.641563	250.463379	-5.707428	6.430112	286.160309	0.162965	-0.000008	-0.000039	-0.000016	0.170381	0.000005	0.185621	0.192572	-0.000010	-40.000000	28.000000	1.180000	21.774273
-279.813477	-282.235931	121.002754	224.816483	-26.225281	5.845560	272.716522	0.162965	-0.000008	-0.000039	-0.000016	0.000006	0.000005	0.185621	0.192572	-0.000010	-40.000000	32.000000	1.180000	21.267903
-276.209961	-278.974182	121.215149	223.940323	-24.441248	5.845560	272.236420	0.000000	-0.000008	-0.000039	-0.000016	0.000006	0.000005	0.185621	0.192572	0.175661	-40.000000	32.000000	1.180000	21.248763
-277.651367	-280.971100	120.822151	225.925308	-23.008064	6.040411	271.436157	0.162965	-0.000008	0.167517	-0.000016	0.000006	0.000005	0.185621	0.192572	-0.000010	-40.000000	32.000000	1.180000	21.209038
-276.930664	-280.779175	117.751938	223.765091	-26.575203	6.042128	270.635956	0.162965	-0.000011	-0.000039	-0.000016	0.170381	0.000005	0.000008	0.192572	-0.000010	-40.000000	32.000000	1.180000	21.176972
-312.965881	-294.707275	124.072983	210.097382	-47.098457	5.845560	274.637085	0.162965	-0.000008	-0.000039	-0.000016	0.000006	0.000005	0.185621	0.000008	-0.000010	-40.000000	36.000000	1.180000	21.344294
-316.028870	-294.707275	127.143204	211.499207	-44.589268	5.455858	275.117218	0.162965	-0.000008	-0.000039	-0.000016	0.000006	0.000005	0.185621	0.192572	-0.000010	-40.000000	36.000000	1.180000	21.378801
-317.290100	-296.132782	127.357193	211.323975	-47.633667	5.650709	276.237549	0.000000	-0.000008	-0.000039	-0.179798	0.170381	0.000005	0.185621	0.192572	0.175661	-40.000000	36.000000	1.180000	21.415457
-321.974670	-301.230743	126.962601	211.674423	-46.741653	6.040411	276.877716	0.162965	-0.000008	-0.000039	-0.000016	0.000006	0.000005	0.185621	0.192572	-0.000010	-40.000000	36.000000	1.180000	21.425366
-373.324860	-345.743805	133.825439	208.169876	-80.103058	6.430112	294.482635	0.162965	-0.000008	-0.000039	-0.000016	0.170381	0.000005	0.185621	0.192572	-0.000010	-40.000000	40.000000	1.180000	22.095805
-373.324860	-342.961304	133.499252	206.592834	-79.725616	6.431940	294.962799	0.162965	-0.000008	-0.000039	-0.000016	0.000006	0.000005	0.185621	0.192572	0.175661	-40.000000	40.000000	1.180000	22.114144
-374.045563	-345.168213	135.450851	208.345123	-79.746254	6.430112	295.763000	0.162965	-0.000008	-0.000039	-0.000016	0.000006	0.000005	0.185621	0.192572	-0.000010	-40.000000	40.000000	1.180000	22.144858
-372.604156	-343.537079	134.583145	206.592834	-78.120399	6.237033	296.243134	0.162965	-0.000008	-0.000039	-0.000016	0.000006	0.000005	0.185621	0.192572	0.175661	-40.000000	40.000000	1.180000	22.170606
-420.711151	-395.739349	141.230087	195.027832	-118.429100	6.624963	311.767487	0.162965	-0.000008	-0.000039	-0.000016	0.000006	0.000005	0.185621	0.192572	-0.000010	-40.000000	44.000000	1.180000	22.741827
-416.026581	-391.709015	139.604675	196.429657	-116.823891	6.819815	312.247620	0.162965	-0.000008	-0.000039	-0.000016	0.000006	0.000005	0.000008	0.000008	-0.000010	-40.000000	44.000000	1.180000	22.752455
-424.675079	-398.618164	140.868881	195.553513	-119.855965	6.626846	312.727753	0.162965	-0.000011	-0.000039	-0.000016	0.000006	0.000005	0.185621	0.000008	-0.000010	-40.000000	44.000000	1.180000	22.777512
-422.152618	-396.698944	138.159866	195.553513	-122.709663	6.626846	313.367950	0.162965	-0.000011	-0.000039	-0.000016	0.000006	0.000005	0.185621	0.000008	-0.000010	-40.000000	44.000000	1.180000	22.801319
163.762314	-453.699249	-426.966553	180.659210	-133.232742	7.016659	330.652771	0.162965	-0.000011	-0.000039	-0.000016	0.000006	0.000005	0.000008	0.000008	-0.000010	-36.000000	-44.000000	1.180000	23.420841
163.719406	-455.042694	-425.411469	181.885803	-131.092453	6.821752	331.292999	0.325962	-0.000011	-0.000039	-0.000016	0.000006	0.000005	0.185621	0.192572	-0.000010	-36.000000	-44.000000	1.180000	23.451040
165.928970	-457.537689	-428.590668	180.483994	-131.984238	7.014666	331.933167	0.000000	-0.000008	-0.000039	-0.000016	0.000006	0.000005	0.185621	0.192572	0.175661	-36.000000	-44.000000	1.180000	23.467196
161.054001	-454.724091	-427.395996	183.287613	-132.553635	7.209517	332.093201	0.162965	-0.000008	-0.000039	-0.000016	0.000006	0.000005	0.000008	0.192572	-0.000010	-36.000000	-44.000000	1.180000	23.465940
169.676132	-423.759674	-387.806915	210.623062	-89.356895	6.821752	333.693665	0.162965	-0.000011	-0.000039	-0.000016	0.000006	0.000005	0.185621	0.192572	-0.175361	-36.000000	-40.000000	1.180000	23.537634
169.359482	-427.406189	-389.791931	209.571701	-90.427032	7.016659	332.573334	0.162965	-0.000011	-0.000039	-0.000016	0.000006	0.000005	0.185621	0.000008	-0.000010	-36.000000	-40.000000	1.180000	23.490231
167.012299	-423.257965	-385.720825	209.746918	-89.915245	6.624963	331.453033	0.000000	-0.000008	-0.000039	-0.000016	0.000006	0.000005	0.185621	0.192572	-0.000010	-36.000000	-40.000000	1.180000	23.463931
168.456711	-420.188080	-381.932190	207.644196	-84.741547	6.819815	330.812836	0.000000	-0.000008	-0.000039	-0.000016	0.000006	0.000005	0.185621	0.192572	0.175661	-36.000000	-40.000000	1.180000	23.433751
159.248459	-344.496643	-330.059937	216.756027	-39.238560	6.626846	306.165924	0.162965	-0.000008	-0.000039	-0.000016	0.000006	0.000005	0.000008	0.192572	0.175661	-36.000000	-36.000000	1.180000	22.532051
158.165146	-347.470612	-333.308197	214.828522	-41.567963	6.235262	305.685791	0.000000	-0.000008	-0.000039	-0.000016	0.000006	0.000005	0.185621	0.192572	0.175661	-36.000000	-36.000000	1.180000	22.528721
158.304214	-344.112823	-329.699036	214.302841	-40.843769	6.237033	304.885559	0.162965	-0.000011	-0.000039	-0.000016	0.000006	-0.169452	0.185621	0.192572	-0.000010	-36.000000	-36.000000	1.180000	22.498532
159.429031	-345.264343	-330.962250	215.178970	-39.962330	6.235262	303.925293	0.000000	-0.000008	-0.000039	-0.000016	0.000006	0.000005	0.000008	0.000008	0.175661	-36.000000	-36.000000	1.180000	22.462399
147.693024	-292.870148	-289.456604	221.662369	-4.993999	6.431940	288.400940	0.000000	0.159851	-0.000039	-0.000016	0.000006	0.000005	0.185621	0.192572	0.175661	-36.000000	-32.000000	1.180000	21.861234
147.512466	-291.061798	-287.215881	220.961472	-3.746469	6.624963	287.760773	0.162965	-0.000008	-0.000039	-0.000016	0.170381	0.000005	0.185621	0.192572	-0.000010	-36.000000	-32.000000	1.180000	21.828911
146.210281	-288.839813	-283.607635	218.739166	-3.210430	6.235262	287.120575	0.162965	0.159851	0.167517	-0.000016	0.000006	0.000005	0.000008	0.192572	-0.000010	-36.000000	-32.000000	1.180000	21.819184
147.151367	-288.839813	-284.584229	220.260559	-3.746469	6.237033	286.640442	0.162965	0.159851	-0.000039	-0.000016	0.000006	0.000005	0.000008	0.192572	0.175661	-36.000000	-32.000000	1.180000	21.800459
134.332047	-253.526520	-235.860229	226.043045	22.704226	6.042128	272.716522	0.162965	-0.000011	-0.000039	-0.000016	0.000006	0.000005	0.185621	0.192572	0.175661	-36.000000	-28.000000	1.180000	21.260069
134.512589	-251.031555	-234.174759	225.574753	21.994879	6.040411	271.756287	0.162965	-0.000008	-0.000039	-0.179798	0.000006	0.000005	0.185621	0.192572	-0.000010	-36.000000	-28.000000	1.180000	21.221826
135.199387	-250.071930	-234.055634	223.296234	23.425438	5.845560	270.795990	0.162965	-0.000011	-0.000039	-0.000016	0.000006	0.000005	0.185621	0.192572	-0.175361	-36.000000	-28.000000	1.180000	21.191237
133.790390	-246.740601	-230.566498	223.064209	24.140718	6.040411	269.995789	0.162965	-0.000008	-0.000039	-0.000016	0.000006	0.000005	0.185621	0.192572	-0.000010	-36.000000	-28.000000	1.180000	21.151407
128.734879	-236.571655	-201.159363	240.236465	45.599113	6.040411	274.797119	0.162965	-0.000008	-0.000039	-0.000016	0.000006	0.000005	0.185621	0.192572	-0.000010	-36.000000	-24.000000	1.180000	21.342911
128.373764	-237.339127	-202.241852	241.988739	45.777935	6.040411	275.597351	0.162965	-0.000011	-0.000039	-0.000016	0.000006	0.000005	0.185621	0.192572	-0.000010	-36.000000	-24.000000	1.180000	21.374662
129.457092	-236.571655	-201.933868	243.040100	45.766018	6.235262	276.557617	0.162965	-0.000008	-0.000039	-0.000016	0.000006	0.000005	0.185621	0.000008	-0.000010	-36.000000	-24.000000	1.180000	21.404987
130.359863	-235.102188	-200.309753	243.040100	48.460236	5.847221	277.197784	0.162965	-0.000011	-0.000039	-0.000016	0.000006	0.000005	0.185621	0.192572	-0.000010	-36.000000	-24.000000	1.180000	21.445657
128.915421	-235.612320	-175.947754	271.076447	72.224503	6.430112	295.122833	0.000000	-0.000008	-0.000039	-0.000016	0.000006	0.000005	0.185621	0.192572	0.175661	-36.000000	-20.000000	1.180000	22.120346
126.207123	-237.147247	-175.901703	270.025085	68.827805	6.430112	296.083099	0.000000	-0.000008	-0.000039	-0.179798	0.000006	0.000005	0.000008	0.192572	0.175661	-36.000000	-20.000000	1.180000	22.157104
128.012665	-238.748657	-178.474182	272.478271	70.257996	6.626846	296.563202	0.162965	-0.000008	-0.000039	-0.000016	0.000006	0.000005	0.185621	0.192572	0.175661	-36.000000	-20.000000	1.180000	22.167939
128.373764	-237.147247	-176.669586	271.495972	71.509415	6.624963	297.363464	0.162965	-0.000008	-0.000039	-0.000016	0.000006	-0.169452	0.000008	0.000008	-0.000010	-36.000000	-20.000000	1.180000	22.198584
119.346077	-236.571655	-145.269669	296.484375	90.459412	7.014666	312.567719	0.000000	-0.000008	-0.000039	-0.000016	0.000006	0.000005	0.185621	0.192572	0.175661	-36.000000	-16.000000	1.180000	22.757120
119.346077	-237.147247	-145.089218	297.010071	92.271126	6.821752	312.887787	0.162965	-0.000011	-0.000039	-0.000016	0.170381	0.000005	0.185621	0.192572	0.175661	-36.000000	-16.000000	1.180000	22.776216
120.609947	-236.571655	-144.006454	297.886230	92.962242	6.819815	313.207916	0.000000	-0.000008	-0.000039	-0.000016	0.000006	0.000005	0.185621	0.192572	-0.000010	-36.000000	-16.000000	1.180000	22.788195
119.165527	-237.339127	-145.450134	299.288025	91.710831	6.819815	314.008118	0.325962	0.159851	-0.000039	-0.000016	0.000006	0.000005	0.185621	0.000008	-0.000010	-36.000000	-16.000000	1.180000	22.817934
105.262878	-240.025253	-107.012329	317.511658	108.157997	7.014666	326.651672	0.000000	-0.000008	-0.000039	-0.000016	0.000006	0.000005	0.185621	0.192572	0.175661	-36.000000	-12.000000	1.180000	23.275687
103.999008	-241.943924	-107.914619	319.263947	106.906586	7.209517	327.131805	0.000000	-0.000008	-0.000039	-0.000016	0.000006	0.000005	0.185621	0.000008	0.175661	-36.000000	-12.000000	1.180000	23.286073
107.610085	-238.682190	-106.470947	318.212585	110.124512	7.016659	327.451904	0.162965	-0.000008	-0.000039	-0.000016	0.000006	0.000005	0.185621	0.000008	0.175661	-36.000000	-12.000000	1.180000	23.304733
106.165649	-239.257782	-104.305443	318.563019	111.375923	7.014666	328.092072	0.000000	0.159851	-0.000039	-0.000016	0.000006	0.000005	0.185621	0.192572	0.175661	-36.000000	-12.000000	1.180000	23.328073
88.290817	-251.153534	-66.589455	336.436188	122.638649	7.406471	340.735626	0.000000	-0.000008	-0.000039	-0.000016	0.000006	0.000005	0.185621	0.000008	-0.000013	-36.000000	-8.000000	1.180000	23.768986
87.207497	-252.950760	-66.409004	338.013245	123.711304	7.211564	340.895660	0.162965	-0.000011	-0.000039	-0.000016	0.000006	0.000005	0.185621	0.000008	0.175661	-36.000000	-8.000000	1.180000	23.781637
86.124176	-253.142685	-66.228539	335.560059	120.703499	7.796283	339.935394	0.162965	-0.000011	-0.000039	-0.000016	0.000006	0.000005	0.000008	0.000008	-0.000010	-36.000000	-8.000000	1.180000	23.726517
87.929710	-250.577927	-67.852669	336.611420	122.638649	7.404368	338.815094	0.000000	-0.000008	-0.000039	-0.000016	0.170381	0.000005	0.185621	0.192572	-0.000010	-36.000000	-8.000000	1.180000	23.700488
59.943867	-219.879242	-21.474648	309.801666	120.493370	6.819815	312.407654	0.000000	0.159851	-0.000039	-0.000016	0.170381	0.000005	0.185621	0.192572	0.175661	-36.000000	-4.000000	1.180000	22.758415
57.055012	-221.414169	-20.933270	311.729156	118.884399	6.819815	311.447418	0.000000	-0.000008	-0.000039	-0.000016	0.170381	0.000005	0.185621	0.192572	0.175661	-36.000000	-4.000000	1.180000	22.722631
57.416119	-220.324341	-19.128677	309.100739	119.420731	6.626846	310.487122	0.162965	-0.000011	-0.000039	-0.000016	0.000006	0.000005	0.185621	0.192572	0.175661	-36.000000	-4.000000	1.180000	22.693996
59.221657	-219.364716	-21.474648	308.224609	120.314590	6.821752	309.686920	0.162965	-0.000008	-0.000039	-0.000016	0.000006	0.000005	0.185621	0.000008	0.175661	-36.000000	-4.000000	1.180000	22.656805
28.346951	-209.902191	13.187348	293.855988	113.699982	6.431940	292.722168	0.162965	0.159851	-0.000039	-0.000016	0.170381	0.000005	0.185621	0.192572	0.175661	-36.000000	0.000000	1.180000	22.028111
31.055258	-209.134720	13.003279	292.178040	113.699982	6.235262	292.081970	0.162965	-0.000008	-0.000039	-0.000016	0.000006	0.000005	0.185621	0.192572	-0.000010	-36.000000	0.000000	1.180000	22.011042
31.958029	-207.983505	12.280876	291.928497	114.236290	6.430112	291.441772	0.162965	-0.000008	-0.000039	-0.000016	0.000006	0.000005	0.185621	0.000008	-0.000010	-36.000000	0.000000	1.180000	21.978867
33.032696	-205.489243	13.906285	291.928497	116.233002	6.431940	290.801605	0.162965	-0.000011	-0.000039	-0.000016	0.000006	0.000005	0.185621	0.000008	-0.000010	-36.000000	0.000000	1.180000	21.954099
1.805540	-201.268188	39.732250	276.053040	106.012711	6.235262	277.517883	0.162965	-0.000008	-0.000039	-0.000016	0.170381	0.000005	0.000008	0.000008	-0.000010	-36.000000	4.000000	1.180000	21.442972
3.430525	-200.308853	39.923325	275.982819	107.085358	6.237033	276.877716	0.000000	-0.000008	-0.000039	-0.000016	0.000006	0.000005	0.185621	0.192572	0.175661	-36.000000	4.000000	1.180000	21.417587
-0.180175	-202.611237	39.562027	276.333252	105.682625	6.237033	276.397583	0.325962	-0.000011	-0.000039	-0.000016	0.000006	0.000005	0.185621	0.192572	-0.000010	-36.000000	4.000000	1.180000	21.398580
3.611079	-199.541382	39.562027	275.807587	107.085358	6.237033	275.757385	0.000000	-0.000008	-0.000039	-0.000016	0.000006	0.000005	0.185621	0.192572	0.175661	-36.000000	4.000000	1.180000	21.373211
-23.963419	-196.855240	63.768925	266.170105	102.079697	5.845560	268.395325	0.000000	-0.000008	-0.000039	-0.000016	0.000006	0.000005	0.185621	0.192572	0.175661	-36.000000	8.000000	1.180000	21.095014
-26.666063	-197.869675	64.310875	267.747131	100.291962	6.042128	269.195526	0.162965	-0.000011	0.167517	-0.000016	0.000006	0.000005	0.185621	0.000008	0.175661	-36.000000	8.000000	1.180000	21.119250
-27.026411	-198.006454	65.033470	268.973724	101.364601	6.040411	269.995789	0.000000	-0.000008	-0.000039	-0.000016	0.170381	0.000005	0.185621	0.192572	0.175661	-36.000000	8.000000	1.180000	21.151407
-25.952143	-198.582047	64.835808	269.743256	101.748589	6.042128	270.795990	0.162965	-0.000011	-0.000039	-0.000016	0.000006	0.000005	0.185621	0.192572	-0.000010	-36.000000	8.000000	1.180000	21.183375
-58.737404	-214.315125	93.575928	284.568939	104.046204	6.235262	288.721039	0.000000	-0.000008	-0.000039	-0.000016	0.000006	0.000005	0.185621	0.000008	0.175661	-36.000000	12.000000	1.180000	21.881258
-61.980576	-215.466309	95.176796	286.919891	103.867432	6.235262	289.361206	0.162965	0.159851	-0.000039	-0.000016	0.170381	0.000005	0.185621	0.192572	-0.000010	-36.000000	12.000000	1.180000	21.906038
-64.322861	-217.576843	95.382416	287.547821	102.079697	6.040411	290.161438	0.000000	-0.000008	-0.000039	-0.000016	0.000006	0.000005	0.185621	0.192572	0.175661	-36.000000	12.000000	1.180000	21.944500
-62.340923	-217.768707	93.009583	286.496460	101.185822	6.235262	290.481537	0.162965	-0.000008	-0.000039	-0.000016	0.000006	0.000005	0.185621	0.192572	-0.175361	-36.000000	12.000000	1.180000	21.949336
-103.240898	-236.763519	121.757103	299.112823	99.398094	6.430112	306.646057	0.000000	-0.000008	-0.000039	-0.000016	0.000006	0.000005	0.185621	0.192572	0.175661	-36.000000	16.000000	1.180000	22.557495
-102.159843	-237.147247	121.183365	296.659607	100.470734	6.430112	307.286224	0.000000	-0.000008	-0.000039	-0.000016	0.000006	0.000005	0.000008	0.000008	-0.000010	-36.000000	16.000000	1.180000	22.581532
-102.880554	-237.021378	124.828125	301.215546	102.258469	6.431940	307.766357	0.162965	0.159886	-0.000039	-0.000016	0.000006	0.000005	0.185621	0.000008	-0.000010	-36.000000	16.000000	1.180000	22.599475
-106.511917	-239.900162	122.447578	299.364197	97.635727	6.626846	308.246490	0.162965	-0.000011	-0.000039	-0.000016	0.000006	0.000005	0.000008	0.192572	-0.000010	-36.000000	16.000000	1.180000	22.610168
-161.437775	-266.502838	147.951126	303.143036	87.420258	7.016659	320.569977	0.000000	-0.000008	-0.000039	-0.000016	0.000006	0.000005	0.185621	0.000008	0.175661	-36.000000	20.000000	1.180000	23.053119
-159.636017	-266.886597	145.383911	302.869629	85.990067	7.209517	321.210144	0.162965	-0.000011	-0.000039	-0.000016	0.000006	0.000005	0.000008	0.192572	-0.000010	-36.000000	20.000000	1.180000	23.069557
-158.014435	-265.927246	146.648117	303.843933	86.883942	7.209517	321.530212	0.000000	-0.000008	-0.000039	-0.000016	0.000006	0.000005	0.185621	0.192572	0.175661	-36.000000	20.000000	1.180000	23.081312
-156.392853	-265.927246	147.589828	304.895294	90.280640	7.016659	322.010345	0.000000	-0.000008	-0.000039	-0.000016	0.000006	0.000005	0.185621	0.192572	0.175661	-36.000000	20.000000	1.180000	23.106008
-212.247437	-289.143127	170.306885	304.544861	74.548569	7.209517	334.173798	0.162965	-0.000008	-0.000039	-0.000016	0.000006	0.000005	0.000008	0.192572	-0.000010	-36.000000	24.000000	1.180000	23.540959
-212.787979	-289.526855	169.448288	304.544861	73.475922	7.211564	334.813965	0.162965	-0.000008	-0.000039	-0.000016	0.000006	0.000005	0.185621	0.000008	0.175661	-36.000000	24.000000	1.180000	23.563919
-216.391479	-291.637390	167.959045	304.019165	69.006584	7.014666	335.294098	0.162965	-0.000008	-0.000039	-0.000016	0.000006	0.000005	0.185621	0.192572	-0.000010	-36.000000	24.000000	1.180000	23.588255
-214.950089	-294.021667	168.545059	305.596222	72.422104	7.211564	335.934296	0.162965	-0.000011	-0.000039	-0.000016	0.000006	0.000005	0.185621	0.000008	0.175661	-36.000000	24.000000	1.180000	23.604176
-253.327591	-298.160858	172.880615	278.611206	47.553753	7.014666	324.250977	0.000000	-0.000008	-0.000039	-0.000016	0.000006	0.000005	0.000008	0.000008	-0.000013	-36.000000	28.000000	1.180000	23.188114
-252.967224	-296.324707	175.770996	280.713928	49.533154	6.821752	323.290710	0.162965	-0.000008	-0.000039	-0.000016	0.000006	0.000005	0.185621	0.192572	-0.000010	-36.000000	28.000000	1.180000	23.160053
-254.768997	-296.900452	172.880615	278.085541	46.481110	7.016659	321.690277	0.000000	-0.000011	-0.000039	-0.000016	0.000006	0.000005	0.185621	0.192572	0.175661	-36.000000	28.000000	1.180000	23.094266
-253.687943	-297.585266	174.145172	280.713928	48.268848	7.014666	320.890045	0.000000	-0.000008	-0.000039	-0.000016	0.000006	0.000005	0.185621	0.192572	0.175661	-36.000000	28.000000	1.180000	23.064955
-285.759277	-296.817810	168.364410	242.864883	17.698565	6.235262	299.924164	0.000000	0.159851	-0.000039	-0.000016	0.000006	0.000005	0.185621	0.192572	0.175661	-36.000000	32.000000	1.180000	22.310935
-284.498047	-297.777130	167.959045	245.731018	20.385498	6.430112	299.444031	0.162965	0.159886	-0.000039	-0.000016	0.000006	0.000005	0.185621	0.192572	-0.000010	-36.000000	32.000000	1.180000	22.285281
-283.597168	-296.434082	166.875458	242.576126	20.916489	6.430112	298.643799	0.162965	-0.000008	-0.000039	-0.000016	0.000006	0.000005	0.000008	0.192572	-0.000010	-36.000000	32.000000	1.180000	22.254829
-278.011719	-292.404877	168.003113	242.689636	21.452810	6.237033	297.683533	0.000000	-0.000008	-0.000039	-0.000016	0.000006	0.000005	0.185621	0.192572	0.175661	-36.000000	32.000000	1.180000	22.225596
-303.416534	-293.939789	162.222366	210.973526	-6.779323	6.237033	282.959412	0.000000	-0.000008	-0.000039	-0.000016	0.000006	0.000005	0.000008	0.192572	0.175661	-36.000000	36.000000	1.180000	21.656892
-305.398499	-294.899139	161.319107	212.725800	-7.136129	6.237033	282.319214	0.000000	-0.000008	-0.000039	-0.000016	0.170381	0.000005	0.000008	0.000008	0.175661	-36.000000	36.000000	1.180000	21.631826
-306.299377	-297.968994	160.596512	210.798294	-9.276969	6.430112	281.839081	0.000000	-0.000008	-0.000039	-0.000016	0.000006	0.000005	0.000008	0.000008	0.175661	-36.000000	36.000000	1.180000	21.605436
-303.957062	-295.282867	160.054581	209.221237	-8.739498	6.042128	281.198914	0.325962	-0.000011	-0.000039	-0.000016	0.000006	0.000005	0.185621	0.192572	-0.000010	-36.000000	36.000000	1.180000	21.595543
-310.263214	-282.698395	150.480209	179.607849	-33.896622	5.847221	265.194427	0.162965	-0.000011	-0.000039	-0.000016	0.000006	0.000005	0.185621	0.192572	0.175661	-36.000000	40.000000	1.180000	20.965961
-310.803772	-284.730194	150.660858	180.483994	-36.929470	5.650709	264.394196	0.163035	-0.000008	-0.000039	-0.000016	0.170381	0.000005	0.000008	0.192572	0.175661	-36.000000	40.000000	1.180000	20.941545
-309.722717	-280.509125	150.299561	178.381256	-34.431824	5.457409	264.234161	0.163035	-0.000008	-0.000039	-0.000016	0.000006	0.000005	0.185621	0.000008	-0.000013	-36.000000	40.000000	1.180000	20.942891
-311.164124	-285.881409	150.440750	178.906937	-36.394268	5.650709	264.074097	0.163035	-0.000008	-0.000039	-0.000016	0.000006	0.000005	0.185621	0.192572	0.175661	-36.000000	40.000000	1.180000	20.928587
-365.216949	-340.563416	158.748398	168.743774	-74.394157	5.845560	281.999146	0.000000	-0.000008	-0.000039	-0.000016	0.170381	0.000005	0.185621	0.000008	0.175661	-36.000000	44.000000	1.180000	21.634624
-357.469360	-329.051392	160.012604	169.444672	-72.966934	6.235262	282.959412	0.325962	-0.000008	-0.000039	-0.000016	0.000006	0.000005	0.185621	0.000008	0.175661	-36.000000	44.000000	1.180000	21.656962
-359.991852	-332.981476	158.970688	170.320816	-74.018188	6.042128	283.599609	0.162965	-0.000011	-0.000039	-0.179798	0.000006	0.000005	0.185621	0.192572	-0.000010	-36.000000	44.000000	1.180000	21.689547
-357.289185	-327.324615	158.929001	171.722626	-73.680542	6.235262	284.399811	0.162965	-0.000008	-0.000039	-0.000016	0.000006	0.000005	0.185621	0.000008	-0.000010	-36.000000	44.000000	1.180000	21.713253
185.789886	-401.193298	-371.287872	159.631943	-92.769699	6.624963	307.766357	0.162965	-0.000008	-0.000039	-0.000016	0.000006	0.000005	0.185621	0.192572	-0.175361	-32.000000	-44.000000	1.180000	22.592236
185.789886	-405.414368	-372.648315	156.653091	-93.661713	6.819815	308.246490	0.000000	-0.000008	-0.000039	-0.000016	0.000006	0.000005	0.000008	0.000008	0.175661	-32.000000	-44.000000	1.180000	22.602935
186.512100	-407.524902	-374.354858	156.653091	-94.018517	6.626846	308.726654	0.000000	-0.000008	-0.000039	-0.000016	0.000006	0.000005	0.185621	0.000008	-0.000010	-32.000000	-44.000000	1.180000	22.628158
188.498184	-408.867981	-377.340271	157.879669	-96.694565	6.624963	309.046722	0.000000	-0.000008	-0.000039	-0.000016	0.170381	0.000005	0.185621	0.000008	0.175661	-32.000000	-44.000000	1.180000	22.640213
200.362244	-382.496857	-348.827698	191.348068	-46.907909	6.821752	321.530212	0.162965	-0.000011	-0.000039	-0.000016	0.000006	0.000005	0.185621	0.000008	0.175661	-32.000000	-40.000000	1.180000	23.095545
200.775848	-384.416046	-351.715057	193.801254	-50.296696	7.016659	322.330475	0.162965	-0.000008	-0.000039	-0.000016	0.000006	0.000005	0.185621	0.192572	0.175661	-32.000000	-40.000000	1.180000	23.117746
200.053635	-385.268341	-351.715057	195.027832	-48.882492	7.014666	322.970642	0.162965	-0.000008	-0.000039	-0.000016	0.170381	0.000005	0.185621	0.192572	-0.000010	-32.000000	-40.000000	1.180000	23.141274
202.761948	-387.954498	-354.421936	192.224213	-51.915348	7.014666	323.450775	0.163035	-0.000008	-0.000039	-0.000016	0.000006	0.000005	0.185621	0.000008	0.175661	-32.000000	-40.000000	1.180000	23.158851
212.511856	-356.488373	-336.287933	226.743958	-4.281677	7.209517	336.254364	0.162965	-0.000008	-0.000039	-0.000016	0.000006	0.000005	0.185621	0.000008	-0.000010	-32.000000	-36.000000	1.180000	23.615740
212.150742	-355.337158	-335.834625	227.327499	-3.923856	7.016659	336.574463	0.162965	-0.000008	-0.000039	-0.000016	0.000006	0.000005	0.185621	0.192572	-0.000010	-32.000000	-36.000000	1.180000	23.634139
212.456177	-357.739166	-338.902435	229.956558	-5.350715	7.211564	337.054596	0.162965	-0.000011	-0.000039	-0.000016	0.000006	-0.169452	0.185621	0.192572	-0.000010	-32.000000	-36.000000	1.180000	23.644364
212.511856	-361.285034	-340.165649	227.795319	-8.563356	7.014666	338.014832	0.162965	-0.000008	-0.000039	-0.000016	0.000006	0.000005	0.000008	0.192572	-0.000010	-32.000000	-36.000000	1.180000	23.685802
201.625778	-301.038879	-291.622131	238.544876	33.251865	7.014666	320.249878	0.162965	-0.000011	-0.000039	-0.000016	0.000006	0.000005	0.185621	0.000008	-0.000010	-32.000000	-32.000000	1.180000	23.041422
199.873077	-294.131683	-286.208344	238.133728	36.291016	7.209517	319.129547	0.000000	-0.000008	-0.000039	-0.000016	0.170381	0.000005	0.185621	0.000008	0.175661	-32.000000	-32.000000	1.180000	22.993000
199.279190	-292.788605	-283.501465	237.142700	37.542435	7.014666	318.009247	0.162965	0.159886	-0.000039	-0.000016	0.170381	0.000005	0.000008	0.000008	-0.000010	-32.000000	-32.000000	1.180000	22.958864
199.150864	-295.365112	-286.208344	233.577835	32.179222	6.821752	317.209015	0.000000	-0.000008	-0.000039	-0.000016	0.000006	0.000005	0.000008	0.000008	0.175661	-32.000000	-32.000000	1.180000	22.936436
183.081573	-245.781265	-233.514267	237.608063	63.822144	6.430112	298.323730	0.000000	-0.000008	-0.000039	-0.000016	0.170381	0.000005	0.185621	0.192572	0.175661	-32.000000	-28.000000	1.180000	22.242638
184.887115	-245.013794	-233.694702	237.317978	64.716019	6.430112	297.523499	0.325962	-0.000008	-0.000039	-0.000016	0.000006	0.000005	0.185621	0.000008	-0.000010	-32.000000	-28.000000	1.180000	22.212128
182.311584	-242.519516	-231.529205	237.142700	64.017570	6.237033	296.883331	0.162965	-0.000011	-0.000039	-0.000016	0.000006	0.000005	0.000008	0.000008	-0.000010	-32.000000	-28.000000	1.180000	22.195064
181.456589	-242.135788	-229.905060	236.907150	64.537239	6.431940	296.243134	0.000000	-0.000008	-0.000039	-0.000016	0.000006	0.000005	0.000008	0.000008	0.175661	-32.000000	-28.000000	1.180000	22.163154
165.567856	-203.378708	-180.459229	243.390549	89.386772	6.430112	282.159180	0.162965	-0.000008	-0.000039	-0.000016	0.000006	0.000005	0.185621	0.000008	-0.000010	-32.000000	-24.000000	1.180000	21.617988
164.303970	-203.819199	-179.917847	240.061234	87.956581	6.237033	281.358978	0.162965	-0.000011	-0.000039	-0.000016	0.000006	0.000005	0.185621	0.192572	0.175661	-32.000000	-24.000000	1.180000	21.594175
163.762314	-205.489243	-180.278763	240.762161	87.420258	6.235262	281.038879	0.162965	-0.000008	-0.000039	-0.000016	0.000006	0.000005	0.185621	0.192572	-0.000010	-32.000000	-24.000000	1.180000	21.581678
163.401215	-202.611237	-177.932800	240.061234	88.135353	6.042128	280.398682	0.163035	0.159851	-0.000039	-0.000016	0.000006	0.000005	0.000008	0.192572	0.175661	-32.000000	-24.000000	1.180000	21.564117
142.998627	-173.879654	-129.569733	238.484177	100.828278	5.652315	264.394196	0.162965	0.159886	-0.000039	-0.000016	0.000006	0.000005	0.185621	0.000008	0.175661	-32.000000	-20.000000	1.180000	20.941479
144.262497	-171.145111	-127.945587	237.082367	103.152336	5.261007	264.234161	0.325962	-0.000011	-0.000039	-0.000016	0.000006	0.000005	0.185621	0.000008	-0.000010	-32.000000	-20.000000	1.180000	20.950836
144.984726	-171.912567	-129.028351	238.133728	103.688660	5.652315	264.394196	0.162965	-0.000011	-0.000039	-0.000016	0.170381	0.000005	0.000008	0.192572	0.175661	-32.000000	-20.000000	1.180000	20.941479
146.390778	-172.104446	-130.291565	237.608063	103.331108	5.847221	264.874359	0.162965	-0.000011	-0.000039	-0.000016	0.170381	0.000005	0.185621	0.192572	0.175661	-32.000000	-20.000000	1.180000	20.953020
140.795090	-174.982437	-98.891663	267.464722	126.571671	6.237033	283.759644	0.325962	-0.000011	-0.000039	-0.000016	0.000006	0.000005	0.185621	0.000008	-0.000010	-32.000000	-16.000000	1.180000	21.688184
141.734756	-174.023117	-98.530739	266.871002	128.001862	6.040411	284.399811	0.163035	0.159851	-0.000039	-0.000016	0.000006	0.000005	0.185621	0.000008	0.175661	-32.000000	-16.000000	1.180000	21.720856
140.470871	-174.598709	-97.447983	268.097565	128.001862	6.235262	285.200012	0.000000	-0.000008	-0.000039	-0.000016	0.000006	0.000005	0.000008	0.000008	-0.000010	-32.000000	-16.000000	1.180000	21.744462
140.795090	-174.406845	-97.447983	269.567993	130.147141	6.431940	285.840210	0.162965	-0.000011	-0.000039	-0.000016	0.000006	0.000005	0.185621	0.000008	-0.000010	-32.000000	-16.000000	1.180000	21.761740
134.512589	-181.314041	-61.536598	292.278931	150.706100	6.235262	303.125061	0.000000	-0.000008	-0.000039	-0.000016	0.000006	0.000005	0.185621	0.000008	-0.000010	-32.000000	-12.000000	1.180000	22.432188
131.984848	-182.657104	-60.634304	293.505524	150.029968	6.624963	304.085358	0.163035	-0.000008	-0.000039	-0.000016	0.000006	0.000005	0.185621	0.192572	-0.000010	-32.000000	-12.000000	1.180000	22.453734
131.984848	-183.040833	-58.649254	294.106049	151.778748	6.430112	304.565460	0.162965	-0.000008	-0.000039	-0.000016	0.000006	0.000005	0.000008	0.192572	-0.000010	-32.000000	-12.000000	1.180000	22.479194
130.901520	-183.808304	-59.732010	294.556885	151.421204	6.430112	305.045593	0.000000	-0.000008	-0.000039	-0.000016	0.000006	0.000005	0.185621	0.192572	-0.000010	-32.000000	-12.000000	1.180000	22.497287
121.151611	-190.384796	-22.196486	311.203461	167.332062	7.016659	317.689178	0.162965	-0.000011	-0.000039	-0.000016	0.000006	0.000005	0.000008	0.000008	0.175661	-32.000000	-8.000000	1.180000	22.946973
117.359985	-189.180573	-19.128677	311.107422	168.047150	6.819815	318.329346	0.162965	-0.000008	-0.000039	-0.000016	0.000006	0.000005	0.000008	0.000008	-0.000010	-32.000000	-8.000000	1.180000	22.977864
120.429405	-190.523636	-20.933270	312.605316	168.404694	6.819815	318.809479	0.162965	-0.000008	-0.000039	-0.000016	0.000006	-0.169452	0.000008	0.000008	-0.000010	-32.000000	-8.000000	1.180000	22.995565
120.397850	-192.250443	-20.030975	313.736481	169.298569	6.821752	319.289581	0.162965	-0.000011	-0.000039	-0.000016	0.170381	0.000005	0.000008	0.192572	-0.000010	-32.000000	-8.000000	1.180000	23.013181
101.832352	-194.744705	18.421314	327.933502	186.103287	7.014666	331.613068	0.162965	-0.000008	-0.000039	-0.000016	0.000006	0.000005	0.185621	0.192572	-0.000010	-32.000000	-4.000000	1.180000	23.455634
99.846260	-194.552841	18.421314	327.057159	183.600449	7.014666	332.093201	0.162965	-0.000008	-0.000039	-0.000016	0.000006	0.000005	0.185621	0.192572	-0.000010	-32.000000	-4.000000	1.180000	23.472975
99.124046	-198.390182	15.355130	329.427124	182.527802	7.211564	332.413300	0.000000	-0.000011	-0.000039	-0.000016	0.000006	0.000005	0.000008	0.000008	0.175661	-32.000000	-4.000000	1.180000	23.477422
99.665710	-199.157654	17.698910	329.686218	183.064117	7.211564	333.053467	0.162965	-0.000011	-0.000039	-0.000016	0.170381	0.000005	0.000008	0.192572	-0.000010	-32.000000	-4.000000	1.180000	23.500519
68.050957	-195.128448	54.194561	326.623474	183.421661	7.211564	328.892273	0.000000	-0.000011	-0.000039	-0.179798	0.000006	0.000005	0.185621	0.000008	0.175661	-32.000000	0.000000	1.180000	23.349979
70.235443	-192.250443	54.180336	326.623474	186.330429	7.014666	328.092072	0.000000	-0.000008	-0.000039	-0.000016	0.000006	0.000005	0.185621	0.000008	-0.000010	-32.000000	0.000000	1.180000	23.328073
68.791008	-192.826050	54.555851	323.469391	181.991486	7.211564	326.811737	0.000000	-0.000008	-0.000039	-0.000016	0.000006	0.000005	0.185621	0.192572	0.175661	-32.000000	0.000000	1.180000	23.274346
69.874329	-192.058578	53.457935	323.819824	183.600449	7.014666	325.691406	0.000000	-0.000008	-0.000039	-0.000016	0.000006	0.000005	0.000008	0.000008	0.175661	-32.000000	0.000000	1.180000	23.240698
37.184345	-180.738434	77.859505	299.364197	169.163712	6.431940	303.765259	0.162965	-0.000011	-0.000039	-0.000016	0.000006	0.000005	0.000008	0.000008	-0.000010	-32.000000	4.000000	1.180000	22.448937
35.920799	-179.395370	79.103294	300.240570	168.941010	6.431940	303.125061	0.162965	-0.000011	-0.000039	-0.000016	0.000006	0.000005	0.000008	0.000008	-0.000010	-32.000000	4.000000	1.180000	22.424756
36.291317	-179.395370	77.658493	298.411896	166.660233	6.624963	302.324860	0.000000	-0.000008	-0.000039	-0.000016	0.000006	0.000005	0.185621	0.192572	0.175661	-32.000000	4.000000	1.180000	22.387190
35.027443	-179.970963	77.297279	298.587128	167.153275	6.235262	301.684662	0.000000	-0.000008	-0.000039	-0.000016	0.170381	0.000005	0.185621	0.000008	-0.000010	-32.000000	4.000000	1.180000	22.377705
5.958278	-169.993912	100.414230	282.362823	157.499496	6.430112	286.480408	0.162965	-0.000008	-0.000039	-0.000016	0.000006	0.000005	0.185621	0.000008	-0.000010	-32.000000	8.000000	1.180000	21.786728
4.874955	-170.761368	101.705109	284.744171	158.035828	6.431940	286.000275	0.162965	-0.000011	-0.000039	-0.000016	0.000006	0.000005	0.185621	0.000008	0.175661	-32.000000	8.000000	1.180000	21.767972
9.027693	-167.691498	100.259926	281.239624	158.035828	6.430112	285.200012	0.163035	-0.000008	-0.000039	-0.000016	0.000006	0.000005	0.185621	0.000008	0.175661	-32.000000	8.000000	1.180000	21.736866
8.847139	-167.307770	99.511230	280.363495	156.109848	6.235262	284.719910	0.000000	-0.000008	-0.000039	-0.000016	0.000006	0.000005	0.185621	0.000008	-0.000010	-32.000000	8.000000	1.180000	21.725742
-22.522013	-161.743637	115.615051	261.964661	140.158463	5.652315	268.555359	0.163035	-0.000011	-0.000039	-0.000016	0.000006	0.000005	0.185621	0.192572	0.175661	-32.000000	12.000000	1.180000	21.109201
-23.603067	-162.127365	115.795692	262.315094	141.409882	6.042128	267.915192	0.000000	-0.000008	-0.000039	-0.000016	0.000006	0.000005	0.185621	0.000008	0.175661	-32.000000	12.000000	1.180000	21.067811
-25.945358	-163.662308	115.945923	261.789398	139.979691	6.040411	267.595093	0.000000	-0.000008	-0.000039	-0.179798	0.000006	0.000005	0.185621	0.192572	0.175661	-32.000000	12.000000	1.180000	21.055000
-23.969688	-163.278564	114.139923	261.154968	139.085815	5.847221	266.954895	0.162965	-0.000011	0.167517	-0.000016	0.000006	0.000005	0.000008	0.192572	-0.000010	-32.000000	12.000000	1.180000	21.037000
-61.079697	-181.122162	136.715057	265.186188	131.756104	6.235262	277.837952	0.162965	-0.000011	-0.000039	-0.000016	0.000006	-0.169452	0.000008	0.000008	-0.000010	-32.000000	16.000000	1.180000	21.455618
-61.440048	-180.546570	138.521072	266.588379	133.365082	6.430112	278.638214	0.162965	-0.000011	-0.000039	-0.000016	0.170381	0.000005	0.185621	0.192572	-0.000010	-32.000000	16.000000	1.180000	21.479517
-62.340923	-182.657104	139.243469	268.866882	133.007523	6.042128	279.438416	0.162965	-0.000011	-0.000039	-0.000016	0.000006	0.000005	0.185621	0.000008	-0.000010	-32.000000	16.000000	1.180000	21.526346
-60.899517	-182.465240	139.641296	268.973724	135.331573	6.237033	279.918549	0.000000	-0.000008	-0.000039	-0.000016	0.000006	0.000005	0.000008	0.000008	0.175661	-32.000000	16.000000	1.180000	21.537571
-107.024590	-202.611237	168.003113	276.683746	133.007523	6.431940	297.843597	0.000000	-0.000008	-0.000039	-0.000016	0.000006	0.000005	0.185621	0.192572	0.175661	-32.000000	20.000000	1.180000	22.224267
-108.466011	-205.872971	165.972443	275.807587	131.219788	6.624963	298.643799	0.000000	-0.000008	-0.000039	-0.000016	0.170381	0.000005	0.185621	0.000008	0.175661	-32.000000	20.000000	1.180000	22.247408
-110.988480	-208.367249	166.875458	278.085541	129.465683	6.624963	299.444031	0.000000	-0.000008	-0.000039	-0.000016	0.000006	0.000005	0.185621	0.000008	0.175661	-32.000000	20.000000	1.180000	22.277870
-110.447937	-207.983505	168.003113	278.260773	130.862228	6.237033	300.084229	0.163035	-0.000008	-0.000039	-0.000016	0.000006	0.000005	0.185621	0.192572	0.175661	-32.000000	20.000000	1.180000	22.316946
-163.599884	-234.077377	190.403534	280.713928	117.275444	6.626846	313.848083	0.000000	-0.000008	-0.000039	-0.000016	0.000006	0.000005	0.000008	0.000008	0.175661	-32.000000	24.000000	1.180000	22.819158
-160.897247	-232.223358	190.042236	280.013062	116.024033	6.626846	314.168152	0.162965	-0.000011	-0.000039	-0.000016	0.170381	0.000005	0.185621	0.000008	0.175661	-32.000000	24.000000	1.180000	22.831042
-162.741577	-231.391251	191.668060	280.785400	118.348099	6.821752	314.808350	0.162965	-0.000011	0.167517	-0.000016	0.000006	0.000005	0.185621	0.000008	0.175661	-32.000000	24.000000	1.180000	22.847564
-166.302536	-235.420456	190.222870	281.590088	115.308937	7.016659	315.288483	0.000000	-0.000011	-0.000039	-0.000016	0.000006	0.000005	0.185621	0.000008	0.175661	-32.000000	24.000000	1.180000	22.858141
-216.932022	-262.089935	211.539398	274.405762	98.529823	7.014666	328.252106	0.000000	-0.000008	-0.000039	-0.000016	0.000006	0.000005	0.185621	0.192572	0.175661	-32.000000	28.000000	1.180000	23.333886
-220.715729	-266.310974	210.219727	276.754150	94.928749	6.819815	329.052368	0.325962	-0.000008	-0.000039	-0.000016	0.000006	0.000005	0.185621	0.192572	-0.000010	-32.000000	28.000000	1.180000	23.369999
-220.355362	-265.927246	211.900696	278.085541	99.398094	7.211564	329.052368	0.000000	-0.000011	-0.000039	-0.000016	0.000006	0.000005	0.185621	0.192572	0.175661	-32.000000	28.000000	1.180000	23.355789
-220.175186	-266.502838	213.526535	279.837830	99.040543	7.406471	329.852570	0.000000	-0.000008	-0.000039	-0.000016	0.000006	0.000005	0.000008	0.000008	0.175661	-32.000000	28.000000	1.180000	23.377742
-278.011719	-301.614471	221.294403	264.943481	69.006584	7.014666	337.694763	0.163035	-0.000008	-0.000039	-0.000016	0.000006	0.000005	0.185621	0.000008	0.175661	-32.000000	32.000000	1.180000	23.674347
-272.606415	-298.544617	222.197662	264.660400	69.364128	7.016659	335.934296	0.162965	-0.000011	-0.000039	-0.000016	0.000006	0.000005	0.185621	0.000008	-0.000010	-32.000000	32.000000	1.180000	23.611173
-272.246094	-295.940857	221.475067	261.088501	70.794319	6.821752	334.493866	0.162965	-0.000011	-0.000039	-0.000016	0.000006	0.000005	0.185621	0.192572	0.175661	-32.000000	32.000000	1.180000	23.566427
-274.228027	-297.968994	219.972198	262.840759	68.470268	6.819815	333.373535	0.162965	-0.000008	-0.000039	-0.000016	0.000006	0.000005	0.185621	0.192572	-0.000010	-32.000000	32.000000	1.180000	23.526174
-298.912140	-310.632202	207.565125	222.363281	30.391487	6.624963	308.246490	0.000000	-0.000008	-0.000039	-0.000016	0.000006	0.000005	0.185621	0.000008	-0.000013	-32.000000	36.000000	1.180000	22.610239
-296.029327	-307.562347	206.300598	221.368256	30.391487	6.626846	307.446289	0.325962	-0.000011	-0.000039	-0.179798	0.000006	0.000005	0.000008	0.000008	0.175661	-32.000000	36.000000	1.180000	22.580157
-294.227539	-303.341278	205.704697	220.786255	31.464132	6.819815	306.966156	0.000000	0.159851	-0.000039	-0.000016	0.000006	0.000005	0.185621	0.000008	-0.000010	-32.000000	36.000000	1.180000	22.554880
-298.912140	-308.521667	204.855392	220.085342	29.318848	6.624963	306.005859	0.000000	-0.000008	-0.000039	-0.000016	0.000006	0.000005	0.185621	0.000008	-0.000010	-32.000000	36.000000	1.180000	22.526101
-318.731506	-327.324615	191.487427	187.365524	-10.166353	6.237033	290.161438	0.162965	0.159886	-0.000039	-0.000016	0.000006	0.000005	0.185621	0.000008	-0.000010	-32.000000	40.000000	1.180000	21.936905
-318.731506	-330.294586	192.571304	186.967392	-10.882598	6.431940	289.521240	0.162965	-0.000011	-0.000039	-0.000016	0.000006	0.000005	0.185621	0.000008	0.175661	-32.000000	40.000000	1.180000	21.904620
-318.190979	-329.051392	192.751953	186.616928	-8.026069	6.237033	288.881073	0.162965	-0.000011	0.167517	-0.000016	0.170381	0.000005	0.185621	0.192572	-0.000010	-32.000000	40.000000	1.180000	21.887387
-314.767639	-326.173401	191.848709	186.266479	-8.920163	6.626846	288.400940	0.163035	-0.000011	-0.000039	-0.000016	0.170381	0.000005	0.185621	0.000008	0.175661	-32.000000	40.000000	1.180000	21.853678
-329.902435	-339.028473	177.216187	154.024673	-45.314423	6.042128	272.236420	0.000000	-0.000008	-0.000039	-0.000016	0.170381	0.000005	0.185621	0.000008	0.175661	-32.000000	44.000000	1.180000	21.240923
-325.122681	-335.284515	176.493591	152.272400	-47.442986	5.652315	271.596222	0.325962	-0.000011	-0.000039	-0.000016	0.000006	0.000005	0.185621	0.192572	0.175661	-32.000000	44.000000	1.180000	21.230930
-329.902435	-339.412201	175.724899	154.239166	-45.659416	5.847221	271.116089	0.162965	-0.000011	-0.000039	-0.000016	0.170381	0.000005	0.185621	0.192572	-0.000010	-32.000000	44.000000	1.180000	21.203967
-323.055725	-334.516815	176.854889	153.849442	-44.779221	6.042128	270.475891	0.162965	-0.000011	-0.000039	-0.000016	0.000006	0.000005	0.185621	0.000008	0.175661	-32.000000	44.000000	1.180000	21.170565
188.087799	-329.818878	-305.878418	122.133324	-65.100334	5.652315	264.714264	0.162965	-0.000011	-0.000039	-0.000016	0.000006	-0.169452	0.185621	0.192572	0.175661	-28.000000	-44.000000	1.180000	20.954428
186.873199	-326.365265	-301.727844	124.092415	-61.533195	6.040411	265.674561	0.162965	-0.000011	-0.000039	-0.000016	0.000006	0.000005	0.185621	0.000008	-0.000010	-28.000000	-44.000000	1.180000	20.977557
187.775986	-331.353821	-305.156555	123.710365	-63.154747	5.845560	266.634827	0.163035	-0.000008	-0.000039	-0.000016	0.000006	0.000005	0.185621	0.000008	0.175661	-28.000000	-44.000000	1.180000	21.024170
189.942627	-330.202606	-304.073822	123.885605	-62.781693	5.847221	267.435059	0.163035	-0.000011	-0.000039	-0.179798	0.000006	0.000005	0.185621	0.000008	-0.000013	-28.000000	-44.000000	1.180000	21.056334
205.109146	-316.771942	-290.358917	158.580582	-19.981167	6.235262	284.239777	0.162965	-0.000008	-0.000039	-0.000016	0.170381	0.000005	0.185621	0.000008	-0.000010	-28.000000	-40.000000	1.180000	21.707006
205.416428	-316.388184	-290.900299	159.106262	-20.694778	6.237033	284.879944	0.162965	-0.000011	-0.000039	-0.000016	0.000006	0.000005	0.185621	0.000008	0.175661	-28.000000	-40.000000	1.180000	21.731915
205.109146	-314.661407	-289.380829	158.580582	-20.337973	6.235262	285.200012	0.162965	-0.000008	0.167517	-0.000016	0.170381	0.000005	0.185621	0.192572	0.175661	-28.000000	-40.000000	1.180000	21.744462
206.138443	-313.893921	-289.095703	160.332855	-18.549139	6.431940	286.160309	0.325962	-0.000011	-0.000039	-0.000016	0.000006	-0.169452	0.185621	0.192572	0.175661	-28.000000	-40.000000	1.180000	21.774202
217.567352	-285.113922	-273.756683	192.798950	24.849508	6.430112	300.884430	0.325962	-0.000011	-0.000039	-0.000016	0.000006	0.000005	0.185621	0.192572	-0.000010	-28.000000	-36.000000	1.180000	22.339989
221.358978	-292.596741	-280.253204	192.749893	22.882999	6.624963	301.524628	0.325962	0.159851	-0.000039	-0.000016	0.000006	0.000005	0.185621	0.000008	-0.000010	-28.000000	-36.000000	1.180000	22.356877
221.358978	-292.788605	-279.892273	192.749893	21.631584	6.626846	302.164795	0.163035	-0.000008	-0.000039	-0.000016	0.000006	0.000005	0.185621	0.192572	0.175661	-28.000000	-36.000000	1.180000	22.381059
221.720108	-293.939789	-280.433655	191.348068	20.737715	6.624963	302.644928	0.163035	0.159851	-0.000039	-0.000016	0.000006	0.000005	0.185621	0.192572	-0.000010	-28.000000	-36.000000	1.180000	22.399302
230.025558	-262.665527	-259.139465	224.466019	64.894791	7.016659	316.248749	0.163035	-0.000011	-0.000039	-0.000016	0.000006	0.000005	0.185621	0.192572	0.175661	-28.000000	-32.000000	1.180000	22.893715
229.845016	-259.595673	-256.071655	223.589874	66.503754	6.821752	316.888916	0.163035	-0.000008	-0.000039	-0.000016	0.000006	0.000005	0.185621	0.000008	0.175661	-28.000000	-32.000000	1.180000	22.924606
231.831100	-260.554993	-256.252136	224.523163	67.397621	6.819815	317.369049	0.325962	-0.000011	-0.000039	-0.000016	0.000006	0.000005	0.185621	0.192572	-0.000010	-28.000000	-32.000000	1.180000	22.942420
232.131393	-262.089935	-257.876251	224.347885	66.503754	7.209517	317.849213	0.162965	-0.000011	-0.000039	-0.000016	0.000006	0.000005	0.000008	0.192572	-0.000010	-28.000000	-32.000000	1.180000	22.945762
237.067169	-230.623779	-228.641846	256.182129	108.873093	7.016659	330.812836	0.163035	-0.000008	-0.000039	-0.000016	0.170381	0.000005	0.185621	0.192572	0.175661	-28.000000	-28.000000	1.180000	23.426632
239.532150	-228.513245	-226.656815	256.773132	110.124512	6.821752	331.292999	0.162965	-0.000011	-0.000039	-0.000016	0.000006	0.000005	0.000008	0.000008	0.175661	-28.000000	-28.000000	1.180000	23.451040
237.247726	-229.856308	-228.100494	256.357361	108.694321	7.014666	331.773102	0.000000	-0.000008	-0.000039	-0.000016	0.000006	0.000005	0.185621	0.000008	0.175661	-28.000000	-28.000000	1.180000	23.461415
238.268600	-227.170181	-225.032669	257.123688	111.554687	7.016659	332.253235	0.325962	-0.000011	-0.000039	-0.000016	0.000006	0.000005	0.185621	0.000008	-0.000010	-28.000000	-28.000000	1.180000	23.478680
232.853424	-191.099243	-177.210968	281.311188	148.918381	7.406471	337.374664	0.162965	-0.000011	-0.000039	-0.000016	0.000006	0.000005	0.185621	0.000008	-0.000013	-28.000000	-24.000000	1.180000	23.648851
230.687332	-198.773911	-183.346573	279.909027	143.376389	7.406471	335.934296	0.162965	-0.000011	-0.000039	-0.000016	0.000006	0.000005	0.185621	0.000008	-0.000010	-28.000000	-24.000000	1.180000	23.597179
232.192215	-196.855240	-181.902908	277.735107	144.091492	7.016659	334.333832	0.000000	-0.000008	-0.000039	-0.179798	0.000006	0.000005	0.185621	0.000008	0.175661	-28.000000	-24.000000	1.180000	23.553659
231.228836	-193.209778	-177.932800	276.929413	144.985352	7.014666	331.933167	0.162965	-0.000011	-0.000039	-0.000016	0.000006	0.000005	0.000008	0.000008	0.175661	-28.000000	-24.000000	1.180000	23.467196
200.234177	-154.836426	-117.659424	271.426910	158.970978	6.819815	310.006989	0.000000	-0.000008	-0.000039	-0.000016	0.000006	0.000005	0.185621	0.192572	-0.000010	-28.000000	-20.000000	1.180000	22.668845
197.886993	-154.836426	-116.576660	271.671265	159.287231	6.819815	309.366821	0.325962	-0.000008	-0.000039	-0.000016	0.000006	0.000005	0.185621	0.000008	-0.175361	-28.000000	-20.000000	1.180000	22.644901
199.640213	-155.028290	-119.103081	270.970154	157.499496	7.016659	308.726654	0.325962	-0.000011	-0.000039	-0.000016	0.000006	0.000005	0.185621	0.000008	-0.000010	-28.000000	-20.000000	1.180000	22.613555
199.873077	-150.999100	-116.215744	268.272827	158.929687	6.819815	307.926392	0.000000	-0.000008	-0.000039	-0.000016	0.000006	0.000005	0.185621	0.000008	0.175661	-28.000000	-20.000000	1.180000	22.590930
173.692780	-129.318161	-65.506699	266.170105	170.371201	6.431940	288.721039	0.163035	-0.000011	-0.000039	-0.000016	0.000006	0.000005	0.000008	0.000008	0.175661	-28.000000	-16.000000	1.180000	21.873639
173.512222	-127.975098	-65.687164	263.366455	168.583466	6.042128	287.760773	0.163035	-0.000008	-0.000039	-0.000016	0.000006	0.000005	0.000008	0.192572	0.175661	-28.000000	-16.000000	1.180000	21.851527
172.248337	-131.620560	-66.950378	264.309845	166.974503	6.235262	287.280609	0.162965	-0.000008	-0.000039	-0.000016	0.000006	0.000005	0.185621	0.000008	-0.000010	-28.000000	-16.000000	1.180000	21.825399
172.203232	-127.399498	-64.243484	262.732391	168.762238	6.237033	286.640442	0.325962	-0.000011	-0.000039	-0.000016	0.170381	0.000005	0.000008	0.000008	0.175661	-28.000000	-16.000000	1.180000	21.800459
148.234695	-119.149223	-21.655107	258.701141	173.231583	5.650709	272.876587	0.162965	-0.000011	-0.000039	-0.000016	0.000006	0.000005	0.185621	0.000008	-0.175361	-28.000000	-12.000000	1.180000	21.282040
147.151367	-118.381760	-21.294189	257.583954	173.097763	5.845560	272.396454	0.325962	-0.000008	-0.000039	-0.000016	0.000006	-0.169452	0.000008	0.000008	-0.000010	-28.000000	-12.000000	1.180000	21.255145
148.415253	-119.341095	-24.903376	255.130768	170.371201	5.847221	271.916321	0.162965	-0.000008	-0.000039	-0.000016	0.000006	0.000005	0.000008	0.000008	-0.000010	-28.000000	-12.000000	1.180000	21.235926
147.873581	-118.381760	-23.098780	257.583954	171.801392	5.847221	271.436157	0.163035	-0.000008	-0.000039	-0.000016	0.000006	0.000005	0.000008	0.000008	0.175661	-28.000000	-12.000000	1.180000	21.216756
131.262619	-116.846825	13.003279	259.511444	180.429367	6.235262	269.835724	0.000000	-0.000008	-0.000039	-0.000016	0.000006	0.000005	0.000008	0.000008	0.175661	-28.000000	-8.000000	1.180000	21.137182
131.804291	-116.846825	13.545083	259.686676	181.681107	6.235262	270.795990	0.162965	-0.000008	-0.000039	-0.000016	0.000006	0.000005	0.185621	0.192572	-0.000010	-28.000000	-8.000000	1.180000	21.175647
130.720963	-119.149223	13.729294	261.789398	181.276398	6.042128	271.756287	0.163035	-0.000011	-0.000039	-0.000016	0.000006	0.000005	0.000008	0.192572	0.175661	-28.000000	-8.000000	1.180000	21.221758
129.818207	-120.876030	13.006701	262.840759	181.502289	6.042128	272.716522	0.000000	-0.000008	-0.000039	-0.000016	0.000006	0.000005	0.185621	0.000008	0.175661	-28.000000	-8.000000	1.180000	21.260069
118.804420	-130.469360	44.981487	280.013062	198.132553	6.430112	290.001404	0.163035	-0.000008	-0.000039	-0.000016	0.000006	0.000005	0.185621	0.000008	0.175661	-28.000000	-4.000000	1.180000	21.923259
117.690254	-128.934418	47.678696	282.362823	201.656586	6.431940	290.641571	0.162965	-0.000011	-0.000039	-0.000016	0.000006	0.000005	0.185621	0.000008	0.175661	-28.000000	-4.000000	1.180000	21.947921
118.443314	-130.085617	47.871861	283.167145	202.066589	6.430112	291.121704	0.000000	-0.000008	-0.000039	-0.000016	0.000006	0.000005	0.000008	0.000008	0.175661	-28.000000	-4.000000	1.180000	21.966523
118.082207	-129.893753	48.775105	284.744171	203.980637	6.431940	291.921906	0.163035	-0.000011	-0.000039	-0.000016	0.170381	0.000005	0.000008	0.192572	0.175661	-28.000000	-4.000000	1.180000	21.997302
100.000618	-135.649765	81.631714	298.838379	217.031113	6.821752	306.005859	0.162965	-0.000011	-0.000039	-0.000016	0.000006	0.000005	0.185621	0.192572	-0.000010	-28.000000	0.000000	1.180000	22.518697
99.665710	-135.074158	83.257126	299.463257	217.567413	6.819815	306.486023	0.162965	-0.000011	0.167517	-0.000016	0.000006	0.000005	0.185621	0.000008	-0.000010	-28.000000	0.000000	1.180000	22.536832
100.207375	-136.992828	81.812309	300.415833	217.209869	6.819815	307.126190	0.162965	-0.000011	-0.000039	-0.000016	0.000006	-0.169452	0.185621	0.192572	0.175661	-28.000000	0.000000	1.180000	22.560892
99.459091	-135.074158	83.257126	299.013641	218.818832	7.016659	307.606323	0.162965	-0.000011	-0.000039	-0.000016	0.000006	0.000005	0.185621	0.000008	0.175661	-28.000000	0.000000	1.180000	22.571531
72.202614	-146.969894	115.073097	314.262299	225.433456	7.211564	321.370178	0.325962	-0.000011	-0.000039	-0.000016	0.000006	0.000005	0.000008	0.000008	-0.175361	-28.000000	4.000000	1.180000	23.075359
71.499313	-146.010574	115.765335	312.605316	223.703812	7.209517	321.690277	0.000000	-0.000008	-0.000039	-0.000016	0.170381	0.000005	0.000008	0.000008	0.175661	-28.000000	4.000000	1.180000	23.087188
72.582634	-146.202438	116.487740	314.357574	225.849640	7.211564	322.650543	0.163035	-0.000008	-0.000039	-0.000016	0.170381	0.000005	0.185621	0.192572	0.175661	-28.000000	4.000000	1.180000	23.122334
73.827171	-145.818695	117.421524	315.138641	227.757523	7.016659	322.970642	0.325962	-0.000011	-0.000039	-0.000016	0.170381	0.000005	0.185621	0.000008	0.175661	-28.000000	4.000000	1.180000	23.141202
45.860672	-152.725906	148.312424	324.345520	231.869324	7.211564	333.693665	0.000000	-0.000008	-0.000039	-0.000016	0.000006	0.000005	0.000008	0.000008	0.175661	-28.000000	8.000000	1.180000	23.523594
44.596794	-155.220169	146.467514	324.077515	229.545242	7.014666	334.333832	0.162965	-0.000008	-0.000039	-0.000016	0.000006	0.000005	0.185621	0.000008	0.175661	-28.000000	8.000000	1.180000	23.553731
42.069038	-157.138824	147.951126	326.005493	229.247223	7.209517	334.813965	0.000000	-0.000008	-0.000039	-0.000016	0.000006	0.000005	0.185621	0.000008	0.175661	-28.000000	8.000000	1.180000	23.563994
44.055134	-156.371368	147.731735	326.623474	230.677795	7.599219	335.134033	0.162965	-0.000008	-0.000039	-0.000016	0.000006	0.000005	0.000008	0.000008	0.175661	-28.000000	8.000000	1.180000	23.561489
3.972186	-158.098160	171.435440	313.831909	216.852341	7.016659	328.092072	0.000000	-0.000008	-0.000039	-0.000016	0.000006	0.000005	0.185621	0.000008	0.175661	-28.000000	12.000000	1.180000	23.328001
6.138832	-157.330704	171.254776	314.087036	217.031113	7.211564	326.811737	0.162965	-0.000011	-0.000039	-0.000016	0.000006	0.000005	0.000008	0.000008	0.175661	-28.000000	12.000000	1.180000	23.274346
6.317734	-156.371368	169.403870	312.509583	215.064606	7.211564	325.851440	0.162965	-0.000011	-0.000039	-0.000016	0.000006	-0.169452	0.000008	0.000008	0.175661	-28.000000	12.000000	1.180000	23.239354
6.319385	-155.987625	169.809586	312.254852	215.422150	7.016659	324.891174	0.163035	-0.000011	-0.000039	-0.000016	0.000006	0.000005	0.185621	0.000008	0.175661	-28.000000	12.000000	1.180000	23.211427
-33.161072	-155.028290	179.564621	286.744629	188.606110	6.626846	304.085358	0.325962	-0.000011	-0.000039	-0.000016	0.170381	0.000005	0.000008	0.000008	0.175661	-28.000000	16.000000	1.180000	22.453662
-29.188528	-149.656036	179.203323	283.342346	189.678741	6.626846	302.965027	0.163035	-0.000011	0.167517	-0.000016	0.000006	0.000005	0.185621	0.000008	0.175661	-28.000000	16.000000	1.180000	22.411339
-28.467821	-150.231644	177.938766	282.991913	189.142426	6.431940	301.844727	0.000000	-0.000011	-0.000039	-0.000016	0.000006	0.000005	0.000008	0.000008	0.175661	-28.000000	16.000000	1.180000	22.376318
-33.512756	-153.685226	177.396835	282.466217	185.388184	6.626846	301.044464	0.163035	0.159886	-0.000039	-0.000016	0.000006	0.000005	0.185621	0.000008	0.175661	-28.000000	16.000000	1.180000	22.338596
-68.466911	-149.656036	182.045944	256.597870	161.790070	6.237033	283.759644	0.325962	-0.000011	-0.000039	-0.000016	0.000006	0.000005	0.185621	0.000008	0.175661	-28.000000	20.000000	1.180000	21.688184
-68.286743	-148.504837	183.900177	257.298981	163.935364	6.237033	283.439545	0.162965	-0.000011	-0.000039	-0.000016	0.000006	0.000005	0.000008	0.000008	-0.000010	-28.000000	20.000000	1.180000	21.675672
-68.286743	-146.778030	183.538879	254.955551	161.832092	6.430112	282.799347	0.000000	-0.000008	-0.000039	-0.000016	0.000006	0.000005	0.185621	0.192572	0.175661	-28.000000	20.000000	1.180000	21.643069
-65.240807	-145.434967	183.358231	255.020432	163.220261	6.431940	282.159180	0.325962	-0.000011	-0.000039	-0.000016	0.000006	0.000005	0.000008	0.000008	0.175661	-28.000000	20.000000	1.180000	21.617916
-102.547012	-153.493362	186.790543	232.760895	137.655640	6.042128	269.355591	0.325962	-0.000011	-0.000039	-0.000016	0.170381	0.000005	0.185621	0.192572	0.175661	-28.000000	24.000000	1.180000	21.125672
-104.349236	-154.644562	186.971207	232.000778	137.298096	5.847221	268.715393	0.163035	-0.000011	-0.000039	-0.000016	0.170381	0.000005	0.185621	0.000008	0.175661	-28.000000	24.000000	1.180000	21.107801
-105.943535	-155.603897	186.790543	232.526443	136.082016	6.040411	268.235291	0.163035	-0.000008	-0.000039	-0.000016	0.000006	0.000005	0.000008	0.000008	0.175661	-28.000000	24.000000	1.180000	21.080752
-103.961609	-155.220169	183.900177	230.832932	135.867905	5.652315	267.755157	0.325962	-0.000011	-0.000039	-0.000016	0.000006	0.000005	0.000008	0.000008	-0.000010	-28.000000	24.000000	1.180000	21.077052
-145.942627	-180.354706	197.810120	222.069321	117.811768	6.040411	273.676788	0.162965	-0.000011	-0.000039	-0.179798	0.170381	0.000005	0.185621	0.000008	-0.000010	-28.000000	28.000000	1.180000	21.298380
-152.248795	-186.110703	197.758240	222.945694	114.057526	6.237033	274.477020	0.162965	-0.000011	-0.000039	-0.000016	0.000006	0.000005	0.000008	0.000008	-0.000010	-28.000000	28.000000	1.180000	21.322384
-150.807388	-184.959503	198.713348	223.940323	116.411827	6.235262	275.117218	0.000000	-0.000008	-0.000039	-0.000016	0.170381	0.000005	0.185621	0.000008	0.175661	-28.000000	28.000000	1.180000	21.347884
-151.167740	-185.535110	197.990753	222.945694	116.381577	6.235262	275.917419	0.162965	-0.000008	-0.000039	-0.000016	0.000006	0.000005	0.185621	0.000008	0.175661	-28.000000	28.000000	1.180000	21.379626
-202.878265	-225.827118	216.416901	219.209198	94.059326	6.430112	292.882202	0.163035	-0.000008	-0.000039	-0.000016	0.170381	0.000005	0.185621	0.000008	0.175661	-28.000000	32.000000	1.180000	22.034337
-201.977402	-225.059647	220.752472	221.368256	96.180168	6.430112	293.362335	0.325962	-0.000011	-0.000039	-0.000016	0.000006	0.000005	0.000008	0.192572	-0.000010	-28.000000	32.000000	1.180000	22.052796
-204.860229	-226.210846	220.752472	220.961472	96.920448	6.235262	294.002502	0.163035	-0.000008	-0.000039	-0.000016	0.000006	0.000005	0.185621	0.000008	0.175661	-28.000000	32.000000	1.180000	22.084861
-204.139511	-226.786438	218.765335	221.311920	94.928749	6.626846	294.802734	0.163035	-0.000008	-0.000039	-0.000016	0.000006	0.000005	0.185621	0.000008	0.175661	-28.000000	32.000000	1.180000	22.100537
-259.633759	-276.479919	233.397858	212.550568	63.822144	7.016659	310.167023	0.163035	-0.000011	-0.000039	-0.000016	0.000006	0.000005	0.185621	0.000008	0.175661	-28.000000	36.000000	1.180000	22.667469
-265.039032	-279.933533	234.662415	211.674423	63.643379	6.821752	310.807220	0.163035	-0.000008	-0.000039	-0.000016	0.170381	0.000005	0.185621	0.192572	0.175661	-28.000000	36.000000	1.180000	22.698670
-265.759735	-280.892853	236.830200	212.024887	63.123474	7.209517	311.127319	0.163035	-0.000008	-0.000039	-0.000016	0.000006	0.000005	0.185621	0.000008	0.175661	-28.000000	36.000000	1.180000	22.696144
-262.516571	-280.125397	233.939819	213.130478	61.676865	7.014666	312.087585	0.325962	-0.000011	-0.000039	-0.000016	0.170381	0.000005	0.185621	0.000008	-0.000010	-28.000000	36.000000	1.180000	22.739233
-322.875549	-335.574890	244.778717	196.079208	21.631584	6.821752	324.411041	0.000000	-0.000011	-0.000039	-0.000016	0.000006	0.000005	0.185621	0.192572	0.175661	-28.000000	40.000000	1.180000	23.201012
-316.569397	-332.696869	243.269730	196.479660	20.022621	7.014666	325.051239	0.162965	-0.000011	-0.000039	-0.000016	0.170381	0.000005	0.185621	0.192572	-0.000010	-28.000000	40.000000	1.180000	23.217343
-320.353088	-338.644745	244.598083	198.181931	19.486300	7.014666	325.691406	0.162965	-0.000008	-0.000039	-0.000016	0.170381	0.000005	0.000008	0.192572	0.175661	-28.000000	40.000000	1.180000	23.240698
-318.551331	-335.382996	245.501312	199.634552	23.240545	7.016659	326.011475	0.162965	-0.000011	-0.000039	-0.179798	0.000006	-0.169452	0.000008	0.000008	-0.000010	-28.000000	40.000000	1.180000	23.252294
-366.117798	-385.652100	252.365967	179.432617	-21.943602	7.211564	337.854797	0.163035	-0.000008	-0.000039	-0.000016	0.000006	0.000005	0.000008	0.000008	0.175661	-28.000000	44.000000	1.180000	23.673028
-368.099762	-391.024353	251.824005	179.257385	-26.582085	7.404368	338.494995	0.163035	-0.000008	-0.000039	-0.000016	0.170381	0.000005	0.185621	0.192572	0.175661	-28.000000	44.000000	1.180000	23.689039
-369.721344	-390.256897	250.198181	177.505127	-26.931923	7.016659	338.815094	0.325962	-0.000011	-0.000039	-0.000016	0.000006	0.000005	0.000008	0.000008	0.175661	-28.000000	44.000000	1.180000	23.714346
-368.196014	-389.873169	253.449844	176.673935	-28.009308	7.211564	339.455261	0.325962	-0.000011	-0.000039	-0.000016	0.170381	0.000005	0.185621	0.192572	0.175661	-28.000000	44.000000	1.180000	23.730253
244.289322	-346.511292	-335.834625	124.936966	-54.948204	6.626846	309.206787	0.000000	-0.000011	-0.000039	-0.000016	0.000006	0.000005	0.185621	0.000008	-0.000013	-24.000000	-44.000000	1.180000	22.646134
243.503281	-344.017029	-332.405914	124.442955	-53.685482	6.626846	308.246490	0.162965	-0.000011	-0.000039	-0.000016	0.000006	0.000005	0.000008	0.000008	0.175661	-24.000000	-44.000000	1.180000	22.610168
244.289322	-349.389282	-338.541504	121.782875	-59.943493	6.626846	307.286224	0.163035	-0.000008	-0.000039	-0.000016	0.000006	0.000005	0.000008	0.000008	0.175661	-24.000000	-44.000000	1.180000	22.574148
242.483765	-346.319427	-335.293274	123.359909	-56.553833	6.626846	306.165924	0.000000	-0.000011	-0.000039	-0.000016	0.170381	0.000005	0.185621	0.000008	0.175661	-24.000000	-44.000000	1.180000	22.532051
235.261642	-286.840729	-280.433655	145.438538	-4.638486	6.431940	289.201141	0.163035	-0.000008	-0.000039	-0.000016	0.170381	0.000005	0.000008	0.000008	0.175661	-24.000000	-40.000000	1.180000	21.892232
235.261642	-285.497650	-280.253204	145.789001	-3.746469	6.042128	288.560974	0.163035	-0.000008	-0.000039	-0.000016	0.000006	0.000005	0.185621	0.000008	0.175661	-24.000000	-40.000000	1.180000	21.882539
233.394928	-283.579010	-278.448608	145.263321	-3.211258	6.626846	288.080841	0.325962	-0.000011	-0.000039	-0.000016	0.000006	0.000005	0.185621	0.000008	0.175661	-24.000000	-40.000000	1.180000	21.841260
232.131393	-284.922058	-277.726776	142.985367	-3.746469	6.237033	287.440643	0.325962	-0.000011	-0.000039	-0.000016	0.170381	0.000005	0.185621	0.000008	0.175661	-24.000000	-40.000000	1.180000	21.831544
225.091614	-225.635239	-232.792419	162.126389	42.190544	6.042128	273.996918	0.162965	-0.000011	-0.000039	-0.000016	0.000006	0.000005	0.185621	0.000008	0.175661	-24.000000	-36.000000	1.180000	21.311046
223.106064	-227.170181	-231.529205	160.899490	40.581585	6.042128	273.516754	0.325962	-0.000011	-0.000039	-0.000016	0.000006	0.000005	0.185621	0.192572	-0.000010	-24.000000	-36.000000	1.180000	21.291943
224.189102	-226.786438	-232.792419	161.425308	40.045261	6.237033	273.036621	0.325962	-0.000011	-0.000039	-0.000016	0.000006	0.000005	0.185621	0.000008	0.175661	-24.000000	-36.000000	1.180000	21.265058
221.900650	-225.251511	-230.446457	160.332855	41.296677	6.237033	272.716522	0.163035	-0.000011	-0.000039	-0.000016	0.170381	0.000005	0.185621	0.000008	0.175661	-24.000000	-36.000000	1.180000	21.252298
218.831223	-182.848969	-192.910919	179.432617	78.839127	5.652315	268.875458	0.163035	-0.000011	-0.000039	-0.000016	0.000006	0.000005	0.000008	0.000008	0.175661	-24.000000	-32.000000	1.180000	21.122048
220.636765	-182.848969	-193.813202	178.601929	78.481575	5.845560	269.515656	0.325962	-0.000008	-0.000039	-0.000016	0.000006	0.000005	0.185621	0.000008	0.175661	-24.000000	-32.000000	1.180000	21.139974
219.733994	-186.110703	-195.256882	178.906937	77.607895	5.845560	270.475891	0.163035	-0.000008	-0.000039	-0.000016	0.000006	0.000005	0.185621	0.000008	0.175661	-24.000000	-32.000000	1.180000	21.178432
220.275665	-185.535110	-195.256882	180.308746	78.680801	5.652315	271.116089	0.163035	-0.000008	-0.000039	-0.000016	0.000006	-0.169410	0.185621	0.000008	0.175661	-24.000000	-32.000000	1.180000	21.211756
230.145813	-152.150299	-164.217896	212.550568	122.459877	6.431940	289.201141	0.163035	-0.000011	-0.000039	-0.179798	0.170381	0.000005	0.000008	0.000008	0.175661	-24.000000	-28.000000	1.180000	21.892232
234.297455	-154.836426	-168.368454	213.831573	121.566017	6.237033	289.841339	0.325962	-0.000011	-0.000039	-0.000016	0.000006	0.000005	0.000008	0.000008	0.175661	-24.000000	-28.000000	1.180000	21.924536
233.456085	-155.028290	-168.007553	213.601929	121.566017	6.430112	290.481537	0.325962	-0.000008	-0.000039	-0.000016	0.000006	0.000005	0.185621	0.000008	0.175661	-24.000000	-28.000000	1.180000	21.941811
232.914444	-156.179489	-167.466156	215.003738	122.459877	6.431940	291.281738	0.163035	-0.000011	-0.000039	-0.000016	0.000006	0.000005	0.185621	0.000008	0.175661	-24.000000	-28.000000	1.180000	21.972625
238.511581	-123.178429	-128.126053	242.689636	164.335571	6.819815	307.446289	0.000000	-0.000008	-0.000039	-0.000016	0.000006	-0.169410	0.185621	0.000008	0.175661	-24.000000	-24.000000	1.180000	22.572913
239.775467	-127.975098	-133.178909	246.544647	162.547379	6.624963	308.246490	0.163035	-0.000008	-0.000039	-0.000016	0.000006	0.000005	0.000008	0.000008	0.175661	-24.000000	-24.000000	1.180000	22.610239
240.678238	-125.672699	-130.832947	243.215332	162.905014	6.821752	308.886688	0.325962	-0.000008	-0.000039	-0.179798	0.000006	-0.169410	0.185621	0.000008	-0.000013	-24.000000	-24.000000	1.180000	22.626853
242.844894	-127.783234	-132.817993	245.493286	163.977936	6.821752	309.526855	0.163035	-0.000008	-0.000039	-0.000016	0.000006	-0.169452	0.185621	0.000008	0.175661	-24.000000	-24.000000	1.180000	22.650817
234.178299	-104.567352	-84.274467	270.200317	197.596085	6.431940	318.009247	0.000000	-0.159415	-0.000039	-0.179798	0.000006	-0.169410	0.000008	0.000008	0.175661	-24.000000	-20.000000	1.180000	22.980364
233.275528	-105.910416	-85.176758	269.918549	197.902328	6.821752	318.649414	0.325962	-0.000011	-0.000039	-0.000016	0.000006	0.000005	0.185621	0.000008	0.175661	-24.000000	-20.000000	1.180000	22.989595
234.178299	-105.334816	-85.176758	271.076447	199.026642	7.016659	318.809479	0.163035	-0.000008	-0.000039	-0.179798	0.000006	-0.169452	0.185621	0.000008	0.175661	-24.000000	-20.000000	1.180000	22.988310
235.199997	-107.829086	-87.161812	271.777374	197.544785	6.821752	320.089844	0.162965	-0.000011	-0.000039	-0.000016	0.000006	0.000005	0.000008	0.000008	0.175661	-24.000000	-20.000000	1.180000	23.042632
228.942261	-94.782158	-41.144703	295.958710	230.856613	6.821752	334.173798	0.163035	-0.000011	-0.000039	-0.000016	0.000006	0.000005	0.000008	0.000008	0.175661	-24.000000	-16.000000	1.180000	23.554914
231.650543	-92.671616	-40.422867	298.236664	234.075348	6.431940	334.653931	0.163035	-0.000008	-0.000039	-0.000016	0.000006	0.000005	0.000008	0.000008	0.175661	-24.000000	-16.000000	1.180000	23.586192
230.386688	-92.287888	-38.257355	298.061432	234.729706	6.626846	335.294098	0.163035	-0.000011	-0.000039	-0.000016	0.000006	0.000005	0.000008	0.000008	0.175661	-24.000000	-16.000000	1.180000	23.602184
230.567245	-98.235756	-44.392967	297.535767	229.426041	7.209517	335.934296	0.000000	-0.000008	-0.000039	-0.000016	0.000006	0.000005	0.000008	0.000008	0.175661	-24.000000	-16.000000	1.180000	23.604251
206.679962	-88.066818	5.600112	298.487854	243.489594	6.626846	325.211273	0.163035	-0.000011	-0.000039	-0.000016	0.000006	0.000005	0.185621	0.000008	0.175661	-24.000000	-12.000000	1.180000	23.237332
204.748032	-88.066818	5.418032	298.137299	242.301071	6.626846	323.930908	0.163035	-0.000008	-0.000039	-0.000016	0.000006	0.000005	0.185621	0.000008	-0.000013	-24.000000	-12.000000	1.180000	23.190591
205.831360	-91.136688	2.167211	295.157684	237.947617	6.626846	322.650543	0.162965	-0.000011	-0.000039	-0.000016	0.000006	0.000005	0.185621	0.000008	0.175661	-24.000000	-12.000000	1.180000	23.143754
206.499451	-85.956284	4.877518	293.580200	238.662689	6.431940	321.690277	0.325962	-0.000011	-0.000039	-0.000016	0.000006	0.000005	0.185621	0.000008	0.175661	-24.000000	-12.000000	1.180000	23.115712
170.262253	-85.380692	43.536297	280.434845	234.075348	6.430112	300.084229	0.163035	-0.000008	-0.000039	-0.000016	0.170381	0.000005	0.185621	0.000008	0.175661	-24.000000	-8.000000	1.180000	22.309613
172.564224	-82.502693	42.633053	278.682129	233.299515	6.431940	299.444031	0.163035	-0.000011	-0.000039	-0.000016	0.000006	0.000005	0.185621	0.000008	0.175661	-24.000000	-8.000000	1.180000	22.285212
171.165024	-84.613228	41.729813	279.662567	231.929535	6.237033	298.803833	0.000000	-0.000008	-0.000039	-0.000016	0.000006	0.000005	0.185621	0.000008	0.175661	-24.000000	-8.000000	1.180000	22.268272
170.623367	-82.502693	41.718861	277.104675	231.393066	6.237033	298.003632	0.162965	-0.000011	-0.000039	-0.000016	0.000006	0.000005	0.000008	0.000008	-0.000010	-24.000000	-8.000000	1.180000	22.237798
141.554199	-85.188828	70.814217	267.747131	226.386093	6.042128	283.279510	0.163035	-0.000011	-0.000039	-0.000016	0.000006	0.000005	0.185621	0.000008	0.175661	-24.000000	-4.000000	1.180000	21.677036
139.207001	-85.572548	70.976250	267.990540	226.506088	6.237033	282.639313	0.325962	-0.000011	-0.000039	-0.000016	0.000006	0.000005	0.185621	0.000008	0.175661	-24.000000	-4.000000	1.180000	21.644363
140.470871	-83.270157	71.717468	267.571899	227.459000	6.042128	281.999146	0.000000	-0.000011	-0.000039	-0.000016	0.000006	0.000005	0.000008	0.000008	0.175661	-24.000000	-4.000000	1.180000	21.626923
139.387558	-82.310822	71.698647	264.660400	224.718369	6.431940	281.038879	0.325962	-0.000011	-0.000039	-0.000016	0.000006	0.000005	0.185621	0.000008	-0.000010	-24.000000	-4.000000	1.180000	21.573954
109.415611	-79.432823	93.395279	253.028046	217.567413	5.847221	265.994659	0.163035	0.159886	0.167517	-0.000016	0.000006	0.000005	0.185621	0.192572	0.175661	-24.000000	0.000000	1.180000	20.998282
109.386955	-77.897888	94.117874	252.917160	218.103760	6.042128	265.354462	0.325962	-0.000011	-0.000039	-0.000016	0.000006	0.000005	0.185621	0.000008	0.175661	-24.000000	0.000000	1.180000	20.964552
110.318382	-76.554817	93.756577	251.275772	217.981552	5.652315	264.554230	0.163035	-0.000008	-0.000039	-0.000016	0.000006	0.000005	0.185621	0.000008	0.175661	-24.000000	0.000000	1.180000	20.947955
107.762390	-79.049088	93.214630	252.216095	217.209869	5.652315	264.234161	0.000000	-0.000011	-0.000039	-0.000016	0.000006	0.000005	0.185621	0.000008	0.175661	-24.000000	0.000000	1.180000	20.935002
80.346451	-72.909348	111.279480	236.266357	205.464172	5.261007	249.349976	0.163035	-0.000011	-0.000039	-0.000016	0.000006	0.000005	0.185621	0.000008	-0.000010	-24.000000	4.000000	1.180000	20.339865
79.985344	-74.636154	109.986099	237.432816	203.675964	5.067596	248.869858	0.325962	-0.000011	-0.000039	-0.000016	0.000006	0.000005	0.185621	0.000008	0.175661	-24.000000	4.000000	1.180000	20.327916
79.804794	-74.636154	109.292343	236.091080	203.139511	4.871305	248.229660	0.163035	0.159851	-0.000039	-0.000016	0.170381	0.000005	0.185621	0.192572	0.175661	-24.000000	4.000000	1.180000	20.309401
77.978821	-75.979218	109.653641	237.317978	202.192902	5.067596	247.749527	0.325962	-0.000011	-0.000039	-0.000016	0.000006	0.000005	0.185621	0.000008	0.175661	-24.000000	4.000000	1.180000	20.281156
56.152237	-83.078293	135.125076	244.854675	206.662231	5.262503	258.792633	0.325962	-0.000011	-0.000039	-0.000016	0.000006	0.000005	0.000008	0.000008	0.175661	-24.000000	8.000000	1.180000	20.729498
57.416119	-82.310822	135.486374	245.380493	207.019791	5.847221	259.432800	0.325962	-0.000011	-0.000039	-0.000016	0.000006	0.000005	0.185621	0.000008	0.175661	-24.000000	8.000000	1.180000	20.731764
56.874454	-81.927094	136.931564	245.668503	208.325287	5.652315	260.072968	0.163035	-0.000008	-0.000039	-0.000016	0.000006	0.000005	0.185621	0.000008	0.175661	-24.000000	8.000000	1.180000	20.765872
57.942596	-83.462029	136.750931	248.535385	209.880173	6.042128	260.873230	0.163035	-0.000011	-0.000039	-0.179798	0.000006	0.000005	0.185621	0.000008	0.175661	-24.000000	8.000000	1.180000	20.782616
29.971937	-91.712288	164.390137	255.896805	210.649948	6.040411	273.996918	0.325962	-0.000008	-0.000039	-0.000016	0.000006	0.000005	0.185621	0.000008	0.175661	-24.000000	12.000000	1.180000	21.311114
31.227634	-91.136688	163.306244	254.494614	211.489120	5.652315	274.477020	0.163035	0.159886	-0.000039	-0.000016	0.170381	0.000005	0.185621	0.192572	0.175661	-24.000000	12.000000	1.180000	21.345611
31.408138	-91.520416	165.293381	256.247314	212.561768	6.042128	274.957153	0.325962	0.159886	-0.000039	-0.000016	0.000006	0.000005	0.185621	0.192572	0.175661	-24.000000	12.000000	1.180000	21.349197
32.319138	-91.328552	164.932083	256.357361	213.098083	6.042128	275.917419	0.163035	0.159886	-0.000039	-0.000016	0.170381	0.000005	0.185621	0.192572	0.175661	-24.000000	12.000000	1.180000	21.387281
2.347201	-94.590286	191.668060	258.810547	211.901688	6.237033	286.960541	0.163035	-0.000011	-0.000039	-0.000016	0.000006	-0.169452	0.185621	0.000008	0.175661	-24.000000	16.000000	1.180000	21.812899
-2.162112	-98.619492	192.390656	261.614166	210.237717	6.431940	287.120575	0.163035	-0.000011	-0.000039	-0.000016	0.000006	0.000005	0.185621	0.000008	0.175661	-24.000000	16.000000	1.180000	21.811544
-0.900880	-96.125221	192.029358	259.402222	210.237717	6.431940	286.960541	0.325962	-0.000011	-0.000039	-0.000016	0.000006	0.000005	0.000008	0.000008	0.175661	-24.000000	16.000000	1.180000	21.805325
0.000002	-96.317085	193.113251	261.614166	212.025452	6.431940	287.760773	0.163035	-0.000011	-0.000039	-0.000016	0.000006	0.000005	0.000008	0.000008	0.175661	-24.000000	16.000000	1.180000	21.836404
-46.317368	-109.364021	218.042740	260.804413	203.086777	6.431940	300.084229	0.325962	-0.000011	-0.000039	-0.000016	0.000006	0.000005	0.000008	0.000008	0.175661	-24.000000	20.000000	1.180000	22.309544
-46.137142	-110.323357	218.765335	262.031311	204.159409	6.821752	300.724396	0.325962	-0.000011	-0.000039	-0.000016	0.000006	0.000005	0.000008	0.000008	0.175661	-24.000000	20.000000	1.180000	22.319052
-47.386314	-110.707085	220.210526	263.433472	204.874512	6.624963	301.524628	0.325962	-0.000011	-0.000039	-0.000016	0.000006	0.000005	0.000008	0.000008	0.175661	-24.000000	20.000000	1.180000	22.356877
-44.515129	-110.131485	220.029877	264.417816	206.662231	6.626846	302.804962	0.163035	-0.000011	-0.000039	-0.000016	0.000006	0.000005	0.000008	0.000008	0.175661	-24.000000	20.000000	1.180000	22.405285
-95.132973	-130.277496	240.443146	257.233490	192.589127	6.821752	312.887787	0.000000	-0.000011	-0.000039	-0.000016	0.170381	0.000005	0.185621	0.000008	0.175661	-24.000000	24.000000	1.180000	22.776216
-98.736496	-135.266022	240.985107	259.511444	190.393845	7.211564	314.008118	0.163035	-0.000011	-0.000039	-0.000016	0.000006	0.000005	0.185621	0.000008	0.175661	-24.000000	24.000000	1.180000	22.803380
-95.313156	-130.853088	239.901215	257.233490	191.873856	7.016659	314.488251	0.163035	-0.000011	-0.000039	-0.000016	0.000006	0.000005	0.185621	0.000008	0.175661	-24.000000	24.000000	1.180000	22.828453
-98.736496	-135.266022	241.888336	261.263733	192.360352	6.821752	315.288483	0.163035	-0.000011	-0.000039	-0.000016	0.000006	0.000005	0.000008	0.000008	0.175661	-24.000000	24.000000	1.180000	22.865366
-155.131607	-167.115906	265.191986	253.793533	173.052811	7.016659	328.092072	0.325962	-0.000011	-0.000039	-0.000016	0.000006	0.000005	0.185621	0.000008	-0.175361	-24.000000	28.000000	1.180000	23.328001
-153.329849	-168.075241	262.662933	252.502380	172.024826	7.211564	328.252106	0.163035	-0.000011	-0.000039	-0.000016	0.000006	0.000005	0.000008	0.192572	0.175661	-24.000000	28.000000	1.180000	23.326733
-155.672134	-168.842712	262.301636	252.502380	171.667191	7.211564	328.732239	0.163035	-0.000011	-0.000039	-0.000016	0.000006	0.000005	0.185621	0.192572	0.175661	-24.000000	28.000000	1.180000	23.344170
-156.212662	-169.034576	262.662933	253.553741	171.265076	7.016659	329.052368	0.163035	-0.000011	-0.000039	-0.000016	0.000006	0.000005	0.000008	0.000008	0.175661	-24.000000	28.000000	1.180000	23.362860
-211.401840	-212.972061	278.921295	240.297592	143.555161	7.211564	339.615295	0.325962	-0.000011	-0.000039	-0.000016	0.000006	0.000005	0.185621	0.000008	0.175661	-24.000000	32.000000	1.180000	23.735967
-207.022339	-209.326584	276.211578	238.133728	141.804260	7.406471	338.494995	0.163035	-0.000011	-0.000039	-0.000016	0.000006	0.000005	0.000008	0.000008	0.175661	-24.000000	32.000000	1.180000	23.688964
-207.743027	-208.750977	276.934174	238.133728	143.056000	7.406471	337.214630	0.163035	-0.000008	-0.000039	-0.000016	0.000006	0.000005	0.185621	0.192572	0.175661	-24.000000	32.000000	1.180000	23.643115
-209.419373	-212.396454	274.766388	237.493256	138.013184	7.211564	335.614166	0.000000	-0.000011	-0.000039	-0.000016	0.000006	0.000005	0.185621	0.192572	0.175661	-24.000000	32.000000	1.180000	23.592680
-237.534195	-231.199387	256.882172	197.881836	90.816956	7.016659	309.686920	0.325962	-0.000011	-0.000039	-0.000016	0.000006	0.000005	0.185621	0.192572	0.175661	-24.000000	36.000000	1.180000	22.649513
-233.749496	-226.018982	256.701508	196.955338	92.604698	6.821752	309.046722	0.163035	-0.000011	-0.000039	-0.000016	0.000006	0.000005	0.185621	0.000008	0.175661	-24.000000	36.000000	1.180000	22.632846
-235.490158	-228.129517	256.520874	196.429657	91.913490	6.821752	308.086456	0.163035	-0.000008	-0.000039	-0.000016	0.000006	0.000005	0.185621	0.000008	0.175661	-24.000000	36.000000	1.180000	22.596862
-235.850494	-229.472580	256.882172	198.357162	93.498558	6.626846	307.126190	0.163035	-0.000011	-0.000039	-0.000016	0.000006	0.000005	0.000008	0.000008	0.175661	-24.000000	36.000000	1.180000	22.568139
-259.273407	-252.112869	236.468887	159.631943	42.369320	6.431940	286.480408	0.163035	0.159851	-0.000039	-0.000016	0.000006	0.000005	0.185621	0.000008	0.175661	-24.000000	40.000000	1.180000	21.786657
-259.273407	-249.234863	237.733429	159.106262	43.453274	6.237033	285.680176	0.163035	-0.000011	-0.000039	-0.000016	0.000006	0.000005	0.000008	0.000008	0.175661	-24.000000	40.000000	1.180000	21.763098
-258.012177	-248.467392	236.107605	158.095139	42.369320	6.237033	285.200012	0.163035	-0.000008	-0.000039	-0.000016	0.000006	0.000005	0.185621	0.000008	0.175661	-24.000000	40.000000	1.180000	21.744393
-255.669876	-247.699921	234.301102	158.580582	42.022713	6.237033	284.239777	0.163035	-0.000011	-0.000039	-0.000016	0.000006	0.000005	0.000008	0.000008	0.175661	-24.000000	40.000000	1.180000	21.706937
-278.372070	-272.450714	220.391159	126.370941	-4.995292	5.457409	269.515656	0.325962	0.159886	-0.000039	-0.000016	0.170333	0.000005	0.000008	0.000008	0.175661	-24.000000	44.000000	1.180000	21.155528
-276.750488	-271.875122	218.584686	126.896751	-3.389663	6.042128	268.875458	0.325962	-0.000011	-0.000039	-0.000016	0.000006	0.000005	0.185621	0.000008	0.175661	-24.000000	44.000000	1.180000	21.106403
-277.831543	-273.218201	219.849243	125.845131	-5.173694	6.042128	268.235291	0.163035	-0.000011	-0.000039	-0.000016	0.170381	-0.169452	0.000008	0.000008	0.175661	-24.000000	44.000000	1.180000	21.080683
-278.011719	-270.148315	219.668564	126.514000	-0.356806	5.457409	267.435059	0.163035	-0.000011	-0.000039	-0.000016	0.000006	0.000005	0.000008	0.000008	0.175661	-24.000000	44.000000	1.180000	21.072018
241.581024	-278.206726	-294.148560	88.161697	-42.995186	6.237033	279.598480	0.163035	-0.000011	-0.000039	-0.000016	0.000006	-0.169452	0.000008	0.000008	0.175661	-20.000000	-44.000000	1.180000	21.524974
242.303223	-276.863647	-294.689941	90.241974	-43.530396	5.847221	280.078583	0.163035	-0.000011	-0.000039	-0.000016	0.000006	0.000005	0.185621	0.000008	0.175661	-20.000000	-44.000000	1.180000	21.559195
243.206009	-279.741669	-296.494537	91.643791	-43.351990	5.847221	280.878845	0.163035	-0.000011	-0.000039	-0.000016	0.000006	0.000005	0.185621	0.000008	0.175661	-20.000000	-44.000000	1.180000	21.590629
241.942123	-277.631134	-293.246246	89.891518	-41.746361	6.237033	281.519012	0.163035	-0.000011	-0.000039	-0.000016	0.000006	0.000005	0.185621	0.000008	0.175661	-20.000000	-44.000000	1.180000	21.600454
265.525085	-250.002335	-281.516418	128.298935	10.190075	6.431940	298.963898	0.163035	-0.000011	-0.000039	-0.000016	0.000006	0.000005	0.185621	0.192572	0.175661	-20.000000	-40.000000	1.180000	22.266946
263.178497	-249.618591	-278.629059	129.142426	9.653753	6.626846	299.924164	0.163035	-0.000011	-0.000039	-0.000016	0.000006	0.000005	0.185621	0.000008	0.175661	-20.000000	-40.000000	1.180000	22.296055
264.872437	-247.891800	-280.072754	129.492859	10.908039	6.626846	300.404297	0.163035	-0.000008	-0.000039	-0.000016	0.000006	0.000005	0.185621	0.192572	0.175661	-20.000000	-40.000000	1.180000	22.314298
265.955780	-253.455933	-282.779633	127.565361	8.583380	6.237033	301.044464	0.163035	-0.000011	-0.000039	-0.000016	0.000006	0.000005	0.185621	0.192572	0.175661	-20.000000	-40.000000	1.180000	22.353380
276.897003	-213.163925	-254.627991	161.425308	59.531586	6.821752	309.526855	0.000000	-0.000011	-0.000039	-0.000016	0.000006	0.000005	0.185621	0.000008	0.175661	-20.000000	-36.000000	1.180000	22.650817
274.080688	-207.599777	-248.853287	162.260345	63.838749	6.821752	309.526855	0.163035	-0.000011	-0.000039	-0.179798	0.170381	-0.169410	0.000008	0.000008	0.175661	-20.000000	-36.000000	1.180000	22.650817
275.272461	-208.942856	-249.936035	163.002747	64.000923	6.626846	310.167023	0.163035	-0.000011	-0.000039	-0.000016	0.170333	0.000005	0.000008	0.000008	0.175661	-20.000000	-36.000000	1.180000	22.682038
276.608459	-211.437119	-252.462463	163.879105	62.391960	7.016659	310.647186	0.163035	-0.000011	-0.000039	-0.000016	0.000006	0.000005	0.000008	0.000008	-0.000013	-20.000000	-36.000000	1.180000	22.685414
281.844513	-170.761368	-212.761429	197.130569	114.444801	7.406471	319.129547	0.163035	-0.000011	-0.000039	-0.000016	0.000006	0.000005	0.185621	0.000008	0.175661	-20.000000	-32.000000	1.180000	22.985739
283.034210	-173.255646	-214.385574	196.479660	113.878761	7.211564	319.769745	0.163035	0.159886	-0.000039	-0.000016	0.000006	0.000005	0.185621	0.000008	0.175661	-20.000000	-32.000000	1.180000	23.016507
283.108398	-173.831238	-214.566025	194.151703	112.806099	7.211564	319.929779	0.163035	0.159886	-0.000039	-0.000016	0.170381	0.000005	0.185621	0.000008	0.175661	-20.000000	-32.000000	1.180000	23.022399
284.733368	-175.749908	-217.814301	193.450790	110.868401	7.406471	320.569977	0.163035	-0.000011	-0.000039	-0.000016	0.000006	0.000005	0.185621	0.192572	0.175661	-20.000000	-32.000000	1.180000	23.038785
289.532471	-130.277496	-171.977646	228.904938	162.683929	7.406471	334.813965	0.325962	-0.000011	-0.000039	-0.000016	0.170381	0.000005	0.185621	0.000008	0.175661	-20.000000	-28.000000	1.180000	23.556909
293.142578	-130.661224	-175.406372	230.657654	163.577805	7.211564	335.134033	0.163035	-0.000011	-0.000039	-0.000016	0.000006	0.000005	0.185621	0.000008	0.175661	-20.000000	-28.000000	1.180000	23.575427
292.962067	-128.166962	-171.977646	230.131836	164.829224	7.601377	335.614166	0.163035	-0.000011	-0.000039	-0.000016	0.000006	0.000005	0.185621	0.000008	0.175661	-20.000000	-28.000000	1.180000	23.578674
293.684113	-130.469360	-174.504074	230.598969	164.829224	7.601377	336.254364	0.163035	-0.000011	-0.000039	-0.000016	0.000006	0.000005	0.185621	0.000008	0.175661	-20.000000	-28.000000	1.180000	23.601673
277.438507	-77.897888	-117.478958	241.875061	195.807892	7.211564	325.531342	0.325962	0.159886	-0.000039	-0.000016	0.000006	-0.169452	0.185621	0.000008	0.175661	-20.000000	-24.000000	1.180000	23.227678
274.080688	-78.281624	-115.493904	243.978302	197.366013	7.016659	324.411041	0.163035	-0.000011	-0.000039	-0.000016	0.000006	0.000005	0.185621	0.000008	0.175661	-20.000000	-24.000000	1.180000	23.193891
272.564850	-76.362953	-114.411140	240.648148	196.650925	6.821752	322.970642	0.325962	-0.000011	-0.000039	-0.000016	0.000006	0.000005	0.185621	0.000008	0.175661	-20.000000	-24.000000	1.180000	23.148339
272.816833	-79.049088	-116.396194	238.133728	193.304413	6.626846	321.370178	0.163035	-0.000011	-0.000039	-0.000016	0.170381	0.000005	0.185621	0.000008	0.175661	-20.000000	-24.000000	1.180000	23.096824
245.011536	-49.117874	-60.273388	240.586914	210.828766	6.431940	302.644928	0.163035	-0.000008	-0.000039	-0.000016	0.000006	0.000005	0.185621	0.000008	0.175661	-20.000000	-20.000000	1.180000	22.406604
246.752411	-49.309742	-60.995224	241.173965	209.701385	6.626846	301.684662	0.163035	-0.000011	-0.000039	-0.000016	0.170333	0.000005	0.185621	0.000008	0.175661	-20.000000	-20.000000	1.180000	22.362870
243.322800	-48.926010	-58.649254	240.823410	209.880173	6.821752	301.044464	0.325962	-0.000011	-0.000039	-0.000016	0.170381	0.000005	0.185621	0.000008	0.175661	-20.000000	-20.000000	1.180000	22.331202
244.650421	-48.926010	-59.912468	240.411682	208.682922	6.626846	300.404297	0.163035	-0.000011	-0.000039	-0.000016	0.170381	0.000005	0.185621	0.000008	-0.000013	-20.000000	-20.000000	1.180000	22.314298
216.484024	-30.890541	-12.271228	236.731934	217.567413	6.237033	281.358978	0.163035	-0.000011	-0.000039	-0.000016	0.000006	0.000005	0.185621	0.000008	0.175661	-20.000000	-16.000000	1.180000	21.594175
215.885818	-31.849874	-11.729851	235.214737	215.958450	6.042128	280.558716	0.163035	-0.000011	-0.000039	-0.000016	0.170381	0.000005	0.185621	0.192572	0.175661	-20.000000	-16.000000	1.180000	21.570405
214.622253	-29.739340	-10.286176	235.214737	215.779678	5.847221	280.078583	0.325962	-0.000011	-0.000039	-0.000016	0.000006	-0.169452	0.000008	0.000008	0.175661	-20.000000	-16.000000	1.180000	21.559195
217.149338	-28.780006	-12.451687	233.812546	215.422150	6.042128	279.438416	0.163035	-0.000011	-0.000039	-0.000016	0.000006	0.000005	0.185621	0.000008	0.175661	-20.000000	-16.000000	1.180000	21.526346
190.484283	-24.750807	29.265064	232.760895	221.200317	5.652315	266.794861	0.163035	-0.000011	-0.000039	-0.000016	0.000006	0.000005	0.185621	0.000008	0.175661	-20.000000	-12.000000	1.180000	21.038405
190.795395	-25.518272	27.458582	232.235107	219.533936	5.652315	266.154694	0.325962	-0.000011	-0.000039	-0.000016	0.000006	0.000005	0.185621	0.000008	0.175661	-20.000000	-12.000000	1.180000	21.012602
189.220398	-25.525379	27.639231	230.598969	218.875656	5.652315	265.834595	0.163035	-0.000011	-0.000039	-0.000016	0.000006	0.000005	0.185621	0.000008	0.175661	-20.000000	-12.000000	1.180000	20.999689
189.400970	-27.053207	26.555336	231.709274	217.981552	5.652315	265.514526	0.163035	-0.000011	-0.000039	-0.000016	0.000006	0.000005	0.185621	0.000008	-0.000013	-20.000000	-12.000000	1.180000	20.986768
181.095490	-35.303474	62.323742	251.514999	240.450439	6.431940	280.558716	0.163035	-0.000011	-0.000039	-0.000016	0.000006	0.000005	0.185621	0.000008	0.175661	-20.000000	-8.000000	1.180000	21.555084
181.770065	-32.617344	62.865688	249.587006	240.986771	6.237033	281.198914	0.163035	-0.000011	-0.000039	-0.000016	0.000006	-0.169452	0.185621	0.192572	0.175661	-20.000000	-8.000000	1.180000	21.587892
185.067657	-31.466141	61.420498	250.813904	240.691696	6.237033	281.839081	0.163035	-0.000011	-0.000039	-0.000016	0.170381	0.000005	0.185621	0.000008	0.175661	-20.000000	-8.000000	1.180000	21.613008
184.526001	-33.384808	63.046337	254.254639	243.373993	6.431940	282.959412	0.163035	-0.000008	-0.000039	-0.000016	0.000006	0.000005	0.185621	0.000008	0.175661	-20.000000	-8.000000	1.180000	21.649264
168.773605	-43.361877	97.369553	271.846527	264.832397	6.431940	298.163666	0.163035	-0.000011	-0.000039	-0.000016	0.000006	0.000005	0.000008	0.000008	0.175661	-20.000000	-4.000000	1.180000	22.236469
168.276154	-43.553745	97.188904	272.021820	265.905304	6.626846	298.803833	0.163035	-0.000011	-0.000039	-0.000016	0.170381	0.000005	0.185621	0.000008	0.175661	-20.000000	-4.000000	1.180000	22.253432
167.690552	-44.704945	98.092140	272.547607	265.299957	6.821752	299.283997	0.325962	-0.000011	-0.000039	-0.000016	0.000006	0.000005	0.000008	0.000008	0.175661	-20.000000	-4.000000	1.180000	22.264293
169.720596	-45.856144	96.646957	274.826141	266.262939	6.626846	299.924164	0.163035	-0.000011	-0.000039	-0.000016	0.170381	0.000005	0.185621	0.000008	0.175661	-20.000000	-4.000000	1.180000	22.296055
148.595795	-50.269077	129.886276	287.796265	282.535583	6.821752	314.008118	0.163035	-0.000011	-0.000039	-0.000016	0.000006	-0.169452	0.185621	0.000008	0.175661	-20.000000	0.000000	1.180000	22.817863
148.234695	-51.995876	130.789520	288.146790	281.462646	7.016659	314.808350	0.163035	-0.000011	-0.000039	-0.000016	0.000006	0.000005	0.185621	0.000008	0.175661	-20.000000	0.000000	1.180000	22.840333
149.278885	-50.077209	130.970169	289.198425	284.249969	7.016659	315.448547	0.325962	-0.000011	-0.000039	-0.000016	0.000006	-0.169452	0.000008	0.000008	0.175661	-20.000000	0.000000	1.180000	22.864075
146.790268	-51.420277	131.692764	289.548981	285.217865	6.821752	315.768616	0.163035	-0.000011	-0.000039	-0.000016	0.170381	0.000005	0.000008	0.000008	0.175661	-20.000000	0.000000	1.180000	22.883155
127.109886	-58.519352	163.667542	301.642731	294.158875	7.211564	329.852570	0.163035	-0.000011	-0.000039	-0.000016	0.000006	0.000005	0.185621	0.192572	0.175661	-20.000000	4.000000	1.180000	23.384806
125.452026	-57.751884	163.667542	301.642731	296.049042	7.211564	330.332703	0.163035	0.159886	-0.000039	-0.000016	0.000006	-0.169452	0.000008	0.000008	0.175661	-20.000000	4.000000	1.180000	23.402199
126.715576	-57.560017	165.112732	303.746002	297.198822	7.211564	330.652771	0.163035	0.159886	-0.000039	-0.000016	0.000006	0.000005	0.185621	0.000008	0.175661	-20.000000	4.000000	1.180000	23.413787
122.957153	-60.438019	164.932083	303.220184	295.410614	7.016659	331.132904	0.163035	-0.000008	-0.000039	-0.000016	0.000006	-0.169410	0.185621	0.000008	-0.000013	-20.000000	4.000000	1.180000	23.438207
93.165771	-64.850945	198.171417	309.626434	298.987000	7.601377	339.775360	0.163035	-0.000011	-0.000039	-0.000016	0.000006	0.000005	0.185621	0.000008	0.175661	-20.000000	8.000000	1.180000	23.727763
92.238831	-64.850945	198.532715	307.777222	297.836761	7.406471	338.815094	0.163035	-0.000011	-0.000039	-0.000016	0.170333	0.000005	0.000008	0.000008	0.175661	-20.000000	8.000000	1.180000	23.700412
92.263000	-63.507877	196.184280	305.673981	297.198822	7.406471	337.534729	0.163035	-0.000011	-0.000039	-0.000016	0.000006	-0.169410	0.000008	0.000008	0.175661	-20.000000	8.000000	1.180000	23.654586
90.818573	-64.083481	195.822983	305.323425	295.768280	7.406471	336.254364	0.163035	-0.000011	-0.000039	-0.000016	0.000006	0.000005	0.185621	0.000008	0.175661	-20.000000	8.000000	1.180000	23.608670
52.527401	-59.670551	207.203827	278.857391	267.624023	6.237033	312.407654	0.163035	-0.000011	-0.000039	-0.000016	0.000006	0.000005	0.000008	0.000008	0.175661	-20.000000	12.000000	1.180000	22.780107
51.457840	-59.670551	207.023193	278.857391	265.547668	6.431940	311.447418	0.163035	-0.000011	-0.000039	-0.000016	0.000006	0.000005	0.185621	0.000008	0.175661	-20.000000	12.000000	1.180000	22.737093
54.166145	-60.821754	203.590866	277.279968	264.295929	6.821752	310.807220	0.163035	-0.000011	-0.000039	-0.000016	0.000006	0.000005	0.000008	0.000008	0.175661	-20.000000	12.000000	1.180000	22.698670
50.013412	-58.135620	206.300598	276.508484	266.084137	6.821752	309.846954	0.163035	-0.000011	-0.000039	-0.000016	0.170381	0.000005	0.185621	0.000008	0.175661	-20.000000	12.000000	1.180000	22.662790
11.736000	-53.338943	212.984589	251.865540	236.221207	6.626846	291.281738	0.163035	0.159886	-0.000039	-0.000016	0.000006	0.000005	0.185621	0.000008	0.175661	-20.000000	16.000000	1.180000	21.965107
11.374893	-50.844677	212.261978	249.411728	235.327087	6.431940	290.321472	0.163035	-0.000011	-0.000039	-0.000016	0.000006	0.000005	0.000008	0.000008	0.175661	-20.000000	16.000000	1.180000	21.935558
11.371917	-51.804012	212.081345	249.762283	234.908478	6.431940	289.681274	0.163035	0.159886	-0.000039	-0.000016	0.000006	0.000005	0.185621	0.000008	0.175661	-20.000000	16.000000	1.180000	21.910810
11.916553	-51.036545	210.997452	248.885925	235.505905	6.431940	288.881073	0.163035	-0.000011	-0.000039	-0.000016	0.000006	0.000005	0.185621	0.000008	0.175661	-20.000000	16.000000	1.180000	21.879839
-25.044477	-53.530811	217.139496	226.626404	210.649948	6.042128	274.637085	0.163035	-0.000011	-0.000039	-0.000016	0.000006	0.000005	0.185621	0.000008	-0.000013	-20.000000	20.000000	1.180000	21.336488
-27.206593	-54.298283	216.958862	225.925308	209.755844	6.237033	274.156952	0.163035	-0.000011	-0.000039	-0.000016	0.000006	0.000005	0.185621	0.000008	0.175661	-20.000000	20.000000	1.180000	21.309659
-26.666063	-52.955212	217.500809	226.451126	210.649948	6.042128	273.516754	0.163035	-0.000008	-0.000039	-0.000016	0.000006	0.000005	0.000008	0.192572	-0.000013	-20.000000	20.000000	1.180000	21.291943
-25.585005	-54.873882	214.249115	224.466019	208.146469	5.652315	273.036621	0.163035	-0.000011	-0.000039	-0.000016	0.000006	0.000005	0.185621	0.000008	0.175661	-20.000000	20.000000	1.180000	21.288348
-68.827271	-65.234680	223.462189	207.644196	187.939804	6.237033	268.235291	0.163035	-0.000011	-0.000039	-0.000016	0.000006	0.000005	0.185621	0.000008	0.175661	-20.000000	24.000000	1.180000	21.072846
-67.566032	-66.002144	222.197662	208.169876	187.045715	6.042128	269.035492	0.163035	-0.000011	-0.000039	-0.000016	0.000006	0.000005	0.185621	0.000008	0.175661	-20.000000	24.000000	1.180000	21.112828
-69.187614	-68.688278	223.462189	208.923950	185.972794	6.042128	269.995789	0.163035	-0.000011	-0.000039	-0.000016	0.000006	0.000005	0.185621	0.000008	0.175661	-20.000000	24.000000	1.180000	21.151338
-70.287056	-68.880150	225.629974	211.202499	189.142426	5.652315	270.795990	0.163035	0.159855	-0.000039	-0.000016	0.000006	0.000005	0.185621	0.000008	0.175661	-20.000000	24.000000	1.180000	21.198964
-119.096390	-94.590286	248.752991	207.293747	175.243591	6.042128	287.600708	0.163035	-0.000011	-0.000039	-0.000016	0.170381	0.000005	0.185621	0.000008	0.175661	-20.000000	28.000000	1.180000	21.845319
-118.586876	-95.741486	248.752991	208.398148	175.422409	6.237033	288.400940	0.163035	-0.000011	0.167517	-0.000016	0.000006	0.000005	0.000008	0.000008	0.175661	-20.000000	28.000000	1.180000	21.868789
-119.997284	-95.741486	250.378815	208.748672	175.422409	6.237033	288.881073	0.163035	-0.000011	-0.000039	-0.000016	0.000006	0.000005	0.185621	0.000008	0.175661	-20.000000	28.000000	1.180000	21.887387
-120.208885	-94.974022	251.462723	208.398148	176.449509	6.431940	289.681274	0.163035	0.159855	-0.000039	-0.000016	0.170381	0.000005	0.185621	0.000008	0.175661	-20.000000	28.000000	1.180000	21.910810
-170.851624	-135.074158	269.527557	198.181931	149.991013	6.626846	304.565460	0.163035	-0.000011	-0.000039	-0.000016	0.000006	0.000005	0.185621	0.000008	0.175661	-20.000000	32.000000	1.180000	22.471775
-172.473618	-139.103363	269.166290	198.933456	148.739594	6.431940	305.365692	0.163035	-0.000011	-0.000039	-0.000016	0.000006	0.000005	0.000008	0.000008	0.175661	-20.000000	32.000000	1.180000	22.509273
-168.284470	-136.609100	268.082367	199.934204	151.996994	6.821752	306.165924	0.163035	-0.000011	-0.000039	-0.000016	0.000006	0.000005	0.185621	0.000008	0.175661	-20.000000	32.000000	1.180000	22.524720
-170.130722	-135.457886	271.514709	200.160370	152.315079	6.821752	306.646057	0.163035	0.159855	-0.000039	-0.000016	0.000006	0.000005	0.185621	0.000008	0.175661	-20.000000	32.000000	1.180000	22.542777
-228.463287	-182.081497	286.147247	184.689438	115.517715	7.016659	321.050110	0.163035	-0.000011	-0.000039	-0.000016	0.170381	0.000005	0.185621	0.000008	0.175661	-20.000000	36.000000	1.180000	23.070762
-229.544342	-185.918839	285.243988	185.262268	114.265984	6.821752	321.370178	0.163035	-0.000011	-0.000039	-0.000016	0.170381	0.000005	0.000008	0.000008	0.175661	-20.000000	36.000000	1.180000	23.089672
-230.445221	-182.465240	288.856964	185.916031	116.233002	6.821752	322.010345	0.163035	-0.000011	-0.000039	-0.000016	0.000006	0.000005	0.185621	0.000008	0.175661	-20.000000	36.000000	1.180000	23.113156
-229.964813	-185.343231	287.411774	185.437546	113.878761	7.211564	322.810608	0.163035	0.159886	-0.000039	-0.000016	0.170333	0.000005	0.185621	0.000008	0.175661	-20.000000	36.000000	1.180000	23.128199
-287.741211	-242.327652	297.528076	165.281281	66.503754	6.821752	334.013733	0.163035	-0.000011	-0.000039	-0.000016	0.000006	0.000005	0.000008	0.000008	0.175661	-20.000000	40.000000	1.180000	23.549155
-285.759277	-240.217117	300.057159	165.940125	67.755173	7.406471	334.813965	0.163035	-0.000011	-0.000039	-0.000016	0.000006	0.000005	0.185621	0.000008	0.175661	-20.000000	40.000000	1.180000	23.556909
-290.519836	-246.932465	298.431335	166.332916	65.073563	7.211564	335.134033	0.163035	-0.000011	-0.000039	-0.000016	0.000006	0.000005	0.000008	0.000008	0.175661	-20.000000	40.000000	1.180000	23.575427
-288.897827	-242.903259	298.792633	165.456558	64.537239	7.406471	335.454132	0.163035	0.159855	-0.000039	-0.000016	0.170381	0.000005	0.185621	0.000008	0.175661	-20.000000	40.000000	1.180000	23.579928
-327.920502	-280.125397	288.495667	129.876373	8.583380	7.016659	326.491608	0.163035	-0.000011	-0.000039	-0.000016	0.000006	0.000005	0.000008	0.000008	0.175661	-20.000000	44.000000	1.180000	23.269786
-329.902435	-284.538330	287.953705	129.701111	5.364620	7.016659	325.531342	0.163035	-0.000011	-0.000039	-0.000016	0.000006	0.000005	0.000008	0.000008	-0.000013	-20.000000	44.000000	1.180000	23.234788
-332.064545	-285.305786	287.231110	129.175293	5.006980	6.821752	324.250977	0.163035	-0.000011	-0.000039	-0.000016	0.000006	0.000005	0.185621	0.000008	0.175661	-20.000000	44.000000	1.180000	23.195164
-328.546906	-283.387115	286.147247	130.402206	5.720736	7.016659	323.290710	0.163035	-0.000011	-0.000039	-0.000016	0.170333	0.000005	0.185621	0.000008	0.175661	-20.000000	44.000000	1.180000	23.152920
270.289062	-246.932465	-304.073822	62.731304	-37.999893	6.237033	294.802734	0.163035	-0.000011	-0.000039	-0.000016	0.000006	0.000005	0.185621	0.000008	0.175661	-16.000000	-44.000000	1.180000	22.115479
272.384338	-250.961670	-307.682983	60.994576	-42.281574	6.237033	294.162537	0.163035	0.159855	-0.000039	-0.000016	0.000006	0.000005	0.185621	0.000008	0.175661	-16.000000	-44.000000	1.180000	22.090933
272.925873	-249.810455	-308.404846	61.695660	-41.567963	6.237033	293.362335	0.163035	0.159855	-0.000039	-0.000016	0.340666	0.000005	0.185621	0.000008	0.175661	-16.000000	-44.000000	1.180000	22.060214
269.857269	-247.891800	-304.254272	64.675278	-38.356701	6.237033	292.722168	0.163035	-0.000011	-0.000039	-0.000016	0.170333	0.000005	0.185621	0.000008	0.175661	-16.000000	-44.000000	1.180000	22.035608
259.455841	-190.715515	-254.447525	94.272202	19.133757	6.042128	278.478149	0.163035	-0.000011	-0.000039	-0.000016	0.000006	0.000005	0.185621	0.000008	0.175661	-16.000000	-40.000000	1.180000	21.488508
257.763306	-188.988708	-253.364777	93.419846	19.128754	6.237033	277.998016	0.163035	-0.000011	-0.000039	-0.000016	0.170381	0.000005	0.185621	0.000008	0.175661	-16.000000	-40.000000	1.180000	21.461869
257.582794	-187.837509	-252.462463	92.718765	18.592434	6.237033	277.357849	0.163035	-0.000011	-0.000039	-0.000016	0.000006	0.000005	0.185621	0.000008	0.175661	-16.000000	-40.000000	1.180000	21.436576
259.816956	-190.331772	-255.530273	93.770393	18.056112	6.237033	276.717651	0.163035	-0.000011	-0.000039	-0.000016	0.000006	0.000005	0.185621	0.000008	0.175661	-16.000000	-40.000000	1.180000	21.411252
248.442062	-139.103363	-206.806274	117.607361	66.342224	5.457409	264.554230	0.163035	-0.000011	-0.000039	-0.000016	0.000006	0.000005	0.000008	0.000008	0.175661	-16.000000	-36.000000	1.180000	20.955839
248.376953	-139.295227	-208.069489	117.432083	65.090492	5.457409	264.074097	0.163035	-0.000011	-0.000039	-0.000016	0.000006	0.000005	0.000008	0.000008	0.175661	-16.000000	-36.000000	1.180000	20.936413
248.918503	-141.405762	-208.971786	116.380447	62.928284	5.847221	264.074097	0.163035	0.159855	-0.000039	-0.000016	0.340666	0.000005	0.185621	0.000008	0.175661	-16.000000	-36.000000	1.180000	20.920628
247.113403	-138.335892	-205.903976	117.957893	65.788658	5.652315	264.234161	0.163035	-0.000011	-0.000039	-0.000016	0.000006	0.000005	0.185621	0.000008	0.175661	-16.000000	-36.000000	1.180000	20.935002
261.553955	-107.637215	-179.196014	149.682098	113.908348	6.237033	280.078583	0.163035	-0.000011	-0.000039	-0.000016	0.000006	0.000005	0.185621	0.000008	0.175661	-16.000000	-32.000000	1.180000	21.543867
262.886353	-111.090820	-182.263809	150.207901	112.120148	5.847221	281.038879	0.163035	-0.000011	-0.000039	-0.000016	0.000006	0.000005	0.185621	0.000008	0.175661	-16.000000	-32.000000	1.180000	21.596910
263.789124	-110.515221	-181.902908	149.682098	113.014244	6.042128	281.519012	0.163035	-0.000011	-0.000039	-0.000016	0.000006	0.000005	0.185621	0.000008	0.175661	-16.000000	-32.000000	1.180000	21.608100
264.691895	-110.515221	-181.722443	149.118317	112.835419	5.847221	282.319214	0.163035	-0.000011	-0.000039	-0.000016	0.000006	0.000005	0.185621	0.000008	0.175661	-16.000000	-32.000000	1.180000	21.647092
275.272461	-66.194016	-146.532898	183.158997	163.041489	6.431940	298.803833	0.163035	0.159886	-0.000039	-0.000016	0.000006	0.000005	0.185621	0.000008	0.175661	-16.000000	-28.000000	1.180000	22.260853
276.608459	-68.304550	-147.976562	183.813293	163.083832	6.431940	299.444031	0.163035	-0.000011	-0.000039	-0.000016	0.000006	0.000005	0.185621	0.000008	0.175661	-16.000000	-28.000000	1.180000	22.285212
277.691772	-67.555893	-147.796112	185.437546	163.441483	6.431940	300.084229	0.163035	-0.000011	0.167543	-0.000016	0.000006	0.000005	0.185621	0.000008	0.175661	-16.000000	-28.000000	1.180000	22.309544
277.438507	-68.112679	-148.698395	184.911713	164.335571	6.237033	300.564331	0.163035	-0.000011	-0.000039	-0.000016	0.170381	0.000005	0.000008	0.000008	0.175661	-16.000000	-28.000000	1.180000	22.335170
285.816711	-24.558939	-110.441040	213.426697	208.146469	6.626846	315.768616	0.163035	-0.000011	-0.000039	-0.000016	0.000006	0.000005	0.185621	0.000008	0.175661	-16.000000	-24.000000	1.180000	22.890372
286.177795	-24.367073	-110.080132	215.934830	209.398209	6.626846	316.248749	0.163035	-0.000011	0.167543	-0.179798	0.000006	-0.169410	0.185621	0.000008	0.175661	-16.000000	-24.000000	1.180000	22.908140
285.380798	-23.215872	-108.816917	215.759552	210.416489	7.016659	317.209015	0.163035	0.159855	-0.000039	-0.000016	0.170333	-0.169452	0.185621	0.000008	0.175661	-16.000000	-24.000000	1.180000	22.929234
286.824860	-24.175205	-109.719208	216.230347	210.292313	6.821752	317.689178	0.163035	-0.000011	-0.000039	-0.000016	0.000006	0.000005	0.185621	0.000008	0.175661	-16.000000	-24.000000	1.180000	22.954171
287.261108	1.924048	-60.092930	243.803024	249.990341	7.406471	329.372437	0.163035	-0.000011	-0.000039	-0.000016	0.000006	0.000005	0.185621	0.000008	0.175661	-16.000000	-20.000000	1.180000	23.360330
288.524994	0.000023	-63.521648	242.689636	249.275055	7.211564	329.852570	0.163035	-0.000011	-0.000039	-0.000016	0.000006	0.000005	0.000008	0.000008	0.175661	-16.000000	-20.000000	1.180000	23.384806
287.185852	1.924048	-60.634304	243.101959	251.063278	7.211564	330.332703	0.163035	-0.000011	-0.000039	-0.000016	0.170381	0.000005	0.185621	0.000008	0.175661	-16.000000	-20.000000	1.180000	23.402199
288.990936	1.154438	-62.258438	243.978302	250.526794	7.211564	330.492737	0.163035	0.159886	-0.000039	-0.000016	0.000006	0.000005	0.000008	0.000008	0.175661	-16.000000	-20.000000	1.180000	23.407994
277.330658	16.157278	-11.549391	262.732391	278.422699	7.406471	336.734497	0.163035	-0.000011	0.167543	-0.000016	0.000006	0.000005	0.000008	0.000008	0.175661	-16.000000	-16.000000	1.180000	23.625899
274.550415	17.123844	-7.759747	260.804413	278.422699	7.406471	335.614166	0.163035	-0.000011	-0.000039	-0.000016	0.000006	0.000005	0.185621	0.192572	0.175661	-16.000000	-16.000000	1.180000	23.585679
273.900146	16.931444	-8.481584	259.686676	276.276886	7.406471	334.173798	0.163035	-0.000011	-0.000039	-0.000016	0.000006	0.000005	0.185621	0.000008	0.175661	-16.000000	-16.000000	1.180000	23.533868
274.911407	16.931444	-11.368932	259.577515	276.276886	7.601377	333.053467	0.163035	-0.000011	-0.000039	-0.000016	0.340666	0.000005	0.185621	0.192572	0.175661	-16.000000	-16.000000	1.180000	23.486458
237.969940	17.888418	40.103973	253.092438	273.236938	7.016659	310.006989	0.163035	-0.000011	-0.000039	-0.000016	0.170381	0.000005	0.000008	0.000008	0.175661	-16.000000	-12.000000	1.180000	22.661486
239.351639	19.817480	38.839436	250.989166	272.164032	6.821752	309.206787	0.163035	0.319715	-0.000039	-0.000016	0.000006	0.000005	0.185621	0.000008	0.175661	-16.000000	-12.000000	1.180000	22.638839
235.261642	16.739040	39.200733	250.813904	270.733459	6.626846	308.086456	0.163035	-0.000011	-0.000039	-0.000016	0.000006	0.000005	0.185621	0.000008	0.175661	-16.000000	-12.000000	1.180000	22.604169
236.644058	17.311373	36.852303	248.885925	268.408813	6.626846	306.966156	0.163035	-0.000011	0.167543	-0.000016	0.000006	0.000005	0.185621	0.000008	0.175661	-16.000000	-12.000000	1.180000	22.562129
200.956406	11.156210	75.330429	243.452499	265.726501	6.042128	288.881073	0.163035	-0.000011	-0.000039	-0.000016	0.000006	0.000005	0.185621	0.000008	0.175661	-16.000000	-8.000000	1.180000	21.894932
201.136963	10.197355	74.427193	241.988739	263.223022	5.847221	288.400940	0.163035	-0.000011	-0.000039	-0.000016	0.000006	0.000005	0.185621	0.192572	0.175661	-16.000000	-8.000000	1.180000	21.883889
199.459702	9.620148	75.330429	242.576126	263.223022	5.847221	287.760773	0.163035	-0.000011	-0.000039	-0.000016	0.000006	0.000005	0.185621	0.000008	0.175661	-16.000000	-8.000000	1.180000	21.859084
198.737671	8.080928	75.149780	242.576126	261.903290	6.237033	287.120575	0.163035	0.159886	-0.000039	-0.000016	0.000006	0.000005	0.185621	0.192572	0.175661	-16.000000	-8.000000	1.180000	21.819116
168.095612	1.346841	100.079277	234.338364	256.070221	6.042128	274.156952	0.163035	-0.000011	-0.000039	-0.000016	0.000006	0.000005	0.185621	0.000008	0.175661	-16.000000	-4.000000	1.180000	21.317409
166.968536	2.501256	100.982513	234.163101	256.718842	6.042128	273.516754	0.163035	0.319715	-0.000039	-0.000016	0.000006	0.000005	0.185621	0.000008	0.175661	-16.000000	-4.000000	1.180000	21.291943
164.665085	0.192425	101.163162	234.688919	256.606689	6.042128	273.036621	0.163035	-0.000011	-0.000039	-0.000016	0.000006	0.000005	0.185621	0.000008	0.175661	-16.000000	-4.000000	1.180000	21.272825
165.163467	0.192425	100.440575	234.163101	255.533768	6.042128	272.556488	0.163035	-0.000011	0.167517	-0.000016	0.000006	0.000005	0.185621	0.000008	0.175661	-16.000000	-4.000000	1.180000	21.253689
137.220917	-5.372268	122.660339	230.949417	254.997314	6.237033	266.794861	0.163035	-0.000011	-0.000039	-0.000016	0.000006	0.000005	0.185621	0.000008	0.175661	-16.000000	0.000000	1.180000	21.014839
137.726486	-4.796668	122.479683	229.781281	253.143372	5.652315	267.435059	0.163035	-0.000011	-0.000039	-0.000016	0.000006	0.000005	0.185621	0.000008	0.175661	-16.000000	0.000000	1.180000	21.064177
136.823944	-4.988534	124.466827	232.235107	256.540070	5.652315	268.235291	0.163035	0.159855	-0.000039	-0.000016	0.000006	0.000005	0.000008	0.000008	0.175661	-16.000000	0.000000	1.180000	21.096348
137.401459	-4.988534	123.382935	231.884552	255.891403	6.042128	268.875458	0.163035	-0.000011	-0.000039	-0.000016	0.000006	0.000005	0.185621	0.000008	0.175661	-16.000000	0.000000	1.180000	21.106403
119.856323	-9.209602	156.622253	248.360107	273.166016	6.237033	286.640442	0.163035	-0.000011	-0.000039	-0.000016	0.340666	0.000005	0.185621	0.000008	0.175661	-16.000000	4.000000	1.180000	21.800459
120.068298	-11.128269	156.622253	249.061172	272.521667	6.237033	287.440643	0.163035	-0.000011	-0.000039	-0.000016	0.000006	0.000005	0.185621	0.000008	0.175661	-16.000000	4.000000	1.180000	21.831544
120.068298	-9.401469	157.706146	249.061172	274.309845	6.237033	288.400940	0.163035	-0.000011	-0.000039	-0.000016	0.170333	0.000005	0.185621	0.000008	0.175661	-16.000000	4.000000	1.180000	21.868789
121.119865	-9.977070	157.344849	249.937546	274.846313	6.237033	289.041107	0.163035	-0.000011	-0.000039	-0.000016	0.170333	0.000005	0.185621	0.000008	0.175661	-16.000000	4.000000	1.180000	21.893582
95.151863	-13.046937	192.029358	262.732391	287.006073	6.626846	305.365692	0.163035	-0.000011	-0.000039	-0.000016	0.000006	0.000005	0.185621	0.000008	0.175661	-16.000000	8.000000	1.180000	22.501933
96.415749	-11.515210	192.390656	262.907684	286.648437	6.626846	306.165924	0.163035	0.159886	0.167543	-0.000016	0.000006	0.000005	0.185621	0.000008	0.175661	-16.000000	8.000000	1.180000	22.532051
92.985222	-10.552669	194.739090	262.381836	287.542542	6.626846	306.646057	0.163035	-0.000011	-0.000039	-0.000016	0.000006	0.000005	0.185621	0.000008	0.175661	-16.000000	8.000000	1.180000	22.550103
93.887993	-11.128269	196.003616	263.784027	287.721375	6.821752	307.446289	0.163035	-0.000011	-0.000039	-0.000016	0.000006	0.000005	0.185621	0.000008	0.175661	-16.000000	8.000000	1.180000	22.572840
61.568851	-10.744535	226.713852	269.042175	290.046021	6.821752	320.089844	0.163035	0.159886	-0.000039	-0.000016	0.170381	0.000005	0.185621	0.000008	0.175661	-16.000000	12.000000	1.180000	23.042632
59.928165	-8.250268	228.159058	268.341095	292.013031	7.016659	320.730011	0.163035	-0.000011	-0.000039	-0.000016	0.000006	0.000005	0.185621	0.192572	0.175661	-16.000000	12.000000	1.180000	23.059001
61.011208	-10.744535	227.255814	268.866882	290.403656	6.821752	321.370178	0.163035	0.159886	-0.000039	-0.000016	0.000006	-0.169410	0.185621	0.000008	0.175661	-16.000000	12.000000	1.180000	23.089672
61.372223	-10.552669	228.339722	269.743256	291.655396	6.821752	321.850311	0.163035	-0.000011	-0.000039	-0.000016	0.170333	0.000005	0.185621	0.000008	0.175661	-16.000000	12.000000	1.180000	23.107287
17.333168	-6.907201	260.675812	269.918549	290.403656	7.211564	334.173798	0.163035	-0.000011	-0.000039	-0.000016	0.000006	0.000005	0.185621	0.000008	0.175661	-16.000000	16.000000	1.180000	23.540885
16.787111	-4.604801	262.301636	269.042175	292.907135	7.406471	334.653931	0.163035	-0.000011	-0.000039	-0.000016	0.000006	0.000005	0.185621	0.000008	0.175661	-16.000000	16.000000	1.180000	23.551151
16.426098	-5.564135	261.579041	268.866882	292.907135	7.211564	334.813965	0.163035	0.159855	-0.000039	-0.000016	0.000006	0.000005	0.185621	0.000008	0.175661	-16.000000	16.000000	1.180000	23.563919
16.426098	-10.360802	261.940338	271.320709	290.761292	7.211564	335.774231	0.163035	-0.000011	0.167517	-0.000016	0.170333	0.000005	0.185621	0.000008	0.175661	-16.000000	16.000000	1.180000	23.598429
-31.710993	-14.773737	274.043793	249.762283	267.514709	7.211564	326.491608	0.163035	-0.000011	-0.000039	-0.000016	0.170381	0.000005	0.185621	0.192572	0.175661	-16.000000	20.000000	1.180000	23.262687
-34.413631	-10.168937	274.766388	247.308456	267.514709	7.211564	325.691406	0.163035	-0.000011	-0.000039	-0.000016	0.000006	0.000005	0.000008	0.000008	0.175661	-16.000000	20.000000	1.180000	23.233517
-28.648001	-14.006269	270.250153	247.659012	265.011230	7.016659	324.891174	0.163035	-0.000011	-0.000039	-0.000016	0.170333	0.000005	0.185621	0.192572	-0.000013	-16.000000	20.000000	1.180000	23.211427
-29.196163	-12.663203	270.069519	246.782669	266.015076	7.016659	323.610809	0.163035	0.159855	-0.000039	-0.000016	0.000006	0.000005	0.185621	0.000008	0.175661	-16.000000	20.000000	1.180000	23.164634
-74.953255	-23.222340	265.914581	214.883194	226.922546	6.431940	300.724396	0.163035	-0.000011	-0.000039	-0.000016	0.000006	0.000005	0.185621	0.000008	0.175661	-16.000000	24.000000	1.180000	22.333848
-74.071739	-26.669474	264.830719	216.460648	227.042419	6.626846	300.244263	0.163035	-0.000011	-0.000039	-0.000016	0.340666	0.000005	0.185621	0.000008	0.175661	-16.000000	24.000000	1.180000	22.308220
-74.592896	-25.141541	264.469391	214.532654	226.028458	6.431940	299.283997	0.163035	-0.000011	-0.000039	-0.000016	0.000006	0.000005	0.185621	0.000008	0.175661	-16.000000	24.000000	1.180000	22.279125
-72.971313	-22.064671	263.927460	213.656296	227.816666	6.431940	298.643799	0.163035	-0.000011	-0.000039	-0.000016	0.000006	0.000005	0.185621	0.000008	0.175661	-16.000000	24.000000	1.180000	22.254760
-113.180176	-47.199211	260.133850	187.716064	186.151611	6.431940	284.719910	0.163035	0.159855	-0.000039	-0.000016	0.000006	0.000005	0.185621	0.000008	0.175661	-16.000000	28.000000	1.180000	21.718069
-111.529007	-44.704945	257.966064	186.313904	185.436340	6.431940	284.079712	0.163035	-0.000011	-0.000039	-0.000016	0.000006	0.000005	0.185621	0.000008	0.175661	-16.000000	28.000000	1.180000	21.693073
-111.889351	-45.088680	258.146698	186.138626	186.509247	6.237033	283.439545	0.163035	-0.000011	-0.000039	-0.000016	0.170381	-0.169452	0.185621	0.000008	0.175661	-16.000000	28.000000	1.180000	21.675672
-110.296616	-42.786278	257.785431	186.313904	186.688065	6.042128	283.119476	0.163035	-0.000011	-0.000039	-0.000016	0.000006	0.000005	0.000008	0.000008	0.175661	-16.000000	28.000000	1.180000	21.670779
-141.475235	-75.787354	249.656219	160.548950	145.738297	6.042128	269.035492	0.163035	-0.000011	-0.000039	-0.000016	0.170381	0.000005	0.185621	0.000008	0.175661	-16.000000	32.000000	1.180000	21.112828
-144.501221	-77.514153	250.017532	160.198395	145.201843	5.847221	268.075226	0.163035	-0.000011	-0.000039	-0.000016	0.000006	-0.169410	0.185621	0.000008	0.175661	-16.000000	32.000000	1.180000	21.082083
-140.537354	-74.060555	248.391708	158.620956	145.917114	5.652315	267.275024	0.163035	-0.000011	-0.000039	-0.000016	0.170333	0.000005	0.000008	0.000008	0.175661	-16.000000	32.000000	1.180000	21.057738
-140.717529	-76.362953	247.488434	159.322037	144.665375	5.652315	266.794861	0.163035	-0.000011	-0.000039	-0.000016	0.170333	-0.169452	0.185621	0.000008	0.175661	-16.000000	32.000000	1.180000	21.038405
-176.572571	-108.404686	247.669098	135.801041	106.934364	5.652315	264.394196	0.163035	-0.000011	-0.000039	-0.000016	0.170381	0.000005	0.185621	0.000008	0.175661	-16.000000	36.000000	1.180000	20.941479
-176.438538	-108.020950	249.114304	136.536713	106.906586	5.847221	265.194427	0.163035	0.159855	-0.000039	-0.000016	0.170333	0.000005	0.185621	0.000008	0.175661	-16.000000	36.000000	1.180000	20.965961
-176.932922	-110.131485	248.933624	137.413071	106.727806	5.847221	266.154694	0.163035	-0.000011	-0.000039	-0.000016	0.170381	0.000005	0.185621	0.000008	0.175661	-16.000000	36.000000	1.180000	21.004740
-177.880310	-109.172150	250.740128	137.763611	108.515541	5.847221	266.634827	0.163035	0.159855	-0.000039	-0.000016	0.000006	0.000005	0.185621	0.000008	0.175661	-16.000000	36.000000	1.180000	21.024102
-230.985764	-156.946960	267.721100	121.257179	67.772789	6.042128	284.399811	0.163035	-0.000011	-0.000039	-0.000016	0.170381	0.000005	0.185621	0.000008	0.175661	-16.000000	40.000000	1.180000	21.720790
-229.544342	-156.755096	269.346924	123.040787	69.024529	6.237033	285.039978	0.163035	-0.000011	0.167543	-0.000016	0.000006	0.000005	0.185621	0.000008	0.175661	-16.000000	40.000000	1.180000	21.738155
-230.805573	-156.946960	268.443695	121.081955	67.236336	6.042128	285.680176	0.163035	0.159886	-0.000039	-0.000016	0.000006	0.000005	0.185621	0.192572	0.175661	-16.000000	40.000000	1.180000	21.770687
-234.228928	-159.633102	269.166290	121.958099	66.682526	6.431940	286.480408	0.163035	-0.000011	-0.000039	-0.000016	0.170381	0.000005	0.185621	0.000008	0.175661	-16.000000	40.000000	1.180000	21.786657
-286.299805	-214.123260	282.714905	96.925285	13.944321	6.626846	301.364563	0.163035	-0.000011	-0.000039	-0.000016	0.340666	0.000005	0.185621	0.000008	0.175661	-16.000000	44.000000	1.180000	22.350738
-285.218750	-214.890701	281.811676	97.426285	14.126800	6.626846	301.844727	0.163035	-0.000011	-0.000039	-0.000016	0.000006	0.000005	0.185621	0.000008	0.175661	-16.000000	44.000000	1.180000	22.368936
-288.101593	-218.919907	283.979462	97.976913	12.875059	6.626846	302.164795	0.163035	-0.000011	-0.000039	-0.000016	0.170381	0.000005	0.185621	0.000008	0.175661	-16.000000	44.000000	1.180000	22.381059
-287.020538	-215.274429	283.437500	98.502731	14.484439	6.431940	303.125061	0.163035	0.159886	0.167543	-0.000016	0.000006	0.000005	0.185621	0.000008	0.175661	-16.000000	44.000000	1.180000	22.424756
308.846649	-223.908447	-332.044983	32.951088	-40.497540	7.016659	321.210144	0.163035	0.159855	-0.000039	-0.000016	0.000006	0.000005	0.000008	0.000008	0.175661	-12.000000	-44.000000	1.180000	23.076640
308.846649	-225.827118	-333.488678	31.373640	-41.924763	7.211564	321.530212	0.163035	0.159855	-0.000039	-0.000016	0.170333	0.000005	0.185621	0.000008	0.175661	-12.000000	-44.000000	1.180000	23.081236
309.749207	-225.827118	-335.293274	29.095106	-42.995186	6.821752	322.170410	0.163035	0.159855	-0.000039	-0.000016	0.000006	0.000005	0.185621	0.000008	0.175661	-12.000000	-44.000000	1.180000	23.119024
308.846649	-226.402710	-334.210510	29.445648	-44.422409	7.016659	322.650543	0.163035	0.159855	-0.000039	-0.000016	0.170381	0.000005	0.185621	0.000008	0.175661	-12.000000	-44.000000	1.180000	23.129476
324.370209	-182.465240	-306.780701	72.737778	23.955641	7.601377	335.614166	0.163035	-0.000011	-0.000039	-0.000016	0.170381	0.000005	0.185621	0.000008	0.175661	-12.000000	-40.000000	1.180000	23.578674
327.258301	-182.465240	-309.487579	73.263596	24.670734	7.406471	336.094330	0.163035	0.159855	-0.000039	-0.000016	0.170333	0.000005	0.185621	0.000008	0.175661	-12.000000	-40.000000	1.180000	23.602925
326.802429	-182.848969	-309.307129	72.913048	24.677177	7.406471	336.574463	0.163035	-0.000011	-0.000039	-0.000016	0.000006	-0.169410	0.185621	0.000008	-0.000013	-12.000000	-40.000000	1.180000	23.620158
326.982971	-184.192032	-309.126678	73.789406	24.855997	7.211564	336.734497	0.163035	-0.000011	0.167543	-0.000016	0.000006	0.000005	0.185621	0.000008	0.175661	-12.000000	-40.000000	1.180000	23.632889
314.622864	-124.329628	-248.853287	106.362877	84.381111	7.016659	322.490509	0.163035	-0.000011	-0.000039	-0.000016	0.000006	0.000005	0.000008	0.000008	0.175661	-12.000000	-36.000000	1.180000	23.123612
312.998291	-122.794693	-244.702728	109.692184	89.052368	7.016659	321.370178	0.163035	-0.000011	-0.000039	-0.000016	0.000006	0.000005	0.000008	0.000008	0.175661	-12.000000	-36.000000	1.180000	23.082517
310.372040	-124.905228	-245.605042	110.393105	87.979446	7.016659	320.569977	0.163035	-0.000011	-0.000039	-0.000016	0.000006	0.000005	0.000008	0.000008	0.175661	-12.000000	-36.000000	1.180000	23.053119
310.913666	-125.480835	-245.424576	109.867416	86.548882	7.016659	319.609680	0.163035	-0.000011	-0.000039	-0.000016	0.000006	0.000005	0.185621	0.000008	0.175661	-12.000000	-36.000000	1.180000	23.017790
292.601074	-73.676819	-187.677597	134.258179	129.968369	6.626846	300.244263	0.163035	-0.000011	-0.000039	-0.000016	0.170333	0.000005	0.185621	0.000008	0.175661	-12.000000	-32.000000	1.180000	22.308220
290.795990	-71.950020	-187.316681	132.505463	129.968369	6.431940	299.604095	0.163035	-0.000011	-0.000039	-0.000016	0.000006	0.000005	0.185621	0.000008	0.175661	-12.000000	-32.000000	1.180000	22.291298
289.532471	-70.990685	-186.233932	133.907639	130.717422	6.626846	298.963898	0.163035	-0.000011	-0.000039	-0.179798	0.170333	0.000005	0.185621	0.000008	0.175661	-12.000000	-32.000000	1.180000	22.259526
290.330536	-72.353897	-186.955750	132.856003	128.750397	6.626846	298.163666	0.163035	-0.000011	-0.000039	-0.000016	0.000006	-0.169410	0.185621	0.192572	0.175661	-12.000000	-32.000000	1.180000	22.229039
268.483521	-21.872805	-132.457077	149.331543	163.799118	6.042128	280.558716	0.163035	0.159886	0.335061	-0.000016	0.000006	0.000005	0.185621	0.000008	0.175661	-12.000000	-28.000000	1.180000	21.570405
268.664093	-20.913473	-133.720291	147.053024	162.189728	6.237033	279.598480	0.163035	-0.000011	-0.000039	-0.000016	0.000006	0.000005	0.185621	0.192572	0.175661	-12.000000	-28.000000	1.180000	21.524974
266.247101	-22.832138	-130.652481	149.682098	163.262650	6.237033	279.118347	0.163035	0.159855	-0.000039	-0.000016	0.170381	0.000005	0.185621	0.000008	0.175661	-12.000000	-28.000000	1.180000	21.506062
268.052155	-22.448404	-132.096146	148.630463	161.474457	6.042128	278.318085	0.163035	-0.000011	-0.000039	-0.000016	0.000006	0.000005	0.185621	0.000008	0.175661	-12.000000	-28.000000	1.180000	21.482195
247.900406	16.541975	-84.635376	161.951111	187.939804	6.042128	265.354462	0.163035	0.159886	-0.000039	-0.000016	0.340666	-0.169452	0.185621	0.000008	0.175661	-12.000000	-24.000000	1.180000	20.964552
249.460022	14.430211	-88.064110	159.672592	184.494308	6.042128	264.874359	0.163035	0.159855	-0.000039	-0.000016	0.170333	0.000005	0.185621	0.000008	0.175661	-12.000000	-24.000000	1.180000	20.945136
247.654953	16.354235	-84.996300	160.373672	186.282043	5.847221	264.234161	0.163035	0.159855	0.167517	-0.000016	0.000006	0.000005	0.185621	0.000008	0.175661	-12.000000	-24.000000	1.180000	20.927110
248.196472	16.546638	-85.898598	160.548950	186.330429	5.652315	264.234161	0.163035	0.159855	-0.000039	-0.000016	0.170333	0.000005	0.185621	0.000008	0.175661	-12.000000	-24.000000	1.180000	20.935002
257.221802	43.675392	-54.137772	184.689438	225.134354	6.042128	281.999146	0.163035	0.159886	-0.000039	-0.000016	0.170381	0.000005	0.185621	0.000008	0.175661	-12.000000	-20.000000	1.180000	21.626923
257.582794	43.098183	-53.596394	187.190262	226.684891	5.847221	282.799347	0.163035	0.159855	-0.000039	-0.000016	0.170333	0.000005	0.185621	0.000008	0.175661	-12.000000	-20.000000	1.180000	21.665880
258.553070	43.086109	-53.235474	184.911713	224.597900	6.042128	283.919678	0.163035	-0.000011	0.167543	-0.000016	0.000006	0.000005	0.185621	0.000008	0.175661	-12.000000	-20.000000	1.180000	21.702049
258.733643	43.290585	-52.694096	188.417160	228.174301	6.042128	284.559845	0.163035	-0.000011	-0.000039	-0.000016	0.000006	0.000005	0.185621	0.000008	0.175661	-12.000000	-20.000000	1.180000	21.727033
259.387878	64.262459	-14.075819	210.150864	260.183075	6.431940	300.404297	0.163035	0.159855	-0.000039	-0.000016	0.340666	0.000005	0.185621	0.000008	0.175661	-12.000000	-16.000000	1.180000	22.321698
260.539154	64.647263	-14.797657	212.604660	261.613647	6.237033	300.724396	0.163035	-0.000011	-0.000039	-0.000016	0.000006	0.000005	0.185621	0.000008	0.175661	-12.000000	-16.000000	1.180000	22.341243
258.304810	64.647263	-12.993065	211.202499	261.545715	6.431940	301.524628	0.163035	0.159855	-0.000039	-0.000016	0.000006	0.000005	0.185621	0.000008	0.175661	-12.000000	-16.000000	1.180000	22.364192
262.456482	64.454865	-16.602249	210.501389	260.183075	6.431940	301.684662	0.163035	-0.000011	-0.000039	-0.000016	0.000006	0.000005	0.185621	0.192572	0.175661	-12.000000	-16.000000	1.180000	22.370256
251.987106	65.416878	33.961926	235.214737	289.330750	6.626846	315.608582	0.163035	0.159855	-0.000039	-0.000016	0.170381	0.000005	0.185621	0.000008	0.175661	-12.000000	-12.000000	1.180000	22.884446
251.806595	67.918106	33.419983	234.163101	290.582458	6.821752	316.248749	0.163035	-0.000011	-0.000039	-0.000016	0.170381	0.000005	0.185621	0.000008	0.175661	-12.000000	-12.000000	1.180000	22.900929
256.138763	66.360313	31.071548	236.266357	290.224823	6.821752	316.888916	0.163035	-0.000011	-0.000039	-0.000016	0.170333	0.000005	0.185621	0.000008	0.175661	-12.000000	-12.000000	1.180000	22.924606
255.597244	66.378883	33.419983	237.843811	292.549500	6.821752	317.369049	0.163035	0.159855	-0.000039	-0.000016	0.170333	0.000005	0.185621	0.000008	0.175661	-12.000000	-12.000000	1.180000	22.942349
241.761566	58.105579	79.485352	254.319351	310.789124	7.211564	330.972870	0.163035	-0.000011	0.167543	-0.179798	0.000006	0.000005	0.185621	0.000008	0.175661	-12.000000	-8.000000	1.180000	23.425370
240.317139	55.781128	82.014427	256.247314	312.040894	7.211564	331.613068	0.163035	-0.000011	-0.000039	-0.000016	0.170333	0.000005	0.185621	0.000008	0.175661	-12.000000	-8.000000	1.180000	23.448519
240.795700	57.913174	81.291832	256.247314	313.829071	7.211564	332.253235	0.163035	-0.000011	-0.000039	-0.000016	0.000006	0.000005	0.185621	0.000008	0.175661	-12.000000	-8.000000	1.180000	23.471644
240.678238	57.319920	82.014427	256.247314	312.934967	7.406471	332.733368	0.163035	-0.000011	-0.000039	-0.000016	0.170333	0.000005	0.185621	0.000008	0.175661	-12.000000	-8.000000	1.180000	23.481941
215.220154	50.601879	121.215149	260.629120	321.160706	7.211564	334.173798	0.163035	-0.000011	-0.000039	-0.000016	0.000006	0.000005	0.185621	0.000008	-0.000013	-12.000000	-4.000000	1.180000	23.540885
209.261871	48.856575	124.286171	261.330231	322.948883	7.016659	332.893402	0.163035	-0.000011	-0.000039	-0.000016	0.000006	0.000005	0.185621	0.000008	0.175661	-12.000000	-4.000000	1.180000	23.501776
209.748566	47.908245	124.466827	262.907684	323.580170	7.016659	331.453033	0.163035	0.159855	-0.000039	-0.000016	0.170333	0.000005	0.185621	0.192572	0.175661	-12.000000	-4.000000	1.180000	23.449779
211.609070	48.279526	121.937744	259.577515	319.014832	7.016659	330.172668	0.163035	-0.000011	-0.000039	-0.000016	0.170381	0.000005	0.185621	0.000008	0.175661	-12.000000	-4.000000	1.180000	23.403462
166.470627	36.353905	148.312424	246.607391	302.026947	6.821752	308.246490	0.163035	-0.000011	-0.000039	-0.000016	0.000006	0.000005	0.185621	0.192572	0.175661	-12.000000	0.000000	1.180000	22.602863
165.524475	36.941303	147.047882	243.803024	301.848145	6.821752	307.286224	0.163035	-0.000011	-0.000039	-0.000016	0.170381	0.000005	0.185621	0.000008	0.175661	-12.000000	0.000000	1.180000	22.566830
167.553955	37.315647	145.422043	243.101959	299.165833	6.821752	306.646057	0.163035	-0.000011	0.335061	-0.000016	0.000006	0.000005	0.185621	0.000008	0.175661	-12.000000	0.000000	1.180000	22.542777
164.665085	38.865326	146.686584	241.875061	299.165833	6.821752	305.845825	0.163035	-0.000011	-0.000039	-0.000016	0.000006	0.000005	0.185621	0.000008	0.175661	-12.000000	0.000000	1.180000	22.512674
125.304352	34.440071	166.557922	230.832932	284.502594	6.626846	289.041107	0.163035	-0.000011	-0.000039	-0.000016	0.170381	0.000005	0.185621	0.000008	0.175661	-12.000000	4.000000	1.180000	21.878487
124.221024	34.824875	166.557922	229.606018	283.966156	6.626846	288.080841	0.163035	-0.000011	-0.000039	-0.000016	0.170381	0.000005	0.185621	0.000008	0.175661	-12.000000	4.000000	1.180000	21.841260
124.943245	35.969204	164.751434	226.275848	280.747375	6.431940	287.280609	0.163035	-0.000011	0.167543	-0.000016	0.170381	0.000005	0.185621	0.000008	0.175661	-12.000000	4.000000	1.180000	21.817761
124.007980	35.402081	163.848190	225.750031	279.674469	6.431940	286.320343	0.163035	-0.000011	-0.000039	-0.000016	0.170333	0.000005	0.185621	0.000008	0.175661	-12.000000	4.000000	1.180000	21.780430
87.388054	32.506927	180.106552	214.182098	263.223022	5.847221	271.276123	0.163035	0.159886	0.167543	-0.000016	0.000006	0.000005	0.185621	0.000008	0.175661	-12.000000	8.000000	1.180000	21.210363
87.365158	31.361631	178.842026	212.779938	261.545715	6.042128	270.795990	0.163035	0.159855	-0.000039	-0.000016	0.340666	0.000005	0.000008	0.000008	0.175661	-12.000000	8.000000	1.180000	21.183375
87.184654	31.361631	178.842026	212.779938	260.898346	5.652315	270.315857	0.163035	0.159855	-0.000039	-0.000016	0.170333	-0.169452	0.185621	0.000008	0.175661	-12.000000	8.000000	1.180000	21.179761
85.763069	31.545183	179.203323	213.130478	260.540710	6.042128	269.835724	0.163035	0.159886	0.167543	-0.000016	0.170333	0.000005	0.185621	0.000008	0.175661	-12.000000	8.000000	1.180000	21.144924
49.471748	32.900848	199.977905	207.994659	252.851456	6.042128	267.435059	0.163035	-0.000011	-0.000039	-0.000016	0.000006	0.000005	0.185621	0.000008	0.175661	-12.000000	12.000000	1.180000	21.048489
49.110641	32.699272	200.158539	208.398148	252.493820	5.847221	267.755157	0.163035	-0.000011	0.167543	-0.000016	0.000006	0.000005	0.185621	0.000008	0.175661	-12.000000	12.000000	1.180000	21.069213
51.624866	33.478058	199.616608	208.047592	254.394791	6.042128	268.235291	0.163035	0.159855	0.167517	-0.000016	0.170381	0.000005	0.185621	0.000008	0.175661	-12.000000	12.000000	1.180000	21.080683
51.624866	34.247669	200.158539	208.222870	254.639648	6.237033	268.715393	0.163035	-0.000011	-0.000039	-0.000016	0.000006	0.000005	0.185621	0.192572	0.175661	-12.000000	12.000000	1.180000	21.092145
12.638769	39.046783	235.926941	214.302841	263.938293	6.431940	289.041107	0.163035	-0.000011	0.167543	-0.000016	0.000006	0.000005	0.000008	0.000008	0.175661	-12.000000	16.000000	1.180000	21.886036
10.833231	37.903316	237.552795	215.584274	265.368866	6.237033	289.521240	0.163035	-0.000011	0.167543	-0.000016	0.000006	0.000005	0.185621	0.000008	0.175661	-12.000000	16.000000	1.180000	21.912159
12.274448	39.250134	236.468887	214.532654	265.011230	6.042128	290.001404	0.163035	0.159855	-0.000039	-0.000016	0.170333	0.000005	0.000008	0.000008	0.175661	-12.000000	16.000000	1.180000	21.938253
12.635462	40.019741	237.552795	215.409012	265.121216	6.237033	290.801605	0.163035	0.159855	-0.000039	-0.000016	0.170333	0.000005	0.000008	0.000008	0.175661	-12.000000	16.000000	1.180000	21.961622
-32.440178	35.594486	266.275909	212.429382	262.686554	6.626846	305.685791	0.163035	0.159855	-0.000039	-0.000016	0.170333	0.000005	0.185621	0.192572	0.175661	-12.000000	20.000000	1.180000	22.513987
-31.539064	34.632473	266.275909	214.182098	263.223022	6.626846	306.325989	0.163035	-0.000011	-0.000039	-0.000016	0.000006	0.000005	0.185621	0.000008	0.175661	-12.000000	20.000000	1.180000	22.538072
-31.530819	36.738602	266.275909	212.078857	264.295929	6.821752	307.126190	0.163035	-0.000011	-0.000039	-0.000016	0.170333	0.000005	0.185621	0.000008	-0.000013	-12.000000	20.000000	1.180000	22.560820
-30.629938	37.518509	266.637177	212.604660	264.117126	6.626846	307.606323	0.163035	-0.000011	-0.000039	-0.000016	0.000006	0.000005	0.185621	0.000008	0.175661	-12.000000	20.000000	1.180000	22.586162
-81.079239	28.667997	293.553802	206.417618	252.493820	6.821752	321.690277	0.163035	-0.000011	0.167543	-0.000016	0.170381	0.000005	0.185621	0.000008	0.175661	-12.000000	24.000000	1.180000	23.101417
-81.980125	27.705982	295.360321	207.521790	254.103195	7.211564	322.170410	0.163035	0.159886	0.167517	-0.000016	0.170381	0.000005	0.185621	0.000008	0.175661	-12.000000	24.000000	1.180000	23.104730
-82.160301	28.860397	295.902252	208.573410	254.282013	7.211564	322.650543	0.163035	-0.000011	0.167543	-0.000016	0.170333	0.000005	0.185621	0.000008	0.175661	-12.000000	24.000000	1.180000	23.122334
-83.082901	26.936373	296.082886	209.099228	254.216003	7.406471	323.130676	0.163035	0.319715	-0.000039	-0.000016	0.000006	0.000005	0.185621	0.192572	0.175661	-12.000000	24.000000	1.180000	23.132786
-133.870834	-5.372268	318.483307	198.357162	232.465988	7.211564	335.294098	0.163035	-0.000011	-0.000039	-0.000016	0.000006	0.000005	0.185621	0.000008	0.175661	-12.000000	28.000000	1.180000	23.581180
-129.906952	-2.686134	317.218781	197.531296	231.750702	7.406471	335.774231	0.163035	-0.000011	-0.000039	-0.000016	0.000006	0.000005	0.185621	0.000008	0.175661	-12.000000	28.000000	1.180000	23.591429
-132.429428	-3.453601	319.928497	199.583755	233.717712	7.016659	336.254364	0.163035	-0.000011	0.167543	-0.000016	0.000006	0.000005	0.185621	0.000008	0.175661	-12.000000	28.000000	1.180000	23.622659
-132.283844	-2.686134	317.941376	195.778564	230.617905	7.211564	336.734497	0.163035	0.159855	-0.000039	-0.000016	0.000006	0.000005	0.185621	0.000008	-0.000013	-12.000000	28.000000	1.180000	23.632889
-169.906052	-42.402542	312.702545	169.312531	186.688065	7.016659	323.770844	0.163035	-0.000011	-0.000039	-0.000016	0.170381	0.000005	0.000008	0.000008	0.175661	-12.000000	32.000000	1.180000	23.170488
-166.886703	-41.251343	310.896088	168.611450	186.282043	7.211564	322.490509	0.163035	0.159855	-0.000039	-0.000016	0.000006	0.000005	0.185621	0.000008	0.175661	-12.000000	32.000000	1.180000	23.116467
-168.824997	-43.757793	309.812164	168.786713	183.826950	6.821752	321.850311	0.163035	-0.000011	-0.000039	-0.000016	0.170333	0.000005	0.185621	0.000008	0.175661	-12.000000	32.000000	1.180000	23.107287
-164.363571	-40.100140	307.463745	165.807098	184.899872	7.016659	320.569977	0.326071	-0.000011	-0.000039	-0.000016	0.000006	0.000005	0.185621	0.000008	0.175661	-12.000000	32.000000	1.180000	23.053119
-193.559738	-78.089752	292.108612	133.031281	130.862228	6.821752	302.644928	0.163035	0.159855	-0.000039	-0.000016	0.170333	0.000005	0.185621	0.000008	0.175661	-12.000000	36.000000	1.180000	22.391856
-196.211761	-80.200287	293.373169	132.997406	130.538605	6.821752	301.844727	0.163035	0.159886	-0.000039	-0.000016	0.170381	0.000005	0.185621	0.000008	0.175661	-12.000000	36.000000	1.180000	22.361551
-196.031601	-78.857224	294.276398	132.296509	130.002151	6.626846	301.044464	0.163035	-0.000011	-0.000039	-0.000016	0.000006	0.000005	0.185621	0.000008	0.175661	-12.000000	36.000000	1.180000	22.338596
-193.328949	-79.454941	292.108612	131.629089	126.962196	6.431940	300.564331	0.163035	-0.000011	0.167543	-0.000016	0.000006	0.000005	0.185621	0.000008	0.175661	-12.000000	36.000000	1.180000	22.327773
-218.193253	-112.625755	275.669617	95.347839	71.885651	5.847221	281.839081	0.163035	-0.000011	-0.000039	-0.000016	0.170333	0.000005	0.185621	0.000008	-0.000013	-12.000000	40.000000	1.180000	21.628287
-220.052536	-114.160690	274.405060	95.873657	72.243286	6.042128	281.519012	0.163035	-0.000011	-0.000039	-0.000016	0.000006	0.000005	0.185621	0.000008	0.175661	-12.000000	40.000000	1.180000	21.608100
-222.755875	-115.503754	274.947021	96.574738	72.939598	6.042128	280.878845	0.163035	0.159855	-0.000039	-0.000016	0.170333	0.000005	0.000008	0.000008	0.175661	-12.000000	40.000000	1.180000	21.582979
-219.151428	-115.503754	273.140533	96.048927	69.721680	6.237033	280.238647	0.163035	0.159855	-0.000039	-0.000016	0.170333	0.000005	0.185621	0.000008	0.175661	-12.000000	40.000000	1.180000	21.550163
-241.976486	-148.504837	259.230621	63.273102	15.910829	5.847221	267.275024	0.163035	-0.000011	-0.000039	-0.179798	0.170333	0.000005	0.185621	0.000008	0.175661	-12.000000	44.000000	1.180000	21.049892
-244.318787	-150.615372	258.869293	63.256985	15.732055	5.847221	266.954895	0.163035	-0.000011	-0.000039	-0.000016	0.000006	0.000005	0.185621	0.000008	0.175661	-12.000000	44.000000	1.180000	21.037000
-242.156677	-146.586166	259.411255	62.030388	17.166739	5.847221	266.474762	0.163035	-0.000011	0.167543	-0.000016	0.000006	0.000005	0.185621	0.000008	0.175661	-12.000000	44.000000	1.180000	21.017649
-242.517029	-148.504837	258.327362	62.556068	16.447149	5.652315	265.994659	0.163035	-0.000011	-0.000039	-0.000016	0.170381	0.000005	0.000008	0.000008	0.175661	-12.000000	44.000000	1.180000	21.006147
280.039001	-154.260834	-292.163513	-7.692389	-37.643085	6.042128	284.079712	0.163035	-0.000011	-0.000039	-0.000016	0.000006	0.000005	0.185621	0.000008	0.175661	-8.000000	-44.000000	1.180000	21.708297
280.580627	-157.522568	-294.329010	-8.916179	-39.783928	6.237033	284.559845	0.163035	-0.000011	0.167543	-0.000016	0.170333	0.000005	0.185621	0.000008	0.175661	-8.000000	-44.000000	1.180000	21.719429
280.507111	-158.098160	-296.133606	-10.489621	-40.854343	5.847221	285.360077	0.326071	-0.000011	-0.000039	-0.000016	0.000006	0.000005	0.185621	0.000008	0.175661	-8.000000	-44.000000	1.180000	21.765812
281.483398	-155.795761	-293.607178	-8.042045	-37.107880	6.431940	286.000275	0.163035	-0.000011	0.167543	-0.000016	0.170381	0.000005	0.185621	0.000008	0.175661	-8.000000	-44.000000	1.180000	21.767972
297.655243	-119.532959	-272.673889	30.322006	24.313187	6.431940	301.684662	0.163035	0.159855	-0.000039	-0.000016	0.170333	0.000005	0.185621	0.000008	0.175661	-8.000000	-40.000000	1.180000	22.370256
297.474762	-120.876030	-271.952087	31.373640	26.100924	6.626846	302.324860	0.163035	0.159855	-0.000039	-0.000016	0.170333	0.000005	0.185621	0.000008	0.175661	-8.000000	-40.000000	1.180000	22.387118
296.830505	-116.846825	-270.688873	30.664722	27.001839	6.626846	302.804962	0.163035	-0.000011	0.167543	-0.000016	0.170381	0.000005	0.185621	0.000008	0.175661	-8.000000	-40.000000	1.180000	22.405285
302.167908	-122.602829	-277.185394	28.919834	22.346680	6.626846	303.605194	0.163035	0.159855	-0.000039	-0.000016	0.170333	0.000005	0.185621	0.000008	0.175661	-8.000000	-40.000000	1.180000	22.435532
315.788635	-76.362953	-242.537216	73.770615	91.913490	7.211564	318.009247	0.163035	-0.000011	-0.000039	-0.000016	0.000006	0.000005	0.000008	0.000008	0.175661	-8.000000	-36.000000	1.180000	22.951595
317.052521	-79.049088	-245.244110	71.317436	87.085350	6.821752	318.809479	0.163035	-0.000011	-0.000039	-0.000016	0.000006	0.000005	0.185621	0.000008	0.175661	-8.000000	-36.000000	1.180000	22.995494
315.608093	-77.727661	-244.341827	70.809792	87.979446	6.821752	319.289581	0.163035	-0.000011	-0.000039	-0.000016	0.000006	0.000005	0.185621	0.000008	0.175661	-8.000000	-36.000000	1.180000	23.013181
319.580261	-76.746689	-244.341827	71.686150	89.410004	6.821752	319.769745	0.163035	-0.000011	0.167543	-0.000016	0.000006	0.000005	0.185621	0.000008	0.175661	-8.000000	-36.000000	1.180000	23.030856
329.604889	-31.466141	-210.235001	113.400841	149.633469	7.601377	331.773102	0.163035	0.159855	-0.000039	-0.000016	0.170333	0.000005	0.185621	0.000008	0.175661	-8.000000	-32.000000	1.180000	23.440213
329.243896	-30.890541	-210.054535	111.269241	148.241791	7.211564	332.093201	0.163035	-0.000011	-0.000039	-0.000016	0.170381	0.000005	0.000008	0.000008	0.175661	-8.000000	-32.000000	1.180000	23.465865
329.785400	-28.971872	-209.152237	112.349205	150.706100	7.211564	332.733368	0.163035	0.159855	-0.000039	-0.000016	0.170333	0.000005	0.185621	0.000008	-0.000013	-8.000000	-32.000000	1.180000	23.488973
328.702362	-28.204405	-207.347656	115.679367	153.208939	7.211564	333.213501	0.163035	0.319715	-0.000039	-0.000016	0.170333	0.000005	0.000008	0.000008	0.175661	-8.000000	-32.000000	1.180000	23.506289
322.288574	13.468198	-164.578812	143.197037	197.774918	7.016659	331.453033	0.163035	-0.000011	-0.000039	-0.000016	0.000006	0.000005	0.185621	0.000008	0.175661	-8.000000	-28.000000	1.180000	23.449779
321.662598	15.584626	-162.052399	144.599213	199.153748	6.821752	330.172668	0.163035	0.319715	-0.000039	-0.000016	0.170333	0.000005	0.185621	0.000008	0.175661	-8.000000	-28.000000	1.180000	23.410519
320.121918	15.195534	-162.593765	142.671219	198.311371	7.016659	329.212402	0.163035	-0.000011	0.167543	-0.000016	0.000006	0.000005	0.185621	0.192572	0.175661	-8.000000	-28.000000	1.180000	23.368664
320.940582	16.354235	-162.232849	143.372314	198.669006	7.211564	327.932037	0.163035	0.159855	-0.000039	-0.000016	0.170333	0.000005	0.185621	0.000008	0.175661	-8.000000	-28.000000	1.180000	23.315102
295.489166	52.141102	-109.358292	157.178772	223.346176	6.626846	307.926392	0.163035	0.159886	-0.000039	-0.000016	0.000006	0.000005	0.185621	0.192572	0.175661	-8.000000	-24.000000	1.180000	22.598169
294.844391	53.280594	-107.553703	158.270401	224.419083	6.626846	306.966156	0.163035	-0.000011	0.167543	-0.000016	0.000006	0.000005	0.185621	0.000008	0.175661	-8.000000	-24.000000	1.180000	22.562129
294.045105	53.872723	-107.012329	155.115524	221.915619	6.821752	306.005859	0.163035	0.159855	-0.000039	-0.000016	0.170333	0.000005	0.185621	0.000008	0.175661	-8.000000	-24.000000	1.180000	22.518697
294.045105	53.295513	-107.914619	156.342422	222.452072	6.626846	304.565460	0.163035	0.159855	-0.000039	-0.000016	0.000006	0.000005	0.185621	0.000008	0.175661	-8.000000	-24.000000	1.180000	22.471775
267.039093	78.115440	-60.453842	165.239212	237.472931	6.431940	286.640442	0.163035	-0.000011	0.167543	-0.000016	0.000006	0.000016	0.185621	0.000008	0.175661	-8.000000	-20.000000	1.180000	21.792881
266.608124	77.538231	-60.092930	164.930740	236.578842	6.237033	286.000275	0.163035	0.159855	-0.000039	-0.000016	0.000006	0.000005	0.185621	0.000008	0.175661	-8.000000	-20.000000	1.180000	21.775559
265.705597	77.538231	-59.010174	165.106003	235.684753	6.431940	285.360077	0.163035	0.159855	-0.000039	-0.000016	0.170333	-0.169410	0.000008	0.000008	0.175661	-8.000000	-20.000000	1.180000	21.743034
265.525085	78.115440	-57.927418	164.713531	234.969452	6.237033	284.879944	0.163035	-0.000011	-0.000039	-0.000016	0.170381	0.000005	0.185621	0.000008	0.175661	-8.000000	-20.000000	1.180000	21.731915
239.712662	92.353218	-17.324087	169.137268	245.162201	6.042128	271.756287	0.163035	0.159855	-0.000039	-0.000016	0.000006	0.000005	0.185621	0.000008	0.175661	-8.000000	-16.000000	1.180000	21.221758
238.629608	91.391212	-17.143627	169.487808	245.341019	5.847221	271.276123	0.163035	-0.000011	-0.000039	-0.000016	0.000006	0.000005	0.185621	0.000008	0.175661	-8.000000	-16.000000	1.180000	21.210363
239.351639	90.429199	-17.324087	168.393311	242.122253	5.652315	270.795990	0.163035	-0.000011	-0.000039	-0.000016	0.000006	0.000005	0.185621	0.000008	0.175661	-8.000000	-16.000000	1.180000	21.198964
240.317139	91.173309	-20.030975	167.033997	242.301071	6.042128	270.315857	0.163035	0.159855	-0.000039	-0.000016	0.170333	0.000005	0.000008	0.000008	0.175661	-8.000000	-16.000000	1.180000	21.164158
224.008591	93.892441	20.232641	178.906937	255.533768	6.237033	270.795990	0.326071	-0.000011	-0.000039	-0.000016	0.000006	0.000005	0.000008	0.000008	0.175661	-8.000000	-12.000000	1.180000	21.175576
224.369614	96.201279	20.413288	179.127762	257.143127	6.042128	271.596222	0.163035	-0.000011	-0.000039	-0.000016	0.000006	0.000005	0.185621	0.000008	0.175661	-8.000000	-12.000000	1.180000	21.215365
225.272141	96.393677	18.787453	177.900848	257.143127	5.652315	272.076355	0.163035	0.159855	-0.000039	-0.000016	0.170333	0.000005	0.185621	0.000008	0.175661	-8.000000	-12.000000	1.180000	21.250086
224.789520	95.982025	21.497181	180.880478	258.573700	6.042128	272.716522	0.163035	-0.000011	0.167543	-0.000016	0.170333	0.000005	0.000008	0.000008	0.175661	-8.000000	-12.000000	1.180000	21.260069
215.581268	94.084846	63.768925	198.357162	280.926208	6.042128	289.361206	0.163035	-0.000011	-0.000039	-0.000016	0.000006	0.000005	0.185621	0.000008	0.175661	-8.000000	-8.000000	1.180000	21.913508
217.329849	94.084846	62.685040	199.284012	280.495728	6.431940	290.321472	0.163035	0.159855	-0.000039	-0.000016	0.170333	0.000005	0.185621	0.000008	0.175661	-8.000000	-8.000000	1.180000	21.935558
217.747925	95.046860	62.504391	197.656250	280.389740	6.431940	290.801605	0.163035	-0.000011	-0.000039	-0.000016	0.000006	0.000005	0.185621	0.000008	0.175661	-8.000000	-8.000000	1.180000	21.954099
219.553452	96.559074	62.685040	199.459274	281.820282	6.237033	291.601837	0.163035	-0.000011	0.167543	-0.000016	0.000006	0.000005	0.185621	0.000008	0.175661	-8.000000	-8.000000	1.180000	21.992480
200.362244	89.851990	111.821426	216.285370	304.530426	6.821752	307.286224	0.163035	0.159855	-0.000039	-0.000016	0.170333	0.000005	0.185621	0.000008	0.175661	-8.000000	-4.000000	1.180000	22.566830
202.581390	91.198807	110.376236	216.405579	303.815155	7.016659	308.086456	0.163035	-0.000011	-0.000039	-0.000016	0.000006	0.000005	0.185621	0.000008	0.175661	-8.000000	-4.000000	1.180000	22.589550
201.317505	90.236794	110.918182	216.285370	304.709259	6.821752	308.566589	0.163035	-0.000011	0.167543	-0.000016	0.000006	0.000005	0.185621	0.000008	0.175661	-8.000000	-4.000000	1.180000	22.614861
202.528320	91.006401	111.098831	217.337021	305.782166	6.626846	309.366821	0.163035	0.159855	-0.000039	-0.000016	0.170333	0.000005	0.185621	0.000008	0.175661	-8.000000	-4.000000	1.180000	22.652122
180.373276	86.941635	152.106033	226.976944	319.551300	6.821752	322.010345	0.163035	-0.000011	0.167543	-0.000016	0.000006	0.000005	0.185621	0.000008	0.175661	-8.000000	0.000000	1.180000	23.113156
178.206635	85.018150	155.357712	229.080185	320.803070	6.821752	322.490509	0.326071	-0.000011	0.167543	-0.000016	0.000006	0.000005	0.185621	0.000008	0.175661	-8.000000	0.000000	1.180000	23.130754
178.748291	88.288078	155.899658	228.729660	322.233612	7.016659	322.970642	0.163035	-0.000011	-0.000039	-0.000016	0.340666	0.000005	0.185621	0.000008	0.175661	-8.000000	0.000000	1.180000	23.141202
178.159927	87.350754	155.538361	228.554398	323.127716	6.821752	323.290710	0.163035	-0.000011	0.167517	-0.000016	0.340666	0.000005	0.185621	0.000008	0.175661	-8.000000	0.000000	1.180000	23.160053
143.502686	88.120369	198.713348	235.214737	333.320465	7.016659	334.013733	0.163035	0.159855	-0.000039	-0.000016	0.000006	0.000005	0.185621	0.000008	0.175661	-8.000000	4.000000	1.180000	23.542139
142.998627	89.851990	199.074646	234.338364	335.108643	7.211564	334.653931	0.163035	-0.000011	-0.000039	-0.000016	0.000006	0.000005	0.185621	0.000008	0.175661	-8.000000	4.000000	1.180000	23.558163
144.623611	86.965950	197.810120	235.565262	332.426361	7.406471	334.973999	0.163035	0.159886	-0.000039	-0.000016	0.170381	0.000005	0.185621	0.192572	0.175661	-8.000000	4.000000	1.180000	23.562666
146.210281	86.581146	197.448822	237.082367	333.141632	7.601377	335.294098	0.163035	-0.000011	0.167517	-0.000016	0.000006	0.000005	0.185621	0.000008	0.175661	-8.000000	4.000000	1.180000	23.567168
98.376053	86.581146	224.004150	228.145767	322.412415	7.211564	325.371307	0.163035	0.159886	-0.000039	-0.000016	0.000006	0.000005	0.185621	0.000008	0.175661	-8.000000	8.000000	1.180000	23.221838
96.235184	87.518677	224.726746	226.100586	321.697144	6.821752	324.571106	0.163035	-0.000011	0.167543	-0.000016	0.000006	0.000005	0.185621	0.000008	0.175661	-8.000000	8.000000	1.180000	23.206858
97.137955	86.749283	223.100906	226.043045	320.266602	7.016659	323.930908	0.163035	-0.000011	0.167543	-0.000016	0.000006	0.000005	0.185621	0.000008	0.175661	-8.000000	8.000000	1.180000	23.176341
96.932007	82.925499	222.558960	227.327499	317.226654	7.211564	323.130676	0.163035	0.159855	-0.000039	-0.000016	0.170333	0.000005	0.185621	0.000008	0.175661	-8.000000	8.000000	1.180000	23.139924
48.195244	81.578682	231.230072	206.470154	288.615448	6.431940	299.924164	0.163035	0.319715	-0.000039	-0.000016	0.340666	0.000005	0.185621	0.000008	0.175661	-8.000000	12.000000	1.180000	22.303462
50.555073	79.824730	229.604248	206.470154	288.794281	6.821752	299.283997	0.163035	-0.000011	0.167543	-0.000016	0.170381	-0.169410	0.185621	0.000008	0.175661	-8.000000	12.000000	1.180000	22.264293
48.568981	80.231865	230.688141	206.470154	288.436646	6.821752	298.643799	0.163035	-0.000011	-0.000039	-0.000016	0.000006	0.000005	0.185621	0.000008	0.175661	-8.000000	12.000000	1.180000	22.239911
49.291195	81.001472	229.423599	205.716705	289.151917	6.431940	297.843597	0.163035	0.159886	0.167517	-0.000016	0.170381	0.000005	0.185621	0.000008	0.175661	-8.000000	12.000000	1.180000	22.224267
5.416617	78.692642	238.094727	188.592422	265.905304	6.042128	282.479279	0.163035	-0.000011	-0.000039	-0.000016	0.000006	0.000005	0.185621	0.000008	0.175661	-8.000000	16.000000	1.180000	21.645729
6.137228	79.077454	236.649536	186.138626	263.938293	6.042128	281.839081	0.163035	-0.000011	-0.000039	-0.000016	0.000006	0.000005	0.185621	0.000008	0.175661	-8.000000	16.000000	1.180000	21.620650
6.138832	77.923035	237.191483	186.441711	264.474762	6.237033	281.519012	0.163035	-0.000011	0.167543	-0.000016	0.000006	0.000005	0.000008	0.000008	0.175661	-8.000000	16.000000	1.180000	21.600454
5.415202	77.345825	236.107605	186.489166	262.686554	6.042128	280.878845	0.163035	0.159855	-0.000039	-0.000016	0.170333	0.000005	0.185621	0.000008	0.175661	-8.000000	16.000000	1.180000	21.582979
-30.998396	70.034531	239.720551	167.033997	238.367065	5.847221	268.075226	0.163035	-0.000011	-0.000039	-0.000016	0.000006	0.000005	0.185621	0.000008	0.175661	-8.000000	20.000000	1.180000	21.082083
-31.899508	70.419342	239.539917	166.332916	236.696198	5.652315	267.114960	0.163035	0.159855	-0.000039	-0.000016	0.340666	0.000005	0.185621	0.000008	0.175661	-8.000000	20.000000	1.180000	21.051295
-30.818171	69.842125	238.275360	166.332916	236.578842	5.457409	265.994659	0.163035	0.159855	-0.000039	-0.000016	0.170333	0.000005	0.185621	0.000008	0.175661	-8.000000	20.000000	1.180000	21.014009
-29.736832	69.457329	237.191483	165.982361	235.863571	5.652315	265.354462	0.163035	0.159855	-0.000039	-0.000016	0.000006	0.000005	0.185621	0.000008	0.175661	-8.000000	20.000000	1.180000	20.980303
-68.647087	62.530834	259.953217	159.982407	226.743729	6.042128	278.158051	0.163035	-0.000011	-0.000039	-0.000016	0.000006	0.000005	0.185621	0.000008	0.175661	-8.000000	24.000000	1.180000	21.475881
-70.268677	64.436829	262.120972	159.322037	228.174301	6.042128	278.798248	0.163035	0.159886	-0.000039	-0.000016	0.170333	0.000005	0.185621	0.000008	0.175661	-8.000000	24.000000	1.180000	21.501129
-70.448853	65.398567	261.217712	158.270401	227.816666	6.237033	279.598480	0.326071	-0.000011	0.167543	-0.000016	0.170333	0.000005	0.185621	0.000008	0.175661	-8.000000	24.000000	1.180000	21.524974
-70.287056	64.070053	263.746826	160.724213	230.856613	6.237033	280.398682	0.326071	0.159855	-0.000039	-0.000016	0.170333	0.000005	0.185621	0.000008	0.175661	-8.000000	24.000000	1.180000	21.556455
-114.081299	38.288120	286.689178	150.383179	213.098083	6.431940	297.523499	0.163035	0.159855	-0.000039	-0.000016	0.170333	0.000005	0.000008	0.000008	0.175661	-8.000000	28.000000	1.180000	22.212058
-115.312698	40.393227	287.953705	149.682098	213.332260	6.431940	298.323730	0.163035	-0.000011	0.167543	-0.000016	0.340666	0.000005	0.185621	0.000008	0.175661	-8.000000	28.000000	1.180000	22.242568
-115.883537	37.518509	288.134369	151.610092	213.511078	6.821752	299.123932	0.163035	0.159855	-0.000039	-0.000016	0.170333	-0.169410	0.185621	0.000008	0.175661	-8.000000	28.000000	1.180000	22.258199
-115.883537	38.865326	288.676300	152.135895	214.707062	6.626846	299.764130	0.163035	0.159855	-0.000039	-0.000016	0.170381	0.000005	0.185621	0.000008	0.175661	-8.000000	28.000000	1.180000	22.289971
-164.003128	5.194890	308.908936	136.536713	186.997147	6.821752	314.488251	0.163035	0.159855	-0.000039	-0.000016	0.170381	0.000005	0.185621	0.192572	0.175661	-8.000000	32.000000	1.180000	22.835688
-167.563766	2.693658	308.908936	134.082901	185.257523	7.016659	314.968384	0.163035	-0.000011	0.167543	-0.000016	0.170381	0.000005	0.185621	0.000008	0.175661	-8.000000	32.000000	1.180000	22.846270
-164.904251	3.848073	308.366974	134.959259	185.209412	6.821752	315.288483	0.163035	0.319715	0.167517	-0.000016	0.170381	0.000005	0.185621	0.000008	0.175661	-8.000000	32.000000	1.180000	22.865366
-165.762009	4.810085	309.631531	135.976273	186.688065	6.821752	315.768616	0.163035	-0.000011	-0.000039	-0.000016	0.000006	0.000005	0.185621	0.000008	0.175661	-8.000000	32.000000	1.180000	22.883155
-212.427612	-37.222141	323.180176	110.771751	142.698364	7.211564	328.092072	0.163035	-0.000011	0.335061	-0.000016	0.170381	0.000005	0.185621	0.000008	0.175661	-8.000000	36.000000	1.180000	23.320919
-213.744736	-38.757076	324.083405	113.576111	144.665375	7.406471	328.732239	0.163035	0.159855	-0.000039	-0.000016	0.170333	0.000005	0.185621	0.000008	0.175661	-8.000000	36.000000	1.180000	23.337094
-215.850967	-39.908276	327.877045	114.101921	146.274765	7.016659	329.052368	0.163035	-0.000011	-0.000039	-0.000016	0.000006	0.000005	0.185621	0.000008	0.175661	-8.000000	36.000000	1.180000	23.362860
-216.571655	-37.797745	326.612488	113.050293	146.415543	7.211564	329.532471	0.163035	0.159855	-0.000039	-0.000016	0.340666	0.000005	0.185621	0.000008	0.175661	-8.000000	36.000000	1.180000	23.373203
-262.224762	-86.723747	335.102966	80.975555	90.280640	7.406471	338.014832	0.163035	0.319715	-0.000039	-0.000016	0.000006	-0.169410	0.185621	0.000008	0.175661	-8.000000	40.000000	1.180000	23.671780
-261.503876	-89.409882	334.019073	76.944298	85.096207	7.211564	336.734497	0.163035	0.159855	-0.000039	-0.000016	0.170381	0.000005	0.185698	0.000008	0.175661	-8.000000	40.000000	1.180000	23.632889
-259.453583	-87.683083	332.031952	78.676979	87.085350	7.406471	335.454132	0.163035	0.159886	-0.000039	-0.000016	0.000006	0.000005	0.185621	0.000008	0.175661	-8.000000	40.000000	1.180000	23.579928
-258.552704	-86.148148	331.309357	80.429245	88.873550	7.211564	334.493866	0.163035	0.159886	0.167543	-0.000016	0.170381	0.000005	0.000008	0.000008	0.175661	-8.000000	40.000000	1.180000	23.552404
-279.345978	-125.097099	306.199219	35.404892	19.843847	6.431940	309.366821	0.163035	0.159855	-0.000039	-0.000016	0.000006	0.000005	0.000008	0.000008	-0.000013	-8.000000	44.000000	1.180000	22.659412
-279.813477	-125.480835	306.921814	36.456520	20.743137	6.821752	308.086456	0.163035	-0.000011	-0.000039	-0.000016	0.170333	0.000005	0.185621	0.000008	0.175661	-8.000000	44.000000	1.180000	22.596862
-275.309082	-123.370300	303.128204	33.818813	18.592434	6.626846	307.446289	0.163035	-0.000011	-0.000039	-0.000016	0.000006	0.000005	0.185621	0.000008	0.175661	-8.000000	44.000000	1.180000	22.580157
-275.921722	-126.632034	303.850800	35.580162	17.877338	6.431940	306.486023	0.163035	0.159855	-0.000039	-0.000016	0.340666	0.000005	0.185621	0.000008	0.175661	-8.000000	44.000000	1.180000	22.551413
283.650055	-114.928154	-295.231323	-46.678818	-40.319138	6.237033	284.399811	0.163035	0.159886	0.167543	-0.000016	0.000006	0.000005	0.185621	0.000008	0.175661	-4.000000	-44.000000	1.180000	21.713184
280.868164	-111.858284	-292.524445	-48.252258	-39.427116	6.237033	283.759644	0.163035	0.159855	-0.000039	-0.000016	0.170333	-0.169410	0.000008	0.000008	0.175661	-4.000000	-44.000000	1.180000	21.688184
280.039001	-113.009491	-291.983032	-45.455029	-37.643085	6.042128	283.119476	0.163035	-0.000011	-0.000039	-0.000016	0.000006	0.000005	0.185621	0.000008	0.175661	-4.000000	-44.000000	1.180000	21.670779
281.590149	-113.009491	-293.426727	-46.154335	-38.713505	6.237033	282.639313	0.163035	-0.000011	-0.000039	-0.000016	0.340666	0.000005	0.185621	0.000008	0.175661	-4.000000	-44.000000	1.180000	21.644363
268.593719	-67.537079	-246.326859	-9.265835	20.022621	5.652315	268.395325	0.163035	0.159855	-0.000039	-0.000016	0.170333	0.000005	0.185621	0.000008	0.175661	-4.000000	-40.000000	1.180000	21.102776
267.691162	-66.961479	-244.522263	-8.566525	20.201395	5.847221	267.275024	0.163035	-0.000011	-0.000039	-0.000016	0.000006	0.000005	0.185621	0.000008	0.175661	-4.000000	-40.000000	1.180000	21.049892
266.066620	-64.083481	-242.898148	-6.468602	24.134415	6.042128	266.634827	0.163035	0.319715	-0.000039	-0.000016	0.000006	0.000005	0.185621	0.000008	0.175661	-4.000000	-40.000000	1.180000	21.016245
265.705597	-69.072014	-244.522263	-8.042045	19.486300	5.847221	265.994659	0.163035	0.159855	-0.000039	-0.000016	0.170333	0.000005	0.185621	0.000008	0.175661	-4.000000	-40.000000	1.180000	20.998282
252.528625	-26.093874	-196.339630	28.043476	70.973091	5.262503	253.351105	0.163035	0.159855	-0.000039	-0.000016	0.340666	0.000005	0.185621	0.000008	0.175661	-4.000000	-36.000000	1.180000	20.505832
251.150375	-24.181940	-196.339630	23.661680	69.024529	5.847221	252.870956	0.163035	-0.000011	0.167543	-0.000016	0.340666	0.000005	0.185621	0.000008	0.175661	-4.000000	-36.000000	1.180000	20.461777
250.904053	-23.983339	-195.798264	26.459269	70.991547	5.457409	252.390823	0.163035	-0.000011	-0.000039	-0.000016	0.170381	0.000005	0.185621	0.192572	0.175661	-4.000000	-36.000000	1.180000	20.458035
251.445572	-24.175205	-195.978729	24.888584	69.185356	5.652315	251.910690	0.163035	0.159855	-0.000039	-0.000016	0.170333	0.000005	0.000008	0.000008	0.175661	-4.000000	-36.000000	1.180000	20.430053
263.247498	12.695001	-168.548920	61.345112	121.776428	5.847221	264.074097	0.163035	-0.000011	0.167543	-0.000016	0.000006	0.000005	0.185621	0.000008	0.175661	-4.000000	-32.000000	1.180000	20.920628
263.359009	12.506186	-168.187988	62.221470	122.134064	5.847221	264.874359	0.163035	0.319715	0.167543	-0.000016	0.340666	0.000005	0.185621	0.000008	0.175661	-4.000000	-32.000000	1.180000	20.953020
265.344574	13.853003	-171.075348	59.592392	121.418793	5.652315	265.514526	0.163035	0.159855	-0.000039	-0.000016	0.170333	0.000005	0.185621	0.000008	0.175661	-4.000000	-32.000000	1.180000	20.986768
265.233582	11.928978	-170.173050	62.906528	123.385796	5.847221	266.474762	0.163035	-0.000011	0.167543	-0.000016	0.000006	0.000005	0.000008	0.192572	0.175661	-4.000000	-32.000000	1.180000	21.017649
280.326599	50.601879	-142.743240	93.770393	174.528305	6.042128	283.119476	0.163035	0.159855	-0.000039	-0.000016	0.000006	0.000005	0.185621	0.000008	0.175661	-4.000000	-28.000000	1.180000	21.670779
279.785095	52.511200	-140.758194	94.120941	176.495331	6.237033	283.919678	0.163035	0.159886	0.167543	-0.000016	0.170381	0.000005	0.185621	0.000008	0.175661	-4.000000	-28.000000	1.180000	21.694436
282.492706	53.295513	-143.284622	93.244583	175.780045	6.237033	284.719910	0.163035	-0.000011	-0.000039	-0.000016	0.340666	0.000005	0.185621	0.000008	0.175661	-4.000000	-28.000000	1.180000	21.725673
280.941742	53.665295	-140.036362	95.172569	177.747070	6.237033	285.039978	0.163035	-0.000011	0.167543	-0.000016	0.000006	0.000005	0.185621	0.192572	0.175661	-4.000000	-28.000000	1.180000	21.738155
290.434998	87.543159	-107.553703	124.618225	224.061447	6.626846	299.924164	0.163035	-0.000011	0.167543	-0.000016	0.000006	0.000005	0.185621	0.000008	0.175661	-4.000000	-24.000000	1.180000	22.296055
292.962067	87.927963	-111.343346	122.690239	222.630890	6.626846	300.244263	0.163035	-0.000011	-0.000039	-0.000016	0.000006	0.000005	0.185621	0.000008	0.175661	-4.000000	-24.000000	1.180000	22.308220
293.142578	86.581146	-108.997375	125.494583	223.524994	6.626846	301.044464	0.163035	-0.000011	-0.000039	-0.000016	0.000006	0.000005	0.185621	0.192572	0.175661	-4.000000	-24.000000	1.180000	22.338596
294.767151	89.851990	-109.899666	123.917145	224.718369	6.431940	301.524628	0.163035	0.319715	-0.000039	-0.000016	0.170381	0.000005	0.185698	0.000008	0.175661	-4.000000	-24.000000	1.180000	22.364192
295.669678	117.942749	-70.559563	150.908997	265.190033	7.016659	315.608582	0.326071	0.159855	-0.000039	-0.000016	0.340666	0.000005	0.185621	0.000008	0.175661	-4.000000	-20.000000	1.180000	22.870005
296.830505	119.833282	-70.740021	152.486450	267.514709	7.406471	316.088715	0.163035	-0.000011	0.167543	-0.000016	0.000006	0.000005	0.185621	0.000008	0.175661	-4.000000	-20.000000	1.180000	22.873353
298.738312	119.481979	-72.003235	152.311172	266.620575	7.016659	316.408783	0.163035	0.159855	-0.000039	-0.000016	0.170333	0.000005	0.185621	0.000008	0.175661	-4.000000	-20.000000	1.180000	22.899638
296.752716	120.059181	-70.018188	153.713333	269.660522	7.016659	317.048981	0.163035	0.159855	-0.000039	-0.000016	0.170381	0.000005	0.185621	0.000008	0.175661	-4.000000	-20.000000	1.180000	22.923318
295.128143	144.686707	-29.414856	175.271774	300.417572	7.016659	328.892273	0.163035	0.159855	-0.000039	-0.000016	0.170333	0.000005	0.185621	0.000008	0.175661	-4.000000	-16.000000	1.180000	23.357052
296.391693	143.917084	-30.136690	178.076126	303.915039	6.821752	329.532471	0.163035	0.159855	-0.000039	-0.000016	0.340666	0.000005	0.185621	0.000008	0.175661	-4.000000	-16.000000	1.180000	23.387333
294.406128	143.917084	-29.414856	175.447052	302.563416	7.406471	329.852570	0.163035	0.159855	-0.000039	-0.000016	0.170333	0.000005	0.185621	0.000008	0.175661	-4.000000	-16.000000	1.180000	23.377742
297.191589	144.453934	-30.858528	177.375046	303.099854	7.406471	330.332703	0.163035	-0.000011	0.167543	-0.000016	0.000006	0.000016	0.185621	0.000008	0.175661	-4.000000	-16.000000	1.180000	23.395141
284.839294	154.691635	15.174481	193.850586	325.809998	7.211564	339.135162	0.163035	0.319715	-0.000039	-0.000016	0.000006	0.000005	0.185621	0.000008	0.175661	-4.000000	-12.000000	1.180000	23.718818
282.927826	155.033112	15.174481	192.974228	325.452362	7.016659	338.014832	0.163035	-0.000011	0.167543	-0.000016	0.170381	0.000016	0.185621	0.000008	0.175661	-4.000000	-12.000000	1.180000	23.685731
280.941742	154.648407	16.077724	191.747314	323.842987	7.211564	336.574463	0.163035	-0.000011	0.167543	-0.000016	0.340666	0.000005	0.185621	0.000008	0.175661	-4.000000	-12.000000	1.180000	23.627149
282.566711	154.648407	15.174481	191.221497	321.339508	7.016659	335.294098	0.163035	-0.000011	0.167543	-0.000016	0.000006	0.000005	0.185621	0.000008	0.175661	-4.000000	-12.000000	1.180000	23.588184
238.088089	140.453842	60.878551	186.839706	309.358582	6.626846	312.247620	0.163035	-0.000011	-0.000039	-0.000016	0.000006	-0.169410	0.185621	0.000008	0.175661	-4.000000	-8.000000	1.180000	22.759643
237.185577	140.646240	61.239849	184.911713	307.928009	7.016659	311.927521	0.326071	0.159855	-0.000039	-0.000016	0.170333	0.000005	0.185621	0.000008	0.175661	-4.000000	-8.000000	1.180000	22.733193
238.088089	140.069046	59.252716	184.736450	306.318634	6.821752	310.807220	0.163035	0.159855	-0.000039	-0.000016	0.340666	0.000005	0.185621	0.000008	0.175661	-4.000000	-8.000000	1.180000	22.698670
239.414368	141.223450	57.626877	182.808472	304.351624	7.016659	310.006989	0.163035	-0.000011	-0.000039	-0.000016	0.000006	0.000005	0.185621	0.000008	0.175661	-4.000000	-8.000000	1.180000	22.661486
194.275909	124.834351	98.272789	175.622314	289.509552	6.237033	289.841339	0.163035	-0.000011	0.167543	-0.000016	0.000006	0.000005	0.185621	0.000008	0.175661	-4.000000	-4.000000	1.180000	21.924536
195.178680	125.638855	96.646957	173.869598	287.184875	6.237033	289.201141	0.163035	-0.000011	-0.000039	-0.000016	0.000006	0.000005	0.185621	0.000008	0.175661	-4.000000	-4.000000	1.180000	21.899776
193.734253	124.064949	97.008255	173.869598	286.648437	6.237033	288.560974	0.163035	-0.000011	0.167543	-0.000016	0.000006	0.000016	0.185621	0.000008	0.175661	-4.000000	-4.000000	1.180000	21.874989
193.683502	125.026695	97.550201	173.694336	287.006073	6.237033	287.760773	0.163035	-0.000011	0.167543	-0.000016	0.170333	0.000005	0.185621	0.000008	-0.000013	-4.000000	-4.000000	1.180000	21.843967
156.359619	113.485779	127.357193	164.580200	272.879303	5.847221	274.156952	0.163035	0.159886	0.167543	-0.000016	0.170381	0.000016	0.000008	0.000008	0.175661	-4.000000	0.000000	1.180000	21.325155
153.972061	113.517502	129.163681	164.580200	273.952209	5.457409	273.676788	0.163035	-0.000011	-0.000039	-0.000016	0.170381	0.000005	0.185621	0.000008	0.175661	-4.000000	0.000000	1.180000	21.321565
154.915176	112.555496	128.079788	164.755463	274.309845	5.847221	273.196655	0.163035	-0.000011	-0.000039	-0.000016	0.000006	0.000005	0.185621	0.000008	0.175661	-4.000000	0.000000	1.180000	21.286959
153.470749	112.940277	128.260452	162.610809	272.342834	5.847221	272.556488	0.163035	-0.000011	-0.000039	-0.000016	0.000006	0.000005	0.185621	0.000008	0.175661	-4.000000	0.000000	1.180000	21.261458
117.359985	108.099998	155.899658	159.146759	265.190033	5.457409	265.674561	0.326071	0.159886	0.167543	-0.000016	0.170381	0.000005	0.185621	0.192572	0.175661	-4.000000	4.000000	1.180000	21.001096
116.096115	108.707436	157.886795	158.931046	268.229980	5.457409	266.154694	0.163035	-0.000011	-0.000039	-0.000016	0.170381	0.000005	0.185621	0.000008	0.175661	-4.000000	4.000000	1.180000	21.020462
116.818329	110.215851	158.067444	159.847855	268.587616	5.847221	266.794861	0.163035	-0.000011	0.167543	-0.000016	0.340666	0.000005	0.185621	0.000008	0.175661	-4.000000	4.000000	1.180000	21.030552
115.885193	109.284637	159.512634	159.847855	268.229980	5.652315	267.595093	0.163035	0.159855	-0.000039	-0.000016	0.000006	0.000005	0.185621	0.000008	0.175661	-4.000000	4.000000	1.180000	21.070615
82.332542	118.102142	200.158539	172.116882	285.217865	6.431940	284.559845	0.163035	-0.000011	0.167543	-0.000016	0.170381	0.000005	0.185621	0.000008	0.175661	-4.000000	8.000000	1.180000	21.711822
86.462631	117.173141	198.532715	172.817963	282.535583	6.237033	285.200012	0.163035	0.159855	-0.000039	-0.000016	0.340666	0.000005	0.185621	0.000008	0.175661	-4.000000	8.000000	1.180000	21.744393
85.560097	116.595932	198.894012	172.116882	283.787323	6.042128	285.680176	0.163035	0.159855	-0.000039	-0.000016	0.340666	0.000005	0.185621	0.000008	0.175661	-4.000000	8.000000	1.180000	21.770687
87.184654	116.018730	198.171417	172.292145	284.323792	6.237033	286.640442	0.163035	0.159855	0.167517	-0.000016	0.340666	0.000005	0.185621	0.000008	0.175661	-4.000000	8.000000	1.180000	21.800459
48.207874	123.295555	238.817322	180.308746	297.914093	6.626846	302.484894	0.163035	-0.000011	-0.000039	-0.000016	0.000006	0.000005	0.000008	0.000008	0.175661	-4.000000	12.000000	1.180000	22.393175
48.388424	123.872604	238.997955	181.055740	299.523468	6.821752	302.965027	0.163035	0.159855	-0.000039	-0.179798	0.170333	0.000005	0.185621	0.000008	0.175661	-4.000000	12.000000	1.180000	22.403968
50.193962	124.257301	237.552795	180.004120	296.662354	6.626846	303.765259	0.163035	-0.000011	0.167543	-0.000016	0.170381	0.000005	0.185621	0.000008	0.175661	-4.000000	12.000000	1.180000	22.441579
50.180817	125.446449	238.456024	179.303024	298.629364	6.626846	304.085358	0.163035	0.319715	-0.000039	-0.000016	0.000006	0.000005	0.185698	0.000008	0.175661	-4.000000	12.000000	1.180000	22.453662
3.791631	125.061653	271.514709	183.638077	301.848145	7.211564	317.369049	0.163035	-0.000011	-0.000039	-0.000016	0.170381	0.000005	0.185621	0.000008	0.175661	-4.000000	16.000000	1.180000	22.927944
6.319385	128.296631	270.430817	181.055740	301.490509	7.016659	317.849213	0.163035	-0.000011	0.167543	-0.000016	0.000006	0.000005	0.185621	0.000008	0.175661	-4.000000	16.000000	1.180000	22.952883
5.236063	127.142532	272.237305	184.385910	303.278687	7.016659	318.169281	0.163035	-0.000011	0.167543	-0.000016	0.000006	0.000005	0.185621	0.000008	0.175661	-4.000000	16.000000	1.180000	22.964697
3.790642	127.755287	273.501831	184.210632	303.815155	7.211564	318.809479	0.326071	0.159855	-0.000039	-0.000016	0.170333	0.000005	0.185621	0.192572	0.175661	-4.000000	16.000000	1.180000	22.981123
-40.550224	124.292038	300.599091	180.705200	298.092926	7.211564	330.652771	0.163035	0.159855	0.167543	-0.000016	0.170333	0.000005	0.185621	0.000008	0.175661	-4.000000	20.000000	1.180000	23.413787
-38.197330	127.911926	299.876495	178.906937	299.702271	7.406471	331.132904	0.163035	-0.000011	-0.000039	-0.000016	0.000006	0.000005	0.185621	0.000008	0.175661	-4.000000	20.000000	1.180000	23.424109
-37.476624	125.988441	298.431335	180.004120	297.556458	7.211564	331.613068	0.163035	-0.000011	-0.000039	-0.000016	0.000006	0.000005	0.185621	0.000008	0.175661	-4.000000	20.000000	1.180000	23.448519
-39.638741	127.142532	301.321686	180.179382	299.702271	7.211564	332.093201	0.163035	-0.000011	-0.000039	-0.000016	0.000006	0.000016	0.185621	0.000008	0.175661	-4.000000	20.000000	1.180000	23.465865
-82.160301	114.832214	316.134857	162.126389	278.422699	7.406471	333.213501	0.163035	-0.000011	0.167543	-0.000016	0.000006	0.000005	0.185621	0.000008	0.175661	-4.000000	24.000000	1.180000	23.499262
-83.803795	109.092232	313.786438	161.600571	274.488678	7.406471	331.933167	0.163035	-0.000011	-0.000039	-0.000016	0.170381	0.000005	0.185698	0.000008	0.175661	-4.000000	24.000000	1.180000	23.453044
-82.340469	110.408188	312.883209	160.548950	274.131042	7.406471	330.972870	0.163035	-0.000011	0.167543	-0.000016	0.000006	0.000016	0.185621	0.000008	0.175661	-4.000000	24.000000	1.180000	23.418318
-81.641113	113.709908	312.883209	159.497314	275.919250	7.016659	330.012604	0.163035	0.159855	-0.000039	-0.000016	0.170333	0.000005	0.185621	0.000008	0.175661	-4.000000	24.000000	1.180000	23.397665
-114.621964	78.115440	296.263550	127.247307	222.988541	6.626846	305.685791	0.163035	0.159855	-0.000039	-0.000016	0.170381	0.000005	0.185698	0.000008	0.175661	-4.000000	28.000000	1.180000	22.513987
-114.441750	76.747147	297.166779	126.896751	222.630890	6.821752	305.045593	0.163035	-0.000011	0.167543	-0.000016	0.170333	0.000005	0.185621	0.000008	0.175661	-4.000000	28.000000	1.180000	22.482530
-111.738403	81.001472	294.818359	126.864456	223.167358	6.821752	304.245392	0.163035	-0.000011	-0.000039	-0.000016	0.000006	-0.169410	0.185621	0.000008	0.175661	-4.000000	28.000000	1.180000	22.452347
-112.249702	78.115440	295.721588	127.597855	223.167358	6.821752	303.605194	0.163035	-0.000011	-0.000039	-0.000016	0.170381	0.000005	0.185621	0.000008	0.175661	-4.000000	28.000000	1.180000	22.428170
-147.023682	44.060196	284.521362	95.347839	172.382462	6.237033	287.760773	0.163035	0.159855	-0.000039	-0.000016	0.000006	0.000005	0.185621	0.000008	0.175661	-4.000000	32.000000	1.180000	21.843967
-149.726334	41.751366	285.424652	97.251060	172.561295	6.431940	287.120575	0.163035	-0.000011	-0.000039	-0.000016	0.170381	0.000005	0.185621	0.000008	0.175661	-4.000000	32.000000	1.180000	21.811544
-144.358810	44.060196	282.895538	96.048927	173.097763	6.431940	286.320343	0.163035	0.159855	-0.000039	-0.000016	0.170333	0.000005	0.185621	0.000008	0.175661	-4.000000	32.000000	1.180000	21.780430
-143.637909	45.599415	282.714905	94.997299	173.634216	6.431940	286.000275	0.163035	0.159855	-0.000039	-0.000016	0.000006	0.000005	0.185621	0.000008	0.175661	-4.000000	32.000000	1.180000	21.767972
-176.438538	9.620148	273.682465	62.396744	122.817429	5.847221	272.876587	0.163035	0.159855	-0.000039	-0.000016	0.000006	0.000005	0.185621	0.000008	0.175661	-4.000000	36.000000	1.180000	21.274213
-176.438538	8.080928	272.417938	64.500008	122.491707	5.847221	272.236420	0.163035	0.159855	-0.000039	-0.000016	0.000006	0.000005	0.185621	0.000008	0.175661	-4.000000	36.000000	1.180000	21.248696
-175.311340	9.812551	270.972748	63.081749	122.670525	6.042128	271.596222	0.163035	-0.000011	-0.000039	-0.000016	0.000006	0.000005	0.185621	0.000008	0.175661	-4.000000	36.000000	1.180000	21.215365
-172.969055	10.771512	268.804962	62.572018	120.703499	6.042128	270.635956	0.163035	-0.000011	0.167543	-0.000016	0.170333	0.000005	0.185621	0.000008	0.175661	-4.000000	36.000000	1.180000	21.176972
-211.762283	-25.326406	271.334045	30.672552	73.654694	6.042128	273.356720	0.163035	0.159855	-0.000039	-0.000016	0.340666	0.000005	0.000008	0.000008	0.175661	-4.000000	40.000000	1.180000	21.285573
-214.645859	-29.355606	275.669617	30.672552	73.833473	6.042128	274.316986	0.163035	0.159855	-0.000039	-0.000016	0.170333	0.000005	0.185621	0.000008	0.175661	-4.000000	40.000000	1.180000	21.323770
-214.285400	-27.053207	275.308319	30.497282	74.031487	6.042128	275.117218	0.163035	-0.000011	-0.000039	-0.000016	0.170333	-0.169410	0.185621	0.000008	0.175661	-4.000000	40.000000	1.180000	21.355550
-214.049210	-26.484980	275.850250	30.497282	75.104408	6.042128	275.757385	0.163035	-0.000011	0.167543	-0.000016	0.000006	0.000016	0.185621	0.000008	0.175661	-4.000000	40.000000	1.180000	21.380938
-267.561493	-71.202370	293.011871	-6.643427	21.637238	6.237033	294.002502	0.163035	-0.000011	0.167543	-0.000016	0.170333	0.000005	0.185621	0.000008	-0.000013	-4.000000	44.000000	1.180000	22.084793
-269.433685	-75.595490	294.818359	-6.643427	18.413660	6.626846	294.642700	0.163035	0.159855	-0.000039	-0.179798	0.170333	0.000005	0.185621	0.000008	0.175661	-4.000000	44.000000	1.180000	22.094400
-269.433685	-74.252419	295.721588	-7.342736	19.665073	6.626846	295.282867	0.163035	-0.000011	-0.000039	-0.000016	0.000006	-0.169410	0.185698	0.000008	0.175661	-4.000000	44.000000	1.180000	22.118939
-268.102020	-74.081177	295.360321	-5.244812	20.385498	6.431940	296.083099	0.163035	-0.000011	0.167543	-0.000016	0.000006	0.000005	0.000008	0.000008	0.175661	-4.000000	44.000000	1.180000	22.157034
314.524750	-77.514153	-329.518555	-101.574509	-46.028042	6.626846	316.408783	0.163035	-0.000011	0.167543	-0.000016	0.170381	0.000005	0.185621	0.000008	0.175661	0.000000	-44.000000	1.180000	22.914059
315.886414	-78.473488	-332.225464	-102.798294	-48.168880	6.626846	317.048981	0.163035	-0.000011	0.167543	-0.000016	0.170333	0.000005	0.185621	0.000008	0.175661	0.000000	-44.000000	1.180000	22.937724
317.691467	-80.200287	-333.308197	-99.476585	-47.098457	6.821752	317.369049	0.163035	0.319715	-0.000039	-0.000016	0.000006	0.000005	0.185621	0.000008	0.175661	0.000000	-44.000000	1.180000	22.942349
317.330444	-79.432823	-334.390991	-101.749336	-47.990479	6.821752	318.009247	0.163035	-0.000011	-0.000039	-0.000016	0.000006	0.000005	0.185621	0.000008	0.175661	0.000000	-44.000000	1.180000	22.965984
332.312500	-36.646542	-308.404846	-56.993614	21.274036	7.406471	330.492737	0.163035	0.319715	-0.000039	-0.000016	0.170381	0.000005	0.185621	0.000008	0.175661	0.000000	-40.000000	1.180000	23.400937
329.965912	-36.272907	-307.141632	-60.315323	21.458418	7.211564	330.812836	0.163035	-0.000011	-0.000039	-0.000016	0.170333	0.000005	0.185621	0.000008	0.175661	0.000000	-40.000000	1.180000	23.419580
331.409943	-36.838409	-307.863464	-59.091537	21.994879	7.211564	331.453033	0.163035	0.159855	0.167543	-0.000016	0.340666	0.000005	0.185621	0.000008	0.175661	0.000000	-40.000000	1.180000	23.442734
331.951508	-33.192944	-306.600250	-57.168438	25.564602	7.211564	332.093201	0.163035	0.159855	-0.000039	-0.000016	0.170333	0.000005	0.185621	0.000008	0.175661	0.000000	-40.000000	1.180000	23.465865
331.677368	15.007417	-262.207275	-11.713411	91.913490	7.406471	332.093201	0.163035	-0.000011	0.167543	-0.000016	0.170381	0.000005	0.185621	0.000008	0.175661	0.000000	-36.000000	1.180000	23.458826
331.770996	13.468198	-262.929108	-13.986163	90.125290	7.406471	331.292999	0.163035	-0.000011	-0.000039	-0.000016	0.170381	0.000005	0.185621	0.000008	0.175661	0.000000	-36.000000	1.180000	23.429900
330.052368	13.656743	-260.583130	-10.664450	91.913490	7.211564	330.172668	0.163035	-0.000011	0.167543	-0.000016	0.340666	0.000005	0.185621	0.000008	0.175661	0.000000	-36.000000	1.180000	23.396403
328.882874	14.622613	-258.778564	-11.538583	92.068375	7.016659	329.212402	0.163035	0.159855	-0.000039	-0.000016	0.340666	0.000005	0.185621	0.000008	0.175661	0.000000	-36.000000	1.180000	23.368664
300.802673	52.511200	-194.354584	32.775814	142.340729	6.626846	304.245392	0.326071	-0.000011	0.167543	-0.000016	0.170381	0.000005	0.185621	0.000008	0.175661	0.000000	-32.000000	1.180000	22.459701
303.330414	52.126503	-195.256882	32.592220	140.016052	6.821752	303.445160	0.163035	-0.000011	0.167543	-0.000016	0.170381	0.000016	0.185621	0.000008	0.175661	0.000000	-32.000000	1.180000	22.422122
303.250946	52.333504	-196.700562	28.211540	136.439651	6.431940	302.644928	0.163035	-0.000011	-0.000039	-0.000016	0.000006	0.000005	0.185621	0.000008	0.175661	0.000000	-32.000000	1.180000	22.406604
299.719330	50.972412	-194.174133	30.839949	139.300781	6.626846	302.164795	0.163035	-0.000011	0.167543	-0.000016	0.000006	0.000005	0.185621	0.000008	0.175661	0.000000	-32.000000	1.180000	22.381059
281.770660	85.041931	-140.397278	63.782669	180.429367	6.626846	286.800476	0.163035	-0.000011	-0.000039	-0.000016	0.000006	0.000005	0.185621	0.000008	0.175661	0.000000	-28.000000	1.180000	21.791526
282.673218	84.464722	-141.480026	63.623653	178.819992	6.626846	286.000275	0.163035	-0.000011	-0.000039	-0.000016	0.000006	0.000005	0.185621	0.000008	0.175661	0.000000	-28.000000	1.180000	21.760383
281.229156	85.041931	-139.855911	65.201096	179.892914	6.431940	285.520142	0.163035	0.159855	-0.000039	-0.000016	0.170333	0.000005	0.185621	0.000008	0.175661	0.000000	-28.000000	1.180000	21.749272
283.108398	84.056404	-144.186920	59.226757	173.813034	6.237033	284.719910	0.163035	-0.000011	0.167543	-0.000016	0.000006	0.000005	0.185621	0.000008	0.175661	0.000000	-28.000000	1.180000	21.725673
261.622498	108.484703	-93.838806	86.562202	203.497147	6.042128	269.995789	0.163035	-0.000011	-0.000039	-0.000016	0.170381	0.000005	0.185621	0.000008	0.175661	0.000000	-24.000000	1.180000	21.151338
261.734467	107.168213	-95.462936	86.759521	202.781860	6.042128	268.875458	0.163035	0.319715	0.167517	-0.000016	0.340666	0.000005	0.185621	0.000008	0.175661	0.000000	-24.000000	1.180000	21.106403
260.539154	106.783409	-94.921562	86.233704	202.781860	5.847221	268.235291	0.163035	-0.000011	-0.000039	-0.000016	0.170381	0.000005	0.185621	0.000008	0.175661	0.000000	-24.000000	1.180000	21.088516
259.094727	106.945915	-92.575592	85.883163	202.066589	5.847221	267.435059	0.163035	-0.000011	0.167543	-0.000016	0.170381	0.000005	0.000008	0.000008	0.175661	0.000000	-24.000000	1.180000	21.056334
260.178040	134.067093	-60.273388	107.441597	236.400024	6.042128	276.717651	0.163035	-0.000011	-0.000039	-0.000016	0.170381	0.000016	0.185621	0.000008	0.175661	0.000000	-20.000000	1.180000	21.418966
262.164154	133.142548	-60.453842	109.369583	236.400024	6.042128	277.677917	0.163035	-0.000011	-0.000039	-0.000016	0.000006	0.000005	0.185621	0.000008	-0.000013	0.000000	-20.000000	1.180000	21.456926
262.456482	133.334946	-58.829712	109.720131	236.400024	6.042128	278.478149	0.163035	-0.000011	0.167543	-0.000016	0.170333	0.000005	0.000008	0.000008	0.175661	0.000000	-20.000000	1.180000	21.488508
264.622559	134.451782	-61.897518	108.317963	235.863571	5.847221	279.118347	0.163035	-0.000011	-0.000039	-0.000016	0.340666	0.000005	0.185621	0.000008	0.175661	0.000000	-20.000000	1.180000	21.521417
266.066620	157.962463	-24.542456	131.979645	273.773407	6.431940	296.083099	0.163035	0.159855	-0.000039	-0.000016	0.170333	0.000005	0.185621	0.000008	0.175661	0.000000	-16.000000	1.180000	22.157034
264.803070	156.230850	-22.557405	134.082901	275.919250	6.626846	297.203400	0.326071	0.159855	-0.000039	-0.000016	0.000006	0.000005	0.185621	0.000008	0.175661	0.000000	-16.000000	1.180000	22.192400
268.413208	158.732086	-24.903376	133.031281	273.952209	6.626846	297.683533	0.163035	0.159855	-0.000039	-0.000016	0.170333	0.000005	0.000008	0.000008	0.175661	0.000000	-16.000000	1.180000	22.210728
266.969147	158.732086	-23.098780	133.907639	275.561615	6.626846	298.323730	0.163035	0.159855	-0.000039	-0.000016	0.170333	0.000005	0.185621	0.000008	-0.000013	0.000000	-16.000000	1.180000	22.235142
263.178497	173.690933	16.077724	148.279907	303.099854	7.016659	313.047852	0.163035	0.159886	0.167543	-0.000016	0.170333	0.000005	0.185621	0.000008	0.175661	0.000000	-12.000000	1.180000	22.774919
263.178497	174.845032	15.716429	147.403549	303.278687	7.016659	313.367950	0.163035	-0.000011	0.167543	-0.000016	0.000006	0.000005	0.185621	0.192572	0.175661	0.000000	-12.000000	1.180000	22.786827
264.983551	173.690933	14.090591	148.104645	301.848145	7.211564	314.008118	0.163035	-0.000011	0.167543	-0.000016	0.170333	0.000005	0.185621	0.000008	0.175661	0.000000	-12.000000	1.180000	22.803380
264.081024	173.162277	15.897078	149.331543	302.205780	6.821752	314.328217	0.163035	0.159855	-0.000039	-0.000016	0.170381	0.000005	0.185621	0.000008	0.175661	0.000000	-12.000000	1.180000	22.829748
250.362534	181.435577	63.046337	160.023132	321.160706	7.406471	326.651672	0.163035	-0.000011	-0.000039	-0.000016	0.170333	0.000005	0.185621	0.000008	0.175661	0.000000	-8.000000	1.180000	23.261418
249.460022	182.782394	64.672173	160.198395	324.558289	7.211564	327.131805	0.163035	0.159855	-0.000039	-0.000016	0.000006	0.000005	0.185621	0.000008	0.175661	0.000000	-8.000000	1.180000	23.285997
250.904053	183.936813	62.685040	158.445679	323.485352	7.211564	327.611938	0.163035	0.319715	-0.000039	-0.000016	0.170333	0.000005	0.000008	0.000008	0.175661	0.000000	-8.000000	1.180000	23.303465
253.431152	185.091232	63.768925	160.724213	322.770050	6.821752	328.092072	0.326071	0.319715	-0.000039	-0.000016	0.000006	0.000005	0.185621	0.000008	0.175661	0.000000	-8.000000	1.180000	23.335080
228.942261	186.963013	112.544029	163.178024	339.042694	6.821752	340.095428	0.163035	-0.000011	0.167543	-0.000016	0.170333	0.000005	0.185621	0.000008	0.175661	0.000000	-4.000000	1.180000	23.767008
231.228836	191.632919	111.640778	161.074753	338.863861	7.016659	339.935394	0.163035	-0.000011	-0.000039	-0.000016	0.000006	0.000005	0.185621	0.000008	0.175661	0.000000	-4.000000	1.180000	23.754348
228.581131	189.271194	112.905327	161.425308	339.221497	6.821752	339.135162	0.163035	-0.000011	-0.000039	-0.000016	0.000006	0.000005	0.185621	0.000008	0.175661	0.000000	-4.000000	1.180000	23.732743
229.243286	188.169662	111.821426	162.652206	338.148590	6.821752	338.014832	0.163035	0.159855	-0.000039	-0.000016	0.000006	0.000005	0.185698	0.192572	0.175661	0.000000	-4.000000	1.180000	23.692704
177.437912	169.266922	144.880112	146.351929	309.537384	7.016659	311.127319	0.163035	0.159855	-0.000039	-0.000016	0.170333	0.000005	0.185621	0.000008	0.175661	0.000000	0.000000	1.180000	22.703343
176.401093	171.238235	145.422043	144.949753	311.504395	6.821752	310.487122	0.163035	0.159886	-0.000039	-0.000016	0.000006	0.000005	0.185621	0.192572	0.175661	0.000000	0.000000	1.180000	22.686716
176.401093	168.352219	144.880112	147.228287	309.895020	6.626846	309.526855	0.163035	-0.000011	-0.000039	-0.000016	0.170381	0.000005	0.000008	0.000008	0.175661	0.000000	0.000000	1.180000	22.658108
176.174362	168.929413	143.796219	145.300308	308.285675	6.431940	308.886688	0.163035	0.159855	-0.000039	-0.000016	0.170333	0.000005	0.000008	0.000008	-0.000013	0.000000	0.000000	1.180000	22.641448
130.325714	155.994843	173.061264	140.392685	291.297729	6.626846	291.921906	0.326071	0.159855	-0.000039	-0.000016	0.170333	0.000005	0.185621	0.000008	0.175661	0.000000	4.000000	1.180000	21.989791
131.804291	157.000458	171.616074	139.165787	290.403656	6.626846	291.281738	0.163035	-0.000011	-0.000039	-0.000016	0.000006	0.000005	0.185621	0.000008	0.175661	0.000000	4.000000	1.180000	21.965107
129.784180	156.615646	172.158020	138.639969	291.297729	6.431940	290.641571	0.163035	0.159855	0.167517	-0.000016	0.000006	0.000005	0.185621	0.000008	0.175661	0.000000	4.000000	1.180000	21.947921
129.603683	157.000458	172.338669	138.289429	289.688385	6.237033	290.001404	0.163035	0.319715	-0.000039	-0.000016	0.000006	0.000005	0.185621	0.000008	0.175661	0.000000	4.000000	1.180000	21.930722
84.657555	150.843582	191.848709	133.381821	274.667480	6.237033	276.397583	0.163035	0.159855	-0.000039	-0.000016	0.000006	0.000005	0.185621	0.000008	0.175661	0.000000	8.000000	1.180000	21.398580
84.657555	148.727158	192.390656	135.309799	275.203949	6.237033	275.917419	0.163035	0.159855	-0.000039	-0.000016	0.170333	0.000005	0.185621	0.000008	0.175661	0.000000	8.000000	1.180000	21.379556
83.213509	150.458786	192.751953	133.907639	275.740417	5.847221	275.437286	0.163035	0.159855	-0.000039	-0.000016	0.170333	0.000005	0.185621	0.000008	0.175661	0.000000	8.000000	1.180000	21.375975
84.116043	148.534744	192.029358	135.309799	275.025116	6.237033	274.957153	0.326071	0.159855	-0.000039	-0.000016	0.170333	0.000005	0.185621	0.000008	0.175661	0.000000	8.000000	1.180000	21.341458
43.502075	138.529816	203.771500	126.546219	254.639648	5.457409	259.432800	0.163035	0.159855	-0.000039	-0.000016	0.340666	0.000005	0.185621	0.000008	0.175661	0.000000	12.000000	1.180000	20.747693
42.971809	139.299423	202.868271	124.618225	254.282013	5.652315	258.792633	0.163035	-0.000011	-0.000039	-0.000016	0.000006	0.000005	0.000008	0.000008	0.175661	0.000000	12.000000	1.180000	20.713556
41.346825	138.875809	205.397354	126.546219	256.070221	5.652315	258.312500	0.163035	-0.000011	0.167543	-0.000016	0.170381	0.000005	0.185621	0.000008	0.175661	0.000000	12.000000	1.180000	20.693903
42.599545	137.182999	203.410202	127.072029	253.387924	5.262503	257.672302	0.163035	0.159855	-0.000039	-0.000016	0.340666	0.000005	0.185621	0.000008	0.175661	0.000000	12.000000	1.180000	20.683646
5.054188	140.261444	237.010834	133.206543	261.256012	5.847221	274.637085	0.163035	0.159855	-0.000039	-0.000016	0.170333	0.000005	0.185621	0.000008	0.175661	0.000000	16.000000	1.180000	21.344227
5.236063	142.338089	236.468887	130.402206	263.044189	6.042128	275.437286	0.163035	-0.000011	0.167543	-0.000016	0.170333	0.000005	0.000008	0.000008	0.175661	0.000000	16.000000	1.180000	21.368247
4.873682	140.991638	238.275360	133.557083	264.117126	5.847221	276.237549	0.163035	-0.000011	-0.000039	-0.000016	0.170333	0.000005	0.185621	0.000008	0.175661	0.000000	16.000000	1.180000	21.407678
5.054188	142.762680	238.636673	131.979645	265.190033	6.042128	277.037750	0.163035	-0.000011	-0.000039	-0.000016	0.000006	0.000005	0.185698	0.000008	0.175661	0.000000	16.000000	1.180000	21.431627
-33.701740	144.879105	269.166290	135.309799	266.620575	6.237033	294.482635	0.163035	0.159855	-0.000039	-0.000016	0.000006	-0.169452	0.000008	0.000008	0.175661	0.000000	20.000000	1.180000	22.103210
-32.980846	146.610718	269.346924	135.134537	267.514709	6.431940	294.962799	0.163035	-0.000011	-0.000039	-0.000016	0.000006	0.000005	0.185621	0.000008	0.175661	0.000000	20.000000	1.180000	22.114144
-33.521523	144.879105	269.166290	134.959259	265.368866	6.626846	295.602966	0.163035	-0.000011	-0.000039	-0.000016	0.000006	-0.169410	0.185621	0.000008	0.175661	0.000000	20.000000	1.180000	22.131201
-33.701740	145.263901	270.611450	136.361435	266.441772	6.237033	296.243134	0.163035	0.159886	-0.000039	-0.000016	0.000006	0.000005	0.185621	0.192572	0.175661	0.000000	20.000000	1.180000	22.170606
-75.693748	137.182999	295.360321	124.618225	260.004272	7.016659	309.526855	0.163035	0.159855	-0.000039	-0.000016	0.170333	0.000005	0.185698	0.000008	0.175661	0.000000	24.000000	1.180000	22.643523
-75.333298	137.760223	294.095764	124.267693	257.143127	6.821752	310.006989	0.163035	0.159855	-0.000039	-0.000016	0.170333	0.000005	0.000008	0.000008	0.175661	0.000000	24.000000	1.180000	22.668773
-76.054192	137.375412	295.902252	125.494583	259.110168	6.626846	310.647186	0.163035	0.159855	-0.000039	-0.000016	0.170333	0.000005	0.185621	0.000008	0.175661	0.000000	24.000000	1.180000	22.699971
-76.414642	137.760223	295.540955	124.092415	260.361908	6.626846	311.287354	0.163035	-0.000011	0.167543	-0.000016	0.000006	0.000005	0.185621	0.000008	0.175661	0.000000	24.000000	1.180000	22.723859
-123.240448	121.179726	316.857452	101.982193	238.367065	7.211564	324.571106	0.163035	-0.000011	0.167543	-0.000016	0.000006	0.000005	0.185621	0.000008	-0.000013	0.000000	28.000000	1.180000	23.192617
-122.371559	121.021202	317.399414	103.936157	239.082336	7.211564	325.051239	0.163035	0.159855	-0.000039	-0.000016	0.170333	0.000005	0.185621	0.000008	0.175661	0.000000	28.000000	1.180000	23.210155
-122.159393	120.636391	317.760712	102.709251	240.155243	7.211564	325.531342	0.163035	-0.000011	-0.000039	-0.000016	0.000006	0.000005	0.185621	0.000008	0.175661	0.000000	28.000000	1.180000	23.227678
-123.420624	121.564423	318.483307	100.781265	239.797607	7.016659	326.171539	0.163035	-0.000011	0.167543	-0.000016	0.000006	0.000005	0.185621	0.000008	0.175661	0.000000	28.000000	1.180000	23.258127
-172.428528	92.519753	333.838409	75.717400	204.570068	7.406471	338.494995	0.163035	0.159855	0.167543	-0.000016	0.340666	0.000005	0.185621	0.000008	0.175661	0.000000	32.000000	1.180000	23.688964
-175.311340	92.712097	334.741669	75.366859	204.391251	7.406471	338.494995	0.163035	-0.000011	0.167543	-0.000016	0.170381	0.000005	0.185621	0.000008	0.175661	0.000000	32.000000	1.180000	23.688964
-174.275848	93.507637	336.186859	74.139954	205.642990	7.601377	339.135162	0.163035	0.159855	-0.000039	-0.000016	0.170333	0.000005	0.185621	0.000008	0.175661	0.000000	32.000000	1.180000	23.704887
-175.311340	94.662048	336.006195	72.737778	204.570068	7.601377	339.455261	0.163035	0.159855	-0.000039	-0.000016	0.000006	0.000005	0.185621	0.000008	0.175661	0.000000	32.000000	1.180000	23.716328
-204.499863	50.024673	315.592926	33.301628	141.804260	7.016659	316.408783	0.163035	-0.000011	-0.000039	-0.000016	0.000006	0.000005	0.185621	0.000008	0.175661	0.000000	36.000000	1.180000	22.899638
-203.238632	51.756294	314.328400	32.942673	142.340729	7.016659	315.608582	0.163035	-0.000011	-0.000039	-0.000016	0.000006	0.000005	0.000008	0.000008	0.175661	0.000000	36.000000	1.180000	22.870005
-201.669785	52.718307	312.341278	34.353260	142.124985	7.016659	314.808350	0.163035	0.159855	-0.000039	-0.179798	0.170333	0.000005	0.185621	0.000008	0.175661	0.000000	36.000000	1.180000	22.840333
-202.030212	51.357109	311.799316	32.250000	141.983078	7.016659	313.848083	0.163035	-0.000011	0.167543	-0.000016	0.170333	0.000005	0.185621	0.000008	0.175661	0.000000	36.000000	1.180000	22.804676
-231.406601	12.890990	296.805481	-11.538583	78.481575	6.626846	296.403168	0.163035	0.159855	-0.000039	-0.000016	0.170333	0.000005	0.185621	0.000008	0.175661	0.000000	40.000000	1.180000	22.161820
-229.544342	9.040374	293.553802	-5.244812	78.144348	6.821752	295.763000	0.163035	-0.000011	0.167543	-0.000016	0.000006	0.000005	0.185621	0.000008	0.175661	0.000000	40.000000	1.180000	22.129865
-229.724518	11.348559	295.360321	-8.566525	78.680801	6.431940	295.122833	0.163035	-0.000011	0.167543	-0.000016	0.170333	0.000005	0.185621	0.000008	0.175661	0.000000	40.000000	1.180000	22.120276
-229.604370	8.273330	293.915131	-5.244812	78.302811	6.821752	294.642700	0.163035	0.159855	-0.000039	-0.000016	0.170333	0.000005	0.185698	0.000008	0.175661	0.000000	40.000000	1.180000	22.086922
-250.084412	-27.060740	275.850250	-45.105373	19.491398	6.237033	277.037750	0.163035	-0.000011	0.167543	-0.000016	0.000006	0.000016	0.185621	0.000008	0.175661	0.000000	44.000000	1.180000	21.423918
-248.347580	-27.053207	276.392212	-46.678818	17.877338	6.237033	276.237549	0.163035	-0.000011	0.167543	-0.000016	0.170333	0.000005	0.185621	0.000008	0.175661	0.000000	44.000000	1.180000	21.392242
-251.165466	-29.355606	276.572845	-46.503990	18.060839	6.042128	275.757385	0.163035	-0.000011	-0.000039	-0.000016	0.000006	0.000005	0.185621	0.000008	0.175661	0.000000	44.000000	1.180000	21.380938
-250.805115	-27.636501	276.211578	-45.105373	19.133757	6.237033	275.117218	0.163035	0.159886	0.167543	-0.000016	0.000006	0.000005	0.185621	0.000008	0.175661	0.000000	44.000000	1.180000	21.347813
271.011292	-27.444582	-280.614136	-124.476860	-38.713505	5.847221	272.556488	0.163035	-0.000011	0.167543	-0.000016	0.000006	0.000005	0.185621	0.192572	0.175661	4.000000	-44.000000	1.180000	21.261458
271.301300	-24.949619	-281.155487	-125.700645	-38.178295	6.042128	273.516754	0.163035	-0.000011	0.167543	-0.000016	0.340666	0.000005	0.185621	0.000008	0.175661	4.000000	-44.000000	1.180000	21.291943
270.759766	-24.558939	-279.531342	-123.427895	-36.394268	6.237033	274.156952	0.163035	0.319715	-0.000039	-0.000016	0.340666	0.000005	0.185621	0.000008	0.175661	4.000000	-44.000000	1.180000	21.309659
273.647858	-26.093874	-282.057770	-126.225121	-38.535103	5.847221	274.957153	0.163035	0.159855	-0.000039	-0.000016	0.340666	0.000005	0.185621	0.000008	0.175661	4.000000	-44.000000	1.180000	21.356931
291.698517	14.045405	-267.981964	-90.910065	22.167906	6.237033	292.562103	0.163035	0.159855	-0.000039	-0.000016	0.340666	0.000005	0.185698	0.000008	0.175661	4.000000	-40.000000	1.180000	22.029452
291.157013	13.853003	-268.523346	-93.882126	19.491398	6.626846	293.362335	0.326071	0.319715	0.335061	-0.000016	0.170333	0.000005	0.185621	0.192572	0.175661	4.000000	-40.000000	1.180000	22.045234
293.941620	13.849093	-270.327942	-90.910065	21.637238	6.431940	294.002502	0.163035	-0.000011	0.167543	-0.000016	0.000006	0.000016	0.185621	0.000008	0.175661	4.000000	-40.000000	1.180000	22.077312
293.142578	14.815016	-270.508392	-92.833168	21.095263	6.431940	294.322601	0.163035	0.159855	-0.000039	-0.000016	0.170333	0.000005	0.185621	0.000008	0.175661	4.000000	-40.000000	1.180000	22.089596
308.846649	55.027138	-244.522263	-50.350189	84.224228	7.016659	308.566589	0.163035	0.159855	0.167543	-0.000016	0.340666	0.000005	0.185621	0.000008	0.175661	4.000000	-36.000000	1.180000	22.607556
308.485657	56.373955	-244.161362	-48.776741	86.012428	7.016659	309.046722	0.163035	0.159855	-0.000039	-0.000016	0.170381	0.000005	0.185621	0.000008	0.175661	4.000000	-36.000000	1.180000	22.625547
307.583099	54.257526	-245.244110	-49.650879	84.917435	6.821752	309.846954	0.163035	0.159855	-0.000039	-0.000016	0.170333	0.000005	0.000035	0.000008	0.175661	4.000000	-36.000000	1.180000	22.662790
308.205383	55.604343	-245.424576	-52.972595	82.257210	7.016659	310.327087	0.163035	-0.000011	0.167543	-0.000016	0.000006	0.000005	0.185621	0.000008	0.175661	4.000000	-36.000000	1.180000	22.673453
323.287170	97.548088	-213.663727	-8.391698	146.095932	7.211564	324.250977	0.163035	0.159886	0.167543	-0.000016	0.340666	0.000005	0.185621	0.000008	0.175661	4.000000	-32.000000	1.180000	23.180917
322.830231	95.597328	-212.400513	-5.594465	146.453583	7.406471	324.891174	0.163035	-0.000011	0.167543	-0.000016	0.000006	0.000005	0.185621	0.000008	0.175661	4.000000	-32.000000	1.180000	23.197191
322.023621	97.740494	-210.956848	-5.069984	148.778244	7.211564	325.211273	0.163035	0.159855	-0.000039	-0.000016	0.340666	0.000005	0.000035	0.000008	0.175661	4.000000	-32.000000	1.180000	23.215997
322.565155	96.970879	-211.859131	-6.468602	148.599426	7.016659	325.851440	0.163035	0.159855	-0.000039	-0.000016	0.170333	0.000005	0.185621	0.000008	0.175661	4.000000	-32.000000	1.180000	23.246461
334.298065	137.337021	-174.684540	36.456520	205.642990	7.406471	337.534729	0.163035	-0.000011	0.167543	-0.000016	0.170333	0.000016	0.185621	0.000008	0.175661	4.000000	-28.000000	1.180000	23.654586
330.146393	136.028595	-172.338562	36.631794	207.967651	7.601377	338.174927	0.163035	0.159855	-0.000039	-0.000016	0.170381	0.000005	0.185621	0.000008	0.175661	4.000000	-28.000000	1.180000	23.670533
333.576050	136.990601	-174.864990	35.054348	207.073547	7.601377	338.815094	0.163035	0.159855	-0.000039	-0.000016	0.000006	0.000005	0.185621	0.000008	0.175661	4.000000	-28.000000	1.180000	23.693442
332.854004	135.836182	-175.586823	33.827446	204.748886	7.601377	338.975128	0.163035	0.159855	-0.000039	-0.000016	0.170333	0.000005	0.185698	0.192572	0.175661	4.000000	-28.000000	1.180000	23.699165
308.124603	157.962463	-119.103081	65.201096	232.465988	7.016659	318.009247	0.163035	0.159855	-0.000039	-0.000016	0.170333	0.000005	0.185698	0.000008	0.175661	4.000000	-24.000000	1.180000	22.958791
305.417023	154.263718	-120.366310	65.201096	231.571884	6.821752	317.048981	0.163035	-0.000011	0.335061	-0.000016	0.170381	0.000005	0.185621	0.000008	0.175661	4.000000	-24.000000	1.180000	22.930523
304.333984	155.610153	-117.298492	67.304352	233.181259	7.016659	316.088715	0.163035	0.159855	0.167543	-0.000016	0.170381	0.000005	0.185621	0.000008	0.175661	4.000000	-24.000000	1.180000	22.887790
304.153473	154.306824	-118.381256	65.726906	231.214249	6.821752	315.448547	0.163035	0.159855	-0.000039	-0.000016	0.340666	0.000005	0.185621	0.000008	0.175661	4.000000	-24.000000	1.180000	22.871298
280.326599	170.276230	-69.115891	87.986420	249.096237	6.626846	298.003632	0.163035	0.159855	-0.000039	-0.000016	0.170333	0.000005	0.185621	0.192572	0.175661	4.000000	-20.000000	1.180000	22.222937
277.980042	168.352219	-70.920479	85.510841	246.592743	6.626846	297.043365	0.163035	0.159855	-0.000039	-0.000016	0.000006	0.000005	0.185621	0.000008	0.175661	4.000000	-20.000000	1.180000	22.186288
278.160553	169.121826	-68.033134	88.161697	248.559784	6.626846	296.563202	0.163035	0.159855	0.167517	-0.000016	0.340666	0.000005	0.185621	0.000008	0.175661	4.000000	-20.000000	1.180000	22.167939
275.994476	170.083832	-66.950378	88.687515	250.705612	6.431940	295.923035	0.163035	0.159855	-0.000039	-0.000016	0.340666	0.000005	0.185621	0.000008	0.175661	4.000000	-20.000000	1.180000	22.150911
247.474442	172.392670	-24.722916	96.925285	252.136185	6.237033	278.158051	0.163035	0.159855	-0.000039	-0.000016	0.170333	0.000005	0.185621	0.000008	0.175661	4.000000	-16.000000	1.180000	21.468188
246.455978	170.853439	-25.083834	96.399475	251.957367	6.237033	277.517883	0.163035	-0.000011	-0.000039	-0.000016	0.170381	0.000005	0.000008	0.000008	0.175661	4.000000	-16.000000	1.180000	21.442902
246.571899	170.853439	-24.361996	97.976913	253.030273	6.042128	277.037750	0.163035	0.159855	-0.000039	-0.000016	0.170333	0.000005	0.185621	0.192572	0.175661	4.000000	-16.000000	1.180000	21.431627
246.932922	170.853439	-25.805670	96.224197	250.169159	6.237033	276.557617	0.163035	0.319715	-0.000039	-0.000016	0.170333	0.000005	0.185621	0.000008	0.175661	4.000000	-16.000000	1.180000	21.404917
220.217941	170.468643	14.993834	99.729637	251.420914	5.652315	264.074097	0.326071	0.159855	-0.000039	-0.000016	0.340666	0.000005	0.000035	0.000008	0.175661	4.000000	-12.000000	1.180000	20.928522
219.134918	168.882217	14.813186	101.307083	252.493820	5.847221	264.074097	0.163035	-0.000011	0.167543	-0.000016	0.170333	-0.169410	0.185621	0.000008	0.175661	4.000000	-12.000000	1.180000	20.920628
218.773880	168.929413	15.535780	100.080177	251.778549	5.457409	264.554230	0.163035	0.159855	0.335061	-0.000016	0.170333	0.000005	0.185621	0.000008	0.175661	4.000000	-12.000000	1.180000	20.955839
219.914551	170.613358	15.535780	100.605995	252.851456	5.847221	265.034393	0.163035	-0.000011	-0.000039	-0.000016	0.000006	0.000005	0.185621	0.000008	0.175661	4.000000	-12.000000	1.180000	20.959491
216.788330	188.694153	57.446236	106.039421	277.886261	6.237033	284.079712	0.163035	-0.000011	0.167543	-0.000016	0.170333	0.000005	0.185621	0.000008	0.175661	4.000000	-8.000000	1.180000	21.700687
215.039597	186.385956	58.530121	106.740501	278.959167	6.821752	284.879944	0.163035	-0.000011	0.167543	-0.000016	0.000006	0.000005	0.185621	0.000008	0.175661	4.000000	-8.000000	1.180000	21.709101
216.484024	188.169662	58.349472	105.864143	278.243896	6.237033	285.520142	0.163035	0.159855	-0.000039	-0.000016	0.000006	0.000005	0.185621	0.192572	0.175661	4.000000	-8.000000	1.180000	21.756866
217.149338	188.554459	58.168823	106.389961	280.389740	6.237033	286.000275	0.163035	0.319715	-0.000039	-0.000016	0.340666	0.000005	0.185698	0.000008	0.175661	4.000000	-8.000000	1.180000	21.775559
203.123047	201.253036	100.982513	103.734467	297.735260	7.016659	300.884430	0.163035	-0.000011	-0.000039	-0.000016	0.000006	0.000005	0.185621	0.000008	0.175661	4.000000	-4.000000	1.180000	22.317728
205.055405	203.177063	100.259926	101.832893	299.881134	6.821752	301.524628	0.163035	0.159855	0.167543	-0.000016	0.170333	0.000005	0.000008	0.000008	0.175661	4.000000	-4.000000	1.180000	22.349416
204.748032	202.735611	100.982513	102.533981	297.377625	6.431940	302.004761	0.163035	-0.000011	-0.000039	-0.000016	0.000006	0.000005	0.185621	0.000008	0.175661	4.000000	-4.000000	1.180000	22.382379
204.874893	202.215042	101.524460	103.760887	298.808197	6.237033	302.644928	0.163035	0.159855	0.167543	-0.000016	0.340666	0.000005	0.185621	0.000008	0.175661	4.000000	-4.000000	1.180000	22.413975
184.477661	213.314804	147.409180	105.338326	316.153748	7.016659	316.728882	0.163035	-0.000011	0.167543	-0.000016	0.340666	0.000005	0.185621	0.000008	0.175661	4.000000	0.000000	1.180000	22.911481
184.887115	212.737747	147.409180	105.864143	316.332550	7.211564	317.689178	0.163035	-0.000011	0.167543	-0.000016	0.000006	0.000005	0.185621	0.000008	0.175661	4.000000	0.000000	1.180000	22.939774
184.838669	213.951599	148.854370	105.338326	319.372467	7.016659	317.849213	0.163035	0.159855	-0.000039	-0.000016	0.170333	0.000005	0.185698	0.192572	0.175661	4.000000	0.000000	1.180000	22.952883
184.887115	214.853592	149.576965	106.740501	317.941925	7.016659	318.809479	0.163035	-0.000011	0.167543	-0.000016	0.000006	0.000016	0.185621	0.000008	0.175661	4.000000	0.000000	1.180000	22.988310
153.611053	218.569275	196.364914	113.050293	331.889893	7.406471	332.093201	0.163035	0.159855	-0.000039	-0.000016	0.170333	0.000005	0.185698	0.000008	0.175661	4.000000	4.000000	1.180000	23.458826
153.290192	219.277618	197.268173	112.699738	333.856903	7.406471	332.413300	0.326071	-0.000011	0.167543	-0.000016	0.170381	0.000005	0.185621	0.192572	0.175661	4.000000	4.000000	1.180000	23.470387
152.567978	219.662308	197.629471	111.998657	333.141632	7.211564	332.893402	0.163035	-0.000011	-0.000039	-0.000016	0.000006	0.000005	0.185621	0.192572	0.175661	4.000000	4.000000	1.180000	23.494746
154.333084	220.108475	196.545578	112.699738	330.280518	7.211564	333.533600	0.163035	0.159855	-0.000039	-0.000016	0.170333	0.000005	0.185698	0.000008	0.175661	4.000000	4.000000	1.180000	23.517827
107.401375	216.068024	230.868790	118.834267	327.955841	7.406471	330.972870	0.163035	0.159855	-0.000039	-0.000016	0.340666	0.000005	0.185698	0.000008	0.175661	4.000000	8.000000	1.180000	23.418318
109.567459	216.777084	228.881653	115.328827	328.134644	7.406471	329.852570	0.163035	0.159855	0.167543	-0.000016	0.170333	0.000005	0.185621	0.000008	0.175661	4.000000	8.000000	1.180000	23.377742
108.303909	214.528809	228.701004	116.876503	326.882935	7.406471	328.572205	0.163035	0.159855	-0.000039	-0.000016	0.170381	0.000005	0.185621	0.000008	0.175661	4.000000	8.000000	1.180000	23.331282
104.721214	214.913620	229.062317	116.730995	325.809998	7.211564	327.291870	0.163035	-0.000011	-0.000039	-0.000016	0.000006	0.000005	0.185621	0.000008	0.175661	4.000000	8.000000	1.180000	23.291822
57.777222	197.926895	240.443146	115.854637	298.629364	7.016659	306.966156	0.163035	-0.000011	0.167543	-0.000016	0.340666	0.000016	0.185621	0.000008	0.175661	4.000000	12.000000	1.180000	22.547483
58.138329	196.580444	238.997955	116.175598	298.271729	6.821752	306.165924	0.163035	-0.000011	0.167543	-0.000016	0.000006	0.000005	0.185621	0.000008	0.175661	4.000000	12.000000	1.180000	22.524720
58.303612	195.865768	238.456024	114.627731	298.092926	6.626846	305.365692	0.163035	0.159855	-0.000039	0.180116	0.000006	0.000005	0.185621	0.000008	0.175661	4.000000	12.000000	1.180000	22.501933
55.068920	195.041656	238.997955	116.205177	295.768280	6.626846	304.725525	0.163035	-0.000011	0.167543	-0.000016	0.170381	0.000005	0.185621	0.192572	0.175661	4.000000	12.000000	1.180000	22.477812
12.815968	178.357147	244.778717	106.389961	271.806396	6.237033	285.680176	0.163035	0.159855	0.167543	-0.000016	0.170333	0.000005	0.185621	0.192572	0.175661	4.000000	16.000000	1.180000	21.763098
12.819323	177.537918	243.152893	105.513603	269.124084	6.431940	284.879944	0.163035	0.159886	-0.000039	-0.000016	0.170333	-0.169410	0.185621	0.000008	0.175661	4.000000	16.000000	1.180000	21.724313
13.718501	177.395126	242.430298	105.338326	269.481720	6.237033	284.399811	0.163035	0.159855	-0.000039	-0.000016	0.170333	0.000005	0.185698	0.000008	0.175661	4.000000	16.000000	1.180000	21.713184
13.537995	176.768524	242.791580	106.039421	268.766449	6.042128	283.919678	0.163035	-0.000011	0.167543	-0.000016	0.000006	0.000016	0.185621	0.000008	0.175661	4.000000	16.000000	1.180000	21.702049
-25.765181	160.995911	246.765839	99.379089	242.301071	6.042128	270.635956	0.163035	-0.000011	-0.000039	0.180116	0.000006	0.000005	0.185621	0.000008	0.175661	4.000000	20.000000	1.180000	21.176972
-26.125532	160.611221	245.681961	98.853271	240.691696	6.237033	270.155823	0.163035	-0.000011	0.167543	-0.000016	0.170381	0.000016	0.185621	0.000008	0.175661	4.000000	20.000000	1.180000	21.149941
-24.870804	161.810532	245.862610	97.275833	241.228165	5.847221	269.835724	0.163035	0.159855	0.167543	-0.000016	0.170333	0.000005	0.185621	0.000008	0.175661	4.000000	20.000000	1.180000	21.152733
-24.503950	160.995911	244.417419	98.327461	240.691696	6.042128	269.355591	0.163035	-0.000011	0.167543	-0.000016	0.000006	0.000016	0.185621	0.000008	0.175661	4.000000	20.000000	1.180000	21.125672
-60.915447	150.458786	257.966064	83.254089	223.882629	6.237033	273.036621	0.163035	0.159855	-0.000039	-0.000016	0.170333	0.000005	0.185621	0.000008	0.175661	4.000000	24.000000	1.180000	21.265058
-61.636341	150.073975	258.508026	84.130447	225.492004	6.042128	273.836823	0.163035	0.159855	-0.000039	-0.000016	0.170333	0.000005	0.185698	0.000008	0.175661	4.000000	24.000000	1.180000	21.304679
-61.275890	150.266373	259.230621	83.955177	225.849640	6.431940	274.637085	0.163035	0.159855	-0.000039	-0.000016	0.170333	0.000005	0.185698	0.000008	0.175661	4.000000	24.000000	1.180000	21.320999
-62.537453	150.458786	260.314484	84.831535	226.028458	6.237033	275.437286	0.163035	0.159855	-0.000039	-0.000016	0.170333	0.000005	0.185698	0.000008	0.175661	4.000000	24.000000	1.180000	21.360515
-106.151474	139.684235	282.534271	61.870934	210.828766	6.237033	290.801605	0.163035	0.159855	0.167543	-0.000016	0.340666	0.000005	0.185621	0.192572	0.175661	4.000000	28.000000	1.180000	21.961622
-107.593254	139.491837	284.160095	62.747292	211.722870	6.042128	291.601837	0.163035	0.159855	-0.000039	-0.000016	0.340666	0.000005	0.185698	0.000008	0.175661	4.000000	28.000000	1.180000	21.999989
-106.484062	140.069046	283.979462	61.520386	211.901688	6.042128	291.921906	0.163035	0.159855	-0.000039	-0.000016	0.170381	0.000005	0.185621	0.000008	0.351335	4.000000	28.000000	1.180000	22.012315
-108.133942	138.722229	285.605286	63.798920	211.722870	6.431940	292.882202	0.163035	0.159855	-0.000039	-0.000016	0.170333	0.000005	0.185698	0.000008	0.175661	4.000000	28.000000	1.180000	22.034267
-150.486389	119.866776	299.695862	29.620922	183.648132	6.626846	302.965027	0.163035	0.159855	0.167517	-0.000016	0.170333	0.000005	0.185698	0.000008	0.175661	4.000000	32.000000	1.180000	22.411339
-151.347916	119.674385	301.502350	30.322006	185.793976	6.431940	303.445160	0.163035	0.159855	-0.000039	0.180116	0.000006	0.000005	0.185698	0.000008	0.175661	4.000000	32.000000	1.180000	22.436850
-153.329849	118.486839	301.141052	30.322006	182.754028	6.431940	303.925293	0.163035	0.159855	0.167543	-0.000016	0.340666	0.000005	0.185621	0.192572	0.175661	4.000000	32.000000	1.180000	22.454977
-152.649063	121.598404	302.947540	28.919834	185.436340	6.431940	305.205658	0.163035	0.159855	-0.000039	-0.000016	0.170333	0.000005	0.185698	0.000008	0.175661	4.000000	32.000000	1.180000	22.503247
-207.022339	94.469650	320.470428	-9.615487	145.201843	7.211564	320.890045	0.163035	-0.000011	-0.000039	-0.000016	0.000006	0.000005	0.185621	0.000008	0.175661	4.000000	36.000000	1.180000	23.057719
-207.022339	94.277245	320.109161	-11.363758	144.307739	7.016659	321.210144	0.163035	0.159855	-0.000039	-0.000016	0.000006	0.000005	0.185621	0.000008	0.175661	4.000000	36.000000	1.180000	23.076640
-206.121445	94.084846	320.289795	-10.664450	145.559479	7.211564	322.010345	0.163035	0.319715	-0.000039	-0.000016	0.000006	0.000005	0.185698	0.192572	0.175661	4.000000	36.000000	1.180000	23.098858
-208.338043	89.659584	321.554352	-9.440660	142.877182	7.211564	322.490509	0.163035	0.159855	-0.000039	-0.000016	0.340666	0.000005	0.185698	0.000008	0.175661	4.000000	36.000000	1.180000	23.116467
-261.323639	55.219540	333.657776	-58.042576	89.410004	7.601377	333.213501	0.326071	0.159855	-0.000039	-0.000016	0.340666	0.000005	0.185698	0.000008	0.175661	4.000000	40.000000	1.180000	23.492232
-262.044556	55.796745	333.477142	-56.818787	89.386772	7.406471	333.533600	0.163035	0.159855	-0.000039	-0.000016	0.170333	0.000005	0.185698	0.000008	0.175661	4.000000	40.000000	1.180000	23.510803
-259.701660	56.566357	333.296478	-56.294300	90.661743	7.211564	334.013733	0.326071	0.159855	-0.000039	-0.000016	0.170333	-0.169410	0.185621	0.000008	0.175661	4.000000	40.000000	1.180000	23.535122
-259.813904	55.973484	332.935181	-59.441185	86.906532	7.211564	334.493866	0.163035	0.159886	0.167543	-0.000016	0.170381	0.000016	0.185621	0.000008	0.175661	4.000000	40.000000	1.180000	23.552404
-294.047394	10.004953	326.431854	-102.973137	23.067797	7.016659	327.291870	0.163035	0.319715	-0.000039	-0.000016	0.170333	0.000005	0.185621	0.000008	0.175661	4.000000	44.000000	1.180000	23.298913
-294.407745	10.582160	326.251190	-103.322784	24.677177	7.601377	326.171539	0.163035	0.159855	0.167543	-0.000016	0.170333	0.000016	0.185621	0.192572	0.175661	4.000000	44.000000	1.180000	23.236812
-294.407745	12.695001	324.444702	-102.448647	23.783077	7.016659	325.211273	0.163035	-0.000011	0.167543	-0.000016	0.170333	0.000005	0.185621	0.000008	0.175661	4.000000	44.000000	1.180000	23.223111
-293.042938	10.774563	324.083405	-103.847260	23.067797	7.016659	324.250977	0.163035	0.159855	-0.000039	-0.000016	0.170381	0.000005	0.185698	0.000008	0.175661	4.000000	44.000000	1.180000	23.188042
288.449402	19.625078	-296.674988	-179.372543	-37.107880	6.431940	294.322601	0.163035	0.159855	-0.000039	-0.000016	0.170333	0.000005	0.185621	0.000008	0.175661	8.000000	-44.000000	1.180000	22.089596
289.171448	18.085857	-298.299103	-178.323578	-37.821491	6.431940	293.842468	0.163035	0.319715	-0.000039	-0.000016	0.170333	0.000005	0.185621	0.000008	0.175661	8.000000	-44.000000	1.180000	22.071168
286.824860	16.931444	-296.674988	-179.197708	-38.356701	6.626846	293.042236	0.163035	0.159855	-0.000039	-0.000016	0.170333	0.000005	0.185621	0.192572	0.175661	8.000000	-44.000000	1.180000	22.032926
285.741821	18.855467	-293.787659	-178.673233	-38.178295	6.431940	292.402069	0.163035	0.159855	-0.000039	-0.000016	0.170333	0.000005	0.185698	0.192572	0.175661	8.000000	-44.000000	1.180000	22.015793
273.467377	52.126503	-249.755600	-125.875465	22.888979	6.431940	278.158051	0.163035	0.319715	-0.000039	0.180116	0.000006	0.000005	0.185621	0.192572	0.175661	8.000000	-40.000000	1.180000	21.460492
273.358490	52.318851	-249.936035	-126.924431	22.173697	6.431940	277.517883	0.163035	-0.000011	0.167543	-0.000016	0.000006	0.000016	0.185621	0.192572	0.175661	8.000000	-40.000000	1.180000	21.435197
274.008911	53.487919	-249.936035	-124.826508	23.419319	6.237033	276.877716	0.163035	0.159855	-0.000039	-0.000016	0.170333	0.000005	0.000035	0.000008	0.175661	8.000000	-40.000000	1.180000	21.417587
272.384338	53.103111	-248.311920	-124.826508	23.425438	6.237033	276.557617	0.163035	0.159855	0.167543	-0.000016	0.340666	0.000005	0.185621	0.192572	0.175661	8.000000	-40.000000	1.180000	21.404917
260.831909	81.001472	-208.249954	-78.322510	69.900452	5.652315	264.234161	0.163035	0.159855	0.167517	-0.000016	0.340666	0.000005	0.185621	0.000008	0.175661	8.000000	-36.000000	1.180000	20.935002
260.831909	81.578682	-207.708572	-78.322510	69.560989	5.457409	264.074097	0.163035	0.159855	-0.000039	-0.000016	0.340666	0.000005	0.185621	0.000008	0.175661	8.000000	-36.000000	1.180000	20.936413
261.373444	82.348289	-208.249954	-79.371475	70.455086	5.652315	264.394196	0.163035	0.319715	-0.000039	-0.000016	0.340666	0.000005	0.185698	0.192572	0.175661	8.000000	-36.000000	1.180000	20.941479
260.900269	80.978821	-207.167191	-78.147690	70.276268	5.457409	264.554230	0.163035	0.159855	0.167543	-0.000016	0.170381	0.000016	0.185621	0.192572	0.175661	8.000000	-36.000000	1.180000	20.955839
275.813965	118.327560	-184.790253	-39.860565	121.239975	6.237033	280.558716	0.163035	-0.000011	-0.000039	-0.000016	0.170381	0.000005	0.185621	0.192572	0.175661	8.000000	-32.000000	1.180000	21.562746
275.994476	119.481979	-185.151169	-42.133312	122.491707	6.042128	281.198914	0.163035	-0.000011	-0.000039	-0.000016	0.000006	0.000005	0.185621	0.192572	0.175661	8.000000	-32.000000	1.180000	21.595543
277.980042	117.750343	-187.136215	-40.734703	122.134064	6.237033	281.999146	0.163035	0.159855	-0.000039	-0.000016	0.170333	0.000005	0.000008	0.192572	0.175661	8.000000	-32.000000	1.180000	21.619283
277.872345	118.904770	-187.316681	-41.259182	122.849342	6.042128	282.639313	0.163035	0.319715	-0.000039	-0.000016	0.000006	0.000005	0.185621	0.000008	0.175661	8.000000	-32.000000	1.180000	21.651993
289.788879	152.532578	-155.375381	-4.370677	175.064774	6.821752	299.283997	0.163035	-0.000011	0.167543	-0.000016	0.000006	0.000005	0.185621	0.192572	0.175661	8.000000	-28.000000	1.180000	22.264293
291.518005	156.187195	-154.292633	-3.846194	176.674164	6.821752	299.924164	0.163035	-0.000011	0.167543	-0.000016	0.170333	0.000016	0.185621	0.000008	0.175661	8.000000	-28.000000	1.180000	22.288646
292.962067	156.423264	-155.014481	-3.321713	176.316513	6.431940	300.564331	0.163035	0.159855	0.167543	-0.000016	0.170333	0.000005	0.000008	0.000008	0.175661	8.000000	-28.000000	1.180000	22.327773
292.316650	155.225449	-155.555847	-3.671368	176.852982	6.626846	301.044464	0.163035	-0.000011	0.167543	-0.000016	0.170333	0.000016	0.185621	0.000008	0.175661	8.000000	-28.000000	1.180000	22.338596
301.806915	184.847168	-119.283546	31.198368	223.167358	7.016659	316.248749	0.163035	0.159855	0.167543	-0.000016	0.340666	0.000016	0.185621	0.000008	0.175661	8.000000	-24.000000	1.180000	22.893715
298.918793	185.668442	-115.674370	30.497282	226.386093	7.016659	316.728882	0.163035	0.159855	-0.000039	-0.000016	0.170333	0.000005	0.185698	0.000008	0.175661	8.000000	-24.000000	1.180000	22.911481
302.167908	184.321625	-120.005386	29.620922	222.988541	7.016659	317.048981	0.163035	0.159855	-0.000039	-0.000016	0.170333	0.000005	0.185698	0.000008	0.175661	8.000000	-24.000000	1.180000	22.923318
302.167908	184.706421	-119.103081	30.146740	223.703812	7.016659	317.529114	0.163035	0.159855	0.167543	-0.000016	0.170333	0.000005	0.185621	0.192572	0.175661	8.000000	-24.000000	1.180000	22.941061
300.983215	214.661240	-73.627365	61.169842	267.514709	7.406471	329.372437	0.163035	-0.000011	0.167543	-0.000016	0.340666	0.000016	0.185621	0.000008	0.175661	8.000000	-20.000000	1.180000	23.360330
304.514496	215.815338	-76.514717	59.066586	264.653595	7.211564	329.852570	0.163035	0.159886	0.167543	-0.000016	0.170333	0.000005	0.185621	0.000008	0.175661	8.000000	-20.000000	1.180000	23.384806
304.514496	216.260437	-75.251503	61.169842	266.441772	7.211564	330.172668	0.163035	-0.000011	-0.000039	-0.000016	0.170333	0.000016	0.185621	0.000008	0.175661	8.000000	-20.000000	1.180000	23.396403
301.445892	215.683212	-72.364151	60.468754	267.335876	7.211564	330.652771	0.163035	0.159855	-0.000039	-0.000016	0.170333	0.000005	0.185621	0.192572	-0.000013	8.000000	-20.000000	1.180000	23.413787
293.142578	234.923477	-24.361996	77.470116	293.801239	7.406471	335.934296	0.163035	0.159855	-0.000039	-0.000016	0.170333	0.000005	0.185621	0.000008	0.175661	8.000000	-16.000000	1.180000	23.597179
292.677734	235.627274	-25.805670	77.625610	293.980042	7.211564	334.493866	0.163035	-0.000011	-0.000039	-0.000016	0.000006	0.000016	0.000008	0.000008	0.175661	8.000000	-16.000000	1.180000	23.552404
288.629913	233.384247	-23.279240	75.016312	291.297729	7.016659	333.053467	0.163035	0.159855	-0.000039	-0.000016	0.340666	0.000005	0.185698	0.000008	0.175661	8.000000	-16.000000	1.180000	23.507547
290.434998	234.346252	-24.542456	75.717400	291.297729	7.406471	331.933167	0.163035	0.159855	-0.000039	-0.000016	0.170333	0.000005	0.185698	0.000008	0.175661	8.000000	-16.000000	1.180000	23.453044
249.460022	225.432770	25.832745	80.625008	285.575500	6.431940	307.926392	0.163035	0.159855	0.167543	-0.000016	0.170333	0.000005	0.185621	0.000008	0.175661	8.000000	-12.000000	1.180000	22.605476
248.376953	225.817459	26.013393	77.820656	283.429657	6.431940	307.126190	0.163035	-0.000011	-0.000039	-0.000016	0.000006	0.000005	0.185621	0.000008	0.175661	8.000000	-12.000000	1.180000	22.575457
248.015961	223.509277	24.929501	79.047569	281.999115	6.431940	306.005859	0.163035	0.159855	0.167543	-0.000016	0.000006	0.000005	0.185621	0.000008	0.175661	8.000000	-12.000000	1.180000	22.533362
249.640503	225.303345	24.026258	78.521751	281.641479	6.626846	305.205658	0.163035	0.159855	-0.000039	-0.000016	0.340666	0.000005	0.185698	0.000008	0.175661	8.000000	-12.000000	1.180000	22.495905
213.358704	217.992035	66.117355	66.778542	275.919250	6.237033	288.721039	0.326071	0.159855	-0.000039	-0.000016	0.170333	0.000005	0.185621	0.192572	0.175661	8.000000	-8.000000	1.180000	21.881190
213.539215	217.607254	65.575417	66.427994	276.455688	6.626846	288.240906	0.163035	0.159855	-0.000039	-0.000016	0.340666	0.000005	0.185698	0.000008	0.175661	8.000000	-8.000000	1.180000	21.847471
212.636673	216.452835	65.936714	68.355980	276.634521	6.237033	287.600708	0.163035	0.159855	0.167517	-0.000016	0.340666	0.000005	0.185621	0.000008	0.175661	8.000000	-8.000000	1.180000	21.837756
214.802750	216.452835	64.310875	68.180710	273.236938	6.431940	287.120575	0.163035	0.319715	-0.000039	-0.000016	0.170333	0.000005	0.185621	0.000008	0.175661	8.000000	-8.000000	1.180000	21.811544
181.048035	210.488358	100.259926	56.437508	268.229980	6.237033	273.836823	0.163035	0.159855	-0.000039	-0.000016	0.340666	0.000005	0.185698	0.192572	0.175661	8.000000	-4.000000	1.180000	21.296924
181.228546	211.198959	99.717979	55.736416	266.978241	5.847221	273.196655	0.163035	0.319715	0.167543	-0.000016	0.170333	0.000016	0.185621	0.192572	0.175661	8.000000	-4.000000	1.180000	21.286959
181.228546	211.257965	99.537331	54.860058	268.051178	6.042128	272.716522	0.163035	0.159855	-0.000039	0.180116	0.000006	0.000005	0.185698	0.000008	0.175661	8.000000	-4.000000	1.180000	21.260069
179.964996	208.949142	98.995384	55.035324	267.157043	6.042128	272.236420	0.163035	0.159855	-0.000039	-0.000016	0.340666	0.000005	0.000035	0.000008	0.175661	8.000000	-4.000000	1.180000	21.240923
147.654327	197.597397	123.382935	52.581524	255.176132	5.067596	256.391968	0.163035	0.159855	0.167543	-0.000016	0.340666	0.000005	0.185621	0.000008	0.175661	8.000000	0.000000	1.180000	20.639126
148.015350	198.751801	121.937744	50.653534	255.176132	5.457409	255.911819	0.163035	0.159855	-0.000039	-0.000016	0.170333	0.000005	0.185698	0.000008	0.175661	8.000000	0.000000	1.180000	20.603373
148.015350	197.020187	121.576447	50.653534	253.030273	5.457409	255.431671	0.163035	0.159855	-0.000039	-0.000016	0.170333	0.000005	0.185698	0.000008	0.175661	8.000000	0.000000	1.180000	20.583614
146.970810	196.772797	121.757103	51.179352	252.672638	4.872691	254.951538	0.163035	0.159886	0.167543	-0.000016	0.170381	0.000016	0.185621	0.192572	0.175661	8.000000	0.000000	1.180000	20.587920
128.701157	206.832703	159.151337	54.860058	267.693542	6.042128	270.315857	0.163035	0.159855	0.167543	-0.000016	0.170333	0.000005	0.185621	0.192572	0.175661	8.000000	4.000000	1.180000	21.164158
129.603683	208.564331	159.151337	53.633156	269.302887	6.042128	270.795990	0.326071	0.159855	-0.000039	-0.000016	0.340666	0.000005	0.185698	0.192572	0.175661	8.000000	4.000000	1.180000	21.183375
130.901520	209.275467	157.886795	53.282612	268.587616	5.847221	271.756287	0.163035	-0.000011	0.167543	-0.000016	0.340666	0.000016	0.185621	0.000008	0.175661	8.000000	4.000000	1.180000	21.229539
130.179306	210.237213	160.235214	53.457882	270.733459	6.237033	272.396454	0.163035	-0.000011	-0.000039	-0.000016	0.000006	0.000005	0.185621	0.000008	0.175661	8.000000	4.000000	1.180000	21.239531
110.318382	221.970490	195.461685	60.293484	283.429657	6.237033	289.041107	0.163035	0.159886	0.167543	-0.000016	0.000006	0.000005	0.185621	0.192572	0.175661	8.000000	8.000000	1.180000	21.893582
107.220879	221.262894	198.532715	62.572018	286.290802	6.042128	289.681274	0.163035	0.159855	-0.000039	-0.000016	0.170333	0.000005	0.185698	0.000008	0.175661	8.000000	8.000000	1.180000	21.925883
108.303909	221.201096	198.352051	62.396744	284.502594	6.042128	290.641571	0.163035	0.319715	0.167543	-0.000016	0.170333	0.000005	0.185621	0.000008	0.175661	8.000000	8.000000	1.180000	21.962968
106.679352	221.393448	199.977905	63.798920	286.648437	6.237033	290.961670	0.163035	0.319715	0.167543	-0.000016	0.170333	0.000005	0.185621	0.192572	0.175661	8.000000	8.000000	1.180000	21.967798
72.040977	228.895050	234.301102	76.418488	291.834229	6.821752	305.205658	0.163035	-0.000011	0.167543	-0.000016	0.170381	0.000016	0.185621	0.000008	0.175661	8.000000	12.000000	1.180000	22.488562
72.040977	227.933304	233.759171	77.119576	292.370697	6.821752	305.845825	0.163035	0.319715	0.167543	-0.000016	0.340666	-0.169410	0.185621	0.000008	0.175661	8.000000	12.000000	1.180000	22.512674
71.499313	230.626190	235.926941	75.892677	293.622406	6.626846	306.325989	0.163035	-0.000011	0.167543	-0.000016	0.000006	0.000016	0.185621	0.192572	0.175661	8.000000	12.000000	1.180000	22.538072
70.217041	230.113419	237.191483	78.171211	295.410614	6.821752	306.806091	0.163035	0.159855	-0.000039	-0.000016	0.340666	0.000005	0.185698	0.000008	0.175661	8.000000	12.000000	1.180000	22.548792
25.812437	230.241486	269.527557	82.377724	295.947083	7.016659	320.249878	0.163035	0.159855	0.167543	-0.000016	0.170333	0.000005	0.185621	0.192572	0.175661	8.000000	16.000000	1.180000	23.041349
25.992945	233.319061	272.598602	83.955177	299.702271	6.821752	320.890045	0.163035	0.319715	0.167517	-0.000016	0.170333	0.000005	0.185621	0.000008	0.175661	8.000000	16.000000	1.180000	23.072043
27.083073	234.857849	270.972748	80.449738	298.271729	6.821752	321.210144	0.163035	-0.000011	0.167543	-0.000016	0.000006	0.000016	0.185621	0.192572	0.175661	8.000000	16.000000	1.180000	23.083797
28.527506	233.511414	269.527557	82.202461	297.914093	6.821752	321.850311	0.163035	0.159855	0.167543	-0.000016	0.170381	0.000016	0.185621	0.000008	0.175661	8.000000	16.000000	1.180000	23.107287
-21.260777	229.279739	298.792633	82.202461	293.801239	7.601377	334.813965	0.163035	0.159886	0.167543	-0.000016	0.340666	0.000016	0.185621	0.000008	0.175661	8.000000	20.000000	1.180000	23.549896
-18.562990	231.652618	299.695862	80.449738	293.801239	7.406471	334.813965	0.163035	0.159855	-0.000039	-0.000016	0.340666	0.000005	0.185698	0.000008	0.175661	8.000000	20.000000	1.180000	23.556909
-22.167458	229.343796	300.960419	82.377724	294.695312	7.211564	335.614166	0.163035	0.159855	-0.000039	-0.000016	0.340666	0.000005	0.185698	0.192572	0.175661	8.000000	20.000000	1.180000	23.592680
-20.905895	230.626190	299.515228	79.398109	294.337677	7.211564	336.094330	0.163035	0.319715	0.167543	-0.000016	0.170333	0.000005	0.185621	0.192572	0.175661	8.000000	20.000000	1.180000	23.609921
-70.448853	206.005539	305.295959	62.572018	262.865356	7.016659	325.531342	0.163035	0.159855	0.167543	-0.000016	0.340666	0.000005	0.185621	0.192572	0.175661	8.000000	24.000000	1.180000	23.234788
-66.665154	203.697357	301.321686	61.870934	259.467804	7.016659	324.411041	0.163035	0.159855	0.167543	-0.000016	0.170381	0.000005	0.185621	0.000008	0.175661	8.000000	24.000000	1.180000	23.193891
-69.547966	202.927963	300.599091	60.644028	258.752502	7.016659	323.290710	0.163035	0.159886	0.167543	-0.000016	0.340666	0.000016	0.185621	0.192530	0.175661	8.000000	24.000000	1.180000	23.152920
-70.088501	203.369461	301.683014	62.396744	260.540710	6.821752	322.010345	0.163035	0.319715	0.167517	-0.000016	0.340666	0.000005	0.185621	0.192572	0.175661	8.000000	24.000000	1.180000	23.113156
-107.024590	172.152145	291.024750	31.373640	215.299255	6.237033	302.644928	0.163035	0.159855	0.167543	-0.000016	0.340666	0.000005	0.185621	0.000008	0.175661	8.000000	28.000000	1.180000	22.413975
-105.791023	171.430649	289.398895	28.919834	213.153427	6.626846	301.844727	0.163035	0.159855	-0.000039	-0.000016	0.340666	0.000005	0.185621	0.000008	0.175661	8.000000	28.000000	1.180000	22.368936
-104.889908	170.998062	288.495667	28.218748	212.795776	6.431940	301.044464	0.163035	0.159855	0.167543	-0.000016	0.170333	0.000005	0.185621	0.000008	0.175661	8.000000	28.000000	1.180000	22.345990
-103.060722	169.314224	285.785919	29.788584	211.722870	6.431940	300.564331	0.163035	-0.000011	-0.000039	-0.000016	0.000006	0.000005	0.185698	0.192572	0.175661	8.000000	28.000000	1.180000	22.327773
-134.411377	141.376343	273.863129	-9.265835	165.229675	6.237033	282.319214	0.163035	0.159855	0.167543	-0.000016	0.000006	0.000005	0.185621	0.000008	0.175661	8.000000	32.000000	1.180000	21.631826
-133.510483	140.222244	273.682465	-7.342736	166.123764	6.431940	281.679047	0.326071	-0.000011	0.167543	-0.000016	0.000006	0.000016	0.185621	0.000008	0.175661	8.000000	32.000000	1.180000	21.599086
-131.708725	139.299423	272.056641	-5.769293	165.050858	6.431940	281.038879	0.163035	-0.000011	0.167543	-0.000016	0.170333	0.000016	0.185621	0.000008	0.175661	8.000000	32.000000	1.180000	21.573954
-133.545395	140.606949	274.043793	-7.167908	165.766129	6.042128	280.398682	0.326071	0.159855	-0.000039	-0.000016	0.170333	0.000005	0.185621	0.192572	0.175661	8.000000	32.000000	1.180000	21.564117
-164.861130	106.975807	263.746826	-43.182274	120.167030	6.042128	267.435059	0.163035	0.159855	-0.000039	0.180116	0.340666	0.000005	0.185621	0.192572	0.175661	8.000000	36.000000	1.180000	21.048489
-162.699005	107.553024	263.024231	-45.105373	119.451759	5.847221	266.954895	0.163035	0.159855	0.167543	-0.000016	0.170381	0.000005	0.185698	0.192572	0.175661	8.000000	36.000000	1.180000	21.037000
-165.264694	108.130226	263.385529	-44.580894	118.915298	5.847221	266.314728	0.163035	0.159855	-0.000039	-0.000016	0.170333	0.000005	0.185621	0.000008	0.175661	8.000000	36.000000	1.180000	21.011196
-163.282242	107.553024	262.120972	-43.007450	118.915298	5.652315	265.674561	0.163035	0.159855	-0.000039	-0.000016	0.340666	0.000005	0.000035	0.192572	0.175661	8.000000	36.000000	1.180000	20.993229
-208.338043	81.386284	273.863129	-86.364555	73.316216	6.431940	277.998016	0.163035	0.159855	-0.000039	-0.000016	0.340666	0.000005	0.185698	0.192572	0.175661	8.000000	40.000000	1.180000	21.454172
-208.157806	84.248749	274.766388	-87.413521	75.104408	6.431940	279.118347	0.163035	0.319715	0.167543	-0.000016	0.340666	0.000005	0.185621	0.000008	0.175661	8.000000	40.000000	1.180000	21.498380
-211.706924	82.902313	276.392212	-89.511444	73.137390	6.042128	279.598480	0.163035	0.159886	0.167543	-0.000016	0.340666	0.000016	0.185621	0.192572	0.175661	8.000000	40.000000	1.180000	21.532646
-213.148315	81.748222	276.030884	-85.840073	73.673851	6.237033	280.558716	0.163035	0.159886	0.167543	-0.000016	0.170381	0.000016	0.185621	0.000008	0.175661	8.000000	40.000000	1.180000	21.562746
-260.422546	51.371490	293.734467	-140.560928	20.380169	6.431940	296.243134	0.163035	0.159855	0.167543	-0.000016	0.170333	0.000005	0.185621	0.000008	0.175661	8.000000	44.000000	1.180000	22.163154
-262.044556	53.872723	294.998993	-138.812668	25.750097	6.431940	296.723267	0.163035	0.159855	-0.000039	-0.000016	0.170333	0.000005	0.000035	0.192572	0.175661	8.000000	44.000000	1.180000	22.181506
-260.422546	52.910709	293.192535	-138.987503	21.994879	6.626846	297.363464	0.163035	0.159855	-0.000039	-0.000016	0.170333	0.000005	0.185698	0.192572	0.175661	8.000000	44.000000	1.180000	22.198512
-259.093231	53.857643	294.276398	-141.260239	20.921959	6.237033	297.683533	0.163035	0.159855	0.167543	-0.000016	0.340666	0.000005	0.185621	0.000008	0.175661	8.000000	44.000000	1.180000	22.225596
303.431458	62.915638	-323.924316	-243.708893	-41.211151	6.821752	318.009247	0.326071	0.159855	-0.000039	-0.000016	0.340666	0.000005	0.185621	0.000008	0.175661	12.000000	-44.000000	1.180000	22.965984
302.608215	63.475082	-323.022034	-242.659912	-38.713505	7.016659	318.809479	0.163035	0.319715	0.167543	-0.000016	0.170381	0.000016	0.185621	0.192572	0.175661	12.000000	-44.000000	1.180000	22.988310
302.709412	61.568821	-323.382965	-242.659912	-41.924763	7.016659	319.289581	0.163035	0.319715	0.167517	-0.000016	0.170333	0.000005	0.185621	0.000008	0.175661	12.000000	-44.000000	1.180000	23.006002
302.709412	63.108044	-320.495605	-242.659912	-40.140732	7.211564	319.769745	0.326071	0.319715	-0.000039	-0.000016	0.340666	0.000005	0.185698	0.000008	0.175661	12.000000	-44.000000	1.180000	23.016507
319.135498	104.089775	-301.547394	-201.925232	27.180656	7.016659	332.733368	0.163035	0.159855	0.167543	-0.000016	0.340666	0.000005	0.185621	0.000008	0.175661	12.000000	-40.000000	1.180000	23.496004
319.399719	102.329536	-302.630127	-200.526611	25.213636	7.211564	333.213501	0.326071	0.159855	0.167543	-0.000016	0.340666	0.000005	0.185621	0.000008	0.175661	12.000000	-40.000000	1.180000	23.506289
322.565155	100.818932	-307.502563	-209.267975	18.954939	7.406471	333.693665	0.163035	0.319715	-0.000039	0.180116	0.170381	0.000005	0.185698	0.192572	0.175661	12.000000	-40.000000	1.180000	23.516572
320.218567	103.512573	-303.712891	-205.946243	23.067797	7.016659	334.173798	0.163035	0.159855	-0.000039	0.180116	0.170381	0.000016	0.185621	0.000008	0.175661	12.000000	-40.000000	1.180000	23.547901
319.135498	139.260498	-261.304993	-150.700897	83.866592	6.821752	329.852570	0.163035	-0.000011	0.167543	-0.000016	0.170333	0.000016	0.185621	0.000008	0.175661	12.000000	-36.000000	1.180000	23.398929
315.525391	140.414612	-256.071655	-145.106445	88.158264	7.211564	328.572205	0.163035	0.159855	-0.000039	-0.000016	0.170333	0.000005	0.185621	0.000008	0.175661	12.000000	-36.000000	1.180000	23.338360
316.608429	140.799301	-258.417633	-148.253326	84.581863	6.821752	327.451904	0.163035	0.159886	0.167543	-0.000016	0.170333	0.000016	0.185621	0.000008	0.175661	12.000000	-36.000000	1.180000	23.311820
316.247406	139.299423	-258.778564	-151.575043	81.184288	6.821752	326.171539	0.163035	0.319715	-0.000039	0.180116	0.000006	0.000005	0.185698	0.192572	0.175661	12.000000	-36.000000	1.180000	23.265228
292.781555	161.810532	-199.407455	-94.056953	126.783379	6.821752	306.165924	0.163035	0.159855	-0.000039	-0.000016	0.170333	0.000005	0.185698	0.192572	0.175661	12.000000	-32.000000	1.180000	22.524720
295.489166	162.195328	-200.129288	-91.959030	126.962196	6.626846	305.365692	0.163035	0.319715	-0.000039	-0.000016	0.000006	0.000005	0.185698	0.000008	0.175661	12.000000	-32.000000	1.180000	22.501933
291.337524	160.271301	-197.241928	-88.986969	128.750397	6.431940	304.725525	0.163035	0.319715	-0.000039	-0.000016	0.170333	0.000005	0.185698	0.192572	0.175661	12.000000	-32.000000	1.180000	22.485158
290.976501	162.772537	-195.437347	-89.161789	130.002151	6.626846	303.765259	0.163035	0.159855	-0.000039	0.180116	0.170333	0.000005	0.185698	0.000008	0.175661	12.000000	-32.000000	1.180000	22.441579
269.857269	175.999130	-140.577728	-42.482971	160.759186	6.431940	285.200012	0.163035	0.159855	0.167543	-0.000016	0.170333	0.000005	0.185621	0.192572	0.175661	12.000000	-28.000000	1.180000	21.736795
268.844666	174.460327	-140.938660	-44.406067	158.434525	6.042128	284.399811	0.163035	-0.000011	0.335061	-0.000016	0.000006	0.000016	0.185621	0.000008	0.175661	12.000000	-28.000000	1.180000	21.720790
268.413208	172.969864	-142.021408	-43.881588	158.255692	6.237033	283.919678	0.163035	0.159855	-0.000039	-0.000016	0.170333	0.000005	0.185698	0.000008	0.175661	12.000000	-28.000000	1.180000	21.694436
269.315704	173.306244	-142.562790	-42.832626	158.434525	5.847221	283.119476	0.163035	-0.000011	0.167543	-0.000016	0.170333	0.000016	0.185621	0.000008	0.175661	12.000000	-28.000000	1.180000	21.678399
250.723557	181.627991	-92.756042	-11.363758	183.648132	6.237033	270.315857	0.163035	0.159855	-0.000039	-0.000016	0.000006	0.000005	0.185698	0.000008	0.175661	12.000000	-24.000000	1.180000	21.156352
252.348114	183.359604	-93.658348	-12.587548	182.932861	6.042128	269.835724	0.163035	0.159855	-0.000039	-0.000016	0.170333	0.000005	0.185621	0.000008	0.175661	12.000000	-24.000000	1.180000	21.144924
250.362534	181.577240	-92.214668	-11.363758	182.575211	6.042128	269.035492	0.163035	-0.000011	-0.000039	-0.000016	0.170381	0.000016	0.185621	0.192572	0.175661	12.000000	-24.000000	1.180000	21.112828
250.789261	182.154297	-93.116966	-11.014102	184.005768	6.042128	268.715393	0.163035	-0.000011	0.167543	-0.000016	0.340666	0.000005	0.185621	0.192572	0.175661	12.000000	-24.000000	1.180000	21.099975
248.376953	200.042725	-53.415932	13.846462	211.365234	5.847221	274.637085	0.163035	-0.000011	0.167543	-0.000016	0.340666	0.000005	0.185621	0.000008	0.175661	12.000000	-20.000000	1.180000	21.344227
247.719833	199.850372	-50.709045	17.527168	214.047531	6.042128	275.277252	0.163035	-0.000011	0.167543	-0.000016	0.340666	0.000016	0.185621	0.000008	0.175661	12.000000	-20.000000	1.180000	21.361899
248.737991	201.830246	-51.069962	16.124994	215.656906	6.237033	276.077454	0.163035	0.159855	-0.000039	-0.000016	0.170333	0.000005	0.185621	0.192572	0.175661	12.000000	-20.000000	1.180000	21.385898
249.279495	202.543259	-52.152718	13.495916	214.226349	6.042128	277.037750	0.163035	0.159855	0.167543	-0.000016	0.340666	0.000005	0.185621	0.000008	0.175661	12.000000	-20.000000	1.180000	21.431627
246.571899	222.802109	-9.564339	30.847824	244.268112	6.042128	287.440643	0.163035	0.159855	-0.000039	-0.000016	0.170333	0.000005	0.000035	0.192572	0.175661	12.000000	-16.000000	1.180000	21.839108
248.015961	223.893982	-10.105717	28.919834	242.658707	6.042128	288.240906	0.163035	0.159855	0.167543	-0.000016	0.340666	0.000005	0.185621	0.000008	0.175661	12.000000	-16.000000	1.180000	21.870140
247.293930	223.379333	-8.481584	32.074726	245.698654	6.431940	289.041107	0.163035	0.159855	0.167543	-0.000016	0.170381	0.000005	0.185621	0.000008	0.175661	12.000000	-16.000000	1.180000	21.886036
247.654953	223.509277	-9.203421	30.322006	245.698654	6.431940	290.161438	0.163035	0.319715	0.167543	-0.000016	0.170333	0.000005	0.185621	0.000008	0.175661	12.000000	-16.000000	1.180000	21.929374
242.239731	247.044830	36.129707	33.476898	275.382782	6.821752	306.486023	0.163035	0.159855	-0.000039	-0.000016	0.340666	0.000005	0.185621	0.000008	0.175661	12.000000	-12.000000	1.180000	22.536760
243.503281	247.237244	35.949059	35.755432	274.846313	6.626846	307.126190	0.163035	0.159855	0.167517	-0.000016	0.340666	0.000005	0.185621	0.192572	0.175661	12.000000	-12.000000	1.180000	22.568139
243.503281	247.622055	35.407112	34.879074	276.098053	6.821752	307.766357	0.163035	0.159855	-0.000039	-0.000016	0.000006	0.000005	0.185698	0.000008	0.175661	12.000000	-12.000000	1.180000	22.584854
242.961761	248.129913	36.310356	34.353260	277.886261	6.821752	308.406555	0.163035	0.159855	-0.000039	-0.000016	0.000006	0.000016	0.185621	0.000008	0.175661	12.000000	-12.000000	1.180000	22.608863
231.470001	268.903595	82.195076	22.259508	301.132843	7.016659	322.490509	0.163035	-0.000011	0.167543	-0.000016	0.170333	0.000016	0.185621	0.000008	0.175661	12.000000	-8.000000	1.180000	23.123612
232.853424	267.941864	80.569244	23.305178	301.848145	7.016659	322.970642	0.163035	-0.000011	0.167543	-0.000016	0.000006	0.000016	0.185621	0.000008	0.175661	12.000000	-8.000000	1.180000	23.141202
232.131393	269.363525	82.375725	22.259508	302.742218	7.211564	323.450775	0.163035	0.159855	0.167517	-0.000016	0.170333	0.000005	0.185698	0.000008	0.175661	12.000000	-8.000000	1.180000	23.151644
231.228836	267.941864	82.195076	22.434778	302.384583	7.016659	324.090942	0.163035	-0.000011	-0.000039	-0.000016	0.000006	0.000005	0.185621	0.192572	0.175661	12.000000	-8.000000	1.180000	23.182192
213.358704	282.752716	128.441086	17.351896	319.372467	7.211564	334.973999	0.163035	0.159886	0.167543	-0.000016	0.170333	0.000005	0.185621	0.192572	0.175661	12.000000	-4.000000	1.180000	23.569674
214.622253	283.137421	126.995895	19.279888	318.478394	7.211564	335.454132	0.163035	0.319715	0.167543	-0.000016	0.170333	0.000005	0.185621	0.000008	0.175661	12.000000	-4.000000	1.180000	23.586931
212.817184	282.368011	128.079788	18.052984	322.054779	6.821752	335.934296	0.163035	0.159855	-0.000039	-0.000016	0.000006	0.000005	0.185621	0.000008	0.175661	12.000000	-4.000000	1.180000	23.618168
215.344269	286.214996	128.441086	18.052984	322.770050	7.211564	336.254364	0.163035	0.159855	-0.000039	-0.000016	0.340666	0.000005	0.185698	0.192572	0.175661	12.000000	-4.000000	1.180000	23.615665
177.484406	273.519958	155.719009	18.929344	314.544342	7.016659	323.290710	0.163035	-0.000011	0.167543	-0.179798	0.170381	0.000005	0.185621	0.000008	0.175661	12.000000	0.000000	1.180000	23.152920
179.242981	273.327606	153.912521	17.877712	312.577332	7.211564	322.010345	0.163035	0.159855	0.167543	-0.000016	0.340666	0.000005	0.185621	0.192572	0.175661	12.000000	0.000000	1.180000	23.098858
179.964996	271.981171	152.828629	19.104614	311.146759	7.016659	321.050110	0.163035	0.159855	-0.000039	-0.000016	0.340666	0.000005	0.185621	0.000008	0.175661	12.000000	0.000000	1.180000	23.070762
178.387177	272.365875	154.454468	19.455158	312.398529	6.821752	320.089844	0.163035	-0.000011	0.167543	-0.000016	0.170333	0.000016	0.185621	0.000008	0.175661	12.000000	0.000000	1.180000	23.042632
141.697617	255.054489	171.435440	17.001354	292.728333	6.626846	299.283997	0.163035	0.159855	-0.000039	-0.000016	0.340666	0.000005	0.185621	0.192572	0.175661	12.000000	4.000000	1.180000	22.271711
141.156097	253.708023	171.074142	18.578800	291.118927	6.626846	298.643799	0.163035	0.159855	-0.000039	-0.000016	0.340666	0.000005	0.185698	0.192572	0.175661	12.000000	4.000000	1.180000	22.247337
139.929214	253.130997	170.532181	15.599179	291.118927	6.431940	298.003632	0.163035	-0.000011	0.167543	-0.000016	0.000006	0.000016	0.185621	0.000008	0.175661	12.000000	4.000000	1.180000	22.230369
140.434082	250.892883	169.990250	20.682060	289.867187	6.431940	297.203400	0.163035	0.159855	-0.000039	-0.000016	0.340666	0.000005	0.185698	0.192572	0.175661	12.000000	4.000000	1.180000	22.199842
109.415611	235.819595	185.706665	19.980974	269.124084	6.042128	280.718781	0.163035	-0.000011	0.167543	-0.000016	0.170333	0.000016	0.185621	0.000008	0.175661	12.000000	8.000000	1.180000	21.576693
107.762390	235.693069	186.609909	19.104614	270.733459	6.237033	280.078583	0.163035	0.319715	0.167517	-0.000016	0.340666	0.000005	0.185698	0.192572	0.175661	12.000000	8.000000	1.180000	21.543867
108.845428	234.857849	185.887314	20.331516	269.124084	5.847221	279.278381	0.163035	0.159886	0.167543	-0.000016	0.000006	0.000005	0.185621	0.000008	0.175661	12.000000	8.000000	1.180000	21.527718
107.971184	233.703766	185.526016	20.506790	268.945251	6.042128	278.798248	0.163035	-0.000011	0.167543	-0.000016	0.170333	0.000005	0.185621	0.000008	0.175661	12.000000	8.000000	1.180000	21.501129
71.841599	220.108475	199.074646	28.043476	249.811508	5.652315	265.834595	0.163035	0.319715	-0.000039	-0.000016	0.340666	0.000005	0.185698	0.000008	0.175661	12.000000	12.000000	1.180000	20.999689
72.383118	219.723663	198.894012	28.569290	248.917419	5.457409	265.354462	0.163035	0.159855	-0.000039	-0.000016	0.000006	0.000005	0.185698	0.192572	0.175661	12.000000	12.000000	1.180000	20.988175
72.022102	218.184464	197.990753	29.620922	249.453873	5.652315	264.874359	0.163035	-0.000011	0.167543	-0.000016	0.000006	0.000016	0.185698	0.192572	0.175661	12.000000	12.000000	1.180000	20.960902
72.040977	218.892914	197.448822	28.912447	247.844513	5.847221	264.394196	0.163035	0.159886	0.167543	-0.000016	0.000006	0.000016	0.185621	0.192572	0.175661	12.000000	12.000000	1.180000	20.933590
36.652428	221.585770	226.533218	38.910328	249.990341	6.042128	278.638214	0.163035	0.159855	-0.000039	-0.000016	0.170381	0.000005	0.185621	0.000008	0.175661	12.000000	16.000000	1.180000	21.494820
38.086880	224.086334	227.797760	38.033966	253.209106	6.042128	279.278381	0.163035	0.319715	0.167543	-0.000016	0.170333	0.000005	0.185621	0.192572	0.175661	12.000000	16.000000	1.180000	21.520045
36.823334	222.739883	227.617126	38.735050	251.063278	6.237033	280.078583	0.163035	0.159855	0.167543	-0.000016	0.170333	0.000005	0.185621	0.000008	0.175661	12.000000	16.000000	1.180000	21.543867
36.832981	223.701630	228.520355	38.735050	253.030273	6.042128	280.878845	0.163035	-0.000011	0.167543	-0.000016	0.000006	0.000005	0.185621	0.000008	0.175661	12.000000	16.000000	1.180000	21.582979
-5.586920	225.817459	258.327362	34.177986	252.493820	6.626846	296.883331	0.163035	0.159855	-0.000039	-0.000016	0.170333	0.000005	0.185621	0.000008	0.175661	12.000000	20.000000	1.180000	22.180174
-5.406697	225.303345	257.966064	34.177986	253.209106	6.431940	296.883331	0.163035	0.319715	-0.000039	-0.000016	0.340666	0.000005	0.185698	0.000008	0.175661	12.000000	20.000000	1.180000	22.187620
-5.046250	226.265381	257.604767	31.548912	253.209106	6.821752	297.363464	0.163035	0.159855	-0.000039	-0.000016	0.170333	0.000005	0.000035	0.000008	0.175661	12.000000	20.000000	1.180000	22.191070
-3.784688	226.457748	258.327362	32.775814	253.924377	6.626846	297.683533	0.163035	0.159855	-0.000039	-0.000016	0.170333	0.000005	0.185698	0.000008	0.175661	12.000000	20.000000	1.180000	22.210728
-53.332123	222.355194	281.992310	19.455158	241.585800	6.821752	313.207916	0.163035	-0.000011	0.167543	-0.000016	0.170381	0.000005	0.185621	0.000008	0.175661	12.000000	24.000000	1.180000	22.788124
-51.363613	220.816406	281.811676	18.403526	244.089279	6.821752	313.848083	0.163035	0.159855	-0.000039	-0.000016	0.340666	0.000005	0.185698	0.000008	0.175661	12.000000	24.000000	1.180000	22.811918
-55.133884	221.970490	285.063324	22.610050	243.552811	7.016659	314.328217	0.163035	0.159886	-0.000039	-0.000016	0.170381	0.000005	0.185621	0.000008	0.175661	12.000000	24.000000	1.180000	22.822512
-55.148300	223.186920	285.785919	21.908964	244.625748	7.016659	314.968384	0.163035	0.159855	0.167517	-0.000016	0.340666	0.000005	0.185698	0.192572	0.175661	12.000000	24.000000	1.180000	22.846270
-104.349236	211.257965	303.850800	-11.363758	222.630890	7.406471	326.971771	0.163035	0.159855	-0.000039	-0.000016	0.170381	0.000005	0.185698	0.192572	0.175661	12.000000	28.000000	1.180000	23.273077
-104.862480	211.968353	303.850800	-10.139969	222.094437	7.016659	327.451904	0.163035	0.159886	0.335061	-0.000016	0.170381	0.000016	0.185621	0.192572	0.175661	12.000000	28.000000	1.180000	23.304733
-103.421082	215.238281	306.560516	-9.615487	227.280182	7.016659	327.932037	0.163035	-0.000011	0.167543	-0.000016	0.000006	0.000016	0.185621	0.000008	0.175661	12.000000	28.000000	1.180000	23.322186
-105.250359	213.181992	306.921814	-9.265835	225.313187	7.016659	328.412170	0.326071	0.159855	-0.000039	-0.000016	0.170333	0.000005	0.185621	0.000008	0.175661	12.000000	28.000000	1.180000	23.339626
-159.636017	200.812119	325.528595	-59.266361	196.523163	7.406471	340.095428	0.163035	-0.000011	0.167543	-0.000016	0.170381	0.000016	0.185621	0.000008	0.175661	12.000000	32.000000	1.180000	23.746149
-162.741577	197.157501	324.625366	-58.567062	192.589127	7.601377	340.415558	0.163035	0.159855	0.167543	-0.000016	0.170333	0.000005	0.185621	0.192572	0.175661	12.000000	32.000000	1.180000	23.750617
-157.654083	198.311584	320.651093	-57.692924	191.695038	7.406471	339.455261	0.163035	-0.000011	-0.000039	-0.000016	0.170381	0.000005	0.185621	0.000008	0.175661	12.000000	32.000000	1.180000	23.723292
-162.158478	197.734543	322.818878	-59.441185	192.231491	7.406471	338.975128	0.163035	-0.000011	0.167517	-0.000016	0.000006	0.000005	0.185621	0.000008	0.175661	12.000000	32.000000	1.180000	23.706134
-193.689301	156.571899	302.044281	-100.350723	133.042084	6.821752	314.488251	0.163035	-0.000011	0.167543	-0.000016	0.170381	0.000016	0.185621	0.192572	0.175661	12.000000	36.000000	1.180000	22.835688
-192.968597	155.610153	300.237823	-100.350723	132.147964	6.821752	313.207916	0.163035	-0.000011	0.335061	-0.000016	0.170381	0.000005	0.185621	0.000008	0.175661	12.000000	36.000000	1.180000	22.788124
-191.036606	158.539673	300.599091	-100.175896	135.187912	6.431940	312.247620	0.163035	0.159855	-0.000039	-0.000016	0.170333	0.000005	0.185698	0.192572	0.175661	12.000000	36.000000	1.180000	22.766898
-190.085785	158.303040	298.792633	-101.924156	132.863266	6.431940	311.127319	0.163035	0.159886	0.167543	-0.000016	0.170381	0.000016	0.185621	0.000008	0.175661	12.000000	36.000000	1.180000	22.725159
-216.751831	119.063889	282.172943	-136.714752	76.892609	6.626846	292.081970	0.163035	-0.000011	0.167543	-0.000016	0.000006	0.000005	0.185621	0.000008	0.175661	12.000000	40.000000	1.180000	21.995960
-218.553604	117.909782	281.089081	-135.840607	76.356148	6.431940	291.441772	0.163035	-0.000011	0.167543	-0.000016	0.170333	0.000016	0.185621	0.000008	0.175661	12.000000	40.000000	1.180000	21.978797
-219.331635	117.750343	280.908417	-137.588882	74.925591	6.431940	290.961670	0.163035	0.319715	-0.000039	-0.000016	0.340666	0.000005	0.185698	0.000008	0.175661	12.000000	40.000000	1.180000	21.960277
-217.889862	117.557953	281.450378	-137.938538	75.462051	6.431940	290.321472	0.163035	0.159855	-0.000039	-0.000016	0.340666	0.000005	0.000035	0.000008	0.175661	12.000000	40.000000	1.180000	21.935558
-241.679321	80.039459	263.927460	-169.931885	19.491398	6.237033	276.717651	0.163035	0.159855	0.167543	-0.000016	0.170333	0.000005	0.185621	0.000008	0.175661	12.000000	44.000000	1.180000	21.411252
-242.697189	81.578682	265.553314	-173.078766	18.954939	6.237033	276.237549	0.163035	-0.000011	-0.000039	-0.000016	0.000006	0.000005	0.185621	0.000008	0.175661	12.000000	44.000000	1.180000	21.392242
-241.616135	79.462257	265.914581	-169.757050	19.849039	6.237033	275.597351	0.163035	0.319715	-0.000039	-0.000016	0.000006	0.000005	0.185621	0.000008	0.175661	12.000000	44.000000	1.180000	21.366865
-241.616135	79.077454	264.108124	-169.582230	18.418478	6.237033	274.957153	0.163035	-0.000011	-0.000039	-0.000016	0.170333	0.000005	0.185621	0.000008	0.175661	12.000000	44.000000	1.180000	21.341458
248.080933	85.787544	-279.350891	-245.981659	-34.788635	5.652315	272.396454	0.163035	0.159886	0.335061	-0.000016	0.000006	0.000016	0.185621	0.192572	0.175661	16.000000	-44.000000	1.180000	21.262848
250.362534	85.041931	-280.794556	-245.806808	-35.323845	6.042128	273.036621	0.163035	0.159855	0.167517	-0.000016	0.170333	0.000005	0.185621	0.000008	0.175661	16.000000	-44.000000	1.180000	21.272825
250.723557	85.234329	-281.335937	-249.128525	-36.929470	5.847221	273.996918	0.163035	0.159855	-0.000039	-0.000016	0.170333	0.000005	0.185621	0.000008	0.175661	16.000000	-44.000000	1.180000	21.318794
253.250656	85.234329	-283.321014	-247.380249	-35.502247	6.042128	274.637085	0.163035	0.319715	-0.000039	-0.000016	0.170381	0.000005	0.185698	0.192572	0.175661	16.000000	-44.000000	1.180000	21.336488
270.759766	124.292038	-269.786560	-222.554825	18.776117	6.042128	292.562103	0.163035	0.319715	-0.000039	-0.000016	0.000006	0.000005	0.185698	0.000008	0.175661	16.000000	-40.000000	1.180000	22.036949
272.384338	122.910858	-273.576202	-226.575851	14.842079	6.431940	293.362335	0.163035	0.159886	0.167543	-0.000016	0.340666	0.000005	0.185621	0.192572	0.175661	16.000000	-40.000000	1.180000	22.052725
273.106354	123.295555	-272.312988	-224.652740	16.272640	6.042128	294.002502	0.163035	0.159855	-0.000039	-0.000016	0.340666	0.000005	0.185621	0.000008	0.175661	16.000000	-40.000000	1.180000	22.092271
272.203827	125.219048	-272.312988	-225.701721	17.882019	6.042128	294.802734	0.163035	0.159886	-0.000039	-0.000016	0.170381	0.000005	0.185621	0.000008	0.175661	16.000000	-40.000000	1.180000	22.122947
289.427765	161.765305	-252.101562	-191.610443	69.918633	7.016659	310.807220	0.163035	-0.000011	0.167543	-0.000016	0.170381	0.000016	0.185621	0.192572	0.175661	16.000000	-36.000000	1.180000	22.691392
291.518005	163.304108	-252.823395	-192.659393	71.706833	7.016659	311.287354	0.163035	0.159855	0.167543	-0.000016	0.340666	0.000005	0.185621	0.192572	0.175661	16.000000	-36.000000	1.180000	22.709316
289.893463	160.803574	-249.936035	-188.463547	72.422104	6.431940	311.767487	0.163035	0.159886	0.167543	-0.000016	0.170333	0.000005	0.185621	0.192572	0.175661	16.000000	-36.000000	1.180000	22.749019
289.893463	163.157333	-251.199249	-191.435608	73.495033	6.626846	312.087585	0.163035	0.159855	0.335061	-0.000016	0.170333	0.000005	0.185698	0.192572	0.175661	16.000000	-36.000000	1.180000	22.753683
299.460297	198.311584	-216.912003	-154.721924	123.385796	7.211564	324.411041	0.163035	0.159886	0.167543	-0.000016	0.170333	0.000016	0.185621	0.192572	0.175661	16.000000	-32.000000	1.180000	23.186768
299.640808	200.427429	-217.453400	-153.323318	127.319839	7.016659	324.411041	0.163035	0.159886	0.167543	-0.000016	0.340666	0.000016	0.185621	0.192572	0.175661	16.000000	-32.000000	1.180000	23.193891
297.655243	200.042725	-213.302811	-150.001602	128.213928	7.016659	324.250977	0.163035	0.319715	0.167543	-0.000016	0.170333	0.000005	0.185621	0.000008	0.175661	16.000000	-32.000000	1.180000	23.188042
300.723846	199.850372	-216.370621	-149.826782	126.425743	7.016659	324.411041	0.163035	0.159886	0.167517	-0.000016	0.170381	0.000005	0.185621	0.192572	0.175661	16.000000	-32.000000	1.180000	23.193891
306.139069	232.549667	-169.451218	-105.595535	176.674164	7.211564	334.013733	0.163035	0.319715	0.167543	-0.000016	0.170333	0.000005	0.185621	0.000008	0.175661	16.000000	-28.000000	1.180000	23.535122
306.319550	232.357330	-171.616730	-110.141045	173.813034	7.406471	334.653931	0.163035	0.319715	-0.000039	-0.000016	0.170333	0.000005	0.185621	0.000008	0.175661	16.000000	-28.000000	1.180000	23.551151
306.580383	231.395584	-168.909836	-102.623474	177.210617	7.211564	335.134033	0.163035	-0.000011	0.167543	-0.000016	0.000006	0.000016	0.185621	0.000008	-0.000013	16.000000	-28.000000	1.180000	23.575427
307.402588	232.934372	-171.255814	-108.567589	175.422409	7.211564	335.614166	0.163035	-0.000011	0.167543	-0.000016	0.340666	0.000005	0.185621	0.192572	0.175661	16.000000	-28.000000	1.180000	23.592680
286.719482	237.935440	-110.080132	-61.888771	205.642990	6.821752	321.370178	0.163035	0.159886	0.335061	0.180158	0.000006	0.000016	0.185621	0.192572	0.175661	16.000000	-24.000000	1.180000	23.089672
286.900024	239.858917	-108.997375	-63.287384	204.212433	7.211564	319.929779	0.163035	-0.000011	0.167543	-0.000016	0.170381	0.000016	0.185621	0.192572	0.175661	16.000000	-24.000000	1.180000	23.022399
284.478271	237.232300	-110.080132	-64.686005	203.497147	7.016659	318.969513	0.163035	0.159855	-0.000039	-0.000016	0.000006	0.000005	0.185698	0.192572	0.175661	16.000000	-24.000000	1.180000	22.994209
284.839294	236.077881	-110.260590	-62.238422	204.033615	6.821752	317.849213	0.163035	0.319715	-0.000039	-0.000016	0.340666	0.000005	0.185698	0.192572	0.175661	16.000000	-24.000000	1.180000	22.960078
260.900269	237.743088	-56.664204	-33.042309	216.908646	6.431940	298.483765	0.163035	-0.000011	0.167543	-0.000016	0.000006	0.000016	0.185621	0.192572	0.175661	16.000000	-20.000000	1.180000	22.248665
258.304810	235.693069	-53.235474	-30.419905	217.623917	6.626846	297.683533	0.163035	0.159855	-0.000039	-0.000016	0.170333	0.000005	0.185621	0.192572	0.175661	16.000000	-20.000000	1.180000	22.210728
257.582794	234.538666	-52.694096	-30.070250	217.266281	6.626846	297.043365	0.163035	0.159855	-0.000039	-0.000016	0.170333	0.000005	0.185698	0.192572	0.175661	16.000000	-20.000000	1.180000	22.186288
255.597244	234.538666	-51.972256	-31.818520	217.266281	6.431940	296.403168	0.163035	0.159855	-0.000039	-0.000016	0.170333	0.000005	0.185621	0.192572	0.175661	16.000000	-20.000000	1.180000	22.169273
232.853424	235.242554	-3.609185	-11.538583	226.743729	6.431940	281.999146	0.163035	0.159855	-0.000039	-0.000016	0.340666	0.000005	0.185698	0.192572	0.175661	16.000000	-16.000000	1.180000	21.611642
231.409363	233.703766	-2.345970	-11.188931	227.280182	6.431940	281.519012	0.163035	0.319715	0.167543	-0.000016	0.340666	0.000005	0.185621	0.192572	0.175661	16.000000	-16.000000	1.180000	21.592806
231.770386	233.511414	-2.887348	-11.363758	225.849640	6.431940	281.038879	0.163035	-0.000011	-0.000039	-0.000016	0.170381	0.000005	0.185621	0.192572	0.175661	16.000000	-16.000000	1.180000	21.573954
230.687332	233.576660	-0.721837	-9.440660	227.816666	6.431940	280.558716	0.163035	0.159855	-0.000039	-0.000016	0.340666	0.000005	0.185698	0.000008	0.175661	16.000000	-16.000000	1.180000	21.555084
202.528320	228.317993	38.839436	-8.566525	228.889587	5.652315	264.554230	0.163035	-0.000011	0.167543	-0.000016	0.340666	0.000005	0.185621	0.192572	0.175661	16.000000	-12.000000	1.180000	20.947955
203.250351	227.419785	38.116840	-7.167908	227.459000	5.652315	264.234161	0.163035	0.159855	-0.000039	-0.000016	0.340666	0.000005	0.185698	0.192572	0.175661	16.000000	-12.000000	1.180000	20.935002
203.791855	226.971558	37.394249	-6.818255	227.459000	5.652315	264.234161	0.163035	0.159886	0.167543	-0.000016	0.170381	0.000016	0.185621	0.192572	0.175661	16.000000	-12.000000	1.180000	20.935002
202.528320	227.163910	39.381382	-6.993083	228.531952	5.652315	264.714264	0.163035	0.319715	0.167543	-0.000016	0.340666	0.000005	0.185621	0.000008	0.175661	16.000000	-12.000000	1.180000	20.954428
197.113129	251.085281	74.788490	-16.608568	254.282013	6.042128	282.639313	0.163035	0.159855	-0.000039	-0.000016	0.170333	0.000005	0.185621	0.000008	0.175661	16.000000	-8.000000	1.180000	21.651993
197.293625	251.470093	75.149780	-17.482704	253.566742	5.847221	283.439545	0.163035	0.319715	-0.000039	-0.000016	0.340666	0.000005	0.185698	0.192572	0.175661	16.000000	-8.000000	1.180000	21.690907
197.835144	251.399841	75.149780	-16.433743	254.997314	5.847221	284.239777	0.163035	0.159855	-0.000039	-0.000016	0.170333	0.000005	0.185621	0.192572	0.175661	16.000000	-8.000000	1.180000	21.722149
198.376663	253.323349	74.788490	-17.832357	255.533768	6.237033	285.039978	0.163035	0.319715	-0.000039	-0.000016	0.170333	0.000005	0.000008	0.192572	0.175661	16.000000	-8.000000	1.180000	21.738155
185.199692	271.404144	113.085968	-24.300959	278.780334	6.626846	301.844727	0.163035	0.159855	-0.000039	-0.000016	0.340666	0.000005	0.185698	0.192572	0.175661	16.000000	-4.000000	1.180000	22.368936
185.921722	271.596497	113.266624	-22.727514	280.032104	6.626846	302.484894	0.326071	0.319715	0.167543	-0.000016	0.340666	0.000005	0.185621	0.192572	0.175661	16.000000	-4.000000	1.180000	22.393175
184.658173	271.788818	114.892456	-24.650612	279.137970	7.016659	303.125061	0.163035	0.159886	0.167543	-0.000016	0.000006	0.000016	0.185621	0.000008	0.175661	16.000000	-4.000000	1.180000	22.402648
185.199692	273.135284	115.795692	-23.601650	281.999115	6.626846	303.925293	0.163035	0.159886	0.335061	-0.000016	0.170333	0.000005	0.185621	0.192572	0.175661	16.000000	-4.000000	1.180000	22.447621
166.246506	287.369080	149.035019	-28.147154	297.198822	6.821752	316.888916	0.163035	0.319715	-0.000039	-0.000016	0.340666	0.000005	0.185698	0.192572	0.175661	16.000000	0.000000	1.180000	22.924606
165.026199	287.176727	148.854370	-29.370943	297.198822	6.821752	317.529114	0.163035	-0.000011	0.167543	-0.000016	0.170381	0.000016	0.185621	0.000008	0.175661	16.000000	0.000000	1.180000	22.948260
166.831726	288.138458	150.660858	-25.349920	298.629364	7.211564	318.169281	0.163035	0.159886	0.167543	-0.000016	0.170381	0.000016	0.185621	0.000008	0.175661	16.000000	0.000000	1.180000	22.957503
165.704987	288.715515	151.022156	-27.622673	298.987000	7.016659	318.489380	0.163035	0.159855	0.167517	-0.000016	0.340666	0.000005	0.185621	0.192572	0.175661	16.000000	0.000000	1.180000	22.976507
146.248596	300.833496	181.732391	-30.419905	310.610321	7.211564	330.972870	0.163035	0.159886	-0.000039	-0.000016	0.170381	0.000005	0.185621	0.192572	0.175661	16.000000	4.000000	1.180000	23.425370
145.526382	301.025848	184.080826	-27.098192	313.829071	7.601377	331.453033	0.163035	-0.000011	0.167543	-0.000016	0.340666	0.000016	0.185621	0.192572	0.175661	16.000000	4.000000	1.180000	23.428639
148.376358	300.833496	181.371094	-27.972326	308.822113	7.211564	332.093201	0.163035	0.159886	0.167543	-0.000016	0.340666	0.000016	0.185621	0.192572	0.175661	16.000000	4.000000	1.180000	23.465865
145.668762	300.448792	182.635651	-29.196115	314.007904	7.211564	332.573334	0.163035	0.319715	0.167543	-0.000016	0.340666	0.000005	0.185621	0.000008	0.175661	16.000000	4.000000	1.180000	23.483198
116.065697	296.877075	207.745789	-30.944386	305.782166	7.211564	330.652771	0.326071	0.159855	0.167517	-0.000016	0.170333	0.000005	0.185698	0.192572	0.175661	16.000000	8.000000	1.180000	23.413787
117.179436	295.063019	207.384491	-28.147154	303.815155	7.211564	329.532471	0.163035	-0.000011	0.167543	-0.000016	0.170381	0.000016	0.185621	0.000008	0.175661	16.000000	8.000000	1.180000	23.373203
114.080132	294.760651	207.745789	-30.070250	303.457489	7.016659	327.932037	0.163035	0.159855	-0.000039	-0.000016	0.340666	0.000005	0.185621	0.000008	0.175661	16.000000	8.000000	1.180000	23.322186
113.748909	294.293640	206.661896	-28.846462	302.384583	7.016659	326.651672	0.163035	0.159886	0.167543	-0.000016	0.170381	0.000016	0.185621	0.192572	0.175661	16.000000	8.000000	1.180000	23.275615
77.457588	269.095947	214.971710	-19.230974	274.131042	6.431940	304.085358	0.163035	-0.000011	0.167543	-0.000016	0.340666	0.000016	0.000008	0.000008	0.175661	16.000000	12.000000	1.180000	22.461018
74.188179	269.480652	216.416901	-19.405800	273.952209	6.431940	303.125061	0.163035	-0.000011	0.167543	-0.000016	0.340666	0.000016	0.185621	0.192572	0.175661	16.000000	12.000000	1.180000	22.424756
76.895782	268.326569	214.249115	-19.755455	273.058105	6.431940	302.644928	0.163035	0.319715	0.167543	-0.000016	0.340666	0.000005	0.185621	0.192572	0.175661	16.000000	12.000000	1.180000	22.406604
75.812744	267.941864	214.429779	-19.405800	272.879303	6.821752	301.844727	0.163035	0.319715	-0.000039	-0.000016	0.340666	0.000005	0.185698	0.192572	0.175661	16.000000	12.000000	1.180000	22.361551
40.433464	246.852432	221.836365	-4.545503	245.877472	6.237033	286.480408	0.163035	0.319715	-0.000039	-0.000016	0.340666	0.000005	0.185698	0.000008	0.175661	16.000000	16.000000	1.180000	21.794237
42.058025	246.398773	220.752472	-5.069984	247.129227	6.237033	286.000275	0.163035	-0.000011	0.167543	-0.000016	0.170333	0.000016	0.185621	0.192572	0.175661	16.000000	16.000000	1.180000	21.775559
44.235691	246.398773	220.210526	-4.895158	248.202148	6.042128	285.360077	0.163035	-0.000011	-0.000039	-0.000016	0.000006	0.000005	0.185621	0.000008	0.175661	16.000000	16.000000	1.180000	21.758223
41.877518	245.821732	220.752472	-3.846194	247.665695	6.237033	284.879944	0.163035	0.319715	-0.000039	-0.000016	0.170333	0.000005	0.185698	0.000008	0.175661	16.000000	16.000000	1.180000	21.731915
4.873682	222.547531	221.475067	-6.293774	218.875656	6.042128	269.355591	0.163035	0.319715	0.167543	-0.000016	0.170333	0.000005	0.185621	0.192572	0.175661	16.000000	20.000000	1.180000	21.125672
2.888109	220.493286	220.210526	-6.643427	217.981552	5.652315	268.715393	0.163035	0.319715	-0.000039	-0.000016	0.340666	0.000005	0.185698	0.192572	0.175661	16.000000	20.000000	1.180000	21.115625
4.513846	220.239365	219.307281	-6.293774	216.372192	5.847221	267.915192	0.163035	-0.000011	-0.000039	-0.000016	0.170381	0.000005	0.185621	0.000008	0.175661	16.000000	20.000000	1.180000	21.075649
4.333294	219.469955	219.126648	-5.594465	216.729828	6.237033	267.435059	0.163035	0.159886	0.335061	-0.000016	0.340666	0.000016	0.185621	0.192572	0.175661	16.000000	20.000000	1.180000	21.040640
-41.631561	214.336411	238.094727	-23.251997	203.675964	6.237033	276.237549	0.163035	0.159855	-0.000039	-0.000016	0.170333	0.000005	0.185698	0.192572	0.175661	16.000000	24.000000	1.180000	21.392242
-41.811787	214.528809	238.997955	-21.503727	204.212433	6.431940	276.877716	0.163035	0.159855	0.167517	-0.000016	0.340666	0.000005	0.185698	0.192572	0.175661	16.000000	24.000000	1.180000	21.409873
-43.073349	216.777084	240.804459	-21.853380	205.821808	6.237033	277.517883	0.163035	0.319715	0.335061	-0.000016	0.170333	0.000005	0.185621	0.000008	0.175661	16.000000	24.000000	1.180000	21.442902
-39.458561	216.200012	238.817322	-22.552689	204.570068	6.237033	278.478149	0.163035	0.159886	0.167543	-0.000016	0.170381	0.000016	0.185621	0.000008	0.175661	16.000000	24.000000	1.180000	21.480820
-91.192940	212.353058	263.746826	-52.622936	190.800919	6.237033	296.243134	0.163035	0.159855	0.167543	-0.000016	0.340666	0.000005	0.185621	0.192572	0.175661	16.000000	28.000000	1.180000	22.170606
-95.673500	215.430634	266.817841	-55.595001	191.516220	6.237033	296.883331	0.163035	-0.000011	0.167543	-0.000016	0.170381	0.000016	0.185621	0.000008	0.175661	16.000000	28.000000	1.180000	22.195064
-94.797401	214.336411	266.095245	-54.196377	191.695038	6.237033	297.523499	0.163035	0.159855	-0.000039	-0.000016	0.170333	0.000005	0.185621	0.000008	0.175661	16.000000	28.000000	1.180000	22.219493
-93.511391	215.622986	267.179138	-51.923634	192.946777	6.431940	298.323730	0.163035	-0.000011	0.167543	-0.000016	0.000006	0.000016	0.000008	0.000008	0.175661	16.000000	28.000000	1.180000	22.242568
-146.483154	206.967285	286.689178	-104.721397	166.660233	6.821752	312.087585	0.163035	0.159886	0.167543	-0.000016	0.170333	0.000016	0.185621	0.192572	0.175661	16.000000	32.000000	1.180000	22.746422
-147.062149	205.870697	287.411774	-102.798294	168.090790	6.821752	312.887787	0.163035	-0.000011	-0.000039	-0.000016	0.170381	0.000005	0.185621	0.192572	0.175661	16.000000	32.000000	1.180000	22.776216
-145.582291	205.813187	286.689178	-102.798294	166.481415	7.211564	313.207916	0.163035	0.159855	0.167543	-0.000016	0.170333	0.000005	0.185621	0.192572	0.175661	16.000000	32.000000	1.180000	22.773622
-145.620361	206.832703	286.869843	-101.399681	168.448425	7.016659	313.527985	0.163035	0.319715	-0.000039	-0.000016	0.340666	0.000005	0.185698	0.192572	0.175661	16.000000	32.000000	1.180000	22.792778
-206.301620	193.310516	304.573395	-159.617081	131.253876	7.016659	326.491608	0.163035	0.319715	0.167543	-0.000016	0.170333	0.000005	0.185621	0.000008	0.175661	16.000000	36.000000	1.180000	23.269786
-204.499863	192.733475	304.212067	-159.617081	131.969147	7.211564	327.131805	0.163035	-0.000011	0.167543	-0.000016	0.340666	0.000005	0.185621	0.192572	0.175661	16.000000	36.000000	1.180000	23.285997
-204.319687	192.541122	304.573395	-160.141571	130.717422	7.211564	327.771973	0.163035	-0.000011	0.167543	-0.000016	0.170381	0.000016	0.185698	0.192572	0.175661	16.000000	36.000000	1.180000	23.309284
-204.913788	192.787323	305.295959	-159.092606	132.505615	7.211564	328.572205	0.163035	0.159855	-0.000039	-0.000016	0.170381	0.000005	0.185698	0.192572	0.175661	16.000000	36.000000	1.180000	23.338360
-265.649017	163.496460	316.315521	-215.212067	77.429070	7.211564	339.775360	0.163035	0.159855	-0.000039	0.180158	0.340666	0.000005	0.185621	0.192572	0.175661	16.000000	40.000000	1.180000	23.741681
-261.864319	166.428192	316.676819	-216.086212	81.720749	7.406471	338.975128	0.163035	0.319715	-0.000039	-0.000016	0.170333	0.000005	0.185621	0.192572	0.175661	16.000000	40.000000	1.180000	23.706134
-263.125885	164.504150	314.147736	-211.191071	80.290184	7.406471	337.854797	0.163035	0.319715	-0.000039	-0.000016	0.170333	0.000005	0.185698	0.192572	0.175661	16.000000	40.000000	1.180000	23.666050
-261.075165	162.342361	313.244507	-208.743484	80.647827	7.601377	336.894531	0.163035	0.159886	0.167543	-0.000016	0.170381	0.000016	0.185621	0.000008	0.175661	16.000000	40.000000	1.180000	23.624648
-285.113098	117.942749	287.050476	-238.464066	18.418478	6.626846	310.167023	0.163035	0.159855	-0.000039	-0.000016	0.170333	0.000005	0.000035	0.192572	0.175661	16.000000	44.000000	1.180000	22.682038
-278.444855	117.557953	283.437500	-233.743759	19.670218	6.431940	309.206787	0.163035	0.159855	-0.000039	-0.000016	0.340666	0.000005	0.185698	0.192572	0.175661	16.000000	44.000000	1.180000	22.653426
-280.967987	118.871536	283.076202	-234.792709	19.491398	6.237033	308.406555	0.163035	0.159855	-0.000039	-0.000016	0.340666	0.000005	0.185621	0.192572	0.175661	16.000000	44.000000	1.180000	22.630770
-278.444855	116.211136	283.076202	-234.093414	18.239658	6.821752	307.766357	0.163035	0.159855	-0.000039	0.180116	0.000006	0.000005	0.185698	0.192572	0.175661	16.000000	44.000000	1.180000	22.584854
244.766830	115.216904	-306.780701	-299.478729	-42.103165	6.431940	285.520142	0.163035	-0.000011	0.167543	-0.000016	0.340666	0.000016	0.185621	0.000008	0.175661	20.000000	-44.000000	1.180000	21.749272
245.308350	115.409264	-306.239319	-298.779419	-41.746361	6.626846	285.039978	0.163035	0.159855	0.167543	-0.000016	0.170333	0.000005	0.185621	0.000008	0.175661	20.000000	-44.000000	1.180000	21.722953
243.206009	114.447517	-306.239319	-297.730438	-41.567963	6.237033	284.239777	0.163035	-0.000011	0.335061	-0.000016	0.170381	0.000016	0.185621	0.000008	0.175661	20.000000	-44.000000	1.180000	21.706937
243.142288	115.056725	-307.502563	-301.926300	-43.530396	6.237033	283.919678	0.163035	0.159855	-0.000039	-0.000016	0.170333	0.000005	0.185698	0.000008	0.175661	20.000000	-44.000000	1.180000	21.694436
235.199997	136.567627	-255.891205	-240.561996	10.550400	5.847221	267.755157	0.163035	0.319715	0.335061	-0.000016	0.340666	0.000005	0.185621	0.000008	0.175661	20.000000	-40.000000	1.180000	21.069213
232.131393	136.220993	-256.252136	-243.184402	9.298660	5.847221	267.435059	0.326071	0.159855	-0.000039	-0.000016	0.170381	0.000005	0.185698	0.000008	0.175661	20.000000	-40.000000	1.180000	21.056334
233.755936	136.375275	-257.695801	-243.883728	8.046920	5.652315	266.794861	0.326071	0.159855	-0.000039	-0.000016	0.340666	0.000005	0.185621	0.000008	0.175661	20.000000	-40.000000	1.180000	21.038405
232.853424	134.451782	-254.627991	-239.338211	10.013940	6.042128	266.314728	0.163035	-0.000011	-0.000039	-0.000016	0.170381	0.000016	0.185698	0.192572	0.175661	20.000000	-40.000000	1.180000	21.003334
246.030380	167.343430	-235.138382	-210.316925	54.540112	5.847221	277.677917	0.163035	0.159855	0.167543	-0.000016	0.170333	0.000005	0.185621	0.000008	0.175661	20.000000	-36.000000	1.180000	21.464622
244.044800	166.766388	-233.333801	-210.841415	54.718933	6.237033	278.478149	0.163035	-0.000011	-0.000039	-0.000016	0.170381	0.000016	0.185621	0.000008	0.175661	20.000000	-36.000000	1.180000	21.480820
244.586349	168.689865	-234.777481	-214.862427	53.824833	6.237033	279.278381	0.163035	-0.000011	0.167543	-0.000016	0.170381	0.000016	0.185621	0.000008	0.175661	20.000000	-36.000000	1.180000	21.512367
246.932922	168.159805	-235.860229	-212.065201	55.791851	6.237033	279.918549	0.163035	0.159855	-0.000039	-0.000016	0.170333	0.000005	0.185698	0.192572	0.175661	20.000000	-36.000000	1.180000	21.537571
259.275269	202.158569	-211.678680	-190.386642	101.390945	6.431940	297.683533	0.163035	-0.000011	0.167543	-0.000016	0.340666	0.000016	0.185621	0.000008	0.175661	20.000000	-32.000000	1.180000	22.218163
260.651398	202.792252	-210.956848	-188.813202	100.139206	6.626846	298.483765	0.163035	0.159855	-0.000039	-0.000016	0.340666	0.000005	0.185621	0.192572	0.175661	20.000000	-32.000000	1.180000	22.241240
262.095459	204.523880	-214.566025	-191.260773	100.854485	6.626846	298.803833	0.163035	0.159855	0.167517	-0.000016	0.170333	0.000005	0.185698	0.192572	0.175661	20.000000	-32.000000	1.180000	22.253432
261.012421	204.082047	-212.039597	-189.337677	102.821503	6.626846	299.764130	0.163035	0.159886	0.167543	-0.000016	0.340666	0.000016	0.185621	0.000008	0.175661	20.000000	-32.000000	1.180000	22.289971
269.676727	233.126724	-174.684540	-158.043640	145.559479	6.821752	313.207916	0.163035	0.319715	0.167543	-0.000016	0.340666	0.000016	0.185621	0.192572	0.175661	20.000000	-28.000000	1.180000	22.788124
270.398773	235.050201	-176.308655	-159.092606	145.380661	6.626846	313.688049	0.326071	0.319715	-0.000039	-0.000016	0.340666	0.000005	0.185621	0.000008	0.175661	20.000000	-28.000000	1.180000	22.813214
271.481812	235.242554	-175.406372	-158.568115	146.811218	6.431940	314.168152	0.326071	0.159886	0.167543	-0.000016	0.170381	0.000016	0.185621	0.192572	0.175661	20.000000	-28.000000	1.180000	22.838275
271.481812	235.627274	-175.586823	-158.218475	146.453583	6.626846	314.488251	0.163035	0.159855	0.167543	-0.000016	0.340666	0.000016	0.185621	0.000008	0.175661	20.000000	-28.000000	1.180000	22.842919
276.355469	262.437012	-128.667419	-124.127197	187.045715	7.211564	326.011475	0.163035	0.159855	0.167517	-0.000016	0.340666	0.000005	0.185621	0.000008	0.175661	20.000000	-24.000000	1.180000	23.245189
276.355469	263.902527	-125.419159	-122.553757	190.085648	7.016659	326.651672	0.163035	0.159855	0.167543	-0.000016	0.340666	0.000005	0.185621	0.192572	0.175661	20.000000	-24.000000	1.180000	23.275615
276.897003	261.209625	-127.584679	-119.931351	189.728012	7.016659	326.971771	0.163035	-0.000011	0.167543	-0.000016	0.340666	0.000005	0.185621	0.192572	0.175661	20.000000	-24.000000	1.180000	23.287267
277.077515	263.517822	-127.584679	-123.777542	190.264465	7.016659	327.611938	0.163035	0.159886	0.167543	-0.000016	0.170381	0.000016	0.185621	0.192572	0.351335	20.000000	-24.000000	1.180000	23.310552
276.789001	287.561432	-76.514717	-95.630386	228.889587	7.406471	339.615295	0.163035	0.319715	0.335061	-0.000016	0.170381	0.000016	0.185621	0.192572	0.175661	20.000000	-20.000000	1.180000	23.729008
275.272461	287.946136	-75.071045	-96.679352	228.353119	7.601377	340.255463	0.163035	0.319715	-0.000039	-0.000016	0.340666	0.000005	0.185621	0.192572	0.175661	20.000000	-20.000000	1.180000	23.744904
276.174957	287.561432	-73.446915	-93.707291	229.604889	7.211564	340.095428	0.163035	0.159886	0.167543	-0.000016	0.340666	0.000005	0.185621	0.000008	0.175661	20.000000	-20.000000	1.180000	23.753103
275.994476	285.637939	-75.612419	-94.231773	227.816666	7.406471	339.455261	0.163035	-0.000011	0.167543	-0.000016	0.000006	0.000016	0.185621	0.192572	0.175661	20.000000	-20.000000	1.180000	23.723292
238.331055	273.712311	-11.729851	-63.637047	234.075348	7.016659	310.967285	0.163035	-0.000011	0.167543	-0.000016	0.170381	0.000016	0.185621	0.192572	0.175661	20.000000	-16.000000	1.180000	22.697369
241.878738	274.097015	-15.880411	-65.210480	231.393066	6.821752	310.167023	0.163035	0.159886	0.167543	-0.000016	0.170381	0.000016	0.185621	0.192572	0.175661	20.000000	-16.000000	1.180000	22.674755
239.893158	270.634735	-10.827554	-59.616024	232.823624	7.016659	309.206787	0.163035	-0.000011	-0.000039	-0.000016	0.000006	0.000005	0.185621	0.192572	0.175661	20.000000	-16.000000	1.180000	22.631541
238.449127	271.788818	-13.895360	-64.336342	231.393066	6.626846	308.406555	0.163035	0.159886	-0.000039	-0.000016	0.000006	0.000005	0.185621	0.192572	0.175661	20.000000	-16.000000	1.180000	22.616168
208.846039	263.133148	33.419983	-56.119476	233.181259	6.431940	290.641571	0.163035	0.159886	0.167543	-0.000016	0.170381	0.000016	0.185698	0.192572	0.175661	20.000000	-12.000000	1.180000	21.947921
210.109589	263.517822	33.419983	-55.070515	235.148270	6.431940	290.161438	0.163035	-0.000011	0.167543	-0.000016	0.340666	0.000016	0.185621	0.000008	0.175661	20.000000	-12.000000	1.180000	21.929374
207.582504	263.517822	32.336090	-57.692924	234.432999	6.431940	289.521240	0.163035	-0.000011	0.167543	-0.000016	0.340666	0.000016	0.185621	0.000008	0.175661	20.000000	-12.000000	1.180000	21.904620
208.304520	261.979034	34.142574	-55.070515	234.611816	6.431940	289.041107	0.163035	0.159855	-0.000039	-0.000016	0.170333	0.000005	0.185621	0.192572	0.175661	20.000000	-12.000000	1.180000	21.886036
179.831604	252.746307	65.394768	-54.895691	231.214249	6.042128	273.676788	0.163035	-0.000011	0.167543	-0.000016	0.340666	0.000016	0.185621	0.192572	0.175661	20.000000	-8.000000	1.180000	21.298312
179.964996	253.323349	64.852821	-54.371201	230.498978	6.237033	272.876587	0.326071	0.159855	-0.000039	-0.000016	0.340666	0.000005	0.185621	0.192572	0.175661	20.000000	-8.000000	1.180000	21.258679
179.242981	251.592209	64.130226	-54.546040	228.174301	6.042128	271.916321	0.163035	0.159855	0.167543	-0.000016	0.170333	0.000005	0.185621	0.000008	0.175661	20.000000	-8.000000	1.180000	21.228148
177.979431	248.968872	64.491524	-54.196377	227.816666	6.042128	271.276123	0.163035	0.319715	-0.000039	-0.000016	0.170381	0.000005	0.185621	0.192572	0.351335	20.000000	-8.000000	1.180000	21.202575
158.304214	254.285095	91.046852	-55.944653	235.148270	6.042128	271.756287	0.163035	0.159855	-0.000039	-0.000016	0.340666	0.000005	0.185698	0.192572	0.175661	20.000000	-4.000000	1.180000	21.221758
158.165146	255.439178	91.046852	-57.343262	235.684753	5.847221	272.396454	0.163035	-0.000011	0.167543	-0.000016	0.170381	0.000016	0.185621	0.192572	0.175661	20.000000	-4.000000	1.180000	21.255078
157.943207	256.016235	92.853333	-56.469139	237.472931	5.847221	273.196655	0.163035	0.159855	-0.000039	-0.000016	0.170333	0.000005	0.185698	0.000008	0.175661	20.000000	-4.000000	1.180000	21.286959
158.345703	257.747375	92.492035	-58.916710	238.903519	6.042128	273.996918	0.326071	0.159855	-0.000039	0.180158	0.340666	0.000016	0.185621	0.192572	0.175661	20.000000	-4.000000	1.180000	21.311046
144.623611	275.058746	124.828125	-57.867748	254.639648	6.237033	292.081970	0.326071	0.319715	0.167543	-0.000016	0.340666	0.000005	0.185621	0.000008	0.175661	20.000000	0.000000	1.180000	22.010973
143.322174	275.905182	124.466827	-61.888771	258.394867	6.431940	292.882202	0.163035	0.159855	-0.000039	0.180116	0.340666	0.000005	0.185698	0.192572	0.175661	20.000000	0.000000	1.180000	22.034267
144.405212	276.789886	126.634598	-59.441185	260.183075	6.821752	293.522369	0.163035	-0.000011	0.167543	-0.000016	0.340666	0.000005	0.185621	0.192572	0.175661	20.000000	0.000000	1.180000	22.043894
143.863708	277.829224	125.912003	-62.063599	258.752502	6.626846	294.322601	0.163035	0.319715	-0.000039	-0.000016	0.340666	0.000005	0.185698	0.192572	0.175661	20.000000	0.000000	1.180000	22.082117
126.207123	292.177795	155.177063	-66.434273	271.985199	6.821752	309.206787	0.163035	0.319715	-0.000039	-0.000016	0.170381	0.000005	0.185621	0.192572	0.175661	20.000000	4.000000	1.180000	22.638839
125.632538	291.985474	156.622253	-66.084618	273.773407	6.626846	309.846954	0.163035	0.159855	-0.000039	-0.000016	0.340666	0.000005	0.185698	0.192572	0.175661	20.000000	4.000000	1.180000	22.670076
127.979118	292.947205	156.802902	-62.937733	271.627563	6.431940	310.167023	0.163035	0.159855	0.167543	-0.000016	0.340666	0.000016	0.185621	0.000008	0.175661	20.000000	4.000000	1.180000	22.689319
126.535072	294.485992	157.886795	-65.734970	274.488678	6.431940	310.647186	0.163035	0.159855	0.335061	-0.000016	0.340666	0.000005	0.185621	0.192572	0.175661	20.000000	4.000000	1.180000	22.707247
102.735123	304.103424	188.416397	-69.231506	281.462646	7.406471	323.610809	0.163035	-0.000011	0.167543	-0.000016	0.340666	0.000016	0.185621	0.192572	0.175661	20.000000	8.000000	1.180000	23.150369
102.347198	304.872833	188.777695	-72.203568	282.535583	7.016659	323.930908	0.163035	0.159855	-0.000039	-0.000016	0.170381	0.000005	0.185698	0.000008	0.175661	20.000000	8.000000	1.180000	23.176341
100.542137	304.103424	189.500275	-71.504257	281.283844	6.431940	324.731140	0.163035	0.159855	-0.000039	-0.000016	0.170333	0.000005	0.185621	0.192572	0.175661	20.000000	8.000000	1.180000	23.226927
100.207375	306.411621	190.584167	-72.378387	285.039062	6.821752	325.371307	0.163035	0.159886	0.167543	-0.000016	0.340666	0.000016	0.185621	0.000008	0.175661	20.000000	8.000000	1.180000	23.236061
68.772987	312.566772	220.210526	-74.476311	281.820282	7.406471	338.014832	0.163035	0.319715	-0.000039	-0.000016	0.340666	0.000005	0.185621	0.192572	0.175661	20.000000	12.000000	1.180000	23.671780
69.134003	312.566772	223.281555	-72.378387	285.039062	7.406471	338.494995	0.163035	0.159855	-0.000039	-0.000016	0.340666	0.169792	0.185698	0.192572	0.175661	20.000000	12.000000	1.180000	23.688964
70.578056	312.374420	222.920258	-72.728050	286.290802	7.601377	338.975128	0.163035	0.319715	-0.000039	-0.000016	0.000006	0.000005	0.185698	0.000008	0.175661	20.000000	12.000000	1.180000	23.699165
69.314507	314.297913	223.281555	-73.252525	285.575500	7.601377	339.775360	0.163035	0.319715	0.167543	-0.000016	0.170333	0.000005	0.185621	0.000008	0.175661	20.000000	12.000000	1.180000	23.727763
29.242064	283.601318	227.075165	-56.818787	254.639648	7.211564	314.968384	0.163035	0.159855	-0.000039	-0.000016	0.340666	0.000005	0.185698	0.000008	0.175661	20.000000	16.000000	1.180000	22.839039
29.061556	282.831696	225.449341	-57.692924	253.030273	7.016659	314.168152	0.163035	0.319715	-0.000039	-0.000016	0.170333	0.000005	0.185698	0.192572	0.175661	20.000000	16.000000	1.180000	22.816567
28.881048	283.137421	224.907379	-56.818787	251.778549	7.016659	313.207916	0.163035	0.319715	0.167543	-0.000016	0.170333	0.000005	0.185621	0.192572	0.175661	20.000000	16.000000	1.180000	22.780874
30.513597	282.368011	222.920258	-58.567062	250.705612	6.821752	312.247620	0.163035	-0.000011	0.167543	-0.000016	0.340666	0.000016	0.185621	0.000008	0.175661	20.000000	16.000000	1.180000	22.752384
-11.534286	255.510544	224.365433	-52.797764	220.306229	6.237033	294.482635	0.163035	0.319715	-0.000039	-0.000016	0.340666	0.000005	0.185621	0.192572	0.175661	20.000000	20.000000	1.180000	22.103210
-13.877190	257.434570	226.533218	-53.846725	221.200317	6.431940	293.842468	0.163035	0.319715	-0.000039	-0.000016	0.340666	0.000005	0.185698	0.192572	0.175661	20.000000	20.000000	1.180000	22.071168
-16.396023	256.977966	225.088028	-55.245338	218.875656	6.042128	293.202271	0.163035	-0.000011	0.167543	-0.000016	0.170381	0.000016	0.185621	0.192572	0.175661	20.000000	20.000000	1.180000	22.061553
-14.417858	257.555023	226.171936	-52.273281	220.842682	6.626846	292.722168	0.326071	0.319715	0.167517	-0.000016	0.340666	0.000005	0.185621	0.000008	0.175661	20.000000	20.000000	1.180000	22.020612
-61.079697	231.395584	227.436447	-66.084618	188.476273	6.431940	278.158051	0.326071	0.319715	0.335061	-0.000016	0.340666	0.000016	0.185621	0.192572	0.175661	20.000000	24.000000	1.180000	21.460492
-62.340923	230.241486	226.533218	-66.259445	187.403351	6.042128	277.357849	0.163035	0.159886	0.167543	-0.000016	0.000006	0.000005	0.185621	0.192572	0.175661	20.000000	24.000000	1.180000	21.444281
-58.212097	228.702698	225.449341	-64.161522	187.403351	6.042128	277.037750	0.163035	0.159855	0.167543	-0.000016	0.170333	0.000005	0.185621	0.192572	0.175661	20.000000	24.000000	1.180000	21.431627
-59.113216	229.921021	224.184784	-67.133583	186.866898	6.237033	276.077454	0.163035	0.319715	-0.000039	-0.000016	0.170333	0.000005	0.185698	0.192572	0.175661	20.000000	24.000000	1.180000	21.385898
-96.574387	206.774933	225.991287	-89.861107	157.361603	6.042128	266.154694	0.326071	0.159886	0.167543	-0.000016	0.170333	0.000016	0.185621	0.192572	0.175661	20.000000	28.000000	1.180000	20.996875
-98.376152	208.890762	226.713852	-87.413521	158.255692	5.847221	266.794861	0.163035	0.319715	-0.000039	-0.000016	0.170333	0.000005	0.185621	0.000008	0.175661	20.000000	28.000000	1.180000	21.030552
-97.114914	209.083130	225.629974	-90.560402	157.003952	5.847221	267.755157	0.163035	0.159886	0.167543	-0.000016	0.170381	0.000016	0.185621	0.000008	0.175661	20.000000	28.000000	1.180000	21.069213
-97.140312	208.564331	225.810623	-90.035927	158.255692	6.042128	268.555359	0.326071	0.319715	-0.000039	-0.000016	0.340666	0.000005	0.185621	0.192572	0.175661	20.000000	28.000000	1.180000	21.093546
-148.684158	207.217514	250.198181	-136.889572	139.658417	6.431940	287.280609	0.163035	0.319715	-0.000039	-0.000016	0.340666	0.000005	0.185698	0.000008	0.175661	20.000000	32.000000	1.180000	21.817761
-148.864380	206.967285	249.475586	-137.763718	139.121964	6.237033	287.920807	0.163035	0.159855	0.167543	-0.000016	0.340666	0.000005	0.185621	0.000008	0.351335	20.000000	32.000000	1.180000	21.850175
-151.347916	208.506073	250.740128	-140.560928	139.300781	6.237033	288.881073	0.163035	0.159855	-0.000039	0.360245	0.170381	0.000005	0.185621	0.192572	0.175661	20.000000	32.000000	1.180000	21.887387
-150.807388	209.467819	252.185318	-140.386108	140.731339	6.237033	289.521240	0.163035	0.319715	0.167543	-0.000016	0.170333	0.000016	0.185621	0.192572	0.175661	20.000000	32.000000	1.180000	21.912159
-201.489548	197.926895	268.263000	-190.561478	111.047218	6.626846	304.405426	0.163035	0.159855	0.167543	-0.000016	0.340666	0.169792	0.185621	0.000008	0.175661	20.000000	36.000000	1.180000	22.465739
-201.797211	197.404984	268.082367	-189.687332	110.868401	6.821752	304.885559	0.163035	0.319715	-0.000039	-0.000016	0.340666	0.169792	0.185621	0.192572	0.175661	20.000000	36.000000	1.180000	22.476497
-201.436890	199.658035	268.263000	-188.988022	111.941315	6.821752	305.525726	0.163035	0.319715	0.167543	0.180116	0.170381	0.000005	0.185621	0.192572	0.175661	20.000000	36.000000	1.180000	22.500621
-201.669785	199.906219	269.708221	-192.659393	112.298965	6.626846	305.845825	0.163035	0.159855	-0.000039	0.180116	0.170333	0.000005	0.185621	0.192572	0.175661	20.000000	36.000000	1.180000	22.520010
-256.210419	180.088760	278.740631	-241.610962	68.488068	6.821752	318.969513	0.326071	0.159855	0.167543	-0.000016	0.170381	0.000005	0.185621	0.000008	0.175661	20.000000	40.000000	1.180000	23.001391
-256.457642	181.820389	280.185822	-241.960617	70.276268	7.016659	319.449646	0.163035	0.159855	-0.000039	-0.000016	0.170333	0.000005	0.185698	0.000008	0.175661	20.000000	40.000000	1.180000	23.011898
-257.291473	181.192551	279.282593	-244.757843	67.772789	6.821752	319.929779	0.163035	-0.000011	0.167543	-0.000016	0.170381	0.000016	0.185621	0.000008	0.175661	20.000000	40.000000	1.180000	23.036744
-257.178497	180.281158	280.366486	-243.009598	69.203354	7.016659	320.730011	0.163035	0.319715	-0.000039	-0.000016	0.340666	0.000005	0.185698	0.192572	0.351335	20.000000	40.000000	1.180000	23.059001
-313.588379	151.035995	289.218262	-294.408722	15.199718	7.016659	333.853699	0.163035	0.319715	0.167543	-0.000016	0.170333	0.000005	0.185698	0.192572	0.175661	20.000000	44.000000	1.180000	23.536378
-317.373047	151.613190	289.940857	-297.205963	14.126800	7.406471	334.173798	0.163035	0.319715	-0.000039	-0.000016	0.170333	0.000005	0.185698	0.000008	0.175661	20.000000	44.000000	1.180000	23.533868
-317.290100	153.494324	289.037598	-299.653534	13.053880	7.406471	334.813965	0.163035	0.159886	0.167543	-0.000016	0.340666	0.000016	0.185621	0.000008	0.175661	20.000000	44.000000	1.180000	23.556909
-313.768616	153.537216	288.495667	-297.555603	13.053880	7.406471	335.294098	0.163035	0.319715	-0.000039	-0.000016	0.340666	0.000005	0.185698	0.000008	0.175661	20.000000	44.000000	1.180000	23.574176
247.293930	145.415665	-365.429932	-370.283661	-58.694664	6.431940	312.887787	0.163035	0.319715	0.167543	-0.000016	0.340666	0.000005	0.185698	0.000008	0.175661	24.000000	-44.000000	1.180000	22.790715
245.669373	143.917084	-364.888580	-370.458496	-58.516270	6.626846	311.927521	0.163035	0.159855	-0.000039	-0.000016	0.170333	0.000005	0.185698	0.000008	0.175661	24.000000	-44.000000	1.180000	22.747720
244.586349	141.761032	-366.151794	-371.332642	-62.797943	6.431940	311.127319	0.163035	0.319715	0.167543	-0.000016	0.170333	0.000005	0.185621	0.000008	0.175661	24.000000	-44.000000	1.180000	22.725159
244.289322	143.492187	-358.572510	-363.465393	-55.661819	7.016659	310.647186	0.163035	0.159886	0.167543	-0.000016	0.170381	0.000016	0.185621	0.192572	0.175661	24.000000	-44.000000	1.180000	22.685414
236.644058	163.688812	-302.991058	-305.947327	-4.638486	6.237033	290.641571	0.163035	0.159886	0.167543	0.180158	0.340666	0.000016	0.185621	0.192572	0.175661	24.000000	-40.000000	1.180000	21.955446
234.838974	162.964935	-303.351990	-306.471802	-5.708905	6.237033	289.841339	0.163035	0.159855	0.167543	-0.000016	0.170333	0.000005	0.185621	0.000008	0.175661	24.000000	-40.000000	1.180000	21.924536
233.394928	163.111755	-302.088776	-306.296967	-5.708905	6.237033	289.041107	0.163035	0.319715	0.167543	-0.000016	0.170333	0.000016	0.185621	0.192572	0.175661	24.000000	-40.000000	1.180000	21.893582
234.297455	162.964935	-301.006012	-303.674561	-4.103275	6.042128	288.080841	0.163035	0.319715	-0.000039	-0.000016	0.340666	0.000005	0.185698	0.192572	0.175661	24.000000	-40.000000	1.180000	21.863937
225.091614	177.779938	-250.657883	-251.226456	36.836937	6.237033	275.597351	0.163035	0.159855	0.335061	-0.000016	0.170333	0.000005	0.000008	0.000008	0.175661	24.000000	-36.000000	1.180000	21.366865
224.189102	178.934341	-251.018814	-251.750931	36.836937	5.847221	274.477020	0.163035	0.159886	0.167543	-0.000016	0.000006	0.000016	0.185621	0.000008	0.175661	24.000000	-36.000000	1.180000	21.337871
222.384018	179.126755	-249.214218	-250.527145	37.194576	5.847221	273.836823	0.163035	0.319715	0.167543	-0.000016	0.340666	0.000005	0.185621	0.192572	0.175661	24.000000	-36.000000	1.180000	21.312429
222.261749	177.345566	-246.687790	-246.506119	38.267494	5.652315	272.716522	0.163035	0.159886	0.335061	0.180158	0.170333	0.000016	0.185621	0.192572	0.175661	24.000000	-36.000000	1.180000	21.275601
219.733994	195.811050	-208.610870	-205.246948	74.925591	5.847221	270.315857	0.163035	-0.000011	0.167543	-0.000016	0.340666	0.000016	0.185621	0.192572	0.175661	24.000000	-32.000000	1.180000	21.171961
221.178436	197.926895	-212.220062	-210.316925	74.389130	6.042128	271.436157	0.163035	0.319715	-0.000039	-0.000016	0.170381	0.000016	0.185621	0.192572	0.175661	24.000000	-32.000000	1.180000	21.208970
221.358978	197.542191	-210.776382	-208.044159	75.283234	6.042128	272.076355	0.163035	0.159886	0.167543	0.180158	0.340666	0.000005	0.185621	0.192572	0.175661	24.000000	-32.000000	1.180000	21.234535
221.300980	199.521408	-212.039597	-210.142090	76.356148	6.042128	272.876587	0.326071	0.319715	-0.000039	-0.000016	0.340666	0.000005	0.185621	0.192572	0.175661	24.000000	-32.000000	1.180000	21.266448
232.372772	229.856796	-188.218979	-192.134918	114.087166	6.821752	291.441772	0.163035	0.159886	0.167543	-0.000016	0.000006	0.000005	0.185621	0.000008	0.175661	24.000000	-28.000000	1.180000	21.963762
232.853424	230.498199	-186.414383	-190.561478	115.517715	6.431940	291.921906	0.163035	0.159855	-0.000039	-0.000016	0.340666	0.000005	0.185698	0.000008	0.175661	24.000000	-28.000000	1.180000	21.997302
234.719971	231.010880	-187.497147	-190.736298	116.411827	6.821752	292.882202	0.163035	0.159855	0.167543	-0.000016	0.170381	0.000005	0.185621	0.192572	0.175661	24.000000	-28.000000	1.180000	22.019270
235.741516	231.972626	-186.955750	-189.687332	115.517715	6.626846	293.362335	0.163035	0.159886	0.167543	-0.000016	0.170333	0.000016	0.185621	0.000008	0.175661	24.000000	-28.000000	1.180000	22.045234
240.497681	259.670837	-149.961624	-165.910858	155.215759	7.016659	309.046722	0.163035	-0.000011	-0.000039	-0.000016	0.170381	0.000016	0.185621	0.000008	0.175661	24.000000	-24.000000	1.180000	22.625547
242.059250	259.670837	-151.585754	-166.435349	154.679306	6.821752	309.526855	0.163035	0.319715	0.167543	-0.000016	0.340666	0.000016	0.185621	0.000008	0.175661	24.000000	-24.000000	1.180000	22.650817
242.600769	259.743378	-150.683456	-164.861893	156.109848	6.821752	309.846954	0.163035	0.159855	-0.000039	0.180116	0.340666	0.000005	0.185621	0.000008	0.175661	24.000000	-24.000000	1.180000	22.662790
241.156708	260.247894	-150.142075	-165.211563	155.752213	6.821752	310.487122	0.163035	0.159855	0.167543	-0.000016	0.340666	0.000005	0.185621	0.000008	0.175661	24.000000	-24.000000	1.180000	22.686716
242.961761	285.332916	-107.192787	-134.966476	189.370377	6.821752	323.290710	0.163035	0.159855	-0.000039	-0.000016	0.170381	0.000005	0.185621	0.000008	0.175661	24.000000	-20.000000	1.180000	23.160053
242.961761	286.102539	-103.222679	-130.770630	192.589127	6.626846	323.770844	0.163035	0.319715	-0.000039	-0.000016	0.170333	0.000005	0.185621	0.000008	0.175661	24.000000	-20.000000	1.180000	23.184740
242.961761	286.487335	-106.110031	-134.267166	190.979752	7.211564	324.571106	0.163035	0.319715	-0.000039	-0.000016	0.340666	0.000005	0.185698	0.000008	0.175661	24.000000	-20.000000	1.180000	23.192617
244.044800	288.715515	-104.485893	-134.267166	192.231491	7.211564	325.051239	0.163035	0.159855	-0.000039	-0.000016	0.000006	0.000005	0.185621	0.000008	0.175661	24.000000	-20.000000	1.180000	23.210155
239.712662	307.181000	-48.723991	-117.658600	222.452072	7.211564	337.694763	0.163035	0.159855	0.167543	-0.000016	0.170333	0.000005	0.185621	0.192572	0.175661	24.000000	-16.000000	1.180000	23.667298
239.893158	308.613647	-52.333176	-119.756523	223.167358	7.406471	338.334961	0.163035	0.159855	0.167543	-0.000016	0.170333	0.000005	0.185698	0.000008	0.175661	24.000000	-16.000000	1.180000	23.683238
239.956039	309.681549	-45.475727	-115.560677	227.459000	7.211564	338.655060	0.163035	0.159886	0.167543	-0.000016	0.340666	0.000016	0.185621	0.192572	0.175661	24.000000	-16.000000	1.180000	23.701658
241.156708	310.258575	-48.182613	-115.735497	227.101364	7.406471	339.135162	0.163035	-0.000011	0.167543	-0.000016	0.000006	0.000016	0.185621	0.000008	0.175661	24.000000	-16.000000	1.180000	23.711854
209.207047	297.454285	4.696870	-106.120018	227.995483	7.211564	315.768616	0.163035	0.159855	0.167517	-0.000016	0.340666	0.000005	0.185698	0.000008	0.175661	24.000000	-12.000000	1.180000	22.868713
209.929077	295.832428	0.722603	-105.071060	225.849640	7.016659	314.648285	0.163035	0.159886	0.167543	-0.179798	0.170381	0.000016	0.185621	0.000008	0.175661	24.000000	-12.000000	1.180000	22.834394
208.846039	293.716614	0.722603	-104.721397	223.524994	7.016659	313.848083	0.163035	0.159855	0.167517	-0.000016	0.170333	0.000005	0.185698	0.000008	0.175661	24.000000	-12.000000	1.180000	22.804676
206.318954	294.485992	2.890385	-106.294846	224.419083	7.016659	312.727753	0.163035	0.159855	0.167543	-0.000016	0.340666	0.000016	0.185621	0.000008	0.175661	24.000000	-12.000000	1.180000	22.763005
177.257401	282.368011	43.897591	-99.826233	223.882629	6.626846	295.122833	0.163035	0.319715	0.167543	-0.000016	0.340666	0.000005	0.185698	0.192572	0.175661	24.000000	-8.000000	1.180000	22.112807
177.437912	282.062103	42.994350	-99.476585	222.452072	6.431940	294.482635	0.163035	0.159855	-0.000039	-0.000016	0.170333	0.000005	0.185698	0.000008	0.175661	24.000000	-8.000000	1.180000	22.095735
175.813354	280.444519	41.549164	-99.126938	220.306229	6.237033	293.842468	0.163035	0.159886	0.167543	0.180158	0.340666	0.000016	0.185621	0.000008	0.175661	24.000000	-8.000000	1.180000	22.078651
175.632843	279.368469	43.174999	-98.252800	221.557983	6.431940	293.362335	0.163035	0.159855	0.167517	-0.000016	0.340666	0.000005	0.185698	0.192572	0.175661	24.000000	-8.000000	1.180000	22.052725
146.571289	270.634735	71.717468	-93.532463	218.339188	6.042128	279.598480	0.163035	0.319715	-0.000039	-0.000016	0.340666	0.000005	0.185621	0.192572	0.175661	24.000000	-4.000000	1.180000	21.532646
146.932312	269.555908	69.910973	-93.707291	216.908646	6.237033	279.118347	0.163035	0.159855	-0.000039	-0.000016	0.170333	0.000005	0.185698	0.192572	0.175661	24.000000	-4.000000	1.180000	21.506062
145.127243	268.903595	74.427193	-91.609367	218.339188	6.237033	278.478149	0.163035	0.159855	0.167543	-0.000016	0.170333	0.000005	0.185621	0.000008	0.175661	24.000000	-4.000000	1.180000	21.480820
145.668762	267.247101	71.898109	-90.910065	215.656906	6.237033	277.837952	0.163035	-0.000011	-0.000039	-0.000016	0.000006	0.000005	0.185621	0.192572	0.175661	24.000000	-4.000000	1.180000	21.455548
118.082207	257.939697	92.853333	-86.189735	210.828766	5.847221	265.514526	0.163035	0.159886	0.167543	-0.000016	0.340666	0.000016	0.185621	0.192572	0.175661	24.000000	0.000000	1.180000	20.978896
118.231773	258.204193	93.937225	-86.364555	212.080505	6.042128	266.154694	0.163035	0.319715	0.167517	-0.000016	0.340666	0.000005	0.185698	0.000008	0.175661	24.000000	0.000000	1.180000	20.996875
119.495316	260.128204	95.382416	-85.140770	213.332260	5.652315	267.114960	0.163035	0.159855	0.167543	-0.000016	0.340666	0.000005	0.185621	0.000008	0.175661	24.000000	0.000000	1.180000	21.051295
119.887733	259.863190	95.021118	-84.441460	212.795776	6.042128	267.915192	0.163035	0.159855	0.167543	-0.000016	0.170333	0.000016	0.185621	0.000008	0.175661	24.000000	0.000000	1.180000	21.067811
99.304604	277.174591	125.550705	-93.707291	228.174301	6.431940	286.480408	0.163035	0.159886	-0.000039	0.180158	0.170381	0.000005	0.185621	0.192572	0.175661	24.000000	4.000000	1.180000	21.786657
100.026817	278.713379	125.189423	-93.707291	226.743729	6.237033	286.960541	0.163035	-0.000011	0.167543	-0.000016	0.340666	0.000016	0.185621	0.000008	0.175661	24.000000	4.000000	1.180000	21.812899
97.293015	278.983643	127.718491	-95.105911	229.962524	6.431940	288.080841	0.163035	0.319715	-0.000039	-0.000016	0.170333	0.000005	0.185698	0.192572	0.175661	24.000000	4.000000	1.180000	21.848822
100.000618	280.715271	125.912003	-95.105911	228.531952	6.431940	288.721039	0.163035	0.319715	-0.000039	-0.000016	0.170333	0.000005	0.185698	0.192572	0.175661	24.000000	4.000000	1.180000	21.873639
74.568726	295.255402	159.693283	-103.847260	238.367065	6.626846	305.685791	0.163035	-0.000011	0.167543	-0.000016	0.170333	0.000016	0.185621	0.192572	0.175661	24.000000	8.000000	1.180000	22.513987
72.744133	295.832428	161.680405	-104.196922	240.691696	6.626846	306.325989	0.326071	0.159855	0.167543	-0.000016	0.170333	0.000005	0.185621	0.192572	0.175661	24.000000	8.000000	1.180000	22.538072
74.027069	295.447723	160.957809	-104.546570	240.691696	6.821752	306.966156	0.163035	-0.000011	-0.000039	-0.000016	0.170381	0.000005	0.185621	0.000008	0.175661	24.000000	8.000000	1.180000	22.554807
75.271217	295.530273	159.873932	-103.672432	239.618790	6.821752	307.286224	0.163035	0.319715	-0.000039	0.180116	0.340666	0.000005	0.185621	0.000008	0.175661	24.000000	8.000000	1.180000	22.566830
39.350426	305.919983	191.848709	-109.966202	241.585800	7.016659	319.769745	0.326071	0.319715	-0.000039	-0.000016	0.170333	0.000005	0.185698	0.192572	0.175661	24.000000	12.000000	1.180000	23.023683
41.346825	304.872833	190.042236	-110.490692	241.406982	7.211564	320.409912	0.163035	0.159886	0.167543	-0.000016	0.170381	0.000005	0.185621	0.000008	0.175661	24.000000	12.000000	1.180000	23.040066
39.711441	307.181000	190.042236	-112.238968	241.049347	7.211564	321.050110	0.163035	0.159855	0.167517	-0.000016	0.170333	0.000005	0.185698	0.192572	0.175661	24.000000	12.000000	1.180000	23.063602
42.780052	305.535187	190.042236	-109.616554	243.373993	7.211564	321.530212	0.163035	0.159855	-0.000039	-0.000016	0.170333	0.000005	0.185698	0.192572	0.175661	24.000000	12.000000	1.180000	23.081236
-1.622010	312.951477	219.487930	-116.085152	239.618790	7.211564	334.493866	0.163035	0.159855	-0.000039	-0.000016	0.170333	0.000005	0.185621	0.192572	0.175661	24.000000	16.000000	1.180000	23.552404
-1.621584	316.221405	218.765335	-118.008247	239.261154	7.406471	334.973999	0.163035	0.159855	-0.000039	-0.000016	0.170381	0.000005	0.000008	0.000008	0.175661	24.000000	16.000000	1.180000	23.562666
-0.720894	315.836700	220.391159	-115.560677	240.870529	7.406471	335.294098	0.163035	0.319715	-0.000039	-0.000016	0.340666	0.000005	0.185621	0.000008	0.175661	24.000000	16.000000	1.180000	23.574176
-1.081339	315.347717	220.571838	-114.336891	240.334061	7.406471	335.934296	0.163035	0.319715	-0.000039	-0.000016	0.170333	0.000005	0.185698	0.000008	0.175661	24.000000	16.000000	1.180000	23.597179
-40.189774	292.754852	228.701004	-107.343803	216.551010	7.211564	322.010345	0.163035	0.159855	0.167543	-0.000016	0.340666	0.000005	0.185621	0.000008	0.175661	24.000000	20.000000	1.180000	23.098858
-40.369999	291.793091	227.978409	-108.217941	214.941620	7.406471	320.890045	0.326071	0.159855	-0.000039	-0.000016	0.170381	0.000005	0.185698	0.192572	0.175661	24.000000	20.000000	1.180000	23.050555
-41.811787	292.067017	227.617126	-106.469666	214.226349	7.211564	319.769745	0.163035	0.159855	-0.000039	-0.000016	0.000006	0.000005	0.185698	0.000008	0.351335	24.000000	20.000000	1.180000	23.016507
-43.974461	291.216064	224.907379	-109.266907	212.259323	7.211564	318.649414	0.163035	0.159855	0.167543	-0.000016	0.340666	0.000005	0.185621	0.192572	0.175661	24.000000	20.000000	1.180000	22.975220
-87.588478	259.743378	225.088028	-119.756523	179.177643	6.821752	299.123932	0.163035	0.319715	-0.000039	0.180158	0.000006	0.000005	0.185698	0.000008	0.175661	24.000000	24.000000	1.180000	22.258199
-86.687363	260.897827	225.449341	-117.658600	179.356461	7.016659	298.643799	0.163035	0.319715	-0.000039	-0.000016	0.340666	0.000005	0.185698	0.000008	0.175661	24.000000	24.000000	1.180000	22.232483
-85.606026	258.781372	221.836365	-116.085152	176.137695	6.626846	297.523499	0.163035	0.159855	-0.000039	-0.000016	0.000006	0.000005	0.185698	0.000008	0.175661	24.000000	24.000000	1.180000	22.204621
-89.006989	258.709106	224.184784	-118.882385	177.389435	6.626846	297.043365	0.163035	-0.000011	0.335061	0.180158	0.170381	0.000016	0.185621	0.000008	0.351335	24.000000	24.000000	1.180000	22.186288
-127.237595	232.807053	221.836365	-140.211288	144.665375	6.237033	282.799347	0.163035	0.319715	-0.000039	-0.000016	0.170333	0.000005	0.185698	0.000008	0.175661	24.000000	28.000000	1.180000	21.650628
-131.022278	232.807053	222.197662	-141.609909	143.950089	6.042128	282.159180	0.326071	0.319715	-0.000039	-0.000016	0.170333	0.000005	0.185621	0.192572	0.175661	24.000000	28.000000	1.180000	21.633193
-127.237595	230.690613	221.113770	-139.337143	144.486557	6.431940	281.519012	0.163035	0.319715	-0.000039	-0.000016	0.170381	0.000005	0.185698	0.192572	0.175661	24.000000	28.000000	1.180000	21.592806
-129.039825	230.113419	220.933121	-140.735779	142.340729	6.042128	281.038879	0.326071	0.319715	-0.000039	0.180158	0.000006	0.000005	0.185621	0.192572	0.175661	24.000000	28.000000	1.180000	21.589261
-160.536896	202.927963	211.900696	-164.337418	108.007286	6.042128	264.874359	0.163035	0.159886	0.167543	-0.000016	0.170381	0.000016	0.185621	0.000008	0.175661	24.000000	32.000000	1.180000	20.945136
-160.759109	202.215042	212.442642	-162.938797	108.364922	6.042128	264.234161	0.326071	0.159855	-0.000039	-0.000016	0.170333	0.000005	0.185698	0.000008	0.175661	24.000000	32.000000	1.180000	20.919217
-160.176544	201.773865	212.081345	-163.288452	107.649643	6.042128	263.914062	0.163035	0.159886	0.167543	-0.000016	0.340666	0.000005	0.185621	0.000008	0.175661	24.000000	32.000000	1.180000	20.906245
-158.596436	201.637848	211.900696	-163.113632	107.828453	6.042128	263.273895	0.163035	0.159855	-0.000039	-0.000016	0.000006	0.000005	0.185698	0.192572	0.175661	24.000000	32.000000	1.180000	20.880279
-187.383133	177.153229	208.468384	-196.330765	75.640869	5.457409	254.951538	0.163035	0.159886	0.167543	-0.000016	0.340666	0.000005	0.185621	0.192572	0.175661	24.000000	36.000000	1.180000	20.563837
-188.103851	177.345566	207.023193	-197.729385	74.925591	5.457409	255.751785	0.163035	0.159855	0.167543	0.180158	0.170333	0.000005	0.185621	0.000008	0.175661	24.000000	36.000000	1.180000	20.596790
-189.775055	178.741943	207.384491	-197.904190	75.104408	5.457409	256.552002	0.163035	0.159855	-0.000039	-0.000016	0.340666	0.000005	0.185698	0.000008	0.175661	24.000000	36.000000	1.180000	20.629689
-188.644379	179.269058	208.107086	-196.855240	75.998512	5.457409	257.512268	0.163035	-0.000011	0.335061	-0.000016	0.000006	0.000016	0.185621	0.000008	0.175661	24.000000	36.000000	1.180000	20.669098
-239.516647	170.421005	224.184784	-242.135452	47.744953	6.042128	277.517883	0.163035	0.319715	-0.000039	-0.000016	0.340666	0.000005	0.185621	0.000008	0.175661	24.000000	40.000000	1.180000	21.450604
-239.814377	169.459274	224.004150	-244.408188	44.347374	6.237033	278.318085	0.163035	-0.000011	0.167543	-0.000016	0.170333	0.000005	0.185621	0.192572	0.175661	24.000000	40.000000	1.180000	21.474504
-241.138641	168.929413	227.436447	-246.156464	46.123562	6.626846	279.118347	0.163035	0.319715	-0.000039	-0.000016	0.340666	0.000005	0.185621	0.000008	0.175661	24.000000	40.000000	1.180000	21.490696
-241.318878	170.805710	226.713852	-245.282333	45.062656	6.626846	279.918549	0.326071	0.159855	0.167543	-0.000016	0.340666	0.000005	0.185621	0.192572	0.175661	24.000000	40.000000	1.180000	21.522227
-290.624054	151.955521	234.120453	-289.513550	5.901081	6.431940	293.522369	0.163035	0.159886	0.167543	-0.000016	0.340666	0.000016	0.185621	0.192572	0.175661	24.000000	44.000000	1.180000	22.058874
-286.660156	151.955521	233.036575	-285.842194	6.079900	6.431940	294.162537	0.326071	0.159886	0.167517	-0.000016	0.000006	0.000005	0.185621	0.000008	0.175661	24.000000	44.000000	1.180000	22.083455
-287.380859	153.109634	234.662415	-289.513550	5.901081	6.626846	294.642700	0.163035	0.319715	0.167543	-0.000016	0.340666	0.000005	0.185621	0.192572	0.175661	24.000000	44.000000	1.180000	22.094400
-289.362823	152.960007	235.385010	-288.464600	5.901081	6.431940	295.122833	0.163035	0.159886	-0.000039	-0.000016	0.000006	0.000005	0.185621	0.000008	0.175661	24.000000	44.000000	1.180000	22.120276
224.008591	155.653641	-395.566650	-403.850464	-77.070206	7.016659	314.008118	0.163035	0.159886	0.167543	-0.000016	0.000006	0.000016	0.185621	0.192572	0.175661	28.000000	-44.000000	1.180000	22.810623
224.911102	156.615646	-395.386169	-402.626678	-75.999794	7.016659	314.488251	0.163035	0.319715	-0.000039	-0.000016	0.170381	0.000005	0.185698	0.192572	0.175661	28.000000	-44.000000	1.180000	22.828453
222.803391	157.000458	-396.468933	-404.200104	-76.713402	6.626846	315.128418	0.163035	0.159886	-0.000039	-0.000016	0.170381	0.000005	0.185621	0.192572	0.175661	28.000000	-44.000000	1.180000	22.866658
224.550110	155.846039	-396.829865	-405.249054	-79.211044	7.016659	315.608582	0.163035	0.159855	-0.000039	-0.000016	0.340666	0.000005	0.185698	0.192572	0.175661	28.000000	-44.000000	1.180000	22.870005
238.449127	193.941742	-370.482819	-379.374664	-27.830908	7.016659	326.651672	0.163035	0.319715	-0.000039	-0.000016	0.340666	0.000005	0.185621	0.000008	0.175661	28.000000	-40.000000	1.180000	23.275615
238.511581	194.272263	-369.219604	-378.150879	-27.117294	7.016659	327.451904	0.163035	-0.000011	0.167543	-0.000016	0.000006	0.000016	0.185621	0.192572	0.175661	28.000000	-40.000000	1.180000	23.304733
241.517731	196.442978	-373.731079	-383.395691	-28.901329	7.211564	327.771973	0.163035	0.159855	-0.000039	-0.000016	0.170333	0.000005	0.185621	0.192572	0.351335	28.000000	-40.000000	1.180000	23.309284
239.893158	194.326553	-370.482819	-378.850189	-26.225281	7.211564	328.412170	0.163035	0.159855	-0.000039	-0.000016	0.000006	0.000005	0.185621	0.000008	0.175661	28.000000	-40.000000	1.180000	23.332548
250.428162	227.933304	-342.692078	-350.877869	16.630280	7.406471	338.975128	0.163035	0.159886	-0.000039	-0.000016	0.170381	0.000016	0.000008	0.000008	0.175661	28.000000	-36.000000	1.180000	23.706134
252.775360	229.472092	-341.609344	-345.633057	19.849039	7.406471	339.615295	0.163035	-0.000011	0.167543	-0.000016	0.000006	0.000016	0.185621	0.000008	0.175661	28.000000	-36.000000	1.180000	23.729008
249.164276	229.087387	-342.872559	-348.080627	18.597298	7.211564	340.255463	0.163035	-0.000011	0.167543	-0.000016	0.340666	0.000005	0.185621	0.000008	0.175661	28.000000	-36.000000	1.180000	23.758812
250.723557	232.357330	-341.067963	-347.905792	21.994879	7.016659	340.095428	0.163035	0.159886	0.167543	-0.000016	0.170333	0.000005	0.185621	0.000008	0.175661	28.000000	-36.000000	1.180000	23.760056
233.214417	238.194321	-276.102631	-277.975006	60.977634	7.016659	315.608582	0.326071	0.319715	0.167517	-0.000016	0.340666	0.000005	0.185698	0.192572	0.175661	28.000000	-32.000000	1.180000	22.870005
234.477966	237.424698	-273.395752	-274.478455	62.050549	6.821752	314.808350	0.326071	0.319715	-0.000039	-0.000016	0.170381	0.000005	0.185698	0.192572	0.351335	28.000000	-32.000000	1.180000	22.847564
233.936447	237.935440	-274.478485	-276.401550	60.619991	7.016659	314.008118	0.326071	0.319715	-0.000039	-0.000016	0.340666	0.000005	0.185621	0.000008	0.175661	28.000000	-32.000000	1.180000	22.810623
232.192215	235.819595	-274.117584	-276.226715	60.262348	7.016659	313.367950	0.326071	-0.000011	0.335061	-0.000016	0.170381	0.000016	0.185621	0.192572	0.175661	28.000000	-32.000000	1.180000	22.786827
211.970184	239.281876	-217.453400	-220.631729	89.767647	6.431940	292.081970	0.163035	0.159886	0.167543	-0.000016	0.170381	0.000005	0.185621	0.000008	0.175661	28.000000	-28.000000	1.180000	22.003468
212.692398	238.127777	-216.009689	-219.233109	89.410004	6.237033	291.281738	0.326071	0.159886	0.335061	-0.000016	0.170381	0.000016	0.185621	0.192572	0.175661	28.000000	-28.000000	1.180000	21.980142
209.622986	235.819595	-212.400513	-215.911392	89.410004	6.237033	290.481537	0.163035	-0.000011	0.167543	-0.000016	0.170381	0.000016	0.185621	0.000008	0.175661	28.000000	-28.000000	1.180000	21.949268
211.914642	236.270294	-213.122360	-216.086212	89.767647	6.431940	290.161438	0.163035	0.319715	0.167517	-0.000016	0.340666	0.000005	0.185621	0.000008	0.175661	28.000000	-28.000000	1.180000	21.929374
195.127548	238.320129	-158.804123	-173.253601	112.835419	6.042128	275.597351	0.326071	0.319715	-0.000039	0.180158	0.170381	0.000005	0.185621	0.192572	0.175661	28.000000	-24.000000	1.180000	21.374594
195.488556	238.897202	-159.525955	-173.603256	112.120148	6.237033	275.277252	0.163035	0.159886	0.335061	-0.000016	0.170381	0.000016	0.185621	0.192572	0.175661	28.000000	-24.000000	1.180000	21.354165
194.405518	237.550735	-158.804123	-173.603256	111.941315	6.431940	274.637085	0.163035	0.319715	0.167543	0.180158	0.340666	0.000005	0.185621	0.000008	0.175661	28.000000	-24.000000	1.180000	21.320999
194.405518	237.550735	-158.443207	-172.379471	112.120148	6.431940	273.996918	0.326071	0.159886	0.167543	-0.000016	0.340666	0.000005	0.185621	0.000008	0.175661	28.000000	-24.000000	1.180000	21.295538
179.964996	239.666595	-111.343346	-141.959564	128.929214	6.042128	265.034393	0.163035	0.319715	0.335061	-0.000016	0.340666	0.000005	0.185621	0.192572	0.351335	28.000000	-20.000000	1.180000	20.951610
179.964996	240.243622	-109.899666	-142.658875	130.180969	5.847221	265.834595	0.163035	0.159855	0.167543	-0.000016	0.340666	0.000005	0.185621	0.000008	0.175661	28.000000	-20.000000	1.180000	20.991821
179.289948	241.205383	-109.177826	-142.484039	132.147964	5.847221	266.314728	0.163035	0.159886	0.167543	-0.000016	0.170381	0.000016	0.185621	0.192572	0.175661	28.000000	-20.000000	1.180000	21.011196
180.687027	242.359451	-109.177826	-142.833694	131.253876	5.847221	266.794861	0.163035	0.159855	0.167543	-0.000016	0.340666	0.000005	0.185621	0.192572	0.175661	28.000000	-20.000000	1.180000	21.030552
179.831604	266.403076	-71.281395	-136.889572	159.507431	6.626846	283.119476	0.326071	-0.000011	0.167543	-0.000016	0.170381	0.000016	0.185621	0.000008	0.175661	28.000000	-16.000000	1.180000	21.647899
179.964996	265.826019	-71.281395	-136.190262	158.792160	6.237033	283.919678	0.163035	0.319715	-0.000039	-0.000016	0.340666	0.000005	0.185621	0.000008	0.175661	28.000000	-16.000000	1.180000	21.694436
180.145508	266.210693	-70.379105	-137.588882	159.865067	6.042128	284.719910	0.163035	0.159886	0.167543	-0.000016	0.340666	0.000005	0.185621	0.192572	0.175661	28.000000	-16.000000	1.180000	21.733275
181.637146	268.711243	-72.183701	-137.763718	159.507431	6.431940	285.360077	0.163035	-0.000011	0.167543	-0.000016	0.340666	0.000005	0.185621	0.000008	0.175661	28.000000	-16.000000	1.180000	21.743034
175.452332	289.292572	-28.873476	-138.812668	185.078690	6.626846	301.524628	0.163035	0.319715	0.167543	-0.000016	0.170333	0.000005	0.185621	0.000008	0.175661	28.000000	-12.000000	1.180000	22.356805
175.813354	291.408386	-27.429804	-139.162323	187.582169	6.626846	302.324860	0.163035	0.159855	-0.000039	-0.000016	0.000006	0.000005	0.185621	0.192572	0.175661	28.000000	-12.000000	1.180000	22.387118
177.257401	289.869598	-31.399906	-138.812668	184.542221	6.626846	302.644928	0.163035	0.319715	-0.000039	-0.000016	0.340666	0.000005	0.185621	0.192572	0.175661	28.000000	-12.000000	1.180000	22.399231
176.401093	291.600739	-29.595314	-140.560928	187.045715	6.626846	303.445160	0.163035	0.159886	0.167543	-0.000016	0.170381	0.000016	0.185621	0.192572	0.175661	28.000000	-12.000000	1.180000	22.429486
161.776230	310.258575	8.671137	-155.770889	204.033615	6.821752	317.689178	0.163035	0.159886	-0.000039	-0.000016	0.170381	0.000005	0.185621	0.192572	0.175661	28.000000	-8.000000	1.180000	22.954171
163.040100	311.605042	7.045300	-156.470200	202.781860	7.016659	318.169281	0.163035	-0.000011	0.167543	-0.000016	0.170333	0.000016	0.185621	0.000008	0.175661	28.000000	-8.000000	1.180000	22.964697
162.816879	309.873901	9.393730	-154.372269	204.391251	7.211564	318.809479	0.163035	-0.000011	0.167543	-0.000016	0.340666	0.000005	0.185621	0.000008	0.175661	28.000000	-8.000000	1.180000	22.981123
162.275360	311.989716	6.142058	-158.393295	205.285355	7.211564	319.129547	0.163035	0.319715	-0.000039	-0.000016	0.340666	0.000005	0.185698	0.000008	0.175661	28.000000	-8.000000	1.180000	22.992923
145.307755	326.699463	48.594456	-157.868805	220.663864	7.406471	330.652771	0.163035	0.159855	-0.000039	0.180158	0.170381	0.000005	0.185698	0.000008	0.175661	28.000000	-4.000000	1.180000	23.406732
144.984726	325.069427	49.678345	-158.218475	219.769775	7.016659	331.453033	0.163035	0.159886	0.167543	-0.000016	0.000006	0.000005	0.185621	0.000008	0.175661	28.000000	-4.000000	1.180000	23.449779
145.345825	327.762329	47.510563	-159.092606	219.412125	7.406471	331.613068	0.163035	0.159886	0.167543	-0.000016	0.170381	0.000016	0.185621	0.192572	0.175661	28.000000	-4.000000	1.180000	23.441474
146.790268	326.800568	48.052509	-158.043640	219.769775	7.211564	332.093201	0.163035	-0.000011	0.167543	-0.000016	0.170381	0.000016	0.185621	0.192572	0.175661	28.000000	-4.000000	1.180000	23.465865
115.704681	328.431091	84.182205	-157.169510	224.061447	7.211564	331.613068	0.163035	0.159855	0.167517	-0.000016	0.000006	0.000005	0.185698	0.000008	0.175661	28.000000	0.000000	1.180000	23.448519
116.246193	325.261780	82.917671	-155.945724	224.240265	7.016659	330.492737	0.163035	0.319715	-0.000039	-0.000016	0.000006	0.000005	0.185698	0.192572	0.175661	28.000000	0.000000	1.180000	23.415049
114.802147	325.352631	83.820908	-155.071594	223.882629	6.821752	329.372437	0.163035	0.319715	-0.000039	-0.000016	0.340666	0.000005	0.185698	0.192572	0.175661	28.000000	0.000000	1.180000	23.381533
114.441132	323.530640	80.930534	-155.596054	220.306229	7.016659	328.572205	0.163035	0.319715	0.167543	-0.000016	0.340666	0.000005	0.185621	0.192572	0.175661	28.000000	0.000000	1.180000	23.345436
79.263130	302.756989	106.582619	-142.309204	207.431198	6.626846	305.045593	0.163035	0.159886	0.167543	-0.000016	0.000006	0.000016	0.185621	0.192572	0.175661	28.000000	4.000000	1.180000	22.489876
80.325409	301.218170	105.137436	-141.260239	207.073547	6.626846	304.085358	0.163035	-0.000011	0.167543	-0.000016	0.340666	0.000016	0.185621	0.192572	0.175661	28.000000	4.000000	1.180000	22.453662
77.638145	298.717651	105.318085	-142.484039	204.748886	6.821752	303.285095	0.163035	0.159855	-0.000039	-0.000016	0.170381	0.000005	0.185621	0.000008	0.175661	28.000000	4.000000	1.180000	22.416071
79.242371	298.993500	106.221321	-140.211288	206.715912	6.626846	302.324860	0.163035	0.159855	-0.000039	-0.000016	0.170333	0.000005	0.185698	0.000008	0.175661	28.000000	4.000000	1.180000	22.387118
42.971809	280.636871	124.105530	-133.393021	187.224533	6.237033	286.800476	0.163035	0.159886	0.167543	-0.000016	0.340666	0.000005	0.185621	0.000008	0.175661	28.000000	8.000000	1.180000	21.806679
41.166271	281.021576	126.092659	-134.616821	190.264465	6.237033	286.000275	0.163035	0.159886	-0.000039	-0.000016	0.000006	0.000005	0.185621	0.000008	0.175661	28.000000	8.000000	1.180000	21.775559
41.516506	280.715271	125.189423	-133.393021	188.118622	6.626846	285.360077	0.163035	0.159855	-0.000039	-0.000016	0.340666	0.000005	0.185698	0.000008	0.175661	28.000000	8.000000	1.180000	21.735436
42.238529	280.715271	126.453957	-132.693726	190.800919	6.626846	284.879944	0.163035	0.319715	-0.000039	-0.000016	0.340666	0.000005	0.185698	0.000008	0.175661	28.000000	8.000000	1.180000	21.716709
9.386345	264.553467	138.738052	-126.050293	174.170670	6.431940	271.916321	0.163035	0.159886	-0.000039	-0.000016	0.170381	0.000005	0.185621	0.000008	0.175661	28.000000	12.000000	1.180000	21.212579
10.291569	263.976257	139.641296	-125.001335	174.349487	6.237033	271.436157	0.326071	0.159855	-0.000039	-0.000016	0.170381	0.000005	0.185621	0.192572	0.175661	28.000000	12.000000	1.180000	21.201180
9.027693	264.745880	138.015457	-127.274078	173.634216	5.847221	270.956024	0.163035	0.159886	-0.000039	-0.000016	0.000006	0.000005	0.185621	0.192572	0.175661	28.000000	12.000000	1.180000	21.197569
7.400773	263.976257	138.918701	-125.700645	172.382462	6.237033	270.315857	0.163035	0.319715	-0.000039	-0.000016	0.340666	0.000005	0.185621	0.000008	0.175661	28.000000	12.000000	1.180000	21.156352
-30.810112	261.594360	158.428741	-127.623741	165.229675	6.042128	272.876587	0.163035	0.159886	-0.000039	-0.000016	0.000006	0.000016	0.185621	0.192572	0.175661	28.000000	16.000000	1.180000	21.266448
-27.386766	261.594360	159.693283	-126.574783	167.911972	6.042128	273.676788	0.163035	0.159886	0.167543	-0.000016	0.170381	0.000016	0.185621	0.192572	0.175661	28.000000	16.000000	1.180000	21.298312
-27.566940	261.979034	157.525497	-129.372009	165.766129	6.237033	274.316986	0.163035	-0.000011	0.167543	-0.000016	0.000006	0.000005	0.185621	0.192572	0.175661	28.000000	16.000000	1.180000	21.316022
-29.368702	263.902527	158.790039	-130.071320	166.660233	5.847221	275.117218	0.163035	-0.000011	0.167543	-0.000016	0.170381	0.000016	0.185621	0.192572	0.175661	28.000000	16.000000	1.180000	21.363282
-76.574844	273.135284	185.706665	-143.008514	163.799118	6.431940	292.882202	0.163035	0.159886	0.167543	-0.000016	0.340666	0.000005	0.185621	0.192572	0.175661	28.000000	20.000000	1.180000	22.034267
-77.295540	275.443451	186.248611	-145.630920	164.335571	6.431940	293.682404	0.163035	0.159886	0.167543	-0.000016	0.000006	0.000005	0.185621	0.000008	0.175661	28.000000	20.000000	1.180000	22.065022
-75.873970	273.519958	186.429245	-144.407135	164.693222	6.626846	294.322601	0.326071	0.319715	0.167517	-0.000016	0.340666	0.000005	0.185621	0.192572	0.175661	28.000000	20.000000	1.180000	22.082117
-77.475716	274.289368	186.971207	-143.882660	163.977936	6.626846	294.962799	0.326071	-0.000011	0.335061	-0.000016	0.000006	0.000005	0.185621	0.192572	0.175661	28.000000	20.000000	1.180000	22.106673
-130.301392	277.252014	210.636154	-168.183609	155.573395	6.821752	310.327087	0.326071	0.319715	-0.000039	-0.000016	0.170333	0.000005	0.185621	0.192572	0.175661	28.000000	24.000000	1.180000	22.680737
-132.789780	277.174591	212.261978	-167.659134	154.679306	7.016659	310.807220	0.163035	0.159886	0.167543	-0.000016	0.170381	0.000005	0.185621	0.000008	0.175661	28.000000	24.000000	1.180000	22.691392
-137.834717	278.136353	212.803940	-170.980835	153.785187	6.821752	311.607452	0.326071	-0.000011	0.167543	-0.000016	0.340666	0.000005	0.185621	0.192572	0.175661	28.000000	24.000000	1.180000	22.728527
-134.626740	278.021637	211.178101	-169.757050	152.712280	6.821752	312.087585	0.163035	0.319715	0.167517	-0.000016	0.170381	0.000005	0.185621	0.000008	0.175661	28.000000	24.000000	1.180000	22.746422
-190.856384	274.173584	231.772034	-210.142090	133.578552	7.016659	324.250977	0.163035	0.319715	0.167543	-0.000016	0.340666	0.000005	0.185621	0.000008	0.175661	28.000000	28.000000	1.180000	23.188042
-188.103851	274.866425	229.242950	-208.219009	132.863266	6.821752	324.731140	0.163035	0.159855	-0.000039	-0.000016	0.000006	0.000005	0.185621	0.192572	0.175661	28.000000	28.000000	1.180000	23.212701
-190.315720	275.635803	231.410736	-210.491760	134.651459	7.016659	325.211273	0.163035	0.159886	0.167543	-0.000016	0.170333	0.000005	0.185621	0.000008	0.351335	28.000000	28.000000	1.180000	23.223111
-192.608246	275.828156	231.049438	-210.142090	134.293823	7.016659	325.531342	0.163035	0.159886	-0.000039	-0.000016	0.170381	0.000005	0.185621	0.192572	0.175661	28.000000	28.000000	1.180000	23.234788
-242.336853	267.172455	243.875488	-255.247482	104.252068	7.406471	338.174927	0.163035	0.319715	0.335061	-0.000016	0.340666	0.000005	0.185621	0.192572	0.175661	28.000000	32.000000	1.180000	23.677511
-241.796310	267.941864	247.669098	-256.471283	108.364922	7.601377	338.975128	0.163035	0.159886	0.167543	-0.000016	0.170381	0.000005	0.185621	0.000008	0.175661	28.000000	32.000000	1.180000	23.699165
-243.417908	268.518890	247.669098	-257.345398	109.080215	7.601377	339.295227	0.163035	0.159886	0.167543	-0.000016	0.170381	0.000016	0.185621	0.192572	0.175661	28.000000	32.000000	1.180000	23.710609
-245.644226	270.442383	246.765839	-255.946777	107.113190	7.796283	339.775360	0.326071	0.319715	-0.000039	-0.000016	0.170333	0.169792	0.185621	0.192572	0.175661	28.000000	32.000000	1.180000	23.720801
-264.498505	229.279739	233.939819	-276.751221	68.130432	6.821752	316.568848	0.163035	-0.000011	-0.000039	-0.000016	0.170381	0.000005	0.185621	0.192572	0.175661	28.000000	36.000000	1.180000	22.912771
-262.876923	227.163910	231.230072	-275.002930	65.448135	7.016659	315.288483	0.163035	-0.000011	-0.000039	-0.000016	0.000006	0.000005	0.185621	0.192572	0.175661	28.000000	36.000000	1.180000	22.858141
-262.336395	228.574203	231.772034	-274.303619	65.269318	7.016659	314.328217	0.163035	0.159855	-0.000039	-0.000016	0.000006	0.000005	0.185621	0.192572	0.175661	28.000000	36.000000	1.180000	22.822512
-263.057098	226.779205	231.049438	-274.128784	65.269318	6.821752	313.367950	0.163035	-0.000011	-0.000039	-0.000016	0.000006	0.000005	0.185621	0.000008	0.175661	28.000000	36.000000	1.180000	22.794075
-276.642639	191.248108	215.152359	-285.492554	28.074757	6.237033	294.802734	0.163035	0.319715	0.167517	-0.000016	0.170381	0.000005	0.185621	0.192572	0.175661	28.000000	40.000000	1.180000	22.115479
-279.272949	191.964081	218.042740	-284.793243	29.684137	6.431940	294.322601	0.163035	0.159886	0.167543	-0.000016	0.170381	0.000005	0.185621	0.000008	0.175661	28.000000	40.000000	1.180000	22.089596
-275.309082	191.248108	213.165237	-284.268768	28.074757	6.431940	293.522369	0.163035	-0.000011	-0.000039	-0.000016	0.170381	0.000005	0.185621	0.000008	0.175661	28.000000	40.000000	1.180000	22.058874
-276.282166	191.248108	214.791077	-282.345642	30.041777	6.237033	293.042236	0.163035	0.159855	-0.000039	-0.000016	0.170333	0.000005	0.185621	0.000008	0.175661	28.000000	40.000000	1.180000	22.047914
-291.781372	156.423264	200.519836	-295.457672	-8.563356	6.042128	279.118347	0.163035	0.319715	0.167543	-0.000016	0.340666	0.000005	0.185621	0.000008	0.175661	28.000000	44.000000	1.180000	21.513741
-292.065430	156.956589	198.894012	-295.982178	-10.525792	6.042128	278.318085	0.163035	-0.000011	0.167543	-0.000016	0.170381	0.000005	0.185621	0.000008	0.175661	28.000000	44.000000	1.180000	21.482195
-291.781372	155.461243	199.435944	-295.632507	-11.061003	5.847221	277.998016	0.163035	0.159855	-0.000039	-0.000016	0.340666	0.000005	0.185621	0.000008	0.175661	28.000000	44.000000	1.180000	21.477256
-293.146484	155.610153	199.616608	-294.059082	-9.990582	6.237033	277.517883	0.163035	0.159886	0.167543	-0.000016	0.170333	0.000005	0.185621	0.192572	0.175661	28.000000	44.000000	1.180000	21.442902
170.217651	143.339874	-356.046051	-361.017822	-83.492729	6.042128	272.556488	0.163035	0.159855	-0.000039	-0.000016	0.170333	0.000005	0.185698	0.192572	0.351335	32.000000	-44.000000	1.180000	21.253689
170.217651	143.339874	-356.587463	-360.843018	-83.849533	6.042128	273.516754	0.163035	0.159855	-0.000039	-0.000016	0.170381	0.000005	0.185621	0.192572	0.175661	32.000000	-44.000000	1.180000	21.291943
171.526138	144.838623	-355.324249	-359.968872	-81.887100	6.237033	274.316986	0.163035	-0.000011	0.167543	-0.000016	0.170381	0.000005	0.185621	0.000008	0.175661	32.000000	-44.000000	1.180000	21.316022
170.759171	144.261581	-358.031128	-362.940948	-85.633560	6.237033	274.957153	0.163035	-0.000011	0.167543	-0.000016	0.170381	0.000005	0.185621	0.192572	0.175661	32.000000	-44.000000	1.180000	21.341458
185.921722	179.319153	-348.466797	-355.598206	-47.990479	6.431940	290.321472	0.163035	0.159855	-0.000039	-0.000016	0.170333	0.000005	0.185698	0.000008	0.175661	32.000000	-40.000000	1.180000	21.935558
187.595428	181.000198	-346.842651	-353.849915	-44.957623	6.626846	290.961670	0.163035	-0.000011	-0.000039	-0.000016	0.170381	0.000005	0.185621	0.192572	0.175661	32.000000	-40.000000	1.180000	21.952755
187.053757	180.423157	-350.090912	-356.297485	-47.812069	6.237033	291.281738	0.163035	-0.000011	0.167543	-0.000016	0.170381	0.000005	0.185621	0.000008	0.175661	32.000000	-40.000000	1.180000	21.980142
188.137085	181.000198	-348.466797	-355.423370	-45.849636	6.626846	291.921906	0.163035	-0.000011	0.167543	-0.000016	0.170381	0.000016	0.185621	0.000008	0.175661	32.000000	-40.000000	1.180000	21.989791
199.279190	213.374390	-328.616272	-331.646912	-6.422517	6.431940	304.085358	0.163035	0.159855	-0.000039	-0.000016	0.340666	0.000005	0.185621	0.192572	0.175661	32.000000	-36.000000	1.180000	22.461018
199.279190	212.797180	-332.044983	-335.143433	-10.347387	6.626846	304.725525	0.163035	0.159855	-0.000039	-0.000016	0.340666	0.000005	0.185621	0.000008	0.175661	32.000000	-36.000000	1.180000	22.477812
198.737671	214.143997	-331.323151	-335.143433	-9.098568	6.431940	305.045593	0.163035	0.319715	-0.000039	-0.000016	0.340666	0.000005	0.185698	0.000008	0.175661	32.000000	-36.000000	1.180000	22.497218
199.692520	212.930084	-327.533539	-330.248260	-6.244115	7.016659	305.525726	0.163035	-0.000011	0.167543	-0.000016	0.000006	0.000005	0.185621	0.192572	0.175661	32.000000	-36.000000	1.180000	22.493278
210.831619	246.660019	-310.389893	-305.772491	31.651157	7.016659	319.769745	0.163035	0.159855	-0.000039	-0.000016	0.170333	0.000005	0.185621	0.000008	0.175661	32.000000	-32.000000	1.180000	23.023683
209.261871	246.398773	-310.028992	-306.996277	31.829975	7.016659	320.409912	0.163035	-0.000011	-0.000039	-0.000016	0.170381	0.000005	0.185621	0.000008	0.175661	32.000000	-32.000000	1.180000	23.047234
210.345200	247.360519	-316.525513	-311.891418	29.147676	7.016659	320.890045	0.326071	-0.000011	0.167543	-0.000016	0.170381	0.000005	0.185621	0.192572	0.175661	32.000000	-32.000000	1.180000	23.064882
208.304520	245.313202	-316.705963	-314.513824	24.677177	6.821752	321.370178	0.163035	0.159855	-0.000039	-0.000016	0.000006	0.000005	0.185621	0.000008	0.175661	32.000000	-32.000000	1.180000	23.089672
216.484024	278.521027	-286.749725	-287.065979	65.269318	7.211564	334.653931	0.163035	0.159886	0.167543	-0.000016	0.170381	0.169792	0.185621	0.192572	0.175661	32.000000	-28.000000	1.180000	23.558163
215.524780	279.945648	-286.027893	-286.191864	66.699875	7.406471	334.813965	0.163035	0.319715	-0.000039	-0.000016	0.340666	0.000005	0.185698	0.000008	0.175661	32.000000	-28.000000	1.180000	23.556909
216.122940	277.559296	-285.486511	-284.618408	65.448135	7.211564	335.614166	0.163035	-0.000011	0.167543	-0.000016	0.000006	0.000016	0.185621	0.192572	0.175661	32.000000	-28.000000	1.180000	23.592680
218.051880	278.521027	-284.945129	-285.317719	67.593971	7.211564	336.254364	0.163035	0.159886	0.167543	-0.000016	0.340666	0.000005	0.185621	0.000008	0.175661	32.000000	-28.000000	1.180000	23.615665
201.445267	283.793701	-224.671753	-241.261322	94.238144	7.211564	321.210144	0.163035	0.319715	-0.000039	-0.000016	0.340666	0.000005	0.185621	0.000008	0.175661	32.000000	-24.000000	1.180000	23.069481
200.001221	281.677277	-221.062576	-237.939606	94.416962	7.016659	319.929779	0.163035	0.159855	-0.000039	-0.000016	0.170381	0.000005	0.185621	0.000008	0.175661	32.000000	-24.000000	1.180000	23.029573
197.654648	279.945648	-225.934967	-240.911667	89.767647	6.821752	318.809479	0.163035	0.319715	-0.000039	-0.000016	0.170381	0.000005	0.185621	0.000008	0.175661	32.000000	-24.000000	1.180000	22.995494
198.015656	279.098083	-222.867172	-237.065475	91.913490	7.016659	318.009247	0.163035	-0.000011	-0.000039	-0.000016	0.170381	0.000005	0.185621	0.000008	0.175661	32.000000	-24.000000	1.180000	22.958791
177.979431	275.443451	-158.804123	-198.079041	110.689583	6.626846	298.643799	0.163035	0.159855	-0.000039	-0.000016	0.170381	0.000005	0.185621	0.192572	0.351335	32.000000	-20.000000	1.180000	22.247337
176.174362	273.788788	-163.856979	-200.876251	107.292007	6.821752	297.843597	0.163035	0.319715	-0.000039	-0.000016	0.340666	0.000005	0.185698	0.192572	0.175661	32.000000	-20.000000	1.180000	22.209398
176.354874	274.750793	-164.037445	-201.225937	106.397903	6.626846	297.203400	0.163035	0.319715	-0.000039	-0.000016	0.340666	0.000005	0.185621	0.192572	0.175661	32.000000	-20.000000	1.180000	22.192400
176.715881	272.634369	-164.939728	-200.526611	105.682625	6.626846	296.403168	0.163035	0.159855	-0.000039	-0.000016	0.170333	0.000005	0.185698	0.192572	0.175661	32.000000	-20.000000	1.180000	22.161820
152.889023	269.748322	-109.719208	-176.050827	118.915298	6.237033	281.839081	0.163035	0.319715	-0.000039	-0.000016	0.170381	0.000005	0.185621	0.000008	0.175661	32.000000	-16.000000	1.180000	21.613008
154.192963	267.557159	-106.110031	-171.854980	120.882324	6.237033	281.358978	0.163035	0.159886	-0.000039	-0.000016	0.170381	0.000005	0.185621	0.000008	0.175661	32.000000	-16.000000	1.180000	21.594175
153.651291	266.595428	-106.651405	-172.554291	121.239975	6.237033	280.718781	0.163035	-0.000011	-0.000039	-0.000016	0.170381	0.000005	0.185621	0.192572	0.175661	32.000000	-16.000000	1.180000	21.569036
153.109634	267.172455	-108.456001	-173.952896	119.630577	6.237033	280.238647	0.163035	0.159886	0.167543	-0.000016	0.340666	0.000005	0.185621	0.192572	0.175661	32.000000	-16.000000	1.180000	21.550163
128.881653	256.087738	-60.634304	-155.770889	125.173996	5.847221	264.234161	0.163035	0.319715	-0.000039	-0.000016	0.000006	0.000005	0.185621	0.192572	0.175661	32.000000	-12.000000	1.180000	20.927110
129.637650	257.939697	-59.912468	-155.596054	126.068108	5.652315	263.593964	0.163035	-0.000011	0.167543	-0.000016	0.170381	0.000005	0.185621	0.192572	0.175661	32.000000	-12.000000	1.180000	20.909071
129.818207	255.631531	-58.829712	-153.323318	126.246925	5.847221	263.273895	0.163035	0.159886	0.167543	-0.000016	0.170333	0.000005	0.185621	0.000008	0.175661	32.000000	-12.000000	1.180000	20.888188
129.095978	256.593262	-58.107872	-154.022629	126.783379	5.847221	262.793762	0.163035	-0.000011	-0.000039	-0.000016	0.170381	0.000005	0.185621	0.000008	0.175661	32.000000	-12.000000	1.180000	20.868699
107.248970	249.668701	-19.670057	-147.029541	130.359787	5.457409	252.870956	0.163035	0.159886	0.167543	-0.000016	0.170381	0.000005	0.185621	0.000008	0.175661	32.000000	-8.000000	1.180000	20.477915
109.386955	249.353653	-21.835567	-145.281265	128.392761	5.457409	253.511154	0.163035	0.159855	-0.000039	-0.000016	0.340666	0.000005	0.185621	0.192572	0.175661	32.000000	-8.000000	1.180000	20.504391
108.123405	250.123276	-21.474648	-147.728851	130.002151	5.652315	254.151321	0.163035	0.159855	-0.000039	-0.000016	0.170381	0.000005	0.185698	0.000008	0.175661	32.000000	-8.000000	1.180000	20.522786
109.386955	252.432098	-25.083834	-149.826782	129.108032	5.457409	254.791504	0.163035	0.319715	-0.000039	-0.000016	0.340666	0.000005	0.185621	0.000008	0.175661	32.000000	-8.000000	1.180000	20.557241
91.540787	273.135284	10.116324	-162.938797	143.234818	5.652315	274.156952	0.163035	-0.000011	0.167543	-0.000016	0.170381	0.000016	0.185621	0.000008	0.175661	32.000000	-4.000000	1.180000	21.332900
94.068542	272.558197	12.103458	-160.666046	145.023026	6.237033	275.117218	0.326071	0.159886	-0.000039	0.180158	0.170381	0.000005	0.185621	0.192572	0.175661	32.000000	-4.000000	1.180000	21.347813
93.321877	274.674072	12.645404	-162.414322	146.632401	6.042128	275.757385	0.163035	0.159886	0.167543	-0.000016	0.340666	0.000005	0.185621	0.000008	0.175661	32.000000	-4.000000	1.180000	21.380938
94.429649	273.712311	13.909943	-159.966751	146.095932	6.042128	276.557617	0.163035	-0.000011	-0.000039	0.180158	0.170381	0.000005	0.185621	0.192572	0.175661	32.000000	-4.000000	1.180000	21.412633
73.105148	289.484924	45.342781	-169.407410	155.036942	6.042128	291.281738	0.163035	0.159886	0.335061	-0.000016	0.170381	0.000005	0.185621	0.192572	0.175661	32.000000	0.000000	1.180000	21.987655
73.124298	289.677277	45.523430	-169.057739	154.321655	6.431940	292.081970	0.326071	0.159886	-0.000039	-0.000016	0.170381	0.000005	0.185621	0.000008	0.175661	32.000000	0.000000	1.180000	22.003468
72.022102	290.912598	44.981487	-172.554291	157.182770	6.431940	292.562103	0.163035	0.319715	-0.000039	-0.000016	0.170333	0.000005	0.185698	0.000008	0.175661	32.000000	0.000000	1.180000	22.021952
71.480583	292.451813	44.620186	-172.903931	155.931030	6.431940	293.202271	0.163035	0.319715	-0.000039	-0.000016	0.170381	0.000005	0.185621	0.192572	0.175661	32.000000	0.000000	1.180000	22.046573
42.960556	306.603973	77.678856	-182.694260	162.905014	7.016659	307.606323	0.163035	0.319715	-0.000039	-0.000016	0.340666	0.000005	0.185621	0.192572	0.175661	32.000000	4.000000	1.180000	22.571531
44.777348	306.026917	76.414322	-184.267700	162.010910	7.016659	308.246490	0.163035	0.159886	-0.000039	-0.000016	0.000006	0.000005	0.185621	0.000008	0.175661	32.000000	4.000000	1.180000	22.595553
43.502075	308.527435	76.775620	-186.540451	163.799118	6.821752	308.566589	0.163035	0.159855	-0.000039	-0.000016	0.340666	0.000005	0.185621	0.192572	0.175661	32.000000	4.000000	1.180000	22.614861
42.791256	307.950409	75.872375	-186.015961	162.010910	6.626846	309.206787	0.326071	0.159886	-0.000039	-0.000016	0.170381	0.000005	0.185621	0.192572	0.175661	32.000000	4.000000	1.180000	22.646134
8.483812	320.542572	108.931046	-198.778336	165.766129	6.821752	322.010345	0.163035	0.159886	-0.000039	-0.000016	0.170381	0.000005	0.185621	0.192572	0.175661	32.000000	8.000000	1.180000	23.113156
5.776215	321.889404	110.014938	-202.624527	166.660233	6.626846	322.650543	0.163035	0.319715	-0.000039	-0.000016	0.170381	0.000005	0.185621	0.192572	0.175661	32.000000	8.000000	1.180000	23.143754
7.220267	320.927399	108.750404	-201.051102	165.229675	6.821752	322.970642	0.163035	0.159855	-0.000039	-0.000016	0.170333	0.000005	0.185621	0.192572	0.175661	32.000000	8.000000	1.180000	23.148339
5.956720	320.453064	112.182724	-199.827301	167.017883	7.211564	323.450775	0.163035	0.319715	-0.000039	-0.000016	0.340666	0.000005	0.185621	0.000008	0.175661	32.000000	8.000000	1.180000	23.151644
-35.494686	329.108765	138.196106	-212.240005	163.977936	7.211564	333.053467	0.326071	-0.000011	0.167543	0.180158	0.000006	0.000005	0.185621	0.192572	0.175661	32.000000	12.000000	1.180000	23.500519
-35.855042	328.724060	141.267136	-211.715546	165.587311	7.406471	333.693665	0.163035	0.159886	0.335061	-0.000016	0.340666	0.000005	0.185621	0.192572	0.175661	32.000000	12.000000	1.180000	23.516572
-34.242409	328.815887	139.460648	-213.463821	165.944946	7.211564	334.013733	0.326071	0.319715	-0.000039	-0.000016	0.340666	0.000005	0.185621	0.192572	0.175661	32.000000	12.000000	1.180000	23.535122
-35.323746	327.084259	140.544540	-210.841415	163.620300	7.211564	334.653931	0.163035	0.319715	0.167517	-0.000016	0.170381	0.000005	0.185698	0.192572	0.175661	32.000000	12.000000	1.180000	23.558163
-79.637833	317.567841	159.512634	-210.491760	151.818176	7.211564	328.572205	0.163035	0.159886	0.167517	-0.000016	0.170381	0.000005	0.185621	0.192572	0.175661	32.000000	16.000000	1.180000	23.338360
-83.623573	318.144897	159.151337	-211.365906	150.208801	7.016659	327.291870	0.326071	0.319715	-0.000039	-0.000016	0.340666	0.000005	0.185621	0.192572	0.175661	32.000000	16.000000	1.180000	23.298913
-80.739998	315.451996	156.983551	-210.666580	150.387619	6.821752	326.171539	0.163035	0.319715	0.167517	-0.000016	0.340666	0.169792	0.185621	0.000008	0.175661	32.000000	16.000000	1.180000	23.265228
-77.295540	315.067322	158.248093	-208.568649	151.102905	7.016659	325.051239	0.163035	0.159886	0.167543	-0.000016	0.170381	0.000016	0.185621	0.192572	0.175661	32.000000	16.000000	1.180000	23.217271
-115.853226	284.291504	163.125595	-194.232834	125.710464	6.431940	302.484894	0.163035	0.319715	0.167543	-0.000016	0.340666	0.000005	0.185621	0.192572	0.175661	32.000000	20.000000	1.180000	22.400550
-116.784645	285.637939	163.125595	-194.058014	126.783379	6.626846	301.684662	0.163035	0.319715	0.167517	-0.000016	0.000006	0.000005	0.185621	0.192572	0.175661	32.000000	20.000000	1.180000	22.362870
-115.673050	283.137421	163.306244	-193.708359	127.319839	6.821752	300.564331	0.163035	0.159886	-0.000039	-0.000016	0.000006	0.000005	0.185621	0.192572	0.175661	32.000000	20.000000	1.180000	22.312974
-116.754105	285.830292	162.764297	-194.932129	128.213928	6.626846	299.764130	0.163035	-0.000011	-0.000039	-0.000016	0.170381	0.000005	0.185621	0.192572	0.175661	32.000000	20.000000	1.180000	22.289971
-155.352417	257.747375	166.377274	-196.680405	101.927406	6.237033	283.599609	0.163035	0.159886	0.167543	-0.000016	0.340666	0.000005	0.185621	0.192572	0.175661	32.000000	24.000000	1.180000	21.681929
-150.846832	257.626953	164.932083	-194.932129	101.569763	6.431940	282.959412	0.163035	0.159855	-0.000039	-0.000016	0.340666	0.000005	0.185621	0.192572	0.175661	32.000000	24.000000	1.180000	21.649264
-151.207275	258.011780	165.835327	-194.582504	103.000328	6.431940	282.319214	0.163035	0.319715	-0.000039	-0.000016	0.340666	0.000005	0.185621	0.192572	0.175661	32.000000	24.000000	1.180000	21.624189
-147.203873	255.702927	165.112732	-191.785263	103.536781	6.431940	281.839081	0.163035	0.159855	-0.000039	-0.000016	0.000006	0.000005	0.185621	0.192572	0.175661	32.000000	24.000000	1.180000	21.605364
-177.339645	228.958984	165.112732	-198.428680	79.932549	6.042128	265.354462	0.163035	0.319715	-0.000039	-0.000016	0.340666	0.000005	0.185621	0.192572	0.175661	32.000000	28.000000	1.180000	20.964552
-177.293274	229.664444	163.667542	-198.428680	78.859627	5.847221	264.714264	0.163035	-0.000011	0.167543	-0.000016	0.170381	0.000016	0.185621	0.000008	0.175661	32.000000	28.000000	1.180000	20.946544
-176.212219	227.548599	163.306244	-196.855240	78.680801	5.847221	264.074097	0.163035	0.159886	0.335061	-0.000016	0.000006	0.000016	0.185621	0.192572	0.175661	32.000000	28.000000	1.180000	20.920628
-177.833801	226.586868	162.764297	-196.680405	77.071426	5.652315	263.273895	0.163035	0.159886	0.167543	-0.000016	0.170381	0.000005	0.185621	0.000008	0.175661	32.000000	28.000000	1.180000	20.896094
-217.112198	219.085236	170.712845	-228.149292	55.613033	6.042128	269.835724	0.163035	0.159886	0.335061	-0.000016	0.170381	0.000005	0.185621	0.192572	0.175661	32.000000	32.000000	1.180000	21.144924
-219.094131	220.046982	171.435440	-229.897568	56.149490	6.042128	270.475891	0.163035	0.159886	0.167517	-0.000016	0.340666	0.000005	0.185621	0.192572	0.175661	32.000000	32.000000	1.180000	21.170565
-218.070099	220.685669	173.964508	-228.673782	58.831791	5.847221	270.956024	0.163035	0.319715	0.167517	-0.000016	0.340666	0.000005	0.185698	0.192572	0.175661	32.000000	32.000000	1.180000	21.197569
-218.790970	219.916092	173.964508	-228.673782	57.386299	6.042128	271.596222	0.163035	0.159855	-0.000039	-0.000016	0.340666	0.000005	0.185698	0.192572	0.175661	32.000000	32.000000	1.180000	21.215365
-266.120087	218.508194	186.609909	-274.303619	33.788189	6.042128	291.441772	0.163035	0.159855	0.167543	-0.000016	0.170333	0.169792	0.185621	0.192572	0.175661	32.000000	36.000000	1.180000	21.993823
-267.381317	218.315872	187.332504	-278.149811	32.545258	6.431940	292.242004	0.163035	0.159886	0.335061	-0.000016	0.340666	0.000005	0.185621	0.192572	0.351335	32.000000	36.000000	1.180000	22.009630
-270.624481	220.239365	188.597031	-277.625336	34.869915	6.237033	292.882202	0.163035	0.159886	0.335061	-0.000016	0.170381	0.000016	0.185621	0.192572	0.175661	32.000000	36.000000	1.180000	22.041762
-269.903809	219.662308	189.861572	-278.324646	33.975819	6.237033	293.362335	0.163035	0.319715	0.167543	0.180158	0.340666	0.169792	0.185621	0.192572	0.351335	32.000000	36.000000	1.180000	22.060214
-315.668518	209.852509	197.268173	-322.730713	2.682321	7.016659	309.046722	0.326071	0.159886	0.167517	-0.000016	0.170381	0.000005	0.185621	0.192572	0.175661	32.000000	40.000000	1.180000	22.625547
-315.570862	211.450363	197.448822	-321.856567	3.934061	6.626846	309.686920	0.163035	0.319715	-0.000039	-0.000016	0.340666	0.000005	0.185621	0.192572	0.175661	32.000000	40.000000	1.180000	22.664093
-315.931274	209.718750	197.810120	-324.129303	1.787717	6.821752	310.327087	0.163035	0.159855	-0.000039	-0.000016	0.340666	0.000005	0.185698	0.192572	0.175661	32.000000	40.000000	1.180000	22.680737
-315.570862	209.526337	197.268173	-322.381073	1.430169	6.821752	310.967285	0.163035	0.319715	-0.000039	-0.000016	0.170333	0.000005	0.185621	0.192572	0.175661	32.000000	40.000000	1.180000	22.704645
-363.870667	190.670898	201.242432	-368.535400	-39.783928	7.211564	322.650543	0.163035	0.159855	0.167517	-0.000016	0.340666	0.000005	0.185621	0.192572	0.175661	32.000000	44.000000	1.180000	23.122334
-363.054840	190.040588	201.965027	-366.612305	-38.713505	7.406471	323.450775	0.163035	0.159886	-0.000039	-0.000016	0.170381	0.000005	0.185621	0.192572	0.175661	32.000000	44.000000	1.180000	23.144510
-364.316071	192.156418	201.242432	-370.458496	-39.605526	7.211564	323.770844	0.163035	-0.000011	0.167543	-0.000016	0.170381	0.000005	0.185621	0.192572	0.175661	32.000000	44.000000	1.180000	23.163357
-368.460114	190.286102	204.132797	-370.633301	-39.783928	7.211564	324.250977	0.163035	0.319715	-0.000039	-0.000016	0.170381	0.000005	0.185621	0.192572	0.175661	32.000000	44.000000	1.180000	23.180917
176.220520	186.578308	-469.374451	-473.256775	-132.375214	7.211564	338.975128	0.163035	-0.000011	-0.000039	-0.000016	0.000006	0.000005	0.185621	0.000008	0.175661	36.000000	-44.000000	1.180000	23.713100
177.798920	186.053238	-465.765228	-468.886078	-130.412781	7.406471	338.014832	0.163035	0.159855	-0.000039	-0.000016	0.000006	0.000005	0.185698	0.192572	0.175661	36.000000	-44.000000	1.180000	23.671780
178.159927	185.476028	-474.246826	-478.501556	-135.408081	7.406471	336.894531	0.163035	-0.000011	-0.000039	-0.000016	0.170381	0.000005	0.185621	0.192572	0.175661	36.000000	-44.000000	1.180000	23.631639
174.369293	183.359604	-466.848022	-470.984009	-135.586472	7.406471	335.774231	0.163035	0.159886	-0.000039	-0.000016	0.170381	0.000005	0.185621	0.192572	0.175661	36.000000	-44.000000	1.180000	23.591429
167.329544	195.865768	-400.078125	-402.451843	-82.243904	6.821752	310.006989	0.163035	0.319715	-0.000039	-0.000016	0.170381	0.000005	0.185698	0.192572	0.175661	36.000000	-40.000000	1.180000	22.668773
168.232071	196.250565	-397.732147	-400.703552	-80.816681	6.821752	309.046722	0.163035	0.319715	-0.000039	-0.000016	0.170381	0.000005	0.185698	0.000008	0.175661	36.000000	-40.000000	1.180000	22.632846
166.968536	195.288559	-396.649384	-401.577698	-81.708694	6.821752	308.086456	0.163035	0.159855	-0.000039	-0.000016	0.340666	0.000005	0.185621	0.192572	0.351335	36.000000	-40.000000	1.180000	22.596862
165.885498	194.518951	-397.551697	-400.528748	-84.563141	7.211564	307.446289	0.163035	0.319715	0.167517	-0.000016	0.170381	0.000005	0.185698	0.192572	0.175661	36.000000	-40.000000	1.180000	22.558200
160.831314	207.736679	-340.887512	-339.164459	-40.854343	6.237033	290.641571	0.163035	-0.000011	0.167543	-0.000016	0.170333	0.000005	0.185621	0.192572	0.175661	36.000000	-36.000000	1.180000	21.955446
160.470306	205.813187	-338.902435	-337.066528	-41.389553	6.431940	290.001404	0.163035	0.319715	-0.000039	-0.000016	0.340666	0.000005	0.185621	0.192572	0.175661	36.000000	-36.000000	1.180000	21.923189
159.928772	205.870697	-338.902435	-336.542053	-41.924763	6.626846	289.521240	0.163035	0.319715	-0.000039	-0.000016	0.340666	0.000005	0.185698	0.192572	0.175661	36.000000	-36.000000	1.180000	21.897079
158.304214	204.716278	-337.639221	-336.192383	-40.675941	6.431940	288.721039	0.163035	0.319715	-0.000039	-0.000016	0.340666	0.000005	0.185698	0.192572	0.175661	36.000000	-36.000000	1.180000	21.873639
153.430542	214.661240	-295.953156	-287.065979	-7.136129	5.847221	275.597351	0.163035	0.159886	0.167543	-0.000016	0.170381	0.000016	0.185621	0.192572	0.351335	36.000000	-32.000000	1.180000	21.382320
151.123550	213.891846	-296.674988	-288.639465	-10.347387	5.847221	274.957153	0.163035	0.159886	0.167543	-0.000016	0.170381	0.000016	0.185621	0.192572	0.351335	36.000000	-32.000000	1.180000	21.356931
152.347504	212.412384	-295.953156	-288.464600	-10.168986	6.042128	274.637085	0.163035	0.319715	-0.000039	-0.000016	0.340666	0.000005	0.185621	0.192572	0.175661	36.000000	-32.000000	1.180000	21.336488
151.304108	212.930084	-298.299103	-290.912201	-11.774615	5.847221	273.996918	0.163035	0.159886	0.167543	-0.000016	0.170381	0.000016	0.185621	0.192572	0.175661	36.000000	-32.000000	1.180000	21.318794
146.248596	226.971558	-255.169357	-255.422302	18.418478	6.042128	271.276123	0.163035	0.159886	-0.000039	-0.000016	0.000006	0.000005	0.185621	0.000008	0.175661	36.000000	-28.000000	1.180000	21.202575
149.098389	228.574203	-257.334869	-256.121613	20.022621	6.042128	272.076355	0.163035	0.319715	-0.000039	-0.000016	0.340666	0.000005	0.185621	0.192572	0.175661	36.000000	-28.000000	1.180000	21.234535
149.498566	229.472092	-258.417633	-256.471283	18.418478	6.042128	272.716522	0.163035	-0.000011	0.167543	-0.000016	0.170381	0.169844	0.185621	0.192572	0.351335	36.000000	-28.000000	1.180000	21.260069
148.234695	228.381790	-260.041779	-258.394348	16.630280	6.042128	273.516754	0.163035	0.159886	-0.000039	-0.000016	0.000006	0.000005	0.185621	0.000008	0.175661	36.000000	-28.000000	1.180000	21.291943
153.109634	259.286163	-236.040695	-250.701965	42.916813	6.431940	291.921906	0.163035	-0.000011	0.167517	0.180158	0.170381	0.000005	0.185621	0.192572	0.175661	36.000000	-24.000000	1.180000	21.997302
152.347504	259.935791	-236.942978	-251.750931	42.916813	6.431940	292.562103	0.163035	0.159855	-0.000039	-0.000016	0.340666	0.000005	0.185621	0.000008	0.175661	36.000000	-24.000000	1.180000	22.021952
151.123550	261.017303	-239.469406	-255.771942	42.022713	6.431940	293.202271	0.163035	0.159886	-0.000039	0.180158	0.170381	0.000005	0.185621	0.000008	0.175661	36.000000	-24.000000	1.180000	22.046573
152.347504	261.209625	-237.303909	-253.324371	43.274456	6.821752	293.842468	0.163035	0.159886	0.167543	-0.000016	0.340666	0.000005	0.185621	0.192572	0.175661	36.000000	-24.000000	1.180000	22.056196
152.206879	289.100220	-208.610870	-248.254395	67.415154	7.016659	310.006989	0.163035	0.159886	0.167543	-0.000016	0.170381	0.000005	0.185621	0.192572	0.175661	36.000000	-20.000000	1.180000	22.661486
151.625473	288.715515	-207.889023	-247.380249	67.415154	6.821752	310.327087	0.326071	0.319715	-0.000039	-0.000016	0.170381	0.000005	0.185621	0.000008	0.175661	36.000000	-20.000000	1.180000	22.680737
150.000916	288.715515	-208.430420	-247.904739	66.342224	6.821752	311.127319	0.163035	0.319715	0.167543	-0.000016	0.340666	0.169792	0.185621	0.192572	0.175661	36.000000	-20.000000	1.180000	22.710618
150.040222	290.061951	-210.776382	-250.876801	64.554031	6.821752	311.607452	0.163035	0.159886	-0.000039	-0.000016	0.170381	0.000005	0.185621	0.192572	0.351335	36.000000	-20.000000	1.180000	22.728527
143.901398	311.220337	-168.368454	-242.135452	87.621803	6.821752	323.610809	0.163035	0.159886	-0.000039	-0.000016	0.170381	0.000005	0.185621	0.192572	0.175661	36.000000	-16.000000	1.180000	23.171763
143.141678	310.643280	-169.451218	-245.107513	87.979446	7.016659	324.250977	0.163035	0.319715	0.167543	-0.000016	0.340666	0.000005	0.185621	0.192572	0.175661	36.000000	-16.000000	1.180000	23.188042
144.262497	311.027985	-171.436279	-244.583023	86.191246	7.016659	324.731140	0.163035	-0.000011	-0.000039	-0.000016	0.170381	0.169792	0.185621	0.192572	0.175661	36.000000	-16.000000	1.180000	23.205584
142.276413	311.605042	-167.646622	-244.583023	87.264168	7.211564	325.211273	0.163035	0.159886	0.335061	-0.000016	0.000006	0.000005	0.185621	0.192572	0.175661	36.000000	-16.000000	1.180000	23.215997
126.896088	329.685822	-127.765137	-248.429230	103.000328	7.406471	337.854797	0.163035	0.319715	-0.000039	-0.000016	0.170381	0.000005	0.185621	0.192572	0.175661	36.000000	-12.000000	1.180000	23.666050
129.276535	333.148071	-130.111099	-248.953720	105.146164	7.406471	338.174927	0.163035	0.159886	0.335061	-0.000016	0.170381	0.000005	0.185621	0.192572	0.175661	36.000000	-12.000000	1.180000	23.677511
129.784180	330.739899	-127.404213	-247.205444	104.252068	7.406471	338.815094	0.163035	0.319715	-0.000039	-0.000016	0.170381	0.000005	0.185698	0.192572	0.175661	36.000000	-12.000000	1.180000	23.700412
129.062164	331.801636	-129.028351	-249.128525	101.569763	7.601377	338.975128	0.163035	0.319715	-0.000039	-0.000016	0.340666	0.000005	0.185698	0.000008	0.175661	36.000000	-12.000000	1.180000	23.699165
95.874077	316.413757	-72.183701	-231.296158	108.186104	7.016659	316.568848	0.163035	0.159886	0.335061	-0.000016	0.170381	0.000016	0.185621	0.192572	0.175661	36.000000	-8.000000	1.180000	22.905561
97.860168	311.605042	-70.920479	-225.701721	107.470825	6.821752	315.608582	0.163035	0.159886	0.167543	0.180158	0.170381	0.169844	0.185621	0.192572	0.175661	36.000000	-8.000000	1.180000	22.877227
97.473526	314.297913	-71.642319	-229.373077	108.336761	7.016659	314.648285	0.163035	0.319715	-0.000039	-0.000016	0.340666	0.000005	0.185698	0.192572	0.175661	36.000000	-8.000000	1.180000	22.834394
95.848969	311.884460	-68.935425	-226.226181	107.292007	6.821752	313.367950	0.163035	0.319715	0.167517	0.180158	0.340666	0.000005	0.185621	0.192572	0.175661	36.000000	-8.000000	1.180000	22.794075
65.704376	295.255402	-26.707966	-212.764496	102.463867	6.626846	294.802734	0.163035	0.159886	0.167543	-0.000016	0.340666	0.000005	0.185621	0.192572	0.175661	36.000000	-4.000000	1.180000	22.100537
64.457718	296.409454	-26.347048	-213.463821	106.397903	6.431940	294.322601	0.163035	0.159886	0.167543	-0.000016	0.170381	0.000005	0.185621	0.192572	0.175661	36.000000	-4.000000	1.180000	22.089596
63.357792	293.606232	-27.971180	-214.337967	102.285049	6.431940	293.842468	0.163035	0.159886	-0.000039	-0.000016	0.170381	0.000005	0.185621	0.192572	0.175661	36.000000	-4.000000	1.180000	22.071168
64.982346	292.451813	-26.166588	-212.240005	103.179146	6.431940	293.202271	0.163035	0.319715	0.167517	-0.000016	0.170381	0.000005	0.185621	0.192572	0.175661	36.000000	-4.000000	1.180000	22.046573
34.657257	279.368469	8.671137	-200.176956	100.496841	6.431940	279.438416	0.163035	0.159855	-0.000039	-0.000016	0.170333	0.000005	0.185621	0.192572	0.175661	36.000000	0.000000	1.180000	21.510993
33.402458	279.290436	8.851785	-201.225937	98.172188	6.237033	278.958282	0.163035	0.159886	-0.000039	0.180158	0.170381	0.000005	0.185621	0.192572	0.351335	36.000000	0.000000	1.180000	21.499754
34.305229	278.328674	8.671137	-200.176956	100.854485	6.431940	278.318085	0.163035	0.159886	0.167517	-0.000016	0.170381	0.000005	0.185621	0.192572	0.175661	36.000000	0.000000	1.180000	21.466811
35.559792	279.290436	7.948543	-200.876251	100.675667	6.237033	277.837952	0.163035	0.319715	-0.000039	-0.000016	0.170381	0.000005	0.185621	0.192572	0.175661	36.000000	0.000000	1.180000	21.455548
4.333294	266.595428	36.129707	-194.232834	94.774612	6.042128	265.834595	0.163035	0.159886	0.335061	-0.000016	0.170381	0.000005	0.185621	0.192572	0.175661	36.000000	4.000000	1.180000	20.983952
4.152740	266.210693	38.116840	-192.134918	95.489883	6.237033	266.314728	0.163035	0.159886	-0.000039	-0.000016	0.000006	0.000005	0.185621	0.000008	0.175661	36.000000	4.000000	1.180000	20.995468
5.597170	267.364807	38.116840	-192.134918	96.741623	5.847221	267.275024	0.163035	0.159886	-0.000039	-0.000016	0.170381	0.000005	0.185621	0.192572	0.175661	36.000000	4.000000	1.180000	21.049892
3.972186	267.172455	37.936192	-192.659393	95.847527	6.042128	268.075226	0.163035	0.159886	0.167543	-0.000016	0.340666	0.000005	0.185621	0.192572	0.175661	36.000000	4.000000	1.180000	21.074248
-26.846237	282.945068	65.756065	-208.568649	99.423927	6.626846	284.879944	0.163035	-0.000011	0.167543	-0.000016	0.170381	0.000005	0.185621	0.192572	0.175661	36.000000	8.000000	1.180000	21.716709
-25.952143	284.868530	66.659302	-209.617630	100.675667	6.626846	285.360077	0.163035	0.159886	0.335061	-0.000016	0.340666	0.000005	0.185621	0.192572	0.175661	36.000000	8.000000	1.180000	21.735436
-25.945358	285.445587	68.104492	-209.792435	102.106224	6.431940	285.680176	0.163035	0.159886	0.167543	-0.000016	0.170381	0.000005	0.185621	0.192572	0.175661	36.000000	8.000000	1.180000	21.755507
-27.033482	284.483856	65.033470	-209.617630	97.814552	6.042128	285.840210	0.163035	0.159886	0.167543	-0.000016	0.170381	0.000005	0.185621	0.192572	0.175661	36.000000	8.000000	1.180000	21.776916
-67.566032	300.064117	90.685555	-228.848587	97.993370	6.626846	303.765259	0.163035	0.159886	0.167543	-0.000016	0.170381	0.000016	0.185621	0.192572	0.175661	36.000000	12.000000	1.180000	22.441579
-69.547966	302.564636	93.395279	-228.673782	101.033310	6.431940	304.565460	0.163035	0.319715	-0.000039	-0.000016	0.170381	0.000005	0.185621	0.192572	0.175661	36.000000	12.000000	1.180000	22.479125
-66.845329	301.795258	91.588799	-229.373077	98.351006	6.626846	305.045593	0.163035	-0.000011	0.335061	-0.000016	0.170381	0.000005	0.185621	0.192572	0.175661	36.000000	12.000000	1.180000	22.489876
-72.089287	303.611176	94.117874	-233.219269	99.960388	6.626846	305.845825	0.163035	0.319715	-0.000039	-0.000016	0.170381	0.000005	0.185621	0.192572	0.175661	36.000000	12.000000	1.180000	22.520010
-116.243973	309.575653	121.034508	-243.534058	96.026344	6.821752	318.489380	0.163035	0.159855	-0.000039	-0.000016	0.340666	0.000005	0.185698	0.192572	0.175661	36.000000	16.000000	1.180000	22.983695
-118.046211	312.461670	119.950607	-246.331299	93.701683	6.821752	318.809479	0.163035	0.319715	-0.000039	-0.000016	0.340666	0.000005	0.185621	0.192572	0.175661	36.000000	16.000000	1.180000	22.995494
-116.213577	312.566772	118.505417	-245.631973	95.847527	6.821752	319.609680	0.163035	-0.000011	-0.000039	-0.000016	0.000006	0.000005	0.185621	0.000008	0.175661	36.000000	16.000000	1.180000	23.024966
-116.213577	311.989716	120.492554	-245.282333	96.562805	7.016659	320.249878	0.163035	0.159886	0.167543	-0.000016	0.170381	0.000005	0.185621	0.192572	0.175661	36.000000	16.000000	1.180000	23.041349
-167.023239	316.221405	142.351028	-267.135712	83.866592	7.406471	332.733368	0.163035	-0.000011	0.167543	-0.000016	0.170381	0.000005	0.185621	0.000008	0.175661	36.000000	20.000000	1.180000	23.481941
-169.590042	315.540131	144.338150	-265.037781	82.436028	7.601377	333.213501	0.163035	0.159855	-0.000039	-0.000016	0.170381	0.000005	0.185621	0.192572	0.175661	36.000000	20.000000	1.180000	23.492232
-166.886703	318.337250	140.905838	-268.709167	82.614845	7.406471	333.853699	0.163035	0.319715	0.335061	-0.000016	0.340666	0.169792	0.185621	0.192572	0.175661	36.000000	20.000000	1.180000	23.522338
-167.787827	319.003357	141.447784	-269.932953	82.257210	7.406471	334.493866	0.163035	0.159855	-0.000039	-0.000016	0.340666	0.000005	0.185698	0.192572	0.175661	36.000000	20.000000	1.180000	23.545391
-215.546951	302.071960	154.273819	-283.044983	63.107048	7.016659	326.971771	0.163035	0.319715	-0.000039	-0.000016	0.340666	0.000005	0.185621	0.000008	0.175661	36.000000	24.000000	1.180000	23.287267
-212.122726	299.102356	153.370590	-280.247742	63.659931	7.211564	325.531342	0.163035	0.319715	0.167543	-0.000016	0.170333	0.000005	0.185621	0.192572	0.175661	36.000000	24.000000	1.180000	23.227678
-212.968124	298.910004	152.828629	-282.345642	62.408188	7.211564	324.411041	0.163035	0.159886	0.167543	-0.000016	0.170333	0.000005	0.185621	0.192572	0.175661	36.000000	24.000000	1.180000	23.186768
-213.564529	296.986542	151.744736	-280.072906	61.871731	7.016659	323.290710	0.163035	0.319715	0.167517	-0.000016	0.340666	0.000005	0.185698	0.192572	0.175661	36.000000	24.000000	1.180000	23.152920
-236.931580	264.553467	153.912521	-272.380524	42.916813	6.821752	301.844727	0.163035	0.319715	0.167517	-0.000016	0.170381	0.000005	0.185621	0.192572	0.175661	36.000000	28.000000	1.180000	22.361551
-235.912186	264.361053	154.454468	-274.128784	43.274456	6.626846	301.044464	0.163035	0.319715	-0.000039	-0.000016	0.340666	0.000005	0.185621	0.192572	0.175661	36.000000	28.000000	1.180000	22.338596
-230.865936	262.748413	150.480209	-272.380524	40.234516	6.626846	300.404297	0.163035	0.159886	0.167543	-0.000016	0.340666	0.169792	0.185621	0.192572	0.351335	36.000000	28.000000	1.180000	22.314298
-233.688385	263.325500	151.744736	-269.408478	42.559174	6.626846	299.444031	0.163035	0.159886	0.167543	-0.000016	0.170381	0.000016	0.185621	0.192572	0.175661	36.000000	28.000000	1.180000	22.277799
-254.475159	235.885483	149.576965	-276.751221	20.022621	6.042128	284.719910	0.163035	0.319715	-0.000039	-0.000016	0.170333	0.000005	0.185698	0.192572	0.175661	36.000000	32.000000	1.180000	21.733275
-251.706009	235.050201	147.589828	-274.478455	19.491398	6.042128	284.079712	0.163035	0.159886	0.335061	-0.000016	0.000006	0.000005	0.185621	0.192572	0.175661	36.000000	32.000000	1.180000	21.708297
-251.591583	234.923477	147.409180	-275.702240	18.776117	6.042128	283.439545	0.163035	0.159855	0.167517	-0.000016	0.340666	0.000005	0.185698	0.192572	0.175661	36.000000	32.000000	1.180000	21.683292
-250.510254	232.807053	148.312424	-274.478455	19.133757	6.431940	282.799347	0.163035	0.319715	0.167517	-0.000016	0.340666	0.000005	0.185698	0.192572	0.351335	36.000000	32.000000	1.180000	21.642997
-263.306091	203.369461	143.976852	-276.226715	-1.962435	6.042128	267.114960	0.163035	0.159855	-0.000039	-0.000016	0.340666	0.000005	0.185621	0.192572	0.175661	36.000000	36.000000	1.180000	21.035597
-262.404999	202.599854	143.615555	-276.051880	-2.497646	6.042128	266.634827	0.163035	0.319715	0.167543	-0.000016	0.340666	0.000005	0.185621	0.192572	0.175661	36.000000	36.000000	1.180000	21.016245
-262.156219	203.754272	141.809082	-277.625336	-3.211258	6.237033	265.994659	0.163035	0.319715	-0.000039	-0.000016	0.170381	0.000005	0.185621	0.192572	0.175661	36.000000	36.000000	1.180000	20.982544
-262.696747	203.561859	141.086487	-274.478455	-2.497646	6.237033	265.514526	0.163035	0.159855	0.167543	-0.000016	0.340666	0.000005	0.185621	0.192572	0.175661	36.000000	36.000000	1.180000	20.963143
-278.264648	176.383835	134.944443	-285.492554	-28.366117	5.262503	254.471420	0.163035	0.319715	0.167543	-0.000016	0.340666	0.000005	0.185621	0.192572	0.175661	36.000000	40.000000	1.180000	20.552080
-279.633301	176.625519	135.486374	-284.968079	-28.544519	5.262503	255.111588	0.163035	-0.000011	0.167543	-0.000016	0.170381	0.000005	0.185621	0.192572	0.351335	36.000000	40.000000	1.180000	20.578460
-278.912598	177.153229	135.486374	-285.667389	-27.652506	5.067596	255.751785	0.163035	0.159886	0.335061	-0.000016	0.170381	0.169844	0.185621	0.192572	0.175661	36.000000	40.000000	1.180000	20.612823
-280.787750	177.587524	135.125076	-286.716339	-28.009308	5.652315	256.391968	0.163035	0.159855	-0.000039	-0.000016	0.340666	0.000005	0.185621	0.000008	0.175661	36.000000	40.000000	1.180000	20.615103
-328.280853	169.651611	142.351028	-332.695862	-61.727524	6.237033	275.757385	0.163035	0.159886	0.167543	-0.000016	0.000006	0.000016	0.185621	0.000008	0.175661	36.000000	44.000000	1.180000	21.373211
-329.722260	170.036316	141.989731	-329.374146	-60.121902	6.042128	276.557617	0.163035	0.159886	-0.000039	-0.000016	0.000006	0.000005	0.185621	0.192572	0.175661	36.000000	44.000000	1.180000	21.412633
-330.623138	170.998062	142.531677	-332.870697	-61.192310	6.042128	277.357849	0.163035	0.159886	0.167543	-0.000016	0.170381	0.000005	0.185621	0.192572	0.175661	36.000000	44.000000	1.180000	21.444281
-332.424896	169.506622	143.796219	-333.569977	-62.619549	6.237033	277.998016	0.163035	0.319715	-0.000039	-0.000016	0.340666	0.000005	0.185621	0.192572	0.175661	36.000000	44.000000	1.180000	21.461869
124.368996	170.853439	-413.071198	-415.913544	-145.041840	6.821752	299.444031	0.163035	0.159855	0.167517	0.180158	0.340666	0.000005	0.185621	0.192572	0.351335	40.000000	-44.000000	1.180000	22.270383
123.285957	168.929413	-412.529816	-414.340088	-147.539490	6.626846	299.924164	0.163035	0.319715	-0.000039	-0.000016	0.340666	0.000005	0.185621	0.192572	0.175661	40.000000	-44.000000	1.180000	22.296055
124.730011	170.661041	-416.139008	-416.612854	-145.041840	6.626846	300.724396	0.163035	0.319715	-0.000039	-0.000016	0.340666	0.000005	0.185621	0.192572	0.175661	40.000000	-44.000000	1.180000	22.326451
124.221024	171.190399	-415.597626	-416.088348	-143.079407	6.626846	301.204529	0.163035	0.159886	0.167517	-0.000016	0.170381	0.000005	0.185621	0.192572	0.175661	40.000000	-44.000000	1.180000	22.344669
134.477356	203.754272	-420.289581	-412.766632	-117.032539	6.821752	315.128418	0.163035	0.319715	-0.000039	-0.000016	0.340666	0.000005	0.185698	0.192572	0.175661	40.000000	-40.000000	1.180000	22.859433
133.429276	205.043793	-426.425171	-419.584900	-123.276649	6.821752	315.608582	0.163035	0.159886	0.335061	-0.000016	0.340666	0.000005	0.185621	0.192572	0.175661	40.000000	-40.000000	1.180000	22.877227
136.462936	206.832703	-423.718292	-417.137329	-119.530190	7.211564	316.088715	0.163035	0.159855	0.167517	-0.000016	0.340666	0.000005	0.185698	0.192572	0.175661	40.000000	-40.000000	1.180000	22.880572
136.859787	205.428497	-424.620575	-418.710754	-118.816566	7.016659	317.048981	0.163035	0.159886	-0.000039	-0.000016	0.000006	0.000005	0.185621	0.192572	0.175661	40.000000	-40.000000	1.180000	22.923318
142.780655	237.232300	-420.289581	-411.018341	-92.234489	7.211564	329.692535	0.163035	0.319715	-0.000039	0.180158	0.340666	0.169792	0.185621	0.192572	0.175661	40.000000	-36.000000	1.180000	23.379005
143.540283	235.242554	-416.680359	-407.696655	-90.272049	7.406471	330.332703	0.163035	0.159886	-0.000039	-0.000016	0.170381	0.000005	0.185621	0.192572	0.175661	40.000000	-36.000000	1.180000	23.395141
142.961166	235.693069	-419.748169	-411.717682	-93.483307	7.211564	330.652771	0.163035	0.159855	-0.000039	0.180158	0.170381	0.169792	0.185621	0.192572	0.175661	40.000000	-36.000000	1.180000	23.413787
145.488251	238.579117	-418.304504	-409.095245	-88.844826	7.406471	331.132904	0.163035	0.319715	-0.000039	0.180158	0.340666	0.000005	0.185698	0.192572	0.175661	40.000000	-36.000000	1.180000	23.424109
145.165268	263.783844	-398.273529	-396.332886	-66.009209	7.211564	337.374664	0.163035	0.159886	-0.000039	-0.000016	0.170381	0.000005	0.185621	0.192572	0.175661	40.000000	-32.000000	1.180000	23.655833
145.706940	264.479553	-394.303436	-392.661530	-62.262733	7.211564	335.934296	0.163035	-0.000011	-0.000039	-0.000016	0.000006	0.000005	0.185621	0.192572	0.175661	40.000000	-32.000000	1.180000	23.604176
143.540283	262.556091	-390.694244	-390.039124	-62.262733	7.211564	334.653931	0.163035	-0.000011	-0.000039	-0.000016	0.170381	0.000005	0.185621	0.192572	0.351335	40.000000	-32.000000	1.180000	23.558163
144.262497	260.320618	-391.596558	-391.612579	-62.797943	7.211564	333.533600	0.163035	-0.000011	-0.000039	-0.000016	0.170381	0.000005	0.185621	0.192572	0.175661	40.000000	-32.000000	1.180000	23.517827
129.457092	261.017303	-325.187531	-337.241333	-31.398975	7.016659	310.487122	0.163035	0.159886	0.335061	-0.000016	0.170381	0.000005	0.185621	0.192572	0.175661	40.000000	-28.000000	1.180000	22.679434
131.589264	258.973785	-320.315155	-329.548981	-28.187717	6.821752	309.526855	0.163035	0.319715	-0.000039	-0.000016	0.340666	0.000005	0.185698	0.192572	0.175661	40.000000	-28.000000	1.180000	22.650817
130.867233	258.204193	-321.758820	-332.695862	-29.971745	6.821752	309.046722	0.163035	0.319715	0.167517	-0.000016	0.340666	0.000005	0.185698	0.192572	0.175661	40.000000	-28.000000	1.180000	22.632846
131.623749	260.824951	-324.465698	-334.444122	-29.971745	7.016659	308.086456	0.163035	0.159886	-0.000039	-0.000016	0.170381	0.000005	0.185621	0.192572	0.175661	40.000000	-28.000000	1.180000	22.589550
115.163162	257.747375	-265.816467	-287.415649	-7.492939	6.821752	289.841339	0.163035	0.319715	0.167543	-0.000016	0.340666	0.000005	0.185621	0.192572	0.175661	40.000000	-24.000000	1.180000	21.901923
116.787712	257.049744	-264.733704	-286.541504	-6.065711	6.626846	289.201141	0.163035	0.159855	-0.000039	-0.000016	0.340666	0.000005	0.185621	0.192572	0.175661	40.000000	-24.000000	1.180000	21.884685
115.915550	255.823883	-261.846375	-282.870148	-5.530500	6.626846	288.400940	0.163035	-0.000011	0.167543	-0.000016	0.170381	0.169792	0.185621	0.192572	0.175661	40.000000	-24.000000	1.180000	21.853678
115.524178	256.208557	-265.816467	-287.590485	-9.990582	6.821752	287.600708	0.163035	0.159886	0.167543	-0.000016	0.170333	0.000005	0.185621	0.192572	0.175661	40.000000	-24.000000	1.180000	21.815053
102.527702	254.740921	-212.220062	-246.506119	12.696239	6.042128	274.316986	0.163035	0.319715	-0.000039	-0.000016	0.170381	0.000005	0.185621	0.192572	0.175661	40.000000	-20.000000	1.180000	21.323770
101.805679	254.548523	-213.663727	-248.778870	12.517420	6.237033	273.836823	0.163035	0.319715	-0.000039	0.180158	0.340666	0.000005	0.185621	0.192572	0.175661	40.000000	-20.000000	1.180000	21.296924
100.929588	252.938629	-212.941895	-248.254395	11.980959	6.431940	273.036621	0.163035	0.319715	-0.000039	-0.000016	0.340666	0.000005	0.185621	0.192572	0.175661	40.000000	-20.000000	1.180000	21.257289
98.943497	253.900391	-214.746475	-249.303360	8.941021	6.431940	272.556488	0.163035	-0.000011	-0.000039	-0.000016	0.170381	0.000005	0.185621	0.192572	0.175661	40.000000	-20.000000	1.180000	21.238139
85.582512	258.709106	-172.338562	-232.869629	23.604258	5.652315	269.675690	0.163035	0.319715	-0.000039	-0.000016	0.170381	0.000005	0.185621	0.192572	0.351335	40.000000	-16.000000	1.180000	21.154131
85.040848	260.055573	-173.060394	-235.317200	22.352520	5.652315	270.635956	0.163035	0.159886	0.335061	-0.000016	0.170381	0.000016	0.185621	0.192572	0.351335	40.000000	-16.000000	1.180000	21.192565
86.282120	260.705414	-173.421326	-234.792709	23.240545	5.847221	271.436157	0.163035	0.319715	-0.000039	-0.000016	0.340666	0.000005	0.185698	0.192572	0.175661	40.000000	-16.000000	1.180000	21.216756
87.545670	262.629425	-174.684540	-236.715790	25.213636	6.042128	272.236420	0.163035	0.319715	-0.000039	-0.000016	0.340666	0.000005	0.185621	0.192572	0.351335	40.000000	-16.000000	1.180000	21.240923
74.388176	281.983307	-144.908752	-243.708893	35.406376	6.431940	287.760773	0.163035	0.159886	-0.000039	-0.000016	0.170381	0.000005	0.185621	0.192572	0.175661	40.000000	-12.000000	1.180000	21.836404
73.646660	283.216492	-142.923706	-243.708893	35.933468	6.237033	288.400940	0.163035	0.159855	-0.000039	-0.000016	0.340666	0.169792	0.185698	0.192572	0.175661	40.000000	-12.000000	1.180000	21.868789
76.374268	283.522095	-143.104172	-244.058548	37.373394	6.431940	288.881073	0.163035	-0.000011	0.167543	-0.000016	0.170381	0.000016	0.185621	0.192572	0.175661	40.000000	-12.000000	1.180000	21.879839
75.271217	284.483856	-146.171967	-245.981659	35.764015	6.237033	289.521240	0.163035	-0.000011	0.167543	-0.000016	0.340666	0.000005	0.185621	0.192572	0.175661	40.000000	-12.000000	1.180000	21.912159
53.443932	304.295776	-112.787018	-261.541260	43.632092	6.626846	304.405426	0.163035	0.159886	-0.000039	-0.000016	0.170381	0.000005	0.185621	0.192572	0.351335	40.000000	-8.000000	1.180000	22.465739
53.263378	305.257507	-114.050232	-261.366425	42.022713	6.821752	304.885559	0.163035	0.159886	-0.000039	-0.000016	0.170381	0.000005	0.185621	0.192572	0.351335	40.000000	-8.000000	1.180000	22.476497
51.805374	304.188354	-115.854820	-264.338470	40.234516	6.821752	305.525726	0.163035	0.319715	-0.000039	-0.000016	0.340666	0.000005	0.185698	0.192572	0.175661	40.000000	-8.000000	1.180000	22.500621
53.790947	305.919983	-108.636452	-260.841919	46.135574	6.626846	306.165924	0.163035	0.319715	0.167517	-0.000016	0.170381	0.000005	0.185621	0.192572	0.175661	40.000000	-8.000000	1.180000	22.532051
25.270918	321.030121	-74.168747	-277.100861	48.639053	7.016659	320.409912	0.163035	0.319715	-0.000039	-0.000016	0.170381	0.000005	0.185621	0.192572	0.175661	40.000000	-4.000000	1.180000	23.047234
26.353956	320.645416	-77.417015	-279.023956	47.029675	7.211564	321.050110	0.163035	0.319715	-0.000039	-0.000016	0.340666	0.000005	0.185621	0.192572	0.175661	40.000000	-4.000000	1.180000	23.063602
29.422567	322.466583	-79.943443	-278.674286	48.626396	7.211564	321.530212	0.163035	0.319715	-0.000039	-0.000016	0.340666	0.000005	0.185698	0.192572	0.175661	40.000000	-4.000000	1.180000	23.081236
27.617500	322.658997	-73.266449	-276.751221	52.023094	7.016659	321.850311	0.163035	0.159855	-0.000039	-0.000016	0.170333	0.000005	0.185621	0.000008	0.175661	40.000000	-4.000000	1.180000	23.100138
-3.243169	332.955750	-36.272305	-285.842194	54.361294	7.601377	333.213501	0.163035	0.159886	0.167543	-0.000016	0.170381	0.000005	0.185621	0.192572	0.351335	40.000000	0.000000	1.180000	23.492232
-6.666514	333.725159	-33.565418	-287.940125	55.791851	7.406471	333.213501	0.163035	0.319715	-0.000039	-0.000016	0.170381	0.000005	0.185621	0.192572	0.175661	40.000000	0.000000	1.180000	23.499262
-6.127589	332.378693	-36.994144	-288.464600	49.711971	7.406471	333.693665	0.163035	0.159855	-0.000039	-0.000016	0.340666	0.000005	0.185621	0.192572	0.175661	40.000000	0.000000	1.180000	23.516572
-6.666514	334.494537	-36.994144	-290.387695	52.036633	7.211564	334.333832	0.163035	0.159886	0.335061	-0.000016	0.340666	0.000005	0.185621	0.192572	0.175661	40.000000	0.000000	1.180000	23.546645
-41.451336	328.623505	0.903251	-282.870148	52.916962	7.406471	327.291870	0.163035	0.319715	-0.000039	-0.000016	0.340666	0.000005	0.185621	0.192572	0.351335	40.000000	4.000000	1.180000	23.284730
-43.073349	326.699463	0.903251	-282.520477	49.175514	7.211564	326.331573	0.163035	0.159855	-0.000039	-0.000016	0.170381	0.000005	0.185621	0.192572	0.175661	40.000000	4.000000	1.180000	23.256856
-40.179268	326.415894	0.361306	-280.772217	51.321354	7.406471	325.371307	0.163035	0.159886	0.167517	-0.000016	0.170381	0.169792	0.185621	0.192572	0.351335	40.000000	4.000000	1.180000	23.214725
-37.656803	324.775452	-0.902296	-279.548431	50.427254	7.016659	324.411041	0.163035	0.159886	0.167517	0.180158	0.170381	0.169792	0.185621	0.192572	0.175661	40.000000	4.000000	1.180000	23.193891
-72.089287	302.564636	29.987659	-263.813995	45.241474	6.626846	302.965027	0.163035	0.319715	0.167517	0.180158	0.170381	0.000005	0.185621	0.192572	0.175661	40.000000	8.000000	1.180000	22.411339
-71.728836	301.410522	31.974794	-260.841919	47.553753	6.821752	302.004761	0.163035	0.319715	-0.000039	-0.000016	0.340666	0.000005	0.185621	0.192572	0.175661	40.000000	8.000000	1.180000	22.367615
-71.349731	299.955505	29.807011	-257.520233	43.810913	6.626846	301.364563	0.163035	0.159886	0.167517	-0.000016	0.170381	0.000005	0.185621	0.192572	0.175661	40.000000	8.000000	1.180000	22.350738
-72.610962	300.256470	28.723120	-262.065704	43.632092	6.431940	300.244263	0.163035	0.159886	-0.000039	-0.000016	0.000006	0.000005	0.185621	0.192572	0.175661	40.000000	8.000000	1.180000	22.315622
-102.727234	281.677277	51.846127	-246.506119	36.836937	6.431940	284.079712	0.163035	0.319715	-0.000039	-0.000016	0.170381	0.000005	0.185698	0.192572	0.351335	40.000000	12.000000	1.180000	21.693073
-102.159843	280.829224	52.568722	-247.380249	37.373394	6.431940	283.279510	0.163035	0.159886	0.167543	-0.000016	0.340666	0.000005	0.185621	0.192572	0.351335	40.000000	12.000000	1.180000	21.661790
-100.744774	280.330475	51.846127	-246.156464	38.615074	6.237033	282.799347	0.163035	0.319715	-0.000039	-0.000016	0.000006	0.000005	0.185621	0.192572	0.175661	40.000000	12.000000	1.180000	21.650628
-101.078789	280.252167	51.484829	-246.506119	37.552216	6.237033	282.319214	0.163035	0.159886	0.167543	0.180158	0.340666	0.169844	0.185621	0.192572	0.175661	40.000000	12.000000	1.180000	21.631826
-128.679382	262.821838	67.923843	-238.988556	29.497622	6.237033	269.515656	0.163035	0.319715	-0.000039	-0.000016	0.340666	0.000005	0.185621	0.192572	0.175661	40.000000	16.000000	1.180000	21.124274
-128.645737	261.786713	67.923843	-239.163391	28.074757	5.847221	269.035492	0.163035	0.159886	0.335061	0.180158	0.170381	0.169792	0.185621	0.192572	0.175661	40.000000	16.000000	1.180000	21.120649
-130.267319	262.556091	66.117355	-240.911667	27.180656	6.042128	268.555359	0.163035	-0.000011	-0.000039	-0.000016	0.170381	0.000005	0.185621	0.192572	0.175661	40.000000	16.000000	1.180000	21.093546
-131.202515	262.748413	65.756065	-240.736832	25.750097	5.847221	268.075226	0.163035	0.319715	-0.000039	-0.000016	0.340666	0.000005	0.185621	0.192572	0.175661	40.000000	16.000000	1.180000	21.082083
-171.212051	259.550995	82.917671	-253.499207	14.659414	6.042128	273.196655	0.163035	0.319715	-0.000039	-0.000016	0.340666	0.000005	0.185621	0.192572	0.175661	40.000000	20.000000	1.180000	21.279199
-170.987106	260.440247	83.640259	-253.674026	16.093819	6.237033	273.676788	0.163035	0.159886	0.167543	-0.000016	0.000006	0.000005	0.185621	0.192572	0.175661	40.000000	20.000000	1.180000	21.290555
-172.834061	262.556091	83.278969	-256.646088	15.557360	6.042128	274.477020	0.163035	0.159886	0.167543	0.180158	0.340666	0.000005	0.185621	0.192572	0.175661	40.000000	20.000000	1.180000	21.330129
-169.365524	260.705414	82.556374	-253.499207	15.378539	6.237033	275.117218	0.163035	0.159886	0.167517	-0.000016	0.170381	0.169792	0.185621	0.192572	0.175661	40.000000	20.000000	1.180000	21.347813
-218.430527	268.401520	103.872894	-282.345642	4.828160	6.626846	292.402069	0.163035	0.319715	-0.000039	-0.000016	0.340666	0.000005	0.185621	0.192572	0.351335	40.000000	24.000000	1.180000	22.008288
-223.837219	269.865356	102.608353	-287.590485	3.039132	6.626846	293.202271	0.163035	0.319715	-0.000039	-0.000016	0.340666	0.000005	0.185621	0.192572	0.351335	40.000000	24.000000	1.180000	22.039081
-220.052536	270.517914	101.705109	-287.940125	2.681584	6.821752	293.682404	0.163035	0.319715	-0.000039	-0.000016	0.170381	0.000005	0.185621	0.192572	0.351335	40.000000	24.000000	1.180000	22.050045
-217.112198	268.903595	101.524460	-284.618408	1.430583	6.821752	294.482635	0.163035	0.159886	0.167543	0.180158	0.170381	0.000005	0.185621	0.192572	0.175661	40.000000	24.000000	1.180000	22.080780
-271.776581	271.095154	118.144119	-324.479004	-15.164278	6.821752	310.006989	0.163035	0.319715	-0.000039	-0.000016	0.170381	0.000005	0.185621	0.192572	0.175661	40.000000	28.000000	1.180000	22.668773
-277.003082	273.327606	116.879585	-328.325195	-16.948309	6.821752	310.487122	0.163035	0.159886	0.167543	-0.000016	0.340666	0.000005	0.185621	0.192572	0.175661	40.000000	28.000000	1.180000	22.686716
-273.327148	270.710327	118.686073	-323.430023	-15.342680	6.821752	311.287354	0.163035	0.319715	-0.000039	-0.000016	0.170381	0.000005	0.185621	0.192572	0.351335	40.000000	28.000000	1.180000	22.716589
-277.183319	273.403961	117.782822	-326.926575	-15.521085	7.211564	311.767487	0.163035	0.159886	-0.000039	0.180158	0.170381	0.000005	0.185621	0.192572	0.351335	40.000000	28.000000	1.180000	22.719957
-319.812561	269.288269	131.331467	-363.290588	-33.896622	7.406471	324.250977	0.163035	0.159886	0.167543	-0.000016	0.000006	0.000005	0.185621	0.192572	0.175661	40.000000	32.000000	1.180000	23.173791
-320.977539	267.941864	127.718491	-361.367493	-37.286282	7.211564	324.571106	0.163035	0.319715	-0.000039	-0.000016	0.340666	0.000005	0.185621	0.192572	0.351335	40.000000	32.000000	1.180000	23.192617
-321.974670	268.903595	129.886276	-365.563324	-37.821491	7.406471	325.051239	0.163035	-0.000011	-0.000039	-0.000016	0.000006	0.000016	0.185621	0.192572	0.175661	40.000000	32.000000	1.180000	23.203038
-318.995087	269.480652	129.163681	-362.241608	-35.502247	7.211564	325.531342	0.163035	0.319715	-0.000039	-0.000016	0.170333	0.000005	0.185621	0.192572	0.175661	40.000000	32.000000	1.180000	23.227678
-367.655334	259.670837	139.460648	-401.402863	-59.765087	7.406471	337.694763	0.163035	0.159886	0.335061	-0.000016	0.170333	0.000005	0.185621	0.192572	0.175661	40.000000	36.000000	1.180000	23.660319
-366.658356	260.632599	136.028336	-403.675629	-65.473999	7.406471	338.174927	0.163035	-0.000011	0.167517	-0.000016	0.170381	0.000005	0.185621	0.192572	0.175661	40.000000	36.000000	1.180000	23.677511
-365.757477	260.247894	138.918701	-402.102203	-60.835510	7.211564	338.815094	0.163035	0.159886	0.167543	-0.000016	0.170381	0.000005	0.185621	0.192572	0.175661	40.000000	36.000000	1.180000	23.707380
-367.198853	260.632599	138.196106	-400.703552	-60.657101	7.601377	339.135162	0.000000	0.159886	-0.000039	-0.000016	0.170381	0.000005	0.185621	0.192572	0.175661	40.000000	36.000000	1.180000	23.704887
-376.568024	224.855728	129.163681	-399.304932	-81.173477	6.821752	317.689178	0.163035	0.159886	0.167543	-0.000016	0.170333	0.000005	0.185621	0.192572	0.175661	40.000000	40.000000	1.180000	22.954171
-371.800476	222.609711	127.537849	-398.430817	-83.314323	7.016659	316.568848	0.163035	0.319715	-0.000039	0.180158	0.340666	0.000005	0.185621	0.192572	0.175661	40.000000	40.000000	1.180000	22.905561
-370.538910	221.070480	126.273300	-396.158081	-84.027939	6.821752	315.288483	0.163035	0.319715	-0.000039	-0.000016	0.340666	0.000005	0.185621	0.192572	0.175661	40.000000	40.000000	1.180000	22.865366
-370.622223	219.723663	125.912003	-393.360840	-84.741547	6.821752	314.328217	0.163035	0.159886	-0.000039	0.180158	0.170381	0.000005	0.185621	0.192572	0.175661	40.000000	40.000000	1.180000	22.829748
-369.457581	184.129211	115.795692	-386.717407	-105.257927	6.821752	294.162537	0.163035	0.319715	-0.000039	-0.000016	0.340666	0.000005	0.185621	0.192572	0.175661	40.000000	44.000000	1.180000	22.068491
-373.324860	184.270126	113.266624	-388.465668	-107.220360	6.237033	293.522369	0.163035	0.159886	0.167543	-0.000016	0.170381	0.000005	0.185621	0.192572	0.175661	40.000000	44.000000	1.180000	22.066361
-368.099762	183.167206	115.073097	-382.696381	-103.295494	6.626846	293.042236	0.163035	0.159886	-0.000039	-0.000016	0.170381	0.000005	0.185621	0.192572	0.175661	40.000000	44.000000	1.180000	22.032926
-370.802399	183.552002	114.169861	-382.346741	-102.581871	6.042128	292.242004	0.000000	0.319715	-0.000039	-0.000016	0.170381	0.000005	0.185621	0.192572	0.175661	40.000000	44.000000	1.180000	22.024635
78.339828	157.148956	-388.167816	-385.318787	-164.844604	6.042128	273.036621	0.163035	0.159886	-0.000039	-0.000016	0.340666	0.000005	0.185621	0.192572	0.175661	44.000000	-44.000000	1.180000	21.272825
79.964394	157.000458	-388.528717	-384.969116	-162.703781	6.237033	272.716522	0.163035	0.319715	-0.000039	-0.000016	0.340666	0.000005	0.185698	0.192572	0.175661	44.000000	-44.000000	1.180000	21.252298
79.603378	155.653641	-387.445984	-384.619476	-164.309402	6.237033	272.236420	0.163035	0.159886	-0.000039	-0.000016	0.170381	0.000005	0.185621	0.192572	0.175661	44.000000	-44.000000	1.180000	21.233144
80.505905	155.802505	-385.460937	-382.346741	-161.633362	6.042128	271.756287	0.163035	0.159886	0.167543	-0.000016	0.170381	0.000005	0.185621	0.192572	0.175661	44.000000	-44.000000	1.180000	21.221758
81.227936	173.162277	-373.370178	-366.262665	-138.797729	6.237033	270.475891	0.163035	0.159855	-0.000039	-0.000016	0.170381	0.000005	0.185621	0.192572	0.175661	44.000000	-40.000000	1.180000	21.162762
83.574516	175.614441	-377.159821	-368.360565	-138.262527	6.042128	271.276123	0.163035	0.159886	0.167543	-0.000016	0.170381	0.169792	0.185621	0.192572	0.175661	44.000000	-40.000000	1.180000	21.202575
81.949966	174.509094	-376.437958	-369.059875	-138.797729	6.042128	272.076355	0.163035	0.319715	-0.000039	-0.000016	0.340666	0.000005	0.185698	0.192572	0.175661	44.000000	-40.000000	1.180000	21.234535
81.790886	175.422073	-376.257507	-367.661255	-138.976151	5.847221	272.716522	0.163035	-0.000011	0.167543	-0.000016	0.170381	0.000005	0.185621	0.192572	0.351335	44.000000	-40.000000	1.180000	21.267836
90.072754	207.929031	-389.611481	-381.997070	-124.347069	6.626846	290.801605	0.163035	0.159886	-0.000039	0.180158	0.170381	0.000005	0.185621	0.192572	0.175661	44.000000	-36.000000	1.180000	21.946574
88.651924	206.967285	-387.085052	-379.199829	-124.882278	6.626846	291.761871	0.163035	0.159886	0.335061	0.180158	0.170381	0.000005	0.185621	0.192572	0.175661	44.000000	-36.000000	1.180000	21.983623
90.999130	211.006607	-392.318359	-384.269836	-124.703873	6.821752	292.242004	0.163035	0.159886	0.167517	0.180158	0.170381	0.000005	0.185621	0.192572	0.175661	44.000000	-36.000000	1.180000	21.994616
91.155792	211.006607	-393.220673	-386.542572	-124.525482	6.431940	292.882202	0.163035	0.159886	0.167543	-0.000016	0.170381	0.000005	0.185621	0.192572	0.175661	44.000000	-36.000000	1.180000	22.034267
94.404915	241.080338	-386.543701	-390.388794	-108.647591	6.821752	309.046722	0.163035	0.319715	-0.000039	-0.000016	0.340666	0.000005	0.185621	0.192572	0.351335	44.000000	-32.000000	1.180000	22.632846
94.946426	240.695557	-385.460937	-389.339813	-110.610023	6.821752	309.526855	0.163035	0.319715	0.167517	-0.000016	0.340666	0.000005	0.185621	0.192572	0.175661	44.000000	-32.000000	1.180000	22.650817
94.585419	240.051270	-386.182770	-386.892242	-108.112381	7.016659	310.327087	0.163035	0.319715	-0.000039	-0.000016	0.340666	0.000005	0.185621	0.192572	0.175661	44.000000	-32.000000	1.180000	22.673453
93.707436	240.243622	-381.671265	-385.843262	-107.577164	7.016659	310.967285	0.163035	0.159886	0.167543	0.180158	0.170381	0.000005	0.185621	0.192572	0.175661	44.000000	-32.000000	1.180000	22.697369
91.877815	269.748322	-364.166718	-390.563599	-92.591293	7.016659	323.130676	0.163035	0.159855	-0.000039	-0.000016	0.340666	0.000005	0.185621	0.192572	0.175661	44.000000	-28.000000	1.180000	23.147062
92.058327	269.673004	-367.956390	-391.962219	-92.948105	7.016659	323.610809	0.163035	-0.000011	0.167543	-0.000016	0.340666	0.000005	0.185621	0.192572	0.175661	44.000000	-28.000000	1.180000	23.164634
89.170227	269.480652	-368.858673	-393.535645	-97.764992	7.211564	323.930908	0.163035	0.159886	-0.000039	-0.000016	0.340666	0.000005	0.185621	0.192572	0.175661	44.000000	-28.000000	1.180000	23.169213
91.155792	272.173523	-372.648315	-397.556702	-96.159355	6.821752	324.411041	0.163035	0.159855	0.335061	-0.000016	0.340666	0.000005	0.185621	0.192572	0.175661	44.000000	-28.000000	1.180000	23.201012
88.628708	300.147919	-344.677155	-384.969116	-73.323738	7.406471	336.894531	0.163035	0.319715	-0.000039	-0.000016	0.170381	0.000005	0.185621	0.192572	0.351335	44.000000	-24.000000	1.180000	23.631639
89.193588	299.294708	-341.970245	-380.248810	-70.826096	7.796283	337.374664	0.163035	0.159886	-0.000039	-0.000016	0.170381	0.000005	0.185621	0.192572	0.351335	44.000000	-24.000000	1.180000	23.634877
87.929710	300.833496	-345.579437	-385.318787	-73.323738	7.796283	338.014832	0.163035	0.159886	0.167517	0.180158	0.170381	0.169792	0.185621	0.192572	0.175661	44.000000	-24.000000	1.180000	23.657820
88.110268	298.031494	-349.910461	-388.815308	-79.032654	7.601377	338.655060	0.163035	0.159886	0.167517	-0.000016	0.170381	0.000005	0.185621	0.192572	0.175661	44.000000	-24.000000	1.180000	23.687717
73.285645	293.221405	-284.764679	-331.646912	-50.844929	7.016659	318.489380	0.163035	0.159886	0.167517	-0.000016	0.000006	0.000005	0.185621	0.192572	0.351335	44.000000	-20.000000	1.180000	22.976507
72.221535	294.485992	-283.501465	-330.947571	-49.417702	6.821752	317.209015	0.163035	0.159886	-0.000039	-0.000016	0.170381	0.000005	0.185621	0.192572	0.175661	44.000000	-20.000000	1.180000	22.936436
70.036537	292.259430	-283.862366	-330.073425	-53.699383	6.626846	316.248749	0.163035	0.319715	-0.000039	-0.000016	0.170381	0.000005	0.185621	0.192572	0.175661	44.000000	-20.000000	1.180000	22.908140
67.870461	290.639008	-282.599152	-329.898621	-53.520973	6.626846	315.448547	0.163035	0.159886	0.167517	-0.000016	0.340666	0.000005	0.185621	0.192572	0.175661	44.000000	-20.000000	1.180000	22.878519
55.415501	281.869690	-225.934967	-288.464600	-33.183002	6.626846	295.923035	0.163035	0.319715	-0.000039	-0.000016	0.170333	0.000005	0.185621	0.192572	0.175661	44.000000	-16.000000	1.180000	22.143454
54.888363	280.636871	-223.949921	-286.891174	-33.361412	6.821752	294.962799	0.163035	0.159886	0.167543	-0.000016	0.170381	0.000005	0.185621	0.192572	0.175661	44.000000	-16.000000	1.180000	22.099201
53.805042	279.867462	-219.799362	-284.443573	-30.506954	6.626846	294.322601	0.163035	0.159886	0.167517	0.180158	0.170381	0.169792	0.185621	0.192572	0.175661	44.000000	-16.000000	1.180000	22.082117
53.985592	280.059814	-222.867172	-285.842194	-34.431824	6.821752	294.002502	0.163035	0.159886	-0.000039	-0.000016	0.170381	0.000005	0.185621	0.192572	0.351335	44.000000	-16.000000	1.180000	22.062344
33.213203	272.057159	-173.962692	-264.163635	-23.014019	6.042128	279.758514	0.163035	0.319715	-0.000039	-0.000016	0.340666	0.169792	0.185621	0.192572	0.175661	44.000000	-12.000000	1.180000	21.538944
33.935230	272.942932	-173.782242	-264.338470	-21.229988	6.237033	279.278381	0.163035	0.319715	-0.000039	0.180158	0.340666	0.000005	0.185621	0.192572	0.175661	44.000000	-12.000000	1.180000	21.512367
34.476753	270.517914	-172.158096	-262.415405	-21.408390	6.042128	278.958282	0.163035	0.159855	0.167517	-0.000016	0.340666	0.000005	0.185621	0.192572	0.175661	44.000000	-12.000000	1.180000	21.507435
32.310673	271.404144	-173.240860	-262.939850	-22.122004	6.237033	278.318085	0.163035	0.319715	-0.000039	0.180158	0.340666	0.000005	0.185621	0.192572	0.351335	44.000000	-12.000000	1.180000	21.474504
11.552423	259.358612	-130.472031	-248.254395	-17.840326	5.652315	262.793762	0.163035	0.159886	-0.000039	-0.000016	0.170381	0.000005	0.185698	0.192572	0.175661	44.000000	-8.000000	1.180000	20.876613
10.108370	261.090210	-129.389267	-249.478180	-16.056292	6.042128	262.313599	0.163035	0.319715	0.167517	0.180158	0.340666	0.000005	0.185621	0.192572	0.175661	44.000000	-8.000000	1.180000	20.841268
11.374893	259.286163	-130.111099	-248.254395	-15.699486	5.457409	261.673431	0.163035	0.159886	0.167517	0.180158	0.170381	0.000005	0.185621	0.192572	0.175661	44.000000	-8.000000	1.180000	20.839013
9.749908	257.939697	-129.208801	-248.254395	-17.661921	5.457409	261.193298	0.163035	0.159886	0.335061	-0.000016	0.170381	0.000005	0.185621	0.192572	0.175661	44.000000	-8.000000	1.180000	20.819478
-11.894732	266.477478	-98.169823	-257.170563	-12.666633	6.042128	268.395325	0.163035	0.319715	0.167517	-0.000016	0.170333	0.000005	0.185621	0.192572	0.175661	44.000000	-4.000000	1.180000	21.087116
-11.891622	269.480652	-97.447983	-258.569183	-11.239405	5.847221	269.195526	0.163035	-0.000011	0.167543	-0.000016	0.170381	0.169792	0.185621	0.192572	0.351335	44.000000	-4.000000	1.180000	21.127069
-12.972677	269.288269	-97.447983	-260.317474	-12.309826	6.237033	269.995789	0.163035	-0.000011	0.167543	-0.000016	0.340666	0.000005	0.185621	0.192572	0.175661	44.000000	-4.000000	1.180000	21.143527
-13.156296	269.171112	-99.974419	-260.667114	-14.272262	5.847221	270.635956	0.163035	0.319715	-0.000039	-0.000016	0.170333	0.000005	0.185621	0.192572	0.175661	44.000000	-4.000000	1.180000	21.184769
-42.352455	288.907867	-72.725075	-277.975006	-14.093857	6.237033	288.881073	0.163035	0.159886	-0.000039	-0.000016	0.170381	0.000005	0.185621	0.192572	0.175661	44.000000	0.000000	1.180000	21.887387
-42.521557	289.100220	-72.725075	-278.499481	-13.737051	6.431940	289.681274	0.163035	0.159886	0.167543	-0.000016	0.170381	0.000005	0.185621	0.192572	0.175661	44.000000	0.000000	1.180000	21.910810
-43.073349	290.639008	-75.251503	-281.296692	-16.056292	6.626846	290.481537	0.163035	0.319715	-0.000039	0.180158	0.340666	0.169792	0.185621	0.192572	0.175661	44.000000	0.000000	1.180000	21.934211
-42.893124	289.565765	-71.822777	-281.296692	-13.558649	6.431940	290.961670	0.163035	0.319715	-0.000039	0.180158	0.340666	0.169792	0.185621	0.192572	0.351335	44.000000	0.000000	1.180000	21.960277
-81.799942	306.603973	-41.325165	-294.059082	-16.056292	6.821752	305.365692	0.163035	0.159886	0.167517	-0.000016	0.170381	0.000005	0.185621	0.192572	0.175661	44.000000	4.000000	1.180000	22.494592
-80.358536	305.342773	-42.768837	-295.108032	-17.483521	6.626846	305.845825	0.163035	0.159886	-0.000039	-0.000016	0.170381	0.000005	0.185621	0.192572	0.351335	44.000000	4.000000	1.180000	22.520010
-84.502586	306.219269	-43.310215	-297.031158	-20.873180	7.016659	306.325989	0.163035	0.159886	-0.000039	0.180158	0.170381	0.000005	0.185621	0.192572	0.351335	44.000000	4.000000	1.180000	22.523409
-81.619766	307.373352	-42.227459	-296.331818	-15.877891	7.016659	306.966156	0.163035	0.159886	0.167517	-0.000016	0.170381	0.169792	0.185621	0.192572	0.351335	44.000000	4.000000	1.180000	22.547483
-121.290222	318.618561	-14.256279	-309.793488	-21.408390	6.431940	319.769745	0.000000	0.159855	-0.000039	-0.000016	0.340666	0.000005	0.185621	0.192572	0.175661	44.000000	8.000000	1.180000	23.045195
-120.898155	319.298981	-14.075819	-309.094208	-20.694778	6.821752	320.569977	0.163035	0.159886	-0.000039	-0.000016	0.170381	0.000005	0.185621	0.192572	0.175661	44.000000	8.000000	1.180000	23.060283
-122.551796	321.312195	-14.075819	-311.541779	-20.694778	6.821752	321.370178	0.163035	0.319715	-0.000039	-0.000016	0.170381	0.169792	0.185621	0.192572	0.175661	44.000000	8.000000	1.180000	23.089672
-121.258514	318.041351	-10.105717	-308.569702	-20.337973	6.821752	321.690277	0.163035	-0.000011	-0.000039	-0.000016	0.170381	0.000005	0.185621	0.192572	0.175661	44.000000	8.000000	1.180000	23.101417
-166.346039	330.355133	13.548646	-327.276215	-28.366117	7.016659	334.973999	0.163035	0.319715	0.167517	-0.000016	0.170381	0.000005	0.185621	0.192572	0.175661	44.000000	12.000000	1.180000	23.576681
-167.607590	331.124725	17.522913	-326.227234	-25.333261	7.211564	335.614166	0.163035	0.319715	-0.000039	0.180158	0.340666	0.000005	0.185621	0.192572	0.351335	44.000000	12.000000	1.180000	23.592680
-165.805374	331.894318	13.367997	-325.527924	-28.544519	7.211564	336.254364	0.163035	0.159886	0.167517	-0.000016	0.170381	0.000005	0.185621	0.192572	0.175661	44.000000	12.000000	1.180000	23.615665
-171.347473	331.416962	14.451889	-325.702789	-28.722921	7.211564	336.414429	0.163035	0.159886	0.335061	-0.000016	0.340666	0.000005	0.185621	0.192572	0.175661	44.000000	12.000000	1.180000	23.621408
-201.436890	312.182068	35.226463	-317.311096	-34.967037	7.211564	322.010345	0.163035	0.159886	-0.000039	-0.000016	0.170381	0.000005	0.185621	0.192572	0.175661	44.000000	16.000000	1.180000	23.098858
-199.995468	311.605042	35.407112	-316.436951	-34.253426	7.016659	320.890045	0.163035	0.159886	-0.000039	-0.000016	0.170381	0.000005	0.185621	0.192572	0.351335	44.000000	16.000000	1.180000	23.064882
-199.815292	311.797394	38.478138	-316.611755	-31.755777	6.821752	320.089844	0.163035	0.159886	-0.000039	-0.000016	0.170381	0.000005	0.185621	0.192572	0.351335	44.000000	16.000000	1.180000	23.042632
-195.361969	308.613647	34.503872	-314.164185	-34.788635	6.626846	318.809479	0.163035	0.319715	-0.000039	0.180158	0.340666	0.000005	0.185621	0.192572	0.175661	44.000000	16.000000	1.180000	23.002675
-224.139069	283.329742	51.846127	-306.296967	-43.351990	6.431940	299.764130	0.163035	0.159886	0.167517	-0.000016	0.170381	0.000005	0.185621	0.192572	0.175661	44.000000	20.000000	1.180000	22.297381
-218.971191	281.213928	52.568722	-303.324921	-40.854343	6.626846	298.963898	0.000000	-0.000011	-0.000039	-0.000016	0.340666	0.000005	0.185621	0.192572	0.175661	44.000000	20.000000	1.180000	22.259526
-219.814850	280.059814	52.930019	-302.625580	-41.567963	6.431940	298.483765	0.163035	0.159886	0.167543	-0.000016	0.170381	0.000005	0.185621	0.192572	0.175661	44.000000	20.000000	1.180000	22.248665
-221.133881	280.059814	51.123531	-301.751465	-42.281574	6.431940	297.843597	0.163035	0.159886	0.167543	-0.000016	0.170381	0.000005	0.185621	0.192572	0.175661	44.000000	20.000000	1.180000	22.224267
-238.615540	254.933334	61.962444	-297.380798	-51.201736	6.042128	281.198914	0.163035	0.319715	-0.000039	0.180158	0.340666	0.000005	0.185621	0.192572	0.175661	44.000000	24.000000	1.180000	21.595543
-242.219986	256.593262	58.710770	-298.254944	-53.699383	6.237033	280.238647	0.163035	0.159886	-0.000039	0.180158	0.340666	0.000005	0.185621	0.192572	0.175661	44.000000	24.000000	1.180000	21.550163
-238.435303	253.394104	60.697903	-295.632507	-52.807362	6.042128	279.438416	0.163035	0.319715	-0.000039	0.180158	0.340666	0.169792	0.185621	0.192572	0.351335	44.000000	24.000000	1.180000	21.526346
-239.516647	254.163727	60.697903	-294.408722	-50.488125	6.042128	278.638214	0.163035	0.319715	-0.000039	-0.000016	0.340666	0.000005	0.185621	0.192572	0.175661	44.000000	24.000000	1.180000	21.494820
-259.521423	231.010880	66.298004	-295.632507	-62.797943	5.847221	265.354462	0.163035	0.159886	0.167543	-0.000016	0.170381	0.000005	0.185621	0.192572	0.175661	44.000000	28.000000	1.180000	20.972429
-258.552704	230.626190	66.117355	-294.059082	-61.549126	5.847221	264.714264	0.000000	0.319715	-0.000039	0.180158	0.170381	0.000005	0.185621	0.192572	0.175661	44.000000	28.000000	1.180000	20.946544
-255.669876	229.087387	67.201248	-290.038055	-59.586693	5.847221	264.394196	0.163035	0.159886	0.167517	-0.000016	0.170381	0.169792	0.185621	0.192572	0.351335	44.000000	28.000000	1.180000	20.933590
-257.291473	229.664444	65.936714	-293.184937	-61.192310	5.847221	263.754028	0.000000	0.159886	0.167517	0.180158	0.170381	0.169792	0.185621	0.192572	0.175661	44.000000	28.000000	1.180000	20.907658
-311.425690	229.664444	75.330429	-329.898621	-84.741547	6.237033	281.038879	0.163035	0.159886	-0.000039	-0.000016	0.340666	0.000005	0.185621	0.192572	0.175661	44.000000	32.000000	1.180000	21.581609
-310.885040	230.690613	78.401451	-330.423126	-80.281464	6.237033	281.839081	0.163035	0.159886	-0.000039	-0.000016	0.170381	0.000005	0.185621	0.192572	0.351335	44.000000	32.000000	1.180000	21.613008
-311.704651	231.395584	75.511078	-331.297211	-82.957520	6.237033	282.799347	0.163035	0.159886	0.167517	-0.000016	0.000006	0.000005	0.185621	0.192572	0.175661	44.000000	32.000000	1.180000	21.650628
-314.587463	232.549667	75.872375	-332.695862	-83.671127	6.431940	283.439545	0.163035	0.159886	0.167543	-0.000016	0.170381	0.000005	0.185621	0.192572	0.351335	44.000000	32.000000	1.180000	21.668050
-370.899353	227.996979	83.098320	-374.129852	-109.182800	7.016659	299.764130	0.163035	0.319715	-0.000039	-0.000016	0.340666	0.000005	0.185621	0.192572	0.175661	44.000000	36.000000	1.180000	22.275146
-370.538910	227.996979	84.543503	-374.129852	-107.398758	6.626846	300.404297	0.000000	0.319715	-0.000039	-0.000016	0.340666	0.000005	0.185621	0.192572	0.175661	44.000000	36.000000	1.180000	22.314298
-371.079590	227.612167	84.362854	-370.808136	-106.685150	6.821752	300.724396	0.163035	0.319715	0.167517	-0.000016	0.170381	0.169792	0.185621	0.192572	0.351335	44.000000	36.000000	1.180000	22.319052
-371.980713	228.574203	86.530632	-370.808136	-102.760284	6.626846	301.204529	0.163035	0.319715	-0.000039	-0.000016	0.340666	0.000005	0.185621	0.192572	0.175661	44.000000	36.000000	1.180000	22.344669
-426.408081	216.645218	88.337128	-421.333191	-136.300095	7.016659	314.648285	0.163035	0.159886	-0.000039	-0.000016	0.340666	0.000005	0.185621	0.192572	0.175661	44.000000	40.000000	1.180000	22.834394
-430.012573	219.469955	87.072586	-418.186249	-135.229675	6.821752	315.128418	0.163035	0.159886	-0.000039	-0.000016	0.340666	0.169792	0.185621	0.192572	0.175661	44.000000	40.000000	1.180000	22.859433
-425.867432	218.954071	87.072586	-417.661774	-136.835297	6.821752	315.768616	0.000000	0.319715	-0.000039	-0.000016	0.340666	0.000005	0.185621	0.192572	0.175661	44.000000	40.000000	1.180000	22.883155
-423.524536	220.046982	89.421013	-412.941498	-131.304794	7.016659	316.248749	0.163035	0.319715	-0.000039	-0.000016	0.170333	0.000005	0.185621	0.192572	0.351335	44.000000	40.000000	1.180000	22.893715
-481.971069	203.697357	89.601662	-461.018860	-163.417389	7.601377	328.572205	0.163035	0.159886	0.167517	-0.000016	0.170381	0.169792	0.185621	0.192572	0.175661	44.000000	44.000000	1.180000	23.324201
-479.573944	203.561859	87.433884	-464.165741	-168.234268	7.211564	328.892273	0.163035	0.319715	0.167517	-0.000016	0.170381	0.000005	0.185621	0.385137	0.351335	44.000000	44.000000	1.180000	23.349979
-483.592621	204.908676	86.891930	-463.466431	-167.342255	7.016659	329.372437	0.163035	0.159886	-0.000039	-0.000016	0.170381	0.000005	0.185621	0.192572	0.175661	44.000000	44.000000	1.180000	23.374467
-479.989136	203.946671	86.711281	-466.788177	-169.661499	7.406471	330.012604	0.163035	0.159886	0.167517	-0.000016	0.170381	0.169792	0.185621	0.192572	0.351335	44.000000	44.000000	1.180000	23.383543
